FORM 5.0.0-beta.1 (Jan 15 2026, v5.0.0-beta.1-292-g4341c63)  Run: Thu Mar  5 16:56:48 2026
    #-

   d1l109amp =

       + Den(p4,xiw,M3)^2*Den(q2 + q3,xiw,M3)^3*Den( - p4 + q2 + q3,0,0)^2
       * (
          - 1/4*g_(1,6_,nu9)*g_(2,6_,nu11)*Vec(nu11,q2)*Vec(nu9,q2)*Vec(nu12,
         q2)^2*Vec(nu15,q2)^2*p4.p4*d^-1*xia*xiw^2*ufoGC58^2*ufoGC4^2
          + 1/4*g_(1,6_,nu9)*g_(2,6_,nu11)*Vec(nu11,q2)*Vec(nu9,q2)*Vec(nu12,
         q2)^2*Vec(nu15,q2)^2*p4.p4*d^-1*xiw^2*ufoGC58^2*ufoGC4^2
          - 1/2*g_(1,6_,nu9)*g_(2,6_,nu11)*Vec(nu11,q2)*Vec(nu9,q2)*Vec(nu12,
         q2)^2*Vec(nu15,q2)*Vec(nu15,q3)*p4.p4*d^-1*xia*xiw^2*ufoGC58^2*
         ufoGC4^2
          + 1/2*g_(1,6_,nu9)*g_(2,6_,nu11)*Vec(nu11,q2)*Vec(nu9,q2)*Vec(nu12,
         q2)^2*Vec(nu15,q2)*Vec(nu15,q3)*p4.p4*d^-1*xiw^2*ufoGC58^2*ufoGC4^2
          - 1/4*g_(1,6_,nu9)*g_(2,6_,nu11)*Vec(nu11,q2)*Vec(nu9,q2)*Vec(nu12,
         q2)^2*Vec(nu15,q3)^2*p4.p4*d^-1*xia*xiw^2*ufoGC58^2*ufoGC4^2
          + 1/4*g_(1,6_,nu9)*g_(2,6_,nu11)*Vec(nu11,q2)*Vec(nu9,q2)*Vec(nu12,
         q2)^2*Vec(nu15,q3)^2*p4.p4*d^-1*xiw^2*ufoGC58^2*ufoGC4^2
          - 1/2*g_(1,6_,nu9)*g_(2,6_,nu11)*Vec(nu11,q2)*Vec(nu9,q2)*Vec(nu12,
         q2)*Vec(nu12,q3)*Vec(nu15,q2)^2*p4.p4*d^-1*xia*xiw^2*ufoGC58^2*
         ufoGC4^2
          + 1/2*g_(1,6_,nu9)*g_(2,6_,nu11)*Vec(nu11,q2)*Vec(nu9,q2)*Vec(nu12,
         q2)*Vec(nu12,q3)*Vec(nu15,q2)^2*p4.p4*d^-1*xiw^2*ufoGC58^2*ufoGC4^2
          - g_(1,6_,nu9)*g_(2,6_,nu11)*Vec(nu11,q2)*Vec(nu9,q2)*Vec(nu12,q2)*
         Vec(nu12,q3)*Vec(nu15,q2)*Vec(nu15,q3)*p4.p4*d^-1*xia*xiw^2*ufoGC58^2
         *ufoGC4^2
          + g_(1,6_,nu9)*g_(2,6_,nu11)*Vec(nu11,q2)*Vec(nu9,q2)*Vec(nu12,q2)*
         Vec(nu12,q3)*Vec(nu15,q2)*Vec(nu15,q3)*p4.p4*d^-1*xiw^2*ufoGC58^2*
         ufoGC4^2
          - 1/2*g_(1,6_,nu9)*g_(2,6_,nu11)*Vec(nu11,q2)*Vec(nu9,q2)*Vec(nu12,
         q2)*Vec(nu12,q3)*Vec(nu15,q3)^2*p4.p4*d^-1*xia*xiw^2*ufoGC58^2*
         ufoGC4^2
          + 1/2*g_(1,6_,nu9)*g_(2,6_,nu11)*Vec(nu11,q2)*Vec(nu9,q2)*Vec(nu12,
         q2)*Vec(nu12,q3)*Vec(nu15,q3)^2*p4.p4*d^-1*xiw^2*ufoGC58^2*ufoGC4^2
          - 1/4*g_(1,6_,nu9)*g_(2,6_,nu11)*Vec(nu11,q2)*Vec(nu9,q2)*Vec(nu12,
         q3)^2*Vec(nu15,q2)^2*p4.p4*d^-1*xia*xiw^2*ufoGC58^2*ufoGC4^2
          + 1/4*g_(1,6_,nu9)*g_(2,6_,nu11)*Vec(nu11,q2)*Vec(nu9,q2)*Vec(nu12,
         q3)^2*Vec(nu15,q2)^2*p4.p4*d^-1*xiw^2*ufoGC58^2*ufoGC4^2
          - 1/2*g_(1,6_,nu9)*g_(2,6_,nu11)*Vec(nu11,q2)*Vec(nu9,q2)*Vec(nu12,
         q3)^2*Vec(nu15,q2)*Vec(nu15,q3)*p4.p4*d^-1*xia*xiw^2*ufoGC58^2*
         ufoGC4^2
          + 1/2*g_(1,6_,nu9)*g_(2,6_,nu11)*Vec(nu11,q2)*Vec(nu9,q2)*Vec(nu12,
         q3)^2*Vec(nu15,q2)*Vec(nu15,q3)*p4.p4*d^-1*xiw^2*ufoGC58^2*ufoGC4^2
          - 1/4*g_(1,6_,nu9)*g_(2,6_,nu11)*Vec(nu11,q2)*Vec(nu9,q2)*Vec(nu12,
         q3)^2*Vec(nu15,q3)^2*p4.p4*d^-1*xia*xiw^2*ufoGC58^2*ufoGC4^2
          + 1/4*g_(1,6_,nu9)*g_(2,6_,nu11)*Vec(nu11,q2)*Vec(nu9,q2)*Vec(nu12,
         q3)^2*Vec(nu15,q3)^2*p4.p4*d^-1*xiw^2*ufoGC58^2*ufoGC4^2
          + 1/4*g_(1,6_,nu9)*g_(2,6_,nu11)*Vec(nu11,q2)*Vec(nu9,q2)*Vec(nu13,
         q2)^2*Vec(nu16,q2)^2*p4.p4*d^-1*xia*xiw^2*ufoGC58^2*ufoGC4^2
          - 1/4*g_(1,6_,nu9)*g_(2,6_,nu11)*Vec(nu11,q2)*Vec(nu9,q2)*Vec(nu13,
         q2)^2*Vec(nu16,q2)^2*p4.p4*d^-1*xiw^2*ufoGC58^2*ufoGC4^2
          + 1/2*g_(1,6_,nu9)*g_(2,6_,nu11)*Vec(nu11,q2)*Vec(nu9,q2)*Vec(nu13,
         q2)^2*Vec(nu16,q2)*Vec(nu16,q3)*p4.p4*d^-1*xia*xiw^2*ufoGC58^2*
         ufoGC4^2
          - 1/2*g_(1,6_,nu9)*g_(2,6_,nu11)*Vec(nu11,q2)*Vec(nu9,q2)*Vec(nu13,
         q2)^2*Vec(nu16,q2)*Vec(nu16,q3)*p4.p4*d^-1*xiw^2*ufoGC58^2*ufoGC4^2
          + 1/4*g_(1,6_,nu9)*g_(2,6_,nu11)*Vec(nu11,q2)*Vec(nu9,q2)*Vec(nu13,
         q2)^2*Vec(nu16,q3)^2*p4.p4*d^-1*xia*xiw^2*ufoGC58^2*ufoGC4^2
          - 1/4*g_(1,6_,nu9)*g_(2,6_,nu11)*Vec(nu11,q2)*Vec(nu9,q2)*Vec(nu13,
         q2)^2*Vec(nu16,q3)^2*p4.p4*d^-1*xiw^2*ufoGC58^2*ufoGC4^2
          + 1/2*g_(1,6_,nu9)*g_(2,6_,nu11)*Vec(nu11,q2)*Vec(nu9,q2)*Vec(nu13,
         q2)*Vec(nu13,q3)*Vec(nu16,q2)^2*p4.p4*d^-1*xia*xiw^2*ufoGC58^2*
         ufoGC4^2
          - 1/2*g_(1,6_,nu9)*g_(2,6_,nu11)*Vec(nu11,q2)*Vec(nu9,q2)*Vec(nu13,
         q2)*Vec(nu13,q3)*Vec(nu16,q2)^2*p4.p4*d^-1*xiw^2*ufoGC58^2*ufoGC4^2
          + g_(1,6_,nu9)*g_(2,6_,nu11)*Vec(nu11,q2)*Vec(nu9,q2)*Vec(nu13,q2)*
         Vec(nu13,q3)*Vec(nu16,q2)*Vec(nu16,q3)*p4.p4*d^-1*xia*xiw^2*ufoGC58^2
         *ufoGC4^2
          - g_(1,6_,nu9)*g_(2,6_,nu11)*Vec(nu11,q2)*Vec(nu9,q2)*Vec(nu13,q2)*
         Vec(nu13,q3)*Vec(nu16,q2)*Vec(nu16,q3)*p4.p4*d^-1*xiw^2*ufoGC58^2*
         ufoGC4^2
          + 1/2*g_(1,6_,nu9)*g_(2,6_,nu11)*Vec(nu11,q2)*Vec(nu9,q2)*Vec(nu13,
         q2)*Vec(nu13,q3)*Vec(nu16,q3)^2*p4.p4*d^-1*xia*xiw^2*ufoGC58^2*
         ufoGC4^2
          - 1/2*g_(1,6_,nu9)*g_(2,6_,nu11)*Vec(nu11,q2)*Vec(nu9,q2)*Vec(nu13,
         q2)*Vec(nu13,q3)*Vec(nu16,q3)^2*p4.p4*d^-1*xiw^2*ufoGC58^2*ufoGC4^2
          + 1/4*g_(1,6_,nu9)*g_(2,6_,nu11)*Vec(nu11,q2)*Vec(nu9,q2)*Vec(nu13,
         q3)^2*Vec(nu16,q2)^2*p4.p4*d^-1*xia*xiw^2*ufoGC58^2*ufoGC4^2
          - 1/4*g_(1,6_,nu9)*g_(2,6_,nu11)*Vec(nu11,q2)*Vec(nu9,q2)*Vec(nu13,
         q3)^2*Vec(nu16,q2)^2*p4.p4*d^-1*xiw^2*ufoGC58^2*ufoGC4^2
          + 1/2*g_(1,6_,nu9)*g_(2,6_,nu11)*Vec(nu11,q2)*Vec(nu9,q2)*Vec(nu13,
         q3)^2*Vec(nu16,q2)*Vec(nu16,q3)*p4.p4*d^-1*xia*xiw^2*ufoGC58^2*
         ufoGC4^2
          - 1/2*g_(1,6_,nu9)*g_(2,6_,nu11)*Vec(nu11,q2)*Vec(nu9,q2)*Vec(nu13,
         q3)^2*Vec(nu16,q2)*Vec(nu16,q3)*p4.p4*d^-1*xiw^2*ufoGC58^2*ufoGC4^2
          + 1/4*g_(1,6_,nu9)*g_(2,6_,nu11)*Vec(nu11,q2)*Vec(nu9,q2)*Vec(nu13,
         q3)^2*Vec(nu16,q3)^2*p4.p4*d^-1*xia*xiw^2*ufoGC58^2*ufoGC4^2
          - 1/4*g_(1,6_,nu9)*g_(2,6_,nu11)*Vec(nu11,q2)*Vec(nu9,q2)*Vec(nu13,
         q3)^2*Vec(nu16,q3)^2*p4.p4*d^-1*xiw^2*ufoGC58^2*ufoGC4^2
          - 1/4*g_(1,6_,nu9)*g_(2,6_,nu11)*Vec(nu11,q2)*Vec(nu9,q3)*Vec(nu12,
         q2)^2*Vec(nu15,q2)^2*p4.p4*d^-1*xia*xiw^2*ufoGC58^2*ufoGC4^2
          + 1/4*g_(1,6_,nu9)*g_(2,6_,nu11)*Vec(nu11,q2)*Vec(nu9,q3)*Vec(nu12,
         q2)^2*Vec(nu15,q2)^2*p4.p4*d^-1*xiw^2*ufoGC58^2*ufoGC4^2
          - 1/2*g_(1,6_,nu9)*g_(2,6_,nu11)*Vec(nu11,q2)*Vec(nu9,q3)*Vec(nu12,
         q2)^2*Vec(nu15,q2)*Vec(nu15,q3)*p4.p4*d^-1*xia*xiw^2*ufoGC58^2*
         ufoGC4^2
          + 1/2*g_(1,6_,nu9)*g_(2,6_,nu11)*Vec(nu11,q2)*Vec(nu9,q3)*Vec(nu12,
         q2)^2*Vec(nu15,q2)*Vec(nu15,q3)*p4.p4*d^-1*xiw^2*ufoGC58^2*ufoGC4^2
          - 1/4*g_(1,6_,nu9)*g_(2,6_,nu11)*Vec(nu11,q2)*Vec(nu9,q3)*Vec(nu12,
         q2)^2*Vec(nu15,q3)^2*p4.p4*d^-1*xia*xiw^2*ufoGC58^2*ufoGC4^2
          + 1/4*g_(1,6_,nu9)*g_(2,6_,nu11)*Vec(nu11,q2)*Vec(nu9,q3)*Vec(nu12,
         q2)^2*Vec(nu15,q3)^2*p4.p4*d^-1*xiw^2*ufoGC58^2*ufoGC4^2
          - 1/2*g_(1,6_,nu9)*g_(2,6_,nu11)*Vec(nu11,q2)*Vec(nu9,q3)*Vec(nu12,
         q2)*Vec(nu12,q3)*Vec(nu15,q2)^2*p4.p4*d^-1*xia*xiw^2*ufoGC58^2*
         ufoGC4^2
          + 1/2*g_(1,6_,nu9)*g_(2,6_,nu11)*Vec(nu11,q2)*Vec(nu9,q3)*Vec(nu12,
         q2)*Vec(nu12,q3)*Vec(nu15,q2)^2*p4.p4*d^-1*xiw^2*ufoGC58^2*ufoGC4^2
          - g_(1,6_,nu9)*g_(2,6_,nu11)*Vec(nu11,q2)*Vec(nu9,q3)*Vec(nu12,q2)*
         Vec(nu12,q3)*Vec(nu15,q2)*Vec(nu15,q3)*p4.p4*d^-1*xia*xiw^2*ufoGC58^2
         *ufoGC4^2
          + g_(1,6_,nu9)*g_(2,6_,nu11)*Vec(nu11,q2)*Vec(nu9,q3)*Vec(nu12,q2)*
         Vec(nu12,q3)*Vec(nu15,q2)*Vec(nu15,q3)*p4.p4*d^-1*xiw^2*ufoGC58^2*
         ufoGC4^2
          - 1/2*g_(1,6_,nu9)*g_(2,6_,nu11)*Vec(nu11,q2)*Vec(nu9,q3)*Vec(nu12,
         q2)*Vec(nu12,q3)*Vec(nu15,q3)^2*p4.p4*d^-1*xia*xiw^2*ufoGC58^2*
         ufoGC4^2
          + 1/2*g_(1,6_,nu9)*g_(2,6_,nu11)*Vec(nu11,q2)*Vec(nu9,q3)*Vec(nu12,
         q2)*Vec(nu12,q3)*Vec(nu15,q3)^2*p4.p4*d^-1*xiw^2*ufoGC58^2*ufoGC4^2
          - 1/4*g_(1,6_,nu9)*g_(2,6_,nu11)*Vec(nu11,q2)*Vec(nu9,q3)*Vec(nu12,
         q3)^2*Vec(nu15,q2)^2*p4.p4*d^-1*xia*xiw^2*ufoGC58^2*ufoGC4^2
          + 1/4*g_(1,6_,nu9)*g_(2,6_,nu11)*Vec(nu11,q2)*Vec(nu9,q3)*Vec(nu12,
         q3)^2*Vec(nu15,q2)^2*p4.p4*d^-1*xiw^2*ufoGC58^2*ufoGC4^2
          - 1/2*g_(1,6_,nu9)*g_(2,6_,nu11)*Vec(nu11,q2)*Vec(nu9,q3)*Vec(nu12,
         q3)^2*Vec(nu15,q2)*Vec(nu15,q3)*p4.p4*d^-1*xia*xiw^2*ufoGC58^2*
         ufoGC4^2
          + 1/2*g_(1,6_,nu9)*g_(2,6_,nu11)*Vec(nu11,q2)*Vec(nu9,q3)*Vec(nu12,
         q3)^2*Vec(nu15,q2)*Vec(nu15,q3)*p4.p4*d^-1*xiw^2*ufoGC58^2*ufoGC4^2
          - 1/4*g_(1,6_,nu9)*g_(2,6_,nu11)*Vec(nu11,q2)*Vec(nu9,q3)*Vec(nu12,
         q3)^2*Vec(nu15,q3)^2*p4.p4*d^-1*xia*xiw^2*ufoGC58^2*ufoGC4^2
          + 1/4*g_(1,6_,nu9)*g_(2,6_,nu11)*Vec(nu11,q2)*Vec(nu9,q3)*Vec(nu12,
         q3)^2*Vec(nu15,q3)^2*p4.p4*d^-1*xiw^2*ufoGC58^2*ufoGC4^2
          + 1/4*g_(1,6_,nu9)*g_(2,6_,nu11)*Vec(nu11,q2)*Vec(nu9,q3)*Vec(nu13,
         q2)^2*Vec(nu16,q2)^2*p4.p4*d^-1*xia*xiw^2*ufoGC58^2*ufoGC4^2
          - 1/4*g_(1,6_,nu9)*g_(2,6_,nu11)*Vec(nu11,q2)*Vec(nu9,q3)*Vec(nu13,
         q2)^2*Vec(nu16,q2)^2*p4.p4*d^-1*xiw^2*ufoGC58^2*ufoGC4^2
          + 1/2*g_(1,6_,nu9)*g_(2,6_,nu11)*Vec(nu11,q2)*Vec(nu9,q3)*Vec(nu13,
         q2)^2*Vec(nu16,q2)*Vec(nu16,q3)*p4.p4*d^-1*xia*xiw^2*ufoGC58^2*
         ufoGC4^2
          - 1/2*g_(1,6_,nu9)*g_(2,6_,nu11)*Vec(nu11,q2)*Vec(nu9,q3)*Vec(nu13,
         q2)^2*Vec(nu16,q2)*Vec(nu16,q3)*p4.p4*d^-1*xiw^2*ufoGC58^2*ufoGC4^2
          + 1/4*g_(1,6_,nu9)*g_(2,6_,nu11)*Vec(nu11,q2)*Vec(nu9,q3)*Vec(nu13,
         q2)^2*Vec(nu16,q3)^2*p4.p4*d^-1*xia*xiw^2*ufoGC58^2*ufoGC4^2
          - 1/4*g_(1,6_,nu9)*g_(2,6_,nu11)*Vec(nu11,q2)*Vec(nu9,q3)*Vec(nu13,
         q2)^2*Vec(nu16,q3)^2*p4.p4*d^-1*xiw^2*ufoGC58^2*ufoGC4^2
          + 1/2*g_(1,6_,nu9)*g_(2,6_,nu11)*Vec(nu11,q2)*Vec(nu9,q3)*Vec(nu13,
         q2)*Vec(nu13,q3)*Vec(nu16,q2)^2*p4.p4*d^-1*xia*xiw^2*ufoGC58^2*
         ufoGC4^2
          - 1/2*g_(1,6_,nu9)*g_(2,6_,nu11)*Vec(nu11,q2)*Vec(nu9,q3)*Vec(nu13,
         q2)*Vec(nu13,q3)*Vec(nu16,q2)^2*p4.p4*d^-1*xiw^2*ufoGC58^2*ufoGC4^2
          + g_(1,6_,nu9)*g_(2,6_,nu11)*Vec(nu11,q2)*Vec(nu9,q3)*Vec(nu13,q2)*
         Vec(nu13,q3)*Vec(nu16,q2)*Vec(nu16,q3)*p4.p4*d^-1*xia*xiw^2*ufoGC58^2
         *ufoGC4^2
          - g_(1,6_,nu9)*g_(2,6_,nu11)*Vec(nu11,q2)*Vec(nu9,q3)*Vec(nu13,q2)*
         Vec(nu13,q3)*Vec(nu16,q2)*Vec(nu16,q3)*p4.p4*d^-1*xiw^2*ufoGC58^2*
         ufoGC4^2
          + 1/2*g_(1,6_,nu9)*g_(2,6_,nu11)*Vec(nu11,q2)*Vec(nu9,q3)*Vec(nu13,
         q2)*Vec(nu13,q3)*Vec(nu16,q3)^2*p4.p4*d^-1*xia*xiw^2*ufoGC58^2*
         ufoGC4^2
          - 1/2*g_(1,6_,nu9)*g_(2,6_,nu11)*Vec(nu11,q2)*Vec(nu9,q3)*Vec(nu13,
         q2)*Vec(nu13,q3)*Vec(nu16,q3)^2*p4.p4*d^-1*xiw^2*ufoGC58^2*ufoGC4^2
          + 1/4*g_(1,6_,nu9)*g_(2,6_,nu11)*Vec(nu11,q2)*Vec(nu9,q3)*Vec(nu13,
         q3)^2*Vec(nu16,q2)^2*p4.p4*d^-1*xia*xiw^2*ufoGC58^2*ufoGC4^2
          - 1/4*g_(1,6_,nu9)*g_(2,6_,nu11)*Vec(nu11,q2)*Vec(nu9,q3)*Vec(nu13,
         q3)^2*Vec(nu16,q2)^2*p4.p4*d^-1*xiw^2*ufoGC58^2*ufoGC4^2
          + 1/2*g_(1,6_,nu9)*g_(2,6_,nu11)*Vec(nu11,q2)*Vec(nu9,q3)*Vec(nu13,
         q3)^2*Vec(nu16,q2)*Vec(nu16,q3)*p4.p4*d^-1*xia*xiw^2*ufoGC58^2*
         ufoGC4^2
          - 1/2*g_(1,6_,nu9)*g_(2,6_,nu11)*Vec(nu11,q2)*Vec(nu9,q3)*Vec(nu13,
         q3)^2*Vec(nu16,q2)*Vec(nu16,q3)*p4.p4*d^-1*xiw^2*ufoGC58^2*ufoGC4^2
          + 1/4*g_(1,6_,nu9)*g_(2,6_,nu11)*Vec(nu11,q2)*Vec(nu9,q3)*Vec(nu13,
         q3)^2*Vec(nu16,q3)^2*p4.p4*d^-1*xia*xiw^2*ufoGC58^2*ufoGC4^2
          - 1/4*g_(1,6_,nu9)*g_(2,6_,nu11)*Vec(nu11,q2)*Vec(nu9,q3)*Vec(nu13,
         q3)^2*Vec(nu16,q3)^2*p4.p4*d^-1*xiw^2*ufoGC58^2*ufoGC4^2
          - 1/4*g_(1,6_,nu9)*g_(2,6_,nu11)*Vec(nu11,q3)*Vec(nu9,q2)*Vec(nu12,
         q2)^2*Vec(nu15,q2)^2*p4.p4*d^-1*xia*xiw^2*ufoGC58^2*ufoGC4^2
          + 1/4*g_(1,6_,nu9)*g_(2,6_,nu11)*Vec(nu11,q3)*Vec(nu9,q2)*Vec(nu12,
         q2)^2*Vec(nu15,q2)^2*p4.p4*d^-1*xiw^2*ufoGC58^2*ufoGC4^2
          - 1/2*g_(1,6_,nu9)*g_(2,6_,nu11)*Vec(nu11,q3)*Vec(nu9,q2)*Vec(nu12,
         q2)^2*Vec(nu15,q2)*Vec(nu15,q3)*p4.p4*d^-1*xia*xiw^2*ufoGC58^2*
         ufoGC4^2
          + 1/2*g_(1,6_,nu9)*g_(2,6_,nu11)*Vec(nu11,q3)*Vec(nu9,q2)*Vec(nu12,
         q2)^2*Vec(nu15,q2)*Vec(nu15,q3)*p4.p4*d^-1*xiw^2*ufoGC58^2*ufoGC4^2
          - 1/4*g_(1,6_,nu9)*g_(2,6_,nu11)*Vec(nu11,q3)*Vec(nu9,q2)*Vec(nu12,
         q2)^2*Vec(nu15,q3)^2*p4.p4*d^-1*xia*xiw^2*ufoGC58^2*ufoGC4^2
          + 1/4*g_(1,6_,nu9)*g_(2,6_,nu11)*Vec(nu11,q3)*Vec(nu9,q2)*Vec(nu12,
         q2)^2*Vec(nu15,q3)^2*p4.p4*d^-1*xiw^2*ufoGC58^2*ufoGC4^2
          - 1/2*g_(1,6_,nu9)*g_(2,6_,nu11)*Vec(nu11,q3)*Vec(nu9,q2)*Vec(nu12,
         q2)*Vec(nu12,q3)*Vec(nu15,q2)^2*p4.p4*d^-1*xia*xiw^2*ufoGC58^2*
         ufoGC4^2
          + 1/2*g_(1,6_,nu9)*g_(2,6_,nu11)*Vec(nu11,q3)*Vec(nu9,q2)*Vec(nu12,
         q2)*Vec(nu12,q3)*Vec(nu15,q2)^2*p4.p4*d^-1*xiw^2*ufoGC58^2*ufoGC4^2
          - g_(1,6_,nu9)*g_(2,6_,nu11)*Vec(nu11,q3)*Vec(nu9,q2)*Vec(nu12,q2)*
         Vec(nu12,q3)*Vec(nu15,q2)*Vec(nu15,q3)*p4.p4*d^-1*xia*xiw^2*ufoGC58^2
         *ufoGC4^2
          + g_(1,6_,nu9)*g_(2,6_,nu11)*Vec(nu11,q3)*Vec(nu9,q2)*Vec(nu12,q2)*
         Vec(nu12,q3)*Vec(nu15,q2)*Vec(nu15,q3)*p4.p4*d^-1*xiw^2*ufoGC58^2*
         ufoGC4^2
          - 1/2*g_(1,6_,nu9)*g_(2,6_,nu11)*Vec(nu11,q3)*Vec(nu9,q2)*Vec(nu12,
         q2)*Vec(nu12,q3)*Vec(nu15,q3)^2*p4.p4*d^-1*xia*xiw^2*ufoGC58^2*
         ufoGC4^2
          + 1/2*g_(1,6_,nu9)*g_(2,6_,nu11)*Vec(nu11,q3)*Vec(nu9,q2)*Vec(nu12,
         q2)*Vec(nu12,q3)*Vec(nu15,q3)^2*p4.p4*d^-1*xiw^2*ufoGC58^2*ufoGC4^2
          - 1/4*g_(1,6_,nu9)*g_(2,6_,nu11)*Vec(nu11,q3)*Vec(nu9,q2)*Vec(nu12,
         q3)^2*Vec(nu15,q2)^2*p4.p4*d^-1*xia*xiw^2*ufoGC58^2*ufoGC4^2
          + 1/4*g_(1,6_,nu9)*g_(2,6_,nu11)*Vec(nu11,q3)*Vec(nu9,q2)*Vec(nu12,
         q3)^2*Vec(nu15,q2)^2*p4.p4*d^-1*xiw^2*ufoGC58^2*ufoGC4^2
          - 1/2*g_(1,6_,nu9)*g_(2,6_,nu11)*Vec(nu11,q3)*Vec(nu9,q2)*Vec(nu12,
         q3)^2*Vec(nu15,q2)*Vec(nu15,q3)*p4.p4*d^-1*xia*xiw^2*ufoGC58^2*
         ufoGC4^2
          + 1/2*g_(1,6_,nu9)*g_(2,6_,nu11)*Vec(nu11,q3)*Vec(nu9,q2)*Vec(nu12,
         q3)^2*Vec(nu15,q2)*Vec(nu15,q3)*p4.p4*d^-1*xiw^2*ufoGC58^2*ufoGC4^2
          - 1/4*g_(1,6_,nu9)*g_(2,6_,nu11)*Vec(nu11,q3)*Vec(nu9,q2)*Vec(nu12,
         q3)^2*Vec(nu15,q3)^2*p4.p4*d^-1*xia*xiw^2*ufoGC58^2*ufoGC4^2
          + 1/4*g_(1,6_,nu9)*g_(2,6_,nu11)*Vec(nu11,q3)*Vec(nu9,q2)*Vec(nu12,
         q3)^2*Vec(nu15,q3)^2*p4.p4*d^-1*xiw^2*ufoGC58^2*ufoGC4^2
          + 1/4*g_(1,6_,nu9)*g_(2,6_,nu11)*Vec(nu11,q3)*Vec(nu9,q2)*Vec(nu13,
         q2)^2*Vec(nu16,q2)^2*p4.p4*d^-1*xia*xiw^2*ufoGC58^2*ufoGC4^2
          - 1/4*g_(1,6_,nu9)*g_(2,6_,nu11)*Vec(nu11,q3)*Vec(nu9,q2)*Vec(nu13,
         q2)^2*Vec(nu16,q2)^2*p4.p4*d^-1*xiw^2*ufoGC58^2*ufoGC4^2
          + 1/2*g_(1,6_,nu9)*g_(2,6_,nu11)*Vec(nu11,q3)*Vec(nu9,q2)*Vec(nu13,
         q2)^2*Vec(nu16,q2)*Vec(nu16,q3)*p4.p4*d^-1*xia*xiw^2*ufoGC58^2*
         ufoGC4^2
          - 1/2*g_(1,6_,nu9)*g_(2,6_,nu11)*Vec(nu11,q3)*Vec(nu9,q2)*Vec(nu13,
         q2)^2*Vec(nu16,q2)*Vec(nu16,q3)*p4.p4*d^-1*xiw^2*ufoGC58^2*ufoGC4^2
          + 1/4*g_(1,6_,nu9)*g_(2,6_,nu11)*Vec(nu11,q3)*Vec(nu9,q2)*Vec(nu13,
         q2)^2*Vec(nu16,q3)^2*p4.p4*d^-1*xia*xiw^2*ufoGC58^2*ufoGC4^2
          - 1/4*g_(1,6_,nu9)*g_(2,6_,nu11)*Vec(nu11,q3)*Vec(nu9,q2)*Vec(nu13,
         q2)^2*Vec(nu16,q3)^2*p4.p4*d^-1*xiw^2*ufoGC58^2*ufoGC4^2
          + 1/2*g_(1,6_,nu9)*g_(2,6_,nu11)*Vec(nu11,q3)*Vec(nu9,q2)*Vec(nu13,
         q2)*Vec(nu13,q3)*Vec(nu16,q2)^2*p4.p4*d^-1*xia*xiw^2*ufoGC58^2*
         ufoGC4^2
          - 1/2*g_(1,6_,nu9)*g_(2,6_,nu11)*Vec(nu11,q3)*Vec(nu9,q2)*Vec(nu13,
         q2)*Vec(nu13,q3)*Vec(nu16,q2)^2*p4.p4*d^-1*xiw^2*ufoGC58^2*ufoGC4^2
          + g_(1,6_,nu9)*g_(2,6_,nu11)*Vec(nu11,q3)*Vec(nu9,q2)*Vec(nu13,q2)*
         Vec(nu13,q3)*Vec(nu16,q2)*Vec(nu16,q3)*p4.p4*d^-1*xia*xiw^2*ufoGC58^2
         *ufoGC4^2
          - g_(1,6_,nu9)*g_(2,6_,nu11)*Vec(nu11,q3)*Vec(nu9,q2)*Vec(nu13,q2)*
         Vec(nu13,q3)*Vec(nu16,q2)*Vec(nu16,q3)*p4.p4*d^-1*xiw^2*ufoGC58^2*
         ufoGC4^2
          + 1/2*g_(1,6_,nu9)*g_(2,6_,nu11)*Vec(nu11,q3)*Vec(nu9,q2)*Vec(nu13,
         q2)*Vec(nu13,q3)*Vec(nu16,q3)^2*p4.p4*d^-1*xia*xiw^2*ufoGC58^2*
         ufoGC4^2
          - 1/2*g_(1,6_,nu9)*g_(2,6_,nu11)*Vec(nu11,q3)*Vec(nu9,q2)*Vec(nu13,
         q2)*Vec(nu13,q3)*Vec(nu16,q3)^2*p4.p4*d^-1*xiw^2*ufoGC58^2*ufoGC4^2
          + 1/4*g_(1,6_,nu9)*g_(2,6_,nu11)*Vec(nu11,q3)*Vec(nu9,q2)*Vec(nu13,
         q3)^2*Vec(nu16,q2)^2*p4.p4*d^-1*xia*xiw^2*ufoGC58^2*ufoGC4^2
          - 1/4*g_(1,6_,nu9)*g_(2,6_,nu11)*Vec(nu11,q3)*Vec(nu9,q2)*Vec(nu13,
         q3)^2*Vec(nu16,q2)^2*p4.p4*d^-1*xiw^2*ufoGC58^2*ufoGC4^2
          + 1/2*g_(1,6_,nu9)*g_(2,6_,nu11)*Vec(nu11,q3)*Vec(nu9,q2)*Vec(nu13,
         q3)^2*Vec(nu16,q2)*Vec(nu16,q3)*p4.p4*d^-1*xia*xiw^2*ufoGC58^2*
         ufoGC4^2
          - 1/2*g_(1,6_,nu9)*g_(2,6_,nu11)*Vec(nu11,q3)*Vec(nu9,q2)*Vec(nu13,
         q3)^2*Vec(nu16,q2)*Vec(nu16,q3)*p4.p4*d^-1*xiw^2*ufoGC58^2*ufoGC4^2
          + 1/4*g_(1,6_,nu9)*g_(2,6_,nu11)*Vec(nu11,q3)*Vec(nu9,q2)*Vec(nu13,
         q3)^2*Vec(nu16,q3)^2*p4.p4*d^-1*xia*xiw^2*ufoGC58^2*ufoGC4^2
          - 1/4*g_(1,6_,nu9)*g_(2,6_,nu11)*Vec(nu11,q3)*Vec(nu9,q2)*Vec(nu13,
         q3)^2*Vec(nu16,q3)^2*p4.p4*d^-1*xiw^2*ufoGC58^2*ufoGC4^2
          - 1/4*g_(1,6_,nu9)*g_(2,6_,nu11)*Vec(nu11,q3)*Vec(nu9,q3)*Vec(nu12,
         q2)^2*Vec(nu15,q2)^2*p4.p4*d^-1*xia*xiw^2*ufoGC58^2*ufoGC4^2
          + 1/4*g_(1,6_,nu9)*g_(2,6_,nu11)*Vec(nu11,q3)*Vec(nu9,q3)*Vec(nu12,
         q2)^2*Vec(nu15,q2)^2*p4.p4*d^-1*xiw^2*ufoGC58^2*ufoGC4^2
          - 1/2*g_(1,6_,nu9)*g_(2,6_,nu11)*Vec(nu11,q3)*Vec(nu9,q3)*Vec(nu12,
         q2)^2*Vec(nu15,q2)*Vec(nu15,q3)*p4.p4*d^-1*xia*xiw^2*ufoGC58^2*
         ufoGC4^2
          + 1/2*g_(1,6_,nu9)*g_(2,6_,nu11)*Vec(nu11,q3)*Vec(nu9,q3)*Vec(nu12,
         q2)^2*Vec(nu15,q2)*Vec(nu15,q3)*p4.p4*d^-1*xiw^2*ufoGC58^2*ufoGC4^2
          - 1/4*g_(1,6_,nu9)*g_(2,6_,nu11)*Vec(nu11,q3)*Vec(nu9,q3)*Vec(nu12,
         q2)^2*Vec(nu15,q3)^2*p4.p4*d^-1*xia*xiw^2*ufoGC58^2*ufoGC4^2
          + 1/4*g_(1,6_,nu9)*g_(2,6_,nu11)*Vec(nu11,q3)*Vec(nu9,q3)*Vec(nu12,
         q2)^2*Vec(nu15,q3)^2*p4.p4*d^-1*xiw^2*ufoGC58^2*ufoGC4^2
          - 1/2*g_(1,6_,nu9)*g_(2,6_,nu11)*Vec(nu11,q3)*Vec(nu9,q3)*Vec(nu12,
         q2)*Vec(nu12,q3)*Vec(nu15,q2)^2*p4.p4*d^-1*xia*xiw^2*ufoGC58^2*
         ufoGC4^2
          + 1/2*g_(1,6_,nu9)*g_(2,6_,nu11)*Vec(nu11,q3)*Vec(nu9,q3)*Vec(nu12,
         q2)*Vec(nu12,q3)*Vec(nu15,q2)^2*p4.p4*d^-1*xiw^2*ufoGC58^2*ufoGC4^2
          - g_(1,6_,nu9)*g_(2,6_,nu11)*Vec(nu11,q3)*Vec(nu9,q3)*Vec(nu12,q2)*
         Vec(nu12,q3)*Vec(nu15,q2)*Vec(nu15,q3)*p4.p4*d^-1*xia*xiw^2*ufoGC58^2
         *ufoGC4^2
          + g_(1,6_,nu9)*g_(2,6_,nu11)*Vec(nu11,q3)*Vec(nu9,q3)*Vec(nu12,q2)*
         Vec(nu12,q3)*Vec(nu15,q2)*Vec(nu15,q3)*p4.p4*d^-1*xiw^2*ufoGC58^2*
         ufoGC4^2
          - 1/2*g_(1,6_,nu9)*g_(2,6_,nu11)*Vec(nu11,q3)*Vec(nu9,q3)*Vec(nu12,
         q2)*Vec(nu12,q3)*Vec(nu15,q3)^2*p4.p4*d^-1*xia*xiw^2*ufoGC58^2*
         ufoGC4^2
          + 1/2*g_(1,6_,nu9)*g_(2,6_,nu11)*Vec(nu11,q3)*Vec(nu9,q3)*Vec(nu12,
         q2)*Vec(nu12,q3)*Vec(nu15,q3)^2*p4.p4*d^-1*xiw^2*ufoGC58^2*ufoGC4^2
          - 1/4*g_(1,6_,nu9)*g_(2,6_,nu11)*Vec(nu11,q3)*Vec(nu9,q3)*Vec(nu12,
         q3)^2*Vec(nu15,q2)^2*p4.p4*d^-1*xia*xiw^2*ufoGC58^2*ufoGC4^2
          + 1/4*g_(1,6_,nu9)*g_(2,6_,nu11)*Vec(nu11,q3)*Vec(nu9,q3)*Vec(nu12,
         q3)^2*Vec(nu15,q2)^2*p4.p4*d^-1*xiw^2*ufoGC58^2*ufoGC4^2
          - 1/2*g_(1,6_,nu9)*g_(2,6_,nu11)*Vec(nu11,q3)*Vec(nu9,q3)*Vec(nu12,
         q3)^2*Vec(nu15,q2)*Vec(nu15,q3)*p4.p4*d^-1*xia*xiw^2*ufoGC58^2*
         ufoGC4^2
          + 1/2*g_(1,6_,nu9)*g_(2,6_,nu11)*Vec(nu11,q3)*Vec(nu9,q3)*Vec(nu12,
         q3)^2*Vec(nu15,q2)*Vec(nu15,q3)*p4.p4*d^-1*xiw^2*ufoGC58^2*ufoGC4^2
          - 1/4*g_(1,6_,nu9)*g_(2,6_,nu11)*Vec(nu11,q3)*Vec(nu9,q3)*Vec(nu12,
         q3)^2*Vec(nu15,q3)^2*p4.p4*d^-1*xia*xiw^2*ufoGC58^2*ufoGC4^2
          + 1/4*g_(1,6_,nu9)*g_(2,6_,nu11)*Vec(nu11,q3)*Vec(nu9,q3)*Vec(nu12,
         q3)^2*Vec(nu15,q3)^2*p4.p4*d^-1*xiw^2*ufoGC58^2*ufoGC4^2
          + 1/4*g_(1,6_,nu9)*g_(2,6_,nu11)*Vec(nu11,q3)*Vec(nu9,q3)*Vec(nu13,
         q2)^2*Vec(nu16,q2)^2*p4.p4*d^-1*xia*xiw^2*ufoGC58^2*ufoGC4^2
          - 1/4*g_(1,6_,nu9)*g_(2,6_,nu11)*Vec(nu11,q3)*Vec(nu9,q3)*Vec(nu13,
         q2)^2*Vec(nu16,q2)^2*p4.p4*d^-1*xiw^2*ufoGC58^2*ufoGC4^2
          + 1/2*g_(1,6_,nu9)*g_(2,6_,nu11)*Vec(nu11,q3)*Vec(nu9,q3)*Vec(nu13,
         q2)^2*Vec(nu16,q2)*Vec(nu16,q3)*p4.p4*d^-1*xia*xiw^2*ufoGC58^2*
         ufoGC4^2
          - 1/2*g_(1,6_,nu9)*g_(2,6_,nu11)*Vec(nu11,q3)*Vec(nu9,q3)*Vec(nu13,
         q2)^2*Vec(nu16,q2)*Vec(nu16,q3)*p4.p4*d^-1*xiw^2*ufoGC58^2*ufoGC4^2
          + 1/4*g_(1,6_,nu9)*g_(2,6_,nu11)*Vec(nu11,q3)*Vec(nu9,q3)*Vec(nu13,
         q2)^2*Vec(nu16,q3)^2*p4.p4*d^-1*xia*xiw^2*ufoGC58^2*ufoGC4^2
          - 1/4*g_(1,6_,nu9)*g_(2,6_,nu11)*Vec(nu11,q3)*Vec(nu9,q3)*Vec(nu13,
         q2)^2*Vec(nu16,q3)^2*p4.p4*d^-1*xiw^2*ufoGC58^2*ufoGC4^2
          + 1/2*g_(1,6_,nu9)*g_(2,6_,nu11)*Vec(nu11,q3)*Vec(nu9,q3)*Vec(nu13,
         q2)*Vec(nu13,q3)*Vec(nu16,q2)^2*p4.p4*d^-1*xia*xiw^2*ufoGC58^2*
         ufoGC4^2
          - 1/2*g_(1,6_,nu9)*g_(2,6_,nu11)*Vec(nu11,q3)*Vec(nu9,q3)*Vec(nu13,
         q2)*Vec(nu13,q3)*Vec(nu16,q2)^2*p4.p4*d^-1*xiw^2*ufoGC58^2*ufoGC4^2
          + g_(1,6_,nu9)*g_(2,6_,nu11)*Vec(nu11,q3)*Vec(nu9,q3)*Vec(nu13,q2)*
         Vec(nu13,q3)*Vec(nu16,q2)*Vec(nu16,q3)*p4.p4*d^-1*xia*xiw^2*ufoGC58^2
         *ufoGC4^2
          - g_(1,6_,nu9)*g_(2,6_,nu11)*Vec(nu11,q3)*Vec(nu9,q3)*Vec(nu13,q2)*
         Vec(nu13,q3)*Vec(nu16,q2)*Vec(nu16,q3)*p4.p4*d^-1*xiw^2*ufoGC58^2*
         ufoGC4^2
          + 1/2*g_(1,6_,nu9)*g_(2,6_,nu11)*Vec(nu11,q3)*Vec(nu9,q3)*Vec(nu13,
         q2)*Vec(nu13,q3)*Vec(nu16,q3)^2*p4.p4*d^-1*xia*xiw^2*ufoGC58^2*
         ufoGC4^2
          - 1/2*g_(1,6_,nu9)*g_(2,6_,nu11)*Vec(nu11,q3)*Vec(nu9,q3)*Vec(nu13,
         q2)*Vec(nu13,q3)*Vec(nu16,q3)^2*p4.p4*d^-1*xiw^2*ufoGC58^2*ufoGC4^2
          + 1/4*g_(1,6_,nu9)*g_(2,6_,nu11)*Vec(nu11,q3)*Vec(nu9,q3)*Vec(nu13,
         q3)^2*Vec(nu16,q2)^2*p4.p4*d^-1*xia*xiw^2*ufoGC58^2*ufoGC4^2
          - 1/4*g_(1,6_,nu9)*g_(2,6_,nu11)*Vec(nu11,q3)*Vec(nu9,q3)*Vec(nu13,
         q3)^2*Vec(nu16,q2)^2*p4.p4*d^-1*xiw^2*ufoGC58^2*ufoGC4^2
          + 1/2*g_(1,6_,nu9)*g_(2,6_,nu11)*Vec(nu11,q3)*Vec(nu9,q3)*Vec(nu13,
         q3)^2*Vec(nu16,q2)*Vec(nu16,q3)*p4.p4*d^-1*xia*xiw^2*ufoGC58^2*
         ufoGC4^2
          - 1/2*g_(1,6_,nu9)*g_(2,6_,nu11)*Vec(nu11,q3)*Vec(nu9,q3)*Vec(nu13,
         q3)^2*Vec(nu16,q2)*Vec(nu16,q3)*p4.p4*d^-1*xiw^2*ufoGC58^2*ufoGC4^2
          + 1/4*g_(1,6_,nu9)*g_(2,6_,nu11)*Vec(nu11,q3)*Vec(nu9,q3)*Vec(nu13,
         q3)^2*Vec(nu16,q3)^2*p4.p4*d^-1*xia*xiw^2*ufoGC58^2*ufoGC4^2
          - 1/4*g_(1,6_,nu9)*g_(2,6_,nu11)*Vec(nu11,q3)*Vec(nu9,q3)*Vec(nu13,
         q3)^2*Vec(nu16,q3)^2*p4.p4*d^-1*xiw^2*ufoGC58^2*ufoGC4^2
          - 1/4*g_(1,6_,nu12)*g_(2,6_,nu11)*Vec(nu11,q2)*Vec(nu12,q2)*Vec(nu13
         ,q2)^2*p4.p4^2*d^-1*xia*xiw^2*ufoGC58^2*ufoGC4^2
          + 1/4*g_(1,6_,nu12)*g_(2,6_,nu11)*Vec(nu11,q2)*Vec(nu12,q2)*Vec(nu13
         ,q2)^2*p4.p4^2*d^-1*xiw^2*ufoGC58^2*ufoGC4^2
          - 1/2*g_(1,6_,nu12)*g_(2,6_,nu11)*Vec(nu11,q2)*Vec(nu12,q2)*Vec(nu13
         ,q2)*Vec(nu13,q3)*p4.p4^2*d^-1*xia*xiw^2*ufoGC58^2*ufoGC4^2
          + 1/2*g_(1,6_,nu12)*g_(2,6_,nu11)*Vec(nu11,q2)*Vec(nu12,q2)*Vec(nu13
         ,q2)*Vec(nu13,q3)*p4.p4^2*d^-1*xiw^2*ufoGC58^2*ufoGC4^2
          - 1/4*g_(1,6_,nu12)*g_(2,6_,nu11)*Vec(nu11,q2)*Vec(nu12,q2)*Vec(nu13
         ,q3)^2*p4.p4^2*d^-1*xia*xiw^2*ufoGC58^2*ufoGC4^2
          + 1/4*g_(1,6_,nu12)*g_(2,6_,nu11)*Vec(nu11,q2)*Vec(nu12,q2)*Vec(nu13
         ,q3)^2*p4.p4^2*d^-1*xiw^2*ufoGC58^2*ufoGC4^2
          - 1/4*g_(1,6_,nu12)*g_(2,6_,nu11)*Vec(nu11,q2)*Vec(nu12,q3)*Vec(nu13
         ,q2)^2*p4.p4^2*d^-1*xia*xiw^2*ufoGC58^2*ufoGC4^2
          + 1/4*g_(1,6_,nu12)*g_(2,6_,nu11)*Vec(nu11,q2)*Vec(nu12,q3)*Vec(nu13
         ,q2)^2*p4.p4^2*d^-1*xiw^2*ufoGC58^2*ufoGC4^2
          - 1/2*g_(1,6_,nu12)*g_(2,6_,nu11)*Vec(nu11,q2)*Vec(nu12,q3)*Vec(nu13
         ,q2)*Vec(nu13,q3)*p4.p4^2*d^-1*xia*xiw^2*ufoGC58^2*ufoGC4^2
          + 1/2*g_(1,6_,nu12)*g_(2,6_,nu11)*Vec(nu11,q2)*Vec(nu12,q3)*Vec(nu13
         ,q2)*Vec(nu13,q3)*p4.p4^2*d^-1*xiw^2*ufoGC58^2*ufoGC4^2
          - 1/4*g_(1,6_,nu12)*g_(2,6_,nu11)*Vec(nu11,q2)*Vec(nu12,q3)*Vec(nu13
         ,q3)^2*p4.p4^2*d^-1*xia*xiw^2*ufoGC58^2*ufoGC4^2
          + 1/4*g_(1,6_,nu12)*g_(2,6_,nu11)*Vec(nu11,q2)*Vec(nu12,q3)*Vec(nu13
         ,q3)^2*p4.p4^2*d^-1*xiw^2*ufoGC58^2*ufoGC4^2
          - 1/4*g_(1,6_,nu12)*g_(2,6_,nu11)*Vec(nu11,q3)*Vec(nu12,q2)*Vec(nu13
         ,q2)^2*p4.p4^2*d^-1*xia*xiw^2*ufoGC58^2*ufoGC4^2
          + 1/4*g_(1,6_,nu12)*g_(2,6_,nu11)*Vec(nu11,q3)*Vec(nu12,q2)*Vec(nu13
         ,q2)^2*p4.p4^2*d^-1*xiw^2*ufoGC58^2*ufoGC4^2
          - 1/2*g_(1,6_,nu12)*g_(2,6_,nu11)*Vec(nu11,q3)*Vec(nu12,q2)*Vec(nu13
         ,q2)*Vec(nu13,q3)*p4.p4^2*d^-1*xia*xiw^2*ufoGC58^2*ufoGC4^2
          + 1/2*g_(1,6_,nu12)*g_(2,6_,nu11)*Vec(nu11,q3)*Vec(nu12,q2)*Vec(nu13
         ,q2)*Vec(nu13,q3)*p4.p4^2*d^-1*xiw^2*ufoGC58^2*ufoGC4^2
          - 1/4*g_(1,6_,nu12)*g_(2,6_,nu11)*Vec(nu11,q3)*Vec(nu12,q2)*Vec(nu13
         ,q3)^2*p4.p4^2*d^-1*xia*xiw^2*ufoGC58^2*ufoGC4^2
          + 1/4*g_(1,6_,nu12)*g_(2,6_,nu11)*Vec(nu11,q3)*Vec(nu12,q2)*Vec(nu13
         ,q3)^2*p4.p4^2*d^-1*xiw^2*ufoGC58^2*ufoGC4^2
          - 1/4*g_(1,6_,nu12)*g_(2,6_,nu11)*Vec(nu11,q3)*Vec(nu12,q3)*Vec(nu13
         ,q2)^2*p4.p4^2*d^-1*xia*xiw^2*ufoGC58^2*ufoGC4^2
          + 1/4*g_(1,6_,nu12)*g_(2,6_,nu11)*Vec(nu11,q3)*Vec(nu12,q3)*Vec(nu13
         ,q2)^2*p4.p4^2*d^-1*xiw^2*ufoGC58^2*ufoGC4^2
          - 1/2*g_(1,6_,nu12)*g_(2,6_,nu11)*Vec(nu11,q3)*Vec(nu12,q3)*Vec(nu13
         ,q2)*Vec(nu13,q3)*p4.p4^2*d^-1*xia*xiw^2*ufoGC58^2*ufoGC4^2
          + 1/2*g_(1,6_,nu12)*g_(2,6_,nu11)*Vec(nu11,q3)*Vec(nu12,q3)*Vec(nu13
         ,q2)*Vec(nu13,q3)*p4.p4^2*d^-1*xiw^2*ufoGC58^2*ufoGC4^2
          - 1/4*g_(1,6_,nu12)*g_(2,6_,nu11)*Vec(nu11,q3)*Vec(nu12,q3)*Vec(nu13
         ,q3)^2*p4.p4^2*d^-1*xia*xiw^2*ufoGC58^2*ufoGC4^2
          + 1/4*g_(1,6_,nu12)*g_(2,6_,nu11)*Vec(nu11,q3)*Vec(nu12,q3)*Vec(nu13
         ,q3)^2*p4.p4^2*d^-1*xiw^2*ufoGC58^2*ufoGC4^2
          - 1/4*g_(1,6_,nu16)*g_(2,6_,nu11)*Vec(nu11,q2)*Vec(nu14,q2)^2*Vec(
         nu13,q2)^2*Vec(nu16,q2)*p4.p4*d^-1*xia*xiw^2*ufoGC58^2*ufoGC4^2
          + 1/4*g_(1,6_,nu16)*g_(2,6_,nu11)*Vec(nu11,q2)*Vec(nu14,q2)^2*Vec(
         nu13,q2)^2*Vec(nu16,q2)*p4.p4*d^-1*xiw^2*ufoGC58^2*ufoGC4^2
          - 1/4*g_(1,6_,nu16)*g_(2,6_,nu11)*Vec(nu11,q2)*Vec(nu14,q2)^2*Vec(
         nu13,q2)^2*Vec(nu16,q3)*p4.p4*d^-1*xia*xiw^2*ufoGC58^2*ufoGC4^2
          + 1/4*g_(1,6_,nu16)*g_(2,6_,nu11)*Vec(nu11,q2)*Vec(nu14,q2)^2*Vec(
         nu13,q2)^2*Vec(nu16,q3)*p4.p4*d^-1*xiw^2*ufoGC58^2*ufoGC4^2
          - 1/2*g_(1,6_,nu16)*g_(2,6_,nu11)*Vec(nu11,q2)*Vec(nu14,q2)^2*Vec(
         nu13,q2)*Vec(nu13,q3)*Vec(nu16,q2)*p4.p4*d^-1*xia*xiw^2*ufoGC58^2*
         ufoGC4^2
          + 1/2*g_(1,6_,nu16)*g_(2,6_,nu11)*Vec(nu11,q2)*Vec(nu14,q2)^2*Vec(
         nu13,q2)*Vec(nu13,q3)*Vec(nu16,q2)*p4.p4*d^-1*xiw^2*ufoGC58^2*
         ufoGC4^2
          - 1/2*g_(1,6_,nu16)*g_(2,6_,nu11)*Vec(nu11,q2)*Vec(nu14,q2)^2*Vec(
         nu13,q2)*Vec(nu13,q3)*Vec(nu16,q3)*p4.p4*d^-1*xia*xiw^2*ufoGC58^2*
         ufoGC4^2
          + 1/2*g_(1,6_,nu16)*g_(2,6_,nu11)*Vec(nu11,q2)*Vec(nu14,q2)^2*Vec(
         nu13,q2)*Vec(nu13,q3)*Vec(nu16,q3)*p4.p4*d^-1*xiw^2*ufoGC58^2*
         ufoGC4^2
          - 1/4*g_(1,6_,nu16)*g_(2,6_,nu11)*Vec(nu11,q2)*Vec(nu14,q2)^2*Vec(
         nu13,q3)^2*Vec(nu16,q2)*p4.p4*d^-1*xia*xiw^2*ufoGC58^2*ufoGC4^2
          + 1/4*g_(1,6_,nu16)*g_(2,6_,nu11)*Vec(nu11,q2)*Vec(nu14,q2)^2*Vec(
         nu13,q3)^2*Vec(nu16,q2)*p4.p4*d^-1*xiw^2*ufoGC58^2*ufoGC4^2
          - 1/4*g_(1,6_,nu16)*g_(2,6_,nu11)*Vec(nu11,q2)*Vec(nu14,q2)^2*Vec(
         nu13,q3)^2*Vec(nu16,q3)*p4.p4*d^-1*xia*xiw^2*ufoGC58^2*ufoGC4^2
          + 1/4*g_(1,6_,nu16)*g_(2,6_,nu11)*Vec(nu11,q2)*Vec(nu14,q2)^2*Vec(
         nu13,q3)^2*Vec(nu16,q3)*p4.p4*d^-1*xiw^2*ufoGC58^2*ufoGC4^2
          - 1/2*g_(1,6_,nu16)*g_(2,6_,nu11)*Vec(nu11,q2)*Vec(nu14,q2)*Vec(nu14
         ,q3)*Vec(nu13,q2)^2*Vec(nu16,q2)*p4.p4*d^-1*xia*xiw^2*ufoGC58^2*
         ufoGC4^2
          + 1/2*g_(1,6_,nu16)*g_(2,6_,nu11)*Vec(nu11,q2)*Vec(nu14,q2)*Vec(nu14
         ,q3)*Vec(nu13,q2)^2*Vec(nu16,q2)*p4.p4*d^-1*xiw^2*ufoGC58^2*ufoGC4^2
          - 1/2*g_(1,6_,nu16)*g_(2,6_,nu11)*Vec(nu11,q2)*Vec(nu14,q2)*Vec(nu14
         ,q3)*Vec(nu13,q2)^2*Vec(nu16,q3)*p4.p4*d^-1*xia*xiw^2*ufoGC58^2*
         ufoGC4^2
          + 1/2*g_(1,6_,nu16)*g_(2,6_,nu11)*Vec(nu11,q2)*Vec(nu14,q2)*Vec(nu14
         ,q3)*Vec(nu13,q2)^2*Vec(nu16,q3)*p4.p4*d^-1*xiw^2*ufoGC58^2*ufoGC4^2
          - g_(1,6_,nu16)*g_(2,6_,nu11)*Vec(nu11,q2)*Vec(nu14,q2)*Vec(nu14,q3)
         *Vec(nu13,q2)*Vec(nu13,q3)*Vec(nu16,q2)*p4.p4*d^-1*xia*xiw^2*
         ufoGC58^2*ufoGC4^2
          + g_(1,6_,nu16)*g_(2,6_,nu11)*Vec(nu11,q2)*Vec(nu14,q2)*Vec(nu14,q3)
         *Vec(nu13,q2)*Vec(nu13,q3)*Vec(nu16,q2)*p4.p4*d^-1*xiw^2*ufoGC58^2*
         ufoGC4^2
          - g_(1,6_,nu16)*g_(2,6_,nu11)*Vec(nu11,q2)*Vec(nu14,q2)*Vec(nu14,q3)
         *Vec(nu13,q2)*Vec(nu13,q3)*Vec(nu16,q3)*p4.p4*d^-1*xia*xiw^2*
         ufoGC58^2*ufoGC4^2
          + g_(1,6_,nu16)*g_(2,6_,nu11)*Vec(nu11,q2)*Vec(nu14,q2)*Vec(nu14,q3)
         *Vec(nu13,q2)*Vec(nu13,q3)*Vec(nu16,q3)*p4.p4*d^-1*xiw^2*ufoGC58^2*
         ufoGC4^2
          - 1/2*g_(1,6_,nu16)*g_(2,6_,nu11)*Vec(nu11,q2)*Vec(nu14,q2)*Vec(nu14
         ,q3)*Vec(nu13,q3)^2*Vec(nu16,q2)*p4.p4*d^-1*xia*xiw^2*ufoGC58^2*
         ufoGC4^2
          + 1/2*g_(1,6_,nu16)*g_(2,6_,nu11)*Vec(nu11,q2)*Vec(nu14,q2)*Vec(nu14
         ,q3)*Vec(nu13,q3)^2*Vec(nu16,q2)*p4.p4*d^-1*xiw^2*ufoGC58^2*ufoGC4^2
          - 1/2*g_(1,6_,nu16)*g_(2,6_,nu11)*Vec(nu11,q2)*Vec(nu14,q2)*Vec(nu14
         ,q3)*Vec(nu13,q3)^2*Vec(nu16,q3)*p4.p4*d^-1*xia*xiw^2*ufoGC58^2*
         ufoGC4^2
          + 1/2*g_(1,6_,nu16)*g_(2,6_,nu11)*Vec(nu11,q2)*Vec(nu14,q2)*Vec(nu14
         ,q3)*Vec(nu13,q3)^2*Vec(nu16,q3)*p4.p4*d^-1*xiw^2*ufoGC58^2*ufoGC4^2
          - 1/4*g_(1,6_,nu16)*g_(2,6_,nu11)*Vec(nu11,q2)*Vec(nu14,q3)^2*Vec(
         nu13,q2)^2*Vec(nu16,q2)*p4.p4*d^-1*xia*xiw^2*ufoGC58^2*ufoGC4^2
          + 1/4*g_(1,6_,nu16)*g_(2,6_,nu11)*Vec(nu11,q2)*Vec(nu14,q3)^2*Vec(
         nu13,q2)^2*Vec(nu16,q2)*p4.p4*d^-1*xiw^2*ufoGC58^2*ufoGC4^2
          - 1/4*g_(1,6_,nu16)*g_(2,6_,nu11)*Vec(nu11,q2)*Vec(nu14,q3)^2*Vec(
         nu13,q2)^2*Vec(nu16,q3)*p4.p4*d^-1*xia*xiw^2*ufoGC58^2*ufoGC4^2
          + 1/4*g_(1,6_,nu16)*g_(2,6_,nu11)*Vec(nu11,q2)*Vec(nu14,q3)^2*Vec(
         nu13,q2)^2*Vec(nu16,q3)*p4.p4*d^-1*xiw^2*ufoGC58^2*ufoGC4^2
          - 1/2*g_(1,6_,nu16)*g_(2,6_,nu11)*Vec(nu11,q2)*Vec(nu14,q3)^2*Vec(
         nu13,q2)*Vec(nu13,q3)*Vec(nu16,q2)*p4.p4*d^-1*xia*xiw^2*ufoGC58^2*
         ufoGC4^2
          + 1/2*g_(1,6_,nu16)*g_(2,6_,nu11)*Vec(nu11,q2)*Vec(nu14,q3)^2*Vec(
         nu13,q2)*Vec(nu13,q3)*Vec(nu16,q2)*p4.p4*d^-1*xiw^2*ufoGC58^2*
         ufoGC4^2
          - 1/2*g_(1,6_,nu16)*g_(2,6_,nu11)*Vec(nu11,q2)*Vec(nu14,q3)^2*Vec(
         nu13,q2)*Vec(nu13,q3)*Vec(nu16,q3)*p4.p4*d^-1*xia*xiw^2*ufoGC58^2*
         ufoGC4^2
          + 1/2*g_(1,6_,nu16)*g_(2,6_,nu11)*Vec(nu11,q2)*Vec(nu14,q3)^2*Vec(
         nu13,q2)*Vec(nu13,q3)*Vec(nu16,q3)*p4.p4*d^-1*xiw^2*ufoGC58^2*
         ufoGC4^2
          - 1/4*g_(1,6_,nu16)*g_(2,6_,nu11)*Vec(nu11,q2)*Vec(nu14,q3)^2*Vec(
         nu13,q3)^2*Vec(nu16,q2)*p4.p4*d^-1*xia*xiw^2*ufoGC58^2*ufoGC4^2
          + 1/4*g_(1,6_,nu16)*g_(2,6_,nu11)*Vec(nu11,q2)*Vec(nu14,q3)^2*Vec(
         nu13,q3)^2*Vec(nu16,q2)*p4.p4*d^-1*xiw^2*ufoGC58^2*ufoGC4^2
          - 1/4*g_(1,6_,nu16)*g_(2,6_,nu11)*Vec(nu11,q2)*Vec(nu14,q3)^2*Vec(
         nu13,q3)^2*Vec(nu16,q3)*p4.p4*d^-1*xia*xiw^2*ufoGC58^2*ufoGC4^2
          + 1/4*g_(1,6_,nu16)*g_(2,6_,nu11)*Vec(nu11,q2)*Vec(nu14,q3)^2*Vec(
         nu13,q3)^2*Vec(nu16,q3)*p4.p4*d^-1*xiw^2*ufoGC58^2*ufoGC4^2
          + 1/4*g_(1,6_,nu16)*g_(2,6_,nu11)*Vec(nu11,q2)*Vec(nu13,q2)^2*Vec(
         nu16,q2)*p4.p4^2*d^-1*xia*xiw^2*ufoGC58^2*ufoGC4^2
          - 1/4*g_(1,6_,nu16)*g_(2,6_,nu11)*Vec(nu11,q2)*Vec(nu13,q2)^2*Vec(
         nu16,q2)*p4.p4^2*d^-1*xiw^2*ufoGC58^2*ufoGC4^2
          + 1/4*g_(1,6_,nu16)*g_(2,6_,nu11)*Vec(nu11,q2)*Vec(nu13,q2)^2*Vec(
         nu16,q3)*p4.p4^2*d^-1*xia*xiw^2*ufoGC58^2*ufoGC4^2
          - 1/4*g_(1,6_,nu16)*g_(2,6_,nu11)*Vec(nu11,q2)*Vec(nu13,q2)^2*Vec(
         nu16,q3)*p4.p4^2*d^-1*xiw^2*ufoGC58^2*ufoGC4^2
          + 1/2*g_(1,6_,nu16)*g_(2,6_,nu11)*Vec(nu11,q2)*Vec(nu13,q2)*Vec(nu13
         ,q3)*Vec(nu16,q2)*p4.p4^2*d^-1*xia*xiw^2*ufoGC58^2*ufoGC4^2
          - 1/2*g_(1,6_,nu16)*g_(2,6_,nu11)*Vec(nu11,q2)*Vec(nu13,q2)*Vec(nu13
         ,q3)*Vec(nu16,q2)*p4.p4^2*d^-1*xiw^2*ufoGC58^2*ufoGC4^2
          + 1/2*g_(1,6_,nu16)*g_(2,6_,nu11)*Vec(nu11,q2)*Vec(nu13,q2)*Vec(nu13
         ,q3)*Vec(nu16,q3)*p4.p4^2*d^-1*xia*xiw^2*ufoGC58^2*ufoGC4^2
          - 1/2*g_(1,6_,nu16)*g_(2,6_,nu11)*Vec(nu11,q2)*Vec(nu13,q2)*Vec(nu13
         ,q3)*Vec(nu16,q3)*p4.p4^2*d^-1*xiw^2*ufoGC58^2*ufoGC4^2
          + 1/4*g_(1,6_,nu16)*g_(2,6_,nu11)*Vec(nu11,q2)*Vec(nu13,q3)^2*Vec(
         nu16,q2)*p4.p4^2*d^-1*xia*xiw^2*ufoGC58^2*ufoGC4^2
          - 1/4*g_(1,6_,nu16)*g_(2,6_,nu11)*Vec(nu11,q2)*Vec(nu13,q3)^2*Vec(
         nu16,q2)*p4.p4^2*d^-1*xiw^2*ufoGC58^2*ufoGC4^2
          + 1/4*g_(1,6_,nu16)*g_(2,6_,nu11)*Vec(nu11,q2)*Vec(nu13,q3)^2*Vec(
         nu16,q3)*p4.p4^2*d^-1*xia*xiw^2*ufoGC58^2*ufoGC4^2
          - 1/4*g_(1,6_,nu16)*g_(2,6_,nu11)*Vec(nu11,q2)*Vec(nu13,q3)^2*Vec(
         nu16,q3)*p4.p4^2*d^-1*xiw^2*ufoGC58^2*ufoGC4^2
          - 1/4*g_(1,6_,nu16)*g_(2,6_,nu11)*Vec(nu11,q3)*Vec(nu14,q2)^2*Vec(
         nu13,q2)^2*Vec(nu16,q2)*p4.p4*d^-1*xia*xiw^2*ufoGC58^2*ufoGC4^2
          + 1/4*g_(1,6_,nu16)*g_(2,6_,nu11)*Vec(nu11,q3)*Vec(nu14,q2)^2*Vec(
         nu13,q2)^2*Vec(nu16,q2)*p4.p4*d^-1*xiw^2*ufoGC58^2*ufoGC4^2
          - 1/4*g_(1,6_,nu16)*g_(2,6_,nu11)*Vec(nu11,q3)*Vec(nu14,q2)^2*Vec(
         nu13,q2)^2*Vec(nu16,q3)*p4.p4*d^-1*xia*xiw^2*ufoGC58^2*ufoGC4^2
          + 1/4*g_(1,6_,nu16)*g_(2,6_,nu11)*Vec(nu11,q3)*Vec(nu14,q2)^2*Vec(
         nu13,q2)^2*Vec(nu16,q3)*p4.p4*d^-1*xiw^2*ufoGC58^2*ufoGC4^2
          - 1/2*g_(1,6_,nu16)*g_(2,6_,nu11)*Vec(nu11,q3)*Vec(nu14,q2)^2*Vec(
         nu13,q2)*Vec(nu13,q3)*Vec(nu16,q2)*p4.p4*d^-1*xia*xiw^2*ufoGC58^2*
         ufoGC4^2
          + 1/2*g_(1,6_,nu16)*g_(2,6_,nu11)*Vec(nu11,q3)*Vec(nu14,q2)^2*Vec(
         nu13,q2)*Vec(nu13,q3)*Vec(nu16,q2)*p4.p4*d^-1*xiw^2*ufoGC58^2*
         ufoGC4^2
          - 1/2*g_(1,6_,nu16)*g_(2,6_,nu11)*Vec(nu11,q3)*Vec(nu14,q2)^2*Vec(
         nu13,q2)*Vec(nu13,q3)*Vec(nu16,q3)*p4.p4*d^-1*xia*xiw^2*ufoGC58^2*
         ufoGC4^2
          + 1/2*g_(1,6_,nu16)*g_(2,6_,nu11)*Vec(nu11,q3)*Vec(nu14,q2)^2*Vec(
         nu13,q2)*Vec(nu13,q3)*Vec(nu16,q3)*p4.p4*d^-1*xiw^2*ufoGC58^2*
         ufoGC4^2
          - 1/4*g_(1,6_,nu16)*g_(2,6_,nu11)*Vec(nu11,q3)*Vec(nu14,q2)^2*Vec(
         nu13,q3)^2*Vec(nu16,q2)*p4.p4*d^-1*xia*xiw^2*ufoGC58^2*ufoGC4^2
          + 1/4*g_(1,6_,nu16)*g_(2,6_,nu11)*Vec(nu11,q3)*Vec(nu14,q2)^2*Vec(
         nu13,q3)^2*Vec(nu16,q2)*p4.p4*d^-1*xiw^2*ufoGC58^2*ufoGC4^2
          - 1/4*g_(1,6_,nu16)*g_(2,6_,nu11)*Vec(nu11,q3)*Vec(nu14,q2)^2*Vec(
         nu13,q3)^2*Vec(nu16,q3)*p4.p4*d^-1*xia*xiw^2*ufoGC58^2*ufoGC4^2
          + 1/4*g_(1,6_,nu16)*g_(2,6_,nu11)*Vec(nu11,q3)*Vec(nu14,q2)^2*Vec(
         nu13,q3)^2*Vec(nu16,q3)*p4.p4*d^-1*xiw^2*ufoGC58^2*ufoGC4^2
          - 1/2*g_(1,6_,nu16)*g_(2,6_,nu11)*Vec(nu11,q3)*Vec(nu14,q2)*Vec(nu14
         ,q3)*Vec(nu13,q2)^2*Vec(nu16,q2)*p4.p4*d^-1*xia*xiw^2*ufoGC58^2*
         ufoGC4^2
          + 1/2*g_(1,6_,nu16)*g_(2,6_,nu11)*Vec(nu11,q3)*Vec(nu14,q2)*Vec(nu14
         ,q3)*Vec(nu13,q2)^2*Vec(nu16,q2)*p4.p4*d^-1*xiw^2*ufoGC58^2*ufoGC4^2
          - 1/2*g_(1,6_,nu16)*g_(2,6_,nu11)*Vec(nu11,q3)*Vec(nu14,q2)*Vec(nu14
         ,q3)*Vec(nu13,q2)^2*Vec(nu16,q3)*p4.p4*d^-1*xia*xiw^2*ufoGC58^2*
         ufoGC4^2
          + 1/2*g_(1,6_,nu16)*g_(2,6_,nu11)*Vec(nu11,q3)*Vec(nu14,q2)*Vec(nu14
         ,q3)*Vec(nu13,q2)^2*Vec(nu16,q3)*p4.p4*d^-1*xiw^2*ufoGC58^2*ufoGC4^2
          - g_(1,6_,nu16)*g_(2,6_,nu11)*Vec(nu11,q3)*Vec(nu14,q2)*Vec(nu14,q3)
         *Vec(nu13,q2)*Vec(nu13,q3)*Vec(nu16,q2)*p4.p4*d^-1*xia*xiw^2*
         ufoGC58^2*ufoGC4^2
          + g_(1,6_,nu16)*g_(2,6_,nu11)*Vec(nu11,q3)*Vec(nu14,q2)*Vec(nu14,q3)
         *Vec(nu13,q2)*Vec(nu13,q3)*Vec(nu16,q2)*p4.p4*d^-1*xiw^2*ufoGC58^2*
         ufoGC4^2
          - g_(1,6_,nu16)*g_(2,6_,nu11)*Vec(nu11,q3)*Vec(nu14,q2)*Vec(nu14,q3)
         *Vec(nu13,q2)*Vec(nu13,q3)*Vec(nu16,q3)*p4.p4*d^-1*xia*xiw^2*
         ufoGC58^2*ufoGC4^2
          + g_(1,6_,nu16)*g_(2,6_,nu11)*Vec(nu11,q3)*Vec(nu14,q2)*Vec(nu14,q3)
         *Vec(nu13,q2)*Vec(nu13,q3)*Vec(nu16,q3)*p4.p4*d^-1*xiw^2*ufoGC58^2*
         ufoGC4^2
          - 1/2*g_(1,6_,nu16)*g_(2,6_,nu11)*Vec(nu11,q3)*Vec(nu14,q2)*Vec(nu14
         ,q3)*Vec(nu13,q3)^2*Vec(nu16,q2)*p4.p4*d^-1*xia*xiw^2*ufoGC58^2*
         ufoGC4^2
          + 1/2*g_(1,6_,nu16)*g_(2,6_,nu11)*Vec(nu11,q3)*Vec(nu14,q2)*Vec(nu14
         ,q3)*Vec(nu13,q3)^2*Vec(nu16,q2)*p4.p4*d^-1*xiw^2*ufoGC58^2*ufoGC4^2
          - 1/2*g_(1,6_,nu16)*g_(2,6_,nu11)*Vec(nu11,q3)*Vec(nu14,q2)*Vec(nu14
         ,q3)*Vec(nu13,q3)^2*Vec(nu16,q3)*p4.p4*d^-1*xia*xiw^2*ufoGC58^2*
         ufoGC4^2
          + 1/2*g_(1,6_,nu16)*g_(2,6_,nu11)*Vec(nu11,q3)*Vec(nu14,q2)*Vec(nu14
         ,q3)*Vec(nu13,q3)^2*Vec(nu16,q3)*p4.p4*d^-1*xiw^2*ufoGC58^2*ufoGC4^2
          - 1/4*g_(1,6_,nu16)*g_(2,6_,nu11)*Vec(nu11,q3)*Vec(nu14,q3)^2*Vec(
         nu13,q2)^2*Vec(nu16,q2)*p4.p4*d^-1*xia*xiw^2*ufoGC58^2*ufoGC4^2
          + 1/4*g_(1,6_,nu16)*g_(2,6_,nu11)*Vec(nu11,q3)*Vec(nu14,q3)^2*Vec(
         nu13,q2)^2*Vec(nu16,q2)*p4.p4*d^-1*xiw^2*ufoGC58^2*ufoGC4^2
          - 1/4*g_(1,6_,nu16)*g_(2,6_,nu11)*Vec(nu11,q3)*Vec(nu14,q3)^2*Vec(
         nu13,q2)^2*Vec(nu16,q3)*p4.p4*d^-1*xia*xiw^2*ufoGC58^2*ufoGC4^2
          + 1/4*g_(1,6_,nu16)*g_(2,6_,nu11)*Vec(nu11,q3)*Vec(nu14,q3)^2*Vec(
         nu13,q2)^2*Vec(nu16,q3)*p4.p4*d^-1*xiw^2*ufoGC58^2*ufoGC4^2
          - 1/2*g_(1,6_,nu16)*g_(2,6_,nu11)*Vec(nu11,q3)*Vec(nu14,q3)^2*Vec(
         nu13,q2)*Vec(nu13,q3)*Vec(nu16,q2)*p4.p4*d^-1*xia*xiw^2*ufoGC58^2*
         ufoGC4^2
          + 1/2*g_(1,6_,nu16)*g_(2,6_,nu11)*Vec(nu11,q3)*Vec(nu14,q3)^2*Vec(
         nu13,q2)*Vec(nu13,q3)*Vec(nu16,q2)*p4.p4*d^-1*xiw^2*ufoGC58^2*
         ufoGC4^2
          - 1/2*g_(1,6_,nu16)*g_(2,6_,nu11)*Vec(nu11,q3)*Vec(nu14,q3)^2*Vec(
         nu13,q2)*Vec(nu13,q3)*Vec(nu16,q3)*p4.p4*d^-1*xia*xiw^2*ufoGC58^2*
         ufoGC4^2
          + 1/2*g_(1,6_,nu16)*g_(2,6_,nu11)*Vec(nu11,q3)*Vec(nu14,q3)^2*Vec(
         nu13,q2)*Vec(nu13,q3)*Vec(nu16,q3)*p4.p4*d^-1*xiw^2*ufoGC58^2*
         ufoGC4^2
          - 1/4*g_(1,6_,nu16)*g_(2,6_,nu11)*Vec(nu11,q3)*Vec(nu14,q3)^2*Vec(
         nu13,q3)^2*Vec(nu16,q2)*p4.p4*d^-1*xia*xiw^2*ufoGC58^2*ufoGC4^2
          + 1/4*g_(1,6_,nu16)*g_(2,6_,nu11)*Vec(nu11,q3)*Vec(nu14,q3)^2*Vec(
         nu13,q3)^2*Vec(nu16,q2)*p4.p4*d^-1*xiw^2*ufoGC58^2*ufoGC4^2
          - 1/4*g_(1,6_,nu16)*g_(2,6_,nu11)*Vec(nu11,q3)*Vec(nu14,q3)^2*Vec(
         nu13,q3)^2*Vec(nu16,q3)*p4.p4*d^-1*xia*xiw^2*ufoGC58^2*ufoGC4^2
          + 1/4*g_(1,6_,nu16)*g_(2,6_,nu11)*Vec(nu11,q3)*Vec(nu14,q3)^2*Vec(
         nu13,q3)^2*Vec(nu16,q3)*p4.p4*d^-1*xiw^2*ufoGC58^2*ufoGC4^2
          + 1/4*g_(1,6_,nu16)*g_(2,6_,nu11)*Vec(nu11,q3)*Vec(nu13,q2)^2*Vec(
         nu16,q2)*p4.p4^2*d^-1*xia*xiw^2*ufoGC58^2*ufoGC4^2
          - 1/4*g_(1,6_,nu16)*g_(2,6_,nu11)*Vec(nu11,q3)*Vec(nu13,q2)^2*Vec(
         nu16,q2)*p4.p4^2*d^-1*xiw^2*ufoGC58^2*ufoGC4^2
          + 1/4*g_(1,6_,nu16)*g_(2,6_,nu11)*Vec(nu11,q3)*Vec(nu13,q2)^2*Vec(
         nu16,q3)*p4.p4^2*d^-1*xia*xiw^2*ufoGC58^2*ufoGC4^2
          - 1/4*g_(1,6_,nu16)*g_(2,6_,nu11)*Vec(nu11,q3)*Vec(nu13,q2)^2*Vec(
         nu16,q3)*p4.p4^2*d^-1*xiw^2*ufoGC58^2*ufoGC4^2
          + 1/2*g_(1,6_,nu16)*g_(2,6_,nu11)*Vec(nu11,q3)*Vec(nu13,q2)*Vec(nu13
         ,q3)*Vec(nu16,q2)*p4.p4^2*d^-1*xia*xiw^2*ufoGC58^2*ufoGC4^2
          - 1/2*g_(1,6_,nu16)*g_(2,6_,nu11)*Vec(nu11,q3)*Vec(nu13,q2)*Vec(nu13
         ,q3)*Vec(nu16,q2)*p4.p4^2*d^-1*xiw^2*ufoGC58^2*ufoGC4^2
          + 1/2*g_(1,6_,nu16)*g_(2,6_,nu11)*Vec(nu11,q3)*Vec(nu13,q2)*Vec(nu13
         ,q3)*Vec(nu16,q3)*p4.p4^2*d^-1*xia*xiw^2*ufoGC58^2*ufoGC4^2
          - 1/2*g_(1,6_,nu16)*g_(2,6_,nu11)*Vec(nu11,q3)*Vec(nu13,q2)*Vec(nu13
         ,q3)*Vec(nu16,q3)*p4.p4^2*d^-1*xiw^2*ufoGC58^2*ufoGC4^2
          + 1/4*g_(1,6_,nu16)*g_(2,6_,nu11)*Vec(nu11,q3)*Vec(nu13,q3)^2*Vec(
         nu16,q2)*p4.p4^2*d^-1*xia*xiw^2*ufoGC58^2*ufoGC4^2
          - 1/4*g_(1,6_,nu16)*g_(2,6_,nu11)*Vec(nu11,q3)*Vec(nu13,q3)^2*Vec(
         nu16,q2)*p4.p4^2*d^-1*xiw^2*ufoGC58^2*ufoGC4^2
          + 1/4*g_(1,6_,nu16)*g_(2,6_,nu11)*Vec(nu11,q3)*Vec(nu13,q3)^2*Vec(
         nu16,q3)*p4.p4^2*d^-1*xia*xiw^2*ufoGC58^2*ufoGC4^2
          - 1/4*g_(1,6_,nu16)*g_(2,6_,nu11)*Vec(nu11,q3)*Vec(nu13,q3)^2*Vec(
         nu16,q3)*p4.p4^2*d^-1*xiw^2*ufoGC58^2*ufoGC4^2
          + 1/4*g_(1,6_,nu15)*g_(2,6_,nu11)*Vec(nu11,q2)*Vec(nu12,q2)^2*Vec(
         nu14,q2)^2*Vec(nu15,q2)*p4.p4*d^-1*xia*xiw^2*ufoGC58^2*ufoGC4^2
          - 1/4*g_(1,6_,nu15)*g_(2,6_,nu11)*Vec(nu11,q2)*Vec(nu12,q2)^2*Vec(
         nu14,q2)^2*Vec(nu15,q2)*p4.p4*d^-1*xiw^2*ufoGC58^2*ufoGC4^2
          + 1/4*g_(1,6_,nu15)*g_(2,6_,nu11)*Vec(nu11,q2)*Vec(nu12,q2)^2*Vec(
         nu14,q2)^2*Vec(nu15,q3)*p4.p4*d^-1*xia*xiw^2*ufoGC58^2*ufoGC4^2
          - 1/4*g_(1,6_,nu15)*g_(2,6_,nu11)*Vec(nu11,q2)*Vec(nu12,q2)^2*Vec(
         nu14,q2)^2*Vec(nu15,q3)*p4.p4*d^-1*xiw^2*ufoGC58^2*ufoGC4^2
          + 1/2*g_(1,6_,nu15)*g_(2,6_,nu11)*Vec(nu11,q2)*Vec(nu12,q2)^2*Vec(
         nu14,q2)*Vec(nu14,q3)*Vec(nu15,q2)*p4.p4*d^-1*xia*xiw^2*ufoGC58^2*
         ufoGC4^2
          - 1/2*g_(1,6_,nu15)*g_(2,6_,nu11)*Vec(nu11,q2)*Vec(nu12,q2)^2*Vec(
         nu14,q2)*Vec(nu14,q3)*Vec(nu15,q2)*p4.p4*d^-1*xiw^2*ufoGC58^2*
         ufoGC4^2
          + 1/2*g_(1,6_,nu15)*g_(2,6_,nu11)*Vec(nu11,q2)*Vec(nu12,q2)^2*Vec(
         nu14,q2)*Vec(nu14,q3)*Vec(nu15,q3)*p4.p4*d^-1*xia*xiw^2*ufoGC58^2*
         ufoGC4^2
          - 1/2*g_(1,6_,nu15)*g_(2,6_,nu11)*Vec(nu11,q2)*Vec(nu12,q2)^2*Vec(
         nu14,q2)*Vec(nu14,q3)*Vec(nu15,q3)*p4.p4*d^-1*xiw^2*ufoGC58^2*
         ufoGC4^2
          + 1/4*g_(1,6_,nu15)*g_(2,6_,nu11)*Vec(nu11,q2)*Vec(nu12,q2)^2*Vec(
         nu14,q3)^2*Vec(nu15,q2)*p4.p4*d^-1*xia*xiw^2*ufoGC58^2*ufoGC4^2
          - 1/4*g_(1,6_,nu15)*g_(2,6_,nu11)*Vec(nu11,q2)*Vec(nu12,q2)^2*Vec(
         nu14,q3)^2*Vec(nu15,q2)*p4.p4*d^-1*xiw^2*ufoGC58^2*ufoGC4^2
          + 1/4*g_(1,6_,nu15)*g_(2,6_,nu11)*Vec(nu11,q2)*Vec(nu12,q2)^2*Vec(
         nu14,q3)^2*Vec(nu15,q3)*p4.p4*d^-1*xia*xiw^2*ufoGC58^2*ufoGC4^2
          - 1/4*g_(1,6_,nu15)*g_(2,6_,nu11)*Vec(nu11,q2)*Vec(nu12,q2)^2*Vec(
         nu14,q3)^2*Vec(nu15,q3)*p4.p4*d^-1*xiw^2*ufoGC58^2*ufoGC4^2
          + 1/2*g_(1,6_,nu15)*g_(2,6_,nu11)*Vec(nu11,q2)*Vec(nu12,q2)*Vec(nu12
         ,q3)*Vec(nu14,q2)^2*Vec(nu15,q2)*p4.p4*d^-1*xia*xiw^2*ufoGC58^2*
         ufoGC4^2
          - 1/2*g_(1,6_,nu15)*g_(2,6_,nu11)*Vec(nu11,q2)*Vec(nu12,q2)*Vec(nu12
         ,q3)*Vec(nu14,q2)^2*Vec(nu15,q2)*p4.p4*d^-1*xiw^2*ufoGC58^2*ufoGC4^2
          + 1/2*g_(1,6_,nu15)*g_(2,6_,nu11)*Vec(nu11,q2)*Vec(nu12,q2)*Vec(nu12
         ,q3)*Vec(nu14,q2)^2*Vec(nu15,q3)*p4.p4*d^-1*xia*xiw^2*ufoGC58^2*
         ufoGC4^2
          - 1/2*g_(1,6_,nu15)*g_(2,6_,nu11)*Vec(nu11,q2)*Vec(nu12,q2)*Vec(nu12
         ,q3)*Vec(nu14,q2)^2*Vec(nu15,q3)*p4.p4*d^-1*xiw^2*ufoGC58^2*ufoGC4^2
          + g_(1,6_,nu15)*g_(2,6_,nu11)*Vec(nu11,q2)*Vec(nu12,q2)*Vec(nu12,q3)
         *Vec(nu14,q2)*Vec(nu14,q3)*Vec(nu15,q2)*p4.p4*d^-1*xia*xiw^2*
         ufoGC58^2*ufoGC4^2
          - g_(1,6_,nu15)*g_(2,6_,nu11)*Vec(nu11,q2)*Vec(nu12,q2)*Vec(nu12,q3)
         *Vec(nu14,q2)*Vec(nu14,q3)*Vec(nu15,q2)*p4.p4*d^-1*xiw^2*ufoGC58^2*
         ufoGC4^2
          + g_(1,6_,nu15)*g_(2,6_,nu11)*Vec(nu11,q2)*Vec(nu12,q2)*Vec(nu12,q3)
         *Vec(nu14,q2)*Vec(nu14,q3)*Vec(nu15,q3)*p4.p4*d^-1*xia*xiw^2*
         ufoGC58^2*ufoGC4^2
          - g_(1,6_,nu15)*g_(2,6_,nu11)*Vec(nu11,q2)*Vec(nu12,q2)*Vec(nu12,q3)
         *Vec(nu14,q2)*Vec(nu14,q3)*Vec(nu15,q3)*p4.p4*d^-1*xiw^2*ufoGC58^2*
         ufoGC4^2
          + 1/2*g_(1,6_,nu15)*g_(2,6_,nu11)*Vec(nu11,q2)*Vec(nu12,q2)*Vec(nu12
         ,q3)*Vec(nu14,q3)^2*Vec(nu15,q2)*p4.p4*d^-1*xia*xiw^2*ufoGC58^2*
         ufoGC4^2
          - 1/2*g_(1,6_,nu15)*g_(2,6_,nu11)*Vec(nu11,q2)*Vec(nu12,q2)*Vec(nu12
         ,q3)*Vec(nu14,q3)^2*Vec(nu15,q2)*p4.p4*d^-1*xiw^2*ufoGC58^2*ufoGC4^2
          + 1/2*g_(1,6_,nu15)*g_(2,6_,nu11)*Vec(nu11,q2)*Vec(nu12,q2)*Vec(nu12
         ,q3)*Vec(nu14,q3)^2*Vec(nu15,q3)*p4.p4*d^-1*xia*xiw^2*ufoGC58^2*
         ufoGC4^2
          - 1/2*g_(1,6_,nu15)*g_(2,6_,nu11)*Vec(nu11,q2)*Vec(nu12,q2)*Vec(nu12
         ,q3)*Vec(nu14,q3)^2*Vec(nu15,q3)*p4.p4*d^-1*xiw^2*ufoGC58^2*ufoGC4^2
          + 1/4*g_(1,6_,nu15)*g_(2,6_,nu11)*Vec(nu11,q2)*Vec(nu12,q3)^2*Vec(
         nu14,q2)^2*Vec(nu15,q2)*p4.p4*d^-1*xia*xiw^2*ufoGC58^2*ufoGC4^2
          - 1/4*g_(1,6_,nu15)*g_(2,6_,nu11)*Vec(nu11,q2)*Vec(nu12,q3)^2*Vec(
         nu14,q2)^2*Vec(nu15,q2)*p4.p4*d^-1*xiw^2*ufoGC58^2*ufoGC4^2
          + 1/4*g_(1,6_,nu15)*g_(2,6_,nu11)*Vec(nu11,q2)*Vec(nu12,q3)^2*Vec(
         nu14,q2)^2*Vec(nu15,q3)*p4.p4*d^-1*xia*xiw^2*ufoGC58^2*ufoGC4^2
          - 1/4*g_(1,6_,nu15)*g_(2,6_,nu11)*Vec(nu11,q2)*Vec(nu12,q3)^2*Vec(
         nu14,q2)^2*Vec(nu15,q3)*p4.p4*d^-1*xiw^2*ufoGC58^2*ufoGC4^2
          + 1/2*g_(1,6_,nu15)*g_(2,6_,nu11)*Vec(nu11,q2)*Vec(nu12,q3)^2*Vec(
         nu14,q2)*Vec(nu14,q3)*Vec(nu15,q2)*p4.p4*d^-1*xia*xiw^2*ufoGC58^2*
         ufoGC4^2
          - 1/2*g_(1,6_,nu15)*g_(2,6_,nu11)*Vec(nu11,q2)*Vec(nu12,q3)^2*Vec(
         nu14,q2)*Vec(nu14,q3)*Vec(nu15,q2)*p4.p4*d^-1*xiw^2*ufoGC58^2*
         ufoGC4^2
          + 1/2*g_(1,6_,nu15)*g_(2,6_,nu11)*Vec(nu11,q2)*Vec(nu12,q3)^2*Vec(
         nu14,q2)*Vec(nu14,q3)*Vec(nu15,q3)*p4.p4*d^-1*xia*xiw^2*ufoGC58^2*
         ufoGC4^2
          - 1/2*g_(1,6_,nu15)*g_(2,6_,nu11)*Vec(nu11,q2)*Vec(nu12,q3)^2*Vec(
         nu14,q2)*Vec(nu14,q3)*Vec(nu15,q3)*p4.p4*d^-1*xiw^2*ufoGC58^2*
         ufoGC4^2
          + 1/4*g_(1,6_,nu15)*g_(2,6_,nu11)*Vec(nu11,q2)*Vec(nu12,q3)^2*Vec(
         nu14,q3)^2*Vec(nu15,q2)*p4.p4*d^-1*xia*xiw^2*ufoGC58^2*ufoGC4^2
          - 1/4*g_(1,6_,nu15)*g_(2,6_,nu11)*Vec(nu11,q2)*Vec(nu12,q3)^2*Vec(
         nu14,q3)^2*Vec(nu15,q2)*p4.p4*d^-1*xiw^2*ufoGC58^2*ufoGC4^2
          + 1/4*g_(1,6_,nu15)*g_(2,6_,nu11)*Vec(nu11,q2)*Vec(nu12,q3)^2*Vec(
         nu14,q3)^2*Vec(nu15,q3)*p4.p4*d^-1*xia*xiw^2*ufoGC58^2*ufoGC4^2
          - 1/4*g_(1,6_,nu15)*g_(2,6_,nu11)*Vec(nu11,q2)*Vec(nu12,q3)^2*Vec(
         nu14,q3)^2*Vec(nu15,q3)*p4.p4*d^-1*xiw^2*ufoGC58^2*ufoGC4^2
          + 1/4*g_(1,6_,nu15)*g_(2,6_,nu11)*Vec(nu11,q3)*Vec(nu12,q2)^2*Vec(
         nu14,q2)^2*Vec(nu15,q2)*p4.p4*d^-1*xia*xiw^2*ufoGC58^2*ufoGC4^2
          - 1/4*g_(1,6_,nu15)*g_(2,6_,nu11)*Vec(nu11,q3)*Vec(nu12,q2)^2*Vec(
         nu14,q2)^2*Vec(nu15,q2)*p4.p4*d^-1*xiw^2*ufoGC58^2*ufoGC4^2
          + 1/4*g_(1,6_,nu15)*g_(2,6_,nu11)*Vec(nu11,q3)*Vec(nu12,q2)^2*Vec(
         nu14,q2)^2*Vec(nu15,q3)*p4.p4*d^-1*xia*xiw^2*ufoGC58^2*ufoGC4^2
          - 1/4*g_(1,6_,nu15)*g_(2,6_,nu11)*Vec(nu11,q3)*Vec(nu12,q2)^2*Vec(
         nu14,q2)^2*Vec(nu15,q3)*p4.p4*d^-1*xiw^2*ufoGC58^2*ufoGC4^2
          + 1/2*g_(1,6_,nu15)*g_(2,6_,nu11)*Vec(nu11,q3)*Vec(nu12,q2)^2*Vec(
         nu14,q2)*Vec(nu14,q3)*Vec(nu15,q2)*p4.p4*d^-1*xia*xiw^2*ufoGC58^2*
         ufoGC4^2
          - 1/2*g_(1,6_,nu15)*g_(2,6_,nu11)*Vec(nu11,q3)*Vec(nu12,q2)^2*Vec(
         nu14,q2)*Vec(nu14,q3)*Vec(nu15,q2)*p4.p4*d^-1*xiw^2*ufoGC58^2*
         ufoGC4^2
          + 1/2*g_(1,6_,nu15)*g_(2,6_,nu11)*Vec(nu11,q3)*Vec(nu12,q2)^2*Vec(
         nu14,q2)*Vec(nu14,q3)*Vec(nu15,q3)*p4.p4*d^-1*xia*xiw^2*ufoGC58^2*
         ufoGC4^2
          - 1/2*g_(1,6_,nu15)*g_(2,6_,nu11)*Vec(nu11,q3)*Vec(nu12,q2)^2*Vec(
         nu14,q2)*Vec(nu14,q3)*Vec(nu15,q3)*p4.p4*d^-1*xiw^2*ufoGC58^2*
         ufoGC4^2
          + 1/4*g_(1,6_,nu15)*g_(2,6_,nu11)*Vec(nu11,q3)*Vec(nu12,q2)^2*Vec(
         nu14,q3)^2*Vec(nu15,q2)*p4.p4*d^-1*xia*xiw^2*ufoGC58^2*ufoGC4^2
          - 1/4*g_(1,6_,nu15)*g_(2,6_,nu11)*Vec(nu11,q3)*Vec(nu12,q2)^2*Vec(
         nu14,q3)^2*Vec(nu15,q2)*p4.p4*d^-1*xiw^2*ufoGC58^2*ufoGC4^2
          + 1/4*g_(1,6_,nu15)*g_(2,6_,nu11)*Vec(nu11,q3)*Vec(nu12,q2)^2*Vec(
         nu14,q3)^2*Vec(nu15,q3)*p4.p4*d^-1*xia*xiw^2*ufoGC58^2*ufoGC4^2
          - 1/4*g_(1,6_,nu15)*g_(2,6_,nu11)*Vec(nu11,q3)*Vec(nu12,q2)^2*Vec(
         nu14,q3)^2*Vec(nu15,q3)*p4.p4*d^-1*xiw^2*ufoGC58^2*ufoGC4^2
          + 1/2*g_(1,6_,nu15)*g_(2,6_,nu11)*Vec(nu11,q3)*Vec(nu12,q2)*Vec(nu12
         ,q3)*Vec(nu14,q2)^2*Vec(nu15,q2)*p4.p4*d^-1*xia*xiw^2*ufoGC58^2*
         ufoGC4^2
          - 1/2*g_(1,6_,nu15)*g_(2,6_,nu11)*Vec(nu11,q3)*Vec(nu12,q2)*Vec(nu12
         ,q3)*Vec(nu14,q2)^2*Vec(nu15,q2)*p4.p4*d^-1*xiw^2*ufoGC58^2*ufoGC4^2
          + 1/2*g_(1,6_,nu15)*g_(2,6_,nu11)*Vec(nu11,q3)*Vec(nu12,q2)*Vec(nu12
         ,q3)*Vec(nu14,q2)^2*Vec(nu15,q3)*p4.p4*d^-1*xia*xiw^2*ufoGC58^2*
         ufoGC4^2
          - 1/2*g_(1,6_,nu15)*g_(2,6_,nu11)*Vec(nu11,q3)*Vec(nu12,q2)*Vec(nu12
         ,q3)*Vec(nu14,q2)^2*Vec(nu15,q3)*p4.p4*d^-1*xiw^2*ufoGC58^2*ufoGC4^2
          + g_(1,6_,nu15)*g_(2,6_,nu11)*Vec(nu11,q3)*Vec(nu12,q2)*Vec(nu12,q3)
         *Vec(nu14,q2)*Vec(nu14,q3)*Vec(nu15,q2)*p4.p4*d^-1*xia*xiw^2*
         ufoGC58^2*ufoGC4^2
          - g_(1,6_,nu15)*g_(2,6_,nu11)*Vec(nu11,q3)*Vec(nu12,q2)*Vec(nu12,q3)
         *Vec(nu14,q2)*Vec(nu14,q3)*Vec(nu15,q2)*p4.p4*d^-1*xiw^2*ufoGC58^2*
         ufoGC4^2
          + g_(1,6_,nu15)*g_(2,6_,nu11)*Vec(nu11,q3)*Vec(nu12,q2)*Vec(nu12,q3)
         *Vec(nu14,q2)*Vec(nu14,q3)*Vec(nu15,q3)*p4.p4*d^-1*xia*xiw^2*
         ufoGC58^2*ufoGC4^2
          - g_(1,6_,nu15)*g_(2,6_,nu11)*Vec(nu11,q3)*Vec(nu12,q2)*Vec(nu12,q3)
         *Vec(nu14,q2)*Vec(nu14,q3)*Vec(nu15,q3)*p4.p4*d^-1*xiw^2*ufoGC58^2*
         ufoGC4^2
          + 1/2*g_(1,6_,nu15)*g_(2,6_,nu11)*Vec(nu11,q3)*Vec(nu12,q2)*Vec(nu12
         ,q3)*Vec(nu14,q3)^2*Vec(nu15,q2)*p4.p4*d^-1*xia*xiw^2*ufoGC58^2*
         ufoGC4^2
          - 1/2*g_(1,6_,nu15)*g_(2,6_,nu11)*Vec(nu11,q3)*Vec(nu12,q2)*Vec(nu12
         ,q3)*Vec(nu14,q3)^2*Vec(nu15,q2)*p4.p4*d^-1*xiw^2*ufoGC58^2*ufoGC4^2
          + 1/2*g_(1,6_,nu15)*g_(2,6_,nu11)*Vec(nu11,q3)*Vec(nu12,q2)*Vec(nu12
         ,q3)*Vec(nu14,q3)^2*Vec(nu15,q3)*p4.p4*d^-1*xia*xiw^2*ufoGC58^2*
         ufoGC4^2
          - 1/2*g_(1,6_,nu15)*g_(2,6_,nu11)*Vec(nu11,q3)*Vec(nu12,q2)*Vec(nu12
         ,q3)*Vec(nu14,q3)^2*Vec(nu15,q3)*p4.p4*d^-1*xiw^2*ufoGC58^2*ufoGC4^2
          + 1/4*g_(1,6_,nu15)*g_(2,6_,nu11)*Vec(nu11,q3)*Vec(nu12,q3)^2*Vec(
         nu14,q2)^2*Vec(nu15,q2)*p4.p4*d^-1*xia*xiw^2*ufoGC58^2*ufoGC4^2
          - 1/4*g_(1,6_,nu15)*g_(2,6_,nu11)*Vec(nu11,q3)*Vec(nu12,q3)^2*Vec(
         nu14,q2)^2*Vec(nu15,q2)*p4.p4*d^-1*xiw^2*ufoGC58^2*ufoGC4^2
          + 1/4*g_(1,6_,nu15)*g_(2,6_,nu11)*Vec(nu11,q3)*Vec(nu12,q3)^2*Vec(
         nu14,q2)^2*Vec(nu15,q3)*p4.p4*d^-1*xia*xiw^2*ufoGC58^2*ufoGC4^2
          - 1/4*g_(1,6_,nu15)*g_(2,6_,nu11)*Vec(nu11,q3)*Vec(nu12,q3)^2*Vec(
         nu14,q2)^2*Vec(nu15,q3)*p4.p4*d^-1*xiw^2*ufoGC58^2*ufoGC4^2
          + 1/2*g_(1,6_,nu15)*g_(2,6_,nu11)*Vec(nu11,q3)*Vec(nu12,q3)^2*Vec(
         nu14,q2)*Vec(nu14,q3)*Vec(nu15,q2)*p4.p4*d^-1*xia*xiw^2*ufoGC58^2*
         ufoGC4^2
          - 1/2*g_(1,6_,nu15)*g_(2,6_,nu11)*Vec(nu11,q3)*Vec(nu12,q3)^2*Vec(
         nu14,q2)*Vec(nu14,q3)*Vec(nu15,q2)*p4.p4*d^-1*xiw^2*ufoGC58^2*
         ufoGC4^2
          + 1/2*g_(1,6_,nu15)*g_(2,6_,nu11)*Vec(nu11,q3)*Vec(nu12,q3)^2*Vec(
         nu14,q2)*Vec(nu14,q3)*Vec(nu15,q3)*p4.p4*d^-1*xia*xiw^2*ufoGC58^2*
         ufoGC4^2
          - 1/2*g_(1,6_,nu15)*g_(2,6_,nu11)*Vec(nu11,q3)*Vec(nu12,q3)^2*Vec(
         nu14,q2)*Vec(nu14,q3)*Vec(nu15,q3)*p4.p4*d^-1*xiw^2*ufoGC58^2*
         ufoGC4^2
          + 1/4*g_(1,6_,nu15)*g_(2,6_,nu11)*Vec(nu11,q3)*Vec(nu12,q3)^2*Vec(
         nu14,q3)^2*Vec(nu15,q2)*p4.p4*d^-1*xia*xiw^2*ufoGC58^2*ufoGC4^2
          - 1/4*g_(1,6_,nu15)*g_(2,6_,nu11)*Vec(nu11,q3)*Vec(nu12,q3)^2*Vec(
         nu14,q3)^2*Vec(nu15,q2)*p4.p4*d^-1*xiw^2*ufoGC58^2*ufoGC4^2
          + 1/4*g_(1,6_,nu15)*g_(2,6_,nu11)*Vec(nu11,q3)*Vec(nu12,q3)^2*Vec(
         nu14,q3)^2*Vec(nu15,q3)*p4.p4*d^-1*xia*xiw^2*ufoGC58^2*ufoGC4^2
          - 1/4*g_(1,6_,nu15)*g_(2,6_,nu11)*Vec(nu11,q3)*Vec(nu12,q3)^2*Vec(
         nu14,q3)^2*Vec(nu15,q3)*p4.p4*d^-1*xiw^2*ufoGC58^2*ufoGC4^2
          )

       + Den(p4,xiw,M3)^2*Den(q2 + q3,xiw,M3)^3*Den( - p4 + q2 + q3,0,0) * (
          - 1/4*g_(1,6_,nu9)*g_(2,6_,nu11)*Vec(nu11,q2)*Vec(nu9,q2)*Vec(nu12,
         q2)^2*p4.p4*xiw^2*ufoGC58^2*ufoGC4^2
          - 1/2*g_(1,6_,nu9)*g_(2,6_,nu11)*Vec(nu11,q2)*Vec(nu9,q2)*Vec(nu12,
         q2)*Vec(nu12,q3)*p4.p4*xiw^2*ufoGC58^2*ufoGC4^2
          - 1/4*g_(1,6_,nu9)*g_(2,6_,nu11)*Vec(nu11,q2)*Vec(nu9,q2)*Vec(nu12,
         q3)^2*p4.p4*xiw^2*ufoGC58^2*ufoGC4^2
          - 1/4*g_(1,6_,nu9)*g_(2,6_,nu11)*Vec(nu11,q2)*Vec(nu9,q2)*Vec(nu13,
         q2)^2*p4.p4*d^-1*xiw^2*ufoGC58^2*ufoGC4^2
          - 1/2*g_(1,6_,nu9)*g_(2,6_,nu11)*Vec(nu11,q2)*Vec(nu9,q2)*Vec(nu13,
         q2)*Vec(nu13,q3)*p4.p4*d^-1*xiw^2*ufoGC58^2*ufoGC4^2
          - 1/4*g_(1,6_,nu9)*g_(2,6_,nu11)*Vec(nu11,q2)*Vec(nu9,q2)*Vec(nu13,
         q3)^2*p4.p4*d^-1*xiw^2*ufoGC58^2*ufoGC4^2
          + 1/2*g_(1,6_,nu9)*g_(2,6_,nu11)*Vec(nu11,q2)*Vec(nu9,q2)*Vec(nu15,
         q2)^2*p4.p4*d^-1*xiw^2*ufoGC58^2*ufoGC4^2
          + g_(1,6_,nu9)*g_(2,6_,nu11)*Vec(nu11,q2)*Vec(nu9,q2)*Vec(nu15,q2)*
         Vec(nu15,q3)*p4.p4*d^-1*xiw^2*ufoGC58^2*ufoGC4^2
          + 1/2*g_(1,6_,nu9)*g_(2,6_,nu11)*Vec(nu11,q2)*Vec(nu9,q2)*Vec(nu15,
         q3)^2*p4.p4*d^-1*xiw^2*ufoGC58^2*ufoGC4^2
          - 1/4*g_(1,6_,nu9)*g_(2,6_,nu11)*Vec(nu11,q2)*Vec(nu9,q3)*Vec(nu12,
         q2)^2*p4.p4*xiw^2*ufoGC58^2*ufoGC4^2
          - 1/2*g_(1,6_,nu9)*g_(2,6_,nu11)*Vec(nu11,q2)*Vec(nu9,q3)*Vec(nu12,
         q2)*Vec(nu12,q3)*p4.p4*xiw^2*ufoGC58^2*ufoGC4^2
          - 1/4*g_(1,6_,nu9)*g_(2,6_,nu11)*Vec(nu11,q2)*Vec(nu9,q3)*Vec(nu12,
         q3)^2*p4.p4*xiw^2*ufoGC58^2*ufoGC4^2
          - 1/4*g_(1,6_,nu9)*g_(2,6_,nu11)*Vec(nu11,q2)*Vec(nu9,q3)*Vec(nu13,
         q2)^2*p4.p4*d^-1*xiw^2*ufoGC58^2*ufoGC4^2
          - 1/2*g_(1,6_,nu9)*g_(2,6_,nu11)*Vec(nu11,q2)*Vec(nu9,q3)*Vec(nu13,
         q2)*Vec(nu13,q3)*p4.p4*d^-1*xiw^2*ufoGC58^2*ufoGC4^2
          - 1/4*g_(1,6_,nu9)*g_(2,6_,nu11)*Vec(nu11,q2)*Vec(nu9,q3)*Vec(nu13,
         q3)^2*p4.p4*d^-1*xiw^2*ufoGC58^2*ufoGC4^2
          + 1/2*g_(1,6_,nu9)*g_(2,6_,nu11)*Vec(nu11,q2)*Vec(nu9,q3)*Vec(nu15,
         q2)^2*p4.p4*d^-1*xiw^2*ufoGC58^2*ufoGC4^2
          + g_(1,6_,nu9)*g_(2,6_,nu11)*Vec(nu11,q2)*Vec(nu9,q3)*Vec(nu15,q2)*
         Vec(nu15,q3)*p4.p4*d^-1*xiw^2*ufoGC58^2*ufoGC4^2
          + 1/2*g_(1,6_,nu9)*g_(2,6_,nu11)*Vec(nu11,q2)*Vec(nu9,q3)*Vec(nu15,
         q3)^2*p4.p4*d^-1*xiw^2*ufoGC58^2*ufoGC4^2
          - 1/4*g_(1,6_,nu9)*g_(2,6_,nu11)*Vec(nu11,q3)*Vec(nu9,q2)*Vec(nu12,
         q2)^2*p4.p4*xiw^2*ufoGC58^2*ufoGC4^2
          - 1/2*g_(1,6_,nu9)*g_(2,6_,nu11)*Vec(nu11,q3)*Vec(nu9,q2)*Vec(nu12,
         q2)*Vec(nu12,q3)*p4.p4*xiw^2*ufoGC58^2*ufoGC4^2
          - 1/4*g_(1,6_,nu9)*g_(2,6_,nu11)*Vec(nu11,q3)*Vec(nu9,q2)*Vec(nu12,
         q3)^2*p4.p4*xiw^2*ufoGC58^2*ufoGC4^2
          - 1/4*g_(1,6_,nu9)*g_(2,6_,nu11)*Vec(nu11,q3)*Vec(nu9,q2)*Vec(nu13,
         q2)^2*p4.p4*d^-1*xiw^2*ufoGC58^2*ufoGC4^2
          - 1/2*g_(1,6_,nu9)*g_(2,6_,nu11)*Vec(nu11,q3)*Vec(nu9,q2)*Vec(nu13,
         q2)*Vec(nu13,q3)*p4.p4*d^-1*xiw^2*ufoGC58^2*ufoGC4^2
          - 1/4*g_(1,6_,nu9)*g_(2,6_,nu11)*Vec(nu11,q3)*Vec(nu9,q2)*Vec(nu13,
         q3)^2*p4.p4*d^-1*xiw^2*ufoGC58^2*ufoGC4^2
          + 1/2*g_(1,6_,nu9)*g_(2,6_,nu11)*Vec(nu11,q3)*Vec(nu9,q2)*Vec(nu15,
         q2)^2*p4.p4*d^-1*xiw^2*ufoGC58^2*ufoGC4^2
          + g_(1,6_,nu9)*g_(2,6_,nu11)*Vec(nu11,q3)*Vec(nu9,q2)*Vec(nu15,q2)*
         Vec(nu15,q3)*p4.p4*d^-1*xiw^2*ufoGC58^2*ufoGC4^2
          + 1/2*g_(1,6_,nu9)*g_(2,6_,nu11)*Vec(nu11,q3)*Vec(nu9,q2)*Vec(nu15,
         q3)^2*p4.p4*d^-1*xiw^2*ufoGC58^2*ufoGC4^2
          - 1/4*g_(1,6_,nu9)*g_(2,6_,nu11)*Vec(nu11,q3)*Vec(nu9,q3)*Vec(nu12,
         q2)^2*p4.p4*xiw^2*ufoGC58^2*ufoGC4^2
          - 1/2*g_(1,6_,nu9)*g_(2,6_,nu11)*Vec(nu11,q3)*Vec(nu9,q3)*Vec(nu12,
         q2)*Vec(nu12,q3)*p4.p4*xiw^2*ufoGC58^2*ufoGC4^2
          - 1/4*g_(1,6_,nu9)*g_(2,6_,nu11)*Vec(nu11,q3)*Vec(nu9,q3)*Vec(nu12,
         q3)^2*p4.p4*xiw^2*ufoGC58^2*ufoGC4^2
          - 1/4*g_(1,6_,nu9)*g_(2,6_,nu11)*Vec(nu11,q3)*Vec(nu9,q3)*Vec(nu13,
         q2)^2*p4.p4*d^-1*xiw^2*ufoGC58^2*ufoGC4^2
          - 1/2*g_(1,6_,nu9)*g_(2,6_,nu11)*Vec(nu11,q3)*Vec(nu9,q3)*Vec(nu13,
         q2)*Vec(nu13,q3)*p4.p4*d^-1*xiw^2*ufoGC58^2*ufoGC4^2
          - 1/4*g_(1,6_,nu9)*g_(2,6_,nu11)*Vec(nu11,q3)*Vec(nu9,q3)*Vec(nu13,
         q3)^2*p4.p4*d^-1*xiw^2*ufoGC58^2*ufoGC4^2
          + 1/2*g_(1,6_,nu9)*g_(2,6_,nu11)*Vec(nu11,q3)*Vec(nu9,q3)*Vec(nu15,
         q2)^2*p4.p4*d^-1*xiw^2*ufoGC58^2*ufoGC4^2
          + g_(1,6_,nu9)*g_(2,6_,nu11)*Vec(nu11,q3)*Vec(nu9,q3)*Vec(nu15,q2)*
         Vec(nu15,q3)*p4.p4*d^-1*xiw^2*ufoGC58^2*ufoGC4^2
          + 1/2*g_(1,6_,nu9)*g_(2,6_,nu11)*Vec(nu11,q3)*Vec(nu9,q3)*Vec(nu15,
         q3)^2*p4.p4*d^-1*xiw^2*ufoGC58^2*ufoGC4^2
          - 1/4*g_(1,6_,nu12)*g_(2,6_,nu11)*Vec(nu11,q2)*Vec(nu12,q2)*p4.p4^2*
         xiw^2*ufoGC58^2*ufoGC4^2
          - g_(1,6_,nu12)*g_(2,6_,nu11)*Vec(nu11,q2)*Vec(nu12,q2)*Vec(nu15,q2)
         ^2*p4.p4*d^-1*xiw^2*ufoGC58^2*ufoGC4^2
          - 2*g_(1,6_,nu12)*g_(2,6_,nu11)*Vec(nu11,q2)*Vec(nu12,q2)*Vec(nu15,
         q2)*Vec(nu15,q3)*p4.p4*d^-1*xiw^2*ufoGC58^2*ufoGC4^2
          - g_(1,6_,nu12)*g_(2,6_,nu11)*Vec(nu11,q2)*Vec(nu12,q2)*Vec(nu15,q3)
         ^2*p4.p4*d^-1*xiw^2*ufoGC58^2*ufoGC4^2
          - 1/4*g_(1,6_,nu12)*g_(2,6_,nu11)*Vec(nu11,q2)*Vec(nu12,q3)*p4.p4^2*
         xiw^2*ufoGC58^2*ufoGC4^2
          - g_(1,6_,nu12)*g_(2,6_,nu11)*Vec(nu11,q2)*Vec(nu12,q3)*Vec(nu15,q2)
         ^2*p4.p4*d^-1*xiw^2*ufoGC58^2*ufoGC4^2
          - 2*g_(1,6_,nu12)*g_(2,6_,nu11)*Vec(nu11,q2)*Vec(nu12,q3)*Vec(nu15,
         q2)*Vec(nu15,q3)*p4.p4*d^-1*xiw^2*ufoGC58^2*ufoGC4^2
          - g_(1,6_,nu12)*g_(2,6_,nu11)*Vec(nu11,q2)*Vec(nu12,q3)*Vec(nu15,q3)
         ^2*p4.p4*d^-1*xiw^2*ufoGC58^2*ufoGC4^2
          - 1/4*g_(1,6_,nu12)*g_(2,6_,nu11)*Vec(nu11,q3)*Vec(nu12,q2)*p4.p4^2*
         xiw^2*ufoGC58^2*ufoGC4^2
          - g_(1,6_,nu12)*g_(2,6_,nu11)*Vec(nu11,q3)*Vec(nu12,q2)*Vec(nu15,q2)
         ^2*p4.p4*d^-1*xiw^2*ufoGC58^2*ufoGC4^2
          - 2*g_(1,6_,nu12)*g_(2,6_,nu11)*Vec(nu11,q3)*Vec(nu12,q2)*Vec(nu15,
         q2)*Vec(nu15,q3)*p4.p4*d^-1*xiw^2*ufoGC58^2*ufoGC4^2
          - g_(1,6_,nu12)*g_(2,6_,nu11)*Vec(nu11,q3)*Vec(nu12,q2)*Vec(nu15,q3)
         ^2*p4.p4*d^-1*xiw^2*ufoGC58^2*ufoGC4^2
          - 1/4*g_(1,6_,nu12)*g_(2,6_,nu11)*Vec(nu11,q3)*Vec(nu12,q3)*p4.p4^2*
         xiw^2*ufoGC58^2*ufoGC4^2
          - g_(1,6_,nu12)*g_(2,6_,nu11)*Vec(nu11,q3)*Vec(nu12,q3)*Vec(nu15,q2)
         ^2*p4.p4*d^-1*xiw^2*ufoGC58^2*ufoGC4^2
          - 2*g_(1,6_,nu12)*g_(2,6_,nu11)*Vec(nu11,q3)*Vec(nu12,q3)*Vec(nu15,
         q2)*Vec(nu15,q3)*p4.p4*d^-1*xiw^2*ufoGC58^2*ufoGC4^2
          - g_(1,6_,nu12)*g_(2,6_,nu11)*Vec(nu11,q3)*Vec(nu12,q3)*Vec(nu15,q3)
         ^2*p4.p4*d^-1*xiw^2*ufoGC58^2*ufoGC4^2
          - 1/4*g_(1,6_,nu13)*g_(2,6_,nu11)*Vec(nu11,q2)*Vec(nu13,q2)*p4.p4^2*
         d^-1*xiw^2*ufoGC58^2*ufoGC4^2
          + 1/2*g_(1,6_,nu13)*g_(2,6_,nu11)*Vec(nu11,q2)*Vec(nu13,q2)*Vec(nu16
         ,q2)^2*p4.p4*d^-1*xiw^2*ufoGC58^2*ufoGC4^2
          + g_(1,6_,nu13)*g_(2,6_,nu11)*Vec(nu11,q2)*Vec(nu13,q2)*Vec(nu16,q2)
         *Vec(nu16,q3)*p4.p4*d^-1*xiw^2*ufoGC58^2*ufoGC4^2
          + 1/2*g_(1,6_,nu13)*g_(2,6_,nu11)*Vec(nu11,q2)*Vec(nu13,q2)*Vec(nu16
         ,q3)^2*p4.p4*d^-1*xiw^2*ufoGC58^2*ufoGC4^2
          - 1/4*g_(1,6_,nu13)*g_(2,6_,nu11)*Vec(nu11,q2)*Vec(nu13,q3)*p4.p4^2*
         d^-1*xiw^2*ufoGC58^2*ufoGC4^2
          + 1/2*g_(1,6_,nu13)*g_(2,6_,nu11)*Vec(nu11,q2)*Vec(nu13,q3)*Vec(nu16
         ,q2)^2*p4.p4*d^-1*xiw^2*ufoGC58^2*ufoGC4^2
          + g_(1,6_,nu13)*g_(2,6_,nu11)*Vec(nu11,q2)*Vec(nu13,q3)*Vec(nu16,q2)
         *Vec(nu16,q3)*p4.p4*d^-1*xiw^2*ufoGC58^2*ufoGC4^2
          + 1/2*g_(1,6_,nu13)*g_(2,6_,nu11)*Vec(nu11,q2)*Vec(nu13,q3)*Vec(nu16
         ,q3)^2*p4.p4*d^-1*xiw^2*ufoGC58^2*ufoGC4^2
          - 1/4*g_(1,6_,nu13)*g_(2,6_,nu11)*Vec(nu11,q3)*Vec(nu13,q2)*p4.p4^2*
         d^-1*xiw^2*ufoGC58^2*ufoGC4^2
          + 1/2*g_(1,6_,nu13)*g_(2,6_,nu11)*Vec(nu11,q3)*Vec(nu13,q2)*Vec(nu16
         ,q2)^2*p4.p4*d^-1*xiw^2*ufoGC58^2*ufoGC4^2
          + g_(1,6_,nu13)*g_(2,6_,nu11)*Vec(nu11,q3)*Vec(nu13,q2)*Vec(nu16,q2)
         *Vec(nu16,q3)*p4.p4*d^-1*xiw^2*ufoGC58^2*ufoGC4^2
          + 1/2*g_(1,6_,nu13)*g_(2,6_,nu11)*Vec(nu11,q3)*Vec(nu13,q2)*Vec(nu16
         ,q3)^2*p4.p4*d^-1*xiw^2*ufoGC58^2*ufoGC4^2
          - 1/4*g_(1,6_,nu13)*g_(2,6_,nu11)*Vec(nu11,q3)*Vec(nu13,q3)*p4.p4^2*
         d^-1*xiw^2*ufoGC58^2*ufoGC4^2
          + 1/2*g_(1,6_,nu13)*g_(2,6_,nu11)*Vec(nu11,q3)*Vec(nu13,q3)*Vec(nu16
         ,q2)^2*p4.p4*d^-1*xiw^2*ufoGC58^2*ufoGC4^2
          + g_(1,6_,nu13)*g_(2,6_,nu11)*Vec(nu11,q3)*Vec(nu13,q3)*Vec(nu16,q2)
         *Vec(nu16,q3)*p4.p4*d^-1*xiw^2*ufoGC58^2*ufoGC4^2
          + 1/2*g_(1,6_,nu13)*g_(2,6_,nu11)*Vec(nu11,q3)*Vec(nu13,q3)*Vec(nu16
         ,q3)^2*p4.p4*d^-1*xiw^2*ufoGC58^2*ufoGC4^2
          - 1/4*g_(1,6_,nu16)*g_(2,6_,nu11)*Vec(nu11,q2)*Vec(nu13,q2)^2*Vec(
         nu16,q2)*p4.p4*d^-1*xiw^2*ufoGC58^2*ufoGC4^2
          - 1/4*g_(1,6_,nu16)*g_(2,6_,nu11)*Vec(nu11,q2)*Vec(nu13,q2)^2*Vec(
         nu16,q3)*p4.p4*d^-1*xiw^2*ufoGC58^2*ufoGC4^2
          - 1/2*g_(1,6_,nu16)*g_(2,6_,nu11)*Vec(nu11,q2)*Vec(nu13,q2)*Vec(nu13
         ,q3)*Vec(nu16,q2)*p4.p4*d^-1*xiw^2*ufoGC58^2*ufoGC4^2
          - 1/2*g_(1,6_,nu16)*g_(2,6_,nu11)*Vec(nu11,q2)*Vec(nu13,q2)*Vec(nu13
         ,q3)*Vec(nu16,q3)*p4.p4*d^-1*xiw^2*ufoGC58^2*ufoGC4^2
          - 1/4*g_(1,6_,nu16)*g_(2,6_,nu11)*Vec(nu11,q2)*Vec(nu13,q3)^2*Vec(
         nu16,q2)*p4.p4*d^-1*xiw^2*ufoGC58^2*ufoGC4^2
          - 1/4*g_(1,6_,nu16)*g_(2,6_,nu11)*Vec(nu11,q2)*Vec(nu13,q3)^2*Vec(
         nu16,q3)*p4.p4*d^-1*xiw^2*ufoGC58^2*ufoGC4^2
          - 1/4*g_(1,6_,nu16)*g_(2,6_,nu11)*Vec(nu11,q3)*Vec(nu13,q2)^2*Vec(
         nu16,q2)*p4.p4*d^-1*xiw^2*ufoGC58^2*ufoGC4^2
          - 1/4*g_(1,6_,nu16)*g_(2,6_,nu11)*Vec(nu11,q3)*Vec(nu13,q2)^2*Vec(
         nu16,q3)*p4.p4*d^-1*xiw^2*ufoGC58^2*ufoGC4^2
          - 1/2*g_(1,6_,nu16)*g_(2,6_,nu11)*Vec(nu11,q3)*Vec(nu13,q2)*Vec(nu13
         ,q3)*Vec(nu16,q2)*p4.p4*d^-1*xiw^2*ufoGC58^2*ufoGC4^2
          - 1/2*g_(1,6_,nu16)*g_(2,6_,nu11)*Vec(nu11,q3)*Vec(nu13,q2)*Vec(nu13
         ,q3)*Vec(nu16,q3)*p4.p4*d^-1*xiw^2*ufoGC58^2*ufoGC4^2
          - 1/4*g_(1,6_,nu16)*g_(2,6_,nu11)*Vec(nu11,q3)*Vec(nu13,q3)^2*Vec(
         nu16,q2)*p4.p4*d^-1*xiw^2*ufoGC58^2*ufoGC4^2
          - 1/4*g_(1,6_,nu16)*g_(2,6_,nu11)*Vec(nu11,q3)*Vec(nu13,q3)^2*Vec(
         nu16,q3)*p4.p4*d^-1*xiw^2*ufoGC58^2*ufoGC4^2
          + 3/4*g_(1,6_,nu15)*g_(2,6_,nu11)*Vec(nu11,q2)*Vec(nu12,q2)^2*Vec(
         nu15,q2)*p4.p4*d^-1*xiw^2*ufoGC58^2*ufoGC4^2
          + 3/4*g_(1,6_,nu15)*g_(2,6_,nu11)*Vec(nu11,q2)*Vec(nu12,q2)^2*Vec(
         nu15,q3)*p4.p4*d^-1*xiw^2*ufoGC58^2*ufoGC4^2
          + 3/2*g_(1,6_,nu15)*g_(2,6_,nu11)*Vec(nu11,q2)*Vec(nu12,q2)*Vec(nu12
         ,q3)*Vec(nu15,q2)*p4.p4*d^-1*xiw^2*ufoGC58^2*ufoGC4^2
          + 3/2*g_(1,6_,nu15)*g_(2,6_,nu11)*Vec(nu11,q2)*Vec(nu12,q2)*Vec(nu12
         ,q3)*Vec(nu15,q3)*p4.p4*d^-1*xiw^2*ufoGC58^2*ufoGC4^2
          + 3/4*g_(1,6_,nu15)*g_(2,6_,nu11)*Vec(nu11,q2)*Vec(nu12,q3)^2*Vec(
         nu15,q2)*p4.p4*d^-1*xiw^2*ufoGC58^2*ufoGC4^2
          + 3/4*g_(1,6_,nu15)*g_(2,6_,nu11)*Vec(nu11,q2)*Vec(nu12,q3)^2*Vec(
         nu15,q3)*p4.p4*d^-1*xiw^2*ufoGC58^2*ufoGC4^2
          + 1/2*g_(1,6_,nu15)*g_(2,6_,nu11)*Vec(nu11,q2)*Vec(nu15,q2)*p4.p4^2*
         d^-1*xiw^2*ufoGC58^2*ufoGC4^2
          + 1/2*g_(1,6_,nu15)*g_(2,6_,nu11)*Vec(nu11,q2)*Vec(nu15,q3)*p4.p4^2*
         d^-1*xiw^2*ufoGC58^2*ufoGC4^2
          + 3/4*g_(1,6_,nu15)*g_(2,6_,nu11)*Vec(nu11,q3)*Vec(nu12,q2)^2*Vec(
         nu15,q2)*p4.p4*d^-1*xiw^2*ufoGC58^2*ufoGC4^2
          + 3/4*g_(1,6_,nu15)*g_(2,6_,nu11)*Vec(nu11,q3)*Vec(nu12,q2)^2*Vec(
         nu15,q3)*p4.p4*d^-1*xiw^2*ufoGC58^2*ufoGC4^2
          + 3/2*g_(1,6_,nu15)*g_(2,6_,nu11)*Vec(nu11,q3)*Vec(nu12,q2)*Vec(nu12
         ,q3)*Vec(nu15,q2)*p4.p4*d^-1*xiw^2*ufoGC58^2*ufoGC4^2
          + 3/2*g_(1,6_,nu15)*g_(2,6_,nu11)*Vec(nu11,q3)*Vec(nu12,q2)*Vec(nu12
         ,q3)*Vec(nu15,q3)*p4.p4*d^-1*xiw^2*ufoGC58^2*ufoGC4^2
          + 3/4*g_(1,6_,nu15)*g_(2,6_,nu11)*Vec(nu11,q3)*Vec(nu12,q3)^2*Vec(
         nu15,q2)*p4.p4*d^-1*xiw^2*ufoGC58^2*ufoGC4^2
          + 3/4*g_(1,6_,nu15)*g_(2,6_,nu11)*Vec(nu11,q3)*Vec(nu12,q3)^2*Vec(
         nu15,q3)*p4.p4*d^-1*xiw^2*ufoGC58^2*ufoGC4^2
          + 1/2*g_(1,6_,nu15)*g_(2,6_,nu11)*Vec(nu11,q3)*Vec(nu15,q2)*p4.p4^2*
         d^-1*xiw^2*ufoGC58^2*ufoGC4^2
          + 1/2*g_(1,6_,nu15)*g_(2,6_,nu11)*Vec(nu11,q3)*Vec(nu15,q3)*p4.p4^2*
         d^-1*xiw^2*ufoGC58^2*ufoGC4^2
          )

       + Den(p4,xiw,M3)^2*Den(q2 + q3,xiw,M3)^4*Den( - p4 + q2 + q3,0,0)^2
       * (
          + 1/4*g_(1,6_,nu10)*g_(2,6_,nu11)*Vec(nu10,q2)*Vec(nu11,q2)*Vec(nu9,
         q2)^2*Vec(nu12,q2)^2*Vec(nu15,q2)^2*p4.p4*d^-1*xia*xiw^2*ufoGC58^2*
         ufoGC4^2
          - 1/4*g_(1,6_,nu10)*g_(2,6_,nu11)*Vec(nu10,q2)*Vec(nu11,q2)*Vec(nu9,
         q2)^2*Vec(nu12,q2)^2*Vec(nu15,q2)^2*p4.p4*d^-1*xiw^2*ufoGC58^2*
         ufoGC4^2
          + 1/2*g_(1,6_,nu10)*g_(2,6_,nu11)*Vec(nu10,q2)*Vec(nu11,q2)*Vec(nu9,
         q2)^2*Vec(nu12,q2)^2*Vec(nu15,q2)*Vec(nu15,q3)*p4.p4*d^-1*xia*xiw^2*
         ufoGC58^2*ufoGC4^2
          - 1/2*g_(1,6_,nu10)*g_(2,6_,nu11)*Vec(nu10,q2)*Vec(nu11,q2)*Vec(nu9,
         q2)^2*Vec(nu12,q2)^2*Vec(nu15,q2)*Vec(nu15,q3)*p4.p4*d^-1*xiw^2*
         ufoGC58^2*ufoGC4^2
          + 1/4*g_(1,6_,nu10)*g_(2,6_,nu11)*Vec(nu10,q2)*Vec(nu11,q2)*Vec(nu9,
         q2)^2*Vec(nu12,q2)^2*Vec(nu15,q3)^2*p4.p4*d^-1*xia*xiw^2*ufoGC58^2*
         ufoGC4^2
          - 1/4*g_(1,6_,nu10)*g_(2,6_,nu11)*Vec(nu10,q2)*Vec(nu11,q2)*Vec(nu9,
         q2)^2*Vec(nu12,q2)^2*Vec(nu15,q3)^2*p4.p4*d^-1*xiw^2*ufoGC58^2*
         ufoGC4^2
          + 1/2*g_(1,6_,nu10)*g_(2,6_,nu11)*Vec(nu10,q2)*Vec(nu11,q2)*Vec(nu9,
         q2)^2*Vec(nu12,q2)*Vec(nu12,q3)*Vec(nu15,q2)^2*p4.p4*d^-1*xia*xiw^2*
         ufoGC58^2*ufoGC4^2
          - 1/2*g_(1,6_,nu10)*g_(2,6_,nu11)*Vec(nu10,q2)*Vec(nu11,q2)*Vec(nu9,
         q2)^2*Vec(nu12,q2)*Vec(nu12,q3)*Vec(nu15,q2)^2*p4.p4*d^-1*xiw^2*
         ufoGC58^2*ufoGC4^2
          + g_(1,6_,nu10)*g_(2,6_,nu11)*Vec(nu10,q2)*Vec(nu11,q2)*Vec(nu9,q2)^
         2*Vec(nu12,q2)*Vec(nu12,q3)*Vec(nu15,q2)*Vec(nu15,q3)*p4.p4*d^-1*xia*
         xiw^2*ufoGC58^2*ufoGC4^2
          - g_(1,6_,nu10)*g_(2,6_,nu11)*Vec(nu10,q2)*Vec(nu11,q2)*Vec(nu9,q2)^
         2*Vec(nu12,q2)*Vec(nu12,q3)*Vec(nu15,q2)*Vec(nu15,q3)*p4.p4*d^-1*
         xiw^2*ufoGC58^2*ufoGC4^2
          + 1/2*g_(1,6_,nu10)*g_(2,6_,nu11)*Vec(nu10,q2)*Vec(nu11,q2)*Vec(nu9,
         q2)^2*Vec(nu12,q2)*Vec(nu12,q3)*Vec(nu15,q3)^2*p4.p4*d^-1*xia*xiw^2*
         ufoGC58^2*ufoGC4^2
          - 1/2*g_(1,6_,nu10)*g_(2,6_,nu11)*Vec(nu10,q2)*Vec(nu11,q2)*Vec(nu9,
         q2)^2*Vec(nu12,q2)*Vec(nu12,q3)*Vec(nu15,q3)^2*p4.p4*d^-1*xiw^2*
         ufoGC58^2*ufoGC4^2
          + 1/4*g_(1,6_,nu10)*g_(2,6_,nu11)*Vec(nu10,q2)*Vec(nu11,q2)*Vec(nu9,
         q2)^2*Vec(nu12,q3)^2*Vec(nu15,q2)^2*p4.p4*d^-1*xia*xiw^2*ufoGC58^2*
         ufoGC4^2
          - 1/4*g_(1,6_,nu10)*g_(2,6_,nu11)*Vec(nu10,q2)*Vec(nu11,q2)*Vec(nu9,
         q2)^2*Vec(nu12,q3)^2*Vec(nu15,q2)^2*p4.p4*d^-1*xiw^2*ufoGC58^2*
         ufoGC4^2
          + 1/2*g_(1,6_,nu10)*g_(2,6_,nu11)*Vec(nu10,q2)*Vec(nu11,q2)*Vec(nu9,
         q2)^2*Vec(nu12,q3)^2*Vec(nu15,q2)*Vec(nu15,q3)*p4.p4*d^-1*xia*xiw^2*
         ufoGC58^2*ufoGC4^2
          - 1/2*g_(1,6_,nu10)*g_(2,6_,nu11)*Vec(nu10,q2)*Vec(nu11,q2)*Vec(nu9,
         q2)^2*Vec(nu12,q3)^2*Vec(nu15,q2)*Vec(nu15,q3)*p4.p4*d^-1*xiw^2*
         ufoGC58^2*ufoGC4^2
          + 1/4*g_(1,6_,nu10)*g_(2,6_,nu11)*Vec(nu10,q2)*Vec(nu11,q2)*Vec(nu9,
         q2)^2*Vec(nu12,q3)^2*Vec(nu15,q3)^2*p4.p4*d^-1*xia*xiw^2*ufoGC58^2*
         ufoGC4^2
          - 1/4*g_(1,6_,nu10)*g_(2,6_,nu11)*Vec(nu10,q2)*Vec(nu11,q2)*Vec(nu9,
         q2)^2*Vec(nu12,q3)^2*Vec(nu15,q3)^2*p4.p4*d^-1*xiw^2*ufoGC58^2*
         ufoGC4^2
          - 1/4*g_(1,6_,nu10)*g_(2,6_,nu11)*Vec(nu10,q2)*Vec(nu11,q2)*Vec(nu9,
         q2)^2*Vec(nu13,q2)^2*Vec(nu16,q2)^2*p4.p4*d^-1*xia*xiw^2*ufoGC58^2*
         ufoGC4^2
          + 1/4*g_(1,6_,nu10)*g_(2,6_,nu11)*Vec(nu10,q2)*Vec(nu11,q2)*Vec(nu9,
         q2)^2*Vec(nu13,q2)^2*Vec(nu16,q2)^2*p4.p4*d^-1*xiw^2*ufoGC58^2*
         ufoGC4^2
          - 1/2*g_(1,6_,nu10)*g_(2,6_,nu11)*Vec(nu10,q2)*Vec(nu11,q2)*Vec(nu9,
         q2)^2*Vec(nu13,q2)^2*Vec(nu16,q2)*Vec(nu16,q3)*p4.p4*d^-1*xia*xiw^2*
         ufoGC58^2*ufoGC4^2
          + 1/2*g_(1,6_,nu10)*g_(2,6_,nu11)*Vec(nu10,q2)*Vec(nu11,q2)*Vec(nu9,
         q2)^2*Vec(nu13,q2)^2*Vec(nu16,q2)*Vec(nu16,q3)*p4.p4*d^-1*xiw^2*
         ufoGC58^2*ufoGC4^2
          - 1/4*g_(1,6_,nu10)*g_(2,6_,nu11)*Vec(nu10,q2)*Vec(nu11,q2)*Vec(nu9,
         q2)^2*Vec(nu13,q2)^2*Vec(nu16,q3)^2*p4.p4*d^-1*xia*xiw^2*ufoGC58^2*
         ufoGC4^2
          + 1/4*g_(1,6_,nu10)*g_(2,6_,nu11)*Vec(nu10,q2)*Vec(nu11,q2)*Vec(nu9,
         q2)^2*Vec(nu13,q2)^2*Vec(nu16,q3)^2*p4.p4*d^-1*xiw^2*ufoGC58^2*
         ufoGC4^2
          - 1/2*g_(1,6_,nu10)*g_(2,6_,nu11)*Vec(nu10,q2)*Vec(nu11,q2)*Vec(nu9,
         q2)^2*Vec(nu13,q2)*Vec(nu13,q3)*Vec(nu16,q2)^2*p4.p4*d^-1*xia*xiw^2*
         ufoGC58^2*ufoGC4^2
          + 1/2*g_(1,6_,nu10)*g_(2,6_,nu11)*Vec(nu10,q2)*Vec(nu11,q2)*Vec(nu9,
         q2)^2*Vec(nu13,q2)*Vec(nu13,q3)*Vec(nu16,q2)^2*p4.p4*d^-1*xiw^2*
         ufoGC58^2*ufoGC4^2
          - g_(1,6_,nu10)*g_(2,6_,nu11)*Vec(nu10,q2)*Vec(nu11,q2)*Vec(nu9,q2)^
         2*Vec(nu13,q2)*Vec(nu13,q3)*Vec(nu16,q2)*Vec(nu16,q3)*p4.p4*d^-1*xia*
         xiw^2*ufoGC58^2*ufoGC4^2
          + g_(1,6_,nu10)*g_(2,6_,nu11)*Vec(nu10,q2)*Vec(nu11,q2)*Vec(nu9,q2)^
         2*Vec(nu13,q2)*Vec(nu13,q3)*Vec(nu16,q2)*Vec(nu16,q3)*p4.p4*d^-1*
         xiw^2*ufoGC58^2*ufoGC4^2
          - 1/2*g_(1,6_,nu10)*g_(2,6_,nu11)*Vec(nu10,q2)*Vec(nu11,q2)*Vec(nu9,
         q2)^2*Vec(nu13,q2)*Vec(nu13,q3)*Vec(nu16,q3)^2*p4.p4*d^-1*xia*xiw^2*
         ufoGC58^2*ufoGC4^2
          + 1/2*g_(1,6_,nu10)*g_(2,6_,nu11)*Vec(nu10,q2)*Vec(nu11,q2)*Vec(nu9,
         q2)^2*Vec(nu13,q2)*Vec(nu13,q3)*Vec(nu16,q3)^2*p4.p4*d^-1*xiw^2*
         ufoGC58^2*ufoGC4^2
          - 1/4*g_(1,6_,nu10)*g_(2,6_,nu11)*Vec(nu10,q2)*Vec(nu11,q2)*Vec(nu9,
         q2)^2*Vec(nu13,q3)^2*Vec(nu16,q2)^2*p4.p4*d^-1*xia*xiw^2*ufoGC58^2*
         ufoGC4^2
          + 1/4*g_(1,6_,nu10)*g_(2,6_,nu11)*Vec(nu10,q2)*Vec(nu11,q2)*Vec(nu9,
         q2)^2*Vec(nu13,q3)^2*Vec(nu16,q2)^2*p4.p4*d^-1*xiw^2*ufoGC58^2*
         ufoGC4^2
          - 1/2*g_(1,6_,nu10)*g_(2,6_,nu11)*Vec(nu10,q2)*Vec(nu11,q2)*Vec(nu9,
         q2)^2*Vec(nu13,q3)^2*Vec(nu16,q2)*Vec(nu16,q3)*p4.p4*d^-1*xia*xiw^2*
         ufoGC58^2*ufoGC4^2
          + 1/2*g_(1,6_,nu10)*g_(2,6_,nu11)*Vec(nu10,q2)*Vec(nu11,q2)*Vec(nu9,
         q2)^2*Vec(nu13,q3)^2*Vec(nu16,q2)*Vec(nu16,q3)*p4.p4*d^-1*xiw^2*
         ufoGC58^2*ufoGC4^2
          - 1/4*g_(1,6_,nu10)*g_(2,6_,nu11)*Vec(nu10,q2)*Vec(nu11,q2)*Vec(nu9,
         q2)^2*Vec(nu13,q3)^2*Vec(nu16,q3)^2*p4.p4*d^-1*xia*xiw^2*ufoGC58^2*
         ufoGC4^2
          + 1/4*g_(1,6_,nu10)*g_(2,6_,nu11)*Vec(nu10,q2)*Vec(nu11,q2)*Vec(nu9,
         q2)^2*Vec(nu13,q3)^2*Vec(nu16,q3)^2*p4.p4*d^-1*xiw^2*ufoGC58^2*
         ufoGC4^2
          + 1/2*g_(1,6_,nu10)*g_(2,6_,nu11)*Vec(nu10,q2)*Vec(nu11,q2)*Vec(nu9,
         q2)*Vec(nu9,q3)*Vec(nu12,q2)^2*Vec(nu15,q2)^2*p4.p4*d^-1*xia*xiw^2*
         ufoGC58^2*ufoGC4^2
          - 1/2*g_(1,6_,nu10)*g_(2,6_,nu11)*Vec(nu10,q2)*Vec(nu11,q2)*Vec(nu9,
         q2)*Vec(nu9,q3)*Vec(nu12,q2)^2*Vec(nu15,q2)^2*p4.p4*d^-1*xiw^2*
         ufoGC58^2*ufoGC4^2
          + g_(1,6_,nu10)*g_(2,6_,nu11)*Vec(nu10,q2)*Vec(nu11,q2)*Vec(nu9,q2)*
         Vec(nu9,q3)*Vec(nu12,q2)^2*Vec(nu15,q2)*Vec(nu15,q3)*p4.p4*d^-1*xia*
         xiw^2*ufoGC58^2*ufoGC4^2
          - g_(1,6_,nu10)*g_(2,6_,nu11)*Vec(nu10,q2)*Vec(nu11,q2)*Vec(nu9,q2)*
         Vec(nu9,q3)*Vec(nu12,q2)^2*Vec(nu15,q2)*Vec(nu15,q3)*p4.p4*d^-1*xiw^2
         *ufoGC58^2*ufoGC4^2
          + 1/2*g_(1,6_,nu10)*g_(2,6_,nu11)*Vec(nu10,q2)*Vec(nu11,q2)*Vec(nu9,
         q2)*Vec(nu9,q3)*Vec(nu12,q2)^2*Vec(nu15,q3)^2*p4.p4*d^-1*xia*xiw^2*
         ufoGC58^2*ufoGC4^2
          - 1/2*g_(1,6_,nu10)*g_(2,6_,nu11)*Vec(nu10,q2)*Vec(nu11,q2)*Vec(nu9,
         q2)*Vec(nu9,q3)*Vec(nu12,q2)^2*Vec(nu15,q3)^2*p4.p4*d^-1*xiw^2*
         ufoGC58^2*ufoGC4^2
          + g_(1,6_,nu10)*g_(2,6_,nu11)*Vec(nu10,q2)*Vec(nu11,q2)*Vec(nu9,q2)*
         Vec(nu9,q3)*Vec(nu12,q2)*Vec(nu12,q3)*Vec(nu15,q2)^2*p4.p4*d^-1*xia*
         xiw^2*ufoGC58^2*ufoGC4^2
          - g_(1,6_,nu10)*g_(2,6_,nu11)*Vec(nu10,q2)*Vec(nu11,q2)*Vec(nu9,q2)*
         Vec(nu9,q3)*Vec(nu12,q2)*Vec(nu12,q3)*Vec(nu15,q2)^2*p4.p4*d^-1*xiw^2
         *ufoGC58^2*ufoGC4^2
          + 2*g_(1,6_,nu10)*g_(2,6_,nu11)*Vec(nu10,q2)*Vec(nu11,q2)*Vec(nu9,q2
         )*Vec(nu9,q3)*Vec(nu12,q2)*Vec(nu12,q3)*Vec(nu15,q2)*Vec(nu15,q3)*
         p4.p4*d^-1*xia*xiw^2*ufoGC58^2*ufoGC4^2
          - 2*g_(1,6_,nu10)*g_(2,6_,nu11)*Vec(nu10,q2)*Vec(nu11,q2)*Vec(nu9,q2
         )*Vec(nu9,q3)*Vec(nu12,q2)*Vec(nu12,q3)*Vec(nu15,q2)*Vec(nu15,q3)*
         p4.p4*d^-1*xiw^2*ufoGC58^2*ufoGC4^2
          + g_(1,6_,nu10)*g_(2,6_,nu11)*Vec(nu10,q2)*Vec(nu11,q2)*Vec(nu9,q2)*
         Vec(nu9,q3)*Vec(nu12,q2)*Vec(nu12,q3)*Vec(nu15,q3)^2*p4.p4*d^-1*xia*
         xiw^2*ufoGC58^2*ufoGC4^2
          - g_(1,6_,nu10)*g_(2,6_,nu11)*Vec(nu10,q2)*Vec(nu11,q2)*Vec(nu9,q2)*
         Vec(nu9,q3)*Vec(nu12,q2)*Vec(nu12,q3)*Vec(nu15,q3)^2*p4.p4*d^-1*xiw^2
         *ufoGC58^2*ufoGC4^2
          + 1/2*g_(1,6_,nu10)*g_(2,6_,nu11)*Vec(nu10,q2)*Vec(nu11,q2)*Vec(nu9,
         q2)*Vec(nu9,q3)*Vec(nu12,q3)^2*Vec(nu15,q2)^2*p4.p4*d^-1*xia*xiw^2*
         ufoGC58^2*ufoGC4^2
          - 1/2*g_(1,6_,nu10)*g_(2,6_,nu11)*Vec(nu10,q2)*Vec(nu11,q2)*Vec(nu9,
         q2)*Vec(nu9,q3)*Vec(nu12,q3)^2*Vec(nu15,q2)^2*p4.p4*d^-1*xiw^2*
         ufoGC58^2*ufoGC4^2
          + g_(1,6_,nu10)*g_(2,6_,nu11)*Vec(nu10,q2)*Vec(nu11,q2)*Vec(nu9,q2)*
         Vec(nu9,q3)*Vec(nu12,q3)^2*Vec(nu15,q2)*Vec(nu15,q3)*p4.p4*d^-1*xia*
         xiw^2*ufoGC58^2*ufoGC4^2
          - g_(1,6_,nu10)*g_(2,6_,nu11)*Vec(nu10,q2)*Vec(nu11,q2)*Vec(nu9,q2)*
         Vec(nu9,q3)*Vec(nu12,q3)^2*Vec(nu15,q2)*Vec(nu15,q3)*p4.p4*d^-1*xiw^2
         *ufoGC58^2*ufoGC4^2
          + 1/2*g_(1,6_,nu10)*g_(2,6_,nu11)*Vec(nu10,q2)*Vec(nu11,q2)*Vec(nu9,
         q2)*Vec(nu9,q3)*Vec(nu12,q3)^2*Vec(nu15,q3)^2*p4.p4*d^-1*xia*xiw^2*
         ufoGC58^2*ufoGC4^2
          - 1/2*g_(1,6_,nu10)*g_(2,6_,nu11)*Vec(nu10,q2)*Vec(nu11,q2)*Vec(nu9,
         q2)*Vec(nu9,q3)*Vec(nu12,q3)^2*Vec(nu15,q3)^2*p4.p4*d^-1*xiw^2*
         ufoGC58^2*ufoGC4^2
          - 1/2*g_(1,6_,nu10)*g_(2,6_,nu11)*Vec(nu10,q2)*Vec(nu11,q2)*Vec(nu9,
         q2)*Vec(nu9,q3)*Vec(nu13,q2)^2*Vec(nu16,q2)^2*p4.p4*d^-1*xia*xiw^2*
         ufoGC58^2*ufoGC4^2
          + 1/2*g_(1,6_,nu10)*g_(2,6_,nu11)*Vec(nu10,q2)*Vec(nu11,q2)*Vec(nu9,
         q2)*Vec(nu9,q3)*Vec(nu13,q2)^2*Vec(nu16,q2)^2*p4.p4*d^-1*xiw^2*
         ufoGC58^2*ufoGC4^2
          - g_(1,6_,nu10)*g_(2,6_,nu11)*Vec(nu10,q2)*Vec(nu11,q2)*Vec(nu9,q2)*
         Vec(nu9,q3)*Vec(nu13,q2)^2*Vec(nu16,q2)*Vec(nu16,q3)*p4.p4*d^-1*xia*
         xiw^2*ufoGC58^2*ufoGC4^2
          + g_(1,6_,nu10)*g_(2,6_,nu11)*Vec(nu10,q2)*Vec(nu11,q2)*Vec(nu9,q2)*
         Vec(nu9,q3)*Vec(nu13,q2)^2*Vec(nu16,q2)*Vec(nu16,q3)*p4.p4*d^-1*xiw^2
         *ufoGC58^2*ufoGC4^2
          - 1/2*g_(1,6_,nu10)*g_(2,6_,nu11)*Vec(nu10,q2)*Vec(nu11,q2)*Vec(nu9,
         q2)*Vec(nu9,q3)*Vec(nu13,q2)^2*Vec(nu16,q3)^2*p4.p4*d^-1*xia*xiw^2*
         ufoGC58^2*ufoGC4^2
          + 1/2*g_(1,6_,nu10)*g_(2,6_,nu11)*Vec(nu10,q2)*Vec(nu11,q2)*Vec(nu9,
         q2)*Vec(nu9,q3)*Vec(nu13,q2)^2*Vec(nu16,q3)^2*p4.p4*d^-1*xiw^2*
         ufoGC58^2*ufoGC4^2
          - g_(1,6_,nu10)*g_(2,6_,nu11)*Vec(nu10,q2)*Vec(nu11,q2)*Vec(nu9,q2)*
         Vec(nu9,q3)*Vec(nu13,q2)*Vec(nu13,q3)*Vec(nu16,q2)^2*p4.p4*d^-1*xia*
         xiw^2*ufoGC58^2*ufoGC4^2
          + g_(1,6_,nu10)*g_(2,6_,nu11)*Vec(nu10,q2)*Vec(nu11,q2)*Vec(nu9,q2)*
         Vec(nu9,q3)*Vec(nu13,q2)*Vec(nu13,q3)*Vec(nu16,q2)^2*p4.p4*d^-1*xiw^2
         *ufoGC58^2*ufoGC4^2
          - 2*g_(1,6_,nu10)*g_(2,6_,nu11)*Vec(nu10,q2)*Vec(nu11,q2)*Vec(nu9,q2
         )*Vec(nu9,q3)*Vec(nu13,q2)*Vec(nu13,q3)*Vec(nu16,q2)*Vec(nu16,q3)*
         p4.p4*d^-1*xia*xiw^2*ufoGC58^2*ufoGC4^2
          + 2*g_(1,6_,nu10)*g_(2,6_,nu11)*Vec(nu10,q2)*Vec(nu11,q2)*Vec(nu9,q2
         )*Vec(nu9,q3)*Vec(nu13,q2)*Vec(nu13,q3)*Vec(nu16,q2)*Vec(nu16,q3)*
         p4.p4*d^-1*xiw^2*ufoGC58^2*ufoGC4^2
          - g_(1,6_,nu10)*g_(2,6_,nu11)*Vec(nu10,q2)*Vec(nu11,q2)*Vec(nu9,q2)*
         Vec(nu9,q3)*Vec(nu13,q2)*Vec(nu13,q3)*Vec(nu16,q3)^2*p4.p4*d^-1*xia*
         xiw^2*ufoGC58^2*ufoGC4^2
          + g_(1,6_,nu10)*g_(2,6_,nu11)*Vec(nu10,q2)*Vec(nu11,q2)*Vec(nu9,q2)*
         Vec(nu9,q3)*Vec(nu13,q2)*Vec(nu13,q3)*Vec(nu16,q3)^2*p4.p4*d^-1*xiw^2
         *ufoGC58^2*ufoGC4^2
          - 1/2*g_(1,6_,nu10)*g_(2,6_,nu11)*Vec(nu10,q2)*Vec(nu11,q2)*Vec(nu9,
         q2)*Vec(nu9,q3)*Vec(nu13,q3)^2*Vec(nu16,q2)^2*p4.p4*d^-1*xia*xiw^2*
         ufoGC58^2*ufoGC4^2
          + 1/2*g_(1,6_,nu10)*g_(2,6_,nu11)*Vec(nu10,q2)*Vec(nu11,q2)*Vec(nu9,
         q2)*Vec(nu9,q3)*Vec(nu13,q3)^2*Vec(nu16,q2)^2*p4.p4*d^-1*xiw^2*
         ufoGC58^2*ufoGC4^2
          - g_(1,6_,nu10)*g_(2,6_,nu11)*Vec(nu10,q2)*Vec(nu11,q2)*Vec(nu9,q2)*
         Vec(nu9,q3)*Vec(nu13,q3)^2*Vec(nu16,q2)*Vec(nu16,q3)*p4.p4*d^-1*xia*
         xiw^2*ufoGC58^2*ufoGC4^2
          + g_(1,6_,nu10)*g_(2,6_,nu11)*Vec(nu10,q2)*Vec(nu11,q2)*Vec(nu9,q2)*
         Vec(nu9,q3)*Vec(nu13,q3)^2*Vec(nu16,q2)*Vec(nu16,q3)*p4.p4*d^-1*xiw^2
         *ufoGC58^2*ufoGC4^2
          - 1/2*g_(1,6_,nu10)*g_(2,6_,nu11)*Vec(nu10,q2)*Vec(nu11,q2)*Vec(nu9,
         q2)*Vec(nu9,q3)*Vec(nu13,q3)^2*Vec(nu16,q3)^2*p4.p4*d^-1*xia*xiw^2*
         ufoGC58^2*ufoGC4^2
          + 1/2*g_(1,6_,nu10)*g_(2,6_,nu11)*Vec(nu10,q2)*Vec(nu11,q2)*Vec(nu9,
         q2)*Vec(nu9,q3)*Vec(nu13,q3)^2*Vec(nu16,q3)^2*p4.p4*d^-1*xiw^2*
         ufoGC58^2*ufoGC4^2
          + 1/4*g_(1,6_,nu10)*g_(2,6_,nu11)*Vec(nu10,q2)*Vec(nu11,q2)*Vec(nu9,
         q3)^2*Vec(nu12,q2)^2*Vec(nu15,q2)^2*p4.p4*d^-1*xia*xiw^2*ufoGC58^2*
         ufoGC4^2
          - 1/4*g_(1,6_,nu10)*g_(2,6_,nu11)*Vec(nu10,q2)*Vec(nu11,q2)*Vec(nu9,
         q3)^2*Vec(nu12,q2)^2*Vec(nu15,q2)^2*p4.p4*d^-1*xiw^2*ufoGC58^2*
         ufoGC4^2
          + 1/2*g_(1,6_,nu10)*g_(2,6_,nu11)*Vec(nu10,q2)*Vec(nu11,q2)*Vec(nu9,
         q3)^2*Vec(nu12,q2)^2*Vec(nu15,q2)*Vec(nu15,q3)*p4.p4*d^-1*xia*xiw^2*
         ufoGC58^2*ufoGC4^2
          - 1/2*g_(1,6_,nu10)*g_(2,6_,nu11)*Vec(nu10,q2)*Vec(nu11,q2)*Vec(nu9,
         q3)^2*Vec(nu12,q2)^2*Vec(nu15,q2)*Vec(nu15,q3)*p4.p4*d^-1*xiw^2*
         ufoGC58^2*ufoGC4^2
          + 1/4*g_(1,6_,nu10)*g_(2,6_,nu11)*Vec(nu10,q2)*Vec(nu11,q2)*Vec(nu9,
         q3)^2*Vec(nu12,q2)^2*Vec(nu15,q3)^2*p4.p4*d^-1*xia*xiw^2*ufoGC58^2*
         ufoGC4^2
          - 1/4*g_(1,6_,nu10)*g_(2,6_,nu11)*Vec(nu10,q2)*Vec(nu11,q2)*Vec(nu9,
         q3)^2*Vec(nu12,q2)^2*Vec(nu15,q3)^2*p4.p4*d^-1*xiw^2*ufoGC58^2*
         ufoGC4^2
          + 1/2*g_(1,6_,nu10)*g_(2,6_,nu11)*Vec(nu10,q2)*Vec(nu11,q2)*Vec(nu9,
         q3)^2*Vec(nu12,q2)*Vec(nu12,q3)*Vec(nu15,q2)^2*p4.p4*d^-1*xia*xiw^2*
         ufoGC58^2*ufoGC4^2
          - 1/2*g_(1,6_,nu10)*g_(2,6_,nu11)*Vec(nu10,q2)*Vec(nu11,q2)*Vec(nu9,
         q3)^2*Vec(nu12,q2)*Vec(nu12,q3)*Vec(nu15,q2)^2*p4.p4*d^-1*xiw^2*
         ufoGC58^2*ufoGC4^2
          + g_(1,6_,nu10)*g_(2,6_,nu11)*Vec(nu10,q2)*Vec(nu11,q2)*Vec(nu9,q3)^
         2*Vec(nu12,q2)*Vec(nu12,q3)*Vec(nu15,q2)*Vec(nu15,q3)*p4.p4*d^-1*xia*
         xiw^2*ufoGC58^2*ufoGC4^2
          - g_(1,6_,nu10)*g_(2,6_,nu11)*Vec(nu10,q2)*Vec(nu11,q2)*Vec(nu9,q3)^
         2*Vec(nu12,q2)*Vec(nu12,q3)*Vec(nu15,q2)*Vec(nu15,q3)*p4.p4*d^-1*
         xiw^2*ufoGC58^2*ufoGC4^2
          + 1/2*g_(1,6_,nu10)*g_(2,6_,nu11)*Vec(nu10,q2)*Vec(nu11,q2)*Vec(nu9,
         q3)^2*Vec(nu12,q2)*Vec(nu12,q3)*Vec(nu15,q3)^2*p4.p4*d^-1*xia*xiw^2*
         ufoGC58^2*ufoGC4^2
          - 1/2*g_(1,6_,nu10)*g_(2,6_,nu11)*Vec(nu10,q2)*Vec(nu11,q2)*Vec(nu9,
         q3)^2*Vec(nu12,q2)*Vec(nu12,q3)*Vec(nu15,q3)^2*p4.p4*d^-1*xiw^2*
         ufoGC58^2*ufoGC4^2
          + 1/4*g_(1,6_,nu10)*g_(2,6_,nu11)*Vec(nu10,q2)*Vec(nu11,q2)*Vec(nu9,
         q3)^2*Vec(nu12,q3)^2*Vec(nu15,q2)^2*p4.p4*d^-1*xia*xiw^2*ufoGC58^2*
         ufoGC4^2
          - 1/4*g_(1,6_,nu10)*g_(2,6_,nu11)*Vec(nu10,q2)*Vec(nu11,q2)*Vec(nu9,
         q3)^2*Vec(nu12,q3)^2*Vec(nu15,q2)^2*p4.p4*d^-1*xiw^2*ufoGC58^2*
         ufoGC4^2
          + 1/2*g_(1,6_,nu10)*g_(2,6_,nu11)*Vec(nu10,q2)*Vec(nu11,q2)*Vec(nu9,
         q3)^2*Vec(nu12,q3)^2*Vec(nu15,q2)*Vec(nu15,q3)*p4.p4*d^-1*xia*xiw^2*
         ufoGC58^2*ufoGC4^2
          - 1/2*g_(1,6_,nu10)*g_(2,6_,nu11)*Vec(nu10,q2)*Vec(nu11,q2)*Vec(nu9,
         q3)^2*Vec(nu12,q3)^2*Vec(nu15,q2)*Vec(nu15,q3)*p4.p4*d^-1*xiw^2*
         ufoGC58^2*ufoGC4^2
          + 1/4*g_(1,6_,nu10)*g_(2,6_,nu11)*Vec(nu10,q2)*Vec(nu11,q2)*Vec(nu9,
         q3)^2*Vec(nu12,q3)^2*Vec(nu15,q3)^2*p4.p4*d^-1*xia*xiw^2*ufoGC58^2*
         ufoGC4^2
          - 1/4*g_(1,6_,nu10)*g_(2,6_,nu11)*Vec(nu10,q2)*Vec(nu11,q2)*Vec(nu9,
         q3)^2*Vec(nu12,q3)^2*Vec(nu15,q3)^2*p4.p4*d^-1*xiw^2*ufoGC58^2*
         ufoGC4^2
          - 1/4*g_(1,6_,nu10)*g_(2,6_,nu11)*Vec(nu10,q2)*Vec(nu11,q2)*Vec(nu9,
         q3)^2*Vec(nu13,q2)^2*Vec(nu16,q2)^2*p4.p4*d^-1*xia*xiw^2*ufoGC58^2*
         ufoGC4^2
          + 1/4*g_(1,6_,nu10)*g_(2,6_,nu11)*Vec(nu10,q2)*Vec(nu11,q2)*Vec(nu9,
         q3)^2*Vec(nu13,q2)^2*Vec(nu16,q2)^2*p4.p4*d^-1*xiw^2*ufoGC58^2*
         ufoGC4^2
          - 1/2*g_(1,6_,nu10)*g_(2,6_,nu11)*Vec(nu10,q2)*Vec(nu11,q2)*Vec(nu9,
         q3)^2*Vec(nu13,q2)^2*Vec(nu16,q2)*Vec(nu16,q3)*p4.p4*d^-1*xia*xiw^2*
         ufoGC58^2*ufoGC4^2
          + 1/2*g_(1,6_,nu10)*g_(2,6_,nu11)*Vec(nu10,q2)*Vec(nu11,q2)*Vec(nu9,
         q3)^2*Vec(nu13,q2)^2*Vec(nu16,q2)*Vec(nu16,q3)*p4.p4*d^-1*xiw^2*
         ufoGC58^2*ufoGC4^2
          - 1/4*g_(1,6_,nu10)*g_(2,6_,nu11)*Vec(nu10,q2)*Vec(nu11,q2)*Vec(nu9,
         q3)^2*Vec(nu13,q2)^2*Vec(nu16,q3)^2*p4.p4*d^-1*xia*xiw^2*ufoGC58^2*
         ufoGC4^2
          + 1/4*g_(1,6_,nu10)*g_(2,6_,nu11)*Vec(nu10,q2)*Vec(nu11,q2)*Vec(nu9,
         q3)^2*Vec(nu13,q2)^2*Vec(nu16,q3)^2*p4.p4*d^-1*xiw^2*ufoGC58^2*
         ufoGC4^2
          - 1/2*g_(1,6_,nu10)*g_(2,6_,nu11)*Vec(nu10,q2)*Vec(nu11,q2)*Vec(nu9,
         q3)^2*Vec(nu13,q2)*Vec(nu13,q3)*Vec(nu16,q2)^2*p4.p4*d^-1*xia*xiw^2*
         ufoGC58^2*ufoGC4^2
          + 1/2*g_(1,6_,nu10)*g_(2,6_,nu11)*Vec(nu10,q2)*Vec(nu11,q2)*Vec(nu9,
         q3)^2*Vec(nu13,q2)*Vec(nu13,q3)*Vec(nu16,q2)^2*p4.p4*d^-1*xiw^2*
         ufoGC58^2*ufoGC4^2
          - g_(1,6_,nu10)*g_(2,6_,nu11)*Vec(nu10,q2)*Vec(nu11,q2)*Vec(nu9,q3)^
         2*Vec(nu13,q2)*Vec(nu13,q3)*Vec(nu16,q2)*Vec(nu16,q3)*p4.p4*d^-1*xia*
         xiw^2*ufoGC58^2*ufoGC4^2
          + g_(1,6_,nu10)*g_(2,6_,nu11)*Vec(nu10,q2)*Vec(nu11,q2)*Vec(nu9,q3)^
         2*Vec(nu13,q2)*Vec(nu13,q3)*Vec(nu16,q2)*Vec(nu16,q3)*p4.p4*d^-1*
         xiw^2*ufoGC58^2*ufoGC4^2
          - 1/2*g_(1,6_,nu10)*g_(2,6_,nu11)*Vec(nu10,q2)*Vec(nu11,q2)*Vec(nu9,
         q3)^2*Vec(nu13,q2)*Vec(nu13,q3)*Vec(nu16,q3)^2*p4.p4*d^-1*xia*xiw^2*
         ufoGC58^2*ufoGC4^2
          + 1/2*g_(1,6_,nu10)*g_(2,6_,nu11)*Vec(nu10,q2)*Vec(nu11,q2)*Vec(nu9,
         q3)^2*Vec(nu13,q2)*Vec(nu13,q3)*Vec(nu16,q3)^2*p4.p4*d^-1*xiw^2*
         ufoGC58^2*ufoGC4^2
          - 1/4*g_(1,6_,nu10)*g_(2,6_,nu11)*Vec(nu10,q2)*Vec(nu11,q2)*Vec(nu9,
         q3)^2*Vec(nu13,q3)^2*Vec(nu16,q2)^2*p4.p4*d^-1*xia*xiw^2*ufoGC58^2*
         ufoGC4^2
          + 1/4*g_(1,6_,nu10)*g_(2,6_,nu11)*Vec(nu10,q2)*Vec(nu11,q2)*Vec(nu9,
         q3)^2*Vec(nu13,q3)^2*Vec(nu16,q2)^2*p4.p4*d^-1*xiw^2*ufoGC58^2*
         ufoGC4^2
          - 1/2*g_(1,6_,nu10)*g_(2,6_,nu11)*Vec(nu10,q2)*Vec(nu11,q2)*Vec(nu9,
         q3)^2*Vec(nu13,q3)^2*Vec(nu16,q2)*Vec(nu16,q3)*p4.p4*d^-1*xia*xiw^2*
         ufoGC58^2*ufoGC4^2
          + 1/2*g_(1,6_,nu10)*g_(2,6_,nu11)*Vec(nu10,q2)*Vec(nu11,q2)*Vec(nu9,
         q3)^2*Vec(nu13,q3)^2*Vec(nu16,q2)*Vec(nu16,q3)*p4.p4*d^-1*xiw^2*
         ufoGC58^2*ufoGC4^2
          - 1/4*g_(1,6_,nu10)*g_(2,6_,nu11)*Vec(nu10,q2)*Vec(nu11,q2)*Vec(nu9,
         q3)^2*Vec(nu13,q3)^2*Vec(nu16,q3)^2*p4.p4*d^-1*xia*xiw^2*ufoGC58^2*
         ufoGC4^2
          + 1/4*g_(1,6_,nu10)*g_(2,6_,nu11)*Vec(nu10,q2)*Vec(nu11,q2)*Vec(nu9,
         q3)^2*Vec(nu13,q3)^2*Vec(nu16,q3)^2*p4.p4*d^-1*xiw^2*ufoGC58^2*
         ufoGC4^2
          - 1/4*g_(1,6_,nu10)*g_(2,6_,nu11)*Vec(nu10,q2)*Vec(nu11,q2)*Vec(nu12
         ,q2)^2*Vec(nu14,q2)^2*Vec(nu15,q2)^2*p4.p4*d^-1*xia*xiw^2*ufoGC58^2*
         ufoGC4^2
          + 1/4*g_(1,6_,nu10)*g_(2,6_,nu11)*Vec(nu10,q2)*Vec(nu11,q2)*Vec(nu12
         ,q2)^2*Vec(nu14,q2)^2*Vec(nu15,q2)^2*p4.p4*d^-1*xiw^2*ufoGC58^2*
         ufoGC4^2
          - 1/2*g_(1,6_,nu10)*g_(2,6_,nu11)*Vec(nu10,q2)*Vec(nu11,q2)*Vec(nu12
         ,q2)^2*Vec(nu14,q2)^2*Vec(nu15,q2)*Vec(nu15,q3)*p4.p4*d^-1*xia*xiw^2*
         ufoGC58^2*ufoGC4^2
          + 1/2*g_(1,6_,nu10)*g_(2,6_,nu11)*Vec(nu10,q2)*Vec(nu11,q2)*Vec(nu12
         ,q2)^2*Vec(nu14,q2)^2*Vec(nu15,q2)*Vec(nu15,q3)*p4.p4*d^-1*xiw^2*
         ufoGC58^2*ufoGC4^2
          - 1/4*g_(1,6_,nu10)*g_(2,6_,nu11)*Vec(nu10,q2)*Vec(nu11,q2)*Vec(nu12
         ,q2)^2*Vec(nu14,q2)^2*Vec(nu15,q3)^2*p4.p4*d^-1*xia*xiw^2*ufoGC58^2*
         ufoGC4^2
          + 1/4*g_(1,6_,nu10)*g_(2,6_,nu11)*Vec(nu10,q2)*Vec(nu11,q2)*Vec(nu12
         ,q2)^2*Vec(nu14,q2)^2*Vec(nu15,q3)^2*p4.p4*d^-1*xiw^2*ufoGC58^2*
         ufoGC4^2
          - 1/2*g_(1,6_,nu10)*g_(2,6_,nu11)*Vec(nu10,q2)*Vec(nu11,q2)*Vec(nu12
         ,q2)^2*Vec(nu14,q2)*Vec(nu14,q3)*Vec(nu15,q2)^2*p4.p4*d^-1*xia*xiw^2*
         ufoGC58^2*ufoGC4^2
          + 1/2*g_(1,6_,nu10)*g_(2,6_,nu11)*Vec(nu10,q2)*Vec(nu11,q2)*Vec(nu12
         ,q2)^2*Vec(nu14,q2)*Vec(nu14,q3)*Vec(nu15,q2)^2*p4.p4*d^-1*xiw^2*
         ufoGC58^2*ufoGC4^2
          - g_(1,6_,nu10)*g_(2,6_,nu11)*Vec(nu10,q2)*Vec(nu11,q2)*Vec(nu12,q2)
         ^2*Vec(nu14,q2)*Vec(nu14,q3)*Vec(nu15,q2)*Vec(nu15,q3)*p4.p4*d^-1*xia
         *xiw^2*ufoGC58^2*ufoGC4^2
          + g_(1,6_,nu10)*g_(2,6_,nu11)*Vec(nu10,q2)*Vec(nu11,q2)*Vec(nu12,q2)
         ^2*Vec(nu14,q2)*Vec(nu14,q3)*Vec(nu15,q2)*Vec(nu15,q3)*p4.p4*d^-1*
         xiw^2*ufoGC58^2*ufoGC4^2
          - 1/2*g_(1,6_,nu10)*g_(2,6_,nu11)*Vec(nu10,q2)*Vec(nu11,q2)*Vec(nu12
         ,q2)^2*Vec(nu14,q2)*Vec(nu14,q3)*Vec(nu15,q3)^2*p4.p4*d^-1*xia*xiw^2*
         ufoGC58^2*ufoGC4^2
          + 1/2*g_(1,6_,nu10)*g_(2,6_,nu11)*Vec(nu10,q2)*Vec(nu11,q2)*Vec(nu12
         ,q2)^2*Vec(nu14,q2)*Vec(nu14,q3)*Vec(nu15,q3)^2*p4.p4*d^-1*xiw^2*
         ufoGC58^2*ufoGC4^2
          - 1/4*g_(1,6_,nu10)*g_(2,6_,nu11)*Vec(nu10,q2)*Vec(nu11,q2)*Vec(nu12
         ,q2)^2*Vec(nu14,q3)^2*Vec(nu15,q2)^2*p4.p4*d^-1*xia*xiw^2*ufoGC58^2*
         ufoGC4^2
          + 1/4*g_(1,6_,nu10)*g_(2,6_,nu11)*Vec(nu10,q2)*Vec(nu11,q2)*Vec(nu12
         ,q2)^2*Vec(nu14,q3)^2*Vec(nu15,q2)^2*p4.p4*d^-1*xiw^2*ufoGC58^2*
         ufoGC4^2
          - 1/2*g_(1,6_,nu10)*g_(2,6_,nu11)*Vec(nu10,q2)*Vec(nu11,q2)*Vec(nu12
         ,q2)^2*Vec(nu14,q3)^2*Vec(nu15,q2)*Vec(nu15,q3)*p4.p4*d^-1*xia*xiw^2*
         ufoGC58^2*ufoGC4^2
          + 1/2*g_(1,6_,nu10)*g_(2,6_,nu11)*Vec(nu10,q2)*Vec(nu11,q2)*Vec(nu12
         ,q2)^2*Vec(nu14,q3)^2*Vec(nu15,q2)*Vec(nu15,q3)*p4.p4*d^-1*xiw^2*
         ufoGC58^2*ufoGC4^2
          - 1/4*g_(1,6_,nu10)*g_(2,6_,nu11)*Vec(nu10,q2)*Vec(nu11,q2)*Vec(nu12
         ,q2)^2*Vec(nu14,q3)^2*Vec(nu15,q3)^2*p4.p4*d^-1*xia*xiw^2*ufoGC58^2*
         ufoGC4^2
          + 1/4*g_(1,6_,nu10)*g_(2,6_,nu11)*Vec(nu10,q2)*Vec(nu11,q2)*Vec(nu12
         ,q2)^2*Vec(nu14,q3)^2*Vec(nu15,q3)^2*p4.p4*d^-1*xiw^2*ufoGC58^2*
         ufoGC4^2
          + 1/4*g_(1,6_,nu10)*g_(2,6_,nu11)*Vec(nu10,q2)*Vec(nu11,q2)*Vec(nu12
         ,q2)^2*Vec(nu13,q2)^2*p4.p4^2*d^-1*xia*xiw^2*ufoGC58^2*ufoGC4^2
          - 1/4*g_(1,6_,nu10)*g_(2,6_,nu11)*Vec(nu10,q2)*Vec(nu11,q2)*Vec(nu12
         ,q2)^2*Vec(nu13,q2)^2*p4.p4^2*d^-1*xiw^2*ufoGC58^2*ufoGC4^2
          + 1/2*g_(1,6_,nu10)*g_(2,6_,nu11)*Vec(nu10,q2)*Vec(nu11,q2)*Vec(nu12
         ,q2)^2*Vec(nu13,q2)*Vec(nu13,q3)*p4.p4^2*d^-1*xia*xiw^2*ufoGC58^2*
         ufoGC4^2
          - 1/2*g_(1,6_,nu10)*g_(2,6_,nu11)*Vec(nu10,q2)*Vec(nu11,q2)*Vec(nu12
         ,q2)^2*Vec(nu13,q2)*Vec(nu13,q3)*p4.p4^2*d^-1*xiw^2*ufoGC58^2*
         ufoGC4^2
          + 1/4*g_(1,6_,nu10)*g_(2,6_,nu11)*Vec(nu10,q2)*Vec(nu11,q2)*Vec(nu12
         ,q2)^2*Vec(nu13,q3)^2*p4.p4^2*d^-1*xia*xiw^2*ufoGC58^2*ufoGC4^2
          - 1/4*g_(1,6_,nu10)*g_(2,6_,nu11)*Vec(nu10,q2)*Vec(nu11,q2)*Vec(nu12
         ,q2)^2*Vec(nu13,q3)^2*p4.p4^2*d^-1*xiw^2*ufoGC58^2*ufoGC4^2
          - 1/2*g_(1,6_,nu10)*g_(2,6_,nu11)*Vec(nu10,q2)*Vec(nu11,q2)*Vec(nu12
         ,q2)*Vec(nu12,q3)*Vec(nu14,q2)^2*Vec(nu15,q2)^2*p4.p4*d^-1*xia*xiw^2*
         ufoGC58^2*ufoGC4^2
          + 1/2*g_(1,6_,nu10)*g_(2,6_,nu11)*Vec(nu10,q2)*Vec(nu11,q2)*Vec(nu12
         ,q2)*Vec(nu12,q3)*Vec(nu14,q2)^2*Vec(nu15,q2)^2*p4.p4*d^-1*xiw^2*
         ufoGC58^2*ufoGC4^2
          - g_(1,6_,nu10)*g_(2,6_,nu11)*Vec(nu10,q2)*Vec(nu11,q2)*Vec(nu12,q2)
         *Vec(nu12,q3)*Vec(nu14,q2)^2*Vec(nu15,q2)*Vec(nu15,q3)*p4.p4*d^-1*xia
         *xiw^2*ufoGC58^2*ufoGC4^2
          + g_(1,6_,nu10)*g_(2,6_,nu11)*Vec(nu10,q2)*Vec(nu11,q2)*Vec(nu12,q2)
         *Vec(nu12,q3)*Vec(nu14,q2)^2*Vec(nu15,q2)*Vec(nu15,q3)*p4.p4*d^-1*
         xiw^2*ufoGC58^2*ufoGC4^2
          - 1/2*g_(1,6_,nu10)*g_(2,6_,nu11)*Vec(nu10,q2)*Vec(nu11,q2)*Vec(nu12
         ,q2)*Vec(nu12,q3)*Vec(nu14,q2)^2*Vec(nu15,q3)^2*p4.p4*d^-1*xia*xiw^2*
         ufoGC58^2*ufoGC4^2
          + 1/2*g_(1,6_,nu10)*g_(2,6_,nu11)*Vec(nu10,q2)*Vec(nu11,q2)*Vec(nu12
         ,q2)*Vec(nu12,q3)*Vec(nu14,q2)^2*Vec(nu15,q3)^2*p4.p4*d^-1*xiw^2*
         ufoGC58^2*ufoGC4^2
          - g_(1,6_,nu10)*g_(2,6_,nu11)*Vec(nu10,q2)*Vec(nu11,q2)*Vec(nu12,q2)
         *Vec(nu12,q3)*Vec(nu14,q2)*Vec(nu14,q3)*Vec(nu15,q2)^2*p4.p4*d^-1*xia
         *xiw^2*ufoGC58^2*ufoGC4^2
          + g_(1,6_,nu10)*g_(2,6_,nu11)*Vec(nu10,q2)*Vec(nu11,q2)*Vec(nu12,q2)
         *Vec(nu12,q3)*Vec(nu14,q2)*Vec(nu14,q3)*Vec(nu15,q2)^2*p4.p4*d^-1*
         xiw^2*ufoGC58^2*ufoGC4^2
          - 2*g_(1,6_,nu10)*g_(2,6_,nu11)*Vec(nu10,q2)*Vec(nu11,q2)*Vec(nu12,
         q2)*Vec(nu12,q3)*Vec(nu14,q2)*Vec(nu14,q3)*Vec(nu15,q2)*Vec(nu15,q3)*
         p4.p4*d^-1*xia*xiw^2*ufoGC58^2*ufoGC4^2
          + 2*g_(1,6_,nu10)*g_(2,6_,nu11)*Vec(nu10,q2)*Vec(nu11,q2)*Vec(nu12,
         q2)*Vec(nu12,q3)*Vec(nu14,q2)*Vec(nu14,q3)*Vec(nu15,q2)*Vec(nu15,q3)*
         p4.p4*d^-1*xiw^2*ufoGC58^2*ufoGC4^2
          - g_(1,6_,nu10)*g_(2,6_,nu11)*Vec(nu10,q2)*Vec(nu11,q2)*Vec(nu12,q2)
         *Vec(nu12,q3)*Vec(nu14,q2)*Vec(nu14,q3)*Vec(nu15,q3)^2*p4.p4*d^-1*xia
         *xiw^2*ufoGC58^2*ufoGC4^2
          + g_(1,6_,nu10)*g_(2,6_,nu11)*Vec(nu10,q2)*Vec(nu11,q2)*Vec(nu12,q2)
         *Vec(nu12,q3)*Vec(nu14,q2)*Vec(nu14,q3)*Vec(nu15,q3)^2*p4.p4*d^-1*
         xiw^2*ufoGC58^2*ufoGC4^2
          - 1/2*g_(1,6_,nu10)*g_(2,6_,nu11)*Vec(nu10,q2)*Vec(nu11,q2)*Vec(nu12
         ,q2)*Vec(nu12,q3)*Vec(nu14,q3)^2*Vec(nu15,q2)^2*p4.p4*d^-1*xia*xiw^2*
         ufoGC58^2*ufoGC4^2
          + 1/2*g_(1,6_,nu10)*g_(2,6_,nu11)*Vec(nu10,q2)*Vec(nu11,q2)*Vec(nu12
         ,q2)*Vec(nu12,q3)*Vec(nu14,q3)^2*Vec(nu15,q2)^2*p4.p4*d^-1*xiw^2*
         ufoGC58^2*ufoGC4^2
          - g_(1,6_,nu10)*g_(2,6_,nu11)*Vec(nu10,q2)*Vec(nu11,q2)*Vec(nu12,q2)
         *Vec(nu12,q3)*Vec(nu14,q3)^2*Vec(nu15,q2)*Vec(nu15,q3)*p4.p4*d^-1*xia
         *xiw^2*ufoGC58^2*ufoGC4^2
          + g_(1,6_,nu10)*g_(2,6_,nu11)*Vec(nu10,q2)*Vec(nu11,q2)*Vec(nu12,q2)
         *Vec(nu12,q3)*Vec(nu14,q3)^2*Vec(nu15,q2)*Vec(nu15,q3)*p4.p4*d^-1*
         xiw^2*ufoGC58^2*ufoGC4^2
          - 1/2*g_(1,6_,nu10)*g_(2,6_,nu11)*Vec(nu10,q2)*Vec(nu11,q2)*Vec(nu12
         ,q2)*Vec(nu12,q3)*Vec(nu14,q3)^2*Vec(nu15,q3)^2*p4.p4*d^-1*xia*xiw^2*
         ufoGC58^2*ufoGC4^2
          + 1/2*g_(1,6_,nu10)*g_(2,6_,nu11)*Vec(nu10,q2)*Vec(nu11,q2)*Vec(nu12
         ,q2)*Vec(nu12,q3)*Vec(nu14,q3)^2*Vec(nu15,q3)^2*p4.p4*d^-1*xiw^2*
         ufoGC58^2*ufoGC4^2
          + 1/2*g_(1,6_,nu10)*g_(2,6_,nu11)*Vec(nu10,q2)*Vec(nu11,q2)*Vec(nu12
         ,q2)*Vec(nu12,q3)*Vec(nu13,q2)^2*p4.p4^2*d^-1*xia*xiw^2*ufoGC58^2*
         ufoGC4^2
          - 1/2*g_(1,6_,nu10)*g_(2,6_,nu11)*Vec(nu10,q2)*Vec(nu11,q2)*Vec(nu12
         ,q2)*Vec(nu12,q3)*Vec(nu13,q2)^2*p4.p4^2*d^-1*xiw^2*ufoGC58^2*
         ufoGC4^2
          + g_(1,6_,nu10)*g_(2,6_,nu11)*Vec(nu10,q2)*Vec(nu11,q2)*Vec(nu12,q2)
         *Vec(nu12,q3)*Vec(nu13,q2)*Vec(nu13,q3)*p4.p4^2*d^-1*xia*xiw^2*
         ufoGC58^2*ufoGC4^2
          - g_(1,6_,nu10)*g_(2,6_,nu11)*Vec(nu10,q2)*Vec(nu11,q2)*Vec(nu12,q2)
         *Vec(nu12,q3)*Vec(nu13,q2)*Vec(nu13,q3)*p4.p4^2*d^-1*xiw^2*ufoGC58^2*
         ufoGC4^2
          + 1/2*g_(1,6_,nu10)*g_(2,6_,nu11)*Vec(nu10,q2)*Vec(nu11,q2)*Vec(nu12
         ,q2)*Vec(nu12,q3)*Vec(nu13,q3)^2*p4.p4^2*d^-1*xia*xiw^2*ufoGC58^2*
         ufoGC4^2
          - 1/2*g_(1,6_,nu10)*g_(2,6_,nu11)*Vec(nu10,q2)*Vec(nu11,q2)*Vec(nu12
         ,q2)*Vec(nu12,q3)*Vec(nu13,q3)^2*p4.p4^2*d^-1*xiw^2*ufoGC58^2*
         ufoGC4^2
          - 1/4*g_(1,6_,nu10)*g_(2,6_,nu11)*Vec(nu10,q2)*Vec(nu11,q2)*Vec(nu12
         ,q3)^2*Vec(nu14,q2)^2*Vec(nu15,q2)^2*p4.p4*d^-1*xia*xiw^2*ufoGC58^2*
         ufoGC4^2
          + 1/4*g_(1,6_,nu10)*g_(2,6_,nu11)*Vec(nu10,q2)*Vec(nu11,q2)*Vec(nu12
         ,q3)^2*Vec(nu14,q2)^2*Vec(nu15,q2)^2*p4.p4*d^-1*xiw^2*ufoGC58^2*
         ufoGC4^2
          - 1/2*g_(1,6_,nu10)*g_(2,6_,nu11)*Vec(nu10,q2)*Vec(nu11,q2)*Vec(nu12
         ,q3)^2*Vec(nu14,q2)^2*Vec(nu15,q2)*Vec(nu15,q3)*p4.p4*d^-1*xia*xiw^2*
         ufoGC58^2*ufoGC4^2
          + 1/2*g_(1,6_,nu10)*g_(2,6_,nu11)*Vec(nu10,q2)*Vec(nu11,q2)*Vec(nu12
         ,q3)^2*Vec(nu14,q2)^2*Vec(nu15,q2)*Vec(nu15,q3)*p4.p4*d^-1*xiw^2*
         ufoGC58^2*ufoGC4^2
          - 1/4*g_(1,6_,nu10)*g_(2,6_,nu11)*Vec(nu10,q2)*Vec(nu11,q2)*Vec(nu12
         ,q3)^2*Vec(nu14,q2)^2*Vec(nu15,q3)^2*p4.p4*d^-1*xia*xiw^2*ufoGC58^2*
         ufoGC4^2
          + 1/4*g_(1,6_,nu10)*g_(2,6_,nu11)*Vec(nu10,q2)*Vec(nu11,q2)*Vec(nu12
         ,q3)^2*Vec(nu14,q2)^2*Vec(nu15,q3)^2*p4.p4*d^-1*xiw^2*ufoGC58^2*
         ufoGC4^2
          - 1/2*g_(1,6_,nu10)*g_(2,6_,nu11)*Vec(nu10,q2)*Vec(nu11,q2)*Vec(nu12
         ,q3)^2*Vec(nu14,q2)*Vec(nu14,q3)*Vec(nu15,q2)^2*p4.p4*d^-1*xia*xiw^2*
         ufoGC58^2*ufoGC4^2
          + 1/2*g_(1,6_,nu10)*g_(2,6_,nu11)*Vec(nu10,q2)*Vec(nu11,q2)*Vec(nu12
         ,q3)^2*Vec(nu14,q2)*Vec(nu14,q3)*Vec(nu15,q2)^2*p4.p4*d^-1*xiw^2*
         ufoGC58^2*ufoGC4^2
          - g_(1,6_,nu10)*g_(2,6_,nu11)*Vec(nu10,q2)*Vec(nu11,q2)*Vec(nu12,q3)
         ^2*Vec(nu14,q2)*Vec(nu14,q3)*Vec(nu15,q2)*Vec(nu15,q3)*p4.p4*d^-1*xia
         *xiw^2*ufoGC58^2*ufoGC4^2
          + g_(1,6_,nu10)*g_(2,6_,nu11)*Vec(nu10,q2)*Vec(nu11,q2)*Vec(nu12,q3)
         ^2*Vec(nu14,q2)*Vec(nu14,q3)*Vec(nu15,q2)*Vec(nu15,q3)*p4.p4*d^-1*
         xiw^2*ufoGC58^2*ufoGC4^2
          - 1/2*g_(1,6_,nu10)*g_(2,6_,nu11)*Vec(nu10,q2)*Vec(nu11,q2)*Vec(nu12
         ,q3)^2*Vec(nu14,q2)*Vec(nu14,q3)*Vec(nu15,q3)^2*p4.p4*d^-1*xia*xiw^2*
         ufoGC58^2*ufoGC4^2
          + 1/2*g_(1,6_,nu10)*g_(2,6_,nu11)*Vec(nu10,q2)*Vec(nu11,q2)*Vec(nu12
         ,q3)^2*Vec(nu14,q2)*Vec(nu14,q3)*Vec(nu15,q3)^2*p4.p4*d^-1*xiw^2*
         ufoGC58^2*ufoGC4^2
          - 1/4*g_(1,6_,nu10)*g_(2,6_,nu11)*Vec(nu10,q2)*Vec(nu11,q2)*Vec(nu12
         ,q3)^2*Vec(nu14,q3)^2*Vec(nu15,q2)^2*p4.p4*d^-1*xia*xiw^2*ufoGC58^2*
         ufoGC4^2
          + 1/4*g_(1,6_,nu10)*g_(2,6_,nu11)*Vec(nu10,q2)*Vec(nu11,q2)*Vec(nu12
         ,q3)^2*Vec(nu14,q3)^2*Vec(nu15,q2)^2*p4.p4*d^-1*xiw^2*ufoGC58^2*
         ufoGC4^2
          - 1/2*g_(1,6_,nu10)*g_(2,6_,nu11)*Vec(nu10,q2)*Vec(nu11,q2)*Vec(nu12
         ,q3)^2*Vec(nu14,q3)^2*Vec(nu15,q2)*Vec(nu15,q3)*p4.p4*d^-1*xia*xiw^2*
         ufoGC58^2*ufoGC4^2
          + 1/2*g_(1,6_,nu10)*g_(2,6_,nu11)*Vec(nu10,q2)*Vec(nu11,q2)*Vec(nu12
         ,q3)^2*Vec(nu14,q3)^2*Vec(nu15,q2)*Vec(nu15,q3)*p4.p4*d^-1*xiw^2*
         ufoGC58^2*ufoGC4^2
          - 1/4*g_(1,6_,nu10)*g_(2,6_,nu11)*Vec(nu10,q2)*Vec(nu11,q2)*Vec(nu12
         ,q3)^2*Vec(nu14,q3)^2*Vec(nu15,q3)^2*p4.p4*d^-1*xia*xiw^2*ufoGC58^2*
         ufoGC4^2
          + 1/4*g_(1,6_,nu10)*g_(2,6_,nu11)*Vec(nu10,q2)*Vec(nu11,q2)*Vec(nu12
         ,q3)^2*Vec(nu14,q3)^2*Vec(nu15,q3)^2*p4.p4*d^-1*xiw^2*ufoGC58^2*
         ufoGC4^2
          + 1/4*g_(1,6_,nu10)*g_(2,6_,nu11)*Vec(nu10,q2)*Vec(nu11,q2)*Vec(nu12
         ,q3)^2*Vec(nu13,q2)^2*p4.p4^2*d^-1*xia*xiw^2*ufoGC58^2*ufoGC4^2
          - 1/4*g_(1,6_,nu10)*g_(2,6_,nu11)*Vec(nu10,q2)*Vec(nu11,q2)*Vec(nu12
         ,q3)^2*Vec(nu13,q2)^2*p4.p4^2*d^-1*xiw^2*ufoGC58^2*ufoGC4^2
          + 1/2*g_(1,6_,nu10)*g_(2,6_,nu11)*Vec(nu10,q2)*Vec(nu11,q2)*Vec(nu12
         ,q3)^2*Vec(nu13,q2)*Vec(nu13,q3)*p4.p4^2*d^-1*xia*xiw^2*ufoGC58^2*
         ufoGC4^2
          - 1/2*g_(1,6_,nu10)*g_(2,6_,nu11)*Vec(nu10,q2)*Vec(nu11,q2)*Vec(nu12
         ,q3)^2*Vec(nu13,q2)*Vec(nu13,q3)*p4.p4^2*d^-1*xiw^2*ufoGC58^2*
         ufoGC4^2
          + 1/4*g_(1,6_,nu10)*g_(2,6_,nu11)*Vec(nu10,q2)*Vec(nu11,q2)*Vec(nu12
         ,q3)^2*Vec(nu13,q3)^2*p4.p4^2*d^-1*xia*xiw^2*ufoGC58^2*ufoGC4^2
          - 1/4*g_(1,6_,nu10)*g_(2,6_,nu11)*Vec(nu10,q2)*Vec(nu11,q2)*Vec(nu12
         ,q3)^2*Vec(nu13,q3)^2*p4.p4^2*d^-1*xiw^2*ufoGC58^2*ufoGC4^2
          + 1/4*g_(1,6_,nu10)*g_(2,6_,nu11)*Vec(nu10,q2)*Vec(nu11,q2)*Vec(nu14
         ,q2)^2*Vec(nu13,q2)^2*Vec(nu16,q2)^2*p4.p4*d^-1*xia*xiw^2*ufoGC58^2*
         ufoGC4^2
          - 1/4*g_(1,6_,nu10)*g_(2,6_,nu11)*Vec(nu10,q2)*Vec(nu11,q2)*Vec(nu14
         ,q2)^2*Vec(nu13,q2)^2*Vec(nu16,q2)^2*p4.p4*d^-1*xiw^2*ufoGC58^2*
         ufoGC4^2
          + 1/2*g_(1,6_,nu10)*g_(2,6_,nu11)*Vec(nu10,q2)*Vec(nu11,q2)*Vec(nu14
         ,q2)^2*Vec(nu13,q2)^2*Vec(nu16,q2)*Vec(nu16,q3)*p4.p4*d^-1*xia*xiw^2*
         ufoGC58^2*ufoGC4^2
          - 1/2*g_(1,6_,nu10)*g_(2,6_,nu11)*Vec(nu10,q2)*Vec(nu11,q2)*Vec(nu14
         ,q2)^2*Vec(nu13,q2)^2*Vec(nu16,q2)*Vec(nu16,q3)*p4.p4*d^-1*xiw^2*
         ufoGC58^2*ufoGC4^2
          + 1/4*g_(1,6_,nu10)*g_(2,6_,nu11)*Vec(nu10,q2)*Vec(nu11,q2)*Vec(nu14
         ,q2)^2*Vec(nu13,q2)^2*Vec(nu16,q3)^2*p4.p4*d^-1*xia*xiw^2*ufoGC58^2*
         ufoGC4^2
          - 1/4*g_(1,6_,nu10)*g_(2,6_,nu11)*Vec(nu10,q2)*Vec(nu11,q2)*Vec(nu14
         ,q2)^2*Vec(nu13,q2)^2*Vec(nu16,q3)^2*p4.p4*d^-1*xiw^2*ufoGC58^2*
         ufoGC4^2
          + 1/2*g_(1,6_,nu10)*g_(2,6_,nu11)*Vec(nu10,q2)*Vec(nu11,q2)*Vec(nu14
         ,q2)^2*Vec(nu13,q2)*Vec(nu13,q3)*Vec(nu16,q2)^2*p4.p4*d^-1*xia*xiw^2*
         ufoGC58^2*ufoGC4^2
          - 1/2*g_(1,6_,nu10)*g_(2,6_,nu11)*Vec(nu10,q2)*Vec(nu11,q2)*Vec(nu14
         ,q2)^2*Vec(nu13,q2)*Vec(nu13,q3)*Vec(nu16,q2)^2*p4.p4*d^-1*xiw^2*
         ufoGC58^2*ufoGC4^2
          + g_(1,6_,nu10)*g_(2,6_,nu11)*Vec(nu10,q2)*Vec(nu11,q2)*Vec(nu14,q2)
         ^2*Vec(nu13,q2)*Vec(nu13,q3)*Vec(nu16,q2)*Vec(nu16,q3)*p4.p4*d^-1*xia
         *xiw^2*ufoGC58^2*ufoGC4^2
          - g_(1,6_,nu10)*g_(2,6_,nu11)*Vec(nu10,q2)*Vec(nu11,q2)*Vec(nu14,q2)
         ^2*Vec(nu13,q2)*Vec(nu13,q3)*Vec(nu16,q2)*Vec(nu16,q3)*p4.p4*d^-1*
         xiw^2*ufoGC58^2*ufoGC4^2
          + 1/2*g_(1,6_,nu10)*g_(2,6_,nu11)*Vec(nu10,q2)*Vec(nu11,q2)*Vec(nu14
         ,q2)^2*Vec(nu13,q2)*Vec(nu13,q3)*Vec(nu16,q3)^2*p4.p4*d^-1*xia*xiw^2*
         ufoGC58^2*ufoGC4^2
          - 1/2*g_(1,6_,nu10)*g_(2,6_,nu11)*Vec(nu10,q2)*Vec(nu11,q2)*Vec(nu14
         ,q2)^2*Vec(nu13,q2)*Vec(nu13,q3)*Vec(nu16,q3)^2*p4.p4*d^-1*xiw^2*
         ufoGC58^2*ufoGC4^2
          + 1/4*g_(1,6_,nu10)*g_(2,6_,nu11)*Vec(nu10,q2)*Vec(nu11,q2)*Vec(nu14
         ,q2)^2*Vec(nu13,q3)^2*Vec(nu16,q2)^2*p4.p4*d^-1*xia*xiw^2*ufoGC58^2*
         ufoGC4^2
          - 1/4*g_(1,6_,nu10)*g_(2,6_,nu11)*Vec(nu10,q2)*Vec(nu11,q2)*Vec(nu14
         ,q2)^2*Vec(nu13,q3)^2*Vec(nu16,q2)^2*p4.p4*d^-1*xiw^2*ufoGC58^2*
         ufoGC4^2
          + 1/2*g_(1,6_,nu10)*g_(2,6_,nu11)*Vec(nu10,q2)*Vec(nu11,q2)*Vec(nu14
         ,q2)^2*Vec(nu13,q3)^2*Vec(nu16,q2)*Vec(nu16,q3)*p4.p4*d^-1*xia*xiw^2*
         ufoGC58^2*ufoGC4^2
          - 1/2*g_(1,6_,nu10)*g_(2,6_,nu11)*Vec(nu10,q2)*Vec(nu11,q2)*Vec(nu14
         ,q2)^2*Vec(nu13,q3)^2*Vec(nu16,q2)*Vec(nu16,q3)*p4.p4*d^-1*xiw^2*
         ufoGC58^2*ufoGC4^2
          + 1/4*g_(1,6_,nu10)*g_(2,6_,nu11)*Vec(nu10,q2)*Vec(nu11,q2)*Vec(nu14
         ,q2)^2*Vec(nu13,q3)^2*Vec(nu16,q3)^2*p4.p4*d^-1*xia*xiw^2*ufoGC58^2*
         ufoGC4^2
          - 1/4*g_(1,6_,nu10)*g_(2,6_,nu11)*Vec(nu10,q2)*Vec(nu11,q2)*Vec(nu14
         ,q2)^2*Vec(nu13,q3)^2*Vec(nu16,q3)^2*p4.p4*d^-1*xiw^2*ufoGC58^2*
         ufoGC4^2
          + 1/2*g_(1,6_,nu10)*g_(2,6_,nu11)*Vec(nu10,q2)*Vec(nu11,q2)*Vec(nu14
         ,q2)*Vec(nu14,q3)*Vec(nu13,q2)^2*Vec(nu16,q2)^2*p4.p4*d^-1*xia*xiw^2*
         ufoGC58^2*ufoGC4^2
          - 1/2*g_(1,6_,nu10)*g_(2,6_,nu11)*Vec(nu10,q2)*Vec(nu11,q2)*Vec(nu14
         ,q2)*Vec(nu14,q3)*Vec(nu13,q2)^2*Vec(nu16,q2)^2*p4.p4*d^-1*xiw^2*
         ufoGC58^2*ufoGC4^2
          + g_(1,6_,nu10)*g_(2,6_,nu11)*Vec(nu10,q2)*Vec(nu11,q2)*Vec(nu14,q2)
         *Vec(nu14,q3)*Vec(nu13,q2)^2*Vec(nu16,q2)*Vec(nu16,q3)*p4.p4*d^-1*xia
         *xiw^2*ufoGC58^2*ufoGC4^2
          - g_(1,6_,nu10)*g_(2,6_,nu11)*Vec(nu10,q2)*Vec(nu11,q2)*Vec(nu14,q2)
         *Vec(nu14,q3)*Vec(nu13,q2)^2*Vec(nu16,q2)*Vec(nu16,q3)*p4.p4*d^-1*
         xiw^2*ufoGC58^2*ufoGC4^2
          + 1/2*g_(1,6_,nu10)*g_(2,6_,nu11)*Vec(nu10,q2)*Vec(nu11,q2)*Vec(nu14
         ,q2)*Vec(nu14,q3)*Vec(nu13,q2)^2*Vec(nu16,q3)^2*p4.p4*d^-1*xia*xiw^2*
         ufoGC58^2*ufoGC4^2
          - 1/2*g_(1,6_,nu10)*g_(2,6_,nu11)*Vec(nu10,q2)*Vec(nu11,q2)*Vec(nu14
         ,q2)*Vec(nu14,q3)*Vec(nu13,q2)^2*Vec(nu16,q3)^2*p4.p4*d^-1*xiw^2*
         ufoGC58^2*ufoGC4^2
          + g_(1,6_,nu10)*g_(2,6_,nu11)*Vec(nu10,q2)*Vec(nu11,q2)*Vec(nu14,q2)
         *Vec(nu14,q3)*Vec(nu13,q2)*Vec(nu13,q3)*Vec(nu16,q2)^2*p4.p4*d^-1*xia
         *xiw^2*ufoGC58^2*ufoGC4^2
          - g_(1,6_,nu10)*g_(2,6_,nu11)*Vec(nu10,q2)*Vec(nu11,q2)*Vec(nu14,q2)
         *Vec(nu14,q3)*Vec(nu13,q2)*Vec(nu13,q3)*Vec(nu16,q2)^2*p4.p4*d^-1*
         xiw^2*ufoGC58^2*ufoGC4^2
          + 2*g_(1,6_,nu10)*g_(2,6_,nu11)*Vec(nu10,q2)*Vec(nu11,q2)*Vec(nu14,
         q2)*Vec(nu14,q3)*Vec(nu13,q2)*Vec(nu13,q3)*Vec(nu16,q2)*Vec(nu16,q3)*
         p4.p4*d^-1*xia*xiw^2*ufoGC58^2*ufoGC4^2
          - 2*g_(1,6_,nu10)*g_(2,6_,nu11)*Vec(nu10,q2)*Vec(nu11,q2)*Vec(nu14,
         q2)*Vec(nu14,q3)*Vec(nu13,q2)*Vec(nu13,q3)*Vec(nu16,q2)*Vec(nu16,q3)*
         p4.p4*d^-1*xiw^2*ufoGC58^2*ufoGC4^2
          + g_(1,6_,nu10)*g_(2,6_,nu11)*Vec(nu10,q2)*Vec(nu11,q2)*Vec(nu14,q2)
         *Vec(nu14,q3)*Vec(nu13,q2)*Vec(nu13,q3)*Vec(nu16,q3)^2*p4.p4*d^-1*xia
         *xiw^2*ufoGC58^2*ufoGC4^2
          - g_(1,6_,nu10)*g_(2,6_,nu11)*Vec(nu10,q2)*Vec(nu11,q2)*Vec(nu14,q2)
         *Vec(nu14,q3)*Vec(nu13,q2)*Vec(nu13,q3)*Vec(nu16,q3)^2*p4.p4*d^-1*
         xiw^2*ufoGC58^2*ufoGC4^2
          + 1/2*g_(1,6_,nu10)*g_(2,6_,nu11)*Vec(nu10,q2)*Vec(nu11,q2)*Vec(nu14
         ,q2)*Vec(nu14,q3)*Vec(nu13,q3)^2*Vec(nu16,q2)^2*p4.p4*d^-1*xia*xiw^2*
         ufoGC58^2*ufoGC4^2
          - 1/2*g_(1,6_,nu10)*g_(2,6_,nu11)*Vec(nu10,q2)*Vec(nu11,q2)*Vec(nu14
         ,q2)*Vec(nu14,q3)*Vec(nu13,q3)^2*Vec(nu16,q2)^2*p4.p4*d^-1*xiw^2*
         ufoGC58^2*ufoGC4^2
          + g_(1,6_,nu10)*g_(2,6_,nu11)*Vec(nu10,q2)*Vec(nu11,q2)*Vec(nu14,q2)
         *Vec(nu14,q3)*Vec(nu13,q3)^2*Vec(nu16,q2)*Vec(nu16,q3)*p4.p4*d^-1*xia
         *xiw^2*ufoGC58^2*ufoGC4^2
          - g_(1,6_,nu10)*g_(2,6_,nu11)*Vec(nu10,q2)*Vec(nu11,q2)*Vec(nu14,q2)
         *Vec(nu14,q3)*Vec(nu13,q3)^2*Vec(nu16,q2)*Vec(nu16,q3)*p4.p4*d^-1*
         xiw^2*ufoGC58^2*ufoGC4^2
          + 1/2*g_(1,6_,nu10)*g_(2,6_,nu11)*Vec(nu10,q2)*Vec(nu11,q2)*Vec(nu14
         ,q2)*Vec(nu14,q3)*Vec(nu13,q3)^2*Vec(nu16,q3)^2*p4.p4*d^-1*xia*xiw^2*
         ufoGC58^2*ufoGC4^2
          - 1/2*g_(1,6_,nu10)*g_(2,6_,nu11)*Vec(nu10,q2)*Vec(nu11,q2)*Vec(nu14
         ,q2)*Vec(nu14,q3)*Vec(nu13,q3)^2*Vec(nu16,q3)^2*p4.p4*d^-1*xiw^2*
         ufoGC58^2*ufoGC4^2
          + 1/4*g_(1,6_,nu10)*g_(2,6_,nu11)*Vec(nu10,q2)*Vec(nu11,q2)*Vec(nu14
         ,q3)^2*Vec(nu13,q2)^2*Vec(nu16,q2)^2*p4.p4*d^-1*xia*xiw^2*ufoGC58^2*
         ufoGC4^2
          - 1/4*g_(1,6_,nu10)*g_(2,6_,nu11)*Vec(nu10,q2)*Vec(nu11,q2)*Vec(nu14
         ,q3)^2*Vec(nu13,q2)^2*Vec(nu16,q2)^2*p4.p4*d^-1*xiw^2*ufoGC58^2*
         ufoGC4^2
          + 1/2*g_(1,6_,nu10)*g_(2,6_,nu11)*Vec(nu10,q2)*Vec(nu11,q2)*Vec(nu14
         ,q3)^2*Vec(nu13,q2)^2*Vec(nu16,q2)*Vec(nu16,q3)*p4.p4*d^-1*xia*xiw^2*
         ufoGC58^2*ufoGC4^2
          - 1/2*g_(1,6_,nu10)*g_(2,6_,nu11)*Vec(nu10,q2)*Vec(nu11,q2)*Vec(nu14
         ,q3)^2*Vec(nu13,q2)^2*Vec(nu16,q2)*Vec(nu16,q3)*p4.p4*d^-1*xiw^2*
         ufoGC58^2*ufoGC4^2
          + 1/4*g_(1,6_,nu10)*g_(2,6_,nu11)*Vec(nu10,q2)*Vec(nu11,q2)*Vec(nu14
         ,q3)^2*Vec(nu13,q2)^2*Vec(nu16,q3)^2*p4.p4*d^-1*xia*xiw^2*ufoGC58^2*
         ufoGC4^2
          - 1/4*g_(1,6_,nu10)*g_(2,6_,nu11)*Vec(nu10,q2)*Vec(nu11,q2)*Vec(nu14
         ,q3)^2*Vec(nu13,q2)^2*Vec(nu16,q3)^2*p4.p4*d^-1*xiw^2*ufoGC58^2*
         ufoGC4^2
          + 1/2*g_(1,6_,nu10)*g_(2,6_,nu11)*Vec(nu10,q2)*Vec(nu11,q2)*Vec(nu14
         ,q3)^2*Vec(nu13,q2)*Vec(nu13,q3)*Vec(nu16,q2)^2*p4.p4*d^-1*xia*xiw^2*
         ufoGC58^2*ufoGC4^2
          - 1/2*g_(1,6_,nu10)*g_(2,6_,nu11)*Vec(nu10,q2)*Vec(nu11,q2)*Vec(nu14
         ,q3)^2*Vec(nu13,q2)*Vec(nu13,q3)*Vec(nu16,q2)^2*p4.p4*d^-1*xiw^2*
         ufoGC58^2*ufoGC4^2
          + g_(1,6_,nu10)*g_(2,6_,nu11)*Vec(nu10,q2)*Vec(nu11,q2)*Vec(nu14,q3)
         ^2*Vec(nu13,q2)*Vec(nu13,q3)*Vec(nu16,q2)*Vec(nu16,q3)*p4.p4*d^-1*xia
         *xiw^2*ufoGC58^2*ufoGC4^2
          - g_(1,6_,nu10)*g_(2,6_,nu11)*Vec(nu10,q2)*Vec(nu11,q2)*Vec(nu14,q3)
         ^2*Vec(nu13,q2)*Vec(nu13,q3)*Vec(nu16,q2)*Vec(nu16,q3)*p4.p4*d^-1*
         xiw^2*ufoGC58^2*ufoGC4^2
          + 1/2*g_(1,6_,nu10)*g_(2,6_,nu11)*Vec(nu10,q2)*Vec(nu11,q2)*Vec(nu14
         ,q3)^2*Vec(nu13,q2)*Vec(nu13,q3)*Vec(nu16,q3)^2*p4.p4*d^-1*xia*xiw^2*
         ufoGC58^2*ufoGC4^2
          - 1/2*g_(1,6_,nu10)*g_(2,6_,nu11)*Vec(nu10,q2)*Vec(nu11,q2)*Vec(nu14
         ,q3)^2*Vec(nu13,q2)*Vec(nu13,q3)*Vec(nu16,q3)^2*p4.p4*d^-1*xiw^2*
         ufoGC58^2*ufoGC4^2
          + 1/4*g_(1,6_,nu10)*g_(2,6_,nu11)*Vec(nu10,q2)*Vec(nu11,q2)*Vec(nu14
         ,q3)^2*Vec(nu13,q3)^2*Vec(nu16,q2)^2*p4.p4*d^-1*xia*xiw^2*ufoGC58^2*
         ufoGC4^2
          - 1/4*g_(1,6_,nu10)*g_(2,6_,nu11)*Vec(nu10,q2)*Vec(nu11,q2)*Vec(nu14
         ,q3)^2*Vec(nu13,q3)^2*Vec(nu16,q2)^2*p4.p4*d^-1*xiw^2*ufoGC58^2*
         ufoGC4^2
          + 1/2*g_(1,6_,nu10)*g_(2,6_,nu11)*Vec(nu10,q2)*Vec(nu11,q2)*Vec(nu14
         ,q3)^2*Vec(nu13,q3)^2*Vec(nu16,q2)*Vec(nu16,q3)*p4.p4*d^-1*xia*xiw^2*
         ufoGC58^2*ufoGC4^2
          - 1/2*g_(1,6_,nu10)*g_(2,6_,nu11)*Vec(nu10,q2)*Vec(nu11,q2)*Vec(nu14
         ,q3)^2*Vec(nu13,q3)^2*Vec(nu16,q2)*Vec(nu16,q3)*p4.p4*d^-1*xiw^2*
         ufoGC58^2*ufoGC4^2
          + 1/4*g_(1,6_,nu10)*g_(2,6_,nu11)*Vec(nu10,q2)*Vec(nu11,q2)*Vec(nu14
         ,q3)^2*Vec(nu13,q3)^2*Vec(nu16,q3)^2*p4.p4*d^-1*xia*xiw^2*ufoGC58^2*
         ufoGC4^2
          - 1/4*g_(1,6_,nu10)*g_(2,6_,nu11)*Vec(nu10,q2)*Vec(nu11,q2)*Vec(nu14
         ,q3)^2*Vec(nu13,q3)^2*Vec(nu16,q3)^2*p4.p4*d^-1*xiw^2*ufoGC58^2*
         ufoGC4^2
          - 1/4*g_(1,6_,nu10)*g_(2,6_,nu11)*Vec(nu10,q2)*Vec(nu11,q2)*Vec(nu13
         ,q2)^2*Vec(nu16,q2)^2*p4.p4^2*d^-1*xia*xiw^2*ufoGC58^2*ufoGC4^2
          + 1/4*g_(1,6_,nu10)*g_(2,6_,nu11)*Vec(nu10,q2)*Vec(nu11,q2)*Vec(nu13
         ,q2)^2*Vec(nu16,q2)^2*p4.p4^2*d^-1*xiw^2*ufoGC58^2*ufoGC4^2
          - 1/2*g_(1,6_,nu10)*g_(2,6_,nu11)*Vec(nu10,q2)*Vec(nu11,q2)*Vec(nu13
         ,q2)^2*Vec(nu16,q2)*Vec(nu16,q3)*p4.p4^2*d^-1*xia*xiw^2*ufoGC58^2*
         ufoGC4^2
          + 1/2*g_(1,6_,nu10)*g_(2,6_,nu11)*Vec(nu10,q2)*Vec(nu11,q2)*Vec(nu13
         ,q2)^2*Vec(nu16,q2)*Vec(nu16,q3)*p4.p4^2*d^-1*xiw^2*ufoGC58^2*
         ufoGC4^2
          - 1/4*g_(1,6_,nu10)*g_(2,6_,nu11)*Vec(nu10,q2)*Vec(nu11,q2)*Vec(nu13
         ,q2)^2*Vec(nu16,q3)^2*p4.p4^2*d^-1*xia*xiw^2*ufoGC58^2*ufoGC4^2
          + 1/4*g_(1,6_,nu10)*g_(2,6_,nu11)*Vec(nu10,q2)*Vec(nu11,q2)*Vec(nu13
         ,q2)^2*Vec(nu16,q3)^2*p4.p4^2*d^-1*xiw^2*ufoGC58^2*ufoGC4^2
          - 1/2*g_(1,6_,nu10)*g_(2,6_,nu11)*Vec(nu10,q2)*Vec(nu11,q2)*Vec(nu13
         ,q2)*Vec(nu13,q3)*Vec(nu16,q2)^2*p4.p4^2*d^-1*xia*xiw^2*ufoGC58^2*
         ufoGC4^2
          + 1/2*g_(1,6_,nu10)*g_(2,6_,nu11)*Vec(nu10,q2)*Vec(nu11,q2)*Vec(nu13
         ,q2)*Vec(nu13,q3)*Vec(nu16,q2)^2*p4.p4^2*d^-1*xiw^2*ufoGC58^2*
         ufoGC4^2
          - g_(1,6_,nu10)*g_(2,6_,nu11)*Vec(nu10,q2)*Vec(nu11,q2)*Vec(nu13,q2)
         *Vec(nu13,q3)*Vec(nu16,q2)*Vec(nu16,q3)*p4.p4^2*d^-1*xia*xiw^2*
         ufoGC58^2*ufoGC4^2
          + g_(1,6_,nu10)*g_(2,6_,nu11)*Vec(nu10,q2)*Vec(nu11,q2)*Vec(nu13,q2)
         *Vec(nu13,q3)*Vec(nu16,q2)*Vec(nu16,q3)*p4.p4^2*d^-1*xiw^2*ufoGC58^2*
         ufoGC4^2
          - 1/2*g_(1,6_,nu10)*g_(2,6_,nu11)*Vec(nu10,q2)*Vec(nu11,q2)*Vec(nu13
         ,q2)*Vec(nu13,q3)*Vec(nu16,q3)^2*p4.p4^2*d^-1*xia*xiw^2*ufoGC58^2*
         ufoGC4^2
          + 1/2*g_(1,6_,nu10)*g_(2,6_,nu11)*Vec(nu10,q2)*Vec(nu11,q2)*Vec(nu13
         ,q2)*Vec(nu13,q3)*Vec(nu16,q3)^2*p4.p4^2*d^-1*xiw^2*ufoGC58^2*
         ufoGC4^2
          - 1/4*g_(1,6_,nu10)*g_(2,6_,nu11)*Vec(nu10,q2)*Vec(nu11,q2)*Vec(nu13
         ,q3)^2*Vec(nu16,q2)^2*p4.p4^2*d^-1*xia*xiw^2*ufoGC58^2*ufoGC4^2
          + 1/4*g_(1,6_,nu10)*g_(2,6_,nu11)*Vec(nu10,q2)*Vec(nu11,q2)*Vec(nu13
         ,q3)^2*Vec(nu16,q2)^2*p4.p4^2*d^-1*xiw^2*ufoGC58^2*ufoGC4^2
          - 1/2*g_(1,6_,nu10)*g_(2,6_,nu11)*Vec(nu10,q2)*Vec(nu11,q2)*Vec(nu13
         ,q3)^2*Vec(nu16,q2)*Vec(nu16,q3)*p4.p4^2*d^-1*xia*xiw^2*ufoGC58^2*
         ufoGC4^2
          + 1/2*g_(1,6_,nu10)*g_(2,6_,nu11)*Vec(nu10,q2)*Vec(nu11,q2)*Vec(nu13
         ,q3)^2*Vec(nu16,q2)*Vec(nu16,q3)*p4.p4^2*d^-1*xiw^2*ufoGC58^2*
         ufoGC4^2
          - 1/4*g_(1,6_,nu10)*g_(2,6_,nu11)*Vec(nu10,q2)*Vec(nu11,q2)*Vec(nu13
         ,q3)^2*Vec(nu16,q3)^2*p4.p4^2*d^-1*xia*xiw^2*ufoGC58^2*ufoGC4^2
          + 1/4*g_(1,6_,nu10)*g_(2,6_,nu11)*Vec(nu10,q2)*Vec(nu11,q2)*Vec(nu13
         ,q3)^2*Vec(nu16,q3)^2*p4.p4^2*d^-1*xiw^2*ufoGC58^2*ufoGC4^2
          + 1/4*g_(1,6_,nu10)*g_(2,6_,nu11)*Vec(nu10,q2)*Vec(nu11,q3)*Vec(nu9,
         q2)^2*Vec(nu12,q2)^2*Vec(nu15,q2)^2*p4.p4*d^-1*xia*xiw^2*ufoGC58^2*
         ufoGC4^2
          - 1/4*g_(1,6_,nu10)*g_(2,6_,nu11)*Vec(nu10,q2)*Vec(nu11,q3)*Vec(nu9,
         q2)^2*Vec(nu12,q2)^2*Vec(nu15,q2)^2*p4.p4*d^-1*xiw^2*ufoGC58^2*
         ufoGC4^2
          + 1/2*g_(1,6_,nu10)*g_(2,6_,nu11)*Vec(nu10,q2)*Vec(nu11,q3)*Vec(nu9,
         q2)^2*Vec(nu12,q2)^2*Vec(nu15,q2)*Vec(nu15,q3)*p4.p4*d^-1*xia*xiw^2*
         ufoGC58^2*ufoGC4^2
          - 1/2*g_(1,6_,nu10)*g_(2,6_,nu11)*Vec(nu10,q2)*Vec(nu11,q3)*Vec(nu9,
         q2)^2*Vec(nu12,q2)^2*Vec(nu15,q2)*Vec(nu15,q3)*p4.p4*d^-1*xiw^2*
         ufoGC58^2*ufoGC4^2
          + 1/4*g_(1,6_,nu10)*g_(2,6_,nu11)*Vec(nu10,q2)*Vec(nu11,q3)*Vec(nu9,
         q2)^2*Vec(nu12,q2)^2*Vec(nu15,q3)^2*p4.p4*d^-1*xia*xiw^2*ufoGC58^2*
         ufoGC4^2
          - 1/4*g_(1,6_,nu10)*g_(2,6_,nu11)*Vec(nu10,q2)*Vec(nu11,q3)*Vec(nu9,
         q2)^2*Vec(nu12,q2)^2*Vec(nu15,q3)^2*p4.p4*d^-1*xiw^2*ufoGC58^2*
         ufoGC4^2
          + 1/2*g_(1,6_,nu10)*g_(2,6_,nu11)*Vec(nu10,q2)*Vec(nu11,q3)*Vec(nu9,
         q2)^2*Vec(nu12,q2)*Vec(nu12,q3)*Vec(nu15,q2)^2*p4.p4*d^-1*xia*xiw^2*
         ufoGC58^2*ufoGC4^2
          - 1/2*g_(1,6_,nu10)*g_(2,6_,nu11)*Vec(nu10,q2)*Vec(nu11,q3)*Vec(nu9,
         q2)^2*Vec(nu12,q2)*Vec(nu12,q3)*Vec(nu15,q2)^2*p4.p4*d^-1*xiw^2*
         ufoGC58^2*ufoGC4^2
          + g_(1,6_,nu10)*g_(2,6_,nu11)*Vec(nu10,q2)*Vec(nu11,q3)*Vec(nu9,q2)^
         2*Vec(nu12,q2)*Vec(nu12,q3)*Vec(nu15,q2)*Vec(nu15,q3)*p4.p4*d^-1*xia*
         xiw^2*ufoGC58^2*ufoGC4^2
          - g_(1,6_,nu10)*g_(2,6_,nu11)*Vec(nu10,q2)*Vec(nu11,q3)*Vec(nu9,q2)^
         2*Vec(nu12,q2)*Vec(nu12,q3)*Vec(nu15,q2)*Vec(nu15,q3)*p4.p4*d^-1*
         xiw^2*ufoGC58^2*ufoGC4^2
          + 1/2*g_(1,6_,nu10)*g_(2,6_,nu11)*Vec(nu10,q2)*Vec(nu11,q3)*Vec(nu9,
         q2)^2*Vec(nu12,q2)*Vec(nu12,q3)*Vec(nu15,q3)^2*p4.p4*d^-1*xia*xiw^2*
         ufoGC58^2*ufoGC4^2
          - 1/2*g_(1,6_,nu10)*g_(2,6_,nu11)*Vec(nu10,q2)*Vec(nu11,q3)*Vec(nu9,
         q2)^2*Vec(nu12,q2)*Vec(nu12,q3)*Vec(nu15,q3)^2*p4.p4*d^-1*xiw^2*
         ufoGC58^2*ufoGC4^2
          + 1/4*g_(1,6_,nu10)*g_(2,6_,nu11)*Vec(nu10,q2)*Vec(nu11,q3)*Vec(nu9,
         q2)^2*Vec(nu12,q3)^2*Vec(nu15,q2)^2*p4.p4*d^-1*xia*xiw^2*ufoGC58^2*
         ufoGC4^2
          - 1/4*g_(1,6_,nu10)*g_(2,6_,nu11)*Vec(nu10,q2)*Vec(nu11,q3)*Vec(nu9,
         q2)^2*Vec(nu12,q3)^2*Vec(nu15,q2)^2*p4.p4*d^-1*xiw^2*ufoGC58^2*
         ufoGC4^2
          + 1/2*g_(1,6_,nu10)*g_(2,6_,nu11)*Vec(nu10,q2)*Vec(nu11,q3)*Vec(nu9,
         q2)^2*Vec(nu12,q3)^2*Vec(nu15,q2)*Vec(nu15,q3)*p4.p4*d^-1*xia*xiw^2*
         ufoGC58^2*ufoGC4^2
          - 1/2*g_(1,6_,nu10)*g_(2,6_,nu11)*Vec(nu10,q2)*Vec(nu11,q3)*Vec(nu9,
         q2)^2*Vec(nu12,q3)^2*Vec(nu15,q2)*Vec(nu15,q3)*p4.p4*d^-1*xiw^2*
         ufoGC58^2*ufoGC4^2
          + 1/4*g_(1,6_,nu10)*g_(2,6_,nu11)*Vec(nu10,q2)*Vec(nu11,q3)*Vec(nu9,
         q2)^2*Vec(nu12,q3)^2*Vec(nu15,q3)^2*p4.p4*d^-1*xia*xiw^2*ufoGC58^2*
         ufoGC4^2
          - 1/4*g_(1,6_,nu10)*g_(2,6_,nu11)*Vec(nu10,q2)*Vec(nu11,q3)*Vec(nu9,
         q2)^2*Vec(nu12,q3)^2*Vec(nu15,q3)^2*p4.p4*d^-1*xiw^2*ufoGC58^2*
         ufoGC4^2
          - 1/4*g_(1,6_,nu10)*g_(2,6_,nu11)*Vec(nu10,q2)*Vec(nu11,q3)*Vec(nu9,
         q2)^2*Vec(nu13,q2)^2*Vec(nu16,q2)^2*p4.p4*d^-1*xia*xiw^2*ufoGC58^2*
         ufoGC4^2
          + 1/4*g_(1,6_,nu10)*g_(2,6_,nu11)*Vec(nu10,q2)*Vec(nu11,q3)*Vec(nu9,
         q2)^2*Vec(nu13,q2)^2*Vec(nu16,q2)^2*p4.p4*d^-1*xiw^2*ufoGC58^2*
         ufoGC4^2
          - 1/2*g_(1,6_,nu10)*g_(2,6_,nu11)*Vec(nu10,q2)*Vec(nu11,q3)*Vec(nu9,
         q2)^2*Vec(nu13,q2)^2*Vec(nu16,q2)*Vec(nu16,q3)*p4.p4*d^-1*xia*xiw^2*
         ufoGC58^2*ufoGC4^2
          + 1/2*g_(1,6_,nu10)*g_(2,6_,nu11)*Vec(nu10,q2)*Vec(nu11,q3)*Vec(nu9,
         q2)^2*Vec(nu13,q2)^2*Vec(nu16,q2)*Vec(nu16,q3)*p4.p4*d^-1*xiw^2*
         ufoGC58^2*ufoGC4^2
          - 1/4*g_(1,6_,nu10)*g_(2,6_,nu11)*Vec(nu10,q2)*Vec(nu11,q3)*Vec(nu9,
         q2)^2*Vec(nu13,q2)^2*Vec(nu16,q3)^2*p4.p4*d^-1*xia*xiw^2*ufoGC58^2*
         ufoGC4^2
          + 1/4*g_(1,6_,nu10)*g_(2,6_,nu11)*Vec(nu10,q2)*Vec(nu11,q3)*Vec(nu9,
         q2)^2*Vec(nu13,q2)^2*Vec(nu16,q3)^2*p4.p4*d^-1*xiw^2*ufoGC58^2*
         ufoGC4^2
          - 1/2*g_(1,6_,nu10)*g_(2,6_,nu11)*Vec(nu10,q2)*Vec(nu11,q3)*Vec(nu9,
         q2)^2*Vec(nu13,q2)*Vec(nu13,q3)*Vec(nu16,q2)^2*p4.p4*d^-1*xia*xiw^2*
         ufoGC58^2*ufoGC4^2
          + 1/2*g_(1,6_,nu10)*g_(2,6_,nu11)*Vec(nu10,q2)*Vec(nu11,q3)*Vec(nu9,
         q2)^2*Vec(nu13,q2)*Vec(nu13,q3)*Vec(nu16,q2)^2*p4.p4*d^-1*xiw^2*
         ufoGC58^2*ufoGC4^2
          - g_(1,6_,nu10)*g_(2,6_,nu11)*Vec(nu10,q2)*Vec(nu11,q3)*Vec(nu9,q2)^
         2*Vec(nu13,q2)*Vec(nu13,q3)*Vec(nu16,q2)*Vec(nu16,q3)*p4.p4*d^-1*xia*
         xiw^2*ufoGC58^2*ufoGC4^2
          + g_(1,6_,nu10)*g_(2,6_,nu11)*Vec(nu10,q2)*Vec(nu11,q3)*Vec(nu9,q2)^
         2*Vec(nu13,q2)*Vec(nu13,q3)*Vec(nu16,q2)*Vec(nu16,q3)*p4.p4*d^-1*
         xiw^2*ufoGC58^2*ufoGC4^2
          - 1/2*g_(1,6_,nu10)*g_(2,6_,nu11)*Vec(nu10,q2)*Vec(nu11,q3)*Vec(nu9,
         q2)^2*Vec(nu13,q2)*Vec(nu13,q3)*Vec(nu16,q3)^2*p4.p4*d^-1*xia*xiw^2*
         ufoGC58^2*ufoGC4^2
          + 1/2*g_(1,6_,nu10)*g_(2,6_,nu11)*Vec(nu10,q2)*Vec(nu11,q3)*Vec(nu9,
         q2)^2*Vec(nu13,q2)*Vec(nu13,q3)*Vec(nu16,q3)^2*p4.p4*d^-1*xiw^2*
         ufoGC58^2*ufoGC4^2
          - 1/4*g_(1,6_,nu10)*g_(2,6_,nu11)*Vec(nu10,q2)*Vec(nu11,q3)*Vec(nu9,
         q2)^2*Vec(nu13,q3)^2*Vec(nu16,q2)^2*p4.p4*d^-1*xia*xiw^2*ufoGC58^2*
         ufoGC4^2
          + 1/4*g_(1,6_,nu10)*g_(2,6_,nu11)*Vec(nu10,q2)*Vec(nu11,q3)*Vec(nu9,
         q2)^2*Vec(nu13,q3)^2*Vec(nu16,q2)^2*p4.p4*d^-1*xiw^2*ufoGC58^2*
         ufoGC4^2
          - 1/2*g_(1,6_,nu10)*g_(2,6_,nu11)*Vec(nu10,q2)*Vec(nu11,q3)*Vec(nu9,
         q2)^2*Vec(nu13,q3)^2*Vec(nu16,q2)*Vec(nu16,q3)*p4.p4*d^-1*xia*xiw^2*
         ufoGC58^2*ufoGC4^2
          + 1/2*g_(1,6_,nu10)*g_(2,6_,nu11)*Vec(nu10,q2)*Vec(nu11,q3)*Vec(nu9,
         q2)^2*Vec(nu13,q3)^2*Vec(nu16,q2)*Vec(nu16,q3)*p4.p4*d^-1*xiw^2*
         ufoGC58^2*ufoGC4^2
          - 1/4*g_(1,6_,nu10)*g_(2,6_,nu11)*Vec(nu10,q2)*Vec(nu11,q3)*Vec(nu9,
         q2)^2*Vec(nu13,q3)^2*Vec(nu16,q3)^2*p4.p4*d^-1*xia*xiw^2*ufoGC58^2*
         ufoGC4^2
          + 1/4*g_(1,6_,nu10)*g_(2,6_,nu11)*Vec(nu10,q2)*Vec(nu11,q3)*Vec(nu9,
         q2)^2*Vec(nu13,q3)^2*Vec(nu16,q3)^2*p4.p4*d^-1*xiw^2*ufoGC58^2*
         ufoGC4^2
          + 1/2*g_(1,6_,nu10)*g_(2,6_,nu11)*Vec(nu10,q2)*Vec(nu11,q3)*Vec(nu9,
         q2)*Vec(nu9,q3)*Vec(nu12,q2)^2*Vec(nu15,q2)^2*p4.p4*d^-1*xia*xiw^2*
         ufoGC58^2*ufoGC4^2
          - 1/2*g_(1,6_,nu10)*g_(2,6_,nu11)*Vec(nu10,q2)*Vec(nu11,q3)*Vec(nu9,
         q2)*Vec(nu9,q3)*Vec(nu12,q2)^2*Vec(nu15,q2)^2*p4.p4*d^-1*xiw^2*
         ufoGC58^2*ufoGC4^2
          + g_(1,6_,nu10)*g_(2,6_,nu11)*Vec(nu10,q2)*Vec(nu11,q3)*Vec(nu9,q2)*
         Vec(nu9,q3)*Vec(nu12,q2)^2*Vec(nu15,q2)*Vec(nu15,q3)*p4.p4*d^-1*xia*
         xiw^2*ufoGC58^2*ufoGC4^2
          - g_(1,6_,nu10)*g_(2,6_,nu11)*Vec(nu10,q2)*Vec(nu11,q3)*Vec(nu9,q2)*
         Vec(nu9,q3)*Vec(nu12,q2)^2*Vec(nu15,q2)*Vec(nu15,q3)*p4.p4*d^-1*xiw^2
         *ufoGC58^2*ufoGC4^2
          + 1/2*g_(1,6_,nu10)*g_(2,6_,nu11)*Vec(nu10,q2)*Vec(nu11,q3)*Vec(nu9,
         q2)*Vec(nu9,q3)*Vec(nu12,q2)^2*Vec(nu15,q3)^2*p4.p4*d^-1*xia*xiw^2*
         ufoGC58^2*ufoGC4^2
          - 1/2*g_(1,6_,nu10)*g_(2,6_,nu11)*Vec(nu10,q2)*Vec(nu11,q3)*Vec(nu9,
         q2)*Vec(nu9,q3)*Vec(nu12,q2)^2*Vec(nu15,q3)^2*p4.p4*d^-1*xiw^2*
         ufoGC58^2*ufoGC4^2
          + g_(1,6_,nu10)*g_(2,6_,nu11)*Vec(nu10,q2)*Vec(nu11,q3)*Vec(nu9,q2)*
         Vec(nu9,q3)*Vec(nu12,q2)*Vec(nu12,q3)*Vec(nu15,q2)^2*p4.p4*d^-1*xia*
         xiw^2*ufoGC58^2*ufoGC4^2
          - g_(1,6_,nu10)*g_(2,6_,nu11)*Vec(nu10,q2)*Vec(nu11,q3)*Vec(nu9,q2)*
         Vec(nu9,q3)*Vec(nu12,q2)*Vec(nu12,q3)*Vec(nu15,q2)^2*p4.p4*d^-1*xiw^2
         *ufoGC58^2*ufoGC4^2
          + 2*g_(1,6_,nu10)*g_(2,6_,nu11)*Vec(nu10,q2)*Vec(nu11,q3)*Vec(nu9,q2
         )*Vec(nu9,q3)*Vec(nu12,q2)*Vec(nu12,q3)*Vec(nu15,q2)*Vec(nu15,q3)*
         p4.p4*d^-1*xia*xiw^2*ufoGC58^2*ufoGC4^2
          - 2*g_(1,6_,nu10)*g_(2,6_,nu11)*Vec(nu10,q2)*Vec(nu11,q3)*Vec(nu9,q2
         )*Vec(nu9,q3)*Vec(nu12,q2)*Vec(nu12,q3)*Vec(nu15,q2)*Vec(nu15,q3)*
         p4.p4*d^-1*xiw^2*ufoGC58^2*ufoGC4^2
          + g_(1,6_,nu10)*g_(2,6_,nu11)*Vec(nu10,q2)*Vec(nu11,q3)*Vec(nu9,q2)*
         Vec(nu9,q3)*Vec(nu12,q2)*Vec(nu12,q3)*Vec(nu15,q3)^2*p4.p4*d^-1*xia*
         xiw^2*ufoGC58^2*ufoGC4^2
          - g_(1,6_,nu10)*g_(2,6_,nu11)*Vec(nu10,q2)*Vec(nu11,q3)*Vec(nu9,q2)*
         Vec(nu9,q3)*Vec(nu12,q2)*Vec(nu12,q3)*Vec(nu15,q3)^2*p4.p4*d^-1*xiw^2
         *ufoGC58^2*ufoGC4^2
          + 1/2*g_(1,6_,nu10)*g_(2,6_,nu11)*Vec(nu10,q2)*Vec(nu11,q3)*Vec(nu9,
         q2)*Vec(nu9,q3)*Vec(nu12,q3)^2*Vec(nu15,q2)^2*p4.p4*d^-1*xia*xiw^2*
         ufoGC58^2*ufoGC4^2
          - 1/2*g_(1,6_,nu10)*g_(2,6_,nu11)*Vec(nu10,q2)*Vec(nu11,q3)*Vec(nu9,
         q2)*Vec(nu9,q3)*Vec(nu12,q3)^2*Vec(nu15,q2)^2*p4.p4*d^-1*xiw^2*
         ufoGC58^2*ufoGC4^2
          + g_(1,6_,nu10)*g_(2,6_,nu11)*Vec(nu10,q2)*Vec(nu11,q3)*Vec(nu9,q2)*
         Vec(nu9,q3)*Vec(nu12,q3)^2*Vec(nu15,q2)*Vec(nu15,q3)*p4.p4*d^-1*xia*
         xiw^2*ufoGC58^2*ufoGC4^2
          - g_(1,6_,nu10)*g_(2,6_,nu11)*Vec(nu10,q2)*Vec(nu11,q3)*Vec(nu9,q2)*
         Vec(nu9,q3)*Vec(nu12,q3)^2*Vec(nu15,q2)*Vec(nu15,q3)*p4.p4*d^-1*xiw^2
         *ufoGC58^2*ufoGC4^2
          + 1/2*g_(1,6_,nu10)*g_(2,6_,nu11)*Vec(nu10,q2)*Vec(nu11,q3)*Vec(nu9,
         q2)*Vec(nu9,q3)*Vec(nu12,q3)^2*Vec(nu15,q3)^2*p4.p4*d^-1*xia*xiw^2*
         ufoGC58^2*ufoGC4^2
          - 1/2*g_(1,6_,nu10)*g_(2,6_,nu11)*Vec(nu10,q2)*Vec(nu11,q3)*Vec(nu9,
         q2)*Vec(nu9,q3)*Vec(nu12,q3)^2*Vec(nu15,q3)^2*p4.p4*d^-1*xiw^2*
         ufoGC58^2*ufoGC4^2
          - 1/2*g_(1,6_,nu10)*g_(2,6_,nu11)*Vec(nu10,q2)*Vec(nu11,q3)*Vec(nu9,
         q2)*Vec(nu9,q3)*Vec(nu13,q2)^2*Vec(nu16,q2)^2*p4.p4*d^-1*xia*xiw^2*
         ufoGC58^2*ufoGC4^2
          + 1/2*g_(1,6_,nu10)*g_(2,6_,nu11)*Vec(nu10,q2)*Vec(nu11,q3)*Vec(nu9,
         q2)*Vec(nu9,q3)*Vec(nu13,q2)^2*Vec(nu16,q2)^2*p4.p4*d^-1*xiw^2*
         ufoGC58^2*ufoGC4^2
          - g_(1,6_,nu10)*g_(2,6_,nu11)*Vec(nu10,q2)*Vec(nu11,q3)*Vec(nu9,q2)*
         Vec(nu9,q3)*Vec(nu13,q2)^2*Vec(nu16,q2)*Vec(nu16,q3)*p4.p4*d^-1*xia*
         xiw^2*ufoGC58^2*ufoGC4^2
          + g_(1,6_,nu10)*g_(2,6_,nu11)*Vec(nu10,q2)*Vec(nu11,q3)*Vec(nu9,q2)*
         Vec(nu9,q3)*Vec(nu13,q2)^2*Vec(nu16,q2)*Vec(nu16,q3)*p4.p4*d^-1*xiw^2
         *ufoGC58^2*ufoGC4^2
          - 1/2*g_(1,6_,nu10)*g_(2,6_,nu11)*Vec(nu10,q2)*Vec(nu11,q3)*Vec(nu9,
         q2)*Vec(nu9,q3)*Vec(nu13,q2)^2*Vec(nu16,q3)^2*p4.p4*d^-1*xia*xiw^2*
         ufoGC58^2*ufoGC4^2
          + 1/2*g_(1,6_,nu10)*g_(2,6_,nu11)*Vec(nu10,q2)*Vec(nu11,q3)*Vec(nu9,
         q2)*Vec(nu9,q3)*Vec(nu13,q2)^2*Vec(nu16,q3)^2*p4.p4*d^-1*xiw^2*
         ufoGC58^2*ufoGC4^2
          - g_(1,6_,nu10)*g_(2,6_,nu11)*Vec(nu10,q2)*Vec(nu11,q3)*Vec(nu9,q2)*
         Vec(nu9,q3)*Vec(nu13,q2)*Vec(nu13,q3)*Vec(nu16,q2)^2*p4.p4*d^-1*xia*
         xiw^2*ufoGC58^2*ufoGC4^2
          + g_(1,6_,nu10)*g_(2,6_,nu11)*Vec(nu10,q2)*Vec(nu11,q3)*Vec(nu9,q2)*
         Vec(nu9,q3)*Vec(nu13,q2)*Vec(nu13,q3)*Vec(nu16,q2)^2*p4.p4*d^-1*xiw^2
         *ufoGC58^2*ufoGC4^2
          - 2*g_(1,6_,nu10)*g_(2,6_,nu11)*Vec(nu10,q2)*Vec(nu11,q3)*Vec(nu9,q2
         )*Vec(nu9,q3)*Vec(nu13,q2)*Vec(nu13,q3)*Vec(nu16,q2)*Vec(nu16,q3)*
         p4.p4*d^-1*xia*xiw^2*ufoGC58^2*ufoGC4^2
          + 2*g_(1,6_,nu10)*g_(2,6_,nu11)*Vec(nu10,q2)*Vec(nu11,q3)*Vec(nu9,q2
         )*Vec(nu9,q3)*Vec(nu13,q2)*Vec(nu13,q3)*Vec(nu16,q2)*Vec(nu16,q3)*
         p4.p4*d^-1*xiw^2*ufoGC58^2*ufoGC4^2
          - g_(1,6_,nu10)*g_(2,6_,nu11)*Vec(nu10,q2)*Vec(nu11,q3)*Vec(nu9,q2)*
         Vec(nu9,q3)*Vec(nu13,q2)*Vec(nu13,q3)*Vec(nu16,q3)^2*p4.p4*d^-1*xia*
         xiw^2*ufoGC58^2*ufoGC4^2
          + g_(1,6_,nu10)*g_(2,6_,nu11)*Vec(nu10,q2)*Vec(nu11,q3)*Vec(nu9,q2)*
         Vec(nu9,q3)*Vec(nu13,q2)*Vec(nu13,q3)*Vec(nu16,q3)^2*p4.p4*d^-1*xiw^2
         *ufoGC58^2*ufoGC4^2
          - 1/2*g_(1,6_,nu10)*g_(2,6_,nu11)*Vec(nu10,q2)*Vec(nu11,q3)*Vec(nu9,
         q2)*Vec(nu9,q3)*Vec(nu13,q3)^2*Vec(nu16,q2)^2*p4.p4*d^-1*xia*xiw^2*
         ufoGC58^2*ufoGC4^2
          + 1/2*g_(1,6_,nu10)*g_(2,6_,nu11)*Vec(nu10,q2)*Vec(nu11,q3)*Vec(nu9,
         q2)*Vec(nu9,q3)*Vec(nu13,q3)^2*Vec(nu16,q2)^2*p4.p4*d^-1*xiw^2*
         ufoGC58^2*ufoGC4^2
          - g_(1,6_,nu10)*g_(2,6_,nu11)*Vec(nu10,q2)*Vec(nu11,q3)*Vec(nu9,q2)*
         Vec(nu9,q3)*Vec(nu13,q3)^2*Vec(nu16,q2)*Vec(nu16,q3)*p4.p4*d^-1*xia*
         xiw^2*ufoGC58^2*ufoGC4^2
          + g_(1,6_,nu10)*g_(2,6_,nu11)*Vec(nu10,q2)*Vec(nu11,q3)*Vec(nu9,q2)*
         Vec(nu9,q3)*Vec(nu13,q3)^2*Vec(nu16,q2)*Vec(nu16,q3)*p4.p4*d^-1*xiw^2
         *ufoGC58^2*ufoGC4^2
          - 1/2*g_(1,6_,nu10)*g_(2,6_,nu11)*Vec(nu10,q2)*Vec(nu11,q3)*Vec(nu9,
         q2)*Vec(nu9,q3)*Vec(nu13,q3)^2*Vec(nu16,q3)^2*p4.p4*d^-1*xia*xiw^2*
         ufoGC58^2*ufoGC4^2
          + 1/2*g_(1,6_,nu10)*g_(2,6_,nu11)*Vec(nu10,q2)*Vec(nu11,q3)*Vec(nu9,
         q2)*Vec(nu9,q3)*Vec(nu13,q3)^2*Vec(nu16,q3)^2*p4.p4*d^-1*xiw^2*
         ufoGC58^2*ufoGC4^2
          + 1/4*g_(1,6_,nu10)*g_(2,6_,nu11)*Vec(nu10,q2)*Vec(nu11,q3)*Vec(nu9,
         q3)^2*Vec(nu12,q2)^2*Vec(nu15,q2)^2*p4.p4*d^-1*xia*xiw^2*ufoGC58^2*
         ufoGC4^2
          - 1/4*g_(1,6_,nu10)*g_(2,6_,nu11)*Vec(nu10,q2)*Vec(nu11,q3)*Vec(nu9,
         q3)^2*Vec(nu12,q2)^2*Vec(nu15,q2)^2*p4.p4*d^-1*xiw^2*ufoGC58^2*
         ufoGC4^2
          + 1/2*g_(1,6_,nu10)*g_(2,6_,nu11)*Vec(nu10,q2)*Vec(nu11,q3)*Vec(nu9,
         q3)^2*Vec(nu12,q2)^2*Vec(nu15,q2)*Vec(nu15,q3)*p4.p4*d^-1*xia*xiw^2*
         ufoGC58^2*ufoGC4^2
          - 1/2*g_(1,6_,nu10)*g_(2,6_,nu11)*Vec(nu10,q2)*Vec(nu11,q3)*Vec(nu9,
         q3)^2*Vec(nu12,q2)^2*Vec(nu15,q2)*Vec(nu15,q3)*p4.p4*d^-1*xiw^2*
         ufoGC58^2*ufoGC4^2
          + 1/4*g_(1,6_,nu10)*g_(2,6_,nu11)*Vec(nu10,q2)*Vec(nu11,q3)*Vec(nu9,
         q3)^2*Vec(nu12,q2)^2*Vec(nu15,q3)^2*p4.p4*d^-1*xia*xiw^2*ufoGC58^2*
         ufoGC4^2
          - 1/4*g_(1,6_,nu10)*g_(2,6_,nu11)*Vec(nu10,q2)*Vec(nu11,q3)*Vec(nu9,
         q3)^2*Vec(nu12,q2)^2*Vec(nu15,q3)^2*p4.p4*d^-1*xiw^2*ufoGC58^2*
         ufoGC4^2
          + 1/2*g_(1,6_,nu10)*g_(2,6_,nu11)*Vec(nu10,q2)*Vec(nu11,q3)*Vec(nu9,
         q3)^2*Vec(nu12,q2)*Vec(nu12,q3)*Vec(nu15,q2)^2*p4.p4*d^-1*xia*xiw^2*
         ufoGC58^2*ufoGC4^2
          - 1/2*g_(1,6_,nu10)*g_(2,6_,nu11)*Vec(nu10,q2)*Vec(nu11,q3)*Vec(nu9,
         q3)^2*Vec(nu12,q2)*Vec(nu12,q3)*Vec(nu15,q2)^2*p4.p4*d^-1*xiw^2*
         ufoGC58^2*ufoGC4^2
          + g_(1,6_,nu10)*g_(2,6_,nu11)*Vec(nu10,q2)*Vec(nu11,q3)*Vec(nu9,q3)^
         2*Vec(nu12,q2)*Vec(nu12,q3)*Vec(nu15,q2)*Vec(nu15,q3)*p4.p4*d^-1*xia*
         xiw^2*ufoGC58^2*ufoGC4^2
          - g_(1,6_,nu10)*g_(2,6_,nu11)*Vec(nu10,q2)*Vec(nu11,q3)*Vec(nu9,q3)^
         2*Vec(nu12,q2)*Vec(nu12,q3)*Vec(nu15,q2)*Vec(nu15,q3)*p4.p4*d^-1*
         xiw^2*ufoGC58^2*ufoGC4^2
          + 1/2*g_(1,6_,nu10)*g_(2,6_,nu11)*Vec(nu10,q2)*Vec(nu11,q3)*Vec(nu9,
         q3)^2*Vec(nu12,q2)*Vec(nu12,q3)*Vec(nu15,q3)^2*p4.p4*d^-1*xia*xiw^2*
         ufoGC58^2*ufoGC4^2
          - 1/2*g_(1,6_,nu10)*g_(2,6_,nu11)*Vec(nu10,q2)*Vec(nu11,q3)*Vec(nu9,
         q3)^2*Vec(nu12,q2)*Vec(nu12,q3)*Vec(nu15,q3)^2*p4.p4*d^-1*xiw^2*
         ufoGC58^2*ufoGC4^2
          + 1/4*g_(1,6_,nu10)*g_(2,6_,nu11)*Vec(nu10,q2)*Vec(nu11,q3)*Vec(nu9,
         q3)^2*Vec(nu12,q3)^2*Vec(nu15,q2)^2*p4.p4*d^-1*xia*xiw^2*ufoGC58^2*
         ufoGC4^2
          - 1/4*g_(1,6_,nu10)*g_(2,6_,nu11)*Vec(nu10,q2)*Vec(nu11,q3)*Vec(nu9,
         q3)^2*Vec(nu12,q3)^2*Vec(nu15,q2)^2*p4.p4*d^-1*xiw^2*ufoGC58^2*
         ufoGC4^2
          + 1/2*g_(1,6_,nu10)*g_(2,6_,nu11)*Vec(nu10,q2)*Vec(nu11,q3)*Vec(nu9,
         q3)^2*Vec(nu12,q3)^2*Vec(nu15,q2)*Vec(nu15,q3)*p4.p4*d^-1*xia*xiw^2*
         ufoGC58^2*ufoGC4^2
          - 1/2*g_(1,6_,nu10)*g_(2,6_,nu11)*Vec(nu10,q2)*Vec(nu11,q3)*Vec(nu9,
         q3)^2*Vec(nu12,q3)^2*Vec(nu15,q2)*Vec(nu15,q3)*p4.p4*d^-1*xiw^2*
         ufoGC58^2*ufoGC4^2
          + 1/4*g_(1,6_,nu10)*g_(2,6_,nu11)*Vec(nu10,q2)*Vec(nu11,q3)*Vec(nu9,
         q3)^2*Vec(nu12,q3)^2*Vec(nu15,q3)^2*p4.p4*d^-1*xia*xiw^2*ufoGC58^2*
         ufoGC4^2
          - 1/4*g_(1,6_,nu10)*g_(2,6_,nu11)*Vec(nu10,q2)*Vec(nu11,q3)*Vec(nu9,
         q3)^2*Vec(nu12,q3)^2*Vec(nu15,q3)^2*p4.p4*d^-1*xiw^2*ufoGC58^2*
         ufoGC4^2
          - 1/4*g_(1,6_,nu10)*g_(2,6_,nu11)*Vec(nu10,q2)*Vec(nu11,q3)*Vec(nu9,
         q3)^2*Vec(nu13,q2)^2*Vec(nu16,q2)^2*p4.p4*d^-1*xia*xiw^2*ufoGC58^2*
         ufoGC4^2
          + 1/4*g_(1,6_,nu10)*g_(2,6_,nu11)*Vec(nu10,q2)*Vec(nu11,q3)*Vec(nu9,
         q3)^2*Vec(nu13,q2)^2*Vec(nu16,q2)^2*p4.p4*d^-1*xiw^2*ufoGC58^2*
         ufoGC4^2
          - 1/2*g_(1,6_,nu10)*g_(2,6_,nu11)*Vec(nu10,q2)*Vec(nu11,q3)*Vec(nu9,
         q3)^2*Vec(nu13,q2)^2*Vec(nu16,q2)*Vec(nu16,q3)*p4.p4*d^-1*xia*xiw^2*
         ufoGC58^2*ufoGC4^2
          + 1/2*g_(1,6_,nu10)*g_(2,6_,nu11)*Vec(nu10,q2)*Vec(nu11,q3)*Vec(nu9,
         q3)^2*Vec(nu13,q2)^2*Vec(nu16,q2)*Vec(nu16,q3)*p4.p4*d^-1*xiw^2*
         ufoGC58^2*ufoGC4^2
          - 1/4*g_(1,6_,nu10)*g_(2,6_,nu11)*Vec(nu10,q2)*Vec(nu11,q3)*Vec(nu9,
         q3)^2*Vec(nu13,q2)^2*Vec(nu16,q3)^2*p4.p4*d^-1*xia*xiw^2*ufoGC58^2*
         ufoGC4^2
          + 1/4*g_(1,6_,nu10)*g_(2,6_,nu11)*Vec(nu10,q2)*Vec(nu11,q3)*Vec(nu9,
         q3)^2*Vec(nu13,q2)^2*Vec(nu16,q3)^2*p4.p4*d^-1*xiw^2*ufoGC58^2*
         ufoGC4^2
          - 1/2*g_(1,6_,nu10)*g_(2,6_,nu11)*Vec(nu10,q2)*Vec(nu11,q3)*Vec(nu9,
         q3)^2*Vec(nu13,q2)*Vec(nu13,q3)*Vec(nu16,q2)^2*p4.p4*d^-1*xia*xiw^2*
         ufoGC58^2*ufoGC4^2
          + 1/2*g_(1,6_,nu10)*g_(2,6_,nu11)*Vec(nu10,q2)*Vec(nu11,q3)*Vec(nu9,
         q3)^2*Vec(nu13,q2)*Vec(nu13,q3)*Vec(nu16,q2)^2*p4.p4*d^-1*xiw^2*
         ufoGC58^2*ufoGC4^2
          - g_(1,6_,nu10)*g_(2,6_,nu11)*Vec(nu10,q2)*Vec(nu11,q3)*Vec(nu9,q3)^
         2*Vec(nu13,q2)*Vec(nu13,q3)*Vec(nu16,q2)*Vec(nu16,q3)*p4.p4*d^-1*xia*
         xiw^2*ufoGC58^2*ufoGC4^2
          + g_(1,6_,nu10)*g_(2,6_,nu11)*Vec(nu10,q2)*Vec(nu11,q3)*Vec(nu9,q3)^
         2*Vec(nu13,q2)*Vec(nu13,q3)*Vec(nu16,q2)*Vec(nu16,q3)*p4.p4*d^-1*
         xiw^2*ufoGC58^2*ufoGC4^2
          - 1/2*g_(1,6_,nu10)*g_(2,6_,nu11)*Vec(nu10,q2)*Vec(nu11,q3)*Vec(nu9,
         q3)^2*Vec(nu13,q2)*Vec(nu13,q3)*Vec(nu16,q3)^2*p4.p4*d^-1*xia*xiw^2*
         ufoGC58^2*ufoGC4^2
          + 1/2*g_(1,6_,nu10)*g_(2,6_,nu11)*Vec(nu10,q2)*Vec(nu11,q3)*Vec(nu9,
         q3)^2*Vec(nu13,q2)*Vec(nu13,q3)*Vec(nu16,q3)^2*p4.p4*d^-1*xiw^2*
         ufoGC58^2*ufoGC4^2
          - 1/4*g_(1,6_,nu10)*g_(2,6_,nu11)*Vec(nu10,q2)*Vec(nu11,q3)*Vec(nu9,
         q3)^2*Vec(nu13,q3)^2*Vec(nu16,q2)^2*p4.p4*d^-1*xia*xiw^2*ufoGC58^2*
         ufoGC4^2
          + 1/4*g_(1,6_,nu10)*g_(2,6_,nu11)*Vec(nu10,q2)*Vec(nu11,q3)*Vec(nu9,
         q3)^2*Vec(nu13,q3)^2*Vec(nu16,q2)^2*p4.p4*d^-1*xiw^2*ufoGC58^2*
         ufoGC4^2
          - 1/2*g_(1,6_,nu10)*g_(2,6_,nu11)*Vec(nu10,q2)*Vec(nu11,q3)*Vec(nu9,
         q3)^2*Vec(nu13,q3)^2*Vec(nu16,q2)*Vec(nu16,q3)*p4.p4*d^-1*xia*xiw^2*
         ufoGC58^2*ufoGC4^2
          + 1/2*g_(1,6_,nu10)*g_(2,6_,nu11)*Vec(nu10,q2)*Vec(nu11,q3)*Vec(nu9,
         q3)^2*Vec(nu13,q3)^2*Vec(nu16,q2)*Vec(nu16,q3)*p4.p4*d^-1*xiw^2*
         ufoGC58^2*ufoGC4^2
          - 1/4*g_(1,6_,nu10)*g_(2,6_,nu11)*Vec(nu10,q2)*Vec(nu11,q3)*Vec(nu9,
         q3)^2*Vec(nu13,q3)^2*Vec(nu16,q3)^2*p4.p4*d^-1*xia*xiw^2*ufoGC58^2*
         ufoGC4^2
          + 1/4*g_(1,6_,nu10)*g_(2,6_,nu11)*Vec(nu10,q2)*Vec(nu11,q3)*Vec(nu9,
         q3)^2*Vec(nu13,q3)^2*Vec(nu16,q3)^2*p4.p4*d^-1*xiw^2*ufoGC58^2*
         ufoGC4^2
          - 1/4*g_(1,6_,nu10)*g_(2,6_,nu11)*Vec(nu10,q2)*Vec(nu11,q3)*Vec(nu12
         ,q2)^2*Vec(nu14,q2)^2*Vec(nu15,q2)^2*p4.p4*d^-1*xia*xiw^2*ufoGC58^2*
         ufoGC4^2
          + 1/4*g_(1,6_,nu10)*g_(2,6_,nu11)*Vec(nu10,q2)*Vec(nu11,q3)*Vec(nu12
         ,q2)^2*Vec(nu14,q2)^2*Vec(nu15,q2)^2*p4.p4*d^-1*xiw^2*ufoGC58^2*
         ufoGC4^2
          - 1/2*g_(1,6_,nu10)*g_(2,6_,nu11)*Vec(nu10,q2)*Vec(nu11,q3)*Vec(nu12
         ,q2)^2*Vec(nu14,q2)^2*Vec(nu15,q2)*Vec(nu15,q3)*p4.p4*d^-1*xia*xiw^2*
         ufoGC58^2*ufoGC4^2
          + 1/2*g_(1,6_,nu10)*g_(2,6_,nu11)*Vec(nu10,q2)*Vec(nu11,q3)*Vec(nu12
         ,q2)^2*Vec(nu14,q2)^2*Vec(nu15,q2)*Vec(nu15,q3)*p4.p4*d^-1*xiw^2*
         ufoGC58^2*ufoGC4^2
          - 1/4*g_(1,6_,nu10)*g_(2,6_,nu11)*Vec(nu10,q2)*Vec(nu11,q3)*Vec(nu12
         ,q2)^2*Vec(nu14,q2)^2*Vec(nu15,q3)^2*p4.p4*d^-1*xia*xiw^2*ufoGC58^2*
         ufoGC4^2
          + 1/4*g_(1,6_,nu10)*g_(2,6_,nu11)*Vec(nu10,q2)*Vec(nu11,q3)*Vec(nu12
         ,q2)^2*Vec(nu14,q2)^2*Vec(nu15,q3)^2*p4.p4*d^-1*xiw^2*ufoGC58^2*
         ufoGC4^2
          - 1/2*g_(1,6_,nu10)*g_(2,6_,nu11)*Vec(nu10,q2)*Vec(nu11,q3)*Vec(nu12
         ,q2)^2*Vec(nu14,q2)*Vec(nu14,q3)*Vec(nu15,q2)^2*p4.p4*d^-1*xia*xiw^2*
         ufoGC58^2*ufoGC4^2
          + 1/2*g_(1,6_,nu10)*g_(2,6_,nu11)*Vec(nu10,q2)*Vec(nu11,q3)*Vec(nu12
         ,q2)^2*Vec(nu14,q2)*Vec(nu14,q3)*Vec(nu15,q2)^2*p4.p4*d^-1*xiw^2*
         ufoGC58^2*ufoGC4^2
          - g_(1,6_,nu10)*g_(2,6_,nu11)*Vec(nu10,q2)*Vec(nu11,q3)*Vec(nu12,q2)
         ^2*Vec(nu14,q2)*Vec(nu14,q3)*Vec(nu15,q2)*Vec(nu15,q3)*p4.p4*d^-1*xia
         *xiw^2*ufoGC58^2*ufoGC4^2
          + g_(1,6_,nu10)*g_(2,6_,nu11)*Vec(nu10,q2)*Vec(nu11,q3)*Vec(nu12,q2)
         ^2*Vec(nu14,q2)*Vec(nu14,q3)*Vec(nu15,q2)*Vec(nu15,q3)*p4.p4*d^-1*
         xiw^2*ufoGC58^2*ufoGC4^2
          - 1/2*g_(1,6_,nu10)*g_(2,6_,nu11)*Vec(nu10,q2)*Vec(nu11,q3)*Vec(nu12
         ,q2)^2*Vec(nu14,q2)*Vec(nu14,q3)*Vec(nu15,q3)^2*p4.p4*d^-1*xia*xiw^2*
         ufoGC58^2*ufoGC4^2
          + 1/2*g_(1,6_,nu10)*g_(2,6_,nu11)*Vec(nu10,q2)*Vec(nu11,q3)*Vec(nu12
         ,q2)^2*Vec(nu14,q2)*Vec(nu14,q3)*Vec(nu15,q3)^2*p4.p4*d^-1*xiw^2*
         ufoGC58^2*ufoGC4^2
          - 1/4*g_(1,6_,nu10)*g_(2,6_,nu11)*Vec(nu10,q2)*Vec(nu11,q3)*Vec(nu12
         ,q2)^2*Vec(nu14,q3)^2*Vec(nu15,q2)^2*p4.p4*d^-1*xia*xiw^2*ufoGC58^2*
         ufoGC4^2
          + 1/4*g_(1,6_,nu10)*g_(2,6_,nu11)*Vec(nu10,q2)*Vec(nu11,q3)*Vec(nu12
         ,q2)^2*Vec(nu14,q3)^2*Vec(nu15,q2)^2*p4.p4*d^-1*xiw^2*ufoGC58^2*
         ufoGC4^2
          - 1/2*g_(1,6_,nu10)*g_(2,6_,nu11)*Vec(nu10,q2)*Vec(nu11,q3)*Vec(nu12
         ,q2)^2*Vec(nu14,q3)^2*Vec(nu15,q2)*Vec(nu15,q3)*p4.p4*d^-1*xia*xiw^2*
         ufoGC58^2*ufoGC4^2
          + 1/2*g_(1,6_,nu10)*g_(2,6_,nu11)*Vec(nu10,q2)*Vec(nu11,q3)*Vec(nu12
         ,q2)^2*Vec(nu14,q3)^2*Vec(nu15,q2)*Vec(nu15,q3)*p4.p4*d^-1*xiw^2*
         ufoGC58^2*ufoGC4^2
          - 1/4*g_(1,6_,nu10)*g_(2,6_,nu11)*Vec(nu10,q2)*Vec(nu11,q3)*Vec(nu12
         ,q2)^2*Vec(nu14,q3)^2*Vec(nu15,q3)^2*p4.p4*d^-1*xia*xiw^2*ufoGC58^2*
         ufoGC4^2
          + 1/4*g_(1,6_,nu10)*g_(2,6_,nu11)*Vec(nu10,q2)*Vec(nu11,q3)*Vec(nu12
         ,q2)^2*Vec(nu14,q3)^2*Vec(nu15,q3)^2*p4.p4*d^-1*xiw^2*ufoGC58^2*
         ufoGC4^2
          + 1/4*g_(1,6_,nu10)*g_(2,6_,nu11)*Vec(nu10,q2)*Vec(nu11,q3)*Vec(nu12
         ,q2)^2*Vec(nu13,q2)^2*p4.p4^2*d^-1*xia*xiw^2*ufoGC58^2*ufoGC4^2
          - 1/4*g_(1,6_,nu10)*g_(2,6_,nu11)*Vec(nu10,q2)*Vec(nu11,q3)*Vec(nu12
         ,q2)^2*Vec(nu13,q2)^2*p4.p4^2*d^-1*xiw^2*ufoGC58^2*ufoGC4^2
          + 1/2*g_(1,6_,nu10)*g_(2,6_,nu11)*Vec(nu10,q2)*Vec(nu11,q3)*Vec(nu12
         ,q2)^2*Vec(nu13,q2)*Vec(nu13,q3)*p4.p4^2*d^-1*xia*xiw^2*ufoGC58^2*
         ufoGC4^2
          - 1/2*g_(1,6_,nu10)*g_(2,6_,nu11)*Vec(nu10,q2)*Vec(nu11,q3)*Vec(nu12
         ,q2)^2*Vec(nu13,q2)*Vec(nu13,q3)*p4.p4^2*d^-1*xiw^2*ufoGC58^2*
         ufoGC4^2
          + 1/4*g_(1,6_,nu10)*g_(2,6_,nu11)*Vec(nu10,q2)*Vec(nu11,q3)*Vec(nu12
         ,q2)^2*Vec(nu13,q3)^2*p4.p4^2*d^-1*xia*xiw^2*ufoGC58^2*ufoGC4^2
          - 1/4*g_(1,6_,nu10)*g_(2,6_,nu11)*Vec(nu10,q2)*Vec(nu11,q3)*Vec(nu12
         ,q2)^2*Vec(nu13,q3)^2*p4.p4^2*d^-1*xiw^2*ufoGC58^2*ufoGC4^2
          - 1/2*g_(1,6_,nu10)*g_(2,6_,nu11)*Vec(nu10,q2)*Vec(nu11,q3)*Vec(nu12
         ,q2)*Vec(nu12,q3)*Vec(nu14,q2)^2*Vec(nu15,q2)^2*p4.p4*d^-1*xia*xiw^2*
         ufoGC58^2*ufoGC4^2
          + 1/2*g_(1,6_,nu10)*g_(2,6_,nu11)*Vec(nu10,q2)*Vec(nu11,q3)*Vec(nu12
         ,q2)*Vec(nu12,q3)*Vec(nu14,q2)^2*Vec(nu15,q2)^2*p4.p4*d^-1*xiw^2*
         ufoGC58^2*ufoGC4^2
          - g_(1,6_,nu10)*g_(2,6_,nu11)*Vec(nu10,q2)*Vec(nu11,q3)*Vec(nu12,q2)
         *Vec(nu12,q3)*Vec(nu14,q2)^2*Vec(nu15,q2)*Vec(nu15,q3)*p4.p4*d^-1*xia
         *xiw^2*ufoGC58^2*ufoGC4^2
          + g_(1,6_,nu10)*g_(2,6_,nu11)*Vec(nu10,q2)*Vec(nu11,q3)*Vec(nu12,q2)
         *Vec(nu12,q3)*Vec(nu14,q2)^2*Vec(nu15,q2)*Vec(nu15,q3)*p4.p4*d^-1*
         xiw^2*ufoGC58^2*ufoGC4^2
          - 1/2*g_(1,6_,nu10)*g_(2,6_,nu11)*Vec(nu10,q2)*Vec(nu11,q3)*Vec(nu12
         ,q2)*Vec(nu12,q3)*Vec(nu14,q2)^2*Vec(nu15,q3)^2*p4.p4*d^-1*xia*xiw^2*
         ufoGC58^2*ufoGC4^2
          + 1/2*g_(1,6_,nu10)*g_(2,6_,nu11)*Vec(nu10,q2)*Vec(nu11,q3)*Vec(nu12
         ,q2)*Vec(nu12,q3)*Vec(nu14,q2)^2*Vec(nu15,q3)^2*p4.p4*d^-1*xiw^2*
         ufoGC58^2*ufoGC4^2
          - g_(1,6_,nu10)*g_(2,6_,nu11)*Vec(nu10,q2)*Vec(nu11,q3)*Vec(nu12,q2)
         *Vec(nu12,q3)*Vec(nu14,q2)*Vec(nu14,q3)*Vec(nu15,q2)^2*p4.p4*d^-1*xia
         *xiw^2*ufoGC58^2*ufoGC4^2
          + g_(1,6_,nu10)*g_(2,6_,nu11)*Vec(nu10,q2)*Vec(nu11,q3)*Vec(nu12,q2)
         *Vec(nu12,q3)*Vec(nu14,q2)*Vec(nu14,q3)*Vec(nu15,q2)^2*p4.p4*d^-1*
         xiw^2*ufoGC58^2*ufoGC4^2
          - 2*g_(1,6_,nu10)*g_(2,6_,nu11)*Vec(nu10,q2)*Vec(nu11,q3)*Vec(nu12,
         q2)*Vec(nu12,q3)*Vec(nu14,q2)*Vec(nu14,q3)*Vec(nu15,q2)*Vec(nu15,q3)*
         p4.p4*d^-1*xia*xiw^2*ufoGC58^2*ufoGC4^2
          + 2*g_(1,6_,nu10)*g_(2,6_,nu11)*Vec(nu10,q2)*Vec(nu11,q3)*Vec(nu12,
         q2)*Vec(nu12,q3)*Vec(nu14,q2)*Vec(nu14,q3)*Vec(nu15,q2)*Vec(nu15,q3)*
         p4.p4*d^-1*xiw^2*ufoGC58^2*ufoGC4^2
          - g_(1,6_,nu10)*g_(2,6_,nu11)*Vec(nu10,q2)*Vec(nu11,q3)*Vec(nu12,q2)
         *Vec(nu12,q3)*Vec(nu14,q2)*Vec(nu14,q3)*Vec(nu15,q3)^2*p4.p4*d^-1*xia
         *xiw^2*ufoGC58^2*ufoGC4^2
          + g_(1,6_,nu10)*g_(2,6_,nu11)*Vec(nu10,q2)*Vec(nu11,q3)*Vec(nu12,q2)
         *Vec(nu12,q3)*Vec(nu14,q2)*Vec(nu14,q3)*Vec(nu15,q3)^2*p4.p4*d^-1*
         xiw^2*ufoGC58^2*ufoGC4^2
          - 1/2*g_(1,6_,nu10)*g_(2,6_,nu11)*Vec(nu10,q2)*Vec(nu11,q3)*Vec(nu12
         ,q2)*Vec(nu12,q3)*Vec(nu14,q3)^2*Vec(nu15,q2)^2*p4.p4*d^-1*xia*xiw^2*
         ufoGC58^2*ufoGC4^2
          + 1/2*g_(1,6_,nu10)*g_(2,6_,nu11)*Vec(nu10,q2)*Vec(nu11,q3)*Vec(nu12
         ,q2)*Vec(nu12,q3)*Vec(nu14,q3)^2*Vec(nu15,q2)^2*p4.p4*d^-1*xiw^2*
         ufoGC58^2*ufoGC4^2
          - g_(1,6_,nu10)*g_(2,6_,nu11)*Vec(nu10,q2)*Vec(nu11,q3)*Vec(nu12,q2)
         *Vec(nu12,q3)*Vec(nu14,q3)^2*Vec(nu15,q2)*Vec(nu15,q3)*p4.p4*d^-1*xia
         *xiw^2*ufoGC58^2*ufoGC4^2
          + g_(1,6_,nu10)*g_(2,6_,nu11)*Vec(nu10,q2)*Vec(nu11,q3)*Vec(nu12,q2)
         *Vec(nu12,q3)*Vec(nu14,q3)^2*Vec(nu15,q2)*Vec(nu15,q3)*p4.p4*d^-1*
         xiw^2*ufoGC58^2*ufoGC4^2
          - 1/2*g_(1,6_,nu10)*g_(2,6_,nu11)*Vec(nu10,q2)*Vec(nu11,q3)*Vec(nu12
         ,q2)*Vec(nu12,q3)*Vec(nu14,q3)^2*Vec(nu15,q3)^2*p4.p4*d^-1*xia*xiw^2*
         ufoGC58^2*ufoGC4^2
          + 1/2*g_(1,6_,nu10)*g_(2,6_,nu11)*Vec(nu10,q2)*Vec(nu11,q3)*Vec(nu12
         ,q2)*Vec(nu12,q3)*Vec(nu14,q3)^2*Vec(nu15,q3)^2*p4.p4*d^-1*xiw^2*
         ufoGC58^2*ufoGC4^2
          + 1/2*g_(1,6_,nu10)*g_(2,6_,nu11)*Vec(nu10,q2)*Vec(nu11,q3)*Vec(nu12
         ,q2)*Vec(nu12,q3)*Vec(nu13,q2)^2*p4.p4^2*d^-1*xia*xiw^2*ufoGC58^2*
         ufoGC4^2
          - 1/2*g_(1,6_,nu10)*g_(2,6_,nu11)*Vec(nu10,q2)*Vec(nu11,q3)*Vec(nu12
         ,q2)*Vec(nu12,q3)*Vec(nu13,q2)^2*p4.p4^2*d^-1*xiw^2*ufoGC58^2*
         ufoGC4^2
          + g_(1,6_,nu10)*g_(2,6_,nu11)*Vec(nu10,q2)*Vec(nu11,q3)*Vec(nu12,q2)
         *Vec(nu12,q3)*Vec(nu13,q2)*Vec(nu13,q3)*p4.p4^2*d^-1*xia*xiw^2*
         ufoGC58^2*ufoGC4^2
          - g_(1,6_,nu10)*g_(2,6_,nu11)*Vec(nu10,q2)*Vec(nu11,q3)*Vec(nu12,q2)
         *Vec(nu12,q3)*Vec(nu13,q2)*Vec(nu13,q3)*p4.p4^2*d^-1*xiw^2*ufoGC58^2*
         ufoGC4^2
          + 1/2*g_(1,6_,nu10)*g_(2,6_,nu11)*Vec(nu10,q2)*Vec(nu11,q3)*Vec(nu12
         ,q2)*Vec(nu12,q3)*Vec(nu13,q3)^2*p4.p4^2*d^-1*xia*xiw^2*ufoGC58^2*
         ufoGC4^2
          - 1/2*g_(1,6_,nu10)*g_(2,6_,nu11)*Vec(nu10,q2)*Vec(nu11,q3)*Vec(nu12
         ,q2)*Vec(nu12,q3)*Vec(nu13,q3)^2*p4.p4^2*d^-1*xiw^2*ufoGC58^2*
         ufoGC4^2
          - 1/4*g_(1,6_,nu10)*g_(2,6_,nu11)*Vec(nu10,q2)*Vec(nu11,q3)*Vec(nu12
         ,q3)^2*Vec(nu14,q2)^2*Vec(nu15,q2)^2*p4.p4*d^-1*xia*xiw^2*ufoGC58^2*
         ufoGC4^2
          + 1/4*g_(1,6_,nu10)*g_(2,6_,nu11)*Vec(nu10,q2)*Vec(nu11,q3)*Vec(nu12
         ,q3)^2*Vec(nu14,q2)^2*Vec(nu15,q2)^2*p4.p4*d^-1*xiw^2*ufoGC58^2*
         ufoGC4^2
          - 1/2*g_(1,6_,nu10)*g_(2,6_,nu11)*Vec(nu10,q2)*Vec(nu11,q3)*Vec(nu12
         ,q3)^2*Vec(nu14,q2)^2*Vec(nu15,q2)*Vec(nu15,q3)*p4.p4*d^-1*xia*xiw^2*
         ufoGC58^2*ufoGC4^2
          + 1/2*g_(1,6_,nu10)*g_(2,6_,nu11)*Vec(nu10,q2)*Vec(nu11,q3)*Vec(nu12
         ,q3)^2*Vec(nu14,q2)^2*Vec(nu15,q2)*Vec(nu15,q3)*p4.p4*d^-1*xiw^2*
         ufoGC58^2*ufoGC4^2
          - 1/4*g_(1,6_,nu10)*g_(2,6_,nu11)*Vec(nu10,q2)*Vec(nu11,q3)*Vec(nu12
         ,q3)^2*Vec(nu14,q2)^2*Vec(nu15,q3)^2*p4.p4*d^-1*xia*xiw^2*ufoGC58^2*
         ufoGC4^2
          + 1/4*g_(1,6_,nu10)*g_(2,6_,nu11)*Vec(nu10,q2)*Vec(nu11,q3)*Vec(nu12
         ,q3)^2*Vec(nu14,q2)^2*Vec(nu15,q3)^2*p4.p4*d^-1*xiw^2*ufoGC58^2*
         ufoGC4^2
          - 1/2*g_(1,6_,nu10)*g_(2,6_,nu11)*Vec(nu10,q2)*Vec(nu11,q3)*Vec(nu12
         ,q3)^2*Vec(nu14,q2)*Vec(nu14,q3)*Vec(nu15,q2)^2*p4.p4*d^-1*xia*xiw^2*
         ufoGC58^2*ufoGC4^2
          + 1/2*g_(1,6_,nu10)*g_(2,6_,nu11)*Vec(nu10,q2)*Vec(nu11,q3)*Vec(nu12
         ,q3)^2*Vec(nu14,q2)*Vec(nu14,q3)*Vec(nu15,q2)^2*p4.p4*d^-1*xiw^2*
         ufoGC58^2*ufoGC4^2
          - g_(1,6_,nu10)*g_(2,6_,nu11)*Vec(nu10,q2)*Vec(nu11,q3)*Vec(nu12,q3)
         ^2*Vec(nu14,q2)*Vec(nu14,q3)*Vec(nu15,q2)*Vec(nu15,q3)*p4.p4*d^-1*xia
         *xiw^2*ufoGC58^2*ufoGC4^2
          + g_(1,6_,nu10)*g_(2,6_,nu11)*Vec(nu10,q2)*Vec(nu11,q3)*Vec(nu12,q3)
         ^2*Vec(nu14,q2)*Vec(nu14,q3)*Vec(nu15,q2)*Vec(nu15,q3)*p4.p4*d^-1*
         xiw^2*ufoGC58^2*ufoGC4^2
          - 1/2*g_(1,6_,nu10)*g_(2,6_,nu11)*Vec(nu10,q2)*Vec(nu11,q3)*Vec(nu12
         ,q3)^2*Vec(nu14,q2)*Vec(nu14,q3)*Vec(nu15,q3)^2*p4.p4*d^-1*xia*xiw^2*
         ufoGC58^2*ufoGC4^2
          + 1/2*g_(1,6_,nu10)*g_(2,6_,nu11)*Vec(nu10,q2)*Vec(nu11,q3)*Vec(nu12
         ,q3)^2*Vec(nu14,q2)*Vec(nu14,q3)*Vec(nu15,q3)^2*p4.p4*d^-1*xiw^2*
         ufoGC58^2*ufoGC4^2
          - 1/4*g_(1,6_,nu10)*g_(2,6_,nu11)*Vec(nu10,q2)*Vec(nu11,q3)*Vec(nu12
         ,q3)^2*Vec(nu14,q3)^2*Vec(nu15,q2)^2*p4.p4*d^-1*xia*xiw^2*ufoGC58^2*
         ufoGC4^2
          + 1/4*g_(1,6_,nu10)*g_(2,6_,nu11)*Vec(nu10,q2)*Vec(nu11,q3)*Vec(nu12
         ,q3)^2*Vec(nu14,q3)^2*Vec(nu15,q2)^2*p4.p4*d^-1*xiw^2*ufoGC58^2*
         ufoGC4^2
          - 1/2*g_(1,6_,nu10)*g_(2,6_,nu11)*Vec(nu10,q2)*Vec(nu11,q3)*Vec(nu12
         ,q3)^2*Vec(nu14,q3)^2*Vec(nu15,q2)*Vec(nu15,q3)*p4.p4*d^-1*xia*xiw^2*
         ufoGC58^2*ufoGC4^2
          + 1/2*g_(1,6_,nu10)*g_(2,6_,nu11)*Vec(nu10,q2)*Vec(nu11,q3)*Vec(nu12
         ,q3)^2*Vec(nu14,q3)^2*Vec(nu15,q2)*Vec(nu15,q3)*p4.p4*d^-1*xiw^2*
         ufoGC58^2*ufoGC4^2
          - 1/4*g_(1,6_,nu10)*g_(2,6_,nu11)*Vec(nu10,q2)*Vec(nu11,q3)*Vec(nu12
         ,q3)^2*Vec(nu14,q3)^2*Vec(nu15,q3)^2*p4.p4*d^-1*xia*xiw^2*ufoGC58^2*
         ufoGC4^2
          + 1/4*g_(1,6_,nu10)*g_(2,6_,nu11)*Vec(nu10,q2)*Vec(nu11,q3)*Vec(nu12
         ,q3)^2*Vec(nu14,q3)^2*Vec(nu15,q3)^2*p4.p4*d^-1*xiw^2*ufoGC58^2*
         ufoGC4^2
          + 1/4*g_(1,6_,nu10)*g_(2,6_,nu11)*Vec(nu10,q2)*Vec(nu11,q3)*Vec(nu12
         ,q3)^2*Vec(nu13,q2)^2*p4.p4^2*d^-1*xia*xiw^2*ufoGC58^2*ufoGC4^2
          - 1/4*g_(1,6_,nu10)*g_(2,6_,nu11)*Vec(nu10,q2)*Vec(nu11,q3)*Vec(nu12
         ,q3)^2*Vec(nu13,q2)^2*p4.p4^2*d^-1*xiw^2*ufoGC58^2*ufoGC4^2
          + 1/2*g_(1,6_,nu10)*g_(2,6_,nu11)*Vec(nu10,q2)*Vec(nu11,q3)*Vec(nu12
         ,q3)^2*Vec(nu13,q2)*Vec(nu13,q3)*p4.p4^2*d^-1*xia*xiw^2*ufoGC58^2*
         ufoGC4^2
          - 1/2*g_(1,6_,nu10)*g_(2,6_,nu11)*Vec(nu10,q2)*Vec(nu11,q3)*Vec(nu12
         ,q3)^2*Vec(nu13,q2)*Vec(nu13,q3)*p4.p4^2*d^-1*xiw^2*ufoGC58^2*
         ufoGC4^2
          + 1/4*g_(1,6_,nu10)*g_(2,6_,nu11)*Vec(nu10,q2)*Vec(nu11,q3)*Vec(nu12
         ,q3)^2*Vec(nu13,q3)^2*p4.p4^2*d^-1*xia*xiw^2*ufoGC58^2*ufoGC4^2
          - 1/4*g_(1,6_,nu10)*g_(2,6_,nu11)*Vec(nu10,q2)*Vec(nu11,q3)*Vec(nu12
         ,q3)^2*Vec(nu13,q3)^2*p4.p4^2*d^-1*xiw^2*ufoGC58^2*ufoGC4^2
          + 1/4*g_(1,6_,nu10)*g_(2,6_,nu11)*Vec(nu10,q2)*Vec(nu11,q3)*Vec(nu14
         ,q2)^2*Vec(nu13,q2)^2*Vec(nu16,q2)^2*p4.p4*d^-1*xia*xiw^2*ufoGC58^2*
         ufoGC4^2
          - 1/4*g_(1,6_,nu10)*g_(2,6_,nu11)*Vec(nu10,q2)*Vec(nu11,q3)*Vec(nu14
         ,q2)^2*Vec(nu13,q2)^2*Vec(nu16,q2)^2*p4.p4*d^-1*xiw^2*ufoGC58^2*
         ufoGC4^2
          + 1/2*g_(1,6_,nu10)*g_(2,6_,nu11)*Vec(nu10,q2)*Vec(nu11,q3)*Vec(nu14
         ,q2)^2*Vec(nu13,q2)^2*Vec(nu16,q2)*Vec(nu16,q3)*p4.p4*d^-1*xia*xiw^2*
         ufoGC58^2*ufoGC4^2
          - 1/2*g_(1,6_,nu10)*g_(2,6_,nu11)*Vec(nu10,q2)*Vec(nu11,q3)*Vec(nu14
         ,q2)^2*Vec(nu13,q2)^2*Vec(nu16,q2)*Vec(nu16,q3)*p4.p4*d^-1*xiw^2*
         ufoGC58^2*ufoGC4^2
          + 1/4*g_(1,6_,nu10)*g_(2,6_,nu11)*Vec(nu10,q2)*Vec(nu11,q3)*Vec(nu14
         ,q2)^2*Vec(nu13,q2)^2*Vec(nu16,q3)^2*p4.p4*d^-1*xia*xiw^2*ufoGC58^2*
         ufoGC4^2
          - 1/4*g_(1,6_,nu10)*g_(2,6_,nu11)*Vec(nu10,q2)*Vec(nu11,q3)*Vec(nu14
         ,q2)^2*Vec(nu13,q2)^2*Vec(nu16,q3)^2*p4.p4*d^-1*xiw^2*ufoGC58^2*
         ufoGC4^2
          + 1/2*g_(1,6_,nu10)*g_(2,6_,nu11)*Vec(nu10,q2)*Vec(nu11,q3)*Vec(nu14
         ,q2)^2*Vec(nu13,q2)*Vec(nu13,q3)*Vec(nu16,q2)^2*p4.p4*d^-1*xia*xiw^2*
         ufoGC58^2*ufoGC4^2
          - 1/2*g_(1,6_,nu10)*g_(2,6_,nu11)*Vec(nu10,q2)*Vec(nu11,q3)*Vec(nu14
         ,q2)^2*Vec(nu13,q2)*Vec(nu13,q3)*Vec(nu16,q2)^2*p4.p4*d^-1*xiw^2*
         ufoGC58^2*ufoGC4^2
          + g_(1,6_,nu10)*g_(2,6_,nu11)*Vec(nu10,q2)*Vec(nu11,q3)*Vec(nu14,q2)
         ^2*Vec(nu13,q2)*Vec(nu13,q3)*Vec(nu16,q2)*Vec(nu16,q3)*p4.p4*d^-1*xia
         *xiw^2*ufoGC58^2*ufoGC4^2
          - g_(1,6_,nu10)*g_(2,6_,nu11)*Vec(nu10,q2)*Vec(nu11,q3)*Vec(nu14,q2)
         ^2*Vec(nu13,q2)*Vec(nu13,q3)*Vec(nu16,q2)*Vec(nu16,q3)*p4.p4*d^-1*
         xiw^2*ufoGC58^2*ufoGC4^2
          + 1/2*g_(1,6_,nu10)*g_(2,6_,nu11)*Vec(nu10,q2)*Vec(nu11,q3)*Vec(nu14
         ,q2)^2*Vec(nu13,q2)*Vec(nu13,q3)*Vec(nu16,q3)^2*p4.p4*d^-1*xia*xiw^2*
         ufoGC58^2*ufoGC4^2
          - 1/2*g_(1,6_,nu10)*g_(2,6_,nu11)*Vec(nu10,q2)*Vec(nu11,q3)*Vec(nu14
         ,q2)^2*Vec(nu13,q2)*Vec(nu13,q3)*Vec(nu16,q3)^2*p4.p4*d^-1*xiw^2*
         ufoGC58^2*ufoGC4^2
          + 1/4*g_(1,6_,nu10)*g_(2,6_,nu11)*Vec(nu10,q2)*Vec(nu11,q3)*Vec(nu14
         ,q2)^2*Vec(nu13,q3)^2*Vec(nu16,q2)^2*p4.p4*d^-1*xia*xiw^2*ufoGC58^2*
         ufoGC4^2
          - 1/4*g_(1,6_,nu10)*g_(2,6_,nu11)*Vec(nu10,q2)*Vec(nu11,q3)*Vec(nu14
         ,q2)^2*Vec(nu13,q3)^2*Vec(nu16,q2)^2*p4.p4*d^-1*xiw^2*ufoGC58^2*
         ufoGC4^2
          + 1/2*g_(1,6_,nu10)*g_(2,6_,nu11)*Vec(nu10,q2)*Vec(nu11,q3)*Vec(nu14
         ,q2)^2*Vec(nu13,q3)^2*Vec(nu16,q2)*Vec(nu16,q3)*p4.p4*d^-1*xia*xiw^2*
         ufoGC58^2*ufoGC4^2
          - 1/2*g_(1,6_,nu10)*g_(2,6_,nu11)*Vec(nu10,q2)*Vec(nu11,q3)*Vec(nu14
         ,q2)^2*Vec(nu13,q3)^2*Vec(nu16,q2)*Vec(nu16,q3)*p4.p4*d^-1*xiw^2*
         ufoGC58^2*ufoGC4^2
          + 1/4*g_(1,6_,nu10)*g_(2,6_,nu11)*Vec(nu10,q2)*Vec(nu11,q3)*Vec(nu14
         ,q2)^2*Vec(nu13,q3)^2*Vec(nu16,q3)^2*p4.p4*d^-1*xia*xiw^2*ufoGC58^2*
         ufoGC4^2
          - 1/4*g_(1,6_,nu10)*g_(2,6_,nu11)*Vec(nu10,q2)*Vec(nu11,q3)*Vec(nu14
         ,q2)^2*Vec(nu13,q3)^2*Vec(nu16,q3)^2*p4.p4*d^-1*xiw^2*ufoGC58^2*
         ufoGC4^2
          + 1/2*g_(1,6_,nu10)*g_(2,6_,nu11)*Vec(nu10,q2)*Vec(nu11,q3)*Vec(nu14
         ,q2)*Vec(nu14,q3)*Vec(nu13,q2)^2*Vec(nu16,q2)^2*p4.p4*d^-1*xia*xiw^2*
         ufoGC58^2*ufoGC4^2
          - 1/2*g_(1,6_,nu10)*g_(2,6_,nu11)*Vec(nu10,q2)*Vec(nu11,q3)*Vec(nu14
         ,q2)*Vec(nu14,q3)*Vec(nu13,q2)^2*Vec(nu16,q2)^2*p4.p4*d^-1*xiw^2*
         ufoGC58^2*ufoGC4^2
          + g_(1,6_,nu10)*g_(2,6_,nu11)*Vec(nu10,q2)*Vec(nu11,q3)*Vec(nu14,q2)
         *Vec(nu14,q3)*Vec(nu13,q2)^2*Vec(nu16,q2)*Vec(nu16,q3)*p4.p4*d^-1*xia
         *xiw^2*ufoGC58^2*ufoGC4^2
          - g_(1,6_,nu10)*g_(2,6_,nu11)*Vec(nu10,q2)*Vec(nu11,q3)*Vec(nu14,q2)
         *Vec(nu14,q3)*Vec(nu13,q2)^2*Vec(nu16,q2)*Vec(nu16,q3)*p4.p4*d^-1*
         xiw^2*ufoGC58^2*ufoGC4^2
          + 1/2*g_(1,6_,nu10)*g_(2,6_,nu11)*Vec(nu10,q2)*Vec(nu11,q3)*Vec(nu14
         ,q2)*Vec(nu14,q3)*Vec(nu13,q2)^2*Vec(nu16,q3)^2*p4.p4*d^-1*xia*xiw^2*
         ufoGC58^2*ufoGC4^2
          - 1/2*g_(1,6_,nu10)*g_(2,6_,nu11)*Vec(nu10,q2)*Vec(nu11,q3)*Vec(nu14
         ,q2)*Vec(nu14,q3)*Vec(nu13,q2)^2*Vec(nu16,q3)^2*p4.p4*d^-1*xiw^2*
         ufoGC58^2*ufoGC4^2
          + g_(1,6_,nu10)*g_(2,6_,nu11)*Vec(nu10,q2)*Vec(nu11,q3)*Vec(nu14,q2)
         *Vec(nu14,q3)*Vec(nu13,q2)*Vec(nu13,q3)*Vec(nu16,q2)^2*p4.p4*d^-1*xia
         *xiw^2*ufoGC58^2*ufoGC4^2
          - g_(1,6_,nu10)*g_(2,6_,nu11)*Vec(nu10,q2)*Vec(nu11,q3)*Vec(nu14,q2)
         *Vec(nu14,q3)*Vec(nu13,q2)*Vec(nu13,q3)*Vec(nu16,q2)^2*p4.p4*d^-1*
         xiw^2*ufoGC58^2*ufoGC4^2
          + 2*g_(1,6_,nu10)*g_(2,6_,nu11)*Vec(nu10,q2)*Vec(nu11,q3)*Vec(nu14,
         q2)*Vec(nu14,q3)*Vec(nu13,q2)*Vec(nu13,q3)*Vec(nu16,q2)*Vec(nu16,q3)*
         p4.p4*d^-1*xia*xiw^2*ufoGC58^2*ufoGC4^2
          - 2*g_(1,6_,nu10)*g_(2,6_,nu11)*Vec(nu10,q2)*Vec(nu11,q3)*Vec(nu14,
         q2)*Vec(nu14,q3)*Vec(nu13,q2)*Vec(nu13,q3)*Vec(nu16,q2)*Vec(nu16,q3)*
         p4.p4*d^-1*xiw^2*ufoGC58^2*ufoGC4^2
          + g_(1,6_,nu10)*g_(2,6_,nu11)*Vec(nu10,q2)*Vec(nu11,q3)*Vec(nu14,q2)
         *Vec(nu14,q3)*Vec(nu13,q2)*Vec(nu13,q3)*Vec(nu16,q3)^2*p4.p4*d^-1*xia
         *xiw^2*ufoGC58^2*ufoGC4^2
          - g_(1,6_,nu10)*g_(2,6_,nu11)*Vec(nu10,q2)*Vec(nu11,q3)*Vec(nu14,q2)
         *Vec(nu14,q3)*Vec(nu13,q2)*Vec(nu13,q3)*Vec(nu16,q3)^2*p4.p4*d^-1*
         xiw^2*ufoGC58^2*ufoGC4^2
          + 1/2*g_(1,6_,nu10)*g_(2,6_,nu11)*Vec(nu10,q2)*Vec(nu11,q3)*Vec(nu14
         ,q2)*Vec(nu14,q3)*Vec(nu13,q3)^2*Vec(nu16,q2)^2*p4.p4*d^-1*xia*xiw^2*
         ufoGC58^2*ufoGC4^2
          - 1/2*g_(1,6_,nu10)*g_(2,6_,nu11)*Vec(nu10,q2)*Vec(nu11,q3)*Vec(nu14
         ,q2)*Vec(nu14,q3)*Vec(nu13,q3)^2*Vec(nu16,q2)^2*p4.p4*d^-1*xiw^2*
         ufoGC58^2*ufoGC4^2
          + g_(1,6_,nu10)*g_(2,6_,nu11)*Vec(nu10,q2)*Vec(nu11,q3)*Vec(nu14,q2)
         *Vec(nu14,q3)*Vec(nu13,q3)^2*Vec(nu16,q2)*Vec(nu16,q3)*p4.p4*d^-1*xia
         *xiw^2*ufoGC58^2*ufoGC4^2
          - g_(1,6_,nu10)*g_(2,6_,nu11)*Vec(nu10,q2)*Vec(nu11,q3)*Vec(nu14,q2)
         *Vec(nu14,q3)*Vec(nu13,q3)^2*Vec(nu16,q2)*Vec(nu16,q3)*p4.p4*d^-1*
         xiw^2*ufoGC58^2*ufoGC4^2
          + 1/2*g_(1,6_,nu10)*g_(2,6_,nu11)*Vec(nu10,q2)*Vec(nu11,q3)*Vec(nu14
         ,q2)*Vec(nu14,q3)*Vec(nu13,q3)^2*Vec(nu16,q3)^2*p4.p4*d^-1*xia*xiw^2*
         ufoGC58^2*ufoGC4^2
          - 1/2*g_(1,6_,nu10)*g_(2,6_,nu11)*Vec(nu10,q2)*Vec(nu11,q3)*Vec(nu14
         ,q2)*Vec(nu14,q3)*Vec(nu13,q3)^2*Vec(nu16,q3)^2*p4.p4*d^-1*xiw^2*
         ufoGC58^2*ufoGC4^2
          + 1/4*g_(1,6_,nu10)*g_(2,6_,nu11)*Vec(nu10,q2)*Vec(nu11,q3)*Vec(nu14
         ,q3)^2*Vec(nu13,q2)^2*Vec(nu16,q2)^2*p4.p4*d^-1*xia*xiw^2*ufoGC58^2*
         ufoGC4^2
          - 1/4*g_(1,6_,nu10)*g_(2,6_,nu11)*Vec(nu10,q2)*Vec(nu11,q3)*Vec(nu14
         ,q3)^2*Vec(nu13,q2)^2*Vec(nu16,q2)^2*p4.p4*d^-1*xiw^2*ufoGC58^2*
         ufoGC4^2
          + 1/2*g_(1,6_,nu10)*g_(2,6_,nu11)*Vec(nu10,q2)*Vec(nu11,q3)*Vec(nu14
         ,q3)^2*Vec(nu13,q2)^2*Vec(nu16,q2)*Vec(nu16,q3)*p4.p4*d^-1*xia*xiw^2*
         ufoGC58^2*ufoGC4^2
          - 1/2*g_(1,6_,nu10)*g_(2,6_,nu11)*Vec(nu10,q2)*Vec(nu11,q3)*Vec(nu14
         ,q3)^2*Vec(nu13,q2)^2*Vec(nu16,q2)*Vec(nu16,q3)*p4.p4*d^-1*xiw^2*
         ufoGC58^2*ufoGC4^2
          + 1/4*g_(1,6_,nu10)*g_(2,6_,nu11)*Vec(nu10,q2)*Vec(nu11,q3)*Vec(nu14
         ,q3)^2*Vec(nu13,q2)^2*Vec(nu16,q3)^2*p4.p4*d^-1*xia*xiw^2*ufoGC58^2*
         ufoGC4^2
          - 1/4*g_(1,6_,nu10)*g_(2,6_,nu11)*Vec(nu10,q2)*Vec(nu11,q3)*Vec(nu14
         ,q3)^2*Vec(nu13,q2)^2*Vec(nu16,q3)^2*p4.p4*d^-1*xiw^2*ufoGC58^2*
         ufoGC4^2
          + 1/2*g_(1,6_,nu10)*g_(2,6_,nu11)*Vec(nu10,q2)*Vec(nu11,q3)*Vec(nu14
         ,q3)^2*Vec(nu13,q2)*Vec(nu13,q3)*Vec(nu16,q2)^2*p4.p4*d^-1*xia*xiw^2*
         ufoGC58^2*ufoGC4^2
          - 1/2*g_(1,6_,nu10)*g_(2,6_,nu11)*Vec(nu10,q2)*Vec(nu11,q3)*Vec(nu14
         ,q3)^2*Vec(nu13,q2)*Vec(nu13,q3)*Vec(nu16,q2)^2*p4.p4*d^-1*xiw^2*
         ufoGC58^2*ufoGC4^2
          + g_(1,6_,nu10)*g_(2,6_,nu11)*Vec(nu10,q2)*Vec(nu11,q3)*Vec(nu14,q3)
         ^2*Vec(nu13,q2)*Vec(nu13,q3)*Vec(nu16,q2)*Vec(nu16,q3)*p4.p4*d^-1*xia
         *xiw^2*ufoGC58^2*ufoGC4^2
          - g_(1,6_,nu10)*g_(2,6_,nu11)*Vec(nu10,q2)*Vec(nu11,q3)*Vec(nu14,q3)
         ^2*Vec(nu13,q2)*Vec(nu13,q3)*Vec(nu16,q2)*Vec(nu16,q3)*p4.p4*d^-1*
         xiw^2*ufoGC58^2*ufoGC4^2
          + 1/2*g_(1,6_,nu10)*g_(2,6_,nu11)*Vec(nu10,q2)*Vec(nu11,q3)*Vec(nu14
         ,q3)^2*Vec(nu13,q2)*Vec(nu13,q3)*Vec(nu16,q3)^2*p4.p4*d^-1*xia*xiw^2*
         ufoGC58^2*ufoGC4^2
          - 1/2*g_(1,6_,nu10)*g_(2,6_,nu11)*Vec(nu10,q2)*Vec(nu11,q3)*Vec(nu14
         ,q3)^2*Vec(nu13,q2)*Vec(nu13,q3)*Vec(nu16,q3)^2*p4.p4*d^-1*xiw^2*
         ufoGC58^2*ufoGC4^2
          + 1/4*g_(1,6_,nu10)*g_(2,6_,nu11)*Vec(nu10,q2)*Vec(nu11,q3)*Vec(nu14
         ,q3)^2*Vec(nu13,q3)^2*Vec(nu16,q2)^2*p4.p4*d^-1*xia*xiw^2*ufoGC58^2*
         ufoGC4^2
          - 1/4*g_(1,6_,nu10)*g_(2,6_,nu11)*Vec(nu10,q2)*Vec(nu11,q3)*Vec(nu14
         ,q3)^2*Vec(nu13,q3)^2*Vec(nu16,q2)^2*p4.p4*d^-1*xiw^2*ufoGC58^2*
         ufoGC4^2
          + 1/2*g_(1,6_,nu10)*g_(2,6_,nu11)*Vec(nu10,q2)*Vec(nu11,q3)*Vec(nu14
         ,q3)^2*Vec(nu13,q3)^2*Vec(nu16,q2)*Vec(nu16,q3)*p4.p4*d^-1*xia*xiw^2*
         ufoGC58^2*ufoGC4^2
          - 1/2*g_(1,6_,nu10)*g_(2,6_,nu11)*Vec(nu10,q2)*Vec(nu11,q3)*Vec(nu14
         ,q3)^2*Vec(nu13,q3)^2*Vec(nu16,q2)*Vec(nu16,q3)*p4.p4*d^-1*xiw^2*
         ufoGC58^2*ufoGC4^2
          + 1/4*g_(1,6_,nu10)*g_(2,6_,nu11)*Vec(nu10,q2)*Vec(nu11,q3)*Vec(nu14
         ,q3)^2*Vec(nu13,q3)^2*Vec(nu16,q3)^2*p4.p4*d^-1*xia*xiw^2*ufoGC58^2*
         ufoGC4^2
          - 1/4*g_(1,6_,nu10)*g_(2,6_,nu11)*Vec(nu10,q2)*Vec(nu11,q3)*Vec(nu14
         ,q3)^2*Vec(nu13,q3)^2*Vec(nu16,q3)^2*p4.p4*d^-1*xiw^2*ufoGC58^2*
         ufoGC4^2
          - 1/4*g_(1,6_,nu10)*g_(2,6_,nu11)*Vec(nu10,q2)*Vec(nu11,q3)*Vec(nu13
         ,q2)^2*Vec(nu16,q2)^2*p4.p4^2*d^-1*xia*xiw^2*ufoGC58^2*ufoGC4^2
          + 1/4*g_(1,6_,nu10)*g_(2,6_,nu11)*Vec(nu10,q2)*Vec(nu11,q3)*Vec(nu13
         ,q2)^2*Vec(nu16,q2)^2*p4.p4^2*d^-1*xiw^2*ufoGC58^2*ufoGC4^2
          - 1/2*g_(1,6_,nu10)*g_(2,6_,nu11)*Vec(nu10,q2)*Vec(nu11,q3)*Vec(nu13
         ,q2)^2*Vec(nu16,q2)*Vec(nu16,q3)*p4.p4^2*d^-1*xia*xiw^2*ufoGC58^2*
         ufoGC4^2
          + 1/2*g_(1,6_,nu10)*g_(2,6_,nu11)*Vec(nu10,q2)*Vec(nu11,q3)*Vec(nu13
         ,q2)^2*Vec(nu16,q2)*Vec(nu16,q3)*p4.p4^2*d^-1*xiw^2*ufoGC58^2*
         ufoGC4^2
          - 1/4*g_(1,6_,nu10)*g_(2,6_,nu11)*Vec(nu10,q2)*Vec(nu11,q3)*Vec(nu13
         ,q2)^2*Vec(nu16,q3)^2*p4.p4^2*d^-1*xia*xiw^2*ufoGC58^2*ufoGC4^2
          + 1/4*g_(1,6_,nu10)*g_(2,6_,nu11)*Vec(nu10,q2)*Vec(nu11,q3)*Vec(nu13
         ,q2)^2*Vec(nu16,q3)^2*p4.p4^2*d^-1*xiw^2*ufoGC58^2*ufoGC4^2
          - 1/2*g_(1,6_,nu10)*g_(2,6_,nu11)*Vec(nu10,q2)*Vec(nu11,q3)*Vec(nu13
         ,q2)*Vec(nu13,q3)*Vec(nu16,q2)^2*p4.p4^2*d^-1*xia*xiw^2*ufoGC58^2*
         ufoGC4^2
          + 1/2*g_(1,6_,nu10)*g_(2,6_,nu11)*Vec(nu10,q2)*Vec(nu11,q3)*Vec(nu13
         ,q2)*Vec(nu13,q3)*Vec(nu16,q2)^2*p4.p4^2*d^-1*xiw^2*ufoGC58^2*
         ufoGC4^2
          - g_(1,6_,nu10)*g_(2,6_,nu11)*Vec(nu10,q2)*Vec(nu11,q3)*Vec(nu13,q2)
         *Vec(nu13,q3)*Vec(nu16,q2)*Vec(nu16,q3)*p4.p4^2*d^-1*xia*xiw^2*
         ufoGC58^2*ufoGC4^2
          + g_(1,6_,nu10)*g_(2,6_,nu11)*Vec(nu10,q2)*Vec(nu11,q3)*Vec(nu13,q2)
         *Vec(nu13,q3)*Vec(nu16,q2)*Vec(nu16,q3)*p4.p4^2*d^-1*xiw^2*ufoGC58^2*
         ufoGC4^2
          - 1/2*g_(1,6_,nu10)*g_(2,6_,nu11)*Vec(nu10,q2)*Vec(nu11,q3)*Vec(nu13
         ,q2)*Vec(nu13,q3)*Vec(nu16,q3)^2*p4.p4^2*d^-1*xia*xiw^2*ufoGC58^2*
         ufoGC4^2
          + 1/2*g_(1,6_,nu10)*g_(2,6_,nu11)*Vec(nu10,q2)*Vec(nu11,q3)*Vec(nu13
         ,q2)*Vec(nu13,q3)*Vec(nu16,q3)^2*p4.p4^2*d^-1*xiw^2*ufoGC58^2*
         ufoGC4^2
          - 1/4*g_(1,6_,nu10)*g_(2,6_,nu11)*Vec(nu10,q2)*Vec(nu11,q3)*Vec(nu13
         ,q3)^2*Vec(nu16,q2)^2*p4.p4^2*d^-1*xia*xiw^2*ufoGC58^2*ufoGC4^2
          + 1/4*g_(1,6_,nu10)*g_(2,6_,nu11)*Vec(nu10,q2)*Vec(nu11,q3)*Vec(nu13
         ,q3)^2*Vec(nu16,q2)^2*p4.p4^2*d^-1*xiw^2*ufoGC58^2*ufoGC4^2
          - 1/2*g_(1,6_,nu10)*g_(2,6_,nu11)*Vec(nu10,q2)*Vec(nu11,q3)*Vec(nu13
         ,q3)^2*Vec(nu16,q2)*Vec(nu16,q3)*p4.p4^2*d^-1*xia*xiw^2*ufoGC58^2*
         ufoGC4^2
          + 1/2*g_(1,6_,nu10)*g_(2,6_,nu11)*Vec(nu10,q2)*Vec(nu11,q3)*Vec(nu13
         ,q3)^2*Vec(nu16,q2)*Vec(nu16,q3)*p4.p4^2*d^-1*xiw^2*ufoGC58^2*
         ufoGC4^2
          - 1/4*g_(1,6_,nu10)*g_(2,6_,nu11)*Vec(nu10,q2)*Vec(nu11,q3)*Vec(nu13
         ,q3)^2*Vec(nu16,q3)^2*p4.p4^2*d^-1*xia*xiw^2*ufoGC58^2*ufoGC4^2
          + 1/4*g_(1,6_,nu10)*g_(2,6_,nu11)*Vec(nu10,q2)*Vec(nu11,q3)*Vec(nu13
         ,q3)^2*Vec(nu16,q3)^2*p4.p4^2*d^-1*xiw^2*ufoGC58^2*ufoGC4^2
          + 1/4*g_(1,6_,nu10)*g_(2,6_,nu11)*Vec(nu10,q3)*Vec(nu11,q2)*Vec(nu9,
         q2)^2*Vec(nu12,q2)^2*Vec(nu15,q2)^2*p4.p4*d^-1*xia*xiw^2*ufoGC58^2*
         ufoGC4^2
          - 1/4*g_(1,6_,nu10)*g_(2,6_,nu11)*Vec(nu10,q3)*Vec(nu11,q2)*Vec(nu9,
         q2)^2*Vec(nu12,q2)^2*Vec(nu15,q2)^2*p4.p4*d^-1*xiw^2*ufoGC58^2*
         ufoGC4^2
          + 1/2*g_(1,6_,nu10)*g_(2,6_,nu11)*Vec(nu10,q3)*Vec(nu11,q2)*Vec(nu9,
         q2)^2*Vec(nu12,q2)^2*Vec(nu15,q2)*Vec(nu15,q3)*p4.p4*d^-1*xia*xiw^2*
         ufoGC58^2*ufoGC4^2
          - 1/2*g_(1,6_,nu10)*g_(2,6_,nu11)*Vec(nu10,q3)*Vec(nu11,q2)*Vec(nu9,
         q2)^2*Vec(nu12,q2)^2*Vec(nu15,q2)*Vec(nu15,q3)*p4.p4*d^-1*xiw^2*
         ufoGC58^2*ufoGC4^2
          + 1/4*g_(1,6_,nu10)*g_(2,6_,nu11)*Vec(nu10,q3)*Vec(nu11,q2)*Vec(nu9,
         q2)^2*Vec(nu12,q2)^2*Vec(nu15,q3)^2*p4.p4*d^-1*xia*xiw^2*ufoGC58^2*
         ufoGC4^2
          - 1/4*g_(1,6_,nu10)*g_(2,6_,nu11)*Vec(nu10,q3)*Vec(nu11,q2)*Vec(nu9,
         q2)^2*Vec(nu12,q2)^2*Vec(nu15,q3)^2*p4.p4*d^-1*xiw^2*ufoGC58^2*
         ufoGC4^2
          + 1/2*g_(1,6_,nu10)*g_(2,6_,nu11)*Vec(nu10,q3)*Vec(nu11,q2)*Vec(nu9,
         q2)^2*Vec(nu12,q2)*Vec(nu12,q3)*Vec(nu15,q2)^2*p4.p4*d^-1*xia*xiw^2*
         ufoGC58^2*ufoGC4^2
          - 1/2*g_(1,6_,nu10)*g_(2,6_,nu11)*Vec(nu10,q3)*Vec(nu11,q2)*Vec(nu9,
         q2)^2*Vec(nu12,q2)*Vec(nu12,q3)*Vec(nu15,q2)^2*p4.p4*d^-1*xiw^2*
         ufoGC58^2*ufoGC4^2
          + g_(1,6_,nu10)*g_(2,6_,nu11)*Vec(nu10,q3)*Vec(nu11,q2)*Vec(nu9,q2)^
         2*Vec(nu12,q2)*Vec(nu12,q3)*Vec(nu15,q2)*Vec(nu15,q3)*p4.p4*d^-1*xia*
         xiw^2*ufoGC58^2*ufoGC4^2
          - g_(1,6_,nu10)*g_(2,6_,nu11)*Vec(nu10,q3)*Vec(nu11,q2)*Vec(nu9,q2)^
         2*Vec(nu12,q2)*Vec(nu12,q3)*Vec(nu15,q2)*Vec(nu15,q3)*p4.p4*d^-1*
         xiw^2*ufoGC58^2*ufoGC4^2
          + 1/2*g_(1,6_,nu10)*g_(2,6_,nu11)*Vec(nu10,q3)*Vec(nu11,q2)*Vec(nu9,
         q2)^2*Vec(nu12,q2)*Vec(nu12,q3)*Vec(nu15,q3)^2*p4.p4*d^-1*xia*xiw^2*
         ufoGC58^2*ufoGC4^2
          - 1/2*g_(1,6_,nu10)*g_(2,6_,nu11)*Vec(nu10,q3)*Vec(nu11,q2)*Vec(nu9,
         q2)^2*Vec(nu12,q2)*Vec(nu12,q3)*Vec(nu15,q3)^2*p4.p4*d^-1*xiw^2*
         ufoGC58^2*ufoGC4^2
          + 1/4*g_(1,6_,nu10)*g_(2,6_,nu11)*Vec(nu10,q3)*Vec(nu11,q2)*Vec(nu9,
         q2)^2*Vec(nu12,q3)^2*Vec(nu15,q2)^2*p4.p4*d^-1*xia*xiw^2*ufoGC58^2*
         ufoGC4^2
          - 1/4*g_(1,6_,nu10)*g_(2,6_,nu11)*Vec(nu10,q3)*Vec(nu11,q2)*Vec(nu9,
         q2)^2*Vec(nu12,q3)^2*Vec(nu15,q2)^2*p4.p4*d^-1*xiw^2*ufoGC58^2*
         ufoGC4^2
          + 1/2*g_(1,6_,nu10)*g_(2,6_,nu11)*Vec(nu10,q3)*Vec(nu11,q2)*Vec(nu9,
         q2)^2*Vec(nu12,q3)^2*Vec(nu15,q2)*Vec(nu15,q3)*p4.p4*d^-1*xia*xiw^2*
         ufoGC58^2*ufoGC4^2
          - 1/2*g_(1,6_,nu10)*g_(2,6_,nu11)*Vec(nu10,q3)*Vec(nu11,q2)*Vec(nu9,
         q2)^2*Vec(nu12,q3)^2*Vec(nu15,q2)*Vec(nu15,q3)*p4.p4*d^-1*xiw^2*
         ufoGC58^2*ufoGC4^2
          + 1/4*g_(1,6_,nu10)*g_(2,6_,nu11)*Vec(nu10,q3)*Vec(nu11,q2)*Vec(nu9,
         q2)^2*Vec(nu12,q3)^2*Vec(nu15,q3)^2*p4.p4*d^-1*xia*xiw^2*ufoGC58^2*
         ufoGC4^2
          - 1/4*g_(1,6_,nu10)*g_(2,6_,nu11)*Vec(nu10,q3)*Vec(nu11,q2)*Vec(nu9,
         q2)^2*Vec(nu12,q3)^2*Vec(nu15,q3)^2*p4.p4*d^-1*xiw^2*ufoGC58^2*
         ufoGC4^2
          - 1/4*g_(1,6_,nu10)*g_(2,6_,nu11)*Vec(nu10,q3)*Vec(nu11,q2)*Vec(nu9,
         q2)^2*Vec(nu13,q2)^2*Vec(nu16,q2)^2*p4.p4*d^-1*xia*xiw^2*ufoGC58^2*
         ufoGC4^2
          + 1/4*g_(1,6_,nu10)*g_(2,6_,nu11)*Vec(nu10,q3)*Vec(nu11,q2)*Vec(nu9,
         q2)^2*Vec(nu13,q2)^2*Vec(nu16,q2)^2*p4.p4*d^-1*xiw^2*ufoGC58^2*
         ufoGC4^2
          - 1/2*g_(1,6_,nu10)*g_(2,6_,nu11)*Vec(nu10,q3)*Vec(nu11,q2)*Vec(nu9,
         q2)^2*Vec(nu13,q2)^2*Vec(nu16,q2)*Vec(nu16,q3)*p4.p4*d^-1*xia*xiw^2*
         ufoGC58^2*ufoGC4^2
          + 1/2*g_(1,6_,nu10)*g_(2,6_,nu11)*Vec(nu10,q3)*Vec(nu11,q2)*Vec(nu9,
         q2)^2*Vec(nu13,q2)^2*Vec(nu16,q2)*Vec(nu16,q3)*p4.p4*d^-1*xiw^2*
         ufoGC58^2*ufoGC4^2
          - 1/4*g_(1,6_,nu10)*g_(2,6_,nu11)*Vec(nu10,q3)*Vec(nu11,q2)*Vec(nu9,
         q2)^2*Vec(nu13,q2)^2*Vec(nu16,q3)^2*p4.p4*d^-1*xia*xiw^2*ufoGC58^2*
         ufoGC4^2
          + 1/4*g_(1,6_,nu10)*g_(2,6_,nu11)*Vec(nu10,q3)*Vec(nu11,q2)*Vec(nu9,
         q2)^2*Vec(nu13,q2)^2*Vec(nu16,q3)^2*p4.p4*d^-1*xiw^2*ufoGC58^2*
         ufoGC4^2
          - 1/2*g_(1,6_,nu10)*g_(2,6_,nu11)*Vec(nu10,q3)*Vec(nu11,q2)*Vec(nu9,
         q2)^2*Vec(nu13,q2)*Vec(nu13,q3)*Vec(nu16,q2)^2*p4.p4*d^-1*xia*xiw^2*
         ufoGC58^2*ufoGC4^2
          + 1/2*g_(1,6_,nu10)*g_(2,6_,nu11)*Vec(nu10,q3)*Vec(nu11,q2)*Vec(nu9,
         q2)^2*Vec(nu13,q2)*Vec(nu13,q3)*Vec(nu16,q2)^2*p4.p4*d^-1*xiw^2*
         ufoGC58^2*ufoGC4^2
          - g_(1,6_,nu10)*g_(2,6_,nu11)*Vec(nu10,q3)*Vec(nu11,q2)*Vec(nu9,q2)^
         2*Vec(nu13,q2)*Vec(nu13,q3)*Vec(nu16,q2)*Vec(nu16,q3)*p4.p4*d^-1*xia*
         xiw^2*ufoGC58^2*ufoGC4^2
          + g_(1,6_,nu10)*g_(2,6_,nu11)*Vec(nu10,q3)*Vec(nu11,q2)*Vec(nu9,q2)^
         2*Vec(nu13,q2)*Vec(nu13,q3)*Vec(nu16,q2)*Vec(nu16,q3)*p4.p4*d^-1*
         xiw^2*ufoGC58^2*ufoGC4^2
          - 1/2*g_(1,6_,nu10)*g_(2,6_,nu11)*Vec(nu10,q3)*Vec(nu11,q2)*Vec(nu9,
         q2)^2*Vec(nu13,q2)*Vec(nu13,q3)*Vec(nu16,q3)^2*p4.p4*d^-1*xia*xiw^2*
         ufoGC58^2*ufoGC4^2
          + 1/2*g_(1,6_,nu10)*g_(2,6_,nu11)*Vec(nu10,q3)*Vec(nu11,q2)*Vec(nu9,
         q2)^2*Vec(nu13,q2)*Vec(nu13,q3)*Vec(nu16,q3)^2*p4.p4*d^-1*xiw^2*
         ufoGC58^2*ufoGC4^2
          - 1/4*g_(1,6_,nu10)*g_(2,6_,nu11)*Vec(nu10,q3)*Vec(nu11,q2)*Vec(nu9,
         q2)^2*Vec(nu13,q3)^2*Vec(nu16,q2)^2*p4.p4*d^-1*xia*xiw^2*ufoGC58^2*
         ufoGC4^2
          + 1/4*g_(1,6_,nu10)*g_(2,6_,nu11)*Vec(nu10,q3)*Vec(nu11,q2)*Vec(nu9,
         q2)^2*Vec(nu13,q3)^2*Vec(nu16,q2)^2*p4.p4*d^-1*xiw^2*ufoGC58^2*
         ufoGC4^2
          - 1/2*g_(1,6_,nu10)*g_(2,6_,nu11)*Vec(nu10,q3)*Vec(nu11,q2)*Vec(nu9,
         q2)^2*Vec(nu13,q3)^2*Vec(nu16,q2)*Vec(nu16,q3)*p4.p4*d^-1*xia*xiw^2*
         ufoGC58^2*ufoGC4^2
          + 1/2*g_(1,6_,nu10)*g_(2,6_,nu11)*Vec(nu10,q3)*Vec(nu11,q2)*Vec(nu9,
         q2)^2*Vec(nu13,q3)^2*Vec(nu16,q2)*Vec(nu16,q3)*p4.p4*d^-1*xiw^2*
         ufoGC58^2*ufoGC4^2
          - 1/4*g_(1,6_,nu10)*g_(2,6_,nu11)*Vec(nu10,q3)*Vec(nu11,q2)*Vec(nu9,
         q2)^2*Vec(nu13,q3)^2*Vec(nu16,q3)^2*p4.p4*d^-1*xia*xiw^2*ufoGC58^2*
         ufoGC4^2
          + 1/4*g_(1,6_,nu10)*g_(2,6_,nu11)*Vec(nu10,q3)*Vec(nu11,q2)*Vec(nu9,
         q2)^2*Vec(nu13,q3)^2*Vec(nu16,q3)^2*p4.p4*d^-1*xiw^2*ufoGC58^2*
         ufoGC4^2
          + 1/2*g_(1,6_,nu10)*g_(2,6_,nu11)*Vec(nu10,q3)*Vec(nu11,q2)*Vec(nu9,
         q2)*Vec(nu9,q3)*Vec(nu12,q2)^2*Vec(nu15,q2)^2*p4.p4*d^-1*xia*xiw^2*
         ufoGC58^2*ufoGC4^2
          - 1/2*g_(1,6_,nu10)*g_(2,6_,nu11)*Vec(nu10,q3)*Vec(nu11,q2)*Vec(nu9,
         q2)*Vec(nu9,q3)*Vec(nu12,q2)^2*Vec(nu15,q2)^2*p4.p4*d^-1*xiw^2*
         ufoGC58^2*ufoGC4^2
          + g_(1,6_,nu10)*g_(2,6_,nu11)*Vec(nu10,q3)*Vec(nu11,q2)*Vec(nu9,q2)*
         Vec(nu9,q3)*Vec(nu12,q2)^2*Vec(nu15,q2)*Vec(nu15,q3)*p4.p4*d^-1*xia*
         xiw^2*ufoGC58^2*ufoGC4^2
          - g_(1,6_,nu10)*g_(2,6_,nu11)*Vec(nu10,q3)*Vec(nu11,q2)*Vec(nu9,q2)*
         Vec(nu9,q3)*Vec(nu12,q2)^2*Vec(nu15,q2)*Vec(nu15,q3)*p4.p4*d^-1*xiw^2
         *ufoGC58^2*ufoGC4^2
          + 1/2*g_(1,6_,nu10)*g_(2,6_,nu11)*Vec(nu10,q3)*Vec(nu11,q2)*Vec(nu9,
         q2)*Vec(nu9,q3)*Vec(nu12,q2)^2*Vec(nu15,q3)^2*p4.p4*d^-1*xia*xiw^2*
         ufoGC58^2*ufoGC4^2
          - 1/2*g_(1,6_,nu10)*g_(2,6_,nu11)*Vec(nu10,q3)*Vec(nu11,q2)*Vec(nu9,
         q2)*Vec(nu9,q3)*Vec(nu12,q2)^2*Vec(nu15,q3)^2*p4.p4*d^-1*xiw^2*
         ufoGC58^2*ufoGC4^2
          + g_(1,6_,nu10)*g_(2,6_,nu11)*Vec(nu10,q3)*Vec(nu11,q2)*Vec(nu9,q2)*
         Vec(nu9,q3)*Vec(nu12,q2)*Vec(nu12,q3)*Vec(nu15,q2)^2*p4.p4*d^-1*xia*
         xiw^2*ufoGC58^2*ufoGC4^2
          - g_(1,6_,nu10)*g_(2,6_,nu11)*Vec(nu10,q3)*Vec(nu11,q2)*Vec(nu9,q2)*
         Vec(nu9,q3)*Vec(nu12,q2)*Vec(nu12,q3)*Vec(nu15,q2)^2*p4.p4*d^-1*xiw^2
         *ufoGC58^2*ufoGC4^2
          + 2*g_(1,6_,nu10)*g_(2,6_,nu11)*Vec(nu10,q3)*Vec(nu11,q2)*Vec(nu9,q2
         )*Vec(nu9,q3)*Vec(nu12,q2)*Vec(nu12,q3)*Vec(nu15,q2)*Vec(nu15,q3)*
         p4.p4*d^-1*xia*xiw^2*ufoGC58^2*ufoGC4^2
          - 2*g_(1,6_,nu10)*g_(2,6_,nu11)*Vec(nu10,q3)*Vec(nu11,q2)*Vec(nu9,q2
         )*Vec(nu9,q3)*Vec(nu12,q2)*Vec(nu12,q3)*Vec(nu15,q2)*Vec(nu15,q3)*
         p4.p4*d^-1*xiw^2*ufoGC58^2*ufoGC4^2
          + g_(1,6_,nu10)*g_(2,6_,nu11)*Vec(nu10,q3)*Vec(nu11,q2)*Vec(nu9,q2)*
         Vec(nu9,q3)*Vec(nu12,q2)*Vec(nu12,q3)*Vec(nu15,q3)^2*p4.p4*d^-1*xia*
         xiw^2*ufoGC58^2*ufoGC4^2
          - g_(1,6_,nu10)*g_(2,6_,nu11)*Vec(nu10,q3)*Vec(nu11,q2)*Vec(nu9,q2)*
         Vec(nu9,q3)*Vec(nu12,q2)*Vec(nu12,q3)*Vec(nu15,q3)^2*p4.p4*d^-1*xiw^2
         *ufoGC58^2*ufoGC4^2
          + 1/2*g_(1,6_,nu10)*g_(2,6_,nu11)*Vec(nu10,q3)*Vec(nu11,q2)*Vec(nu9,
         q2)*Vec(nu9,q3)*Vec(nu12,q3)^2*Vec(nu15,q2)^2*p4.p4*d^-1*xia*xiw^2*
         ufoGC58^2*ufoGC4^2
          - 1/2*g_(1,6_,nu10)*g_(2,6_,nu11)*Vec(nu10,q3)*Vec(nu11,q2)*Vec(nu9,
         q2)*Vec(nu9,q3)*Vec(nu12,q3)^2*Vec(nu15,q2)^2*p4.p4*d^-1*xiw^2*
         ufoGC58^2*ufoGC4^2
          + g_(1,6_,nu10)*g_(2,6_,nu11)*Vec(nu10,q3)*Vec(nu11,q2)*Vec(nu9,q2)*
         Vec(nu9,q3)*Vec(nu12,q3)^2*Vec(nu15,q2)*Vec(nu15,q3)*p4.p4*d^-1*xia*
         xiw^2*ufoGC58^2*ufoGC4^2
          - g_(1,6_,nu10)*g_(2,6_,nu11)*Vec(nu10,q3)*Vec(nu11,q2)*Vec(nu9,q2)*
         Vec(nu9,q3)*Vec(nu12,q3)^2*Vec(nu15,q2)*Vec(nu15,q3)*p4.p4*d^-1*xiw^2
         *ufoGC58^2*ufoGC4^2
          + 1/2*g_(1,6_,nu10)*g_(2,6_,nu11)*Vec(nu10,q3)*Vec(nu11,q2)*Vec(nu9,
         q2)*Vec(nu9,q3)*Vec(nu12,q3)^2*Vec(nu15,q3)^2*p4.p4*d^-1*xia*xiw^2*
         ufoGC58^2*ufoGC4^2
          - 1/2*g_(1,6_,nu10)*g_(2,6_,nu11)*Vec(nu10,q3)*Vec(nu11,q2)*Vec(nu9,
         q2)*Vec(nu9,q3)*Vec(nu12,q3)^2*Vec(nu15,q3)^2*p4.p4*d^-1*xiw^2*
         ufoGC58^2*ufoGC4^2
          - 1/2*g_(1,6_,nu10)*g_(2,6_,nu11)*Vec(nu10,q3)*Vec(nu11,q2)*Vec(nu9,
         q2)*Vec(nu9,q3)*Vec(nu13,q2)^2*Vec(nu16,q2)^2*p4.p4*d^-1*xia*xiw^2*
         ufoGC58^2*ufoGC4^2
          + 1/2*g_(1,6_,nu10)*g_(2,6_,nu11)*Vec(nu10,q3)*Vec(nu11,q2)*Vec(nu9,
         q2)*Vec(nu9,q3)*Vec(nu13,q2)^2*Vec(nu16,q2)^2*p4.p4*d^-1*xiw^2*
         ufoGC58^2*ufoGC4^2
          - g_(1,6_,nu10)*g_(2,6_,nu11)*Vec(nu10,q3)*Vec(nu11,q2)*Vec(nu9,q2)*
         Vec(nu9,q3)*Vec(nu13,q2)^2*Vec(nu16,q2)*Vec(nu16,q3)*p4.p4*d^-1*xia*
         xiw^2*ufoGC58^2*ufoGC4^2
          + g_(1,6_,nu10)*g_(2,6_,nu11)*Vec(nu10,q3)*Vec(nu11,q2)*Vec(nu9,q2)*
         Vec(nu9,q3)*Vec(nu13,q2)^2*Vec(nu16,q2)*Vec(nu16,q3)*p4.p4*d^-1*xiw^2
         *ufoGC58^2*ufoGC4^2
          - 1/2*g_(1,6_,nu10)*g_(2,6_,nu11)*Vec(nu10,q3)*Vec(nu11,q2)*Vec(nu9,
         q2)*Vec(nu9,q3)*Vec(nu13,q2)^2*Vec(nu16,q3)^2*p4.p4*d^-1*xia*xiw^2*
         ufoGC58^2*ufoGC4^2
          + 1/2*g_(1,6_,nu10)*g_(2,6_,nu11)*Vec(nu10,q3)*Vec(nu11,q2)*Vec(nu9,
         q2)*Vec(nu9,q3)*Vec(nu13,q2)^2*Vec(nu16,q3)^2*p4.p4*d^-1*xiw^2*
         ufoGC58^2*ufoGC4^2
          - g_(1,6_,nu10)*g_(2,6_,nu11)*Vec(nu10,q3)*Vec(nu11,q2)*Vec(nu9,q2)*
         Vec(nu9,q3)*Vec(nu13,q2)*Vec(nu13,q3)*Vec(nu16,q2)^2*p4.p4*d^-1*xia*
         xiw^2*ufoGC58^2*ufoGC4^2
          + g_(1,6_,nu10)*g_(2,6_,nu11)*Vec(nu10,q3)*Vec(nu11,q2)*Vec(nu9,q2)*
         Vec(nu9,q3)*Vec(nu13,q2)*Vec(nu13,q3)*Vec(nu16,q2)^2*p4.p4*d^-1*xiw^2
         *ufoGC58^2*ufoGC4^2
          - 2*g_(1,6_,nu10)*g_(2,6_,nu11)*Vec(nu10,q3)*Vec(nu11,q2)*Vec(nu9,q2
         )*Vec(nu9,q3)*Vec(nu13,q2)*Vec(nu13,q3)*Vec(nu16,q2)*Vec(nu16,q3)*
         p4.p4*d^-1*xia*xiw^2*ufoGC58^2*ufoGC4^2
          + 2*g_(1,6_,nu10)*g_(2,6_,nu11)*Vec(nu10,q3)*Vec(nu11,q2)*Vec(nu9,q2
         )*Vec(nu9,q3)*Vec(nu13,q2)*Vec(nu13,q3)*Vec(nu16,q2)*Vec(nu16,q3)*
         p4.p4*d^-1*xiw^2*ufoGC58^2*ufoGC4^2
          - g_(1,6_,nu10)*g_(2,6_,nu11)*Vec(nu10,q3)*Vec(nu11,q2)*Vec(nu9,q2)*
         Vec(nu9,q3)*Vec(nu13,q2)*Vec(nu13,q3)*Vec(nu16,q3)^2*p4.p4*d^-1*xia*
         xiw^2*ufoGC58^2*ufoGC4^2
          + g_(1,6_,nu10)*g_(2,6_,nu11)*Vec(nu10,q3)*Vec(nu11,q2)*Vec(nu9,q2)*
         Vec(nu9,q3)*Vec(nu13,q2)*Vec(nu13,q3)*Vec(nu16,q3)^2*p4.p4*d^-1*xiw^2
         *ufoGC58^2*ufoGC4^2
          - 1/2*g_(1,6_,nu10)*g_(2,6_,nu11)*Vec(nu10,q3)*Vec(nu11,q2)*Vec(nu9,
         q2)*Vec(nu9,q3)*Vec(nu13,q3)^2*Vec(nu16,q2)^2*p4.p4*d^-1*xia*xiw^2*
         ufoGC58^2*ufoGC4^2
          + 1/2*g_(1,6_,nu10)*g_(2,6_,nu11)*Vec(nu10,q3)*Vec(nu11,q2)*Vec(nu9,
         q2)*Vec(nu9,q3)*Vec(nu13,q3)^2*Vec(nu16,q2)^2*p4.p4*d^-1*xiw^2*
         ufoGC58^2*ufoGC4^2
          - g_(1,6_,nu10)*g_(2,6_,nu11)*Vec(nu10,q3)*Vec(nu11,q2)*Vec(nu9,q2)*
         Vec(nu9,q3)*Vec(nu13,q3)^2*Vec(nu16,q2)*Vec(nu16,q3)*p4.p4*d^-1*xia*
         xiw^2*ufoGC58^2*ufoGC4^2
          + g_(1,6_,nu10)*g_(2,6_,nu11)*Vec(nu10,q3)*Vec(nu11,q2)*Vec(nu9,q2)*
         Vec(nu9,q3)*Vec(nu13,q3)^2*Vec(nu16,q2)*Vec(nu16,q3)*p4.p4*d^-1*xiw^2
         *ufoGC58^2*ufoGC4^2
          - 1/2*g_(1,6_,nu10)*g_(2,6_,nu11)*Vec(nu10,q3)*Vec(nu11,q2)*Vec(nu9,
         q2)*Vec(nu9,q3)*Vec(nu13,q3)^2*Vec(nu16,q3)^2*p4.p4*d^-1*xia*xiw^2*
         ufoGC58^2*ufoGC4^2
          + 1/2*g_(1,6_,nu10)*g_(2,6_,nu11)*Vec(nu10,q3)*Vec(nu11,q2)*Vec(nu9,
         q2)*Vec(nu9,q3)*Vec(nu13,q3)^2*Vec(nu16,q3)^2*p4.p4*d^-1*xiw^2*
         ufoGC58^2*ufoGC4^2
          + 1/4*g_(1,6_,nu10)*g_(2,6_,nu11)*Vec(nu10,q3)*Vec(nu11,q2)*Vec(nu9,
         q3)^2*Vec(nu12,q2)^2*Vec(nu15,q2)^2*p4.p4*d^-1*xia*xiw^2*ufoGC58^2*
         ufoGC4^2
          - 1/4*g_(1,6_,nu10)*g_(2,6_,nu11)*Vec(nu10,q3)*Vec(nu11,q2)*Vec(nu9,
         q3)^2*Vec(nu12,q2)^2*Vec(nu15,q2)^2*p4.p4*d^-1*xiw^2*ufoGC58^2*
         ufoGC4^2
          + 1/2*g_(1,6_,nu10)*g_(2,6_,nu11)*Vec(nu10,q3)*Vec(nu11,q2)*Vec(nu9,
         q3)^2*Vec(nu12,q2)^2*Vec(nu15,q2)*Vec(nu15,q3)*p4.p4*d^-1*xia*xiw^2*
         ufoGC58^2*ufoGC4^2
          - 1/2*g_(1,6_,nu10)*g_(2,6_,nu11)*Vec(nu10,q3)*Vec(nu11,q2)*Vec(nu9,
         q3)^2*Vec(nu12,q2)^2*Vec(nu15,q2)*Vec(nu15,q3)*p4.p4*d^-1*xiw^2*
         ufoGC58^2*ufoGC4^2
          + 1/4*g_(1,6_,nu10)*g_(2,6_,nu11)*Vec(nu10,q3)*Vec(nu11,q2)*Vec(nu9,
         q3)^2*Vec(nu12,q2)^2*Vec(nu15,q3)^2*p4.p4*d^-1*xia*xiw^2*ufoGC58^2*
         ufoGC4^2
          - 1/4*g_(1,6_,nu10)*g_(2,6_,nu11)*Vec(nu10,q3)*Vec(nu11,q2)*Vec(nu9,
         q3)^2*Vec(nu12,q2)^2*Vec(nu15,q3)^2*p4.p4*d^-1*xiw^2*ufoGC58^2*
         ufoGC4^2
          + 1/2*g_(1,6_,nu10)*g_(2,6_,nu11)*Vec(nu10,q3)*Vec(nu11,q2)*Vec(nu9,
         q3)^2*Vec(nu12,q2)*Vec(nu12,q3)*Vec(nu15,q2)^2*p4.p4*d^-1*xia*xiw^2*
         ufoGC58^2*ufoGC4^2
          - 1/2*g_(1,6_,nu10)*g_(2,6_,nu11)*Vec(nu10,q3)*Vec(nu11,q2)*Vec(nu9,
         q3)^2*Vec(nu12,q2)*Vec(nu12,q3)*Vec(nu15,q2)^2*p4.p4*d^-1*xiw^2*
         ufoGC58^2*ufoGC4^2
          + g_(1,6_,nu10)*g_(2,6_,nu11)*Vec(nu10,q3)*Vec(nu11,q2)*Vec(nu9,q3)^
         2*Vec(nu12,q2)*Vec(nu12,q3)*Vec(nu15,q2)*Vec(nu15,q3)*p4.p4*d^-1*xia*
         xiw^2*ufoGC58^2*ufoGC4^2
          - g_(1,6_,nu10)*g_(2,6_,nu11)*Vec(nu10,q3)*Vec(nu11,q2)*Vec(nu9,q3)^
         2*Vec(nu12,q2)*Vec(nu12,q3)*Vec(nu15,q2)*Vec(nu15,q3)*p4.p4*d^-1*
         xiw^2*ufoGC58^2*ufoGC4^2
          + 1/2*g_(1,6_,nu10)*g_(2,6_,nu11)*Vec(nu10,q3)*Vec(nu11,q2)*Vec(nu9,
         q3)^2*Vec(nu12,q2)*Vec(nu12,q3)*Vec(nu15,q3)^2*p4.p4*d^-1*xia*xiw^2*
         ufoGC58^2*ufoGC4^2
          - 1/2*g_(1,6_,nu10)*g_(2,6_,nu11)*Vec(nu10,q3)*Vec(nu11,q2)*Vec(nu9,
         q3)^2*Vec(nu12,q2)*Vec(nu12,q3)*Vec(nu15,q3)^2*p4.p4*d^-1*xiw^2*
         ufoGC58^2*ufoGC4^2
          + 1/4*g_(1,6_,nu10)*g_(2,6_,nu11)*Vec(nu10,q3)*Vec(nu11,q2)*Vec(nu9,
         q3)^2*Vec(nu12,q3)^2*Vec(nu15,q2)^2*p4.p4*d^-1*xia*xiw^2*ufoGC58^2*
         ufoGC4^2
          - 1/4*g_(1,6_,nu10)*g_(2,6_,nu11)*Vec(nu10,q3)*Vec(nu11,q2)*Vec(nu9,
         q3)^2*Vec(nu12,q3)^2*Vec(nu15,q2)^2*p4.p4*d^-1*xiw^2*ufoGC58^2*
         ufoGC4^2
          + 1/2*g_(1,6_,nu10)*g_(2,6_,nu11)*Vec(nu10,q3)*Vec(nu11,q2)*Vec(nu9,
         q3)^2*Vec(nu12,q3)^2*Vec(nu15,q2)*Vec(nu15,q3)*p4.p4*d^-1*xia*xiw^2*
         ufoGC58^2*ufoGC4^2
          - 1/2*g_(1,6_,nu10)*g_(2,6_,nu11)*Vec(nu10,q3)*Vec(nu11,q2)*Vec(nu9,
         q3)^2*Vec(nu12,q3)^2*Vec(nu15,q2)*Vec(nu15,q3)*p4.p4*d^-1*xiw^2*
         ufoGC58^2*ufoGC4^2
          + 1/4*g_(1,6_,nu10)*g_(2,6_,nu11)*Vec(nu10,q3)*Vec(nu11,q2)*Vec(nu9,
         q3)^2*Vec(nu12,q3)^2*Vec(nu15,q3)^2*p4.p4*d^-1*xia*xiw^2*ufoGC58^2*
         ufoGC4^2
          - 1/4*g_(1,6_,nu10)*g_(2,6_,nu11)*Vec(nu10,q3)*Vec(nu11,q2)*Vec(nu9,
         q3)^2*Vec(nu12,q3)^2*Vec(nu15,q3)^2*p4.p4*d^-1*xiw^2*ufoGC58^2*
         ufoGC4^2
          - 1/4*g_(1,6_,nu10)*g_(2,6_,nu11)*Vec(nu10,q3)*Vec(nu11,q2)*Vec(nu9,
         q3)^2*Vec(nu13,q2)^2*Vec(nu16,q2)^2*p4.p4*d^-1*xia*xiw^2*ufoGC58^2*
         ufoGC4^2
          + 1/4*g_(1,6_,nu10)*g_(2,6_,nu11)*Vec(nu10,q3)*Vec(nu11,q2)*Vec(nu9,
         q3)^2*Vec(nu13,q2)^2*Vec(nu16,q2)^2*p4.p4*d^-1*xiw^2*ufoGC58^2*
         ufoGC4^2
          - 1/2*g_(1,6_,nu10)*g_(2,6_,nu11)*Vec(nu10,q3)*Vec(nu11,q2)*Vec(nu9,
         q3)^2*Vec(nu13,q2)^2*Vec(nu16,q2)*Vec(nu16,q3)*p4.p4*d^-1*xia*xiw^2*
         ufoGC58^2*ufoGC4^2
          + 1/2*g_(1,6_,nu10)*g_(2,6_,nu11)*Vec(nu10,q3)*Vec(nu11,q2)*Vec(nu9,
         q3)^2*Vec(nu13,q2)^2*Vec(nu16,q2)*Vec(nu16,q3)*p4.p4*d^-1*xiw^2*
         ufoGC58^2*ufoGC4^2
          - 1/4*g_(1,6_,nu10)*g_(2,6_,nu11)*Vec(nu10,q3)*Vec(nu11,q2)*Vec(nu9,
         q3)^2*Vec(nu13,q2)^2*Vec(nu16,q3)^2*p4.p4*d^-1*xia*xiw^2*ufoGC58^2*
         ufoGC4^2
          + 1/4*g_(1,6_,nu10)*g_(2,6_,nu11)*Vec(nu10,q3)*Vec(nu11,q2)*Vec(nu9,
         q3)^2*Vec(nu13,q2)^2*Vec(nu16,q3)^2*p4.p4*d^-1*xiw^2*ufoGC58^2*
         ufoGC4^2
          - 1/2*g_(1,6_,nu10)*g_(2,6_,nu11)*Vec(nu10,q3)*Vec(nu11,q2)*Vec(nu9,
         q3)^2*Vec(nu13,q2)*Vec(nu13,q3)*Vec(nu16,q2)^2*p4.p4*d^-1*xia*xiw^2*
         ufoGC58^2*ufoGC4^2
          + 1/2*g_(1,6_,nu10)*g_(2,6_,nu11)*Vec(nu10,q3)*Vec(nu11,q2)*Vec(nu9,
         q3)^2*Vec(nu13,q2)*Vec(nu13,q3)*Vec(nu16,q2)^2*p4.p4*d^-1*xiw^2*
         ufoGC58^2*ufoGC4^2
          - g_(1,6_,nu10)*g_(2,6_,nu11)*Vec(nu10,q3)*Vec(nu11,q2)*Vec(nu9,q3)^
         2*Vec(nu13,q2)*Vec(nu13,q3)*Vec(nu16,q2)*Vec(nu16,q3)*p4.p4*d^-1*xia*
         xiw^2*ufoGC58^2*ufoGC4^2
          + g_(1,6_,nu10)*g_(2,6_,nu11)*Vec(nu10,q3)*Vec(nu11,q2)*Vec(nu9,q3)^
         2*Vec(nu13,q2)*Vec(nu13,q3)*Vec(nu16,q2)*Vec(nu16,q3)*p4.p4*d^-1*
         xiw^2*ufoGC58^2*ufoGC4^2
          - 1/2*g_(1,6_,nu10)*g_(2,6_,nu11)*Vec(nu10,q3)*Vec(nu11,q2)*Vec(nu9,
         q3)^2*Vec(nu13,q2)*Vec(nu13,q3)*Vec(nu16,q3)^2*p4.p4*d^-1*xia*xiw^2*
         ufoGC58^2*ufoGC4^2
          + 1/2*g_(1,6_,nu10)*g_(2,6_,nu11)*Vec(nu10,q3)*Vec(nu11,q2)*Vec(nu9,
         q3)^2*Vec(nu13,q2)*Vec(nu13,q3)*Vec(nu16,q3)^2*p4.p4*d^-1*xiw^2*
         ufoGC58^2*ufoGC4^2
          - 1/4*g_(1,6_,nu10)*g_(2,6_,nu11)*Vec(nu10,q3)*Vec(nu11,q2)*Vec(nu9,
         q3)^2*Vec(nu13,q3)^2*Vec(nu16,q2)^2*p4.p4*d^-1*xia*xiw^2*ufoGC58^2*
         ufoGC4^2
          + 1/4*g_(1,6_,nu10)*g_(2,6_,nu11)*Vec(nu10,q3)*Vec(nu11,q2)*Vec(nu9,
         q3)^2*Vec(nu13,q3)^2*Vec(nu16,q2)^2*p4.p4*d^-1*xiw^2*ufoGC58^2*
         ufoGC4^2
          - 1/2*g_(1,6_,nu10)*g_(2,6_,nu11)*Vec(nu10,q3)*Vec(nu11,q2)*Vec(nu9,
         q3)^2*Vec(nu13,q3)^2*Vec(nu16,q2)*Vec(nu16,q3)*p4.p4*d^-1*xia*xiw^2*
         ufoGC58^2*ufoGC4^2
          + 1/2*g_(1,6_,nu10)*g_(2,6_,nu11)*Vec(nu10,q3)*Vec(nu11,q2)*Vec(nu9,
         q3)^2*Vec(nu13,q3)^2*Vec(nu16,q2)*Vec(nu16,q3)*p4.p4*d^-1*xiw^2*
         ufoGC58^2*ufoGC4^2
          - 1/4*g_(1,6_,nu10)*g_(2,6_,nu11)*Vec(nu10,q3)*Vec(nu11,q2)*Vec(nu9,
         q3)^2*Vec(nu13,q3)^2*Vec(nu16,q3)^2*p4.p4*d^-1*xia*xiw^2*ufoGC58^2*
         ufoGC4^2
          + 1/4*g_(1,6_,nu10)*g_(2,6_,nu11)*Vec(nu10,q3)*Vec(nu11,q2)*Vec(nu9,
         q3)^2*Vec(nu13,q3)^2*Vec(nu16,q3)^2*p4.p4*d^-1*xiw^2*ufoGC58^2*
         ufoGC4^2
          - 1/4*g_(1,6_,nu10)*g_(2,6_,nu11)*Vec(nu10,q3)*Vec(nu11,q2)*Vec(nu12
         ,q2)^2*Vec(nu14,q2)^2*Vec(nu15,q2)^2*p4.p4*d^-1*xia*xiw^2*ufoGC58^2*
         ufoGC4^2
          + 1/4*g_(1,6_,nu10)*g_(2,6_,nu11)*Vec(nu10,q3)*Vec(nu11,q2)*Vec(nu12
         ,q2)^2*Vec(nu14,q2)^2*Vec(nu15,q2)^2*p4.p4*d^-1*xiw^2*ufoGC58^2*
         ufoGC4^2
          - 1/2*g_(1,6_,nu10)*g_(2,6_,nu11)*Vec(nu10,q3)*Vec(nu11,q2)*Vec(nu12
         ,q2)^2*Vec(nu14,q2)^2*Vec(nu15,q2)*Vec(nu15,q3)*p4.p4*d^-1*xia*xiw^2*
         ufoGC58^2*ufoGC4^2
          + 1/2*g_(1,6_,nu10)*g_(2,6_,nu11)*Vec(nu10,q3)*Vec(nu11,q2)*Vec(nu12
         ,q2)^2*Vec(nu14,q2)^2*Vec(nu15,q2)*Vec(nu15,q3)*p4.p4*d^-1*xiw^2*
         ufoGC58^2*ufoGC4^2
          - 1/4*g_(1,6_,nu10)*g_(2,6_,nu11)*Vec(nu10,q3)*Vec(nu11,q2)*Vec(nu12
         ,q2)^2*Vec(nu14,q2)^2*Vec(nu15,q3)^2*p4.p4*d^-1*xia*xiw^2*ufoGC58^2*
         ufoGC4^2
          + 1/4*g_(1,6_,nu10)*g_(2,6_,nu11)*Vec(nu10,q3)*Vec(nu11,q2)*Vec(nu12
         ,q2)^2*Vec(nu14,q2)^2*Vec(nu15,q3)^2*p4.p4*d^-1*xiw^2*ufoGC58^2*
         ufoGC4^2
          - 1/2*g_(1,6_,nu10)*g_(2,6_,nu11)*Vec(nu10,q3)*Vec(nu11,q2)*Vec(nu12
         ,q2)^2*Vec(nu14,q2)*Vec(nu14,q3)*Vec(nu15,q2)^2*p4.p4*d^-1*xia*xiw^2*
         ufoGC58^2*ufoGC4^2
          + 1/2*g_(1,6_,nu10)*g_(2,6_,nu11)*Vec(nu10,q3)*Vec(nu11,q2)*Vec(nu12
         ,q2)^2*Vec(nu14,q2)*Vec(nu14,q3)*Vec(nu15,q2)^2*p4.p4*d^-1*xiw^2*
         ufoGC58^2*ufoGC4^2
          - g_(1,6_,nu10)*g_(2,6_,nu11)*Vec(nu10,q3)*Vec(nu11,q2)*Vec(nu12,q2)
         ^2*Vec(nu14,q2)*Vec(nu14,q3)*Vec(nu15,q2)*Vec(nu15,q3)*p4.p4*d^-1*xia
         *xiw^2*ufoGC58^2*ufoGC4^2
          + g_(1,6_,nu10)*g_(2,6_,nu11)*Vec(nu10,q3)*Vec(nu11,q2)*Vec(nu12,q2)
         ^2*Vec(nu14,q2)*Vec(nu14,q3)*Vec(nu15,q2)*Vec(nu15,q3)*p4.p4*d^-1*
         xiw^2*ufoGC58^2*ufoGC4^2
          - 1/2*g_(1,6_,nu10)*g_(2,6_,nu11)*Vec(nu10,q3)*Vec(nu11,q2)*Vec(nu12
         ,q2)^2*Vec(nu14,q2)*Vec(nu14,q3)*Vec(nu15,q3)^2*p4.p4*d^-1*xia*xiw^2*
         ufoGC58^2*ufoGC4^2
          + 1/2*g_(1,6_,nu10)*g_(2,6_,nu11)*Vec(nu10,q3)*Vec(nu11,q2)*Vec(nu12
         ,q2)^2*Vec(nu14,q2)*Vec(nu14,q3)*Vec(nu15,q3)^2*p4.p4*d^-1*xiw^2*
         ufoGC58^2*ufoGC4^2
          - 1/4*g_(1,6_,nu10)*g_(2,6_,nu11)*Vec(nu10,q3)*Vec(nu11,q2)*Vec(nu12
         ,q2)^2*Vec(nu14,q3)^2*Vec(nu15,q2)^2*p4.p4*d^-1*xia*xiw^2*ufoGC58^2*
         ufoGC4^2
          + 1/4*g_(1,6_,nu10)*g_(2,6_,nu11)*Vec(nu10,q3)*Vec(nu11,q2)*Vec(nu12
         ,q2)^2*Vec(nu14,q3)^2*Vec(nu15,q2)^2*p4.p4*d^-1*xiw^2*ufoGC58^2*
         ufoGC4^2
          - 1/2*g_(1,6_,nu10)*g_(2,6_,nu11)*Vec(nu10,q3)*Vec(nu11,q2)*Vec(nu12
         ,q2)^2*Vec(nu14,q3)^2*Vec(nu15,q2)*Vec(nu15,q3)*p4.p4*d^-1*xia*xiw^2*
         ufoGC58^2*ufoGC4^2
          + 1/2*g_(1,6_,nu10)*g_(2,6_,nu11)*Vec(nu10,q3)*Vec(nu11,q2)*Vec(nu12
         ,q2)^2*Vec(nu14,q3)^2*Vec(nu15,q2)*Vec(nu15,q3)*p4.p4*d^-1*xiw^2*
         ufoGC58^2*ufoGC4^2
          - 1/4*g_(1,6_,nu10)*g_(2,6_,nu11)*Vec(nu10,q3)*Vec(nu11,q2)*Vec(nu12
         ,q2)^2*Vec(nu14,q3)^2*Vec(nu15,q3)^2*p4.p4*d^-1*xia*xiw^2*ufoGC58^2*
         ufoGC4^2
          + 1/4*g_(1,6_,nu10)*g_(2,6_,nu11)*Vec(nu10,q3)*Vec(nu11,q2)*Vec(nu12
         ,q2)^2*Vec(nu14,q3)^2*Vec(nu15,q3)^2*p4.p4*d^-1*xiw^2*ufoGC58^2*
         ufoGC4^2
          + 1/4*g_(1,6_,nu10)*g_(2,6_,nu11)*Vec(nu10,q3)*Vec(nu11,q2)*Vec(nu12
         ,q2)^2*Vec(nu13,q2)^2*p4.p4^2*d^-1*xia*xiw^2*ufoGC58^2*ufoGC4^2
          - 1/4*g_(1,6_,nu10)*g_(2,6_,nu11)*Vec(nu10,q3)*Vec(nu11,q2)*Vec(nu12
         ,q2)^2*Vec(nu13,q2)^2*p4.p4^2*d^-1*xiw^2*ufoGC58^2*ufoGC4^2
          + 1/2*g_(1,6_,nu10)*g_(2,6_,nu11)*Vec(nu10,q3)*Vec(nu11,q2)*Vec(nu12
         ,q2)^2*Vec(nu13,q2)*Vec(nu13,q3)*p4.p4^2*d^-1*xia*xiw^2*ufoGC58^2*
         ufoGC4^2
          - 1/2*g_(1,6_,nu10)*g_(2,6_,nu11)*Vec(nu10,q3)*Vec(nu11,q2)*Vec(nu12
         ,q2)^2*Vec(nu13,q2)*Vec(nu13,q3)*p4.p4^2*d^-1*xiw^2*ufoGC58^2*
         ufoGC4^2
          + 1/4*g_(1,6_,nu10)*g_(2,6_,nu11)*Vec(nu10,q3)*Vec(nu11,q2)*Vec(nu12
         ,q2)^2*Vec(nu13,q3)^2*p4.p4^2*d^-1*xia*xiw^2*ufoGC58^2*ufoGC4^2
          - 1/4*g_(1,6_,nu10)*g_(2,6_,nu11)*Vec(nu10,q3)*Vec(nu11,q2)*Vec(nu12
         ,q2)^2*Vec(nu13,q3)^2*p4.p4^2*d^-1*xiw^2*ufoGC58^2*ufoGC4^2
          - 1/2*g_(1,6_,nu10)*g_(2,6_,nu11)*Vec(nu10,q3)*Vec(nu11,q2)*Vec(nu12
         ,q2)*Vec(nu12,q3)*Vec(nu14,q2)^2*Vec(nu15,q2)^2*p4.p4*d^-1*xia*xiw^2*
         ufoGC58^2*ufoGC4^2
          + 1/2*g_(1,6_,nu10)*g_(2,6_,nu11)*Vec(nu10,q3)*Vec(nu11,q2)*Vec(nu12
         ,q2)*Vec(nu12,q3)*Vec(nu14,q2)^2*Vec(nu15,q2)^2*p4.p4*d^-1*xiw^2*
         ufoGC58^2*ufoGC4^2
          - g_(1,6_,nu10)*g_(2,6_,nu11)*Vec(nu10,q3)*Vec(nu11,q2)*Vec(nu12,q2)
         *Vec(nu12,q3)*Vec(nu14,q2)^2*Vec(nu15,q2)*Vec(nu15,q3)*p4.p4*d^-1*xia
         *xiw^2*ufoGC58^2*ufoGC4^2
          + g_(1,6_,nu10)*g_(2,6_,nu11)*Vec(nu10,q3)*Vec(nu11,q2)*Vec(nu12,q2)
         *Vec(nu12,q3)*Vec(nu14,q2)^2*Vec(nu15,q2)*Vec(nu15,q3)*p4.p4*d^-1*
         xiw^2*ufoGC58^2*ufoGC4^2
          - 1/2*g_(1,6_,nu10)*g_(2,6_,nu11)*Vec(nu10,q3)*Vec(nu11,q2)*Vec(nu12
         ,q2)*Vec(nu12,q3)*Vec(nu14,q2)^2*Vec(nu15,q3)^2*p4.p4*d^-1*xia*xiw^2*
         ufoGC58^2*ufoGC4^2
          + 1/2*g_(1,6_,nu10)*g_(2,6_,nu11)*Vec(nu10,q3)*Vec(nu11,q2)*Vec(nu12
         ,q2)*Vec(nu12,q3)*Vec(nu14,q2)^2*Vec(nu15,q3)^2*p4.p4*d^-1*xiw^2*
         ufoGC58^2*ufoGC4^2
          - g_(1,6_,nu10)*g_(2,6_,nu11)*Vec(nu10,q3)*Vec(nu11,q2)*Vec(nu12,q2)
         *Vec(nu12,q3)*Vec(nu14,q2)*Vec(nu14,q3)*Vec(nu15,q2)^2*p4.p4*d^-1*xia
         *xiw^2*ufoGC58^2*ufoGC4^2
          + g_(1,6_,nu10)*g_(2,6_,nu11)*Vec(nu10,q3)*Vec(nu11,q2)*Vec(nu12,q2)
         *Vec(nu12,q3)*Vec(nu14,q2)*Vec(nu14,q3)*Vec(nu15,q2)^2*p4.p4*d^-1*
         xiw^2*ufoGC58^2*ufoGC4^2
          - 2*g_(1,6_,nu10)*g_(2,6_,nu11)*Vec(nu10,q3)*Vec(nu11,q2)*Vec(nu12,
         q2)*Vec(nu12,q3)*Vec(nu14,q2)*Vec(nu14,q3)*Vec(nu15,q2)*Vec(nu15,q3)*
         p4.p4*d^-1*xia*xiw^2*ufoGC58^2*ufoGC4^2
          + 2*g_(1,6_,nu10)*g_(2,6_,nu11)*Vec(nu10,q3)*Vec(nu11,q2)*Vec(nu12,
         q2)*Vec(nu12,q3)*Vec(nu14,q2)*Vec(nu14,q3)*Vec(nu15,q2)*Vec(nu15,q3)*
         p4.p4*d^-1*xiw^2*ufoGC58^2*ufoGC4^2
          - g_(1,6_,nu10)*g_(2,6_,nu11)*Vec(nu10,q3)*Vec(nu11,q2)*Vec(nu12,q2)
         *Vec(nu12,q3)*Vec(nu14,q2)*Vec(nu14,q3)*Vec(nu15,q3)^2*p4.p4*d^-1*xia
         *xiw^2*ufoGC58^2*ufoGC4^2
          + g_(1,6_,nu10)*g_(2,6_,nu11)*Vec(nu10,q3)*Vec(nu11,q2)*Vec(nu12,q2)
         *Vec(nu12,q3)*Vec(nu14,q2)*Vec(nu14,q3)*Vec(nu15,q3)^2*p4.p4*d^-1*
         xiw^2*ufoGC58^2*ufoGC4^2
          - 1/2*g_(1,6_,nu10)*g_(2,6_,nu11)*Vec(nu10,q3)*Vec(nu11,q2)*Vec(nu12
         ,q2)*Vec(nu12,q3)*Vec(nu14,q3)^2*Vec(nu15,q2)^2*p4.p4*d^-1*xia*xiw^2*
         ufoGC58^2*ufoGC4^2
          + 1/2*g_(1,6_,nu10)*g_(2,6_,nu11)*Vec(nu10,q3)*Vec(nu11,q2)*Vec(nu12
         ,q2)*Vec(nu12,q3)*Vec(nu14,q3)^2*Vec(nu15,q2)^2*p4.p4*d^-1*xiw^2*
         ufoGC58^2*ufoGC4^2
          - g_(1,6_,nu10)*g_(2,6_,nu11)*Vec(nu10,q3)*Vec(nu11,q2)*Vec(nu12,q2)
         *Vec(nu12,q3)*Vec(nu14,q3)^2*Vec(nu15,q2)*Vec(nu15,q3)*p4.p4*d^-1*xia
         *xiw^2*ufoGC58^2*ufoGC4^2
          + g_(1,6_,nu10)*g_(2,6_,nu11)*Vec(nu10,q3)*Vec(nu11,q2)*Vec(nu12,q2)
         *Vec(nu12,q3)*Vec(nu14,q3)^2*Vec(nu15,q2)*Vec(nu15,q3)*p4.p4*d^-1*
         xiw^2*ufoGC58^2*ufoGC4^2
          - 1/2*g_(1,6_,nu10)*g_(2,6_,nu11)*Vec(nu10,q3)*Vec(nu11,q2)*Vec(nu12
         ,q2)*Vec(nu12,q3)*Vec(nu14,q3)^2*Vec(nu15,q3)^2*p4.p4*d^-1*xia*xiw^2*
         ufoGC58^2*ufoGC4^2
          + 1/2*g_(1,6_,nu10)*g_(2,6_,nu11)*Vec(nu10,q3)*Vec(nu11,q2)*Vec(nu12
         ,q2)*Vec(nu12,q3)*Vec(nu14,q3)^2*Vec(nu15,q3)^2*p4.p4*d^-1*xiw^2*
         ufoGC58^2*ufoGC4^2
          + 1/2*g_(1,6_,nu10)*g_(2,6_,nu11)*Vec(nu10,q3)*Vec(nu11,q2)*Vec(nu12
         ,q2)*Vec(nu12,q3)*Vec(nu13,q2)^2*p4.p4^2*d^-1*xia*xiw^2*ufoGC58^2*
         ufoGC4^2
          - 1/2*g_(1,6_,nu10)*g_(2,6_,nu11)*Vec(nu10,q3)*Vec(nu11,q2)*Vec(nu12
         ,q2)*Vec(nu12,q3)*Vec(nu13,q2)^2*p4.p4^2*d^-1*xiw^2*ufoGC58^2*
         ufoGC4^2
          + g_(1,6_,nu10)*g_(2,6_,nu11)*Vec(nu10,q3)*Vec(nu11,q2)*Vec(nu12,q2)
         *Vec(nu12,q3)*Vec(nu13,q2)*Vec(nu13,q3)*p4.p4^2*d^-1*xia*xiw^2*
         ufoGC58^2*ufoGC4^2
          - g_(1,6_,nu10)*g_(2,6_,nu11)*Vec(nu10,q3)*Vec(nu11,q2)*Vec(nu12,q2)
         *Vec(nu12,q3)*Vec(nu13,q2)*Vec(nu13,q3)*p4.p4^2*d^-1*xiw^2*ufoGC58^2*
         ufoGC4^2
          + 1/2*g_(1,6_,nu10)*g_(2,6_,nu11)*Vec(nu10,q3)*Vec(nu11,q2)*Vec(nu12
         ,q2)*Vec(nu12,q3)*Vec(nu13,q3)^2*p4.p4^2*d^-1*xia*xiw^2*ufoGC58^2*
         ufoGC4^2
          - 1/2*g_(1,6_,nu10)*g_(2,6_,nu11)*Vec(nu10,q3)*Vec(nu11,q2)*Vec(nu12
         ,q2)*Vec(nu12,q3)*Vec(nu13,q3)^2*p4.p4^2*d^-1*xiw^2*ufoGC58^2*
         ufoGC4^2
          - 1/4*g_(1,6_,nu10)*g_(2,6_,nu11)*Vec(nu10,q3)*Vec(nu11,q2)*Vec(nu12
         ,q3)^2*Vec(nu14,q2)^2*Vec(nu15,q2)^2*p4.p4*d^-1*xia*xiw^2*ufoGC58^2*
         ufoGC4^2
          + 1/4*g_(1,6_,nu10)*g_(2,6_,nu11)*Vec(nu10,q3)*Vec(nu11,q2)*Vec(nu12
         ,q3)^2*Vec(nu14,q2)^2*Vec(nu15,q2)^2*p4.p4*d^-1*xiw^2*ufoGC58^2*
         ufoGC4^2
          - 1/2*g_(1,6_,nu10)*g_(2,6_,nu11)*Vec(nu10,q3)*Vec(nu11,q2)*Vec(nu12
         ,q3)^2*Vec(nu14,q2)^2*Vec(nu15,q2)*Vec(nu15,q3)*p4.p4*d^-1*xia*xiw^2*
         ufoGC58^2*ufoGC4^2
          + 1/2*g_(1,6_,nu10)*g_(2,6_,nu11)*Vec(nu10,q3)*Vec(nu11,q2)*Vec(nu12
         ,q3)^2*Vec(nu14,q2)^2*Vec(nu15,q2)*Vec(nu15,q3)*p4.p4*d^-1*xiw^2*
         ufoGC58^2*ufoGC4^2
          - 1/4*g_(1,6_,nu10)*g_(2,6_,nu11)*Vec(nu10,q3)*Vec(nu11,q2)*Vec(nu12
         ,q3)^2*Vec(nu14,q2)^2*Vec(nu15,q3)^2*p4.p4*d^-1*xia*xiw^2*ufoGC58^2*
         ufoGC4^2
          + 1/4*g_(1,6_,nu10)*g_(2,6_,nu11)*Vec(nu10,q3)*Vec(nu11,q2)*Vec(nu12
         ,q3)^2*Vec(nu14,q2)^2*Vec(nu15,q3)^2*p4.p4*d^-1*xiw^2*ufoGC58^2*
         ufoGC4^2
          - 1/2*g_(1,6_,nu10)*g_(2,6_,nu11)*Vec(nu10,q3)*Vec(nu11,q2)*Vec(nu12
         ,q3)^2*Vec(nu14,q2)*Vec(nu14,q3)*Vec(nu15,q2)^2*p4.p4*d^-1*xia*xiw^2*
         ufoGC58^2*ufoGC4^2
          + 1/2*g_(1,6_,nu10)*g_(2,6_,nu11)*Vec(nu10,q3)*Vec(nu11,q2)*Vec(nu12
         ,q3)^2*Vec(nu14,q2)*Vec(nu14,q3)*Vec(nu15,q2)^2*p4.p4*d^-1*xiw^2*
         ufoGC58^2*ufoGC4^2
          - g_(1,6_,nu10)*g_(2,6_,nu11)*Vec(nu10,q3)*Vec(nu11,q2)*Vec(nu12,q3)
         ^2*Vec(nu14,q2)*Vec(nu14,q3)*Vec(nu15,q2)*Vec(nu15,q3)*p4.p4*d^-1*xia
         *xiw^2*ufoGC58^2*ufoGC4^2
          + g_(1,6_,nu10)*g_(2,6_,nu11)*Vec(nu10,q3)*Vec(nu11,q2)*Vec(nu12,q3)
         ^2*Vec(nu14,q2)*Vec(nu14,q3)*Vec(nu15,q2)*Vec(nu15,q3)*p4.p4*d^-1*
         xiw^2*ufoGC58^2*ufoGC4^2
          - 1/2*g_(1,6_,nu10)*g_(2,6_,nu11)*Vec(nu10,q3)*Vec(nu11,q2)*Vec(nu12
         ,q3)^2*Vec(nu14,q2)*Vec(nu14,q3)*Vec(nu15,q3)^2*p4.p4*d^-1*xia*xiw^2*
         ufoGC58^2*ufoGC4^2
          + 1/2*g_(1,6_,nu10)*g_(2,6_,nu11)*Vec(nu10,q3)*Vec(nu11,q2)*Vec(nu12
         ,q3)^2*Vec(nu14,q2)*Vec(nu14,q3)*Vec(nu15,q3)^2*p4.p4*d^-1*xiw^2*
         ufoGC58^2*ufoGC4^2
          - 1/4*g_(1,6_,nu10)*g_(2,6_,nu11)*Vec(nu10,q3)*Vec(nu11,q2)*Vec(nu12
         ,q3)^2*Vec(nu14,q3)^2*Vec(nu15,q2)^2*p4.p4*d^-1*xia*xiw^2*ufoGC58^2*
         ufoGC4^2
          + 1/4*g_(1,6_,nu10)*g_(2,6_,nu11)*Vec(nu10,q3)*Vec(nu11,q2)*Vec(nu12
         ,q3)^2*Vec(nu14,q3)^2*Vec(nu15,q2)^2*p4.p4*d^-1*xiw^2*ufoGC58^2*
         ufoGC4^2
          - 1/2*g_(1,6_,nu10)*g_(2,6_,nu11)*Vec(nu10,q3)*Vec(nu11,q2)*Vec(nu12
         ,q3)^2*Vec(nu14,q3)^2*Vec(nu15,q2)*Vec(nu15,q3)*p4.p4*d^-1*xia*xiw^2*
         ufoGC58^2*ufoGC4^2
          + 1/2*g_(1,6_,nu10)*g_(2,6_,nu11)*Vec(nu10,q3)*Vec(nu11,q2)*Vec(nu12
         ,q3)^2*Vec(nu14,q3)^2*Vec(nu15,q2)*Vec(nu15,q3)*p4.p4*d^-1*xiw^2*
         ufoGC58^2*ufoGC4^2
          - 1/4*g_(1,6_,nu10)*g_(2,6_,nu11)*Vec(nu10,q3)*Vec(nu11,q2)*Vec(nu12
         ,q3)^2*Vec(nu14,q3)^2*Vec(nu15,q3)^2*p4.p4*d^-1*xia*xiw^2*ufoGC58^2*
         ufoGC4^2
          + 1/4*g_(1,6_,nu10)*g_(2,6_,nu11)*Vec(nu10,q3)*Vec(nu11,q2)*Vec(nu12
         ,q3)^2*Vec(nu14,q3)^2*Vec(nu15,q3)^2*p4.p4*d^-1*xiw^2*ufoGC58^2*
         ufoGC4^2
          + 1/4*g_(1,6_,nu10)*g_(2,6_,nu11)*Vec(nu10,q3)*Vec(nu11,q2)*Vec(nu12
         ,q3)^2*Vec(nu13,q2)^2*p4.p4^2*d^-1*xia*xiw^2*ufoGC58^2*ufoGC4^2
          - 1/4*g_(1,6_,nu10)*g_(2,6_,nu11)*Vec(nu10,q3)*Vec(nu11,q2)*Vec(nu12
         ,q3)^2*Vec(nu13,q2)^2*p4.p4^2*d^-1*xiw^2*ufoGC58^2*ufoGC4^2
          + 1/2*g_(1,6_,nu10)*g_(2,6_,nu11)*Vec(nu10,q3)*Vec(nu11,q2)*Vec(nu12
         ,q3)^2*Vec(nu13,q2)*Vec(nu13,q3)*p4.p4^2*d^-1*xia*xiw^2*ufoGC58^2*
         ufoGC4^2
          - 1/2*g_(1,6_,nu10)*g_(2,6_,nu11)*Vec(nu10,q3)*Vec(nu11,q2)*Vec(nu12
         ,q3)^2*Vec(nu13,q2)*Vec(nu13,q3)*p4.p4^2*d^-1*xiw^2*ufoGC58^2*
         ufoGC4^2
          + 1/4*g_(1,6_,nu10)*g_(2,6_,nu11)*Vec(nu10,q3)*Vec(nu11,q2)*Vec(nu12
         ,q3)^2*Vec(nu13,q3)^2*p4.p4^2*d^-1*xia*xiw^2*ufoGC58^2*ufoGC4^2
          - 1/4*g_(1,6_,nu10)*g_(2,6_,nu11)*Vec(nu10,q3)*Vec(nu11,q2)*Vec(nu12
         ,q3)^2*Vec(nu13,q3)^2*p4.p4^2*d^-1*xiw^2*ufoGC58^2*ufoGC4^2
          + 1/4*g_(1,6_,nu10)*g_(2,6_,nu11)*Vec(nu10,q3)*Vec(nu11,q2)*Vec(nu14
         ,q2)^2*Vec(nu13,q2)^2*Vec(nu16,q2)^2*p4.p4*d^-1*xia*xiw^2*ufoGC58^2*
         ufoGC4^2
          - 1/4*g_(1,6_,nu10)*g_(2,6_,nu11)*Vec(nu10,q3)*Vec(nu11,q2)*Vec(nu14
         ,q2)^2*Vec(nu13,q2)^2*Vec(nu16,q2)^2*p4.p4*d^-1*xiw^2*ufoGC58^2*
         ufoGC4^2
          + 1/2*g_(1,6_,nu10)*g_(2,6_,nu11)*Vec(nu10,q3)*Vec(nu11,q2)*Vec(nu14
         ,q2)^2*Vec(nu13,q2)^2*Vec(nu16,q2)*Vec(nu16,q3)*p4.p4*d^-1*xia*xiw^2*
         ufoGC58^2*ufoGC4^2
          - 1/2*g_(1,6_,nu10)*g_(2,6_,nu11)*Vec(nu10,q3)*Vec(nu11,q2)*Vec(nu14
         ,q2)^2*Vec(nu13,q2)^2*Vec(nu16,q2)*Vec(nu16,q3)*p4.p4*d^-1*xiw^2*
         ufoGC58^2*ufoGC4^2
          + 1/4*g_(1,6_,nu10)*g_(2,6_,nu11)*Vec(nu10,q3)*Vec(nu11,q2)*Vec(nu14
         ,q2)^2*Vec(nu13,q2)^2*Vec(nu16,q3)^2*p4.p4*d^-1*xia*xiw^2*ufoGC58^2*
         ufoGC4^2
          - 1/4*g_(1,6_,nu10)*g_(2,6_,nu11)*Vec(nu10,q3)*Vec(nu11,q2)*Vec(nu14
         ,q2)^2*Vec(nu13,q2)^2*Vec(nu16,q3)^2*p4.p4*d^-1*xiw^2*ufoGC58^2*
         ufoGC4^2
          + 1/2*g_(1,6_,nu10)*g_(2,6_,nu11)*Vec(nu10,q3)*Vec(nu11,q2)*Vec(nu14
         ,q2)^2*Vec(nu13,q2)*Vec(nu13,q3)*Vec(nu16,q2)^2*p4.p4*d^-1*xia*xiw^2*
         ufoGC58^2*ufoGC4^2
          - 1/2*g_(1,6_,nu10)*g_(2,6_,nu11)*Vec(nu10,q3)*Vec(nu11,q2)*Vec(nu14
         ,q2)^2*Vec(nu13,q2)*Vec(nu13,q3)*Vec(nu16,q2)^2*p4.p4*d^-1*xiw^2*
         ufoGC58^2*ufoGC4^2
          + g_(1,6_,nu10)*g_(2,6_,nu11)*Vec(nu10,q3)*Vec(nu11,q2)*Vec(nu14,q2)
         ^2*Vec(nu13,q2)*Vec(nu13,q3)*Vec(nu16,q2)*Vec(nu16,q3)*p4.p4*d^-1*xia
         *xiw^2*ufoGC58^2*ufoGC4^2
          - g_(1,6_,nu10)*g_(2,6_,nu11)*Vec(nu10,q3)*Vec(nu11,q2)*Vec(nu14,q2)
         ^2*Vec(nu13,q2)*Vec(nu13,q3)*Vec(nu16,q2)*Vec(nu16,q3)*p4.p4*d^-1*
         xiw^2*ufoGC58^2*ufoGC4^2
          + 1/2*g_(1,6_,nu10)*g_(2,6_,nu11)*Vec(nu10,q3)*Vec(nu11,q2)*Vec(nu14
         ,q2)^2*Vec(nu13,q2)*Vec(nu13,q3)*Vec(nu16,q3)^2*p4.p4*d^-1*xia*xiw^2*
         ufoGC58^2*ufoGC4^2
          - 1/2*g_(1,6_,nu10)*g_(2,6_,nu11)*Vec(nu10,q3)*Vec(nu11,q2)*Vec(nu14
         ,q2)^2*Vec(nu13,q2)*Vec(nu13,q3)*Vec(nu16,q3)^2*p4.p4*d^-1*xiw^2*
         ufoGC58^2*ufoGC4^2
          + 1/4*g_(1,6_,nu10)*g_(2,6_,nu11)*Vec(nu10,q3)*Vec(nu11,q2)*Vec(nu14
         ,q2)^2*Vec(nu13,q3)^2*Vec(nu16,q2)^2*p4.p4*d^-1*xia*xiw^2*ufoGC58^2*
         ufoGC4^2
          - 1/4*g_(1,6_,nu10)*g_(2,6_,nu11)*Vec(nu10,q3)*Vec(nu11,q2)*Vec(nu14
         ,q2)^2*Vec(nu13,q3)^2*Vec(nu16,q2)^2*p4.p4*d^-1*xiw^2*ufoGC58^2*
         ufoGC4^2
          + 1/2*g_(1,6_,nu10)*g_(2,6_,nu11)*Vec(nu10,q3)*Vec(nu11,q2)*Vec(nu14
         ,q2)^2*Vec(nu13,q3)^2*Vec(nu16,q2)*Vec(nu16,q3)*p4.p4*d^-1*xia*xiw^2*
         ufoGC58^2*ufoGC4^2
          - 1/2*g_(1,6_,nu10)*g_(2,6_,nu11)*Vec(nu10,q3)*Vec(nu11,q2)*Vec(nu14
         ,q2)^2*Vec(nu13,q3)^2*Vec(nu16,q2)*Vec(nu16,q3)*p4.p4*d^-1*xiw^2*
         ufoGC58^2*ufoGC4^2
          + 1/4*g_(1,6_,nu10)*g_(2,6_,nu11)*Vec(nu10,q3)*Vec(nu11,q2)*Vec(nu14
         ,q2)^2*Vec(nu13,q3)^2*Vec(nu16,q3)^2*p4.p4*d^-1*xia*xiw^2*ufoGC58^2*
         ufoGC4^2
          - 1/4*g_(1,6_,nu10)*g_(2,6_,nu11)*Vec(nu10,q3)*Vec(nu11,q2)*Vec(nu14
         ,q2)^2*Vec(nu13,q3)^2*Vec(nu16,q3)^2*p4.p4*d^-1*xiw^2*ufoGC58^2*
         ufoGC4^2
          + 1/2*g_(1,6_,nu10)*g_(2,6_,nu11)*Vec(nu10,q3)*Vec(nu11,q2)*Vec(nu14
         ,q2)*Vec(nu14,q3)*Vec(nu13,q2)^2*Vec(nu16,q2)^2*p4.p4*d^-1*xia*xiw^2*
         ufoGC58^2*ufoGC4^2
          - 1/2*g_(1,6_,nu10)*g_(2,6_,nu11)*Vec(nu10,q3)*Vec(nu11,q2)*Vec(nu14
         ,q2)*Vec(nu14,q3)*Vec(nu13,q2)^2*Vec(nu16,q2)^2*p4.p4*d^-1*xiw^2*
         ufoGC58^2*ufoGC4^2
          + g_(1,6_,nu10)*g_(2,6_,nu11)*Vec(nu10,q3)*Vec(nu11,q2)*Vec(nu14,q2)
         *Vec(nu14,q3)*Vec(nu13,q2)^2*Vec(nu16,q2)*Vec(nu16,q3)*p4.p4*d^-1*xia
         *xiw^2*ufoGC58^2*ufoGC4^2
          - g_(1,6_,nu10)*g_(2,6_,nu11)*Vec(nu10,q3)*Vec(nu11,q2)*Vec(nu14,q2)
         *Vec(nu14,q3)*Vec(nu13,q2)^2*Vec(nu16,q2)*Vec(nu16,q3)*p4.p4*d^-1*
         xiw^2*ufoGC58^2*ufoGC4^2
          + 1/2*g_(1,6_,nu10)*g_(2,6_,nu11)*Vec(nu10,q3)*Vec(nu11,q2)*Vec(nu14
         ,q2)*Vec(nu14,q3)*Vec(nu13,q2)^2*Vec(nu16,q3)^2*p4.p4*d^-1*xia*xiw^2*
         ufoGC58^2*ufoGC4^2
          - 1/2*g_(1,6_,nu10)*g_(2,6_,nu11)*Vec(nu10,q3)*Vec(nu11,q2)*Vec(nu14
         ,q2)*Vec(nu14,q3)*Vec(nu13,q2)^2*Vec(nu16,q3)^2*p4.p4*d^-1*xiw^2*
         ufoGC58^2*ufoGC4^2
          + g_(1,6_,nu10)*g_(2,6_,nu11)*Vec(nu10,q3)*Vec(nu11,q2)*Vec(nu14,q2)
         *Vec(nu14,q3)*Vec(nu13,q2)*Vec(nu13,q3)*Vec(nu16,q2)^2*p4.p4*d^-1*xia
         *xiw^2*ufoGC58^2*ufoGC4^2
          - g_(1,6_,nu10)*g_(2,6_,nu11)*Vec(nu10,q3)*Vec(nu11,q2)*Vec(nu14,q2)
         *Vec(nu14,q3)*Vec(nu13,q2)*Vec(nu13,q3)*Vec(nu16,q2)^2*p4.p4*d^-1*
         xiw^2*ufoGC58^2*ufoGC4^2
          + 2*g_(1,6_,nu10)*g_(2,6_,nu11)*Vec(nu10,q3)*Vec(nu11,q2)*Vec(nu14,
         q2)*Vec(nu14,q3)*Vec(nu13,q2)*Vec(nu13,q3)*Vec(nu16,q2)*Vec(nu16,q3)*
         p4.p4*d^-1*xia*xiw^2*ufoGC58^2*ufoGC4^2
          - 2*g_(1,6_,nu10)*g_(2,6_,nu11)*Vec(nu10,q3)*Vec(nu11,q2)*Vec(nu14,
         q2)*Vec(nu14,q3)*Vec(nu13,q2)*Vec(nu13,q3)*Vec(nu16,q2)*Vec(nu16,q3)*
         p4.p4*d^-1*xiw^2*ufoGC58^2*ufoGC4^2
          + g_(1,6_,nu10)*g_(2,6_,nu11)*Vec(nu10,q3)*Vec(nu11,q2)*Vec(nu14,q2)
         *Vec(nu14,q3)*Vec(nu13,q2)*Vec(nu13,q3)*Vec(nu16,q3)^2*p4.p4*d^-1*xia
         *xiw^2*ufoGC58^2*ufoGC4^2
          - g_(1,6_,nu10)*g_(2,6_,nu11)*Vec(nu10,q3)*Vec(nu11,q2)*Vec(nu14,q2)
         *Vec(nu14,q3)*Vec(nu13,q2)*Vec(nu13,q3)*Vec(nu16,q3)^2*p4.p4*d^-1*
         xiw^2*ufoGC58^2*ufoGC4^2
          + 1/2*g_(1,6_,nu10)*g_(2,6_,nu11)*Vec(nu10,q3)*Vec(nu11,q2)*Vec(nu14
         ,q2)*Vec(nu14,q3)*Vec(nu13,q3)^2*Vec(nu16,q2)^2*p4.p4*d^-1*xia*xiw^2*
         ufoGC58^2*ufoGC4^2
          - 1/2*g_(1,6_,nu10)*g_(2,6_,nu11)*Vec(nu10,q3)*Vec(nu11,q2)*Vec(nu14
         ,q2)*Vec(nu14,q3)*Vec(nu13,q3)^2*Vec(nu16,q2)^2*p4.p4*d^-1*xiw^2*
         ufoGC58^2*ufoGC4^2
          + g_(1,6_,nu10)*g_(2,6_,nu11)*Vec(nu10,q3)*Vec(nu11,q2)*Vec(nu14,q2)
         *Vec(nu14,q3)*Vec(nu13,q3)^2*Vec(nu16,q2)*Vec(nu16,q3)*p4.p4*d^-1*xia
         *xiw^2*ufoGC58^2*ufoGC4^2
          - g_(1,6_,nu10)*g_(2,6_,nu11)*Vec(nu10,q3)*Vec(nu11,q2)*Vec(nu14,q2)
         *Vec(nu14,q3)*Vec(nu13,q3)^2*Vec(nu16,q2)*Vec(nu16,q3)*p4.p4*d^-1*
         xiw^2*ufoGC58^2*ufoGC4^2
          + 1/2*g_(1,6_,nu10)*g_(2,6_,nu11)*Vec(nu10,q3)*Vec(nu11,q2)*Vec(nu14
         ,q2)*Vec(nu14,q3)*Vec(nu13,q3)^2*Vec(nu16,q3)^2*p4.p4*d^-1*xia*xiw^2*
         ufoGC58^2*ufoGC4^2
          - 1/2*g_(1,6_,nu10)*g_(2,6_,nu11)*Vec(nu10,q3)*Vec(nu11,q2)*Vec(nu14
         ,q2)*Vec(nu14,q3)*Vec(nu13,q3)^2*Vec(nu16,q3)^2*p4.p4*d^-1*xiw^2*
         ufoGC58^2*ufoGC4^2
          + 1/4*g_(1,6_,nu10)*g_(2,6_,nu11)*Vec(nu10,q3)*Vec(nu11,q2)*Vec(nu14
         ,q3)^2*Vec(nu13,q2)^2*Vec(nu16,q2)^2*p4.p4*d^-1*xia*xiw^2*ufoGC58^2*
         ufoGC4^2
          - 1/4*g_(1,6_,nu10)*g_(2,6_,nu11)*Vec(nu10,q3)*Vec(nu11,q2)*Vec(nu14
         ,q3)^2*Vec(nu13,q2)^2*Vec(nu16,q2)^2*p4.p4*d^-1*xiw^2*ufoGC58^2*
         ufoGC4^2
          + 1/2*g_(1,6_,nu10)*g_(2,6_,nu11)*Vec(nu10,q3)*Vec(nu11,q2)*Vec(nu14
         ,q3)^2*Vec(nu13,q2)^2*Vec(nu16,q2)*Vec(nu16,q3)*p4.p4*d^-1*xia*xiw^2*
         ufoGC58^2*ufoGC4^2
          - 1/2*g_(1,6_,nu10)*g_(2,6_,nu11)*Vec(nu10,q3)*Vec(nu11,q2)*Vec(nu14
         ,q3)^2*Vec(nu13,q2)^2*Vec(nu16,q2)*Vec(nu16,q3)*p4.p4*d^-1*xiw^2*
         ufoGC58^2*ufoGC4^2
          + 1/4*g_(1,6_,nu10)*g_(2,6_,nu11)*Vec(nu10,q3)*Vec(nu11,q2)*Vec(nu14
         ,q3)^2*Vec(nu13,q2)^2*Vec(nu16,q3)^2*p4.p4*d^-1*xia*xiw^2*ufoGC58^2*
         ufoGC4^2
          - 1/4*g_(1,6_,nu10)*g_(2,6_,nu11)*Vec(nu10,q3)*Vec(nu11,q2)*Vec(nu14
         ,q3)^2*Vec(nu13,q2)^2*Vec(nu16,q3)^2*p4.p4*d^-1*xiw^2*ufoGC58^2*
         ufoGC4^2
          + 1/2*g_(1,6_,nu10)*g_(2,6_,nu11)*Vec(nu10,q3)*Vec(nu11,q2)*Vec(nu14
         ,q3)^2*Vec(nu13,q2)*Vec(nu13,q3)*Vec(nu16,q2)^2*p4.p4*d^-1*xia*xiw^2*
         ufoGC58^2*ufoGC4^2
          - 1/2*g_(1,6_,nu10)*g_(2,6_,nu11)*Vec(nu10,q3)*Vec(nu11,q2)*Vec(nu14
         ,q3)^2*Vec(nu13,q2)*Vec(nu13,q3)*Vec(nu16,q2)^2*p4.p4*d^-1*xiw^2*
         ufoGC58^2*ufoGC4^2
          + g_(1,6_,nu10)*g_(2,6_,nu11)*Vec(nu10,q3)*Vec(nu11,q2)*Vec(nu14,q3)
         ^2*Vec(nu13,q2)*Vec(nu13,q3)*Vec(nu16,q2)*Vec(nu16,q3)*p4.p4*d^-1*xia
         *xiw^2*ufoGC58^2*ufoGC4^2
          - g_(1,6_,nu10)*g_(2,6_,nu11)*Vec(nu10,q3)*Vec(nu11,q2)*Vec(nu14,q3)
         ^2*Vec(nu13,q2)*Vec(nu13,q3)*Vec(nu16,q2)*Vec(nu16,q3)*p4.p4*d^-1*
         xiw^2*ufoGC58^2*ufoGC4^2
          + 1/2*g_(1,6_,nu10)*g_(2,6_,nu11)*Vec(nu10,q3)*Vec(nu11,q2)*Vec(nu14
         ,q3)^2*Vec(nu13,q2)*Vec(nu13,q3)*Vec(nu16,q3)^2*p4.p4*d^-1*xia*xiw^2*
         ufoGC58^2*ufoGC4^2
          - 1/2*g_(1,6_,nu10)*g_(2,6_,nu11)*Vec(nu10,q3)*Vec(nu11,q2)*Vec(nu14
         ,q3)^2*Vec(nu13,q2)*Vec(nu13,q3)*Vec(nu16,q3)^2*p4.p4*d^-1*xiw^2*
         ufoGC58^2*ufoGC4^2
          + 1/4*g_(1,6_,nu10)*g_(2,6_,nu11)*Vec(nu10,q3)*Vec(nu11,q2)*Vec(nu14
         ,q3)^2*Vec(nu13,q3)^2*Vec(nu16,q2)^2*p4.p4*d^-1*xia*xiw^2*ufoGC58^2*
         ufoGC4^2
          - 1/4*g_(1,6_,nu10)*g_(2,6_,nu11)*Vec(nu10,q3)*Vec(nu11,q2)*Vec(nu14
         ,q3)^2*Vec(nu13,q3)^2*Vec(nu16,q2)^2*p4.p4*d^-1*xiw^2*ufoGC58^2*
         ufoGC4^2
          + 1/2*g_(1,6_,nu10)*g_(2,6_,nu11)*Vec(nu10,q3)*Vec(nu11,q2)*Vec(nu14
         ,q3)^2*Vec(nu13,q3)^2*Vec(nu16,q2)*Vec(nu16,q3)*p4.p4*d^-1*xia*xiw^2*
         ufoGC58^2*ufoGC4^2
          - 1/2*g_(1,6_,nu10)*g_(2,6_,nu11)*Vec(nu10,q3)*Vec(nu11,q2)*Vec(nu14
         ,q3)^2*Vec(nu13,q3)^2*Vec(nu16,q2)*Vec(nu16,q3)*p4.p4*d^-1*xiw^2*
         ufoGC58^2*ufoGC4^2
          + 1/4*g_(1,6_,nu10)*g_(2,6_,nu11)*Vec(nu10,q3)*Vec(nu11,q2)*Vec(nu14
         ,q3)^2*Vec(nu13,q3)^2*Vec(nu16,q3)^2*p4.p4*d^-1*xia*xiw^2*ufoGC58^2*
         ufoGC4^2
          - 1/4*g_(1,6_,nu10)*g_(2,6_,nu11)*Vec(nu10,q3)*Vec(nu11,q2)*Vec(nu14
         ,q3)^2*Vec(nu13,q3)^2*Vec(nu16,q3)^2*p4.p4*d^-1*xiw^2*ufoGC58^2*
         ufoGC4^2
          - 1/4*g_(1,6_,nu10)*g_(2,6_,nu11)*Vec(nu10,q3)*Vec(nu11,q2)*Vec(nu13
         ,q2)^2*Vec(nu16,q2)^2*p4.p4^2*d^-1*xia*xiw^2*ufoGC58^2*ufoGC4^2
          + 1/4*g_(1,6_,nu10)*g_(2,6_,nu11)*Vec(nu10,q3)*Vec(nu11,q2)*Vec(nu13
         ,q2)^2*Vec(nu16,q2)^2*p4.p4^2*d^-1*xiw^2*ufoGC58^2*ufoGC4^2
          - 1/2*g_(1,6_,nu10)*g_(2,6_,nu11)*Vec(nu10,q3)*Vec(nu11,q2)*Vec(nu13
         ,q2)^2*Vec(nu16,q2)*Vec(nu16,q3)*p4.p4^2*d^-1*xia*xiw^2*ufoGC58^2*
         ufoGC4^2
          + 1/2*g_(1,6_,nu10)*g_(2,6_,nu11)*Vec(nu10,q3)*Vec(nu11,q2)*Vec(nu13
         ,q2)^2*Vec(nu16,q2)*Vec(nu16,q3)*p4.p4^2*d^-1*xiw^2*ufoGC58^2*
         ufoGC4^2
          - 1/4*g_(1,6_,nu10)*g_(2,6_,nu11)*Vec(nu10,q3)*Vec(nu11,q2)*Vec(nu13
         ,q2)^2*Vec(nu16,q3)^2*p4.p4^2*d^-1*xia*xiw^2*ufoGC58^2*ufoGC4^2
          + 1/4*g_(1,6_,nu10)*g_(2,6_,nu11)*Vec(nu10,q3)*Vec(nu11,q2)*Vec(nu13
         ,q2)^2*Vec(nu16,q3)^2*p4.p4^2*d^-1*xiw^2*ufoGC58^2*ufoGC4^2
          - 1/2*g_(1,6_,nu10)*g_(2,6_,nu11)*Vec(nu10,q3)*Vec(nu11,q2)*Vec(nu13
         ,q2)*Vec(nu13,q3)*Vec(nu16,q2)^2*p4.p4^2*d^-1*xia*xiw^2*ufoGC58^2*
         ufoGC4^2
          + 1/2*g_(1,6_,nu10)*g_(2,6_,nu11)*Vec(nu10,q3)*Vec(nu11,q2)*Vec(nu13
         ,q2)*Vec(nu13,q3)*Vec(nu16,q2)^2*p4.p4^2*d^-1*xiw^2*ufoGC58^2*
         ufoGC4^2
          - g_(1,6_,nu10)*g_(2,6_,nu11)*Vec(nu10,q3)*Vec(nu11,q2)*Vec(nu13,q2)
         *Vec(nu13,q3)*Vec(nu16,q2)*Vec(nu16,q3)*p4.p4^2*d^-1*xia*xiw^2*
         ufoGC58^2*ufoGC4^2
          + g_(1,6_,nu10)*g_(2,6_,nu11)*Vec(nu10,q3)*Vec(nu11,q2)*Vec(nu13,q2)
         *Vec(nu13,q3)*Vec(nu16,q2)*Vec(nu16,q3)*p4.p4^2*d^-1*xiw^2*ufoGC58^2*
         ufoGC4^2
          - 1/2*g_(1,6_,nu10)*g_(2,6_,nu11)*Vec(nu10,q3)*Vec(nu11,q2)*Vec(nu13
         ,q2)*Vec(nu13,q3)*Vec(nu16,q3)^2*p4.p4^2*d^-1*xia*xiw^2*ufoGC58^2*
         ufoGC4^2
          + 1/2*g_(1,6_,nu10)*g_(2,6_,nu11)*Vec(nu10,q3)*Vec(nu11,q2)*Vec(nu13
         ,q2)*Vec(nu13,q3)*Vec(nu16,q3)^2*p4.p4^2*d^-1*xiw^2*ufoGC58^2*
         ufoGC4^2
          - 1/4*g_(1,6_,nu10)*g_(2,6_,nu11)*Vec(nu10,q3)*Vec(nu11,q2)*Vec(nu13
         ,q3)^2*Vec(nu16,q2)^2*p4.p4^2*d^-1*xia*xiw^2*ufoGC58^2*ufoGC4^2
          + 1/4*g_(1,6_,nu10)*g_(2,6_,nu11)*Vec(nu10,q3)*Vec(nu11,q2)*Vec(nu13
         ,q3)^2*Vec(nu16,q2)^2*p4.p4^2*d^-1*xiw^2*ufoGC58^2*ufoGC4^2
          - 1/2*g_(1,6_,nu10)*g_(2,6_,nu11)*Vec(nu10,q3)*Vec(nu11,q2)*Vec(nu13
         ,q3)^2*Vec(nu16,q2)*Vec(nu16,q3)*p4.p4^2*d^-1*xia*xiw^2*ufoGC58^2*
         ufoGC4^2
          + 1/2*g_(1,6_,nu10)*g_(2,6_,nu11)*Vec(nu10,q3)*Vec(nu11,q2)*Vec(nu13
         ,q3)^2*Vec(nu16,q2)*Vec(nu16,q3)*p4.p4^2*d^-1*xiw^2*ufoGC58^2*
         ufoGC4^2
          - 1/4*g_(1,6_,nu10)*g_(2,6_,nu11)*Vec(nu10,q3)*Vec(nu11,q2)*Vec(nu13
         ,q3)^2*Vec(nu16,q3)^2*p4.p4^2*d^-1*xia*xiw^2*ufoGC58^2*ufoGC4^2
          + 1/4*g_(1,6_,nu10)*g_(2,6_,nu11)*Vec(nu10,q3)*Vec(nu11,q2)*Vec(nu13
         ,q3)^2*Vec(nu16,q3)^2*p4.p4^2*d^-1*xiw^2*ufoGC58^2*ufoGC4^2
          + 1/4*g_(1,6_,nu10)*g_(2,6_,nu11)*Vec(nu10,q3)*Vec(nu11,q3)*Vec(nu9,
         q2)^2*Vec(nu12,q2)^2*Vec(nu15,q2)^2*p4.p4*d^-1*xia*xiw^2*ufoGC58^2*
         ufoGC4^2
          - 1/4*g_(1,6_,nu10)*g_(2,6_,nu11)*Vec(nu10,q3)*Vec(nu11,q3)*Vec(nu9,
         q2)^2*Vec(nu12,q2)^2*Vec(nu15,q2)^2*p4.p4*d^-1*xiw^2*ufoGC58^2*
         ufoGC4^2
          + 1/2*g_(1,6_,nu10)*g_(2,6_,nu11)*Vec(nu10,q3)*Vec(nu11,q3)*Vec(nu9,
         q2)^2*Vec(nu12,q2)^2*Vec(nu15,q2)*Vec(nu15,q3)*p4.p4*d^-1*xia*xiw^2*
         ufoGC58^2*ufoGC4^2
          - 1/2*g_(1,6_,nu10)*g_(2,6_,nu11)*Vec(nu10,q3)*Vec(nu11,q3)*Vec(nu9,
         q2)^2*Vec(nu12,q2)^2*Vec(nu15,q2)*Vec(nu15,q3)*p4.p4*d^-1*xiw^2*
         ufoGC58^2*ufoGC4^2
          + 1/4*g_(1,6_,nu10)*g_(2,6_,nu11)*Vec(nu10,q3)*Vec(nu11,q3)*Vec(nu9,
         q2)^2*Vec(nu12,q2)^2*Vec(nu15,q3)^2*p4.p4*d^-1*xia*xiw^2*ufoGC58^2*
         ufoGC4^2
          - 1/4*g_(1,6_,nu10)*g_(2,6_,nu11)*Vec(nu10,q3)*Vec(nu11,q3)*Vec(nu9,
         q2)^2*Vec(nu12,q2)^2*Vec(nu15,q3)^2*p4.p4*d^-1*xiw^2*ufoGC58^2*
         ufoGC4^2
          + 1/2*g_(1,6_,nu10)*g_(2,6_,nu11)*Vec(nu10,q3)*Vec(nu11,q3)*Vec(nu9,
         q2)^2*Vec(nu12,q2)*Vec(nu12,q3)*Vec(nu15,q2)^2*p4.p4*d^-1*xia*xiw^2*
         ufoGC58^2*ufoGC4^2
          - 1/2*g_(1,6_,nu10)*g_(2,6_,nu11)*Vec(nu10,q3)*Vec(nu11,q3)*Vec(nu9,
         q2)^2*Vec(nu12,q2)*Vec(nu12,q3)*Vec(nu15,q2)^2*p4.p4*d^-1*xiw^2*
         ufoGC58^2*ufoGC4^2
          + g_(1,6_,nu10)*g_(2,6_,nu11)*Vec(nu10,q3)*Vec(nu11,q3)*Vec(nu9,q2)^
         2*Vec(nu12,q2)*Vec(nu12,q3)*Vec(nu15,q2)*Vec(nu15,q3)*p4.p4*d^-1*xia*
         xiw^2*ufoGC58^2*ufoGC4^2
          - g_(1,6_,nu10)*g_(2,6_,nu11)*Vec(nu10,q3)*Vec(nu11,q3)*Vec(nu9,q2)^
         2*Vec(nu12,q2)*Vec(nu12,q3)*Vec(nu15,q2)*Vec(nu15,q3)*p4.p4*d^-1*
         xiw^2*ufoGC58^2*ufoGC4^2
          + 1/2*g_(1,6_,nu10)*g_(2,6_,nu11)*Vec(nu10,q3)*Vec(nu11,q3)*Vec(nu9,
         q2)^2*Vec(nu12,q2)*Vec(nu12,q3)*Vec(nu15,q3)^2*p4.p4*d^-1*xia*xiw^2*
         ufoGC58^2*ufoGC4^2
          - 1/2*g_(1,6_,nu10)*g_(2,6_,nu11)*Vec(nu10,q3)*Vec(nu11,q3)*Vec(nu9,
         q2)^2*Vec(nu12,q2)*Vec(nu12,q3)*Vec(nu15,q3)^2*p4.p4*d^-1*xiw^2*
         ufoGC58^2*ufoGC4^2
          + 1/4*g_(1,6_,nu10)*g_(2,6_,nu11)*Vec(nu10,q3)*Vec(nu11,q3)*Vec(nu9,
         q2)^2*Vec(nu12,q3)^2*Vec(nu15,q2)^2*p4.p4*d^-1*xia*xiw^2*ufoGC58^2*
         ufoGC4^2
          - 1/4*g_(1,6_,nu10)*g_(2,6_,nu11)*Vec(nu10,q3)*Vec(nu11,q3)*Vec(nu9,
         q2)^2*Vec(nu12,q3)^2*Vec(nu15,q2)^2*p4.p4*d^-1*xiw^2*ufoGC58^2*
         ufoGC4^2
          + 1/2*g_(1,6_,nu10)*g_(2,6_,nu11)*Vec(nu10,q3)*Vec(nu11,q3)*Vec(nu9,
         q2)^2*Vec(nu12,q3)^2*Vec(nu15,q2)*Vec(nu15,q3)*p4.p4*d^-1*xia*xiw^2*
         ufoGC58^2*ufoGC4^2
          - 1/2*g_(1,6_,nu10)*g_(2,6_,nu11)*Vec(nu10,q3)*Vec(nu11,q3)*Vec(nu9,
         q2)^2*Vec(nu12,q3)^2*Vec(nu15,q2)*Vec(nu15,q3)*p4.p4*d^-1*xiw^2*
         ufoGC58^2*ufoGC4^2
          + 1/4*g_(1,6_,nu10)*g_(2,6_,nu11)*Vec(nu10,q3)*Vec(nu11,q3)*Vec(nu9,
         q2)^2*Vec(nu12,q3)^2*Vec(nu15,q3)^2*p4.p4*d^-1*xia*xiw^2*ufoGC58^2*
         ufoGC4^2
          - 1/4*g_(1,6_,nu10)*g_(2,6_,nu11)*Vec(nu10,q3)*Vec(nu11,q3)*Vec(nu9,
         q2)^2*Vec(nu12,q3)^2*Vec(nu15,q3)^2*p4.p4*d^-1*xiw^2*ufoGC58^2*
         ufoGC4^2
          - 1/4*g_(1,6_,nu10)*g_(2,6_,nu11)*Vec(nu10,q3)*Vec(nu11,q3)*Vec(nu9,
         q2)^2*Vec(nu13,q2)^2*Vec(nu16,q2)^2*p4.p4*d^-1*xia*xiw^2*ufoGC58^2*
         ufoGC4^2
          + 1/4*g_(1,6_,nu10)*g_(2,6_,nu11)*Vec(nu10,q3)*Vec(nu11,q3)*Vec(nu9,
         q2)^2*Vec(nu13,q2)^2*Vec(nu16,q2)^2*p4.p4*d^-1*xiw^2*ufoGC58^2*
         ufoGC4^2
          - 1/2*g_(1,6_,nu10)*g_(2,6_,nu11)*Vec(nu10,q3)*Vec(nu11,q3)*Vec(nu9,
         q2)^2*Vec(nu13,q2)^2*Vec(nu16,q2)*Vec(nu16,q3)*p4.p4*d^-1*xia*xiw^2*
         ufoGC58^2*ufoGC4^2
          + 1/2*g_(1,6_,nu10)*g_(2,6_,nu11)*Vec(nu10,q3)*Vec(nu11,q3)*Vec(nu9,
         q2)^2*Vec(nu13,q2)^2*Vec(nu16,q2)*Vec(nu16,q3)*p4.p4*d^-1*xiw^2*
         ufoGC58^2*ufoGC4^2
          - 1/4*g_(1,6_,nu10)*g_(2,6_,nu11)*Vec(nu10,q3)*Vec(nu11,q3)*Vec(nu9,
         q2)^2*Vec(nu13,q2)^2*Vec(nu16,q3)^2*p4.p4*d^-1*xia*xiw^2*ufoGC58^2*
         ufoGC4^2
          + 1/4*g_(1,6_,nu10)*g_(2,6_,nu11)*Vec(nu10,q3)*Vec(nu11,q3)*Vec(nu9,
         q2)^2*Vec(nu13,q2)^2*Vec(nu16,q3)^2*p4.p4*d^-1*xiw^2*ufoGC58^2*
         ufoGC4^2
          - 1/2*g_(1,6_,nu10)*g_(2,6_,nu11)*Vec(nu10,q3)*Vec(nu11,q3)*Vec(nu9,
         q2)^2*Vec(nu13,q2)*Vec(nu13,q3)*Vec(nu16,q2)^2*p4.p4*d^-1*xia*xiw^2*
         ufoGC58^2*ufoGC4^2
          + 1/2*g_(1,6_,nu10)*g_(2,6_,nu11)*Vec(nu10,q3)*Vec(nu11,q3)*Vec(nu9,
         q2)^2*Vec(nu13,q2)*Vec(nu13,q3)*Vec(nu16,q2)^2*p4.p4*d^-1*xiw^2*
         ufoGC58^2*ufoGC4^2
          - g_(1,6_,nu10)*g_(2,6_,nu11)*Vec(nu10,q3)*Vec(nu11,q3)*Vec(nu9,q2)^
         2*Vec(nu13,q2)*Vec(nu13,q3)*Vec(nu16,q2)*Vec(nu16,q3)*p4.p4*d^-1*xia*
         xiw^2*ufoGC58^2*ufoGC4^2
          + g_(1,6_,nu10)*g_(2,6_,nu11)*Vec(nu10,q3)*Vec(nu11,q3)*Vec(nu9,q2)^
         2*Vec(nu13,q2)*Vec(nu13,q3)*Vec(nu16,q2)*Vec(nu16,q3)*p4.p4*d^-1*
         xiw^2*ufoGC58^2*ufoGC4^2
          - 1/2*g_(1,6_,nu10)*g_(2,6_,nu11)*Vec(nu10,q3)*Vec(nu11,q3)*Vec(nu9,
         q2)^2*Vec(nu13,q2)*Vec(nu13,q3)*Vec(nu16,q3)^2*p4.p4*d^-1*xia*xiw^2*
         ufoGC58^2*ufoGC4^2
          + 1/2*g_(1,6_,nu10)*g_(2,6_,nu11)*Vec(nu10,q3)*Vec(nu11,q3)*Vec(nu9,
         q2)^2*Vec(nu13,q2)*Vec(nu13,q3)*Vec(nu16,q3)^2*p4.p4*d^-1*xiw^2*
         ufoGC58^2*ufoGC4^2
          - 1/4*g_(1,6_,nu10)*g_(2,6_,nu11)*Vec(nu10,q3)*Vec(nu11,q3)*Vec(nu9,
         q2)^2*Vec(nu13,q3)^2*Vec(nu16,q2)^2*p4.p4*d^-1*xia*xiw^2*ufoGC58^2*
         ufoGC4^2
          + 1/4*g_(1,6_,nu10)*g_(2,6_,nu11)*Vec(nu10,q3)*Vec(nu11,q3)*Vec(nu9,
         q2)^2*Vec(nu13,q3)^2*Vec(nu16,q2)^2*p4.p4*d^-1*xiw^2*ufoGC58^2*
         ufoGC4^2
          - 1/2*g_(1,6_,nu10)*g_(2,6_,nu11)*Vec(nu10,q3)*Vec(nu11,q3)*Vec(nu9,
         q2)^2*Vec(nu13,q3)^2*Vec(nu16,q2)*Vec(nu16,q3)*p4.p4*d^-1*xia*xiw^2*
         ufoGC58^2*ufoGC4^2
          + 1/2*g_(1,6_,nu10)*g_(2,6_,nu11)*Vec(nu10,q3)*Vec(nu11,q3)*Vec(nu9,
         q2)^2*Vec(nu13,q3)^2*Vec(nu16,q2)*Vec(nu16,q3)*p4.p4*d^-1*xiw^2*
         ufoGC58^2*ufoGC4^2
          - 1/4*g_(1,6_,nu10)*g_(2,6_,nu11)*Vec(nu10,q3)*Vec(nu11,q3)*Vec(nu9,
         q2)^2*Vec(nu13,q3)^2*Vec(nu16,q3)^2*p4.p4*d^-1*xia*xiw^2*ufoGC58^2*
         ufoGC4^2
          + 1/4*g_(1,6_,nu10)*g_(2,6_,nu11)*Vec(nu10,q3)*Vec(nu11,q3)*Vec(nu9,
         q2)^2*Vec(nu13,q3)^2*Vec(nu16,q3)^2*p4.p4*d^-1*xiw^2*ufoGC58^2*
         ufoGC4^2
          + 1/2*g_(1,6_,nu10)*g_(2,6_,nu11)*Vec(nu10,q3)*Vec(nu11,q3)*Vec(nu9,
         q2)*Vec(nu9,q3)*Vec(nu12,q2)^2*Vec(nu15,q2)^2*p4.p4*d^-1*xia*xiw^2*
         ufoGC58^2*ufoGC4^2
          - 1/2*g_(1,6_,nu10)*g_(2,6_,nu11)*Vec(nu10,q3)*Vec(nu11,q3)*Vec(nu9,
         q2)*Vec(nu9,q3)*Vec(nu12,q2)^2*Vec(nu15,q2)^2*p4.p4*d^-1*xiw^2*
         ufoGC58^2*ufoGC4^2
          + g_(1,6_,nu10)*g_(2,6_,nu11)*Vec(nu10,q3)*Vec(nu11,q3)*Vec(nu9,q2)*
         Vec(nu9,q3)*Vec(nu12,q2)^2*Vec(nu15,q2)*Vec(nu15,q3)*p4.p4*d^-1*xia*
         xiw^2*ufoGC58^2*ufoGC4^2
          - g_(1,6_,nu10)*g_(2,6_,nu11)*Vec(nu10,q3)*Vec(nu11,q3)*Vec(nu9,q2)*
         Vec(nu9,q3)*Vec(nu12,q2)^2*Vec(nu15,q2)*Vec(nu15,q3)*p4.p4*d^-1*xiw^2
         *ufoGC58^2*ufoGC4^2
          + 1/2*g_(1,6_,nu10)*g_(2,6_,nu11)*Vec(nu10,q3)*Vec(nu11,q3)*Vec(nu9,
         q2)*Vec(nu9,q3)*Vec(nu12,q2)^2*Vec(nu15,q3)^2*p4.p4*d^-1*xia*xiw^2*
         ufoGC58^2*ufoGC4^2
          - 1/2*g_(1,6_,nu10)*g_(2,6_,nu11)*Vec(nu10,q3)*Vec(nu11,q3)*Vec(nu9,
         q2)*Vec(nu9,q3)*Vec(nu12,q2)^2*Vec(nu15,q3)^2*p4.p4*d^-1*xiw^2*
         ufoGC58^2*ufoGC4^2
          + g_(1,6_,nu10)*g_(2,6_,nu11)*Vec(nu10,q3)*Vec(nu11,q3)*Vec(nu9,q2)*
         Vec(nu9,q3)*Vec(nu12,q2)*Vec(nu12,q3)*Vec(nu15,q2)^2*p4.p4*d^-1*xia*
         xiw^2*ufoGC58^2*ufoGC4^2
          - g_(1,6_,nu10)*g_(2,6_,nu11)*Vec(nu10,q3)*Vec(nu11,q3)*Vec(nu9,q2)*
         Vec(nu9,q3)*Vec(nu12,q2)*Vec(nu12,q3)*Vec(nu15,q2)^2*p4.p4*d^-1*xiw^2
         *ufoGC58^2*ufoGC4^2
          + 2*g_(1,6_,nu10)*g_(2,6_,nu11)*Vec(nu10,q3)*Vec(nu11,q3)*Vec(nu9,q2
         )*Vec(nu9,q3)*Vec(nu12,q2)*Vec(nu12,q3)*Vec(nu15,q2)*Vec(nu15,q3)*
         p4.p4*d^-1*xia*xiw^2*ufoGC58^2*ufoGC4^2
          - 2*g_(1,6_,nu10)*g_(2,6_,nu11)*Vec(nu10,q3)*Vec(nu11,q3)*Vec(nu9,q2
         )*Vec(nu9,q3)*Vec(nu12,q2)*Vec(nu12,q3)*Vec(nu15,q2)*Vec(nu15,q3)*
         p4.p4*d^-1*xiw^2*ufoGC58^2*ufoGC4^2
          + g_(1,6_,nu10)*g_(2,6_,nu11)*Vec(nu10,q3)*Vec(nu11,q3)*Vec(nu9,q2)*
         Vec(nu9,q3)*Vec(nu12,q2)*Vec(nu12,q3)*Vec(nu15,q3)^2*p4.p4*d^-1*xia*
         xiw^2*ufoGC58^2*ufoGC4^2
          - g_(1,6_,nu10)*g_(2,6_,nu11)*Vec(nu10,q3)*Vec(nu11,q3)*Vec(nu9,q2)*
         Vec(nu9,q3)*Vec(nu12,q2)*Vec(nu12,q3)*Vec(nu15,q3)^2*p4.p4*d^-1*xiw^2
         *ufoGC58^2*ufoGC4^2
          + 1/2*g_(1,6_,nu10)*g_(2,6_,nu11)*Vec(nu10,q3)*Vec(nu11,q3)*Vec(nu9,
         q2)*Vec(nu9,q3)*Vec(nu12,q3)^2*Vec(nu15,q2)^2*p4.p4*d^-1*xia*xiw^2*
         ufoGC58^2*ufoGC4^2
          - 1/2*g_(1,6_,nu10)*g_(2,6_,nu11)*Vec(nu10,q3)*Vec(nu11,q3)*Vec(nu9,
         q2)*Vec(nu9,q3)*Vec(nu12,q3)^2*Vec(nu15,q2)^2*p4.p4*d^-1*xiw^2*
         ufoGC58^2*ufoGC4^2
          + g_(1,6_,nu10)*g_(2,6_,nu11)*Vec(nu10,q3)*Vec(nu11,q3)*Vec(nu9,q2)*
         Vec(nu9,q3)*Vec(nu12,q3)^2*Vec(nu15,q2)*Vec(nu15,q3)*p4.p4*d^-1*xia*
         xiw^2*ufoGC58^2*ufoGC4^2
          - g_(1,6_,nu10)*g_(2,6_,nu11)*Vec(nu10,q3)*Vec(nu11,q3)*Vec(nu9,q2)*
         Vec(nu9,q3)*Vec(nu12,q3)^2*Vec(nu15,q2)*Vec(nu15,q3)*p4.p4*d^-1*xiw^2
         *ufoGC58^2*ufoGC4^2
          + 1/2*g_(1,6_,nu10)*g_(2,6_,nu11)*Vec(nu10,q3)*Vec(nu11,q3)*Vec(nu9,
         q2)*Vec(nu9,q3)*Vec(nu12,q3)^2*Vec(nu15,q3)^2*p4.p4*d^-1*xia*xiw^2*
         ufoGC58^2*ufoGC4^2
          - 1/2*g_(1,6_,nu10)*g_(2,6_,nu11)*Vec(nu10,q3)*Vec(nu11,q3)*Vec(nu9,
         q2)*Vec(nu9,q3)*Vec(nu12,q3)^2*Vec(nu15,q3)^2*p4.p4*d^-1*xiw^2*
         ufoGC58^2*ufoGC4^2
          - 1/2*g_(1,6_,nu10)*g_(2,6_,nu11)*Vec(nu10,q3)*Vec(nu11,q3)*Vec(nu9,
         q2)*Vec(nu9,q3)*Vec(nu13,q2)^2*Vec(nu16,q2)^2*p4.p4*d^-1*xia*xiw^2*
         ufoGC58^2*ufoGC4^2
          + 1/2*g_(1,6_,nu10)*g_(2,6_,nu11)*Vec(nu10,q3)*Vec(nu11,q3)*Vec(nu9,
         q2)*Vec(nu9,q3)*Vec(nu13,q2)^2*Vec(nu16,q2)^2*p4.p4*d^-1*xiw^2*
         ufoGC58^2*ufoGC4^2
          - g_(1,6_,nu10)*g_(2,6_,nu11)*Vec(nu10,q3)*Vec(nu11,q3)*Vec(nu9,q2)*
         Vec(nu9,q3)*Vec(nu13,q2)^2*Vec(nu16,q2)*Vec(nu16,q3)*p4.p4*d^-1*xia*
         xiw^2*ufoGC58^2*ufoGC4^2
          + g_(1,6_,nu10)*g_(2,6_,nu11)*Vec(nu10,q3)*Vec(nu11,q3)*Vec(nu9,q2)*
         Vec(nu9,q3)*Vec(nu13,q2)^2*Vec(nu16,q2)*Vec(nu16,q3)*p4.p4*d^-1*xiw^2
         *ufoGC58^2*ufoGC4^2
          - 1/2*g_(1,6_,nu10)*g_(2,6_,nu11)*Vec(nu10,q3)*Vec(nu11,q3)*Vec(nu9,
         q2)*Vec(nu9,q3)*Vec(nu13,q2)^2*Vec(nu16,q3)^2*p4.p4*d^-1*xia*xiw^2*
         ufoGC58^2*ufoGC4^2
          + 1/2*g_(1,6_,nu10)*g_(2,6_,nu11)*Vec(nu10,q3)*Vec(nu11,q3)*Vec(nu9,
         q2)*Vec(nu9,q3)*Vec(nu13,q2)^2*Vec(nu16,q3)^2*p4.p4*d^-1*xiw^2*
         ufoGC58^2*ufoGC4^2
          - g_(1,6_,nu10)*g_(2,6_,nu11)*Vec(nu10,q3)*Vec(nu11,q3)*Vec(nu9,q2)*
         Vec(nu9,q3)*Vec(nu13,q2)*Vec(nu13,q3)*Vec(nu16,q2)^2*p4.p4*d^-1*xia*
         xiw^2*ufoGC58^2*ufoGC4^2
          + g_(1,6_,nu10)*g_(2,6_,nu11)*Vec(nu10,q3)*Vec(nu11,q3)*Vec(nu9,q2)*
         Vec(nu9,q3)*Vec(nu13,q2)*Vec(nu13,q3)*Vec(nu16,q2)^2*p4.p4*d^-1*xiw^2
         *ufoGC58^2*ufoGC4^2
          - 2*g_(1,6_,nu10)*g_(2,6_,nu11)*Vec(nu10,q3)*Vec(nu11,q3)*Vec(nu9,q2
         )*Vec(nu9,q3)*Vec(nu13,q2)*Vec(nu13,q3)*Vec(nu16,q2)*Vec(nu16,q3)*
         p4.p4*d^-1*xia*xiw^2*ufoGC58^2*ufoGC4^2
          + 2*g_(1,6_,nu10)*g_(2,6_,nu11)*Vec(nu10,q3)*Vec(nu11,q3)*Vec(nu9,q2
         )*Vec(nu9,q3)*Vec(nu13,q2)*Vec(nu13,q3)*Vec(nu16,q2)*Vec(nu16,q3)*
         p4.p4*d^-1*xiw^2*ufoGC58^2*ufoGC4^2
          - g_(1,6_,nu10)*g_(2,6_,nu11)*Vec(nu10,q3)*Vec(nu11,q3)*Vec(nu9,q2)*
         Vec(nu9,q3)*Vec(nu13,q2)*Vec(nu13,q3)*Vec(nu16,q3)^2*p4.p4*d^-1*xia*
         xiw^2*ufoGC58^2*ufoGC4^2
          + g_(1,6_,nu10)*g_(2,6_,nu11)*Vec(nu10,q3)*Vec(nu11,q3)*Vec(nu9,q2)*
         Vec(nu9,q3)*Vec(nu13,q2)*Vec(nu13,q3)*Vec(nu16,q3)^2*p4.p4*d^-1*xiw^2
         *ufoGC58^2*ufoGC4^2
          - 1/2*g_(1,6_,nu10)*g_(2,6_,nu11)*Vec(nu10,q3)*Vec(nu11,q3)*Vec(nu9,
         q2)*Vec(nu9,q3)*Vec(nu13,q3)^2*Vec(nu16,q2)^2*p4.p4*d^-1*xia*xiw^2*
         ufoGC58^2*ufoGC4^2
          + 1/2*g_(1,6_,nu10)*g_(2,6_,nu11)*Vec(nu10,q3)*Vec(nu11,q3)*Vec(nu9,
         q2)*Vec(nu9,q3)*Vec(nu13,q3)^2*Vec(nu16,q2)^2*p4.p4*d^-1*xiw^2*
         ufoGC58^2*ufoGC4^2
          - g_(1,6_,nu10)*g_(2,6_,nu11)*Vec(nu10,q3)*Vec(nu11,q3)*Vec(nu9,q2)*
         Vec(nu9,q3)*Vec(nu13,q3)^2*Vec(nu16,q2)*Vec(nu16,q3)*p4.p4*d^-1*xia*
         xiw^2*ufoGC58^2*ufoGC4^2
          + g_(1,6_,nu10)*g_(2,6_,nu11)*Vec(nu10,q3)*Vec(nu11,q3)*Vec(nu9,q2)*
         Vec(nu9,q3)*Vec(nu13,q3)^2*Vec(nu16,q2)*Vec(nu16,q3)*p4.p4*d^-1*xiw^2
         *ufoGC58^2*ufoGC4^2
          - 1/2*g_(1,6_,nu10)*g_(2,6_,nu11)*Vec(nu10,q3)*Vec(nu11,q3)*Vec(nu9,
         q2)*Vec(nu9,q3)*Vec(nu13,q3)^2*Vec(nu16,q3)^2*p4.p4*d^-1*xia*xiw^2*
         ufoGC58^2*ufoGC4^2
          + 1/2*g_(1,6_,nu10)*g_(2,6_,nu11)*Vec(nu10,q3)*Vec(nu11,q3)*Vec(nu9,
         q2)*Vec(nu9,q3)*Vec(nu13,q3)^2*Vec(nu16,q3)^2*p4.p4*d^-1*xiw^2*
         ufoGC58^2*ufoGC4^2
          + 1/4*g_(1,6_,nu10)*g_(2,6_,nu11)*Vec(nu10,q3)*Vec(nu11,q3)*Vec(nu9,
         q3)^2*Vec(nu12,q2)^2*Vec(nu15,q2)^2*p4.p4*d^-1*xia*xiw^2*ufoGC58^2*
         ufoGC4^2
          - 1/4*g_(1,6_,nu10)*g_(2,6_,nu11)*Vec(nu10,q3)*Vec(nu11,q3)*Vec(nu9,
         q3)^2*Vec(nu12,q2)^2*Vec(nu15,q2)^2*p4.p4*d^-1*xiw^2*ufoGC58^2*
         ufoGC4^2
          + 1/2*g_(1,6_,nu10)*g_(2,6_,nu11)*Vec(nu10,q3)*Vec(nu11,q3)*Vec(nu9,
         q3)^2*Vec(nu12,q2)^2*Vec(nu15,q2)*Vec(nu15,q3)*p4.p4*d^-1*xia*xiw^2*
         ufoGC58^2*ufoGC4^2
          - 1/2*g_(1,6_,nu10)*g_(2,6_,nu11)*Vec(nu10,q3)*Vec(nu11,q3)*Vec(nu9,
         q3)^2*Vec(nu12,q2)^2*Vec(nu15,q2)*Vec(nu15,q3)*p4.p4*d^-1*xiw^2*
         ufoGC58^2*ufoGC4^2
          + 1/4*g_(1,6_,nu10)*g_(2,6_,nu11)*Vec(nu10,q3)*Vec(nu11,q3)*Vec(nu9,
         q3)^2*Vec(nu12,q2)^2*Vec(nu15,q3)^2*p4.p4*d^-1*xia*xiw^2*ufoGC58^2*
         ufoGC4^2
          - 1/4*g_(1,6_,nu10)*g_(2,6_,nu11)*Vec(nu10,q3)*Vec(nu11,q3)*Vec(nu9,
         q3)^2*Vec(nu12,q2)^2*Vec(nu15,q3)^2*p4.p4*d^-1*xiw^2*ufoGC58^2*
         ufoGC4^2
          + 1/2*g_(1,6_,nu10)*g_(2,6_,nu11)*Vec(nu10,q3)*Vec(nu11,q3)*Vec(nu9,
         q3)^2*Vec(nu12,q2)*Vec(nu12,q3)*Vec(nu15,q2)^2*p4.p4*d^-1*xia*xiw^2*
         ufoGC58^2*ufoGC4^2
          - 1/2*g_(1,6_,nu10)*g_(2,6_,nu11)*Vec(nu10,q3)*Vec(nu11,q3)*Vec(nu9,
         q3)^2*Vec(nu12,q2)*Vec(nu12,q3)*Vec(nu15,q2)^2*p4.p4*d^-1*xiw^2*
         ufoGC58^2*ufoGC4^2
          + g_(1,6_,nu10)*g_(2,6_,nu11)*Vec(nu10,q3)*Vec(nu11,q3)*Vec(nu9,q3)^
         2*Vec(nu12,q2)*Vec(nu12,q3)*Vec(nu15,q2)*Vec(nu15,q3)*p4.p4*d^-1*xia*
         xiw^2*ufoGC58^2*ufoGC4^2
          - g_(1,6_,nu10)*g_(2,6_,nu11)*Vec(nu10,q3)*Vec(nu11,q3)*Vec(nu9,q3)^
         2*Vec(nu12,q2)*Vec(nu12,q3)*Vec(nu15,q2)*Vec(nu15,q3)*p4.p4*d^-1*
         xiw^2*ufoGC58^2*ufoGC4^2
          + 1/2*g_(1,6_,nu10)*g_(2,6_,nu11)*Vec(nu10,q3)*Vec(nu11,q3)*Vec(nu9,
         q3)^2*Vec(nu12,q2)*Vec(nu12,q3)*Vec(nu15,q3)^2*p4.p4*d^-1*xia*xiw^2*
         ufoGC58^2*ufoGC4^2
          - 1/2*g_(1,6_,nu10)*g_(2,6_,nu11)*Vec(nu10,q3)*Vec(nu11,q3)*Vec(nu9,
         q3)^2*Vec(nu12,q2)*Vec(nu12,q3)*Vec(nu15,q3)^2*p4.p4*d^-1*xiw^2*
         ufoGC58^2*ufoGC4^2
          + 1/4*g_(1,6_,nu10)*g_(2,6_,nu11)*Vec(nu10,q3)*Vec(nu11,q3)*Vec(nu9,
         q3)^2*Vec(nu12,q3)^2*Vec(nu15,q2)^2*p4.p4*d^-1*xia*xiw^2*ufoGC58^2*
         ufoGC4^2
          - 1/4*g_(1,6_,nu10)*g_(2,6_,nu11)*Vec(nu10,q3)*Vec(nu11,q3)*Vec(nu9,
         q3)^2*Vec(nu12,q3)^2*Vec(nu15,q2)^2*p4.p4*d^-1*xiw^2*ufoGC58^2*
         ufoGC4^2
          + 1/2*g_(1,6_,nu10)*g_(2,6_,nu11)*Vec(nu10,q3)*Vec(nu11,q3)*Vec(nu9,
         q3)^2*Vec(nu12,q3)^2*Vec(nu15,q2)*Vec(nu15,q3)*p4.p4*d^-1*xia*xiw^2*
         ufoGC58^2*ufoGC4^2
          - 1/2*g_(1,6_,nu10)*g_(2,6_,nu11)*Vec(nu10,q3)*Vec(nu11,q3)*Vec(nu9,
         q3)^2*Vec(nu12,q3)^2*Vec(nu15,q2)*Vec(nu15,q3)*p4.p4*d^-1*xiw^2*
         ufoGC58^2*ufoGC4^2
          + 1/4*g_(1,6_,nu10)*g_(2,6_,nu11)*Vec(nu10,q3)*Vec(nu11,q3)*Vec(nu9,
         q3)^2*Vec(nu12,q3)^2*Vec(nu15,q3)^2*p4.p4*d^-1*xia*xiw^2*ufoGC58^2*
         ufoGC4^2
          - 1/4*g_(1,6_,nu10)*g_(2,6_,nu11)*Vec(nu10,q3)*Vec(nu11,q3)*Vec(nu9,
         q3)^2*Vec(nu12,q3)^2*Vec(nu15,q3)^2*p4.p4*d^-1*xiw^2*ufoGC58^2*
         ufoGC4^2
          - 1/4*g_(1,6_,nu10)*g_(2,6_,nu11)*Vec(nu10,q3)*Vec(nu11,q3)*Vec(nu9,
         q3)^2*Vec(nu13,q2)^2*Vec(nu16,q2)^2*p4.p4*d^-1*xia*xiw^2*ufoGC58^2*
         ufoGC4^2
          + 1/4*g_(1,6_,nu10)*g_(2,6_,nu11)*Vec(nu10,q3)*Vec(nu11,q3)*Vec(nu9,
         q3)^2*Vec(nu13,q2)^2*Vec(nu16,q2)^2*p4.p4*d^-1*xiw^2*ufoGC58^2*
         ufoGC4^2
          - 1/2*g_(1,6_,nu10)*g_(2,6_,nu11)*Vec(nu10,q3)*Vec(nu11,q3)*Vec(nu9,
         q3)^2*Vec(nu13,q2)^2*Vec(nu16,q2)*Vec(nu16,q3)*p4.p4*d^-1*xia*xiw^2*
         ufoGC58^2*ufoGC4^2
          + 1/2*g_(1,6_,nu10)*g_(2,6_,nu11)*Vec(nu10,q3)*Vec(nu11,q3)*Vec(nu9,
         q3)^2*Vec(nu13,q2)^2*Vec(nu16,q2)*Vec(nu16,q3)*p4.p4*d^-1*xiw^2*
         ufoGC58^2*ufoGC4^2
          - 1/4*g_(1,6_,nu10)*g_(2,6_,nu11)*Vec(nu10,q3)*Vec(nu11,q3)*Vec(nu9,
         q3)^2*Vec(nu13,q2)^2*Vec(nu16,q3)^2*p4.p4*d^-1*xia*xiw^2*ufoGC58^2*
         ufoGC4^2
          + 1/4*g_(1,6_,nu10)*g_(2,6_,nu11)*Vec(nu10,q3)*Vec(nu11,q3)*Vec(nu9,
         q3)^2*Vec(nu13,q2)^2*Vec(nu16,q3)^2*p4.p4*d^-1*xiw^2*ufoGC58^2*
         ufoGC4^2
          - 1/2*g_(1,6_,nu10)*g_(2,6_,nu11)*Vec(nu10,q3)*Vec(nu11,q3)*Vec(nu9,
         q3)^2*Vec(nu13,q2)*Vec(nu13,q3)*Vec(nu16,q2)^2*p4.p4*d^-1*xia*xiw^2*
         ufoGC58^2*ufoGC4^2
          + 1/2*g_(1,6_,nu10)*g_(2,6_,nu11)*Vec(nu10,q3)*Vec(nu11,q3)*Vec(nu9,
         q3)^2*Vec(nu13,q2)*Vec(nu13,q3)*Vec(nu16,q2)^2*p4.p4*d^-1*xiw^2*
         ufoGC58^2*ufoGC4^2
          - g_(1,6_,nu10)*g_(2,6_,nu11)*Vec(nu10,q3)*Vec(nu11,q3)*Vec(nu9,q3)^
         2*Vec(nu13,q2)*Vec(nu13,q3)*Vec(nu16,q2)*Vec(nu16,q3)*p4.p4*d^-1*xia*
         xiw^2*ufoGC58^2*ufoGC4^2
          + g_(1,6_,nu10)*g_(2,6_,nu11)*Vec(nu10,q3)*Vec(nu11,q3)*Vec(nu9,q3)^
         2*Vec(nu13,q2)*Vec(nu13,q3)*Vec(nu16,q2)*Vec(nu16,q3)*p4.p4*d^-1*
         xiw^2*ufoGC58^2*ufoGC4^2
          - 1/2*g_(1,6_,nu10)*g_(2,6_,nu11)*Vec(nu10,q3)*Vec(nu11,q3)*Vec(nu9,
         q3)^2*Vec(nu13,q2)*Vec(nu13,q3)*Vec(nu16,q3)^2*p4.p4*d^-1*xia*xiw^2*
         ufoGC58^2*ufoGC4^2
          + 1/2*g_(1,6_,nu10)*g_(2,6_,nu11)*Vec(nu10,q3)*Vec(nu11,q3)*Vec(nu9,
         q3)^2*Vec(nu13,q2)*Vec(nu13,q3)*Vec(nu16,q3)^2*p4.p4*d^-1*xiw^2*
         ufoGC58^2*ufoGC4^2
          - 1/4*g_(1,6_,nu10)*g_(2,6_,nu11)*Vec(nu10,q3)*Vec(nu11,q3)*Vec(nu9,
         q3)^2*Vec(nu13,q3)^2*Vec(nu16,q2)^2*p4.p4*d^-1*xia*xiw^2*ufoGC58^2*
         ufoGC4^2
          + 1/4*g_(1,6_,nu10)*g_(2,6_,nu11)*Vec(nu10,q3)*Vec(nu11,q3)*Vec(nu9,
         q3)^2*Vec(nu13,q3)^2*Vec(nu16,q2)^2*p4.p4*d^-1*xiw^2*ufoGC58^2*
         ufoGC4^2
          - 1/2*g_(1,6_,nu10)*g_(2,6_,nu11)*Vec(nu10,q3)*Vec(nu11,q3)*Vec(nu9,
         q3)^2*Vec(nu13,q3)^2*Vec(nu16,q2)*Vec(nu16,q3)*p4.p4*d^-1*xia*xiw^2*
         ufoGC58^2*ufoGC4^2
          + 1/2*g_(1,6_,nu10)*g_(2,6_,nu11)*Vec(nu10,q3)*Vec(nu11,q3)*Vec(nu9,
         q3)^2*Vec(nu13,q3)^2*Vec(nu16,q2)*Vec(nu16,q3)*p4.p4*d^-1*xiw^2*
         ufoGC58^2*ufoGC4^2
          - 1/4*g_(1,6_,nu10)*g_(2,6_,nu11)*Vec(nu10,q3)*Vec(nu11,q3)*Vec(nu9,
         q3)^2*Vec(nu13,q3)^2*Vec(nu16,q3)^2*p4.p4*d^-1*xia*xiw^2*ufoGC58^2*
         ufoGC4^2
          + 1/4*g_(1,6_,nu10)*g_(2,6_,nu11)*Vec(nu10,q3)*Vec(nu11,q3)*Vec(nu9,
         q3)^2*Vec(nu13,q3)^2*Vec(nu16,q3)^2*p4.p4*d^-1*xiw^2*ufoGC58^2*
         ufoGC4^2
          - 1/4*g_(1,6_,nu10)*g_(2,6_,nu11)*Vec(nu10,q3)*Vec(nu11,q3)*Vec(nu12
         ,q2)^2*Vec(nu14,q2)^2*Vec(nu15,q2)^2*p4.p4*d^-1*xia*xiw^2*ufoGC58^2*
         ufoGC4^2
          + 1/4*g_(1,6_,nu10)*g_(2,6_,nu11)*Vec(nu10,q3)*Vec(nu11,q3)*Vec(nu12
         ,q2)^2*Vec(nu14,q2)^2*Vec(nu15,q2)^2*p4.p4*d^-1*xiw^2*ufoGC58^2*
         ufoGC4^2
          - 1/2*g_(1,6_,nu10)*g_(2,6_,nu11)*Vec(nu10,q3)*Vec(nu11,q3)*Vec(nu12
         ,q2)^2*Vec(nu14,q2)^2*Vec(nu15,q2)*Vec(nu15,q3)*p4.p4*d^-1*xia*xiw^2*
         ufoGC58^2*ufoGC4^2
          + 1/2*g_(1,6_,nu10)*g_(2,6_,nu11)*Vec(nu10,q3)*Vec(nu11,q3)*Vec(nu12
         ,q2)^2*Vec(nu14,q2)^2*Vec(nu15,q2)*Vec(nu15,q3)*p4.p4*d^-1*xiw^2*
         ufoGC58^2*ufoGC4^2
          - 1/4*g_(1,6_,nu10)*g_(2,6_,nu11)*Vec(nu10,q3)*Vec(nu11,q3)*Vec(nu12
         ,q2)^2*Vec(nu14,q2)^2*Vec(nu15,q3)^2*p4.p4*d^-1*xia*xiw^2*ufoGC58^2*
         ufoGC4^2
          + 1/4*g_(1,6_,nu10)*g_(2,6_,nu11)*Vec(nu10,q3)*Vec(nu11,q3)*Vec(nu12
         ,q2)^2*Vec(nu14,q2)^2*Vec(nu15,q3)^2*p4.p4*d^-1*xiw^2*ufoGC58^2*
         ufoGC4^2
          - 1/2*g_(1,6_,nu10)*g_(2,6_,nu11)*Vec(nu10,q3)*Vec(nu11,q3)*Vec(nu12
         ,q2)^2*Vec(nu14,q2)*Vec(nu14,q3)*Vec(nu15,q2)^2*p4.p4*d^-1*xia*xiw^2*
         ufoGC58^2*ufoGC4^2
          + 1/2*g_(1,6_,nu10)*g_(2,6_,nu11)*Vec(nu10,q3)*Vec(nu11,q3)*Vec(nu12
         ,q2)^2*Vec(nu14,q2)*Vec(nu14,q3)*Vec(nu15,q2)^2*p4.p4*d^-1*xiw^2*
         ufoGC58^2*ufoGC4^2
          - g_(1,6_,nu10)*g_(2,6_,nu11)*Vec(nu10,q3)*Vec(nu11,q3)*Vec(nu12,q2)
         ^2*Vec(nu14,q2)*Vec(nu14,q3)*Vec(nu15,q2)*Vec(nu15,q3)*p4.p4*d^-1*xia
         *xiw^2*ufoGC58^2*ufoGC4^2
          + g_(1,6_,nu10)*g_(2,6_,nu11)*Vec(nu10,q3)*Vec(nu11,q3)*Vec(nu12,q2)
         ^2*Vec(nu14,q2)*Vec(nu14,q3)*Vec(nu15,q2)*Vec(nu15,q3)*p4.p4*d^-1*
         xiw^2*ufoGC58^2*ufoGC4^2
          - 1/2*g_(1,6_,nu10)*g_(2,6_,nu11)*Vec(nu10,q3)*Vec(nu11,q3)*Vec(nu12
         ,q2)^2*Vec(nu14,q2)*Vec(nu14,q3)*Vec(nu15,q3)^2*p4.p4*d^-1*xia*xiw^2*
         ufoGC58^2*ufoGC4^2
          + 1/2*g_(1,6_,nu10)*g_(2,6_,nu11)*Vec(nu10,q3)*Vec(nu11,q3)*Vec(nu12
         ,q2)^2*Vec(nu14,q2)*Vec(nu14,q3)*Vec(nu15,q3)^2*p4.p4*d^-1*xiw^2*
         ufoGC58^2*ufoGC4^2
          - 1/4*g_(1,6_,nu10)*g_(2,6_,nu11)*Vec(nu10,q3)*Vec(nu11,q3)*Vec(nu12
         ,q2)^2*Vec(nu14,q3)^2*Vec(nu15,q2)^2*p4.p4*d^-1*xia*xiw^2*ufoGC58^2*
         ufoGC4^2
          + 1/4*g_(1,6_,nu10)*g_(2,6_,nu11)*Vec(nu10,q3)*Vec(nu11,q3)*Vec(nu12
         ,q2)^2*Vec(nu14,q3)^2*Vec(nu15,q2)^2*p4.p4*d^-1*xiw^2*ufoGC58^2*
         ufoGC4^2
          - 1/2*g_(1,6_,nu10)*g_(2,6_,nu11)*Vec(nu10,q3)*Vec(nu11,q3)*Vec(nu12
         ,q2)^2*Vec(nu14,q3)^2*Vec(nu15,q2)*Vec(nu15,q3)*p4.p4*d^-1*xia*xiw^2*
         ufoGC58^2*ufoGC4^2
          + 1/2*g_(1,6_,nu10)*g_(2,6_,nu11)*Vec(nu10,q3)*Vec(nu11,q3)*Vec(nu12
         ,q2)^2*Vec(nu14,q3)^2*Vec(nu15,q2)*Vec(nu15,q3)*p4.p4*d^-1*xiw^2*
         ufoGC58^2*ufoGC4^2
          - 1/4*g_(1,6_,nu10)*g_(2,6_,nu11)*Vec(nu10,q3)*Vec(nu11,q3)*Vec(nu12
         ,q2)^2*Vec(nu14,q3)^2*Vec(nu15,q3)^2*p4.p4*d^-1*xia*xiw^2*ufoGC58^2*
         ufoGC4^2
          + 1/4*g_(1,6_,nu10)*g_(2,6_,nu11)*Vec(nu10,q3)*Vec(nu11,q3)*Vec(nu12
         ,q2)^2*Vec(nu14,q3)^2*Vec(nu15,q3)^2*p4.p4*d^-1*xiw^2*ufoGC58^2*
         ufoGC4^2
          + 1/4*g_(1,6_,nu10)*g_(2,6_,nu11)*Vec(nu10,q3)*Vec(nu11,q3)*Vec(nu12
         ,q2)^2*Vec(nu13,q2)^2*p4.p4^2*d^-1*xia*xiw^2*ufoGC58^2*ufoGC4^2
          - 1/4*g_(1,6_,nu10)*g_(2,6_,nu11)*Vec(nu10,q3)*Vec(nu11,q3)*Vec(nu12
         ,q2)^2*Vec(nu13,q2)^2*p4.p4^2*d^-1*xiw^2*ufoGC58^2*ufoGC4^2
          + 1/2*g_(1,6_,nu10)*g_(2,6_,nu11)*Vec(nu10,q3)*Vec(nu11,q3)*Vec(nu12
         ,q2)^2*Vec(nu13,q2)*Vec(nu13,q3)*p4.p4^2*d^-1*xia*xiw^2*ufoGC58^2*
         ufoGC4^2
          - 1/2*g_(1,6_,nu10)*g_(2,6_,nu11)*Vec(nu10,q3)*Vec(nu11,q3)*Vec(nu12
         ,q2)^2*Vec(nu13,q2)*Vec(nu13,q3)*p4.p4^2*d^-1*xiw^2*ufoGC58^2*
         ufoGC4^2
          + 1/4*g_(1,6_,nu10)*g_(2,6_,nu11)*Vec(nu10,q3)*Vec(nu11,q3)*Vec(nu12
         ,q2)^2*Vec(nu13,q3)^2*p4.p4^2*d^-1*xia*xiw^2*ufoGC58^2*ufoGC4^2
          - 1/4*g_(1,6_,nu10)*g_(2,6_,nu11)*Vec(nu10,q3)*Vec(nu11,q3)*Vec(nu12
         ,q2)^2*Vec(nu13,q3)^2*p4.p4^2*d^-1*xiw^2*ufoGC58^2*ufoGC4^2
          - 1/2*g_(1,6_,nu10)*g_(2,6_,nu11)*Vec(nu10,q3)*Vec(nu11,q3)*Vec(nu12
         ,q2)*Vec(nu12,q3)*Vec(nu14,q2)^2*Vec(nu15,q2)^2*p4.p4*d^-1*xia*xiw^2*
         ufoGC58^2*ufoGC4^2
          + 1/2*g_(1,6_,nu10)*g_(2,6_,nu11)*Vec(nu10,q3)*Vec(nu11,q3)*Vec(nu12
         ,q2)*Vec(nu12,q3)*Vec(nu14,q2)^2*Vec(nu15,q2)^2*p4.p4*d^-1*xiw^2*
         ufoGC58^2*ufoGC4^2
          - g_(1,6_,nu10)*g_(2,6_,nu11)*Vec(nu10,q3)*Vec(nu11,q3)*Vec(nu12,q2)
         *Vec(nu12,q3)*Vec(nu14,q2)^2*Vec(nu15,q2)*Vec(nu15,q3)*p4.p4*d^-1*xia
         *xiw^2*ufoGC58^2*ufoGC4^2
          + g_(1,6_,nu10)*g_(2,6_,nu11)*Vec(nu10,q3)*Vec(nu11,q3)*Vec(nu12,q2)
         *Vec(nu12,q3)*Vec(nu14,q2)^2*Vec(nu15,q2)*Vec(nu15,q3)*p4.p4*d^-1*
         xiw^2*ufoGC58^2*ufoGC4^2
          - 1/2*g_(1,6_,nu10)*g_(2,6_,nu11)*Vec(nu10,q3)*Vec(nu11,q3)*Vec(nu12
         ,q2)*Vec(nu12,q3)*Vec(nu14,q2)^2*Vec(nu15,q3)^2*p4.p4*d^-1*xia*xiw^2*
         ufoGC58^2*ufoGC4^2
          + 1/2*g_(1,6_,nu10)*g_(2,6_,nu11)*Vec(nu10,q3)*Vec(nu11,q3)*Vec(nu12
         ,q2)*Vec(nu12,q3)*Vec(nu14,q2)^2*Vec(nu15,q3)^2*p4.p4*d^-1*xiw^2*
         ufoGC58^2*ufoGC4^2
          - g_(1,6_,nu10)*g_(2,6_,nu11)*Vec(nu10,q3)*Vec(nu11,q3)*Vec(nu12,q2)
         *Vec(nu12,q3)*Vec(nu14,q2)*Vec(nu14,q3)*Vec(nu15,q2)^2*p4.p4*d^-1*xia
         *xiw^2*ufoGC58^2*ufoGC4^2
          + g_(1,6_,nu10)*g_(2,6_,nu11)*Vec(nu10,q3)*Vec(nu11,q3)*Vec(nu12,q2)
         *Vec(nu12,q3)*Vec(nu14,q2)*Vec(nu14,q3)*Vec(nu15,q2)^2*p4.p4*d^-1*
         xiw^2*ufoGC58^2*ufoGC4^2
          - 2*g_(1,6_,nu10)*g_(2,6_,nu11)*Vec(nu10,q3)*Vec(nu11,q3)*Vec(nu12,
         q2)*Vec(nu12,q3)*Vec(nu14,q2)*Vec(nu14,q3)*Vec(nu15,q2)*Vec(nu15,q3)*
         p4.p4*d^-1*xia*xiw^2*ufoGC58^2*ufoGC4^2
          + 2*g_(1,6_,nu10)*g_(2,6_,nu11)*Vec(nu10,q3)*Vec(nu11,q3)*Vec(nu12,
         q2)*Vec(nu12,q3)*Vec(nu14,q2)*Vec(nu14,q3)*Vec(nu15,q2)*Vec(nu15,q3)*
         p4.p4*d^-1*xiw^2*ufoGC58^2*ufoGC4^2
          - g_(1,6_,nu10)*g_(2,6_,nu11)*Vec(nu10,q3)*Vec(nu11,q3)*Vec(nu12,q2)
         *Vec(nu12,q3)*Vec(nu14,q2)*Vec(nu14,q3)*Vec(nu15,q3)^2*p4.p4*d^-1*xia
         *xiw^2*ufoGC58^2*ufoGC4^2
          + g_(1,6_,nu10)*g_(2,6_,nu11)*Vec(nu10,q3)*Vec(nu11,q3)*Vec(nu12,q2)
         *Vec(nu12,q3)*Vec(nu14,q2)*Vec(nu14,q3)*Vec(nu15,q3)^2*p4.p4*d^-1*
         xiw^2*ufoGC58^2*ufoGC4^2
          - 1/2*g_(1,6_,nu10)*g_(2,6_,nu11)*Vec(nu10,q3)*Vec(nu11,q3)*Vec(nu12
         ,q2)*Vec(nu12,q3)*Vec(nu14,q3)^2*Vec(nu15,q2)^2*p4.p4*d^-1*xia*xiw^2*
         ufoGC58^2*ufoGC4^2
          + 1/2*g_(1,6_,nu10)*g_(2,6_,nu11)*Vec(nu10,q3)*Vec(nu11,q3)*Vec(nu12
         ,q2)*Vec(nu12,q3)*Vec(nu14,q3)^2*Vec(nu15,q2)^2*p4.p4*d^-1*xiw^2*
         ufoGC58^2*ufoGC4^2
          - g_(1,6_,nu10)*g_(2,6_,nu11)*Vec(nu10,q3)*Vec(nu11,q3)*Vec(nu12,q2)
         *Vec(nu12,q3)*Vec(nu14,q3)^2*Vec(nu15,q2)*Vec(nu15,q3)*p4.p4*d^-1*xia
         *xiw^2*ufoGC58^2*ufoGC4^2
          + g_(1,6_,nu10)*g_(2,6_,nu11)*Vec(nu10,q3)*Vec(nu11,q3)*Vec(nu12,q2)
         *Vec(nu12,q3)*Vec(nu14,q3)^2*Vec(nu15,q2)*Vec(nu15,q3)*p4.p4*d^-1*
         xiw^2*ufoGC58^2*ufoGC4^2
          - 1/2*g_(1,6_,nu10)*g_(2,6_,nu11)*Vec(nu10,q3)*Vec(nu11,q3)*Vec(nu12
         ,q2)*Vec(nu12,q3)*Vec(nu14,q3)^2*Vec(nu15,q3)^2*p4.p4*d^-1*xia*xiw^2*
         ufoGC58^2*ufoGC4^2
          + 1/2*g_(1,6_,nu10)*g_(2,6_,nu11)*Vec(nu10,q3)*Vec(nu11,q3)*Vec(nu12
         ,q2)*Vec(nu12,q3)*Vec(nu14,q3)^2*Vec(nu15,q3)^2*p4.p4*d^-1*xiw^2*
         ufoGC58^2*ufoGC4^2
          + 1/2*g_(1,6_,nu10)*g_(2,6_,nu11)*Vec(nu10,q3)*Vec(nu11,q3)*Vec(nu12
         ,q2)*Vec(nu12,q3)*Vec(nu13,q2)^2*p4.p4^2*d^-1*xia*xiw^2*ufoGC58^2*
         ufoGC4^2
          - 1/2*g_(1,6_,nu10)*g_(2,6_,nu11)*Vec(nu10,q3)*Vec(nu11,q3)*Vec(nu12
         ,q2)*Vec(nu12,q3)*Vec(nu13,q2)^2*p4.p4^2*d^-1*xiw^2*ufoGC58^2*
         ufoGC4^2
          + g_(1,6_,nu10)*g_(2,6_,nu11)*Vec(nu10,q3)*Vec(nu11,q3)*Vec(nu12,q2)
         *Vec(nu12,q3)*Vec(nu13,q2)*Vec(nu13,q3)*p4.p4^2*d^-1*xia*xiw^2*
         ufoGC58^2*ufoGC4^2
          - g_(1,6_,nu10)*g_(2,6_,nu11)*Vec(nu10,q3)*Vec(nu11,q3)*Vec(nu12,q2)
         *Vec(nu12,q3)*Vec(nu13,q2)*Vec(nu13,q3)*p4.p4^2*d^-1*xiw^2*ufoGC58^2*
         ufoGC4^2
          + 1/2*g_(1,6_,nu10)*g_(2,6_,nu11)*Vec(nu10,q3)*Vec(nu11,q3)*Vec(nu12
         ,q2)*Vec(nu12,q3)*Vec(nu13,q3)^2*p4.p4^2*d^-1*xia*xiw^2*ufoGC58^2*
         ufoGC4^2
          - 1/2*g_(1,6_,nu10)*g_(2,6_,nu11)*Vec(nu10,q3)*Vec(nu11,q3)*Vec(nu12
         ,q2)*Vec(nu12,q3)*Vec(nu13,q3)^2*p4.p4^2*d^-1*xiw^2*ufoGC58^2*
         ufoGC4^2
          - 1/4*g_(1,6_,nu10)*g_(2,6_,nu11)*Vec(nu10,q3)*Vec(nu11,q3)*Vec(nu12
         ,q3)^2*Vec(nu14,q2)^2*Vec(nu15,q2)^2*p4.p4*d^-1*xia*xiw^2*ufoGC58^2*
         ufoGC4^2
          + 1/4*g_(1,6_,nu10)*g_(2,6_,nu11)*Vec(nu10,q3)*Vec(nu11,q3)*Vec(nu12
         ,q3)^2*Vec(nu14,q2)^2*Vec(nu15,q2)^2*p4.p4*d^-1*xiw^2*ufoGC58^2*
         ufoGC4^2
          - 1/2*g_(1,6_,nu10)*g_(2,6_,nu11)*Vec(nu10,q3)*Vec(nu11,q3)*Vec(nu12
         ,q3)^2*Vec(nu14,q2)^2*Vec(nu15,q2)*Vec(nu15,q3)*p4.p4*d^-1*xia*xiw^2*
         ufoGC58^2*ufoGC4^2
          + 1/2*g_(1,6_,nu10)*g_(2,6_,nu11)*Vec(nu10,q3)*Vec(nu11,q3)*Vec(nu12
         ,q3)^2*Vec(nu14,q2)^2*Vec(nu15,q2)*Vec(nu15,q3)*p4.p4*d^-1*xiw^2*
         ufoGC58^2*ufoGC4^2
          - 1/4*g_(1,6_,nu10)*g_(2,6_,nu11)*Vec(nu10,q3)*Vec(nu11,q3)*Vec(nu12
         ,q3)^2*Vec(nu14,q2)^2*Vec(nu15,q3)^2*p4.p4*d^-1*xia*xiw^2*ufoGC58^2*
         ufoGC4^2
          + 1/4*g_(1,6_,nu10)*g_(2,6_,nu11)*Vec(nu10,q3)*Vec(nu11,q3)*Vec(nu12
         ,q3)^2*Vec(nu14,q2)^2*Vec(nu15,q3)^2*p4.p4*d^-1*xiw^2*ufoGC58^2*
         ufoGC4^2
          - 1/2*g_(1,6_,nu10)*g_(2,6_,nu11)*Vec(nu10,q3)*Vec(nu11,q3)*Vec(nu12
         ,q3)^2*Vec(nu14,q2)*Vec(nu14,q3)*Vec(nu15,q2)^2*p4.p4*d^-1*xia*xiw^2*
         ufoGC58^2*ufoGC4^2
          + 1/2*g_(1,6_,nu10)*g_(2,6_,nu11)*Vec(nu10,q3)*Vec(nu11,q3)*Vec(nu12
         ,q3)^2*Vec(nu14,q2)*Vec(nu14,q3)*Vec(nu15,q2)^2*p4.p4*d^-1*xiw^2*
         ufoGC58^2*ufoGC4^2
          - g_(1,6_,nu10)*g_(2,6_,nu11)*Vec(nu10,q3)*Vec(nu11,q3)*Vec(nu12,q3)
         ^2*Vec(nu14,q2)*Vec(nu14,q3)*Vec(nu15,q2)*Vec(nu15,q3)*p4.p4*d^-1*xia
         *xiw^2*ufoGC58^2*ufoGC4^2
          + g_(1,6_,nu10)*g_(2,6_,nu11)*Vec(nu10,q3)*Vec(nu11,q3)*Vec(nu12,q3)
         ^2*Vec(nu14,q2)*Vec(nu14,q3)*Vec(nu15,q2)*Vec(nu15,q3)*p4.p4*d^-1*
         xiw^2*ufoGC58^2*ufoGC4^2
          - 1/2*g_(1,6_,nu10)*g_(2,6_,nu11)*Vec(nu10,q3)*Vec(nu11,q3)*Vec(nu12
         ,q3)^2*Vec(nu14,q2)*Vec(nu14,q3)*Vec(nu15,q3)^2*p4.p4*d^-1*xia*xiw^2*
         ufoGC58^2*ufoGC4^2
          + 1/2*g_(1,6_,nu10)*g_(2,6_,nu11)*Vec(nu10,q3)*Vec(nu11,q3)*Vec(nu12
         ,q3)^2*Vec(nu14,q2)*Vec(nu14,q3)*Vec(nu15,q3)^2*p4.p4*d^-1*xiw^2*
         ufoGC58^2*ufoGC4^2
          - 1/4*g_(1,6_,nu10)*g_(2,6_,nu11)*Vec(nu10,q3)*Vec(nu11,q3)*Vec(nu12
         ,q3)^2*Vec(nu14,q3)^2*Vec(nu15,q2)^2*p4.p4*d^-1*xia*xiw^2*ufoGC58^2*
         ufoGC4^2
          + 1/4*g_(1,6_,nu10)*g_(2,6_,nu11)*Vec(nu10,q3)*Vec(nu11,q3)*Vec(nu12
         ,q3)^2*Vec(nu14,q3)^2*Vec(nu15,q2)^2*p4.p4*d^-1*xiw^2*ufoGC58^2*
         ufoGC4^2
          - 1/2*g_(1,6_,nu10)*g_(2,6_,nu11)*Vec(nu10,q3)*Vec(nu11,q3)*Vec(nu12
         ,q3)^2*Vec(nu14,q3)^2*Vec(nu15,q2)*Vec(nu15,q3)*p4.p4*d^-1*xia*xiw^2*
         ufoGC58^2*ufoGC4^2
          + 1/2*g_(1,6_,nu10)*g_(2,6_,nu11)*Vec(nu10,q3)*Vec(nu11,q3)*Vec(nu12
         ,q3)^2*Vec(nu14,q3)^2*Vec(nu15,q2)*Vec(nu15,q3)*p4.p4*d^-1*xiw^2*
         ufoGC58^2*ufoGC4^2
          - 1/4*g_(1,6_,nu10)*g_(2,6_,nu11)*Vec(nu10,q3)*Vec(nu11,q3)*Vec(nu12
         ,q3)^2*Vec(nu14,q3)^2*Vec(nu15,q3)^2*p4.p4*d^-1*xia*xiw^2*ufoGC58^2*
         ufoGC4^2
          + 1/4*g_(1,6_,nu10)*g_(2,6_,nu11)*Vec(nu10,q3)*Vec(nu11,q3)*Vec(nu12
         ,q3)^2*Vec(nu14,q3)^2*Vec(nu15,q3)^2*p4.p4*d^-1*xiw^2*ufoGC58^2*
         ufoGC4^2
          + 1/4*g_(1,6_,nu10)*g_(2,6_,nu11)*Vec(nu10,q3)*Vec(nu11,q3)*Vec(nu12
         ,q3)^2*Vec(nu13,q2)^2*p4.p4^2*d^-1*xia*xiw^2*ufoGC58^2*ufoGC4^2
          - 1/4*g_(1,6_,nu10)*g_(2,6_,nu11)*Vec(nu10,q3)*Vec(nu11,q3)*Vec(nu12
         ,q3)^2*Vec(nu13,q2)^2*p4.p4^2*d^-1*xiw^2*ufoGC58^2*ufoGC4^2
          + 1/2*g_(1,6_,nu10)*g_(2,6_,nu11)*Vec(nu10,q3)*Vec(nu11,q3)*Vec(nu12
         ,q3)^2*Vec(nu13,q2)*Vec(nu13,q3)*p4.p4^2*d^-1*xia*xiw^2*ufoGC58^2*
         ufoGC4^2
          - 1/2*g_(1,6_,nu10)*g_(2,6_,nu11)*Vec(nu10,q3)*Vec(nu11,q3)*Vec(nu12
         ,q3)^2*Vec(nu13,q2)*Vec(nu13,q3)*p4.p4^2*d^-1*xiw^2*ufoGC58^2*
         ufoGC4^2
          + 1/4*g_(1,6_,nu10)*g_(2,6_,nu11)*Vec(nu10,q3)*Vec(nu11,q3)*Vec(nu12
         ,q3)^2*Vec(nu13,q3)^2*p4.p4^2*d^-1*xia*xiw^2*ufoGC58^2*ufoGC4^2
          - 1/4*g_(1,6_,nu10)*g_(2,6_,nu11)*Vec(nu10,q3)*Vec(nu11,q3)*Vec(nu12
         ,q3)^2*Vec(nu13,q3)^2*p4.p4^2*d^-1*xiw^2*ufoGC58^2*ufoGC4^2
          + 1/4*g_(1,6_,nu10)*g_(2,6_,nu11)*Vec(nu10,q3)*Vec(nu11,q3)*Vec(nu14
         ,q2)^2*Vec(nu13,q2)^2*Vec(nu16,q2)^2*p4.p4*d^-1*xia*xiw^2*ufoGC58^2*
         ufoGC4^2
          - 1/4*g_(1,6_,nu10)*g_(2,6_,nu11)*Vec(nu10,q3)*Vec(nu11,q3)*Vec(nu14
         ,q2)^2*Vec(nu13,q2)^2*Vec(nu16,q2)^2*p4.p4*d^-1*xiw^2*ufoGC58^2*
         ufoGC4^2
          + 1/2*g_(1,6_,nu10)*g_(2,6_,nu11)*Vec(nu10,q3)*Vec(nu11,q3)*Vec(nu14
         ,q2)^2*Vec(nu13,q2)^2*Vec(nu16,q2)*Vec(nu16,q3)*p4.p4*d^-1*xia*xiw^2*
         ufoGC58^2*ufoGC4^2
          - 1/2*g_(1,6_,nu10)*g_(2,6_,nu11)*Vec(nu10,q3)*Vec(nu11,q3)*Vec(nu14
         ,q2)^2*Vec(nu13,q2)^2*Vec(nu16,q2)*Vec(nu16,q3)*p4.p4*d^-1*xiw^2*
         ufoGC58^2*ufoGC4^2
          + 1/4*g_(1,6_,nu10)*g_(2,6_,nu11)*Vec(nu10,q3)*Vec(nu11,q3)*Vec(nu14
         ,q2)^2*Vec(nu13,q2)^2*Vec(nu16,q3)^2*p4.p4*d^-1*xia*xiw^2*ufoGC58^2*
         ufoGC4^2
          - 1/4*g_(1,6_,nu10)*g_(2,6_,nu11)*Vec(nu10,q3)*Vec(nu11,q3)*Vec(nu14
         ,q2)^2*Vec(nu13,q2)^2*Vec(nu16,q3)^2*p4.p4*d^-1*xiw^2*ufoGC58^2*
         ufoGC4^2
          + 1/2*g_(1,6_,nu10)*g_(2,6_,nu11)*Vec(nu10,q3)*Vec(nu11,q3)*Vec(nu14
         ,q2)^2*Vec(nu13,q2)*Vec(nu13,q3)*Vec(nu16,q2)^2*p4.p4*d^-1*xia*xiw^2*
         ufoGC58^2*ufoGC4^2
          - 1/2*g_(1,6_,nu10)*g_(2,6_,nu11)*Vec(nu10,q3)*Vec(nu11,q3)*Vec(nu14
         ,q2)^2*Vec(nu13,q2)*Vec(nu13,q3)*Vec(nu16,q2)^2*p4.p4*d^-1*xiw^2*
         ufoGC58^2*ufoGC4^2
          + g_(1,6_,nu10)*g_(2,6_,nu11)*Vec(nu10,q3)*Vec(nu11,q3)*Vec(nu14,q2)
         ^2*Vec(nu13,q2)*Vec(nu13,q3)*Vec(nu16,q2)*Vec(nu16,q3)*p4.p4*d^-1*xia
         *xiw^2*ufoGC58^2*ufoGC4^2
          - g_(1,6_,nu10)*g_(2,6_,nu11)*Vec(nu10,q3)*Vec(nu11,q3)*Vec(nu14,q2)
         ^2*Vec(nu13,q2)*Vec(nu13,q3)*Vec(nu16,q2)*Vec(nu16,q3)*p4.p4*d^-1*
         xiw^2*ufoGC58^2*ufoGC4^2
          + 1/2*g_(1,6_,nu10)*g_(2,6_,nu11)*Vec(nu10,q3)*Vec(nu11,q3)*Vec(nu14
         ,q2)^2*Vec(nu13,q2)*Vec(nu13,q3)*Vec(nu16,q3)^2*p4.p4*d^-1*xia*xiw^2*
         ufoGC58^2*ufoGC4^2
          - 1/2*g_(1,6_,nu10)*g_(2,6_,nu11)*Vec(nu10,q3)*Vec(nu11,q3)*Vec(nu14
         ,q2)^2*Vec(nu13,q2)*Vec(nu13,q3)*Vec(nu16,q3)^2*p4.p4*d^-1*xiw^2*
         ufoGC58^2*ufoGC4^2
          + 1/4*g_(1,6_,nu10)*g_(2,6_,nu11)*Vec(nu10,q3)*Vec(nu11,q3)*Vec(nu14
         ,q2)^2*Vec(nu13,q3)^2*Vec(nu16,q2)^2*p4.p4*d^-1*xia*xiw^2*ufoGC58^2*
         ufoGC4^2
          - 1/4*g_(1,6_,nu10)*g_(2,6_,nu11)*Vec(nu10,q3)*Vec(nu11,q3)*Vec(nu14
         ,q2)^2*Vec(nu13,q3)^2*Vec(nu16,q2)^2*p4.p4*d^-1*xiw^2*ufoGC58^2*
         ufoGC4^2
          + 1/2*g_(1,6_,nu10)*g_(2,6_,nu11)*Vec(nu10,q3)*Vec(nu11,q3)*Vec(nu14
         ,q2)^2*Vec(nu13,q3)^2*Vec(nu16,q2)*Vec(nu16,q3)*p4.p4*d^-1*xia*xiw^2*
         ufoGC58^2*ufoGC4^2
          - 1/2*g_(1,6_,nu10)*g_(2,6_,nu11)*Vec(nu10,q3)*Vec(nu11,q3)*Vec(nu14
         ,q2)^2*Vec(nu13,q3)^2*Vec(nu16,q2)*Vec(nu16,q3)*p4.p4*d^-1*xiw^2*
         ufoGC58^2*ufoGC4^2
          + 1/4*g_(1,6_,nu10)*g_(2,6_,nu11)*Vec(nu10,q3)*Vec(nu11,q3)*Vec(nu14
         ,q2)^2*Vec(nu13,q3)^2*Vec(nu16,q3)^2*p4.p4*d^-1*xia*xiw^2*ufoGC58^2*
         ufoGC4^2
          - 1/4*g_(1,6_,nu10)*g_(2,6_,nu11)*Vec(nu10,q3)*Vec(nu11,q3)*Vec(nu14
         ,q2)^2*Vec(nu13,q3)^2*Vec(nu16,q3)^2*p4.p4*d^-1*xiw^2*ufoGC58^2*
         ufoGC4^2
          + 1/2*g_(1,6_,nu10)*g_(2,6_,nu11)*Vec(nu10,q3)*Vec(nu11,q3)*Vec(nu14
         ,q2)*Vec(nu14,q3)*Vec(nu13,q2)^2*Vec(nu16,q2)^2*p4.p4*d^-1*xia*xiw^2*
         ufoGC58^2*ufoGC4^2
          - 1/2*g_(1,6_,nu10)*g_(2,6_,nu11)*Vec(nu10,q3)*Vec(nu11,q3)*Vec(nu14
         ,q2)*Vec(nu14,q3)*Vec(nu13,q2)^2*Vec(nu16,q2)^2*p4.p4*d^-1*xiw^2*
         ufoGC58^2*ufoGC4^2
          + g_(1,6_,nu10)*g_(2,6_,nu11)*Vec(nu10,q3)*Vec(nu11,q3)*Vec(nu14,q2)
         *Vec(nu14,q3)*Vec(nu13,q2)^2*Vec(nu16,q2)*Vec(nu16,q3)*p4.p4*d^-1*xia
         *xiw^2*ufoGC58^2*ufoGC4^2
          - g_(1,6_,nu10)*g_(2,6_,nu11)*Vec(nu10,q3)*Vec(nu11,q3)*Vec(nu14,q2)
         *Vec(nu14,q3)*Vec(nu13,q2)^2*Vec(nu16,q2)*Vec(nu16,q3)*p4.p4*d^-1*
         xiw^2*ufoGC58^2*ufoGC4^2
          + 1/2*g_(1,6_,nu10)*g_(2,6_,nu11)*Vec(nu10,q3)*Vec(nu11,q3)*Vec(nu14
         ,q2)*Vec(nu14,q3)*Vec(nu13,q2)^2*Vec(nu16,q3)^2*p4.p4*d^-1*xia*xiw^2*
         ufoGC58^2*ufoGC4^2
          - 1/2*g_(1,6_,nu10)*g_(2,6_,nu11)*Vec(nu10,q3)*Vec(nu11,q3)*Vec(nu14
         ,q2)*Vec(nu14,q3)*Vec(nu13,q2)^2*Vec(nu16,q3)^2*p4.p4*d^-1*xiw^2*
         ufoGC58^2*ufoGC4^2
          + g_(1,6_,nu10)*g_(2,6_,nu11)*Vec(nu10,q3)*Vec(nu11,q3)*Vec(nu14,q2)
         *Vec(nu14,q3)*Vec(nu13,q2)*Vec(nu13,q3)*Vec(nu16,q2)^2*p4.p4*d^-1*xia
         *xiw^2*ufoGC58^2*ufoGC4^2
          - g_(1,6_,nu10)*g_(2,6_,nu11)*Vec(nu10,q3)*Vec(nu11,q3)*Vec(nu14,q2)
         *Vec(nu14,q3)*Vec(nu13,q2)*Vec(nu13,q3)*Vec(nu16,q2)^2*p4.p4*d^-1*
         xiw^2*ufoGC58^2*ufoGC4^2
          + 2*g_(1,6_,nu10)*g_(2,6_,nu11)*Vec(nu10,q3)*Vec(nu11,q3)*Vec(nu14,
         q2)*Vec(nu14,q3)*Vec(nu13,q2)*Vec(nu13,q3)*Vec(nu16,q2)*Vec(nu16,q3)*
         p4.p4*d^-1*xia*xiw^2*ufoGC58^2*ufoGC4^2
          - 2*g_(1,6_,nu10)*g_(2,6_,nu11)*Vec(nu10,q3)*Vec(nu11,q3)*Vec(nu14,
         q2)*Vec(nu14,q3)*Vec(nu13,q2)*Vec(nu13,q3)*Vec(nu16,q2)*Vec(nu16,q3)*
         p4.p4*d^-1*xiw^2*ufoGC58^2*ufoGC4^2
          + g_(1,6_,nu10)*g_(2,6_,nu11)*Vec(nu10,q3)*Vec(nu11,q3)*Vec(nu14,q2)
         *Vec(nu14,q3)*Vec(nu13,q2)*Vec(nu13,q3)*Vec(nu16,q3)^2*p4.p4*d^-1*xia
         *xiw^2*ufoGC58^2*ufoGC4^2
          - g_(1,6_,nu10)*g_(2,6_,nu11)*Vec(nu10,q3)*Vec(nu11,q3)*Vec(nu14,q2)
         *Vec(nu14,q3)*Vec(nu13,q2)*Vec(nu13,q3)*Vec(nu16,q3)^2*p4.p4*d^-1*
         xiw^2*ufoGC58^2*ufoGC4^2
          + 1/2*g_(1,6_,nu10)*g_(2,6_,nu11)*Vec(nu10,q3)*Vec(nu11,q3)*Vec(nu14
         ,q2)*Vec(nu14,q3)*Vec(nu13,q3)^2*Vec(nu16,q2)^2*p4.p4*d^-1*xia*xiw^2*
         ufoGC58^2*ufoGC4^2
          - 1/2*g_(1,6_,nu10)*g_(2,6_,nu11)*Vec(nu10,q3)*Vec(nu11,q3)*Vec(nu14
         ,q2)*Vec(nu14,q3)*Vec(nu13,q3)^2*Vec(nu16,q2)^2*p4.p4*d^-1*xiw^2*
         ufoGC58^2*ufoGC4^2
          + g_(1,6_,nu10)*g_(2,6_,nu11)*Vec(nu10,q3)*Vec(nu11,q3)*Vec(nu14,q2)
         *Vec(nu14,q3)*Vec(nu13,q3)^2*Vec(nu16,q2)*Vec(nu16,q3)*p4.p4*d^-1*xia
         *xiw^2*ufoGC58^2*ufoGC4^2
          - g_(1,6_,nu10)*g_(2,6_,nu11)*Vec(nu10,q3)*Vec(nu11,q3)*Vec(nu14,q2)
         *Vec(nu14,q3)*Vec(nu13,q3)^2*Vec(nu16,q2)*Vec(nu16,q3)*p4.p4*d^-1*
         xiw^2*ufoGC58^2*ufoGC4^2
          + 1/2*g_(1,6_,nu10)*g_(2,6_,nu11)*Vec(nu10,q3)*Vec(nu11,q3)*Vec(nu14
         ,q2)*Vec(nu14,q3)*Vec(nu13,q3)^2*Vec(nu16,q3)^2*p4.p4*d^-1*xia*xiw^2*
         ufoGC58^2*ufoGC4^2
          - 1/2*g_(1,6_,nu10)*g_(2,6_,nu11)*Vec(nu10,q3)*Vec(nu11,q3)*Vec(nu14
         ,q2)*Vec(nu14,q3)*Vec(nu13,q3)^2*Vec(nu16,q3)^2*p4.p4*d^-1*xiw^2*
         ufoGC58^2*ufoGC4^2
          + 1/4*g_(1,6_,nu10)*g_(2,6_,nu11)*Vec(nu10,q3)*Vec(nu11,q3)*Vec(nu14
         ,q3)^2*Vec(nu13,q2)^2*Vec(nu16,q2)^2*p4.p4*d^-1*xia*xiw^2*ufoGC58^2*
         ufoGC4^2
          - 1/4*g_(1,6_,nu10)*g_(2,6_,nu11)*Vec(nu10,q3)*Vec(nu11,q3)*Vec(nu14
         ,q3)^2*Vec(nu13,q2)^2*Vec(nu16,q2)^2*p4.p4*d^-1*xiw^2*ufoGC58^2*
         ufoGC4^2
          + 1/2*g_(1,6_,nu10)*g_(2,6_,nu11)*Vec(nu10,q3)*Vec(nu11,q3)*Vec(nu14
         ,q3)^2*Vec(nu13,q2)^2*Vec(nu16,q2)*Vec(nu16,q3)*p4.p4*d^-1*xia*xiw^2*
         ufoGC58^2*ufoGC4^2
          - 1/2*g_(1,6_,nu10)*g_(2,6_,nu11)*Vec(nu10,q3)*Vec(nu11,q3)*Vec(nu14
         ,q3)^2*Vec(nu13,q2)^2*Vec(nu16,q2)*Vec(nu16,q3)*p4.p4*d^-1*xiw^2*
         ufoGC58^2*ufoGC4^2
          + 1/4*g_(1,6_,nu10)*g_(2,6_,nu11)*Vec(nu10,q3)*Vec(nu11,q3)*Vec(nu14
         ,q3)^2*Vec(nu13,q2)^2*Vec(nu16,q3)^2*p4.p4*d^-1*xia*xiw^2*ufoGC58^2*
         ufoGC4^2
          - 1/4*g_(1,6_,nu10)*g_(2,6_,nu11)*Vec(nu10,q3)*Vec(nu11,q3)*Vec(nu14
         ,q3)^2*Vec(nu13,q2)^2*Vec(nu16,q3)^2*p4.p4*d^-1*xiw^2*ufoGC58^2*
         ufoGC4^2
          + 1/2*g_(1,6_,nu10)*g_(2,6_,nu11)*Vec(nu10,q3)*Vec(nu11,q3)*Vec(nu14
         ,q3)^2*Vec(nu13,q2)*Vec(nu13,q3)*Vec(nu16,q2)^2*p4.p4*d^-1*xia*xiw^2*
         ufoGC58^2*ufoGC4^2
          - 1/2*g_(1,6_,nu10)*g_(2,6_,nu11)*Vec(nu10,q3)*Vec(nu11,q3)*Vec(nu14
         ,q3)^2*Vec(nu13,q2)*Vec(nu13,q3)*Vec(nu16,q2)^2*p4.p4*d^-1*xiw^2*
         ufoGC58^2*ufoGC4^2
          + g_(1,6_,nu10)*g_(2,6_,nu11)*Vec(nu10,q3)*Vec(nu11,q3)*Vec(nu14,q3)
         ^2*Vec(nu13,q2)*Vec(nu13,q3)*Vec(nu16,q2)*Vec(nu16,q3)*p4.p4*d^-1*xia
         *xiw^2*ufoGC58^2*ufoGC4^2
          - g_(1,6_,nu10)*g_(2,6_,nu11)*Vec(nu10,q3)*Vec(nu11,q3)*Vec(nu14,q3)
         ^2*Vec(nu13,q2)*Vec(nu13,q3)*Vec(nu16,q2)*Vec(nu16,q3)*p4.p4*d^-1*
         xiw^2*ufoGC58^2*ufoGC4^2
          + 1/2*g_(1,6_,nu10)*g_(2,6_,nu11)*Vec(nu10,q3)*Vec(nu11,q3)*Vec(nu14
         ,q3)^2*Vec(nu13,q2)*Vec(nu13,q3)*Vec(nu16,q3)^2*p4.p4*d^-1*xia*xiw^2*
         ufoGC58^2*ufoGC4^2
          - 1/2*g_(1,6_,nu10)*g_(2,6_,nu11)*Vec(nu10,q3)*Vec(nu11,q3)*Vec(nu14
         ,q3)^2*Vec(nu13,q2)*Vec(nu13,q3)*Vec(nu16,q3)^2*p4.p4*d^-1*xiw^2*
         ufoGC58^2*ufoGC4^2
          + 1/4*g_(1,6_,nu10)*g_(2,6_,nu11)*Vec(nu10,q3)*Vec(nu11,q3)*Vec(nu14
         ,q3)^2*Vec(nu13,q3)^2*Vec(nu16,q2)^2*p4.p4*d^-1*xia*xiw^2*ufoGC58^2*
         ufoGC4^2
          - 1/4*g_(1,6_,nu10)*g_(2,6_,nu11)*Vec(nu10,q3)*Vec(nu11,q3)*Vec(nu14
         ,q3)^2*Vec(nu13,q3)^2*Vec(nu16,q2)^2*p4.p4*d^-1*xiw^2*ufoGC58^2*
         ufoGC4^2
          + 1/2*g_(1,6_,nu10)*g_(2,6_,nu11)*Vec(nu10,q3)*Vec(nu11,q3)*Vec(nu14
         ,q3)^2*Vec(nu13,q3)^2*Vec(nu16,q2)*Vec(nu16,q3)*p4.p4*d^-1*xia*xiw^2*
         ufoGC58^2*ufoGC4^2
          - 1/2*g_(1,6_,nu10)*g_(2,6_,nu11)*Vec(nu10,q3)*Vec(nu11,q3)*Vec(nu14
         ,q3)^2*Vec(nu13,q3)^2*Vec(nu16,q2)*Vec(nu16,q3)*p4.p4*d^-1*xiw^2*
         ufoGC58^2*ufoGC4^2
          + 1/4*g_(1,6_,nu10)*g_(2,6_,nu11)*Vec(nu10,q3)*Vec(nu11,q3)*Vec(nu14
         ,q3)^2*Vec(nu13,q3)^2*Vec(nu16,q3)^2*p4.p4*d^-1*xia*xiw^2*ufoGC58^2*
         ufoGC4^2
          - 1/4*g_(1,6_,nu10)*g_(2,6_,nu11)*Vec(nu10,q3)*Vec(nu11,q3)*Vec(nu14
         ,q3)^2*Vec(nu13,q3)^2*Vec(nu16,q3)^2*p4.p4*d^-1*xiw^2*ufoGC58^2*
         ufoGC4^2
          - 1/4*g_(1,6_,nu10)*g_(2,6_,nu11)*Vec(nu10,q3)*Vec(nu11,q3)*Vec(nu13
         ,q2)^2*Vec(nu16,q2)^2*p4.p4^2*d^-1*xia*xiw^2*ufoGC58^2*ufoGC4^2
          + 1/4*g_(1,6_,nu10)*g_(2,6_,nu11)*Vec(nu10,q3)*Vec(nu11,q3)*Vec(nu13
         ,q2)^2*Vec(nu16,q2)^2*p4.p4^2*d^-1*xiw^2*ufoGC58^2*ufoGC4^2
          - 1/2*g_(1,6_,nu10)*g_(2,6_,nu11)*Vec(nu10,q3)*Vec(nu11,q3)*Vec(nu13
         ,q2)^2*Vec(nu16,q2)*Vec(nu16,q3)*p4.p4^2*d^-1*xia*xiw^2*ufoGC58^2*
         ufoGC4^2
          + 1/2*g_(1,6_,nu10)*g_(2,6_,nu11)*Vec(nu10,q3)*Vec(nu11,q3)*Vec(nu13
         ,q2)^2*Vec(nu16,q2)*Vec(nu16,q3)*p4.p4^2*d^-1*xiw^2*ufoGC58^2*
         ufoGC4^2
          - 1/4*g_(1,6_,nu10)*g_(2,6_,nu11)*Vec(nu10,q3)*Vec(nu11,q3)*Vec(nu13
         ,q2)^2*Vec(nu16,q3)^2*p4.p4^2*d^-1*xia*xiw^2*ufoGC58^2*ufoGC4^2
          + 1/4*g_(1,6_,nu10)*g_(2,6_,nu11)*Vec(nu10,q3)*Vec(nu11,q3)*Vec(nu13
         ,q2)^2*Vec(nu16,q3)^2*p4.p4^2*d^-1*xiw^2*ufoGC58^2*ufoGC4^2
          - 1/2*g_(1,6_,nu10)*g_(2,6_,nu11)*Vec(nu10,q3)*Vec(nu11,q3)*Vec(nu13
         ,q2)*Vec(nu13,q3)*Vec(nu16,q2)^2*p4.p4^2*d^-1*xia*xiw^2*ufoGC58^2*
         ufoGC4^2
          + 1/2*g_(1,6_,nu10)*g_(2,6_,nu11)*Vec(nu10,q3)*Vec(nu11,q3)*Vec(nu13
         ,q2)*Vec(nu13,q3)*Vec(nu16,q2)^2*p4.p4^2*d^-1*xiw^2*ufoGC58^2*
         ufoGC4^2
          - g_(1,6_,nu10)*g_(2,6_,nu11)*Vec(nu10,q3)*Vec(nu11,q3)*Vec(nu13,q2)
         *Vec(nu13,q3)*Vec(nu16,q2)*Vec(nu16,q3)*p4.p4^2*d^-1*xia*xiw^2*
         ufoGC58^2*ufoGC4^2
          + g_(1,6_,nu10)*g_(2,6_,nu11)*Vec(nu10,q3)*Vec(nu11,q3)*Vec(nu13,q2)
         *Vec(nu13,q3)*Vec(nu16,q2)*Vec(nu16,q3)*p4.p4^2*d^-1*xiw^2*ufoGC58^2*
         ufoGC4^2
          - 1/2*g_(1,6_,nu10)*g_(2,6_,nu11)*Vec(nu10,q3)*Vec(nu11,q3)*Vec(nu13
         ,q2)*Vec(nu13,q3)*Vec(nu16,q3)^2*p4.p4^2*d^-1*xia*xiw^2*ufoGC58^2*
         ufoGC4^2
          + 1/2*g_(1,6_,nu10)*g_(2,6_,nu11)*Vec(nu10,q3)*Vec(nu11,q3)*Vec(nu13
         ,q2)*Vec(nu13,q3)*Vec(nu16,q3)^2*p4.p4^2*d^-1*xiw^2*ufoGC58^2*
         ufoGC4^2
          - 1/4*g_(1,6_,nu10)*g_(2,6_,nu11)*Vec(nu10,q3)*Vec(nu11,q3)*Vec(nu13
         ,q3)^2*Vec(nu16,q2)^2*p4.p4^2*d^-1*xia*xiw^2*ufoGC58^2*ufoGC4^2
          + 1/4*g_(1,6_,nu10)*g_(2,6_,nu11)*Vec(nu10,q3)*Vec(nu11,q3)*Vec(nu13
         ,q3)^2*Vec(nu16,q2)^2*p4.p4^2*d^-1*xiw^2*ufoGC58^2*ufoGC4^2
          - 1/2*g_(1,6_,nu10)*g_(2,6_,nu11)*Vec(nu10,q3)*Vec(nu11,q3)*Vec(nu13
         ,q3)^2*Vec(nu16,q2)*Vec(nu16,q3)*p4.p4^2*d^-1*xia*xiw^2*ufoGC58^2*
         ufoGC4^2
          + 1/2*g_(1,6_,nu10)*g_(2,6_,nu11)*Vec(nu10,q3)*Vec(nu11,q3)*Vec(nu13
         ,q3)^2*Vec(nu16,q2)*Vec(nu16,q3)*p4.p4^2*d^-1*xiw^2*ufoGC58^2*
         ufoGC4^2
          - 1/4*g_(1,6_,nu10)*g_(2,6_,nu11)*Vec(nu10,q3)*Vec(nu11,q3)*Vec(nu13
         ,q3)^2*Vec(nu16,q3)^2*p4.p4^2*d^-1*xia*xiw^2*ufoGC58^2*ufoGC4^2
          + 1/4*g_(1,6_,nu10)*g_(2,6_,nu11)*Vec(nu10,q3)*Vec(nu11,q3)*Vec(nu13
         ,q3)^2*Vec(nu16,q3)^2*p4.p4^2*d^-1*xiw^2*ufoGC58^2*ufoGC4^2
          )

       + Den(p4,xiw,M3)^2*Den(q2 + q3,xiw,M3)^4*Den( - p4 + q2 + q3,0,0) * (
          + 1/4*g_(1,6_,nu10)*g_(2,6_,nu11)*Vec(nu10,q2)*Vec(nu11,q2)*Vec(nu9,
         q2)^2*Vec(nu12,q2)^2*p4.p4*xiw^2*ufoGC58^2*ufoGC4^2
          + 1/2*g_(1,6_,nu10)*g_(2,6_,nu11)*Vec(nu10,q2)*Vec(nu11,q2)*Vec(nu9,
         q2)^2*Vec(nu12,q2)*Vec(nu12,q3)*p4.p4*xiw^2*ufoGC58^2*ufoGC4^2
          + 1/4*g_(1,6_,nu10)*g_(2,6_,nu11)*Vec(nu10,q2)*Vec(nu11,q2)*Vec(nu9,
         q2)^2*Vec(nu12,q3)^2*p4.p4*xiw^2*ufoGC58^2*ufoGC4^2
          + 1/4*g_(1,6_,nu10)*g_(2,6_,nu11)*Vec(nu10,q2)*Vec(nu11,q2)*Vec(nu9,
         q2)^2*Vec(nu13,q2)^2*p4.p4*d^-1*xiw^2*ufoGC58^2*ufoGC4^2
          + 1/2*g_(1,6_,nu10)*g_(2,6_,nu11)*Vec(nu10,q2)*Vec(nu11,q2)*Vec(nu9,
         q2)^2*Vec(nu13,q2)*Vec(nu13,q3)*p4.p4*d^-1*xiw^2*ufoGC58^2*ufoGC4^2
          + 1/4*g_(1,6_,nu10)*g_(2,6_,nu11)*Vec(nu10,q2)*Vec(nu11,q2)*Vec(nu9,
         q2)^2*Vec(nu13,q3)^2*p4.p4*d^-1*xiw^2*ufoGC58^2*ufoGC4^2
          - 1/2*g_(1,6_,nu10)*g_(2,6_,nu11)*Vec(nu10,q2)*Vec(nu11,q2)*Vec(nu9,
         q2)^2*Vec(nu15,q2)^2*p4.p4*d^-1*xiw^2*ufoGC58^2*ufoGC4^2
          - g_(1,6_,nu10)*g_(2,6_,nu11)*Vec(nu10,q2)*Vec(nu11,q2)*Vec(nu9,q2)^
         2*Vec(nu15,q2)*Vec(nu15,q3)*p4.p4*d^-1*xiw^2*ufoGC58^2*ufoGC4^2
          - 1/2*g_(1,6_,nu10)*g_(2,6_,nu11)*Vec(nu10,q2)*Vec(nu11,q2)*Vec(nu9,
         q2)^2*Vec(nu15,q3)^2*p4.p4*d^-1*xiw^2*ufoGC58^2*ufoGC4^2
          + 1/2*g_(1,6_,nu10)*g_(2,6_,nu11)*Vec(nu10,q2)*Vec(nu11,q2)*Vec(nu9,
         q2)*Vec(nu9,q3)*Vec(nu12,q2)^2*p4.p4*xiw^2*ufoGC58^2*ufoGC4^2
          + g_(1,6_,nu10)*g_(2,6_,nu11)*Vec(nu10,q2)*Vec(nu11,q2)*Vec(nu9,q2)*
         Vec(nu9,q3)*Vec(nu12,q2)*Vec(nu12,q3)*p4.p4*xiw^2*ufoGC58^2*ufoGC4^2
          + 1/2*g_(1,6_,nu10)*g_(2,6_,nu11)*Vec(nu10,q2)*Vec(nu11,q2)*Vec(nu9,
         q2)*Vec(nu9,q3)*Vec(nu12,q3)^2*p4.p4*xiw^2*ufoGC58^2*ufoGC4^2
          + 1/2*g_(1,6_,nu10)*g_(2,6_,nu11)*Vec(nu10,q2)*Vec(nu11,q2)*Vec(nu9,
         q2)*Vec(nu9,q3)*Vec(nu13,q2)^2*p4.p4*d^-1*xiw^2*ufoGC58^2*ufoGC4^2
          + g_(1,6_,nu10)*g_(2,6_,nu11)*Vec(nu10,q2)*Vec(nu11,q2)*Vec(nu9,q2)*
         Vec(nu9,q3)*Vec(nu13,q2)*Vec(nu13,q3)*p4.p4*d^-1*xiw^2*ufoGC58^2*
         ufoGC4^2
          + 1/2*g_(1,6_,nu10)*g_(2,6_,nu11)*Vec(nu10,q2)*Vec(nu11,q2)*Vec(nu9,
         q2)*Vec(nu9,q3)*Vec(nu13,q3)^2*p4.p4*d^-1*xiw^2*ufoGC58^2*ufoGC4^2
          - g_(1,6_,nu10)*g_(2,6_,nu11)*Vec(nu10,q2)*Vec(nu11,q2)*Vec(nu9,q2)*
         Vec(nu9,q3)*Vec(nu15,q2)^2*p4.p4*d^-1*xiw^2*ufoGC58^2*ufoGC4^2
          - 2*g_(1,6_,nu10)*g_(2,6_,nu11)*Vec(nu10,q2)*Vec(nu11,q2)*Vec(nu9,q2
         )*Vec(nu9,q3)*Vec(nu15,q2)*Vec(nu15,q3)*p4.p4*d^-1*xiw^2*ufoGC58^2*
         ufoGC4^2
          - g_(1,6_,nu10)*g_(2,6_,nu11)*Vec(nu10,q2)*Vec(nu11,q2)*Vec(nu9,q2)*
         Vec(nu9,q3)*Vec(nu15,q3)^2*p4.p4*d^-1*xiw^2*ufoGC58^2*ufoGC4^2
          + 1/4*g_(1,6_,nu10)*g_(2,6_,nu11)*Vec(nu10,q2)*Vec(nu11,q2)*Vec(nu9,
         q3)^2*Vec(nu12,q2)^2*p4.p4*xiw^2*ufoGC58^2*ufoGC4^2
          + 1/2*g_(1,6_,nu10)*g_(2,6_,nu11)*Vec(nu10,q2)*Vec(nu11,q2)*Vec(nu9,
         q3)^2*Vec(nu12,q2)*Vec(nu12,q3)*p4.p4*xiw^2*ufoGC58^2*ufoGC4^2
          + 1/4*g_(1,6_,nu10)*g_(2,6_,nu11)*Vec(nu10,q2)*Vec(nu11,q2)*Vec(nu9,
         q3)^2*Vec(nu12,q3)^2*p4.p4*xiw^2*ufoGC58^2*ufoGC4^2
          + 1/4*g_(1,6_,nu10)*g_(2,6_,nu11)*Vec(nu10,q2)*Vec(nu11,q2)*Vec(nu9,
         q3)^2*Vec(nu13,q2)^2*p4.p4*d^-1*xiw^2*ufoGC58^2*ufoGC4^2
          + 1/2*g_(1,6_,nu10)*g_(2,6_,nu11)*Vec(nu10,q2)*Vec(nu11,q2)*Vec(nu9,
         q3)^2*Vec(nu13,q2)*Vec(nu13,q3)*p4.p4*d^-1*xiw^2*ufoGC58^2*ufoGC4^2
          + 1/4*g_(1,6_,nu10)*g_(2,6_,nu11)*Vec(nu10,q2)*Vec(nu11,q2)*Vec(nu9,
         q3)^2*Vec(nu13,q3)^2*p4.p4*d^-1*xiw^2*ufoGC58^2*ufoGC4^2
          - 1/2*g_(1,6_,nu10)*g_(2,6_,nu11)*Vec(nu10,q2)*Vec(nu11,q2)*Vec(nu9,
         q3)^2*Vec(nu15,q2)^2*p4.p4*d^-1*xiw^2*ufoGC58^2*ufoGC4^2
          - g_(1,6_,nu10)*g_(2,6_,nu11)*Vec(nu10,q2)*Vec(nu11,q2)*Vec(nu9,q3)^
         2*Vec(nu15,q2)*Vec(nu15,q3)*p4.p4*d^-1*xiw^2*ufoGC58^2*ufoGC4^2
          - 1/2*g_(1,6_,nu10)*g_(2,6_,nu11)*Vec(nu10,q2)*Vec(nu11,q2)*Vec(nu9,
         q3)^2*Vec(nu15,q3)^2*p4.p4*d^-1*xiw^2*ufoGC58^2*ufoGC4^2
          + 1/4*g_(1,6_,nu10)*g_(2,6_,nu11)*Vec(nu10,q2)*Vec(nu11,q2)*Vec(nu12
         ,q2)^2*p4.p4^2*xiw^2*ufoGC58^2*ufoGC4^2
          + 1/4*g_(1,6_,nu10)*g_(2,6_,nu11)*Vec(nu10,q2)*Vec(nu11,q2)*Vec(nu12
         ,q2)^2*Vec(nu15,q2)^2*p4.p4*d^-1*xiw^2*ufoGC58^2*ufoGC4^2
          + 1/2*g_(1,6_,nu10)*g_(2,6_,nu11)*Vec(nu10,q2)*Vec(nu11,q2)*Vec(nu12
         ,q2)^2*Vec(nu15,q2)*Vec(nu15,q3)*p4.p4*d^-1*xiw^2*ufoGC58^2*ufoGC4^2
          + 1/4*g_(1,6_,nu10)*g_(2,6_,nu11)*Vec(nu10,q2)*Vec(nu11,q2)*Vec(nu12
         ,q2)^2*Vec(nu15,q3)^2*p4.p4*d^-1*xiw^2*ufoGC58^2*ufoGC4^2
          + 1/2*g_(1,6_,nu10)*g_(2,6_,nu11)*Vec(nu10,q2)*Vec(nu11,q2)*Vec(nu12
         ,q2)*Vec(nu12,q3)*p4.p4^2*xiw^2*ufoGC58^2*ufoGC4^2
          + 1/2*g_(1,6_,nu10)*g_(2,6_,nu11)*Vec(nu10,q2)*Vec(nu11,q2)*Vec(nu12
         ,q2)*Vec(nu12,q3)*Vec(nu15,q2)^2*p4.p4*d^-1*xiw^2*ufoGC58^2*ufoGC4^2
          + g_(1,6_,nu10)*g_(2,6_,nu11)*Vec(nu10,q2)*Vec(nu11,q2)*Vec(nu12,q2)
         *Vec(nu12,q3)*Vec(nu15,q2)*Vec(nu15,q3)*p4.p4*d^-1*xiw^2*ufoGC58^2*
         ufoGC4^2
          + 1/2*g_(1,6_,nu10)*g_(2,6_,nu11)*Vec(nu10,q2)*Vec(nu11,q2)*Vec(nu12
         ,q2)*Vec(nu12,q3)*Vec(nu15,q3)^2*p4.p4*d^-1*xiw^2*ufoGC58^2*ufoGC4^2
          + 1/4*g_(1,6_,nu10)*g_(2,6_,nu11)*Vec(nu10,q2)*Vec(nu11,q2)*Vec(nu12
         ,q3)^2*p4.p4^2*xiw^2*ufoGC58^2*ufoGC4^2
          + 1/4*g_(1,6_,nu10)*g_(2,6_,nu11)*Vec(nu10,q2)*Vec(nu11,q2)*Vec(nu12
         ,q3)^2*Vec(nu15,q2)^2*p4.p4*d^-1*xiw^2*ufoGC58^2*ufoGC4^2
          + 1/2*g_(1,6_,nu10)*g_(2,6_,nu11)*Vec(nu10,q2)*Vec(nu11,q2)*Vec(nu12
         ,q3)^2*Vec(nu15,q2)*Vec(nu15,q3)*p4.p4*d^-1*xiw^2*ufoGC58^2*ufoGC4^2
          + 1/4*g_(1,6_,nu10)*g_(2,6_,nu11)*Vec(nu10,q2)*Vec(nu11,q2)*Vec(nu12
         ,q3)^2*Vec(nu15,q3)^2*p4.p4*d^-1*xiw^2*ufoGC58^2*ufoGC4^2
          + 1/4*g_(1,6_,nu10)*g_(2,6_,nu11)*Vec(nu10,q2)*Vec(nu11,q2)*Vec(nu13
         ,q2)^2*p4.p4^2*d^-1*xiw^2*ufoGC58^2*ufoGC4^2
          - 1/4*g_(1,6_,nu10)*g_(2,6_,nu11)*Vec(nu10,q2)*Vec(nu11,q2)*Vec(nu13
         ,q2)^2*Vec(nu16,q2)^2*p4.p4*d^-1*xiw^2*ufoGC58^2*ufoGC4^2
          - 1/2*g_(1,6_,nu10)*g_(2,6_,nu11)*Vec(nu10,q2)*Vec(nu11,q2)*Vec(nu13
         ,q2)^2*Vec(nu16,q2)*Vec(nu16,q3)*p4.p4*d^-1*xiw^2*ufoGC58^2*ufoGC4^2
          - 1/4*g_(1,6_,nu10)*g_(2,6_,nu11)*Vec(nu10,q2)*Vec(nu11,q2)*Vec(nu13
         ,q2)^2*Vec(nu16,q3)^2*p4.p4*d^-1*xiw^2*ufoGC58^2*ufoGC4^2
          + 1/2*g_(1,6_,nu10)*g_(2,6_,nu11)*Vec(nu10,q2)*Vec(nu11,q2)*Vec(nu13
         ,q2)*Vec(nu13,q3)*p4.p4^2*d^-1*xiw^2*ufoGC58^2*ufoGC4^2
          - 1/2*g_(1,6_,nu10)*g_(2,6_,nu11)*Vec(nu10,q2)*Vec(nu11,q2)*Vec(nu13
         ,q2)*Vec(nu13,q3)*Vec(nu16,q2)^2*p4.p4*d^-1*xiw^2*ufoGC58^2*ufoGC4^2
          - g_(1,6_,nu10)*g_(2,6_,nu11)*Vec(nu10,q2)*Vec(nu11,q2)*Vec(nu13,q2)
         *Vec(nu13,q3)*Vec(nu16,q2)*Vec(nu16,q3)*p4.p4*d^-1*xiw^2*ufoGC58^2*
         ufoGC4^2
          - 1/2*g_(1,6_,nu10)*g_(2,6_,nu11)*Vec(nu10,q2)*Vec(nu11,q2)*Vec(nu13
         ,q2)*Vec(nu13,q3)*Vec(nu16,q3)^2*p4.p4*d^-1*xiw^2*ufoGC58^2*ufoGC4^2
          + 1/4*g_(1,6_,nu10)*g_(2,6_,nu11)*Vec(nu10,q2)*Vec(nu11,q2)*Vec(nu13
         ,q3)^2*p4.p4^2*d^-1*xiw^2*ufoGC58^2*ufoGC4^2
          - 1/4*g_(1,6_,nu10)*g_(2,6_,nu11)*Vec(nu10,q2)*Vec(nu11,q2)*Vec(nu13
         ,q3)^2*Vec(nu16,q2)^2*p4.p4*d^-1*xiw^2*ufoGC58^2*ufoGC4^2
          - 1/2*g_(1,6_,nu10)*g_(2,6_,nu11)*Vec(nu10,q2)*Vec(nu11,q2)*Vec(nu13
         ,q3)^2*Vec(nu16,q2)*Vec(nu16,q3)*p4.p4*d^-1*xiw^2*ufoGC58^2*ufoGC4^2
          - 1/4*g_(1,6_,nu10)*g_(2,6_,nu11)*Vec(nu10,q2)*Vec(nu11,q2)*Vec(nu13
         ,q3)^2*Vec(nu16,q3)^2*p4.p4*d^-1*xiw^2*ufoGC58^2*ufoGC4^2
          - 1/2*g_(1,6_,nu10)*g_(2,6_,nu11)*Vec(nu10,q2)*Vec(nu11,q2)*Vec(nu15
         ,q2)^2*p4.p4^2*d^-1*xiw^2*ufoGC58^2*ufoGC4^2
          - g_(1,6_,nu10)*g_(2,6_,nu11)*Vec(nu10,q2)*Vec(nu11,q2)*Vec(nu15,q2)
         *Vec(nu15,q3)*p4.p4^2*d^-1*xiw^2*ufoGC58^2*ufoGC4^2
          - 1/2*g_(1,6_,nu10)*g_(2,6_,nu11)*Vec(nu10,q2)*Vec(nu11,q2)*Vec(nu15
         ,q3)^2*p4.p4^2*d^-1*xiw^2*ufoGC58^2*ufoGC4^2
          + 1/4*g_(1,6_,nu10)*g_(2,6_,nu11)*Vec(nu10,q2)*Vec(nu11,q3)*Vec(nu9,
         q2)^2*Vec(nu12,q2)^2*p4.p4*xiw^2*ufoGC58^2*ufoGC4^2
          + 1/2*g_(1,6_,nu10)*g_(2,6_,nu11)*Vec(nu10,q2)*Vec(nu11,q3)*Vec(nu9,
         q2)^2*Vec(nu12,q2)*Vec(nu12,q3)*p4.p4*xiw^2*ufoGC58^2*ufoGC4^2
          + 1/4*g_(1,6_,nu10)*g_(2,6_,nu11)*Vec(nu10,q2)*Vec(nu11,q3)*Vec(nu9,
         q2)^2*Vec(nu12,q3)^2*p4.p4*xiw^2*ufoGC58^2*ufoGC4^2
          + 1/4*g_(1,6_,nu10)*g_(2,6_,nu11)*Vec(nu10,q2)*Vec(nu11,q3)*Vec(nu9,
         q2)^2*Vec(nu13,q2)^2*p4.p4*d^-1*xiw^2*ufoGC58^2*ufoGC4^2
          + 1/2*g_(1,6_,nu10)*g_(2,6_,nu11)*Vec(nu10,q2)*Vec(nu11,q3)*Vec(nu9,
         q2)^2*Vec(nu13,q2)*Vec(nu13,q3)*p4.p4*d^-1*xiw^2*ufoGC58^2*ufoGC4^2
          + 1/4*g_(1,6_,nu10)*g_(2,6_,nu11)*Vec(nu10,q2)*Vec(nu11,q3)*Vec(nu9,
         q2)^2*Vec(nu13,q3)^2*p4.p4*d^-1*xiw^2*ufoGC58^2*ufoGC4^2
          - 1/2*g_(1,6_,nu10)*g_(2,6_,nu11)*Vec(nu10,q2)*Vec(nu11,q3)*Vec(nu9,
         q2)^2*Vec(nu15,q2)^2*p4.p4*d^-1*xiw^2*ufoGC58^2*ufoGC4^2
          - g_(1,6_,nu10)*g_(2,6_,nu11)*Vec(nu10,q2)*Vec(nu11,q3)*Vec(nu9,q2)^
         2*Vec(nu15,q2)*Vec(nu15,q3)*p4.p4*d^-1*xiw^2*ufoGC58^2*ufoGC4^2
          - 1/2*g_(1,6_,nu10)*g_(2,6_,nu11)*Vec(nu10,q2)*Vec(nu11,q3)*Vec(nu9,
         q2)^2*Vec(nu15,q3)^2*p4.p4*d^-1*xiw^2*ufoGC58^2*ufoGC4^2
          + 1/2*g_(1,6_,nu10)*g_(2,6_,nu11)*Vec(nu10,q2)*Vec(nu11,q3)*Vec(nu9,
         q2)*Vec(nu9,q3)*Vec(nu12,q2)^2*p4.p4*xiw^2*ufoGC58^2*ufoGC4^2
          + g_(1,6_,nu10)*g_(2,6_,nu11)*Vec(nu10,q2)*Vec(nu11,q3)*Vec(nu9,q2)*
         Vec(nu9,q3)*Vec(nu12,q2)*Vec(nu12,q3)*p4.p4*xiw^2*ufoGC58^2*ufoGC4^2
          + 1/2*g_(1,6_,nu10)*g_(2,6_,nu11)*Vec(nu10,q2)*Vec(nu11,q3)*Vec(nu9,
         q2)*Vec(nu9,q3)*Vec(nu12,q3)^2*p4.p4*xiw^2*ufoGC58^2*ufoGC4^2
          + 1/2*g_(1,6_,nu10)*g_(2,6_,nu11)*Vec(nu10,q2)*Vec(nu11,q3)*Vec(nu9,
         q2)*Vec(nu9,q3)*Vec(nu13,q2)^2*p4.p4*d^-1*xiw^2*ufoGC58^2*ufoGC4^2
          + g_(1,6_,nu10)*g_(2,6_,nu11)*Vec(nu10,q2)*Vec(nu11,q3)*Vec(nu9,q2)*
         Vec(nu9,q3)*Vec(nu13,q2)*Vec(nu13,q3)*p4.p4*d^-1*xiw^2*ufoGC58^2*
         ufoGC4^2
          + 1/2*g_(1,6_,nu10)*g_(2,6_,nu11)*Vec(nu10,q2)*Vec(nu11,q3)*Vec(nu9,
         q2)*Vec(nu9,q3)*Vec(nu13,q3)^2*p4.p4*d^-1*xiw^2*ufoGC58^2*ufoGC4^2
          - g_(1,6_,nu10)*g_(2,6_,nu11)*Vec(nu10,q2)*Vec(nu11,q3)*Vec(nu9,q2)*
         Vec(nu9,q3)*Vec(nu15,q2)^2*p4.p4*d^-1*xiw^2*ufoGC58^2*ufoGC4^2
          - 2*g_(1,6_,nu10)*g_(2,6_,nu11)*Vec(nu10,q2)*Vec(nu11,q3)*Vec(nu9,q2
         )*Vec(nu9,q3)*Vec(nu15,q2)*Vec(nu15,q3)*p4.p4*d^-1*xiw^2*ufoGC58^2*
         ufoGC4^2
          - g_(1,6_,nu10)*g_(2,6_,nu11)*Vec(nu10,q2)*Vec(nu11,q3)*Vec(nu9,q2)*
         Vec(nu9,q3)*Vec(nu15,q3)^2*p4.p4*d^-1*xiw^2*ufoGC58^2*ufoGC4^2
          + 1/4*g_(1,6_,nu10)*g_(2,6_,nu11)*Vec(nu10,q2)*Vec(nu11,q3)*Vec(nu9,
         q3)^2*Vec(nu12,q2)^2*p4.p4*xiw^2*ufoGC58^2*ufoGC4^2
          + 1/2*g_(1,6_,nu10)*g_(2,6_,nu11)*Vec(nu10,q2)*Vec(nu11,q3)*Vec(nu9,
         q3)^2*Vec(nu12,q2)*Vec(nu12,q3)*p4.p4*xiw^2*ufoGC58^2*ufoGC4^2
          + 1/4*g_(1,6_,nu10)*g_(2,6_,nu11)*Vec(nu10,q2)*Vec(nu11,q3)*Vec(nu9,
         q3)^2*Vec(nu12,q3)^2*p4.p4*xiw^2*ufoGC58^2*ufoGC4^2
          + 1/4*g_(1,6_,nu10)*g_(2,6_,nu11)*Vec(nu10,q2)*Vec(nu11,q3)*Vec(nu9,
         q3)^2*Vec(nu13,q2)^2*p4.p4*d^-1*xiw^2*ufoGC58^2*ufoGC4^2
          + 1/2*g_(1,6_,nu10)*g_(2,6_,nu11)*Vec(nu10,q2)*Vec(nu11,q3)*Vec(nu9,
         q3)^2*Vec(nu13,q2)*Vec(nu13,q3)*p4.p4*d^-1*xiw^2*ufoGC58^2*ufoGC4^2
          + 1/4*g_(1,6_,nu10)*g_(2,6_,nu11)*Vec(nu10,q2)*Vec(nu11,q3)*Vec(nu9,
         q3)^2*Vec(nu13,q3)^2*p4.p4*d^-1*xiw^2*ufoGC58^2*ufoGC4^2
          - 1/2*g_(1,6_,nu10)*g_(2,6_,nu11)*Vec(nu10,q2)*Vec(nu11,q3)*Vec(nu9,
         q3)^2*Vec(nu15,q2)^2*p4.p4*d^-1*xiw^2*ufoGC58^2*ufoGC4^2
          - g_(1,6_,nu10)*g_(2,6_,nu11)*Vec(nu10,q2)*Vec(nu11,q3)*Vec(nu9,q3)^
         2*Vec(nu15,q2)*Vec(nu15,q3)*p4.p4*d^-1*xiw^2*ufoGC58^2*ufoGC4^2
          - 1/2*g_(1,6_,nu10)*g_(2,6_,nu11)*Vec(nu10,q2)*Vec(nu11,q3)*Vec(nu9,
         q3)^2*Vec(nu15,q3)^2*p4.p4*d^-1*xiw^2*ufoGC58^2*ufoGC4^2
          + 1/4*g_(1,6_,nu10)*g_(2,6_,nu11)*Vec(nu10,q2)*Vec(nu11,q3)*Vec(nu12
         ,q2)^2*p4.p4^2*xiw^2*ufoGC58^2*ufoGC4^2
          + 1/4*g_(1,6_,nu10)*g_(2,6_,nu11)*Vec(nu10,q2)*Vec(nu11,q3)*Vec(nu12
         ,q2)^2*Vec(nu15,q2)^2*p4.p4*d^-1*xiw^2*ufoGC58^2*ufoGC4^2
          + 1/2*g_(1,6_,nu10)*g_(2,6_,nu11)*Vec(nu10,q2)*Vec(nu11,q3)*Vec(nu12
         ,q2)^2*Vec(nu15,q2)*Vec(nu15,q3)*p4.p4*d^-1*xiw^2*ufoGC58^2*ufoGC4^2
          + 1/4*g_(1,6_,nu10)*g_(2,6_,nu11)*Vec(nu10,q2)*Vec(nu11,q3)*Vec(nu12
         ,q2)^2*Vec(nu15,q3)^2*p4.p4*d^-1*xiw^2*ufoGC58^2*ufoGC4^2
          + 1/2*g_(1,6_,nu10)*g_(2,6_,nu11)*Vec(nu10,q2)*Vec(nu11,q3)*Vec(nu12
         ,q2)*Vec(nu12,q3)*p4.p4^2*xiw^2*ufoGC58^2*ufoGC4^2
          + 1/2*g_(1,6_,nu10)*g_(2,6_,nu11)*Vec(nu10,q2)*Vec(nu11,q3)*Vec(nu12
         ,q2)*Vec(nu12,q3)*Vec(nu15,q2)^2*p4.p4*d^-1*xiw^2*ufoGC58^2*ufoGC4^2
          + g_(1,6_,nu10)*g_(2,6_,nu11)*Vec(nu10,q2)*Vec(nu11,q3)*Vec(nu12,q2)
         *Vec(nu12,q3)*Vec(nu15,q2)*Vec(nu15,q3)*p4.p4*d^-1*xiw^2*ufoGC58^2*
         ufoGC4^2
          + 1/2*g_(1,6_,nu10)*g_(2,6_,nu11)*Vec(nu10,q2)*Vec(nu11,q3)*Vec(nu12
         ,q2)*Vec(nu12,q3)*Vec(nu15,q3)^2*p4.p4*d^-1*xiw^2*ufoGC58^2*ufoGC4^2
          + 1/4*g_(1,6_,nu10)*g_(2,6_,nu11)*Vec(nu10,q2)*Vec(nu11,q3)*Vec(nu12
         ,q3)^2*p4.p4^2*xiw^2*ufoGC58^2*ufoGC4^2
          + 1/4*g_(1,6_,nu10)*g_(2,6_,nu11)*Vec(nu10,q2)*Vec(nu11,q3)*Vec(nu12
         ,q3)^2*Vec(nu15,q2)^2*p4.p4*d^-1*xiw^2*ufoGC58^2*ufoGC4^2
          + 1/2*g_(1,6_,nu10)*g_(2,6_,nu11)*Vec(nu10,q2)*Vec(nu11,q3)*Vec(nu12
         ,q3)^2*Vec(nu15,q2)*Vec(nu15,q3)*p4.p4*d^-1*xiw^2*ufoGC58^2*ufoGC4^2
          + 1/4*g_(1,6_,nu10)*g_(2,6_,nu11)*Vec(nu10,q2)*Vec(nu11,q3)*Vec(nu12
         ,q3)^2*Vec(nu15,q3)^2*p4.p4*d^-1*xiw^2*ufoGC58^2*ufoGC4^2
          + 1/4*g_(1,6_,nu10)*g_(2,6_,nu11)*Vec(nu10,q2)*Vec(nu11,q3)*Vec(nu13
         ,q2)^2*p4.p4^2*d^-1*xiw^2*ufoGC58^2*ufoGC4^2
          - 1/4*g_(1,6_,nu10)*g_(2,6_,nu11)*Vec(nu10,q2)*Vec(nu11,q3)*Vec(nu13
         ,q2)^2*Vec(nu16,q2)^2*p4.p4*d^-1*xiw^2*ufoGC58^2*ufoGC4^2
          - 1/2*g_(1,6_,nu10)*g_(2,6_,nu11)*Vec(nu10,q2)*Vec(nu11,q3)*Vec(nu13
         ,q2)^2*Vec(nu16,q2)*Vec(nu16,q3)*p4.p4*d^-1*xiw^2*ufoGC58^2*ufoGC4^2
          - 1/4*g_(1,6_,nu10)*g_(2,6_,nu11)*Vec(nu10,q2)*Vec(nu11,q3)*Vec(nu13
         ,q2)^2*Vec(nu16,q3)^2*p4.p4*d^-1*xiw^2*ufoGC58^2*ufoGC4^2
          + 1/2*g_(1,6_,nu10)*g_(2,6_,nu11)*Vec(nu10,q2)*Vec(nu11,q3)*Vec(nu13
         ,q2)*Vec(nu13,q3)*p4.p4^2*d^-1*xiw^2*ufoGC58^2*ufoGC4^2
          - 1/2*g_(1,6_,nu10)*g_(2,6_,nu11)*Vec(nu10,q2)*Vec(nu11,q3)*Vec(nu13
         ,q2)*Vec(nu13,q3)*Vec(nu16,q2)^2*p4.p4*d^-1*xiw^2*ufoGC58^2*ufoGC4^2
          - g_(1,6_,nu10)*g_(2,6_,nu11)*Vec(nu10,q2)*Vec(nu11,q3)*Vec(nu13,q2)
         *Vec(nu13,q3)*Vec(nu16,q2)*Vec(nu16,q3)*p4.p4*d^-1*xiw^2*ufoGC58^2*
         ufoGC4^2
          - 1/2*g_(1,6_,nu10)*g_(2,6_,nu11)*Vec(nu10,q2)*Vec(nu11,q3)*Vec(nu13
         ,q2)*Vec(nu13,q3)*Vec(nu16,q3)^2*p4.p4*d^-1*xiw^2*ufoGC58^2*ufoGC4^2
          + 1/4*g_(1,6_,nu10)*g_(2,6_,nu11)*Vec(nu10,q2)*Vec(nu11,q3)*Vec(nu13
         ,q3)^2*p4.p4^2*d^-1*xiw^2*ufoGC58^2*ufoGC4^2
          - 1/4*g_(1,6_,nu10)*g_(2,6_,nu11)*Vec(nu10,q2)*Vec(nu11,q3)*Vec(nu13
         ,q3)^2*Vec(nu16,q2)^2*p4.p4*d^-1*xiw^2*ufoGC58^2*ufoGC4^2
          - 1/2*g_(1,6_,nu10)*g_(2,6_,nu11)*Vec(nu10,q2)*Vec(nu11,q3)*Vec(nu13
         ,q3)^2*Vec(nu16,q2)*Vec(nu16,q3)*p4.p4*d^-1*xiw^2*ufoGC58^2*ufoGC4^2
          - 1/4*g_(1,6_,nu10)*g_(2,6_,nu11)*Vec(nu10,q2)*Vec(nu11,q3)*Vec(nu13
         ,q3)^2*Vec(nu16,q3)^2*p4.p4*d^-1*xiw^2*ufoGC58^2*ufoGC4^2
          - 1/2*g_(1,6_,nu10)*g_(2,6_,nu11)*Vec(nu10,q2)*Vec(nu11,q3)*Vec(nu15
         ,q2)^2*p4.p4^2*d^-1*xiw^2*ufoGC58^2*ufoGC4^2
          - g_(1,6_,nu10)*g_(2,6_,nu11)*Vec(nu10,q2)*Vec(nu11,q3)*Vec(nu15,q2)
         *Vec(nu15,q3)*p4.p4^2*d^-1*xiw^2*ufoGC58^2*ufoGC4^2
          - 1/2*g_(1,6_,nu10)*g_(2,6_,nu11)*Vec(nu10,q2)*Vec(nu11,q3)*Vec(nu15
         ,q3)^2*p4.p4^2*d^-1*xiw^2*ufoGC58^2*ufoGC4^2
          + 1/4*g_(1,6_,nu10)*g_(2,6_,nu11)*Vec(nu10,q3)*Vec(nu11,q2)*Vec(nu9,
         q2)^2*Vec(nu12,q2)^2*p4.p4*xiw^2*ufoGC58^2*ufoGC4^2
          + 1/2*g_(1,6_,nu10)*g_(2,6_,nu11)*Vec(nu10,q3)*Vec(nu11,q2)*Vec(nu9,
         q2)^2*Vec(nu12,q2)*Vec(nu12,q3)*p4.p4*xiw^2*ufoGC58^2*ufoGC4^2
          + 1/4*g_(1,6_,nu10)*g_(2,6_,nu11)*Vec(nu10,q3)*Vec(nu11,q2)*Vec(nu9,
         q2)^2*Vec(nu12,q3)^2*p4.p4*xiw^2*ufoGC58^2*ufoGC4^2
          + 1/4*g_(1,6_,nu10)*g_(2,6_,nu11)*Vec(nu10,q3)*Vec(nu11,q2)*Vec(nu9,
         q2)^2*Vec(nu13,q2)^2*p4.p4*d^-1*xiw^2*ufoGC58^2*ufoGC4^2
          + 1/2*g_(1,6_,nu10)*g_(2,6_,nu11)*Vec(nu10,q3)*Vec(nu11,q2)*Vec(nu9,
         q2)^2*Vec(nu13,q2)*Vec(nu13,q3)*p4.p4*d^-1*xiw^2*ufoGC58^2*ufoGC4^2
          + 1/4*g_(1,6_,nu10)*g_(2,6_,nu11)*Vec(nu10,q3)*Vec(nu11,q2)*Vec(nu9,
         q2)^2*Vec(nu13,q3)^2*p4.p4*d^-1*xiw^2*ufoGC58^2*ufoGC4^2
          - 1/2*g_(1,6_,nu10)*g_(2,6_,nu11)*Vec(nu10,q3)*Vec(nu11,q2)*Vec(nu9,
         q2)^2*Vec(nu15,q2)^2*p4.p4*d^-1*xiw^2*ufoGC58^2*ufoGC4^2
          - g_(1,6_,nu10)*g_(2,6_,nu11)*Vec(nu10,q3)*Vec(nu11,q2)*Vec(nu9,q2)^
         2*Vec(nu15,q2)*Vec(nu15,q3)*p4.p4*d^-1*xiw^2*ufoGC58^2*ufoGC4^2
          - 1/2*g_(1,6_,nu10)*g_(2,6_,nu11)*Vec(nu10,q3)*Vec(nu11,q2)*Vec(nu9,
         q2)^2*Vec(nu15,q3)^2*p4.p4*d^-1*xiw^2*ufoGC58^2*ufoGC4^2
          + 1/2*g_(1,6_,nu10)*g_(2,6_,nu11)*Vec(nu10,q3)*Vec(nu11,q2)*Vec(nu9,
         q2)*Vec(nu9,q3)*Vec(nu12,q2)^2*p4.p4*xiw^2*ufoGC58^2*ufoGC4^2
          + g_(1,6_,nu10)*g_(2,6_,nu11)*Vec(nu10,q3)*Vec(nu11,q2)*Vec(nu9,q2)*
         Vec(nu9,q3)*Vec(nu12,q2)*Vec(nu12,q3)*p4.p4*xiw^2*ufoGC58^2*ufoGC4^2
          + 1/2*g_(1,6_,nu10)*g_(2,6_,nu11)*Vec(nu10,q3)*Vec(nu11,q2)*Vec(nu9,
         q2)*Vec(nu9,q3)*Vec(nu12,q3)^2*p4.p4*xiw^2*ufoGC58^2*ufoGC4^2
          + 1/2*g_(1,6_,nu10)*g_(2,6_,nu11)*Vec(nu10,q3)*Vec(nu11,q2)*Vec(nu9,
         q2)*Vec(nu9,q3)*Vec(nu13,q2)^2*p4.p4*d^-1*xiw^2*ufoGC58^2*ufoGC4^2
          + g_(1,6_,nu10)*g_(2,6_,nu11)*Vec(nu10,q3)*Vec(nu11,q2)*Vec(nu9,q2)*
         Vec(nu9,q3)*Vec(nu13,q2)*Vec(nu13,q3)*p4.p4*d^-1*xiw^2*ufoGC58^2*
         ufoGC4^2
          + 1/2*g_(1,6_,nu10)*g_(2,6_,nu11)*Vec(nu10,q3)*Vec(nu11,q2)*Vec(nu9,
         q2)*Vec(nu9,q3)*Vec(nu13,q3)^2*p4.p4*d^-1*xiw^2*ufoGC58^2*ufoGC4^2
          - g_(1,6_,nu10)*g_(2,6_,nu11)*Vec(nu10,q3)*Vec(nu11,q2)*Vec(nu9,q2)*
         Vec(nu9,q3)*Vec(nu15,q2)^2*p4.p4*d^-1*xiw^2*ufoGC58^2*ufoGC4^2
          - 2*g_(1,6_,nu10)*g_(2,6_,nu11)*Vec(nu10,q3)*Vec(nu11,q2)*Vec(nu9,q2
         )*Vec(nu9,q3)*Vec(nu15,q2)*Vec(nu15,q3)*p4.p4*d^-1*xiw^2*ufoGC58^2*
         ufoGC4^2
          - g_(1,6_,nu10)*g_(2,6_,nu11)*Vec(nu10,q3)*Vec(nu11,q2)*Vec(nu9,q2)*
         Vec(nu9,q3)*Vec(nu15,q3)^2*p4.p4*d^-1*xiw^2*ufoGC58^2*ufoGC4^2
          + 1/4*g_(1,6_,nu10)*g_(2,6_,nu11)*Vec(nu10,q3)*Vec(nu11,q2)*Vec(nu9,
         q3)^2*Vec(nu12,q2)^2*p4.p4*xiw^2*ufoGC58^2*ufoGC4^2
          + 1/2*g_(1,6_,nu10)*g_(2,6_,nu11)*Vec(nu10,q3)*Vec(nu11,q2)*Vec(nu9,
         q3)^2*Vec(nu12,q2)*Vec(nu12,q3)*p4.p4*xiw^2*ufoGC58^2*ufoGC4^2
          + 1/4*g_(1,6_,nu10)*g_(2,6_,nu11)*Vec(nu10,q3)*Vec(nu11,q2)*Vec(nu9,
         q3)^2*Vec(nu12,q3)^2*p4.p4*xiw^2*ufoGC58^2*ufoGC4^2
          + 1/4*g_(1,6_,nu10)*g_(2,6_,nu11)*Vec(nu10,q3)*Vec(nu11,q2)*Vec(nu9,
         q3)^2*Vec(nu13,q2)^2*p4.p4*d^-1*xiw^2*ufoGC58^2*ufoGC4^2
          + 1/2*g_(1,6_,nu10)*g_(2,6_,nu11)*Vec(nu10,q3)*Vec(nu11,q2)*Vec(nu9,
         q3)^2*Vec(nu13,q2)*Vec(nu13,q3)*p4.p4*d^-1*xiw^2*ufoGC58^2*ufoGC4^2
          + 1/4*g_(1,6_,nu10)*g_(2,6_,nu11)*Vec(nu10,q3)*Vec(nu11,q2)*Vec(nu9,
         q3)^2*Vec(nu13,q3)^2*p4.p4*d^-1*xiw^2*ufoGC58^2*ufoGC4^2
          - 1/2*g_(1,6_,nu10)*g_(2,6_,nu11)*Vec(nu10,q3)*Vec(nu11,q2)*Vec(nu9,
         q3)^2*Vec(nu15,q2)^2*p4.p4*d^-1*xiw^2*ufoGC58^2*ufoGC4^2
          - g_(1,6_,nu10)*g_(2,6_,nu11)*Vec(nu10,q3)*Vec(nu11,q2)*Vec(nu9,q3)^
         2*Vec(nu15,q2)*Vec(nu15,q3)*p4.p4*d^-1*xiw^2*ufoGC58^2*ufoGC4^2
          - 1/2*g_(1,6_,nu10)*g_(2,6_,nu11)*Vec(nu10,q3)*Vec(nu11,q2)*Vec(nu9,
         q3)^2*Vec(nu15,q3)^2*p4.p4*d^-1*xiw^2*ufoGC58^2*ufoGC4^2
          + 1/4*g_(1,6_,nu10)*g_(2,6_,nu11)*Vec(nu10,q3)*Vec(nu11,q2)*Vec(nu12
         ,q2)^2*p4.p4^2*xiw^2*ufoGC58^2*ufoGC4^2
          + 1/4*g_(1,6_,nu10)*g_(2,6_,nu11)*Vec(nu10,q3)*Vec(nu11,q2)*Vec(nu12
         ,q2)^2*Vec(nu15,q2)^2*p4.p4*d^-1*xiw^2*ufoGC58^2*ufoGC4^2
          + 1/2*g_(1,6_,nu10)*g_(2,6_,nu11)*Vec(nu10,q3)*Vec(nu11,q2)*Vec(nu12
         ,q2)^2*Vec(nu15,q2)*Vec(nu15,q3)*p4.p4*d^-1*xiw^2*ufoGC58^2*ufoGC4^2
          + 1/4*g_(1,6_,nu10)*g_(2,6_,nu11)*Vec(nu10,q3)*Vec(nu11,q2)*Vec(nu12
         ,q2)^2*Vec(nu15,q3)^2*p4.p4*d^-1*xiw^2*ufoGC58^2*ufoGC4^2
          + 1/2*g_(1,6_,nu10)*g_(2,6_,nu11)*Vec(nu10,q3)*Vec(nu11,q2)*Vec(nu12
         ,q2)*Vec(nu12,q3)*p4.p4^2*xiw^2*ufoGC58^2*ufoGC4^2
          + 1/2*g_(1,6_,nu10)*g_(2,6_,nu11)*Vec(nu10,q3)*Vec(nu11,q2)*Vec(nu12
         ,q2)*Vec(nu12,q3)*Vec(nu15,q2)^2*p4.p4*d^-1*xiw^2*ufoGC58^2*ufoGC4^2
          + g_(1,6_,nu10)*g_(2,6_,nu11)*Vec(nu10,q3)*Vec(nu11,q2)*Vec(nu12,q2)
         *Vec(nu12,q3)*Vec(nu15,q2)*Vec(nu15,q3)*p4.p4*d^-1*xiw^2*ufoGC58^2*
         ufoGC4^2
          + 1/2*g_(1,6_,nu10)*g_(2,6_,nu11)*Vec(nu10,q3)*Vec(nu11,q2)*Vec(nu12
         ,q2)*Vec(nu12,q3)*Vec(nu15,q3)^2*p4.p4*d^-1*xiw^2*ufoGC58^2*ufoGC4^2
          + 1/4*g_(1,6_,nu10)*g_(2,6_,nu11)*Vec(nu10,q3)*Vec(nu11,q2)*Vec(nu12
         ,q3)^2*p4.p4^2*xiw^2*ufoGC58^2*ufoGC4^2
          + 1/4*g_(1,6_,nu10)*g_(2,6_,nu11)*Vec(nu10,q3)*Vec(nu11,q2)*Vec(nu12
         ,q3)^2*Vec(nu15,q2)^2*p4.p4*d^-1*xiw^2*ufoGC58^2*ufoGC4^2
          + 1/2*g_(1,6_,nu10)*g_(2,6_,nu11)*Vec(nu10,q3)*Vec(nu11,q2)*Vec(nu12
         ,q3)^2*Vec(nu15,q2)*Vec(nu15,q3)*p4.p4*d^-1*xiw^2*ufoGC58^2*ufoGC4^2
          + 1/4*g_(1,6_,nu10)*g_(2,6_,nu11)*Vec(nu10,q3)*Vec(nu11,q2)*Vec(nu12
         ,q3)^2*Vec(nu15,q3)^2*p4.p4*d^-1*xiw^2*ufoGC58^2*ufoGC4^2
          + 1/4*g_(1,6_,nu10)*g_(2,6_,nu11)*Vec(nu10,q3)*Vec(nu11,q2)*Vec(nu13
         ,q2)^2*p4.p4^2*d^-1*xiw^2*ufoGC58^2*ufoGC4^2
          - 1/4*g_(1,6_,nu10)*g_(2,6_,nu11)*Vec(nu10,q3)*Vec(nu11,q2)*Vec(nu13
         ,q2)^2*Vec(nu16,q2)^2*p4.p4*d^-1*xiw^2*ufoGC58^2*ufoGC4^2
          - 1/2*g_(1,6_,nu10)*g_(2,6_,nu11)*Vec(nu10,q3)*Vec(nu11,q2)*Vec(nu13
         ,q2)^2*Vec(nu16,q2)*Vec(nu16,q3)*p4.p4*d^-1*xiw^2*ufoGC58^2*ufoGC4^2
          - 1/4*g_(1,6_,nu10)*g_(2,6_,nu11)*Vec(nu10,q3)*Vec(nu11,q2)*Vec(nu13
         ,q2)^2*Vec(nu16,q3)^2*p4.p4*d^-1*xiw^2*ufoGC58^2*ufoGC4^2
          + 1/2*g_(1,6_,nu10)*g_(2,6_,nu11)*Vec(nu10,q3)*Vec(nu11,q2)*Vec(nu13
         ,q2)*Vec(nu13,q3)*p4.p4^2*d^-1*xiw^2*ufoGC58^2*ufoGC4^2
          - 1/2*g_(1,6_,nu10)*g_(2,6_,nu11)*Vec(nu10,q3)*Vec(nu11,q2)*Vec(nu13
         ,q2)*Vec(nu13,q3)*Vec(nu16,q2)^2*p4.p4*d^-1*xiw^2*ufoGC58^2*ufoGC4^2
          - g_(1,6_,nu10)*g_(2,6_,nu11)*Vec(nu10,q3)*Vec(nu11,q2)*Vec(nu13,q2)
         *Vec(nu13,q3)*Vec(nu16,q2)*Vec(nu16,q3)*p4.p4*d^-1*xiw^2*ufoGC58^2*
         ufoGC4^2
          - 1/2*g_(1,6_,nu10)*g_(2,6_,nu11)*Vec(nu10,q3)*Vec(nu11,q2)*Vec(nu13
         ,q2)*Vec(nu13,q3)*Vec(nu16,q3)^2*p4.p4*d^-1*xiw^2*ufoGC58^2*ufoGC4^2
          + 1/4*g_(1,6_,nu10)*g_(2,6_,nu11)*Vec(nu10,q3)*Vec(nu11,q2)*Vec(nu13
         ,q3)^2*p4.p4^2*d^-1*xiw^2*ufoGC58^2*ufoGC4^2
          - 1/4*g_(1,6_,nu10)*g_(2,6_,nu11)*Vec(nu10,q3)*Vec(nu11,q2)*Vec(nu13
         ,q3)^2*Vec(nu16,q2)^2*p4.p4*d^-1*xiw^2*ufoGC58^2*ufoGC4^2
          - 1/2*g_(1,6_,nu10)*g_(2,6_,nu11)*Vec(nu10,q3)*Vec(nu11,q2)*Vec(nu13
         ,q3)^2*Vec(nu16,q2)*Vec(nu16,q3)*p4.p4*d^-1*xiw^2*ufoGC58^2*ufoGC4^2
          - 1/4*g_(1,6_,nu10)*g_(2,6_,nu11)*Vec(nu10,q3)*Vec(nu11,q2)*Vec(nu13
         ,q3)^2*Vec(nu16,q3)^2*p4.p4*d^-1*xiw^2*ufoGC58^2*ufoGC4^2
          - 1/2*g_(1,6_,nu10)*g_(2,6_,nu11)*Vec(nu10,q3)*Vec(nu11,q2)*Vec(nu15
         ,q2)^2*p4.p4^2*d^-1*xiw^2*ufoGC58^2*ufoGC4^2
          - g_(1,6_,nu10)*g_(2,6_,nu11)*Vec(nu10,q3)*Vec(nu11,q2)*Vec(nu15,q2)
         *Vec(nu15,q3)*p4.p4^2*d^-1*xiw^2*ufoGC58^2*ufoGC4^2
          - 1/2*g_(1,6_,nu10)*g_(2,6_,nu11)*Vec(nu10,q3)*Vec(nu11,q2)*Vec(nu15
         ,q3)^2*p4.p4^2*d^-1*xiw^2*ufoGC58^2*ufoGC4^2
          + 1/4*g_(1,6_,nu10)*g_(2,6_,nu11)*Vec(nu10,q3)*Vec(nu11,q3)*Vec(nu9,
         q2)^2*Vec(nu12,q2)^2*p4.p4*xiw^2*ufoGC58^2*ufoGC4^2
          + 1/2*g_(1,6_,nu10)*g_(2,6_,nu11)*Vec(nu10,q3)*Vec(nu11,q3)*Vec(nu9,
         q2)^2*Vec(nu12,q2)*Vec(nu12,q3)*p4.p4*xiw^2*ufoGC58^2*ufoGC4^2
          + 1/4*g_(1,6_,nu10)*g_(2,6_,nu11)*Vec(nu10,q3)*Vec(nu11,q3)*Vec(nu9,
         q2)^2*Vec(nu12,q3)^2*p4.p4*xiw^2*ufoGC58^2*ufoGC4^2
          + 1/4*g_(1,6_,nu10)*g_(2,6_,nu11)*Vec(nu10,q3)*Vec(nu11,q3)*Vec(nu9,
         q2)^2*Vec(nu13,q2)^2*p4.p4*d^-1*xiw^2*ufoGC58^2*ufoGC4^2
          + 1/2*g_(1,6_,nu10)*g_(2,6_,nu11)*Vec(nu10,q3)*Vec(nu11,q3)*Vec(nu9,
         q2)^2*Vec(nu13,q2)*Vec(nu13,q3)*p4.p4*d^-1*xiw^2*ufoGC58^2*ufoGC4^2
          + 1/4*g_(1,6_,nu10)*g_(2,6_,nu11)*Vec(nu10,q3)*Vec(nu11,q3)*Vec(nu9,
         q2)^2*Vec(nu13,q3)^2*p4.p4*d^-1*xiw^2*ufoGC58^2*ufoGC4^2
          - 1/2*g_(1,6_,nu10)*g_(2,6_,nu11)*Vec(nu10,q3)*Vec(nu11,q3)*Vec(nu9,
         q2)^2*Vec(nu15,q2)^2*p4.p4*d^-1*xiw^2*ufoGC58^2*ufoGC4^2
          - g_(1,6_,nu10)*g_(2,6_,nu11)*Vec(nu10,q3)*Vec(nu11,q3)*Vec(nu9,q2)^
         2*Vec(nu15,q2)*Vec(nu15,q3)*p4.p4*d^-1*xiw^2*ufoGC58^2*ufoGC4^2
          - 1/2*g_(1,6_,nu10)*g_(2,6_,nu11)*Vec(nu10,q3)*Vec(nu11,q3)*Vec(nu9,
         q2)^2*Vec(nu15,q3)^2*p4.p4*d^-1*xiw^2*ufoGC58^2*ufoGC4^2
          + 1/2*g_(1,6_,nu10)*g_(2,6_,nu11)*Vec(nu10,q3)*Vec(nu11,q3)*Vec(nu9,
         q2)*Vec(nu9,q3)*Vec(nu12,q2)^2*p4.p4*xiw^2*ufoGC58^2*ufoGC4^2
          + g_(1,6_,nu10)*g_(2,6_,nu11)*Vec(nu10,q3)*Vec(nu11,q3)*Vec(nu9,q2)*
         Vec(nu9,q3)*Vec(nu12,q2)*Vec(nu12,q3)*p4.p4*xiw^2*ufoGC58^2*ufoGC4^2
          + 1/2*g_(1,6_,nu10)*g_(2,6_,nu11)*Vec(nu10,q3)*Vec(nu11,q3)*Vec(nu9,
         q2)*Vec(nu9,q3)*Vec(nu12,q3)^2*p4.p4*xiw^2*ufoGC58^2*ufoGC4^2
          + 1/2*g_(1,6_,nu10)*g_(2,6_,nu11)*Vec(nu10,q3)*Vec(nu11,q3)*Vec(nu9,
         q2)*Vec(nu9,q3)*Vec(nu13,q2)^2*p4.p4*d^-1*xiw^2*ufoGC58^2*ufoGC4^2
          + g_(1,6_,nu10)*g_(2,6_,nu11)*Vec(nu10,q3)*Vec(nu11,q3)*Vec(nu9,q2)*
         Vec(nu9,q3)*Vec(nu13,q2)*Vec(nu13,q3)*p4.p4*d^-1*xiw^2*ufoGC58^2*
         ufoGC4^2
          + 1/2*g_(1,6_,nu10)*g_(2,6_,nu11)*Vec(nu10,q3)*Vec(nu11,q3)*Vec(nu9,
         q2)*Vec(nu9,q3)*Vec(nu13,q3)^2*p4.p4*d^-1*xiw^2*ufoGC58^2*ufoGC4^2
          - g_(1,6_,nu10)*g_(2,6_,nu11)*Vec(nu10,q3)*Vec(nu11,q3)*Vec(nu9,q2)*
         Vec(nu9,q3)*Vec(nu15,q2)^2*p4.p4*d^-1*xiw^2*ufoGC58^2*ufoGC4^2
          - 2*g_(1,6_,nu10)*g_(2,6_,nu11)*Vec(nu10,q3)*Vec(nu11,q3)*Vec(nu9,q2
         )*Vec(nu9,q3)*Vec(nu15,q2)*Vec(nu15,q3)*p4.p4*d^-1*xiw^2*ufoGC58^2*
         ufoGC4^2
          - g_(1,6_,nu10)*g_(2,6_,nu11)*Vec(nu10,q3)*Vec(nu11,q3)*Vec(nu9,q2)*
         Vec(nu9,q3)*Vec(nu15,q3)^2*p4.p4*d^-1*xiw^2*ufoGC58^2*ufoGC4^2
          + 1/4*g_(1,6_,nu10)*g_(2,6_,nu11)*Vec(nu10,q3)*Vec(nu11,q3)*Vec(nu9,
         q3)^2*Vec(nu12,q2)^2*p4.p4*xiw^2*ufoGC58^2*ufoGC4^2
          + 1/2*g_(1,6_,nu10)*g_(2,6_,nu11)*Vec(nu10,q3)*Vec(nu11,q3)*Vec(nu9,
         q3)^2*Vec(nu12,q2)*Vec(nu12,q3)*p4.p4*xiw^2*ufoGC58^2*ufoGC4^2
          + 1/4*g_(1,6_,nu10)*g_(2,6_,nu11)*Vec(nu10,q3)*Vec(nu11,q3)*Vec(nu9,
         q3)^2*Vec(nu12,q3)^2*p4.p4*xiw^2*ufoGC58^2*ufoGC4^2
          + 1/4*g_(1,6_,nu10)*g_(2,6_,nu11)*Vec(nu10,q3)*Vec(nu11,q3)*Vec(nu9,
         q3)^2*Vec(nu13,q2)^2*p4.p4*d^-1*xiw^2*ufoGC58^2*ufoGC4^2
          + 1/2*g_(1,6_,nu10)*g_(2,6_,nu11)*Vec(nu10,q3)*Vec(nu11,q3)*Vec(nu9,
         q3)^2*Vec(nu13,q2)*Vec(nu13,q3)*p4.p4*d^-1*xiw^2*ufoGC58^2*ufoGC4^2
          + 1/4*g_(1,6_,nu10)*g_(2,6_,nu11)*Vec(nu10,q3)*Vec(nu11,q3)*Vec(nu9,
         q3)^2*Vec(nu13,q3)^2*p4.p4*d^-1*xiw^2*ufoGC58^2*ufoGC4^2
          - 1/2*g_(1,6_,nu10)*g_(2,6_,nu11)*Vec(nu10,q3)*Vec(nu11,q3)*Vec(nu9,
         q3)^2*Vec(nu15,q2)^2*p4.p4*d^-1*xiw^2*ufoGC58^2*ufoGC4^2
          - g_(1,6_,nu10)*g_(2,6_,nu11)*Vec(nu10,q3)*Vec(nu11,q3)*Vec(nu9,q3)^
         2*Vec(nu15,q2)*Vec(nu15,q3)*p4.p4*d^-1*xiw^2*ufoGC58^2*ufoGC4^2
          - 1/2*g_(1,6_,nu10)*g_(2,6_,nu11)*Vec(nu10,q3)*Vec(nu11,q3)*Vec(nu9,
         q3)^2*Vec(nu15,q3)^2*p4.p4*d^-1*xiw^2*ufoGC58^2*ufoGC4^2
          + 1/4*g_(1,6_,nu10)*g_(2,6_,nu11)*Vec(nu10,q3)*Vec(nu11,q3)*Vec(nu12
         ,q2)^2*p4.p4^2*xiw^2*ufoGC58^2*ufoGC4^2
          + 1/4*g_(1,6_,nu10)*g_(2,6_,nu11)*Vec(nu10,q3)*Vec(nu11,q3)*Vec(nu12
         ,q2)^2*Vec(nu15,q2)^2*p4.p4*d^-1*xiw^2*ufoGC58^2*ufoGC4^2
          + 1/2*g_(1,6_,nu10)*g_(2,6_,nu11)*Vec(nu10,q3)*Vec(nu11,q3)*Vec(nu12
         ,q2)^2*Vec(nu15,q2)*Vec(nu15,q3)*p4.p4*d^-1*xiw^2*ufoGC58^2*ufoGC4^2
          + 1/4*g_(1,6_,nu10)*g_(2,6_,nu11)*Vec(nu10,q3)*Vec(nu11,q3)*Vec(nu12
         ,q2)^2*Vec(nu15,q3)^2*p4.p4*d^-1*xiw^2*ufoGC58^2*ufoGC4^2
          + 1/2*g_(1,6_,nu10)*g_(2,6_,nu11)*Vec(nu10,q3)*Vec(nu11,q3)*Vec(nu12
         ,q2)*Vec(nu12,q3)*p4.p4^2*xiw^2*ufoGC58^2*ufoGC4^2
          + 1/2*g_(1,6_,nu10)*g_(2,6_,nu11)*Vec(nu10,q3)*Vec(nu11,q3)*Vec(nu12
         ,q2)*Vec(nu12,q3)*Vec(nu15,q2)^2*p4.p4*d^-1*xiw^2*ufoGC58^2*ufoGC4^2
          + g_(1,6_,nu10)*g_(2,6_,nu11)*Vec(nu10,q3)*Vec(nu11,q3)*Vec(nu12,q2)
         *Vec(nu12,q3)*Vec(nu15,q2)*Vec(nu15,q3)*p4.p4*d^-1*xiw^2*ufoGC58^2*
         ufoGC4^2
          + 1/2*g_(1,6_,nu10)*g_(2,6_,nu11)*Vec(nu10,q3)*Vec(nu11,q3)*Vec(nu12
         ,q2)*Vec(nu12,q3)*Vec(nu15,q3)^2*p4.p4*d^-1*xiw^2*ufoGC58^2*ufoGC4^2
          + 1/4*g_(1,6_,nu10)*g_(2,6_,nu11)*Vec(nu10,q3)*Vec(nu11,q3)*Vec(nu12
         ,q3)^2*p4.p4^2*xiw^2*ufoGC58^2*ufoGC4^2
          + 1/4*g_(1,6_,nu10)*g_(2,6_,nu11)*Vec(nu10,q3)*Vec(nu11,q3)*Vec(nu12
         ,q3)^2*Vec(nu15,q2)^2*p4.p4*d^-1*xiw^2*ufoGC58^2*ufoGC4^2
          + 1/2*g_(1,6_,nu10)*g_(2,6_,nu11)*Vec(nu10,q3)*Vec(nu11,q3)*Vec(nu12
         ,q3)^2*Vec(nu15,q2)*Vec(nu15,q3)*p4.p4*d^-1*xiw^2*ufoGC58^2*ufoGC4^2
          + 1/4*g_(1,6_,nu10)*g_(2,6_,nu11)*Vec(nu10,q3)*Vec(nu11,q3)*Vec(nu12
         ,q3)^2*Vec(nu15,q3)^2*p4.p4*d^-1*xiw^2*ufoGC58^2*ufoGC4^2
          + 1/4*g_(1,6_,nu10)*g_(2,6_,nu11)*Vec(nu10,q3)*Vec(nu11,q3)*Vec(nu13
         ,q2)^2*p4.p4^2*d^-1*xiw^2*ufoGC58^2*ufoGC4^2
          - 1/4*g_(1,6_,nu10)*g_(2,6_,nu11)*Vec(nu10,q3)*Vec(nu11,q3)*Vec(nu13
         ,q2)^2*Vec(nu16,q2)^2*p4.p4*d^-1*xiw^2*ufoGC58^2*ufoGC4^2
          - 1/2*g_(1,6_,nu10)*g_(2,6_,nu11)*Vec(nu10,q3)*Vec(nu11,q3)*Vec(nu13
         ,q2)^2*Vec(nu16,q2)*Vec(nu16,q3)*p4.p4*d^-1*xiw^2*ufoGC58^2*ufoGC4^2
          - 1/4*g_(1,6_,nu10)*g_(2,6_,nu11)*Vec(nu10,q3)*Vec(nu11,q3)*Vec(nu13
         ,q2)^2*Vec(nu16,q3)^2*p4.p4*d^-1*xiw^2*ufoGC58^2*ufoGC4^2
          + 1/2*g_(1,6_,nu10)*g_(2,6_,nu11)*Vec(nu10,q3)*Vec(nu11,q3)*Vec(nu13
         ,q2)*Vec(nu13,q3)*p4.p4^2*d^-1*xiw^2*ufoGC58^2*ufoGC4^2
          - 1/2*g_(1,6_,nu10)*g_(2,6_,nu11)*Vec(nu10,q3)*Vec(nu11,q3)*Vec(nu13
         ,q2)*Vec(nu13,q3)*Vec(nu16,q2)^2*p4.p4*d^-1*xiw^2*ufoGC58^2*ufoGC4^2
          - g_(1,6_,nu10)*g_(2,6_,nu11)*Vec(nu10,q3)*Vec(nu11,q3)*Vec(nu13,q2)
         *Vec(nu13,q3)*Vec(nu16,q2)*Vec(nu16,q3)*p4.p4*d^-1*xiw^2*ufoGC58^2*
         ufoGC4^2
          - 1/2*g_(1,6_,nu10)*g_(2,6_,nu11)*Vec(nu10,q3)*Vec(nu11,q3)*Vec(nu13
         ,q2)*Vec(nu13,q3)*Vec(nu16,q3)^2*p4.p4*d^-1*xiw^2*ufoGC58^2*ufoGC4^2
          + 1/4*g_(1,6_,nu10)*g_(2,6_,nu11)*Vec(nu10,q3)*Vec(nu11,q3)*Vec(nu13
         ,q3)^2*p4.p4^2*d^-1*xiw^2*ufoGC58^2*ufoGC4^2
          - 1/4*g_(1,6_,nu10)*g_(2,6_,nu11)*Vec(nu10,q3)*Vec(nu11,q3)*Vec(nu13
         ,q3)^2*Vec(nu16,q2)^2*p4.p4*d^-1*xiw^2*ufoGC58^2*ufoGC4^2
          - 1/2*g_(1,6_,nu10)*g_(2,6_,nu11)*Vec(nu10,q3)*Vec(nu11,q3)*Vec(nu13
         ,q3)^2*Vec(nu16,q2)*Vec(nu16,q3)*p4.p4*d^-1*xiw^2*ufoGC58^2*ufoGC4^2
          - 1/4*g_(1,6_,nu10)*g_(2,6_,nu11)*Vec(nu10,q3)*Vec(nu11,q3)*Vec(nu13
         ,q3)^2*Vec(nu16,q3)^2*p4.p4*d^-1*xiw^2*ufoGC58^2*ufoGC4^2
          - 1/2*g_(1,6_,nu10)*g_(2,6_,nu11)*Vec(nu10,q3)*Vec(nu11,q3)*Vec(nu15
         ,q2)^2*p4.p4^2*d^-1*xiw^2*ufoGC58^2*ufoGC4^2
          - g_(1,6_,nu10)*g_(2,6_,nu11)*Vec(nu10,q3)*Vec(nu11,q3)*Vec(nu15,q2)
         *Vec(nu15,q3)*p4.p4^2*d^-1*xiw^2*ufoGC58^2*ufoGC4^2
          - 1/2*g_(1,6_,nu10)*g_(2,6_,nu11)*Vec(nu10,q3)*Vec(nu11,q3)*Vec(nu15
         ,q3)^2*p4.p4^2*d^-1*xiw^2*ufoGC58^2*ufoGC4^2
          );

  1.40 sec out of 1.41 sec
