FORM 5.0.0-beta.1 (Jan 15 2026, v5.0.0-beta.1-292-g4341c63)  Run: Fri Feb 27 14:40:17 2026
    #-

   d1l195amp =
       + 1/8*g_(1,6_,nu10)*g_(2,6_,nu16)*FT2*g_(2,p4)*cFT(nu13,XX,i2,iufo11)*
      cFT(g7,XX,iufo11,j11)*flavourTag(fmu,j11,j12)*Vec(nu10,q2)*Vec(nu16,q2)*
      Vec(nu13,q2)*Vec(nu9,q2)*Vecr(nu9,p4)*Deng(p4,xiz,M4)*Deng(q2 + q3,xiw,
      M3)^2*Deng(p4 + q2 + q3,xiw,M3)^2*xiw^2*ufoGC58^2*ufoGC80*ufoGC69
       + 1/8*g_(1,6_,nu10)*g_(2,6_,nu16)*FT2*g_(2,p4)*cFT(nu13,XX,i2,iufo11)*
      cFT(g7,XX,iufo11,j11)*flavourTag(fmu,j11,j12)*Vec(nu10,q2)*Vec(nu16,q2)*
      Vec(nu13,q2)*Vec(nu9,q3)*Vecr(nu9,p4)*Deng(p4,xiz,M4)*Deng(q2 + q3,xiw,
      M3)^2*Deng(p4 + q2 + q3,xiw,M3)^2*xiw^2*ufoGC58^2*ufoGC80*ufoGC69
       - 1/8*g_(1,6_,nu10)*g_(2,6_,nu16)*FT2*g_(2,p4)*cFT(nu13,XX,i2,iufo11)*
      cFT(g7,XX,iufo11,j11)*flavourTag(fmu,j11,j12)*Vec(nu10,q2)*Vec(nu16,q2)*
      Vec(nu13,q2)*Vec(nu9,-p4)*Vec(nu9,q2)*Deng(p4,xiz,M4)*Deng(q2 + q3,xiw,
      M3)^2*Deng(p4 + q2 + q3,xiw,M3)^2*xiw^2*ufoGC58^2*ufoGC80*ufoGC69
       - 1/8*g_(1,6_,nu10)*g_(2,6_,nu16)*FT2*g_(2,p4)*cFT(nu13,XX,i2,iufo11)*
      cFT(g7,XX,iufo11,j11)*flavourTag(fmu,j11,j12)*Vec(nu10,q2)*Vec(nu16,q2)*
      Vec(nu13,q2)*Vec(nu9,-p4)*Vec(nu9,q3)*Deng(p4,xiz,M4)*Deng(q2 + q3,xiw,
      M3)^2*Deng(p4 + q2 + q3,xiw,M3)^2*xiw^2*ufoGC58^2*ufoGC80*ufoGC69
       - 1/8*g_(1,6_,nu10)*g_(2,6_,nu16)*FT2*g_(2,p4)*cFT(nu13,XX,i2,iufo11)*
      cFT(g7,XX,iufo11,j11)*flavourTag(fmu,j11,j12)*Vec(nu10,q2)*Vec(nu16,q2)*
      Vec(nu13,q2)*Vec(nu9,-q2)*Vec(nu9,q2)*Deng(p4,xiz,M4)*Deng(q2 + q3,xiw,
      M3)^2*Deng(p4 + q2 + q3,xiw,M3)^2*xiw^2*ufoGC58^2*ufoGC80*ufoGC69
       - 1/8*g_(1,6_,nu10)*g_(2,6_,nu16)*FT2*g_(2,p4)*cFT(nu13,XX,i2,iufo11)*
      cFT(g7,XX,iufo11,j11)*flavourTag(fmu,j11,j12)*Vec(nu10,q2)*Vec(nu16,q2)*
      Vec(nu13,q2)*Vec(nu9,-q2)*Vec(nu9,q3)*Deng(p4,xiz,M4)*Deng(q2 + q3,xiw,
      M3)^2*Deng(p4 + q2 + q3,xiw,M3)^2*xiw^2*ufoGC58^2*ufoGC80*ufoGC69
       - 1/8*g_(1,6_,nu10)*g_(2,6_,nu16)*FT2*g_(2,p4)*cFT(nu13,XX,i2,iufo11)*
      cFT(g7,XX,iufo11,j11)*flavourTag(fmu,j11,j12)*Vec(nu10,q2)*Vec(nu16,q2)*
      Vec(nu13,q2)*Vec(nu9,-q3)*Vec(nu9,q2)*Deng(p4,xiz,M4)*Deng(q2 + q3,xiw,
      M3)^2*Deng(p4 + q2 + q3,xiw,M3)^2*xiw^2*ufoGC58^2*ufoGC80*ufoGC69
       - 1/8*g_(1,6_,nu10)*g_(2,6_,nu16)*FT2*g_(2,p4)*cFT(nu13,XX,i2,iufo11)*
      cFT(g7,XX,iufo11,j11)*flavourTag(fmu,j11,j12)*Vec(nu10,q2)*Vec(nu16,q2)*
      Vec(nu13,q2)*Vec(nu9,-q3)*Vec(nu9,q3)*Deng(p4,xiz,M4)*Deng(q2 + q3,xiw,
      M3)^2*Deng(p4 + q2 + q3,xiw,M3)^2*xiw^2*ufoGC58^2*ufoGC80*ufoGC69
       - 1/8*g_(1,6_,nu10)*g_(2,6_,nu16)*FT2*g_(2,p4)*cFT(nu13,XX,i2,iufo11)*
      cFT(g7,XX,iufo11,j11)*flavourTag(fmu,j11,j12)*Vec(nu10,q2)*Vec(nu16,q2)*
      Vec(nu13,q2)*Vec(nu14,q2)*Vecr(nu14,p4)*Deng(p4,xiz,M4)*Deng(q2 + q3,xiw
      ,M3)^2*Deng(p4 + q2 + q3,xiw,M3)^2*xiw^2*ufoGC58^2*ufoGC80*ufoGC69
       - 1/8*g_(1,6_,nu10)*g_(2,6_,nu16)*FT2*g_(2,p4)*cFT(nu13,XX,i2,iufo11)*
      cFT(g7,XX,iufo11,j11)*flavourTag(fmu,j11,j12)*Vec(nu10,q2)*Vec(nu16,q2)*
      Vec(nu13,q2)*Vec(nu14,q3)*Vecr(nu14,p4)*Deng(p4,xiz,M4)*Deng(q2 + q3,xiw
      ,M3)^2*Deng(p4 + q2 + q3,xiw,M3)^2*xiw^2*ufoGC58^2*ufoGC80*ufoGC69
       - 1/8*g_(1,6_,nu10)*g_(2,6_,nu16)*FT2*g_(2,p4)*cFT(nu13,XX,i2,iufo11)*
      cFT(g7,XX,iufo11,j11)*flavourTag(fmu,j11,j12)*Vec(nu10,q2)*Vec(nu16,q2)*
      Vec(nu13,q2)*Deng(p4,xiz,M4)*Deng(q2 + q3,xiw,M3)^2*Deng(p4 + q2 + q3,
      xiw,M3)^2*p4.p4*xiw^2*ufoGC58^2*ufoGC80*ufoGC69
       + 1/8*g_(1,6_,nu10)*g_(2,6_,nu16)*FT2*g_(2,p4)*cFT(nu13,XX,i2,iufo11)*
      cFT(g7,XX,iufo11,j11)*flavourTag(fmu,j11,j12)*Vec(nu10,q2)*Vec(nu16,q2)*
      Vec(nu13,q3)*Vec(nu9,q2)*Vecr(nu9,p4)*Deng(p4,xiz,M4)*Deng(q2 + q3,xiw,
      M3)^2*Deng(p4 + q2 + q3,xiw,M3)^2*xiw^2*ufoGC58^2*ufoGC80*ufoGC69
       + 1/8*g_(1,6_,nu10)*g_(2,6_,nu16)*FT2*g_(2,p4)*cFT(nu13,XX,i2,iufo11)*
      cFT(g7,XX,iufo11,j11)*flavourTag(fmu,j11,j12)*Vec(nu10,q2)*Vec(nu16,q2)*
      Vec(nu13,q3)*Vec(nu9,q3)*Vecr(nu9,p4)*Deng(p4,xiz,M4)*Deng(q2 + q3,xiw,
      M3)^2*Deng(p4 + q2 + q3,xiw,M3)^2*xiw^2*ufoGC58^2*ufoGC80*ufoGC69
       - 1/8*g_(1,6_,nu10)*g_(2,6_,nu16)*FT2*g_(2,p4)*cFT(nu13,XX,i2,iufo11)*
      cFT(g7,XX,iufo11,j11)*flavourTag(fmu,j11,j12)*Vec(nu10,q2)*Vec(nu16,q2)*
      Vec(nu13,q3)*Vec(nu9,-p4)*Vec(nu9,q2)*Deng(p4,xiz,M4)*Deng(q2 + q3,xiw,
      M3)^2*Deng(p4 + q2 + q3,xiw,M3)^2*xiw^2*ufoGC58^2*ufoGC80*ufoGC69
       - 1/8*g_(1,6_,nu10)*g_(2,6_,nu16)*FT2*g_(2,p4)*cFT(nu13,XX,i2,iufo11)*
      cFT(g7,XX,iufo11,j11)*flavourTag(fmu,j11,j12)*Vec(nu10,q2)*Vec(nu16,q2)*
      Vec(nu13,q3)*Vec(nu9,-p4)*Vec(nu9,q3)*Deng(p4,xiz,M4)*Deng(q2 + q3,xiw,
      M3)^2*Deng(p4 + q2 + q3,xiw,M3)^2*xiw^2*ufoGC58^2*ufoGC80*ufoGC69
       - 1/8*g_(1,6_,nu10)*g_(2,6_,nu16)*FT2*g_(2,p4)*cFT(nu13,XX,i2,iufo11)*
      cFT(g7,XX,iufo11,j11)*flavourTag(fmu,j11,j12)*Vec(nu10,q2)*Vec(nu16,q2)*
      Vec(nu13,q3)*Vec(nu9,-q2)*Vec(nu9,q2)*Deng(p4,xiz,M4)*Deng(q2 + q3,xiw,
      M3)^2*Deng(p4 + q2 + q3,xiw,M3)^2*xiw^2*ufoGC58^2*ufoGC80*ufoGC69
       - 1/8*g_(1,6_,nu10)*g_(2,6_,nu16)*FT2*g_(2,p4)*cFT(nu13,XX,i2,iufo11)*
      cFT(g7,XX,iufo11,j11)*flavourTag(fmu,j11,j12)*Vec(nu10,q2)*Vec(nu16,q2)*
      Vec(nu13,q3)*Vec(nu9,-q2)*Vec(nu9,q3)*Deng(p4,xiz,M4)*Deng(q2 + q3,xiw,
      M3)^2*Deng(p4 + q2 + q3,xiw,M3)^2*xiw^2*ufoGC58^2*ufoGC80*ufoGC69
       - 1/8*g_(1,6_,nu10)*g_(2,6_,nu16)*FT2*g_(2,p4)*cFT(nu13,XX,i2,iufo11)*
      cFT(g7,XX,iufo11,j11)*flavourTag(fmu,j11,j12)*Vec(nu10,q2)*Vec(nu16,q2)*
      Vec(nu13,q3)*Vec(nu9,-q3)*Vec(nu9,q2)*Deng(p4,xiz,M4)*Deng(q2 + q3,xiw,
      M3)^2*Deng(p4 + q2 + q3,xiw,M3)^2*xiw^2*ufoGC58^2*ufoGC80*ufoGC69
       - 1/8*g_(1,6_,nu10)*g_(2,6_,nu16)*FT2*g_(2,p4)*cFT(nu13,XX,i2,iufo11)*
      cFT(g7,XX,iufo11,j11)*flavourTag(fmu,j11,j12)*Vec(nu10,q2)*Vec(nu16,q2)*
      Vec(nu13,q3)*Vec(nu9,-q3)*Vec(nu9,q3)*Deng(p4,xiz,M4)*Deng(q2 + q3,xiw,
      M3)^2*Deng(p4 + q2 + q3,xiw,M3)^2*xiw^2*ufoGC58^2*ufoGC80*ufoGC69
       - 1/8*g_(1,6_,nu10)*g_(2,6_,nu16)*FT2*g_(2,p4)*cFT(nu13,XX,i2,iufo11)*
      cFT(g7,XX,iufo11,j11)*flavourTag(fmu,j11,j12)*Vec(nu10,q2)*Vec(nu16,q2)*
      Vec(nu13,q3)*Vec(nu14,q2)*Vecr(nu14,p4)*Deng(p4,xiz,M4)*Deng(q2 + q3,xiw
      ,M3)^2*Deng(p4 + q2 + q3,xiw,M3)^2*xiw^2*ufoGC58^2*ufoGC80*ufoGC69
       - 1/8*g_(1,6_,nu10)*g_(2,6_,nu16)*FT2*g_(2,p4)*cFT(nu13,XX,i2,iufo11)*
      cFT(g7,XX,iufo11,j11)*flavourTag(fmu,j11,j12)*Vec(nu10,q2)*Vec(nu16,q2)*
      Vec(nu13,q3)*Vec(nu14,q3)*Vecr(nu14,p4)*Deng(p4,xiz,M4)*Deng(q2 + q3,xiw
      ,M3)^2*Deng(p4 + q2 + q3,xiw,M3)^2*xiw^2*ufoGC58^2*ufoGC80*ufoGC69
       - 1/8*g_(1,6_,nu10)*g_(2,6_,nu16)*FT2*g_(2,p4)*cFT(nu13,XX,i2,iufo11)*
      cFT(g7,XX,iufo11,j11)*flavourTag(fmu,j11,j12)*Vec(nu10,q2)*Vec(nu16,q2)*
      Vec(nu13,q3)*Deng(p4,xiz,M4)*Deng(q2 + q3,xiw,M3)^2*Deng(p4 + q2 + q3,
      xiw,M3)^2*p4.p4*xiw^2*ufoGC58^2*ufoGC80*ufoGC69
       + 1/8*g_(1,6_,nu10)*g_(2,6_,nu16)*FT2*g_(2,p4)*cFT(nu13,XX,i2,iufo11)*
      cFT(g7,XX,iufo11,j11)*flavourTag(fmu,j11,j12)*Vec(nu10,q2)*Vec(nu16,q2)*
      Vec(nu9,q2)*Deng(p4,xiz,M4)*Deng(q2 + q3,xiw,M3)^2*Deng(p4 + q2 + q3,xiw
      ,M3)^2*p4.p4*xiw^2*ufoGC58^2*ufoGC80*ufoGC69
       + 1/8*g_(1,6_,nu10)*g_(2,6_,nu16)*FT2*g_(2,p4)*cFT(nu13,XX,i2,iufo11)*
      cFT(g7,XX,iufo11,j11)*flavourTag(fmu,j11,j12)*Vec(nu10,q2)*Vec(nu16,q2)*
      Vec(nu9,q3)*Deng(p4,xiz,M4)*Deng(q2 + q3,xiw,M3)^2*Deng(p4 + q2 + q3,xiw
      ,M3)^2*p4.p4*xiw^2*ufoGC58^2*ufoGC80*ufoGC69
       - 1/8*g_(1,6_,nu10)*g_(2,6_,nu16)*FT2*g_(2,p4)*cFT(nu13,XX,i2,iufo11)*
      cFT(g7,XX,iufo11,j11)*flavourTag(fmu,j11,j12)*Vec(nu10,q2)*Vec(nu16,q2)*
      Vec(nu9,-p4)*Vec(nu9,q2)*Vecr(nu13,p4)*Deng(p4,xiz,M4)*Deng(q2 + q3,xiw,
      M3)^2*Deng(p4 + q2 + q3,xiw,M3)^2*xiw^2*ufoGC58^2*ufoGC80*ufoGC69
       - 1/8*g_(1,6_,nu10)*g_(2,6_,nu16)*FT2*g_(2,p4)*cFT(nu13,XX,i2,iufo11)*
      cFT(g7,XX,iufo11,j11)*flavourTag(fmu,j11,j12)*Vec(nu10,q2)*Vec(nu16,q2)*
      Vec(nu9,-p4)*Vec(nu9,q3)*Vecr(nu13,p4)*Deng(p4,xiz,M4)*Deng(q2 + q3,xiw,
      M3)^2*Deng(p4 + q2 + q3,xiw,M3)^2*xiw^2*ufoGC58^2*ufoGC80*ufoGC69
       - 1/8*g_(1,6_,nu10)*g_(2,6_,nu16)*FT2*g_(2,p4)*cFT(nu13,XX,i2,iufo11)*
      cFT(g7,XX,iufo11,j11)*flavourTag(fmu,j11,j12)*Vec(nu10,q2)*Vec(nu16,q2)*
      Vec(nu9,-q2)*Vec(nu9,q2)*Vecr(nu13,p4)*Deng(p4,xiz,M4)*Deng(q2 + q3,xiw,
      M3)^2*Deng(p4 + q2 + q3,xiw,M3)^2*xiw^2*ufoGC58^2*ufoGC80*ufoGC69
       - 1/8*g_(1,6_,nu10)*g_(2,6_,nu16)*FT2*g_(2,p4)*cFT(nu13,XX,i2,iufo11)*
      cFT(g7,XX,iufo11,j11)*flavourTag(fmu,j11,j12)*Vec(nu10,q2)*Vec(nu16,q2)*
      Vec(nu9,-q2)*Vec(nu9,q3)*Vecr(nu13,p4)*Deng(p4,xiz,M4)*Deng(q2 + q3,xiw,
      M3)^2*Deng(p4 + q2 + q3,xiw,M3)^2*xiw^2*ufoGC58^2*ufoGC80*ufoGC69
       - 1/8*g_(1,6_,nu10)*g_(2,6_,nu16)*FT2*g_(2,p4)*cFT(nu13,XX,i2,iufo11)*
      cFT(g7,XX,iufo11,j11)*flavourTag(fmu,j11,j12)*Vec(nu10,q2)*Vec(nu16,q2)*
      Vec(nu9,-q3)*Vec(nu9,q2)*Vecr(nu13,p4)*Deng(p4,xiz,M4)*Deng(q2 + q3,xiw,
      M3)^2*Deng(p4 + q2 + q3,xiw,M3)^2*xiw^2*ufoGC58^2*ufoGC80*ufoGC69
       - 1/8*g_(1,6_,nu10)*g_(2,6_,nu16)*FT2*g_(2,p4)*cFT(nu13,XX,i2,iufo11)*
      cFT(g7,XX,iufo11,j11)*flavourTag(fmu,j11,j12)*Vec(nu10,q2)*Vec(nu16,q2)*
      Vec(nu9,-q3)*Vec(nu9,q3)*Vecr(nu13,p4)*Deng(p4,xiz,M4)*Deng(q2 + q3,xiw,
      M3)^2*Deng(p4 + q2 + q3,xiw,M3)^2*xiw^2*ufoGC58^2*ufoGC80*ufoGC69
       - 1/8*g_(1,6_,nu10)*g_(2,6_,nu16)*FT2*g_(2,p4)*cFT(nu13,XX,i2,iufo11)*
      cFT(g7,XX,iufo11,j11)*flavourTag(fmu,j11,j12)*Vec(nu10,q2)*Vec(nu16,q2)*
      Vec(nu14,q2)*Deng(p4,xiz,M4)*Deng(q2 + q3,xiw,M3)^2*Deng(p4 + q2 + q3,
      xiw,M3)^2*p4.p4*xiw^2*ufoGC58^2*ufoGC80*ufoGC69
       - 1/8*g_(1,6_,nu10)*g_(2,6_,nu16)*FT2*g_(2,p4)*cFT(nu13,XX,i2,iufo11)*
      cFT(g7,XX,iufo11,j11)*flavourTag(fmu,j11,j12)*Vec(nu10,q2)*Vec(nu16,q2)*
      Vec(nu14,q3)*Deng(p4,xiz,M4)*Deng(q2 + q3,xiw,M3)^2*Deng(p4 + q2 + q3,
      xiw,M3)^2*p4.p4*xiw^2*ufoGC58^2*ufoGC80*ufoGC69
       - 1/8*g_(1,6_,nu10)*g_(2,6_,nu16)*FT2*g_(2,p4)*cFT(nu13,XX,i2,iufo11)*
      cFT(g7,XX,iufo11,j11)*flavourTag(fmu,j11,j12)*Vec(nu10,q2)*Vec(nu16,q2)*
      Vecr(nu14,p4)*Deng(p4,xiz,M4)*Deng(q2 + q3,xiw,M3)^2*Deng(p4 + q2 + q3,
      xiw,M3)^2*p4.p4*xiw^2*ufoGC58^2*ufoGC80*ufoGC69
       + 1/8*g_(1,6_,nu10)*g_(2,6_,nu16)*FT2*g_(2,p4)*cFT(nu13,XX,i2,iufo11)*
      cFT(g7,XX,iufo11,j11)*flavourTag(fmu,j11,j12)*Vec(nu10,q2)*Vec(nu16,q3)*
      Vec(nu13,q2)*Vec(nu9,q2)*Vecr(nu9,p4)*Deng(p4,xiz,M4)*Deng(q2 + q3,xiw,
      M3)^2*Deng(p4 + q2 + q3,xiw,M3)^2*xiw^2*ufoGC58^2*ufoGC80*ufoGC69
       + 1/8*g_(1,6_,nu10)*g_(2,6_,nu16)*FT2*g_(2,p4)*cFT(nu13,XX,i2,iufo11)*
      cFT(g7,XX,iufo11,j11)*flavourTag(fmu,j11,j12)*Vec(nu10,q2)*Vec(nu16,q3)*
      Vec(nu13,q2)*Vec(nu9,q3)*Vecr(nu9,p4)*Deng(p4,xiz,M4)*Deng(q2 + q3,xiw,
      M3)^2*Deng(p4 + q2 + q3,xiw,M3)^2*xiw^2*ufoGC58^2*ufoGC80*ufoGC69
       - 1/8*g_(1,6_,nu10)*g_(2,6_,nu16)*FT2*g_(2,p4)*cFT(nu13,XX,i2,iufo11)*
      cFT(g7,XX,iufo11,j11)*flavourTag(fmu,j11,j12)*Vec(nu10,q2)*Vec(nu16,q3)*
      Vec(nu13,q2)*Vec(nu9,-p4)*Vec(nu9,q2)*Deng(p4,xiz,M4)*Deng(q2 + q3,xiw,
      M3)^2*Deng(p4 + q2 + q3,xiw,M3)^2*xiw^2*ufoGC58^2*ufoGC80*ufoGC69
       - 1/8*g_(1,6_,nu10)*g_(2,6_,nu16)*FT2*g_(2,p4)*cFT(nu13,XX,i2,iufo11)*
      cFT(g7,XX,iufo11,j11)*flavourTag(fmu,j11,j12)*Vec(nu10,q2)*Vec(nu16,q3)*
      Vec(nu13,q2)*Vec(nu9,-p4)*Vec(nu9,q3)*Deng(p4,xiz,M4)*Deng(q2 + q3,xiw,
      M3)^2*Deng(p4 + q2 + q3,xiw,M3)^2*xiw^2*ufoGC58^2*ufoGC80*ufoGC69
       - 1/8*g_(1,6_,nu10)*g_(2,6_,nu16)*FT2*g_(2,p4)*cFT(nu13,XX,i2,iufo11)*
      cFT(g7,XX,iufo11,j11)*flavourTag(fmu,j11,j12)*Vec(nu10,q2)*Vec(nu16,q3)*
      Vec(nu13,q2)*Vec(nu9,-q2)*Vec(nu9,q2)*Deng(p4,xiz,M4)*Deng(q2 + q3,xiw,
      M3)^2*Deng(p4 + q2 + q3,xiw,M3)^2*xiw^2*ufoGC58^2*ufoGC80*ufoGC69
       - 1/8*g_(1,6_,nu10)*g_(2,6_,nu16)*FT2*g_(2,p4)*cFT(nu13,XX,i2,iufo11)*
      cFT(g7,XX,iufo11,j11)*flavourTag(fmu,j11,j12)*Vec(nu10,q2)*Vec(nu16,q3)*
      Vec(nu13,q2)*Vec(nu9,-q2)*Vec(nu9,q3)*Deng(p4,xiz,M4)*Deng(q2 + q3,xiw,
      M3)^2*Deng(p4 + q2 + q3,xiw,M3)^2*xiw^2*ufoGC58^2*ufoGC80*ufoGC69
       - 1/8*g_(1,6_,nu10)*g_(2,6_,nu16)*FT2*g_(2,p4)*cFT(nu13,XX,i2,iufo11)*
      cFT(g7,XX,iufo11,j11)*flavourTag(fmu,j11,j12)*Vec(nu10,q2)*Vec(nu16,q3)*
      Vec(nu13,q2)*Vec(nu9,-q3)*Vec(nu9,q2)*Deng(p4,xiz,M4)*Deng(q2 + q3,xiw,
      M3)^2*Deng(p4 + q2 + q3,xiw,M3)^2*xiw^2*ufoGC58^2*ufoGC80*ufoGC69
       - 1/8*g_(1,6_,nu10)*g_(2,6_,nu16)*FT2*g_(2,p4)*cFT(nu13,XX,i2,iufo11)*
      cFT(g7,XX,iufo11,j11)*flavourTag(fmu,j11,j12)*Vec(nu10,q2)*Vec(nu16,q3)*
      Vec(nu13,q2)*Vec(nu9,-q3)*Vec(nu9,q3)*Deng(p4,xiz,M4)*Deng(q2 + q3,xiw,
      M3)^2*Deng(p4 + q2 + q3,xiw,M3)^2*xiw^2*ufoGC58^2*ufoGC80*ufoGC69
       - 1/8*g_(1,6_,nu10)*g_(2,6_,nu16)*FT2*g_(2,p4)*cFT(nu13,XX,i2,iufo11)*
      cFT(g7,XX,iufo11,j11)*flavourTag(fmu,j11,j12)*Vec(nu10,q2)*Vec(nu16,q3)*
      Vec(nu13,q2)*Vec(nu14,q2)*Vecr(nu14,p4)*Deng(p4,xiz,M4)*Deng(q2 + q3,xiw
      ,M3)^2*Deng(p4 + q2 + q3,xiw,M3)^2*xiw^2*ufoGC58^2*ufoGC80*ufoGC69
       - 1/8*g_(1,6_,nu10)*g_(2,6_,nu16)*FT2*g_(2,p4)*cFT(nu13,XX,i2,iufo11)*
      cFT(g7,XX,iufo11,j11)*flavourTag(fmu,j11,j12)*Vec(nu10,q2)*Vec(nu16,q3)*
      Vec(nu13,q2)*Vec(nu14,q3)*Vecr(nu14,p4)*Deng(p4,xiz,M4)*Deng(q2 + q3,xiw
      ,M3)^2*Deng(p4 + q2 + q3,xiw,M3)^2*xiw^2*ufoGC58^2*ufoGC80*ufoGC69
       - 1/8*g_(1,6_,nu10)*g_(2,6_,nu16)*FT2*g_(2,p4)*cFT(nu13,XX,i2,iufo11)*
      cFT(g7,XX,iufo11,j11)*flavourTag(fmu,j11,j12)*Vec(nu10,q2)*Vec(nu16,q3)*
      Vec(nu13,q2)*Deng(p4,xiz,M4)*Deng(q2 + q3,xiw,M3)^2*Deng(p4 + q2 + q3,
      xiw,M3)^2*p4.p4*xiw^2*ufoGC58^2*ufoGC80*ufoGC69
       + 1/8*g_(1,6_,nu10)*g_(2,6_,nu16)*FT2*g_(2,p4)*cFT(nu13,XX,i2,iufo11)*
      cFT(g7,XX,iufo11,j11)*flavourTag(fmu,j11,j12)*Vec(nu10,q2)*Vec(nu16,q3)*
      Vec(nu13,q3)*Vec(nu9,q2)*Vecr(nu9,p4)*Deng(p4,xiz,M4)*Deng(q2 + q3,xiw,
      M3)^2*Deng(p4 + q2 + q3,xiw,M3)^2*xiw^2*ufoGC58^2*ufoGC80*ufoGC69
       + 1/8*g_(1,6_,nu10)*g_(2,6_,nu16)*FT2*g_(2,p4)*cFT(nu13,XX,i2,iufo11)*
      cFT(g7,XX,iufo11,j11)*flavourTag(fmu,j11,j12)*Vec(nu10,q2)*Vec(nu16,q3)*
      Vec(nu13,q3)*Vec(nu9,q3)*Vecr(nu9,p4)*Deng(p4,xiz,M4)*Deng(q2 + q3,xiw,
      M3)^2*Deng(p4 + q2 + q3,xiw,M3)^2*xiw^2*ufoGC58^2*ufoGC80*ufoGC69
       - 1/8*g_(1,6_,nu10)*g_(2,6_,nu16)*FT2*g_(2,p4)*cFT(nu13,XX,i2,iufo11)*
      cFT(g7,XX,iufo11,j11)*flavourTag(fmu,j11,j12)*Vec(nu10,q2)*Vec(nu16,q3)*
      Vec(nu13,q3)*Vec(nu9,-p4)*Vec(nu9,q2)*Deng(p4,xiz,M4)*Deng(q2 + q3,xiw,
      M3)^2*Deng(p4 + q2 + q3,xiw,M3)^2*xiw^2*ufoGC58^2*ufoGC80*ufoGC69
       - 1/8*g_(1,6_,nu10)*g_(2,6_,nu16)*FT2*g_(2,p4)*cFT(nu13,XX,i2,iufo11)*
      cFT(g7,XX,iufo11,j11)*flavourTag(fmu,j11,j12)*Vec(nu10,q2)*Vec(nu16,q3)*
      Vec(nu13,q3)*Vec(nu9,-p4)*Vec(nu9,q3)*Deng(p4,xiz,M4)*Deng(q2 + q3,xiw,
      M3)^2*Deng(p4 + q2 + q3,xiw,M3)^2*xiw^2*ufoGC58^2*ufoGC80*ufoGC69
       - 1/8*g_(1,6_,nu10)*g_(2,6_,nu16)*FT2*g_(2,p4)*cFT(nu13,XX,i2,iufo11)*
      cFT(g7,XX,iufo11,j11)*flavourTag(fmu,j11,j12)*Vec(nu10,q2)*Vec(nu16,q3)*
      Vec(nu13,q3)*Vec(nu9,-q2)*Vec(nu9,q2)*Deng(p4,xiz,M4)*Deng(q2 + q3,xiw,
      M3)^2*Deng(p4 + q2 + q3,xiw,M3)^2*xiw^2*ufoGC58^2*ufoGC80*ufoGC69
       - 1/8*g_(1,6_,nu10)*g_(2,6_,nu16)*FT2*g_(2,p4)*cFT(nu13,XX,i2,iufo11)*
      cFT(g7,XX,iufo11,j11)*flavourTag(fmu,j11,j12)*Vec(nu10,q2)*Vec(nu16,q3)*
      Vec(nu13,q3)*Vec(nu9,-q2)*Vec(nu9,q3)*Deng(p4,xiz,M4)*Deng(q2 + q3,xiw,
      M3)^2*Deng(p4 + q2 + q3,xiw,M3)^2*xiw^2*ufoGC58^2*ufoGC80*ufoGC69
       - 1/8*g_(1,6_,nu10)*g_(2,6_,nu16)*FT2*g_(2,p4)*cFT(nu13,XX,i2,iufo11)*
      cFT(g7,XX,iufo11,j11)*flavourTag(fmu,j11,j12)*Vec(nu10,q2)*Vec(nu16,q3)*
      Vec(nu13,q3)*Vec(nu9,-q3)*Vec(nu9,q2)*Deng(p4,xiz,M4)*Deng(q2 + q3,xiw,
      M3)^2*Deng(p4 + q2 + q3,xiw,M3)^2*xiw^2*ufoGC58^2*ufoGC80*ufoGC69
       - 1/8*g_(1,6_,nu10)*g_(2,6_,nu16)*FT2*g_(2,p4)*cFT(nu13,XX,i2,iufo11)*
      cFT(g7,XX,iufo11,j11)*flavourTag(fmu,j11,j12)*Vec(nu10,q2)*Vec(nu16,q3)*
      Vec(nu13,q3)*Vec(nu9,-q3)*Vec(nu9,q3)*Deng(p4,xiz,M4)*Deng(q2 + q3,xiw,
      M3)^2*Deng(p4 + q2 + q3,xiw,M3)^2*xiw^2*ufoGC58^2*ufoGC80*ufoGC69
       - 1/8*g_(1,6_,nu10)*g_(2,6_,nu16)*FT2*g_(2,p4)*cFT(nu13,XX,i2,iufo11)*
      cFT(g7,XX,iufo11,j11)*flavourTag(fmu,j11,j12)*Vec(nu10,q2)*Vec(nu16,q3)*
      Vec(nu13,q3)*Vec(nu14,q2)*Vecr(nu14,p4)*Deng(p4,xiz,M4)*Deng(q2 + q3,xiw
      ,M3)^2*Deng(p4 + q2 + q3,xiw,M3)^2*xiw^2*ufoGC58^2*ufoGC80*ufoGC69
       - 1/8*g_(1,6_,nu10)*g_(2,6_,nu16)*FT2*g_(2,p4)*cFT(nu13,XX,i2,iufo11)*
      cFT(g7,XX,iufo11,j11)*flavourTag(fmu,j11,j12)*Vec(nu10,q2)*Vec(nu16,q3)*
      Vec(nu13,q3)*Vec(nu14,q3)*Vecr(nu14,p4)*Deng(p4,xiz,M4)*Deng(q2 + q3,xiw
      ,M3)^2*Deng(p4 + q2 + q3,xiw,M3)^2*xiw^2*ufoGC58^2*ufoGC80*ufoGC69
       - 1/8*g_(1,6_,nu10)*g_(2,6_,nu16)*FT2*g_(2,p4)*cFT(nu13,XX,i2,iufo11)*
      cFT(g7,XX,iufo11,j11)*flavourTag(fmu,j11,j12)*Vec(nu10,q2)*Vec(nu16,q3)*
      Vec(nu13,q3)*Deng(p4,xiz,M4)*Deng(q2 + q3,xiw,M3)^2*Deng(p4 + q2 + q3,
      xiw,M3)^2*p4.p4*xiw^2*ufoGC58^2*ufoGC80*ufoGC69
       + 1/8*g_(1,6_,nu10)*g_(2,6_,nu16)*FT2*g_(2,p4)*cFT(nu13,XX,i2,iufo11)*
      cFT(g7,XX,iufo11,j11)*flavourTag(fmu,j11,j12)*Vec(nu10,q2)*Vec(nu16,q3)*
      Vec(nu9,q2)*Deng(p4,xiz,M4)*Deng(q2 + q3,xiw,M3)^2*Deng(p4 + q2 + q3,xiw
      ,M3)^2*p4.p4*xiw^2*ufoGC58^2*ufoGC80*ufoGC69
       + 1/8*g_(1,6_,nu10)*g_(2,6_,nu16)*FT2*g_(2,p4)*cFT(nu13,XX,i2,iufo11)*
      cFT(g7,XX,iufo11,j11)*flavourTag(fmu,j11,j12)*Vec(nu10,q2)*Vec(nu16,q3)*
      Vec(nu9,q3)*Deng(p4,xiz,M4)*Deng(q2 + q3,xiw,M3)^2*Deng(p4 + q2 + q3,xiw
      ,M3)^2*p4.p4*xiw^2*ufoGC58^2*ufoGC80*ufoGC69
       - 1/8*g_(1,6_,nu10)*g_(2,6_,nu16)*FT2*g_(2,p4)*cFT(nu13,XX,i2,iufo11)*
      cFT(g7,XX,iufo11,j11)*flavourTag(fmu,j11,j12)*Vec(nu10,q2)*Vec(nu16,q3)*
      Vec(nu9,-p4)*Vec(nu9,q2)*Vecr(nu13,p4)*Deng(p4,xiz,M4)*Deng(q2 + q3,xiw,
      M3)^2*Deng(p4 + q2 + q3,xiw,M3)^2*xiw^2*ufoGC58^2*ufoGC80*ufoGC69
       - 1/8*g_(1,6_,nu10)*g_(2,6_,nu16)*FT2*g_(2,p4)*cFT(nu13,XX,i2,iufo11)*
      cFT(g7,XX,iufo11,j11)*flavourTag(fmu,j11,j12)*Vec(nu10,q2)*Vec(nu16,q3)*
      Vec(nu9,-p4)*Vec(nu9,q3)*Vecr(nu13,p4)*Deng(p4,xiz,M4)*Deng(q2 + q3,xiw,
      M3)^2*Deng(p4 + q2 + q3,xiw,M3)^2*xiw^2*ufoGC58^2*ufoGC80*ufoGC69
       - 1/8*g_(1,6_,nu10)*g_(2,6_,nu16)*FT2*g_(2,p4)*cFT(nu13,XX,i2,iufo11)*
      cFT(g7,XX,iufo11,j11)*flavourTag(fmu,j11,j12)*Vec(nu10,q2)*Vec(nu16,q3)*
      Vec(nu9,-q2)*Vec(nu9,q2)*Vecr(nu13,p4)*Deng(p4,xiz,M4)*Deng(q2 + q3,xiw,
      M3)^2*Deng(p4 + q2 + q3,xiw,M3)^2*xiw^2*ufoGC58^2*ufoGC80*ufoGC69
       - 1/8*g_(1,6_,nu10)*g_(2,6_,nu16)*FT2*g_(2,p4)*cFT(nu13,XX,i2,iufo11)*
      cFT(g7,XX,iufo11,j11)*flavourTag(fmu,j11,j12)*Vec(nu10,q2)*Vec(nu16,q3)*
      Vec(nu9,-q2)*Vec(nu9,q3)*Vecr(nu13,p4)*Deng(p4,xiz,M4)*Deng(q2 + q3,xiw,
      M3)^2*Deng(p4 + q2 + q3,xiw,M3)^2*xiw^2*ufoGC58^2*ufoGC80*ufoGC69
       - 1/8*g_(1,6_,nu10)*g_(2,6_,nu16)*FT2*g_(2,p4)*cFT(nu13,XX,i2,iufo11)*
      cFT(g7,XX,iufo11,j11)*flavourTag(fmu,j11,j12)*Vec(nu10,q2)*Vec(nu16,q3)*
      Vec(nu9,-q3)*Vec(nu9,q2)*Vecr(nu13,p4)*Deng(p4,xiz,M4)*Deng(q2 + q3,xiw,
      M3)^2*Deng(p4 + q2 + q3,xiw,M3)^2*xiw^2*ufoGC58^2*ufoGC80*ufoGC69
       - 1/8*g_(1,6_,nu10)*g_(2,6_,nu16)*FT2*g_(2,p4)*cFT(nu13,XX,i2,iufo11)*
      cFT(g7,XX,iufo11,j11)*flavourTag(fmu,j11,j12)*Vec(nu10,q2)*Vec(nu16,q3)*
      Vec(nu9,-q3)*Vec(nu9,q3)*Vecr(nu13,p4)*Deng(p4,xiz,M4)*Deng(q2 + q3,xiw,
      M3)^2*Deng(p4 + q2 + q3,xiw,M3)^2*xiw^2*ufoGC58^2*ufoGC80*ufoGC69
       - 1/8*g_(1,6_,nu10)*g_(2,6_,nu16)*FT2*g_(2,p4)*cFT(nu13,XX,i2,iufo11)*
      cFT(g7,XX,iufo11,j11)*flavourTag(fmu,j11,j12)*Vec(nu10,q2)*Vec(nu16,q3)*
      Vec(nu14,q2)*Deng(p4,xiz,M4)*Deng(q2 + q3,xiw,M3)^2*Deng(p4 + q2 + q3,
      xiw,M3)^2*p4.p4*xiw^2*ufoGC58^2*ufoGC80*ufoGC69
       - 1/8*g_(1,6_,nu10)*g_(2,6_,nu16)*FT2*g_(2,p4)*cFT(nu13,XX,i2,iufo11)*
      cFT(g7,XX,iufo11,j11)*flavourTag(fmu,j11,j12)*Vec(nu10,q2)*Vec(nu16,q3)*
      Vec(nu14,q3)*Deng(p4,xiz,M4)*Deng(q2 + q3,xiw,M3)^2*Deng(p4 + q2 + q3,
      xiw,M3)^2*p4.p4*xiw^2*ufoGC58^2*ufoGC80*ufoGC69
       - 1/8*g_(1,6_,nu10)*g_(2,6_,nu16)*FT2*g_(2,p4)*cFT(nu13,XX,i2,iufo11)*
      cFT(g7,XX,iufo11,j11)*flavourTag(fmu,j11,j12)*Vec(nu10,q2)*Vec(nu16,q3)*
      Vecr(nu14,p4)*Deng(p4,xiz,M4)*Deng(q2 + q3,xiw,M3)^2*Deng(p4 + q2 + q3,
      xiw,M3)^2*p4.p4*xiw^2*ufoGC58^2*ufoGC80*ufoGC69
       + 1/8*g_(1,6_,nu10)*g_(2,6_,nu16)*FT2*g_(2,p4)*cFT(nu13,XX,i2,iufo11)*
      cFT(g7,XX,iufo11,j11)*flavourTag(fmu,j11,j12)*Vec(nu10,q2)*Vec(nu16,-p4)
      *Vec(nu13,q2)*Vec(nu14,q2)^2*Deng(p4,xiz,M4)*Deng(q2 + q3,xiw,M3)^2*
      Deng(p4 + q2 + q3,xiw,M3)^2*xiw^2*ufoGC58^2*ufoGC80*ufoGC69
       + 1/4*g_(1,6_,nu10)*g_(2,6_,nu16)*FT2*g_(2,p4)*cFT(nu13,XX,i2,iufo11)*
      cFT(g7,XX,iufo11,j11)*flavourTag(fmu,j11,j12)*Vec(nu10,q2)*Vec(nu16,-p4)
      *Vec(nu13,q2)*Vec(nu14,q2)*Vec(nu14,q3)*Deng(p4,xiz,M4)*Deng(q2 + q3,xiw
      ,M3)^2*Deng(p4 + q2 + q3,xiw,M3)^2*xiw^2*ufoGC58^2*ufoGC80*ufoGC69
       + 1/8*g_(1,6_,nu10)*g_(2,6_,nu16)*FT2*g_(2,p4)*cFT(nu13,XX,i2,iufo11)*
      cFT(g7,XX,iufo11,j11)*flavourTag(fmu,j11,j12)*Vec(nu10,q2)*Vec(nu16,-p4)
      *Vec(nu13,q2)*Vec(nu14,q2)*Vecr(nu14,p4)*Deng(p4,xiz,M4)*Deng(q2 + q3,
      xiw,M3)^2*Deng(p4 + q2 + q3,xiw,M3)^2*xiw^2*ufoGC58^2*ufoGC80*ufoGC69
       + 1/8*g_(1,6_,nu10)*g_(2,6_,nu16)*FT2*g_(2,p4)*cFT(nu13,XX,i2,iufo11)*
      cFT(g7,XX,iufo11,j11)*flavourTag(fmu,j11,j12)*Vec(nu10,q2)*Vec(nu16,-p4)
      *Vec(nu13,q2)*Vec(nu14,q3)^2*Deng(p4,xiz,M4)*Deng(q2 + q3,xiw,M3)^2*
      Deng(p4 + q2 + q3,xiw,M3)^2*xiw^2*ufoGC58^2*ufoGC80*ufoGC69
       + 1/8*g_(1,6_,nu10)*g_(2,6_,nu16)*FT2*g_(2,p4)*cFT(nu13,XX,i2,iufo11)*
      cFT(g7,XX,iufo11,j11)*flavourTag(fmu,j11,j12)*Vec(nu10,q2)*Vec(nu16,-p4)
      *Vec(nu13,q2)*Vec(nu14,q3)*Vecr(nu14,p4)*Deng(p4,xiz,M4)*Deng(q2 + q3,
      xiw,M3)^2*Deng(p4 + q2 + q3,xiw,M3)^2*xiw^2*ufoGC58^2*ufoGC80*ufoGC69
       + 1/8*g_(1,6_,nu10)*g_(2,6_,nu16)*FT2*g_(2,p4)*cFT(nu13,XX,i2,iufo11)*
      cFT(g7,XX,iufo11,j11)*flavourTag(fmu,j11,j12)*Vec(nu10,q2)*Vec(nu16,-p4)
      *Vec(nu13,q3)*Vec(nu14,q2)^2*Deng(p4,xiz,M4)*Deng(q2 + q3,xiw,M3)^2*
      Deng(p4 + q2 + q3,xiw,M3)^2*xiw^2*ufoGC58^2*ufoGC80*ufoGC69
       + 1/4*g_(1,6_,nu10)*g_(2,6_,nu16)*FT2*g_(2,p4)*cFT(nu13,XX,i2,iufo11)*
      cFT(g7,XX,iufo11,j11)*flavourTag(fmu,j11,j12)*Vec(nu10,q2)*Vec(nu16,-p4)
      *Vec(nu13,q3)*Vec(nu14,q2)*Vec(nu14,q3)*Deng(p4,xiz,M4)*Deng(q2 + q3,xiw
      ,M3)^2*Deng(p4 + q2 + q3,xiw,M3)^2*xiw^2*ufoGC58^2*ufoGC80*ufoGC69
       + 1/8*g_(1,6_,nu10)*g_(2,6_,nu16)*FT2*g_(2,p4)*cFT(nu13,XX,i2,iufo11)*
      cFT(g7,XX,iufo11,j11)*flavourTag(fmu,j11,j12)*Vec(nu10,q2)*Vec(nu16,-p4)
      *Vec(nu13,q3)*Vec(nu14,q2)*Vecr(nu14,p4)*Deng(p4,xiz,M4)*Deng(q2 + q3,
      xiw,M3)^2*Deng(p4 + q2 + q3,xiw,M3)^2*xiw^2*ufoGC58^2*ufoGC80*ufoGC69
       + 1/8*g_(1,6_,nu10)*g_(2,6_,nu16)*FT2*g_(2,p4)*cFT(nu13,XX,i2,iufo11)*
      cFT(g7,XX,iufo11,j11)*flavourTag(fmu,j11,j12)*Vec(nu10,q2)*Vec(nu16,-p4)
      *Vec(nu13,q3)*Vec(nu14,q3)^2*Deng(p4,xiz,M4)*Deng(q2 + q3,xiw,M3)^2*
      Deng(p4 + q2 + q3,xiw,M3)^2*xiw^2*ufoGC58^2*ufoGC80*ufoGC69
       + 1/8*g_(1,6_,nu10)*g_(2,6_,nu16)*FT2*g_(2,p4)*cFT(nu13,XX,i2,iufo11)*
      cFT(g7,XX,iufo11,j11)*flavourTag(fmu,j11,j12)*Vec(nu10,q2)*Vec(nu16,-p4)
      *Vec(nu13,q3)*Vec(nu14,q3)*Vecr(nu14,p4)*Deng(p4,xiz,M4)*Deng(q2 + q3,
      xiw,M3)^2*Deng(p4 + q2 + q3,xiw,M3)^2*xiw^2*ufoGC58^2*ufoGC80*ufoGC69
       + 1/8*g_(1,6_,nu10)*g_(2,6_,nu16)*FT2*g_(2,p4)*cFT(nu13,XX,i2,iufo11)*
      cFT(g7,XX,iufo11,j11)*flavourTag(fmu,j11,j12)*Vec(nu10,q2)*Vec(nu16,-p4)
      *Vec(nu14,q2)^2*Vecr(nu13,p4)*Deng(p4,xiz,M4)*Deng(q2 + q3,xiw,M3)^2*
      Deng(p4 + q2 + q3,xiw,M3)^2*xiw^2*ufoGC58^2*ufoGC80*ufoGC69
       + 1/4*g_(1,6_,nu10)*g_(2,6_,nu16)*FT2*g_(2,p4)*cFT(nu13,XX,i2,iufo11)*
      cFT(g7,XX,iufo11,j11)*flavourTag(fmu,j11,j12)*Vec(nu10,q2)*Vec(nu16,-p4)
      *Vec(nu14,q2)*Vec(nu14,q3)*Vecr(nu13,p4)*Deng(p4,xiz,M4)*Deng(q2 + q3,
      xiw,M3)^2*Deng(p4 + q2 + q3,xiw,M3)^2*xiw^2*ufoGC58^2*ufoGC80*ufoGC69
       + 1/8*g_(1,6_,nu10)*g_(2,6_,nu16)*FT2*g_(2,p4)*cFT(nu13,XX,i2,iufo11)*
      cFT(g7,XX,iufo11,j11)*flavourTag(fmu,j11,j12)*Vec(nu10,q2)*Vec(nu16,-p4)
      *Vec(nu14,q2)*Deng(p4,xiz,M4)*Deng(q2 + q3,xiw,M3)^2*Deng(p4 + q2 + q3,
      xiw,M3)^2*p4.p4*xiw^2*ufoGC58^2*ufoGC80*ufoGC69
       + 1/8*g_(1,6_,nu10)*g_(2,6_,nu16)*FT2*g_(2,p4)*cFT(nu13,XX,i2,iufo11)*
      cFT(g7,XX,iufo11,j11)*flavourTag(fmu,j11,j12)*Vec(nu10,q2)*Vec(nu16,-p4)
      *Vec(nu14,q3)^2*Vecr(nu13,p4)*Deng(p4,xiz,M4)*Deng(q2 + q3,xiw,M3)^2*
      Deng(p4 + q2 + q3,xiw,M3)^2*xiw^2*ufoGC58^2*ufoGC80*ufoGC69
       + 1/8*g_(1,6_,nu10)*g_(2,6_,nu16)*FT2*g_(2,p4)*cFT(nu13,XX,i2,iufo11)*
      cFT(g7,XX,iufo11,j11)*flavourTag(fmu,j11,j12)*Vec(nu10,q2)*Vec(nu16,-p4)
      *Vec(nu14,q3)*Deng(p4,xiz,M4)*Deng(q2 + q3,xiw,M3)^2*Deng(p4 + q2 + q3,
      xiw,M3)^2*p4.p4*xiw^2*ufoGC58^2*ufoGC80*ufoGC69
       + 1/8*g_(1,6_,nu10)*g_(2,6_,nu16)*FT2*g_(2,p4)*cFT(nu13,XX,i2,iufo11)*
      cFT(g7,XX,iufo11,j11)*flavourTag(fmu,j11,j12)*Vec(nu10,q2)*Vec(nu16,-q2)
      *Vec(nu13,q2)*Vec(nu14,q2)^2*Deng(p4,xiz,M4)*Deng(q2 + q3,xiw,M3)^2*
      Deng(p4 + q2 + q3,xiw,M3)^2*xiw^2*ufoGC58^2*ufoGC80*ufoGC69
       + 1/4*g_(1,6_,nu10)*g_(2,6_,nu16)*FT2*g_(2,p4)*cFT(nu13,XX,i2,iufo11)*
      cFT(g7,XX,iufo11,j11)*flavourTag(fmu,j11,j12)*Vec(nu10,q2)*Vec(nu16,-q2)
      *Vec(nu13,q2)*Vec(nu14,q2)*Vec(nu14,q3)*Deng(p4,xiz,M4)*Deng(q2 + q3,xiw
      ,M3)^2*Deng(p4 + q2 + q3,xiw,M3)^2*xiw^2*ufoGC58^2*ufoGC80*ufoGC69
       + 1/8*g_(1,6_,nu10)*g_(2,6_,nu16)*FT2*g_(2,p4)*cFT(nu13,XX,i2,iufo11)*
      cFT(g7,XX,iufo11,j11)*flavourTag(fmu,j11,j12)*Vec(nu10,q2)*Vec(nu16,-q2)
      *Vec(nu13,q2)*Vec(nu14,q2)*Vecr(nu14,p4)*Deng(p4,xiz,M4)*Deng(q2 + q3,
      xiw,M3)^2*Deng(p4 + q2 + q3,xiw,M3)^2*xiw^2*ufoGC58^2*ufoGC80*ufoGC69
       + 1/8*g_(1,6_,nu10)*g_(2,6_,nu16)*FT2*g_(2,p4)*cFT(nu13,XX,i2,iufo11)*
      cFT(g7,XX,iufo11,j11)*flavourTag(fmu,j11,j12)*Vec(nu10,q2)*Vec(nu16,-q2)
      *Vec(nu13,q2)*Vec(nu14,q3)^2*Deng(p4,xiz,M4)*Deng(q2 + q3,xiw,M3)^2*
      Deng(p4 + q2 + q3,xiw,M3)^2*xiw^2*ufoGC58^2*ufoGC80*ufoGC69
       + 1/8*g_(1,6_,nu10)*g_(2,6_,nu16)*FT2*g_(2,p4)*cFT(nu13,XX,i2,iufo11)*
      cFT(g7,XX,iufo11,j11)*flavourTag(fmu,j11,j12)*Vec(nu10,q2)*Vec(nu16,-q2)
      *Vec(nu13,q2)*Vec(nu14,q3)*Vecr(nu14,p4)*Deng(p4,xiz,M4)*Deng(q2 + q3,
      xiw,M3)^2*Deng(p4 + q2 + q3,xiw,M3)^2*xiw^2*ufoGC58^2*ufoGC80*ufoGC69
       + 1/8*g_(1,6_,nu10)*g_(2,6_,nu16)*FT2*g_(2,p4)*cFT(nu13,XX,i2,iufo11)*
      cFT(g7,XX,iufo11,j11)*flavourTag(fmu,j11,j12)*Vec(nu10,q2)*Vec(nu16,-q2)
      *Vec(nu13,q3)*Vec(nu14,q2)^2*Deng(p4,xiz,M4)*Deng(q2 + q3,xiw,M3)^2*
      Deng(p4 + q2 + q3,xiw,M3)^2*xiw^2*ufoGC58^2*ufoGC80*ufoGC69
       + 1/4*g_(1,6_,nu10)*g_(2,6_,nu16)*FT2*g_(2,p4)*cFT(nu13,XX,i2,iufo11)*
      cFT(g7,XX,iufo11,j11)*flavourTag(fmu,j11,j12)*Vec(nu10,q2)*Vec(nu16,-q2)
      *Vec(nu13,q3)*Vec(nu14,q2)*Vec(nu14,q3)*Deng(p4,xiz,M4)*Deng(q2 + q3,xiw
      ,M3)^2*Deng(p4 + q2 + q3,xiw,M3)^2*xiw^2*ufoGC58^2*ufoGC80*ufoGC69
       + 1/8*g_(1,6_,nu10)*g_(2,6_,nu16)*FT2*g_(2,p4)*cFT(nu13,XX,i2,iufo11)*
      cFT(g7,XX,iufo11,j11)*flavourTag(fmu,j11,j12)*Vec(nu10,q2)*Vec(nu16,-q2)
      *Vec(nu13,q3)*Vec(nu14,q2)*Vecr(nu14,p4)*Deng(p4,xiz,M4)*Deng(q2 + q3,
      xiw,M3)^2*Deng(p4 + q2 + q3,xiw,M3)^2*xiw^2*ufoGC58^2*ufoGC80*ufoGC69
       + 1/8*g_(1,6_,nu10)*g_(2,6_,nu16)*FT2*g_(2,p4)*cFT(nu13,XX,i2,iufo11)*
      cFT(g7,XX,iufo11,j11)*flavourTag(fmu,j11,j12)*Vec(nu10,q2)*Vec(nu16,-q2)
      *Vec(nu13,q3)*Vec(nu14,q3)^2*Deng(p4,xiz,M4)*Deng(q2 + q3,xiw,M3)^2*
      Deng(p4 + q2 + q3,xiw,M3)^2*xiw^2*ufoGC58^2*ufoGC80*ufoGC69
       + 1/8*g_(1,6_,nu10)*g_(2,6_,nu16)*FT2*g_(2,p4)*cFT(nu13,XX,i2,iufo11)*
      cFT(g7,XX,iufo11,j11)*flavourTag(fmu,j11,j12)*Vec(nu10,q2)*Vec(nu16,-q2)
      *Vec(nu13,q3)*Vec(nu14,q3)*Vecr(nu14,p4)*Deng(p4,xiz,M4)*Deng(q2 + q3,
      xiw,M3)^2*Deng(p4 + q2 + q3,xiw,M3)^2*xiw^2*ufoGC58^2*ufoGC80*ufoGC69
       + 1/8*g_(1,6_,nu10)*g_(2,6_,nu16)*FT2*g_(2,p4)*cFT(nu13,XX,i2,iufo11)*
      cFT(g7,XX,iufo11,j11)*flavourTag(fmu,j11,j12)*Vec(nu10,q2)*Vec(nu16,-q2)
      *Vec(nu14,q2)^2*Vecr(nu13,p4)*Deng(p4,xiz,M4)*Deng(q2 + q3,xiw,M3)^2*
      Deng(p4 + q2 + q3,xiw,M3)^2*xiw^2*ufoGC58^2*ufoGC80*ufoGC69
       + 1/4*g_(1,6_,nu10)*g_(2,6_,nu16)*FT2*g_(2,p4)*cFT(nu13,XX,i2,iufo11)*
      cFT(g7,XX,iufo11,j11)*flavourTag(fmu,j11,j12)*Vec(nu10,q2)*Vec(nu16,-q2)
      *Vec(nu14,q2)*Vec(nu14,q3)*Vecr(nu13,p4)*Deng(p4,xiz,M4)*Deng(q2 + q3,
      xiw,M3)^2*Deng(p4 + q2 + q3,xiw,M3)^2*xiw^2*ufoGC58^2*ufoGC80*ufoGC69
       + 1/8*g_(1,6_,nu10)*g_(2,6_,nu16)*FT2*g_(2,p4)*cFT(nu13,XX,i2,iufo11)*
      cFT(g7,XX,iufo11,j11)*flavourTag(fmu,j11,j12)*Vec(nu10,q2)*Vec(nu16,-q2)
      *Vec(nu14,q2)*Deng(p4,xiz,M4)*Deng(q2 + q3,xiw,M3)^2*Deng(p4 + q2 + q3,
      xiw,M3)^2*p4.p4*xiw^2*ufoGC58^2*ufoGC80*ufoGC69
       + 1/8*g_(1,6_,nu10)*g_(2,6_,nu16)*FT2*g_(2,p4)*cFT(nu13,XX,i2,iufo11)*
      cFT(g7,XX,iufo11,j11)*flavourTag(fmu,j11,j12)*Vec(nu10,q2)*Vec(nu16,-q2)
      *Vec(nu14,q3)^2*Vecr(nu13,p4)*Deng(p4,xiz,M4)*Deng(q2 + q3,xiw,M3)^2*
      Deng(p4 + q2 + q3,xiw,M3)^2*xiw^2*ufoGC58^2*ufoGC80*ufoGC69
       + 1/8*g_(1,6_,nu10)*g_(2,6_,nu16)*FT2*g_(2,p4)*cFT(nu13,XX,i2,iufo11)*
      cFT(g7,XX,iufo11,j11)*flavourTag(fmu,j11,j12)*Vec(nu10,q2)*Vec(nu16,-q2)
      *Vec(nu14,q3)*Deng(p4,xiz,M4)*Deng(q2 + q3,xiw,M3)^2*Deng(p4 + q2 + q3,
      xiw,M3)^2*p4.p4*xiw^2*ufoGC58^2*ufoGC80*ufoGC69
       + 1/8*g_(1,6_,nu10)*g_(2,6_,nu16)*FT2*g_(2,p4)*cFT(nu13,XX,i2,iufo11)*
      cFT(g7,XX,iufo11,j11)*flavourTag(fmu,j11,j12)*Vec(nu10,q2)*Vec(nu16,-q3)
      *Vec(nu13,q2)*Vec(nu14,q2)^2*Deng(p4,xiz,M4)*Deng(q2 + q3,xiw,M3)^2*
      Deng(p4 + q2 + q3,xiw,M3)^2*xiw^2*ufoGC58^2*ufoGC80*ufoGC69
       + 1/4*g_(1,6_,nu10)*g_(2,6_,nu16)*FT2*g_(2,p4)*cFT(nu13,XX,i2,iufo11)*
      cFT(g7,XX,iufo11,j11)*flavourTag(fmu,j11,j12)*Vec(nu10,q2)*Vec(nu16,-q3)
      *Vec(nu13,q2)*Vec(nu14,q2)*Vec(nu14,q3)*Deng(p4,xiz,M4)*Deng(q2 + q3,xiw
      ,M3)^2*Deng(p4 + q2 + q3,xiw,M3)^2*xiw^2*ufoGC58^2*ufoGC80*ufoGC69
       + 1/8*g_(1,6_,nu10)*g_(2,6_,nu16)*FT2*g_(2,p4)*cFT(nu13,XX,i2,iufo11)*
      cFT(g7,XX,iufo11,j11)*flavourTag(fmu,j11,j12)*Vec(nu10,q2)*Vec(nu16,-q3)
      *Vec(nu13,q2)*Vec(nu14,q2)*Vecr(nu14,p4)*Deng(p4,xiz,M4)*Deng(q2 + q3,
      xiw,M3)^2*Deng(p4 + q2 + q3,xiw,M3)^2*xiw^2*ufoGC58^2*ufoGC80*ufoGC69
       + 1/8*g_(1,6_,nu10)*g_(2,6_,nu16)*FT2*g_(2,p4)*cFT(nu13,XX,i2,iufo11)*
      cFT(g7,XX,iufo11,j11)*flavourTag(fmu,j11,j12)*Vec(nu10,q2)*Vec(nu16,-q3)
      *Vec(nu13,q2)*Vec(nu14,q3)^2*Deng(p4,xiz,M4)*Deng(q2 + q3,xiw,M3)^2*
      Deng(p4 + q2 + q3,xiw,M3)^2*xiw^2*ufoGC58^2*ufoGC80*ufoGC69
       + 1/8*g_(1,6_,nu10)*g_(2,6_,nu16)*FT2*g_(2,p4)*cFT(nu13,XX,i2,iufo11)*
      cFT(g7,XX,iufo11,j11)*flavourTag(fmu,j11,j12)*Vec(nu10,q2)*Vec(nu16,-q3)
      *Vec(nu13,q2)*Vec(nu14,q3)*Vecr(nu14,p4)*Deng(p4,xiz,M4)*Deng(q2 + q3,
      xiw,M3)^2*Deng(p4 + q2 + q3,xiw,M3)^2*xiw^2*ufoGC58^2*ufoGC80*ufoGC69
       + 1/8*g_(1,6_,nu10)*g_(2,6_,nu16)*FT2*g_(2,p4)*cFT(nu13,XX,i2,iufo11)*
      cFT(g7,XX,iufo11,j11)*flavourTag(fmu,j11,j12)*Vec(nu10,q2)*Vec(nu16,-q3)
      *Vec(nu13,q3)*Vec(nu14,q2)^2*Deng(p4,xiz,M4)*Deng(q2 + q3,xiw,M3)^2*
      Deng(p4 + q2 + q3,xiw,M3)^2*xiw^2*ufoGC58^2*ufoGC80*ufoGC69
       + 1/4*g_(1,6_,nu10)*g_(2,6_,nu16)*FT2*g_(2,p4)*cFT(nu13,XX,i2,iufo11)*
      cFT(g7,XX,iufo11,j11)*flavourTag(fmu,j11,j12)*Vec(nu10,q2)*Vec(nu16,-q3)
      *Vec(nu13,q3)*Vec(nu14,q2)*Vec(nu14,q3)*Deng(p4,xiz,M4)*Deng(q2 + q3,xiw
      ,M3)^2*Deng(p4 + q2 + q3,xiw,M3)^2*xiw^2*ufoGC58^2*ufoGC80*ufoGC69
       + 1/8*g_(1,6_,nu10)*g_(2,6_,nu16)*FT2*g_(2,p4)*cFT(nu13,XX,i2,iufo11)*
      cFT(g7,XX,iufo11,j11)*flavourTag(fmu,j11,j12)*Vec(nu10,q2)*Vec(nu16,-q3)
      *Vec(nu13,q3)*Vec(nu14,q2)*Vecr(nu14,p4)*Deng(p4,xiz,M4)*Deng(q2 + q3,
      xiw,M3)^2*Deng(p4 + q2 + q3,xiw,M3)^2*xiw^2*ufoGC58^2*ufoGC80*ufoGC69
       + 1/8*g_(1,6_,nu10)*g_(2,6_,nu16)*FT2*g_(2,p4)*cFT(nu13,XX,i2,iufo11)*
      cFT(g7,XX,iufo11,j11)*flavourTag(fmu,j11,j12)*Vec(nu10,q2)*Vec(nu16,-q3)
      *Vec(nu13,q3)*Vec(nu14,q3)^2*Deng(p4,xiz,M4)*Deng(q2 + q3,xiw,M3)^2*
      Deng(p4 + q2 + q3,xiw,M3)^2*xiw^2*ufoGC58^2*ufoGC80*ufoGC69
       + 1/8*g_(1,6_,nu10)*g_(2,6_,nu16)*FT2*g_(2,p4)*cFT(nu13,XX,i2,iufo11)*
      cFT(g7,XX,iufo11,j11)*flavourTag(fmu,j11,j12)*Vec(nu10,q2)*Vec(nu16,-q3)
      *Vec(nu13,q3)*Vec(nu14,q3)*Vecr(nu14,p4)*Deng(p4,xiz,M4)*Deng(q2 + q3,
      xiw,M3)^2*Deng(p4 + q2 + q3,xiw,M3)^2*xiw^2*ufoGC58^2*ufoGC80*ufoGC69
       + 1/8*g_(1,6_,nu10)*g_(2,6_,nu16)*FT2*g_(2,p4)*cFT(nu13,XX,i2,iufo11)*
      cFT(g7,XX,iufo11,j11)*flavourTag(fmu,j11,j12)*Vec(nu10,q2)*Vec(nu16,-q3)
      *Vec(nu14,q2)^2*Vecr(nu13,p4)*Deng(p4,xiz,M4)*Deng(q2 + q3,xiw,M3)^2*
      Deng(p4 + q2 + q3,xiw,M3)^2*xiw^2*ufoGC58^2*ufoGC80*ufoGC69
       + 1/4*g_(1,6_,nu10)*g_(2,6_,nu16)*FT2*g_(2,p4)*cFT(nu13,XX,i2,iufo11)*
      cFT(g7,XX,iufo11,j11)*flavourTag(fmu,j11,j12)*Vec(nu10,q2)*Vec(nu16,-q3)
      *Vec(nu14,q2)*Vec(nu14,q3)*Vecr(nu13,p4)*Deng(p4,xiz,M4)*Deng(q2 + q3,
      xiw,M3)^2*Deng(p4 + q2 + q3,xiw,M3)^2*xiw^2*ufoGC58^2*ufoGC80*ufoGC69
       + 1/8*g_(1,6_,nu10)*g_(2,6_,nu16)*FT2*g_(2,p4)*cFT(nu13,XX,i2,iufo11)*
      cFT(g7,XX,iufo11,j11)*flavourTag(fmu,j11,j12)*Vec(nu10,q2)*Vec(nu16,-q3)
      *Vec(nu14,q2)*Deng(p4,xiz,M4)*Deng(q2 + q3,xiw,M3)^2*Deng(p4 + q2 + q3,
      xiw,M3)^2*p4.p4*xiw^2*ufoGC58^2*ufoGC80*ufoGC69
       + 1/8*g_(1,6_,nu10)*g_(2,6_,nu16)*FT2*g_(2,p4)*cFT(nu13,XX,i2,iufo11)*
      cFT(g7,XX,iufo11,j11)*flavourTag(fmu,j11,j12)*Vec(nu10,q2)*Vec(nu16,-q3)
      *Vec(nu14,q3)^2*Vecr(nu13,p4)*Deng(p4,xiz,M4)*Deng(q2 + q3,xiw,M3)^2*
      Deng(p4 + q2 + q3,xiw,M3)^2*xiw^2*ufoGC58^2*ufoGC80*ufoGC69
       + 1/8*g_(1,6_,nu10)*g_(2,6_,nu16)*FT2*g_(2,p4)*cFT(nu13,XX,i2,iufo11)*
      cFT(g7,XX,iufo11,j11)*flavourTag(fmu,j11,j12)*Vec(nu10,q2)*Vec(nu16,-q3)
      *Vec(nu14,q3)*Deng(p4,xiz,M4)*Deng(q2 + q3,xiw,M3)^2*Deng(p4 + q2 + q3,
      xiw,M3)^2*p4.p4*xiw^2*ufoGC58^2*ufoGC80*ufoGC69
       - 1/8*g_(1,6_,nu10)*g_(2,6_,nu16)*FT2*g_(2,p4)*cFT(nu13,XX,i2,iufo11)*
      cFT(g7,XX,iufo11,j11)*flavourTag(fmu,j11,j12)*Vec(nu10,q2)*Vec(nu13,q2)*
      Vec(nu9,q2)*Vec(nu15,q2)*Vecr(nu15,p4)*Deng(p4,xiz,M4)^2*Deng(q2 + q3,
      xiw,M3)^2*Deng(p4 + q2 + q3,xiw,M3)^2*p4.p4*xiw^2*ufoGC58^2*ufoGC80*
      ufoGC69
       - 1/8*g_(1,6_,nu10)*g_(2,6_,nu16)*FT2*g_(2,p4)*cFT(nu13,XX,i2,iufo11)*
      cFT(g7,XX,iufo11,j11)*flavourTag(fmu,j11,j12)*Vec(nu10,q2)*Vec(nu13,q2)*
      Vec(nu9,q2)*Vec(nu15,q3)*Vecr(nu15,p4)*Deng(p4,xiz,M4)^2*Deng(q2 + q3,
      xiw,M3)^2*Deng(p4 + q2 + q3,xiw,M3)^2*p4.p4*xiw^2*ufoGC58^2*ufoGC80*
      ufoGC69
       + 1/8*g_(1,6_,nu10)*g_(2,6_,nu16)*FT2*g_(2,p4)*cFT(nu13,XX,i2,iufo11)*
      cFT(g7,XX,iufo11,j11)*flavourTag(fmu,j11,j12)*Vec(nu10,q2)*Vec(nu13,q2)*
      Vec(nu9,q2)*Deng(p4,xiz,M4)*Deng(q2 + q3,xiw,M3)^2*Deng(p4 + q2 + q3,xiw
      ,M3)^2*p4.p4*xiw^2*ufoGC58^2*ufoGC80*ufoGC69
       - 1/8*g_(1,6_,nu10)*g_(2,6_,nu16)*FT2*g_(2,p4)*cFT(nu13,XX,i2,iufo11)*
      cFT(g7,XX,iufo11,j11)*flavourTag(fmu,j11,j12)*Vec(nu10,q2)*Vec(nu13,q2)*
      Vec(nu9,q2)*Deng(p4,xiz,M4)^2*Deng(q2 + q3,xiw,M3)^2*Deng(p4 + q2 + q3,
      xiw,M3)^2*p4.p4^2*xiw^2*ufoGC58^2*ufoGC80*ufoGC69
       - 1/8*g_(1,6_,nu10)*g_(2,6_,nu16)*FT2*g_(2,p4)*cFT(nu13,XX,i2,iufo11)*
      cFT(g7,XX,iufo11,j11)*flavourTag(fmu,j11,j12)*Vec(nu10,q2)*Vec(nu13,q2)*
      Vec(nu9,q3)*Vec(nu15,q2)*Vecr(nu15,p4)*Deng(p4,xiz,M4)^2*Deng(q2 + q3,
      xiw,M3)^2*Deng(p4 + q2 + q3,xiw,M3)^2*p4.p4*xiw^2*ufoGC58^2*ufoGC80*
      ufoGC69
       - 1/8*g_(1,6_,nu10)*g_(2,6_,nu16)*FT2*g_(2,p4)*cFT(nu13,XX,i2,iufo11)*
      cFT(g7,XX,iufo11,j11)*flavourTag(fmu,j11,j12)*Vec(nu10,q2)*Vec(nu13,q2)*
      Vec(nu9,q3)*Vec(nu15,q3)*Vecr(nu15,p4)*Deng(p4,xiz,M4)^2*Deng(q2 + q3,
      xiw,M3)^2*Deng(p4 + q2 + q3,xiw,M3)^2*p4.p4*xiw^2*ufoGC58^2*ufoGC80*
      ufoGC69
       + 1/8*g_(1,6_,nu10)*g_(2,6_,nu16)*FT2*g_(2,p4)*cFT(nu13,XX,i2,iufo11)*
      cFT(g7,XX,iufo11,j11)*flavourTag(fmu,j11,j12)*Vec(nu10,q2)*Vec(nu13,q2)*
      Vec(nu9,q3)*Deng(p4,xiz,M4)*Deng(q2 + q3,xiw,M3)^2*Deng(p4 + q2 + q3,xiw
      ,M3)^2*p4.p4*xiw^2*ufoGC58^2*ufoGC80*ufoGC69
       - 1/8*g_(1,6_,nu10)*g_(2,6_,nu16)*FT2*g_(2,p4)*cFT(nu13,XX,i2,iufo11)*
      cFT(g7,XX,iufo11,j11)*flavourTag(fmu,j11,j12)*Vec(nu10,q2)*Vec(nu13,q2)*
      Vec(nu9,q3)*Deng(p4,xiz,M4)^2*Deng(q2 + q3,xiw,M3)^2*Deng(p4 + q2 + q3,
      xiw,M3)^2*p4.p4^2*xiw^2*ufoGC58^2*ufoGC80*ufoGC69
       + 1/8*g_(1,6_,nu10)*g_(2,6_,nu16)*FT2*g_(2,p4)*cFT(nu13,XX,i2,iufo11)*
      cFT(g7,XX,iufo11,j11)*flavourTag(fmu,j11,j12)*Vec(nu10,q2)*Vec(nu13,q2)*
      Vec(nu9,-p4)*Vec(nu9,q2)*Vec(nu15,q2)*Deng(p4,xiz,M4)^2*Deng(q2 + q3,xiw
      ,M3)^2*Deng(p4 + q2 + q3,xiw,M3)^2*p4.p4*xiw^2*ufoGC58^2*ufoGC80*ufoGC69
       + 1/8*g_(1,6_,nu10)*g_(2,6_,nu16)*FT2*g_(2,p4)*cFT(nu13,XX,i2,iufo11)*
      cFT(g7,XX,iufo11,j11)*flavourTag(fmu,j11,j12)*Vec(nu10,q2)*Vec(nu13,q2)*
      Vec(nu9,-p4)*Vec(nu9,q2)*Vec(nu15,q3)*Deng(p4,xiz,M4)^2*Deng(q2 + q3,xiw
      ,M3)^2*Deng(p4 + q2 + q3,xiw,M3)^2*p4.p4*xiw^2*ufoGC58^2*ufoGC80*ufoGC69
       - 1/8*g_(1,6_,nu10)*g_(2,6_,nu16)*FT2*g_(2,p4)*cFT(nu13,XX,i2,iufo11)*
      cFT(g7,XX,iufo11,j11)*flavourTag(fmu,j11,j12)*Vec(nu10,q2)*Vec(nu13,q2)*
      Vec(nu9,-p4)*Vec(nu9,q2)*Vecr(nu16,p4)*Deng(p4,xiz,M4)*Deng(q2 + q3,xiw,
      M3)^2*Deng(p4 + q2 + q3,xiw,M3)^2*xiw^2*ufoGC58^2*ufoGC80*ufoGC69
       + 1/8*g_(1,6_,nu10)*g_(2,6_,nu16)*FT2*g_(2,p4)*cFT(nu13,XX,i2,iufo11)*
      cFT(g7,XX,iufo11,j11)*flavourTag(fmu,j11,j12)*Vec(nu10,q2)*Vec(nu13,q2)*
      Vec(nu9,-p4)*Vec(nu9,q2)*Vecr(nu15,p4)*Deng(p4,xiz,M4)^2*Deng(q2 + q3,
      xiw,M3)^2*Deng(p4 + q2 + q3,xiw,M3)^2*p4.p4*xiw^2*ufoGC58^2*ufoGC80*
      ufoGC69
       + 1/8*g_(1,6_,nu10)*g_(2,6_,nu16)*FT2*g_(2,p4)*cFT(nu13,XX,i2,iufo11)*
      cFT(g7,XX,iufo11,j11)*flavourTag(fmu,j11,j12)*Vec(nu10,q2)*Vec(nu13,q2)*
      Vec(nu9,-p4)*Vec(nu9,q3)*Vec(nu15,q2)*Deng(p4,xiz,M4)^2*Deng(q2 + q3,xiw
      ,M3)^2*Deng(p4 + q2 + q3,xiw,M3)^2*p4.p4*xiw^2*ufoGC58^2*ufoGC80*ufoGC69
       + 1/8*g_(1,6_,nu10)*g_(2,6_,nu16)*FT2*g_(2,p4)*cFT(nu13,XX,i2,iufo11)*
      cFT(g7,XX,iufo11,j11)*flavourTag(fmu,j11,j12)*Vec(nu10,q2)*Vec(nu13,q2)*
      Vec(nu9,-p4)*Vec(nu9,q3)*Vec(nu15,q3)*Deng(p4,xiz,M4)^2*Deng(q2 + q3,xiw
      ,M3)^2*Deng(p4 + q2 + q3,xiw,M3)^2*p4.p4*xiw^2*ufoGC58^2*ufoGC80*ufoGC69
       - 1/8*g_(1,6_,nu10)*g_(2,6_,nu16)*FT2*g_(2,p4)*cFT(nu13,XX,i2,iufo11)*
      cFT(g7,XX,iufo11,j11)*flavourTag(fmu,j11,j12)*Vec(nu10,q2)*Vec(nu13,q2)*
      Vec(nu9,-p4)*Vec(nu9,q3)*Vecr(nu16,p4)*Deng(p4,xiz,M4)*Deng(q2 + q3,xiw,
      M3)^2*Deng(p4 + q2 + q3,xiw,M3)^2*xiw^2*ufoGC58^2*ufoGC80*ufoGC69
       + 1/8*g_(1,6_,nu10)*g_(2,6_,nu16)*FT2*g_(2,p4)*cFT(nu13,XX,i2,iufo11)*
      cFT(g7,XX,iufo11,j11)*flavourTag(fmu,j11,j12)*Vec(nu10,q2)*Vec(nu13,q2)*
      Vec(nu9,-p4)*Vec(nu9,q3)*Vecr(nu15,p4)*Deng(p4,xiz,M4)^2*Deng(q2 + q3,
      xiw,M3)^2*Deng(p4 + q2 + q3,xiw,M3)^2*p4.p4*xiw^2*ufoGC58^2*ufoGC80*
      ufoGC69
       + 1/8*g_(1,6_,nu10)*g_(2,6_,nu16)*FT2*g_(2,p4)*cFT(nu13,XX,i2,iufo11)*
      cFT(g7,XX,iufo11,j11)*flavourTag(fmu,j11,j12)*Vec(nu10,q2)*Vec(nu13,q2)*
      Vec(nu9,-q2)*Vec(nu9,q2)*Vec(nu15,q2)*Deng(p4,xiz,M4)^2*Deng(q2 + q3,xiw
      ,M3)^2*Deng(p4 + q2 + q3,xiw,M3)^2*p4.p4*xiw^2*ufoGC58^2*ufoGC80*ufoGC69
       + 1/8*g_(1,6_,nu10)*g_(2,6_,nu16)*FT2*g_(2,p4)*cFT(nu13,XX,i2,iufo11)*
      cFT(g7,XX,iufo11,j11)*flavourTag(fmu,j11,j12)*Vec(nu10,q2)*Vec(nu13,q2)*
      Vec(nu9,-q2)*Vec(nu9,q2)*Vec(nu15,q3)*Deng(p4,xiz,M4)^2*Deng(q2 + q3,xiw
      ,M3)^2*Deng(p4 + q2 + q3,xiw,M3)^2*p4.p4*xiw^2*ufoGC58^2*ufoGC80*ufoGC69
       - 1/8*g_(1,6_,nu10)*g_(2,6_,nu16)*FT2*g_(2,p4)*cFT(nu13,XX,i2,iufo11)*
      cFT(g7,XX,iufo11,j11)*flavourTag(fmu,j11,j12)*Vec(nu10,q2)*Vec(nu13,q2)*
      Vec(nu9,-q2)*Vec(nu9,q2)*Vecr(nu16,p4)*Deng(p4,xiz,M4)*Deng(q2 + q3,xiw,
      M3)^2*Deng(p4 + q2 + q3,xiw,M3)^2*xiw^2*ufoGC58^2*ufoGC80*ufoGC69
       + 1/8*g_(1,6_,nu10)*g_(2,6_,nu16)*FT2*g_(2,p4)*cFT(nu13,XX,i2,iufo11)*
      cFT(g7,XX,iufo11,j11)*flavourTag(fmu,j11,j12)*Vec(nu10,q2)*Vec(nu13,q2)*
      Vec(nu9,-q2)*Vec(nu9,q2)*Vecr(nu15,p4)*Deng(p4,xiz,M4)^2*Deng(q2 + q3,
      xiw,M3)^2*Deng(p4 + q2 + q3,xiw,M3)^2*p4.p4*xiw^2*ufoGC58^2*ufoGC80*
      ufoGC69
       + 1/8*g_(1,6_,nu10)*g_(2,6_,nu16)*FT2*g_(2,p4)*cFT(nu13,XX,i2,iufo11)*
      cFT(g7,XX,iufo11,j11)*flavourTag(fmu,j11,j12)*Vec(nu10,q2)*Vec(nu13,q2)*
      Vec(nu9,-q2)*Vec(nu9,q3)*Vec(nu15,q2)*Deng(p4,xiz,M4)^2*Deng(q2 + q3,xiw
      ,M3)^2*Deng(p4 + q2 + q3,xiw,M3)^2*p4.p4*xiw^2*ufoGC58^2*ufoGC80*ufoGC69
       + 1/8*g_(1,6_,nu10)*g_(2,6_,nu16)*FT2*g_(2,p4)*cFT(nu13,XX,i2,iufo11)*
      cFT(g7,XX,iufo11,j11)*flavourTag(fmu,j11,j12)*Vec(nu10,q2)*Vec(nu13,q2)*
      Vec(nu9,-q2)*Vec(nu9,q3)*Vec(nu15,q3)*Deng(p4,xiz,M4)^2*Deng(q2 + q3,xiw
      ,M3)^2*Deng(p4 + q2 + q3,xiw,M3)^2*p4.p4*xiw^2*ufoGC58^2*ufoGC80*ufoGC69
       - 1/8*g_(1,6_,nu10)*g_(2,6_,nu16)*FT2*g_(2,p4)*cFT(nu13,XX,i2,iufo11)*
      cFT(g7,XX,iufo11,j11)*flavourTag(fmu,j11,j12)*Vec(nu10,q2)*Vec(nu13,q2)*
      Vec(nu9,-q2)*Vec(nu9,q3)*Vecr(nu16,p4)*Deng(p4,xiz,M4)*Deng(q2 + q3,xiw,
      M3)^2*Deng(p4 + q2 + q3,xiw,M3)^2*xiw^2*ufoGC58^2*ufoGC80*ufoGC69
       + 1/8*g_(1,6_,nu10)*g_(2,6_,nu16)*FT2*g_(2,p4)*cFT(nu13,XX,i2,iufo11)*
      cFT(g7,XX,iufo11,j11)*flavourTag(fmu,j11,j12)*Vec(nu10,q2)*Vec(nu13,q2)*
      Vec(nu9,-q2)*Vec(nu9,q3)*Vecr(nu15,p4)*Deng(p4,xiz,M4)^2*Deng(q2 + q3,
      xiw,M3)^2*Deng(p4 + q2 + q3,xiw,M3)^2*p4.p4*xiw^2*ufoGC58^2*ufoGC80*
      ufoGC69
       + 1/8*g_(1,6_,nu10)*g_(2,6_,nu16)*FT2*g_(2,p4)*cFT(nu13,XX,i2,iufo11)*
      cFT(g7,XX,iufo11,j11)*flavourTag(fmu,j11,j12)*Vec(nu10,q2)*Vec(nu13,q2)*
      Vec(nu9,-q3)*Vec(nu9,q2)*Vec(nu15,q2)*Deng(p4,xiz,M4)^2*Deng(q2 + q3,xiw
      ,M3)^2*Deng(p4 + q2 + q3,xiw,M3)^2*p4.p4*xiw^2*ufoGC58^2*ufoGC80*ufoGC69
       + 1/8*g_(1,6_,nu10)*g_(2,6_,nu16)*FT2*g_(2,p4)*cFT(nu13,XX,i2,iufo11)*
      cFT(g7,XX,iufo11,j11)*flavourTag(fmu,j11,j12)*Vec(nu10,q2)*Vec(nu13,q2)*
      Vec(nu9,-q3)*Vec(nu9,q2)*Vec(nu15,q3)*Deng(p4,xiz,M4)^2*Deng(q2 + q3,xiw
      ,M3)^2*Deng(p4 + q2 + q3,xiw,M3)^2*p4.p4*xiw^2*ufoGC58^2*ufoGC80*ufoGC69
       - 1/8*g_(1,6_,nu10)*g_(2,6_,nu16)*FT2*g_(2,p4)*cFT(nu13,XX,i2,iufo11)*
      cFT(g7,XX,iufo11,j11)*flavourTag(fmu,j11,j12)*Vec(nu10,q2)*Vec(nu13,q2)*
      Vec(nu9,-q3)*Vec(nu9,q2)*Vecr(nu16,p4)*Deng(p4,xiz,M4)*Deng(q2 + q3,xiw,
      M3)^2*Deng(p4 + q2 + q3,xiw,M3)^2*xiw^2*ufoGC58^2*ufoGC80*ufoGC69
       + 1/8*g_(1,6_,nu10)*g_(2,6_,nu16)*FT2*g_(2,p4)*cFT(nu13,XX,i2,iufo11)*
      cFT(g7,XX,iufo11,j11)*flavourTag(fmu,j11,j12)*Vec(nu10,q2)*Vec(nu13,q2)*
      Vec(nu9,-q3)*Vec(nu9,q2)*Vecr(nu15,p4)*Deng(p4,xiz,M4)^2*Deng(q2 + q3,
      xiw,M3)^2*Deng(p4 + q2 + q3,xiw,M3)^2*p4.p4*xiw^2*ufoGC58^2*ufoGC80*
      ufoGC69
       + 1/8*g_(1,6_,nu10)*g_(2,6_,nu16)*FT2*g_(2,p4)*cFT(nu13,XX,i2,iufo11)*
      cFT(g7,XX,iufo11,j11)*flavourTag(fmu,j11,j12)*Vec(nu10,q2)*Vec(nu13,q2)*
      Vec(nu9,-q3)*Vec(nu9,q3)*Vec(nu15,q2)*Deng(p4,xiz,M4)^2*Deng(q2 + q3,xiw
      ,M3)^2*Deng(p4 + q2 + q3,xiw,M3)^2*p4.p4*xiw^2*ufoGC58^2*ufoGC80*ufoGC69
       + 1/8*g_(1,6_,nu10)*g_(2,6_,nu16)*FT2*g_(2,p4)*cFT(nu13,XX,i2,iufo11)*
      cFT(g7,XX,iufo11,j11)*flavourTag(fmu,j11,j12)*Vec(nu10,q2)*Vec(nu13,q2)*
      Vec(nu9,-q3)*Vec(nu9,q3)*Vec(nu15,q3)*Deng(p4,xiz,M4)^2*Deng(q2 + q3,xiw
      ,M3)^2*Deng(p4 + q2 + q3,xiw,M3)^2*p4.p4*xiw^2*ufoGC58^2*ufoGC80*ufoGC69
       - 1/8*g_(1,6_,nu10)*g_(2,6_,nu16)*FT2*g_(2,p4)*cFT(nu13,XX,i2,iufo11)*
      cFT(g7,XX,iufo11,j11)*flavourTag(fmu,j11,j12)*Vec(nu10,q2)*Vec(nu13,q2)*
      Vec(nu9,-q3)*Vec(nu9,q3)*Vecr(nu16,p4)*Deng(p4,xiz,M4)*Deng(q2 + q3,xiw,
      M3)^2*Deng(p4 + q2 + q3,xiw,M3)^2*xiw^2*ufoGC58^2*ufoGC80*ufoGC69
       + 1/8*g_(1,6_,nu10)*g_(2,6_,nu16)*FT2*g_(2,p4)*cFT(nu13,XX,i2,iufo11)*
      cFT(g7,XX,iufo11,j11)*flavourTag(fmu,j11,j12)*Vec(nu10,q2)*Vec(nu13,q2)*
      Vec(nu9,-q3)*Vec(nu9,q3)*Vecr(nu15,p4)*Deng(p4,xiz,M4)^2*Deng(q2 + q3,
      xiw,M3)^2*Deng(p4 + q2 + q3,xiw,M3)^2*p4.p4*xiw^2*ufoGC58^2*ufoGC80*
      ufoGC69
       - 1/8*g_(1,6_,nu10)*g_(2,6_,nu16)*FT2*g_(2,p4)*cFT(nu13,XX,i2,iufo11)*
      cFT(g7,XX,iufo11,j11)*flavourTag(fmu,j11,j12)*Vec(nu10,q2)*Vec(nu13,q2)*
      Vec(nu14,q2)^2*Vec(nu15,-p4)*Deng(p4,xiz,M4)^2*Deng(q2 + q3,xiw,M3)^2*
      Deng(p4 + q2 + q3,xiw,M3)^2*p4.p4*xiw^2*ufoGC58^2*ufoGC80*ufoGC69
       - 1/8*g_(1,6_,nu10)*g_(2,6_,nu16)*FT2*g_(2,p4)*cFT(nu13,XX,i2,iufo11)*
      cFT(g7,XX,iufo11,j11)*flavourTag(fmu,j11,j12)*Vec(nu10,q2)*Vec(nu13,q2)*
      Vec(nu14,q2)^2*Vec(nu15,-q2)*Deng(p4,xiz,M4)^2*Deng(q2 + q3,xiw,M3)^2*
      Deng(p4 + q2 + q3,xiw,M3)^2*p4.p4*xiw^2*ufoGC58^2*ufoGC80*ufoGC69
       - 1/8*g_(1,6_,nu10)*g_(2,6_,nu16)*FT2*g_(2,p4)*cFT(nu13,XX,i2,iufo11)*
      cFT(g7,XX,iufo11,j11)*flavourTag(fmu,j11,j12)*Vec(nu10,q2)*Vec(nu13,q2)*
      Vec(nu14,q2)^2*Vec(nu15,-q3)*Deng(p4,xiz,M4)^2*Deng(q2 + q3,xiw,M3)^2*
      Deng(p4 + q2 + q3,xiw,M3)^2*p4.p4*xiw^2*ufoGC58^2*ufoGC80*ufoGC69
       - 1/4*g_(1,6_,nu10)*g_(2,6_,nu16)*FT2*g_(2,p4)*cFT(nu13,XX,i2,iufo11)*
      cFT(g7,XX,iufo11,j11)*flavourTag(fmu,j11,j12)*Vec(nu10,q2)*Vec(nu13,q2)*
      Vec(nu14,q2)*Vec(nu14,q3)*Vec(nu15,-p4)*Deng(p4,xiz,M4)^2*Deng(q2 + q3,
      xiw,M3)^2*Deng(p4 + q2 + q3,xiw,M3)^2*p4.p4*xiw^2*ufoGC58^2*ufoGC80*
      ufoGC69
       - 1/4*g_(1,6_,nu10)*g_(2,6_,nu16)*FT2*g_(2,p4)*cFT(nu13,XX,i2,iufo11)*
      cFT(g7,XX,iufo11,j11)*flavourTag(fmu,j11,j12)*Vec(nu10,q2)*Vec(nu13,q2)*
      Vec(nu14,q2)*Vec(nu14,q3)*Vec(nu15,-q2)*Deng(p4,xiz,M4)^2*Deng(q2 + q3,
      xiw,M3)^2*Deng(p4 + q2 + q3,xiw,M3)^2*p4.p4*xiw^2*ufoGC58^2*ufoGC80*
      ufoGC69
       - 1/4*g_(1,6_,nu10)*g_(2,6_,nu16)*FT2*g_(2,p4)*cFT(nu13,XX,i2,iufo11)*
      cFT(g7,XX,iufo11,j11)*flavourTag(fmu,j11,j12)*Vec(nu10,q2)*Vec(nu13,q2)*
      Vec(nu14,q2)*Vec(nu14,q3)*Vec(nu15,-q3)*Deng(p4,xiz,M4)^2*Deng(q2 + q3,
      xiw,M3)^2*Deng(p4 + q2 + q3,xiw,M3)^2*p4.p4*xiw^2*ufoGC58^2*ufoGC80*
      ufoGC69
       + 1/8*g_(1,6_,nu10)*g_(2,6_,nu16)*FT2*g_(2,p4)*cFT(nu13,XX,i2,iufo11)*
      cFT(g7,XX,iufo11,j11)*flavourTag(fmu,j11,j12)*Vec(nu10,q2)*Vec(nu13,q2)*
      Vec(nu14,q2)*Vec(nu15,q2)*Vecr(nu15,p4)*Deng(p4,xiz,M4)^2*Deng(q2 + q3,
      xiw,M3)^2*Deng(p4 + q2 + q3,xiw,M3)^2*p4.p4*xiw^2*ufoGC58^2*ufoGC80*
      ufoGC69
       + 1/8*g_(1,6_,nu10)*g_(2,6_,nu16)*FT2*g_(2,p4)*cFT(nu13,XX,i2,iufo11)*
      cFT(g7,XX,iufo11,j11)*flavourTag(fmu,j11,j12)*Vec(nu10,q2)*Vec(nu13,q2)*
      Vec(nu14,q2)*Vec(nu15,q3)*Vecr(nu15,p4)*Deng(p4,xiz,M4)^2*Deng(q2 + q3,
      xiw,M3)^2*Deng(p4 + q2 + q3,xiw,M3)^2*p4.p4*xiw^2*ufoGC58^2*ufoGC80*
      ufoGC69
       - 1/8*g_(1,6_,nu10)*g_(2,6_,nu16)*FT2*g_(2,p4)*cFT(nu13,XX,i2,iufo11)*
      cFT(g7,XX,iufo11,j11)*flavourTag(fmu,j11,j12)*Vec(nu10,q2)*Vec(nu13,q2)*
      Vec(nu14,q2)*Vec(nu15,-p4)*Vecr(nu15,p4)*Deng(p4,xiz,M4)^2*Deng(q2 + q3,
      xiw,M3)^2*Deng(p4 + q2 + q3,xiw,M3)^2*p4.p4*xiw^2*ufoGC58^2*ufoGC80*
      ufoGC69
       - 1/8*g_(1,6_,nu10)*g_(2,6_,nu16)*FT2*g_(2,p4)*cFT(nu13,XX,i2,iufo11)*
      cFT(g7,XX,iufo11,j11)*flavourTag(fmu,j11,j12)*Vec(nu10,q2)*Vec(nu13,q2)*
      Vec(nu14,q2)*Vec(nu15,-q2)*Vecr(nu15,p4)*Deng(p4,xiz,M4)^2*Deng(q2 + q3,
      xiw,M3)^2*Deng(p4 + q2 + q3,xiw,M3)^2*p4.p4*xiw^2*ufoGC58^2*ufoGC80*
      ufoGC69
       - 1/8*g_(1,6_,nu10)*g_(2,6_,nu16)*FT2*g_(2,p4)*cFT(nu13,XX,i2,iufo11)*
      cFT(g7,XX,iufo11,j11)*flavourTag(fmu,j11,j12)*Vec(nu10,q2)*Vec(nu13,q2)*
      Vec(nu14,q2)*Vec(nu15,-q3)*Vecr(nu15,p4)*Deng(p4,xiz,M4)^2*Deng(q2 + q3,
      xiw,M3)^2*Deng(p4 + q2 + q3,xiw,M3)^2*p4.p4*xiw^2*ufoGC58^2*ufoGC80*
      ufoGC69
       - 1/8*g_(1,6_,nu10)*g_(2,6_,nu16)*FT2*g_(2,p4)*cFT(nu13,XX,i2,iufo11)*
      cFT(g7,XX,iufo11,j11)*flavourTag(fmu,j11,j12)*Vec(nu10,q2)*Vec(nu13,q2)*
      Vec(nu14,q3)^2*Vec(nu15,-p4)*Deng(p4,xiz,M4)^2*Deng(q2 + q3,xiw,M3)^2*
      Deng(p4 + q2 + q3,xiw,M3)^2*p4.p4*xiw^2*ufoGC58^2*ufoGC80*ufoGC69
       - 1/8*g_(1,6_,nu10)*g_(2,6_,nu16)*FT2*g_(2,p4)*cFT(nu13,XX,i2,iufo11)*
      cFT(g7,XX,iufo11,j11)*flavourTag(fmu,j11,j12)*Vec(nu10,q2)*Vec(nu13,q2)*
      Vec(nu14,q3)^2*Vec(nu15,-q2)*Deng(p4,xiz,M4)^2*Deng(q2 + q3,xiw,M3)^2*
      Deng(p4 + q2 + q3,xiw,M3)^2*p4.p4*xiw^2*ufoGC58^2*ufoGC80*ufoGC69
       - 1/8*g_(1,6_,nu10)*g_(2,6_,nu16)*FT2*g_(2,p4)*cFT(nu13,XX,i2,iufo11)*
      cFT(g7,XX,iufo11,j11)*flavourTag(fmu,j11,j12)*Vec(nu10,q2)*Vec(nu13,q2)*
      Vec(nu14,q3)^2*Vec(nu15,-q3)*Deng(p4,xiz,M4)^2*Deng(q2 + q3,xiw,M3)^2*
      Deng(p4 + q2 + q3,xiw,M3)^2*p4.p4*xiw^2*ufoGC58^2*ufoGC80*ufoGC69
       + 1/8*g_(1,6_,nu10)*g_(2,6_,nu16)*FT2*g_(2,p4)*cFT(nu13,XX,i2,iufo11)*
      cFT(g7,XX,iufo11,j11)*flavourTag(fmu,j11,j12)*Vec(nu10,q2)*Vec(nu13,q2)*
      Vec(nu14,q3)*Vec(nu15,q2)*Vecr(nu15,p4)*Deng(p4,xiz,M4)^2*Deng(q2 + q3,
      xiw,M3)^2*Deng(p4 + q2 + q3,xiw,M3)^2*p4.p4*xiw^2*ufoGC58^2*ufoGC80*
      ufoGC69
       + 1/8*g_(1,6_,nu10)*g_(2,6_,nu16)*FT2*g_(2,p4)*cFT(nu13,XX,i2,iufo11)*
      cFT(g7,XX,iufo11,j11)*flavourTag(fmu,j11,j12)*Vec(nu10,q2)*Vec(nu13,q2)*
      Vec(nu14,q3)*Vec(nu15,q3)*Vecr(nu15,p4)*Deng(p4,xiz,M4)^2*Deng(q2 + q3,
      xiw,M3)^2*Deng(p4 + q2 + q3,xiw,M3)^2*p4.p4*xiw^2*ufoGC58^2*ufoGC80*
      ufoGC69
       - 1/8*g_(1,6_,nu10)*g_(2,6_,nu16)*FT2*g_(2,p4)*cFT(nu13,XX,i2,iufo11)*
      cFT(g7,XX,iufo11,j11)*flavourTag(fmu,j11,j12)*Vec(nu10,q2)*Vec(nu13,q2)*
      Vec(nu14,q3)*Vec(nu15,-p4)*Vecr(nu15,p4)*Deng(p4,xiz,M4)^2*Deng(q2 + q3,
      xiw,M3)^2*Deng(p4 + q2 + q3,xiw,M3)^2*p4.p4*xiw^2*ufoGC58^2*ufoGC80*
      ufoGC69
       - 1/8*g_(1,6_,nu10)*g_(2,6_,nu16)*FT2*g_(2,p4)*cFT(nu13,XX,i2,iufo11)*
      cFT(g7,XX,iufo11,j11)*flavourTag(fmu,j11,j12)*Vec(nu10,q2)*Vec(nu13,q2)*
      Vec(nu14,q3)*Vec(nu15,-q2)*Vecr(nu15,p4)*Deng(p4,xiz,M4)^2*Deng(q2 + q3,
      xiw,M3)^2*Deng(p4 + q2 + q3,xiw,M3)^2*p4.p4*xiw^2*ufoGC58^2*ufoGC80*
      ufoGC69
       - 1/8*g_(1,6_,nu10)*g_(2,6_,nu16)*FT2*g_(2,p4)*cFT(nu13,XX,i2,iufo11)*
      cFT(g7,XX,iufo11,j11)*flavourTag(fmu,j11,j12)*Vec(nu10,q2)*Vec(nu13,q2)*
      Vec(nu14,q3)*Vec(nu15,-q3)*Vecr(nu15,p4)*Deng(p4,xiz,M4)^2*Deng(q2 + q3,
      xiw,M3)^2*Deng(p4 + q2 + q3,xiw,M3)^2*p4.p4*xiw^2*ufoGC58^2*ufoGC80*
      ufoGC69
       + 1/8*g_(1,6_,nu10)*g_(2,6_,nu16)*FT2*g_(2,p4)*cFT(nu13,XX,i2,iufo11)*
      cFT(g7,XX,iufo11,j11)*flavourTag(fmu,j11,j12)*Vec(nu10,q2)*Vec(nu13,q2)*
      Vec(nu15,q2)*Deng(p4,xiz,M4)^2*Deng(q2 + q3,xiw,M3)^2*Deng(p4 + q2 + q3,
      xiw,M3)^2*p4.p4^2*xiw^2*ufoGC58^2*ufoGC80*ufoGC69
       + 1/8*g_(1,6_,nu10)*g_(2,6_,nu16)*FT2*g_(2,p4)*cFT(nu13,XX,i2,iufo11)*
      cFT(g7,XX,iufo11,j11)*flavourTag(fmu,j11,j12)*Vec(nu10,q2)*Vec(nu13,q2)*
      Vec(nu15,q3)*Deng(p4,xiz,M4)^2*Deng(q2 + q3,xiw,M3)^2*Deng(p4 + q2 + q3,
      xiw,M3)^2*p4.p4^2*xiw^2*ufoGC58^2*ufoGC80*ufoGC69
       - 1/8*g_(1,6_,nu10)*g_(2,6_,nu16)*FT2*g_(2,p4)*cFT(nu13,XX,i2,iufo11)*
      cFT(g7,XX,iufo11,j11)*flavourTag(fmu,j11,j12)*Vec(nu10,q2)*Vec(nu13,q3)*
      Vec(nu9,q2)*Vec(nu15,q2)*Vecr(nu15,p4)*Deng(p4,xiz,M4)^2*Deng(q2 + q3,
      xiw,M3)^2*Deng(p4 + q2 + q3,xiw,M3)^2*p4.p4*xiw^2*ufoGC58^2*ufoGC80*
      ufoGC69
       - 1/8*g_(1,6_,nu10)*g_(2,6_,nu16)*FT2*g_(2,p4)*cFT(nu13,XX,i2,iufo11)*
      cFT(g7,XX,iufo11,j11)*flavourTag(fmu,j11,j12)*Vec(nu10,q2)*Vec(nu13,q3)*
      Vec(nu9,q2)*Vec(nu15,q3)*Vecr(nu15,p4)*Deng(p4,xiz,M4)^2*Deng(q2 + q3,
      xiw,M3)^2*Deng(p4 + q2 + q3,xiw,M3)^2*p4.p4*xiw^2*ufoGC58^2*ufoGC80*
      ufoGC69
       + 1/8*g_(1,6_,nu10)*g_(2,6_,nu16)*FT2*g_(2,p4)*cFT(nu13,XX,i2,iufo11)*
      cFT(g7,XX,iufo11,j11)*flavourTag(fmu,j11,j12)*Vec(nu10,q2)*Vec(nu13,q3)*
      Vec(nu9,q2)*Deng(p4,xiz,M4)*Deng(q2 + q3,xiw,M3)^2*Deng(p4 + q2 + q3,xiw
      ,M3)^2*p4.p4*xiw^2*ufoGC58^2*ufoGC80*ufoGC69
       - 1/8*g_(1,6_,nu10)*g_(2,6_,nu16)*FT2*g_(2,p4)*cFT(nu13,XX,i2,iufo11)*
      cFT(g7,XX,iufo11,j11)*flavourTag(fmu,j11,j12)*Vec(nu10,q2)*Vec(nu13,q3)*
      Vec(nu9,q2)*Deng(p4,xiz,M4)^2*Deng(q2 + q3,xiw,M3)^2*Deng(p4 + q2 + q3,
      xiw,M3)^2*p4.p4^2*xiw^2*ufoGC58^2*ufoGC80*ufoGC69
       - 1/8*g_(1,6_,nu10)*g_(2,6_,nu16)*FT2*g_(2,p4)*cFT(nu13,XX,i2,iufo11)*
      cFT(g7,XX,iufo11,j11)*flavourTag(fmu,j11,j12)*Vec(nu10,q2)*Vec(nu13,q3)*
      Vec(nu9,q3)*Vec(nu15,q2)*Vecr(nu15,p4)*Deng(p4,xiz,M4)^2*Deng(q2 + q3,
      xiw,M3)^2*Deng(p4 + q2 + q3,xiw,M3)^2*p4.p4*xiw^2*ufoGC58^2*ufoGC80*
      ufoGC69
       - 1/8*g_(1,6_,nu10)*g_(2,6_,nu16)*FT2*g_(2,p4)*cFT(nu13,XX,i2,iufo11)*
      cFT(g7,XX,iufo11,j11)*flavourTag(fmu,j11,j12)*Vec(nu10,q2)*Vec(nu13,q3)*
      Vec(nu9,q3)*Vec(nu15,q3)*Vecr(nu15,p4)*Deng(p4,xiz,M4)^2*Deng(q2 + q3,
      xiw,M3)^2*Deng(p4 + q2 + q3,xiw,M3)^2*p4.p4*xiw^2*ufoGC58^2*ufoGC80*
      ufoGC69
       + 1/8*g_(1,6_,nu10)*g_(2,6_,nu16)*FT2*g_(2,p4)*cFT(nu13,XX,i2,iufo11)*
      cFT(g7,XX,iufo11,j11)*flavourTag(fmu,j11,j12)*Vec(nu10,q2)*Vec(nu13,q3)*
      Vec(nu9,q3)*Deng(p4,xiz,M4)*Deng(q2 + q3,xiw,M3)^2*Deng(p4 + q2 + q3,xiw
      ,M3)^2*p4.p4*xiw^2*ufoGC58^2*ufoGC80*ufoGC69
       - 1/8*g_(1,6_,nu10)*g_(2,6_,nu16)*FT2*g_(2,p4)*cFT(nu13,XX,i2,iufo11)*
      cFT(g7,XX,iufo11,j11)*flavourTag(fmu,j11,j12)*Vec(nu10,q2)*Vec(nu13,q3)*
      Vec(nu9,q3)*Deng(p4,xiz,M4)^2*Deng(q2 + q3,xiw,M3)^2*Deng(p4 + q2 + q3,
      xiw,M3)^2*p4.p4^2*xiw^2*ufoGC58^2*ufoGC80*ufoGC69
       + 1/8*g_(1,6_,nu10)*g_(2,6_,nu16)*FT2*g_(2,p4)*cFT(nu13,XX,i2,iufo11)*
      cFT(g7,XX,iufo11,j11)*flavourTag(fmu,j11,j12)*Vec(nu10,q2)*Vec(nu13,q3)*
      Vec(nu9,-p4)*Vec(nu9,q2)*Vec(nu15,q2)*Deng(p4,xiz,M4)^2*Deng(q2 + q3,xiw
      ,M3)^2*Deng(p4 + q2 + q3,xiw,M3)^2*p4.p4*xiw^2*ufoGC58^2*ufoGC80*ufoGC69
       + 1/8*g_(1,6_,nu10)*g_(2,6_,nu16)*FT2*g_(2,p4)*cFT(nu13,XX,i2,iufo11)*
      cFT(g7,XX,iufo11,j11)*flavourTag(fmu,j11,j12)*Vec(nu10,q2)*Vec(nu13,q3)*
      Vec(nu9,-p4)*Vec(nu9,q2)*Vec(nu15,q3)*Deng(p4,xiz,M4)^2*Deng(q2 + q3,xiw
      ,M3)^2*Deng(p4 + q2 + q3,xiw,M3)^2*p4.p4*xiw^2*ufoGC58^2*ufoGC80*ufoGC69
       - 1/8*g_(1,6_,nu10)*g_(2,6_,nu16)*FT2*g_(2,p4)*cFT(nu13,XX,i2,iufo11)*
      cFT(g7,XX,iufo11,j11)*flavourTag(fmu,j11,j12)*Vec(nu10,q2)*Vec(nu13,q3)*
      Vec(nu9,-p4)*Vec(nu9,q2)*Vecr(nu16,p4)*Deng(p4,xiz,M4)*Deng(q2 + q3,xiw,
      M3)^2*Deng(p4 + q2 + q3,xiw,M3)^2*xiw^2*ufoGC58^2*ufoGC80*ufoGC69
       + 1/8*g_(1,6_,nu10)*g_(2,6_,nu16)*FT2*g_(2,p4)*cFT(nu13,XX,i2,iufo11)*
      cFT(g7,XX,iufo11,j11)*flavourTag(fmu,j11,j12)*Vec(nu10,q2)*Vec(nu13,q3)*
      Vec(nu9,-p4)*Vec(nu9,q2)*Vecr(nu15,p4)*Deng(p4,xiz,M4)^2*Deng(q2 + q3,
      xiw,M3)^2*Deng(p4 + q2 + q3,xiw,M3)^2*p4.p4*xiw^2*ufoGC58^2*ufoGC80*
      ufoGC69
       + 1/8*g_(1,6_,nu10)*g_(2,6_,nu16)*FT2*g_(2,p4)*cFT(nu13,XX,i2,iufo11)*
      cFT(g7,XX,iufo11,j11)*flavourTag(fmu,j11,j12)*Vec(nu10,q2)*Vec(nu13,q3)*
      Vec(nu9,-p4)*Vec(nu9,q3)*Vec(nu15,q2)*Deng(p4,xiz,M4)^2*Deng(q2 + q3,xiw
      ,M3)^2*Deng(p4 + q2 + q3,xiw,M3)^2*p4.p4*xiw^2*ufoGC58^2*ufoGC80*ufoGC69
       + 1/8*g_(1,6_,nu10)*g_(2,6_,nu16)*FT2*g_(2,p4)*cFT(nu13,XX,i2,iufo11)*
      cFT(g7,XX,iufo11,j11)*flavourTag(fmu,j11,j12)*Vec(nu10,q2)*Vec(nu13,q3)*
      Vec(nu9,-p4)*Vec(nu9,q3)*Vec(nu15,q3)*Deng(p4,xiz,M4)^2*Deng(q2 + q3,xiw
      ,M3)^2*Deng(p4 + q2 + q3,xiw,M3)^2*p4.p4*xiw^2*ufoGC58^2*ufoGC80*ufoGC69
       - 1/8*g_(1,6_,nu10)*g_(2,6_,nu16)*FT2*g_(2,p4)*cFT(nu13,XX,i2,iufo11)*
      cFT(g7,XX,iufo11,j11)*flavourTag(fmu,j11,j12)*Vec(nu10,q2)*Vec(nu13,q3)*
      Vec(nu9,-p4)*Vec(nu9,q3)*Vecr(nu16,p4)*Deng(p4,xiz,M4)*Deng(q2 + q3,xiw,
      M3)^2*Deng(p4 + q2 + q3,xiw,M3)^2*xiw^2*ufoGC58^2*ufoGC80*ufoGC69
       + 1/8*g_(1,6_,nu10)*g_(2,6_,nu16)*FT2*g_(2,p4)*cFT(nu13,XX,i2,iufo11)*
      cFT(g7,XX,iufo11,j11)*flavourTag(fmu,j11,j12)*Vec(nu10,q2)*Vec(nu13,q3)*
      Vec(nu9,-p4)*Vec(nu9,q3)*Vecr(nu15,p4)*Deng(p4,xiz,M4)^2*Deng(q2 + q3,
      xiw,M3)^2*Deng(p4 + q2 + q3,xiw,M3)^2*p4.p4*xiw^2*ufoGC58^2*ufoGC80*
      ufoGC69
       + 1/8*g_(1,6_,nu10)*g_(2,6_,nu16)*FT2*g_(2,p4)*cFT(nu13,XX,i2,iufo11)*
      cFT(g7,XX,iufo11,j11)*flavourTag(fmu,j11,j12)*Vec(nu10,q2)*Vec(nu13,q3)*
      Vec(nu9,-q2)*Vec(nu9,q2)*Vec(nu15,q2)*Deng(p4,xiz,M4)^2*Deng(q2 + q3,xiw
      ,M3)^2*Deng(p4 + q2 + q3,xiw,M3)^2*p4.p4*xiw^2*ufoGC58^2*ufoGC80*ufoGC69
       + 1/8*g_(1,6_,nu10)*g_(2,6_,nu16)*FT2*g_(2,p4)*cFT(nu13,XX,i2,iufo11)*
      cFT(g7,XX,iufo11,j11)*flavourTag(fmu,j11,j12)*Vec(nu10,q2)*Vec(nu13,q3)*
      Vec(nu9,-q2)*Vec(nu9,q2)*Vec(nu15,q3)*Deng(p4,xiz,M4)^2*Deng(q2 + q3,xiw
      ,M3)^2*Deng(p4 + q2 + q3,xiw,M3)^2*p4.p4*xiw^2*ufoGC58^2*ufoGC80*ufoGC69
       - 1/8*g_(1,6_,nu10)*g_(2,6_,nu16)*FT2*g_(2,p4)*cFT(nu13,XX,i2,iufo11)*
      cFT(g7,XX,iufo11,j11)*flavourTag(fmu,j11,j12)*Vec(nu10,q2)*Vec(nu13,q3)*
      Vec(nu9,-q2)*Vec(nu9,q2)*Vecr(nu16,p4)*Deng(p4,xiz,M4)*Deng(q2 + q3,xiw,
      M3)^2*Deng(p4 + q2 + q3,xiw,M3)^2*xiw^2*ufoGC58^2*ufoGC80*ufoGC69
       + 1/8*g_(1,6_,nu10)*g_(2,6_,nu16)*FT2*g_(2,p4)*cFT(nu13,XX,i2,iufo11)*
      cFT(g7,XX,iufo11,j11)*flavourTag(fmu,j11,j12)*Vec(nu10,q2)*Vec(nu13,q3)*
      Vec(nu9,-q2)*Vec(nu9,q2)*Vecr(nu15,p4)*Deng(p4,xiz,M4)^2*Deng(q2 + q3,
      xiw,M3)^2*Deng(p4 + q2 + q3,xiw,M3)^2*p4.p4*xiw^2*ufoGC58^2*ufoGC80*
      ufoGC69
       + 1/8*g_(1,6_,nu10)*g_(2,6_,nu16)*FT2*g_(2,p4)*cFT(nu13,XX,i2,iufo11)*
      cFT(g7,XX,iufo11,j11)*flavourTag(fmu,j11,j12)*Vec(nu10,q2)*Vec(nu13,q3)*
      Vec(nu9,-q2)*Vec(nu9,q3)*Vec(nu15,q2)*Deng(p4,xiz,M4)^2*Deng(q2 + q3,xiw
      ,M3)^2*Deng(p4 + q2 + q3,xiw,M3)^2*p4.p4*xiw^2*ufoGC58^2*ufoGC80*ufoGC69
       + 1/8*g_(1,6_,nu10)*g_(2,6_,nu16)*FT2*g_(2,p4)*cFT(nu13,XX,i2,iufo11)*
      cFT(g7,XX,iufo11,j11)*flavourTag(fmu,j11,j12)*Vec(nu10,q2)*Vec(nu13,q3)*
      Vec(nu9,-q2)*Vec(nu9,q3)*Vec(nu15,q3)*Deng(p4,xiz,M4)^2*Deng(q2 + q3,xiw
      ,M3)^2*Deng(p4 + q2 + q3,xiw,M3)^2*p4.p4*xiw^2*ufoGC58^2*ufoGC80*ufoGC69
       - 1/8*g_(1,6_,nu10)*g_(2,6_,nu16)*FT2*g_(2,p4)*cFT(nu13,XX,i2,iufo11)*
      cFT(g7,XX,iufo11,j11)*flavourTag(fmu,j11,j12)*Vec(nu10,q2)*Vec(nu13,q3)*
      Vec(nu9,-q2)*Vec(nu9,q3)*Vecr(nu16,p4)*Deng(p4,xiz,M4)*Deng(q2 + q3,xiw,
      M3)^2*Deng(p4 + q2 + q3,xiw,M3)^2*xiw^2*ufoGC58^2*ufoGC80*ufoGC69
       + 1/8*g_(1,6_,nu10)*g_(2,6_,nu16)*FT2*g_(2,p4)*cFT(nu13,XX,i2,iufo11)*
      cFT(g7,XX,iufo11,j11)*flavourTag(fmu,j11,j12)*Vec(nu10,q2)*Vec(nu13,q3)*
      Vec(nu9,-q2)*Vec(nu9,q3)*Vecr(nu15,p4)*Deng(p4,xiz,M4)^2*Deng(q2 + q3,
      xiw,M3)^2*Deng(p4 + q2 + q3,xiw,M3)^2*p4.p4*xiw^2*ufoGC58^2*ufoGC80*
      ufoGC69
       + 1/8*g_(1,6_,nu10)*g_(2,6_,nu16)*FT2*g_(2,p4)*cFT(nu13,XX,i2,iufo11)*
      cFT(g7,XX,iufo11,j11)*flavourTag(fmu,j11,j12)*Vec(nu10,q2)*Vec(nu13,q3)*
      Vec(nu9,-q3)*Vec(nu9,q2)*Vec(nu15,q2)*Deng(p4,xiz,M4)^2*Deng(q2 + q3,xiw
      ,M3)^2*Deng(p4 + q2 + q3,xiw,M3)^2*p4.p4*xiw^2*ufoGC58^2*ufoGC80*ufoGC69
       + 1/8*g_(1,6_,nu10)*g_(2,6_,nu16)*FT2*g_(2,p4)*cFT(nu13,XX,i2,iufo11)*
      cFT(g7,XX,iufo11,j11)*flavourTag(fmu,j11,j12)*Vec(nu10,q2)*Vec(nu13,q3)*
      Vec(nu9,-q3)*Vec(nu9,q2)*Vec(nu15,q3)*Deng(p4,xiz,M4)^2*Deng(q2 + q3,xiw
      ,M3)^2*Deng(p4 + q2 + q3,xiw,M3)^2*p4.p4*xiw^2*ufoGC58^2*ufoGC80*ufoGC69
       - 1/8*g_(1,6_,nu10)*g_(2,6_,nu16)*FT2*g_(2,p4)*cFT(nu13,XX,i2,iufo11)*
      cFT(g7,XX,iufo11,j11)*flavourTag(fmu,j11,j12)*Vec(nu10,q2)*Vec(nu13,q3)*
      Vec(nu9,-q3)*Vec(nu9,q2)*Vecr(nu16,p4)*Deng(p4,xiz,M4)*Deng(q2 + q3,xiw,
      M3)^2*Deng(p4 + q2 + q3,xiw,M3)^2*xiw^2*ufoGC58^2*ufoGC80*ufoGC69
       + 1/8*g_(1,6_,nu10)*g_(2,6_,nu16)*FT2*g_(2,p4)*cFT(nu13,XX,i2,iufo11)*
      cFT(g7,XX,iufo11,j11)*flavourTag(fmu,j11,j12)*Vec(nu10,q2)*Vec(nu13,q3)*
      Vec(nu9,-q3)*Vec(nu9,q2)*Vecr(nu15,p4)*Deng(p4,xiz,M4)^2*Deng(q2 + q3,
      xiw,M3)^2*Deng(p4 + q2 + q3,xiw,M3)^2*p4.p4*xiw^2*ufoGC58^2*ufoGC80*
      ufoGC69
       + 1/8*g_(1,6_,nu10)*g_(2,6_,nu16)*FT2*g_(2,p4)*cFT(nu13,XX,i2,iufo11)*
      cFT(g7,XX,iufo11,j11)*flavourTag(fmu,j11,j12)*Vec(nu10,q2)*Vec(nu13,q3)*
      Vec(nu9,-q3)*Vec(nu9,q3)*Vec(nu15,q2)*Deng(p4,xiz,M4)^2*Deng(q2 + q3,xiw
      ,M3)^2*Deng(p4 + q2 + q3,xiw,M3)^2*p4.p4*xiw^2*ufoGC58^2*ufoGC80*ufoGC69
       + 1/8*g_(1,6_,nu10)*g_(2,6_,nu16)*FT2*g_(2,p4)*cFT(nu13,XX,i2,iufo11)*
      cFT(g7,XX,iufo11,j11)*flavourTag(fmu,j11,j12)*Vec(nu10,q2)*Vec(nu13,q3)*
      Vec(nu9,-q3)*Vec(nu9,q3)*Vec(nu15,q3)*Deng(p4,xiz,M4)^2*Deng(q2 + q3,xiw
      ,M3)^2*Deng(p4 + q2 + q3,xiw,M3)^2*p4.p4*xiw^2*ufoGC58^2*ufoGC80*ufoGC69
       - 1/8*g_(1,6_,nu10)*g_(2,6_,nu16)*FT2*g_(2,p4)*cFT(nu13,XX,i2,iufo11)*
      cFT(g7,XX,iufo11,j11)*flavourTag(fmu,j11,j12)*Vec(nu10,q2)*Vec(nu13,q3)*
      Vec(nu9,-q3)*Vec(nu9,q3)*Vecr(nu16,p4)*Deng(p4,xiz,M4)*Deng(q2 + q3,xiw,
      M3)^2*Deng(p4 + q2 + q3,xiw,M3)^2*xiw^2*ufoGC58^2*ufoGC80*ufoGC69
       + 1/8*g_(1,6_,nu10)*g_(2,6_,nu16)*FT2*g_(2,p4)*cFT(nu13,XX,i2,iufo11)*
      cFT(g7,XX,iufo11,j11)*flavourTag(fmu,j11,j12)*Vec(nu10,q2)*Vec(nu13,q3)*
      Vec(nu9,-q3)*Vec(nu9,q3)*Vecr(nu15,p4)*Deng(p4,xiz,M4)^2*Deng(q2 + q3,
      xiw,M3)^2*Deng(p4 + q2 + q3,xiw,M3)^2*p4.p4*xiw^2*ufoGC58^2*ufoGC80*
      ufoGC69
       - 1/8*g_(1,6_,nu10)*g_(2,6_,nu16)*FT2*g_(2,p4)*cFT(nu13,XX,i2,iufo11)*
      cFT(g7,XX,iufo11,j11)*flavourTag(fmu,j11,j12)*Vec(nu10,q2)*Vec(nu13,q3)*
      Vec(nu14,q2)^2*Vec(nu15,-p4)*Deng(p4,xiz,M4)^2*Deng(q2 + q3,xiw,M3)^2*
      Deng(p4 + q2 + q3,xiw,M3)^2*p4.p4*xiw^2*ufoGC58^2*ufoGC80*ufoGC69
       - 1/8*g_(1,6_,nu10)*g_(2,6_,nu16)*FT2*g_(2,p4)*cFT(nu13,XX,i2,iufo11)*
      cFT(g7,XX,iufo11,j11)*flavourTag(fmu,j11,j12)*Vec(nu10,q2)*Vec(nu13,q3)*
      Vec(nu14,q2)^2*Vec(nu15,-q2)*Deng(p4,xiz,M4)^2*Deng(q2 + q3,xiw,M3)^2*
      Deng(p4 + q2 + q3,xiw,M3)^2*p4.p4*xiw^2*ufoGC58^2*ufoGC80*ufoGC69
       - 1/8*g_(1,6_,nu10)*g_(2,6_,nu16)*FT2*g_(2,p4)*cFT(nu13,XX,i2,iufo11)*
      cFT(g7,XX,iufo11,j11)*flavourTag(fmu,j11,j12)*Vec(nu10,q2)*Vec(nu13,q3)*
      Vec(nu14,q2)^2*Vec(nu15,-q3)*Deng(p4,xiz,M4)^2*Deng(q2 + q3,xiw,M3)^2*
      Deng(p4 + q2 + q3,xiw,M3)^2*p4.p4*xiw^2*ufoGC58^2*ufoGC80*ufoGC69
       - 1/4*g_(1,6_,nu10)*g_(2,6_,nu16)*FT2*g_(2,p4)*cFT(nu13,XX,i2,iufo11)*
      cFT(g7,XX,iufo11,j11)*flavourTag(fmu,j11,j12)*Vec(nu10,q2)*Vec(nu13,q3)*
      Vec(nu14,q2)*Vec(nu14,q3)*Vec(nu15,-p4)*Deng(p4,xiz,M4)^2*Deng(q2 + q3,
      xiw,M3)^2*Deng(p4 + q2 + q3,xiw,M3)^2*p4.p4*xiw^2*ufoGC58^2*ufoGC80*
      ufoGC69
       - 1/4*g_(1,6_,nu10)*g_(2,6_,nu16)*FT2*g_(2,p4)*cFT(nu13,XX,i2,iufo11)*
      cFT(g7,XX,iufo11,j11)*flavourTag(fmu,j11,j12)*Vec(nu10,q2)*Vec(nu13,q3)*
      Vec(nu14,q2)*Vec(nu14,q3)*Vec(nu15,-q2)*Deng(p4,xiz,M4)^2*Deng(q2 + q3,
      xiw,M3)^2*Deng(p4 + q2 + q3,xiw,M3)^2*p4.p4*xiw^2*ufoGC58^2*ufoGC80*
      ufoGC69
       - 1/4*g_(1,6_,nu10)*g_(2,6_,nu16)*FT2*g_(2,p4)*cFT(nu13,XX,i2,iufo11)*
      cFT(g7,XX,iufo11,j11)*flavourTag(fmu,j11,j12)*Vec(nu10,q2)*Vec(nu13,q3)*
      Vec(nu14,q2)*Vec(nu14,q3)*Vec(nu15,-q3)*Deng(p4,xiz,M4)^2*Deng(q2 + q3,
      xiw,M3)^2*Deng(p4 + q2 + q3,xiw,M3)^2*p4.p4*xiw^2*ufoGC58^2*ufoGC80*
      ufoGC69
       + 1/8*g_(1,6_,nu10)*g_(2,6_,nu16)*FT2*g_(2,p4)*cFT(nu13,XX,i2,iufo11)*
      cFT(g7,XX,iufo11,j11)*flavourTag(fmu,j11,j12)*Vec(nu10,q2)*Vec(nu13,q3)*
      Vec(nu14,q2)*Vec(nu15,q2)*Vecr(nu15,p4)*Deng(p4,xiz,M4)^2*Deng(q2 + q3,
      xiw,M3)^2*Deng(p4 + q2 + q3,xiw,M3)^2*p4.p4*xiw^2*ufoGC58^2*ufoGC80*
      ufoGC69
       + 1/8*g_(1,6_,nu10)*g_(2,6_,nu16)*FT2*g_(2,p4)*cFT(nu13,XX,i2,iufo11)*
      cFT(g7,XX,iufo11,j11)*flavourTag(fmu,j11,j12)*Vec(nu10,q2)*Vec(nu13,q3)*
      Vec(nu14,q2)*Vec(nu15,q3)*Vecr(nu15,p4)*Deng(p4,xiz,M4)^2*Deng(q2 + q3,
      xiw,M3)^2*Deng(p4 + q2 + q3,xiw,M3)^2*p4.p4*xiw^2*ufoGC58^2*ufoGC80*
      ufoGC69
       - 1/8*g_(1,6_,nu10)*g_(2,6_,nu16)*FT2*g_(2,p4)*cFT(nu13,XX,i2,iufo11)*
      cFT(g7,XX,iufo11,j11)*flavourTag(fmu,j11,j12)*Vec(nu10,q2)*Vec(nu13,q3)*
      Vec(nu14,q2)*Vec(nu15,-p4)*Vecr(nu15,p4)*Deng(p4,xiz,M4)^2*Deng(q2 + q3,
      xiw,M3)^2*Deng(p4 + q2 + q3,xiw,M3)^2*p4.p4*xiw^2*ufoGC58^2*ufoGC80*
      ufoGC69
       - 1/8*g_(1,6_,nu10)*g_(2,6_,nu16)*FT2*g_(2,p4)*cFT(nu13,XX,i2,iufo11)*
      cFT(g7,XX,iufo11,j11)*flavourTag(fmu,j11,j12)*Vec(nu10,q2)*Vec(nu13,q3)*
      Vec(nu14,q2)*Vec(nu15,-q2)*Vecr(nu15,p4)*Deng(p4,xiz,M4)^2*Deng(q2 + q3,
      xiw,M3)^2*Deng(p4 + q2 + q3,xiw,M3)^2*p4.p4*xiw^2*ufoGC58^2*ufoGC80*
      ufoGC69
       - 1/8*g_(1,6_,nu10)*g_(2,6_,nu16)*FT2*g_(2,p4)*cFT(nu13,XX,i2,iufo11)*
      cFT(g7,XX,iufo11,j11)*flavourTag(fmu,j11,j12)*Vec(nu10,q2)*Vec(nu13,q3)*
      Vec(nu14,q2)*Vec(nu15,-q3)*Vecr(nu15,p4)*Deng(p4,xiz,M4)^2*Deng(q2 + q3,
      xiw,M3)^2*Deng(p4 + q2 + q3,xiw,M3)^2*p4.p4*xiw^2*ufoGC58^2*ufoGC80*
      ufoGC69
       - 1/8*g_(1,6_,nu10)*g_(2,6_,nu16)*FT2*g_(2,p4)*cFT(nu13,XX,i2,iufo11)*
      cFT(g7,XX,iufo11,j11)*flavourTag(fmu,j11,j12)*Vec(nu10,q2)*Vec(nu13,q3)*
      Vec(nu14,q3)^2*Vec(nu15,-p4)*Deng(p4,xiz,M4)^2*Deng(q2 + q3,xiw,M3)^2*
      Deng(p4 + q2 + q3,xiw,M3)^2*p4.p4*xiw^2*ufoGC58^2*ufoGC80*ufoGC69
       - 1/8*g_(1,6_,nu10)*g_(2,6_,nu16)*FT2*g_(2,p4)*cFT(nu13,XX,i2,iufo11)*
      cFT(g7,XX,iufo11,j11)*flavourTag(fmu,j11,j12)*Vec(nu10,q2)*Vec(nu13,q3)*
      Vec(nu14,q3)^2*Vec(nu15,-q2)*Deng(p4,xiz,M4)^2*Deng(q2 + q3,xiw,M3)^2*
      Deng(p4 + q2 + q3,xiw,M3)^2*p4.p4*xiw^2*ufoGC58^2*ufoGC80*ufoGC69
       - 1/8*g_(1,6_,nu10)*g_(2,6_,nu16)*FT2*g_(2,p4)*cFT(nu13,XX,i2,iufo11)*
      cFT(g7,XX,iufo11,j11)*flavourTag(fmu,j11,j12)*Vec(nu10,q2)*Vec(nu13,q3)*
      Vec(nu14,q3)^2*Vec(nu15,-q3)*Deng(p4,xiz,M4)^2*Deng(q2 + q3,xiw,M3)^2*
      Deng(p4 + q2 + q3,xiw,M3)^2*p4.p4*xiw^2*ufoGC58^2*ufoGC80*ufoGC69
       + 1/8*g_(1,6_,nu10)*g_(2,6_,nu16)*FT2*g_(2,p4)*cFT(nu13,XX,i2,iufo11)*
      cFT(g7,XX,iufo11,j11)*flavourTag(fmu,j11,j12)*Vec(nu10,q2)*Vec(nu13,q3)*
      Vec(nu14,q3)*Vec(nu15,q2)*Vecr(nu15,p4)*Deng(p4,xiz,M4)^2*Deng(q2 + q3,
      xiw,M3)^2*Deng(p4 + q2 + q3,xiw,M3)^2*p4.p4*xiw^2*ufoGC58^2*ufoGC80*
      ufoGC69
       + 1/8*g_(1,6_,nu10)*g_(2,6_,nu16)*FT2*g_(2,p4)*cFT(nu13,XX,i2,iufo11)*
      cFT(g7,XX,iufo11,j11)*flavourTag(fmu,j11,j12)*Vec(nu10,q2)*Vec(nu13,q3)*
      Vec(nu14,q3)*Vec(nu15,q3)*Vecr(nu15,p4)*Deng(p4,xiz,M4)^2*Deng(q2 + q3,
      xiw,M3)^2*Deng(p4 + q2 + q3,xiw,M3)^2*p4.p4*xiw^2*ufoGC58^2*ufoGC80*
      ufoGC69
       - 1/8*g_(1,6_,nu10)*g_(2,6_,nu16)*FT2*g_(2,p4)*cFT(nu13,XX,i2,iufo11)*
      cFT(g7,XX,iufo11,j11)*flavourTag(fmu,j11,j12)*Vec(nu10,q2)*Vec(nu13,q3)*
      Vec(nu14,q3)*Vec(nu15,-p4)*Vecr(nu15,p4)*Deng(p4,xiz,M4)^2*Deng(q2 + q3,
      xiw,M3)^2*Deng(p4 + q2 + q3,xiw,M3)^2*p4.p4*xiw^2*ufoGC58^2*ufoGC80*
      ufoGC69
       - 1/8*g_(1,6_,nu10)*g_(2,6_,nu16)*FT2*g_(2,p4)*cFT(nu13,XX,i2,iufo11)*
      cFT(g7,XX,iufo11,j11)*flavourTag(fmu,j11,j12)*Vec(nu10,q2)*Vec(nu13,q3)*
      Vec(nu14,q3)*Vec(nu15,-q2)*Vecr(nu15,p4)*Deng(p4,xiz,M4)^2*Deng(q2 + q3,
      xiw,M3)^2*Deng(p4 + q2 + q3,xiw,M3)^2*p4.p4*xiw^2*ufoGC58^2*ufoGC80*
      ufoGC69
       - 1/8*g_(1,6_,nu10)*g_(2,6_,nu16)*FT2*g_(2,p4)*cFT(nu13,XX,i2,iufo11)*
      cFT(g7,XX,iufo11,j11)*flavourTag(fmu,j11,j12)*Vec(nu10,q2)*Vec(nu13,q3)*
      Vec(nu14,q3)*Vec(nu15,-q3)*Vecr(nu15,p4)*Deng(p4,xiz,M4)^2*Deng(q2 + q3,
      xiw,M3)^2*Deng(p4 + q2 + q3,xiw,M3)^2*p4.p4*xiw^2*ufoGC58^2*ufoGC80*
      ufoGC69
       + 1/8*g_(1,6_,nu10)*g_(2,6_,nu16)*FT2*g_(2,p4)*cFT(nu13,XX,i2,iufo11)*
      cFT(g7,XX,iufo11,j11)*flavourTag(fmu,j11,j12)*Vec(nu10,q2)*Vec(nu13,q3)*
      Vec(nu15,q2)*Deng(p4,xiz,M4)^2*Deng(q2 + q3,xiw,M3)^2*Deng(p4 + q2 + q3,
      xiw,M3)^2*p4.p4^2*xiw^2*ufoGC58^2*ufoGC80*ufoGC69
       + 1/8*g_(1,6_,nu10)*g_(2,6_,nu16)*FT2*g_(2,p4)*cFT(nu13,XX,i2,iufo11)*
      cFT(g7,XX,iufo11,j11)*flavourTag(fmu,j11,j12)*Vec(nu10,q2)*Vec(nu13,q3)*
      Vec(nu15,q3)*Deng(p4,xiz,M4)^2*Deng(q2 + q3,xiw,M3)^2*Deng(p4 + q2 + q3,
      xiw,M3)^2*p4.p4^2*xiw^2*ufoGC58^2*ufoGC80*ufoGC69
       - 1/8*g_(1,6_,nu10)*g_(2,6_,nu16)*FT2*g_(2,p4)*cFT(nu13,XX,i2,iufo11)*
      cFT(g7,XX,iufo11,j11)*flavourTag(fmu,j11,j12)*Vec(nu10,q2)*Vec(nu9,q2)*
      Vec(nu15,q2)*Deng(p4,xiz,M4)^2*Deng(q2 + q3,xiw,M3)^2*Deng(p4 + q2 + q3,
      xiw,M3)^2*p4.p4^2*xiw^2*ufoGC58^2*ufoGC80*ufoGC69
       - 1/8*g_(1,6_,nu10)*g_(2,6_,nu16)*FT2*g_(2,p4)*cFT(nu13,XX,i2,iufo11)*
      cFT(g7,XX,iufo11,j11)*flavourTag(fmu,j11,j12)*Vec(nu10,q2)*Vec(nu9,q2)*
      Vec(nu15,q3)*Deng(p4,xiz,M4)^2*Deng(q2 + q3,xiw,M3)^2*Deng(p4 + q2 + q3,
      xiw,M3)^2*p4.p4^2*xiw^2*ufoGC58^2*ufoGC80*ufoGC69
       + 1/8*g_(1,6_,nu10)*g_(2,6_,nu16)*FT2*g_(2,p4)*cFT(nu13,XX,i2,iufo11)*
      cFT(g7,XX,iufo11,j11)*flavourTag(fmu,j11,j12)*Vec(nu10,q2)*Vec(nu9,q2)*
      Vecr(nu9,p4)*Deng(p4,xiz,M4)*Deng(q2 + q3,xiw,M3)^2*Deng(p4 + q2 + q3,
      xiw,M3)^2*p4.p4*xiw^2*ufoGC58^2*ufoGC80*ufoGC69
       - 1/8*g_(1,6_,nu10)*g_(2,6_,nu16)*FT2*g_(2,p4)*cFT(nu13,XX,i2,iufo11)*
      cFT(g7,XX,iufo11,j11)*flavourTag(fmu,j11,j12)*Vec(nu10,q2)*Vec(nu9,q2)*
      Vecr(nu15,p4)*Deng(p4,xiz,M4)^2*Deng(q2 + q3,xiw,M3)^2*Deng(p4 + q2 + q3
      ,xiw,M3)^2*p4.p4^2*xiw^2*ufoGC58^2*ufoGC80*ufoGC69
       - 1/8*g_(1,6_,nu10)*g_(2,6_,nu16)*FT2*g_(2,p4)*cFT(nu13,XX,i2,iufo11)*
      cFT(g7,XX,iufo11,j11)*flavourTag(fmu,j11,j12)*Vec(nu10,q2)*Vec(nu9,q3)*
      Vec(nu15,q2)*Deng(p4,xiz,M4)^2*Deng(q2 + q3,xiw,M3)^2*Deng(p4 + q2 + q3,
      xiw,M3)^2*p4.p4^2*xiw^2*ufoGC58^2*ufoGC80*ufoGC69
       - 1/8*g_(1,6_,nu10)*g_(2,6_,nu16)*FT2*g_(2,p4)*cFT(nu13,XX,i2,iufo11)*
      cFT(g7,XX,iufo11,j11)*flavourTag(fmu,j11,j12)*Vec(nu10,q2)*Vec(nu9,q3)*
      Vec(nu15,q3)*Deng(p4,xiz,M4)^2*Deng(q2 + q3,xiw,M3)^2*Deng(p4 + q2 + q3,
      xiw,M3)^2*p4.p4^2*xiw^2*ufoGC58^2*ufoGC80*ufoGC69
       + 1/8*g_(1,6_,nu10)*g_(2,6_,nu16)*FT2*g_(2,p4)*cFT(nu13,XX,i2,iufo11)*
      cFT(g7,XX,iufo11,j11)*flavourTag(fmu,j11,j12)*Vec(nu10,q2)*Vec(nu9,q3)*
      Vecr(nu9,p4)*Deng(p4,xiz,M4)*Deng(q2 + q3,xiw,M3)^2*Deng(p4 + q2 + q3,
      xiw,M3)^2*p4.p4*xiw^2*ufoGC58^2*ufoGC80*ufoGC69
       - 1/8*g_(1,6_,nu10)*g_(2,6_,nu16)*FT2*g_(2,p4)*cFT(nu13,XX,i2,iufo11)*
      cFT(g7,XX,iufo11,j11)*flavourTag(fmu,j11,j12)*Vec(nu10,q2)*Vec(nu9,q3)*
      Vecr(nu15,p4)*Deng(p4,xiz,M4)^2*Deng(q2 + q3,xiw,M3)^2*Deng(p4 + q2 + q3
      ,xiw,M3)^2*p4.p4^2*xiw^2*ufoGC58^2*ufoGC80*ufoGC69
       + 1/8*g_(1,6_,nu10)*g_(2,6_,nu16)*FT2*g_(2,p4)*cFT(nu13,XX,i2,iufo11)*
      cFT(g7,XX,iufo11,j11)*flavourTag(fmu,j11,j12)*Vec(nu10,q2)*Vec(nu9,-p4)*
      Vec(nu9,q2)*Vec(nu15,q2)*Vecr(nu15,p4)*Deng(p4,xiz,M4)^2*Deng(q2 + q3,
      xiw,M3)^2*Deng(p4 + q2 + q3,xiw,M3)^2*p4.p4*xiw^2*ufoGC58^2*ufoGC80*
      ufoGC69
       + 1/8*g_(1,6_,nu10)*g_(2,6_,nu16)*FT2*g_(2,p4)*cFT(nu13,XX,i2,iufo11)*
      cFT(g7,XX,iufo11,j11)*flavourTag(fmu,j11,j12)*Vec(nu10,q2)*Vec(nu9,-p4)*
      Vec(nu9,q2)*Vec(nu15,q3)*Vecr(nu15,p4)*Deng(p4,xiz,M4)^2*Deng(q2 + q3,
      xiw,M3)^2*Deng(p4 + q2 + q3,xiw,M3)^2*p4.p4*xiw^2*ufoGC58^2*ufoGC80*
      ufoGC69
       - 1/8*g_(1,6_,nu10)*g_(2,6_,nu16)*FT2*g_(2,p4)*cFT(nu13,XX,i2,iufo11)*
      cFT(g7,XX,iufo11,j11)*flavourTag(fmu,j11,j12)*Vec(nu10,q2)*Vec(nu9,-p4)*
      Vec(nu9,q2)*Deng(p4,xiz,M4)*Deng(q2 + q3,xiw,M3)^2*Deng(p4 + q2 + q3,xiw
      ,M3)^2*p4.p4*xiw^2*ufoGC58^2*ufoGC80*ufoGC69
       + 1/8*g_(1,6_,nu10)*g_(2,6_,nu16)*FT2*g_(2,p4)*cFT(nu13,XX,i2,iufo11)*
      cFT(g7,XX,iufo11,j11)*flavourTag(fmu,j11,j12)*Vec(nu10,q2)*Vec(nu9,-p4)*
      Vec(nu9,q2)*Deng(p4,xiz,M4)^2*Deng(q2 + q3,xiw,M3)^2*Deng(p4 + q2 + q3,
      xiw,M3)^2*p4.p4^2*xiw^2*ufoGC58^2*ufoGC80*ufoGC69
       + 1/8*g_(1,6_,nu10)*g_(2,6_,nu16)*FT2*g_(2,p4)*cFT(nu13,XX,i2,iufo11)*
      cFT(g7,XX,iufo11,j11)*flavourTag(fmu,j11,j12)*Vec(nu10,q2)*Vec(nu9,-p4)*
      Vec(nu9,q3)*Vec(nu15,q2)*Vecr(nu15,p4)*Deng(p4,xiz,M4)^2*Deng(q2 + q3,
      xiw,M3)^2*Deng(p4 + q2 + q3,xiw,M3)^2*p4.p4*xiw^2*ufoGC58^2*ufoGC80*
      ufoGC69
       + 1/8*g_(1,6_,nu10)*g_(2,6_,nu16)*FT2*g_(2,p4)*cFT(nu13,XX,i2,iufo11)*
      cFT(g7,XX,iufo11,j11)*flavourTag(fmu,j11,j12)*Vec(nu10,q2)*Vec(nu9,-p4)*
      Vec(nu9,q3)*Vec(nu15,q3)*Vecr(nu15,p4)*Deng(p4,xiz,M4)^2*Deng(q2 + q3,
      xiw,M3)^2*Deng(p4 + q2 + q3,xiw,M3)^2*p4.p4*xiw^2*ufoGC58^2*ufoGC80*
      ufoGC69
       - 1/8*g_(1,6_,nu10)*g_(2,6_,nu16)*FT2*g_(2,p4)*cFT(nu13,XX,i2,iufo11)*
      cFT(g7,XX,iufo11,j11)*flavourTag(fmu,j11,j12)*Vec(nu10,q2)*Vec(nu9,-p4)*
      Vec(nu9,q3)*Deng(p4,xiz,M4)*Deng(q2 + q3,xiw,M3)^2*Deng(p4 + q2 + q3,xiw
      ,M3)^2*p4.p4*xiw^2*ufoGC58^2*ufoGC80*ufoGC69
       + 1/8*g_(1,6_,nu10)*g_(2,6_,nu16)*FT2*g_(2,p4)*cFT(nu13,XX,i2,iufo11)*
      cFT(g7,XX,iufo11,j11)*flavourTag(fmu,j11,j12)*Vec(nu10,q2)*Vec(nu9,-p4)*
      Vec(nu9,q3)*Deng(p4,xiz,M4)^2*Deng(q2 + q3,xiw,M3)^2*Deng(p4 + q2 + q3,
      xiw,M3)^2*p4.p4^2*xiw^2*ufoGC58^2*ufoGC80*ufoGC69
       + 1/8*g_(1,6_,nu10)*g_(2,6_,nu16)*FT2*g_(2,p4)*cFT(nu13,XX,i2,iufo11)*
      cFT(g7,XX,iufo11,j11)*flavourTag(fmu,j11,j12)*Vec(nu10,q2)*Vec(nu9,-q2)*
      Vec(nu9,q2)*Vec(nu15,q2)*Vecr(nu15,p4)*Deng(p4,xiz,M4)^2*Deng(q2 + q3,
      xiw,M3)^2*Deng(p4 + q2 + q3,xiw,M3)^2*p4.p4*xiw^2*ufoGC58^2*ufoGC80*
      ufoGC69
       + 1/8*g_(1,6_,nu10)*g_(2,6_,nu16)*FT2*g_(2,p4)*cFT(nu13,XX,i2,iufo11)*
      cFT(g7,XX,iufo11,j11)*flavourTag(fmu,j11,j12)*Vec(nu10,q2)*Vec(nu9,-q2)*
      Vec(nu9,q2)*Vec(nu15,q3)*Vecr(nu15,p4)*Deng(p4,xiz,M4)^2*Deng(q2 + q3,
      xiw,M3)^2*Deng(p4 + q2 + q3,xiw,M3)^2*p4.p4*xiw^2*ufoGC58^2*ufoGC80*
      ufoGC69
       - 1/8*g_(1,6_,nu10)*g_(2,6_,nu16)*FT2*g_(2,p4)*cFT(nu13,XX,i2,iufo11)*
      cFT(g7,XX,iufo11,j11)*flavourTag(fmu,j11,j12)*Vec(nu10,q2)*Vec(nu9,-q2)*
      Vec(nu9,q2)*Deng(p4,xiz,M4)*Deng(q2 + q3,xiw,M3)^2*Deng(p4 + q2 + q3,xiw
      ,M3)^2*p4.p4*xiw^2*ufoGC58^2*ufoGC80*ufoGC69
       + 1/8*g_(1,6_,nu10)*g_(2,6_,nu16)*FT2*g_(2,p4)*cFT(nu13,XX,i2,iufo11)*
      cFT(g7,XX,iufo11,j11)*flavourTag(fmu,j11,j12)*Vec(nu10,q2)*Vec(nu9,-q2)*
      Vec(nu9,q2)*Deng(p4,xiz,M4)^2*Deng(q2 + q3,xiw,M3)^2*Deng(p4 + q2 + q3,
      xiw,M3)^2*p4.p4^2*xiw^2*ufoGC58^2*ufoGC80*ufoGC69
       + 1/8*g_(1,6_,nu10)*g_(2,6_,nu16)*FT2*g_(2,p4)*cFT(nu13,XX,i2,iufo11)*
      cFT(g7,XX,iufo11,j11)*flavourTag(fmu,j11,j12)*Vec(nu10,q2)*Vec(nu9,-q2)*
      Vec(nu9,q3)*Vec(nu15,q2)*Vecr(nu15,p4)*Deng(p4,xiz,M4)^2*Deng(q2 + q3,
      xiw,M3)^2*Deng(p4 + q2 + q3,xiw,M3)^2*p4.p4*xiw^2*ufoGC58^2*ufoGC80*
      ufoGC69
       + 1/8*g_(1,6_,nu10)*g_(2,6_,nu16)*FT2*g_(2,p4)*cFT(nu13,XX,i2,iufo11)*
      cFT(g7,XX,iufo11,j11)*flavourTag(fmu,j11,j12)*Vec(nu10,q2)*Vec(nu9,-q2)*
      Vec(nu9,q3)*Vec(nu15,q3)*Vecr(nu15,p4)*Deng(p4,xiz,M4)^2*Deng(q2 + q3,
      xiw,M3)^2*Deng(p4 + q2 + q3,xiw,M3)^2*p4.p4*xiw^2*ufoGC58^2*ufoGC80*
      ufoGC69
       - 1/8*g_(1,6_,nu10)*g_(2,6_,nu16)*FT2*g_(2,p4)*cFT(nu13,XX,i2,iufo11)*
      cFT(g7,XX,iufo11,j11)*flavourTag(fmu,j11,j12)*Vec(nu10,q2)*Vec(nu9,-q2)*
      Vec(nu9,q3)*Deng(p4,xiz,M4)*Deng(q2 + q3,xiw,M3)^2*Deng(p4 + q2 + q3,xiw
      ,M3)^2*p4.p4*xiw^2*ufoGC58^2*ufoGC80*ufoGC69
       + 1/8*g_(1,6_,nu10)*g_(2,6_,nu16)*FT2*g_(2,p4)*cFT(nu13,XX,i2,iufo11)*
      cFT(g7,XX,iufo11,j11)*flavourTag(fmu,j11,j12)*Vec(nu10,q2)*Vec(nu9,-q2)*
      Vec(nu9,q3)*Deng(p4,xiz,M4)^2*Deng(q2 + q3,xiw,M3)^2*Deng(p4 + q2 + q3,
      xiw,M3)^2*p4.p4^2*xiw^2*ufoGC58^2*ufoGC80*ufoGC69
       + 1/8*g_(1,6_,nu10)*g_(2,6_,nu16)*FT2*g_(2,p4)*cFT(nu13,XX,i2,iufo11)*
      cFT(g7,XX,iufo11,j11)*flavourTag(fmu,j11,j12)*Vec(nu10,q2)*Vec(nu9,-q3)*
      Vec(nu9,q2)*Vec(nu15,q2)*Vecr(nu15,p4)*Deng(p4,xiz,M4)^2*Deng(q2 + q3,
      xiw,M3)^2*Deng(p4 + q2 + q3,xiw,M3)^2*p4.p4*xiw^2*ufoGC58^2*ufoGC80*
      ufoGC69
       + 1/8*g_(1,6_,nu10)*g_(2,6_,nu16)*FT2*g_(2,p4)*cFT(nu13,XX,i2,iufo11)*
      cFT(g7,XX,iufo11,j11)*flavourTag(fmu,j11,j12)*Vec(nu10,q2)*Vec(nu9,-q3)*
      Vec(nu9,q2)*Vec(nu15,q3)*Vecr(nu15,p4)*Deng(p4,xiz,M4)^2*Deng(q2 + q3,
      xiw,M3)^2*Deng(p4 + q2 + q3,xiw,M3)^2*p4.p4*xiw^2*ufoGC58^2*ufoGC80*
      ufoGC69
       - 1/8*g_(1,6_,nu10)*g_(2,6_,nu16)*FT2*g_(2,p4)*cFT(nu13,XX,i2,iufo11)*
      cFT(g7,XX,iufo11,j11)*flavourTag(fmu,j11,j12)*Vec(nu10,q2)*Vec(nu9,-q3)*
      Vec(nu9,q2)*Deng(p4,xiz,M4)*Deng(q2 + q3,xiw,M3)^2*Deng(p4 + q2 + q3,xiw
      ,M3)^2*p4.p4*xiw^2*ufoGC58^2*ufoGC80*ufoGC69
       + 1/8*g_(1,6_,nu10)*g_(2,6_,nu16)*FT2*g_(2,p4)*cFT(nu13,XX,i2,iufo11)*
      cFT(g7,XX,iufo11,j11)*flavourTag(fmu,j11,j12)*Vec(nu10,q2)*Vec(nu9,-q3)*
      Vec(nu9,q2)*Deng(p4,xiz,M4)^2*Deng(q2 + q3,xiw,M3)^2*Deng(p4 + q2 + q3,
      xiw,M3)^2*p4.p4^2*xiw^2*ufoGC58^2*ufoGC80*ufoGC69
       + 1/8*g_(1,6_,nu10)*g_(2,6_,nu16)*FT2*g_(2,p4)*cFT(nu13,XX,i2,iufo11)*
      cFT(g7,XX,iufo11,j11)*flavourTag(fmu,j11,j12)*Vec(nu10,q2)*Vec(nu9,-q3)*
      Vec(nu9,q3)*Vec(nu15,q2)*Vecr(nu15,p4)*Deng(p4,xiz,M4)^2*Deng(q2 + q3,
      xiw,M3)^2*Deng(p4 + q2 + q3,xiw,M3)^2*p4.p4*xiw^2*ufoGC58^2*ufoGC80*
      ufoGC69
       + 1/8*g_(1,6_,nu10)*g_(2,6_,nu16)*FT2*g_(2,p4)*cFT(nu13,XX,i2,iufo11)*
      cFT(g7,XX,iufo11,j11)*flavourTag(fmu,j11,j12)*Vec(nu10,q2)*Vec(nu9,-q3)*
      Vec(nu9,q3)*Vec(nu15,q3)*Vecr(nu15,p4)*Deng(p4,xiz,M4)^2*Deng(q2 + q3,
      xiw,M3)^2*Deng(p4 + q2 + q3,xiw,M3)^2*p4.p4*xiw^2*ufoGC58^2*ufoGC80*
      ufoGC69
       - 1/8*g_(1,6_,nu10)*g_(2,6_,nu16)*FT2*g_(2,p4)*cFT(nu13,XX,i2,iufo11)*
      cFT(g7,XX,iufo11,j11)*flavourTag(fmu,j11,j12)*Vec(nu10,q2)*Vec(nu9,-q3)*
      Vec(nu9,q3)*Deng(p4,xiz,M4)*Deng(q2 + q3,xiw,M3)^2*Deng(p4 + q2 + q3,xiw
      ,M3)^2*p4.p4*xiw^2*ufoGC58^2*ufoGC80*ufoGC69
       + 1/8*g_(1,6_,nu10)*g_(2,6_,nu16)*FT2*g_(2,p4)*cFT(nu13,XX,i2,iufo11)*
      cFT(g7,XX,iufo11,j11)*flavourTag(fmu,j11,j12)*Vec(nu10,q2)*Vec(nu9,-q3)*
      Vec(nu9,q3)*Deng(p4,xiz,M4)^2*Deng(q2 + q3,xiw,M3)^2*Deng(p4 + q2 + q3,
      xiw,M3)^2*p4.p4^2*xiw^2*ufoGC58^2*ufoGC80*ufoGC69
       - 1/8*g_(1,6_,nu10)*g_(2,6_,nu16)*FT2*g_(2,p4)*cFT(nu13,XX,i2,iufo11)*
      cFT(g7,XX,iufo11,j11)*flavourTag(fmu,j11,j12)*Vec(nu10,q2)*Vec(nu14,q2)^
      2*Vec(nu15,-p4)*Vecr(nu15,p4)*Deng(p4,xiz,M4)^2*Deng(q2 + q3,xiw,M3)^2*
      Deng(p4 + q2 + q3,xiw,M3)^2*p4.p4*xiw^2*ufoGC58^2*ufoGC80*ufoGC69
       - 1/8*g_(1,6_,nu10)*g_(2,6_,nu16)*FT2*g_(2,p4)*cFT(nu13,XX,i2,iufo11)*
      cFT(g7,XX,iufo11,j11)*flavourTag(fmu,j11,j12)*Vec(nu10,q2)*Vec(nu14,q2)^
      2*Vec(nu15,-q2)*Vecr(nu15,p4)*Deng(p4,xiz,M4)^2*Deng(q2 + q3,xiw,M3)^2*
      Deng(p4 + q2 + q3,xiw,M3)^2*p4.p4*xiw^2*ufoGC58^2*ufoGC80*ufoGC69
       - 1/8*g_(1,6_,nu10)*g_(2,6_,nu16)*FT2*g_(2,p4)*cFT(nu13,XX,i2,iufo11)*
      cFT(g7,XX,iufo11,j11)*flavourTag(fmu,j11,j12)*Vec(nu10,q2)*Vec(nu14,q2)^
      2*Vec(nu15,-q3)*Vecr(nu15,p4)*Deng(p4,xiz,M4)^2*Deng(q2 + q3,xiw,M3)^2*
      Deng(p4 + q2 + q3,xiw,M3)^2*p4.p4*xiw^2*ufoGC58^2*ufoGC80*ufoGC69
       - 1/4*g_(1,6_,nu10)*g_(2,6_,nu16)*FT2*g_(2,p4)*cFT(nu13,XX,i2,iufo11)*
      cFT(g7,XX,iufo11,j11)*flavourTag(fmu,j11,j12)*Vec(nu10,q2)*Vec(nu14,q2)*
      Vec(nu14,q3)*Vec(nu15,-p4)*Vecr(nu15,p4)*Deng(p4,xiz,M4)^2*Deng(q2 + q3,
      xiw,M3)^2*Deng(p4 + q2 + q3,xiw,M3)^2*p4.p4*xiw^2*ufoGC58^2*ufoGC80*
      ufoGC69
       - 1/4*g_(1,6_,nu10)*g_(2,6_,nu16)*FT2*g_(2,p4)*cFT(nu13,XX,i2,iufo11)*
      cFT(g7,XX,iufo11,j11)*flavourTag(fmu,j11,j12)*Vec(nu10,q2)*Vec(nu14,q2)*
      Vec(nu14,q3)*Vec(nu15,-q2)*Vecr(nu15,p4)*Deng(p4,xiz,M4)^2*Deng(q2 + q3,
      xiw,M3)^2*Deng(p4 + q2 + q3,xiw,M3)^2*p4.p4*xiw^2*ufoGC58^2*ufoGC80*
      ufoGC69
       - 1/4*g_(1,6_,nu10)*g_(2,6_,nu16)*FT2*g_(2,p4)*cFT(nu13,XX,i2,iufo11)*
      cFT(g7,XX,iufo11,j11)*flavourTag(fmu,j11,j12)*Vec(nu10,q2)*Vec(nu14,q2)*
      Vec(nu14,q3)*Vec(nu15,-q3)*Vecr(nu15,p4)*Deng(p4,xiz,M4)^2*Deng(q2 + q3,
      xiw,M3)^2*Deng(p4 + q2 + q3,xiw,M3)^2*p4.p4*xiw^2*ufoGC58^2*ufoGC80*
      ufoGC69
       + 1/8*g_(1,6_,nu10)*g_(2,6_,nu16)*FT2*g_(2,p4)*cFT(nu13,XX,i2,iufo11)*
      cFT(g7,XX,iufo11,j11)*flavourTag(fmu,j11,j12)*Vec(nu10,q2)*Vec(nu14,q2)*
      Vec(nu15,q2)*Deng(p4,xiz,M4)^2*Deng(q2 + q3,xiw,M3)^2*Deng(p4 + q2 + q3,
      xiw,M3)^2*p4.p4^2*xiw^2*ufoGC58^2*ufoGC80*ufoGC69
       + 1/8*g_(1,6_,nu10)*g_(2,6_,nu16)*FT2*g_(2,p4)*cFT(nu13,XX,i2,iufo11)*
      cFT(g7,XX,iufo11,j11)*flavourTag(fmu,j11,j12)*Vec(nu10,q2)*Vec(nu14,q2)*
      Vec(nu15,q3)*Deng(p4,xiz,M4)^2*Deng(q2 + q3,xiw,M3)^2*Deng(p4 + q2 + q3,
      xiw,M3)^2*p4.p4^2*xiw^2*ufoGC58^2*ufoGC80*ufoGC69
       - 1/8*g_(1,6_,nu10)*g_(2,6_,nu16)*FT2*g_(2,p4)*cFT(nu13,XX,i2,iufo11)*
      cFT(g7,XX,iufo11,j11)*flavourTag(fmu,j11,j12)*Vec(nu10,q2)*Vec(nu14,q2)*
      Vec(nu15,-p4)*Deng(p4,xiz,M4)^2*Deng(q2 + q3,xiw,M3)^2*Deng(p4 + q2 + q3
      ,xiw,M3)^2*p4.p4^2*xiw^2*ufoGC58^2*ufoGC80*ufoGC69
       - 1/8*g_(1,6_,nu10)*g_(2,6_,nu16)*FT2*g_(2,p4)*cFT(nu13,XX,i2,iufo11)*
      cFT(g7,XX,iufo11,j11)*flavourTag(fmu,j11,j12)*Vec(nu10,q2)*Vec(nu14,q2)*
      Vec(nu15,-q2)*Deng(p4,xiz,M4)^2*Deng(q2 + q3,xiw,M3)^2*Deng(p4 + q2 + q3
      ,xiw,M3)^2*p4.p4^2*xiw^2*ufoGC58^2*ufoGC80*ufoGC69
       - 1/8*g_(1,6_,nu10)*g_(2,6_,nu16)*FT2*g_(2,p4)*cFT(nu13,XX,i2,iufo11)*
      cFT(g7,XX,iufo11,j11)*flavourTag(fmu,j11,j12)*Vec(nu10,q2)*Vec(nu14,q2)*
      Vec(nu15,-q3)*Deng(p4,xiz,M4)^2*Deng(q2 + q3,xiw,M3)^2*Deng(p4 + q2 + q3
      ,xiw,M3)^2*p4.p4^2*xiw^2*ufoGC58^2*ufoGC80*ufoGC69
       - 1/8*g_(1,6_,nu10)*g_(2,6_,nu16)*FT2*g_(2,p4)*cFT(nu13,XX,i2,iufo11)*
      cFT(g7,XX,iufo11,j11)*flavourTag(fmu,j11,j12)*Vec(nu10,q2)*Vec(nu14,q3)^
      2*Vec(nu15,-p4)*Vecr(nu15,p4)*Deng(p4,xiz,M4)^2*Deng(q2 + q3,xiw,M3)^2*
      Deng(p4 + q2 + q3,xiw,M3)^2*p4.p4*xiw^2*ufoGC58^2*ufoGC80*ufoGC69
       - 1/8*g_(1,6_,nu10)*g_(2,6_,nu16)*FT2*g_(2,p4)*cFT(nu13,XX,i2,iufo11)*
      cFT(g7,XX,iufo11,j11)*flavourTag(fmu,j11,j12)*Vec(nu10,q2)*Vec(nu14,q3)^
      2*Vec(nu15,-q2)*Vecr(nu15,p4)*Deng(p4,xiz,M4)^2*Deng(q2 + q3,xiw,M3)^2*
      Deng(p4 + q2 + q3,xiw,M3)^2*p4.p4*xiw^2*ufoGC58^2*ufoGC80*ufoGC69
       - 1/8*g_(1,6_,nu10)*g_(2,6_,nu16)*FT2*g_(2,p4)*cFT(nu13,XX,i2,iufo11)*
      cFT(g7,XX,iufo11,j11)*flavourTag(fmu,j11,j12)*Vec(nu10,q2)*Vec(nu14,q3)^
      2*Vec(nu15,-q3)*Vecr(nu15,p4)*Deng(p4,xiz,M4)^2*Deng(q2 + q3,xiw,M3)^2*
      Deng(p4 + q2 + q3,xiw,M3)^2*p4.p4*xiw^2*ufoGC58^2*ufoGC80*ufoGC69
       + 1/8*g_(1,6_,nu10)*g_(2,6_,nu16)*FT2*g_(2,p4)*cFT(nu13,XX,i2,iufo11)*
      cFT(g7,XX,iufo11,j11)*flavourTag(fmu,j11,j12)*Vec(nu10,q2)*Vec(nu14,q3)*
      Vec(nu15,q2)*Deng(p4,xiz,M4)^2*Deng(q2 + q3,xiw,M3)^2*Deng(p4 + q2 + q3,
      xiw,M3)^2*p4.p4^2*xiw^2*ufoGC58^2*ufoGC80*ufoGC69
       + 1/8*g_(1,6_,nu10)*g_(2,6_,nu16)*FT2*g_(2,p4)*cFT(nu13,XX,i2,iufo11)*
      cFT(g7,XX,iufo11,j11)*flavourTag(fmu,j11,j12)*Vec(nu10,q2)*Vec(nu14,q3)*
      Vec(nu15,q3)*Deng(p4,xiz,M4)^2*Deng(q2 + q3,xiw,M3)^2*Deng(p4 + q2 + q3,
      xiw,M3)^2*p4.p4^2*xiw^2*ufoGC58^2*ufoGC80*ufoGC69
       - 1/8*g_(1,6_,nu10)*g_(2,6_,nu16)*FT2*g_(2,p4)*cFT(nu13,XX,i2,iufo11)*
      cFT(g7,XX,iufo11,j11)*flavourTag(fmu,j11,j12)*Vec(nu10,q2)*Vec(nu14,q3)*
      Vec(nu15,-p4)*Deng(p4,xiz,M4)^2*Deng(q2 + q3,xiw,M3)^2*Deng(p4 + q2 + q3
      ,xiw,M3)^2*p4.p4^2*xiw^2*ufoGC58^2*ufoGC80*ufoGC69
       - 1/8*g_(1,6_,nu10)*g_(2,6_,nu16)*FT2*g_(2,p4)*cFT(nu13,XX,i2,iufo11)*
      cFT(g7,XX,iufo11,j11)*flavourTag(fmu,j11,j12)*Vec(nu10,q2)*Vec(nu14,q3)*
      Vec(nu15,-q2)*Deng(p4,xiz,M4)^2*Deng(q2 + q3,xiw,M3)^2*Deng(p4 + q2 + q3
      ,xiw,M3)^2*p4.p4^2*xiw^2*ufoGC58^2*ufoGC80*ufoGC69
       - 1/8*g_(1,6_,nu10)*g_(2,6_,nu16)*FT2*g_(2,p4)*cFT(nu13,XX,i2,iufo11)*
      cFT(g7,XX,iufo11,j11)*flavourTag(fmu,j11,j12)*Vec(nu10,q2)*Vec(nu14,q3)*
      Vec(nu15,-q3)*Deng(p4,xiz,M4)^2*Deng(q2 + q3,xiw,M3)^2*Deng(p4 + q2 + q3
      ,xiw,M3)^2*p4.p4^2*xiw^2*ufoGC58^2*ufoGC80*ufoGC69
       + 1/8*g_(1,6_,nu10)*g_(2,6_,nu16)*FT2*g_(2,p4)*cFT(nu13,XX,i2,iufo11)*
      cFT(g7,XX,iufo11,j11)*flavourTag(fmu,j11,j12)*Vec(nu10,q2)*Vec(nu15,q2)*
      Vecr(nu15,p4)*Deng(p4,xiz,M4)^2*Deng(q2 + q3,xiw,M3)^2*Deng(p4 + q2 + q3
      ,xiw,M3)^2*p4.p4^2*xiw^2*ufoGC58^2*ufoGC80*ufoGC69
       + 1/8*g_(1,6_,nu10)*g_(2,6_,nu16)*FT2*g_(2,p4)*cFT(nu13,XX,i2,iufo11)*
      cFT(g7,XX,iufo11,j11)*flavourTag(fmu,j11,j12)*Vec(nu10,q2)*Vec(nu15,q3)*
      Vecr(nu15,p4)*Deng(p4,xiz,M4)^2*Deng(q2 + q3,xiw,M3)^2*Deng(p4 + q2 + q3
      ,xiw,M3)^2*p4.p4^2*xiw^2*ufoGC58^2*ufoGC80*ufoGC69
       + 1/8*g_(1,6_,nu10)*g_(2,6_,nu16)*FT2*g_(2,p4)*cFT(nu13,XX,i2,iufo11)*
      cFT(g7,XX,iufo11,j11)*flavourTag(fmu,j11,j12)*Vec(nu10,q3)*Vec(nu16,q2)*
      Vec(nu13,q2)*Vec(nu9,q2)*Vecr(nu9,p4)*Deng(p4,xiz,M4)*Deng(q2 + q3,xiw,
      M3)^2*Deng(p4 + q2 + q3,xiw,M3)^2*xiw^2*ufoGC58^2*ufoGC80*ufoGC69
       + 1/8*g_(1,6_,nu10)*g_(2,6_,nu16)*FT2*g_(2,p4)*cFT(nu13,XX,i2,iufo11)*
      cFT(g7,XX,iufo11,j11)*flavourTag(fmu,j11,j12)*Vec(nu10,q3)*Vec(nu16,q2)*
      Vec(nu13,q2)*Vec(nu9,q3)*Vecr(nu9,p4)*Deng(p4,xiz,M4)*Deng(q2 + q3,xiw,
      M3)^2*Deng(p4 + q2 + q3,xiw,M3)^2*xiw^2*ufoGC58^2*ufoGC80*ufoGC69
       - 1/8*g_(1,6_,nu10)*g_(2,6_,nu16)*FT2*g_(2,p4)*cFT(nu13,XX,i2,iufo11)*
      cFT(g7,XX,iufo11,j11)*flavourTag(fmu,j11,j12)*Vec(nu10,q3)*Vec(nu16,q2)*
      Vec(nu13,q2)*Vec(nu9,-p4)*Vec(nu9,q2)*Deng(p4,xiz,M4)*Deng(q2 + q3,xiw,
      M3)^2*Deng(p4 + q2 + q3,xiw,M3)^2*xiw^2*ufoGC58^2*ufoGC80*ufoGC69
       - 1/8*g_(1,6_,nu10)*g_(2,6_,nu16)*FT2*g_(2,p4)*cFT(nu13,XX,i2,iufo11)*
      cFT(g7,XX,iufo11,j11)*flavourTag(fmu,j11,j12)*Vec(nu10,q3)*Vec(nu16,q2)*
      Vec(nu13,q2)*Vec(nu9,-p4)*Vec(nu9,q3)*Deng(p4,xiz,M4)*Deng(q2 + q3,xiw,
      M3)^2*Deng(p4 + q2 + q3,xiw,M3)^2*xiw^2*ufoGC58^2*ufoGC80*ufoGC69
       - 1/8*g_(1,6_,nu10)*g_(2,6_,nu16)*FT2*g_(2,p4)*cFT(nu13,XX,i2,iufo11)*
      cFT(g7,XX,iufo11,j11)*flavourTag(fmu,j11,j12)*Vec(nu10,q3)*Vec(nu16,q2)*
      Vec(nu13,q2)*Vec(nu9,-q2)*Vec(nu9,q2)*Deng(p4,xiz,M4)*Deng(q2 + q3,xiw,
      M3)^2*Deng(p4 + q2 + q3,xiw,M3)^2*xiw^2*ufoGC58^2*ufoGC80*ufoGC69
       - 1/8*g_(1,6_,nu10)*g_(2,6_,nu16)*FT2*g_(2,p4)*cFT(nu13,XX,i2,iufo11)*
      cFT(g7,XX,iufo11,j11)*flavourTag(fmu,j11,j12)*Vec(nu10,q3)*Vec(nu16,q2)*
      Vec(nu13,q2)*Vec(nu9,-q2)*Vec(nu9,q3)*Deng(p4,xiz,M4)*Deng(q2 + q3,xiw,
      M3)^2*Deng(p4 + q2 + q3,xiw,M3)^2*xiw^2*ufoGC58^2*ufoGC80*ufoGC69
       - 1/8*g_(1,6_,nu10)*g_(2,6_,nu16)*FT2*g_(2,p4)*cFT(nu13,XX,i2,iufo11)*
      cFT(g7,XX,iufo11,j11)*flavourTag(fmu,j11,j12)*Vec(nu10,q3)*Vec(nu16,q2)*
      Vec(nu13,q2)*Vec(nu9,-q3)*Vec(nu9,q2)*Deng(p4,xiz,M4)*Deng(q2 + q3,xiw,
      M3)^2*Deng(p4 + q2 + q3,xiw,M3)^2*xiw^2*ufoGC58^2*ufoGC80*ufoGC69
       - 1/8*g_(1,6_,nu10)*g_(2,6_,nu16)*FT2*g_(2,p4)*cFT(nu13,XX,i2,iufo11)*
      cFT(g7,XX,iufo11,j11)*flavourTag(fmu,j11,j12)*Vec(nu10,q3)*Vec(nu16,q2)*
      Vec(nu13,q2)*Vec(nu9,-q3)*Vec(nu9,q3)*Deng(p4,xiz,M4)*Deng(q2 + q3,xiw,
      M3)^2*Deng(p4 + q2 + q3,xiw,M3)^2*xiw^2*ufoGC58^2*ufoGC80*ufoGC69
       - 1/8*g_(1,6_,nu10)*g_(2,6_,nu16)*FT2*g_(2,p4)*cFT(nu13,XX,i2,iufo11)*
      cFT(g7,XX,iufo11,j11)*flavourTag(fmu,j11,j12)*Vec(nu10,q3)*Vec(nu16,q2)*
      Vec(nu13,q2)*Vec(nu14,q2)*Vecr(nu14,p4)*Deng(p4,xiz,M4)*Deng(q2 + q3,xiw
      ,M3)^2*Deng(p4 + q2 + q3,xiw,M3)^2*xiw^2*ufoGC58^2*ufoGC80*ufoGC69
       - 1/8*g_(1,6_,nu10)*g_(2,6_,nu16)*FT2*g_(2,p4)*cFT(nu13,XX,i2,iufo11)*
      cFT(g7,XX,iufo11,j11)*flavourTag(fmu,j11,j12)*Vec(nu10,q3)*Vec(nu16,q2)*
      Vec(nu13,q2)*Vec(nu14,q3)*Vecr(nu14,p4)*Deng(p4,xiz,M4)*Deng(q2 + q3,xiw
      ,M3)^2*Deng(p4 + q2 + q3,xiw,M3)^2*xiw^2*ufoGC58^2*ufoGC80*ufoGC69
       - 1/8*g_(1,6_,nu10)*g_(2,6_,nu16)*FT2*g_(2,p4)*cFT(nu13,XX,i2,iufo11)*
      cFT(g7,XX,iufo11,j11)*flavourTag(fmu,j11,j12)*Vec(nu10,q3)*Vec(nu16,q2)*
      Vec(nu13,q2)*Deng(p4,xiz,M4)*Deng(q2 + q3,xiw,M3)^2*Deng(p4 + q2 + q3,
      xiw,M3)^2*p4.p4*xiw^2*ufoGC58^2*ufoGC80*ufoGC69
       + 1/8*g_(1,6_,nu10)*g_(2,6_,nu16)*FT2*g_(2,p4)*cFT(nu13,XX,i2,iufo11)*
      cFT(g7,XX,iufo11,j11)*flavourTag(fmu,j11,j12)*Vec(nu10,q3)*Vec(nu16,q2)*
      Vec(nu13,q3)*Vec(nu9,q2)*Vecr(nu9,p4)*Deng(p4,xiz,M4)*Deng(q2 + q3,xiw,
      M3)^2*Deng(p4 + q2 + q3,xiw,M3)^2*xiw^2*ufoGC58^2*ufoGC80*ufoGC69
       + 1/8*g_(1,6_,nu10)*g_(2,6_,nu16)*FT2*g_(2,p4)*cFT(nu13,XX,i2,iufo11)*
      cFT(g7,XX,iufo11,j11)*flavourTag(fmu,j11,j12)*Vec(nu10,q3)*Vec(nu16,q2)*
      Vec(nu13,q3)*Vec(nu9,q3)*Vecr(nu9,p4)*Deng(p4,xiz,M4)*Deng(q2 + q3,xiw,
      M3)^2*Deng(p4 + q2 + q3,xiw,M3)^2*xiw^2*ufoGC58^2*ufoGC80*ufoGC69
       - 1/8*g_(1,6_,nu10)*g_(2,6_,nu16)*FT2*g_(2,p4)*cFT(nu13,XX,i2,iufo11)*
      cFT(g7,XX,iufo11,j11)*flavourTag(fmu,j11,j12)*Vec(nu10,q3)*Vec(nu16,q2)*
      Vec(nu13,q3)*Vec(nu9,-p4)*Vec(nu9,q2)*Deng(p4,xiz,M4)*Deng(q2 + q3,xiw,
      M3)^2*Deng(p4 + q2 + q3,xiw,M3)^2*xiw^2*ufoGC58^2*ufoGC80*ufoGC69
       - 1/8*g_(1,6_,nu10)*g_(2,6_,nu16)*FT2*g_(2,p4)*cFT(nu13,XX,i2,iufo11)*
      cFT(g7,XX,iufo11,j11)*flavourTag(fmu,j11,j12)*Vec(nu10,q3)*Vec(nu16,q2)*
      Vec(nu13,q3)*Vec(nu9,-p4)*Vec(nu9,q3)*Deng(p4,xiz,M4)*Deng(q2 + q3,xiw,
      M3)^2*Deng(p4 + q2 + q3,xiw,M3)^2*xiw^2*ufoGC58^2*ufoGC80*ufoGC69
       - 1/8*g_(1,6_,nu10)*g_(2,6_,nu16)*FT2*g_(2,p4)*cFT(nu13,XX,i2,iufo11)*
      cFT(g7,XX,iufo11,j11)*flavourTag(fmu,j11,j12)*Vec(nu10,q3)*Vec(nu16,q2)*
      Vec(nu13,q3)*Vec(nu9,-q2)*Vec(nu9,q2)*Deng(p4,xiz,M4)*Deng(q2 + q3,xiw,
      M3)^2*Deng(p4 + q2 + q3,xiw,M3)^2*xiw^2*ufoGC58^2*ufoGC80*ufoGC69
       - 1/8*g_(1,6_,nu10)*g_(2,6_,nu16)*FT2*g_(2,p4)*cFT(nu13,XX,i2,iufo11)*
      cFT(g7,XX,iufo11,j11)*flavourTag(fmu,j11,j12)*Vec(nu10,q3)*Vec(nu16,q2)*
      Vec(nu13,q3)*Vec(nu9,-q2)*Vec(nu9,q3)*Deng(p4,xiz,M4)*Deng(q2 + q3,xiw,
      M3)^2*Deng(p4 + q2 + q3,xiw,M3)^2*xiw^2*ufoGC58^2*ufoGC80*ufoGC69
       - 1/8*g_(1,6_,nu10)*g_(2,6_,nu16)*FT2*g_(2,p4)*cFT(nu13,XX,i2,iufo11)*
      cFT(g7,XX,iufo11,j11)*flavourTag(fmu,j11,j12)*Vec(nu10,q3)*Vec(nu16,q2)*
      Vec(nu13,q3)*Vec(nu9,-q3)*Vec(nu9,q2)*Deng(p4,xiz,M4)*Deng(q2 + q3,xiw,
      M3)^2*Deng(p4 + q2 + q3,xiw,M3)^2*xiw^2*ufoGC58^2*ufoGC80*ufoGC69
       - 1/8*g_(1,6_,nu10)*g_(2,6_,nu16)*FT2*g_(2,p4)*cFT(nu13,XX,i2,iufo11)*
      cFT(g7,XX,iufo11,j11)*flavourTag(fmu,j11,j12)*Vec(nu10,q3)*Vec(nu16,q2)*
      Vec(nu13,q3)*Vec(nu9,-q3)*Vec(nu9,q3)*Deng(p4,xiz,M4)*Deng(q2 + q3,xiw,
      M3)^2*Deng(p4 + q2 + q3,xiw,M3)^2*xiw^2*ufoGC58^2*ufoGC80*ufoGC69
       - 1/8*g_(1,6_,nu10)*g_(2,6_,nu16)*FT2*g_(2,p4)*cFT(nu13,XX,i2,iufo11)*
      cFT(g7,XX,iufo11,j11)*flavourTag(fmu,j11,j12)*Vec(nu10,q3)*Vec(nu16,q2)*
      Vec(nu13,q3)*Vec(nu14,q2)*Vecr(nu14,p4)*Deng(p4,xiz,M4)*Deng(q2 + q3,xiw
      ,M3)^2*Deng(p4 + q2 + q3,xiw,M3)^2*xiw^2*ufoGC58^2*ufoGC80*ufoGC69
       - 1/8*g_(1,6_,nu10)*g_(2,6_,nu16)*FT2*g_(2,p4)*cFT(nu13,XX,i2,iufo11)*
      cFT(g7,XX,iufo11,j11)*flavourTag(fmu,j11,j12)*Vec(nu10,q3)*Vec(nu16,q2)*
      Vec(nu13,q3)*Vec(nu14,q3)*Vecr(nu14,p4)*Deng(p4,xiz,M4)*Deng(q2 + q3,xiw
      ,M3)^2*Deng(p4 + q2 + q3,xiw,M3)^2*xiw^2*ufoGC58^2*ufoGC80*ufoGC69
       - 1/8*g_(1,6_,nu10)*g_(2,6_,nu16)*FT2*g_(2,p4)*cFT(nu13,XX,i2,iufo11)*
      cFT(g7,XX,iufo11,j11)*flavourTag(fmu,j11,j12)*Vec(nu10,q3)*Vec(nu16,q2)*
      Vec(nu13,q3)*Deng(p4,xiz,M4)*Deng(q2 + q3,xiw,M3)^2*Deng(p4 + q2 + q3,
      xiw,M3)^2*p4.p4*xiw^2*ufoGC58^2*ufoGC80*ufoGC69
       + 1/8*g_(1,6_,nu10)*g_(2,6_,nu16)*FT2*g_(2,p4)*cFT(nu13,XX,i2,iufo11)*
      cFT(g7,XX,iufo11,j11)*flavourTag(fmu,j11,j12)*Vec(nu10,q3)*Vec(nu16,q2)*
      Vec(nu9,q2)*Deng(p4,xiz,M4)*Deng(q2 + q3,xiw,M3)^2*Deng(p4 + q2 + q3,xiw
      ,M3)^2*p4.p4*xiw^2*ufoGC58^2*ufoGC80*ufoGC69
       + 1/8*g_(1,6_,nu10)*g_(2,6_,nu16)*FT2*g_(2,p4)*cFT(nu13,XX,i2,iufo11)*
      cFT(g7,XX,iufo11,j11)*flavourTag(fmu,j11,j12)*Vec(nu10,q3)*Vec(nu16,q2)*
      Vec(nu9,q3)*Deng(p4,xiz,M4)*Deng(q2 + q3,xiw,M3)^2*Deng(p4 + q2 + q3,xiw
      ,M3)^2*p4.p4*xiw^2*ufoGC58^2*ufoGC80*ufoGC69
       - 1/8*g_(1,6_,nu10)*g_(2,6_,nu16)*FT2*g_(2,p4)*cFT(nu13,XX,i2,iufo11)*
      cFT(g7,XX,iufo11,j11)*flavourTag(fmu,j11,j12)*Vec(nu10,q3)*Vec(nu16,q2)*
      Vec(nu9,-p4)*Vec(nu9,q2)*Vecr(nu13,p4)*Deng(p4,xiz,M4)*Deng(q2 + q3,xiw,
      M3)^2*Deng(p4 + q2 + q3,xiw,M3)^2*xiw^2*ufoGC58^2*ufoGC80*ufoGC69
       - 1/8*g_(1,6_,nu10)*g_(2,6_,nu16)*FT2*g_(2,p4)*cFT(nu13,XX,i2,iufo11)*
      cFT(g7,XX,iufo11,j11)*flavourTag(fmu,j11,j12)*Vec(nu10,q3)*Vec(nu16,q2)*
      Vec(nu9,-p4)*Vec(nu9,q3)*Vecr(nu13,p4)*Deng(p4,xiz,M4)*Deng(q2 + q3,xiw,
      M3)^2*Deng(p4 + q2 + q3,xiw,M3)^2*xiw^2*ufoGC58^2*ufoGC80*ufoGC69
       - 1/8*g_(1,6_,nu10)*g_(2,6_,nu16)*FT2*g_(2,p4)*cFT(nu13,XX,i2,iufo11)*
      cFT(g7,XX,iufo11,j11)*flavourTag(fmu,j11,j12)*Vec(nu10,q3)*Vec(nu16,q2)*
      Vec(nu9,-q2)*Vec(nu9,q2)*Vecr(nu13,p4)*Deng(p4,xiz,M4)*Deng(q2 + q3,xiw,
      M3)^2*Deng(p4 + q2 + q3,xiw,M3)^2*xiw^2*ufoGC58^2*ufoGC80*ufoGC69
       - 1/8*g_(1,6_,nu10)*g_(2,6_,nu16)*FT2*g_(2,p4)*cFT(nu13,XX,i2,iufo11)*
      cFT(g7,XX,iufo11,j11)*flavourTag(fmu,j11,j12)*Vec(nu10,q3)*Vec(nu16,q2)*
      Vec(nu9,-q2)*Vec(nu9,q3)*Vecr(nu13,p4)*Deng(p4,xiz,M4)*Deng(q2 + q3,xiw,
      M3)^2*Deng(p4 + q2 + q3,xiw,M3)^2*xiw^2*ufoGC58^2*ufoGC80*ufoGC69
       - 1/8*g_(1,6_,nu10)*g_(2,6_,nu16)*FT2*g_(2,p4)*cFT(nu13,XX,i2,iufo11)*
      cFT(g7,XX,iufo11,j11)*flavourTag(fmu,j11,j12)*Vec(nu10,q3)*Vec(nu16,q2)*
      Vec(nu9,-q3)*Vec(nu9,q2)*Vecr(nu13,p4)*Deng(p4,xiz,M4)*Deng(q2 + q3,xiw,
      M3)^2*Deng(p4 + q2 + q3,xiw,M3)^2*xiw^2*ufoGC58^2*ufoGC80*ufoGC69
       - 1/8*g_(1,6_,nu10)*g_(2,6_,nu16)*FT2*g_(2,p4)*cFT(nu13,XX,i2,iufo11)*
      cFT(g7,XX,iufo11,j11)*flavourTag(fmu,j11,j12)*Vec(nu10,q3)*Vec(nu16,q2)*
      Vec(nu9,-q3)*Vec(nu9,q3)*Vecr(nu13,p4)*Deng(p4,xiz,M4)*Deng(q2 + q3,xiw,
      M3)^2*Deng(p4 + q2 + q3,xiw,M3)^2*xiw^2*ufoGC58^2*ufoGC80*ufoGC69
       - 1/8*g_(1,6_,nu10)*g_(2,6_,nu16)*FT2*g_(2,p4)*cFT(nu13,XX,i2,iufo11)*
      cFT(g7,XX,iufo11,j11)*flavourTag(fmu,j11,j12)*Vec(nu10,q3)*Vec(nu16,q2)*
      Vec(nu14,q2)*Deng(p4,xiz,M4)*Deng(q2 + q3,xiw,M3)^2*Deng(p4 + q2 + q3,
      xiw,M3)^2*p4.p4*xiw^2*ufoGC58^2*ufoGC80*ufoGC69
       - 1/8*g_(1,6_,nu10)*g_(2,6_,nu16)*FT2*g_(2,p4)*cFT(nu13,XX,i2,iufo11)*
      cFT(g7,XX,iufo11,j11)*flavourTag(fmu,j11,j12)*Vec(nu10,q3)*Vec(nu16,q2)*
      Vec(nu14,q3)*Deng(p4,xiz,M4)*Deng(q2 + q3,xiw,M3)^2*Deng(p4 + q2 + q3,
      xiw,M3)^2*p4.p4*xiw^2*ufoGC58^2*ufoGC80*ufoGC69
       - 1/8*g_(1,6_,nu10)*g_(2,6_,nu16)*FT2*g_(2,p4)*cFT(nu13,XX,i2,iufo11)*
      cFT(g7,XX,iufo11,j11)*flavourTag(fmu,j11,j12)*Vec(nu10,q3)*Vec(nu16,q2)*
      Vecr(nu14,p4)*Deng(p4,xiz,M4)*Deng(q2 + q3,xiw,M3)^2*Deng(p4 + q2 + q3,
      xiw,M3)^2*p4.p4*xiw^2*ufoGC58^2*ufoGC80*ufoGC69
       + 1/8*g_(1,6_,nu10)*g_(2,6_,nu16)*FT2*g_(2,p4)*cFT(nu13,XX,i2,iufo11)*
      cFT(g7,XX,iufo11,j11)*flavourTag(fmu,j11,j12)*Vec(nu10,q3)*Vec(nu16,q3)*
      Vec(nu13,q2)*Vec(nu9,q2)*Vecr(nu9,p4)*Deng(p4,xiz,M4)*Deng(q2 + q3,xiw,
      M3)^2*Deng(p4 + q2 + q3,xiw,M3)^2*xiw^2*ufoGC58^2*ufoGC80*ufoGC69
       + 1/8*g_(1,6_,nu10)*g_(2,6_,nu16)*FT2*g_(2,p4)*cFT(nu13,XX,i2,iufo11)*
      cFT(g7,XX,iufo11,j11)*flavourTag(fmu,j11,j12)*Vec(nu10,q3)*Vec(nu16,q3)*
      Vec(nu13,q2)*Vec(nu9,q3)*Vecr(nu9,p4)*Deng(p4,xiz,M4)*Deng(q2 + q3,xiw,
      M3)^2*Deng(p4 + q2 + q3,xiw,M3)^2*xiw^2*ufoGC58^2*ufoGC80*ufoGC69
       - 1/8*g_(1,6_,nu10)*g_(2,6_,nu16)*FT2*g_(2,p4)*cFT(nu13,XX,i2,iufo11)*
      cFT(g7,XX,iufo11,j11)*flavourTag(fmu,j11,j12)*Vec(nu10,q3)*Vec(nu16,q3)*
      Vec(nu13,q2)*Vec(nu9,-p4)*Vec(nu9,q2)*Deng(p4,xiz,M4)*Deng(q2 + q3,xiw,
      M3)^2*Deng(p4 + q2 + q3,xiw,M3)^2*xiw^2*ufoGC58^2*ufoGC80*ufoGC69
       - 1/8*g_(1,6_,nu10)*g_(2,6_,nu16)*FT2*g_(2,p4)*cFT(nu13,XX,i2,iufo11)*
      cFT(g7,XX,iufo11,j11)*flavourTag(fmu,j11,j12)*Vec(nu10,q3)*Vec(nu16,q3)*
      Vec(nu13,q2)*Vec(nu9,-p4)*Vec(nu9,q3)*Deng(p4,xiz,M4)*Deng(q2 + q3,xiw,
      M3)^2*Deng(p4 + q2 + q3,xiw,M3)^2*xiw^2*ufoGC58^2*ufoGC80*ufoGC69
       - 1/8*g_(1,6_,nu10)*g_(2,6_,nu16)*FT2*g_(2,p4)*cFT(nu13,XX,i2,iufo11)*
      cFT(g7,XX,iufo11,j11)*flavourTag(fmu,j11,j12)*Vec(nu10,q3)*Vec(nu16,q3)*
      Vec(nu13,q2)*Vec(nu9,-q2)*Vec(nu9,q2)*Deng(p4,xiz,M4)*Deng(q2 + q3,xiw,
      M3)^2*Deng(p4 + q2 + q3,xiw,M3)^2*xiw^2*ufoGC58^2*ufoGC80*ufoGC69
       - 1/8*g_(1,6_,nu10)*g_(2,6_,nu16)*FT2*g_(2,p4)*cFT(nu13,XX,i2,iufo11)*
      cFT(g7,XX,iufo11,j11)*flavourTag(fmu,j11,j12)*Vec(nu10,q3)*Vec(nu16,q3)*
      Vec(nu13,q2)*Vec(nu9,-q2)*Vec(nu9,q3)*Deng(p4,xiz,M4)*Deng(q2 + q3,xiw,
      M3)^2*Deng(p4 + q2 + q3,xiw,M3)^2*xiw^2*ufoGC58^2*ufoGC80*ufoGC69
       - 1/8*g_(1,6_,nu10)*g_(2,6_,nu16)*FT2*g_(2,p4)*cFT(nu13,XX,i2,iufo11)*
      cFT(g7,XX,iufo11,j11)*flavourTag(fmu,j11,j12)*Vec(nu10,q3)*Vec(nu16,q3)*
      Vec(nu13,q2)*Vec(nu9,-q3)*Vec(nu9,q2)*Deng(p4,xiz,M4)*Deng(q2 + q3,xiw,
      M3)^2*Deng(p4 + q2 + q3,xiw,M3)^2*xiw^2*ufoGC58^2*ufoGC80*ufoGC69
       - 1/8*g_(1,6_,nu10)*g_(2,6_,nu16)*FT2*g_(2,p4)*cFT(nu13,XX,i2,iufo11)*
      cFT(g7,XX,iufo11,j11)*flavourTag(fmu,j11,j12)*Vec(nu10,q3)*Vec(nu16,q3)*
      Vec(nu13,q2)*Vec(nu9,-q3)*Vec(nu9,q3)*Deng(p4,xiz,M4)*Deng(q2 + q3,xiw,
      M3)^2*Deng(p4 + q2 + q3,xiw,M3)^2*xiw^2*ufoGC58^2*ufoGC80*ufoGC69
       - 1/8*g_(1,6_,nu10)*g_(2,6_,nu16)*FT2*g_(2,p4)*cFT(nu13,XX,i2,iufo11)*
      cFT(g7,XX,iufo11,j11)*flavourTag(fmu,j11,j12)*Vec(nu10,q3)*Vec(nu16,q3)*
      Vec(nu13,q2)*Vec(nu14,q2)*Vecr(nu14,p4)*Deng(p4,xiz,M4)*Deng(q2 + q3,xiw
      ,M3)^2*Deng(p4 + q2 + q3,xiw,M3)^2*xiw^2*ufoGC58^2*ufoGC80*ufoGC69
       - 1/8*g_(1,6_,nu10)*g_(2,6_,nu16)*FT2*g_(2,p4)*cFT(nu13,XX,i2,iufo11)*
      cFT(g7,XX,iufo11,j11)*flavourTag(fmu,j11,j12)*Vec(nu10,q3)*Vec(nu16,q3)*
      Vec(nu13,q2)*Vec(nu14,q3)*Vecr(nu14,p4)*Deng(p4,xiz,M4)*Deng(q2 + q3,xiw
      ,M3)^2*Deng(p4 + q2 + q3,xiw,M3)^2*xiw^2*ufoGC58^2*ufoGC80*ufoGC69
       - 1/8*g_(1,6_,nu10)*g_(2,6_,nu16)*FT2*g_(2,p4)*cFT(nu13,XX,i2,iufo11)*
      cFT(g7,XX,iufo11,j11)*flavourTag(fmu,j11,j12)*Vec(nu10,q3)*Vec(nu16,q3)*
      Vec(nu13,q2)*Deng(p4,xiz,M4)*Deng(q2 + q3,xiw,M3)^2*Deng(p4 + q2 + q3,
      xiw,M3)^2*p4.p4*xiw^2*ufoGC58^2*ufoGC80*ufoGC69
       + 1/8*g_(1,6_,nu10)*g_(2,6_,nu16)*FT2*g_(2,p4)*cFT(nu13,XX,i2,iufo11)*
      cFT(g7,XX,iufo11,j11)*flavourTag(fmu,j11,j12)*Vec(nu10,q3)*Vec(nu16,q3)*
      Vec(nu13,q3)*Vec(nu9,q2)*Vecr(nu9,p4)*Deng(p4,xiz,M4)*Deng(q2 + q3,xiw,
      M3)^2*Deng(p4 + q2 + q3,xiw,M3)^2*xiw^2*ufoGC58^2*ufoGC80*ufoGC69
       + 1/8*g_(1,6_,nu10)*g_(2,6_,nu16)*FT2*g_(2,p4)*cFT(nu13,XX,i2,iufo11)*
      cFT(g7,XX,iufo11,j11)*flavourTag(fmu,j11,j12)*Vec(nu10,q3)*Vec(nu16,q3)*
      Vec(nu13,q3)*Vec(nu9,q3)*Vecr(nu9,p4)*Deng(p4,xiz,M4)*Deng(q2 + q3,xiw,
      M3)^2*Deng(p4 + q2 + q3,xiw,M3)^2*xiw^2*ufoGC58^2*ufoGC80*ufoGC69
       - 1/8*g_(1,6_,nu10)*g_(2,6_,nu16)*FT2*g_(2,p4)*cFT(nu13,XX,i2,iufo11)*
      cFT(g7,XX,iufo11,j11)*flavourTag(fmu,j11,j12)*Vec(nu10,q3)*Vec(nu16,q3)*
      Vec(nu13,q3)*Vec(nu9,-p4)*Vec(nu9,q2)*Deng(p4,xiz,M4)*Deng(q2 + q3,xiw,
      M3)^2*Deng(p4 + q2 + q3,xiw,M3)^2*xiw^2*ufoGC58^2*ufoGC80*ufoGC69
       - 1/8*g_(1,6_,nu10)*g_(2,6_,nu16)*FT2*g_(2,p4)*cFT(nu13,XX,i2,iufo11)*
      cFT(g7,XX,iufo11,j11)*flavourTag(fmu,j11,j12)*Vec(nu10,q3)*Vec(nu16,q3)*
      Vec(nu13,q3)*Vec(nu9,-p4)*Vec(nu9,q3)*Deng(p4,xiz,M4)*Deng(q2 + q3,xiw,
      M3)^2*Deng(p4 + q2 + q3,xiw,M3)^2*xiw^2*ufoGC58^2*ufoGC80*ufoGC69
       - 1/8*g_(1,6_,nu10)*g_(2,6_,nu16)*FT2*g_(2,p4)*cFT(nu13,XX,i2,iufo11)*
      cFT(g7,XX,iufo11,j11)*flavourTag(fmu,j11,j12)*Vec(nu10,q3)*Vec(nu16,q3)*
      Vec(nu13,q3)*Vec(nu9,-q2)*Vec(nu9,q2)*Deng(p4,xiz,M4)*Deng(q2 + q3,xiw,
      M3)^2*Deng(p4 + q2 + q3,xiw,M3)^2*xiw^2*ufoGC58^2*ufoGC80*ufoGC69
       - 1/8*g_(1,6_,nu10)*g_(2,6_,nu16)*FT2*g_(2,p4)*cFT(nu13,XX,i2,iufo11)*
      cFT(g7,XX,iufo11,j11)*flavourTag(fmu,j11,j12)*Vec(nu10,q3)*Vec(nu16,q3)*
      Vec(nu13,q3)*Vec(nu9,-q2)*Vec(nu9,q3)*Deng(p4,xiz,M4)*Deng(q2 + q3,xiw,
      M3)^2*Deng(p4 + q2 + q3,xiw,M3)^2*xiw^2*ufoGC58^2*ufoGC80*ufoGC69
       - 1/8*g_(1,6_,nu10)*g_(2,6_,nu16)*FT2*g_(2,p4)*cFT(nu13,XX,i2,iufo11)*
      cFT(g7,XX,iufo11,j11)*flavourTag(fmu,j11,j12)*Vec(nu10,q3)*Vec(nu16,q3)*
      Vec(nu13,q3)*Vec(nu9,-q3)*Vec(nu9,q2)*Deng(p4,xiz,M4)*Deng(q2 + q3,xiw,
      M3)^2*Deng(p4 + q2 + q3,xiw,M3)^2*xiw^2*ufoGC58^2*ufoGC80*ufoGC69
       - 1/8*g_(1,6_,nu10)*g_(2,6_,nu16)*FT2*g_(2,p4)*cFT(nu13,XX,i2,iufo11)*
      cFT(g7,XX,iufo11,j11)*flavourTag(fmu,j11,j12)*Vec(nu10,q3)*Vec(nu16,q3)*
      Vec(nu13,q3)*Vec(nu9,-q3)*Vec(nu9,q3)*Deng(p4,xiz,M4)*Deng(q2 + q3,xiw,
      M3)^2*Deng(p4 + q2 + q3,xiw,M3)^2*xiw^2*ufoGC58^2*ufoGC80*ufoGC69
       - 1/8*g_(1,6_,nu10)*g_(2,6_,nu16)*FT2*g_(2,p4)*cFT(nu13,XX,i2,iufo11)*
      cFT(g7,XX,iufo11,j11)*flavourTag(fmu,j11,j12)*Vec(nu10,q3)*Vec(nu16,q3)*
      Vec(nu13,q3)*Vec(nu14,q2)*Vecr(nu14,p4)*Deng(p4,xiz,M4)*Deng(q2 + q3,xiw
      ,M3)^2*Deng(p4 + q2 + q3,xiw,M3)^2*xiw^2*ufoGC58^2*ufoGC80*ufoGC69
       - 1/8*g_(1,6_,nu10)*g_(2,6_,nu16)*FT2*g_(2,p4)*cFT(nu13,XX,i2,iufo11)*
      cFT(g7,XX,iufo11,j11)*flavourTag(fmu,j11,j12)*Vec(nu10,q3)*Vec(nu16,q3)*
      Vec(nu13,q3)*Vec(nu14,q3)*Vecr(nu14,p4)*Deng(p4,xiz,M4)*Deng(q2 + q3,xiw
      ,M3)^2*Deng(p4 + q2 + q3,xiw,M3)^2*xiw^2*ufoGC58^2*ufoGC80*ufoGC69
       - 1/8*g_(1,6_,nu10)*g_(2,6_,nu16)*FT2*g_(2,p4)*cFT(nu13,XX,i2,iufo11)*
      cFT(g7,XX,iufo11,j11)*flavourTag(fmu,j11,j12)*Vec(nu10,q3)*Vec(nu16,q3)*
      Vec(nu13,q3)*Deng(p4,xiz,M4)*Deng(q2 + q3,xiw,M3)^2*Deng(p4 + q2 + q3,
      xiw,M3)^2*p4.p4*xiw^2*ufoGC58^2*ufoGC80*ufoGC69
       + 1/8*g_(1,6_,nu10)*g_(2,6_,nu16)*FT2*g_(2,p4)*cFT(nu13,XX,i2,iufo11)*
      cFT(g7,XX,iufo11,j11)*flavourTag(fmu,j11,j12)*Vec(nu10,q3)*Vec(nu16,q3)*
      Vec(nu9,q2)*Deng(p4,xiz,M4)*Deng(q2 + q3,xiw,M3)^2*Deng(p4 + q2 + q3,xiw
      ,M3)^2*p4.p4*xiw^2*ufoGC58^2*ufoGC80*ufoGC69
       + 1/8*g_(1,6_,nu10)*g_(2,6_,nu16)*FT2*g_(2,p4)*cFT(nu13,XX,i2,iufo11)*
      cFT(g7,XX,iufo11,j11)*flavourTag(fmu,j11,j12)*Vec(nu10,q3)*Vec(nu16,q3)*
      Vec(nu9,q3)*Deng(p4,xiz,M4)*Deng(q2 + q3,xiw,M3)^2*Deng(p4 + q2 + q3,xiw
      ,M3)^2*p4.p4*xiw^2*ufoGC58^2*ufoGC80*ufoGC69
       - 1/8*g_(1,6_,nu10)*g_(2,6_,nu16)*FT2*g_(2,p4)*cFT(nu13,XX,i2,iufo11)*
      cFT(g7,XX,iufo11,j11)*flavourTag(fmu,j11,j12)*Vec(nu10,q3)*Vec(nu16,q3)*
      Vec(nu9,-p4)*Vec(nu9,q2)*Vecr(nu13,p4)*Deng(p4,xiz,M4)*Deng(q2 + q3,xiw,
      M3)^2*Deng(p4 + q2 + q3,xiw,M3)^2*xiw^2*ufoGC58^2*ufoGC80*ufoGC69
       - 1/8*g_(1,6_,nu10)*g_(2,6_,nu16)*FT2*g_(2,p4)*cFT(nu13,XX,i2,iufo11)*
      cFT(g7,XX,iufo11,j11)*flavourTag(fmu,j11,j12)*Vec(nu10,q3)*Vec(nu16,q3)*
      Vec(nu9,-p4)*Vec(nu9,q3)*Vecr(nu13,p4)*Deng(p4,xiz,M4)*Deng(q2 + q3,xiw,
      M3)^2*Deng(p4 + q2 + q3,xiw,M3)^2*xiw^2*ufoGC58^2*ufoGC80*ufoGC69
       - 1/8*g_(1,6_,nu10)*g_(2,6_,nu16)*FT2*g_(2,p4)*cFT(nu13,XX,i2,iufo11)*
      cFT(g7,XX,iufo11,j11)*flavourTag(fmu,j11,j12)*Vec(nu10,q3)*Vec(nu16,q3)*
      Vec(nu9,-q2)*Vec(nu9,q2)*Vecr(nu13,p4)*Deng(p4,xiz,M4)*Deng(q2 + q3,xiw,
      M3)^2*Deng(p4 + q2 + q3,xiw,M3)^2*xiw^2*ufoGC58^2*ufoGC80*ufoGC69
       - 1/8*g_(1,6_,nu10)*g_(2,6_,nu16)*FT2*g_(2,p4)*cFT(nu13,XX,i2,iufo11)*
      cFT(g7,XX,iufo11,j11)*flavourTag(fmu,j11,j12)*Vec(nu10,q3)*Vec(nu16,q3)*
      Vec(nu9,-q2)*Vec(nu9,q3)*Vecr(nu13,p4)*Deng(p4,xiz,M4)*Deng(q2 + q3,xiw,
      M3)^2*Deng(p4 + q2 + q3,xiw,M3)^2*xiw^2*ufoGC58^2*ufoGC80*ufoGC69
       - 1/8*g_(1,6_,nu10)*g_(2,6_,nu16)*FT2*g_(2,p4)*cFT(nu13,XX,i2,iufo11)*
      cFT(g7,XX,iufo11,j11)*flavourTag(fmu,j11,j12)*Vec(nu10,q3)*Vec(nu16,q3)*
      Vec(nu9,-q3)*Vec(nu9,q2)*Vecr(nu13,p4)*Deng(p4,xiz,M4)*Deng(q2 + q3,xiw,
      M3)^2*Deng(p4 + q2 + q3,xiw,M3)^2*xiw^2*ufoGC58^2*ufoGC80*ufoGC69
       - 1/8*g_(1,6_,nu10)*g_(2,6_,nu16)*FT2*g_(2,p4)*cFT(nu13,XX,i2,iufo11)*
      cFT(g7,XX,iufo11,j11)*flavourTag(fmu,j11,j12)*Vec(nu10,q3)*Vec(nu16,q3)*
      Vec(nu9,-q3)*Vec(nu9,q3)*Vecr(nu13,p4)*Deng(p4,xiz,M4)*Deng(q2 + q3,xiw,
      M3)^2*Deng(p4 + q2 + q3,xiw,M3)^2*xiw^2*ufoGC58^2*ufoGC80*ufoGC69
       - 1/8*g_(1,6_,nu10)*g_(2,6_,nu16)*FT2*g_(2,p4)*cFT(nu13,XX,i2,iufo11)*
      cFT(g7,XX,iufo11,j11)*flavourTag(fmu,j11,j12)*Vec(nu10,q3)*Vec(nu16,q3)*
      Vec(nu14,q2)*Deng(p4,xiz,M4)*Deng(q2 + q3,xiw,M3)^2*Deng(p4 + q2 + q3,
      xiw,M3)^2*p4.p4*xiw^2*ufoGC58^2*ufoGC80*ufoGC69
       - 1/8*g_(1,6_,nu10)*g_(2,6_,nu16)*FT2*g_(2,p4)*cFT(nu13,XX,i2,iufo11)*
      cFT(g7,XX,iufo11,j11)*flavourTag(fmu,j11,j12)*Vec(nu10,q3)*Vec(nu16,q3)*
      Vec(nu14,q3)*Deng(p4,xiz,M4)*Deng(q2 + q3,xiw,M3)^2*Deng(p4 + q2 + q3,
      xiw,M3)^2*p4.p4*xiw^2*ufoGC58^2*ufoGC80*ufoGC69
       - 1/8*g_(1,6_,nu10)*g_(2,6_,nu16)*FT2*g_(2,p4)*cFT(nu13,XX,i2,iufo11)*
      cFT(g7,XX,iufo11,j11)*flavourTag(fmu,j11,j12)*Vec(nu10,q3)*Vec(nu16,q3)*
      Vecr(nu14,p4)*Deng(p4,xiz,M4)*Deng(q2 + q3,xiw,M3)^2*Deng(p4 + q2 + q3,
      xiw,M3)^2*p4.p4*xiw^2*ufoGC58^2*ufoGC80*ufoGC69
       + 1/8*g_(1,6_,nu10)*g_(2,6_,nu16)*FT2*g_(2,p4)*cFT(nu13,XX,i2,iufo11)*
      cFT(g7,XX,iufo11,j11)*flavourTag(fmu,j11,j12)*Vec(nu10,q3)*Vec(nu16,-p4)
      *Vec(nu13,q2)*Vec(nu14,q2)^2*Deng(p4,xiz,M4)*Deng(q2 + q3,xiw,M3)^2*
      Deng(p4 + q2 + q3,xiw,M3)^2*xiw^2*ufoGC58^2*ufoGC80*ufoGC69
       + 1/4*g_(1,6_,nu10)*g_(2,6_,nu16)*FT2*g_(2,p4)*cFT(nu13,XX,i2,iufo11)*
      cFT(g7,XX,iufo11,j11)*flavourTag(fmu,j11,j12)*Vec(nu10,q3)*Vec(nu16,-p4)
      *Vec(nu13,q2)*Vec(nu14,q2)*Vec(nu14,q3)*Deng(p4,xiz,M4)*Deng(q2 + q3,xiw
      ,M3)^2*Deng(p4 + q2 + q3,xiw,M3)^2*xiw^2*ufoGC58^2*ufoGC80*ufoGC69
       + 1/8*g_(1,6_,nu10)*g_(2,6_,nu16)*FT2*g_(2,p4)*cFT(nu13,XX,i2,iufo11)*
      cFT(g7,XX,iufo11,j11)*flavourTag(fmu,j11,j12)*Vec(nu10,q3)*Vec(nu16,-p4)
      *Vec(nu13,q2)*Vec(nu14,q2)*Vecr(nu14,p4)*Deng(p4,xiz,M4)*Deng(q2 + q3,
      xiw,M3)^2*Deng(p4 + q2 + q3,xiw,M3)^2*xiw^2*ufoGC58^2*ufoGC80*ufoGC69
       + 1/8*g_(1,6_,nu10)*g_(2,6_,nu16)*FT2*g_(2,p4)*cFT(nu13,XX,i2,iufo11)*
      cFT(g7,XX,iufo11,j11)*flavourTag(fmu,j11,j12)*Vec(nu10,q3)*Vec(nu16,-p4)
      *Vec(nu13,q2)*Vec(nu14,q3)^2*Deng(p4,xiz,M4)*Deng(q2 + q3,xiw,M3)^2*
      Deng(p4 + q2 + q3,xiw,M3)^2*xiw^2*ufoGC58^2*ufoGC80*ufoGC69
       + 1/8*g_(1,6_,nu10)*g_(2,6_,nu16)*FT2*g_(2,p4)*cFT(nu13,XX,i2,iufo11)*
      cFT(g7,XX,iufo11,j11)*flavourTag(fmu,j11,j12)*Vec(nu10,q3)*Vec(nu16,-p4)
      *Vec(nu13,q2)*Vec(nu14,q3)*Vecr(nu14,p4)*Deng(p4,xiz,M4)*Deng(q2 + q3,
      xiw,M3)^2*Deng(p4 + q2 + q3,xiw,M3)^2*xiw^2*ufoGC58^2*ufoGC80*ufoGC69
       + 1/8*g_(1,6_,nu10)*g_(2,6_,nu16)*FT2*g_(2,p4)*cFT(nu13,XX,i2,iufo11)*
      cFT(g7,XX,iufo11,j11)*flavourTag(fmu,j11,j12)*Vec(nu10,q3)*Vec(nu16,-p4)
      *Vec(nu13,q3)*Vec(nu14,q2)^2*Deng(p4,xiz,M4)*Deng(q2 + q3,xiw,M3)^2*
      Deng(p4 + q2 + q3,xiw,M3)^2*xiw^2*ufoGC58^2*ufoGC80*ufoGC69
       + 1/4*g_(1,6_,nu10)*g_(2,6_,nu16)*FT2*g_(2,p4)*cFT(nu13,XX,i2,iufo11)*
      cFT(g7,XX,iufo11,j11)*flavourTag(fmu,j11,j12)*Vec(nu10,q3)*Vec(nu16,-p4)
      *Vec(nu13,q3)*Vec(nu14,q2)*Vec(nu14,q3)*Deng(p4,xiz,M4)*Deng(q2 + q3,xiw
      ,M3)^2*Deng(p4 + q2 + q3,xiw,M3)^2*xiw^2*ufoGC58^2*ufoGC80*ufoGC69
       + 1/8*g_(1,6_,nu10)*g_(2,6_,nu16)*FT2*g_(2,p4)*cFT(nu13,XX,i2,iufo11)*
      cFT(g7,XX,iufo11,j11)*flavourTag(fmu,j11,j12)*Vec(nu10,q3)*Vec(nu16,-p4)
      *Vec(nu13,q3)*Vec(nu14,q2)*Vecr(nu14,p4)*Deng(p4,xiz,M4)*Deng(q2 + q3,
      xiw,M3)^2*Deng(p4 + q2 + q3,xiw,M3)^2*xiw^2*ufoGC58^2*ufoGC80*ufoGC69
       + 1/8*g_(1,6_,nu10)*g_(2,6_,nu16)*FT2*g_(2,p4)*cFT(nu13,XX,i2,iufo11)*
      cFT(g7,XX,iufo11,j11)*flavourTag(fmu,j11,j12)*Vec(nu10,q3)*Vec(nu16,-p4)
      *Vec(nu13,q3)*Vec(nu14,q3)^2*Deng(p4,xiz,M4)*Deng(q2 + q3,xiw,M3)^2*
      Deng(p4 + q2 + q3,xiw,M3)^2*xiw^2*ufoGC58^2*ufoGC80*ufoGC69
       + 1/8*g_(1,6_,nu10)*g_(2,6_,nu16)*FT2*g_(2,p4)*cFT(nu13,XX,i2,iufo11)*
      cFT(g7,XX,iufo11,j11)*flavourTag(fmu,j11,j12)*Vec(nu10,q3)*Vec(nu16,-p4)
      *Vec(nu13,q3)*Vec(nu14,q3)*Vecr(nu14,p4)*Deng(p4,xiz,M4)*Deng(q2 + q3,
      xiw,M3)^2*Deng(p4 + q2 + q3,xiw,M3)^2*xiw^2*ufoGC58^2*ufoGC80*ufoGC69
       + 1/8*g_(1,6_,nu10)*g_(2,6_,nu16)*FT2*g_(2,p4)*cFT(nu13,XX,i2,iufo11)*
      cFT(g7,XX,iufo11,j11)*flavourTag(fmu,j11,j12)*Vec(nu10,q3)*Vec(nu16,-p4)
      *Vec(nu14,q2)^2*Vecr(nu13,p4)*Deng(p4,xiz,M4)*Deng(q2 + q3,xiw,M3)^2*
      Deng(p4 + q2 + q3,xiw,M3)^2*xiw^2*ufoGC58^2*ufoGC80*ufoGC69
       + 1/4*g_(1,6_,nu10)*g_(2,6_,nu16)*FT2*g_(2,p4)*cFT(nu13,XX,i2,iufo11)*
      cFT(g7,XX,iufo11,j11)*flavourTag(fmu,j11,j12)*Vec(nu10,q3)*Vec(nu16,-p4)
      *Vec(nu14,q2)*Vec(nu14,q3)*Vecr(nu13,p4)*Deng(p4,xiz,M4)*Deng(q2 + q3,
      xiw,M3)^2*Deng(p4 + q2 + q3,xiw,M3)^2*xiw^2*ufoGC58^2*ufoGC80*ufoGC69
       + 1/8*g_(1,6_,nu10)*g_(2,6_,nu16)*FT2*g_(2,p4)*cFT(nu13,XX,i2,iufo11)*
      cFT(g7,XX,iufo11,j11)*flavourTag(fmu,j11,j12)*Vec(nu10,q3)*Vec(nu16,-p4)
      *Vec(nu14,q2)*Deng(p4,xiz,M4)*Deng(q2 + q3,xiw,M3)^2*Deng(p4 + q2 + q3,
      xiw,M3)^2*p4.p4*xiw^2*ufoGC58^2*ufoGC80*ufoGC69
       + 1/8*g_(1,6_,nu10)*g_(2,6_,nu16)*FT2*g_(2,p4)*cFT(nu13,XX,i2,iufo11)*
      cFT(g7,XX,iufo11,j11)*flavourTag(fmu,j11,j12)*Vec(nu10,q3)*Vec(nu16,-p4)
      *Vec(nu14,q3)^2*Vecr(nu13,p4)*Deng(p4,xiz,M4)*Deng(q2 + q3,xiw,M3)^2*
      Deng(p4 + q2 + q3,xiw,M3)^2*xiw^2*ufoGC58^2*ufoGC80*ufoGC69
       + 1/8*g_(1,6_,nu10)*g_(2,6_,nu16)*FT2*g_(2,p4)*cFT(nu13,XX,i2,iufo11)*
      cFT(g7,XX,iufo11,j11)*flavourTag(fmu,j11,j12)*Vec(nu10,q3)*Vec(nu16,-p4)
      *Vec(nu14,q3)*Deng(p4,xiz,M4)*Deng(q2 + q3,xiw,M3)^2*Deng(p4 + q2 + q3,
      xiw,M3)^2*p4.p4*xiw^2*ufoGC58^2*ufoGC80*ufoGC69
       + 1/8*g_(1,6_,nu10)*g_(2,6_,nu16)*FT2*g_(2,p4)*cFT(nu13,XX,i2,iufo11)*
      cFT(g7,XX,iufo11,j11)*flavourTag(fmu,j11,j12)*Vec(nu10,q3)*Vec(nu16,-q2)
      *Vec(nu13,q2)*Vec(nu14,q2)^2*Deng(p4,xiz,M4)*Deng(q2 + q3,xiw,M3)^2*
      Deng(p4 + q2 + q3,xiw,M3)^2*xiw^2*ufoGC58^2*ufoGC80*ufoGC69
       + 1/4*g_(1,6_,nu10)*g_(2,6_,nu16)*FT2*g_(2,p4)*cFT(nu13,XX,i2,iufo11)*
      cFT(g7,XX,iufo11,j11)*flavourTag(fmu,j11,j12)*Vec(nu10,q3)*Vec(nu16,-q2)
      *Vec(nu13,q2)*Vec(nu14,q2)*Vec(nu14,q3)*Deng(p4,xiz,M4)*Deng(q2 + q3,xiw
      ,M3)^2*Deng(p4 + q2 + q3,xiw,M3)^2*xiw^2*ufoGC58^2*ufoGC80*ufoGC69
       + 1/8*g_(1,6_,nu10)*g_(2,6_,nu16)*FT2*g_(2,p4)*cFT(nu13,XX,i2,iufo11)*
      cFT(g7,XX,iufo11,j11)*flavourTag(fmu,j11,j12)*Vec(nu10,q3)*Vec(nu16,-q2)
      *Vec(nu13,q2)*Vec(nu14,q2)*Vecr(nu14,p4)*Deng(p4,xiz,M4)*Deng(q2 + q3,
      xiw,M3)^2*Deng(p4 + q2 + q3,xiw,M3)^2*xiw^2*ufoGC58^2*ufoGC80*ufoGC69
       + 1/8*g_(1,6_,nu10)*g_(2,6_,nu16)*FT2*g_(2,p4)*cFT(nu13,XX,i2,iufo11)*
      cFT(g7,XX,iufo11,j11)*flavourTag(fmu,j11,j12)*Vec(nu10,q3)*Vec(nu16,-q2)
      *Vec(nu13,q2)*Vec(nu14,q3)^2*Deng(p4,xiz,M4)*Deng(q2 + q3,xiw,M3)^2*
      Deng(p4 + q2 + q3,xiw,M3)^2*xiw^2*ufoGC58^2*ufoGC80*ufoGC69
       + 1/8*g_(1,6_,nu10)*g_(2,6_,nu16)*FT2*g_(2,p4)*cFT(nu13,XX,i2,iufo11)*
      cFT(g7,XX,iufo11,j11)*flavourTag(fmu,j11,j12)*Vec(nu10,q3)*Vec(nu16,-q2)
      *Vec(nu13,q2)*Vec(nu14,q3)*Vecr(nu14,p4)*Deng(p4,xiz,M4)*Deng(q2 + q3,
      xiw,M3)^2*Deng(p4 + q2 + q3,xiw,M3)^2*xiw^2*ufoGC58^2*ufoGC80*ufoGC69
       + 1/8*g_(1,6_,nu10)*g_(2,6_,nu16)*FT2*g_(2,p4)*cFT(nu13,XX,i2,iufo11)*
      cFT(g7,XX,iufo11,j11)*flavourTag(fmu,j11,j12)*Vec(nu10,q3)*Vec(nu16,-q2)
      *Vec(nu13,q3)*Vec(nu14,q2)^2*Deng(p4,xiz,M4)*Deng(q2 + q3,xiw,M3)^2*
      Deng(p4 + q2 + q3,xiw,M3)^2*xiw^2*ufoGC58^2*ufoGC80*ufoGC69
       + 1/4*g_(1,6_,nu10)*g_(2,6_,nu16)*FT2*g_(2,p4)*cFT(nu13,XX,i2,iufo11)*
      cFT(g7,XX,iufo11,j11)*flavourTag(fmu,j11,j12)*Vec(nu10,q3)*Vec(nu16,-q2)
      *Vec(nu13,q3)*Vec(nu14,q2)*Vec(nu14,q3)*Deng(p4,xiz,M4)*Deng(q2 + q3,xiw
      ,M3)^2*Deng(p4 + q2 + q3,xiw,M3)^2*xiw^2*ufoGC58^2*ufoGC80*ufoGC69
       + 1/8*g_(1,6_,nu10)*g_(2,6_,nu16)*FT2*g_(2,p4)*cFT(nu13,XX,i2,iufo11)*
      cFT(g7,XX,iufo11,j11)*flavourTag(fmu,j11,j12)*Vec(nu10,q3)*Vec(nu16,-q2)
      *Vec(nu13,q3)*Vec(nu14,q2)*Vecr(nu14,p4)*Deng(p4,xiz,M4)*Deng(q2 + q3,
      xiw,M3)^2*Deng(p4 + q2 + q3,xiw,M3)^2*xiw^2*ufoGC58^2*ufoGC80*ufoGC69
       + 1/8*g_(1,6_,nu10)*g_(2,6_,nu16)*FT2*g_(2,p4)*cFT(nu13,XX,i2,iufo11)*
      cFT(g7,XX,iufo11,j11)*flavourTag(fmu,j11,j12)*Vec(nu10,q3)*Vec(nu16,-q2)
      *Vec(nu13,q3)*Vec(nu14,q3)^2*Deng(p4,xiz,M4)*Deng(q2 + q3,xiw,M3)^2*
      Deng(p4 + q2 + q3,xiw,M3)^2*xiw^2*ufoGC58^2*ufoGC80*ufoGC69
       + 1/8*g_(1,6_,nu10)*g_(2,6_,nu16)*FT2*g_(2,p4)*cFT(nu13,XX,i2,iufo11)*
      cFT(g7,XX,iufo11,j11)*flavourTag(fmu,j11,j12)*Vec(nu10,q3)*Vec(nu16,-q2)
      *Vec(nu13,q3)*Vec(nu14,q3)*Vecr(nu14,p4)*Deng(p4,xiz,M4)*Deng(q2 + q3,
      xiw,M3)^2*Deng(p4 + q2 + q3,xiw,M3)^2*xiw^2*ufoGC58^2*ufoGC80*ufoGC69
       + 1/8*g_(1,6_,nu10)*g_(2,6_,nu16)*FT2*g_(2,p4)*cFT(nu13,XX,i2,iufo11)*
      cFT(g7,XX,iufo11,j11)*flavourTag(fmu,j11,j12)*Vec(nu10,q3)*Vec(nu16,-q2)
      *Vec(nu14,q2)^2*Vecr(nu13,p4)*Deng(p4,xiz,M4)*Deng(q2 + q3,xiw,M3)^2*
      Deng(p4 + q2 + q3,xiw,M3)^2*xiw^2*ufoGC58^2*ufoGC80*ufoGC69
       + 1/4*g_(1,6_,nu10)*g_(2,6_,nu16)*FT2*g_(2,p4)*cFT(nu13,XX,i2,iufo11)*
      cFT(g7,XX,iufo11,j11)*flavourTag(fmu,j11,j12)*Vec(nu10,q3)*Vec(nu16,-q2)
      *Vec(nu14,q2)*Vec(nu14,q3)*Vecr(nu13,p4)*Deng(p4,xiz,M4)*Deng(q2 + q3,
      xiw,M3)^2*Deng(p4 + q2 + q3,xiw,M3)^2*xiw^2*ufoGC58^2*ufoGC80*ufoGC69
       + 1/8*g_(1,6_,nu10)*g_(2,6_,nu16)*FT2*g_(2,p4)*cFT(nu13,XX,i2,iufo11)*
      cFT(g7,XX,iufo11,j11)*flavourTag(fmu,j11,j12)*Vec(nu10,q3)*Vec(nu16,-q2)
      *Vec(nu14,q2)*Deng(p4,xiz,M4)*Deng(q2 + q3,xiw,M3)^2*Deng(p4 + q2 + q3,
      xiw,M3)^2*p4.p4*xiw^2*ufoGC58^2*ufoGC80*ufoGC69
       + 1/8*g_(1,6_,nu10)*g_(2,6_,nu16)*FT2*g_(2,p4)*cFT(nu13,XX,i2,iufo11)*
      cFT(g7,XX,iufo11,j11)*flavourTag(fmu,j11,j12)*Vec(nu10,q3)*Vec(nu16,-q2)
      *Vec(nu14,q3)^2*Vecr(nu13,p4)*Deng(p4,xiz,M4)*Deng(q2 + q3,xiw,M3)^2*
      Deng(p4 + q2 + q3,xiw,M3)^2*xiw^2*ufoGC58^2*ufoGC80*ufoGC69
       + 1/8*g_(1,6_,nu10)*g_(2,6_,nu16)*FT2*g_(2,p4)*cFT(nu13,XX,i2,iufo11)*
      cFT(g7,XX,iufo11,j11)*flavourTag(fmu,j11,j12)*Vec(nu10,q3)*Vec(nu16,-q2)
      *Vec(nu14,q3)*Deng(p4,xiz,M4)*Deng(q2 + q3,xiw,M3)^2*Deng(p4 + q2 + q3,
      xiw,M3)^2*p4.p4*xiw^2*ufoGC58^2*ufoGC80*ufoGC69
       + 1/8*g_(1,6_,nu10)*g_(2,6_,nu16)*FT2*g_(2,p4)*cFT(nu13,XX,i2,iufo11)*
      cFT(g7,XX,iufo11,j11)*flavourTag(fmu,j11,j12)*Vec(nu10,q3)*Vec(nu16,-q3)
      *Vec(nu13,q2)*Vec(nu14,q2)^2*Deng(p4,xiz,M4)*Deng(q2 + q3,xiw,M3)^2*
      Deng(p4 + q2 + q3,xiw,M3)^2*xiw^2*ufoGC58^2*ufoGC80*ufoGC69
       + 1/4*g_(1,6_,nu10)*g_(2,6_,nu16)*FT2*g_(2,p4)*cFT(nu13,XX,i2,iufo11)*
      cFT(g7,XX,iufo11,j11)*flavourTag(fmu,j11,j12)*Vec(nu10,q3)*Vec(nu16,-q3)
      *Vec(nu13,q2)*Vec(nu14,q2)*Vec(nu14,q3)*Deng(p4,xiz,M4)*Deng(q2 + q3,xiw
      ,M3)^2*Deng(p4 + q2 + q3,xiw,M3)^2*xiw^2*ufoGC58^2*ufoGC80*ufoGC69
       + 1/8*g_(1,6_,nu10)*g_(2,6_,nu16)*FT2*g_(2,p4)*cFT(nu13,XX,i2,iufo11)*
      cFT(g7,XX,iufo11,j11)*flavourTag(fmu,j11,j12)*Vec(nu10,q3)*Vec(nu16,-q3)
      *Vec(nu13,q2)*Vec(nu14,q2)*Vecr(nu14,p4)*Deng(p4,xiz,M4)*Deng(q2 + q3,
      xiw,M3)^2*Deng(p4 + q2 + q3,xiw,M3)^2*xiw^2*ufoGC58^2*ufoGC80*ufoGC69
       + 1/8*g_(1,6_,nu10)*g_(2,6_,nu16)*FT2*g_(2,p4)*cFT(nu13,XX,i2,iufo11)*
      cFT(g7,XX,iufo11,j11)*flavourTag(fmu,j11,j12)*Vec(nu10,q3)*Vec(nu16,-q3)
      *Vec(nu13,q2)*Vec(nu14,q3)^2*Deng(p4,xiz,M4)*Deng(q2 + q3,xiw,M3)^2*
      Deng(p4 + q2 + q3,xiw,M3)^2*xiw^2*ufoGC58^2*ufoGC80*ufoGC69
       + 1/8*g_(1,6_,nu10)*g_(2,6_,nu16)*FT2*g_(2,p4)*cFT(nu13,XX,i2,iufo11)*
      cFT(g7,XX,iufo11,j11)*flavourTag(fmu,j11,j12)*Vec(nu10,q3)*Vec(nu16,-q3)
      *Vec(nu13,q2)*Vec(nu14,q3)*Vecr(nu14,p4)*Deng(p4,xiz,M4)*Deng(q2 + q3,
      xiw,M3)^2*Deng(p4 + q2 + q3,xiw,M3)^2*xiw^2*ufoGC58^2*ufoGC80*ufoGC69
       + 1/8*g_(1,6_,nu10)*g_(2,6_,nu16)*FT2*g_(2,p4)*cFT(nu13,XX,i2,iufo11)*
      cFT(g7,XX,iufo11,j11)*flavourTag(fmu,j11,j12)*Vec(nu10,q3)*Vec(nu16,-q3)
      *Vec(nu13,q3)*Vec(nu14,q2)^2*Deng(p4,xiz,M4)*Deng(q2 + q3,xiw,M3)^2*
      Deng(p4 + q2 + q3,xiw,M3)^2*xiw^2*ufoGC58^2*ufoGC80*ufoGC69
       + 1/4*g_(1,6_,nu10)*g_(2,6_,nu16)*FT2*g_(2,p4)*cFT(nu13,XX,i2,iufo11)*
      cFT(g7,XX,iufo11,j11)*flavourTag(fmu,j11,j12)*Vec(nu10,q3)*Vec(nu16,-q3)
      *Vec(nu13,q3)*Vec(nu14,q2)*Vec(nu14,q3)*Deng(p4,xiz,M4)*Deng(q2 + q3,xiw
      ,M3)^2*Deng(p4 + q2 + q3,xiw,M3)^2*xiw^2*ufoGC58^2*ufoGC80*ufoGC69
       + 1/8*g_(1,6_,nu10)*g_(2,6_,nu16)*FT2*g_(2,p4)*cFT(nu13,XX,i2,iufo11)*
      cFT(g7,XX,iufo11,j11)*flavourTag(fmu,j11,j12)*Vec(nu10,q3)*Vec(nu16,-q3)
      *Vec(nu13,q3)*Vec(nu14,q2)*Vecr(nu14,p4)*Deng(p4,xiz,M4)*Deng(q2 + q3,
      xiw,M3)^2*Deng(p4 + q2 + q3,xiw,M3)^2*xiw^2*ufoGC58^2*ufoGC80*ufoGC69
       + 1/8*g_(1,6_,nu10)*g_(2,6_,nu16)*FT2*g_(2,p4)*cFT(nu13,XX,i2,iufo11)*
      cFT(g7,XX,iufo11,j11)*flavourTag(fmu,j11,j12)*Vec(nu10,q3)*Vec(nu16,-q3)
      *Vec(nu13,q3)*Vec(nu14,q3)^2*Deng(p4,xiz,M4)*Deng(q2 + q3,xiw,M3)^2*
      Deng(p4 + q2 + q3,xiw,M3)^2*xiw^2*ufoGC58^2*ufoGC80*ufoGC69
       + 1/8*g_(1,6_,nu10)*g_(2,6_,nu16)*FT2*g_(2,p4)*cFT(nu13,XX,i2,iufo11)*
      cFT(g7,XX,iufo11,j11)*flavourTag(fmu,j11,j12)*Vec(nu10,q3)*Vec(nu16,-q3)
      *Vec(nu13,q3)*Vec(nu14,q3)*Vecr(nu14,p4)*Deng(p4,xiz,M4)*Deng(q2 + q3,
      xiw,M3)^2*Deng(p4 + q2 + q3,xiw,M3)^2*xiw^2*ufoGC58^2*ufoGC80*ufoGC69
       + 1/8*g_(1,6_,nu10)*g_(2,6_,nu16)*FT2*g_(2,p4)*cFT(nu13,XX,i2,iufo11)*
      cFT(g7,XX,iufo11,j11)*flavourTag(fmu,j11,j12)*Vec(nu10,q3)*Vec(nu16,-q3)
      *Vec(nu14,q2)^2*Vecr(nu13,p4)*Deng(p4,xiz,M4)*Deng(q2 + q3,xiw,M3)^2*
      Deng(p4 + q2 + q3,xiw,M3)^2*xiw^2*ufoGC58^2*ufoGC80*ufoGC69
       + 1/4*g_(1,6_,nu10)*g_(2,6_,nu16)*FT2*g_(2,p4)*cFT(nu13,XX,i2,iufo11)*
      cFT(g7,XX,iufo11,j11)*flavourTag(fmu,j11,j12)*Vec(nu10,q3)*Vec(nu16,-q3)
      *Vec(nu14,q2)*Vec(nu14,q3)*Vecr(nu13,p4)*Deng(p4,xiz,M4)*Deng(q2 + q3,
      xiw,M3)^2*Deng(p4 + q2 + q3,xiw,M3)^2*xiw^2*ufoGC58^2*ufoGC80*ufoGC69
       + 1/8*g_(1,6_,nu10)*g_(2,6_,nu16)*FT2*g_(2,p4)*cFT(nu13,XX,i2,iufo11)*
      cFT(g7,XX,iufo11,j11)*flavourTag(fmu,j11,j12)*Vec(nu10,q3)*Vec(nu16,-q3)
      *Vec(nu14,q2)*Deng(p4,xiz,M4)*Deng(q2 + q3,xiw,M3)^2*Deng(p4 + q2 + q3,
      xiw,M3)^2*p4.p4*xiw^2*ufoGC58^2*ufoGC80*ufoGC69
       + 1/8*g_(1,6_,nu10)*g_(2,6_,nu16)*FT2*g_(2,p4)*cFT(nu13,XX,i2,iufo11)*
      cFT(g7,XX,iufo11,j11)*flavourTag(fmu,j11,j12)*Vec(nu10,q3)*Vec(nu16,-q3)
      *Vec(nu14,q3)^2*Vecr(nu13,p4)*Deng(p4,xiz,M4)*Deng(q2 + q3,xiw,M3)^2*
      Deng(p4 + q2 + q3,xiw,M3)^2*xiw^2*ufoGC58^2*ufoGC80*ufoGC69
       + 1/8*g_(1,6_,nu10)*g_(2,6_,nu16)*FT2*g_(2,p4)*cFT(nu13,XX,i2,iufo11)*
      cFT(g7,XX,iufo11,j11)*flavourTag(fmu,j11,j12)*Vec(nu10,q3)*Vec(nu16,-q3)
      *Vec(nu14,q3)*Deng(p4,xiz,M4)*Deng(q2 + q3,xiw,M3)^2*Deng(p4 + q2 + q3,
      xiw,M3)^2*p4.p4*xiw^2*ufoGC58^2*ufoGC80*ufoGC69
       - 1/8*g_(1,6_,nu10)*g_(2,6_,nu16)*FT2*g_(2,p4)*cFT(nu13,XX,i2,iufo11)*
      cFT(g7,XX,iufo11,j11)*flavourTag(fmu,j11,j12)*Vec(nu10,q3)*Vec(nu13,q2)*
      Vec(nu9,q2)*Vec(nu15,q2)*Vecr(nu15,p4)*Deng(p4,xiz,M4)^2*Deng(q2 + q3,
      xiw,M3)^2*Deng(p4 + q2 + q3,xiw,M3)^2*p4.p4*xiw^2*ufoGC58^2*ufoGC80*
      ufoGC69
       - 1/8*g_(1,6_,nu10)*g_(2,6_,nu16)*FT2*g_(2,p4)*cFT(nu13,XX,i2,iufo11)*
      cFT(g7,XX,iufo11,j11)*flavourTag(fmu,j11,j12)*Vec(nu10,q3)*Vec(nu13,q2)*
      Vec(nu9,q2)*Vec(nu15,q3)*Vecr(nu15,p4)*Deng(p4,xiz,M4)^2*Deng(q2 + q3,
      xiw,M3)^2*Deng(p4 + q2 + q3,xiw,M3)^2*p4.p4*xiw^2*ufoGC58^2*ufoGC80*
      ufoGC69
       + 1/8*g_(1,6_,nu10)*g_(2,6_,nu16)*FT2*g_(2,p4)*cFT(nu13,XX,i2,iufo11)*
      cFT(g7,XX,iufo11,j11)*flavourTag(fmu,j11,j12)*Vec(nu10,q3)*Vec(nu13,q2)*
      Vec(nu9,q2)*Deng(p4,xiz,M4)*Deng(q2 + q3,xiw,M3)^2*Deng(p4 + q2 + q3,xiw
      ,M3)^2*p4.p4*xiw^2*ufoGC58^2*ufoGC80*ufoGC69
       - 1/8*g_(1,6_,nu10)*g_(2,6_,nu16)*FT2*g_(2,p4)*cFT(nu13,XX,i2,iufo11)*
      cFT(g7,XX,iufo11,j11)*flavourTag(fmu,j11,j12)*Vec(nu10,q3)*Vec(nu13,q2)*
      Vec(nu9,q2)*Deng(p4,xiz,M4)^2*Deng(q2 + q3,xiw,M3)^2*Deng(p4 + q2 + q3,
      xiw,M3)^2*p4.p4^2*xiw^2*ufoGC58^2*ufoGC80*ufoGC69
       - 1/8*g_(1,6_,nu10)*g_(2,6_,nu16)*FT2*g_(2,p4)*cFT(nu13,XX,i2,iufo11)*
      cFT(g7,XX,iufo11,j11)*flavourTag(fmu,j11,j12)*Vec(nu10,q3)*Vec(nu13,q2)*
      Vec(nu9,q3)*Vec(nu15,q2)*Vecr(nu15,p4)*Deng(p4,xiz,M4)^2*Deng(q2 + q3,
      xiw,M3)^2*Deng(p4 + q2 + q3,xiw,M3)^2*p4.p4*xiw^2*ufoGC58^2*ufoGC80*
      ufoGC69
       - 1/8*g_(1,6_,nu10)*g_(2,6_,nu16)*FT2*g_(2,p4)*cFT(nu13,XX,i2,iufo11)*
      cFT(g7,XX,iufo11,j11)*flavourTag(fmu,j11,j12)*Vec(nu10,q3)*Vec(nu13,q2)*
      Vec(nu9,q3)*Vec(nu15,q3)*Vecr(nu15,p4)*Deng(p4,xiz,M4)^2*Deng(q2 + q3,
      xiw,M3)^2*Deng(p4 + q2 + q3,xiw,M3)^2*p4.p4*xiw^2*ufoGC58^2*ufoGC80*
      ufoGC69
       + 1/8*g_(1,6_,nu10)*g_(2,6_,nu16)*FT2*g_(2,p4)*cFT(nu13,XX,i2,iufo11)*
      cFT(g7,XX,iufo11,j11)*flavourTag(fmu,j11,j12)*Vec(nu10,q3)*Vec(nu13,q2)*
      Vec(nu9,q3)*Deng(p4,xiz,M4)*Deng(q2 + q3,xiw,M3)^2*Deng(p4 + q2 + q3,xiw
      ,M3)^2*p4.p4*xiw^2*ufoGC58^2*ufoGC80*ufoGC69
       - 1/8*g_(1,6_,nu10)*g_(2,6_,nu16)*FT2*g_(2,p4)*cFT(nu13,XX,i2,iufo11)*
      cFT(g7,XX,iufo11,j11)*flavourTag(fmu,j11,j12)*Vec(nu10,q3)*Vec(nu13,q2)*
      Vec(nu9,q3)*Deng(p4,xiz,M4)^2*Deng(q2 + q3,xiw,M3)^2*Deng(p4 + q2 + q3,
      xiw,M3)^2*p4.p4^2*xiw^2*ufoGC58^2*ufoGC80*ufoGC69
       + 1/8*g_(1,6_,nu10)*g_(2,6_,nu16)*FT2*g_(2,p4)*cFT(nu13,XX,i2,iufo11)*
      cFT(g7,XX,iufo11,j11)*flavourTag(fmu,j11,j12)*Vec(nu10,q3)*Vec(nu13,q2)*
      Vec(nu9,-p4)*Vec(nu9,q2)*Vec(nu15,q2)*Deng(p4,xiz,M4)^2*Deng(q2 + q3,xiw
      ,M3)^2*Deng(p4 + q2 + q3,xiw,M3)^2*p4.p4*xiw^2*ufoGC58^2*ufoGC80*ufoGC69
       + 1/8*g_(1,6_,nu10)*g_(2,6_,nu16)*FT2*g_(2,p4)*cFT(nu13,XX,i2,iufo11)*
      cFT(g7,XX,iufo11,j11)*flavourTag(fmu,j11,j12)*Vec(nu10,q3)*Vec(nu13,q2)*
      Vec(nu9,-p4)*Vec(nu9,q2)*Vec(nu15,q3)*Deng(p4,xiz,M4)^2*Deng(q2 + q3,xiw
      ,M3)^2*Deng(p4 + q2 + q3,xiw,M3)^2*p4.p4*xiw^2*ufoGC58^2*ufoGC80*ufoGC69
       - 1/8*g_(1,6_,nu10)*g_(2,6_,nu16)*FT2*g_(2,p4)*cFT(nu13,XX,i2,iufo11)*
      cFT(g7,XX,iufo11,j11)*flavourTag(fmu,j11,j12)*Vec(nu10,q3)*Vec(nu13,q2)*
      Vec(nu9,-p4)*Vec(nu9,q2)*Vecr(nu16,p4)*Deng(p4,xiz,M4)*Deng(q2 + q3,xiw,
      M3)^2*Deng(p4 + q2 + q3,xiw,M3)^2*xiw^2*ufoGC58^2*ufoGC80*ufoGC69
       + 1/8*g_(1,6_,nu10)*g_(2,6_,nu16)*FT2*g_(2,p4)*cFT(nu13,XX,i2,iufo11)*
      cFT(g7,XX,iufo11,j11)*flavourTag(fmu,j11,j12)*Vec(nu10,q3)*Vec(nu13,q2)*
      Vec(nu9,-p4)*Vec(nu9,q2)*Vecr(nu15,p4)*Deng(p4,xiz,M4)^2*Deng(q2 + q3,
      xiw,M3)^2*Deng(p4 + q2 + q3,xiw,M3)^2*p4.p4*xiw^2*ufoGC58^2*ufoGC80*
      ufoGC69
       + 1/8*g_(1,6_,nu10)*g_(2,6_,nu16)*FT2*g_(2,p4)*cFT(nu13,XX,i2,iufo11)*
      cFT(g7,XX,iufo11,j11)*flavourTag(fmu,j11,j12)*Vec(nu10,q3)*Vec(nu13,q2)*
      Vec(nu9,-p4)*Vec(nu9,q3)*Vec(nu15,q2)*Deng(p4,xiz,M4)^2*Deng(q2 + q3,xiw
      ,M3)^2*Deng(p4 + q2 + q3,xiw,M3)^2*p4.p4*xiw^2*ufoGC58^2*ufoGC80*ufoGC69
       + 1/8*g_(1,6_,nu10)*g_(2,6_,nu16)*FT2*g_(2,p4)*cFT(nu13,XX,i2,iufo11)*
      cFT(g7,XX,iufo11,j11)*flavourTag(fmu,j11,j12)*Vec(nu10,q3)*Vec(nu13,q2)*
      Vec(nu9,-p4)*Vec(nu9,q3)*Vec(nu15,q3)*Deng(p4,xiz,M4)^2*Deng(q2 + q3,xiw
      ,M3)^2*Deng(p4 + q2 + q3,xiw,M3)^2*p4.p4*xiw^2*ufoGC58^2*ufoGC80*ufoGC69
       - 1/8*g_(1,6_,nu10)*g_(2,6_,nu16)*FT2*g_(2,p4)*cFT(nu13,XX,i2,iufo11)*
      cFT(g7,XX,iufo11,j11)*flavourTag(fmu,j11,j12)*Vec(nu10,q3)*Vec(nu13,q2)*
      Vec(nu9,-p4)*Vec(nu9,q3)*Vecr(nu16,p4)*Deng(p4,xiz,M4)*Deng(q2 + q3,xiw,
      M3)^2*Deng(p4 + q2 + q3,xiw,M3)^2*xiw^2*ufoGC58^2*ufoGC80*ufoGC69
       + 1/8*g_(1,6_,nu10)*g_(2,6_,nu16)*FT2*g_(2,p4)*cFT(nu13,XX,i2,iufo11)*
      cFT(g7,XX,iufo11,j11)*flavourTag(fmu,j11,j12)*Vec(nu10,q3)*Vec(nu13,q2)*
      Vec(nu9,-p4)*Vec(nu9,q3)*Vecr(nu15,p4)*Deng(p4,xiz,M4)^2*Deng(q2 + q3,
      xiw,M3)^2*Deng(p4 + q2 + q3,xiw,M3)^2*p4.p4*xiw^2*ufoGC58^2*ufoGC80*
      ufoGC69
       + 1/8*g_(1,6_,nu10)*g_(2,6_,nu16)*FT2*g_(2,p4)*cFT(nu13,XX,i2,iufo11)*
      cFT(g7,XX,iufo11,j11)*flavourTag(fmu,j11,j12)*Vec(nu10,q3)*Vec(nu13,q2)*
      Vec(nu9,-q2)*Vec(nu9,q2)*Vec(nu15,q2)*Deng(p4,xiz,M4)^2*Deng(q2 + q3,xiw
      ,M3)^2*Deng(p4 + q2 + q3,xiw,M3)^2*p4.p4*xiw^2*ufoGC58^2*ufoGC80*ufoGC69
       + 1/8*g_(1,6_,nu10)*g_(2,6_,nu16)*FT2*g_(2,p4)*cFT(nu13,XX,i2,iufo11)*
      cFT(g7,XX,iufo11,j11)*flavourTag(fmu,j11,j12)*Vec(nu10,q3)*Vec(nu13,q2)*
      Vec(nu9,-q2)*Vec(nu9,q2)*Vec(nu15,q3)*Deng(p4,xiz,M4)^2*Deng(q2 + q3,xiw
      ,M3)^2*Deng(p4 + q2 + q3,xiw,M3)^2*p4.p4*xiw^2*ufoGC58^2*ufoGC80*ufoGC69
       - 1/8*g_(1,6_,nu10)*g_(2,6_,nu16)*FT2*g_(2,p4)*cFT(nu13,XX,i2,iufo11)*
      cFT(g7,XX,iufo11,j11)*flavourTag(fmu,j11,j12)*Vec(nu10,q3)*Vec(nu13,q2)*
      Vec(nu9,-q2)*Vec(nu9,q2)*Vecr(nu16,p4)*Deng(p4,xiz,M4)*Deng(q2 + q3,xiw,
      M3)^2*Deng(p4 + q2 + q3,xiw,M3)^2*xiw^2*ufoGC58^2*ufoGC80*ufoGC69
       + 1/8*g_(1,6_,nu10)*g_(2,6_,nu16)*FT2*g_(2,p4)*cFT(nu13,XX,i2,iufo11)*
      cFT(g7,XX,iufo11,j11)*flavourTag(fmu,j11,j12)*Vec(nu10,q3)*Vec(nu13,q2)*
      Vec(nu9,-q2)*Vec(nu9,q2)*Vecr(nu15,p4)*Deng(p4,xiz,M4)^2*Deng(q2 + q3,
      xiw,M3)^2*Deng(p4 + q2 + q3,xiw,M3)^2*p4.p4*xiw^2*ufoGC58^2*ufoGC80*
      ufoGC69
       + 1/8*g_(1,6_,nu10)*g_(2,6_,nu16)*FT2*g_(2,p4)*cFT(nu13,XX,i2,iufo11)*
      cFT(g7,XX,iufo11,j11)*flavourTag(fmu,j11,j12)*Vec(nu10,q3)*Vec(nu13,q2)*
      Vec(nu9,-q2)*Vec(nu9,q3)*Vec(nu15,q2)*Deng(p4,xiz,M4)^2*Deng(q2 + q3,xiw
      ,M3)^2*Deng(p4 + q2 + q3,xiw,M3)^2*p4.p4*xiw^2*ufoGC58^2*ufoGC80*ufoGC69
       + 1/8*g_(1,6_,nu10)*g_(2,6_,nu16)*FT2*g_(2,p4)*cFT(nu13,XX,i2,iufo11)*
      cFT(g7,XX,iufo11,j11)*flavourTag(fmu,j11,j12)*Vec(nu10,q3)*Vec(nu13,q2)*
      Vec(nu9,-q2)*Vec(nu9,q3)*Vec(nu15,q3)*Deng(p4,xiz,M4)^2*Deng(q2 + q3,xiw
      ,M3)^2*Deng(p4 + q2 + q3,xiw,M3)^2*p4.p4*xiw^2*ufoGC58^2*ufoGC80*ufoGC69
       - 1/8*g_(1,6_,nu10)*g_(2,6_,nu16)*FT2*g_(2,p4)*cFT(nu13,XX,i2,iufo11)*
      cFT(g7,XX,iufo11,j11)*flavourTag(fmu,j11,j12)*Vec(nu10,q3)*Vec(nu13,q2)*
      Vec(nu9,-q2)*Vec(nu9,q3)*Vecr(nu16,p4)*Deng(p4,xiz,M4)*Deng(q2 + q3,xiw,
      M3)^2*Deng(p4 + q2 + q3,xiw,M3)^2*xiw^2*ufoGC58^2*ufoGC80*ufoGC69
       + 1/8*g_(1,6_,nu10)*g_(2,6_,nu16)*FT2*g_(2,p4)*cFT(nu13,XX,i2,iufo11)*
      cFT(g7,XX,iufo11,j11)*flavourTag(fmu,j11,j12)*Vec(nu10,q3)*Vec(nu13,q2)*
      Vec(nu9,-q2)*Vec(nu9,q3)*Vecr(nu15,p4)*Deng(p4,xiz,M4)^2*Deng(q2 + q3,
      xiw,M3)^2*Deng(p4 + q2 + q3,xiw,M3)^2*p4.p4*xiw^2*ufoGC58^2*ufoGC80*
      ufoGC69
       + 1/8*g_(1,6_,nu10)*g_(2,6_,nu16)*FT2*g_(2,p4)*cFT(nu13,XX,i2,iufo11)*
      cFT(g7,XX,iufo11,j11)*flavourTag(fmu,j11,j12)*Vec(nu10,q3)*Vec(nu13,q2)*
      Vec(nu9,-q3)*Vec(nu9,q2)*Vec(nu15,q2)*Deng(p4,xiz,M4)^2*Deng(q2 + q3,xiw
      ,M3)^2*Deng(p4 + q2 + q3,xiw,M3)^2*p4.p4*xiw^2*ufoGC58^2*ufoGC80*ufoGC69
       + 1/8*g_(1,6_,nu10)*g_(2,6_,nu16)*FT2*g_(2,p4)*cFT(nu13,XX,i2,iufo11)*
      cFT(g7,XX,iufo11,j11)*flavourTag(fmu,j11,j12)*Vec(nu10,q3)*Vec(nu13,q2)*
      Vec(nu9,-q3)*Vec(nu9,q2)*Vec(nu15,q3)*Deng(p4,xiz,M4)^2*Deng(q2 + q3,xiw
      ,M3)^2*Deng(p4 + q2 + q3,xiw,M3)^2*p4.p4*xiw^2*ufoGC58^2*ufoGC80*ufoGC69
       - 1/8*g_(1,6_,nu10)*g_(2,6_,nu16)*FT2*g_(2,p4)*cFT(nu13,XX,i2,iufo11)*
      cFT(g7,XX,iufo11,j11)*flavourTag(fmu,j11,j12)*Vec(nu10,q3)*Vec(nu13,q2)*
      Vec(nu9,-q3)*Vec(nu9,q2)*Vecr(nu16,p4)*Deng(p4,xiz,M4)*Deng(q2 + q3,xiw,
      M3)^2*Deng(p4 + q2 + q3,xiw,M3)^2*xiw^2*ufoGC58^2*ufoGC80*ufoGC69
       + 1/8*g_(1,6_,nu10)*g_(2,6_,nu16)*FT2*g_(2,p4)*cFT(nu13,XX,i2,iufo11)*
      cFT(g7,XX,iufo11,j11)*flavourTag(fmu,j11,j12)*Vec(nu10,q3)*Vec(nu13,q2)*
      Vec(nu9,-q3)*Vec(nu9,q2)*Vecr(nu15,p4)*Deng(p4,xiz,M4)^2*Deng(q2 + q3,
      xiw,M3)^2*Deng(p4 + q2 + q3,xiw,M3)^2*p4.p4*xiw^2*ufoGC58^2*ufoGC80*
      ufoGC69
       + 1/8*g_(1,6_,nu10)*g_(2,6_,nu16)*FT2*g_(2,p4)*cFT(nu13,XX,i2,iufo11)*
      cFT(g7,XX,iufo11,j11)*flavourTag(fmu,j11,j12)*Vec(nu10,q3)*Vec(nu13,q2)*
      Vec(nu9,-q3)*Vec(nu9,q3)*Vec(nu15,q2)*Deng(p4,xiz,M4)^2*Deng(q2 + q3,xiw
      ,M3)^2*Deng(p4 + q2 + q3,xiw,M3)^2*p4.p4*xiw^2*ufoGC58^2*ufoGC80*ufoGC69
       + 1/8*g_(1,6_,nu10)*g_(2,6_,nu16)*FT2*g_(2,p4)*cFT(nu13,XX,i2,iufo11)*
      cFT(g7,XX,iufo11,j11)*flavourTag(fmu,j11,j12)*Vec(nu10,q3)*Vec(nu13,q2)*
      Vec(nu9,-q3)*Vec(nu9,q3)*Vec(nu15,q3)*Deng(p4,xiz,M4)^2*Deng(q2 + q3,xiw
      ,M3)^2*Deng(p4 + q2 + q3,xiw,M3)^2*p4.p4*xiw^2*ufoGC58^2*ufoGC80*ufoGC69
       - 1/8*g_(1,6_,nu10)*g_(2,6_,nu16)*FT2*g_(2,p4)*cFT(nu13,XX,i2,iufo11)*
      cFT(g7,XX,iufo11,j11)*flavourTag(fmu,j11,j12)*Vec(nu10,q3)*Vec(nu13,q2)*
      Vec(nu9,-q3)*Vec(nu9,q3)*Vecr(nu16,p4)*Deng(p4,xiz,M4)*Deng(q2 + q3,xiw,
      M3)^2*Deng(p4 + q2 + q3,xiw,M3)^2*xiw^2*ufoGC58^2*ufoGC80*ufoGC69
       + 1/8*g_(1,6_,nu10)*g_(2,6_,nu16)*FT2*g_(2,p4)*cFT(nu13,XX,i2,iufo11)*
      cFT(g7,XX,iufo11,j11)*flavourTag(fmu,j11,j12)*Vec(nu10,q3)*Vec(nu13,q2)*
      Vec(nu9,-q3)*Vec(nu9,q3)*Vecr(nu15,p4)*Deng(p4,xiz,M4)^2*Deng(q2 + q3,
      xiw,M3)^2*Deng(p4 + q2 + q3,xiw,M3)^2*p4.p4*xiw^2*ufoGC58^2*ufoGC80*
      ufoGC69
       - 1/8*g_(1,6_,nu10)*g_(2,6_,nu16)*FT2*g_(2,p4)*cFT(nu13,XX,i2,iufo11)*
      cFT(g7,XX,iufo11,j11)*flavourTag(fmu,j11,j12)*Vec(nu10,q3)*Vec(nu13,q2)*
      Vec(nu14,q2)^2*Vec(nu15,-p4)*Deng(p4,xiz,M4)^2*Deng(q2 + q3,xiw,M3)^2*
      Deng(p4 + q2 + q3,xiw,M3)^2*p4.p4*xiw^2*ufoGC58^2*ufoGC80*ufoGC69
       - 1/8*g_(1,6_,nu10)*g_(2,6_,nu16)*FT2*g_(2,p4)*cFT(nu13,XX,i2,iufo11)*
      cFT(g7,XX,iufo11,j11)*flavourTag(fmu,j11,j12)*Vec(nu10,q3)*Vec(nu13,q2)*
      Vec(nu14,q2)^2*Vec(nu15,-q2)*Deng(p4,xiz,M4)^2*Deng(q2 + q3,xiw,M3)^2*
      Deng(p4 + q2 + q3,xiw,M3)^2*p4.p4*xiw^2*ufoGC58^2*ufoGC80*ufoGC69
       - 1/8*g_(1,6_,nu10)*g_(2,6_,nu16)*FT2*g_(2,p4)*cFT(nu13,XX,i2,iufo11)*
      cFT(g7,XX,iufo11,j11)*flavourTag(fmu,j11,j12)*Vec(nu10,q3)*Vec(nu13,q2)*
      Vec(nu14,q2)^2*Vec(nu15,-q3)*Deng(p4,xiz,M4)^2*Deng(q2 + q3,xiw,M3)^2*
      Deng(p4 + q2 + q3,xiw,M3)^2*p4.p4*xiw^2*ufoGC58^2*ufoGC80*ufoGC69
       - 1/4*g_(1,6_,nu10)*g_(2,6_,nu16)*FT2*g_(2,p4)*cFT(nu13,XX,i2,iufo11)*
      cFT(g7,XX,iufo11,j11)*flavourTag(fmu,j11,j12)*Vec(nu10,q3)*Vec(nu13,q2)*
      Vec(nu14,q2)*Vec(nu14,q3)*Vec(nu15,-p4)*Deng(p4,xiz,M4)^2*Deng(q2 + q3,
      xiw,M3)^2*Deng(p4 + q2 + q3,xiw,M3)^2*p4.p4*xiw^2*ufoGC58^2*ufoGC80*
      ufoGC69
       - 1/4*g_(1,6_,nu10)*g_(2,6_,nu16)*FT2*g_(2,p4)*cFT(nu13,XX,i2,iufo11)*
      cFT(g7,XX,iufo11,j11)*flavourTag(fmu,j11,j12)*Vec(nu10,q3)*Vec(nu13,q2)*
      Vec(nu14,q2)*Vec(nu14,q3)*Vec(nu15,-q2)*Deng(p4,xiz,M4)^2*Deng(q2 + q3,
      xiw,M3)^2*Deng(p4 + q2 + q3,xiw,M3)^2*p4.p4*xiw^2*ufoGC58^2*ufoGC80*
      ufoGC69
       - 1/4*g_(1,6_,nu10)*g_(2,6_,nu16)*FT2*g_(2,p4)*cFT(nu13,XX,i2,iufo11)*
      cFT(g7,XX,iufo11,j11)*flavourTag(fmu,j11,j12)*Vec(nu10,q3)*Vec(nu13,q2)*
      Vec(nu14,q2)*Vec(nu14,q3)*Vec(nu15,-q3)*Deng(p4,xiz,M4)^2*Deng(q2 + q3,
      xiw,M3)^2*Deng(p4 + q2 + q3,xiw,M3)^2*p4.p4*xiw^2*ufoGC58^2*ufoGC80*
      ufoGC69
       + 1/8*g_(1,6_,nu10)*g_(2,6_,nu16)*FT2*g_(2,p4)*cFT(nu13,XX,i2,iufo11)*
      cFT(g7,XX,iufo11,j11)*flavourTag(fmu,j11,j12)*Vec(nu10,q3)*Vec(nu13,q2)*
      Vec(nu14,q2)*Vec(nu15,q2)*Vecr(nu15,p4)*Deng(p4,xiz,M4)^2*Deng(q2 + q3,
      xiw,M3)^2*Deng(p4 + q2 + q3,xiw,M3)^2*p4.p4*xiw^2*ufoGC58^2*ufoGC80*
      ufoGC69
       + 1/8*g_(1,6_,nu10)*g_(2,6_,nu16)*FT2*g_(2,p4)*cFT(nu13,XX,i2,iufo11)*
      cFT(g7,XX,iufo11,j11)*flavourTag(fmu,j11,j12)*Vec(nu10,q3)*Vec(nu13,q2)*
      Vec(nu14,q2)*Vec(nu15,q3)*Vecr(nu15,p4)*Deng(p4,xiz,M4)^2*Deng(q2 + q3,
      xiw,M3)^2*Deng(p4 + q2 + q3,xiw,M3)^2*p4.p4*xiw^2*ufoGC58^2*ufoGC80*
      ufoGC69
       - 1/8*g_(1,6_,nu10)*g_(2,6_,nu16)*FT2*g_(2,p4)*cFT(nu13,XX,i2,iufo11)*
      cFT(g7,XX,iufo11,j11)*flavourTag(fmu,j11,j12)*Vec(nu10,q3)*Vec(nu13,q2)*
      Vec(nu14,q2)*Vec(nu15,-p4)*Vecr(nu15,p4)*Deng(p4,xiz,M4)^2*Deng(q2 + q3,
      xiw,M3)^2*Deng(p4 + q2 + q3,xiw,M3)^2*p4.p4*xiw^2*ufoGC58^2*ufoGC80*
      ufoGC69
       - 1/8*g_(1,6_,nu10)*g_(2,6_,nu16)*FT2*g_(2,p4)*cFT(nu13,XX,i2,iufo11)*
      cFT(g7,XX,iufo11,j11)*flavourTag(fmu,j11,j12)*Vec(nu10,q3)*Vec(nu13,q2)*
      Vec(nu14,q2)*Vec(nu15,-q2)*Vecr(nu15,p4)*Deng(p4,xiz,M4)^2*Deng(q2 + q3,
      xiw,M3)^2*Deng(p4 + q2 + q3,xiw,M3)^2*p4.p4*xiw^2*ufoGC58^2*ufoGC80*
      ufoGC69
       - 1/8*g_(1,6_,nu10)*g_(2,6_,nu16)*FT2*g_(2,p4)*cFT(nu13,XX,i2,iufo11)*
      cFT(g7,XX,iufo11,j11)*flavourTag(fmu,j11,j12)*Vec(nu10,q3)*Vec(nu13,q2)*
      Vec(nu14,q2)*Vec(nu15,-q3)*Vecr(nu15,p4)*Deng(p4,xiz,M4)^2*Deng(q2 + q3,
      xiw,M3)^2*Deng(p4 + q2 + q3,xiw,M3)^2*p4.p4*xiw^2*ufoGC58^2*ufoGC80*
      ufoGC69
       - 1/8*g_(1,6_,nu10)*g_(2,6_,nu16)*FT2*g_(2,p4)*cFT(nu13,XX,i2,iufo11)*
      cFT(g7,XX,iufo11,j11)*flavourTag(fmu,j11,j12)*Vec(nu10,q3)*Vec(nu13,q2)*
      Vec(nu14,q3)^2*Vec(nu15,-p4)*Deng(p4,xiz,M4)^2*Deng(q2 + q3,xiw,M3)^2*
      Deng(p4 + q2 + q3,xiw,M3)^2*p4.p4*xiw^2*ufoGC58^2*ufoGC80*ufoGC69
       - 1/8*g_(1,6_,nu10)*g_(2,6_,nu16)*FT2*g_(2,p4)*cFT(nu13,XX,i2,iufo11)*
      cFT(g7,XX,iufo11,j11)*flavourTag(fmu,j11,j12)*Vec(nu10,q3)*Vec(nu13,q2)*
      Vec(nu14,q3)^2*Vec(nu15,-q2)*Deng(p4,xiz,M4)^2*Deng(q2 + q3,xiw,M3)^2*
      Deng(p4 + q2 + q3,xiw,M3)^2*p4.p4*xiw^2*ufoGC58^2*ufoGC80*ufoGC69
       - 1/8*g_(1,6_,nu10)*g_(2,6_,nu16)*FT2*g_(2,p4)*cFT(nu13,XX,i2,iufo11)*
      cFT(g7,XX,iufo11,j11)*flavourTag(fmu,j11,j12)*Vec(nu10,q3)*Vec(nu13,q2)*
      Vec(nu14,q3)^2*Vec(nu15,-q3)*Deng(p4,xiz,M4)^2*Deng(q2 + q3,xiw,M3)^2*
      Deng(p4 + q2 + q3,xiw,M3)^2*p4.p4*xiw^2*ufoGC58^2*ufoGC80*ufoGC69
       + 1/8*g_(1,6_,nu10)*g_(2,6_,nu16)*FT2*g_(2,p4)*cFT(nu13,XX,i2,iufo11)*
      cFT(g7,XX,iufo11,j11)*flavourTag(fmu,j11,j12)*Vec(nu10,q3)*Vec(nu13,q2)*
      Vec(nu14,q3)*Vec(nu15,q2)*Vecr(nu15,p4)*Deng(p4,xiz,M4)^2*Deng(q2 + q3,
      xiw,M3)^2*Deng(p4 + q2 + q3,xiw,M3)^2*p4.p4*xiw^2*ufoGC58^2*ufoGC80*
      ufoGC69
       + 1/8*g_(1,6_,nu10)*g_(2,6_,nu16)*FT2*g_(2,p4)*cFT(nu13,XX,i2,iufo11)*
      cFT(g7,XX,iufo11,j11)*flavourTag(fmu,j11,j12)*Vec(nu10,q3)*Vec(nu13,q2)*
      Vec(nu14,q3)*Vec(nu15,q3)*Vecr(nu15,p4)*Deng(p4,xiz,M4)^2*Deng(q2 + q3,
      xiw,M3)^2*Deng(p4 + q2 + q3,xiw,M3)^2*p4.p4*xiw^2*ufoGC58^2*ufoGC80*
      ufoGC69
       - 1/8*g_(1,6_,nu10)*g_(2,6_,nu16)*FT2*g_(2,p4)*cFT(nu13,XX,i2,iufo11)*
      cFT(g7,XX,iufo11,j11)*flavourTag(fmu,j11,j12)*Vec(nu10,q3)*Vec(nu13,q2)*
      Vec(nu14,q3)*Vec(nu15,-p4)*Vecr(nu15,p4)*Deng(p4,xiz,M4)^2*Deng(q2 + q3,
      xiw,M3)^2*Deng(p4 + q2 + q3,xiw,M3)^2*p4.p4*xiw^2*ufoGC58^2*ufoGC80*
      ufoGC69
       - 1/8*g_(1,6_,nu10)*g_(2,6_,nu16)*FT2*g_(2,p4)*cFT(nu13,XX,i2,iufo11)*
      cFT(g7,XX,iufo11,j11)*flavourTag(fmu,j11,j12)*Vec(nu10,q3)*Vec(nu13,q2)*
      Vec(nu14,q3)*Vec(nu15,-q2)*Vecr(nu15,p4)*Deng(p4,xiz,M4)^2*Deng(q2 + q3,
      xiw,M3)^2*Deng(p4 + q2 + q3,xiw,M3)^2*p4.p4*xiw^2*ufoGC58^2*ufoGC80*
      ufoGC69
       - 1/8*g_(1,6_,nu10)*g_(2,6_,nu16)*FT2*g_(2,p4)*cFT(nu13,XX,i2,iufo11)*
      cFT(g7,XX,iufo11,j11)*flavourTag(fmu,j11,j12)*Vec(nu10,q3)*Vec(nu13,q2)*
      Vec(nu14,q3)*Vec(nu15,-q3)*Vecr(nu15,p4)*Deng(p4,xiz,M4)^2*Deng(q2 + q3,
      xiw,M3)^2*Deng(p4 + q2 + q3,xiw,M3)^2*p4.p4*xiw^2*ufoGC58^2*ufoGC80*
      ufoGC69
       + 1/8*g_(1,6_,nu10)*g_(2,6_,nu16)*FT2*g_(2,p4)*cFT(nu13,XX,i2,iufo11)*
      cFT(g7,XX,iufo11,j11)*flavourTag(fmu,j11,j12)*Vec(nu10,q3)*Vec(nu13,q2)*
      Vec(nu15,q2)*Deng(p4,xiz,M4)^2*Deng(q2 + q3,xiw,M3)^2*Deng(p4 + q2 + q3,
      xiw,M3)^2*p4.p4^2*xiw^2*ufoGC58^2*ufoGC80*ufoGC69
       + 1/8*g_(1,6_,nu10)*g_(2,6_,nu16)*FT2*g_(2,p4)*cFT(nu13,XX,i2,iufo11)*
      cFT(g7,XX,iufo11,j11)*flavourTag(fmu,j11,j12)*Vec(nu10,q3)*Vec(nu13,q2)*
      Vec(nu15,q3)*Deng(p4,xiz,M4)^2*Deng(q2 + q3,xiw,M3)^2*Deng(p4 + q2 + q3,
      xiw,M3)^2*p4.p4^2*xiw^2*ufoGC58^2*ufoGC80*ufoGC69
       - 1/8*g_(1,6_,nu10)*g_(2,6_,nu16)*FT2*g_(2,p4)*cFT(nu13,XX,i2,iufo11)*
      cFT(g7,XX,iufo11,j11)*flavourTag(fmu,j11,j12)*Vec(nu10,q3)*Vec(nu13,q3)*
      Vec(nu9,q2)*Vec(nu15,q2)*Vecr(nu15,p4)*Deng(p4,xiz,M4)^2*Deng(q2 + q3,
      xiw,M3)^2*Deng(p4 + q2 + q3,xiw,M3)^2*p4.p4*xiw^2*ufoGC58^2*ufoGC80*
      ufoGC69
       - 1/8*g_(1,6_,nu10)*g_(2,6_,nu16)*FT2*g_(2,p4)*cFT(nu13,XX,i2,iufo11)*
      cFT(g7,XX,iufo11,j11)*flavourTag(fmu,j11,j12)*Vec(nu10,q3)*Vec(nu13,q3)*
      Vec(nu9,q2)*Vec(nu15,q3)*Vecr(nu15,p4)*Deng(p4,xiz,M4)^2*Deng(q2 + q3,
      xiw,M3)^2*Deng(p4 + q2 + q3,xiw,M3)^2*p4.p4*xiw^2*ufoGC58^2*ufoGC80*
      ufoGC69
       + 1/8*g_(1,6_,nu10)*g_(2,6_,nu16)*FT2*g_(2,p4)*cFT(nu13,XX,i2,iufo11)*
      cFT(g7,XX,iufo11,j11)*flavourTag(fmu,j11,j12)*Vec(nu10,q3)*Vec(nu13,q3)*
      Vec(nu9,q2)*Deng(p4,xiz,M4)*Deng(q2 + q3,xiw,M3)^2*Deng(p4 + q2 + q3,xiw
      ,M3)^2*p4.p4*xiw^2*ufoGC58^2*ufoGC80*ufoGC69
       - 1/8*g_(1,6_,nu10)*g_(2,6_,nu16)*FT2*g_(2,p4)*cFT(nu13,XX,i2,iufo11)*
      cFT(g7,XX,iufo11,j11)*flavourTag(fmu,j11,j12)*Vec(nu10,q3)*Vec(nu13,q3)*
      Vec(nu9,q2)*Deng(p4,xiz,M4)^2*Deng(q2 + q3,xiw,M3)^2*Deng(p4 + q2 + q3,
      xiw,M3)^2*p4.p4^2*xiw^2*ufoGC58^2*ufoGC80*ufoGC69
       - 1/8*g_(1,6_,nu10)*g_(2,6_,nu16)*FT2*g_(2,p4)*cFT(nu13,XX,i2,iufo11)*
      cFT(g7,XX,iufo11,j11)*flavourTag(fmu,j11,j12)*Vec(nu10,q3)*Vec(nu13,q3)*
      Vec(nu9,q3)*Vec(nu15,q2)*Vecr(nu15,p4)*Deng(p4,xiz,M4)^2*Deng(q2 + q3,
      xiw,M3)^2*Deng(p4 + q2 + q3,xiw,M3)^2*p4.p4*xiw^2*ufoGC58^2*ufoGC80*
      ufoGC69
       - 1/8*g_(1,6_,nu10)*g_(2,6_,nu16)*FT2*g_(2,p4)*cFT(nu13,XX,i2,iufo11)*
      cFT(g7,XX,iufo11,j11)*flavourTag(fmu,j11,j12)*Vec(nu10,q3)*Vec(nu13,q3)*
      Vec(nu9,q3)*Vec(nu15,q3)*Vecr(nu15,p4)*Deng(p4,xiz,M4)^2*Deng(q2 + q3,
      xiw,M3)^2*Deng(p4 + q2 + q3,xiw,M3)^2*p4.p4*xiw^2*ufoGC58^2*ufoGC80*
      ufoGC69
       + 1/8*g_(1,6_,nu10)*g_(2,6_,nu16)*FT2*g_(2,p4)*cFT(nu13,XX,i2,iufo11)*
      cFT(g7,XX,iufo11,j11)*flavourTag(fmu,j11,j12)*Vec(nu10,q3)*Vec(nu13,q3)*
      Vec(nu9,q3)*Deng(p4,xiz,M4)*Deng(q2 + q3,xiw,M3)^2*Deng(p4 + q2 + q3,xiw
      ,M3)^2*p4.p4*xiw^2*ufoGC58^2*ufoGC80*ufoGC69
       - 1/8*g_(1,6_,nu10)*g_(2,6_,nu16)*FT2*g_(2,p4)*cFT(nu13,XX,i2,iufo11)*
      cFT(g7,XX,iufo11,j11)*flavourTag(fmu,j11,j12)*Vec(nu10,q3)*Vec(nu13,q3)*
      Vec(nu9,q3)*Deng(p4,xiz,M4)^2*Deng(q2 + q3,xiw,M3)^2*Deng(p4 + q2 + q3,
      xiw,M3)^2*p4.p4^2*xiw^2*ufoGC58^2*ufoGC80*ufoGC69
       + 1/8*g_(1,6_,nu10)*g_(2,6_,nu16)*FT2*g_(2,p4)*cFT(nu13,XX,i2,iufo11)*
      cFT(g7,XX,iufo11,j11)*flavourTag(fmu,j11,j12)*Vec(nu10,q3)*Vec(nu13,q3)*
      Vec(nu9,-p4)*Vec(nu9,q2)*Vec(nu15,q2)*Deng(p4,xiz,M4)^2*Deng(q2 + q3,xiw
      ,M3)^2*Deng(p4 + q2 + q3,xiw,M3)^2*p4.p4*xiw^2*ufoGC58^2*ufoGC80*ufoGC69
       + 1/8*g_(1,6_,nu10)*g_(2,6_,nu16)*FT2*g_(2,p4)*cFT(nu13,XX,i2,iufo11)*
      cFT(g7,XX,iufo11,j11)*flavourTag(fmu,j11,j12)*Vec(nu10,q3)*Vec(nu13,q3)*
      Vec(nu9,-p4)*Vec(nu9,q2)*Vec(nu15,q3)*Deng(p4,xiz,M4)^2*Deng(q2 + q3,xiw
      ,M3)^2*Deng(p4 + q2 + q3,xiw,M3)^2*p4.p4*xiw^2*ufoGC58^2*ufoGC80*ufoGC69
       - 1/8*g_(1,6_,nu10)*g_(2,6_,nu16)*FT2*g_(2,p4)*cFT(nu13,XX,i2,iufo11)*
      cFT(g7,XX,iufo11,j11)*flavourTag(fmu,j11,j12)*Vec(nu10,q3)*Vec(nu13,q3)*
      Vec(nu9,-p4)*Vec(nu9,q2)*Vecr(nu16,p4)*Deng(p4,xiz,M4)*Deng(q2 + q3,xiw,
      M3)^2*Deng(p4 + q2 + q3,xiw,M3)^2*xiw^2*ufoGC58^2*ufoGC80*ufoGC69
       + 1/8*g_(1,6_,nu10)*g_(2,6_,nu16)*FT2*g_(2,p4)*cFT(nu13,XX,i2,iufo11)*
      cFT(g7,XX,iufo11,j11)*flavourTag(fmu,j11,j12)*Vec(nu10,q3)*Vec(nu13,q3)*
      Vec(nu9,-p4)*Vec(nu9,q2)*Vecr(nu15,p4)*Deng(p4,xiz,M4)^2*Deng(q2 + q3,
      xiw,M3)^2*Deng(p4 + q2 + q3,xiw,M3)^2*p4.p4*xiw^2*ufoGC58^2*ufoGC80*
      ufoGC69
       + 1/8*g_(1,6_,nu10)*g_(2,6_,nu16)*FT2*g_(2,p4)*cFT(nu13,XX,i2,iufo11)*
      cFT(g7,XX,iufo11,j11)*flavourTag(fmu,j11,j12)*Vec(nu10,q3)*Vec(nu13,q3)*
      Vec(nu9,-p4)*Vec(nu9,q3)*Vec(nu15,q2)*Deng(p4,xiz,M4)^2*Deng(q2 + q3,xiw
      ,M3)^2*Deng(p4 + q2 + q3,xiw,M3)^2*p4.p4*xiw^2*ufoGC58^2*ufoGC80*ufoGC69
       + 1/8*g_(1,6_,nu10)*g_(2,6_,nu16)*FT2*g_(2,p4)*cFT(nu13,XX,i2,iufo11)*
      cFT(g7,XX,iufo11,j11)*flavourTag(fmu,j11,j12)*Vec(nu10,q3)*Vec(nu13,q3)*
      Vec(nu9,-p4)*Vec(nu9,q3)*Vec(nu15,q3)*Deng(p4,xiz,M4)^2*Deng(q2 + q3,xiw
      ,M3)^2*Deng(p4 + q2 + q3,xiw,M3)^2*p4.p4*xiw^2*ufoGC58^2*ufoGC80*ufoGC69
       - 1/8*g_(1,6_,nu10)*g_(2,6_,nu16)*FT2*g_(2,p4)*cFT(nu13,XX,i2,iufo11)*
      cFT(g7,XX,iufo11,j11)*flavourTag(fmu,j11,j12)*Vec(nu10,q3)*Vec(nu13,q3)*
      Vec(nu9,-p4)*Vec(nu9,q3)*Vecr(nu16,p4)*Deng(p4,xiz,M4)*Deng(q2 + q3,xiw,
      M3)^2*Deng(p4 + q2 + q3,xiw,M3)^2*xiw^2*ufoGC58^2*ufoGC80*ufoGC69
       + 1/8*g_(1,6_,nu10)*g_(2,6_,nu16)*FT2*g_(2,p4)*cFT(nu13,XX,i2,iufo11)*
      cFT(g7,XX,iufo11,j11)*flavourTag(fmu,j11,j12)*Vec(nu10,q3)*Vec(nu13,q3)*
      Vec(nu9,-p4)*Vec(nu9,q3)*Vecr(nu15,p4)*Deng(p4,xiz,M4)^2*Deng(q2 + q3,
      xiw,M3)^2*Deng(p4 + q2 + q3,xiw,M3)^2*p4.p4*xiw^2*ufoGC58^2*ufoGC80*
      ufoGC69
       + 1/8*g_(1,6_,nu10)*g_(2,6_,nu16)*FT2*g_(2,p4)*cFT(nu13,XX,i2,iufo11)*
      cFT(g7,XX,iufo11,j11)*flavourTag(fmu,j11,j12)*Vec(nu10,q3)*Vec(nu13,q3)*
      Vec(nu9,-q2)*Vec(nu9,q2)*Vec(nu15,q2)*Deng(p4,xiz,M4)^2*Deng(q2 + q3,xiw
      ,M3)^2*Deng(p4 + q2 + q3,xiw,M3)^2*p4.p4*xiw^2*ufoGC58^2*ufoGC80*ufoGC69
       + 1/8*g_(1,6_,nu10)*g_(2,6_,nu16)*FT2*g_(2,p4)*cFT(nu13,XX,i2,iufo11)*
      cFT(g7,XX,iufo11,j11)*flavourTag(fmu,j11,j12)*Vec(nu10,q3)*Vec(nu13,q3)*
      Vec(nu9,-q2)*Vec(nu9,q2)*Vec(nu15,q3)*Deng(p4,xiz,M4)^2*Deng(q2 + q3,xiw
      ,M3)^2*Deng(p4 + q2 + q3,xiw,M3)^2*p4.p4*xiw^2*ufoGC58^2*ufoGC80*ufoGC69
       - 1/8*g_(1,6_,nu10)*g_(2,6_,nu16)*FT2*g_(2,p4)*cFT(nu13,XX,i2,iufo11)*
      cFT(g7,XX,iufo11,j11)*flavourTag(fmu,j11,j12)*Vec(nu10,q3)*Vec(nu13,q3)*
      Vec(nu9,-q2)*Vec(nu9,q2)*Vecr(nu16,p4)*Deng(p4,xiz,M4)*Deng(q2 + q3,xiw,
      M3)^2*Deng(p4 + q2 + q3,xiw,M3)^2*xiw^2*ufoGC58^2*ufoGC80*ufoGC69
       + 1/8*g_(1,6_,nu10)*g_(2,6_,nu16)*FT2*g_(2,p4)*cFT(nu13,XX,i2,iufo11)*
      cFT(g7,XX,iufo11,j11)*flavourTag(fmu,j11,j12)*Vec(nu10,q3)*Vec(nu13,q3)*
      Vec(nu9,-q2)*Vec(nu9,q2)*Vecr(nu15,p4)*Deng(p4,xiz,M4)^2*Deng(q2 + q3,
      xiw,M3)^2*Deng(p4 + q2 + q3,xiw,M3)^2*p4.p4*xiw^2*ufoGC58^2*ufoGC80*
      ufoGC69
       + 1/8*g_(1,6_,nu10)*g_(2,6_,nu16)*FT2*g_(2,p4)*cFT(nu13,XX,i2,iufo11)*
      cFT(g7,XX,iufo11,j11)*flavourTag(fmu,j11,j12)*Vec(nu10,q3)*Vec(nu13,q3)*
      Vec(nu9,-q2)*Vec(nu9,q3)*Vec(nu15,q2)*Deng(p4,xiz,M4)^2*Deng(q2 + q3,xiw
      ,M3)^2*Deng(p4 + q2 + q3,xiw,M3)^2*p4.p4*xiw^2*ufoGC58^2*ufoGC80*ufoGC69
       + 1/8*g_(1,6_,nu10)*g_(2,6_,nu16)*FT2*g_(2,p4)*cFT(nu13,XX,i2,iufo11)*
      cFT(g7,XX,iufo11,j11)*flavourTag(fmu,j11,j12)*Vec(nu10,q3)*Vec(nu13,q3)*
      Vec(nu9,-q2)*Vec(nu9,q3)*Vec(nu15,q3)*Deng(p4,xiz,M4)^2*Deng(q2 + q3,xiw
      ,M3)^2*Deng(p4 + q2 + q3,xiw,M3)^2*p4.p4*xiw^2*ufoGC58^2*ufoGC80*ufoGC69
       - 1/8*g_(1,6_,nu10)*g_(2,6_,nu16)*FT2*g_(2,p4)*cFT(nu13,XX,i2,iufo11)*
      cFT(g7,XX,iufo11,j11)*flavourTag(fmu,j11,j12)*Vec(nu10,q3)*Vec(nu13,q3)*
      Vec(nu9,-q2)*Vec(nu9,q3)*Vecr(nu16,p4)*Deng(p4,xiz,M4)*Deng(q2 + q3,xiw,
      M3)^2*Deng(p4 + q2 + q3,xiw,M3)^2*xiw^2*ufoGC58^2*ufoGC80*ufoGC69
       + 1/8*g_(1,6_,nu10)*g_(2,6_,nu16)*FT2*g_(2,p4)*cFT(nu13,XX,i2,iufo11)*
      cFT(g7,XX,iufo11,j11)*flavourTag(fmu,j11,j12)*Vec(nu10,q3)*Vec(nu13,q3)*
      Vec(nu9,-q2)*Vec(nu9,q3)*Vecr(nu15,p4)*Deng(p4,xiz,M4)^2*Deng(q2 + q3,
      xiw,M3)^2*Deng(p4 + q2 + q3,xiw,M3)^2*p4.p4*xiw^2*ufoGC58^2*ufoGC80*
      ufoGC69
       + 1/8*g_(1,6_,nu10)*g_(2,6_,nu16)*FT2*g_(2,p4)*cFT(nu13,XX,i2,iufo11)*
      cFT(g7,XX,iufo11,j11)*flavourTag(fmu,j11,j12)*Vec(nu10,q3)*Vec(nu13,q3)*
      Vec(nu9,-q3)*Vec(nu9,q2)*Vec(nu15,q2)*Deng(p4,xiz,M4)^2*Deng(q2 + q3,xiw
      ,M3)^2*Deng(p4 + q2 + q3,xiw,M3)^2*p4.p4*xiw^2*ufoGC58^2*ufoGC80*ufoGC69
       + 1/8*g_(1,6_,nu10)*g_(2,6_,nu16)*FT2*g_(2,p4)*cFT(nu13,XX,i2,iufo11)*
      cFT(g7,XX,iufo11,j11)*flavourTag(fmu,j11,j12)*Vec(nu10,q3)*Vec(nu13,q3)*
      Vec(nu9,-q3)*Vec(nu9,q2)*Vec(nu15,q3)*Deng(p4,xiz,M4)^2*Deng(q2 + q3,xiw
      ,M3)^2*Deng(p4 + q2 + q3,xiw,M3)^2*p4.p4*xiw^2*ufoGC58^2*ufoGC80*ufoGC69
       - 1/8*g_(1,6_,nu10)*g_(2,6_,nu16)*FT2*g_(2,p4)*cFT(nu13,XX,i2,iufo11)*
      cFT(g7,XX,iufo11,j11)*flavourTag(fmu,j11,j12)*Vec(nu10,q3)*Vec(nu13,q3)*
      Vec(nu9,-q3)*Vec(nu9,q2)*Vecr(nu16,p4)*Deng(p4,xiz,M4)*Deng(q2 + q3,xiw,
      M3)^2*Deng(p4 + q2 + q3,xiw,M3)^2*xiw^2*ufoGC58^2*ufoGC80*ufoGC69
       + 1/8*g_(1,6_,nu10)*g_(2,6_,nu16)*FT2*g_(2,p4)*cFT(nu13,XX,i2,iufo11)*
      cFT(g7,XX,iufo11,j11)*flavourTag(fmu,j11,j12)*Vec(nu10,q3)*Vec(nu13,q3)*
      Vec(nu9,-q3)*Vec(nu9,q2)*Vecr(nu15,p4)*Deng(p4,xiz,M4)^2*Deng(q2 + q3,
      xiw,M3)^2*Deng(p4 + q2 + q3,xiw,M3)^2*p4.p4*xiw^2*ufoGC58^2*ufoGC80*
      ufoGC69
       + 1/8*g_(1,6_,nu10)*g_(2,6_,nu16)*FT2*g_(2,p4)*cFT(nu13,XX,i2,iufo11)*
      cFT(g7,XX,iufo11,j11)*flavourTag(fmu,j11,j12)*Vec(nu10,q3)*Vec(nu13,q3)*
      Vec(nu9,-q3)*Vec(nu9,q3)*Vec(nu15,q2)*Deng(p4,xiz,M4)^2*Deng(q2 + q3,xiw
      ,M3)^2*Deng(p4 + q2 + q3,xiw,M3)^2*p4.p4*xiw^2*ufoGC58^2*ufoGC80*ufoGC69
       + 1/8*g_(1,6_,nu10)*g_(2,6_,nu16)*FT2*g_(2,p4)*cFT(nu13,XX,i2,iufo11)*
      cFT(g7,XX,iufo11,j11)*flavourTag(fmu,j11,j12)*Vec(nu10,q3)*Vec(nu13,q3)*
      Vec(nu9,-q3)*Vec(nu9,q3)*Vec(nu15,q3)*Deng(p4,xiz,M4)^2*Deng(q2 + q3,xiw
      ,M3)^2*Deng(p4 + q2 + q3,xiw,M3)^2*p4.p4*xiw^2*ufoGC58^2*ufoGC80*ufoGC69
       - 1/8*g_(1,6_,nu10)*g_(2,6_,nu16)*FT2*g_(2,p4)*cFT(nu13,XX,i2,iufo11)*
      cFT(g7,XX,iufo11,j11)*flavourTag(fmu,j11,j12)*Vec(nu10,q3)*Vec(nu13,q3)*
      Vec(nu9,-q3)*Vec(nu9,q3)*Vecr(nu16,p4)*Deng(p4,xiz,M4)*Deng(q2 + q3,xiw,
      M3)^2*Deng(p4 + q2 + q3,xiw,M3)^2*xiw^2*ufoGC58^2*ufoGC80*ufoGC69
       + 1/8*g_(1,6_,nu10)*g_(2,6_,nu16)*FT2*g_(2,p4)*cFT(nu13,XX,i2,iufo11)*
      cFT(g7,XX,iufo11,j11)*flavourTag(fmu,j11,j12)*Vec(nu10,q3)*Vec(nu13,q3)*
      Vec(nu9,-q3)*Vec(nu9,q3)*Vecr(nu15,p4)*Deng(p4,xiz,M4)^2*Deng(q2 + q3,
      xiw,M3)^2*Deng(p4 + q2 + q3,xiw,M3)^2*p4.p4*xiw^2*ufoGC58^2*ufoGC80*
      ufoGC69
       - 1/8*g_(1,6_,nu10)*g_(2,6_,nu16)*FT2*g_(2,p4)*cFT(nu13,XX,i2,iufo11)*
      cFT(g7,XX,iufo11,j11)*flavourTag(fmu,j11,j12)*Vec(nu10,q3)*Vec(nu13,q3)*
      Vec(nu14,q2)^2*Vec(nu15,-p4)*Deng(p4,xiz,M4)^2*Deng(q2 + q3,xiw,M3)^2*
      Deng(p4 + q2 + q3,xiw,M3)^2*p4.p4*xiw^2*ufoGC58^2*ufoGC80*ufoGC69
       - 1/8*g_(1,6_,nu10)*g_(2,6_,nu16)*FT2*g_(2,p4)*cFT(nu13,XX,i2,iufo11)*
      cFT(g7,XX,iufo11,j11)*flavourTag(fmu,j11,j12)*Vec(nu10,q3)*Vec(nu13,q3)*
      Vec(nu14,q2)^2*Vec(nu15,-q2)*Deng(p4,xiz,M4)^2*Deng(q2 + q3,xiw,M3)^2*
      Deng(p4 + q2 + q3,xiw,M3)^2*p4.p4*xiw^2*ufoGC58^2*ufoGC80*ufoGC69
       - 1/8*g_(1,6_,nu10)*g_(2,6_,nu16)*FT2*g_(2,p4)*cFT(nu13,XX,i2,iufo11)*
      cFT(g7,XX,iufo11,j11)*flavourTag(fmu,j11,j12)*Vec(nu10,q3)*Vec(nu13,q3)*
      Vec(nu14,q2)^2*Vec(nu15,-q3)*Deng(p4,xiz,M4)^2*Deng(q2 + q3,xiw,M3)^2*
      Deng(p4 + q2 + q3,xiw,M3)^2*p4.p4*xiw^2*ufoGC58^2*ufoGC80*ufoGC69
       - 1/4*g_(1,6_,nu10)*g_(2,6_,nu16)*FT2*g_(2,p4)*cFT(nu13,XX,i2,iufo11)*
      cFT(g7,XX,iufo11,j11)*flavourTag(fmu,j11,j12)*Vec(nu10,q3)*Vec(nu13,q3)*
      Vec(nu14,q2)*Vec(nu14,q3)*Vec(nu15,-p4)*Deng(p4,xiz,M4)^2*Deng(q2 + q3,
      xiw,M3)^2*Deng(p4 + q2 + q3,xiw,M3)^2*p4.p4*xiw^2*ufoGC58^2*ufoGC80*
      ufoGC69
       - 1/4*g_(1,6_,nu10)*g_(2,6_,nu16)*FT2*g_(2,p4)*cFT(nu13,XX,i2,iufo11)*
      cFT(g7,XX,iufo11,j11)*flavourTag(fmu,j11,j12)*Vec(nu10,q3)*Vec(nu13,q3)*
      Vec(nu14,q2)*Vec(nu14,q3)*Vec(nu15,-q2)*Deng(p4,xiz,M4)^2*Deng(q2 + q3,
      xiw,M3)^2*Deng(p4 + q2 + q3,xiw,M3)^2*p4.p4*xiw^2*ufoGC58^2*ufoGC80*
      ufoGC69
       - 1/4*g_(1,6_,nu10)*g_(2,6_,nu16)*FT2*g_(2,p4)*cFT(nu13,XX,i2,iufo11)*
      cFT(g7,XX,iufo11,j11)*flavourTag(fmu,j11,j12)*Vec(nu10,q3)*Vec(nu13,q3)*
      Vec(nu14,q2)*Vec(nu14,q3)*Vec(nu15,-q3)*Deng(p4,xiz,M4)^2*Deng(q2 + q3,
      xiw,M3)^2*Deng(p4 + q2 + q3,xiw,M3)^2*p4.p4*xiw^2*ufoGC58^2*ufoGC80*
      ufoGC69
       + 1/8*g_(1,6_,nu10)*g_(2,6_,nu16)*FT2*g_(2,p4)*cFT(nu13,XX,i2,iufo11)*
      cFT(g7,XX,iufo11,j11)*flavourTag(fmu,j11,j12)*Vec(nu10,q3)*Vec(nu13,q3)*
      Vec(nu14,q2)*Vec(nu15,q2)*Vecr(nu15,p4)*Deng(p4,xiz,M4)^2*Deng(q2 + q3,
      xiw,M3)^2*Deng(p4 + q2 + q3,xiw,M3)^2*p4.p4*xiw^2*ufoGC58^2*ufoGC80*
      ufoGC69
       + 1/8*g_(1,6_,nu10)*g_(2,6_,nu16)*FT2*g_(2,p4)*cFT(nu13,XX,i2,iufo11)*
      cFT(g7,XX,iufo11,j11)*flavourTag(fmu,j11,j12)*Vec(nu10,q3)*Vec(nu13,q3)*
      Vec(nu14,q2)*Vec(nu15,q3)*Vecr(nu15,p4)*Deng(p4,xiz,M4)^2*Deng(q2 + q3,
      xiw,M3)^2*Deng(p4 + q2 + q3,xiw,M3)^2*p4.p4*xiw^2*ufoGC58^2*ufoGC80*
      ufoGC69
       - 1/8*g_(1,6_,nu10)*g_(2,6_,nu16)*FT2*g_(2,p4)*cFT(nu13,XX,i2,iufo11)*
      cFT(g7,XX,iufo11,j11)*flavourTag(fmu,j11,j12)*Vec(nu10,q3)*Vec(nu13,q3)*
      Vec(nu14,q2)*Vec(nu15,-p4)*Vecr(nu15,p4)*Deng(p4,xiz,M4)^2*Deng(q2 + q3,
      xiw,M3)^2*Deng(p4 + q2 + q3,xiw,M3)^2*p4.p4*xiw^2*ufoGC58^2*ufoGC80*
      ufoGC69
       - 1/8*g_(1,6_,nu10)*g_(2,6_,nu16)*FT2*g_(2,p4)*cFT(nu13,XX,i2,iufo11)*
      cFT(g7,XX,iufo11,j11)*flavourTag(fmu,j11,j12)*Vec(nu10,q3)*Vec(nu13,q3)*
      Vec(nu14,q2)*Vec(nu15,-q2)*Vecr(nu15,p4)*Deng(p4,xiz,M4)^2*Deng(q2 + q3,
      xiw,M3)^2*Deng(p4 + q2 + q3,xiw,M3)^2*p4.p4*xiw^2*ufoGC58^2*ufoGC80*
      ufoGC69
       - 1/8*g_(1,6_,nu10)*g_(2,6_,nu16)*FT2*g_(2,p4)*cFT(nu13,XX,i2,iufo11)*
      cFT(g7,XX,iufo11,j11)*flavourTag(fmu,j11,j12)*Vec(nu10,q3)*Vec(nu13,q3)*
      Vec(nu14,q2)*Vec(nu15,-q3)*Vecr(nu15,p4)*Deng(p4,xiz,M4)^2*Deng(q2 + q3,
      xiw,M3)^2*Deng(p4 + q2 + q3,xiw,M3)^2*p4.p4*xiw^2*ufoGC58^2*ufoGC80*
      ufoGC69
       - 1/8*g_(1,6_,nu10)*g_(2,6_,nu16)*FT2*g_(2,p4)*cFT(nu13,XX,i2,iufo11)*
      cFT(g7,XX,iufo11,j11)*flavourTag(fmu,j11,j12)*Vec(nu10,q3)*Vec(nu13,q3)*
      Vec(nu14,q3)^2*Vec(nu15,-p4)*Deng(p4,xiz,M4)^2*Deng(q2 + q3,xiw,M3)^2*
      Deng(p4 + q2 + q3,xiw,M3)^2*p4.p4*xiw^2*ufoGC58^2*ufoGC80*ufoGC69
       - 1/8*g_(1,6_,nu10)*g_(2,6_,nu16)*FT2*g_(2,p4)*cFT(nu13,XX,i2,iufo11)*
      cFT(g7,XX,iufo11,j11)*flavourTag(fmu,j11,j12)*Vec(nu10,q3)*Vec(nu13,q3)*
      Vec(nu14,q3)^2*Vec(nu15,-q2)*Deng(p4,xiz,M4)^2*Deng(q2 + q3,xiw,M3)^2*
      Deng(p4 + q2 + q3,xiw,M3)^2*p4.p4*xiw^2*ufoGC58^2*ufoGC80*ufoGC69
       - 1/8*g_(1,6_,nu10)*g_(2,6_,nu16)*FT2*g_(2,p4)*cFT(nu13,XX,i2,iufo11)*
      cFT(g7,XX,iufo11,j11)*flavourTag(fmu,j11,j12)*Vec(nu10,q3)*Vec(nu13,q3)*
      Vec(nu14,q3)^2*Vec(nu15,-q3)*Deng(p4,xiz,M4)^2*Deng(q2 + q3,xiw,M3)^2*
      Deng(p4 + q2 + q3,xiw,M3)^2*p4.p4*xiw^2*ufoGC58^2*ufoGC80*ufoGC69
       + 1/8*g_(1,6_,nu10)*g_(2,6_,nu16)*FT2*g_(2,p4)*cFT(nu13,XX,i2,iufo11)*
      cFT(g7,XX,iufo11,j11)*flavourTag(fmu,j11,j12)*Vec(nu10,q3)*Vec(nu13,q3)*
      Vec(nu14,q3)*Vec(nu15,q2)*Vecr(nu15,p4)*Deng(p4,xiz,M4)^2*Deng(q2 + q3,
      xiw,M3)^2*Deng(p4 + q2 + q3,xiw,M3)^2*p4.p4*xiw^2*ufoGC58^2*ufoGC80*
      ufoGC69
       + 1/8*g_(1,6_,nu10)*g_(2,6_,nu16)*FT2*g_(2,p4)*cFT(nu13,XX,i2,iufo11)*
      cFT(g7,XX,iufo11,j11)*flavourTag(fmu,j11,j12)*Vec(nu10,q3)*Vec(nu13,q3)*
      Vec(nu14,q3)*Vec(nu15,q3)*Vecr(nu15,p4)*Deng(p4,xiz,M4)^2*Deng(q2 + q3,
      xiw,M3)^2*Deng(p4 + q2 + q3,xiw,M3)^2*p4.p4*xiw^2*ufoGC58^2*ufoGC80*
      ufoGC69
       - 1/8*g_(1,6_,nu10)*g_(2,6_,nu16)*FT2*g_(2,p4)*cFT(nu13,XX,i2,iufo11)*
      cFT(g7,XX,iufo11,j11)*flavourTag(fmu,j11,j12)*Vec(nu10,q3)*Vec(nu13,q3)*
      Vec(nu14,q3)*Vec(nu15,-p4)*Vecr(nu15,p4)*Deng(p4,xiz,M4)^2*Deng(q2 + q3,
      xiw,M3)^2*Deng(p4 + q2 + q3,xiw,M3)^2*p4.p4*xiw^2*ufoGC58^2*ufoGC80*
      ufoGC69
       - 1/8*g_(1,6_,nu10)*g_(2,6_,nu16)*FT2*g_(2,p4)*cFT(nu13,XX,i2,iufo11)*
      cFT(g7,XX,iufo11,j11)*flavourTag(fmu,j11,j12)*Vec(nu10,q3)*Vec(nu13,q3)*
      Vec(nu14,q3)*Vec(nu15,-q2)*Vecr(nu15,p4)*Deng(p4,xiz,M4)^2*Deng(q2 + q3,
      xiw,M3)^2*Deng(p4 + q2 + q3,xiw,M3)^2*p4.p4*xiw^2*ufoGC58^2*ufoGC80*
      ufoGC69
       - 1/8*g_(1,6_,nu10)*g_(2,6_,nu16)*FT2*g_(2,p4)*cFT(nu13,XX,i2,iufo11)*
      cFT(g7,XX,iufo11,j11)*flavourTag(fmu,j11,j12)*Vec(nu10,q3)*Vec(nu13,q3)*
      Vec(nu14,q3)*Vec(nu15,-q3)*Vecr(nu15,p4)*Deng(p4,xiz,M4)^2*Deng(q2 + q3,
      xiw,M3)^2*Deng(p4 + q2 + q3,xiw,M3)^2*p4.p4*xiw^2*ufoGC58^2*ufoGC80*
      ufoGC69
       + 1/8*g_(1,6_,nu10)*g_(2,6_,nu16)*FT2*g_(2,p4)*cFT(nu13,XX,i2,iufo11)*
      cFT(g7,XX,iufo11,j11)*flavourTag(fmu,j11,j12)*Vec(nu10,q3)*Vec(nu13,q3)*
      Vec(nu15,q2)*Deng(p4,xiz,M4)^2*Deng(q2 + q3,xiw,M3)^2*Deng(p4 + q2 + q3,
      xiw,M3)^2*p4.p4^2*xiw^2*ufoGC58^2*ufoGC80*ufoGC69
       + 1/8*g_(1,6_,nu10)*g_(2,6_,nu16)*FT2*g_(2,p4)*cFT(nu13,XX,i2,iufo11)*
      cFT(g7,XX,iufo11,j11)*flavourTag(fmu,j11,j12)*Vec(nu10,q3)*Vec(nu13,q3)*
      Vec(nu15,q3)*Deng(p4,xiz,M4)^2*Deng(q2 + q3,xiw,M3)^2*Deng(p4 + q2 + q3,
      xiw,M3)^2*p4.p4^2*xiw^2*ufoGC58^2*ufoGC80*ufoGC69
       - 1/8*g_(1,6_,nu10)*g_(2,6_,nu16)*FT2*g_(2,p4)*cFT(nu13,XX,i2,iufo11)*
      cFT(g7,XX,iufo11,j11)*flavourTag(fmu,j11,j12)*Vec(nu10,q3)*Vec(nu9,q2)*
      Vec(nu15,q2)*Deng(p4,xiz,M4)^2*Deng(q2 + q3,xiw,M3)^2*Deng(p4 + q2 + q3,
      xiw,M3)^2*p4.p4^2*xiw^2*ufoGC58^2*ufoGC80*ufoGC69
       - 1/8*g_(1,6_,nu10)*g_(2,6_,nu16)*FT2*g_(2,p4)*cFT(nu13,XX,i2,iufo11)*
      cFT(g7,XX,iufo11,j11)*flavourTag(fmu,j11,j12)*Vec(nu10,q3)*Vec(nu9,q2)*
      Vec(nu15,q3)*Deng(p4,xiz,M4)^2*Deng(q2 + q3,xiw,M3)^2*Deng(p4 + q2 + q3,
      xiw,M3)^2*p4.p4^2*xiw^2*ufoGC58^2*ufoGC80*ufoGC69
       + 1/8*g_(1,6_,nu10)*g_(2,6_,nu16)*FT2*g_(2,p4)*cFT(nu13,XX,i2,iufo11)*
      cFT(g7,XX,iufo11,j11)*flavourTag(fmu,j11,j12)*Vec(nu10,q3)*Vec(nu9,q2)*
      Vecr(nu9,p4)*Deng(p4,xiz,M4)*Deng(q2 + q3,xiw,M3)^2*Deng(p4 + q2 + q3,
      xiw,M3)^2*p4.p4*xiw^2*ufoGC58^2*ufoGC80*ufoGC69
       - 1/8*g_(1,6_,nu10)*g_(2,6_,nu16)*FT2*g_(2,p4)*cFT(nu13,XX,i2,iufo11)*
      cFT(g7,XX,iufo11,j11)*flavourTag(fmu,j11,j12)*Vec(nu10,q3)*Vec(nu9,q2)*
      Vecr(nu15,p4)*Deng(p4,xiz,M4)^2*Deng(q2 + q3,xiw,M3)^2*Deng(p4 + q2 + q3
      ,xiw,M3)^2*p4.p4^2*xiw^2*ufoGC58^2*ufoGC80*ufoGC69
       - 1/8*g_(1,6_,nu10)*g_(2,6_,nu16)*FT2*g_(2,p4)*cFT(nu13,XX,i2,iufo11)*
      cFT(g7,XX,iufo11,j11)*flavourTag(fmu,j11,j12)*Vec(nu10,q3)*Vec(nu9,q3)*
      Vec(nu15,q2)*Deng(p4,xiz,M4)^2*Deng(q2 + q3,xiw,M3)^2*Deng(p4 + q2 + q3,
      xiw,M3)^2*p4.p4^2*xiw^2*ufoGC58^2*ufoGC80*ufoGC69
       - 1/8*g_(1,6_,nu10)*g_(2,6_,nu16)*FT2*g_(2,p4)*cFT(nu13,XX,i2,iufo11)*
      cFT(g7,XX,iufo11,j11)*flavourTag(fmu,j11,j12)*Vec(nu10,q3)*Vec(nu9,q3)*
      Vec(nu15,q3)*Deng(p4,xiz,M4)^2*Deng(q2 + q3,xiw,M3)^2*Deng(p4 + q2 + q3,
      xiw,M3)^2*p4.p4^2*xiw^2*ufoGC58^2*ufoGC80*ufoGC69
       + 1/8*g_(1,6_,nu10)*g_(2,6_,nu16)*FT2*g_(2,p4)*cFT(nu13,XX,i2,iufo11)*
      cFT(g7,XX,iufo11,j11)*flavourTag(fmu,j11,j12)*Vec(nu10,q3)*Vec(nu9,q3)*
      Vecr(nu9,p4)*Deng(p4,xiz,M4)*Deng(q2 + q3,xiw,M3)^2*Deng(p4 + q2 + q3,
      xiw,M3)^2*p4.p4*xiw^2*ufoGC58^2*ufoGC80*ufoGC69
       - 1/8*g_(1,6_,nu10)*g_(2,6_,nu16)*FT2*g_(2,p4)*cFT(nu13,XX,i2,iufo11)*
      cFT(g7,XX,iufo11,j11)*flavourTag(fmu,j11,j12)*Vec(nu10,q3)*Vec(nu9,q3)*
      Vecr(nu15,p4)*Deng(p4,xiz,M4)^2*Deng(q2 + q3,xiw,M3)^2*Deng(p4 + q2 + q3
      ,xiw,M3)^2*p4.p4^2*xiw^2*ufoGC58^2*ufoGC80*ufoGC69
       + 1/8*g_(1,6_,nu10)*g_(2,6_,nu16)*FT2*g_(2,p4)*cFT(nu13,XX,i2,iufo11)*
      cFT(g7,XX,iufo11,j11)*flavourTag(fmu,j11,j12)*Vec(nu10,q3)*Vec(nu9,-p4)*
      Vec(nu9,q2)*Vec(nu15,q2)*Vecr(nu15,p4)*Deng(p4,xiz,M4)^2*Deng(q2 + q3,
      xiw,M3)^2*Deng(p4 + q2 + q3,xiw,M3)^2*p4.p4*xiw^2*ufoGC58^2*ufoGC80*
      ufoGC69
       + 1/8*g_(1,6_,nu10)*g_(2,6_,nu16)*FT2*g_(2,p4)*cFT(nu13,XX,i2,iufo11)*
      cFT(g7,XX,iufo11,j11)*flavourTag(fmu,j11,j12)*Vec(nu10,q3)*Vec(nu9,-p4)*
      Vec(nu9,q2)*Vec(nu15,q3)*Vecr(nu15,p4)*Deng(p4,xiz,M4)^2*Deng(q2 + q3,
      xiw,M3)^2*Deng(p4 + q2 + q3,xiw,M3)^2*p4.p4*xiw^2*ufoGC58^2*ufoGC80*
      ufoGC69
       - 1/8*g_(1,6_,nu10)*g_(2,6_,nu16)*FT2*g_(2,p4)*cFT(nu13,XX,i2,iufo11)*
      cFT(g7,XX,iufo11,j11)*flavourTag(fmu,j11,j12)*Vec(nu10,q3)*Vec(nu9,-p4)*
      Vec(nu9,q2)*Deng(p4,xiz,M4)*Deng(q2 + q3,xiw,M3)^2*Deng(p4 + q2 + q3,xiw
      ,M3)^2*p4.p4*xiw^2*ufoGC58^2*ufoGC80*ufoGC69
       + 1/8*g_(1,6_,nu10)*g_(2,6_,nu16)*FT2*g_(2,p4)*cFT(nu13,XX,i2,iufo11)*
      cFT(g7,XX,iufo11,j11)*flavourTag(fmu,j11,j12)*Vec(nu10,q3)*Vec(nu9,-p4)*
      Vec(nu9,q2)*Deng(p4,xiz,M4)^2*Deng(q2 + q3,xiw,M3)^2*Deng(p4 + q2 + q3,
      xiw,M3)^2*p4.p4^2*xiw^2*ufoGC58^2*ufoGC80*ufoGC69
       + 1/8*g_(1,6_,nu10)*g_(2,6_,nu16)*FT2*g_(2,p4)*cFT(nu13,XX,i2,iufo11)*
      cFT(g7,XX,iufo11,j11)*flavourTag(fmu,j11,j12)*Vec(nu10,q3)*Vec(nu9,-p4)*
      Vec(nu9,q3)*Vec(nu15,q2)*Vecr(nu15,p4)*Deng(p4,xiz,M4)^2*Deng(q2 + q3,
      xiw,M3)^2*Deng(p4 + q2 + q3,xiw,M3)^2*p4.p4*xiw^2*ufoGC58^2*ufoGC80*
      ufoGC69
       + 1/8*g_(1,6_,nu10)*g_(2,6_,nu16)*FT2*g_(2,p4)*cFT(nu13,XX,i2,iufo11)*
      cFT(g7,XX,iufo11,j11)*flavourTag(fmu,j11,j12)*Vec(nu10,q3)*Vec(nu9,-p4)*
      Vec(nu9,q3)*Vec(nu15,q3)*Vecr(nu15,p4)*Deng(p4,xiz,M4)^2*Deng(q2 + q3,
      xiw,M3)^2*Deng(p4 + q2 + q3,xiw,M3)^2*p4.p4*xiw^2*ufoGC58^2*ufoGC80*
      ufoGC69
       - 1/8*g_(1,6_,nu10)*g_(2,6_,nu16)*FT2*g_(2,p4)*cFT(nu13,XX,i2,iufo11)*
      cFT(g7,XX,iufo11,j11)*flavourTag(fmu,j11,j12)*Vec(nu10,q3)*Vec(nu9,-p4)*
      Vec(nu9,q3)*Deng(p4,xiz,M4)*Deng(q2 + q3,xiw,M3)^2*Deng(p4 + q2 + q3,xiw
      ,M3)^2*p4.p4*xiw^2*ufoGC58^2*ufoGC80*ufoGC69
       + 1/8*g_(1,6_,nu10)*g_(2,6_,nu16)*FT2*g_(2,p4)*cFT(nu13,XX,i2,iufo11)*
      cFT(g7,XX,iufo11,j11)*flavourTag(fmu,j11,j12)*Vec(nu10,q3)*Vec(nu9,-p4)*
      Vec(nu9,q3)*Deng(p4,xiz,M4)^2*Deng(q2 + q3,xiw,M3)^2*Deng(p4 + q2 + q3,
      xiw,M3)^2*p4.p4^2*xiw^2*ufoGC58^2*ufoGC80*ufoGC69
       + 1/8*g_(1,6_,nu10)*g_(2,6_,nu16)*FT2*g_(2,p4)*cFT(nu13,XX,i2,iufo11)*
      cFT(g7,XX,iufo11,j11)*flavourTag(fmu,j11,j12)*Vec(nu10,q3)*Vec(nu9,-q2)*
      Vec(nu9,q2)*Vec(nu15,q2)*Vecr(nu15,p4)*Deng(p4,xiz,M4)^2*Deng(q2 + q3,
      xiw,M3)^2*Deng(p4 + q2 + q3,xiw,M3)^2*p4.p4*xiw^2*ufoGC58^2*ufoGC80*
      ufoGC69
       + 1/8*g_(1,6_,nu10)*g_(2,6_,nu16)*FT2*g_(2,p4)*cFT(nu13,XX,i2,iufo11)*
      cFT(g7,XX,iufo11,j11)*flavourTag(fmu,j11,j12)*Vec(nu10,q3)*Vec(nu9,-q2)*
      Vec(nu9,q2)*Vec(nu15,q3)*Vecr(nu15,p4)*Deng(p4,xiz,M4)^2*Deng(q2 + q3,
      xiw,M3)^2*Deng(p4 + q2 + q3,xiw,M3)^2*p4.p4*xiw^2*ufoGC58^2*ufoGC80*
      ufoGC69
       - 1/8*g_(1,6_,nu10)*g_(2,6_,nu16)*FT2*g_(2,p4)*cFT(nu13,XX,i2,iufo11)*
      cFT(g7,XX,iufo11,j11)*flavourTag(fmu,j11,j12)*Vec(nu10,q3)*Vec(nu9,-q2)*
      Vec(nu9,q2)*Deng(p4,xiz,M4)*Deng(q2 + q3,xiw,M3)^2*Deng(p4 + q2 + q3,xiw
      ,M3)^2*p4.p4*xiw^2*ufoGC58^2*ufoGC80*ufoGC69
       + 1/8*g_(1,6_,nu10)*g_(2,6_,nu16)*FT2*g_(2,p4)*cFT(nu13,XX,i2,iufo11)*
      cFT(g7,XX,iufo11,j11)*flavourTag(fmu,j11,j12)*Vec(nu10,q3)*Vec(nu9,-q2)*
      Vec(nu9,q2)*Deng(p4,xiz,M4)^2*Deng(q2 + q3,xiw,M3)^2*Deng(p4 + q2 + q3,
      xiw,M3)^2*p4.p4^2*xiw^2*ufoGC58^2*ufoGC80*ufoGC69
       + 1/8*g_(1,6_,nu10)*g_(2,6_,nu16)*FT2*g_(2,p4)*cFT(nu13,XX,i2,iufo11)*
      cFT(g7,XX,iufo11,j11)*flavourTag(fmu,j11,j12)*Vec(nu10,q3)*Vec(nu9,-q2)*
      Vec(nu9,q3)*Vec(nu15,q2)*Vecr(nu15,p4)*Deng(p4,xiz,M4)^2*Deng(q2 + q3,
      xiw,M3)^2*Deng(p4 + q2 + q3,xiw,M3)^2*p4.p4*xiw^2*ufoGC58^2*ufoGC80*
      ufoGC69
       + 1/8*g_(1,6_,nu10)*g_(2,6_,nu16)*FT2*g_(2,p4)*cFT(nu13,XX,i2,iufo11)*
      cFT(g7,XX,iufo11,j11)*flavourTag(fmu,j11,j12)*Vec(nu10,q3)*Vec(nu9,-q2)*
      Vec(nu9,q3)*Vec(nu15,q3)*Vecr(nu15,p4)*Deng(p4,xiz,M4)^2*Deng(q2 + q3,
      xiw,M3)^2*Deng(p4 + q2 + q3,xiw,M3)^2*p4.p4*xiw^2*ufoGC58^2*ufoGC80*
      ufoGC69
       - 1/8*g_(1,6_,nu10)*g_(2,6_,nu16)*FT2*g_(2,p4)*cFT(nu13,XX,i2,iufo11)*
      cFT(g7,XX,iufo11,j11)*flavourTag(fmu,j11,j12)*Vec(nu10,q3)*Vec(nu9,-q2)*
      Vec(nu9,q3)*Deng(p4,xiz,M4)*Deng(q2 + q3,xiw,M3)^2*Deng(p4 + q2 + q3,xiw
      ,M3)^2*p4.p4*xiw^2*ufoGC58^2*ufoGC80*ufoGC69
       + 1/8*g_(1,6_,nu10)*g_(2,6_,nu16)*FT2*g_(2,p4)*cFT(nu13,XX,i2,iufo11)*
      cFT(g7,XX,iufo11,j11)*flavourTag(fmu,j11,j12)*Vec(nu10,q3)*Vec(nu9,-q2)*
      Vec(nu9,q3)*Deng(p4,xiz,M4)^2*Deng(q2 + q3,xiw,M3)^2*Deng(p4 + q2 + q3,
      xiw,M3)^2*p4.p4^2*xiw^2*ufoGC58^2*ufoGC80*ufoGC69
       + 1/8*g_(1,6_,nu10)*g_(2,6_,nu16)*FT2*g_(2,p4)*cFT(nu13,XX,i2,iufo11)*
      cFT(g7,XX,iufo11,j11)*flavourTag(fmu,j11,j12)*Vec(nu10,q3)*Vec(nu9,-q3)*
      Vec(nu9,q2)*Vec(nu15,q2)*Vecr(nu15,p4)*Deng(p4,xiz,M4)^2*Deng(q2 + q3,
      xiw,M3)^2*Deng(p4 + q2 + q3,xiw,M3)^2*p4.p4*xiw^2*ufoGC58^2*ufoGC80*
      ufoGC69
       + 1/8*g_(1,6_,nu10)*g_(2,6_,nu16)*FT2*g_(2,p4)*cFT(nu13,XX,i2,iufo11)*
      cFT(g7,XX,iufo11,j11)*flavourTag(fmu,j11,j12)*Vec(nu10,q3)*Vec(nu9,-q3)*
      Vec(nu9,q2)*Vec(nu15,q3)*Vecr(nu15,p4)*Deng(p4,xiz,M4)^2*Deng(q2 + q3,
      xiw,M3)^2*Deng(p4 + q2 + q3,xiw,M3)^2*p4.p4*xiw^2*ufoGC58^2*ufoGC80*
      ufoGC69
       - 1/8*g_(1,6_,nu10)*g_(2,6_,nu16)*FT2*g_(2,p4)*cFT(nu13,XX,i2,iufo11)*
      cFT(g7,XX,iufo11,j11)*flavourTag(fmu,j11,j12)*Vec(nu10,q3)*Vec(nu9,-q3)*
      Vec(nu9,q2)*Deng(p4,xiz,M4)*Deng(q2 + q3,xiw,M3)^2*Deng(p4 + q2 + q3,xiw
      ,M3)^2*p4.p4*xiw^2*ufoGC58^2*ufoGC80*ufoGC69
       + 1/8*g_(1,6_,nu10)*g_(2,6_,nu16)*FT2*g_(2,p4)*cFT(nu13,XX,i2,iufo11)*
      cFT(g7,XX,iufo11,j11)*flavourTag(fmu,j11,j12)*Vec(nu10,q3)*Vec(nu9,-q3)*
      Vec(nu9,q2)*Deng(p4,xiz,M4)^2*Deng(q2 + q3,xiw,M3)^2*Deng(p4 + q2 + q3,
      xiw,M3)^2*p4.p4^2*xiw^2*ufoGC58^2*ufoGC80*ufoGC69
       + 1/8*g_(1,6_,nu10)*g_(2,6_,nu16)*FT2*g_(2,p4)*cFT(nu13,XX,i2,iufo11)*
      cFT(g7,XX,iufo11,j11)*flavourTag(fmu,j11,j12)*Vec(nu10,q3)*Vec(nu9,-q3)*
      Vec(nu9,q3)*Vec(nu15,q2)*Vecr(nu15,p4)*Deng(p4,xiz,M4)^2*Deng(q2 + q3,
      xiw,M3)^2*Deng(p4 + q2 + q3,xiw,M3)^2*p4.p4*xiw^2*ufoGC58^2*ufoGC80*
      ufoGC69
       + 1/8*g_(1,6_,nu10)*g_(2,6_,nu16)*FT2*g_(2,p4)*cFT(nu13,XX,i2,iufo11)*
      cFT(g7,XX,iufo11,j11)*flavourTag(fmu,j11,j12)*Vec(nu10,q3)*Vec(nu9,-q3)*
      Vec(nu9,q3)*Vec(nu15,q3)*Vecr(nu15,p4)*Deng(p4,xiz,M4)^2*Deng(q2 + q3,
      xiw,M3)^2*Deng(p4 + q2 + q3,xiw,M3)^2*p4.p4*xiw^2*ufoGC58^2*ufoGC80*
      ufoGC69
       - 1/8*g_(1,6_,nu10)*g_(2,6_,nu16)*FT2*g_(2,p4)*cFT(nu13,XX,i2,iufo11)*
      cFT(g7,XX,iufo11,j11)*flavourTag(fmu,j11,j12)*Vec(nu10,q3)*Vec(nu9,-q3)*
      Vec(nu9,q3)*Deng(p4,xiz,M4)*Deng(q2 + q3,xiw,M3)^2*Deng(p4 + q2 + q3,xiw
      ,M3)^2*p4.p4*xiw^2*ufoGC58^2*ufoGC80*ufoGC69
       + 1/8*g_(1,6_,nu10)*g_(2,6_,nu16)*FT2*g_(2,p4)*cFT(nu13,XX,i2,iufo11)*
      cFT(g7,XX,iufo11,j11)*flavourTag(fmu,j11,j12)*Vec(nu10,q3)*Vec(nu9,-q3)*
      Vec(nu9,q3)*Deng(p4,xiz,M4)^2*Deng(q2 + q3,xiw,M3)^2*Deng(p4 + q2 + q3,
      xiw,M3)^2*p4.p4^2*xiw^2*ufoGC58^2*ufoGC80*ufoGC69
       - 1/8*g_(1,6_,nu10)*g_(2,6_,nu16)*FT2*g_(2,p4)*cFT(nu13,XX,i2,iufo11)*
      cFT(g7,XX,iufo11,j11)*flavourTag(fmu,j11,j12)*Vec(nu10,q3)*Vec(nu14,q2)^
      2*Vec(nu15,-p4)*Vecr(nu15,p4)*Deng(p4,xiz,M4)^2*Deng(q2 + q3,xiw,M3)^2*
      Deng(p4 + q2 + q3,xiw,M3)^2*p4.p4*xiw^2*ufoGC58^2*ufoGC80*ufoGC69
       - 1/8*g_(1,6_,nu10)*g_(2,6_,nu16)*FT2*g_(2,p4)*cFT(nu13,XX,i2,iufo11)*
      cFT(g7,XX,iufo11,j11)*flavourTag(fmu,j11,j12)*Vec(nu10,q3)*Vec(nu14,q2)^
      2*Vec(nu15,-q2)*Vecr(nu15,p4)*Deng(p4,xiz,M4)^2*Deng(q2 + q3,xiw,M3)^2*
      Deng(p4 + q2 + q3,xiw,M3)^2*p4.p4*xiw^2*ufoGC58^2*ufoGC80*ufoGC69
       - 1/8*g_(1,6_,nu10)*g_(2,6_,nu16)*FT2*g_(2,p4)*cFT(nu13,XX,i2,iufo11)*
      cFT(g7,XX,iufo11,j11)*flavourTag(fmu,j11,j12)*Vec(nu10,q3)*Vec(nu14,q2)^
      2*Vec(nu15,-q3)*Vecr(nu15,p4)*Deng(p4,xiz,M4)^2*Deng(q2 + q3,xiw,M3)^2*
      Deng(p4 + q2 + q3,xiw,M3)^2*p4.p4*xiw^2*ufoGC58^2*ufoGC80*ufoGC69
       - 1/4*g_(1,6_,nu10)*g_(2,6_,nu16)*FT2*g_(2,p4)*cFT(nu13,XX,i2,iufo11)*
      cFT(g7,XX,iufo11,j11)*flavourTag(fmu,j11,j12)*Vec(nu10,q3)*Vec(nu14,q2)*
      Vec(nu14,q3)*Vec(nu15,-p4)*Vecr(nu15,p4)*Deng(p4,xiz,M4)^2*Deng(q2 + q3,
      xiw,M3)^2*Deng(p4 + q2 + q3,xiw,M3)^2*p4.p4*xiw^2*ufoGC58^2*ufoGC80*
      ufoGC69
       - 1/4*g_(1,6_,nu10)*g_(2,6_,nu16)*FT2*g_(2,p4)*cFT(nu13,XX,i2,iufo11)*
      cFT(g7,XX,iufo11,j11)*flavourTag(fmu,j11,j12)*Vec(nu10,q3)*Vec(nu14,q2)*
      Vec(nu14,q3)*Vec(nu15,-q2)*Vecr(nu15,p4)*Deng(p4,xiz,M4)^2*Deng(q2 + q3,
      xiw,M3)^2*Deng(p4 + q2 + q3,xiw,M3)^2*p4.p4*xiw^2*ufoGC58^2*ufoGC80*
      ufoGC69
       - 1/4*g_(1,6_,nu10)*g_(2,6_,nu16)*FT2*g_(2,p4)*cFT(nu13,XX,i2,iufo11)*
      cFT(g7,XX,iufo11,j11)*flavourTag(fmu,j11,j12)*Vec(nu10,q3)*Vec(nu14,q2)*
      Vec(nu14,q3)*Vec(nu15,-q3)*Vecr(nu15,p4)*Deng(p4,xiz,M4)^2*Deng(q2 + q3,
      xiw,M3)^2*Deng(p4 + q2 + q3,xiw,M3)^2*p4.p4*xiw^2*ufoGC58^2*ufoGC80*
      ufoGC69
       + 1/8*g_(1,6_,nu10)*g_(2,6_,nu16)*FT2*g_(2,p4)*cFT(nu13,XX,i2,iufo11)*
      cFT(g7,XX,iufo11,j11)*flavourTag(fmu,j11,j12)*Vec(nu10,q3)*Vec(nu14,q2)*
      Vec(nu15,q2)*Deng(p4,xiz,M4)^2*Deng(q2 + q3,xiw,M3)^2*Deng(p4 + q2 + q3,
      xiw,M3)^2*p4.p4^2*xiw^2*ufoGC58^2*ufoGC80*ufoGC69
       + 1/8*g_(1,6_,nu10)*g_(2,6_,nu16)*FT2*g_(2,p4)*cFT(nu13,XX,i2,iufo11)*
      cFT(g7,XX,iufo11,j11)*flavourTag(fmu,j11,j12)*Vec(nu10,q3)*Vec(nu14,q2)*
      Vec(nu15,q3)*Deng(p4,xiz,M4)^2*Deng(q2 + q3,xiw,M3)^2*Deng(p4 + q2 + q3,
      xiw,M3)^2*p4.p4^2*xiw^2*ufoGC58^2*ufoGC80*ufoGC69
       - 1/8*g_(1,6_,nu10)*g_(2,6_,nu16)*FT2*g_(2,p4)*cFT(nu13,XX,i2,iufo11)*
      cFT(g7,XX,iufo11,j11)*flavourTag(fmu,j11,j12)*Vec(nu10,q3)*Vec(nu14,q2)*
      Vec(nu15,-p4)*Deng(p4,xiz,M4)^2*Deng(q2 + q3,xiw,M3)^2*Deng(p4 + q2 + q3
      ,xiw,M3)^2*p4.p4^2*xiw^2*ufoGC58^2*ufoGC80*ufoGC69
       - 1/8*g_(1,6_,nu10)*g_(2,6_,nu16)*FT2*g_(2,p4)*cFT(nu13,XX,i2,iufo11)*
      cFT(g7,XX,iufo11,j11)*flavourTag(fmu,j11,j12)*Vec(nu10,q3)*Vec(nu14,q2)*
      Vec(nu15,-q2)*Deng(p4,xiz,M4)^2*Deng(q2 + q3,xiw,M3)^2*Deng(p4 + q2 + q3
      ,xiw,M3)^2*p4.p4^2*xiw^2*ufoGC58^2*ufoGC80*ufoGC69
       - 1/8*g_(1,6_,nu10)*g_(2,6_,nu16)*FT2*g_(2,p4)*cFT(nu13,XX,i2,iufo11)*
      cFT(g7,XX,iufo11,j11)*flavourTag(fmu,j11,j12)*Vec(nu10,q3)*Vec(nu14,q2)*
      Vec(nu15,-q3)*Deng(p4,xiz,M4)^2*Deng(q2 + q3,xiw,M3)^2*Deng(p4 + q2 + q3
      ,xiw,M3)^2*p4.p4^2*xiw^2*ufoGC58^2*ufoGC80*ufoGC69
       - 1/8*g_(1,6_,nu10)*g_(2,6_,nu16)*FT2*g_(2,p4)*cFT(nu13,XX,i2,iufo11)*
      cFT(g7,XX,iufo11,j11)*flavourTag(fmu,j11,j12)*Vec(nu10,q3)*Vec(nu14,q3)^
      2*Vec(nu15,-p4)*Vecr(nu15,p4)*Deng(p4,xiz,M4)^2*Deng(q2 + q3,xiw,M3)^2*
      Deng(p4 + q2 + q3,xiw,M3)^2*p4.p4*xiw^2*ufoGC58^2*ufoGC80*ufoGC69
       - 1/8*g_(1,6_,nu10)*g_(2,6_,nu16)*FT2*g_(2,p4)*cFT(nu13,XX,i2,iufo11)*
      cFT(g7,XX,iufo11,j11)*flavourTag(fmu,j11,j12)*Vec(nu10,q3)*Vec(nu14,q3)^
      2*Vec(nu15,-q2)*Vecr(nu15,p4)*Deng(p4,xiz,M4)^2*Deng(q2 + q3,xiw,M3)^2*
      Deng(p4 + q2 + q3,xiw,M3)^2*p4.p4*xiw^2*ufoGC58^2*ufoGC80*ufoGC69
       - 1/8*g_(1,6_,nu10)*g_(2,6_,nu16)*FT2*g_(2,p4)*cFT(nu13,XX,i2,iufo11)*
      cFT(g7,XX,iufo11,j11)*flavourTag(fmu,j11,j12)*Vec(nu10,q3)*Vec(nu14,q3)^
      2*Vec(nu15,-q3)*Vecr(nu15,p4)*Deng(p4,xiz,M4)^2*Deng(q2 + q3,xiw,M3)^2*
      Deng(p4 + q2 + q3,xiw,M3)^2*p4.p4*xiw^2*ufoGC58^2*ufoGC80*ufoGC69
       + 1/8*g_(1,6_,nu10)*g_(2,6_,nu16)*FT2*g_(2,p4)*cFT(nu13,XX,i2,iufo11)*
      cFT(g7,XX,iufo11,j11)*flavourTag(fmu,j11,j12)*Vec(nu10,q3)*Vec(nu14,q3)*
      Vec(nu15,q2)*Deng(p4,xiz,M4)^2*Deng(q2 + q3,xiw,M3)^2*Deng(p4 + q2 + q3,
      xiw,M3)^2*p4.p4^2*xiw^2*ufoGC58^2*ufoGC80*ufoGC69
       + 1/8*g_(1,6_,nu10)*g_(2,6_,nu16)*FT2*g_(2,p4)*cFT(nu13,XX,i2,iufo11)*
      cFT(g7,XX,iufo11,j11)*flavourTag(fmu,j11,j12)*Vec(nu10,q3)*Vec(nu14,q3)*
      Vec(nu15,q3)*Deng(p4,xiz,M4)^2*Deng(q2 + q3,xiw,M3)^2*Deng(p4 + q2 + q3,
      xiw,M3)^2*p4.p4^2*xiw^2*ufoGC58^2*ufoGC80*ufoGC69
       - 1/8*g_(1,6_,nu10)*g_(2,6_,nu16)*FT2*g_(2,p4)*cFT(nu13,XX,i2,iufo11)*
      cFT(g7,XX,iufo11,j11)*flavourTag(fmu,j11,j12)*Vec(nu10,q3)*Vec(nu14,q3)*
      Vec(nu15,-p4)*Deng(p4,xiz,M4)^2*Deng(q2 + q3,xiw,M3)^2*Deng(p4 + q2 + q3
      ,xiw,M3)^2*p4.p4^2*xiw^2*ufoGC58^2*ufoGC80*ufoGC69
       - 1/8*g_(1,6_,nu10)*g_(2,6_,nu16)*FT2*g_(2,p4)*cFT(nu13,XX,i2,iufo11)*
      cFT(g7,XX,iufo11,j11)*flavourTag(fmu,j11,j12)*Vec(nu10,q3)*Vec(nu14,q3)*
      Vec(nu15,-q2)*Deng(p4,xiz,M4)^2*Deng(q2 + q3,xiw,M3)^2*Deng(p4 + q2 + q3
      ,xiw,M3)^2*p4.p4^2*xiw^2*ufoGC58^2*ufoGC80*ufoGC69
       - 1/8*g_(1,6_,nu10)*g_(2,6_,nu16)*FT2*g_(2,p4)*cFT(nu13,XX,i2,iufo11)*
      cFT(g7,XX,iufo11,j11)*flavourTag(fmu,j11,j12)*Vec(nu10,q3)*Vec(nu14,q3)*
      Vec(nu15,-q3)*Deng(p4,xiz,M4)^2*Deng(q2 + q3,xiw,M3)^2*Deng(p4 + q2 + q3
      ,xiw,M3)^2*p4.p4^2*xiw^2*ufoGC58^2*ufoGC80*ufoGC69
       + 1/8*g_(1,6_,nu10)*g_(2,6_,nu16)*FT2*g_(2,p4)*cFT(nu13,XX,i2,iufo11)*
      cFT(g7,XX,iufo11,j11)*flavourTag(fmu,j11,j12)*Vec(nu10,q3)*Vec(nu15,q2)*
      Vecr(nu15,p4)*Deng(p4,xiz,M4)^2*Deng(q2 + q3,xiw,M3)^2*Deng(p4 + q2 + q3
      ,xiw,M3)^2*p4.p4^2*xiw^2*ufoGC58^2*ufoGC80*ufoGC69
       + 1/8*g_(1,6_,nu10)*g_(2,6_,nu16)*FT2*g_(2,p4)*cFT(nu13,XX,i2,iufo11)*
      cFT(g7,XX,iufo11,j11)*flavourTag(fmu,j11,j12)*Vec(nu10,q3)*Vec(nu15,q3)*
      Vecr(nu15,p4)*Deng(p4,xiz,M4)^2*Deng(q2 + q3,xiw,M3)^2*Deng(p4 + q2 + q3
      ,xiw,M3)^2*p4.p4^2*xiw^2*ufoGC58^2*ufoGC80*ufoGC69
       + 1/8*g_(1,6_,nu10)*g_(2,6_,nu16)*FT2*g_(2,q3)*cFT(nu13,XX,i2,iufo11)*
      cFT(g7,XX,iufo11,j11)*flavourTag(fmu,j11,j12)*Vec(nu10,q2)*Vec(nu16,q2)*
      Vec(nu13,q2)*Vec(nu9,q2)*Vecr(nu9,p4)*Deng(p4,xiz,M4)*Deng(q2 + q3,xiw,
      M3)^2*Deng(p4 + q2 + q3,xiw,M3)^2*xiw^2*ufoGC58^2*ufoGC80*ufoGC69
       + 1/8*g_(1,6_,nu10)*g_(2,6_,nu16)*FT2*g_(2,q3)*cFT(nu13,XX,i2,iufo11)*
      cFT(g7,XX,iufo11,j11)*flavourTag(fmu,j11,j12)*Vec(nu10,q2)*Vec(nu16,q2)*
      Vec(nu13,q2)*Vec(nu9,q3)*Vecr(nu9,p4)*Deng(p4,xiz,M4)*Deng(q2 + q3,xiw,
      M3)^2*Deng(p4 + q2 + q3,xiw,M3)^2*xiw^2*ufoGC58^2*ufoGC80*ufoGC69
       - 1/8*g_(1,6_,nu10)*g_(2,6_,nu16)*FT2*g_(2,q3)*cFT(nu13,XX,i2,iufo11)*
      cFT(g7,XX,iufo11,j11)*flavourTag(fmu,j11,j12)*Vec(nu10,q2)*Vec(nu16,q2)*
      Vec(nu13,q2)*Vec(nu9,-p4)*Vec(nu9,q2)*Deng(p4,xiz,M4)*Deng(q2 + q3,xiw,
      M3)^2*Deng(p4 + q2 + q3,xiw,M3)^2*xiw^2*ufoGC58^2*ufoGC80*ufoGC69
       - 1/8*g_(1,6_,nu10)*g_(2,6_,nu16)*FT2*g_(2,q3)*cFT(nu13,XX,i2,iufo11)*
      cFT(g7,XX,iufo11,j11)*flavourTag(fmu,j11,j12)*Vec(nu10,q2)*Vec(nu16,q2)*
      Vec(nu13,q2)*Vec(nu9,-p4)*Vec(nu9,q3)*Deng(p4,xiz,M4)*Deng(q2 + q3,xiw,
      M3)^2*Deng(p4 + q2 + q3,xiw,M3)^2*xiw^2*ufoGC58^2*ufoGC80*ufoGC69
       - 1/8*g_(1,6_,nu10)*g_(2,6_,nu16)*FT2*g_(2,q3)*cFT(nu13,XX,i2,iufo11)*
      cFT(g7,XX,iufo11,j11)*flavourTag(fmu,j11,j12)*Vec(nu10,q2)*Vec(nu16,q2)*
      Vec(nu13,q2)*Vec(nu9,-q2)*Vec(nu9,q2)*Deng(p4,xiz,M4)*Deng(q2 + q3,xiw,
      M3)^2*Deng(p4 + q2 + q3,xiw,M3)^2*xiw^2*ufoGC58^2*ufoGC80*ufoGC69
       - 1/8*g_(1,6_,nu10)*g_(2,6_,nu16)*FT2*g_(2,q3)*cFT(nu13,XX,i2,iufo11)*
      cFT(g7,XX,iufo11,j11)*flavourTag(fmu,j11,j12)*Vec(nu10,q2)*Vec(nu16,q2)*
      Vec(nu13,q2)*Vec(nu9,-q2)*Vec(nu9,q3)*Deng(p4,xiz,M4)*Deng(q2 + q3,xiw,
      M3)^2*Deng(p4 + q2 + q3,xiw,M3)^2*xiw^2*ufoGC58^2*ufoGC80*ufoGC69
       - 1/8*g_(1,6_,nu10)*g_(2,6_,nu16)*FT2*g_(2,q3)*cFT(nu13,XX,i2,iufo11)*
      cFT(g7,XX,iufo11,j11)*flavourTag(fmu,j11,j12)*Vec(nu10,q2)*Vec(nu16,q2)*
      Vec(nu13,q2)*Vec(nu9,-q3)*Vec(nu9,q2)*Deng(p4,xiz,M4)*Deng(q2 + q3,xiw,
      M3)^2*Deng(p4 + q2 + q3,xiw,M3)^2*xiw^2*ufoGC58^2*ufoGC80*ufoGC69
       - 1/8*g_(1,6_,nu10)*g_(2,6_,nu16)*FT2*g_(2,q3)*cFT(nu13,XX,i2,iufo11)*
      cFT(g7,XX,iufo11,j11)*flavourTag(fmu,j11,j12)*Vec(nu10,q2)*Vec(nu16,q2)*
      Vec(nu13,q2)*Vec(nu9,-q3)*Vec(nu9,q3)*Deng(p4,xiz,M4)*Deng(q2 + q3,xiw,
      M3)^2*Deng(p4 + q2 + q3,xiw,M3)^2*xiw^2*ufoGC58^2*ufoGC80*ufoGC69
       - 1/8*g_(1,6_,nu10)*g_(2,6_,nu16)*FT2*g_(2,q3)*cFT(nu13,XX,i2,iufo11)*
      cFT(g7,XX,iufo11,j11)*flavourTag(fmu,j11,j12)*Vec(nu10,q2)*Vec(nu16,q2)*
      Vec(nu13,q2)*Vec(nu14,q2)*Vecr(nu14,p4)*Deng(p4,xiz,M4)*Deng(q2 + q3,xiw
      ,M3)^2*Deng(p4 + q2 + q3,xiw,M3)^2*xiw^2*ufoGC58^2*ufoGC80*ufoGC69
       - 1/8*g_(1,6_,nu10)*g_(2,6_,nu16)*FT2*g_(2,q3)*cFT(nu13,XX,i2,iufo11)*
      cFT(g7,XX,iufo11,j11)*flavourTag(fmu,j11,j12)*Vec(nu10,q2)*Vec(nu16,q2)*
      Vec(nu13,q2)*Vec(nu14,q3)*Vecr(nu14,p4)*Deng(p4,xiz,M4)*Deng(q2 + q3,xiw
      ,M3)^2*Deng(p4 + q2 + q3,xiw,M3)^2*xiw^2*ufoGC58^2*ufoGC80*ufoGC69
       - 1/8*g_(1,6_,nu10)*g_(2,6_,nu16)*FT2*g_(2,q3)*cFT(nu13,XX,i2,iufo11)*
      cFT(g7,XX,iufo11,j11)*flavourTag(fmu,j11,j12)*Vec(nu10,q2)*Vec(nu16,q2)*
      Vec(nu13,q2)*Deng(p4,xiz,M4)*Deng(q2 + q3,xiw,M3)^2*Deng(p4 + q2 + q3,
      xiw,M3)^2*p4.p4*xiw^2*ufoGC58^2*ufoGC80*ufoGC69
       + 1/8*g_(1,6_,nu10)*g_(2,6_,nu16)*FT2*g_(2,q3)*cFT(nu13,XX,i2,iufo11)*
      cFT(g7,XX,iufo11,j11)*flavourTag(fmu,j11,j12)*Vec(nu10,q2)*Vec(nu16,q2)*
      Vec(nu13,q3)*Vec(nu9,q2)*Vecr(nu9,p4)*Deng(p4,xiz,M4)*Deng(q2 + q3,xiw,
      M3)^2*Deng(p4 + q2 + q3,xiw,M3)^2*xiw^2*ufoGC58^2*ufoGC80*ufoGC69
       + 1/8*g_(1,6_,nu10)*g_(2,6_,nu16)*FT2*g_(2,q3)*cFT(nu13,XX,i2,iufo11)*
      cFT(g7,XX,iufo11,j11)*flavourTag(fmu,j11,j12)*Vec(nu10,q2)*Vec(nu16,q2)*
      Vec(nu13,q3)*Vec(nu9,q3)*Vecr(nu9,p4)*Deng(p4,xiz,M4)*Deng(q2 + q3,xiw,
      M3)^2*Deng(p4 + q2 + q3,xiw,M3)^2*xiw^2*ufoGC58^2*ufoGC80*ufoGC69
       - 1/8*g_(1,6_,nu10)*g_(2,6_,nu16)*FT2*g_(2,q3)*cFT(nu13,XX,i2,iufo11)*
      cFT(g7,XX,iufo11,j11)*flavourTag(fmu,j11,j12)*Vec(nu10,q2)*Vec(nu16,q2)*
      Vec(nu13,q3)*Vec(nu9,-p4)*Vec(nu9,q2)*Deng(p4,xiz,M4)*Deng(q2 + q3,xiw,
      M3)^2*Deng(p4 + q2 + q3,xiw,M3)^2*xiw^2*ufoGC58^2*ufoGC80*ufoGC69
       - 1/8*g_(1,6_,nu10)*g_(2,6_,nu16)*FT2*g_(2,q3)*cFT(nu13,XX,i2,iufo11)*
      cFT(g7,XX,iufo11,j11)*flavourTag(fmu,j11,j12)*Vec(nu10,q2)*Vec(nu16,q2)*
      Vec(nu13,q3)*Vec(nu9,-p4)*Vec(nu9,q3)*Deng(p4,xiz,M4)*Deng(q2 + q3,xiw,
      M3)^2*Deng(p4 + q2 + q3,xiw,M3)^2*xiw^2*ufoGC58^2*ufoGC80*ufoGC69
       - 1/8*g_(1,6_,nu10)*g_(2,6_,nu16)*FT2*g_(2,q3)*cFT(nu13,XX,i2,iufo11)*
      cFT(g7,XX,iufo11,j11)*flavourTag(fmu,j11,j12)*Vec(nu10,q2)*Vec(nu16,q2)*
      Vec(nu13,q3)*Vec(nu9,-q2)*Vec(nu9,q2)*Deng(p4,xiz,M4)*Deng(q2 + q3,xiw,
      M3)^2*Deng(p4 + q2 + q3,xiw,M3)^2*xiw^2*ufoGC58^2*ufoGC80*ufoGC69
       - 1/8*g_(1,6_,nu10)*g_(2,6_,nu16)*FT2*g_(2,q3)*cFT(nu13,XX,i2,iufo11)*
      cFT(g7,XX,iufo11,j11)*flavourTag(fmu,j11,j12)*Vec(nu10,q2)*Vec(nu16,q2)*
      Vec(nu13,q3)*Vec(nu9,-q2)*Vec(nu9,q3)*Deng(p4,xiz,M4)*Deng(q2 + q3,xiw,
      M3)^2*Deng(p4 + q2 + q3,xiw,M3)^2*xiw^2*ufoGC58^2*ufoGC80*ufoGC69
       - 1/8*g_(1,6_,nu10)*g_(2,6_,nu16)*FT2*g_(2,q3)*cFT(nu13,XX,i2,iufo11)*
      cFT(g7,XX,iufo11,j11)*flavourTag(fmu,j11,j12)*Vec(nu10,q2)*Vec(nu16,q2)*
      Vec(nu13,q3)*Vec(nu9,-q3)*Vec(nu9,q2)*Deng(p4,xiz,M4)*Deng(q2 + q3,xiw,
      M3)^2*Deng(p4 + q2 + q3,xiw,M3)^2*xiw^2*ufoGC58^2*ufoGC80*ufoGC69
       - 1/8*g_(1,6_,nu10)*g_(2,6_,nu16)*FT2*g_(2,q3)*cFT(nu13,XX,i2,iufo11)*
      cFT(g7,XX,iufo11,j11)*flavourTag(fmu,j11,j12)*Vec(nu10,q2)*Vec(nu16,q2)*
      Vec(nu13,q3)*Vec(nu9,-q3)*Vec(nu9,q3)*Deng(p4,xiz,M4)*Deng(q2 + q3,xiw,
      M3)^2*Deng(p4 + q2 + q3,xiw,M3)^2*xiw^2*ufoGC58^2*ufoGC80*ufoGC69
       - 1/8*g_(1,6_,nu10)*g_(2,6_,nu16)*FT2*g_(2,q3)*cFT(nu13,XX,i2,iufo11)*
      cFT(g7,XX,iufo11,j11)*flavourTag(fmu,j11,j12)*Vec(nu10,q2)*Vec(nu16,q2)*
      Vec(nu13,q3)*Vec(nu14,q2)*Vecr(nu14,p4)*Deng(p4,xiz,M4)*Deng(q2 + q3,xiw
      ,M3)^2*Deng(p4 + q2 + q3,xiw,M3)^2*xiw^2*ufoGC58^2*ufoGC80*ufoGC69
       - 1/8*g_(1,6_,nu10)*g_(2,6_,nu16)*FT2*g_(2,q3)*cFT(nu13,XX,i2,iufo11)*
      cFT(g7,XX,iufo11,j11)*flavourTag(fmu,j11,j12)*Vec(nu10,q2)*Vec(nu16,q2)*
      Vec(nu13,q3)*Vec(nu14,q3)*Vecr(nu14,p4)*Deng(p4,xiz,M4)*Deng(q2 + q3,xiw
      ,M3)^2*Deng(p4 + q2 + q3,xiw,M3)^2*xiw^2*ufoGC58^2*ufoGC80*ufoGC69
       - 1/8*g_(1,6_,nu10)*g_(2,6_,nu16)*FT2*g_(2,q3)*cFT(nu13,XX,i2,iufo11)*
      cFT(g7,XX,iufo11,j11)*flavourTag(fmu,j11,j12)*Vec(nu10,q2)*Vec(nu16,q2)*
      Vec(nu13,q3)*Deng(p4,xiz,M4)*Deng(q2 + q3,xiw,M3)^2*Deng(p4 + q2 + q3,
      xiw,M3)^2*p4.p4*xiw^2*ufoGC58^2*ufoGC80*ufoGC69
       + 1/8*g_(1,6_,nu10)*g_(2,6_,nu16)*FT2*g_(2,q3)*cFT(nu13,XX,i2,iufo11)*
      cFT(g7,XX,iufo11,j11)*flavourTag(fmu,j11,j12)*Vec(nu10,q2)*Vec(nu16,q2)*
      Vec(nu9,q2)*Deng(p4,xiz,M4)*Deng(q2 + q3,xiw,M3)^2*Deng(p4 + q2 + q3,xiw
      ,M3)^2*p4.p4*xiw^2*ufoGC58^2*ufoGC80*ufoGC69
       + 1/8*g_(1,6_,nu10)*g_(2,6_,nu16)*FT2*g_(2,q3)*cFT(nu13,XX,i2,iufo11)*
      cFT(g7,XX,iufo11,j11)*flavourTag(fmu,j11,j12)*Vec(nu10,q2)*Vec(nu16,q2)*
      Vec(nu9,q3)*Deng(p4,xiz,M4)*Deng(q2 + q3,xiw,M3)^2*Deng(p4 + q2 + q3,xiw
      ,M3)^2*p4.p4*xiw^2*ufoGC58^2*ufoGC80*ufoGC69
       - 1/8*g_(1,6_,nu10)*g_(2,6_,nu16)*FT2*g_(2,q3)*cFT(nu13,XX,i2,iufo11)*
      cFT(g7,XX,iufo11,j11)*flavourTag(fmu,j11,j12)*Vec(nu10,q2)*Vec(nu16,q2)*
      Vec(nu9,-p4)*Vec(nu9,q2)*Vecr(nu13,p4)*Deng(p4,xiz,M4)*Deng(q2 + q3,xiw,
      M3)^2*Deng(p4 + q2 + q3,xiw,M3)^2*xiw^2*ufoGC58^2*ufoGC80*ufoGC69
       - 1/8*g_(1,6_,nu10)*g_(2,6_,nu16)*FT2*g_(2,q3)*cFT(nu13,XX,i2,iufo11)*
      cFT(g7,XX,iufo11,j11)*flavourTag(fmu,j11,j12)*Vec(nu10,q2)*Vec(nu16,q2)*
      Vec(nu9,-p4)*Vec(nu9,q3)*Vecr(nu13,p4)*Deng(p4,xiz,M4)*Deng(q2 + q3,xiw,
      M3)^2*Deng(p4 + q2 + q3,xiw,M3)^2*xiw^2*ufoGC58^2*ufoGC80*ufoGC69
       - 1/8*g_(1,6_,nu10)*g_(2,6_,nu16)*FT2*g_(2,q3)*cFT(nu13,XX,i2,iufo11)*
      cFT(g7,XX,iufo11,j11)*flavourTag(fmu,j11,j12)*Vec(nu10,q2)*Vec(nu16,q2)*
      Vec(nu9,-q2)*Vec(nu9,q2)*Vecr(nu13,p4)*Deng(p4,xiz,M4)*Deng(q2 + q3,xiw,
      M3)^2*Deng(p4 + q2 + q3,xiw,M3)^2*xiw^2*ufoGC58^2*ufoGC80*ufoGC69
       - 1/8*g_(1,6_,nu10)*g_(2,6_,nu16)*FT2*g_(2,q3)*cFT(nu13,XX,i2,iufo11)*
      cFT(g7,XX,iufo11,j11)*flavourTag(fmu,j11,j12)*Vec(nu10,q2)*Vec(nu16,q2)*
      Vec(nu9,-q2)*Vec(nu9,q3)*Vecr(nu13,p4)*Deng(p4,xiz,M4)*Deng(q2 + q3,xiw,
      M3)^2*Deng(p4 + q2 + q3,xiw,M3)^2*xiw^2*ufoGC58^2*ufoGC80*ufoGC69
       - 1/8*g_(1,6_,nu10)*g_(2,6_,nu16)*FT2*g_(2,q3)*cFT(nu13,XX,i2,iufo11)*
      cFT(g7,XX,iufo11,j11)*flavourTag(fmu,j11,j12)*Vec(nu10,q2)*Vec(nu16,q2)*
      Vec(nu9,-q3)*Vec(nu9,q2)*Vecr(nu13,p4)*Deng(p4,xiz,M4)*Deng(q2 + q3,xiw,
      M3)^2*Deng(p4 + q2 + q3,xiw,M3)^2*xiw^2*ufoGC58^2*ufoGC80*ufoGC69
       - 1/8*g_(1,6_,nu10)*g_(2,6_,nu16)*FT2*g_(2,q3)*cFT(nu13,XX,i2,iufo11)*
      cFT(g7,XX,iufo11,j11)*flavourTag(fmu,j11,j12)*Vec(nu10,q2)*Vec(nu16,q2)*
      Vec(nu9,-q3)*Vec(nu9,q3)*Vecr(nu13,p4)*Deng(p4,xiz,M4)*Deng(q2 + q3,xiw,
      M3)^2*Deng(p4 + q2 + q3,xiw,M3)^2*xiw^2*ufoGC58^2*ufoGC80*ufoGC69
       - 1/8*g_(1,6_,nu10)*g_(2,6_,nu16)*FT2*g_(2,q3)*cFT(nu13,XX,i2,iufo11)*
      cFT(g7,XX,iufo11,j11)*flavourTag(fmu,j11,j12)*Vec(nu10,q2)*Vec(nu16,q2)*
      Vec(nu14,q2)*Deng(p4,xiz,M4)*Deng(q2 + q3,xiw,M3)^2*Deng(p4 + q2 + q3,
      xiw,M3)^2*p4.p4*xiw^2*ufoGC58^2*ufoGC80*ufoGC69
       - 1/8*g_(1,6_,nu10)*g_(2,6_,nu16)*FT2*g_(2,q3)*cFT(nu13,XX,i2,iufo11)*
      cFT(g7,XX,iufo11,j11)*flavourTag(fmu,j11,j12)*Vec(nu10,q2)*Vec(nu16,q2)*
      Vec(nu14,q3)*Deng(p4,xiz,M4)*Deng(q2 + q3,xiw,M3)^2*Deng(p4 + q2 + q3,
      xiw,M3)^2*p4.p4*xiw^2*ufoGC58^2*ufoGC80*ufoGC69
       - 1/8*g_(1,6_,nu10)*g_(2,6_,nu16)*FT2*g_(2,q3)*cFT(nu13,XX,i2,iufo11)*
      cFT(g7,XX,iufo11,j11)*flavourTag(fmu,j11,j12)*Vec(nu10,q2)*Vec(nu16,q2)*
      Vecr(nu14,p4)*Deng(p4,xiz,M4)*Deng(q2 + q3,xiw,M3)^2*Deng(p4 + q2 + q3,
      xiw,M3)^2*p4.p4*xiw^2*ufoGC58^2*ufoGC80*ufoGC69
       + 1/8*g_(1,6_,nu10)*g_(2,6_,nu16)*FT2*g_(2,q3)*cFT(nu13,XX,i2,iufo11)*
      cFT(g7,XX,iufo11,j11)*flavourTag(fmu,j11,j12)*Vec(nu10,q2)*Vec(nu16,q3)*
      Vec(nu13,q2)*Vec(nu9,q2)*Vecr(nu9,p4)*Deng(p4,xiz,M4)*Deng(q2 + q3,xiw,
      M3)^2*Deng(p4 + q2 + q3,xiw,M3)^2*xiw^2*ufoGC58^2*ufoGC80*ufoGC69
       + 1/8*g_(1,6_,nu10)*g_(2,6_,nu16)*FT2*g_(2,q3)*cFT(nu13,XX,i2,iufo11)*
      cFT(g7,XX,iufo11,j11)*flavourTag(fmu,j11,j12)*Vec(nu10,q2)*Vec(nu16,q3)*
      Vec(nu13,q2)*Vec(nu9,q3)*Vecr(nu9,p4)*Deng(p4,xiz,M4)*Deng(q2 + q3,xiw,
      M3)^2*Deng(p4 + q2 + q3,xiw,M3)^2*xiw^2*ufoGC58^2*ufoGC80*ufoGC69
       - 1/8*g_(1,6_,nu10)*g_(2,6_,nu16)*FT2*g_(2,q3)*cFT(nu13,XX,i2,iufo11)*
      cFT(g7,XX,iufo11,j11)*flavourTag(fmu,j11,j12)*Vec(nu10,q2)*Vec(nu16,q3)*
      Vec(nu13,q2)*Vec(nu9,-p4)*Vec(nu9,q2)*Deng(p4,xiz,M4)*Deng(q2 + q3,xiw,
      M3)^2*Deng(p4 + q2 + q3,xiw,M3)^2*xiw^2*ufoGC58^2*ufoGC80*ufoGC69
       - 1/8*g_(1,6_,nu10)*g_(2,6_,nu16)*FT2*g_(2,q3)*cFT(nu13,XX,i2,iufo11)*
      cFT(g7,XX,iufo11,j11)*flavourTag(fmu,j11,j12)*Vec(nu10,q2)*Vec(nu16,q3)*
      Vec(nu13,q2)*Vec(nu9,-p4)*Vec(nu9,q3)*Deng(p4,xiz,M4)*Deng(q2 + q3,xiw,
      M3)^2*Deng(p4 + q2 + q3,xiw,M3)^2*xiw^2*ufoGC58^2*ufoGC80*ufoGC69
       - 1/8*g_(1,6_,nu10)*g_(2,6_,nu16)*FT2*g_(2,q3)*cFT(nu13,XX,i2,iufo11)*
      cFT(g7,XX,iufo11,j11)*flavourTag(fmu,j11,j12)*Vec(nu10,q2)*Vec(nu16,q3)*
      Vec(nu13,q2)*Vec(nu9,-q2)*Vec(nu9,q2)*Deng(p4,xiz,M4)*Deng(q2 + q3,xiw,
      M3)^2*Deng(p4 + q2 + q3,xiw,M3)^2*xiw^2*ufoGC58^2*ufoGC80*ufoGC69
       - 1/8*g_(1,6_,nu10)*g_(2,6_,nu16)*FT2*g_(2,q3)*cFT(nu13,XX,i2,iufo11)*
      cFT(g7,XX,iufo11,j11)*flavourTag(fmu,j11,j12)*Vec(nu10,q2)*Vec(nu16,q3)*
      Vec(nu13,q2)*Vec(nu9,-q2)*Vec(nu9,q3)*Deng(p4,xiz,M4)*Deng(q2 + q3,xiw,
      M3)^2*Deng(p4 + q2 + q3,xiw,M3)^2*xiw^2*ufoGC58^2*ufoGC80*ufoGC69
       - 1/8*g_(1,6_,nu10)*g_(2,6_,nu16)*FT2*g_(2,q3)*cFT(nu13,XX,i2,iufo11)*
      cFT(g7,XX,iufo11,j11)*flavourTag(fmu,j11,j12)*Vec(nu10,q2)*Vec(nu16,q3)*
      Vec(nu13,q2)*Vec(nu9,-q3)*Vec(nu9,q2)*Deng(p4,xiz,M4)*Deng(q2 + q3,xiw,
      M3)^2*Deng(p4 + q2 + q3,xiw,M3)^2*xiw^2*ufoGC58^2*ufoGC80*ufoGC69
       - 1/8*g_(1,6_,nu10)*g_(2,6_,nu16)*FT2*g_(2,q3)*cFT(nu13,XX,i2,iufo11)*
      cFT(g7,XX,iufo11,j11)*flavourTag(fmu,j11,j12)*Vec(nu10,q2)*Vec(nu16,q3)*
      Vec(nu13,q2)*Vec(nu9,-q3)*Vec(nu9,q3)*Deng(p4,xiz,M4)*Deng(q2 + q3,xiw,
      M3)^2*Deng(p4 + q2 + q3,xiw,M3)^2*xiw^2*ufoGC58^2*ufoGC80*ufoGC69
       - 1/8*g_(1,6_,nu10)*g_(2,6_,nu16)*FT2*g_(2,q3)*cFT(nu13,XX,i2,iufo11)*
      cFT(g7,XX,iufo11,j11)*flavourTag(fmu,j11,j12)*Vec(nu10,q2)*Vec(nu16,q3)*
      Vec(nu13,q2)*Vec(nu14,q2)*Vecr(nu14,p4)*Deng(p4,xiz,M4)*Deng(q2 + q3,xiw
      ,M3)^2*Deng(p4 + q2 + q3,xiw,M3)^2*xiw^2*ufoGC58^2*ufoGC80*ufoGC69
       - 1/8*g_(1,6_,nu10)*g_(2,6_,nu16)*FT2*g_(2,q3)*cFT(nu13,XX,i2,iufo11)*
      cFT(g7,XX,iufo11,j11)*flavourTag(fmu,j11,j12)*Vec(nu10,q2)*Vec(nu16,q3)*
      Vec(nu13,q2)*Vec(nu14,q3)*Vecr(nu14,p4)*Deng(p4,xiz,M4)*Deng(q2 + q3,xiw
      ,M3)^2*Deng(p4 + q2 + q3,xiw,M3)^2*xiw^2*ufoGC58^2*ufoGC80*ufoGC69
       - 1/8*g_(1,6_,nu10)*g_(2,6_,nu16)*FT2*g_(2,q3)*cFT(nu13,XX,i2,iufo11)*
      cFT(g7,XX,iufo11,j11)*flavourTag(fmu,j11,j12)*Vec(nu10,q2)*Vec(nu16,q3)*
      Vec(nu13,q2)*Deng(p4,xiz,M4)*Deng(q2 + q3,xiw,M3)^2*Deng(p4 + q2 + q3,
      xiw,M3)^2*p4.p4*xiw^2*ufoGC58^2*ufoGC80*ufoGC69
       + 1/8*g_(1,6_,nu10)*g_(2,6_,nu16)*FT2*g_(2,q3)*cFT(nu13,XX,i2,iufo11)*
      cFT(g7,XX,iufo11,j11)*flavourTag(fmu,j11,j12)*Vec(nu10,q2)*Vec(nu16,q3)*
      Vec(nu13,q3)*Vec(nu9,q2)*Vecr(nu9,p4)*Deng(p4,xiz,M4)*Deng(q2 + q3,xiw,
      M3)^2*Deng(p4 + q2 + q3,xiw,M3)^2*xiw^2*ufoGC58^2*ufoGC80*ufoGC69
       + 1/8*g_(1,6_,nu10)*g_(2,6_,nu16)*FT2*g_(2,q3)*cFT(nu13,XX,i2,iufo11)*
      cFT(g7,XX,iufo11,j11)*flavourTag(fmu,j11,j12)*Vec(nu10,q2)*Vec(nu16,q3)*
      Vec(nu13,q3)*Vec(nu9,q3)*Vecr(nu9,p4)*Deng(p4,xiz,M4)*Deng(q2 + q3,xiw,
      M3)^2*Deng(p4 + q2 + q3,xiw,M3)^2*xiw^2*ufoGC58^2*ufoGC80*ufoGC69
       - 1/8*g_(1,6_,nu10)*g_(2,6_,nu16)*FT2*g_(2,q3)*cFT(nu13,XX,i2,iufo11)*
      cFT(g7,XX,iufo11,j11)*flavourTag(fmu,j11,j12)*Vec(nu10,q2)*Vec(nu16,q3)*
      Vec(nu13,q3)*Vec(nu9,-p4)*Vec(nu9,q2)*Deng(p4,xiz,M4)*Deng(q2 + q3,xiw,
      M3)^2*Deng(p4 + q2 + q3,xiw,M3)^2*xiw^2*ufoGC58^2*ufoGC80*ufoGC69
       - 1/8*g_(1,6_,nu10)*g_(2,6_,nu16)*FT2*g_(2,q3)*cFT(nu13,XX,i2,iufo11)*
      cFT(g7,XX,iufo11,j11)*flavourTag(fmu,j11,j12)*Vec(nu10,q2)*Vec(nu16,q3)*
      Vec(nu13,q3)*Vec(nu9,-p4)*Vec(nu9,q3)*Deng(p4,xiz,M4)*Deng(q2 + q3,xiw,
      M3)^2*Deng(p4 + q2 + q3,xiw,M3)^2*xiw^2*ufoGC58^2*ufoGC80*ufoGC69
       - 1/8*g_(1,6_,nu10)*g_(2,6_,nu16)*FT2*g_(2,q3)*cFT(nu13,XX,i2,iufo11)*
      cFT(g7,XX,iufo11,j11)*flavourTag(fmu,j11,j12)*Vec(nu10,q2)*Vec(nu16,q3)*
      Vec(nu13,q3)*Vec(nu9,-q2)*Vec(nu9,q2)*Deng(p4,xiz,M4)*Deng(q2 + q3,xiw,
      M3)^2*Deng(p4 + q2 + q3,xiw,M3)^2*xiw^2*ufoGC58^2*ufoGC80*ufoGC69
       - 1/8*g_(1,6_,nu10)*g_(2,6_,nu16)*FT2*g_(2,q3)*cFT(nu13,XX,i2,iufo11)*
      cFT(g7,XX,iufo11,j11)*flavourTag(fmu,j11,j12)*Vec(nu10,q2)*Vec(nu16,q3)*
      Vec(nu13,q3)*Vec(nu9,-q2)*Vec(nu9,q3)*Deng(p4,xiz,M4)*Deng(q2 + q3,xiw,
      M3)^2*Deng(p4 + q2 + q3,xiw,M3)^2*xiw^2*ufoGC58^2*ufoGC80*ufoGC69
       - 1/8*g_(1,6_,nu10)*g_(2,6_,nu16)*FT2*g_(2,q3)*cFT(nu13,XX,i2,iufo11)*
      cFT(g7,XX,iufo11,j11)*flavourTag(fmu,j11,j12)*Vec(nu10,q2)*Vec(nu16,q3)*
      Vec(nu13,q3)*Vec(nu9,-q3)*Vec(nu9,q2)*Deng(p4,xiz,M4)*Deng(q2 + q3,xiw,
      M3)^2*Deng(p4 + q2 + q3,xiw,M3)^2*xiw^2*ufoGC58^2*ufoGC80*ufoGC69
       - 1/8*g_(1,6_,nu10)*g_(2,6_,nu16)*FT2*g_(2,q3)*cFT(nu13,XX,i2,iufo11)*
      cFT(g7,XX,iufo11,j11)*flavourTag(fmu,j11,j12)*Vec(nu10,q2)*Vec(nu16,q3)*
      Vec(nu13,q3)*Vec(nu9,-q3)*Vec(nu9,q3)*Deng(p4,xiz,M4)*Deng(q2 + q3,xiw,
      M3)^2*Deng(p4 + q2 + q3,xiw,M3)^2*xiw^2*ufoGC58^2*ufoGC80*ufoGC69
       - 1/8*g_(1,6_,nu10)*g_(2,6_,nu16)*FT2*g_(2,q3)*cFT(nu13,XX,i2,iufo11)*
      cFT(g7,XX,iufo11,j11)*flavourTag(fmu,j11,j12)*Vec(nu10,q2)*Vec(nu16,q3)*
      Vec(nu13,q3)*Vec(nu14,q2)*Vecr(nu14,p4)*Deng(p4,xiz,M4)*Deng(q2 + q3,xiw
      ,M3)^2*Deng(p4 + q2 + q3,xiw,M3)^2*xiw^2*ufoGC58^2*ufoGC80*ufoGC69
       - 1/8*g_(1,6_,nu10)*g_(2,6_,nu16)*FT2*g_(2,q3)*cFT(nu13,XX,i2,iufo11)*
      cFT(g7,XX,iufo11,j11)*flavourTag(fmu,j11,j12)*Vec(nu10,q2)*Vec(nu16,q3)*
      Vec(nu13,q3)*Vec(nu14,q3)*Vecr(nu14,p4)*Deng(p4,xiz,M4)*Deng(q2 + q3,xiw
      ,M3)^2*Deng(p4 + q2 + q3,xiw,M3)^2*xiw^2*ufoGC58^2*ufoGC80*ufoGC69
       - 1/8*g_(1,6_,nu10)*g_(2,6_,nu16)*FT2*g_(2,q3)*cFT(nu13,XX,i2,iufo11)*
      cFT(g7,XX,iufo11,j11)*flavourTag(fmu,j11,j12)*Vec(nu10,q2)*Vec(nu16,q3)*
      Vec(nu13,q3)*Deng(p4,xiz,M4)*Deng(q2 + q3,xiw,M3)^2*Deng(p4 + q2 + q3,
      xiw,M3)^2*p4.p4*xiw^2*ufoGC58^2*ufoGC80*ufoGC69
       + 1/8*g_(1,6_,nu10)*g_(2,6_,nu16)*FT2*g_(2,q3)*cFT(nu13,XX,i2,iufo11)*
      cFT(g7,XX,iufo11,j11)*flavourTag(fmu,j11,j12)*Vec(nu10,q2)*Vec(nu16,q3)*
      Vec(nu9,q2)*Deng(p4,xiz,M4)*Deng(q2 + q3,xiw,M3)^2*Deng(p4 + q2 + q3,xiw
      ,M3)^2*p4.p4*xiw^2*ufoGC58^2*ufoGC80*ufoGC69
       + 1/8*g_(1,6_,nu10)*g_(2,6_,nu16)*FT2*g_(2,q3)*cFT(nu13,XX,i2,iufo11)*
      cFT(g7,XX,iufo11,j11)*flavourTag(fmu,j11,j12)*Vec(nu10,q2)*Vec(nu16,q3)*
      Vec(nu9,q3)*Deng(p4,xiz,M4)*Deng(q2 + q3,xiw,M3)^2*Deng(p4 + q2 + q3,xiw
      ,M3)^2*p4.p4*xiw^2*ufoGC58^2*ufoGC80*ufoGC69
       - 1/8*g_(1,6_,nu10)*g_(2,6_,nu16)*FT2*g_(2,q3)*cFT(nu13,XX,i2,iufo11)*
      cFT(g7,XX,iufo11,j11)*flavourTag(fmu,j11,j12)*Vec(nu10,q2)*Vec(nu16,q3)*
      Vec(nu9,-p4)*Vec(nu9,q2)*Vecr(nu13,p4)*Deng(p4,xiz,M4)*Deng(q2 + q3,xiw,
      M3)^2*Deng(p4 + q2 + q3,xiw,M3)^2*xiw^2*ufoGC58^2*ufoGC80*ufoGC69
       - 1/8*g_(1,6_,nu10)*g_(2,6_,nu16)*FT2*g_(2,q3)*cFT(nu13,XX,i2,iufo11)*
      cFT(g7,XX,iufo11,j11)*flavourTag(fmu,j11,j12)*Vec(nu10,q2)*Vec(nu16,q3)*
      Vec(nu9,-p4)*Vec(nu9,q3)*Vecr(nu13,p4)*Deng(p4,xiz,M4)*Deng(q2 + q3,xiw,
      M3)^2*Deng(p4 + q2 + q3,xiw,M3)^2*xiw^2*ufoGC58^2*ufoGC80*ufoGC69
       - 1/8*g_(1,6_,nu10)*g_(2,6_,nu16)*FT2*g_(2,q3)*cFT(nu13,XX,i2,iufo11)*
      cFT(g7,XX,iufo11,j11)*flavourTag(fmu,j11,j12)*Vec(nu10,q2)*Vec(nu16,q3)*
      Vec(nu9,-q2)*Vec(nu9,q2)*Vecr(nu13,p4)*Deng(p4,xiz,M4)*Deng(q2 + q3,xiw,
      M3)^2*Deng(p4 + q2 + q3,xiw,M3)^2*xiw^2*ufoGC58^2*ufoGC80*ufoGC69
       - 1/8*g_(1,6_,nu10)*g_(2,6_,nu16)*FT2*g_(2,q3)*cFT(nu13,XX,i2,iufo11)*
      cFT(g7,XX,iufo11,j11)*flavourTag(fmu,j11,j12)*Vec(nu10,q2)*Vec(nu16,q3)*
      Vec(nu9,-q2)*Vec(nu9,q3)*Vecr(nu13,p4)*Deng(p4,xiz,M4)*Deng(q2 + q3,xiw,
      M3)^2*Deng(p4 + q2 + q3,xiw,M3)^2*xiw^2*ufoGC58^2*ufoGC80*ufoGC69
       - 1/8*g_(1,6_,nu10)*g_(2,6_,nu16)*FT2*g_(2,q3)*cFT(nu13,XX,i2,iufo11)*
      cFT(g7,XX,iufo11,j11)*flavourTag(fmu,j11,j12)*Vec(nu10,q2)*Vec(nu16,q3)*
      Vec(nu9,-q3)*Vec(nu9,q2)*Vecr(nu13,p4)*Deng(p4,xiz,M4)*Deng(q2 + q3,xiw,
      M3)^2*Deng(p4 + q2 + q3,xiw,M3)^2*xiw^2*ufoGC58^2*ufoGC80*ufoGC69
       - 1/8*g_(1,6_,nu10)*g_(2,6_,nu16)*FT2*g_(2,q3)*cFT(nu13,XX,i2,iufo11)*
      cFT(g7,XX,iufo11,j11)*flavourTag(fmu,j11,j12)*Vec(nu10,q2)*Vec(nu16,q3)*
      Vec(nu9,-q3)*Vec(nu9,q3)*Vecr(nu13,p4)*Deng(p4,xiz,M4)*Deng(q2 + q3,xiw,
      M3)^2*Deng(p4 + q2 + q3,xiw,M3)^2*xiw^2*ufoGC58^2*ufoGC80*ufoGC69
       - 1/8*g_(1,6_,nu10)*g_(2,6_,nu16)*FT2*g_(2,q3)*cFT(nu13,XX,i2,iufo11)*
      cFT(g7,XX,iufo11,j11)*flavourTag(fmu,j11,j12)*Vec(nu10,q2)*Vec(nu16,q3)*
      Vec(nu14,q2)*Deng(p4,xiz,M4)*Deng(q2 + q3,xiw,M3)^2*Deng(p4 + q2 + q3,
      xiw,M3)^2*p4.p4*xiw^2*ufoGC58^2*ufoGC80*ufoGC69
       - 1/8*g_(1,6_,nu10)*g_(2,6_,nu16)*FT2*g_(2,q3)*cFT(nu13,XX,i2,iufo11)*
      cFT(g7,XX,iufo11,j11)*flavourTag(fmu,j11,j12)*Vec(nu10,q2)*Vec(nu16,q3)*
      Vec(nu14,q3)*Deng(p4,xiz,M4)*Deng(q2 + q3,xiw,M3)^2*Deng(p4 + q2 + q3,
      xiw,M3)^2*p4.p4*xiw^2*ufoGC58^2*ufoGC80*ufoGC69
       - 1/8*g_(1,6_,nu10)*g_(2,6_,nu16)*FT2*g_(2,q3)*cFT(nu13,XX,i2,iufo11)*
      cFT(g7,XX,iufo11,j11)*flavourTag(fmu,j11,j12)*Vec(nu10,q2)*Vec(nu16,q3)*
      Vecr(nu14,p4)*Deng(p4,xiz,M4)*Deng(q2 + q3,xiw,M3)^2*Deng(p4 + q2 + q3,
      xiw,M3)^2*p4.p4*xiw^2*ufoGC58^2*ufoGC80*ufoGC69
       + 1/8*g_(1,6_,nu10)*g_(2,6_,nu16)*FT2*g_(2,q3)*cFT(nu13,XX,i2,iufo11)*
      cFT(g7,XX,iufo11,j11)*flavourTag(fmu,j11,j12)*Vec(nu10,q2)*Vec(nu16,-p4)
      *Vec(nu13,q2)*Vec(nu14,q2)^2*Deng(p4,xiz,M4)*Deng(q2 + q3,xiw,M3)^2*
      Deng(p4 + q2 + q3,xiw,M3)^2*xiw^2*ufoGC58^2*ufoGC80*ufoGC69
       + 1/4*g_(1,6_,nu10)*g_(2,6_,nu16)*FT2*g_(2,q3)*cFT(nu13,XX,i2,iufo11)*
      cFT(g7,XX,iufo11,j11)*flavourTag(fmu,j11,j12)*Vec(nu10,q2)*Vec(nu16,-p4)
      *Vec(nu13,q2)*Vec(nu14,q2)*Vec(nu14,q3)*Deng(p4,xiz,M4)*Deng(q2 + q3,xiw
      ,M3)^2*Deng(p4 + q2 + q3,xiw,M3)^2*xiw^2*ufoGC58^2*ufoGC80*ufoGC69
       + 1/8*g_(1,6_,nu10)*g_(2,6_,nu16)*FT2*g_(2,q3)*cFT(nu13,XX,i2,iufo11)*
      cFT(g7,XX,iufo11,j11)*flavourTag(fmu,j11,j12)*Vec(nu10,q2)*Vec(nu16,-p4)
      *Vec(nu13,q2)*Vec(nu14,q2)*Vecr(nu14,p4)*Deng(p4,xiz,M4)*Deng(q2 + q3,
      xiw,M3)^2*Deng(p4 + q2 + q3,xiw,M3)^2*xiw^2*ufoGC58^2*ufoGC80*ufoGC69
       + 1/8*g_(1,6_,nu10)*g_(2,6_,nu16)*FT2*g_(2,q3)*cFT(nu13,XX,i2,iufo11)*
      cFT(g7,XX,iufo11,j11)*flavourTag(fmu,j11,j12)*Vec(nu10,q2)*Vec(nu16,-p4)
      *Vec(nu13,q2)*Vec(nu14,q3)^2*Deng(p4,xiz,M4)*Deng(q2 + q3,xiw,M3)^2*
      Deng(p4 + q2 + q3,xiw,M3)^2*xiw^2*ufoGC58^2*ufoGC80*ufoGC69
       + 1/8*g_(1,6_,nu10)*g_(2,6_,nu16)*FT2*g_(2,q3)*cFT(nu13,XX,i2,iufo11)*
      cFT(g7,XX,iufo11,j11)*flavourTag(fmu,j11,j12)*Vec(nu10,q2)*Vec(nu16,-p4)
      *Vec(nu13,q2)*Vec(nu14,q3)*Vecr(nu14,p4)*Deng(p4,xiz,M4)*Deng(q2 + q3,
      xiw,M3)^2*Deng(p4 + q2 + q3,xiw,M3)^2*xiw^2*ufoGC58^2*ufoGC80*ufoGC69
       + 1/8*g_(1,6_,nu10)*g_(2,6_,nu16)*FT2*g_(2,q3)*cFT(nu13,XX,i2,iufo11)*
      cFT(g7,XX,iufo11,j11)*flavourTag(fmu,j11,j12)*Vec(nu10,q2)*Vec(nu16,-p4)
      *Vec(nu13,q3)*Vec(nu14,q2)^2*Deng(p4,xiz,M4)*Deng(q2 + q3,xiw,M3)^2*
      Deng(p4 + q2 + q3,xiw,M3)^2*xiw^2*ufoGC58^2*ufoGC80*ufoGC69
       + 1/4*g_(1,6_,nu10)*g_(2,6_,nu16)*FT2*g_(2,q3)*cFT(nu13,XX,i2,iufo11)*
      cFT(g7,XX,iufo11,j11)*flavourTag(fmu,j11,j12)*Vec(nu10,q2)*Vec(nu16,-p4)
      *Vec(nu13,q3)*Vec(nu14,q2)*Vec(nu14,q3)*Deng(p4,xiz,M4)*Deng(q2 + q3,xiw
      ,M3)^2*Deng(p4 + q2 + q3,xiw,M3)^2*xiw^2*ufoGC58^2*ufoGC80*ufoGC69
       + 1/8*g_(1,6_,nu10)*g_(2,6_,nu16)*FT2*g_(2,q3)*cFT(nu13,XX,i2,iufo11)*
      cFT(g7,XX,iufo11,j11)*flavourTag(fmu,j11,j12)*Vec(nu10,q2)*Vec(nu16,-p4)
      *Vec(nu13,q3)*Vec(nu14,q2)*Vecr(nu14,p4)*Deng(p4,xiz,M4)*Deng(q2 + q3,
      xiw,M3)^2*Deng(p4 + q2 + q3,xiw,M3)^2*xiw^2*ufoGC58^2*ufoGC80*ufoGC69
       + 1/8*g_(1,6_,nu10)*g_(2,6_,nu16)*FT2*g_(2,q3)*cFT(nu13,XX,i2,iufo11)*
      cFT(g7,XX,iufo11,j11)*flavourTag(fmu,j11,j12)*Vec(nu10,q2)*Vec(nu16,-p4)
      *Vec(nu13,q3)*Vec(nu14,q3)^2*Deng(p4,xiz,M4)*Deng(q2 + q3,xiw,M3)^2*
      Deng(p4 + q2 + q3,xiw,M3)^2*xiw^2*ufoGC58^2*ufoGC80*ufoGC69
       + 1/8*g_(1,6_,nu10)*g_(2,6_,nu16)*FT2*g_(2,q3)*cFT(nu13,XX,i2,iufo11)*
      cFT(g7,XX,iufo11,j11)*flavourTag(fmu,j11,j12)*Vec(nu10,q2)*Vec(nu16,-p4)
      *Vec(nu13,q3)*Vec(nu14,q3)*Vecr(nu14,p4)*Deng(p4,xiz,M4)*Deng(q2 + q3,
      xiw,M3)^2*Deng(p4 + q2 + q3,xiw,M3)^2*xiw^2*ufoGC58^2*ufoGC80*ufoGC69
       + 1/8*g_(1,6_,nu10)*g_(2,6_,nu16)*FT2*g_(2,q3)*cFT(nu13,XX,i2,iufo11)*
      cFT(g7,XX,iufo11,j11)*flavourTag(fmu,j11,j12)*Vec(nu10,q2)*Vec(nu16,-p4)
      *Vec(nu14,q2)^2*Vecr(nu13,p4)*Deng(p4,xiz,M4)*Deng(q2 + q3,xiw,M3)^2*
      Deng(p4 + q2 + q3,xiw,M3)^2*xiw^2*ufoGC58^2*ufoGC80*ufoGC69
       + 1/4*g_(1,6_,nu10)*g_(2,6_,nu16)*FT2*g_(2,q3)*cFT(nu13,XX,i2,iufo11)*
      cFT(g7,XX,iufo11,j11)*flavourTag(fmu,j11,j12)*Vec(nu10,q2)*Vec(nu16,-p4)
      *Vec(nu14,q2)*Vec(nu14,q3)*Vecr(nu13,p4)*Deng(p4,xiz,M4)*Deng(q2 + q3,
      xiw,M3)^2*Deng(p4 + q2 + q3,xiw,M3)^2*xiw^2*ufoGC58^2*ufoGC80*ufoGC69
       + 1/8*g_(1,6_,nu10)*g_(2,6_,nu16)*FT2*g_(2,q3)*cFT(nu13,XX,i2,iufo11)*
      cFT(g7,XX,iufo11,j11)*flavourTag(fmu,j11,j12)*Vec(nu10,q2)*Vec(nu16,-p4)
      *Vec(nu14,q2)*Deng(p4,xiz,M4)*Deng(q2 + q3,xiw,M3)^2*Deng(p4 + q2 + q3,
      xiw,M3)^2*p4.p4*xiw^2*ufoGC58^2*ufoGC80*ufoGC69
       + 1/8*g_(1,6_,nu10)*g_(2,6_,nu16)*FT2*g_(2,q3)*cFT(nu13,XX,i2,iufo11)*
      cFT(g7,XX,iufo11,j11)*flavourTag(fmu,j11,j12)*Vec(nu10,q2)*Vec(nu16,-p4)
      *Vec(nu14,q3)^2*Vecr(nu13,p4)*Deng(p4,xiz,M4)*Deng(q2 + q3,xiw,M3)^2*
      Deng(p4 + q2 + q3,xiw,M3)^2*xiw^2*ufoGC58^2*ufoGC80*ufoGC69
       + 1/8*g_(1,6_,nu10)*g_(2,6_,nu16)*FT2*g_(2,q3)*cFT(nu13,XX,i2,iufo11)*
      cFT(g7,XX,iufo11,j11)*flavourTag(fmu,j11,j12)*Vec(nu10,q2)*Vec(nu16,-p4)
      *Vec(nu14,q3)*Deng(p4,xiz,M4)*Deng(q2 + q3,xiw,M3)^2*Deng(p4 + q2 + q3,
      xiw,M3)^2*p4.p4*xiw^2*ufoGC58^2*ufoGC80*ufoGC69
       + 1/8*g_(1,6_,nu10)*g_(2,6_,nu16)*FT2*g_(2,q3)*cFT(nu13,XX,i2,iufo11)*
      cFT(g7,XX,iufo11,j11)*flavourTag(fmu,j11,j12)*Vec(nu10,q2)*Vec(nu16,-q2)
      *Vec(nu13,q2)*Vec(nu14,q2)^2*Deng(p4,xiz,M4)*Deng(q2 + q3,xiw,M3)^2*
      Deng(p4 + q2 + q3,xiw,M3)^2*xiw^2*ufoGC58^2*ufoGC80*ufoGC69
       + 1/4*g_(1,6_,nu10)*g_(2,6_,nu16)*FT2*g_(2,q3)*cFT(nu13,XX,i2,iufo11)*
      cFT(g7,XX,iufo11,j11)*flavourTag(fmu,j11,j12)*Vec(nu10,q2)*Vec(nu16,-q2)
      *Vec(nu13,q2)*Vec(nu14,q2)*Vec(nu14,q3)*Deng(p4,xiz,M4)*Deng(q2 + q3,xiw
      ,M3)^2*Deng(p4 + q2 + q3,xiw,M3)^2*xiw^2*ufoGC58^2*ufoGC80*ufoGC69
       + 1/8*g_(1,6_,nu10)*g_(2,6_,nu16)*FT2*g_(2,q3)*cFT(nu13,XX,i2,iufo11)*
      cFT(g7,XX,iufo11,j11)*flavourTag(fmu,j11,j12)*Vec(nu10,q2)*Vec(nu16,-q2)
      *Vec(nu13,q2)*Vec(nu14,q2)*Vecr(nu14,p4)*Deng(p4,xiz,M4)*Deng(q2 + q3,
      xiw,M3)^2*Deng(p4 + q2 + q3,xiw,M3)^2*xiw^2*ufoGC58^2*ufoGC80*ufoGC69
       + 1/8*g_(1,6_,nu10)*g_(2,6_,nu16)*FT2*g_(2,q3)*cFT(nu13,XX,i2,iufo11)*
      cFT(g7,XX,iufo11,j11)*flavourTag(fmu,j11,j12)*Vec(nu10,q2)*Vec(nu16,-q2)
      *Vec(nu13,q2)*Vec(nu14,q3)^2*Deng(p4,xiz,M4)*Deng(q2 + q3,xiw,M3)^2*
      Deng(p4 + q2 + q3,xiw,M3)^2*xiw^2*ufoGC58^2*ufoGC80*ufoGC69
       + 1/8*g_(1,6_,nu10)*g_(2,6_,nu16)*FT2*g_(2,q3)*cFT(nu13,XX,i2,iufo11)*
      cFT(g7,XX,iufo11,j11)*flavourTag(fmu,j11,j12)*Vec(nu10,q2)*Vec(nu16,-q2)
      *Vec(nu13,q2)*Vec(nu14,q3)*Vecr(nu14,p4)*Deng(p4,xiz,M4)*Deng(q2 + q3,
      xiw,M3)^2*Deng(p4 + q2 + q3,xiw,M3)^2*xiw^2*ufoGC58^2*ufoGC80*ufoGC69
       + 1/8*g_(1,6_,nu10)*g_(2,6_,nu16)*FT2*g_(2,q3)*cFT(nu13,XX,i2,iufo11)*
      cFT(g7,XX,iufo11,j11)*flavourTag(fmu,j11,j12)*Vec(nu10,q2)*Vec(nu16,-q2)
      *Vec(nu13,q3)*Vec(nu14,q2)^2*Deng(p4,xiz,M4)*Deng(q2 + q3,xiw,M3)^2*
      Deng(p4 + q2 + q3,xiw,M3)^2*xiw^2*ufoGC58^2*ufoGC80*ufoGC69
       + 1/4*g_(1,6_,nu10)*g_(2,6_,nu16)*FT2*g_(2,q3)*cFT(nu13,XX,i2,iufo11)*
      cFT(g7,XX,iufo11,j11)*flavourTag(fmu,j11,j12)*Vec(nu10,q2)*Vec(nu16,-q2)
      *Vec(nu13,q3)*Vec(nu14,q2)*Vec(nu14,q3)*Deng(p4,xiz,M4)*Deng(q2 + q3,xiw
      ,M3)^2*Deng(p4 + q2 + q3,xiw,M3)^2*xiw^2*ufoGC58^2*ufoGC80*ufoGC69
       + 1/8*g_(1,6_,nu10)*g_(2,6_,nu16)*FT2*g_(2,q3)*cFT(nu13,XX,i2,iufo11)*
      cFT(g7,XX,iufo11,j11)*flavourTag(fmu,j11,j12)*Vec(nu10,q2)*Vec(nu16,-q2)
      *Vec(nu13,q3)*Vec(nu14,q2)*Vecr(nu14,p4)*Deng(p4,xiz,M4)*Deng(q2 + q3,
      xiw,M3)^2*Deng(p4 + q2 + q3,xiw,M3)^2*xiw^2*ufoGC58^2*ufoGC80*ufoGC69
       + 1/8*g_(1,6_,nu10)*g_(2,6_,nu16)*FT2*g_(2,q3)*cFT(nu13,XX,i2,iufo11)*
      cFT(g7,XX,iufo11,j11)*flavourTag(fmu,j11,j12)*Vec(nu10,q2)*Vec(nu16,-q2)
      *Vec(nu13,q3)*Vec(nu14,q3)^2*Deng(p4,xiz,M4)*Deng(q2 + q3,xiw,M3)^2*
      Deng(p4 + q2 + q3,xiw,M3)^2*xiw^2*ufoGC58^2*ufoGC80*ufoGC69
       + 1/8*g_(1,6_,nu10)*g_(2,6_,nu16)*FT2*g_(2,q3)*cFT(nu13,XX,i2,iufo11)*
      cFT(g7,XX,iufo11,j11)*flavourTag(fmu,j11,j12)*Vec(nu10,q2)*Vec(nu16,-q2)
      *Vec(nu13,q3)*Vec(nu14,q3)*Vecr(nu14,p4)*Deng(p4,xiz,M4)*Deng(q2 + q3,
      xiw,M3)^2*Deng(p4 + q2 + q3,xiw,M3)^2*xiw^2*ufoGC58^2*ufoGC80*ufoGC69
       + 1/8*g_(1,6_,nu10)*g_(2,6_,nu16)*FT2*g_(2,q3)*cFT(nu13,XX,i2,iufo11)*
      cFT(g7,XX,iufo11,j11)*flavourTag(fmu,j11,j12)*Vec(nu10,q2)*Vec(nu16,-q2)
      *Vec(nu14,q2)^2*Vecr(nu13,p4)*Deng(p4,xiz,M4)*Deng(q2 + q3,xiw,M3)^2*
      Deng(p4 + q2 + q3,xiw,M3)^2*xiw^2*ufoGC58^2*ufoGC80*ufoGC69
       + 1/4*g_(1,6_,nu10)*g_(2,6_,nu16)*FT2*g_(2,q3)*cFT(nu13,XX,i2,iufo11)*
      cFT(g7,XX,iufo11,j11)*flavourTag(fmu,j11,j12)*Vec(nu10,q2)*Vec(nu16,-q2)
      *Vec(nu14,q2)*Vec(nu14,q3)*Vecr(nu13,p4)*Deng(p4,xiz,M4)*Deng(q2 + q3,
      xiw,M3)^2*Deng(p4 + q2 + q3,xiw,M3)^2*xiw^2*ufoGC58^2*ufoGC80*ufoGC69
       + 1/8*g_(1,6_,nu10)*g_(2,6_,nu16)*FT2*g_(2,q3)*cFT(nu13,XX,i2,iufo11)*
      cFT(g7,XX,iufo11,j11)*flavourTag(fmu,j11,j12)*Vec(nu10,q2)*Vec(nu16,-q2)
      *Vec(nu14,q2)*Deng(p4,xiz,M4)*Deng(q2 + q3,xiw,M3)^2*Deng(p4 + q2 + q3,
      xiw,M3)^2*p4.p4*xiw^2*ufoGC58^2*ufoGC80*ufoGC69
       + 1/8*g_(1,6_,nu10)*g_(2,6_,nu16)*FT2*g_(2,q3)*cFT(nu13,XX,i2,iufo11)*
      cFT(g7,XX,iufo11,j11)*flavourTag(fmu,j11,j12)*Vec(nu10,q2)*Vec(nu16,-q2)
      *Vec(nu14,q3)^2*Vecr(nu13,p4)*Deng(p4,xiz,M4)*Deng(q2 + q3,xiw,M3)^2*
      Deng(p4 + q2 + q3,xiw,M3)^2*xiw^2*ufoGC58^2*ufoGC80*ufoGC69
       + 1/8*g_(1,6_,nu10)*g_(2,6_,nu16)*FT2*g_(2,q3)*cFT(nu13,XX,i2,iufo11)*
      cFT(g7,XX,iufo11,j11)*flavourTag(fmu,j11,j12)*Vec(nu10,q2)*Vec(nu16,-q2)
      *Vec(nu14,q3)*Deng(p4,xiz,M4)*Deng(q2 + q3,xiw,M3)^2*Deng(p4 + q2 + q3,
      xiw,M3)^2*p4.p4*xiw^2*ufoGC58^2*ufoGC80*ufoGC69
       + 1/8*g_(1,6_,nu10)*g_(2,6_,nu16)*FT2*g_(2,q3)*cFT(nu13,XX,i2,iufo11)*
      cFT(g7,XX,iufo11,j11)*flavourTag(fmu,j11,j12)*Vec(nu10,q2)*Vec(nu16,-q3)
      *Vec(nu13,q2)*Vec(nu14,q2)^2*Deng(p4,xiz,M4)*Deng(q2 + q3,xiw,M3)^2*
      Deng(p4 + q2 + q3,xiw,M3)^2*xiw^2*ufoGC58^2*ufoGC80*ufoGC69
       + 1/4*g_(1,6_,nu10)*g_(2,6_,nu16)*FT2*g_(2,q3)*cFT(nu13,XX,i2,iufo11)*
      cFT(g7,XX,iufo11,j11)*flavourTag(fmu,j11,j12)*Vec(nu10,q2)*Vec(nu16,-q3)
      *Vec(nu13,q2)*Vec(nu14,q2)*Vec(nu14,q3)*Deng(p4,xiz,M4)*Deng(q2 + q3,xiw
      ,M3)^2*Deng(p4 + q2 + q3,xiw,M3)^2*xiw^2*ufoGC58^2*ufoGC80*ufoGC69
       + 1/8*g_(1,6_,nu10)*g_(2,6_,nu16)*FT2*g_(2,q3)*cFT(nu13,XX,i2,iufo11)*
      cFT(g7,XX,iufo11,j11)*flavourTag(fmu,j11,j12)*Vec(nu10,q2)*Vec(nu16,-q3)
      *Vec(nu13,q2)*Vec(nu14,q2)*Vecr(nu14,p4)*Deng(p4,xiz,M4)*Deng(q2 + q3,
      xiw,M3)^2*Deng(p4 + q2 + q3,xiw,M3)^2*xiw^2*ufoGC58^2*ufoGC80*ufoGC69
       + 1/8*g_(1,6_,nu10)*g_(2,6_,nu16)*FT2*g_(2,q3)*cFT(nu13,XX,i2,iufo11)*
      cFT(g7,XX,iufo11,j11)*flavourTag(fmu,j11,j12)*Vec(nu10,q2)*Vec(nu16,-q3)
      *Vec(nu13,q2)*Vec(nu14,q3)^2*Deng(p4,xiz,M4)*Deng(q2 + q3,xiw,M3)^2*
      Deng(p4 + q2 + q3,xiw,M3)^2*xiw^2*ufoGC58^2*ufoGC80*ufoGC69
       + 1/8*g_(1,6_,nu10)*g_(2,6_,nu16)*FT2*g_(2,q3)*cFT(nu13,XX,i2,iufo11)*
      cFT(g7,XX,iufo11,j11)*flavourTag(fmu,j11,j12)*Vec(nu10,q2)*Vec(nu16,-q3)
      *Vec(nu13,q2)*Vec(nu14,q3)*Vecr(nu14,p4)*Deng(p4,xiz,M4)*Deng(q2 + q3,
      xiw,M3)^2*Deng(p4 + q2 + q3,xiw,M3)^2*xiw^2*ufoGC58^2*ufoGC80*ufoGC69
       + 1/8*g_(1,6_,nu10)*g_(2,6_,nu16)*FT2*g_(2,q3)*cFT(nu13,XX,i2,iufo11)*
      cFT(g7,XX,iufo11,j11)*flavourTag(fmu,j11,j12)*Vec(nu10,q2)*Vec(nu16,-q3)
      *Vec(nu13,q3)*Vec(nu14,q2)^2*Deng(p4,xiz,M4)*Deng(q2 + q3,xiw,M3)^2*
      Deng(p4 + q2 + q3,xiw,M3)^2*xiw^2*ufoGC58^2*ufoGC80*ufoGC69
       + 1/4*g_(1,6_,nu10)*g_(2,6_,nu16)*FT2*g_(2,q3)*cFT(nu13,XX,i2,iufo11)*
      cFT(g7,XX,iufo11,j11)*flavourTag(fmu,j11,j12)*Vec(nu10,q2)*Vec(nu16,-q3)
      *Vec(nu13,q3)*Vec(nu14,q2)*Vec(nu14,q3)*Deng(p4,xiz,M4)*Deng(q2 + q3,xiw
      ,M3)^2*Deng(p4 + q2 + q3,xiw,M3)^2*xiw^2*ufoGC58^2*ufoGC80*ufoGC69
       + 1/8*g_(1,6_,nu10)*g_(2,6_,nu16)*FT2*g_(2,q3)*cFT(nu13,XX,i2,iufo11)*
      cFT(g7,XX,iufo11,j11)*flavourTag(fmu,j11,j12)*Vec(nu10,q2)*Vec(nu16,-q3)
      *Vec(nu13,q3)*Vec(nu14,q2)*Vecr(nu14,p4)*Deng(p4,xiz,M4)*Deng(q2 + q3,
      xiw,M3)^2*Deng(p4 + q2 + q3,xiw,M3)^2*xiw^2*ufoGC58^2*ufoGC80*ufoGC69
       + 1/8*g_(1,6_,nu10)*g_(2,6_,nu16)*FT2*g_(2,q3)*cFT(nu13,XX,i2,iufo11)*
      cFT(g7,XX,iufo11,j11)*flavourTag(fmu,j11,j12)*Vec(nu10,q2)*Vec(nu16,-q3)
      *Vec(nu13,q3)*Vec(nu14,q3)^2*Deng(p4,xiz,M4)*Deng(q2 + q3,xiw,M3)^2*
      Deng(p4 + q2 + q3,xiw,M3)^2*xiw^2*ufoGC58^2*ufoGC80*ufoGC69
       + 1/8*g_(1,6_,nu10)*g_(2,6_,nu16)*FT2*g_(2,q3)*cFT(nu13,XX,i2,iufo11)*
      cFT(g7,XX,iufo11,j11)*flavourTag(fmu,j11,j12)*Vec(nu10,q2)*Vec(nu16,-q3)
      *Vec(nu13,q3)*Vec(nu14,q3)*Vecr(nu14,p4)*Deng(p4,xiz,M4)*Deng(q2 + q3,
      xiw,M3)^2*Deng(p4 + q2 + q3,xiw,M3)^2*xiw^2*ufoGC58^2*ufoGC80*ufoGC69
       + 1/8*g_(1,6_,nu10)*g_(2,6_,nu16)*FT2*g_(2,q3)*cFT(nu13,XX,i2,iufo11)*
      cFT(g7,XX,iufo11,j11)*flavourTag(fmu,j11,j12)*Vec(nu10,q2)*Vec(nu16,-q3)
      *Vec(nu14,q2)^2*Vecr(nu13,p4)*Deng(p4,xiz,M4)*Deng(q2 + q3,xiw,M3)^2*
      Deng(p4 + q2 + q3,xiw,M3)^2*xiw^2*ufoGC58^2*ufoGC80*ufoGC69
       + 1/4*g_(1,6_,nu10)*g_(2,6_,nu16)*FT2*g_(2,q3)*cFT(nu13,XX,i2,iufo11)*
      cFT(g7,XX,iufo11,j11)*flavourTag(fmu,j11,j12)*Vec(nu10,q2)*Vec(nu16,-q3)
      *Vec(nu14,q2)*Vec(nu14,q3)*Vecr(nu13,p4)*Deng(p4,xiz,M4)*Deng(q2 + q3,
      xiw,M3)^2*Deng(p4 + q2 + q3,xiw,M3)^2*xiw^2*ufoGC58^2*ufoGC80*ufoGC69
       + 1/8*g_(1,6_,nu10)*g_(2,6_,nu16)*FT2*g_(2,q3)*cFT(nu13,XX,i2,iufo11)*
      cFT(g7,XX,iufo11,j11)*flavourTag(fmu,j11,j12)*Vec(nu10,q2)*Vec(nu16,-q3)
      *Vec(nu14,q2)*Deng(p4,xiz,M4)*Deng(q2 + q3,xiw,M3)^2*Deng(p4 + q2 + q3,
      xiw,M3)^2*p4.p4*xiw^2*ufoGC58^2*ufoGC80*ufoGC69
       + 1/8*g_(1,6_,nu10)*g_(2,6_,nu16)*FT2*g_(2,q3)*cFT(nu13,XX,i2,iufo11)*
      cFT(g7,XX,iufo11,j11)*flavourTag(fmu,j11,j12)*Vec(nu10,q2)*Vec(nu16,-q3)
      *Vec(nu14,q3)^2*Vecr(nu13,p4)*Deng(p4,xiz,M4)*Deng(q2 + q3,xiw,M3)^2*
      Deng(p4 + q2 + q3,xiw,M3)^2*xiw^2*ufoGC58^2*ufoGC80*ufoGC69
       + 1/8*g_(1,6_,nu10)*g_(2,6_,nu16)*FT2*g_(2,q3)*cFT(nu13,XX,i2,iufo11)*
      cFT(g7,XX,iufo11,j11)*flavourTag(fmu,j11,j12)*Vec(nu10,q2)*Vec(nu16,-q3)
      *Vec(nu14,q3)*Deng(p4,xiz,M4)*Deng(q2 + q3,xiw,M3)^2*Deng(p4 + q2 + q3,
      xiw,M3)^2*p4.p4*xiw^2*ufoGC58^2*ufoGC80*ufoGC69
       - 1/8*g_(1,6_,nu10)*g_(2,6_,nu16)*FT2*g_(2,q3)*cFT(nu13,XX,i2,iufo11)*
      cFT(g7,XX,iufo11,j11)*flavourTag(fmu,j11,j12)*Vec(nu10,q2)*Vec(nu13,q2)*
      Vec(nu9,q2)*Vec(nu15,q2)*Vecr(nu15,p4)*Deng(p4,xiz,M4)^2*Deng(q2 + q3,
      xiw,M3)^2*Deng(p4 + q2 + q3,xiw,M3)^2*p4.p4*xiw^2*ufoGC58^2*ufoGC80*
      ufoGC69
       - 1/8*g_(1,6_,nu10)*g_(2,6_,nu16)*FT2*g_(2,q3)*cFT(nu13,XX,i2,iufo11)*
      cFT(g7,XX,iufo11,j11)*flavourTag(fmu,j11,j12)*Vec(nu10,q2)*Vec(nu13,q2)*
      Vec(nu9,q2)*Vec(nu15,q3)*Vecr(nu15,p4)*Deng(p4,xiz,M4)^2*Deng(q2 + q3,
      xiw,M3)^2*Deng(p4 + q2 + q3,xiw,M3)^2*p4.p4*xiw^2*ufoGC58^2*ufoGC80*
      ufoGC69
       + 1/8*g_(1,6_,nu10)*g_(2,6_,nu16)*FT2*g_(2,q3)*cFT(nu13,XX,i2,iufo11)*
      cFT(g7,XX,iufo11,j11)*flavourTag(fmu,j11,j12)*Vec(nu10,q2)*Vec(nu13,q2)*
      Vec(nu9,q2)*Deng(p4,xiz,M4)*Deng(q2 + q3,xiw,M3)^2*Deng(p4 + q2 + q3,xiw
      ,M3)^2*p4.p4*xiw^2*ufoGC58^2*ufoGC80*ufoGC69
       - 1/8*g_(1,6_,nu10)*g_(2,6_,nu16)*FT2*g_(2,q3)*cFT(nu13,XX,i2,iufo11)*
      cFT(g7,XX,iufo11,j11)*flavourTag(fmu,j11,j12)*Vec(nu10,q2)*Vec(nu13,q2)*
      Vec(nu9,q2)*Deng(p4,xiz,M4)^2*Deng(q2 + q3,xiw,M3)^2*Deng(p4 + q2 + q3,
      xiw,M3)^2*p4.p4^2*xiw^2*ufoGC58^2*ufoGC80*ufoGC69
       - 1/8*g_(1,6_,nu10)*g_(2,6_,nu16)*FT2*g_(2,q3)*cFT(nu13,XX,i2,iufo11)*
      cFT(g7,XX,iufo11,j11)*flavourTag(fmu,j11,j12)*Vec(nu10,q2)*Vec(nu13,q2)*
      Vec(nu9,q3)*Vec(nu15,q2)*Vecr(nu15,p4)*Deng(p4,xiz,M4)^2*Deng(q2 + q3,
      xiw,M3)^2*Deng(p4 + q2 + q3,xiw,M3)^2*p4.p4*xiw^2*ufoGC58^2*ufoGC80*
      ufoGC69
       - 1/8*g_(1,6_,nu10)*g_(2,6_,nu16)*FT2*g_(2,q3)*cFT(nu13,XX,i2,iufo11)*
      cFT(g7,XX,iufo11,j11)*flavourTag(fmu,j11,j12)*Vec(nu10,q2)*Vec(nu13,q2)*
      Vec(nu9,q3)*Vec(nu15,q3)*Vecr(nu15,p4)*Deng(p4,xiz,M4)^2*Deng(q2 + q3,
      xiw,M3)^2*Deng(p4 + q2 + q3,xiw,M3)^2*p4.p4*xiw^2*ufoGC58^2*ufoGC80*
      ufoGC69
       + 1/8*g_(1,6_,nu10)*g_(2,6_,nu16)*FT2*g_(2,q3)*cFT(nu13,XX,i2,iufo11)*
      cFT(g7,XX,iufo11,j11)*flavourTag(fmu,j11,j12)*Vec(nu10,q2)*Vec(nu13,q2)*
      Vec(nu9,q3)*Deng(p4,xiz,M4)*Deng(q2 + q3,xiw,M3)^2*Deng(p4 + q2 + q3,xiw
      ,M3)^2*p4.p4*xiw^2*ufoGC58^2*ufoGC80*ufoGC69
       - 1/8*g_(1,6_,nu10)*g_(2,6_,nu16)*FT2*g_(2,q3)*cFT(nu13,XX,i2,iufo11)*
      cFT(g7,XX,iufo11,j11)*flavourTag(fmu,j11,j12)*Vec(nu10,q2)*Vec(nu13,q2)*
      Vec(nu9,q3)*Deng(p4,xiz,M4)^2*Deng(q2 + q3,xiw,M3)^2*Deng(p4 + q2 + q3,
      xiw,M3)^2*p4.p4^2*xiw^2*ufoGC58^2*ufoGC80*ufoGC69
       + 1/8*g_(1,6_,nu10)*g_(2,6_,nu16)*FT2*g_(2,q3)*cFT(nu13,XX,i2,iufo11)*
      cFT(g7,XX,iufo11,j11)*flavourTag(fmu,j11,j12)*Vec(nu10,q2)*Vec(nu13,q2)*
      Vec(nu9,-p4)*Vec(nu9,q2)*Vec(nu15,q2)*Deng(p4,xiz,M4)^2*Deng(q2 + q3,xiw
      ,M3)^2*Deng(p4 + q2 + q3,xiw,M3)^2*p4.p4*xiw^2*ufoGC58^2*ufoGC80*ufoGC69
       + 1/8*g_(1,6_,nu10)*g_(2,6_,nu16)*FT2*g_(2,q3)*cFT(nu13,XX,i2,iufo11)*
      cFT(g7,XX,iufo11,j11)*flavourTag(fmu,j11,j12)*Vec(nu10,q2)*Vec(nu13,q2)*
      Vec(nu9,-p4)*Vec(nu9,q2)*Vec(nu15,q3)*Deng(p4,xiz,M4)^2*Deng(q2 + q3,xiw
      ,M3)^2*Deng(p4 + q2 + q3,xiw,M3)^2*p4.p4*xiw^2*ufoGC58^2*ufoGC80*ufoGC69
       - 1/8*g_(1,6_,nu10)*g_(2,6_,nu16)*FT2*g_(2,q3)*cFT(nu13,XX,i2,iufo11)*
      cFT(g7,XX,iufo11,j11)*flavourTag(fmu,j11,j12)*Vec(nu10,q2)*Vec(nu13,q2)*
      Vec(nu9,-p4)*Vec(nu9,q2)*Vecr(nu16,p4)*Deng(p4,xiz,M4)*Deng(q2 + q3,xiw,
      M3)^2*Deng(p4 + q2 + q3,xiw,M3)^2*xiw^2*ufoGC58^2*ufoGC80*ufoGC69
       + 1/8*g_(1,6_,nu10)*g_(2,6_,nu16)*FT2*g_(2,q3)*cFT(nu13,XX,i2,iufo11)*
      cFT(g7,XX,iufo11,j11)*flavourTag(fmu,j11,j12)*Vec(nu10,q2)*Vec(nu13,q2)*
      Vec(nu9,-p4)*Vec(nu9,q2)*Vecr(nu15,p4)*Deng(p4,xiz,M4)^2*Deng(q2 + q3,
      xiw,M3)^2*Deng(p4 + q2 + q3,xiw,M3)^2*p4.p4*xiw^2*ufoGC58^2*ufoGC80*
      ufoGC69
       + 1/8*g_(1,6_,nu10)*g_(2,6_,nu16)*FT2*g_(2,q3)*cFT(nu13,XX,i2,iufo11)*
      cFT(g7,XX,iufo11,j11)*flavourTag(fmu,j11,j12)*Vec(nu10,q2)*Vec(nu13,q2)*
      Vec(nu9,-p4)*Vec(nu9,q3)*Vec(nu15,q2)*Deng(p4,xiz,M4)^2*Deng(q2 + q3,xiw
      ,M3)^2*Deng(p4 + q2 + q3,xiw,M3)^2*p4.p4*xiw^2*ufoGC58^2*ufoGC80*ufoGC69
       + 1/8*g_(1,6_,nu10)*g_(2,6_,nu16)*FT2*g_(2,q3)*cFT(nu13,XX,i2,iufo11)*
      cFT(g7,XX,iufo11,j11)*flavourTag(fmu,j11,j12)*Vec(nu10,q2)*Vec(nu13,q2)*
      Vec(nu9,-p4)*Vec(nu9,q3)*Vec(nu15,q3)*Deng(p4,xiz,M4)^2*Deng(q2 + q3,xiw
      ,M3)^2*Deng(p4 + q2 + q3,xiw,M3)^2*p4.p4*xiw^2*ufoGC58^2*ufoGC80*ufoGC69
       - 1/8*g_(1,6_,nu10)*g_(2,6_,nu16)*FT2*g_(2,q3)*cFT(nu13,XX,i2,iufo11)*
      cFT(g7,XX,iufo11,j11)*flavourTag(fmu,j11,j12)*Vec(nu10,q2)*Vec(nu13,q2)*
      Vec(nu9,-p4)*Vec(nu9,q3)*Vecr(nu16,p4)*Deng(p4,xiz,M4)*Deng(q2 + q3,xiw,
      M3)^2*Deng(p4 + q2 + q3,xiw,M3)^2*xiw^2*ufoGC58^2*ufoGC80*ufoGC69
       + 1/8*g_(1,6_,nu10)*g_(2,6_,nu16)*FT2*g_(2,q3)*cFT(nu13,XX,i2,iufo11)*
      cFT(g7,XX,iufo11,j11)*flavourTag(fmu,j11,j12)*Vec(nu10,q2)*Vec(nu13,q2)*
      Vec(nu9,-p4)*Vec(nu9,q3)*Vecr(nu15,p4)*Deng(p4,xiz,M4)^2*Deng(q2 + q3,
      xiw,M3)^2*Deng(p4 + q2 + q3,xiw,M3)^2*p4.p4*xiw^2*ufoGC58^2*ufoGC80*
      ufoGC69
       + 1/8*g_(1,6_,nu10)*g_(2,6_,nu16)*FT2*g_(2,q3)*cFT(nu13,XX,i2,iufo11)*
      cFT(g7,XX,iufo11,j11)*flavourTag(fmu,j11,j12)*Vec(nu10,q2)*Vec(nu13,q2)*
      Vec(nu9,-q2)*Vec(nu9,q2)*Vec(nu15,q2)*Deng(p4,xiz,M4)^2*Deng(q2 + q3,xiw
      ,M3)^2*Deng(p4 + q2 + q3,xiw,M3)^2*p4.p4*xiw^2*ufoGC58^2*ufoGC80*ufoGC69
       + 1/8*g_(1,6_,nu10)*g_(2,6_,nu16)*FT2*g_(2,q3)*cFT(nu13,XX,i2,iufo11)*
      cFT(g7,XX,iufo11,j11)*flavourTag(fmu,j11,j12)*Vec(nu10,q2)*Vec(nu13,q2)*
      Vec(nu9,-q2)*Vec(nu9,q2)*Vec(nu15,q3)*Deng(p4,xiz,M4)^2*Deng(q2 + q3,xiw
      ,M3)^2*Deng(p4 + q2 + q3,xiw,M3)^2*p4.p4*xiw^2*ufoGC58^2*ufoGC80*ufoGC69
       - 1/8*g_(1,6_,nu10)*g_(2,6_,nu16)*FT2*g_(2,q3)*cFT(nu13,XX,i2,iufo11)*
      cFT(g7,XX,iufo11,j11)*flavourTag(fmu,j11,j12)*Vec(nu10,q2)*Vec(nu13,q2)*
      Vec(nu9,-q2)*Vec(nu9,q2)*Vecr(nu16,p4)*Deng(p4,xiz,M4)*Deng(q2 + q3,xiw,
      M3)^2*Deng(p4 + q2 + q3,xiw,M3)^2*xiw^2*ufoGC58^2*ufoGC80*ufoGC69
       + 1/8*g_(1,6_,nu10)*g_(2,6_,nu16)*FT2*g_(2,q3)*cFT(nu13,XX,i2,iufo11)*
      cFT(g7,XX,iufo11,j11)*flavourTag(fmu,j11,j12)*Vec(nu10,q2)*Vec(nu13,q2)*
      Vec(nu9,-q2)*Vec(nu9,q2)*Vecr(nu15,p4)*Deng(p4,xiz,M4)^2*Deng(q2 + q3,
      xiw,M3)^2*Deng(p4 + q2 + q3,xiw,M3)^2*p4.p4*xiw^2*ufoGC58^2*ufoGC80*
      ufoGC69
       + 1/8*g_(1,6_,nu10)*g_(2,6_,nu16)*FT2*g_(2,q3)*cFT(nu13,XX,i2,iufo11)*
      cFT(g7,XX,iufo11,j11)*flavourTag(fmu,j11,j12)*Vec(nu10,q2)*Vec(nu13,q2)*
      Vec(nu9,-q2)*Vec(nu9,q3)*Vec(nu15,q2)*Deng(p4,xiz,M4)^2*Deng(q2 + q3,xiw
      ,M3)^2*Deng(p4 + q2 + q3,xiw,M3)^2*p4.p4*xiw^2*ufoGC58^2*ufoGC80*ufoGC69
       + 1/8*g_(1,6_,nu10)*g_(2,6_,nu16)*FT2*g_(2,q3)*cFT(nu13,XX,i2,iufo11)*
      cFT(g7,XX,iufo11,j11)*flavourTag(fmu,j11,j12)*Vec(nu10,q2)*Vec(nu13,q2)*
      Vec(nu9,-q2)*Vec(nu9,q3)*Vec(nu15,q3)*Deng(p4,xiz,M4)^2*Deng(q2 + q3,xiw
      ,M3)^2*Deng(p4 + q2 + q3,xiw,M3)^2*p4.p4*xiw^2*ufoGC58^2*ufoGC80*ufoGC69
       - 1/8*g_(1,6_,nu10)*g_(2,6_,nu16)*FT2*g_(2,q3)*cFT(nu13,XX,i2,iufo11)*
      cFT(g7,XX,iufo11,j11)*flavourTag(fmu,j11,j12)*Vec(nu10,q2)*Vec(nu13,q2)*
      Vec(nu9,-q2)*Vec(nu9,q3)*Vecr(nu16,p4)*Deng(p4,xiz,M4)*Deng(q2 + q3,xiw,
      M3)^2*Deng(p4 + q2 + q3,xiw,M3)^2*xiw^2*ufoGC58^2*ufoGC80*ufoGC69
       + 1/8*g_(1,6_,nu10)*g_(2,6_,nu16)*FT2*g_(2,q3)*cFT(nu13,XX,i2,iufo11)*
      cFT(g7,XX,iufo11,j11)*flavourTag(fmu,j11,j12)*Vec(nu10,q2)*Vec(nu13,q2)*
      Vec(nu9,-q2)*Vec(nu9,q3)*Vecr(nu15,p4)*Deng(p4,xiz,M4)^2*Deng(q2 + q3,
      xiw,M3)^2*Deng(p4 + q2 + q3,xiw,M3)^2*p4.p4*xiw^2*ufoGC58^2*ufoGC80*
      ufoGC69
       + 1/8*g_(1,6_,nu10)*g_(2,6_,nu16)*FT2*g_(2,q3)*cFT(nu13,XX,i2,iufo11)*
      cFT(g7,XX,iufo11,j11)*flavourTag(fmu,j11,j12)*Vec(nu10,q2)*Vec(nu13,q2)*
      Vec(nu9,-q3)*Vec(nu9,q2)*Vec(nu15,q2)*Deng(p4,xiz,M4)^2*Deng(q2 + q3,xiw
      ,M3)^2*Deng(p4 + q2 + q3,xiw,M3)^2*p4.p4*xiw^2*ufoGC58^2*ufoGC80*ufoGC69
       + 1/8*g_(1,6_,nu10)*g_(2,6_,nu16)*FT2*g_(2,q3)*cFT(nu13,XX,i2,iufo11)*
      cFT(g7,XX,iufo11,j11)*flavourTag(fmu,j11,j12)*Vec(nu10,q2)*Vec(nu13,q2)*
      Vec(nu9,-q3)*Vec(nu9,q2)*Vec(nu15,q3)*Deng(p4,xiz,M4)^2*Deng(q2 + q3,xiw
      ,M3)^2*Deng(p4 + q2 + q3,xiw,M3)^2*p4.p4*xiw^2*ufoGC58^2*ufoGC80*ufoGC69
       - 1/8*g_(1,6_,nu10)*g_(2,6_,nu16)*FT2*g_(2,q3)*cFT(nu13,XX,i2,iufo11)*
      cFT(g7,XX,iufo11,j11)*flavourTag(fmu,j11,j12)*Vec(nu10,q2)*Vec(nu13,q2)*
      Vec(nu9,-q3)*Vec(nu9,q2)*Vecr(nu16,p4)*Deng(p4,xiz,M4)*Deng(q2 + q3,xiw,
      M3)^2*Deng(p4 + q2 + q3,xiw,M3)^2*xiw^2*ufoGC58^2*ufoGC80*ufoGC69
       + 1/8*g_(1,6_,nu10)*g_(2,6_,nu16)*FT2*g_(2,q3)*cFT(nu13,XX,i2,iufo11)*
      cFT(g7,XX,iufo11,j11)*flavourTag(fmu,j11,j12)*Vec(nu10,q2)*Vec(nu13,q2)*
      Vec(nu9,-q3)*Vec(nu9,q2)*Vecr(nu15,p4)*Deng(p4,xiz,M4)^2*Deng(q2 + q3,
      xiw,M3)^2*Deng(p4 + q2 + q3,xiw,M3)^2*p4.p4*xiw^2*ufoGC58^2*ufoGC80*
      ufoGC69
       + 1/8*g_(1,6_,nu10)*g_(2,6_,nu16)*FT2*g_(2,q3)*cFT(nu13,XX,i2,iufo11)*
      cFT(g7,XX,iufo11,j11)*flavourTag(fmu,j11,j12)*Vec(nu10,q2)*Vec(nu13,q2)*
      Vec(nu9,-q3)*Vec(nu9,q3)*Vec(nu15,q2)*Deng(p4,xiz,M4)^2*Deng(q2 + q3,xiw
      ,M3)^2*Deng(p4 + q2 + q3,xiw,M3)^2*p4.p4*xiw^2*ufoGC58^2*ufoGC80*ufoGC69
       + 1/8*g_(1,6_,nu10)*g_(2,6_,nu16)*FT2*g_(2,q3)*cFT(nu13,XX,i2,iufo11)*
      cFT(g7,XX,iufo11,j11)*flavourTag(fmu,j11,j12)*Vec(nu10,q2)*Vec(nu13,q2)*
      Vec(nu9,-q3)*Vec(nu9,q3)*Vec(nu15,q3)*Deng(p4,xiz,M4)^2*Deng(q2 + q3,xiw
      ,M3)^2*Deng(p4 + q2 + q3,xiw,M3)^2*p4.p4*xiw^2*ufoGC58^2*ufoGC80*ufoGC69
       - 1/8*g_(1,6_,nu10)*g_(2,6_,nu16)*FT2*g_(2,q3)*cFT(nu13,XX,i2,iufo11)*
      cFT(g7,XX,iufo11,j11)*flavourTag(fmu,j11,j12)*Vec(nu10,q2)*Vec(nu13,q2)*
      Vec(nu9,-q3)*Vec(nu9,q3)*Vecr(nu16,p4)*Deng(p4,xiz,M4)*Deng(q2 + q3,xiw,
      M3)^2*Deng(p4 + q2 + q3,xiw,M3)^2*xiw^2*ufoGC58^2*ufoGC80*ufoGC69
       + 1/8*g_(1,6_,nu10)*g_(2,6_,nu16)*FT2*g_(2,q3)*cFT(nu13,XX,i2,iufo11)*
      cFT(g7,XX,iufo11,j11)*flavourTag(fmu,j11,j12)*Vec(nu10,q2)*Vec(nu13,q2)*
      Vec(nu9,-q3)*Vec(nu9,q3)*Vecr(nu15,p4)*Deng(p4,xiz,M4)^2*Deng(q2 + q3,
      xiw,M3)^2*Deng(p4 + q2 + q3,xiw,M3)^2*p4.p4*xiw^2*ufoGC58^2*ufoGC80*
      ufoGC69
       - 1/8*g_(1,6_,nu10)*g_(2,6_,nu16)*FT2*g_(2,q3)*cFT(nu13,XX,i2,iufo11)*
      cFT(g7,XX,iufo11,j11)*flavourTag(fmu,j11,j12)*Vec(nu10,q2)*Vec(nu13,q2)*
      Vec(nu14,q2)^2*Vec(nu15,-p4)*Deng(p4,xiz,M4)^2*Deng(q2 + q3,xiw,M3)^2*
      Deng(p4 + q2 + q3,xiw,M3)^2*p4.p4*xiw^2*ufoGC58^2*ufoGC80*ufoGC69
       - 1/8*g_(1,6_,nu10)*g_(2,6_,nu16)*FT2*g_(2,q3)*cFT(nu13,XX,i2,iufo11)*
      cFT(g7,XX,iufo11,j11)*flavourTag(fmu,j11,j12)*Vec(nu10,q2)*Vec(nu13,q2)*
      Vec(nu14,q2)^2*Vec(nu15,-q2)*Deng(p4,xiz,M4)^2*Deng(q2 + q3,xiw,M3)^2*
      Deng(p4 + q2 + q3,xiw,M3)^2*p4.p4*xiw^2*ufoGC58^2*ufoGC80*ufoGC69
       - 1/8*g_(1,6_,nu10)*g_(2,6_,nu16)*FT2*g_(2,q3)*cFT(nu13,XX,i2,iufo11)*
      cFT(g7,XX,iufo11,j11)*flavourTag(fmu,j11,j12)*Vec(nu10,q2)*Vec(nu13,q2)*
      Vec(nu14,q2)^2*Vec(nu15,-q3)*Deng(p4,xiz,M4)^2*Deng(q2 + q3,xiw,M3)^2*
      Deng(p4 + q2 + q3,xiw,M3)^2*p4.p4*xiw^2*ufoGC58^2*ufoGC80*ufoGC69
       - 1/4*g_(1,6_,nu10)*g_(2,6_,nu16)*FT2*g_(2,q3)*cFT(nu13,XX,i2,iufo11)*
      cFT(g7,XX,iufo11,j11)*flavourTag(fmu,j11,j12)*Vec(nu10,q2)*Vec(nu13,q2)*
      Vec(nu14,q2)*Vec(nu14,q3)*Vec(nu15,-p4)*Deng(p4,xiz,M4)^2*Deng(q2 + q3,
      xiw,M3)^2*Deng(p4 + q2 + q3,xiw,M3)^2*p4.p4*xiw^2*ufoGC58^2*ufoGC80*
      ufoGC69
       - 1/4*g_(1,6_,nu10)*g_(2,6_,nu16)*FT2*g_(2,q3)*cFT(nu13,XX,i2,iufo11)*
      cFT(g7,XX,iufo11,j11)*flavourTag(fmu,j11,j12)*Vec(nu10,q2)*Vec(nu13,q2)*
      Vec(nu14,q2)*Vec(nu14,q3)*Vec(nu15,-q2)*Deng(p4,xiz,M4)^2*Deng(q2 + q3,
      xiw,M3)^2*Deng(p4 + q2 + q3,xiw,M3)^2*p4.p4*xiw^2*ufoGC58^2*ufoGC80*
      ufoGC69
       - 1/4*g_(1,6_,nu10)*g_(2,6_,nu16)*FT2*g_(2,q3)*cFT(nu13,XX,i2,iufo11)*
      cFT(g7,XX,iufo11,j11)*flavourTag(fmu,j11,j12)*Vec(nu10,q2)*Vec(nu13,q2)*
      Vec(nu14,q2)*Vec(nu14,q3)*Vec(nu15,-q3)*Deng(p4,xiz,M4)^2*Deng(q2 + q3,
      xiw,M3)^2*Deng(p4 + q2 + q3,xiw,M3)^2*p4.p4*xiw^2*ufoGC58^2*ufoGC80*
      ufoGC69
       + 1/8*g_(1,6_,nu10)*g_(2,6_,nu16)*FT2*g_(2,q3)*cFT(nu13,XX,i2,iufo11)*
      cFT(g7,XX,iufo11,j11)*flavourTag(fmu,j11,j12)*Vec(nu10,q2)*Vec(nu13,q2)*
      Vec(nu14,q2)*Vec(nu15,q2)*Vecr(nu15,p4)*Deng(p4,xiz,M4)^2*Deng(q2 + q3,
      xiw,M3)^2*Deng(p4 + q2 + q3,xiw,M3)^2*p4.p4*xiw^2*ufoGC58^2*ufoGC80*
      ufoGC69
       + 1/8*g_(1,6_,nu10)*g_(2,6_,nu16)*FT2*g_(2,q3)*cFT(nu13,XX,i2,iufo11)*
      cFT(g7,XX,iufo11,j11)*flavourTag(fmu,j11,j12)*Vec(nu10,q2)*Vec(nu13,q2)*
      Vec(nu14,q2)*Vec(nu15,q3)*Vecr(nu15,p4)*Deng(p4,xiz,M4)^2*Deng(q2 + q3,
      xiw,M3)^2*Deng(p4 + q2 + q3,xiw,M3)^2*p4.p4*xiw^2*ufoGC58^2*ufoGC80*
      ufoGC69
       - 1/8*g_(1,6_,nu10)*g_(2,6_,nu16)*FT2*g_(2,q3)*cFT(nu13,XX,i2,iufo11)*
      cFT(g7,XX,iufo11,j11)*flavourTag(fmu,j11,j12)*Vec(nu10,q2)*Vec(nu13,q2)*
      Vec(nu14,q2)*Vec(nu15,-p4)*Vecr(nu15,p4)*Deng(p4,xiz,M4)^2*Deng(q2 + q3,
      xiw,M3)^2*Deng(p4 + q2 + q3,xiw,M3)^2*p4.p4*xiw^2*ufoGC58^2*ufoGC80*
      ufoGC69
       - 1/8*g_(1,6_,nu10)*g_(2,6_,nu16)*FT2*g_(2,q3)*cFT(nu13,XX,i2,iufo11)*
      cFT(g7,XX,iufo11,j11)*flavourTag(fmu,j11,j12)*Vec(nu10,q2)*Vec(nu13,q2)*
      Vec(nu14,q2)*Vec(nu15,-q2)*Vecr(nu15,p4)*Deng(p4,xiz,M4)^2*Deng(q2 + q3,
      xiw,M3)^2*Deng(p4 + q2 + q3,xiw,M3)^2*p4.p4*xiw^2*ufoGC58^2*ufoGC80*
      ufoGC69
       - 1/8*g_(1,6_,nu10)*g_(2,6_,nu16)*FT2*g_(2,q3)*cFT(nu13,XX,i2,iufo11)*
      cFT(g7,XX,iufo11,j11)*flavourTag(fmu,j11,j12)*Vec(nu10,q2)*Vec(nu13,q2)*
      Vec(nu14,q2)*Vec(nu15,-q3)*Vecr(nu15,p4)*Deng(p4,xiz,M4)^2*Deng(q2 + q3,
      xiw,M3)^2*Deng(p4 + q2 + q3,xiw,M3)^2*p4.p4*xiw^2*ufoGC58^2*ufoGC80*
      ufoGC69
       - 1/8*g_(1,6_,nu10)*g_(2,6_,nu16)*FT2*g_(2,q3)*cFT(nu13,XX,i2,iufo11)*
      cFT(g7,XX,iufo11,j11)*flavourTag(fmu,j11,j12)*Vec(nu10,q2)*Vec(nu13,q2)*
      Vec(nu14,q3)^2*Vec(nu15,-p4)*Deng(p4,xiz,M4)^2*Deng(q2 + q3,xiw,M3)^2*
      Deng(p4 + q2 + q3,xiw,M3)^2*p4.p4*xiw^2*ufoGC58^2*ufoGC80*ufoGC69
       - 1/8*g_(1,6_,nu10)*g_(2,6_,nu16)*FT2*g_(2,q3)*cFT(nu13,XX,i2,iufo11)*
      cFT(g7,XX,iufo11,j11)*flavourTag(fmu,j11,j12)*Vec(nu10,q2)*Vec(nu13,q2)*
      Vec(nu14,q3)^2*Vec(nu15,-q2)*Deng(p4,xiz,M4)^2*Deng(q2 + q3,xiw,M3)^2*
      Deng(p4 + q2 + q3,xiw,M3)^2*p4.p4*xiw^2*ufoGC58^2*ufoGC80*ufoGC69
       - 1/8*g_(1,6_,nu10)*g_(2,6_,nu16)*FT2*g_(2,q3)*cFT(nu13,XX,i2,iufo11)*
      cFT(g7,XX,iufo11,j11)*flavourTag(fmu,j11,j12)*Vec(nu10,q2)*Vec(nu13,q2)*
      Vec(nu14,q3)^2*Vec(nu15,-q3)*Deng(p4,xiz,M4)^2*Deng(q2 + q3,xiw,M3)^2*
      Deng(p4 + q2 + q3,xiw,M3)^2*p4.p4*xiw^2*ufoGC58^2*ufoGC80*ufoGC69
       + 1/8*g_(1,6_,nu10)*g_(2,6_,nu16)*FT2*g_(2,q3)*cFT(nu13,XX,i2,iufo11)*
      cFT(g7,XX,iufo11,j11)*flavourTag(fmu,j11,j12)*Vec(nu10,q2)*Vec(nu13,q2)*
      Vec(nu14,q3)*Vec(nu15,q2)*Vecr(nu15,p4)*Deng(p4,xiz,M4)^2*Deng(q2 + q3,
      xiw,M3)^2*Deng(p4 + q2 + q3,xiw,M3)^2*p4.p4*xiw^2*ufoGC58^2*ufoGC80*
      ufoGC69
       + 1/8*g_(1,6_,nu10)*g_(2,6_,nu16)*FT2*g_(2,q3)*cFT(nu13,XX,i2,iufo11)*
      cFT(g7,XX,iufo11,j11)*flavourTag(fmu,j11,j12)*Vec(nu10,q2)*Vec(nu13,q2)*
      Vec(nu14,q3)*Vec(nu15,q3)*Vecr(nu15,p4)*Deng(p4,xiz,M4)^2*Deng(q2 + q3,
      xiw,M3)^2*Deng(p4 + q2 + q3,xiw,M3)^2*p4.p4*xiw^2*ufoGC58^2*ufoGC80*
      ufoGC69
       - 1/8*g_(1,6_,nu10)*g_(2,6_,nu16)*FT2*g_(2,q3)*cFT(nu13,XX,i2,iufo11)*
      cFT(g7,XX,iufo11,j11)*flavourTag(fmu,j11,j12)*Vec(nu10,q2)*Vec(nu13,q2)*
      Vec(nu14,q3)*Vec(nu15,-p4)*Vecr(nu15,p4)*Deng(p4,xiz,M4)^2*Deng(q2 + q3,
      xiw,M3)^2*Deng(p4 + q2 + q3,xiw,M3)^2*p4.p4*xiw^2*ufoGC58^2*ufoGC80*
      ufoGC69
       - 1/8*g_(1,6_,nu10)*g_(2,6_,nu16)*FT2*g_(2,q3)*cFT(nu13,XX,i2,iufo11)*
      cFT(g7,XX,iufo11,j11)*flavourTag(fmu,j11,j12)*Vec(nu10,q2)*Vec(nu13,q2)*
      Vec(nu14,q3)*Vec(nu15,-q2)*Vecr(nu15,p4)*Deng(p4,xiz,M4)^2*Deng(q2 + q3,
      xiw,M3)^2*Deng(p4 + q2 + q3,xiw,M3)^2*p4.p4*xiw^2*ufoGC58^2*ufoGC80*
      ufoGC69
       - 1/8*g_(1,6_,nu10)*g_(2,6_,nu16)*FT2*g_(2,q3)*cFT(nu13,XX,i2,iufo11)*
      cFT(g7,XX,iufo11,j11)*flavourTag(fmu,j11,j12)*Vec(nu10,q2)*Vec(nu13,q2)*
      Vec(nu14,q3)*Vec(nu15,-q3)*Vecr(nu15,p4)*Deng(p4,xiz,M4)^2*Deng(q2 + q3,
      xiw,M3)^2*Deng(p4 + q2 + q3,xiw,M3)^2*p4.p4*xiw^2*ufoGC58^2*ufoGC80*
      ufoGC69
       + 1/8*g_(1,6_,nu10)*g_(2,6_,nu16)*FT2*g_(2,q3)*cFT(nu13,XX,i2,iufo11)*
      cFT(g7,XX,iufo11,j11)*flavourTag(fmu,j11,j12)*Vec(nu10,q2)*Vec(nu13,q2)*
      Vec(nu15,q2)*Deng(p4,xiz,M4)^2*Deng(q2 + q3,xiw,M3)^2*Deng(p4 + q2 + q3,
      xiw,M3)^2*p4.p4^2*xiw^2*ufoGC58^2*ufoGC80*ufoGC69
       + 1/8*g_(1,6_,nu10)*g_(2,6_,nu16)*FT2*g_(2,q3)*cFT(nu13,XX,i2,iufo11)*
      cFT(g7,XX,iufo11,j11)*flavourTag(fmu,j11,j12)*Vec(nu10,q2)*Vec(nu13,q2)*
      Vec(nu15,q3)*Deng(p4,xiz,M4)^2*Deng(q2 + q3,xiw,M3)^2*Deng(p4 + q2 + q3,
      xiw,M3)^2*p4.p4^2*xiw^2*ufoGC58^2*ufoGC80*ufoGC69
       - 1/8*g_(1,6_,nu10)*g_(2,6_,nu16)*FT2*g_(2,q3)*cFT(nu13,XX,i2,iufo11)*
      cFT(g7,XX,iufo11,j11)*flavourTag(fmu,j11,j12)*Vec(nu10,q2)*Vec(nu13,q3)*
      Vec(nu9,q2)*Vec(nu15,q2)*Vecr(nu15,p4)*Deng(p4,xiz,M4)^2*Deng(q2 + q3,
      xiw,M3)^2*Deng(p4 + q2 + q3,xiw,M3)^2*p4.p4*xiw^2*ufoGC58^2*ufoGC80*
      ufoGC69
       - 1/8*g_(1,6_,nu10)*g_(2,6_,nu16)*FT2*g_(2,q3)*cFT(nu13,XX,i2,iufo11)*
      cFT(g7,XX,iufo11,j11)*flavourTag(fmu,j11,j12)*Vec(nu10,q2)*Vec(nu13,q3)*
      Vec(nu9,q2)*Vec(nu15,q3)*Vecr(nu15,p4)*Deng(p4,xiz,M4)^2*Deng(q2 + q3,
      xiw,M3)^2*Deng(p4 + q2 + q3,xiw,M3)^2*p4.p4*xiw^2*ufoGC58^2*ufoGC80*
      ufoGC69
       + 1/8*g_(1,6_,nu10)*g_(2,6_,nu16)*FT2*g_(2,q3)*cFT(nu13,XX,i2,iufo11)*
      cFT(g7,XX,iufo11,j11)*flavourTag(fmu,j11,j12)*Vec(nu10,q2)*Vec(nu13,q3)*
      Vec(nu9,q2)*Deng(p4,xiz,M4)*Deng(q2 + q3,xiw,M3)^2*Deng(p4 + q2 + q3,xiw
      ,M3)^2*p4.p4*xiw^2*ufoGC58^2*ufoGC80*ufoGC69
       - 1/8*g_(1,6_,nu10)*g_(2,6_,nu16)*FT2*g_(2,q3)*cFT(nu13,XX,i2,iufo11)*
      cFT(g7,XX,iufo11,j11)*flavourTag(fmu,j11,j12)*Vec(nu10,q2)*Vec(nu13,q3)*
      Vec(nu9,q2)*Deng(p4,xiz,M4)^2*Deng(q2 + q3,xiw,M3)^2*Deng(p4 + q2 + q3,
      xiw,M3)^2*p4.p4^2*xiw^2*ufoGC58^2*ufoGC80*ufoGC69
       - 1/8*g_(1,6_,nu10)*g_(2,6_,nu16)*FT2*g_(2,q3)*cFT(nu13,XX,i2,iufo11)*
      cFT(g7,XX,iufo11,j11)*flavourTag(fmu,j11,j12)*Vec(nu10,q2)*Vec(nu13,q3)*
      Vec(nu9,q3)*Vec(nu15,q2)*Vecr(nu15,p4)*Deng(p4,xiz,M4)^2*Deng(q2 + q3,
      xiw,M3)^2*Deng(p4 + q2 + q3,xiw,M3)^2*p4.p4*xiw^2*ufoGC58^2*ufoGC80*
      ufoGC69
       - 1/8*g_(1,6_,nu10)*g_(2,6_,nu16)*FT2*g_(2,q3)*cFT(nu13,XX,i2,iufo11)*
      cFT(g7,XX,iufo11,j11)*flavourTag(fmu,j11,j12)*Vec(nu10,q2)*Vec(nu13,q3)*
      Vec(nu9,q3)*Vec(nu15,q3)*Vecr(nu15,p4)*Deng(p4,xiz,M4)^2*Deng(q2 + q3,
      xiw,M3)^2*Deng(p4 + q2 + q3,xiw,M3)^2*p4.p4*xiw^2*ufoGC58^2*ufoGC80*
      ufoGC69
       + 1/8*g_(1,6_,nu10)*g_(2,6_,nu16)*FT2*g_(2,q3)*cFT(nu13,XX,i2,iufo11)*
      cFT(g7,XX,iufo11,j11)*flavourTag(fmu,j11,j12)*Vec(nu10,q2)*Vec(nu13,q3)*
      Vec(nu9,q3)*Deng(p4,xiz,M4)*Deng(q2 + q3,xiw,M3)^2*Deng(p4 + q2 + q3,xiw
      ,M3)^2*p4.p4*xiw^2*ufoGC58^2*ufoGC80*ufoGC69
       - 1/8*g_(1,6_,nu10)*g_(2,6_,nu16)*FT2*g_(2,q3)*cFT(nu13,XX,i2,iufo11)*
      cFT(g7,XX,iufo11,j11)*flavourTag(fmu,j11,j12)*Vec(nu10,q2)*Vec(nu13,q3)*
      Vec(nu9,q3)*Deng(p4,xiz,M4)^2*Deng(q2 + q3,xiw,M3)^2*Deng(p4 + q2 + q3,
      xiw,M3)^2*p4.p4^2*xiw^2*ufoGC58^2*ufoGC80*ufoGC69
       + 1/8*g_(1,6_,nu10)*g_(2,6_,nu16)*FT2*g_(2,q3)*cFT(nu13,XX,i2,iufo11)*
      cFT(g7,XX,iufo11,j11)*flavourTag(fmu,j11,j12)*Vec(nu10,q2)*Vec(nu13,q3)*
      Vec(nu9,-p4)*Vec(nu9,q2)*Vec(nu15,q2)*Deng(p4,xiz,M4)^2*Deng(q2 + q3,xiw
      ,M3)^2*Deng(p4 + q2 + q3,xiw,M3)^2*p4.p4*xiw^2*ufoGC58^2*ufoGC80*ufoGC69
       + 1/8*g_(1,6_,nu10)*g_(2,6_,nu16)*FT2*g_(2,q3)*cFT(nu13,XX,i2,iufo11)*
      cFT(g7,XX,iufo11,j11)*flavourTag(fmu,j11,j12)*Vec(nu10,q2)*Vec(nu13,q3)*
      Vec(nu9,-p4)*Vec(nu9,q2)*Vec(nu15,q3)*Deng(p4,xiz,M4)^2*Deng(q2 + q3,xiw
      ,M3)^2*Deng(p4 + q2 + q3,xiw,M3)^2*p4.p4*xiw^2*ufoGC58^2*ufoGC80*ufoGC69
       - 1/8*g_(1,6_,nu10)*g_(2,6_,nu16)*FT2*g_(2,q3)*cFT(nu13,XX,i2,iufo11)*
      cFT(g7,XX,iufo11,j11)*flavourTag(fmu,j11,j12)*Vec(nu10,q2)*Vec(nu13,q3)*
      Vec(nu9,-p4)*Vec(nu9,q2)*Vecr(nu16,p4)*Deng(p4,xiz,M4)*Deng(q2 + q3,xiw,
      M3)^2*Deng(p4 + q2 + q3,xiw,M3)^2*xiw^2*ufoGC58^2*ufoGC80*ufoGC69
       + 1/8*g_(1,6_,nu10)*g_(2,6_,nu16)*FT2*g_(2,q3)*cFT(nu13,XX,i2,iufo11)*
      cFT(g7,XX,iufo11,j11)*flavourTag(fmu,j11,j12)*Vec(nu10,q2)*Vec(nu13,q3)*
      Vec(nu9,-p4)*Vec(nu9,q2)*Vecr(nu15,p4)*Deng(p4,xiz,M4)^2*Deng(q2 + q3,
      xiw,M3)^2*Deng(p4 + q2 + q3,xiw,M3)^2*p4.p4*xiw^2*ufoGC58^2*ufoGC80*
      ufoGC69
       + 1/8*g_(1,6_,nu10)*g_(2,6_,nu16)*FT2*g_(2,q3)*cFT(nu13,XX,i2,iufo11)*
      cFT(g7,XX,iufo11,j11)*flavourTag(fmu,j11,j12)*Vec(nu10,q2)*Vec(nu13,q3)*
      Vec(nu9,-p4)*Vec(nu9,q3)*Vec(nu15,q2)*Deng(p4,xiz,M4)^2*Deng(q2 + q3,xiw
      ,M3)^2*Deng(p4 + q2 + q3,xiw,M3)^2*p4.p4*xiw^2*ufoGC58^2*ufoGC80*ufoGC69
       + 1/8*g_(1,6_,nu10)*g_(2,6_,nu16)*FT2*g_(2,q3)*cFT(nu13,XX,i2,iufo11)*
      cFT(g7,XX,iufo11,j11)*flavourTag(fmu,j11,j12)*Vec(nu10,q2)*Vec(nu13,q3)*
      Vec(nu9,-p4)*Vec(nu9,q3)*Vec(nu15,q3)*Deng(p4,xiz,M4)^2*Deng(q2 + q3,xiw
      ,M3)^2*Deng(p4 + q2 + q3,xiw,M3)^2*p4.p4*xiw^2*ufoGC58^2*ufoGC80*ufoGC69
       - 1/8*g_(1,6_,nu10)*g_(2,6_,nu16)*FT2*g_(2,q3)*cFT(nu13,XX,i2,iufo11)*
      cFT(g7,XX,iufo11,j11)*flavourTag(fmu,j11,j12)*Vec(nu10,q2)*Vec(nu13,q3)*
      Vec(nu9,-p4)*Vec(nu9,q3)*Vecr(nu16,p4)*Deng(p4,xiz,M4)*Deng(q2 + q3,xiw,
      M3)^2*Deng(p4 + q2 + q3,xiw,M3)^2*xiw^2*ufoGC58^2*ufoGC80*ufoGC69
       + 1/8*g_(1,6_,nu10)*g_(2,6_,nu16)*FT2*g_(2,q3)*cFT(nu13,XX,i2,iufo11)*
      cFT(g7,XX,iufo11,j11)*flavourTag(fmu,j11,j12)*Vec(nu10,q2)*Vec(nu13,q3)*
      Vec(nu9,-p4)*Vec(nu9,q3)*Vecr(nu15,p4)*Deng(p4,xiz,M4)^2*Deng(q2 + q3,
      xiw,M3)^2*Deng(p4 + q2 + q3,xiw,M3)^2*p4.p4*xiw^2*ufoGC58^2*ufoGC80*
      ufoGC69
       + 1/8*g_(1,6_,nu10)*g_(2,6_,nu16)*FT2*g_(2,q3)*cFT(nu13,XX,i2,iufo11)*
      cFT(g7,XX,iufo11,j11)*flavourTag(fmu,j11,j12)*Vec(nu10,q2)*Vec(nu13,q3)*
      Vec(nu9,-q2)*Vec(nu9,q2)*Vec(nu15,q2)*Deng(p4,xiz,M4)^2*Deng(q2 + q3,xiw
      ,M3)^2*Deng(p4 + q2 + q3,xiw,M3)^2*p4.p4*xiw^2*ufoGC58^2*ufoGC80*ufoGC69
       + 1/8*g_(1,6_,nu10)*g_(2,6_,nu16)*FT2*g_(2,q3)*cFT(nu13,XX,i2,iufo11)*
      cFT(g7,XX,iufo11,j11)*flavourTag(fmu,j11,j12)*Vec(nu10,q2)*Vec(nu13,q3)*
      Vec(nu9,-q2)*Vec(nu9,q2)*Vec(nu15,q3)*Deng(p4,xiz,M4)^2*Deng(q2 + q3,xiw
      ,M3)^2*Deng(p4 + q2 + q3,xiw,M3)^2*p4.p4*xiw^2*ufoGC58^2*ufoGC80*ufoGC69
       - 1/8*g_(1,6_,nu10)*g_(2,6_,nu16)*FT2*g_(2,q3)*cFT(nu13,XX,i2,iufo11)*
      cFT(g7,XX,iufo11,j11)*flavourTag(fmu,j11,j12)*Vec(nu10,q2)*Vec(nu13,q3)*
      Vec(nu9,-q2)*Vec(nu9,q2)*Vecr(nu16,p4)*Deng(p4,xiz,M4)*Deng(q2 + q3,xiw,
      M3)^2*Deng(p4 + q2 + q3,xiw,M3)^2*xiw^2*ufoGC58^2*ufoGC80*ufoGC69
       + 1/8*g_(1,6_,nu10)*g_(2,6_,nu16)*FT2*g_(2,q3)*cFT(nu13,XX,i2,iufo11)*
      cFT(g7,XX,iufo11,j11)*flavourTag(fmu,j11,j12)*Vec(nu10,q2)*Vec(nu13,q3)*
      Vec(nu9,-q2)*Vec(nu9,q2)*Vecr(nu15,p4)*Deng(p4,xiz,M4)^2*Deng(q2 + q3,
      xiw,M3)^2*Deng(p4 + q2 + q3,xiw,M3)^2*p4.p4*xiw^2*ufoGC58^2*ufoGC80*
      ufoGC69
       + 1/8*g_(1,6_,nu10)*g_(2,6_,nu16)*FT2*g_(2,q3)*cFT(nu13,XX,i2,iufo11)*
      cFT(g7,XX,iufo11,j11)*flavourTag(fmu,j11,j12)*Vec(nu10,q2)*Vec(nu13,q3)*
      Vec(nu9,-q2)*Vec(nu9,q3)*Vec(nu15,q2)*Deng(p4,xiz,M4)^2*Deng(q2 + q3,xiw
      ,M3)^2*Deng(p4 + q2 + q3,xiw,M3)^2*p4.p4*xiw^2*ufoGC58^2*ufoGC80*ufoGC69
       + 1/8*g_(1,6_,nu10)*g_(2,6_,nu16)*FT2*g_(2,q3)*cFT(nu13,XX,i2,iufo11)*
      cFT(g7,XX,iufo11,j11)*flavourTag(fmu,j11,j12)*Vec(nu10,q2)*Vec(nu13,q3)*
      Vec(nu9,-q2)*Vec(nu9,q3)*Vec(nu15,q3)*Deng(p4,xiz,M4)^2*Deng(q2 + q3,xiw
      ,M3)^2*Deng(p4 + q2 + q3,xiw,M3)^2*p4.p4*xiw^2*ufoGC58^2*ufoGC80*ufoGC69
       - 1/8*g_(1,6_,nu10)*g_(2,6_,nu16)*FT2*g_(2,q3)*cFT(nu13,XX,i2,iufo11)*
      cFT(g7,XX,iufo11,j11)*flavourTag(fmu,j11,j12)*Vec(nu10,q2)*Vec(nu13,q3)*
      Vec(nu9,-q2)*Vec(nu9,q3)*Vecr(nu16,p4)*Deng(p4,xiz,M4)*Deng(q2 + q3,xiw,
      M3)^2*Deng(p4 + q2 + q3,xiw,M3)^2*xiw^2*ufoGC58^2*ufoGC80*ufoGC69
       + 1/8*g_(1,6_,nu10)*g_(2,6_,nu16)*FT2*g_(2,q3)*cFT(nu13,XX,i2,iufo11)*
      cFT(g7,XX,iufo11,j11)*flavourTag(fmu,j11,j12)*Vec(nu10,q2)*Vec(nu13,q3)*
      Vec(nu9,-q2)*Vec(nu9,q3)*Vecr(nu15,p4)*Deng(p4,xiz,M4)^2*Deng(q2 + q3,
      xiw,M3)^2*Deng(p4 + q2 + q3,xiw,M3)^2*p4.p4*xiw^2*ufoGC58^2*ufoGC80*
      ufoGC69
       + 1/8*g_(1,6_,nu10)*g_(2,6_,nu16)*FT2*g_(2,q3)*cFT(nu13,XX,i2,iufo11)*
      cFT(g7,XX,iufo11,j11)*flavourTag(fmu,j11,j12)*Vec(nu10,q2)*Vec(nu13,q3)*
      Vec(nu9,-q3)*Vec(nu9,q2)*Vec(nu15,q2)*Deng(p4,xiz,M4)^2*Deng(q2 + q3,xiw
      ,M3)^2*Deng(p4 + q2 + q3,xiw,M3)^2*p4.p4*xiw^2*ufoGC58^2*ufoGC80*ufoGC69
       + 1/8*g_(1,6_,nu10)*g_(2,6_,nu16)*FT2*g_(2,q3)*cFT(nu13,XX,i2,iufo11)*
      cFT(g7,XX,iufo11,j11)*flavourTag(fmu,j11,j12)*Vec(nu10,q2)*Vec(nu13,q3)*
      Vec(nu9,-q3)*Vec(nu9,q2)*Vec(nu15,q3)*Deng(p4,xiz,M4)^2*Deng(q2 + q3,xiw
      ,M3)^2*Deng(p4 + q2 + q3,xiw,M3)^2*p4.p4*xiw^2*ufoGC58^2*ufoGC80*ufoGC69
       - 1/8*g_(1,6_,nu10)*g_(2,6_,nu16)*FT2*g_(2,q3)*cFT(nu13,XX,i2,iufo11)*
      cFT(g7,XX,iufo11,j11)*flavourTag(fmu,j11,j12)*Vec(nu10,q2)*Vec(nu13,q3)*
      Vec(nu9,-q3)*Vec(nu9,q2)*Vecr(nu16,p4)*Deng(p4,xiz,M4)*Deng(q2 + q3,xiw,
      M3)^2*Deng(p4 + q2 + q3,xiw,M3)^2*xiw^2*ufoGC58^2*ufoGC80*ufoGC69
       + 1/8*g_(1,6_,nu10)*g_(2,6_,nu16)*FT2*g_(2,q3)*cFT(nu13,XX,i2,iufo11)*
      cFT(g7,XX,iufo11,j11)*flavourTag(fmu,j11,j12)*Vec(nu10,q2)*Vec(nu13,q3)*
      Vec(nu9,-q3)*Vec(nu9,q2)*Vecr(nu15,p4)*Deng(p4,xiz,M4)^2*Deng(q2 + q3,
      xiw,M3)^2*Deng(p4 + q2 + q3,xiw,M3)^2*p4.p4*xiw^2*ufoGC58^2*ufoGC80*
      ufoGC69
       + 1/8*g_(1,6_,nu10)*g_(2,6_,nu16)*FT2*g_(2,q3)*cFT(nu13,XX,i2,iufo11)*
      cFT(g7,XX,iufo11,j11)*flavourTag(fmu,j11,j12)*Vec(nu10,q2)*Vec(nu13,q3)*
      Vec(nu9,-q3)*Vec(nu9,q3)*Vec(nu15,q2)*Deng(p4,xiz,M4)^2*Deng(q2 + q3,xiw
      ,M3)^2*Deng(p4 + q2 + q3,xiw,M3)^2*p4.p4*xiw^2*ufoGC58^2*ufoGC80*ufoGC69
       + 1/8*g_(1,6_,nu10)*g_(2,6_,nu16)*FT2*g_(2,q3)*cFT(nu13,XX,i2,iufo11)*
      cFT(g7,XX,iufo11,j11)*flavourTag(fmu,j11,j12)*Vec(nu10,q2)*Vec(nu13,q3)*
      Vec(nu9,-q3)*Vec(nu9,q3)*Vec(nu15,q3)*Deng(p4,xiz,M4)^2*Deng(q2 + q3,xiw
      ,M3)^2*Deng(p4 + q2 + q3,xiw,M3)^2*p4.p4*xiw^2*ufoGC58^2*ufoGC80*ufoGC69
       - 1/8*g_(1,6_,nu10)*g_(2,6_,nu16)*FT2*g_(2,q3)*cFT(nu13,XX,i2,iufo11)*
      cFT(g7,XX,iufo11,j11)*flavourTag(fmu,j11,j12)*Vec(nu10,q2)*Vec(nu13,q3)*
      Vec(nu9,-q3)*Vec(nu9,q3)*Vecr(nu16,p4)*Deng(p4,xiz,M4)*Deng(q2 + q3,xiw,
      M3)^2*Deng(p4 + q2 + q3,xiw,M3)^2*xiw^2*ufoGC58^2*ufoGC80*ufoGC69
       + 1/8*g_(1,6_,nu10)*g_(2,6_,nu16)*FT2*g_(2,q3)*cFT(nu13,XX,i2,iufo11)*
      cFT(g7,XX,iufo11,j11)*flavourTag(fmu,j11,j12)*Vec(nu10,q2)*Vec(nu13,q3)*
      Vec(nu9,-q3)*Vec(nu9,q3)*Vecr(nu15,p4)*Deng(p4,xiz,M4)^2*Deng(q2 + q3,
      xiw,M3)^2*Deng(p4 + q2 + q3,xiw,M3)^2*p4.p4*xiw^2*ufoGC58^2*ufoGC80*
      ufoGC69
       - 1/8*g_(1,6_,nu10)*g_(2,6_,nu16)*FT2*g_(2,q3)*cFT(nu13,XX,i2,iufo11)*
      cFT(g7,XX,iufo11,j11)*flavourTag(fmu,j11,j12)*Vec(nu10,q2)*Vec(nu13,q3)*
      Vec(nu14,q2)^2*Vec(nu15,-p4)*Deng(p4,xiz,M4)^2*Deng(q2 + q3,xiw,M3)^2*
      Deng(p4 + q2 + q3,xiw,M3)^2*p4.p4*xiw^2*ufoGC58^2*ufoGC80*ufoGC69
       - 1/8*g_(1,6_,nu10)*g_(2,6_,nu16)*FT2*g_(2,q3)*cFT(nu13,XX,i2,iufo11)*
      cFT(g7,XX,iufo11,j11)*flavourTag(fmu,j11,j12)*Vec(nu10,q2)*Vec(nu13,q3)*
      Vec(nu14,q2)^2*Vec(nu15,-q2)*Deng(p4,xiz,M4)^2*Deng(q2 + q3,xiw,M3)^2*
      Deng(p4 + q2 + q3,xiw,M3)^2*p4.p4*xiw^2*ufoGC58^2*ufoGC80*ufoGC69
       - 1/8*g_(1,6_,nu10)*g_(2,6_,nu16)*FT2*g_(2,q3)*cFT(nu13,XX,i2,iufo11)*
      cFT(g7,XX,iufo11,j11)*flavourTag(fmu,j11,j12)*Vec(nu10,q2)*Vec(nu13,q3)*
      Vec(nu14,q2)^2*Vec(nu15,-q3)*Deng(p4,xiz,M4)^2*Deng(q2 + q3,xiw,M3)^2*
      Deng(p4 + q2 + q3,xiw,M3)^2*p4.p4*xiw^2*ufoGC58^2*ufoGC80*ufoGC69
       - 1/4*g_(1,6_,nu10)*g_(2,6_,nu16)*FT2*g_(2,q3)*cFT(nu13,XX,i2,iufo11)*
      cFT(g7,XX,iufo11,j11)*flavourTag(fmu,j11,j12)*Vec(nu10,q2)*Vec(nu13,q3)*
      Vec(nu14,q2)*Vec(nu14,q3)*Vec(nu15,-p4)*Deng(p4,xiz,M4)^2*Deng(q2 + q3,
      xiw,M3)^2*Deng(p4 + q2 + q3,xiw,M3)^2*p4.p4*xiw^2*ufoGC58^2*ufoGC80*
      ufoGC69
       - 1/4*g_(1,6_,nu10)*g_(2,6_,nu16)*FT2*g_(2,q3)*cFT(nu13,XX,i2,iufo11)*
      cFT(g7,XX,iufo11,j11)*flavourTag(fmu,j11,j12)*Vec(nu10,q2)*Vec(nu13,q3)*
      Vec(nu14,q2)*Vec(nu14,q3)*Vec(nu15,-q2)*Deng(p4,xiz,M4)^2*Deng(q2 + q3,
      xiw,M3)^2*Deng(p4 + q2 + q3,xiw,M3)^2*p4.p4*xiw^2*ufoGC58^2*ufoGC80*
      ufoGC69
       - 1/4*g_(1,6_,nu10)*g_(2,6_,nu16)*FT2*g_(2,q3)*cFT(nu13,XX,i2,iufo11)*
      cFT(g7,XX,iufo11,j11)*flavourTag(fmu,j11,j12)*Vec(nu10,q2)*Vec(nu13,q3)*
      Vec(nu14,q2)*Vec(nu14,q3)*Vec(nu15,-q3)*Deng(p4,xiz,M4)^2*Deng(q2 + q3,
      xiw,M3)^2*Deng(p4 + q2 + q3,xiw,M3)^2*p4.p4*xiw^2*ufoGC58^2*ufoGC80*
      ufoGC69
       + 1/8*g_(1,6_,nu10)*g_(2,6_,nu16)*FT2*g_(2,q3)*cFT(nu13,XX,i2,iufo11)*
      cFT(g7,XX,iufo11,j11)*flavourTag(fmu,j11,j12)*Vec(nu10,q2)*Vec(nu13,q3)*
      Vec(nu14,q2)*Vec(nu15,q2)*Vecr(nu15,p4)*Deng(p4,xiz,M4)^2*Deng(q2 + q3,
      xiw,M3)^2*Deng(p4 + q2 + q3,xiw,M3)^2*p4.p4*xiw^2*ufoGC58^2*ufoGC80*
      ufoGC69
       + 1/8*g_(1,6_,nu10)*g_(2,6_,nu16)*FT2*g_(2,q3)*cFT(nu13,XX,i2,iufo11)*
      cFT(g7,XX,iufo11,j11)*flavourTag(fmu,j11,j12)*Vec(nu10,q2)*Vec(nu13,q3)*
      Vec(nu14,q2)*Vec(nu15,q3)*Vecr(nu15,p4)*Deng(p4,xiz,M4)^2*Deng(q2 + q3,
      xiw,M3)^2*Deng(p4 + q2 + q3,xiw,M3)^2*p4.p4*xiw^2*ufoGC58^2*ufoGC80*
      ufoGC69
       - 1/8*g_(1,6_,nu10)*g_(2,6_,nu16)*FT2*g_(2,q3)*cFT(nu13,XX,i2,iufo11)*
      cFT(g7,XX,iufo11,j11)*flavourTag(fmu,j11,j12)*Vec(nu10,q2)*Vec(nu13,q3)*
      Vec(nu14,q2)*Vec(nu15,-p4)*Vecr(nu15,p4)*Deng(p4,xiz,M4)^2*Deng(q2 + q3,
      xiw,M3)^2*Deng(p4 + q2 + q3,xiw,M3)^2*p4.p4*xiw^2*ufoGC58^2*ufoGC80*
      ufoGC69
       - 1/8*g_(1,6_,nu10)*g_(2,6_,nu16)*FT2*g_(2,q3)*cFT(nu13,XX,i2,iufo11)*
      cFT(g7,XX,iufo11,j11)*flavourTag(fmu,j11,j12)*Vec(nu10,q2)*Vec(nu13,q3)*
      Vec(nu14,q2)*Vec(nu15,-q2)*Vecr(nu15,p4)*Deng(p4,xiz,M4)^2*Deng(q2 + q3,
      xiw,M3)^2*Deng(p4 + q2 + q3,xiw,M3)^2*p4.p4*xiw^2*ufoGC58^2*ufoGC80*
      ufoGC69
       - 1/8*g_(1,6_,nu10)*g_(2,6_,nu16)*FT2*g_(2,q3)*cFT(nu13,XX,i2,iufo11)*
      cFT(g7,XX,iufo11,j11)*flavourTag(fmu,j11,j12)*Vec(nu10,q2)*Vec(nu13,q3)*
      Vec(nu14,q2)*Vec(nu15,-q3)*Vecr(nu15,p4)*Deng(p4,xiz,M4)^2*Deng(q2 + q3,
      xiw,M3)^2*Deng(p4 + q2 + q3,xiw,M3)^2*p4.p4*xiw^2*ufoGC58^2*ufoGC80*
      ufoGC69
       - 1/8*g_(1,6_,nu10)*g_(2,6_,nu16)*FT2*g_(2,q3)*cFT(nu13,XX,i2,iufo11)*
      cFT(g7,XX,iufo11,j11)*flavourTag(fmu,j11,j12)*Vec(nu10,q2)*Vec(nu13,q3)*
      Vec(nu14,q3)^2*Vec(nu15,-p4)*Deng(p4,xiz,M4)^2*Deng(q2 + q3,xiw,M3)^2*
      Deng(p4 + q2 + q3,xiw,M3)^2*p4.p4*xiw^2*ufoGC58^2*ufoGC80*ufoGC69
       - 1/8*g_(1,6_,nu10)*g_(2,6_,nu16)*FT2*g_(2,q3)*cFT(nu13,XX,i2,iufo11)*
      cFT(g7,XX,iufo11,j11)*flavourTag(fmu,j11,j12)*Vec(nu10,q2)*Vec(nu13,q3)*
      Vec(nu14,q3)^2*Vec(nu15,-q2)*Deng(p4,xiz,M4)^2*Deng(q2 + q3,xiw,M3)^2*
      Deng(p4 + q2 + q3,xiw,M3)^2*p4.p4*xiw^2*ufoGC58^2*ufoGC80*ufoGC69
       - 1/8*g_(1,6_,nu10)*g_(2,6_,nu16)*FT2*g_(2,q3)*cFT(nu13,XX,i2,iufo11)*
      cFT(g7,XX,iufo11,j11)*flavourTag(fmu,j11,j12)*Vec(nu10,q2)*Vec(nu13,q3)*
      Vec(nu14,q3)^2*Vec(nu15,-q3)*Deng(p4,xiz,M4)^2*Deng(q2 + q3,xiw,M3)^2*
      Deng(p4 + q2 + q3,xiw,M3)^2*p4.p4*xiw^2*ufoGC58^2*ufoGC80*ufoGC69
       + 1/8*g_(1,6_,nu10)*g_(2,6_,nu16)*FT2*g_(2,q3)*cFT(nu13,XX,i2,iufo11)*
      cFT(g7,XX,iufo11,j11)*flavourTag(fmu,j11,j12)*Vec(nu10,q2)*Vec(nu13,q3)*
      Vec(nu14,q3)*Vec(nu15,q2)*Vecr(nu15,p4)*Deng(p4,xiz,M4)^2*Deng(q2 + q3,
      xiw,M3)^2*Deng(p4 + q2 + q3,xiw,M3)^2*p4.p4*xiw^2*ufoGC58^2*ufoGC80*
      ufoGC69
       + 1/8*g_(1,6_,nu10)*g_(2,6_,nu16)*FT2*g_(2,q3)*cFT(nu13,XX,i2,iufo11)*
      cFT(g7,XX,iufo11,j11)*flavourTag(fmu,j11,j12)*Vec(nu10,q2)*Vec(nu13,q3)*
      Vec(nu14,q3)*Vec(nu15,q3)*Vecr(nu15,p4)*Deng(p4,xiz,M4)^2*Deng(q2 + q3,
      xiw,M3)^2*Deng(p4 + q2 + q3,xiw,M3)^2*p4.p4*xiw^2*ufoGC58^2*ufoGC80*
      ufoGC69
       - 1/8*g_(1,6_,nu10)*g_(2,6_,nu16)*FT2*g_(2,q3)*cFT(nu13,XX,i2,iufo11)*
      cFT(g7,XX,iufo11,j11)*flavourTag(fmu,j11,j12)*Vec(nu10,q2)*Vec(nu13,q3)*
      Vec(nu14,q3)*Vec(nu15,-p4)*Vecr(nu15,p4)*Deng(p4,xiz,M4)^2*Deng(q2 + q3,
      xiw,M3)^2*Deng(p4 + q2 + q3,xiw,M3)^2*p4.p4*xiw^2*ufoGC58^2*ufoGC80*
      ufoGC69
       - 1/8*g_(1,6_,nu10)*g_(2,6_,nu16)*FT2*g_(2,q3)*cFT(nu13,XX,i2,iufo11)*
      cFT(g7,XX,iufo11,j11)*flavourTag(fmu,j11,j12)*Vec(nu10,q2)*Vec(nu13,q3)*
      Vec(nu14,q3)*Vec(nu15,-q2)*Vecr(nu15,p4)*Deng(p4,xiz,M4)^2*Deng(q2 + q3,
      xiw,M3)^2*Deng(p4 + q2 + q3,xiw,M3)^2*p4.p4*xiw^2*ufoGC58^2*ufoGC80*
      ufoGC69
       - 1/8*g_(1,6_,nu10)*g_(2,6_,nu16)*FT2*g_(2,q3)*cFT(nu13,XX,i2,iufo11)*
      cFT(g7,XX,iufo11,j11)*flavourTag(fmu,j11,j12)*Vec(nu10,q2)*Vec(nu13,q3)*
      Vec(nu14,q3)*Vec(nu15,-q3)*Vecr(nu15,p4)*Deng(p4,xiz,M4)^2*Deng(q2 + q3,
      xiw,M3)^2*Deng(p4 + q2 + q3,xiw,M3)^2*p4.p4*xiw^2*ufoGC58^2*ufoGC80*
      ufoGC69
       + 1/8*g_(1,6_,nu10)*g_(2,6_,nu16)*FT2*g_(2,q3)*cFT(nu13,XX,i2,iufo11)*
      cFT(g7,XX,iufo11,j11)*flavourTag(fmu,j11,j12)*Vec(nu10,q2)*Vec(nu13,q3)*
      Vec(nu15,q2)*Deng(p4,xiz,M4)^2*Deng(q2 + q3,xiw,M3)^2*Deng(p4 + q2 + q3,
      xiw,M3)^2*p4.p4^2*xiw^2*ufoGC58^2*ufoGC80*ufoGC69
       + 1/8*g_(1,6_,nu10)*g_(2,6_,nu16)*FT2*g_(2,q3)*cFT(nu13,XX,i2,iufo11)*
      cFT(g7,XX,iufo11,j11)*flavourTag(fmu,j11,j12)*Vec(nu10,q2)*Vec(nu13,q3)*
      Vec(nu15,q3)*Deng(p4,xiz,M4)^2*Deng(q2 + q3,xiw,M3)^2*Deng(p4 + q2 + q3,
      xiw,M3)^2*p4.p4^2*xiw^2*ufoGC58^2*ufoGC80*ufoGC69
       - 1/8*g_(1,6_,nu10)*g_(2,6_,nu16)*FT2*g_(2,q3)*cFT(nu13,XX,i2,iufo11)*
      cFT(g7,XX,iufo11,j11)*flavourTag(fmu,j11,j12)*Vec(nu10,q2)*Vec(nu9,q2)*
      Vec(nu15,q2)*Deng(p4,xiz,M4)^2*Deng(q2 + q3,xiw,M3)^2*Deng(p4 + q2 + q3,
      xiw,M3)^2*p4.p4^2*xiw^2*ufoGC58^2*ufoGC80*ufoGC69
       - 1/8*g_(1,6_,nu10)*g_(2,6_,nu16)*FT2*g_(2,q3)*cFT(nu13,XX,i2,iufo11)*
      cFT(g7,XX,iufo11,j11)*flavourTag(fmu,j11,j12)*Vec(nu10,q2)*Vec(nu9,q2)*
      Vec(nu15,q3)*Deng(p4,xiz,M4)^2*Deng(q2 + q3,xiw,M3)^2*Deng(p4 + q2 + q3,
      xiw,M3)^2*p4.p4^2*xiw^2*ufoGC58^2*ufoGC80*ufoGC69
       + 1/8*g_(1,6_,nu10)*g_(2,6_,nu16)*FT2*g_(2,q3)*cFT(nu13,XX,i2,iufo11)*
      cFT(g7,XX,iufo11,j11)*flavourTag(fmu,j11,j12)*Vec(nu10,q2)*Vec(nu9,q2)*
      Vecr(nu9,p4)*Deng(p4,xiz,M4)*Deng(q2 + q3,xiw,M3)^2*Deng(p4 + q2 + q3,
      xiw,M3)^2*p4.p4*xiw^2*ufoGC58^2*ufoGC80*ufoGC69
       - 1/8*g_(1,6_,nu10)*g_(2,6_,nu16)*FT2*g_(2,q3)*cFT(nu13,XX,i2,iufo11)*
      cFT(g7,XX,iufo11,j11)*flavourTag(fmu,j11,j12)*Vec(nu10,q2)*Vec(nu9,q2)*
      Vecr(nu15,p4)*Deng(p4,xiz,M4)^2*Deng(q2 + q3,xiw,M3)^2*Deng(p4 + q2 + q3
      ,xiw,M3)^2*p4.p4^2*xiw^2*ufoGC58^2*ufoGC80*ufoGC69
       - 1/8*g_(1,6_,nu10)*g_(2,6_,nu16)*FT2*g_(2,q3)*cFT(nu13,XX,i2,iufo11)*
      cFT(g7,XX,iufo11,j11)*flavourTag(fmu,j11,j12)*Vec(nu10,q2)*Vec(nu9,q3)*
      Vec(nu15,q2)*Deng(p4,xiz,M4)^2*Deng(q2 + q3,xiw,M3)^2*Deng(p4 + q2 + q3,
      xiw,M3)^2*p4.p4^2*xiw^2*ufoGC58^2*ufoGC80*ufoGC69
       - 1/8*g_(1,6_,nu10)*g_(2,6_,nu16)*FT2*g_(2,q3)*cFT(nu13,XX,i2,iufo11)*
      cFT(g7,XX,iufo11,j11)*flavourTag(fmu,j11,j12)*Vec(nu10,q2)*Vec(nu9,q3)*
      Vec(nu15,q3)*Deng(p4,xiz,M4)^2*Deng(q2 + q3,xiw,M3)^2*Deng(p4 + q2 + q3,
      xiw,M3)^2*p4.p4^2*xiw^2*ufoGC58^2*ufoGC80*ufoGC69
       + 1/8*g_(1,6_,nu10)*g_(2,6_,nu16)*FT2*g_(2,q3)*cFT(nu13,XX,i2,iufo11)*
      cFT(g7,XX,iufo11,j11)*flavourTag(fmu,j11,j12)*Vec(nu10,q2)*Vec(nu9,q3)*
      Vecr(nu9,p4)*Deng(p4,xiz,M4)*Deng(q2 + q3,xiw,M3)^2*Deng(p4 + q2 + q3,
      xiw,M3)^2*p4.p4*xiw^2*ufoGC58^2*ufoGC80*ufoGC69
       - 1/8*g_(1,6_,nu10)*g_(2,6_,nu16)*FT2*g_(2,q3)*cFT(nu13,XX,i2,iufo11)*
      cFT(g7,XX,iufo11,j11)*flavourTag(fmu,j11,j12)*Vec(nu10,q2)*Vec(nu9,q3)*
      Vecr(nu15,p4)*Deng(p4,xiz,M4)^2*Deng(q2 + q3,xiw,M3)^2*Deng(p4 + q2 + q3
      ,xiw,M3)^2*p4.p4^2*xiw^2*ufoGC58^2*ufoGC80*ufoGC69
       + 1/8*g_(1,6_,nu10)*g_(2,6_,nu16)*FT2*g_(2,q3)*cFT(nu13,XX,i2,iufo11)*
      cFT(g7,XX,iufo11,j11)*flavourTag(fmu,j11,j12)*Vec(nu10,q2)*Vec(nu9,-p4)*
      Vec(nu9,q2)*Vec(nu15,q2)*Vecr(nu15,p4)*Deng(p4,xiz,M4)^2*Deng(q2 + q3,
      xiw,M3)^2*Deng(p4 + q2 + q3,xiw,M3)^2*p4.p4*xiw^2*ufoGC58^2*ufoGC80*
      ufoGC69
       + 1/8*g_(1,6_,nu10)*g_(2,6_,nu16)*FT2*g_(2,q3)*cFT(nu13,XX,i2,iufo11)*
      cFT(g7,XX,iufo11,j11)*flavourTag(fmu,j11,j12)*Vec(nu10,q2)*Vec(nu9,-p4)*
      Vec(nu9,q2)*Vec(nu15,q3)*Vecr(nu15,p4)*Deng(p4,xiz,M4)^2*Deng(q2 + q3,
      xiw,M3)^2*Deng(p4 + q2 + q3,xiw,M3)^2*p4.p4*xiw^2*ufoGC58^2*ufoGC80*
      ufoGC69
       - 1/8*g_(1,6_,nu10)*g_(2,6_,nu16)*FT2*g_(2,q3)*cFT(nu13,XX,i2,iufo11)*
      cFT(g7,XX,iufo11,j11)*flavourTag(fmu,j11,j12)*Vec(nu10,q2)*Vec(nu9,-p4)*
      Vec(nu9,q2)*Deng(p4,xiz,M4)*Deng(q2 + q3,xiw,M3)^2*Deng(p4 + q2 + q3,xiw
      ,M3)^2*p4.p4*xiw^2*ufoGC58^2*ufoGC80*ufoGC69
       + 1/8*g_(1,6_,nu10)*g_(2,6_,nu16)*FT2*g_(2,q3)*cFT(nu13,XX,i2,iufo11)*
      cFT(g7,XX,iufo11,j11)*flavourTag(fmu,j11,j12)*Vec(nu10,q2)*Vec(nu9,-p4)*
      Vec(nu9,q2)*Deng(p4,xiz,M4)^2*Deng(q2 + q3,xiw,M3)^2*Deng(p4 + q2 + q3,
      xiw,M3)^2*p4.p4^2*xiw^2*ufoGC58^2*ufoGC80*ufoGC69
       + 1/8*g_(1,6_,nu10)*g_(2,6_,nu16)*FT2*g_(2,q3)*cFT(nu13,XX,i2,iufo11)*
      cFT(g7,XX,iufo11,j11)*flavourTag(fmu,j11,j12)*Vec(nu10,q2)*Vec(nu9,-p4)*
      Vec(nu9,q3)*Vec(nu15,q2)*Vecr(nu15,p4)*Deng(p4,xiz,M4)^2*Deng(q2 + q3,
      xiw,M3)^2*Deng(p4 + q2 + q3,xiw,M3)^2*p4.p4*xiw^2*ufoGC58^2*ufoGC80*
      ufoGC69
       + 1/8*g_(1,6_,nu10)*g_(2,6_,nu16)*FT2*g_(2,q3)*cFT(nu13,XX,i2,iufo11)*
      cFT(g7,XX,iufo11,j11)*flavourTag(fmu,j11,j12)*Vec(nu10,q2)*Vec(nu9,-p4)*
      Vec(nu9,q3)*Vec(nu15,q3)*Vecr(nu15,p4)*Deng(p4,xiz,M4)^2*Deng(q2 + q3,
      xiw,M3)^2*Deng(p4 + q2 + q3,xiw,M3)^2*p4.p4*xiw^2*ufoGC58^2*ufoGC80*
      ufoGC69
       - 1/8*g_(1,6_,nu10)*g_(2,6_,nu16)*FT2*g_(2,q3)*cFT(nu13,XX,i2,iufo11)*
      cFT(g7,XX,iufo11,j11)*flavourTag(fmu,j11,j12)*Vec(nu10,q2)*Vec(nu9,-p4)*
      Vec(nu9,q3)*Deng(p4,xiz,M4)*Deng(q2 + q3,xiw,M3)^2*Deng(p4 + q2 + q3,xiw
      ,M3)^2*p4.p4*xiw^2*ufoGC58^2*ufoGC80*ufoGC69
       + 1/8*g_(1,6_,nu10)*g_(2,6_,nu16)*FT2*g_(2,q3)*cFT(nu13,XX,i2,iufo11)*
      cFT(g7,XX,iufo11,j11)*flavourTag(fmu,j11,j12)*Vec(nu10,q2)*Vec(nu9,-p4)*
      Vec(nu9,q3)*Deng(p4,xiz,M4)^2*Deng(q2 + q3,xiw,M3)^2*Deng(p4 + q2 + q3,
      xiw,M3)^2*p4.p4^2*xiw^2*ufoGC58^2*ufoGC80*ufoGC69
       + 1/8*g_(1,6_,nu10)*g_(2,6_,nu16)*FT2*g_(2,q3)*cFT(nu13,XX,i2,iufo11)*
      cFT(g7,XX,iufo11,j11)*flavourTag(fmu,j11,j12)*Vec(nu10,q2)*Vec(nu9,-q2)*
      Vec(nu9,q2)*Vec(nu15,q2)*Vecr(nu15,p4)*Deng(p4,xiz,M4)^2*Deng(q2 + q3,
      xiw,M3)^2*Deng(p4 + q2 + q3,xiw,M3)^2*p4.p4*xiw^2*ufoGC58^2*ufoGC80*
      ufoGC69
       + 1/8*g_(1,6_,nu10)*g_(2,6_,nu16)*FT2*g_(2,q3)*cFT(nu13,XX,i2,iufo11)*
      cFT(g7,XX,iufo11,j11)*flavourTag(fmu,j11,j12)*Vec(nu10,q2)*Vec(nu9,-q2)*
      Vec(nu9,q2)*Vec(nu15,q3)*Vecr(nu15,p4)*Deng(p4,xiz,M4)^2*Deng(q2 + q3,
      xiw,M3)^2*Deng(p4 + q2 + q3,xiw,M3)^2*p4.p4*xiw^2*ufoGC58^2*ufoGC80*
      ufoGC69
       - 1/8*g_(1,6_,nu10)*g_(2,6_,nu16)*FT2*g_(2,q3)*cFT(nu13,XX,i2,iufo11)*
      cFT(g7,XX,iufo11,j11)*flavourTag(fmu,j11,j12)*Vec(nu10,q2)*Vec(nu9,-q2)*
      Vec(nu9,q2)*Deng(p4,xiz,M4)*Deng(q2 + q3,xiw,M3)^2*Deng(p4 + q2 + q3,xiw
      ,M3)^2*p4.p4*xiw^2*ufoGC58^2*ufoGC80*ufoGC69
       + 1/8*g_(1,6_,nu10)*g_(2,6_,nu16)*FT2*g_(2,q3)*cFT(nu13,XX,i2,iufo11)*
      cFT(g7,XX,iufo11,j11)*flavourTag(fmu,j11,j12)*Vec(nu10,q2)*Vec(nu9,-q2)*
      Vec(nu9,q2)*Deng(p4,xiz,M4)^2*Deng(q2 + q3,xiw,M3)^2*Deng(p4 + q2 + q3,
      xiw,M3)^2*p4.p4^2*xiw^2*ufoGC58^2*ufoGC80*ufoGC69
       + 1/8*g_(1,6_,nu10)*g_(2,6_,nu16)*FT2*g_(2,q3)*cFT(nu13,XX,i2,iufo11)*
      cFT(g7,XX,iufo11,j11)*flavourTag(fmu,j11,j12)*Vec(nu10,q2)*Vec(nu9,-q2)*
      Vec(nu9,q3)*Vec(nu15,q2)*Vecr(nu15,p4)*Deng(p4,xiz,M4)^2*Deng(q2 + q3,
      xiw,M3)^2*Deng(p4 + q2 + q3,xiw,M3)^2*p4.p4*xiw^2*ufoGC58^2*ufoGC80*
      ufoGC69
       + 1/8*g_(1,6_,nu10)*g_(2,6_,nu16)*FT2*g_(2,q3)*cFT(nu13,XX,i2,iufo11)*
      cFT(g7,XX,iufo11,j11)*flavourTag(fmu,j11,j12)*Vec(nu10,q2)*Vec(nu9,-q2)*
      Vec(nu9,q3)*Vec(nu15,q3)*Vecr(nu15,p4)*Deng(p4,xiz,M4)^2*Deng(q2 + q3,
      xiw,M3)^2*Deng(p4 + q2 + q3,xiw,M3)^2*p4.p4*xiw^2*ufoGC58^2*ufoGC80*
      ufoGC69
       - 1/8*g_(1,6_,nu10)*g_(2,6_,nu16)*FT2*g_(2,q3)*cFT(nu13,XX,i2,iufo11)*
      cFT(g7,XX,iufo11,j11)*flavourTag(fmu,j11,j12)*Vec(nu10,q2)*Vec(nu9,-q2)*
      Vec(nu9,q3)*Deng(p4,xiz,M4)*Deng(q2 + q3,xiw,M3)^2*Deng(p4 + q2 + q3,xiw
      ,M3)^2*p4.p4*xiw^2*ufoGC58^2*ufoGC80*ufoGC69
       + 1/8*g_(1,6_,nu10)*g_(2,6_,nu16)*FT2*g_(2,q3)*cFT(nu13,XX,i2,iufo11)*
      cFT(g7,XX,iufo11,j11)*flavourTag(fmu,j11,j12)*Vec(nu10,q2)*Vec(nu9,-q2)*
      Vec(nu9,q3)*Deng(p4,xiz,M4)^2*Deng(q2 + q3,xiw,M3)^2*Deng(p4 + q2 + q3,
      xiw,M3)^2*p4.p4^2*xiw^2*ufoGC58^2*ufoGC80*ufoGC69
       + 1/8*g_(1,6_,nu10)*g_(2,6_,nu16)*FT2*g_(2,q3)*cFT(nu13,XX,i2,iufo11)*
      cFT(g7,XX,iufo11,j11)*flavourTag(fmu,j11,j12)*Vec(nu10,q2)*Vec(nu9,-q3)*
      Vec(nu9,q2)*Vec(nu15,q2)*Vecr(nu15,p4)*Deng(p4,xiz,M4)^2*Deng(q2 + q3,
      xiw,M3)^2*Deng(p4 + q2 + q3,xiw,M3)^2*p4.p4*xiw^2*ufoGC58^2*ufoGC80*
      ufoGC69
       + 1/8*g_(1,6_,nu10)*g_(2,6_,nu16)*FT2*g_(2,q3)*cFT(nu13,XX,i2,iufo11)*
      cFT(g7,XX,iufo11,j11)*flavourTag(fmu,j11,j12)*Vec(nu10,q2)*Vec(nu9,-q3)*
      Vec(nu9,q2)*Vec(nu15,q3)*Vecr(nu15,p4)*Deng(p4,xiz,M4)^2*Deng(q2 + q3,
      xiw,M3)^2*Deng(p4 + q2 + q3,xiw,M3)^2*p4.p4*xiw^2*ufoGC58^2*ufoGC80*
      ufoGC69
       - 1/8*g_(1,6_,nu10)*g_(2,6_,nu16)*FT2*g_(2,q3)*cFT(nu13,XX,i2,iufo11)*
      cFT(g7,XX,iufo11,j11)*flavourTag(fmu,j11,j12)*Vec(nu10,q2)*Vec(nu9,-q3)*
      Vec(nu9,q2)*Deng(p4,xiz,M4)*Deng(q2 + q3,xiw,M3)^2*Deng(p4 + q2 + q3,xiw
      ,M3)^2*p4.p4*xiw^2*ufoGC58^2*ufoGC80*ufoGC69
       + 1/8*g_(1,6_,nu10)*g_(2,6_,nu16)*FT2*g_(2,q3)*cFT(nu13,XX,i2,iufo11)*
      cFT(g7,XX,iufo11,j11)*flavourTag(fmu,j11,j12)*Vec(nu10,q2)*Vec(nu9,-q3)*
      Vec(nu9,q2)*Deng(p4,xiz,M4)^2*Deng(q2 + q3,xiw,M3)^2*Deng(p4 + q2 + q3,
      xiw,M3)^2*p4.p4^2*xiw^2*ufoGC58^2*ufoGC80*ufoGC69
       + 1/8*g_(1,6_,nu10)*g_(2,6_,nu16)*FT2*g_(2,q3)*cFT(nu13,XX,i2,iufo11)*
      cFT(g7,XX,iufo11,j11)*flavourTag(fmu,j11,j12)*Vec(nu10,q2)*Vec(nu9,-q3)*
      Vec(nu9,q3)*Vec(nu15,q2)*Vecr(nu15,p4)*Deng(p4,xiz,M4)^2*Deng(q2 + q3,
      xiw,M3)^2*Deng(p4 + q2 + q3,xiw,M3)^2*p4.p4*xiw^2*ufoGC58^2*ufoGC80*
      ufoGC69
       + 1/8*g_(1,6_,nu10)*g_(2,6_,nu16)*FT2*g_(2,q3)*cFT(nu13,XX,i2,iufo11)*
      cFT(g7,XX,iufo11,j11)*flavourTag(fmu,j11,j12)*Vec(nu10,q2)*Vec(nu9,-q3)*
      Vec(nu9,q3)*Vec(nu15,q3)*Vecr(nu15,p4)*Deng(p4,xiz,M4)^2*Deng(q2 + q3,
      xiw,M3)^2*Deng(p4 + q2 + q3,xiw,M3)^2*p4.p4*xiw^2*ufoGC58^2*ufoGC80*
      ufoGC69
       - 1/8*g_(1,6_,nu10)*g_(2,6_,nu16)*FT2*g_(2,q3)*cFT(nu13,XX,i2,iufo11)*
      cFT(g7,XX,iufo11,j11)*flavourTag(fmu,j11,j12)*Vec(nu10,q2)*Vec(nu9,-q3)*
      Vec(nu9,q3)*Deng(p4,xiz,M4)*Deng(q2 + q3,xiw,M3)^2*Deng(p4 + q2 + q3,xiw
      ,M3)^2*p4.p4*xiw^2*ufoGC58^2*ufoGC80*ufoGC69
       + 1/8*g_(1,6_,nu10)*g_(2,6_,nu16)*FT2*g_(2,q3)*cFT(nu13,XX,i2,iufo11)*
      cFT(g7,XX,iufo11,j11)*flavourTag(fmu,j11,j12)*Vec(nu10,q2)*Vec(nu9,-q3)*
      Vec(nu9,q3)*Deng(p4,xiz,M4)^2*Deng(q2 + q3,xiw,M3)^2*Deng(p4 + q2 + q3,
      xiw,M3)^2*p4.p4^2*xiw^2*ufoGC58^2*ufoGC80*ufoGC69
       - 1/8*g_(1,6_,nu10)*g_(2,6_,nu16)*FT2*g_(2,q3)*cFT(nu13,XX,i2,iufo11)*
      cFT(g7,XX,iufo11,j11)*flavourTag(fmu,j11,j12)*Vec(nu10,q2)*Vec(nu14,q2)^
      2*Vec(nu15,-p4)*Vecr(nu15,p4)*Deng(p4,xiz,M4)^2*Deng(q2 + q3,xiw,M3)^2*
      Deng(p4 + q2 + q3,xiw,M3)^2*p4.p4*xiw^2*ufoGC58^2*ufoGC80*ufoGC69
       - 1/8*g_(1,6_,nu10)*g_(2,6_,nu16)*FT2*g_(2,q3)*cFT(nu13,XX,i2,iufo11)*
      cFT(g7,XX,iufo11,j11)*flavourTag(fmu,j11,j12)*Vec(nu10,q2)*Vec(nu14,q2)^
      2*Vec(nu15,-q2)*Vecr(nu15,p4)*Deng(p4,xiz,M4)^2*Deng(q2 + q3,xiw,M3)^2*
      Deng(p4 + q2 + q3,xiw,M3)^2*p4.p4*xiw^2*ufoGC58^2*ufoGC80*ufoGC69
       - 1/8*g_(1,6_,nu10)*g_(2,6_,nu16)*FT2*g_(2,q3)*cFT(nu13,XX,i2,iufo11)*
      cFT(g7,XX,iufo11,j11)*flavourTag(fmu,j11,j12)*Vec(nu10,q2)*Vec(nu14,q2)^
      2*Vec(nu15,-q3)*Vecr(nu15,p4)*Deng(p4,xiz,M4)^2*Deng(q2 + q3,xiw,M3)^2*
      Deng(p4 + q2 + q3,xiw,M3)^2*p4.p4*xiw^2*ufoGC58^2*ufoGC80*ufoGC69
       - 1/4*g_(1,6_,nu10)*g_(2,6_,nu16)*FT2*g_(2,q3)*cFT(nu13,XX,i2,iufo11)*
      cFT(g7,XX,iufo11,j11)*flavourTag(fmu,j11,j12)*Vec(nu10,q2)*Vec(nu14,q2)*
      Vec(nu14,q3)*Vec(nu15,-p4)*Vecr(nu15,p4)*Deng(p4,xiz,M4)^2*Deng(q2 + q3,
      xiw,M3)^2*Deng(p4 + q2 + q3,xiw,M3)^2*p4.p4*xiw^2*ufoGC58^2*ufoGC80*
      ufoGC69
       - 1/4*g_(1,6_,nu10)*g_(2,6_,nu16)*FT2*g_(2,q3)*cFT(nu13,XX,i2,iufo11)*
      cFT(g7,XX,iufo11,j11)*flavourTag(fmu,j11,j12)*Vec(nu10,q2)*Vec(nu14,q2)*
      Vec(nu14,q3)*Vec(nu15,-q2)*Vecr(nu15,p4)*Deng(p4,xiz,M4)^2*Deng(q2 + q3,
      xiw,M3)^2*Deng(p4 + q2 + q3,xiw,M3)^2*p4.p4*xiw^2*ufoGC58^2*ufoGC80*
      ufoGC69
       - 1/4*g_(1,6_,nu10)*g_(2,6_,nu16)*FT2*g_(2,q3)*cFT(nu13,XX,i2,iufo11)*
      cFT(g7,XX,iufo11,j11)*flavourTag(fmu,j11,j12)*Vec(nu10,q2)*Vec(nu14,q2)*
      Vec(nu14,q3)*Vec(nu15,-q3)*Vecr(nu15,p4)*Deng(p4,xiz,M4)^2*Deng(q2 + q3,
      xiw,M3)^2*Deng(p4 + q2 + q3,xiw,M3)^2*p4.p4*xiw^2*ufoGC58^2*ufoGC80*
      ufoGC69
       + 1/8*g_(1,6_,nu10)*g_(2,6_,nu16)*FT2*g_(2,q3)*cFT(nu13,XX,i2,iufo11)*
      cFT(g7,XX,iufo11,j11)*flavourTag(fmu,j11,j12)*Vec(nu10,q2)*Vec(nu14,q2)*
      Vec(nu15,q2)*Deng(p4,xiz,M4)^2*Deng(q2 + q3,xiw,M3)^2*Deng(p4 + q2 + q3,
      xiw,M3)^2*p4.p4^2*xiw^2*ufoGC58^2*ufoGC80*ufoGC69
       + 1/8*g_(1,6_,nu10)*g_(2,6_,nu16)*FT2*g_(2,q3)*cFT(nu13,XX,i2,iufo11)*
      cFT(g7,XX,iufo11,j11)*flavourTag(fmu,j11,j12)*Vec(nu10,q2)*Vec(nu14,q2)*
      Vec(nu15,q3)*Deng(p4,xiz,M4)^2*Deng(q2 + q3,xiw,M3)^2*Deng(p4 + q2 + q3,
      xiw,M3)^2*p4.p4^2*xiw^2*ufoGC58^2*ufoGC80*ufoGC69
       - 1/8*g_(1,6_,nu10)*g_(2,6_,nu16)*FT2*g_(2,q3)*cFT(nu13,XX,i2,iufo11)*
      cFT(g7,XX,iufo11,j11)*flavourTag(fmu,j11,j12)*Vec(nu10,q2)*Vec(nu14,q2)*
      Vec(nu15,-p4)*Deng(p4,xiz,M4)^2*Deng(q2 + q3,xiw,M3)^2*Deng(p4 + q2 + q3
      ,xiw,M3)^2*p4.p4^2*xiw^2*ufoGC58^2*ufoGC80*ufoGC69
       - 1/8*g_(1,6_,nu10)*g_(2,6_,nu16)*FT2*g_(2,q3)*cFT(nu13,XX,i2,iufo11)*
      cFT(g7,XX,iufo11,j11)*flavourTag(fmu,j11,j12)*Vec(nu10,q2)*Vec(nu14,q2)*
      Vec(nu15,-q2)*Deng(p4,xiz,M4)^2*Deng(q2 + q3,xiw,M3)^2*Deng(p4 + q2 + q3
      ,xiw,M3)^2*p4.p4^2*xiw^2*ufoGC58^2*ufoGC80*ufoGC69
       - 1/8*g_(1,6_,nu10)*g_(2,6_,nu16)*FT2*g_(2,q3)*cFT(nu13,XX,i2,iufo11)*
      cFT(g7,XX,iufo11,j11)*flavourTag(fmu,j11,j12)*Vec(nu10,q2)*Vec(nu14,q2)*
      Vec(nu15,-q3)*Deng(p4,xiz,M4)^2*Deng(q2 + q3,xiw,M3)^2*Deng(p4 + q2 + q3
      ,xiw,M3)^2*p4.p4^2*xiw^2*ufoGC58^2*ufoGC80*ufoGC69
       - 1/8*g_(1,6_,nu10)*g_(2,6_,nu16)*FT2*g_(2,q3)*cFT(nu13,XX,i2,iufo11)*
      cFT(g7,XX,iufo11,j11)*flavourTag(fmu,j11,j12)*Vec(nu10,q2)*Vec(nu14,q3)^
      2*Vec(nu15,-p4)*Vecr(nu15,p4)*Deng(p4,xiz,M4)^2*Deng(q2 + q3,xiw,M3)^2*
      Deng(p4 + q2 + q3,xiw,M3)^2*p4.p4*xiw^2*ufoGC58^2*ufoGC80*ufoGC69
       - 1/8*g_(1,6_,nu10)*g_(2,6_,nu16)*FT2*g_(2,q3)*cFT(nu13,XX,i2,iufo11)*
      cFT(g7,XX,iufo11,j11)*flavourTag(fmu,j11,j12)*Vec(nu10,q2)*Vec(nu14,q3)^
      2*Vec(nu15,-q2)*Vecr(nu15,p4)*Deng(p4,xiz,M4)^2*Deng(q2 + q3,xiw,M3)^2*
      Deng(p4 + q2 + q3,xiw,M3)^2*p4.p4*xiw^2*ufoGC58^2*ufoGC80*ufoGC69
       - 1/8*g_(1,6_,nu10)*g_(2,6_,nu16)*FT2*g_(2,q3)*cFT(nu13,XX,i2,iufo11)*
      cFT(g7,XX,iufo11,j11)*flavourTag(fmu,j11,j12)*Vec(nu10,q2)*Vec(nu14,q3)^
      2*Vec(nu15,-q3)*Vecr(nu15,p4)*Deng(p4,xiz,M4)^2*Deng(q2 + q3,xiw,M3)^2*
      Deng(p4 + q2 + q3,xiw,M3)^2*p4.p4*xiw^2*ufoGC58^2*ufoGC80*ufoGC69
       + 1/8*g_(1,6_,nu10)*g_(2,6_,nu16)*FT2*g_(2,q3)*cFT(nu13,XX,i2,iufo11)*
      cFT(g7,XX,iufo11,j11)*flavourTag(fmu,j11,j12)*Vec(nu10,q2)*Vec(nu14,q3)*
      Vec(nu15,q2)*Deng(p4,xiz,M4)^2*Deng(q2 + q3,xiw,M3)^2*Deng(p4 + q2 + q3,
      xiw,M3)^2*p4.p4^2*xiw^2*ufoGC58^2*ufoGC80*ufoGC69
       + 1/8*g_(1,6_,nu10)*g_(2,6_,nu16)*FT2*g_(2,q3)*cFT(nu13,XX,i2,iufo11)*
      cFT(g7,XX,iufo11,j11)*flavourTag(fmu,j11,j12)*Vec(nu10,q2)*Vec(nu14,q3)*
      Vec(nu15,q3)*Deng(p4,xiz,M4)^2*Deng(q2 + q3,xiw,M3)^2*Deng(p4 + q2 + q3,
      xiw,M3)^2*p4.p4^2*xiw^2*ufoGC58^2*ufoGC80*ufoGC69
       - 1/8*g_(1,6_,nu10)*g_(2,6_,nu16)*FT2*g_(2,q3)*cFT(nu13,XX,i2,iufo11)*
      cFT(g7,XX,iufo11,j11)*flavourTag(fmu,j11,j12)*Vec(nu10,q2)*Vec(nu14,q3)*
      Vec(nu15,-p4)*Deng(p4,xiz,M4)^2*Deng(q2 + q3,xiw,M3)^2*Deng(p4 + q2 + q3
      ,xiw,M3)^2*p4.p4^2*xiw^2*ufoGC58^2*ufoGC80*ufoGC69
       - 1/8*g_(1,6_,nu10)*g_(2,6_,nu16)*FT2*g_(2,q3)*cFT(nu13,XX,i2,iufo11)*
      cFT(g7,XX,iufo11,j11)*flavourTag(fmu,j11,j12)*Vec(nu10,q2)*Vec(nu14,q3)*
      Vec(nu15,-q2)*Deng(p4,xiz,M4)^2*Deng(q2 + q3,xiw,M3)^2*Deng(p4 + q2 + q3
      ,xiw,M3)^2*p4.p4^2*xiw^2*ufoGC58^2*ufoGC80*ufoGC69
       - 1/8*g_(1,6_,nu10)*g_(2,6_,nu16)*FT2*g_(2,q3)*cFT(nu13,XX,i2,iufo11)*
      cFT(g7,XX,iufo11,j11)*flavourTag(fmu,j11,j12)*Vec(nu10,q2)*Vec(nu14,q3)*
      Vec(nu15,-q3)*Deng(p4,xiz,M4)^2*Deng(q2 + q3,xiw,M3)^2*Deng(p4 + q2 + q3
      ,xiw,M3)^2*p4.p4^2*xiw^2*ufoGC58^2*ufoGC80*ufoGC69
       + 1/8*g_(1,6_,nu10)*g_(2,6_,nu16)*FT2*g_(2,q3)*cFT(nu13,XX,i2,iufo11)*
      cFT(g7,XX,iufo11,j11)*flavourTag(fmu,j11,j12)*Vec(nu10,q2)*Vec(nu15,q2)*
      Vecr(nu15,p4)*Deng(p4,xiz,M4)^2*Deng(q2 + q3,xiw,M3)^2*Deng(p4 + q2 + q3
      ,xiw,M3)^2*p4.p4^2*xiw^2*ufoGC58^2*ufoGC80*ufoGC69
       + 1/8*g_(1,6_,nu10)*g_(2,6_,nu16)*FT2*g_(2,q3)*cFT(nu13,XX,i2,iufo11)*
      cFT(g7,XX,iufo11,j11)*flavourTag(fmu,j11,j12)*Vec(nu10,q2)*Vec(nu15,q3)*
      Vecr(nu15,p4)*Deng(p4,xiz,M4)^2*Deng(q2 + q3,xiw,M3)^2*Deng(p4 + q2 + q3
      ,xiw,M3)^2*p4.p4^2*xiw^2*ufoGC58^2*ufoGC80*ufoGC69
       + 1/8*g_(1,6_,nu10)*g_(2,6_,nu16)*FT2*g_(2,q3)*cFT(nu13,XX,i2,iufo11)*
      cFT(g7,XX,iufo11,j11)*flavourTag(fmu,j11,j12)*Vec(nu10,q3)*Vec(nu16,q2)*
      Vec(nu13,q2)*Vec(nu9,q2)*Vecr(nu9,p4)*Deng(p4,xiz,M4)*Deng(q2 + q3,xiw,
      M3)^2*Deng(p4 + q2 + q3,xiw,M3)^2*xiw^2*ufoGC58^2*ufoGC80*ufoGC69
       + 1/8*g_(1,6_,nu10)*g_(2,6_,nu16)*FT2*g_(2,q3)*cFT(nu13,XX,i2,iufo11)*
      cFT(g7,XX,iufo11,j11)*flavourTag(fmu,j11,j12)*Vec(nu10,q3)*Vec(nu16,q2)*
      Vec(nu13,q2)*Vec(nu9,q3)*Vecr(nu9,p4)*Deng(p4,xiz,M4)*Deng(q2 + q3,xiw,
      M3)^2*Deng(p4 + q2 + q3,xiw,M3)^2*xiw^2*ufoGC58^2*ufoGC80*ufoGC69
       - 1/8*g_(1,6_,nu10)*g_(2,6_,nu16)*FT2*g_(2,q3)*cFT(nu13,XX,i2,iufo11)*
      cFT(g7,XX,iufo11,j11)*flavourTag(fmu,j11,j12)*Vec(nu10,q3)*Vec(nu16,q2)*
      Vec(nu13,q2)*Vec(nu9,-p4)*Vec(nu9,q2)*Deng(p4,xiz,M4)*Deng(q2 + q3,xiw,
      M3)^2*Deng(p4 + q2 + q3,xiw,M3)^2*xiw^2*ufoGC58^2*ufoGC80*ufoGC69
       - 1/8*g_(1,6_,nu10)*g_(2,6_,nu16)*FT2*g_(2,q3)*cFT(nu13,XX,i2,iufo11)*
      cFT(g7,XX,iufo11,j11)*flavourTag(fmu,j11,j12)*Vec(nu10,q3)*Vec(nu16,q2)*
      Vec(nu13,q2)*Vec(nu9,-p4)*Vec(nu9,q3)*Deng(p4,xiz,M4)*Deng(q2 + q3,xiw,
      M3)^2*Deng(p4 + q2 + q3,xiw,M3)^2*xiw^2*ufoGC58^2*ufoGC80*ufoGC69
       - 1/8*g_(1,6_,nu10)*g_(2,6_,nu16)*FT2*g_(2,q3)*cFT(nu13,XX,i2,iufo11)*
      cFT(g7,XX,iufo11,j11)*flavourTag(fmu,j11,j12)*Vec(nu10,q3)*Vec(nu16,q2)*
      Vec(nu13,q2)*Vec(nu9,-q2)*Vec(nu9,q2)*Deng(p4,xiz,M4)*Deng(q2 + q3,xiw,
      M3)^2*Deng(p4 + q2 + q3,xiw,M3)^2*xiw^2*ufoGC58^2*ufoGC80*ufoGC69
       - 1/8*g_(1,6_,nu10)*g_(2,6_,nu16)*FT2*g_(2,q3)*cFT(nu13,XX,i2,iufo11)*
      cFT(g7,XX,iufo11,j11)*flavourTag(fmu,j11,j12)*Vec(nu10,q3)*Vec(nu16,q2)*
      Vec(nu13,q2)*Vec(nu9,-q2)*Vec(nu9,q3)*Deng(p4,xiz,M4)*Deng(q2 + q3,xiw,
      M3)^2*Deng(p4 + q2 + q3,xiw,M3)^2*xiw^2*ufoGC58^2*ufoGC80*ufoGC69
       - 1/8*g_(1,6_,nu10)*g_(2,6_,nu16)*FT2*g_(2,q3)*cFT(nu13,XX,i2,iufo11)*
      cFT(g7,XX,iufo11,j11)*flavourTag(fmu,j11,j12)*Vec(nu10,q3)*Vec(nu16,q2)*
      Vec(nu13,q2)*Vec(nu9,-q3)*Vec(nu9,q2)*Deng(p4,xiz,M4)*Deng(q2 + q3,xiw,
      M3)^2*Deng(p4 + q2 + q3,xiw,M3)^2*xiw^2*ufoGC58^2*ufoGC80*ufoGC69
       - 1/8*g_(1,6_,nu10)*g_(2,6_,nu16)*FT2*g_(2,q3)*cFT(nu13,XX,i2,iufo11)*
      cFT(g7,XX,iufo11,j11)*flavourTag(fmu,j11,j12)*Vec(nu10,q3)*Vec(nu16,q2)*
      Vec(nu13,q2)*Vec(nu9,-q3)*Vec(nu9,q3)*Deng(p4,xiz,M4)*Deng(q2 + q3,xiw,
      M3)^2*Deng(p4 + q2 + q3,xiw,M3)^2*xiw^2*ufoGC58^2*ufoGC80*ufoGC69
       - 1/8*g_(1,6_,nu10)*g_(2,6_,nu16)*FT2*g_(2,q3)*cFT(nu13,XX,i2,iufo11)*
      cFT(g7,XX,iufo11,j11)*flavourTag(fmu,j11,j12)*Vec(nu10,q3)*Vec(nu16,q2)*
      Vec(nu13,q2)*Vec(nu14,q2)*Vecr(nu14,p4)*Deng(p4,xiz,M4)*Deng(q2 + q3,xiw
      ,M3)^2*Deng(p4 + q2 + q3,xiw,M3)^2*xiw^2*ufoGC58^2*ufoGC80*ufoGC69
       - 1/8*g_(1,6_,nu10)*g_(2,6_,nu16)*FT2*g_(2,q3)*cFT(nu13,XX,i2,iufo11)*
      cFT(g7,XX,iufo11,j11)*flavourTag(fmu,j11,j12)*Vec(nu10,q3)*Vec(nu16,q2)*
      Vec(nu13,q2)*Vec(nu14,q3)*Vecr(nu14,p4)*Deng(p4,xiz,M4)*Deng(q2 + q3,xiw
      ,M3)^2*Deng(p4 + q2 + q3,xiw,M3)^2*xiw^2*ufoGC58^2*ufoGC80*ufoGC69
       - 1/8*g_(1,6_,nu10)*g_(2,6_,nu16)*FT2*g_(2,q3)*cFT(nu13,XX,i2,iufo11)*
      cFT(g7,XX,iufo11,j11)*flavourTag(fmu,j11,j12)*Vec(nu10,q3)*Vec(nu16,q2)*
      Vec(nu13,q2)*Deng(p4,xiz,M4)*Deng(q2 + q3,xiw,M3)^2*Deng(p4 + q2 + q3,
      xiw,M3)^2*p4.p4*xiw^2*ufoGC58^2*ufoGC80*ufoGC69
       + 1/8*g_(1,6_,nu10)*g_(2,6_,nu16)*FT2*g_(2,q3)*cFT(nu13,XX,i2,iufo11)*
      cFT(g7,XX,iufo11,j11)*flavourTag(fmu,j11,j12)*Vec(nu10,q3)*Vec(nu16,q2)*
      Vec(nu13,q3)*Vec(nu9,q2)*Vecr(nu9,p4)*Deng(p4,xiz,M4)*Deng(q2 + q3,xiw,
      M3)^2*Deng(p4 + q2 + q3,xiw,M3)^2*xiw^2*ufoGC58^2*ufoGC80*ufoGC69
       + 1/8*g_(1,6_,nu10)*g_(2,6_,nu16)*FT2*g_(2,q3)*cFT(nu13,XX,i2,iufo11)*
      cFT(g7,XX,iufo11,j11)*flavourTag(fmu,j11,j12)*Vec(nu10,q3)*Vec(nu16,q2)*
      Vec(nu13,q3)*Vec(nu9,q3)*Vecr(nu9,p4)*Deng(p4,xiz,M4)*Deng(q2 + q3,xiw,
      M3)^2*Deng(p4 + q2 + q3,xiw,M3)^2*xiw^2*ufoGC58^2*ufoGC80*ufoGC69
       - 1/8*g_(1,6_,nu10)*g_(2,6_,nu16)*FT2*g_(2,q3)*cFT(nu13,XX,i2,iufo11)*
      cFT(g7,XX,iufo11,j11)*flavourTag(fmu,j11,j12)*Vec(nu10,q3)*Vec(nu16,q2)*
      Vec(nu13,q3)*Vec(nu9,-p4)*Vec(nu9,q2)*Deng(p4,xiz,M4)*Deng(q2 + q3,xiw,
      M3)^2*Deng(p4 + q2 + q3,xiw,M3)^2*xiw^2*ufoGC58^2*ufoGC80*ufoGC69
       - 1/8*g_(1,6_,nu10)*g_(2,6_,nu16)*FT2*g_(2,q3)*cFT(nu13,XX,i2,iufo11)*
      cFT(g7,XX,iufo11,j11)*flavourTag(fmu,j11,j12)*Vec(nu10,q3)*Vec(nu16,q2)*
      Vec(nu13,q3)*Vec(nu9,-p4)*Vec(nu9,q3)*Deng(p4,xiz,M4)*Deng(q2 + q3,xiw,
      M3)^2*Deng(p4 + q2 + q3,xiw,M3)^2*xiw^2*ufoGC58^2*ufoGC80*ufoGC69
       - 1/8*g_(1,6_,nu10)*g_(2,6_,nu16)*FT2*g_(2,q3)*cFT(nu13,XX,i2,iufo11)*
      cFT(g7,XX,iufo11,j11)*flavourTag(fmu,j11,j12)*Vec(nu10,q3)*Vec(nu16,q2)*
      Vec(nu13,q3)*Vec(nu9,-q2)*Vec(nu9,q2)*Deng(p4,xiz,M4)*Deng(q2 + q3,xiw,
      M3)^2*Deng(p4 + q2 + q3,xiw,M3)^2*xiw^2*ufoGC58^2*ufoGC80*ufoGC69
       - 1/8*g_(1,6_,nu10)*g_(2,6_,nu16)*FT2*g_(2,q3)*cFT(nu13,XX,i2,iufo11)*
      cFT(g7,XX,iufo11,j11)*flavourTag(fmu,j11,j12)*Vec(nu10,q3)*Vec(nu16,q2)*
      Vec(nu13,q3)*Vec(nu9,-q2)*Vec(nu9,q3)*Deng(p4,xiz,M4)*Deng(q2 + q3,xiw,
      M3)^2*Deng(p4 + q2 + q3,xiw,M3)^2*xiw^2*ufoGC58^2*ufoGC80*ufoGC69
       - 1/8*g_(1,6_,nu10)*g_(2,6_,nu16)*FT2*g_(2,q3)*cFT(nu13,XX,i2,iufo11)*
      cFT(g7,XX,iufo11,j11)*flavourTag(fmu,j11,j12)*Vec(nu10,q3)*Vec(nu16,q2)*
      Vec(nu13,q3)*Vec(nu9,-q3)*Vec(nu9,q2)*Deng(p4,xiz,M4)*Deng(q2 + q3,xiw,
      M3)^2*Deng(p4 + q2 + q3,xiw,M3)^2*xiw^2*ufoGC58^2*ufoGC80*ufoGC69
       - 1/8*g_(1,6_,nu10)*g_(2,6_,nu16)*FT2*g_(2,q3)*cFT(nu13,XX,i2,iufo11)*
      cFT(g7,XX,iufo11,j11)*flavourTag(fmu,j11,j12)*Vec(nu10,q3)*Vec(nu16,q2)*
      Vec(nu13,q3)*Vec(nu9,-q3)*Vec(nu9,q3)*Deng(p4,xiz,M4)*Deng(q2 + q3,xiw,
      M3)^2*Deng(p4 + q2 + q3,xiw,M3)^2*xiw^2*ufoGC58^2*ufoGC80*ufoGC69
       - 1/8*g_(1,6_,nu10)*g_(2,6_,nu16)*FT2*g_(2,q3)*cFT(nu13,XX,i2,iufo11)*
      cFT(g7,XX,iufo11,j11)*flavourTag(fmu,j11,j12)*Vec(nu10,q3)*Vec(nu16,q2)*
      Vec(nu13,q3)*Vec(nu14,q2)*Vecr(nu14,p4)*Deng(p4,xiz,M4)*Deng(q2 + q3,xiw
      ,M3)^2*Deng(p4 + q2 + q3,xiw,M3)^2*xiw^2*ufoGC58^2*ufoGC80*ufoGC69
       - 1/8*g_(1,6_,nu10)*g_(2,6_,nu16)*FT2*g_(2,q3)*cFT(nu13,XX,i2,iufo11)*
      cFT(g7,XX,iufo11,j11)*flavourTag(fmu,j11,j12)*Vec(nu10,q3)*Vec(nu16,q2)*
      Vec(nu13,q3)*Vec(nu14,q3)*Vecr(nu14,p4)*Deng(p4,xiz,M4)*Deng(q2 + q3,xiw
      ,M3)^2*Deng(p4 + q2 + q3,xiw,M3)^2*xiw^2*ufoGC58^2*ufoGC80*ufoGC69
       - 1/8*g_(1,6_,nu10)*g_(2,6_,nu16)*FT2*g_(2,q3)*cFT(nu13,XX,i2,iufo11)*
      cFT(g7,XX,iufo11,j11)*flavourTag(fmu,j11,j12)*Vec(nu10,q3)*Vec(nu16,q2)*
      Vec(nu13,q3)*Deng(p4,xiz,M4)*Deng(q2 + q3,xiw,M3)^2*Deng(p4 + q2 + q3,
      xiw,M3)^2*p4.p4*xiw^2*ufoGC58^2*ufoGC80*ufoGC69
       + 1/8*g_(1,6_,nu10)*g_(2,6_,nu16)*FT2*g_(2,q3)*cFT(nu13,XX,i2,iufo11)*
      cFT(g7,XX,iufo11,j11)*flavourTag(fmu,j11,j12)*Vec(nu10,q3)*Vec(nu16,q2)*
      Vec(nu9,q2)*Deng(p4,xiz,M4)*Deng(q2 + q3,xiw,M3)^2*Deng(p4 + q2 + q3,xiw
      ,M3)^2*p4.p4*xiw^2*ufoGC58^2*ufoGC80*ufoGC69
       + 1/8*g_(1,6_,nu10)*g_(2,6_,nu16)*FT2*g_(2,q3)*cFT(nu13,XX,i2,iufo11)*
      cFT(g7,XX,iufo11,j11)*flavourTag(fmu,j11,j12)*Vec(nu10,q3)*Vec(nu16,q2)*
      Vec(nu9,q3)*Deng(p4,xiz,M4)*Deng(q2 + q3,xiw,M3)^2*Deng(p4 + q2 + q3,xiw
      ,M3)^2*p4.p4*xiw^2*ufoGC58^2*ufoGC80*ufoGC69
       - 1/8*g_(1,6_,nu10)*g_(2,6_,nu16)*FT2*g_(2,q3)*cFT(nu13,XX,i2,iufo11)*
      cFT(g7,XX,iufo11,j11)*flavourTag(fmu,j11,j12)*Vec(nu10,q3)*Vec(nu16,q2)*
      Vec(nu9,-p4)*Vec(nu9,q2)*Vecr(nu13,p4)*Deng(p4,xiz,M4)*Deng(q2 + q3,xiw,
      M3)^2*Deng(p4 + q2 + q3,xiw,M3)^2*xiw^2*ufoGC58^2*ufoGC80*ufoGC69
       - 1/8*g_(1,6_,nu10)*g_(2,6_,nu16)*FT2*g_(2,q3)*cFT(nu13,XX,i2,iufo11)*
      cFT(g7,XX,iufo11,j11)*flavourTag(fmu,j11,j12)*Vec(nu10,q3)*Vec(nu16,q2)*
      Vec(nu9,-p4)*Vec(nu9,q3)*Vecr(nu13,p4)*Deng(p4,xiz,M4)*Deng(q2 + q3,xiw,
      M3)^2*Deng(p4 + q2 + q3,xiw,M3)^2*xiw^2*ufoGC58^2*ufoGC80*ufoGC69
       - 1/8*g_(1,6_,nu10)*g_(2,6_,nu16)*FT2*g_(2,q3)*cFT(nu13,XX,i2,iufo11)*
      cFT(g7,XX,iufo11,j11)*flavourTag(fmu,j11,j12)*Vec(nu10,q3)*Vec(nu16,q2)*
      Vec(nu9,-q2)*Vec(nu9,q2)*Vecr(nu13,p4)*Deng(p4,xiz,M4)*Deng(q2 + q3,xiw,
      M3)^2*Deng(p4 + q2 + q3,xiw,M3)^2*xiw^2*ufoGC58^2*ufoGC80*ufoGC69
       - 1/8*g_(1,6_,nu10)*g_(2,6_,nu16)*FT2*g_(2,q3)*cFT(nu13,XX,i2,iufo11)*
      cFT(g7,XX,iufo11,j11)*flavourTag(fmu,j11,j12)*Vec(nu10,q3)*Vec(nu16,q2)*
      Vec(nu9,-q2)*Vec(nu9,q3)*Vecr(nu13,p4)*Deng(p4,xiz,M4)*Deng(q2 + q3,xiw,
      M3)^2*Deng(p4 + q2 + q3,xiw,M3)^2*xiw^2*ufoGC58^2*ufoGC80*ufoGC69
       - 1/8*g_(1,6_,nu10)*g_(2,6_,nu16)*FT2*g_(2,q3)*cFT(nu13,XX,i2,iufo11)*
      cFT(g7,XX,iufo11,j11)*flavourTag(fmu,j11,j12)*Vec(nu10,q3)*Vec(nu16,q2)*
      Vec(nu9,-q3)*Vec(nu9,q2)*Vecr(nu13,p4)*Deng(p4,xiz,M4)*Deng(q2 + q3,xiw,
      M3)^2*Deng(p4 + q2 + q3,xiw,M3)^2*xiw^2*ufoGC58^2*ufoGC80*ufoGC69
       - 1/8*g_(1,6_,nu10)*g_(2,6_,nu16)*FT2*g_(2,q3)*cFT(nu13,XX,i2,iufo11)*
      cFT(g7,XX,iufo11,j11)*flavourTag(fmu,j11,j12)*Vec(nu10,q3)*Vec(nu16,q2)*
      Vec(nu9,-q3)*Vec(nu9,q3)*Vecr(nu13,p4)*Deng(p4,xiz,M4)*Deng(q2 + q3,xiw,
      M3)^2*Deng(p4 + q2 + q3,xiw,M3)^2*xiw^2*ufoGC58^2*ufoGC80*ufoGC69
       - 1/8*g_(1,6_,nu10)*g_(2,6_,nu16)*FT2*g_(2,q3)*cFT(nu13,XX,i2,iufo11)*
      cFT(g7,XX,iufo11,j11)*flavourTag(fmu,j11,j12)*Vec(nu10,q3)*Vec(nu16,q2)*
      Vec(nu14,q2)*Deng(p4,xiz,M4)*Deng(q2 + q3,xiw,M3)^2*Deng(p4 + q2 + q3,
      xiw,M3)^2*p4.p4*xiw^2*ufoGC58^2*ufoGC80*ufoGC69
       - 1/8*g_(1,6_,nu10)*g_(2,6_,nu16)*FT2*g_(2,q3)*cFT(nu13,XX,i2,iufo11)*
      cFT(g7,XX,iufo11,j11)*flavourTag(fmu,j11,j12)*Vec(nu10,q3)*Vec(nu16,q2)*
      Vec(nu14,q3)*Deng(p4,xiz,M4)*Deng(q2 + q3,xiw,M3)^2*Deng(p4 + q2 + q3,
      xiw,M3)^2*p4.p4*xiw^2*ufoGC58^2*ufoGC80*ufoGC69
       - 1/8*g_(1,6_,nu10)*g_(2,6_,nu16)*FT2*g_(2,q3)*cFT(nu13,XX,i2,iufo11)*
      cFT(g7,XX,iufo11,j11)*flavourTag(fmu,j11,j12)*Vec(nu10,q3)*Vec(nu16,q2)*
      Vecr(nu14,p4)*Deng(p4,xiz,M4)*Deng(q2 + q3,xiw,M3)^2*Deng(p4 + q2 + q3,
      xiw,M3)^2*p4.p4*xiw^2*ufoGC58^2*ufoGC80*ufoGC69
       + 1/8*g_(1,6_,nu10)*g_(2,6_,nu16)*FT2*g_(2,q3)*cFT(nu13,XX,i2,iufo11)*
      cFT(g7,XX,iufo11,j11)*flavourTag(fmu,j11,j12)*Vec(nu10,q3)*Vec(nu16,q3)*
      Vec(nu13,q2)*Vec(nu9,q2)*Vecr(nu9,p4)*Deng(p4,xiz,M4)*Deng(q2 + q3,xiw,
      M3)^2*Deng(p4 + q2 + q3,xiw,M3)^2*xiw^2*ufoGC58^2*ufoGC80*ufoGC69
       + 1/8*g_(1,6_,nu10)*g_(2,6_,nu16)*FT2*g_(2,q3)*cFT(nu13,XX,i2,iufo11)*
      cFT(g7,XX,iufo11,j11)*flavourTag(fmu,j11,j12)*Vec(nu10,q3)*Vec(nu16,q3)*
      Vec(nu13,q2)*Vec(nu9,q3)*Vecr(nu9,p4)*Deng(p4,xiz,M4)*Deng(q2 + q3,xiw,
      M3)^2*Deng(p4 + q2 + q3,xiw,M3)^2*xiw^2*ufoGC58^2*ufoGC80*ufoGC69
       - 1/8*g_(1,6_,nu10)*g_(2,6_,nu16)*FT2*g_(2,q3)*cFT(nu13,XX,i2,iufo11)*
      cFT(g7,XX,iufo11,j11)*flavourTag(fmu,j11,j12)*Vec(nu10,q3)*Vec(nu16,q3)*
      Vec(nu13,q2)*Vec(nu9,-p4)*Vec(nu9,q2)*Deng(p4,xiz,M4)*Deng(q2 + q3,xiw,
      M3)^2*Deng(p4 + q2 + q3,xiw,M3)^2*xiw^2*ufoGC58^2*ufoGC80*ufoGC69
       - 1/8*g_(1,6_,nu10)*g_(2,6_,nu16)*FT2*g_(2,q3)*cFT(nu13,XX,i2,iufo11)*
      cFT(g7,XX,iufo11,j11)*flavourTag(fmu,j11,j12)*Vec(nu10,q3)*Vec(nu16,q3)*
      Vec(nu13,q2)*Vec(nu9,-p4)*Vec(nu9,q3)*Deng(p4,xiz,M4)*Deng(q2 + q3,xiw,
      M3)^2*Deng(p4 + q2 + q3,xiw,M3)^2*xiw^2*ufoGC58^2*ufoGC80*ufoGC69
       - 1/8*g_(1,6_,nu10)*g_(2,6_,nu16)*FT2*g_(2,q3)*cFT(nu13,XX,i2,iufo11)*
      cFT(g7,XX,iufo11,j11)*flavourTag(fmu,j11,j12)*Vec(nu10,q3)*Vec(nu16,q3)*
      Vec(nu13,q2)*Vec(nu9,-q2)*Vec(nu9,q2)*Deng(p4,xiz,M4)*Deng(q2 + q3,xiw,
      M3)^2*Deng(p4 + q2 + q3,xiw,M3)^2*xiw^2*ufoGC58^2*ufoGC80*ufoGC69
       - 1/8*g_(1,6_,nu10)*g_(2,6_,nu16)*FT2*g_(2,q3)*cFT(nu13,XX,i2,iufo11)*
      cFT(g7,XX,iufo11,j11)*flavourTag(fmu,j11,j12)*Vec(nu10,q3)*Vec(nu16,q3)*
      Vec(nu13,q2)*Vec(nu9,-q2)*Vec(nu9,q3)*Deng(p4,xiz,M4)*Deng(q2 + q3,xiw,
      M3)^2*Deng(p4 + q2 + q3,xiw,M3)^2*xiw^2*ufoGC58^2*ufoGC80*ufoGC69
       - 1/8*g_(1,6_,nu10)*g_(2,6_,nu16)*FT2*g_(2,q3)*cFT(nu13,XX,i2,iufo11)*
      cFT(g7,XX,iufo11,j11)*flavourTag(fmu,j11,j12)*Vec(nu10,q3)*Vec(nu16,q3)*
      Vec(nu13,q2)*Vec(nu9,-q3)*Vec(nu9,q2)*Deng(p4,xiz,M4)*Deng(q2 + q3,xiw,
      M3)^2*Deng(p4 + q2 + q3,xiw,M3)^2*xiw^2*ufoGC58^2*ufoGC80*ufoGC69
       - 1/8*g_(1,6_,nu10)*g_(2,6_,nu16)*FT2*g_(2,q3)*cFT(nu13,XX,i2,iufo11)*
      cFT(g7,XX,iufo11,j11)*flavourTag(fmu,j11,j12)*Vec(nu10,q3)*Vec(nu16,q3)*
      Vec(nu13,q2)*Vec(nu9,-q3)*Vec(nu9,q3)*Deng(p4,xiz,M4)*Deng(q2 + q3,xiw,
      M3)^2*Deng(p4 + q2 + q3,xiw,M3)^2*xiw^2*ufoGC58^2*ufoGC80*ufoGC69
       - 1/8*g_(1,6_,nu10)*g_(2,6_,nu16)*FT2*g_(2,q3)*cFT(nu13,XX,i2,iufo11)*
      cFT(g7,XX,iufo11,j11)*flavourTag(fmu,j11,j12)*Vec(nu10,q3)*Vec(nu16,q3)*
      Vec(nu13,q2)*Vec(nu14,q2)*Vecr(nu14,p4)*Deng(p4,xiz,M4)*Deng(q2 + q3,xiw
      ,M3)^2*Deng(p4 + q2 + q3,xiw,M3)^2*xiw^2*ufoGC58^2*ufoGC80*ufoGC69
       - 1/8*g_(1,6_,nu10)*g_(2,6_,nu16)*FT2*g_(2,q3)*cFT(nu13,XX,i2,iufo11)*
      cFT(g7,XX,iufo11,j11)*flavourTag(fmu,j11,j12)*Vec(nu10,q3)*Vec(nu16,q3)*
      Vec(nu13,q2)*Vec(nu14,q3)*Vecr(nu14,p4)*Deng(p4,xiz,M4)*Deng(q2 + q3,xiw
      ,M3)^2*Deng(p4 + q2 + q3,xiw,M3)^2*xiw^2*ufoGC58^2*ufoGC80*ufoGC69
       - 1/8*g_(1,6_,nu10)*g_(2,6_,nu16)*FT2*g_(2,q3)*cFT(nu13,XX,i2,iufo11)*
      cFT(g7,XX,iufo11,j11)*flavourTag(fmu,j11,j12)*Vec(nu10,q3)*Vec(nu16,q3)*
      Vec(nu13,q2)*Deng(p4,xiz,M4)*Deng(q2 + q3,xiw,M3)^2*Deng(p4 + q2 + q3,
      xiw,M3)^2*p4.p4*xiw^2*ufoGC58^2*ufoGC80*ufoGC69
       + 1/8*g_(1,6_,nu10)*g_(2,6_,nu16)*FT2*g_(2,q3)*cFT(nu13,XX,i2,iufo11)*
      cFT(g7,XX,iufo11,j11)*flavourTag(fmu,j11,j12)*Vec(nu10,q3)*Vec(nu16,q3)*
      Vec(nu13,q3)*Vec(nu9,q2)*Vecr(nu9,p4)*Deng(p4,xiz,M4)*Deng(q2 + q3,xiw,
      M3)^2*Deng(p4 + q2 + q3,xiw,M3)^2*xiw^2*ufoGC58^2*ufoGC80*ufoGC69
       + 1/8*g_(1,6_,nu10)*g_(2,6_,nu16)*FT2*g_(2,q3)*cFT(nu13,XX,i2,iufo11)*
      cFT(g7,XX,iufo11,j11)*flavourTag(fmu,j11,j12)*Vec(nu10,q3)*Vec(nu16,q3)*
      Vec(nu13,q3)*Vec(nu9,q3)*Vecr(nu9,p4)*Deng(p4,xiz,M4)*Deng(q2 + q3,xiw,
      M3)^2*Deng(p4 + q2 + q3,xiw,M3)^2*xiw^2*ufoGC58^2*ufoGC80*ufoGC69
       - 1/8*g_(1,6_,nu10)*g_(2,6_,nu16)*FT2*g_(2,q3)*cFT(nu13,XX,i2,iufo11)*
      cFT(g7,XX,iufo11,j11)*flavourTag(fmu,j11,j12)*Vec(nu10,q3)*Vec(nu16,q3)*
      Vec(nu13,q3)*Vec(nu9,-p4)*Vec(nu9,q2)*Deng(p4,xiz,M4)*Deng(q2 + q3,xiw,
      M3)^2*Deng(p4 + q2 + q3,xiw,M3)^2*xiw^2*ufoGC58^2*ufoGC80*ufoGC69
       - 1/8*g_(1,6_,nu10)*g_(2,6_,nu16)*FT2*g_(2,q3)*cFT(nu13,XX,i2,iufo11)*
      cFT(g7,XX,iufo11,j11)*flavourTag(fmu,j11,j12)*Vec(nu10,q3)*Vec(nu16,q3)*
      Vec(nu13,q3)*Vec(nu9,-p4)*Vec(nu9,q3)*Deng(p4,xiz,M4)*Deng(q2 + q3,xiw,
      M3)^2*Deng(p4 + q2 + q3,xiw,M3)^2*xiw^2*ufoGC58^2*ufoGC80*ufoGC69
       - 1/8*g_(1,6_,nu10)*g_(2,6_,nu16)*FT2*g_(2,q3)*cFT(nu13,XX,i2,iufo11)*
      cFT(g7,XX,iufo11,j11)*flavourTag(fmu,j11,j12)*Vec(nu10,q3)*Vec(nu16,q3)*
      Vec(nu13,q3)*Vec(nu9,-q2)*Vec(nu9,q2)*Deng(p4,xiz,M4)*Deng(q2 + q3,xiw,
      M3)^2*Deng(p4 + q2 + q3,xiw,M3)^2*xiw^2*ufoGC58^2*ufoGC80*ufoGC69
       - 1/8*g_(1,6_,nu10)*g_(2,6_,nu16)*FT2*g_(2,q3)*cFT(nu13,XX,i2,iufo11)*
      cFT(g7,XX,iufo11,j11)*flavourTag(fmu,j11,j12)*Vec(nu10,q3)*Vec(nu16,q3)*
      Vec(nu13,q3)*Vec(nu9,-q2)*Vec(nu9,q3)*Deng(p4,xiz,M4)*Deng(q2 + q3,xiw,
      M3)^2*Deng(p4 + q2 + q3,xiw,M3)^2*xiw^2*ufoGC58^2*ufoGC80*ufoGC69
       - 1/8*g_(1,6_,nu10)*g_(2,6_,nu16)*FT2*g_(2,q3)*cFT(nu13,XX,i2,iufo11)*
      cFT(g7,XX,iufo11,j11)*flavourTag(fmu,j11,j12)*Vec(nu10,q3)*Vec(nu16,q3)*
      Vec(nu13,q3)*Vec(nu9,-q3)*Vec(nu9,q2)*Deng(p4,xiz,M4)*Deng(q2 + q3,xiw,
      M3)^2*Deng(p4 + q2 + q3,xiw,M3)^2*xiw^2*ufoGC58^2*ufoGC80*ufoGC69
       - 1/8*g_(1,6_,nu10)*g_(2,6_,nu16)*FT2*g_(2,q3)*cFT(nu13,XX,i2,iufo11)*
      cFT(g7,XX,iufo11,j11)*flavourTag(fmu,j11,j12)*Vec(nu10,q3)*Vec(nu16,q3)*
      Vec(nu13,q3)*Vec(nu9,-q3)*Vec(nu9,q3)*Deng(p4,xiz,M4)*Deng(q2 + q3,xiw,
      M3)^2*Deng(p4 + q2 + q3,xiw,M3)^2*xiw^2*ufoGC58^2*ufoGC80*ufoGC69
       - 1/8*g_(1,6_,nu10)*g_(2,6_,nu16)*FT2*g_(2,q3)*cFT(nu13,XX,i2,iufo11)*
      cFT(g7,XX,iufo11,j11)*flavourTag(fmu,j11,j12)*Vec(nu10,q3)*Vec(nu16,q3)*
      Vec(nu13,q3)*Vec(nu14,q2)*Vecr(nu14,p4)*Deng(p4,xiz,M4)*Deng(q2 + q3,xiw
      ,M3)^2*Deng(p4 + q2 + q3,xiw,M3)^2*xiw^2*ufoGC58^2*ufoGC80*ufoGC69
       - 1/8*g_(1,6_,nu10)*g_(2,6_,nu16)*FT2*g_(2,q3)*cFT(nu13,XX,i2,iufo11)*
      cFT(g7,XX,iufo11,j11)*flavourTag(fmu,j11,j12)*Vec(nu10,q3)*Vec(nu16,q3)*
      Vec(nu13,q3)*Vec(nu14,q3)*Vecr(nu14,p4)*Deng(p4,xiz,M4)*Deng(q2 + q3,xiw
      ,M3)^2*Deng(p4 + q2 + q3,xiw,M3)^2*xiw^2*ufoGC58^2*ufoGC80*ufoGC69
       - 1/8*g_(1,6_,nu10)*g_(2,6_,nu16)*FT2*g_(2,q3)*cFT(nu13,XX,i2,iufo11)*
      cFT(g7,XX,iufo11,j11)*flavourTag(fmu,j11,j12)*Vec(nu10,q3)*Vec(nu16,q3)*
      Vec(nu13,q3)*Deng(p4,xiz,M4)*Deng(q2 + q3,xiw,M3)^2*Deng(p4 + q2 + q3,
      xiw,M3)^2*p4.p4*xiw^2*ufoGC58^2*ufoGC80*ufoGC69
       + 1/8*g_(1,6_,nu10)*g_(2,6_,nu16)*FT2*g_(2,q3)*cFT(nu13,XX,i2,iufo11)*
      cFT(g7,XX,iufo11,j11)*flavourTag(fmu,j11,j12)*Vec(nu10,q3)*Vec(nu16,q3)*
      Vec(nu9,q2)*Deng(p4,xiz,M4)*Deng(q2 + q3,xiw,M3)^2*Deng(p4 + q2 + q3,xiw
      ,M3)^2*p4.p4*xiw^2*ufoGC58^2*ufoGC80*ufoGC69
       + 1/8*g_(1,6_,nu10)*g_(2,6_,nu16)*FT2*g_(2,q3)*cFT(nu13,XX,i2,iufo11)*
      cFT(g7,XX,iufo11,j11)*flavourTag(fmu,j11,j12)*Vec(nu10,q3)*Vec(nu16,q3)*
      Vec(nu9,q3)*Deng(p4,xiz,M4)*Deng(q2 + q3,xiw,M3)^2*Deng(p4 + q2 + q3,xiw
      ,M3)^2*p4.p4*xiw^2*ufoGC58^2*ufoGC80*ufoGC69
       - 1/8*g_(1,6_,nu10)*g_(2,6_,nu16)*FT2*g_(2,q3)*cFT(nu13,XX,i2,iufo11)*
      cFT(g7,XX,iufo11,j11)*flavourTag(fmu,j11,j12)*Vec(nu10,q3)*Vec(nu16,q3)*
      Vec(nu9,-p4)*Vec(nu9,q2)*Vecr(nu13,p4)*Deng(p4,xiz,M4)*Deng(q2 + q3,xiw,
      M3)^2*Deng(p4 + q2 + q3,xiw,M3)^2*xiw^2*ufoGC58^2*ufoGC80*ufoGC69
       - 1/8*g_(1,6_,nu10)*g_(2,6_,nu16)*FT2*g_(2,q3)*cFT(nu13,XX,i2,iufo11)*
      cFT(g7,XX,iufo11,j11)*flavourTag(fmu,j11,j12)*Vec(nu10,q3)*Vec(nu16,q3)*
      Vec(nu9,-p4)*Vec(nu9,q3)*Vecr(nu13,p4)*Deng(p4,xiz,M4)*Deng(q2 + q3,xiw,
      M3)^2*Deng(p4 + q2 + q3,xiw,M3)^2*xiw^2*ufoGC58^2*ufoGC80*ufoGC69
       - 1/8*g_(1,6_,nu10)*g_(2,6_,nu16)*FT2*g_(2,q3)*cFT(nu13,XX,i2,iufo11)*
      cFT(g7,XX,iufo11,j11)*flavourTag(fmu,j11,j12)*Vec(nu10,q3)*Vec(nu16,q3)*
      Vec(nu9,-q2)*Vec(nu9,q2)*Vecr(nu13,p4)*Deng(p4,xiz,M4)*Deng(q2 + q3,xiw,
      M3)^2*Deng(p4 + q2 + q3,xiw,M3)^2*xiw^2*ufoGC58^2*ufoGC80*ufoGC69
       - 1/8*g_(1,6_,nu10)*g_(2,6_,nu16)*FT2*g_(2,q3)*cFT(nu13,XX,i2,iufo11)*
      cFT(g7,XX,iufo11,j11)*flavourTag(fmu,j11,j12)*Vec(nu10,q3)*Vec(nu16,q3)*
      Vec(nu9,-q2)*Vec(nu9,q3)*Vecr(nu13,p4)*Deng(p4,xiz,M4)*Deng(q2 + q3,xiw,
      M3)^2*Deng(p4 + q2 + q3,xiw,M3)^2*xiw^2*ufoGC58^2*ufoGC80*ufoGC69
       - 1/8*g_(1,6_,nu10)*g_(2,6_,nu16)*FT2*g_(2,q3)*cFT(nu13,XX,i2,iufo11)*
      cFT(g7,XX,iufo11,j11)*flavourTag(fmu,j11,j12)*Vec(nu10,q3)*Vec(nu16,q3)*
      Vec(nu9,-q3)*Vec(nu9,q2)*Vecr(nu13,p4)*Deng(p4,xiz,M4)*Deng(q2 + q3,xiw,
      M3)^2*Deng(p4 + q2 + q3,xiw,M3)^2*xiw^2*ufoGC58^2*ufoGC80*ufoGC69
       - 1/8*g_(1,6_,nu10)*g_(2,6_,nu16)*FT2*g_(2,q3)*cFT(nu13,XX,i2,iufo11)*
      cFT(g7,XX,iufo11,j11)*flavourTag(fmu,j11,j12)*Vec(nu10,q3)*Vec(nu16,q3)*
      Vec(nu9,-q3)*Vec(nu9,q3)*Vecr(nu13,p4)*Deng(p4,xiz,M4)*Deng(q2 + q3,xiw,
      M3)^2*Deng(p4 + q2 + q3,xiw,M3)^2*xiw^2*ufoGC58^2*ufoGC80*ufoGC69
       - 1/8*g_(1,6_,nu10)*g_(2,6_,nu16)*FT2*g_(2,q3)*cFT(nu13,XX,i2,iufo11)*
      cFT(g7,XX,iufo11,j11)*flavourTag(fmu,j11,j12)*Vec(nu10,q3)*Vec(nu16,q3)*
      Vec(nu14,q2)*Deng(p4,xiz,M4)*Deng(q2 + q3,xiw,M3)^2*Deng(p4 + q2 + q3,
      xiw,M3)^2*p4.p4*xiw^2*ufoGC58^2*ufoGC80*ufoGC69
       - 1/8*g_(1,6_,nu10)*g_(2,6_,nu16)*FT2*g_(2,q3)*cFT(nu13,XX,i2,iufo11)*
      cFT(g7,XX,iufo11,j11)*flavourTag(fmu,j11,j12)*Vec(nu10,q3)*Vec(nu16,q3)*
      Vec(nu14,q3)*Deng(p4,xiz,M4)*Deng(q2 + q3,xiw,M3)^2*Deng(p4 + q2 + q3,
      xiw,M3)^2*p4.p4*xiw^2*ufoGC58^2*ufoGC80*ufoGC69
       - 1/8*g_(1,6_,nu10)*g_(2,6_,nu16)*FT2*g_(2,q3)*cFT(nu13,XX,i2,iufo11)*
      cFT(g7,XX,iufo11,j11)*flavourTag(fmu,j11,j12)*Vec(nu10,q3)*Vec(nu16,q3)*
      Vecr(nu14,p4)*Deng(p4,xiz,M4)*Deng(q2 + q3,xiw,M3)^2*Deng(p4 + q2 + q3,
      xiw,M3)^2*p4.p4*xiw^2*ufoGC58^2*ufoGC80*ufoGC69
       + 1/8*g_(1,6_,nu10)*g_(2,6_,nu16)*FT2*g_(2,q3)*cFT(nu13,XX,i2,iufo11)*
      cFT(g7,XX,iufo11,j11)*flavourTag(fmu,j11,j12)*Vec(nu10,q3)*Vec(nu16,-p4)
      *Vec(nu13,q2)*Vec(nu14,q2)^2*Deng(p4,xiz,M4)*Deng(q2 + q3,xiw,M3)^2*
      Deng(p4 + q2 + q3,xiw,M3)^2*xiw^2*ufoGC58^2*ufoGC80*ufoGC69
       + 1/4*g_(1,6_,nu10)*g_(2,6_,nu16)*FT2*g_(2,q3)*cFT(nu13,XX,i2,iufo11)*
      cFT(g7,XX,iufo11,j11)*flavourTag(fmu,j11,j12)*Vec(nu10,q3)*Vec(nu16,-p4)
      *Vec(nu13,q2)*Vec(nu14,q2)*Vec(nu14,q3)*Deng(p4,xiz,M4)*Deng(q2 + q3,xiw
      ,M3)^2*Deng(p4 + q2 + q3,xiw,M3)^2*xiw^2*ufoGC58^2*ufoGC80*ufoGC69
       + 1/8*g_(1,6_,nu10)*g_(2,6_,nu16)*FT2*g_(2,q3)*cFT(nu13,XX,i2,iufo11)*
      cFT(g7,XX,iufo11,j11)*flavourTag(fmu,j11,j12)*Vec(nu10,q3)*Vec(nu16,-p4)
      *Vec(nu13,q2)*Vec(nu14,q2)*Vecr(nu14,p4)*Deng(p4,xiz,M4)*Deng(q2 + q3,
      xiw,M3)^2*Deng(p4 + q2 + q3,xiw,M3)^2*xiw^2*ufoGC58^2*ufoGC80*ufoGC69
       + 1/8*g_(1,6_,nu10)*g_(2,6_,nu16)*FT2*g_(2,q3)*cFT(nu13,XX,i2,iufo11)*
      cFT(g7,XX,iufo11,j11)*flavourTag(fmu,j11,j12)*Vec(nu10,q3)*Vec(nu16,-p4)
      *Vec(nu13,q2)*Vec(nu14,q3)^2*Deng(p4,xiz,M4)*Deng(q2 + q3,xiw,M3)^2*
      Deng(p4 + q2 + q3,xiw,M3)^2*xiw^2*ufoGC58^2*ufoGC80*ufoGC69
       + 1/8*g_(1,6_,nu10)*g_(2,6_,nu16)*FT2*g_(2,q3)*cFT(nu13,XX,i2,iufo11)*
      cFT(g7,XX,iufo11,j11)*flavourTag(fmu,j11,j12)*Vec(nu10,q3)*Vec(nu16,-p4)
      *Vec(nu13,q2)*Vec(nu14,q3)*Vecr(nu14,p4)*Deng(p4,xiz,M4)*Deng(q2 + q3,
      xiw,M3)^2*Deng(p4 + q2 + q3,xiw,M3)^2*xiw^2*ufoGC58^2*ufoGC80*ufoGC69
       + 1/8*g_(1,6_,nu10)*g_(2,6_,nu16)*FT2*g_(2,q3)*cFT(nu13,XX,i2,iufo11)*
      cFT(g7,XX,iufo11,j11)*flavourTag(fmu,j11,j12)*Vec(nu10,q3)*Vec(nu16,-p4)
      *Vec(nu13,q3)*Vec(nu14,q2)^2*Deng(p4,xiz,M4)*Deng(q2 + q3,xiw,M3)^2*
      Deng(p4 + q2 + q3,xiw,M3)^2*xiw^2*ufoGC58^2*ufoGC80*ufoGC69
       + 1/4*g_(1,6_,nu10)*g_(2,6_,nu16)*FT2*g_(2,q3)*cFT(nu13,XX,i2,iufo11)*
      cFT(g7,XX,iufo11,j11)*flavourTag(fmu,j11,j12)*Vec(nu10,q3)*Vec(nu16,-p4)
      *Vec(nu13,q3)*Vec(nu14,q2)*Vec(nu14,q3)*Deng(p4,xiz,M4)*Deng(q2 + q3,xiw
      ,M3)^2*Deng(p4 + q2 + q3,xiw,M3)^2*xiw^2*ufoGC58^2*ufoGC80*ufoGC69
       + 1/8*g_(1,6_,nu10)*g_(2,6_,nu16)*FT2*g_(2,q3)*cFT(nu13,XX,i2,iufo11)*
      cFT(g7,XX,iufo11,j11)*flavourTag(fmu,j11,j12)*Vec(nu10,q3)*Vec(nu16,-p4)
      *Vec(nu13,q3)*Vec(nu14,q2)*Vecr(nu14,p4)*Deng(p4,xiz,M4)*Deng(q2 + q3,
      xiw,M3)^2*Deng(p4 + q2 + q3,xiw,M3)^2*xiw^2*ufoGC58^2*ufoGC80*ufoGC69
       + 1/8*g_(1,6_,nu10)*g_(2,6_,nu16)*FT2*g_(2,q3)*cFT(nu13,XX,i2,iufo11)*
      cFT(g7,XX,iufo11,j11)*flavourTag(fmu,j11,j12)*Vec(nu10,q3)*Vec(nu16,-p4)
      *Vec(nu13,q3)*Vec(nu14,q3)^2*Deng(p4,xiz,M4)*Deng(q2 + q3,xiw,M3)^2*
      Deng(p4 + q2 + q3,xiw,M3)^2*xiw^2*ufoGC58^2*ufoGC80*ufoGC69
       + 1/8*g_(1,6_,nu10)*g_(2,6_,nu16)*FT2*g_(2,q3)*cFT(nu13,XX,i2,iufo11)*
      cFT(g7,XX,iufo11,j11)*flavourTag(fmu,j11,j12)*Vec(nu10,q3)*Vec(nu16,-p4)
      *Vec(nu13,q3)*Vec(nu14,q3)*Vecr(nu14,p4)*Deng(p4,xiz,M4)*Deng(q2 + q3,
      xiw,M3)^2*Deng(p4 + q2 + q3,xiw,M3)^2*xiw^2*ufoGC58^2*ufoGC80*ufoGC69
       + 1/8*g_(1,6_,nu10)*g_(2,6_,nu16)*FT2*g_(2,q3)*cFT(nu13,XX,i2,iufo11)*
      cFT(g7,XX,iufo11,j11)*flavourTag(fmu,j11,j12)*Vec(nu10,q3)*Vec(nu16,-p4)
      *Vec(nu14,q2)^2*Vecr(nu13,p4)*Deng(p4,xiz,M4)*Deng(q2 + q3,xiw,M3)^2*
      Deng(p4 + q2 + q3,xiw,M3)^2*xiw^2*ufoGC58^2*ufoGC80*ufoGC69
       + 1/4*g_(1,6_,nu10)*g_(2,6_,nu16)*FT2*g_(2,q3)*cFT(nu13,XX,i2,iufo11)*
      cFT(g7,XX,iufo11,j11)*flavourTag(fmu,j11,j12)*Vec(nu10,q3)*Vec(nu16,-p4)
      *Vec(nu14,q2)*Vec(nu14,q3)*Vecr(nu13,p4)*Deng(p4,xiz,M4)*Deng(q2 + q3,
      xiw,M3)^2*Deng(p4 + q2 + q3,xiw,M3)^2*xiw^2*ufoGC58^2*ufoGC80*ufoGC69
       + 1/8*g_(1,6_,nu10)*g_(2,6_,nu16)*FT2*g_(2,q3)*cFT(nu13,XX,i2,iufo11)*
      cFT(g7,XX,iufo11,j11)*flavourTag(fmu,j11,j12)*Vec(nu10,q3)*Vec(nu16,-p4)
      *Vec(nu14,q2)*Deng(p4,xiz,M4)*Deng(q2 + q3,xiw,M3)^2*Deng(p4 + q2 + q3,
      xiw,M3)^2*p4.p4*xiw^2*ufoGC58^2*ufoGC80*ufoGC69
       + 1/8*g_(1,6_,nu10)*g_(2,6_,nu16)*FT2*g_(2,q3)*cFT(nu13,XX,i2,iufo11)*
      cFT(g7,XX,iufo11,j11)*flavourTag(fmu,j11,j12)*Vec(nu10,q3)*Vec(nu16,-p4)
      *Vec(nu14,q3)^2*Vecr(nu13,p4)*Deng(p4,xiz,M4)*Deng(q2 + q3,xiw,M3)^2*
      Deng(p4 + q2 + q3,xiw,M3)^2*xiw^2*ufoGC58^2*ufoGC80*ufoGC69
       + 1/8*g_(1,6_,nu10)*g_(2,6_,nu16)*FT2*g_(2,q3)*cFT(nu13,XX,i2,iufo11)*
      cFT(g7,XX,iufo11,j11)*flavourTag(fmu,j11,j12)*Vec(nu10,q3)*Vec(nu16,-p4)
      *Vec(nu14,q3)*Deng(p4,xiz,M4)*Deng(q2 + q3,xiw,M3)^2*Deng(p4 + q2 + q3,
      xiw,M3)^2*p4.p4*xiw^2*ufoGC58^2*ufoGC80*ufoGC69
       + 1/8*g_(1,6_,nu10)*g_(2,6_,nu16)*FT2*g_(2,q3)*cFT(nu13,XX,i2,iufo11)*
      cFT(g7,XX,iufo11,j11)*flavourTag(fmu,j11,j12)*Vec(nu10,q3)*Vec(nu16,-q2)
      *Vec(nu13,q2)*Vec(nu14,q2)^2*Deng(p4,xiz,M4)*Deng(q2 + q3,xiw,M3)^2*
      Deng(p4 + q2 + q3,xiw,M3)^2*xiw^2*ufoGC58^2*ufoGC80*ufoGC69
       + 1/4*g_(1,6_,nu10)*g_(2,6_,nu16)*FT2*g_(2,q3)*cFT(nu13,XX,i2,iufo11)*
      cFT(g7,XX,iufo11,j11)*flavourTag(fmu,j11,j12)*Vec(nu10,q3)*Vec(nu16,-q2)
      *Vec(nu13,q2)*Vec(nu14,q2)*Vec(nu14,q3)*Deng(p4,xiz,M4)*Deng(q2 + q3,xiw
      ,M3)^2*Deng(p4 + q2 + q3,xiw,M3)^2*xiw^2*ufoGC58^2*ufoGC80*ufoGC69
       + 1/8*g_(1,6_,nu10)*g_(2,6_,nu16)*FT2*g_(2,q3)*cFT(nu13,XX,i2,iufo11)*
      cFT(g7,XX,iufo11,j11)*flavourTag(fmu,j11,j12)*Vec(nu10,q3)*Vec(nu16,-q2)
      *Vec(nu13,q2)*Vec(nu14,q2)*Vecr(nu14,p4)*Deng(p4,xiz,M4)*Deng(q2 + q3,
      xiw,M3)^2*Deng(p4 + q2 + q3,xiw,M3)^2*xiw^2*ufoGC58^2*ufoGC80*ufoGC69
       + 1/8*g_(1,6_,nu10)*g_(2,6_,nu16)*FT2*g_(2,q3)*cFT(nu13,XX,i2,iufo11)*
      cFT(g7,XX,iufo11,j11)*flavourTag(fmu,j11,j12)*Vec(nu10,q3)*Vec(nu16,-q2)
      *Vec(nu13,q2)*Vec(nu14,q3)^2*Deng(p4,xiz,M4)*Deng(q2 + q3,xiw,M3)^2*
      Deng(p4 + q2 + q3,xiw,M3)^2*xiw^2*ufoGC58^2*ufoGC80*ufoGC69
       + 1/8*g_(1,6_,nu10)*g_(2,6_,nu16)*FT2*g_(2,q3)*cFT(nu13,XX,i2,iufo11)*
      cFT(g7,XX,iufo11,j11)*flavourTag(fmu,j11,j12)*Vec(nu10,q3)*Vec(nu16,-q2)
      *Vec(nu13,q2)*Vec(nu14,q3)*Vecr(nu14,p4)*Deng(p4,xiz,M4)*Deng(q2 + q3,
      xiw,M3)^2*Deng(p4 + q2 + q3,xiw,M3)^2*xiw^2*ufoGC58^2*ufoGC80*ufoGC69
       + 1/8*g_(1,6_,nu10)*g_(2,6_,nu16)*FT2*g_(2,q3)*cFT(nu13,XX,i2,iufo11)*
      cFT(g7,XX,iufo11,j11)*flavourTag(fmu,j11,j12)*Vec(nu10,q3)*Vec(nu16,-q2)
      *Vec(nu13,q3)*Vec(nu14,q2)^2*Deng(p4,xiz,M4)*Deng(q2 + q3,xiw,M3)^2*
      Deng(p4 + q2 + q3,xiw,M3)^2*xiw^2*ufoGC58^2*ufoGC80*ufoGC69
       + 1/4*g_(1,6_,nu10)*g_(2,6_,nu16)*FT2*g_(2,q3)*cFT(nu13,XX,i2,iufo11)*
      cFT(g7,XX,iufo11,j11)*flavourTag(fmu,j11,j12)*Vec(nu10,q3)*Vec(nu16,-q2)
      *Vec(nu13,q3)*Vec(nu14,q2)*Vec(nu14,q3)*Deng(p4,xiz,M4)*Deng(q2 + q3,xiw
      ,M3)^2*Deng(p4 + q2 + q3,xiw,M3)^2*xiw^2*ufoGC58^2*ufoGC80*ufoGC69
       + 1/8*g_(1,6_,nu10)*g_(2,6_,nu16)*FT2*g_(2,q3)*cFT(nu13,XX,i2,iufo11)*
      cFT(g7,XX,iufo11,j11)*flavourTag(fmu,j11,j12)*Vec(nu10,q3)*Vec(nu16,-q2)
      *Vec(nu13,q3)*Vec(nu14,q2)*Vecr(nu14,p4)*Deng(p4,xiz,M4)*Deng(q2 + q3,
      xiw,M3)^2*Deng(p4 + q2 + q3,xiw,M3)^2*xiw^2*ufoGC58^2*ufoGC80*ufoGC69
       + 1/8*g_(1,6_,nu10)*g_(2,6_,nu16)*FT2*g_(2,q3)*cFT(nu13,XX,i2,iufo11)*
      cFT(g7,XX,iufo11,j11)*flavourTag(fmu,j11,j12)*Vec(nu10,q3)*Vec(nu16,-q2)
      *Vec(nu13,q3)*Vec(nu14,q3)^2*Deng(p4,xiz,M4)*Deng(q2 + q3,xiw,M3)^2*
      Deng(p4 + q2 + q3,xiw,M3)^2*xiw^2*ufoGC58^2*ufoGC80*ufoGC69
       + 1/8*g_(1,6_,nu10)*g_(2,6_,nu16)*FT2*g_(2,q3)*cFT(nu13,XX,i2,iufo11)*
      cFT(g7,XX,iufo11,j11)*flavourTag(fmu,j11,j12)*Vec(nu10,q3)*Vec(nu16,-q2)
      *Vec(nu13,q3)*Vec(nu14,q3)*Vecr(nu14,p4)*Deng(p4,xiz,M4)*Deng(q2 + q3,
      xiw,M3)^2*Deng(p4 + q2 + q3,xiw,M3)^2*xiw^2*ufoGC58^2*ufoGC80*ufoGC69
       + 1/8*g_(1,6_,nu10)*g_(2,6_,nu16)*FT2*g_(2,q3)*cFT(nu13,XX,i2,iufo11)*
      cFT(g7,XX,iufo11,j11)*flavourTag(fmu,j11,j12)*Vec(nu10,q3)*Vec(nu16,-q2)
      *Vec(nu14,q2)^2*Vecr(nu13,p4)*Deng(p4,xiz,M4)*Deng(q2 + q3,xiw,M3)^2*
      Deng(p4 + q2 + q3,xiw,M3)^2*xiw^2*ufoGC58^2*ufoGC80*ufoGC69
       + 1/4*g_(1,6_,nu10)*g_(2,6_,nu16)*FT2*g_(2,q3)*cFT(nu13,XX,i2,iufo11)*
      cFT(g7,XX,iufo11,j11)*flavourTag(fmu,j11,j12)*Vec(nu10,q3)*Vec(nu16,-q2)
      *Vec(nu14,q2)*Vec(nu14,q3)*Vecr(nu13,p4)*Deng(p4,xiz,M4)*Deng(q2 + q3,
      xiw,M3)^2*Deng(p4 + q2 + q3,xiw,M3)^2*xiw^2*ufoGC58^2*ufoGC80*ufoGC69
       + 1/8*g_(1,6_,nu10)*g_(2,6_,nu16)*FT2*g_(2,q3)*cFT(nu13,XX,i2,iufo11)*
      cFT(g7,XX,iufo11,j11)*flavourTag(fmu,j11,j12)*Vec(nu10,q3)*Vec(nu16,-q2)
      *Vec(nu14,q2)*Deng(p4,xiz,M4)*Deng(q2 + q3,xiw,M3)^2*Deng(p4 + q2 + q3,
      xiw,M3)^2*p4.p4*xiw^2*ufoGC58^2*ufoGC80*ufoGC69
       + 1/8*g_(1,6_,nu10)*g_(2,6_,nu16)*FT2*g_(2,q3)*cFT(nu13,XX,i2,iufo11)*
      cFT(g7,XX,iufo11,j11)*flavourTag(fmu,j11,j12)*Vec(nu10,q3)*Vec(nu16,-q2)
      *Vec(nu14,q3)^2*Vecr(nu13,p4)*Deng(p4,xiz,M4)*Deng(q2 + q3,xiw,M3)^2*
      Deng(p4 + q2 + q3,xiw,M3)^2*xiw^2*ufoGC58^2*ufoGC80*ufoGC69
       + 1/8*g_(1,6_,nu10)*g_(2,6_,nu16)*FT2*g_(2,q3)*cFT(nu13,XX,i2,iufo11)*
      cFT(g7,XX,iufo11,j11)*flavourTag(fmu,j11,j12)*Vec(nu10,q3)*Vec(nu16,-q2)
      *Vec(nu14,q3)*Deng(p4,xiz,M4)*Deng(q2 + q3,xiw,M3)^2*Deng(p4 + q2 + q3,
      xiw,M3)^2*p4.p4*xiw^2*ufoGC58^2*ufoGC80*ufoGC69
       + 1/8*g_(1,6_,nu10)*g_(2,6_,nu16)*FT2*g_(2,q3)*cFT(nu13,XX,i2,iufo11)*
      cFT(g7,XX,iufo11,j11)*flavourTag(fmu,j11,j12)*Vec(nu10,q3)*Vec(nu16,-q3)
      *Vec(nu13,q2)*Vec(nu14,q2)^2*Deng(p4,xiz,M4)*Deng(q2 + q3,xiw,M3)^2*
      Deng(p4 + q2 + q3,xiw,M3)^2*xiw^2*ufoGC58^2*ufoGC80*ufoGC69
       + 1/4*g_(1,6_,nu10)*g_(2,6_,nu16)*FT2*g_(2,q3)*cFT(nu13,XX,i2,iufo11)*
      cFT(g7,XX,iufo11,j11)*flavourTag(fmu,j11,j12)*Vec(nu10,q3)*Vec(nu16,-q3)
      *Vec(nu13,q2)*Vec(nu14,q2)*Vec(nu14,q3)*Deng(p4,xiz,M4)*Deng(q2 + q3,xiw
      ,M3)^2*Deng(p4 + q2 + q3,xiw,M3)^2*xiw^2*ufoGC58^2*ufoGC80*ufoGC69
       + 1/8*g_(1,6_,nu10)*g_(2,6_,nu16)*FT2*g_(2,q3)*cFT(nu13,XX,i2,iufo11)*
      cFT(g7,XX,iufo11,j11)*flavourTag(fmu,j11,j12)*Vec(nu10,q3)*Vec(nu16,-q3)
      *Vec(nu13,q2)*Vec(nu14,q2)*Vecr(nu14,p4)*Deng(p4,xiz,M4)*Deng(q2 + q3,
      xiw,M3)^2*Deng(p4 + q2 + q3,xiw,M3)^2*xiw^2*ufoGC58^2*ufoGC80*ufoGC69
       + 1/8*g_(1,6_,nu10)*g_(2,6_,nu16)*FT2*g_(2,q3)*cFT(nu13,XX,i2,iufo11)*
      cFT(g7,XX,iufo11,j11)*flavourTag(fmu,j11,j12)*Vec(nu10,q3)*Vec(nu16,-q3)
      *Vec(nu13,q2)*Vec(nu14,q3)^2*Deng(p4,xiz,M4)*Deng(q2 + q3,xiw,M3)^2*
      Deng(p4 + q2 + q3,xiw,M3)^2*xiw^2*ufoGC58^2*ufoGC80*ufoGC69
       + 1/8*g_(1,6_,nu10)*g_(2,6_,nu16)*FT2*g_(2,q3)*cFT(nu13,XX,i2,iufo11)*
      cFT(g7,XX,iufo11,j11)*flavourTag(fmu,j11,j12)*Vec(nu10,q3)*Vec(nu16,-q3)
      *Vec(nu13,q2)*Vec(nu14,q3)*Vecr(nu14,p4)*Deng(p4,xiz,M4)*Deng(q2 + q3,
      xiw,M3)^2*Deng(p4 + q2 + q3,xiw,M3)^2*xiw^2*ufoGC58^2*ufoGC80*ufoGC69
       + 1/8*g_(1,6_,nu10)*g_(2,6_,nu16)*FT2*g_(2,q3)*cFT(nu13,XX,i2,iufo11)*
      cFT(g7,XX,iufo11,j11)*flavourTag(fmu,j11,j12)*Vec(nu10,q3)*Vec(nu16,-q3)
      *Vec(nu13,q3)*Vec(nu14,q2)^2*Deng(p4,xiz,M4)*Deng(q2 + q3,xiw,M3)^2*
      Deng(p4 + q2 + q3,xiw,M3)^2*xiw^2*ufoGC58^2*ufoGC80*ufoGC69
       + 1/4*g_(1,6_,nu10)*g_(2,6_,nu16)*FT2*g_(2,q3)*cFT(nu13,XX,i2,iufo11)*
      cFT(g7,XX,iufo11,j11)*flavourTag(fmu,j11,j12)*Vec(nu10,q3)*Vec(nu16,-q3)
      *Vec(nu13,q3)*Vec(nu14,q2)*Vec(nu14,q3)*Deng(p4,xiz,M4)*Deng(q2 + q3,xiw
      ,M3)^2*Deng(p4 + q2 + q3,xiw,M3)^2*xiw^2*ufoGC58^2*ufoGC80*ufoGC69
       + 1/8*g_(1,6_,nu10)*g_(2,6_,nu16)*FT2*g_(2,q3)*cFT(nu13,XX,i2,iufo11)*
      cFT(g7,XX,iufo11,j11)*flavourTag(fmu,j11,j12)*Vec(nu10,q3)*Vec(nu16,-q3)
      *Vec(nu13,q3)*Vec(nu14,q2)*Vecr(nu14,p4)*Deng(p4,xiz,M4)*Deng(q2 + q3,
      xiw,M3)^2*Deng(p4 + q2 + q3,xiw,M3)^2*xiw^2*ufoGC58^2*ufoGC80*ufoGC69
       + 1/8*g_(1,6_,nu10)*g_(2,6_,nu16)*FT2*g_(2,q3)*cFT(nu13,XX,i2,iufo11)*
      cFT(g7,XX,iufo11,j11)*flavourTag(fmu,j11,j12)*Vec(nu10,q3)*Vec(nu16,-q3)
      *Vec(nu13,q3)*Vec(nu14,q3)^2*Deng(p4,xiz,M4)*Deng(q2 + q3,xiw,M3)^2*
      Deng(p4 + q2 + q3,xiw,M3)^2*xiw^2*ufoGC58^2*ufoGC80*ufoGC69
       + 1/8*g_(1,6_,nu10)*g_(2,6_,nu16)*FT2*g_(2,q3)*cFT(nu13,XX,i2,iufo11)*
      cFT(g7,XX,iufo11,j11)*flavourTag(fmu,j11,j12)*Vec(nu10,q3)*Vec(nu16,-q3)
      *Vec(nu13,q3)*Vec(nu14,q3)*Vecr(nu14,p4)*Deng(p4,xiz,M4)*Deng(q2 + q3,
      xiw,M3)^2*Deng(p4 + q2 + q3,xiw,M3)^2*xiw^2*ufoGC58^2*ufoGC80*ufoGC69
       + 1/8*g_(1,6_,nu10)*g_(2,6_,nu16)*FT2*g_(2,q3)*cFT(nu13,XX,i2,iufo11)*
      cFT(g7,XX,iufo11,j11)*flavourTag(fmu,j11,j12)*Vec(nu10,q3)*Vec(nu16,-q3)
      *Vec(nu14,q2)^2*Vecr(nu13,p4)*Deng(p4,xiz,M4)*Deng(q2 + q3,xiw,M3)^2*
      Deng(p4 + q2 + q3,xiw,M3)^2*xiw^2*ufoGC58^2*ufoGC80*ufoGC69
       + 1/4*g_(1,6_,nu10)*g_(2,6_,nu16)*FT2*g_(2,q3)*cFT(nu13,XX,i2,iufo11)*
      cFT(g7,XX,iufo11,j11)*flavourTag(fmu,j11,j12)*Vec(nu10,q3)*Vec(nu16,-q3)
      *Vec(nu14,q2)*Vec(nu14,q3)*Vecr(nu13,p4)*Deng(p4,xiz,M4)*Deng(q2 + q3,
      xiw,M3)^2*Deng(p4 + q2 + q3,xiw,M3)^2*xiw^2*ufoGC58^2*ufoGC80*ufoGC69
       + 1/8*g_(1,6_,nu10)*g_(2,6_,nu16)*FT2*g_(2,q3)*cFT(nu13,XX,i2,iufo11)*
      cFT(g7,XX,iufo11,j11)*flavourTag(fmu,j11,j12)*Vec(nu10,q3)*Vec(nu16,-q3)
      *Vec(nu14,q2)*Deng(p4,xiz,M4)*Deng(q2 + q3,xiw,M3)^2*Deng(p4 + q2 + q3,
      xiw,M3)^2*p4.p4*xiw^2*ufoGC58^2*ufoGC80*ufoGC69
       + 1/8*g_(1,6_,nu10)*g_(2,6_,nu16)*FT2*g_(2,q3)*cFT(nu13,XX,i2,iufo11)*
      cFT(g7,XX,iufo11,j11)*flavourTag(fmu,j11,j12)*Vec(nu10,q3)*Vec(nu16,-q3)
      *Vec(nu14,q3)^2*Vecr(nu13,p4)*Deng(p4,xiz,M4)*Deng(q2 + q3,xiw,M3)^2*
      Deng(p4 + q2 + q3,xiw,M3)^2*xiw^2*ufoGC58^2*ufoGC80*ufoGC69
       + 1/8*g_(1,6_,nu10)*g_(2,6_,nu16)*FT2*g_(2,q3)*cFT(nu13,XX,i2,iufo11)*
      cFT(g7,XX,iufo11,j11)*flavourTag(fmu,j11,j12)*Vec(nu10,q3)*Vec(nu16,-q3)
      *Vec(nu14,q3)*Deng(p4,xiz,M4)*Deng(q2 + q3,xiw,M3)^2*Deng(p4 + q2 + q3,
      xiw,M3)^2*p4.p4*xiw^2*ufoGC58^2*ufoGC80*ufoGC69
       - 1/8*g_(1,6_,nu10)*g_(2,6_,nu16)*FT2*g_(2,q3)*cFT(nu13,XX,i2,iufo11)*
      cFT(g7,XX,iufo11,j11)*flavourTag(fmu,j11,j12)*Vec(nu10,q3)*Vec(nu13,q2)*
      Vec(nu9,q2)*Vec(nu15,q2)*Vecr(nu15,p4)*Deng(p4,xiz,M4)^2*Deng(q2 + q3,
      xiw,M3)^2*Deng(p4 + q2 + q3,xiw,M3)^2*p4.p4*xiw^2*ufoGC58^2*ufoGC80*
      ufoGC69
       - 1/8*g_(1,6_,nu10)*g_(2,6_,nu16)*FT2*g_(2,q3)*cFT(nu13,XX,i2,iufo11)*
      cFT(g7,XX,iufo11,j11)*flavourTag(fmu,j11,j12)*Vec(nu10,q3)*Vec(nu13,q2)*
      Vec(nu9,q2)*Vec(nu15,q3)*Vecr(nu15,p4)*Deng(p4,xiz,M4)^2*Deng(q2 + q3,
      xiw,M3)^2*Deng(p4 + q2 + q3,xiw,M3)^2*p4.p4*xiw^2*ufoGC58^2*ufoGC80*
      ufoGC69
       + 1/8*g_(1,6_,nu10)*g_(2,6_,nu16)*FT2*g_(2,q3)*cFT(nu13,XX,i2,iufo11)*
      cFT(g7,XX,iufo11,j11)*flavourTag(fmu,j11,j12)*Vec(nu10,q3)*Vec(nu13,q2)*
      Vec(nu9,q2)*Deng(p4,xiz,M4)*Deng(q2 + q3,xiw,M3)^2*Deng(p4 + q2 + q3,xiw
      ,M3)^2*p4.p4*xiw^2*ufoGC58^2*ufoGC80*ufoGC69
       - 1/8*g_(1,6_,nu10)*g_(2,6_,nu16)*FT2*g_(2,q3)*cFT(nu13,XX,i2,iufo11)*
      cFT(g7,XX,iufo11,j11)*flavourTag(fmu,j11,j12)*Vec(nu10,q3)*Vec(nu13,q2)*
      Vec(nu9,q2)*Deng(p4,xiz,M4)^2*Deng(q2 + q3,xiw,M3)^2*Deng(p4 + q2 + q3,
      xiw,M3)^2*p4.p4^2*xiw^2*ufoGC58^2*ufoGC80*ufoGC69
       - 1/8*g_(1,6_,nu10)*g_(2,6_,nu16)*FT2*g_(2,q3)*cFT(nu13,XX,i2,iufo11)*
      cFT(g7,XX,iufo11,j11)*flavourTag(fmu,j11,j12)*Vec(nu10,q3)*Vec(nu13,q2)*
      Vec(nu9,q3)*Vec(nu15,q2)*Vecr(nu15,p4)*Deng(p4,xiz,M4)^2*Deng(q2 + q3,
      xiw,M3)^2*Deng(p4 + q2 + q3,xiw,M3)^2*p4.p4*xiw^2*ufoGC58^2*ufoGC80*
      ufoGC69
       - 1/8*g_(1,6_,nu10)*g_(2,6_,nu16)*FT2*g_(2,q3)*cFT(nu13,XX,i2,iufo11)*
      cFT(g7,XX,iufo11,j11)*flavourTag(fmu,j11,j12)*Vec(nu10,q3)*Vec(nu13,q2)*
      Vec(nu9,q3)*Vec(nu15,q3)*Vecr(nu15,p4)*Deng(p4,xiz,M4)^2*Deng(q2 + q3,
      xiw,M3)^2*Deng(p4 + q2 + q3,xiw,M3)^2*p4.p4*xiw^2*ufoGC58^2*ufoGC80*
      ufoGC69
       + 1/8*g_(1,6_,nu10)*g_(2,6_,nu16)*FT2*g_(2,q3)*cFT(nu13,XX,i2,iufo11)*
      cFT(g7,XX,iufo11,j11)*flavourTag(fmu,j11,j12)*Vec(nu10,q3)*Vec(nu13,q2)*
      Vec(nu9,q3)*Deng(p4,xiz,M4)*Deng(q2 + q3,xiw,M3)^2*Deng(p4 + q2 + q3,xiw
      ,M3)^2*p4.p4*xiw^2*ufoGC58^2*ufoGC80*ufoGC69
       - 1/8*g_(1,6_,nu10)*g_(2,6_,nu16)*FT2*g_(2,q3)*cFT(nu13,XX,i2,iufo11)*
      cFT(g7,XX,iufo11,j11)*flavourTag(fmu,j11,j12)*Vec(nu10,q3)*Vec(nu13,q2)*
      Vec(nu9,q3)*Deng(p4,xiz,M4)^2*Deng(q2 + q3,xiw,M3)^2*Deng(p4 + q2 + q3,
      xiw,M3)^2*p4.p4^2*xiw^2*ufoGC58^2*ufoGC80*ufoGC69
       + 1/8*g_(1,6_,nu10)*g_(2,6_,nu16)*FT2*g_(2,q3)*cFT(nu13,XX,i2,iufo11)*
      cFT(g7,XX,iufo11,j11)*flavourTag(fmu,j11,j12)*Vec(nu10,q3)*Vec(nu13,q2)*
      Vec(nu9,-p4)*Vec(nu9,q2)*Vec(nu15,q2)*Deng(p4,xiz,M4)^2*Deng(q2 + q3,xiw
      ,M3)^2*Deng(p4 + q2 + q3,xiw,M3)^2*p4.p4*xiw^2*ufoGC58^2*ufoGC80*ufoGC69
       + 1/8*g_(1,6_,nu10)*g_(2,6_,nu16)*FT2*g_(2,q3)*cFT(nu13,XX,i2,iufo11)*
      cFT(g7,XX,iufo11,j11)*flavourTag(fmu,j11,j12)*Vec(nu10,q3)*Vec(nu13,q2)*
      Vec(nu9,-p4)*Vec(nu9,q2)*Vec(nu15,q3)*Deng(p4,xiz,M4)^2*Deng(q2 + q3,xiw
      ,M3)^2*Deng(p4 + q2 + q3,xiw,M3)^2*p4.p4*xiw^2*ufoGC58^2*ufoGC80*ufoGC69
       - 1/8*g_(1,6_,nu10)*g_(2,6_,nu16)*FT2*g_(2,q3)*cFT(nu13,XX,i2,iufo11)*
      cFT(g7,XX,iufo11,j11)*flavourTag(fmu,j11,j12)*Vec(nu10,q3)*Vec(nu13,q2)*
      Vec(nu9,-p4)*Vec(nu9,q2)*Vecr(nu16,p4)*Deng(p4,xiz,M4)*Deng(q2 + q3,xiw,
      M3)^2*Deng(p4 + q2 + q3,xiw,M3)^2*xiw^2*ufoGC58^2*ufoGC80*ufoGC69
       + 1/8*g_(1,6_,nu10)*g_(2,6_,nu16)*FT2*g_(2,q3)*cFT(nu13,XX,i2,iufo11)*
      cFT(g7,XX,iufo11,j11)*flavourTag(fmu,j11,j12)*Vec(nu10,q3)*Vec(nu13,q2)*
      Vec(nu9,-p4)*Vec(nu9,q2)*Vecr(nu15,p4)*Deng(p4,xiz,M4)^2*Deng(q2 + q3,
      xiw,M3)^2*Deng(p4 + q2 + q3,xiw,M3)^2*p4.p4*xiw^2*ufoGC58^2*ufoGC80*
      ufoGC69
       + 1/8*g_(1,6_,nu10)*g_(2,6_,nu16)*FT2*g_(2,q3)*cFT(nu13,XX,i2,iufo11)*
      cFT(g7,XX,iufo11,j11)*flavourTag(fmu,j11,j12)*Vec(nu10,q3)*Vec(nu13,q2)*
      Vec(nu9,-p4)*Vec(nu9,q3)*Vec(nu15,q2)*Deng(p4,xiz,M4)^2*Deng(q2 + q3,xiw
      ,M3)^2*Deng(p4 + q2 + q3,xiw,M3)^2*p4.p4*xiw^2*ufoGC58^2*ufoGC80*ufoGC69
       + 1/8*g_(1,6_,nu10)*g_(2,6_,nu16)*FT2*g_(2,q3)*cFT(nu13,XX,i2,iufo11)*
      cFT(g7,XX,iufo11,j11)*flavourTag(fmu,j11,j12)*Vec(nu10,q3)*Vec(nu13,q2)*
      Vec(nu9,-p4)*Vec(nu9,q3)*Vec(nu15,q3)*Deng(p4,xiz,M4)^2*Deng(q2 + q3,xiw
      ,M3)^2*Deng(p4 + q2 + q3,xiw,M3)^2*p4.p4*xiw^2*ufoGC58^2*ufoGC80*ufoGC69
       - 1/8*g_(1,6_,nu10)*g_(2,6_,nu16)*FT2*g_(2,q3)*cFT(nu13,XX,i2,iufo11)*
      cFT(g7,XX,iufo11,j11)*flavourTag(fmu,j11,j12)*Vec(nu10,q3)*Vec(nu13,q2)*
      Vec(nu9,-p4)*Vec(nu9,q3)*Vecr(nu16,p4)*Deng(p4,xiz,M4)*Deng(q2 + q3,xiw,
      M3)^2*Deng(p4 + q2 + q3,xiw,M3)^2*xiw^2*ufoGC58^2*ufoGC80*ufoGC69
       + 1/8*g_(1,6_,nu10)*g_(2,6_,nu16)*FT2*g_(2,q3)*cFT(nu13,XX,i2,iufo11)*
      cFT(g7,XX,iufo11,j11)*flavourTag(fmu,j11,j12)*Vec(nu10,q3)*Vec(nu13,q2)*
      Vec(nu9,-p4)*Vec(nu9,q3)*Vecr(nu15,p4)*Deng(p4,xiz,M4)^2*Deng(q2 + q3,
      xiw,M3)^2*Deng(p4 + q2 + q3,xiw,M3)^2*p4.p4*xiw^2*ufoGC58^2*ufoGC80*
      ufoGC69
       + 1/8*g_(1,6_,nu10)*g_(2,6_,nu16)*FT2*g_(2,q3)*cFT(nu13,XX,i2,iufo11)*
      cFT(g7,XX,iufo11,j11)*flavourTag(fmu,j11,j12)*Vec(nu10,q3)*Vec(nu13,q2)*
      Vec(nu9,-q2)*Vec(nu9,q2)*Vec(nu15,q2)*Deng(p4,xiz,M4)^2*Deng(q2 + q3,xiw
      ,M3)^2*Deng(p4 + q2 + q3,xiw,M3)^2*p4.p4*xiw^2*ufoGC58^2*ufoGC80*ufoGC69
       + 1/8*g_(1,6_,nu10)*g_(2,6_,nu16)*FT2*g_(2,q3)*cFT(nu13,XX,i2,iufo11)*
      cFT(g7,XX,iufo11,j11)*flavourTag(fmu,j11,j12)*Vec(nu10,q3)*Vec(nu13,q2)*
      Vec(nu9,-q2)*Vec(nu9,q2)*Vec(nu15,q3)*Deng(p4,xiz,M4)^2*Deng(q2 + q3,xiw
      ,M3)^2*Deng(p4 + q2 + q3,xiw,M3)^2*p4.p4*xiw^2*ufoGC58^2*ufoGC80*ufoGC69
       - 1/8*g_(1,6_,nu10)*g_(2,6_,nu16)*FT2*g_(2,q3)*cFT(nu13,XX,i2,iufo11)*
      cFT(g7,XX,iufo11,j11)*flavourTag(fmu,j11,j12)*Vec(nu10,q3)*Vec(nu13,q2)*
      Vec(nu9,-q2)*Vec(nu9,q2)*Vecr(nu16,p4)*Deng(p4,xiz,M4)*Deng(q2 + q3,xiw,
      M3)^2*Deng(p4 + q2 + q3,xiw,M3)^2*xiw^2*ufoGC58^2*ufoGC80*ufoGC69
       + 1/8*g_(1,6_,nu10)*g_(2,6_,nu16)*FT2*g_(2,q3)*cFT(nu13,XX,i2,iufo11)*
      cFT(g7,XX,iufo11,j11)*flavourTag(fmu,j11,j12)*Vec(nu10,q3)*Vec(nu13,q2)*
      Vec(nu9,-q2)*Vec(nu9,q2)*Vecr(nu15,p4)*Deng(p4,xiz,M4)^2*Deng(q2 + q3,
      xiw,M3)^2*Deng(p4 + q2 + q3,xiw,M3)^2*p4.p4*xiw^2*ufoGC58^2*ufoGC80*
      ufoGC69
       + 1/8*g_(1,6_,nu10)*g_(2,6_,nu16)*FT2*g_(2,q3)*cFT(nu13,XX,i2,iufo11)*
      cFT(g7,XX,iufo11,j11)*flavourTag(fmu,j11,j12)*Vec(nu10,q3)*Vec(nu13,q2)*
      Vec(nu9,-q2)*Vec(nu9,q3)*Vec(nu15,q2)*Deng(p4,xiz,M4)^2*Deng(q2 + q3,xiw
      ,M3)^2*Deng(p4 + q2 + q3,xiw,M3)^2*p4.p4*xiw^2*ufoGC58^2*ufoGC80*ufoGC69
       + 1/8*g_(1,6_,nu10)*g_(2,6_,nu16)*FT2*g_(2,q3)*cFT(nu13,XX,i2,iufo11)*
      cFT(g7,XX,iufo11,j11)*flavourTag(fmu,j11,j12)*Vec(nu10,q3)*Vec(nu13,q2)*
      Vec(nu9,-q2)*Vec(nu9,q3)*Vec(nu15,q3)*Deng(p4,xiz,M4)^2*Deng(q2 + q3,xiw
      ,M3)^2*Deng(p4 + q2 + q3,xiw,M3)^2*p4.p4*xiw^2*ufoGC58^2*ufoGC80*ufoGC69
       - 1/8*g_(1,6_,nu10)*g_(2,6_,nu16)*FT2*g_(2,q3)*cFT(nu13,XX,i2,iufo11)*
      cFT(g7,XX,iufo11,j11)*flavourTag(fmu,j11,j12)*Vec(nu10,q3)*Vec(nu13,q2)*
      Vec(nu9,-q2)*Vec(nu9,q3)*Vecr(nu16,p4)*Deng(p4,xiz,M4)*Deng(q2 + q3,xiw,
      M3)^2*Deng(p4 + q2 + q3,xiw,M3)^2*xiw^2*ufoGC58^2*ufoGC80*ufoGC69
       + 1/8*g_(1,6_,nu10)*g_(2,6_,nu16)*FT2*g_(2,q3)*cFT(nu13,XX,i2,iufo11)*
      cFT(g7,XX,iufo11,j11)*flavourTag(fmu,j11,j12)*Vec(nu10,q3)*Vec(nu13,q2)*
      Vec(nu9,-q2)*Vec(nu9,q3)*Vecr(nu15,p4)*Deng(p4,xiz,M4)^2*Deng(q2 + q3,
      xiw,M3)^2*Deng(p4 + q2 + q3,xiw,M3)^2*p4.p4*xiw^2*ufoGC58^2*ufoGC80*
      ufoGC69
       + 1/8*g_(1,6_,nu10)*g_(2,6_,nu16)*FT2*g_(2,q3)*cFT(nu13,XX,i2,iufo11)*
      cFT(g7,XX,iufo11,j11)*flavourTag(fmu,j11,j12)*Vec(nu10,q3)*Vec(nu13,q2)*
      Vec(nu9,-q3)*Vec(nu9,q2)*Vec(nu15,q2)*Deng(p4,xiz,M4)^2*Deng(q2 + q3,xiw
      ,M3)^2*Deng(p4 + q2 + q3,xiw,M3)^2*p4.p4*xiw^2*ufoGC58^2*ufoGC80*ufoGC69
       + 1/8*g_(1,6_,nu10)*g_(2,6_,nu16)*FT2*g_(2,q3)*cFT(nu13,XX,i2,iufo11)*
      cFT(g7,XX,iufo11,j11)*flavourTag(fmu,j11,j12)*Vec(nu10,q3)*Vec(nu13,q2)*
      Vec(nu9,-q3)*Vec(nu9,q2)*Vec(nu15,q3)*Deng(p4,xiz,M4)^2*Deng(q2 + q3,xiw
      ,M3)^2*Deng(p4 + q2 + q3,xiw,M3)^2*p4.p4*xiw^2*ufoGC58^2*ufoGC80*ufoGC69
       - 1/8*g_(1,6_,nu10)*g_(2,6_,nu16)*FT2*g_(2,q3)*cFT(nu13,XX,i2,iufo11)*
      cFT(g7,XX,iufo11,j11)*flavourTag(fmu,j11,j12)*Vec(nu10,q3)*Vec(nu13,q2)*
      Vec(nu9,-q3)*Vec(nu9,q2)*Vecr(nu16,p4)*Deng(p4,xiz,M4)*Deng(q2 + q3,xiw,
      M3)^2*Deng(p4 + q2 + q3,xiw,M3)^2*xiw^2*ufoGC58^2*ufoGC80*ufoGC69
       + 1/8*g_(1,6_,nu10)*g_(2,6_,nu16)*FT2*g_(2,q3)*cFT(nu13,XX,i2,iufo11)*
      cFT(g7,XX,iufo11,j11)*flavourTag(fmu,j11,j12)*Vec(nu10,q3)*Vec(nu13,q2)*
      Vec(nu9,-q3)*Vec(nu9,q2)*Vecr(nu15,p4)*Deng(p4,xiz,M4)^2*Deng(q2 + q3,
      xiw,M3)^2*Deng(p4 + q2 + q3,xiw,M3)^2*p4.p4*xiw^2*ufoGC58^2*ufoGC80*
      ufoGC69
       + 1/8*g_(1,6_,nu10)*g_(2,6_,nu16)*FT2*g_(2,q3)*cFT(nu13,XX,i2,iufo11)*
      cFT(g7,XX,iufo11,j11)*flavourTag(fmu,j11,j12)*Vec(nu10,q3)*Vec(nu13,q2)*
      Vec(nu9,-q3)*Vec(nu9,q3)*Vec(nu15,q2)*Deng(p4,xiz,M4)^2*Deng(q2 + q3,xiw
      ,M3)^2*Deng(p4 + q2 + q3,xiw,M3)^2*p4.p4*xiw^2*ufoGC58^2*ufoGC80*ufoGC69
       + 1/8*g_(1,6_,nu10)*g_(2,6_,nu16)*FT2*g_(2,q3)*cFT(nu13,XX,i2,iufo11)*
      cFT(g7,XX,iufo11,j11)*flavourTag(fmu,j11,j12)*Vec(nu10,q3)*Vec(nu13,q2)*
      Vec(nu9,-q3)*Vec(nu9,q3)*Vec(nu15,q3)*Deng(p4,xiz,M4)^2*Deng(q2 + q3,xiw
      ,M3)^2*Deng(p4 + q2 + q3,xiw,M3)^2*p4.p4*xiw^2*ufoGC58^2*ufoGC80*ufoGC69
       - 1/8*g_(1,6_,nu10)*g_(2,6_,nu16)*FT2*g_(2,q3)*cFT(nu13,XX,i2,iufo11)*
      cFT(g7,XX,iufo11,j11)*flavourTag(fmu,j11,j12)*Vec(nu10,q3)*Vec(nu13,q2)*
      Vec(nu9,-q3)*Vec(nu9,q3)*Vecr(nu16,p4)*Deng(p4,xiz,M4)*Deng(q2 + q3,xiw,
      M3)^2*Deng(p4 + q2 + q3,xiw,M3)^2*xiw^2*ufoGC58^2*ufoGC80*ufoGC69
       + 1/8*g_(1,6_,nu10)*g_(2,6_,nu16)*FT2*g_(2,q3)*cFT(nu13,XX,i2,iufo11)*
      cFT(g7,XX,iufo11,j11)*flavourTag(fmu,j11,j12)*Vec(nu10,q3)*Vec(nu13,q2)*
      Vec(nu9,-q3)*Vec(nu9,q3)*Vecr(nu15,p4)*Deng(p4,xiz,M4)^2*Deng(q2 + q3,
      xiw,M3)^2*Deng(p4 + q2 + q3,xiw,M3)^2*p4.p4*xiw^2*ufoGC58^2*ufoGC80*
      ufoGC69
       - 1/8*g_(1,6_,nu10)*g_(2,6_,nu16)*FT2*g_(2,q3)*cFT(nu13,XX,i2,iufo11)*
      cFT(g7,XX,iufo11,j11)*flavourTag(fmu,j11,j12)*Vec(nu10,q3)*Vec(nu13,q2)*
      Vec(nu14,q2)^2*Vec(nu15,-p4)*Deng(p4,xiz,M4)^2*Deng(q2 + q3,xiw,M3)^2*
      Deng(p4 + q2 + q3,xiw,M3)^2*p4.p4*xiw^2*ufoGC58^2*ufoGC80*ufoGC69
       - 1/8*g_(1,6_,nu10)*g_(2,6_,nu16)*FT2*g_(2,q3)*cFT(nu13,XX,i2,iufo11)*
      cFT(g7,XX,iufo11,j11)*flavourTag(fmu,j11,j12)*Vec(nu10,q3)*Vec(nu13,q2)*
      Vec(nu14,q2)^2*Vec(nu15,-q2)*Deng(p4,xiz,M4)^2*Deng(q2 + q3,xiw,M3)^2*
      Deng(p4 + q2 + q3,xiw,M3)^2*p4.p4*xiw^2*ufoGC58^2*ufoGC80*ufoGC69
       - 1/8*g_(1,6_,nu10)*g_(2,6_,nu16)*FT2*g_(2,q3)*cFT(nu13,XX,i2,iufo11)*
      cFT(g7,XX,iufo11,j11)*flavourTag(fmu,j11,j12)*Vec(nu10,q3)*Vec(nu13,q2)*
      Vec(nu14,q2)^2*Vec(nu15,-q3)*Deng(p4,xiz,M4)^2*Deng(q2 + q3,xiw,M3)^2*
      Deng(p4 + q2 + q3,xiw,M3)^2*p4.p4*xiw^2*ufoGC58^2*ufoGC80*ufoGC69
       - 1/4*g_(1,6_,nu10)*g_(2,6_,nu16)*FT2*g_(2,q3)*cFT(nu13,XX,i2,iufo11)*
      cFT(g7,XX,iufo11,j11)*flavourTag(fmu,j11,j12)*Vec(nu10,q3)*Vec(nu13,q2)*
      Vec(nu14,q2)*Vec(nu14,q3)*Vec(nu15,-p4)*Deng(p4,xiz,M4)^2*Deng(q2 + q3,
      xiw,M3)^2*Deng(p4 + q2 + q3,xiw,M3)^2*p4.p4*xiw^2*ufoGC58^2*ufoGC80*
      ufoGC69
       - 1/4*g_(1,6_,nu10)*g_(2,6_,nu16)*FT2*g_(2,q3)*cFT(nu13,XX,i2,iufo11)*
      cFT(g7,XX,iufo11,j11)*flavourTag(fmu,j11,j12)*Vec(nu10,q3)*Vec(nu13,q2)*
      Vec(nu14,q2)*Vec(nu14,q3)*Vec(nu15,-q2)*Deng(p4,xiz,M4)^2*Deng(q2 + q3,
      xiw,M3)^2*Deng(p4 + q2 + q3,xiw,M3)^2*p4.p4*xiw^2*ufoGC58^2*ufoGC80*
      ufoGC69
       - 1/4*g_(1,6_,nu10)*g_(2,6_,nu16)*FT2*g_(2,q3)*cFT(nu13,XX,i2,iufo11)*
      cFT(g7,XX,iufo11,j11)*flavourTag(fmu,j11,j12)*Vec(nu10,q3)*Vec(nu13,q2)*
      Vec(nu14,q2)*Vec(nu14,q3)*Vec(nu15,-q3)*Deng(p4,xiz,M4)^2*Deng(q2 + q3,
      xiw,M3)^2*Deng(p4 + q2 + q3,xiw,M3)^2*p4.p4*xiw^2*ufoGC58^2*ufoGC80*
      ufoGC69
       + 1/8*g_(1,6_,nu10)*g_(2,6_,nu16)*FT2*g_(2,q3)*cFT(nu13,XX,i2,iufo11)*
      cFT(g7,XX,iufo11,j11)*flavourTag(fmu,j11,j12)*Vec(nu10,q3)*Vec(nu13,q2)*
      Vec(nu14,q2)*Vec(nu15,q2)*Vecr(nu15,p4)*Deng(p4,xiz,M4)^2*Deng(q2 + q3,
      xiw,M3)^2*Deng(p4 + q2 + q3,xiw,M3)^2*p4.p4*xiw^2*ufoGC58^2*ufoGC80*
      ufoGC69
       + 1/8*g_(1,6_,nu10)*g_(2,6_,nu16)*FT2*g_(2,q3)*cFT(nu13,XX,i2,iufo11)*
      cFT(g7,XX,iufo11,j11)*flavourTag(fmu,j11,j12)*Vec(nu10,q3)*Vec(nu13,q2)*
      Vec(nu14,q2)*Vec(nu15,q3)*Vecr(nu15,p4)*Deng(p4,xiz,M4)^2*Deng(q2 + q3,
      xiw,M3)^2*Deng(p4 + q2 + q3,xiw,M3)^2*p4.p4*xiw^2*ufoGC58^2*ufoGC80*
      ufoGC69
       - 1/8*g_(1,6_,nu10)*g_(2,6_,nu16)*FT2*g_(2,q3)*cFT(nu13,XX,i2,iufo11)*
      cFT(g7,XX,iufo11,j11)*flavourTag(fmu,j11,j12)*Vec(nu10,q3)*Vec(nu13,q2)*
      Vec(nu14,q2)*Vec(nu15,-p4)*Vecr(nu15,p4)*Deng(p4,xiz,M4)^2*Deng(q2 + q3,
      xiw,M3)^2*Deng(p4 + q2 + q3,xiw,M3)^2*p4.p4*xiw^2*ufoGC58^2*ufoGC80*
      ufoGC69
       - 1/8*g_(1,6_,nu10)*g_(2,6_,nu16)*FT2*g_(2,q3)*cFT(nu13,XX,i2,iufo11)*
      cFT(g7,XX,iufo11,j11)*flavourTag(fmu,j11,j12)*Vec(nu10,q3)*Vec(nu13,q2)*
      Vec(nu14,q2)*Vec(nu15,-q2)*Vecr(nu15,p4)*Deng(p4,xiz,M4)^2*Deng(q2 + q3,
      xiw,M3)^2*Deng(p4 + q2 + q3,xiw,M3)^2*p4.p4*xiw^2*ufoGC58^2*ufoGC80*
      ufoGC69
       - 1/8*g_(1,6_,nu10)*g_(2,6_,nu16)*FT2*g_(2,q3)*cFT(nu13,XX,i2,iufo11)*
      cFT(g7,XX,iufo11,j11)*flavourTag(fmu,j11,j12)*Vec(nu10,q3)*Vec(nu13,q2)*
      Vec(nu14,q2)*Vec(nu15,-q3)*Vecr(nu15,p4)*Deng(p4,xiz,M4)^2*Deng(q2 + q3,
      xiw,M3)^2*Deng(p4 + q2 + q3,xiw,M3)^2*p4.p4*xiw^2*ufoGC58^2*ufoGC80*
      ufoGC69
       - 1/8*g_(1,6_,nu10)*g_(2,6_,nu16)*FT2*g_(2,q3)*cFT(nu13,XX,i2,iufo11)*
      cFT(g7,XX,iufo11,j11)*flavourTag(fmu,j11,j12)*Vec(nu10,q3)*Vec(nu13,q2)*
      Vec(nu14,q3)^2*Vec(nu15,-p4)*Deng(p4,xiz,M4)^2*Deng(q2 + q3,xiw,M3)^2*
      Deng(p4 + q2 + q3,xiw,M3)^2*p4.p4*xiw^2*ufoGC58^2*ufoGC80*ufoGC69
       - 1/8*g_(1,6_,nu10)*g_(2,6_,nu16)*FT2*g_(2,q3)*cFT(nu13,XX,i2,iufo11)*
      cFT(g7,XX,iufo11,j11)*flavourTag(fmu,j11,j12)*Vec(nu10,q3)*Vec(nu13,q2)*
      Vec(nu14,q3)^2*Vec(nu15,-q2)*Deng(p4,xiz,M4)^2*Deng(q2 + q3,xiw,M3)^2*
      Deng(p4 + q2 + q3,xiw,M3)^2*p4.p4*xiw^2*ufoGC58^2*ufoGC80*ufoGC69
       - 1/8*g_(1,6_,nu10)*g_(2,6_,nu16)*FT2*g_(2,q3)*cFT(nu13,XX,i2,iufo11)*
      cFT(g7,XX,iufo11,j11)*flavourTag(fmu,j11,j12)*Vec(nu10,q3)*Vec(nu13,q2)*
      Vec(nu14,q3)^2*Vec(nu15,-q3)*Deng(p4,xiz,M4)^2*Deng(q2 + q3,xiw,M3)^2*
      Deng(p4 + q2 + q3,xiw,M3)^2*p4.p4*xiw^2*ufoGC58^2*ufoGC80*ufoGC69
       + 1/8*g_(1,6_,nu10)*g_(2,6_,nu16)*FT2*g_(2,q3)*cFT(nu13,XX,i2,iufo11)*
      cFT(g7,XX,iufo11,j11)*flavourTag(fmu,j11,j12)*Vec(nu10,q3)*Vec(nu13,q2)*
      Vec(nu14,q3)*Vec(nu15,q2)*Vecr(nu15,p4)*Deng(p4,xiz,M4)^2*Deng(q2 + q3,
      xiw,M3)^2*Deng(p4 + q2 + q3,xiw,M3)^2*p4.p4*xiw^2*ufoGC58^2*ufoGC80*
      ufoGC69
       + 1/8*g_(1,6_,nu10)*g_(2,6_,nu16)*FT2*g_(2,q3)*cFT(nu13,XX,i2,iufo11)*
      cFT(g7,XX,iufo11,j11)*flavourTag(fmu,j11,j12)*Vec(nu10,q3)*Vec(nu13,q2)*
      Vec(nu14,q3)*Vec(nu15,q3)*Vecr(nu15,p4)*Deng(p4,xiz,M4)^2*Deng(q2 + q3,
      xiw,M3)^2*Deng(p4 + q2 + q3,xiw,M3)^2*p4.p4*xiw^2*ufoGC58^2*ufoGC80*
      ufoGC69
       - 1/8*g_(1,6_,nu10)*g_(2,6_,nu16)*FT2*g_(2,q3)*cFT(nu13,XX,i2,iufo11)*
      cFT(g7,XX,iufo11,j11)*flavourTag(fmu,j11,j12)*Vec(nu10,q3)*Vec(nu13,q2)*
      Vec(nu14,q3)*Vec(nu15,-p4)*Vecr(nu15,p4)*Deng(p4,xiz,M4)^2*Deng(q2 + q3,
      xiw,M3)^2*Deng(p4 + q2 + q3,xiw,M3)^2*p4.p4*xiw^2*ufoGC58^2*ufoGC80*
      ufoGC69
       - 1/8*g_(1,6_,nu10)*g_(2,6_,nu16)*FT2*g_(2,q3)*cFT(nu13,XX,i2,iufo11)*
      cFT(g7,XX,iufo11,j11)*flavourTag(fmu,j11,j12)*Vec(nu10,q3)*Vec(nu13,q2)*
      Vec(nu14,q3)*Vec(nu15,-q2)*Vecr(nu15,p4)*Deng(p4,xiz,M4)^2*Deng(q2 + q3,
      xiw,M3)^2*Deng(p4 + q2 + q3,xiw,M3)^2*p4.p4*xiw^2*ufoGC58^2*ufoGC80*
      ufoGC69
       - 1/8*g_(1,6_,nu10)*g_(2,6_,nu16)*FT2*g_(2,q3)*cFT(nu13,XX,i2,iufo11)*
      cFT(g7,XX,iufo11,j11)*flavourTag(fmu,j11,j12)*Vec(nu10,q3)*Vec(nu13,q2)*
      Vec(nu14,q3)*Vec(nu15,-q3)*Vecr(nu15,p4)*Deng(p4,xiz,M4)^2*Deng(q2 + q3,
      xiw,M3)^2*Deng(p4 + q2 + q3,xiw,M3)^2*p4.p4*xiw^2*ufoGC58^2*ufoGC80*
      ufoGC69
       + 1/8*g_(1,6_,nu10)*g_(2,6_,nu16)*FT2*g_(2,q3)*cFT(nu13,XX,i2,iufo11)*
      cFT(g7,XX,iufo11,j11)*flavourTag(fmu,j11,j12)*Vec(nu10,q3)*Vec(nu13,q2)*
      Vec(nu15,q2)*Deng(p4,xiz,M4)^2*Deng(q2 + q3,xiw,M3)^2*Deng(p4 + q2 + q3,
      xiw,M3)^2*p4.p4^2*xiw^2*ufoGC58^2*ufoGC80*ufoGC69
       + 1/8*g_(1,6_,nu10)*g_(2,6_,nu16)*FT2*g_(2,q3)*cFT(nu13,XX,i2,iufo11)*
      cFT(g7,XX,iufo11,j11)*flavourTag(fmu,j11,j12)*Vec(nu10,q3)*Vec(nu13,q2)*
      Vec(nu15,q3)*Deng(p4,xiz,M4)^2*Deng(q2 + q3,xiw,M3)^2*Deng(p4 + q2 + q3,
      xiw,M3)^2*p4.p4^2*xiw^2*ufoGC58^2*ufoGC80*ufoGC69
       - 1/8*g_(1,6_,nu10)*g_(2,6_,nu16)*FT2*g_(2,q3)*cFT(nu13,XX,i2,iufo11)*
      cFT(g7,XX,iufo11,j11)*flavourTag(fmu,j11,j12)*Vec(nu10,q3)*Vec(nu13,q3)*
      Vec(nu9,q2)*Vec(nu15,q2)*Vecr(nu15,p4)*Deng(p4,xiz,M4)^2*Deng(q2 + q3,
      xiw,M3)^2*Deng(p4 + q2 + q3,xiw,M3)^2*p4.p4*xiw^2*ufoGC58^2*ufoGC80*
      ufoGC69
       - 1/8*g_(1,6_,nu10)*g_(2,6_,nu16)*FT2*g_(2,q3)*cFT(nu13,XX,i2,iufo11)*
      cFT(g7,XX,iufo11,j11)*flavourTag(fmu,j11,j12)*Vec(nu10,q3)*Vec(nu13,q3)*
      Vec(nu9,q2)*Vec(nu15,q3)*Vecr(nu15,p4)*Deng(p4,xiz,M4)^2*Deng(q2 + q3,
      xiw,M3)^2*Deng(p4 + q2 + q3,xiw,M3)^2*p4.p4*xiw^2*ufoGC58^2*ufoGC80*
      ufoGC69
       + 1/8*g_(1,6_,nu10)*g_(2,6_,nu16)*FT2*g_(2,q3)*cFT(nu13,XX,i2,iufo11)*
      cFT(g7,XX,iufo11,j11)*flavourTag(fmu,j11,j12)*Vec(nu10,q3)*Vec(nu13,q3)*
      Vec(nu9,q2)*Deng(p4,xiz,M4)*Deng(q2 + q3,xiw,M3)^2*Deng(p4 + q2 + q3,xiw
      ,M3)^2*p4.p4*xiw^2*ufoGC58^2*ufoGC80*ufoGC69
       - 1/8*g_(1,6_,nu10)*g_(2,6_,nu16)*FT2*g_(2,q3)*cFT(nu13,XX,i2,iufo11)*
      cFT(g7,XX,iufo11,j11)*flavourTag(fmu,j11,j12)*Vec(nu10,q3)*Vec(nu13,q3)*
      Vec(nu9,q2)*Deng(p4,xiz,M4)^2*Deng(q2 + q3,xiw,M3)^2*Deng(p4 + q2 + q3,
      xiw,M3)^2*p4.p4^2*xiw^2*ufoGC58^2*ufoGC80*ufoGC69
       - 1/8*g_(1,6_,nu10)*g_(2,6_,nu16)*FT2*g_(2,q3)*cFT(nu13,XX,i2,iufo11)*
      cFT(g7,XX,iufo11,j11)*flavourTag(fmu,j11,j12)*Vec(nu10,q3)*Vec(nu13,q3)*
      Vec(nu9,q3)*Vec(nu15,q2)*Vecr(nu15,p4)*Deng(p4,xiz,M4)^2*Deng(q2 + q3,
      xiw,M3)^2*Deng(p4 + q2 + q3,xiw,M3)^2*p4.p4*xiw^2*ufoGC58^2*ufoGC80*
      ufoGC69
       - 1/8*g_(1,6_,nu10)*g_(2,6_,nu16)*FT2*g_(2,q3)*cFT(nu13,XX,i2,iufo11)*
      cFT(g7,XX,iufo11,j11)*flavourTag(fmu,j11,j12)*Vec(nu10,q3)*Vec(nu13,q3)*
      Vec(nu9,q3)*Vec(nu15,q3)*Vecr(nu15,p4)*Deng(p4,xiz,M4)^2*Deng(q2 + q3,
      xiw,M3)^2*Deng(p4 + q2 + q3,xiw,M3)^2*p4.p4*xiw^2*ufoGC58^2*ufoGC80*
      ufoGC69
       + 1/8*g_(1,6_,nu10)*g_(2,6_,nu16)*FT2*g_(2,q3)*cFT(nu13,XX,i2,iufo11)*
      cFT(g7,XX,iufo11,j11)*flavourTag(fmu,j11,j12)*Vec(nu10,q3)*Vec(nu13,q3)*
      Vec(nu9,q3)*Deng(p4,xiz,M4)*Deng(q2 + q3,xiw,M3)^2*Deng(p4 + q2 + q3,xiw
      ,M3)^2*p4.p4*xiw^2*ufoGC58^2*ufoGC80*ufoGC69
       - 1/8*g_(1,6_,nu10)*g_(2,6_,nu16)*FT2*g_(2,q3)*cFT(nu13,XX,i2,iufo11)*
      cFT(g7,XX,iufo11,j11)*flavourTag(fmu,j11,j12)*Vec(nu10,q3)*Vec(nu13,q3)*
      Vec(nu9,q3)*Deng(p4,xiz,M4)^2*Deng(q2 + q3,xiw,M3)^2*Deng(p4 + q2 + q3,
      xiw,M3)^2*p4.p4^2*xiw^2*ufoGC58^2*ufoGC80*ufoGC69
       + 1/8*g_(1,6_,nu10)*g_(2,6_,nu16)*FT2*g_(2,q3)*cFT(nu13,XX,i2,iufo11)*
      cFT(g7,XX,iufo11,j11)*flavourTag(fmu,j11,j12)*Vec(nu10,q3)*Vec(nu13,q3)*
      Vec(nu9,-p4)*Vec(nu9,q2)*Vec(nu15,q2)*Deng(p4,xiz,M4)^2*Deng(q2 + q3,xiw
      ,M3)^2*Deng(p4 + q2 + q3,xiw,M3)^2*p4.p4*xiw^2*ufoGC58^2*ufoGC80*ufoGC69
       + 1/8*g_(1,6_,nu10)*g_(2,6_,nu16)*FT2*g_(2,q3)*cFT(nu13,XX,i2,iufo11)*
      cFT(g7,XX,iufo11,j11)*flavourTag(fmu,j11,j12)*Vec(nu10,q3)*Vec(nu13,q3)*
      Vec(nu9,-p4)*Vec(nu9,q2)*Vec(nu15,q3)*Deng(p4,xiz,M4)^2*Deng(q2 + q3,xiw
      ,M3)^2*Deng(p4 + q2 + q3,xiw,M3)^2*p4.p4*xiw^2*ufoGC58^2*ufoGC80*ufoGC69
       - 1/8*g_(1,6_,nu10)*g_(2,6_,nu16)*FT2*g_(2,q3)*cFT(nu13,XX,i2,iufo11)*
      cFT(g7,XX,iufo11,j11)*flavourTag(fmu,j11,j12)*Vec(nu10,q3)*Vec(nu13,q3)*
      Vec(nu9,-p4)*Vec(nu9,q2)*Vecr(nu16,p4)*Deng(p4,xiz,M4)*Deng(q2 + q3,xiw,
      M3)^2*Deng(p4 + q2 + q3,xiw,M3)^2*xiw^2*ufoGC58^2*ufoGC80*ufoGC69
       + 1/8*g_(1,6_,nu10)*g_(2,6_,nu16)*FT2*g_(2,q3)*cFT(nu13,XX,i2,iufo11)*
      cFT(g7,XX,iufo11,j11)*flavourTag(fmu,j11,j12)*Vec(nu10,q3)*Vec(nu13,q3)*
      Vec(nu9,-p4)*Vec(nu9,q2)*Vecr(nu15,p4)*Deng(p4,xiz,M4)^2*Deng(q2 + q3,
      xiw,M3)^2*Deng(p4 + q2 + q3,xiw,M3)^2*p4.p4*xiw^2*ufoGC58^2*ufoGC80*
      ufoGC69
       + 1/8*g_(1,6_,nu10)*g_(2,6_,nu16)*FT2*g_(2,q3)*cFT(nu13,XX,i2,iufo11)*
      cFT(g7,XX,iufo11,j11)*flavourTag(fmu,j11,j12)*Vec(nu10,q3)*Vec(nu13,q3)*
      Vec(nu9,-p4)*Vec(nu9,q3)*Vec(nu15,q2)*Deng(p4,xiz,M4)^2*Deng(q2 + q3,xiw
      ,M3)^2*Deng(p4 + q2 + q3,xiw,M3)^2*p4.p4*xiw^2*ufoGC58^2*ufoGC80*ufoGC69
       + 1/8*g_(1,6_,nu10)*g_(2,6_,nu16)*FT2*g_(2,q3)*cFT(nu13,XX,i2,iufo11)*
      cFT(g7,XX,iufo11,j11)*flavourTag(fmu,j11,j12)*Vec(nu10,q3)*Vec(nu13,q3)*
      Vec(nu9,-p4)*Vec(nu9,q3)*Vec(nu15,q3)*Deng(p4,xiz,M4)^2*Deng(q2 + q3,xiw
      ,M3)^2*Deng(p4 + q2 + q3,xiw,M3)^2*p4.p4*xiw^2*ufoGC58^2*ufoGC80*ufoGC69
       - 1/8*g_(1,6_,nu10)*g_(2,6_,nu16)*FT2*g_(2,q3)*cFT(nu13,XX,i2,iufo11)*
      cFT(g7,XX,iufo11,j11)*flavourTag(fmu,j11,j12)*Vec(nu10,q3)*Vec(nu13,q3)*
      Vec(nu9,-p4)*Vec(nu9,q3)*Vecr(nu16,p4)*Deng(p4,xiz,M4)*Deng(q2 + q3,xiw,
      M3)^2*Deng(p4 + q2 + q3,xiw,M3)^2*xiw^2*ufoGC58^2*ufoGC80*ufoGC69
       + 1/8*g_(1,6_,nu10)*g_(2,6_,nu16)*FT2*g_(2,q3)*cFT(nu13,XX,i2,iufo11)*
      cFT(g7,XX,iufo11,j11)*flavourTag(fmu,j11,j12)*Vec(nu10,q3)*Vec(nu13,q3)*
      Vec(nu9,-p4)*Vec(nu9,q3)*Vecr(nu15,p4)*Deng(p4,xiz,M4)^2*Deng(q2 + q3,
      xiw,M3)^2*Deng(p4 + q2 + q3,xiw,M3)^2*p4.p4*xiw^2*ufoGC58^2*ufoGC80*
      ufoGC69
       + 1/8*g_(1,6_,nu10)*g_(2,6_,nu16)*FT2*g_(2,q3)*cFT(nu13,XX,i2,iufo11)*
      cFT(g7,XX,iufo11,j11)*flavourTag(fmu,j11,j12)*Vec(nu10,q3)*Vec(nu13,q3)*
      Vec(nu9,-q2)*Vec(nu9,q2)*Vec(nu15,q2)*Deng(p4,xiz,M4)^2*Deng(q2 + q3,xiw
      ,M3)^2*Deng(p4 + q2 + q3,xiw,M3)^2*p4.p4*xiw^2*ufoGC58^2*ufoGC80*ufoGC69
       + 1/8*g_(1,6_,nu10)*g_(2,6_,nu16)*FT2*g_(2,q3)*cFT(nu13,XX,i2,iufo11)*
      cFT(g7,XX,iufo11,j11)*flavourTag(fmu,j11,j12)*Vec(nu10,q3)*Vec(nu13,q3)*
      Vec(nu9,-q2)*Vec(nu9,q2)*Vec(nu15,q3)*Deng(p4,xiz,M4)^2*Deng(q2 + q3,xiw
      ,M3)^2*Deng(p4 + q2 + q3,xiw,M3)^2*p4.p4*xiw^2*ufoGC58^2*ufoGC80*ufoGC69
       - 1/8*g_(1,6_,nu10)*g_(2,6_,nu16)*FT2*g_(2,q3)*cFT(nu13,XX,i2,iufo11)*
      cFT(g7,XX,iufo11,j11)*flavourTag(fmu,j11,j12)*Vec(nu10,q3)*Vec(nu13,q3)*
      Vec(nu9,-q2)*Vec(nu9,q2)*Vecr(nu16,p4)*Deng(p4,xiz,M4)*Deng(q2 + q3,xiw,
      M3)^2*Deng(p4 + q2 + q3,xiw,M3)^2*xiw^2*ufoGC58^2*ufoGC80*ufoGC69
       + 1/8*g_(1,6_,nu10)*g_(2,6_,nu16)*FT2*g_(2,q3)*cFT(nu13,XX,i2,iufo11)*
      cFT(g7,XX,iufo11,j11)*flavourTag(fmu,j11,j12)*Vec(nu10,q3)*Vec(nu13,q3)*
      Vec(nu9,-q2)*Vec(nu9,q2)*Vecr(nu15,p4)*Deng(p4,xiz,M4)^2*Deng(q2 + q3,
      xiw,M3)^2*Deng(p4 + q2 + q3,xiw,M3)^2*p4.p4*xiw^2*ufoGC58^2*ufoGC80*
      ufoGC69
       + 1/8*g_(1,6_,nu10)*g_(2,6_,nu16)*FT2*g_(2,q3)*cFT(nu13,XX,i2,iufo11)*
      cFT(g7,XX,iufo11,j11)*flavourTag(fmu,j11,j12)*Vec(nu10,q3)*Vec(nu13,q3)*
      Vec(nu9,-q2)*Vec(nu9,q3)*Vec(nu15,q2)*Deng(p4,xiz,M4)^2*Deng(q2 + q3,xiw
      ,M3)^2*Deng(p4 + q2 + q3,xiw,M3)^2*p4.p4*xiw^2*ufoGC58^2*ufoGC80*ufoGC69
       + 1/8*g_(1,6_,nu10)*g_(2,6_,nu16)*FT2*g_(2,q3)*cFT(nu13,XX,i2,iufo11)*
      cFT(g7,XX,iufo11,j11)*flavourTag(fmu,j11,j12)*Vec(nu10,q3)*Vec(nu13,q3)*
      Vec(nu9,-q2)*Vec(nu9,q3)*Vec(nu15,q3)*Deng(p4,xiz,M4)^2*Deng(q2 + q3,xiw
      ,M3)^2*Deng(p4 + q2 + q3,xiw,M3)^2*p4.p4*xiw^2*ufoGC58^2*ufoGC80*ufoGC69
       - 1/8*g_(1,6_,nu10)*g_(2,6_,nu16)*FT2*g_(2,q3)*cFT(nu13,XX,i2,iufo11)*
      cFT(g7,XX,iufo11,j11)*flavourTag(fmu,j11,j12)*Vec(nu10,q3)*Vec(nu13,q3)*
      Vec(nu9,-q2)*Vec(nu9,q3)*Vecr(nu16,p4)*Deng(p4,xiz,M4)*Deng(q2 + q3,xiw,
      M3)^2*Deng(p4 + q2 + q3,xiw,M3)^2*xiw^2*ufoGC58^2*ufoGC80*ufoGC69
       + 1/8*g_(1,6_,nu10)*g_(2,6_,nu16)*FT2*g_(2,q3)*cFT(nu13,XX,i2,iufo11)*
      cFT(g7,XX,iufo11,j11)*flavourTag(fmu,j11,j12)*Vec(nu10,q3)*Vec(nu13,q3)*
      Vec(nu9,-q2)*Vec(nu9,q3)*Vecr(nu15,p4)*Deng(p4,xiz,M4)^2*Deng(q2 + q3,
      xiw,M3)^2*Deng(p4 + q2 + q3,xiw,M3)^2*p4.p4*xiw^2*ufoGC58^2*ufoGC80*
      ufoGC69
       + 1/8*g_(1,6_,nu10)*g_(2,6_,nu16)*FT2*g_(2,q3)*cFT(nu13,XX,i2,iufo11)*
      cFT(g7,XX,iufo11,j11)*flavourTag(fmu,j11,j12)*Vec(nu10,q3)*Vec(nu13,q3)*
      Vec(nu9,-q3)*Vec(nu9,q2)*Vec(nu15,q2)*Deng(p4,xiz,M4)^2*Deng(q2 + q3,xiw
      ,M3)^2*Deng(p4 + q2 + q3,xiw,M3)^2*p4.p4*xiw^2*ufoGC58^2*ufoGC80*ufoGC69
       + 1/8*g_(1,6_,nu10)*g_(2,6_,nu16)*FT2*g_(2,q3)*cFT(nu13,XX,i2,iufo11)*
      cFT(g7,XX,iufo11,j11)*flavourTag(fmu,j11,j12)*Vec(nu10,q3)*Vec(nu13,q3)*
      Vec(nu9,-q3)*Vec(nu9,q2)*Vec(nu15,q3)*Deng(p4,xiz,M4)^2*Deng(q2 + q3,xiw
      ,M3)^2*Deng(p4 + q2 + q3,xiw,M3)^2*p4.p4*xiw^2*ufoGC58^2*ufoGC80*ufoGC69
       - 1/8*g_(1,6_,nu10)*g_(2,6_,nu16)*FT2*g_(2,q3)*cFT(nu13,XX,i2,iufo11)*
      cFT(g7,XX,iufo11,j11)*flavourTag(fmu,j11,j12)*Vec(nu10,q3)*Vec(nu13,q3)*
      Vec(nu9,-q3)*Vec(nu9,q2)*Vecr(nu16,p4)*Deng(p4,xiz,M4)*Deng(q2 + q3,xiw,
      M3)^2*Deng(p4 + q2 + q3,xiw,M3)^2*xiw^2*ufoGC58^2*ufoGC80*ufoGC69
       + 1/8*g_(1,6_,nu10)*g_(2,6_,nu16)*FT2*g_(2,q3)*cFT(nu13,XX,i2,iufo11)*
      cFT(g7,XX,iufo11,j11)*flavourTag(fmu,j11,j12)*Vec(nu10,q3)*Vec(nu13,q3)*
      Vec(nu9,-q3)*Vec(nu9,q2)*Vecr(nu15,p4)*Deng(p4,xiz,M4)^2*Deng(q2 + q3,
      xiw,M3)^2*Deng(p4 + q2 + q3,xiw,M3)^2*p4.p4*xiw^2*ufoGC58^2*ufoGC80*
      ufoGC69
       + 1/8*g_(1,6_,nu10)*g_(2,6_,nu16)*FT2*g_(2,q3)*cFT(nu13,XX,i2,iufo11)*
      cFT(g7,XX,iufo11,j11)*flavourTag(fmu,j11,j12)*Vec(nu10,q3)*Vec(nu13,q3)*
      Vec(nu9,-q3)*Vec(nu9,q3)*Vec(nu15,q2)*Deng(p4,xiz,M4)^2*Deng(q2 + q3,xiw
      ,M3)^2*Deng(p4 + q2 + q3,xiw,M3)^2*p4.p4*xiw^2*ufoGC58^2*ufoGC80*ufoGC69
       + 1/8*g_(1,6_,nu10)*g_(2,6_,nu16)*FT2*g_(2,q3)*cFT(nu13,XX,i2,iufo11)*
      cFT(g7,XX,iufo11,j11)*flavourTag(fmu,j11,j12)*Vec(nu10,q3)*Vec(nu13,q3)*
      Vec(nu9,-q3)*Vec(nu9,q3)*Vec(nu15,q3)*Deng(p4,xiz,M4)^2*Deng(q2 + q3,xiw
      ,M3)^2*Deng(p4 + q2 + q3,xiw,M3)^2*p4.p4*xiw^2*ufoGC58^2*ufoGC80*ufoGC69
       - 1/8*g_(1,6_,nu10)*g_(2,6_,nu16)*FT2*g_(2,q3)*cFT(nu13,XX,i2,iufo11)*
      cFT(g7,XX,iufo11,j11)*flavourTag(fmu,j11,j12)*Vec(nu10,q3)*Vec(nu13,q3)*
      Vec(nu9,-q3)*Vec(nu9,q3)*Vecr(nu16,p4)*Deng(p4,xiz,M4)*Deng(q2 + q3,xiw,
      M3)^2*Deng(p4 + q2 + q3,xiw,M3)^2*xiw^2*ufoGC58^2*ufoGC80*ufoGC69
       + 1/8*g_(1,6_,nu10)*g_(2,6_,nu16)*FT2*g_(2,q3)*cFT(nu13,XX,i2,iufo11)*
      cFT(g7,XX,iufo11,j11)*flavourTag(fmu,j11,j12)*Vec(nu10,q3)*Vec(nu13,q3)*
      Vec(nu9,-q3)*Vec(nu9,q3)*Vecr(nu15,p4)*Deng(p4,xiz,M4)^2*Deng(q2 + q3,
      xiw,M3)^2*Deng(p4 + q2 + q3,xiw,M3)^2*p4.p4*xiw^2*ufoGC58^2*ufoGC80*
      ufoGC69
       - 1/8*g_(1,6_,nu10)*g_(2,6_,nu16)*FT2*g_(2,q3)*cFT(nu13,XX,i2,iufo11)*
      cFT(g7,XX,iufo11,j11)*flavourTag(fmu,j11,j12)*Vec(nu10,q3)*Vec(nu13,q3)*
      Vec(nu14,q2)^2*Vec(nu15,-p4)*Deng(p4,xiz,M4)^2*Deng(q2 + q3,xiw,M3)^2*
      Deng(p4 + q2 + q3,xiw,M3)^2*p4.p4*xiw^2*ufoGC58^2*ufoGC80*ufoGC69
       - 1/8*g_(1,6_,nu10)*g_(2,6_,nu16)*FT2*g_(2,q3)*cFT(nu13,XX,i2,iufo11)*
      cFT(g7,XX,iufo11,j11)*flavourTag(fmu,j11,j12)*Vec(nu10,q3)*Vec(nu13,q3)*
      Vec(nu14,q2)^2*Vec(nu15,-q2)*Deng(p4,xiz,M4)^2*Deng(q2 + q3,xiw,M3)^2*
      Deng(p4 + q2 + q3,xiw,M3)^2*p4.p4*xiw^2*ufoGC58^2*ufoGC80*ufoGC69
       - 1/8*g_(1,6_,nu10)*g_(2,6_,nu16)*FT2*g_(2,q3)*cFT(nu13,XX,i2,iufo11)*
      cFT(g7,XX,iufo11,j11)*flavourTag(fmu,j11,j12)*Vec(nu10,q3)*Vec(nu13,q3)*
      Vec(nu14,q2)^2*Vec(nu15,-q3)*Deng(p4,xiz,M4)^2*Deng(q2 + q3,xiw,M3)^2*
      Deng(p4 + q2 + q3,xiw,M3)^2*p4.p4*xiw^2*ufoGC58^2*ufoGC80*ufoGC69
       - 1/4*g_(1,6_,nu10)*g_(2,6_,nu16)*FT2*g_(2,q3)*cFT(nu13,XX,i2,iufo11)*
      cFT(g7,XX,iufo11,j11)*flavourTag(fmu,j11,j12)*Vec(nu10,q3)*Vec(nu13,q3)*
      Vec(nu14,q2)*Vec(nu14,q3)*Vec(nu15,-p4)*Deng(p4,xiz,M4)^2*Deng(q2 + q3,
      xiw,M3)^2*Deng(p4 + q2 + q3,xiw,M3)^2*p4.p4*xiw^2*ufoGC58^2*ufoGC80*
      ufoGC69
       - 1/4*g_(1,6_,nu10)*g_(2,6_,nu16)*FT2*g_(2,q3)*cFT(nu13,XX,i2,iufo11)*
      cFT(g7,XX,iufo11,j11)*flavourTag(fmu,j11,j12)*Vec(nu10,q3)*Vec(nu13,q3)*
      Vec(nu14,q2)*Vec(nu14,q3)*Vec(nu15,-q2)*Deng(p4,xiz,M4)^2*Deng(q2 + q3,
      xiw,M3)^2*Deng(p4 + q2 + q3,xiw,M3)^2*p4.p4*xiw^2*ufoGC58^2*ufoGC80*
      ufoGC69
       - 1/4*g_(1,6_,nu10)*g_(2,6_,nu16)*FT2*g_(2,q3)*cFT(nu13,XX,i2,iufo11)*
      cFT(g7,XX,iufo11,j11)*flavourTag(fmu,j11,j12)*Vec(nu10,q3)*Vec(nu13,q3)*
      Vec(nu14,q2)*Vec(nu14,q3)*Vec(nu15,-q3)*Deng(p4,xiz,M4)^2*Deng(q2 + q3,
      xiw,M3)^2*Deng(p4 + q2 + q3,xiw,M3)^2*p4.p4*xiw^2*ufoGC58^2*ufoGC80*
      ufoGC69
       + 1/8*g_(1,6_,nu10)*g_(2,6_,nu16)*FT2*g_(2,q3)*cFT(nu13,XX,i2,iufo11)*
      cFT(g7,XX,iufo11,j11)*flavourTag(fmu,j11,j12)*Vec(nu10,q3)*Vec(nu13,q3)*
      Vec(nu14,q2)*Vec(nu15,q2)*Vecr(nu15,p4)*Deng(p4,xiz,M4)^2*Deng(q2 + q3,
      xiw,M3)^2*Deng(p4 + q2 + q3,xiw,M3)^2*p4.p4*xiw^2*ufoGC58^2*ufoGC80*
      ufoGC69
       + 1/8*g_(1,6_,nu10)*g_(2,6_,nu16)*FT2*g_(2,q3)*cFT(nu13,XX,i2,iufo11)*
      cFT(g7,XX,iufo11,j11)*flavourTag(fmu,j11,j12)*Vec(nu10,q3)*Vec(nu13,q3)*
      Vec(nu14,q2)*Vec(nu15,q3)*Vecr(nu15,p4)*Deng(p4,xiz,M4)^2*Deng(q2 + q3,
      xiw,M3)^2*Deng(p4 + q2 + q3,xiw,M3)^2*p4.p4*xiw^2*ufoGC58^2*ufoGC80*
      ufoGC69
       - 1/8*g_(1,6_,nu10)*g_(2,6_,nu16)*FT2*g_(2,q3)*cFT(nu13,XX,i2,iufo11)*
      cFT(g7,XX,iufo11,j11)*flavourTag(fmu,j11,j12)*Vec(nu10,q3)*Vec(nu13,q3)*
      Vec(nu14,q2)*Vec(nu15,-p4)*Vecr(nu15,p4)*Deng(p4,xiz,M4)^2*Deng(q2 + q3,
      xiw,M3)^2*Deng(p4 + q2 + q3,xiw,M3)^2*p4.p4*xiw^2*ufoGC58^2*ufoGC80*
      ufoGC69
       - 1/8*g_(1,6_,nu10)*g_(2,6_,nu16)*FT2*g_(2,q3)*cFT(nu13,XX,i2,iufo11)*
      cFT(g7,XX,iufo11,j11)*flavourTag(fmu,j11,j12)*Vec(nu10,q3)*Vec(nu13,q3)*
      Vec(nu14,q2)*Vec(nu15,-q2)*Vecr(nu15,p4)*Deng(p4,xiz,M4)^2*Deng(q2 + q3,
      xiw,M3)^2*Deng(p4 + q2 + q3,xiw,M3)^2*p4.p4*xiw^2*ufoGC58^2*ufoGC80*
      ufoGC69
       - 1/8*g_(1,6_,nu10)*g_(2,6_,nu16)*FT2*g_(2,q3)*cFT(nu13,XX,i2,iufo11)*
      cFT(g7,XX,iufo11,j11)*flavourTag(fmu,j11,j12)*Vec(nu10,q3)*Vec(nu13,q3)*
      Vec(nu14,q2)*Vec(nu15,-q3)*Vecr(nu15,p4)*Deng(p4,xiz,M4)^2*Deng(q2 + q3,
      xiw,M3)^2*Deng(p4 + q2 + q3,xiw,M3)^2*p4.p4*xiw^2*ufoGC58^2*ufoGC80*
      ufoGC69
       - 1/8*g_(1,6_,nu10)*g_(2,6_,nu16)*FT2*g_(2,q3)*cFT(nu13,XX,i2,iufo11)*
      cFT(g7,XX,iufo11,j11)*flavourTag(fmu,j11,j12)*Vec(nu10,q3)*Vec(nu13,q3)*
      Vec(nu14,q3)^2*Vec(nu15,-p4)*Deng(p4,xiz,M4)^2*Deng(q2 + q3,xiw,M3)^2*
      Deng(p4 + q2 + q3,xiw,M3)^2*p4.p4*xiw^2*ufoGC58^2*ufoGC80*ufoGC69
       - 1/8*g_(1,6_,nu10)*g_(2,6_,nu16)*FT2*g_(2,q3)*cFT(nu13,XX,i2,iufo11)*
      cFT(g7,XX,iufo11,j11)*flavourTag(fmu,j11,j12)*Vec(nu10,q3)*Vec(nu13,q3)*
      Vec(nu14,q3)^2*Vec(nu15,-q2)*Deng(p4,xiz,M4)^2*Deng(q2 + q3,xiw,M3)^2*
      Deng(p4 + q2 + q3,xiw,M3)^2*p4.p4*xiw^2*ufoGC58^2*ufoGC80*ufoGC69
       - 1/8*g_(1,6_,nu10)*g_(2,6_,nu16)*FT2*g_(2,q3)*cFT(nu13,XX,i2,iufo11)*
      cFT(g7,XX,iufo11,j11)*flavourTag(fmu,j11,j12)*Vec(nu10,q3)*Vec(nu13,q3)*
      Vec(nu14,q3)^2*Vec(nu15,-q3)*Deng(p4,xiz,M4)^2*Deng(q2 + q3,xiw,M3)^2*
      Deng(p4 + q2 + q3,xiw,M3)^2*p4.p4*xiw^2*ufoGC58^2*ufoGC80*ufoGC69
       + 1/8*g_(1,6_,nu10)*g_(2,6_,nu16)*FT2*g_(2,q3)*cFT(nu13,XX,i2,iufo11)*
      cFT(g7,XX,iufo11,j11)*flavourTag(fmu,j11,j12)*Vec(nu10,q3)*Vec(nu13,q3)*
      Vec(nu14,q3)*Vec(nu15,q2)*Vecr(nu15,p4)*Deng(p4,xiz,M4)^2*Deng(q2 + q3,
      xiw,M3)^2*Deng(p4 + q2 + q3,xiw,M3)^2*p4.p4*xiw^2*ufoGC58^2*ufoGC80*
      ufoGC69
       + 1/8*g_(1,6_,nu10)*g_(2,6_,nu16)*FT2*g_(2,q3)*cFT(nu13,XX,i2,iufo11)*
      cFT(g7,XX,iufo11,j11)*flavourTag(fmu,j11,j12)*Vec(nu10,q3)*Vec(nu13,q3)*
      Vec(nu14,q3)*Vec(nu15,q3)*Vecr(nu15,p4)*Deng(p4,xiz,M4)^2*Deng(q2 + q3,
      xiw,M3)^2*Deng(p4 + q2 + q3,xiw,M3)^2*p4.p4*xiw^2*ufoGC58^2*ufoGC80*
      ufoGC69
       - 1/8*g_(1,6_,nu10)*g_(2,6_,nu16)*FT2*g_(2,q3)*cFT(nu13,XX,i2,iufo11)*
      cFT(g7,XX,iufo11,j11)*flavourTag(fmu,j11,j12)*Vec(nu10,q3)*Vec(nu13,q3)*
      Vec(nu14,q3)*Vec(nu15,-p4)*Vecr(nu15,p4)*Deng(p4,xiz,M4)^2*Deng(q2 + q3,
      xiw,M3)^2*Deng(p4 + q2 + q3,xiw,M3)^2*p4.p4*xiw^2*ufoGC58^2*ufoGC80*
      ufoGC69
       - 1/8*g_(1,6_,nu10)*g_(2,6_,nu16)*FT2*g_(2,q3)*cFT(nu13,XX,i2,iufo11)*
      cFT(g7,XX,iufo11,j11)*flavourTag(fmu,j11,j12)*Vec(nu10,q3)*Vec(nu13,q3)*
      Vec(nu14,q3)*Vec(nu15,-q2)*Vecr(nu15,p4)*Deng(p4,xiz,M4)^2*Deng(q2 + q3,
      xiw,M3)^2*Deng(p4 + q2 + q3,xiw,M3)^2*p4.p4*xiw^2*ufoGC58^2*ufoGC80*
      ufoGC69
       - 1/8*g_(1,6_,nu10)*g_(2,6_,nu16)*FT2*g_(2,q3)*cFT(nu13,XX,i2,iufo11)*
      cFT(g7,XX,iufo11,j11)*flavourTag(fmu,j11,j12)*Vec(nu10,q3)*Vec(nu13,q3)*
      Vec(nu14,q3)*Vec(nu15,-q3)*Vecr(nu15,p4)*Deng(p4,xiz,M4)^2*Deng(q2 + q3,
      xiw,M3)^2*Deng(p4 + q2 + q3,xiw,M3)^2*p4.p4*xiw^2*ufoGC58^2*ufoGC80*
      ufoGC69
       + 1/8*g_(1,6_,nu10)*g_(2,6_,nu16)*FT2*g_(2,q3)*cFT(nu13,XX,i2,iufo11)*
      cFT(g7,XX,iufo11,j11)*flavourTag(fmu,j11,j12)*Vec(nu10,q3)*Vec(nu13,q3)*
      Vec(nu15,q2)*Deng(p4,xiz,M4)^2*Deng(q2 + q3,xiw,M3)^2*Deng(p4 + q2 + q3,
      xiw,M3)^2*p4.p4^2*xiw^2*ufoGC58^2*ufoGC80*ufoGC69
       + 1/8*g_(1,6_,nu10)*g_(2,6_,nu16)*FT2*g_(2,q3)*cFT(nu13,XX,i2,iufo11)*
      cFT(g7,XX,iufo11,j11)*flavourTag(fmu,j11,j12)*Vec(nu10,q3)*Vec(nu13,q3)*
      Vec(nu15,q3)*Deng(p4,xiz,M4)^2*Deng(q2 + q3,xiw,M3)^2*Deng(p4 + q2 + q3,
      xiw,M3)^2*p4.p4^2*xiw^2*ufoGC58^2*ufoGC80*ufoGC69
       - 1/8*g_(1,6_,nu10)*g_(2,6_,nu16)*FT2*g_(2,q3)*cFT(nu13,XX,i2,iufo11)*
      cFT(g7,XX,iufo11,j11)*flavourTag(fmu,j11,j12)*Vec(nu10,q3)*Vec(nu9,q2)*
      Vec(nu15,q2)*Deng(p4,xiz,M4)^2*Deng(q2 + q3,xiw,M3)^2*Deng(p4 + q2 + q3,
      xiw,M3)^2*p4.p4^2*xiw^2*ufoGC58^2*ufoGC80*ufoGC69
       - 1/8*g_(1,6_,nu10)*g_(2,6_,nu16)*FT2*g_(2,q3)*cFT(nu13,XX,i2,iufo11)*
      cFT(g7,XX,iufo11,j11)*flavourTag(fmu,j11,j12)*Vec(nu10,q3)*Vec(nu9,q2)*
      Vec(nu15,q3)*Deng(p4,xiz,M4)^2*Deng(q2 + q3,xiw,M3)^2*Deng(p4 + q2 + q3,
      xiw,M3)^2*p4.p4^2*xiw^2*ufoGC58^2*ufoGC80*ufoGC69
       + 1/8*g_(1,6_,nu10)*g_(2,6_,nu16)*FT2*g_(2,q3)*cFT(nu13,XX,i2,iufo11)*
      cFT(g7,XX,iufo11,j11)*flavourTag(fmu,j11,j12)*Vec(nu10,q3)*Vec(nu9,q2)*
      Vecr(nu9,p4)*Deng(p4,xiz,M4)*Deng(q2 + q3,xiw,M3)^2*Deng(p4 + q2 + q3,
      xiw,M3)^2*p4.p4*xiw^2*ufoGC58^2*ufoGC80*ufoGC69
       - 1/8*g_(1,6_,nu10)*g_(2,6_,nu16)*FT2*g_(2,q3)*cFT(nu13,XX,i2,iufo11)*
      cFT(g7,XX,iufo11,j11)*flavourTag(fmu,j11,j12)*Vec(nu10,q3)*Vec(nu9,q2)*
      Vecr(nu15,p4)*Deng(p4,xiz,M4)^2*Deng(q2 + q3,xiw,M3)^2*Deng(p4 + q2 + q3
      ,xiw,M3)^2*p4.p4^2*xiw^2*ufoGC58^2*ufoGC80*ufoGC69
       - 1/8*g_(1,6_,nu10)*g_(2,6_,nu16)*FT2*g_(2,q3)*cFT(nu13,XX,i2,iufo11)*
      cFT(g7,XX,iufo11,j11)*flavourTag(fmu,j11,j12)*Vec(nu10,q3)*Vec(nu9,q3)*
      Vec(nu15,q2)*Deng(p4,xiz,M4)^2*Deng(q2 + q3,xiw,M3)^2*Deng(p4 + q2 + q3,
      xiw,M3)^2*p4.p4^2*xiw^2*ufoGC58^2*ufoGC80*ufoGC69
       - 1/8*g_(1,6_,nu10)*g_(2,6_,nu16)*FT2*g_(2,q3)*cFT(nu13,XX,i2,iufo11)*
      cFT(g7,XX,iufo11,j11)*flavourTag(fmu,j11,j12)*Vec(nu10,q3)*Vec(nu9,q3)*
      Vec(nu15,q3)*Deng(p4,xiz,M4)^2*Deng(q2 + q3,xiw,M3)^2*Deng(p4 + q2 + q3,
      xiw,M3)^2*p4.p4^2*xiw^2*ufoGC58^2*ufoGC80*ufoGC69
       + 1/8*g_(1,6_,nu10)*g_(2,6_,nu16)*FT2*g_(2,q3)*cFT(nu13,XX,i2,iufo11)*
      cFT(g7,XX,iufo11,j11)*flavourTag(fmu,j11,j12)*Vec(nu10,q3)*Vec(nu9,q3)*
      Vecr(nu9,p4)*Deng(p4,xiz,M4)*Deng(q2 + q3,xiw,M3)^2*Deng(p4 + q2 + q3,
      xiw,M3)^2*p4.p4*xiw^2*ufoGC58^2*ufoGC80*ufoGC69
       - 1/8*g_(1,6_,nu10)*g_(2,6_,nu16)*FT2*g_(2,q3)*cFT(nu13,XX,i2,iufo11)*
      cFT(g7,XX,iufo11,j11)*flavourTag(fmu,j11,j12)*Vec(nu10,q3)*Vec(nu9,q3)*
      Vecr(nu15,p4)*Deng(p4,xiz,M4)^2*Deng(q2 + q3,xiw,M3)^2*Deng(p4 + q2 + q3
      ,xiw,M3)^2*p4.p4^2*xiw^2*ufoGC58^2*ufoGC80*ufoGC69
       + 1/8*g_(1,6_,nu10)*g_(2,6_,nu16)*FT2*g_(2,q3)*cFT(nu13,XX,i2,iufo11)*
      cFT(g7,XX,iufo11,j11)*flavourTag(fmu,j11,j12)*Vec(nu10,q3)*Vec(nu9,-p4)*
      Vec(nu9,q2)*Vec(nu15,q2)*Vecr(nu15,p4)*Deng(p4,xiz,M4)^2*Deng(q2 + q3,
      xiw,M3)^2*Deng(p4 + q2 + q3,xiw,M3)^2*p4.p4*xiw^2*ufoGC58^2*ufoGC80*
      ufoGC69
       + 1/8*g_(1,6_,nu10)*g_(2,6_,nu16)*FT2*g_(2,q3)*cFT(nu13,XX,i2,iufo11)*
      cFT(g7,XX,iufo11,j11)*flavourTag(fmu,j11,j12)*Vec(nu10,q3)*Vec(nu9,-p4)*
      Vec(nu9,q2)*Vec(nu15,q3)*Vecr(nu15,p4)*Deng(p4,xiz,M4)^2*Deng(q2 + q3,
      xiw,M3)^2*Deng(p4 + q2 + q3,xiw,M3)^2*p4.p4*xiw^2*ufoGC58^2*ufoGC80*
      ufoGC69
       - 1/8*g_(1,6_,nu10)*g_(2,6_,nu16)*FT2*g_(2,q3)*cFT(nu13,XX,i2,iufo11)*
      cFT(g7,XX,iufo11,j11)*flavourTag(fmu,j11,j12)*Vec(nu10,q3)*Vec(nu9,-p4)*
      Vec(nu9,q2)*Deng(p4,xiz,M4)*Deng(q2 + q3,xiw,M3)^2*Deng(p4 + q2 + q3,xiw
      ,M3)^2*p4.p4*xiw^2*ufoGC58^2*ufoGC80*ufoGC69
       + 1/8*g_(1,6_,nu10)*g_(2,6_,nu16)*FT2*g_(2,q3)*cFT(nu13,XX,i2,iufo11)*
      cFT(g7,XX,iufo11,j11)*flavourTag(fmu,j11,j12)*Vec(nu10,q3)*Vec(nu9,-p4)*
      Vec(nu9,q2)*Deng(p4,xiz,M4)^2*Deng(q2 + q3,xiw,M3)^2*Deng(p4 + q2 + q3,
      xiw,M3)^2*p4.p4^2*xiw^2*ufoGC58^2*ufoGC80*ufoGC69
       + 1/8*g_(1,6_,nu10)*g_(2,6_,nu16)*FT2*g_(2,q3)*cFT(nu13,XX,i2,iufo11)*
      cFT(g7,XX,iufo11,j11)*flavourTag(fmu,j11,j12)*Vec(nu10,q3)*Vec(nu9,-p4)*
      Vec(nu9,q3)*Vec(nu15,q2)*Vecr(nu15,p4)*Deng(p4,xiz,M4)^2*Deng(q2 + q3,
      xiw,M3)^2*Deng(p4 + q2 + q3,xiw,M3)^2*p4.p4*xiw^2*ufoGC58^2*ufoGC80*
      ufoGC69
       + 1/8*g_(1,6_,nu10)*g_(2,6_,nu16)*FT2*g_(2,q3)*cFT(nu13,XX,i2,iufo11)*
      cFT(g7,XX,iufo11,j11)*flavourTag(fmu,j11,j12)*Vec(nu10,q3)*Vec(nu9,-p4)*
      Vec(nu9,q3)*Vec(nu15,q3)*Vecr(nu15,p4)*Deng(p4,xiz,M4)^2*Deng(q2 + q3,
      xiw,M3)^2*Deng(p4 + q2 + q3,xiw,M3)^2*p4.p4*xiw^2*ufoGC58^2*ufoGC80*
      ufoGC69
       - 1/8*g_(1,6_,nu10)*g_(2,6_,nu16)*FT2*g_(2,q3)*cFT(nu13,XX,i2,iufo11)*
      cFT(g7,XX,iufo11,j11)*flavourTag(fmu,j11,j12)*Vec(nu10,q3)*Vec(nu9,-p4)*
      Vec(nu9,q3)*Deng(p4,xiz,M4)*Deng(q2 + q3,xiw,M3)^2*Deng(p4 + q2 + q3,xiw
      ,M3)^2*p4.p4*xiw^2*ufoGC58^2*ufoGC80*ufoGC69
       + 1/8*g_(1,6_,nu10)*g_(2,6_,nu16)*FT2*g_(2,q3)*cFT(nu13,XX,i2,iufo11)*
      cFT(g7,XX,iufo11,j11)*flavourTag(fmu,j11,j12)*Vec(nu10,q3)*Vec(nu9,-p4)*
      Vec(nu9,q3)*Deng(p4,xiz,M4)^2*Deng(q2 + q3,xiw,M3)^2*Deng(p4 + q2 + q3,
      xiw,M3)^2*p4.p4^2*xiw^2*ufoGC58^2*ufoGC80*ufoGC69
       + 1/8*g_(1,6_,nu10)*g_(2,6_,nu16)*FT2*g_(2,q3)*cFT(nu13,XX,i2,iufo11)*
      cFT(g7,XX,iufo11,j11)*flavourTag(fmu,j11,j12)*Vec(nu10,q3)*Vec(nu9,-q2)*
      Vec(nu9,q2)*Vec(nu15,q2)*Vecr(nu15,p4)*Deng(p4,xiz,M4)^2*Deng(q2 + q3,
      xiw,M3)^2*Deng(p4 + q2 + q3,xiw,M3)^2*p4.p4*xiw^2*ufoGC58^2*ufoGC80*
      ufoGC69
       + 1/8*g_(1,6_,nu10)*g_(2,6_,nu16)*FT2*g_(2,q3)*cFT(nu13,XX,i2,iufo11)*
      cFT(g7,XX,iufo11,j11)*flavourTag(fmu,j11,j12)*Vec(nu10,q3)*Vec(nu9,-q2)*
      Vec(nu9,q2)*Vec(nu15,q3)*Vecr(nu15,p4)*Deng(p4,xiz,M4)^2*Deng(q2 + q3,
      xiw,M3)^2*Deng(p4 + q2 + q3,xiw,M3)^2*p4.p4*xiw^2*ufoGC58^2*ufoGC80*
      ufoGC69
       - 1/8*g_(1,6_,nu10)*g_(2,6_,nu16)*FT2*g_(2,q3)*cFT(nu13,XX,i2,iufo11)*
      cFT(g7,XX,iufo11,j11)*flavourTag(fmu,j11,j12)*Vec(nu10,q3)*Vec(nu9,-q2)*
      Vec(nu9,q2)*Deng(p4,xiz,M4)*Deng(q2 + q3,xiw,M3)^2*Deng(p4 + q2 + q3,xiw
      ,M3)^2*p4.p4*xiw^2*ufoGC58^2*ufoGC80*ufoGC69
       + 1/8*g_(1,6_,nu10)*g_(2,6_,nu16)*FT2*g_(2,q3)*cFT(nu13,XX,i2,iufo11)*
      cFT(g7,XX,iufo11,j11)*flavourTag(fmu,j11,j12)*Vec(nu10,q3)*Vec(nu9,-q2)*
      Vec(nu9,q2)*Deng(p4,xiz,M4)^2*Deng(q2 + q3,xiw,M3)^2*Deng(p4 + q2 + q3,
      xiw,M3)^2*p4.p4^2*xiw^2*ufoGC58^2*ufoGC80*ufoGC69
       + 1/8*g_(1,6_,nu10)*g_(2,6_,nu16)*FT2*g_(2,q3)*cFT(nu13,XX,i2,iufo11)*
      cFT(g7,XX,iufo11,j11)*flavourTag(fmu,j11,j12)*Vec(nu10,q3)*Vec(nu9,-q2)*
      Vec(nu9,q3)*Vec(nu15,q2)*Vecr(nu15,p4)*Deng(p4,xiz,M4)^2*Deng(q2 + q3,
      xiw,M3)^2*Deng(p4 + q2 + q3,xiw,M3)^2*p4.p4*xiw^2*ufoGC58^2*ufoGC80*
      ufoGC69
       + 1/8*g_(1,6_,nu10)*g_(2,6_,nu16)*FT2*g_(2,q3)*cFT(nu13,XX,i2,iufo11)*
      cFT(g7,XX,iufo11,j11)*flavourTag(fmu,j11,j12)*Vec(nu10,q3)*Vec(nu9,-q2)*
      Vec(nu9,q3)*Vec(nu15,q3)*Vecr(nu15,p4)*Deng(p4,xiz,M4)^2*Deng(q2 + q3,
      xiw,M3)^2*Deng(p4 + q2 + q3,xiw,M3)^2*p4.p4*xiw^2*ufoGC58^2*ufoGC80*
      ufoGC69
       - 1/8*g_(1,6_,nu10)*g_(2,6_,nu16)*FT2*g_(2,q3)*cFT(nu13,XX,i2,iufo11)*
      cFT(g7,XX,iufo11,j11)*flavourTag(fmu,j11,j12)*Vec(nu10,q3)*Vec(nu9,-q2)*
      Vec(nu9,q3)*Deng(p4,xiz,M4)*Deng(q2 + q3,xiw,M3)^2*Deng(p4 + q2 + q3,xiw
      ,M3)^2*p4.p4*xiw^2*ufoGC58^2*ufoGC80*ufoGC69
       + 1/8*g_(1,6_,nu10)*g_(2,6_,nu16)*FT2*g_(2,q3)*cFT(nu13,XX,i2,iufo11)*
      cFT(g7,XX,iufo11,j11)*flavourTag(fmu,j11,j12)*Vec(nu10,q3)*Vec(nu9,-q2)*
      Vec(nu9,q3)*Deng(p4,xiz,M4)^2*Deng(q2 + q3,xiw,M3)^2*Deng(p4 + q2 + q3,
      xiw,M3)^2*p4.p4^2*xiw^2*ufoGC58^2*ufoGC80*ufoGC69
       + 1/8*g_(1,6_,nu10)*g_(2,6_,nu16)*FT2*g_(2,q3)*cFT(nu13,XX,i2,iufo11)*
      cFT(g7,XX,iufo11,j11)*flavourTag(fmu,j11,j12)*Vec(nu10,q3)*Vec(nu9,-q3)*
      Vec(nu9,q2)*Vec(nu15,q2)*Vecr(nu15,p4)*Deng(p4,xiz,M4)^2*Deng(q2 + q3,
      xiw,M3)^2*Deng(p4 + q2 + q3,xiw,M3)^2*p4.p4*xiw^2*ufoGC58^2*ufoGC80*
      ufoGC69
       + 1/8*g_(1,6_,nu10)*g_(2,6_,nu16)*FT2*g_(2,q3)*cFT(nu13,XX,i2,iufo11)*
      cFT(g7,XX,iufo11,j11)*flavourTag(fmu,j11,j12)*Vec(nu10,q3)*Vec(nu9,-q3)*
      Vec(nu9,q2)*Vec(nu15,q3)*Vecr(nu15,p4)*Deng(p4,xiz,M4)^2*Deng(q2 + q3,
      xiw,M3)^2*Deng(p4 + q2 + q3,xiw,M3)^2*p4.p4*xiw^2*ufoGC58^2*ufoGC80*
      ufoGC69
       - 1/8*g_(1,6_,nu10)*g_(2,6_,nu16)*FT2*g_(2,q3)*cFT(nu13,XX,i2,iufo11)*
      cFT(g7,XX,iufo11,j11)*flavourTag(fmu,j11,j12)*Vec(nu10,q3)*Vec(nu9,-q3)*
      Vec(nu9,q2)*Deng(p4,xiz,M4)*Deng(q2 + q3,xiw,M3)^2*Deng(p4 + q2 + q3,xiw
      ,M3)^2*p4.p4*xiw^2*ufoGC58^2*ufoGC80*ufoGC69
       + 1/8*g_(1,6_,nu10)*g_(2,6_,nu16)*FT2*g_(2,q3)*cFT(nu13,XX,i2,iufo11)*
      cFT(g7,XX,iufo11,j11)*flavourTag(fmu,j11,j12)*Vec(nu10,q3)*Vec(nu9,-q3)*
      Vec(nu9,q2)*Deng(p4,xiz,M4)^2*Deng(q2 + q3,xiw,M3)^2*Deng(p4 + q2 + q3,
      xiw,M3)^2*p4.p4^2*xiw^2*ufoGC58^2*ufoGC80*ufoGC69
       + 1/8*g_(1,6_,nu10)*g_(2,6_,nu16)*FT2*g_(2,q3)*cFT(nu13,XX,i2,iufo11)*
      cFT(g7,XX,iufo11,j11)*flavourTag(fmu,j11,j12)*Vec(nu10,q3)*Vec(nu9,-q3)*
      Vec(nu9,q3)*Vec(nu15,q2)*Vecr(nu15,p4)*Deng(p4,xiz,M4)^2*Deng(q2 + q3,
      xiw,M3)^2*Deng(p4 + q2 + q3,xiw,M3)^2*p4.p4*xiw^2*ufoGC58^2*ufoGC80*
      ufoGC69
       + 1/8*g_(1,6_,nu10)*g_(2,6_,nu16)*FT2*g_(2,q3)*cFT(nu13,XX,i2,iufo11)*
      cFT(g7,XX,iufo11,j11)*flavourTag(fmu,j11,j12)*Vec(nu10,q3)*Vec(nu9,-q3)*
      Vec(nu9,q3)*Vec(nu15,q3)*Vecr(nu15,p4)*Deng(p4,xiz,M4)^2*Deng(q2 + q3,
      xiw,M3)^2*Deng(p4 + q2 + q3,xiw,M3)^2*p4.p4*xiw^2*ufoGC58^2*ufoGC80*
      ufoGC69
       - 1/8*g_(1,6_,nu10)*g_(2,6_,nu16)*FT2*g_(2,q3)*cFT(nu13,XX,i2,iufo11)*
      cFT(g7,XX,iufo11,j11)*flavourTag(fmu,j11,j12)*Vec(nu10,q3)*Vec(nu9,-q3)*
      Vec(nu9,q3)*Deng(p4,xiz,M4)*Deng(q2 + q3,xiw,M3)^2*Deng(p4 + q2 + q3,xiw
      ,M3)^2*p4.p4*xiw^2*ufoGC58^2*ufoGC80*ufoGC69
       + 1/8*g_(1,6_,nu10)*g_(2,6_,nu16)*FT2*g_(2,q3)*cFT(nu13,XX,i2,iufo11)*
      cFT(g7,XX,iufo11,j11)*flavourTag(fmu,j11,j12)*Vec(nu10,q3)*Vec(nu9,-q3)*
      Vec(nu9,q3)*Deng(p4,xiz,M4)^2*Deng(q2 + q3,xiw,M3)^2*Deng(p4 + q2 + q3,
      xiw,M3)^2*p4.p4^2*xiw^2*ufoGC58^2*ufoGC80*ufoGC69
       - 1/8*g_(1,6_,nu10)*g_(2,6_,nu16)*FT2*g_(2,q3)*cFT(nu13,XX,i2,iufo11)*
      cFT(g7,XX,iufo11,j11)*flavourTag(fmu,j11,j12)*Vec(nu10,q3)*Vec(nu14,q2)^
      2*Vec(nu15,-p4)*Vecr(nu15,p4)*Deng(p4,xiz,M4)^2*Deng(q2 + q3,xiw,M3)^2*
      Deng(p4 + q2 + q3,xiw,M3)^2*p4.p4*xiw^2*ufoGC58^2*ufoGC80*ufoGC69
       - 1/8*g_(1,6_,nu10)*g_(2,6_,nu16)*FT2*g_(2,q3)*cFT(nu13,XX,i2,iufo11)*
      cFT(g7,XX,iufo11,j11)*flavourTag(fmu,j11,j12)*Vec(nu10,q3)*Vec(nu14,q2)^
      2*Vec(nu15,-q2)*Vecr(nu15,p4)*Deng(p4,xiz,M4)^2*Deng(q2 + q3,xiw,M3)^2*
      Deng(p4 + q2 + q3,xiw,M3)^2*p4.p4*xiw^2*ufoGC58^2*ufoGC80*ufoGC69
       - 1/8*g_(1,6_,nu10)*g_(2,6_,nu16)*FT2*g_(2,q3)*cFT(nu13,XX,i2,iufo11)*
      cFT(g7,XX,iufo11,j11)*flavourTag(fmu,j11,j12)*Vec(nu10,q3)*Vec(nu14,q2)^
      2*Vec(nu15,-q3)*Vecr(nu15,p4)*Deng(p4,xiz,M4)^2*Deng(q2 + q3,xiw,M3)^2*
      Deng(p4 + q2 + q3,xiw,M3)^2*p4.p4*xiw^2*ufoGC58^2*ufoGC80*ufoGC69
       - 1/4*g_(1,6_,nu10)*g_(2,6_,nu16)*FT2*g_(2,q3)*cFT(nu13,XX,i2,iufo11)*
      cFT(g7,XX,iufo11,j11)*flavourTag(fmu,j11,j12)*Vec(nu10,q3)*Vec(nu14,q2)*
      Vec(nu14,q3)*Vec(nu15,-p4)*Vecr(nu15,p4)*Deng(p4,xiz,M4)^2*Deng(q2 + q3,
      xiw,M3)^2*Deng(p4 + q2 + q3,xiw,M3)^2*p4.p4*xiw^2*ufoGC58^2*ufoGC80*
      ufoGC69
       - 1/4*g_(1,6_,nu10)*g_(2,6_,nu16)*FT2*g_(2,q3)*cFT(nu13,XX,i2,iufo11)*
      cFT(g7,XX,iufo11,j11)*flavourTag(fmu,j11,j12)*Vec(nu10,q3)*Vec(nu14,q2)*
      Vec(nu14,q3)*Vec(nu15,-q2)*Vecr(nu15,p4)*Deng(p4,xiz,M4)^2*Deng(q2 + q3,
      xiw,M3)^2*Deng(p4 + q2 + q3,xiw,M3)^2*p4.p4*xiw^2*ufoGC58^2*ufoGC80*
      ufoGC69
       - 1/4*g_(1,6_,nu10)*g_(2,6_,nu16)*FT2*g_(2,q3)*cFT(nu13,XX,i2,iufo11)*
      cFT(g7,XX,iufo11,j11)*flavourTag(fmu,j11,j12)*Vec(nu10,q3)*Vec(nu14,q2)*
      Vec(nu14,q3)*Vec(nu15,-q3)*Vecr(nu15,p4)*Deng(p4,xiz,M4)^2*Deng(q2 + q3,
      xiw,M3)^2*Deng(p4 + q2 + q3,xiw,M3)^2*p4.p4*xiw^2*ufoGC58^2*ufoGC80*
      ufoGC69
       + 1/8*g_(1,6_,nu10)*g_(2,6_,nu16)*FT2*g_(2,q3)*cFT(nu13,XX,i2,iufo11)*
      cFT(g7,XX,iufo11,j11)*flavourTag(fmu,j11,j12)*Vec(nu10,q3)*Vec(nu14,q2)*
      Vec(nu15,q2)*Deng(p4,xiz,M4)^2*Deng(q2 + q3,xiw,M3)^2*Deng(p4 + q2 + q3,
      xiw,M3)^2*p4.p4^2*xiw^2*ufoGC58^2*ufoGC80*ufoGC69
       + 1/8*g_(1,6_,nu10)*g_(2,6_,nu16)*FT2*g_(2,q3)*cFT(nu13,XX,i2,iufo11)*
      cFT(g7,XX,iufo11,j11)*flavourTag(fmu,j11,j12)*Vec(nu10,q3)*Vec(nu14,q2)*
      Vec(nu15,q3)*Deng(p4,xiz,M4)^2*Deng(q2 + q3,xiw,M3)^2*Deng(p4 + q2 + q3,
      xiw,M3)^2*p4.p4^2*xiw^2*ufoGC58^2*ufoGC80*ufoGC69
       - 1/8*g_(1,6_,nu10)*g_(2,6_,nu16)*FT2*g_(2,q3)*cFT(nu13,XX,i2,iufo11)*
      cFT(g7,XX,iufo11,j11)*flavourTag(fmu,j11,j12)*Vec(nu10,q3)*Vec(nu14,q2)*
      Vec(nu15,-p4)*Deng(p4,xiz,M4)^2*Deng(q2 + q3,xiw,M3)^2*Deng(p4 + q2 + q3
      ,xiw,M3)^2*p4.p4^2*xiw^2*ufoGC58^2*ufoGC80*ufoGC69
       - 1/8*g_(1,6_,nu10)*g_(2,6_,nu16)*FT2*g_(2,q3)*cFT(nu13,XX,i2,iufo11)*
      cFT(g7,XX,iufo11,j11)*flavourTag(fmu,j11,j12)*Vec(nu10,q3)*Vec(nu14,q2)*
      Vec(nu15,-q2)*Deng(p4,xiz,M4)^2*Deng(q2 + q3,xiw,M3)^2*Deng(p4 + q2 + q3
      ,xiw,M3)^2*p4.p4^2*xiw^2*ufoGC58^2*ufoGC80*ufoGC69
       - 1/8*g_(1,6_,nu10)*g_(2,6_,nu16)*FT2*g_(2,q3)*cFT(nu13,XX,i2,iufo11)*
      cFT(g7,XX,iufo11,j11)*flavourTag(fmu,j11,j12)*Vec(nu10,q3)*Vec(nu14,q2)*
      Vec(nu15,-q3)*Deng(p4,xiz,M4)^2*Deng(q2 + q3,xiw,M3)^2*Deng(p4 + q2 + q3
      ,xiw,M3)^2*p4.p4^2*xiw^2*ufoGC58^2*ufoGC80*ufoGC69
       - 1/8*g_(1,6_,nu10)*g_(2,6_,nu16)*FT2*g_(2,q3)*cFT(nu13,XX,i2,iufo11)*
      cFT(g7,XX,iufo11,j11)*flavourTag(fmu,j11,j12)*Vec(nu10,q3)*Vec(nu14,q3)^
      2*Vec(nu15,-p4)*Vecr(nu15,p4)*Deng(p4,xiz,M4)^2*Deng(q2 + q3,xiw,M3)^2*
      Deng(p4 + q2 + q3,xiw,M3)^2*p4.p4*xiw^2*ufoGC58^2*ufoGC80*ufoGC69
       - 1/8*g_(1,6_,nu10)*g_(2,6_,nu16)*FT2*g_(2,q3)*cFT(nu13,XX,i2,iufo11)*
      cFT(g7,XX,iufo11,j11)*flavourTag(fmu,j11,j12)*Vec(nu10,q3)*Vec(nu14,q3)^
      2*Vec(nu15,-q2)*Vecr(nu15,p4)*Deng(p4,xiz,M4)^2*Deng(q2 + q3,xiw,M3)^2*
      Deng(p4 + q2 + q3,xiw,M3)^2*p4.p4*xiw^2*ufoGC58^2*ufoGC80*ufoGC69
       - 1/8*g_(1,6_,nu10)*g_(2,6_,nu16)*FT2*g_(2,q3)*cFT(nu13,XX,i2,iufo11)*
      cFT(g7,XX,iufo11,j11)*flavourTag(fmu,j11,j12)*Vec(nu10,q3)*Vec(nu14,q3)^
      2*Vec(nu15,-q3)*Vecr(nu15,p4)*Deng(p4,xiz,M4)^2*Deng(q2 + q3,xiw,M3)^2*
      Deng(p4 + q2 + q3,xiw,M3)^2*p4.p4*xiw^2*ufoGC58^2*ufoGC80*ufoGC69
       + 1/8*g_(1,6_,nu10)*g_(2,6_,nu16)*FT2*g_(2,q3)*cFT(nu13,XX,i2,iufo11)*
      cFT(g7,XX,iufo11,j11)*flavourTag(fmu,j11,j12)*Vec(nu10,q3)*Vec(nu14,q3)*
      Vec(nu15,q2)*Deng(p4,xiz,M4)^2*Deng(q2 + q3,xiw,M3)^2*Deng(p4 + q2 + q3,
      xiw,M3)^2*p4.p4^2*xiw^2*ufoGC58^2*ufoGC80*ufoGC69
       + 1/8*g_(1,6_,nu10)*g_(2,6_,nu16)*FT2*g_(2,q3)*cFT(nu13,XX,i2,iufo11)*
      cFT(g7,XX,iufo11,j11)*flavourTag(fmu,j11,j12)*Vec(nu10,q3)*Vec(nu14,q3)*
      Vec(nu15,q3)*Deng(p4,xiz,M4)^2*Deng(q2 + q3,xiw,M3)^2*Deng(p4 + q2 + q3,
      xiw,M3)^2*p4.p4^2*xiw^2*ufoGC58^2*ufoGC80*ufoGC69
       - 1/8*g_(1,6_,nu10)*g_(2,6_,nu16)*FT2*g_(2,q3)*cFT(nu13,XX,i2,iufo11)*
      cFT(g7,XX,iufo11,j11)*flavourTag(fmu,j11,j12)*Vec(nu10,q3)*Vec(nu14,q3)*
      Vec(nu15,-p4)*Deng(p4,xiz,M4)^2*Deng(q2 + q3,xiw,M3)^2*Deng(p4 + q2 + q3
      ,xiw,M3)^2*p4.p4^2*xiw^2*ufoGC58^2*ufoGC80*ufoGC69
       - 1/8*g_(1,6_,nu10)*g_(2,6_,nu16)*FT2*g_(2,q3)*cFT(nu13,XX,i2,iufo11)*
      cFT(g7,XX,iufo11,j11)*flavourTag(fmu,j11,j12)*Vec(nu10,q3)*Vec(nu14,q3)*
      Vec(nu15,-q2)*Deng(p4,xiz,M4)^2*Deng(q2 + q3,xiw,M3)^2*Deng(p4 + q2 + q3
      ,xiw,M3)^2*p4.p4^2*xiw^2*ufoGC58^2*ufoGC80*ufoGC69
       - 1/8*g_(1,6_,nu10)*g_(2,6_,nu16)*FT2*g_(2,q3)*cFT(nu13,XX,i2,iufo11)*
      cFT(g7,XX,iufo11,j11)*flavourTag(fmu,j11,j12)*Vec(nu10,q3)*Vec(nu14,q3)*
      Vec(nu15,-q3)*Deng(p4,xiz,M4)^2*Deng(q2 + q3,xiw,M3)^2*Deng(p4 + q2 + q3
      ,xiw,M3)^2*p4.p4^2*xiw^2*ufoGC58^2*ufoGC80*ufoGC69
       + 1/8*g_(1,6_,nu10)*g_(2,6_,nu16)*FT2*g_(2,q3)*cFT(nu13,XX,i2,iufo11)*
      cFT(g7,XX,iufo11,j11)*flavourTag(fmu,j11,j12)*Vec(nu10,q3)*Vec(nu15,q2)*
      Vecr(nu15,p4)*Deng(p4,xiz,M4)^2*Deng(q2 + q3,xiw,M3)^2*Deng(p4 + q2 + q3
      ,xiw,M3)^2*p4.p4^2*xiw^2*ufoGC58^2*ufoGC80*ufoGC69
       + 1/8*g_(1,6_,nu10)*g_(2,6_,nu16)*FT2*g_(2,q3)*cFT(nu13,XX,i2,iufo11)*
      cFT(g7,XX,iufo11,j11)*flavourTag(fmu,j11,j12)*Vec(nu10,q3)*Vec(nu15,q3)*
      Vecr(nu15,p4)*Deng(p4,xiz,M4)^2*Deng(q2 + q3,xiw,M3)^2*Deng(p4 + q2 + q3
      ,xiw,M3)^2*p4.p4^2*xiw^2*ufoGC58^2*ufoGC80*ufoGC69
       + 1/8*g_(1,6_,nu10)*g_(2,nu16)*FT2(g6)*FT2*g_(2,p4)*cFT(nu13,XX,i2,
      iufo11)*cFT(g7,XX,iufo11,j11)*flavourTag(fmu,j11,j12)*Vec(nu10,q2)*Vec(
      nu16,q2)*Vec(nu13,q2)*Vec(nu9,q2)*Vecr(nu9,p4)*Deng(p4,xiz,M4)*Deng(q2
       + q3,xiw,M3)^2*Deng(p4 + q2 + q3,xiw,M3)^2*xiw^2*ufoGC58^2*ufoGC76*
      ufoGC69
       + 1/8*g_(1,6_,nu10)*g_(2,nu16)*FT2(g6)*FT2*g_(2,p4)*cFT(nu13,XX,i2,
      iufo11)*cFT(g7,XX,iufo11,j11)*flavourTag(fmu,j11,j12)*Vec(nu10,q2)*Vec(
      nu16,q2)*Vec(nu13,q2)*Vec(nu9,q3)*Vecr(nu9,p4)*Deng(p4,xiz,M4)*Deng(q2
       + q3,xiw,M3)^2*Deng(p4 + q2 + q3,xiw,M3)^2*xiw^2*ufoGC58^2*ufoGC76*
      ufoGC69
       - 1/8*g_(1,6_,nu10)*g_(2,nu16)*FT2(g6)*FT2*g_(2,p4)*cFT(nu13,XX,i2,
      iufo11)*cFT(g7,XX,iufo11,j11)*flavourTag(fmu,j11,j12)*Vec(nu10,q2)*Vec(
      nu16,q2)*Vec(nu13,q2)*Vec(nu9,-p4)*Vec(nu9,q2)*Deng(p4,xiz,M4)*Deng(q2
       + q3,xiw,M3)^2*Deng(p4 + q2 + q3,xiw,M3)^2*xiw^2*ufoGC58^2*ufoGC76*
      ufoGC69
       - 1/8*g_(1,6_,nu10)*g_(2,nu16)*FT2(g6)*FT2*g_(2,p4)*cFT(nu13,XX,i2,
      iufo11)*cFT(g7,XX,iufo11,j11)*flavourTag(fmu,j11,j12)*Vec(nu10,q2)*Vec(
      nu16,q2)*Vec(nu13,q2)*Vec(nu9,-p4)*Vec(nu9,q3)*Deng(p4,xiz,M4)*Deng(q2
       + q3,xiw,M3)^2*Deng(p4 + q2 + q3,xiw,M3)^2*xiw^2*ufoGC58^2*ufoGC76*
      ufoGC69
       - 1/8*g_(1,6_,nu10)*g_(2,nu16)*FT2(g6)*FT2*g_(2,p4)*cFT(nu13,XX,i2,
      iufo11)*cFT(g7,XX,iufo11,j11)*flavourTag(fmu,j11,j12)*Vec(nu10,q2)*Vec(
      nu16,q2)*Vec(nu13,q2)*Vec(nu9,-q2)*Vec(nu9,q2)*Deng(p4,xiz,M4)*Deng(q2
       + q3,xiw,M3)^2*Deng(p4 + q2 + q3,xiw,M3)^2*xiw^2*ufoGC58^2*ufoGC76*
      ufoGC69
       - 1/8*g_(1,6_,nu10)*g_(2,nu16)*FT2(g6)*FT2*g_(2,p4)*cFT(nu13,XX,i2,
      iufo11)*cFT(g7,XX,iufo11,j11)*flavourTag(fmu,j11,j12)*Vec(nu10,q2)*Vec(
      nu16,q2)*Vec(nu13,q2)*Vec(nu9,-q2)*Vec(nu9,q3)*Deng(p4,xiz,M4)*Deng(q2
       + q3,xiw,M3)^2*Deng(p4 + q2 + q3,xiw,M3)^2*xiw^2*ufoGC58^2*ufoGC76*
      ufoGC69
       - 1/8*g_(1,6_,nu10)*g_(2,nu16)*FT2(g6)*FT2*g_(2,p4)*cFT(nu13,XX,i2,
      iufo11)*cFT(g7,XX,iufo11,j11)*flavourTag(fmu,j11,j12)*Vec(nu10,q2)*Vec(
      nu16,q2)*Vec(nu13,q2)*Vec(nu9,-q3)*Vec(nu9,q2)*Deng(p4,xiz,M4)*Deng(q2
       + q3,xiw,M3)^2*Deng(p4 + q2 + q3,xiw,M3)^2*xiw^2*ufoGC58^2*ufoGC76*
      ufoGC69
       - 1/8*g_(1,6_,nu10)*g_(2,nu16)*FT2(g6)*FT2*g_(2,p4)*cFT(nu13,XX,i2,
      iufo11)*cFT(g7,XX,iufo11,j11)*flavourTag(fmu,j11,j12)*Vec(nu10,q2)*Vec(
      nu16,q2)*Vec(nu13,q2)*Vec(nu9,-q3)*Vec(nu9,q3)*Deng(p4,xiz,M4)*Deng(q2
       + q3,xiw,M3)^2*Deng(p4 + q2 + q3,xiw,M3)^2*xiw^2*ufoGC58^2*ufoGC76*
      ufoGC69
       - 1/8*g_(1,6_,nu10)*g_(2,nu16)*FT2(g6)*FT2*g_(2,p4)*cFT(nu13,XX,i2,
      iufo11)*cFT(g7,XX,iufo11,j11)*flavourTag(fmu,j11,j12)*Vec(nu10,q2)*Vec(
      nu16,q2)*Vec(nu13,q2)*Vec(nu14,q2)*Vecr(nu14,p4)*Deng(p4,xiz,M4)*Deng(q2
       + q3,xiw,M3)^2*Deng(p4 + q2 + q3,xiw,M3)^2*xiw^2*ufoGC58^2*ufoGC76*
      ufoGC69
       - 1/8*g_(1,6_,nu10)*g_(2,nu16)*FT2(g6)*FT2*g_(2,p4)*cFT(nu13,XX,i2,
      iufo11)*cFT(g7,XX,iufo11,j11)*flavourTag(fmu,j11,j12)*Vec(nu10,q2)*Vec(
      nu16,q2)*Vec(nu13,q2)*Vec(nu14,q3)*Vecr(nu14,p4)*Deng(p4,xiz,M4)*Deng(q2
       + q3,xiw,M3)^2*Deng(p4 + q2 + q3,xiw,M3)^2*xiw^2*ufoGC58^2*ufoGC76*
      ufoGC69
       - 1/8*g_(1,6_,nu10)*g_(2,nu16)*FT2(g6)*FT2*g_(2,p4)*cFT(nu13,XX,i2,
      iufo11)*cFT(g7,XX,iufo11,j11)*flavourTag(fmu,j11,j12)*Vec(nu10,q2)*Vec(
      nu16,q2)*Vec(nu13,q2)*Deng(p4,xiz,M4)*Deng(q2 + q3,xiw,M3)^2*Deng(p4 + 
      q2 + q3,xiw,M3)^2*p4.p4*xiw^2*ufoGC58^2*ufoGC76*ufoGC69
       + 1/8*g_(1,6_,nu10)*g_(2,nu16)*FT2(g6)*FT2*g_(2,p4)*cFT(nu13,XX,i2,
      iufo11)*cFT(g7,XX,iufo11,j11)*flavourTag(fmu,j11,j12)*Vec(nu10,q2)*Vec(
      nu16,q2)*Vec(nu13,q3)*Vec(nu9,q2)*Vecr(nu9,p4)*Deng(p4,xiz,M4)*Deng(q2
       + q3,xiw,M3)^2*Deng(p4 + q2 + q3,xiw,M3)^2*xiw^2*ufoGC58^2*ufoGC76*
      ufoGC69
       + 1/8*g_(1,6_,nu10)*g_(2,nu16)*FT2(g6)*FT2*g_(2,p4)*cFT(nu13,XX,i2,
      iufo11)*cFT(g7,XX,iufo11,j11)*flavourTag(fmu,j11,j12)*Vec(nu10,q2)*Vec(
      nu16,q2)*Vec(nu13,q3)*Vec(nu9,q3)*Vecr(nu9,p4)*Deng(p4,xiz,M4)*Deng(q2
       + q3,xiw,M3)^2*Deng(p4 + q2 + q3,xiw,M3)^2*xiw^2*ufoGC58^2*ufoGC76*
      ufoGC69
       - 1/8*g_(1,6_,nu10)*g_(2,nu16)*FT2(g6)*FT2*g_(2,p4)*cFT(nu13,XX,i2,
      iufo11)*cFT(g7,XX,iufo11,j11)*flavourTag(fmu,j11,j12)*Vec(nu10,q2)*Vec(
      nu16,q2)*Vec(nu13,q3)*Vec(nu9,-p4)*Vec(nu9,q2)*Deng(p4,xiz,M4)*Deng(q2
       + q3,xiw,M3)^2*Deng(p4 + q2 + q3,xiw,M3)^2*xiw^2*ufoGC58^2*ufoGC76*
      ufoGC69
       - 1/8*g_(1,6_,nu10)*g_(2,nu16)*FT2(g6)*FT2*g_(2,p4)*cFT(nu13,XX,i2,
      iufo11)*cFT(g7,XX,iufo11,j11)*flavourTag(fmu,j11,j12)*Vec(nu10,q2)*Vec(
      nu16,q2)*Vec(nu13,q3)*Vec(nu9,-p4)*Vec(nu9,q3)*Deng(p4,xiz,M4)*Deng(q2
       + q3,xiw,M3)^2*Deng(p4 + q2 + q3,xiw,M3)^2*xiw^2*ufoGC58^2*ufoGC76*
      ufoGC69
       - 1/8*g_(1,6_,nu10)*g_(2,nu16)*FT2(g6)*FT2*g_(2,p4)*cFT(nu13,XX,i2,
      iufo11)*cFT(g7,XX,iufo11,j11)*flavourTag(fmu,j11,j12)*Vec(nu10,q2)*Vec(
      nu16,q2)*Vec(nu13,q3)*Vec(nu9,-q2)*Vec(nu9,q2)*Deng(p4,xiz,M4)*Deng(q2
       + q3,xiw,M3)^2*Deng(p4 + q2 + q3,xiw,M3)^2*xiw^2*ufoGC58^2*ufoGC76*
      ufoGC69
       - 1/8*g_(1,6_,nu10)*g_(2,nu16)*FT2(g6)*FT2*g_(2,p4)*cFT(nu13,XX,i2,
      iufo11)*cFT(g7,XX,iufo11,j11)*flavourTag(fmu,j11,j12)*Vec(nu10,q2)*Vec(
      nu16,q2)*Vec(nu13,q3)*Vec(nu9,-q2)*Vec(nu9,q3)*Deng(p4,xiz,M4)*Deng(q2
       + q3,xiw,M3)^2*Deng(p4 + q2 + q3,xiw,M3)^2*xiw^2*ufoGC58^2*ufoGC76*
      ufoGC69
       - 1/8*g_(1,6_,nu10)*g_(2,nu16)*FT2(g6)*FT2*g_(2,p4)*cFT(nu13,XX,i2,
      iufo11)*cFT(g7,XX,iufo11,j11)*flavourTag(fmu,j11,j12)*Vec(nu10,q2)*Vec(
      nu16,q2)*Vec(nu13,q3)*Vec(nu9,-q3)*Vec(nu9,q2)*Deng(p4,xiz,M4)*Deng(q2
       + q3,xiw,M3)^2*Deng(p4 + q2 + q3,xiw,M3)^2*xiw^2*ufoGC58^2*ufoGC76*
      ufoGC69
       - 1/8*g_(1,6_,nu10)*g_(2,nu16)*FT2(g6)*FT2*g_(2,p4)*cFT(nu13,XX,i2,
      iufo11)*cFT(g7,XX,iufo11,j11)*flavourTag(fmu,j11,j12)*Vec(nu10,q2)*Vec(
      nu16,q2)*Vec(nu13,q3)*Vec(nu9,-q3)*Vec(nu9,q3)*Deng(p4,xiz,M4)*Deng(q2
       + q3,xiw,M3)^2*Deng(p4 + q2 + q3,xiw,M3)^2*xiw^2*ufoGC58^2*ufoGC76*
      ufoGC69
       - 1/8*g_(1,6_,nu10)*g_(2,nu16)*FT2(g6)*FT2*g_(2,p4)*cFT(nu13,XX,i2,
      iufo11)*cFT(g7,XX,iufo11,j11)*flavourTag(fmu,j11,j12)*Vec(nu10,q2)*Vec(
      nu16,q2)*Vec(nu13,q3)*Vec(nu14,q2)*Vecr(nu14,p4)*Deng(p4,xiz,M4)*Deng(q2
       + q3,xiw,M3)^2*Deng(p4 + q2 + q3,xiw,M3)^2*xiw^2*ufoGC58^2*ufoGC76*
      ufoGC69
       - 1/8*g_(1,6_,nu10)*g_(2,nu16)*FT2(g6)*FT2*g_(2,p4)*cFT(nu13,XX,i2,
      iufo11)*cFT(g7,XX,iufo11,j11)*flavourTag(fmu,j11,j12)*Vec(nu10,q2)*Vec(
      nu16,q2)*Vec(nu13,q3)*Vec(nu14,q3)*Vecr(nu14,p4)*Deng(p4,xiz,M4)*Deng(q2
       + q3,xiw,M3)^2*Deng(p4 + q2 + q3,xiw,M3)^2*xiw^2*ufoGC58^2*ufoGC76*
      ufoGC69
       - 1/8*g_(1,6_,nu10)*g_(2,nu16)*FT2(g6)*FT2*g_(2,p4)*cFT(nu13,XX,i2,
      iufo11)*cFT(g7,XX,iufo11,j11)*flavourTag(fmu,j11,j12)*Vec(nu10,q2)*Vec(
      nu16,q2)*Vec(nu13,q3)*Deng(p4,xiz,M4)*Deng(q2 + q3,xiw,M3)^2*Deng(p4 + 
      q2 + q3,xiw,M3)^2*p4.p4*xiw^2*ufoGC58^2*ufoGC76*ufoGC69
       + 1/8*g_(1,6_,nu10)*g_(2,nu16)*FT2(g6)*FT2*g_(2,p4)*cFT(nu13,XX,i2,
      iufo11)*cFT(g7,XX,iufo11,j11)*flavourTag(fmu,j11,j12)*Vec(nu10,q2)*Vec(
      nu16,q2)*Vec(nu9,q2)*Deng(p4,xiz,M4)*Deng(q2 + q3,xiw,M3)^2*Deng(p4 + q2
       + q3,xiw,M3)^2*p4.p4*xiw^2*ufoGC58^2*ufoGC76*ufoGC69
       + 1/8*g_(1,6_,nu10)*g_(2,nu16)*FT2(g6)*FT2*g_(2,p4)*cFT(nu13,XX,i2,
      iufo11)*cFT(g7,XX,iufo11,j11)*flavourTag(fmu,j11,j12)*Vec(nu10,q2)*Vec(
      nu16,q2)*Vec(nu9,q3)*Deng(p4,xiz,M4)*Deng(q2 + q3,xiw,M3)^2*Deng(p4 + q2
       + q3,xiw,M3)^2*p4.p4*xiw^2*ufoGC58^2*ufoGC76*ufoGC69
       - 1/8*g_(1,6_,nu10)*g_(2,nu16)*FT2(g6)*FT2*g_(2,p4)*cFT(nu13,XX,i2,
      iufo11)*cFT(g7,XX,iufo11,j11)*flavourTag(fmu,j11,j12)*Vec(nu10,q2)*Vec(
      nu16,q2)*Vec(nu9,-p4)*Vec(nu9,q2)*Vecr(nu13,p4)*Deng(p4,xiz,M4)*Deng(q2
       + q3,xiw,M3)^2*Deng(p4 + q2 + q3,xiw,M3)^2*xiw^2*ufoGC58^2*ufoGC76*
      ufoGC69
       - 1/8*g_(1,6_,nu10)*g_(2,nu16)*FT2(g6)*FT2*g_(2,p4)*cFT(nu13,XX,i2,
      iufo11)*cFT(g7,XX,iufo11,j11)*flavourTag(fmu,j11,j12)*Vec(nu10,q2)*Vec(
      nu16,q2)*Vec(nu9,-p4)*Vec(nu9,q3)*Vecr(nu13,p4)*Deng(p4,xiz,M4)*Deng(q2
       + q3,xiw,M3)^2*Deng(p4 + q2 + q3,xiw,M3)^2*xiw^2*ufoGC58^2*ufoGC76*
      ufoGC69
       - 1/8*g_(1,6_,nu10)*g_(2,nu16)*FT2(g6)*FT2*g_(2,p4)*cFT(nu13,XX,i2,
      iufo11)*cFT(g7,XX,iufo11,j11)*flavourTag(fmu,j11,j12)*Vec(nu10,q2)*Vec(
      nu16,q2)*Vec(nu9,-q2)*Vec(nu9,q2)*Vecr(nu13,p4)*Deng(p4,xiz,M4)*Deng(q2
       + q3,xiw,M3)^2*Deng(p4 + q2 + q3,xiw,M3)^2*xiw^2*ufoGC58^2*ufoGC76*
      ufoGC69
       - 1/8*g_(1,6_,nu10)*g_(2,nu16)*FT2(g6)*FT2*g_(2,p4)*cFT(nu13,XX,i2,
      iufo11)*cFT(g7,XX,iufo11,j11)*flavourTag(fmu,j11,j12)*Vec(nu10,q2)*Vec(
      nu16,q2)*Vec(nu9,-q2)*Vec(nu9,q3)*Vecr(nu13,p4)*Deng(p4,xiz,M4)*Deng(q2
       + q3,xiw,M3)^2*Deng(p4 + q2 + q3,xiw,M3)^2*xiw^2*ufoGC58^2*ufoGC76*
      ufoGC69
       - 1/8*g_(1,6_,nu10)*g_(2,nu16)*FT2(g6)*FT2*g_(2,p4)*cFT(nu13,XX,i2,
      iufo11)*cFT(g7,XX,iufo11,j11)*flavourTag(fmu,j11,j12)*Vec(nu10,q2)*Vec(
      nu16,q2)*Vec(nu9,-q3)*Vec(nu9,q2)*Vecr(nu13,p4)*Deng(p4,xiz,M4)*Deng(q2
       + q3,xiw,M3)^2*Deng(p4 + q2 + q3,xiw,M3)^2*xiw^2*ufoGC58^2*ufoGC76*
      ufoGC69
       - 1/8*g_(1,6_,nu10)*g_(2,nu16)*FT2(g6)*FT2*g_(2,p4)*cFT(nu13,XX,i2,
      iufo11)*cFT(g7,XX,iufo11,j11)*flavourTag(fmu,j11,j12)*Vec(nu10,q2)*Vec(
      nu16,q2)*Vec(nu9,-q3)*Vec(nu9,q3)*Vecr(nu13,p4)*Deng(p4,xiz,M4)*Deng(q2
       + q3,xiw,M3)^2*Deng(p4 + q2 + q3,xiw,M3)^2*xiw^2*ufoGC58^2*ufoGC76*
      ufoGC69
       - 1/8*g_(1,6_,nu10)*g_(2,nu16)*FT2(g6)*FT2*g_(2,p4)*cFT(nu13,XX,i2,
      iufo11)*cFT(g7,XX,iufo11,j11)*flavourTag(fmu,j11,j12)*Vec(nu10,q2)*Vec(
      nu16,q2)*Vec(nu14,q2)*Deng(p4,xiz,M4)*Deng(q2 + q3,xiw,M3)^2*Deng(p4 + 
      q2 + q3,xiw,M3)^2*p4.p4*xiw^2*ufoGC58^2*ufoGC76*ufoGC69
       - 1/8*g_(1,6_,nu10)*g_(2,nu16)*FT2(g6)*FT2*g_(2,p4)*cFT(nu13,XX,i2,
      iufo11)*cFT(g7,XX,iufo11,j11)*flavourTag(fmu,j11,j12)*Vec(nu10,q2)*Vec(
      nu16,q2)*Vec(nu14,q3)*Deng(p4,xiz,M4)*Deng(q2 + q3,xiw,M3)^2*Deng(p4 + 
      q2 + q3,xiw,M3)^2*p4.p4*xiw^2*ufoGC58^2*ufoGC76*ufoGC69
       - 1/8*g_(1,6_,nu10)*g_(2,nu16)*FT2(g6)*FT2*g_(2,p4)*cFT(nu13,XX,i2,
      iufo11)*cFT(g7,XX,iufo11,j11)*flavourTag(fmu,j11,j12)*Vec(nu10,q2)*Vec(
      nu16,q2)*Vecr(nu14,p4)*Deng(p4,xiz,M4)*Deng(q2 + q3,xiw,M3)^2*Deng(p4 + 
      q2 + q3,xiw,M3)^2*p4.p4*xiw^2*ufoGC58^2*ufoGC76*ufoGC69
       + 1/8*g_(1,6_,nu10)*g_(2,nu16)*FT2(g6)*FT2*g_(2,p4)*cFT(nu13,XX,i2,
      iufo11)*cFT(g7,XX,iufo11,j11)*flavourTag(fmu,j11,j12)*Vec(nu10,q2)*Vec(
      nu16,q3)*Vec(nu13,q2)*Vec(nu9,q2)*Vecr(nu9,p4)*Deng(p4,xiz,M4)*Deng(q2
       + q3,xiw,M3)^2*Deng(p4 + q2 + q3,xiw,M3)^2*xiw^2*ufoGC58^2*ufoGC76*
      ufoGC69
       + 1/8*g_(1,6_,nu10)*g_(2,nu16)*FT2(g6)*FT2*g_(2,p4)*cFT(nu13,XX,i2,
      iufo11)*cFT(g7,XX,iufo11,j11)*flavourTag(fmu,j11,j12)*Vec(nu10,q2)*Vec(
      nu16,q3)*Vec(nu13,q2)*Vec(nu9,q3)*Vecr(nu9,p4)*Deng(p4,xiz,M4)*Deng(q2
       + q3,xiw,M3)^2*Deng(p4 + q2 + q3,xiw,M3)^2*xiw^2*ufoGC58^2*ufoGC76*
      ufoGC69
       - 1/8*g_(1,6_,nu10)*g_(2,nu16)*FT2(g6)*FT2*g_(2,p4)*cFT(nu13,XX,i2,
      iufo11)*cFT(g7,XX,iufo11,j11)*flavourTag(fmu,j11,j12)*Vec(nu10,q2)*Vec(
      nu16,q3)*Vec(nu13,q2)*Vec(nu9,-p4)*Vec(nu9,q2)*Deng(p4,xiz,M4)*Deng(q2
       + q3,xiw,M3)^2*Deng(p4 + q2 + q3,xiw,M3)^2*xiw^2*ufoGC58^2*ufoGC76*
      ufoGC69
       - 1/8*g_(1,6_,nu10)*g_(2,nu16)*FT2(g6)*FT2*g_(2,p4)*cFT(nu13,XX,i2,
      iufo11)*cFT(g7,XX,iufo11,j11)*flavourTag(fmu,j11,j12)*Vec(nu10,q2)*Vec(
      nu16,q3)*Vec(nu13,q2)*Vec(nu9,-p4)*Vec(nu9,q3)*Deng(p4,xiz,M4)*Deng(q2
       + q3,xiw,M3)^2*Deng(p4 + q2 + q3,xiw,M3)^2*xiw^2*ufoGC58^2*ufoGC76*
      ufoGC69
       - 1/8*g_(1,6_,nu10)*g_(2,nu16)*FT2(g6)*FT2*g_(2,p4)*cFT(nu13,XX,i2,
      iufo11)*cFT(g7,XX,iufo11,j11)*flavourTag(fmu,j11,j12)*Vec(nu10,q2)*Vec(
      nu16,q3)*Vec(nu13,q2)*Vec(nu9,-q2)*Vec(nu9,q2)*Deng(p4,xiz,M4)*Deng(q2
       + q3,xiw,M3)^2*Deng(p4 + q2 + q3,xiw,M3)^2*xiw^2*ufoGC58^2*ufoGC76*
      ufoGC69
       - 1/8*g_(1,6_,nu10)*g_(2,nu16)*FT2(g6)*FT2*g_(2,p4)*cFT(nu13,XX,i2,
      iufo11)*cFT(g7,XX,iufo11,j11)*flavourTag(fmu,j11,j12)*Vec(nu10,q2)*Vec(
      nu16,q3)*Vec(nu13,q2)*Vec(nu9,-q2)*Vec(nu9,q3)*Deng(p4,xiz,M4)*Deng(q2
       + q3,xiw,M3)^2*Deng(p4 + q2 + q3,xiw,M3)^2*xiw^2*ufoGC58^2*ufoGC76*
      ufoGC69
       - 1/8*g_(1,6_,nu10)*g_(2,nu16)*FT2(g6)*FT2*g_(2,p4)*cFT(nu13,XX,i2,
      iufo11)*cFT(g7,XX,iufo11,j11)*flavourTag(fmu,j11,j12)*Vec(nu10,q2)*Vec(
      nu16,q3)*Vec(nu13,q2)*Vec(nu9,-q3)*Vec(nu9,q2)*Deng(p4,xiz,M4)*Deng(q2
       + q3,xiw,M3)^2*Deng(p4 + q2 + q3,xiw,M3)^2*xiw^2*ufoGC58^2*ufoGC76*
      ufoGC69
       - 1/8*g_(1,6_,nu10)*g_(2,nu16)*FT2(g6)*FT2*g_(2,p4)*cFT(nu13,XX,i2,
      iufo11)*cFT(g7,XX,iufo11,j11)*flavourTag(fmu,j11,j12)*Vec(nu10,q2)*Vec(
      nu16,q3)*Vec(nu13,q2)*Vec(nu9,-q3)*Vec(nu9,q3)*Deng(p4,xiz,M4)*Deng(q2
       + q3,xiw,M3)^2*Deng(p4 + q2 + q3,xiw,M3)^2*xiw^2*ufoGC58^2*ufoGC76*
      ufoGC69
       - 1/8*g_(1,6_,nu10)*g_(2,nu16)*FT2(g6)*FT2*g_(2,p4)*cFT(nu13,XX,i2,
      iufo11)*cFT(g7,XX,iufo11,j11)*flavourTag(fmu,j11,j12)*Vec(nu10,q2)*Vec(
      nu16,q3)*Vec(nu13,q2)*Vec(nu14,q2)*Vecr(nu14,p4)*Deng(p4,xiz,M4)*Deng(q2
       + q3,xiw,M3)^2*Deng(p4 + q2 + q3,xiw,M3)^2*xiw^2*ufoGC58^2*ufoGC76*
      ufoGC69
       - 1/8*g_(1,6_,nu10)*g_(2,nu16)*FT2(g6)*FT2*g_(2,p4)*cFT(nu13,XX,i2,
      iufo11)*cFT(g7,XX,iufo11,j11)*flavourTag(fmu,j11,j12)*Vec(nu10,q2)*Vec(
      nu16,q3)*Vec(nu13,q2)*Vec(nu14,q3)*Vecr(nu14,p4)*Deng(p4,xiz,M4)*Deng(q2
       + q3,xiw,M3)^2*Deng(p4 + q2 + q3,xiw,M3)^2*xiw^2*ufoGC58^2*ufoGC76*
      ufoGC69
       - 1/8*g_(1,6_,nu10)*g_(2,nu16)*FT2(g6)*FT2*g_(2,p4)*cFT(nu13,XX,i2,
      iufo11)*cFT(g7,XX,iufo11,j11)*flavourTag(fmu,j11,j12)*Vec(nu10,q2)*Vec(
      nu16,q3)*Vec(nu13,q2)*Deng(p4,xiz,M4)*Deng(q2 + q3,xiw,M3)^2*Deng(p4 + 
      q2 + q3,xiw,M3)^2*p4.p4*xiw^2*ufoGC58^2*ufoGC76*ufoGC69
       + 1/8*g_(1,6_,nu10)*g_(2,nu16)*FT2(g6)*FT2*g_(2,p4)*cFT(nu13,XX,i2,
      iufo11)*cFT(g7,XX,iufo11,j11)*flavourTag(fmu,j11,j12)*Vec(nu10,q2)*Vec(
      nu16,q3)*Vec(nu13,q3)*Vec(nu9,q2)*Vecr(nu9,p4)*Deng(p4,xiz,M4)*Deng(q2
       + q3,xiw,M3)^2*Deng(p4 + q2 + q3,xiw,M3)^2*xiw^2*ufoGC58^2*ufoGC76*
      ufoGC69
       + 1/8*g_(1,6_,nu10)*g_(2,nu16)*FT2(g6)*FT2*g_(2,p4)*cFT(nu13,XX,i2,
      iufo11)*cFT(g7,XX,iufo11,j11)*flavourTag(fmu,j11,j12)*Vec(nu10,q2)*Vec(
      nu16,q3)*Vec(nu13,q3)*Vec(nu9,q3)*Vecr(nu9,p4)*Deng(p4,xiz,M4)*Deng(q2
       + q3,xiw,M3)^2*Deng(p4 + q2 + q3,xiw,M3)^2*xiw^2*ufoGC58^2*ufoGC76*
      ufoGC69
       - 1/8*g_(1,6_,nu10)*g_(2,nu16)*FT2(g6)*FT2*g_(2,p4)*cFT(nu13,XX,i2,
      iufo11)*cFT(g7,XX,iufo11,j11)*flavourTag(fmu,j11,j12)*Vec(nu10,q2)*Vec(
      nu16,q3)*Vec(nu13,q3)*Vec(nu9,-p4)*Vec(nu9,q2)*Deng(p4,xiz,M4)*Deng(q2
       + q3,xiw,M3)^2*Deng(p4 + q2 + q3,xiw,M3)^2*xiw^2*ufoGC58^2*ufoGC76*
      ufoGC69
       - 1/8*g_(1,6_,nu10)*g_(2,nu16)*FT2(g6)*FT2*g_(2,p4)*cFT(nu13,XX,i2,
      iufo11)*cFT(g7,XX,iufo11,j11)*flavourTag(fmu,j11,j12)*Vec(nu10,q2)*Vec(
      nu16,q3)*Vec(nu13,q3)*Vec(nu9,-p4)*Vec(nu9,q3)*Deng(p4,xiz,M4)*Deng(q2
       + q3,xiw,M3)^2*Deng(p4 + q2 + q3,xiw,M3)^2*xiw^2*ufoGC58^2*ufoGC76*
      ufoGC69
       - 1/8*g_(1,6_,nu10)*g_(2,nu16)*FT2(g6)*FT2*g_(2,p4)*cFT(nu13,XX,i2,
      iufo11)*cFT(g7,XX,iufo11,j11)*flavourTag(fmu,j11,j12)*Vec(nu10,q2)*Vec(
      nu16,q3)*Vec(nu13,q3)*Vec(nu9,-q2)*Vec(nu9,q2)*Deng(p4,xiz,M4)*Deng(q2
       + q3,xiw,M3)^2*Deng(p4 + q2 + q3,xiw,M3)^2*xiw^2*ufoGC58^2*ufoGC76*
      ufoGC69
       - 1/8*g_(1,6_,nu10)*g_(2,nu16)*FT2(g6)*FT2*g_(2,p4)*cFT(nu13,XX,i2,
      iufo11)*cFT(g7,XX,iufo11,j11)*flavourTag(fmu,j11,j12)*Vec(nu10,q2)*Vec(
      nu16,q3)*Vec(nu13,q3)*Vec(nu9,-q2)*Vec(nu9,q3)*Deng(p4,xiz,M4)*Deng(q2
       + q3,xiw,M3)^2*Deng(p4 + q2 + q3,xiw,M3)^2*xiw^2*ufoGC58^2*ufoGC76*
      ufoGC69
       - 1/8*g_(1,6_,nu10)*g_(2,nu16)*FT2(g6)*FT2*g_(2,p4)*cFT(nu13,XX,i2,
      iufo11)*cFT(g7,XX,iufo11,j11)*flavourTag(fmu,j11,j12)*Vec(nu10,q2)*Vec(
      nu16,q3)*Vec(nu13,q3)*Vec(nu9,-q3)*Vec(nu9,q2)*Deng(p4,xiz,M4)*Deng(q2
       + q3,xiw,M3)^2*Deng(p4 + q2 + q3,xiw,M3)^2*xiw^2*ufoGC58^2*ufoGC76*
      ufoGC69
       - 1/8*g_(1,6_,nu10)*g_(2,nu16)*FT2(g6)*FT2*g_(2,p4)*cFT(nu13,XX,i2,
      iufo11)*cFT(g7,XX,iufo11,j11)*flavourTag(fmu,j11,j12)*Vec(nu10,q2)*Vec(
      nu16,q3)*Vec(nu13,q3)*Vec(nu9,-q3)*Vec(nu9,q3)*Deng(p4,xiz,M4)*Deng(q2
       + q3,xiw,M3)^2*Deng(p4 + q2 + q3,xiw,M3)^2*xiw^2*ufoGC58^2*ufoGC76*
      ufoGC69
       - 1/8*g_(1,6_,nu10)*g_(2,nu16)*FT2(g6)*FT2*g_(2,p4)*cFT(nu13,XX,i2,
      iufo11)*cFT(g7,XX,iufo11,j11)*flavourTag(fmu,j11,j12)*Vec(nu10,q2)*Vec(
      nu16,q3)*Vec(nu13,q3)*Vec(nu14,q2)*Vecr(nu14,p4)*Deng(p4,xiz,M4)*Deng(q2
       + q3,xiw,M3)^2*Deng(p4 + q2 + q3,xiw,M3)^2*xiw^2*ufoGC58^2*ufoGC76*
      ufoGC69
       - 1/8*g_(1,6_,nu10)*g_(2,nu16)*FT2(g6)*FT2*g_(2,p4)*cFT(nu13,XX,i2,
      iufo11)*cFT(g7,XX,iufo11,j11)*flavourTag(fmu,j11,j12)*Vec(nu10,q2)*Vec(
      nu16,q3)*Vec(nu13,q3)*Vec(nu14,q3)*Vecr(nu14,p4)*Deng(p4,xiz,M4)*Deng(q2
       + q3,xiw,M3)^2*Deng(p4 + q2 + q3,xiw,M3)^2*xiw^2*ufoGC58^2*ufoGC76*
      ufoGC69
       - 1/8*g_(1,6_,nu10)*g_(2,nu16)*FT2(g6)*FT2*g_(2,p4)*cFT(nu13,XX,i2,
      iufo11)*cFT(g7,XX,iufo11,j11)*flavourTag(fmu,j11,j12)*Vec(nu10,q2)*Vec(
      nu16,q3)*Vec(nu13,q3)*Deng(p4,xiz,M4)*Deng(q2 + q3,xiw,M3)^2*Deng(p4 + 
      q2 + q3,xiw,M3)^2*p4.p4*xiw^2*ufoGC58^2*ufoGC76*ufoGC69
       + 1/8*g_(1,6_,nu10)*g_(2,nu16)*FT2(g6)*FT2*g_(2,p4)*cFT(nu13,XX,i2,
      iufo11)*cFT(g7,XX,iufo11,j11)*flavourTag(fmu,j11,j12)*Vec(nu10,q2)*Vec(
      nu16,q3)*Vec(nu9,q2)*Deng(p4,xiz,M4)*Deng(q2 + q3,xiw,M3)^2*Deng(p4 + q2
       + q3,xiw,M3)^2*p4.p4*xiw^2*ufoGC58^2*ufoGC76*ufoGC69
       + 1/8*g_(1,6_,nu10)*g_(2,nu16)*FT2(g6)*FT2*g_(2,p4)*cFT(nu13,XX,i2,
      iufo11)*cFT(g7,XX,iufo11,j11)*flavourTag(fmu,j11,j12)*Vec(nu10,q2)*Vec(
      nu16,q3)*Vec(nu9,q3)*Deng(p4,xiz,M4)*Deng(q2 + q3,xiw,M3)^2*Deng(p4 + q2
       + q3,xiw,M3)^2*p4.p4*xiw^2*ufoGC58^2*ufoGC76*ufoGC69
       - 1/8*g_(1,6_,nu10)*g_(2,nu16)*FT2(g6)*FT2*g_(2,p4)*cFT(nu13,XX,i2,
      iufo11)*cFT(g7,XX,iufo11,j11)*flavourTag(fmu,j11,j12)*Vec(nu10,q2)*Vec(
      nu16,q3)*Vec(nu9,-p4)*Vec(nu9,q2)*Vecr(nu13,p4)*Deng(p4,xiz,M4)*Deng(q2
       + q3,xiw,M3)^2*Deng(p4 + q2 + q3,xiw,M3)^2*xiw^2*ufoGC58^2*ufoGC76*
      ufoGC69
       - 1/8*g_(1,6_,nu10)*g_(2,nu16)*FT2(g6)*FT2*g_(2,p4)*cFT(nu13,XX,i2,
      iufo11)*cFT(g7,XX,iufo11,j11)*flavourTag(fmu,j11,j12)*Vec(nu10,q2)*Vec(
      nu16,q3)*Vec(nu9,-p4)*Vec(nu9,q3)*Vecr(nu13,p4)*Deng(p4,xiz,M4)*Deng(q2
       + q3,xiw,M3)^2*Deng(p4 + q2 + q3,xiw,M3)^2*xiw^2*ufoGC58^2*ufoGC76*
      ufoGC69
       - 1/8*g_(1,6_,nu10)*g_(2,nu16)*FT2(g6)*FT2*g_(2,p4)*cFT(nu13,XX,i2,
      iufo11)*cFT(g7,XX,iufo11,j11)*flavourTag(fmu,j11,j12)*Vec(nu10,q2)*Vec(
      nu16,q3)*Vec(nu9,-q2)*Vec(nu9,q2)*Vecr(nu13,p4)*Deng(p4,xiz,M4)*Deng(q2
       + q3,xiw,M3)^2*Deng(p4 + q2 + q3,xiw,M3)^2*xiw^2*ufoGC58^2*ufoGC76*
      ufoGC69
       - 1/8*g_(1,6_,nu10)*g_(2,nu16)*FT2(g6)*FT2*g_(2,p4)*cFT(nu13,XX,i2,
      iufo11)*cFT(g7,XX,iufo11,j11)*flavourTag(fmu,j11,j12)*Vec(nu10,q2)*Vec(
      nu16,q3)*Vec(nu9,-q2)*Vec(nu9,q3)*Vecr(nu13,p4)*Deng(p4,xiz,M4)*Deng(q2
       + q3,xiw,M3)^2*Deng(p4 + q2 + q3,xiw,M3)^2*xiw^2*ufoGC58^2*ufoGC76*
      ufoGC69
       - 1/8*g_(1,6_,nu10)*g_(2,nu16)*FT2(g6)*FT2*g_(2,p4)*cFT(nu13,XX,i2,
      iufo11)*cFT(g7,XX,iufo11,j11)*flavourTag(fmu,j11,j12)*Vec(nu10,q2)*Vec(
      nu16,q3)*Vec(nu9,-q3)*Vec(nu9,q2)*Vecr(nu13,p4)*Deng(p4,xiz,M4)*Deng(q2
       + q3,xiw,M3)^2*Deng(p4 + q2 + q3,xiw,M3)^2*xiw^2*ufoGC58^2*ufoGC76*
      ufoGC69
       - 1/8*g_(1,6_,nu10)*g_(2,nu16)*FT2(g6)*FT2*g_(2,p4)*cFT(nu13,XX,i2,
      iufo11)*cFT(g7,XX,iufo11,j11)*flavourTag(fmu,j11,j12)*Vec(nu10,q2)*Vec(
      nu16,q3)*Vec(nu9,-q3)*Vec(nu9,q3)*Vecr(nu13,p4)*Deng(p4,xiz,M4)*Deng(q2
       + q3,xiw,M3)^2*Deng(p4 + q2 + q3,xiw,M3)^2*xiw^2*ufoGC58^2*ufoGC76*
      ufoGC69
       - 1/8*g_(1,6_,nu10)*g_(2,nu16)*FT2(g6)*FT2*g_(2,p4)*cFT(nu13,XX,i2,
      iufo11)*cFT(g7,XX,iufo11,j11)*flavourTag(fmu,j11,j12)*Vec(nu10,q2)*Vec(
      nu16,q3)*Vec(nu14,q2)*Deng(p4,xiz,M4)*Deng(q2 + q3,xiw,M3)^2*Deng(p4 + 
      q2 + q3,xiw,M3)^2*p4.p4*xiw^2*ufoGC58^2*ufoGC76*ufoGC69
       - 1/8*g_(1,6_,nu10)*g_(2,nu16)*FT2(g6)*FT2*g_(2,p4)*cFT(nu13,XX,i2,
      iufo11)*cFT(g7,XX,iufo11,j11)*flavourTag(fmu,j11,j12)*Vec(nu10,q2)*Vec(
      nu16,q3)*Vec(nu14,q3)*Deng(p4,xiz,M4)*Deng(q2 + q3,xiw,M3)^2*Deng(p4 + 
      q2 + q3,xiw,M3)^2*p4.p4*xiw^2*ufoGC58^2*ufoGC76*ufoGC69
       - 1/8*g_(1,6_,nu10)*g_(2,nu16)*FT2(g6)*FT2*g_(2,p4)*cFT(nu13,XX,i2,
      iufo11)*cFT(g7,XX,iufo11,j11)*flavourTag(fmu,j11,j12)*Vec(nu10,q2)*Vec(
      nu16,q3)*Vecr(nu14,p4)*Deng(p4,xiz,M4)*Deng(q2 + q3,xiw,M3)^2*Deng(p4 + 
      q2 + q3,xiw,M3)^2*p4.p4*xiw^2*ufoGC58^2*ufoGC76*ufoGC69
       + 1/8*g_(1,6_,nu10)*g_(2,nu16)*FT2(g6)*FT2*g_(2,p4)*cFT(nu13,XX,i2,
      iufo11)*cFT(g7,XX,iufo11,j11)*flavourTag(fmu,j11,j12)*Vec(nu10,q2)*Vec(
      nu16,-p4)*Vec(nu13,q2)*Vec(nu14,q2)^2*Deng(p4,xiz,M4)*Deng(q2 + q3,xiw,
      M3)^2*Deng(p4 + q2 + q3,xiw,M3)^2*xiw^2*ufoGC58^2*ufoGC76*ufoGC69
       + 1/4*g_(1,6_,nu10)*g_(2,nu16)*FT2(g6)*FT2*g_(2,p4)*cFT(nu13,XX,i2,
      iufo11)*cFT(g7,XX,iufo11,j11)*flavourTag(fmu,j11,j12)*Vec(nu10,q2)*Vec(
      nu16,-p4)*Vec(nu13,q2)*Vec(nu14,q2)*Vec(nu14,q3)*Deng(p4,xiz,M4)*Deng(q2
       + q3,xiw,M3)^2*Deng(p4 + q2 + q3,xiw,M3)^2*xiw^2*ufoGC58^2*ufoGC76*
      ufoGC69
       + 1/8*g_(1,6_,nu10)*g_(2,nu16)*FT2(g6)*FT2*g_(2,p4)*cFT(nu13,XX,i2,
      iufo11)*cFT(g7,XX,iufo11,j11)*flavourTag(fmu,j11,j12)*Vec(nu10,q2)*Vec(
      nu16,-p4)*Vec(nu13,q2)*Vec(nu14,q2)*Vecr(nu14,p4)*Deng(p4,xiz,M4)*Deng(
      q2 + q3,xiw,M3)^2*Deng(p4 + q2 + q3,xiw,M3)^2*xiw^2*ufoGC58^2*ufoGC76*
      ufoGC69
       + 1/8*g_(1,6_,nu10)*g_(2,nu16)*FT2(g6)*FT2*g_(2,p4)*cFT(nu13,XX,i2,
      iufo11)*cFT(g7,XX,iufo11,j11)*flavourTag(fmu,j11,j12)*Vec(nu10,q2)*Vec(
      nu16,-p4)*Vec(nu13,q2)*Vec(nu14,q3)^2*Deng(p4,xiz,M4)*Deng(q2 + q3,xiw,
      M3)^2*Deng(p4 + q2 + q3,xiw,M3)^2*xiw^2*ufoGC58^2*ufoGC76*ufoGC69
       + 1/8*g_(1,6_,nu10)*g_(2,nu16)*FT2(g6)*FT2*g_(2,p4)*cFT(nu13,XX,i2,
      iufo11)*cFT(g7,XX,iufo11,j11)*flavourTag(fmu,j11,j12)*Vec(nu10,q2)*Vec(
      nu16,-p4)*Vec(nu13,q2)*Vec(nu14,q3)*Vecr(nu14,p4)*Deng(p4,xiz,M4)*Deng(
      q2 + q3,xiw,M3)^2*Deng(p4 + q2 + q3,xiw,M3)^2*xiw^2*ufoGC58^2*ufoGC76*
      ufoGC69
       + 1/8*g_(1,6_,nu10)*g_(2,nu16)*FT2(g6)*FT2*g_(2,p4)*cFT(nu13,XX,i2,
      iufo11)*cFT(g7,XX,iufo11,j11)*flavourTag(fmu,j11,j12)*Vec(nu10,q2)*Vec(
      nu16,-p4)*Vec(nu13,q3)*Vec(nu14,q2)^2*Deng(p4,xiz,M4)*Deng(q2 + q3,xiw,
      M3)^2*Deng(p4 + q2 + q3,xiw,M3)^2*xiw^2*ufoGC58^2*ufoGC76*ufoGC69
       + 1/4*g_(1,6_,nu10)*g_(2,nu16)*FT2(g6)*FT2*g_(2,p4)*cFT(nu13,XX,i2,
      iufo11)*cFT(g7,XX,iufo11,j11)*flavourTag(fmu,j11,j12)*Vec(nu10,q2)*Vec(
      nu16,-p4)*Vec(nu13,q3)*Vec(nu14,q2)*Vec(nu14,q3)*Deng(p4,xiz,M4)*Deng(q2
       + q3,xiw,M3)^2*Deng(p4 + q2 + q3,xiw,M3)^2*xiw^2*ufoGC58^2*ufoGC76*
      ufoGC69
       + 1/8*g_(1,6_,nu10)*g_(2,nu16)*FT2(g6)*FT2*g_(2,p4)*cFT(nu13,XX,i2,
      iufo11)*cFT(g7,XX,iufo11,j11)*flavourTag(fmu,j11,j12)*Vec(nu10,q2)*Vec(
      nu16,-p4)*Vec(nu13,q3)*Vec(nu14,q2)*Vecr(nu14,p4)*Deng(p4,xiz,M4)*Deng(
      q2 + q3,xiw,M3)^2*Deng(p4 + q2 + q3,xiw,M3)^2*xiw^2*ufoGC58^2*ufoGC76*
      ufoGC69
       + 1/8*g_(1,6_,nu10)*g_(2,nu16)*FT2(g6)*FT2*g_(2,p4)*cFT(nu13,XX,i2,
      iufo11)*cFT(g7,XX,iufo11,j11)*flavourTag(fmu,j11,j12)*Vec(nu10,q2)*Vec(
      nu16,-p4)*Vec(nu13,q3)*Vec(nu14,q3)^2*Deng(p4,xiz,M4)*Deng(q2 + q3,xiw,
      M3)^2*Deng(p4 + q2 + q3,xiw,M3)^2*xiw^2*ufoGC58^2*ufoGC76*ufoGC69
       + 1/8*g_(1,6_,nu10)*g_(2,nu16)*FT2(g6)*FT2*g_(2,p4)*cFT(nu13,XX,i2,
      iufo11)*cFT(g7,XX,iufo11,j11)*flavourTag(fmu,j11,j12)*Vec(nu10,q2)*Vec(
      nu16,-p4)*Vec(nu13,q3)*Vec(nu14,q3)*Vecr(nu14,p4)*Deng(p4,xiz,M4)*Deng(
      q2 + q3,xiw,M3)^2*Deng(p4 + q2 + q3,xiw,M3)^2*xiw^2*ufoGC58^2*ufoGC76*
      ufoGC69
       + 1/8*g_(1,6_,nu10)*g_(2,nu16)*FT2(g6)*FT2*g_(2,p4)*cFT(nu13,XX,i2,
      iufo11)*cFT(g7,XX,iufo11,j11)*flavourTag(fmu,j11,j12)*Vec(nu10,q2)*Vec(
      nu16,-p4)*Vec(nu14,q2)^2*Vecr(nu13,p4)*Deng(p4,xiz,M4)*Deng(q2 + q3,xiw,
      M3)^2*Deng(p4 + q2 + q3,xiw,M3)^2*xiw^2*ufoGC58^2*ufoGC76*ufoGC69
       + 1/4*g_(1,6_,nu10)*g_(2,nu16)*FT2(g6)*FT2*g_(2,p4)*cFT(nu13,XX,i2,
      iufo11)*cFT(g7,XX,iufo11,j11)*flavourTag(fmu,j11,j12)*Vec(nu10,q2)*Vec(
      nu16,-p4)*Vec(nu14,q2)*Vec(nu14,q3)*Vecr(nu13,p4)*Deng(p4,xiz,M4)*Deng(
      q2 + q3,xiw,M3)^2*Deng(p4 + q2 + q3,xiw,M3)^2*xiw^2*ufoGC58^2*ufoGC76*
      ufoGC69
       + 1/8*g_(1,6_,nu10)*g_(2,nu16)*FT2(g6)*FT2*g_(2,p4)*cFT(nu13,XX,i2,
      iufo11)*cFT(g7,XX,iufo11,j11)*flavourTag(fmu,j11,j12)*Vec(nu10,q2)*Vec(
      nu16,-p4)*Vec(nu14,q2)*Deng(p4,xiz,M4)*Deng(q2 + q3,xiw,M3)^2*Deng(p4 + 
      q2 + q3,xiw,M3)^2*p4.p4*xiw^2*ufoGC58^2*ufoGC76*ufoGC69
       + 1/8*g_(1,6_,nu10)*g_(2,nu16)*FT2(g6)*FT2*g_(2,p4)*cFT(nu13,XX,i2,
      iufo11)*cFT(g7,XX,iufo11,j11)*flavourTag(fmu,j11,j12)*Vec(nu10,q2)*Vec(
      nu16,-p4)*Vec(nu14,q3)^2*Vecr(nu13,p4)*Deng(p4,xiz,M4)*Deng(q2 + q3,xiw,
      M3)^2*Deng(p4 + q2 + q3,xiw,M3)^2*xiw^2*ufoGC58^2*ufoGC76*ufoGC69
       + 1/8*g_(1,6_,nu10)*g_(2,nu16)*FT2(g6)*FT2*g_(2,p4)*cFT(nu13,XX,i2,
      iufo11)*cFT(g7,XX,iufo11,j11)*flavourTag(fmu,j11,j12)*Vec(nu10,q2)*Vec(
      nu16,-p4)*Vec(nu14,q3)*Deng(p4,xiz,M4)*Deng(q2 + q3,xiw,M3)^2*Deng(p4 + 
      q2 + q3,xiw,M3)^2*p4.p4*xiw^2*ufoGC58^2*ufoGC76*ufoGC69
       + 1/8*g_(1,6_,nu10)*g_(2,nu16)*FT2(g6)*FT2*g_(2,p4)*cFT(nu13,XX,i2,
      iufo11)*cFT(g7,XX,iufo11,j11)*flavourTag(fmu,j11,j12)*Vec(nu10,q2)*Vec(
      nu16,-q2)*Vec(nu13,q2)*Vec(nu14,q2)^2*Deng(p4,xiz,M4)*Deng(q2 + q3,xiw,
      M3)^2*Deng(p4 + q2 + q3,xiw,M3)^2*xiw^2*ufoGC58^2*ufoGC76*ufoGC69
       + 1/4*g_(1,6_,nu10)*g_(2,nu16)*FT2(g6)*FT2*g_(2,p4)*cFT(nu13,XX,i2,
      iufo11)*cFT(g7,XX,iufo11,j11)*flavourTag(fmu,j11,j12)*Vec(nu10,q2)*Vec(
      nu16,-q2)*Vec(nu13,q2)*Vec(nu14,q2)*Vec(nu14,q3)*Deng(p4,xiz,M4)*Deng(q2
       + q3,xiw,M3)^2*Deng(p4 + q2 + q3,xiw,M3)^2*xiw^2*ufoGC58^2*ufoGC76*
      ufoGC69
       + 1/8*g_(1,6_,nu10)*g_(2,nu16)*FT2(g6)*FT2*g_(2,p4)*cFT(nu13,XX,i2,
      iufo11)*cFT(g7,XX,iufo11,j11)*flavourTag(fmu,j11,j12)*Vec(nu10,q2)*Vec(
      nu16,-q2)*Vec(nu13,q2)*Vec(nu14,q2)*Vecr(nu14,p4)*Deng(p4,xiz,M4)*Deng(
      q2 + q3,xiw,M3)^2*Deng(p4 + q2 + q3,xiw,M3)^2*xiw^2*ufoGC58^2*ufoGC76*
      ufoGC69
       + 1/8*g_(1,6_,nu10)*g_(2,nu16)*FT2(g6)*FT2*g_(2,p4)*cFT(nu13,XX,i2,
      iufo11)*cFT(g7,XX,iufo11,j11)*flavourTag(fmu,j11,j12)*Vec(nu10,q2)*Vec(
      nu16,-q2)*Vec(nu13,q2)*Vec(nu14,q3)^2*Deng(p4,xiz,M4)*Deng(q2 + q3,xiw,
      M3)^2*Deng(p4 + q2 + q3,xiw,M3)^2*xiw^2*ufoGC58^2*ufoGC76*ufoGC69
       + 1/8*g_(1,6_,nu10)*g_(2,nu16)*FT2(g6)*FT2*g_(2,p4)*cFT(nu13,XX,i2,
      iufo11)*cFT(g7,XX,iufo11,j11)*flavourTag(fmu,j11,j12)*Vec(nu10,q2)*Vec(
      nu16,-q2)*Vec(nu13,q2)*Vec(nu14,q3)*Vecr(nu14,p4)*Deng(p4,xiz,M4)*Deng(
      q2 + q3,xiw,M3)^2*Deng(p4 + q2 + q3,xiw,M3)^2*xiw^2*ufoGC58^2*ufoGC76*
      ufoGC69
       + 1/8*g_(1,6_,nu10)*g_(2,nu16)*FT2(g6)*FT2*g_(2,p4)*cFT(nu13,XX,i2,
      iufo11)*cFT(g7,XX,iufo11,j11)*flavourTag(fmu,j11,j12)*Vec(nu10,q2)*Vec(
      nu16,-q2)*Vec(nu13,q3)*Vec(nu14,q2)^2*Deng(p4,xiz,M4)*Deng(q2 + q3,xiw,
      M3)^2*Deng(p4 + q2 + q3,xiw,M3)^2*xiw^2*ufoGC58^2*ufoGC76*ufoGC69
       + 1/4*g_(1,6_,nu10)*g_(2,nu16)*FT2(g6)*FT2*g_(2,p4)*cFT(nu13,XX,i2,
      iufo11)*cFT(g7,XX,iufo11,j11)*flavourTag(fmu,j11,j12)*Vec(nu10,q2)*Vec(
      nu16,-q2)*Vec(nu13,q3)*Vec(nu14,q2)*Vec(nu14,q3)*Deng(p4,xiz,M4)*Deng(q2
       + q3,xiw,M3)^2*Deng(p4 + q2 + q3,xiw,M3)^2*xiw^2*ufoGC58^2*ufoGC76*
      ufoGC69
       + 1/8*g_(1,6_,nu10)*g_(2,nu16)*FT2(g6)*FT2*g_(2,p4)*cFT(nu13,XX,i2,
      iufo11)*cFT(g7,XX,iufo11,j11)*flavourTag(fmu,j11,j12)*Vec(nu10,q2)*Vec(
      nu16,-q2)*Vec(nu13,q3)*Vec(nu14,q2)*Vecr(nu14,p4)*Deng(p4,xiz,M4)*Deng(
      q2 + q3,xiw,M3)^2*Deng(p4 + q2 + q3,xiw,M3)^2*xiw^2*ufoGC58^2*ufoGC76*
      ufoGC69
       + 1/8*g_(1,6_,nu10)*g_(2,nu16)*FT2(g6)*FT2*g_(2,p4)*cFT(nu13,XX,i2,
      iufo11)*cFT(g7,XX,iufo11,j11)*flavourTag(fmu,j11,j12)*Vec(nu10,q2)*Vec(
      nu16,-q2)*Vec(nu13,q3)*Vec(nu14,q3)^2*Deng(p4,xiz,M4)*Deng(q2 + q3,xiw,
      M3)^2*Deng(p4 + q2 + q3,xiw,M3)^2*xiw^2*ufoGC58^2*ufoGC76*ufoGC69
       + 1/8*g_(1,6_,nu10)*g_(2,nu16)*FT2(g6)*FT2*g_(2,p4)*cFT(nu13,XX,i2,
      iufo11)*cFT(g7,XX,iufo11,j11)*flavourTag(fmu,j11,j12)*Vec(nu10,q2)*Vec(
      nu16,-q2)*Vec(nu13,q3)*Vec(nu14,q3)*Vecr(nu14,p4)*Deng(p4,xiz,M4)*Deng(
      q2 + q3,xiw,M3)^2*Deng(p4 + q2 + q3,xiw,M3)^2*xiw^2*ufoGC58^2*ufoGC76*
      ufoGC69
       + 1/8*g_(1,6_,nu10)*g_(2,nu16)*FT2(g6)*FT2*g_(2,p4)*cFT(nu13,XX,i2,
      iufo11)*cFT(g7,XX,iufo11,j11)*flavourTag(fmu,j11,j12)*Vec(nu10,q2)*Vec(
      nu16,-q2)*Vec(nu14,q2)^2*Vecr(nu13,p4)*Deng(p4,xiz,M4)*Deng(q2 + q3,xiw,
      M3)^2*Deng(p4 + q2 + q3,xiw,M3)^2*xiw^2*ufoGC58^2*ufoGC76*ufoGC69
       + 1/4*g_(1,6_,nu10)*g_(2,nu16)*FT2(g6)*FT2*g_(2,p4)*cFT(nu13,XX,i2,
      iufo11)*cFT(g7,XX,iufo11,j11)*flavourTag(fmu,j11,j12)*Vec(nu10,q2)*Vec(
      nu16,-q2)*Vec(nu14,q2)*Vec(nu14,q3)*Vecr(nu13,p4)*Deng(p4,xiz,M4)*Deng(
      q2 + q3,xiw,M3)^2*Deng(p4 + q2 + q3,xiw,M3)^2*xiw^2*ufoGC58^2*ufoGC76*
      ufoGC69
       + 1/8*g_(1,6_,nu10)*g_(2,nu16)*FT2(g6)*FT2*g_(2,p4)*cFT(nu13,XX,i2,
      iufo11)*cFT(g7,XX,iufo11,j11)*flavourTag(fmu,j11,j12)*Vec(nu10,q2)*Vec(
      nu16,-q2)*Vec(nu14,q2)*Deng(p4,xiz,M4)*Deng(q2 + q3,xiw,M3)^2*Deng(p4 + 
      q2 + q3,xiw,M3)^2*p4.p4*xiw^2*ufoGC58^2*ufoGC76*ufoGC69
       + 1/8*g_(1,6_,nu10)*g_(2,nu16)*FT2(g6)*FT2*g_(2,p4)*cFT(nu13,XX,i2,
      iufo11)*cFT(g7,XX,iufo11,j11)*flavourTag(fmu,j11,j12)*Vec(nu10,q2)*Vec(
      nu16,-q2)*Vec(nu14,q3)^2*Vecr(nu13,p4)*Deng(p4,xiz,M4)*Deng(q2 + q3,xiw,
      M3)^2*Deng(p4 + q2 + q3,xiw,M3)^2*xiw^2*ufoGC58^2*ufoGC76*ufoGC69
       + 1/8*g_(1,6_,nu10)*g_(2,nu16)*FT2(g6)*FT2*g_(2,p4)*cFT(nu13,XX,i2,
      iufo11)*cFT(g7,XX,iufo11,j11)*flavourTag(fmu,j11,j12)*Vec(nu10,q2)*Vec(
      nu16,-q2)*Vec(nu14,q3)*Deng(p4,xiz,M4)*Deng(q2 + q3,xiw,M3)^2*Deng(p4 + 
      q2 + q3,xiw,M3)^2*p4.p4*xiw^2*ufoGC58^2*ufoGC76*ufoGC69
       + 1/8*g_(1,6_,nu10)*g_(2,nu16)*FT2(g6)*FT2*g_(2,p4)*cFT(nu13,XX,i2,
      iufo11)*cFT(g7,XX,iufo11,j11)*flavourTag(fmu,j11,j12)*Vec(nu10,q2)*Vec(
      nu16,-q3)*Vec(nu13,q2)*Vec(nu14,q2)^2*Deng(p4,xiz,M4)*Deng(q2 + q3,xiw,
      M3)^2*Deng(p4 + q2 + q3,xiw,M3)^2*xiw^2*ufoGC58^2*ufoGC76*ufoGC69
       + 1/4*g_(1,6_,nu10)*g_(2,nu16)*FT2(g6)*FT2*g_(2,p4)*cFT(nu13,XX,i2,
      iufo11)*cFT(g7,XX,iufo11,j11)*flavourTag(fmu,j11,j12)*Vec(nu10,q2)*Vec(
      nu16,-q3)*Vec(nu13,q2)*Vec(nu14,q2)*Vec(nu14,q3)*Deng(p4,xiz,M4)*Deng(q2
       + q3,xiw,M3)^2*Deng(p4 + q2 + q3,xiw,M3)^2*xiw^2*ufoGC58^2*ufoGC76*
      ufoGC69
       + 1/8*g_(1,6_,nu10)*g_(2,nu16)*FT2(g6)*FT2*g_(2,p4)*cFT(nu13,XX,i2,
      iufo11)*cFT(g7,XX,iufo11,j11)*flavourTag(fmu,j11,j12)*Vec(nu10,q2)*Vec(
      nu16,-q3)*Vec(nu13,q2)*Vec(nu14,q2)*Vecr(nu14,p4)*Deng(p4,xiz,M4)*Deng(
      q2 + q3,xiw,M3)^2*Deng(p4 + q2 + q3,xiw,M3)^2*xiw^2*ufoGC58^2*ufoGC76*
      ufoGC69
       + 1/8*g_(1,6_,nu10)*g_(2,nu16)*FT2(g6)*FT2*g_(2,p4)*cFT(nu13,XX,i2,
      iufo11)*cFT(g7,XX,iufo11,j11)*flavourTag(fmu,j11,j12)*Vec(nu10,q2)*Vec(
      nu16,-q3)*Vec(nu13,q2)*Vec(nu14,q3)^2*Deng(p4,xiz,M4)*Deng(q2 + q3,xiw,
      M3)^2*Deng(p4 + q2 + q3,xiw,M3)^2*xiw^2*ufoGC58^2*ufoGC76*ufoGC69
       + 1/8*g_(1,6_,nu10)*g_(2,nu16)*FT2(g6)*FT2*g_(2,p4)*cFT(nu13,XX,i2,
      iufo11)*cFT(g7,XX,iufo11,j11)*flavourTag(fmu,j11,j12)*Vec(nu10,q2)*Vec(
      nu16,-q3)*Vec(nu13,q2)*Vec(nu14,q3)*Vecr(nu14,p4)*Deng(p4,xiz,M4)*Deng(
      q2 + q3,xiw,M3)^2*Deng(p4 + q2 + q3,xiw,M3)^2*xiw^2*ufoGC58^2*ufoGC76*
      ufoGC69
       + 1/8*g_(1,6_,nu10)*g_(2,nu16)*FT2(g6)*FT2*g_(2,p4)*cFT(nu13,XX,i2,
      iufo11)*cFT(g7,XX,iufo11,j11)*flavourTag(fmu,j11,j12)*Vec(nu10,q2)*Vec(
      nu16,-q3)*Vec(nu13,q3)*Vec(nu14,q2)^2*Deng(p4,xiz,M4)*Deng(q2 + q3,xiw,
      M3)^2*Deng(p4 + q2 + q3,xiw,M3)^2*xiw^2*ufoGC58^2*ufoGC76*ufoGC69
       + 1/4*g_(1,6_,nu10)*g_(2,nu16)*FT2(g6)*FT2*g_(2,p4)*cFT(nu13,XX,i2,
      iufo11)*cFT(g7,XX,iufo11,j11)*flavourTag(fmu,j11,j12)*Vec(nu10,q2)*Vec(
      nu16,-q3)*Vec(nu13,q3)*Vec(nu14,q2)*Vec(nu14,q3)*Deng(p4,xiz,M4)*Deng(q2
       + q3,xiw,M3)^2*Deng(p4 + q2 + q3,xiw,M3)^2*xiw^2*ufoGC58^2*ufoGC76*
      ufoGC69
       + 1/8*g_(1,6_,nu10)*g_(2,nu16)*FT2(g6)*FT2*g_(2,p4)*cFT(nu13,XX,i2,
      iufo11)*cFT(g7,XX,iufo11,j11)*flavourTag(fmu,j11,j12)*Vec(nu10,q2)*Vec(
      nu16,-q3)*Vec(nu13,q3)*Vec(nu14,q2)*Vecr(nu14,p4)*Deng(p4,xiz,M4)*Deng(
      q2 + q3,xiw,M3)^2*Deng(p4 + q2 + q3,xiw,M3)^2*xiw^2*ufoGC58^2*ufoGC76*
      ufoGC69
       + 1/8*g_(1,6_,nu10)*g_(2,nu16)*FT2(g6)*FT2*g_(2,p4)*cFT(nu13,XX,i2,
      iufo11)*cFT(g7,XX,iufo11,j11)*flavourTag(fmu,j11,j12)*Vec(nu10,q2)*Vec(
      nu16,-q3)*Vec(nu13,q3)*Vec(nu14,q3)^2*Deng(p4,xiz,M4)*Deng(q2 + q3,xiw,
      M3)^2*Deng(p4 + q2 + q3,xiw,M3)^2*xiw^2*ufoGC58^2*ufoGC76*ufoGC69
       + 1/8*g_(1,6_,nu10)*g_(2,nu16)*FT2(g6)*FT2*g_(2,p4)*cFT(nu13,XX,i2,
      iufo11)*cFT(g7,XX,iufo11,j11)*flavourTag(fmu,j11,j12)*Vec(nu10,q2)*Vec(
      nu16,-q3)*Vec(nu13,q3)*Vec(nu14,q3)*Vecr(nu14,p4)*Deng(p4,xiz,M4)*Deng(
      q2 + q3,xiw,M3)^2*Deng(p4 + q2 + q3,xiw,M3)^2*xiw^2*ufoGC58^2*ufoGC76*
      ufoGC69
       + 1/8*g_(1,6_,nu10)*g_(2,nu16)*FT2(g6)*FT2*g_(2,p4)*cFT(nu13,XX,i2,
      iufo11)*cFT(g7,XX,iufo11,j11)*flavourTag(fmu,j11,j12)*Vec(nu10,q2)*Vec(
      nu16,-q3)*Vec(nu14,q2)^2*Vecr(nu13,p4)*Deng(p4,xiz,M4)*Deng(q2 + q3,xiw,
      M3)^2*Deng(p4 + q2 + q3,xiw,M3)^2*xiw^2*ufoGC58^2*ufoGC76*ufoGC69
       + 1/4*g_(1,6_,nu10)*g_(2,nu16)*FT2(g6)*FT2*g_(2,p4)*cFT(nu13,XX,i2,
      iufo11)*cFT(g7,XX,iufo11,j11)*flavourTag(fmu,j11,j12)*Vec(nu10,q2)*Vec(
      nu16,-q3)*Vec(nu14,q2)*Vec(nu14,q3)*Vecr(nu13,p4)*Deng(p4,xiz,M4)*Deng(
      q2 + q3,xiw,M3)^2*Deng(p4 + q2 + q3,xiw,M3)^2*xiw^2*ufoGC58^2*ufoGC76*
      ufoGC69
       + 1/8*g_(1,6_,nu10)*g_(2,nu16)*FT2(g6)*FT2*g_(2,p4)*cFT(nu13,XX,i2,
      iufo11)*cFT(g7,XX,iufo11,j11)*flavourTag(fmu,j11,j12)*Vec(nu10,q2)*Vec(
      nu16,-q3)*Vec(nu14,q2)*Deng(p4,xiz,M4)*Deng(q2 + q3,xiw,M3)^2*Deng(p4 + 
      q2 + q3,xiw,M3)^2*p4.p4*xiw^2*ufoGC58^2*ufoGC76*ufoGC69
       + 1/8*g_(1,6_,nu10)*g_(2,nu16)*FT2(g6)*FT2*g_(2,p4)*cFT(nu13,XX,i2,
      iufo11)*cFT(g7,XX,iufo11,j11)*flavourTag(fmu,j11,j12)*Vec(nu10,q2)*Vec(
      nu16,-q3)*Vec(nu14,q3)^2*Vecr(nu13,p4)*Deng(p4,xiz,M4)*Deng(q2 + q3,xiw,
      M3)^2*Deng(p4 + q2 + q3,xiw,M3)^2*xiw^2*ufoGC58^2*ufoGC76*ufoGC69
       + 1/8*g_(1,6_,nu10)*g_(2,nu16)*FT2(g6)*FT2*g_(2,p4)*cFT(nu13,XX,i2,
      iufo11)*cFT(g7,XX,iufo11,j11)*flavourTag(fmu,j11,j12)*Vec(nu10,q2)*Vec(
      nu16,-q3)*Vec(nu14,q3)*Deng(p4,xiz,M4)*Deng(q2 + q3,xiw,M3)^2*Deng(p4 + 
      q2 + q3,xiw,M3)^2*p4.p4*xiw^2*ufoGC58^2*ufoGC76*ufoGC69
       - 1/8*g_(1,6_,nu10)*g_(2,nu16)*FT2(g6)*FT2*g_(2,p4)*cFT(nu13,XX,i2,
      iufo11)*cFT(g7,XX,iufo11,j11)*flavourTag(fmu,j11,j12)*Vec(nu10,q2)*Vec(
      nu13,q2)*Vec(nu9,q2)*Vec(nu15,q2)*Vecr(nu15,p4)*Deng(p4,xiz,M4)^2*Deng(
      q2 + q3,xiw,M3)^2*Deng(p4 + q2 + q3,xiw,M3)^2*p4.p4*xiw^2*ufoGC58^2*
      ufoGC76*ufoGC69
       - 1/8*g_(1,6_,nu10)*g_(2,nu16)*FT2(g6)*FT2*g_(2,p4)*cFT(nu13,XX,i2,
      iufo11)*cFT(g7,XX,iufo11,j11)*flavourTag(fmu,j11,j12)*Vec(nu10,q2)*Vec(
      nu13,q2)*Vec(nu9,q2)*Vec(nu15,q3)*Vecr(nu15,p4)*Deng(p4,xiz,M4)^2*Deng(
      q2 + q3,xiw,M3)^2*Deng(p4 + q2 + q3,xiw,M3)^2*p4.p4*xiw^2*ufoGC58^2*
      ufoGC76*ufoGC69
       + 1/8*g_(1,6_,nu10)*g_(2,nu16)*FT2(g6)*FT2*g_(2,p4)*cFT(nu13,XX,i2,
      iufo11)*cFT(g7,XX,iufo11,j11)*flavourTag(fmu,j11,j12)*Vec(nu10,q2)*Vec(
      nu13,q2)*Vec(nu9,q2)*Deng(p4,xiz,M4)*Deng(q2 + q3,xiw,M3)^2*Deng(p4 + q2
       + q3,xiw,M3)^2*p4.p4*xiw^2*ufoGC58^2*ufoGC76*ufoGC69
       - 1/8*g_(1,6_,nu10)*g_(2,nu16)*FT2(g6)*FT2*g_(2,p4)*cFT(nu13,XX,i2,
      iufo11)*cFT(g7,XX,iufo11,j11)*flavourTag(fmu,j11,j12)*Vec(nu10,q2)*Vec(
      nu13,q2)*Vec(nu9,q2)*Deng(p4,xiz,M4)^2*Deng(q2 + q3,xiw,M3)^2*Deng(p4 + 
      q2 + q3,xiw,M3)^2*p4.p4^2*xiw^2*ufoGC58^2*ufoGC76*ufoGC69
       - 1/8*g_(1,6_,nu10)*g_(2,nu16)*FT2(g6)*FT2*g_(2,p4)*cFT(nu13,XX,i2,
      iufo11)*cFT(g7,XX,iufo11,j11)*flavourTag(fmu,j11,j12)*Vec(nu10,q2)*Vec(
      nu13,q2)*Vec(nu9,q3)*Vec(nu15,q2)*Vecr(nu15,p4)*Deng(p4,xiz,M4)^2*Deng(
      q2 + q3,xiw,M3)^2*Deng(p4 + q2 + q3,xiw,M3)^2*p4.p4*xiw^2*ufoGC58^2*
      ufoGC76*ufoGC69
       - 1/8*g_(1,6_,nu10)*g_(2,nu16)*FT2(g6)*FT2*g_(2,p4)*cFT(nu13,XX,i2,
      iufo11)*cFT(g7,XX,iufo11,j11)*flavourTag(fmu,j11,j12)*Vec(nu10,q2)*Vec(
      nu13,q2)*Vec(nu9,q3)*Vec(nu15,q3)*Vecr(nu15,p4)*Deng(p4,xiz,M4)^2*Deng(
      q2 + q3,xiw,M3)^2*Deng(p4 + q2 + q3,xiw,M3)^2*p4.p4*xiw^2*ufoGC58^2*
      ufoGC76*ufoGC69
       + 1/8*g_(1,6_,nu10)*g_(2,nu16)*FT2(g6)*FT2*g_(2,p4)*cFT(nu13,XX,i2,
      iufo11)*cFT(g7,XX,iufo11,j11)*flavourTag(fmu,j11,j12)*Vec(nu10,q2)*Vec(
      nu13,q2)*Vec(nu9,q3)*Deng(p4,xiz,M4)*Deng(q2 + q3,xiw,M3)^2*Deng(p4 + q2
       + q3,xiw,M3)^2*p4.p4*xiw^2*ufoGC58^2*ufoGC76*ufoGC69
       - 1/8*g_(1,6_,nu10)*g_(2,nu16)*FT2(g6)*FT2*g_(2,p4)*cFT(nu13,XX,i2,
      iufo11)*cFT(g7,XX,iufo11,j11)*flavourTag(fmu,j11,j12)*Vec(nu10,q2)*Vec(
      nu13,q2)*Vec(nu9,q3)*Deng(p4,xiz,M4)^2*Deng(q2 + q3,xiw,M3)^2*Deng(p4 + 
      q2 + q3,xiw,M3)^2*p4.p4^2*xiw^2*ufoGC58^2*ufoGC76*ufoGC69
       + 1/8*g_(1,6_,nu10)*g_(2,nu16)*FT2(g6)*FT2*g_(2,p4)*cFT(nu13,XX,i2,
      iufo11)*cFT(g7,XX,iufo11,j11)*flavourTag(fmu,j11,j12)*Vec(nu10,q2)*Vec(
      nu13,q2)*Vec(nu9,-p4)*Vec(nu9,q2)*Vec(nu15,q2)*Deng(p4,xiz,M4)^2*Deng(q2
       + q3,xiw,M3)^2*Deng(p4 + q2 + q3,xiw,M3)^2*p4.p4*xiw^2*ufoGC58^2*
      ufoGC76*ufoGC69
       + 1/8*g_(1,6_,nu10)*g_(2,nu16)*FT2(g6)*FT2*g_(2,p4)*cFT(nu13,XX,i2,
      iufo11)*cFT(g7,XX,iufo11,j11)*flavourTag(fmu,j11,j12)*Vec(nu10,q2)*Vec(
      nu13,q2)*Vec(nu9,-p4)*Vec(nu9,q2)*Vec(nu15,q3)*Deng(p4,xiz,M4)^2*Deng(q2
       + q3,xiw,M3)^2*Deng(p4 + q2 + q3,xiw,M3)^2*p4.p4*xiw^2*ufoGC58^2*
      ufoGC76*ufoGC69
       - 1/8*g_(1,6_,nu10)*g_(2,nu16)*FT2(g6)*FT2*g_(2,p4)*cFT(nu13,XX,i2,
      iufo11)*cFT(g7,XX,iufo11,j11)*flavourTag(fmu,j11,j12)*Vec(nu10,q2)*Vec(
      nu13,q2)*Vec(nu9,-p4)*Vec(nu9,q2)*Vecr(nu16,p4)*Deng(p4,xiz,M4)*Deng(q2
       + q3,xiw,M3)^2*Deng(p4 + q2 + q3,xiw,M3)^2*xiw^2*ufoGC58^2*ufoGC76*
      ufoGC69
       + 1/8*g_(1,6_,nu10)*g_(2,nu16)*FT2(g6)*FT2*g_(2,p4)*cFT(nu13,XX,i2,
      iufo11)*cFT(g7,XX,iufo11,j11)*flavourTag(fmu,j11,j12)*Vec(nu10,q2)*Vec(
      nu13,q2)*Vec(nu9,-p4)*Vec(nu9,q2)*Vecr(nu15,p4)*Deng(p4,xiz,M4)^2*Deng(
      q2 + q3,xiw,M3)^2*Deng(p4 + q2 + q3,xiw,M3)^2*p4.p4*xiw^2*ufoGC58^2*
      ufoGC76*ufoGC69
       + 1/8*g_(1,6_,nu10)*g_(2,nu16)*FT2(g6)*FT2*g_(2,p4)*cFT(nu13,XX,i2,
      iufo11)*cFT(g7,XX,iufo11,j11)*flavourTag(fmu,j11,j12)*Vec(nu10,q2)*Vec(
      nu13,q2)*Vec(nu9,-p4)*Vec(nu9,q3)*Vec(nu15,q2)*Deng(p4,xiz,M4)^2*Deng(q2
       + q3,xiw,M3)^2*Deng(p4 + q2 + q3,xiw,M3)^2*p4.p4*xiw^2*ufoGC58^2*
      ufoGC76*ufoGC69
       + 1/8*g_(1,6_,nu10)*g_(2,nu16)*FT2(g6)*FT2*g_(2,p4)*cFT(nu13,XX,i2,
      iufo11)*cFT(g7,XX,iufo11,j11)*flavourTag(fmu,j11,j12)*Vec(nu10,q2)*Vec(
      nu13,q2)*Vec(nu9,-p4)*Vec(nu9,q3)*Vec(nu15,q3)*Deng(p4,xiz,M4)^2*Deng(q2
       + q3,xiw,M3)^2*Deng(p4 + q2 + q3,xiw,M3)^2*p4.p4*xiw^2*ufoGC58^2*
      ufoGC76*ufoGC69
       - 1/8*g_(1,6_,nu10)*g_(2,nu16)*FT2(g6)*FT2*g_(2,p4)*cFT(nu13,XX,i2,
      iufo11)*cFT(g7,XX,iufo11,j11)*flavourTag(fmu,j11,j12)*Vec(nu10,q2)*Vec(
      nu13,q2)*Vec(nu9,-p4)*Vec(nu9,q3)*Vecr(nu16,p4)*Deng(p4,xiz,M4)*Deng(q2
       + q3,xiw,M3)^2*Deng(p4 + q2 + q3,xiw,M3)^2*xiw^2*ufoGC58^2*ufoGC76*
      ufoGC69
       + 1/8*g_(1,6_,nu10)*g_(2,nu16)*FT2(g6)*FT2*g_(2,p4)*cFT(nu13,XX,i2,
      iufo11)*cFT(g7,XX,iufo11,j11)*flavourTag(fmu,j11,j12)*Vec(nu10,q2)*Vec(
      nu13,q2)*Vec(nu9,-p4)*Vec(nu9,q3)*Vecr(nu15,p4)*Deng(p4,xiz,M4)^2*Deng(
      q2 + q3,xiw,M3)^2*Deng(p4 + q2 + q3,xiw,M3)^2*p4.p4*xiw^2*ufoGC58^2*
      ufoGC76*ufoGC69
       + 1/8*g_(1,6_,nu10)*g_(2,nu16)*FT2(g6)*FT2*g_(2,p4)*cFT(nu13,XX,i2,
      iufo11)*cFT(g7,XX,iufo11,j11)*flavourTag(fmu,j11,j12)*Vec(nu10,q2)*Vec(
      nu13,q2)*Vec(nu9,-q2)*Vec(nu9,q2)*Vec(nu15,q2)*Deng(p4,xiz,M4)^2*Deng(q2
       + q3,xiw,M3)^2*Deng(p4 + q2 + q3,xiw,M3)^2*p4.p4*xiw^2*ufoGC58^2*
      ufoGC76*ufoGC69
       + 1/8*g_(1,6_,nu10)*g_(2,nu16)*FT2(g6)*FT2*g_(2,p4)*cFT(nu13,XX,i2,
      iufo11)*cFT(g7,XX,iufo11,j11)*flavourTag(fmu,j11,j12)*Vec(nu10,q2)*Vec(
      nu13,q2)*Vec(nu9,-q2)*Vec(nu9,q2)*Vec(nu15,q3)*Deng(p4,xiz,M4)^2*Deng(q2
       + q3,xiw,M3)^2*Deng(p4 + q2 + q3,xiw,M3)^2*p4.p4*xiw^2*ufoGC58^2*
      ufoGC76*ufoGC69
       - 1/8*g_(1,6_,nu10)*g_(2,nu16)*FT2(g6)*FT2*g_(2,p4)*cFT(nu13,XX,i2,
      iufo11)*cFT(g7,XX,iufo11,j11)*flavourTag(fmu,j11,j12)*Vec(nu10,q2)*Vec(
      nu13,q2)*Vec(nu9,-q2)*Vec(nu9,q2)*Vecr(nu16,p4)*Deng(p4,xiz,M4)*Deng(q2
       + q3,xiw,M3)^2*Deng(p4 + q2 + q3,xiw,M3)^2*xiw^2*ufoGC58^2*ufoGC76*
      ufoGC69
       + 1/8*g_(1,6_,nu10)*g_(2,nu16)*FT2(g6)*FT2*g_(2,p4)*cFT(nu13,XX,i2,
      iufo11)*cFT(g7,XX,iufo11,j11)*flavourTag(fmu,j11,j12)*Vec(nu10,q2)*Vec(
      nu13,q2)*Vec(nu9,-q2)*Vec(nu9,q2)*Vecr(nu15,p4)*Deng(p4,xiz,M4)^2*Deng(
      q2 + q3,xiw,M3)^2*Deng(p4 + q2 + q3,xiw,M3)^2*p4.p4*xiw^2*ufoGC58^2*
      ufoGC76*ufoGC69
       + 1/8*g_(1,6_,nu10)*g_(2,nu16)*FT2(g6)*FT2*g_(2,p4)*cFT(nu13,XX,i2,
      iufo11)*cFT(g7,XX,iufo11,j11)*flavourTag(fmu,j11,j12)*Vec(nu10,q2)*Vec(
      nu13,q2)*Vec(nu9,-q2)*Vec(nu9,q3)*Vec(nu15,q2)*Deng(p4,xiz,M4)^2*Deng(q2
       + q3,xiw,M3)^2*Deng(p4 + q2 + q3,xiw,M3)^2*p4.p4*xiw^2*ufoGC58^2*
      ufoGC76*ufoGC69
       + 1/8*g_(1,6_,nu10)*g_(2,nu16)*FT2(g6)*FT2*g_(2,p4)*cFT(nu13,XX,i2,
      iufo11)*cFT(g7,XX,iufo11,j11)*flavourTag(fmu,j11,j12)*Vec(nu10,q2)*Vec(
      nu13,q2)*Vec(nu9,-q2)*Vec(nu9,q3)*Vec(nu15,q3)*Deng(p4,xiz,M4)^2*Deng(q2
       + q3,xiw,M3)^2*Deng(p4 + q2 + q3,xiw,M3)^2*p4.p4*xiw^2*ufoGC58^2*
      ufoGC76*ufoGC69
       - 1/8*g_(1,6_,nu10)*g_(2,nu16)*FT2(g6)*FT2*g_(2,p4)*cFT(nu13,XX,i2,
      iufo11)*cFT(g7,XX,iufo11,j11)*flavourTag(fmu,j11,j12)*Vec(nu10,q2)*Vec(
      nu13,q2)*Vec(nu9,-q2)*Vec(nu9,q3)*Vecr(nu16,p4)*Deng(p4,xiz,M4)*Deng(q2
       + q3,xiw,M3)^2*Deng(p4 + q2 + q3,xiw,M3)^2*xiw^2*ufoGC58^2*ufoGC76*
      ufoGC69
       + 1/8*g_(1,6_,nu10)*g_(2,nu16)*FT2(g6)*FT2*g_(2,p4)*cFT(nu13,XX,i2,
      iufo11)*cFT(g7,XX,iufo11,j11)*flavourTag(fmu,j11,j12)*Vec(nu10,q2)*Vec(
      nu13,q2)*Vec(nu9,-q2)*Vec(nu9,q3)*Vecr(nu15,p4)*Deng(p4,xiz,M4)^2*Deng(
      q2 + q3,xiw,M3)^2*Deng(p4 + q2 + q3,xiw,M3)^2*p4.p4*xiw^2*ufoGC58^2*
      ufoGC76*ufoGC69
       + 1/8*g_(1,6_,nu10)*g_(2,nu16)*FT2(g6)*FT2*g_(2,p4)*cFT(nu13,XX,i2,
      iufo11)*cFT(g7,XX,iufo11,j11)*flavourTag(fmu,j11,j12)*Vec(nu10,q2)*Vec(
      nu13,q2)*Vec(nu9,-q3)*Vec(nu9,q2)*Vec(nu15,q2)*Deng(p4,xiz,M4)^2*Deng(q2
       + q3,xiw,M3)^2*Deng(p4 + q2 + q3,xiw,M3)^2*p4.p4*xiw^2*ufoGC58^2*
      ufoGC76*ufoGC69
       + 1/8*g_(1,6_,nu10)*g_(2,nu16)*FT2(g6)*FT2*g_(2,p4)*cFT(nu13,XX,i2,
      iufo11)*cFT(g7,XX,iufo11,j11)*flavourTag(fmu,j11,j12)*Vec(nu10,q2)*Vec(
      nu13,q2)*Vec(nu9,-q3)*Vec(nu9,q2)*Vec(nu15,q3)*Deng(p4,xiz,M4)^2*Deng(q2
       + q3,xiw,M3)^2*Deng(p4 + q2 + q3,xiw,M3)^2*p4.p4*xiw^2*ufoGC58^2*
      ufoGC76*ufoGC69
       - 1/8*g_(1,6_,nu10)*g_(2,nu16)*FT2(g6)*FT2*g_(2,p4)*cFT(nu13,XX,i2,
      iufo11)*cFT(g7,XX,iufo11,j11)*flavourTag(fmu,j11,j12)*Vec(nu10,q2)*Vec(
      nu13,q2)*Vec(nu9,-q3)*Vec(nu9,q2)*Vecr(nu16,p4)*Deng(p4,xiz,M4)*Deng(q2
       + q3,xiw,M3)^2*Deng(p4 + q2 + q3,xiw,M3)^2*xiw^2*ufoGC58^2*ufoGC76*
      ufoGC69
       + 1/8*g_(1,6_,nu10)*g_(2,nu16)*FT2(g6)*FT2*g_(2,p4)*cFT(nu13,XX,i2,
      iufo11)*cFT(g7,XX,iufo11,j11)*flavourTag(fmu,j11,j12)*Vec(nu10,q2)*Vec(
      nu13,q2)*Vec(nu9,-q3)*Vec(nu9,q2)*Vecr(nu15,p4)*Deng(p4,xiz,M4)^2*Deng(
      q2 + q3,xiw,M3)^2*Deng(p4 + q2 + q3,xiw,M3)^2*p4.p4*xiw^2*ufoGC58^2*
      ufoGC76*ufoGC69
       + 1/8*g_(1,6_,nu10)*g_(2,nu16)*FT2(g6)*FT2*g_(2,p4)*cFT(nu13,XX,i2,
      iufo11)*cFT(g7,XX,iufo11,j11)*flavourTag(fmu,j11,j12)*Vec(nu10,q2)*Vec(
      nu13,q2)*Vec(nu9,-q3)*Vec(nu9,q3)*Vec(nu15,q2)*Deng(p4,xiz,M4)^2*Deng(q2
       + q3,xiw,M3)^2*Deng(p4 + q2 + q3,xiw,M3)^2*p4.p4*xiw^2*ufoGC58^2*
      ufoGC76*ufoGC69
       + 1/8*g_(1,6_,nu10)*g_(2,nu16)*FT2(g6)*FT2*g_(2,p4)*cFT(nu13,XX,i2,
      iufo11)*cFT(g7,XX,iufo11,j11)*flavourTag(fmu,j11,j12)*Vec(nu10,q2)*Vec(
      nu13,q2)*Vec(nu9,-q3)*Vec(nu9,q3)*Vec(nu15,q3)*Deng(p4,xiz,M4)^2*Deng(q2
       + q3,xiw,M3)^2*Deng(p4 + q2 + q3,xiw,M3)^2*p4.p4*xiw^2*ufoGC58^2*
      ufoGC76*ufoGC69
       - 1/8*g_(1,6_,nu10)*g_(2,nu16)*FT2(g6)*FT2*g_(2,p4)*cFT(nu13,XX,i2,
      iufo11)*cFT(g7,XX,iufo11,j11)*flavourTag(fmu,j11,j12)*Vec(nu10,q2)*Vec(
      nu13,q2)*Vec(nu9,-q3)*Vec(nu9,q3)*Vecr(nu16,p4)*Deng(p4,xiz,M4)*Deng(q2
       + q3,xiw,M3)^2*Deng(p4 + q2 + q3,xiw,M3)^2*xiw^2*ufoGC58^2*ufoGC76*
      ufoGC69
       + 1/8*g_(1,6_,nu10)*g_(2,nu16)*FT2(g6)*FT2*g_(2,p4)*cFT(nu13,XX,i2,
      iufo11)*cFT(g7,XX,iufo11,j11)*flavourTag(fmu,j11,j12)*Vec(nu10,q2)*Vec(
      nu13,q2)*Vec(nu9,-q3)*Vec(nu9,q3)*Vecr(nu15,p4)*Deng(p4,xiz,M4)^2*Deng(
      q2 + q3,xiw,M3)^2*Deng(p4 + q2 + q3,xiw,M3)^2*p4.p4*xiw^2*ufoGC58^2*
      ufoGC76*ufoGC69
       - 1/8*g_(1,6_,nu10)*g_(2,nu16)*FT2(g6)*FT2*g_(2,p4)*cFT(nu13,XX,i2,
      iufo11)*cFT(g7,XX,iufo11,j11)*flavourTag(fmu,j11,j12)*Vec(nu10,q2)*Vec(
      nu13,q2)*Vec(nu14,q2)^2*Vec(nu15,-p4)*Deng(p4,xiz,M4)^2*Deng(q2 + q3,xiw
      ,M3)^2*Deng(p4 + q2 + q3,xiw,M3)^2*p4.p4*xiw^2*ufoGC58^2*ufoGC76*ufoGC69
       - 1/8*g_(1,6_,nu10)*g_(2,nu16)*FT2(g6)*FT2*g_(2,p4)*cFT(nu13,XX,i2,
      iufo11)*cFT(g7,XX,iufo11,j11)*flavourTag(fmu,j11,j12)*Vec(nu10,q2)*Vec(
      nu13,q2)*Vec(nu14,q2)^2*Vec(nu15,-q2)*Deng(p4,xiz,M4)^2*Deng(q2 + q3,xiw
      ,M3)^2*Deng(p4 + q2 + q3,xiw,M3)^2*p4.p4*xiw^2*ufoGC58^2*ufoGC76*ufoGC69
       - 1/8*g_(1,6_,nu10)*g_(2,nu16)*FT2(g6)*FT2*g_(2,p4)*cFT(nu13,XX,i2,
      iufo11)*cFT(g7,XX,iufo11,j11)*flavourTag(fmu,j11,j12)*Vec(nu10,q2)*Vec(
      nu13,q2)*Vec(nu14,q2)^2*Vec(nu15,-q3)*Deng(p4,xiz,M4)^2*Deng(q2 + q3,xiw
      ,M3)^2*Deng(p4 + q2 + q3,xiw,M3)^2*p4.p4*xiw^2*ufoGC58^2*ufoGC76*ufoGC69
       - 1/4*g_(1,6_,nu10)*g_(2,nu16)*FT2(g6)*FT2*g_(2,p4)*cFT(nu13,XX,i2,
      iufo11)*cFT(g7,XX,iufo11,j11)*flavourTag(fmu,j11,j12)*Vec(nu10,q2)*Vec(
      nu13,q2)*Vec(nu14,q2)*Vec(nu14,q3)*Vec(nu15,-p4)*Deng(p4,xiz,M4)^2*Deng(
      q2 + q3,xiw,M3)^2*Deng(p4 + q2 + q3,xiw,M3)^2*p4.p4*xiw^2*ufoGC58^2*
      ufoGC76*ufoGC69
       - 1/4*g_(1,6_,nu10)*g_(2,nu16)*FT2(g6)*FT2*g_(2,p4)*cFT(nu13,XX,i2,
      iufo11)*cFT(g7,XX,iufo11,j11)*flavourTag(fmu,j11,j12)*Vec(nu10,q2)*Vec(
      nu13,q2)*Vec(nu14,q2)*Vec(nu14,q3)*Vec(nu15,-q2)*Deng(p4,xiz,M4)^2*Deng(
      q2 + q3,xiw,M3)^2*Deng(p4 + q2 + q3,xiw,M3)^2*p4.p4*xiw^2*ufoGC58^2*
      ufoGC76*ufoGC69
       - 1/4*g_(1,6_,nu10)*g_(2,nu16)*FT2(g6)*FT2*g_(2,p4)*cFT(nu13,XX,i2,
      iufo11)*cFT(g7,XX,iufo11,j11)*flavourTag(fmu,j11,j12)*Vec(nu10,q2)*Vec(
      nu13,q2)*Vec(nu14,q2)*Vec(nu14,q3)*Vec(nu15,-q3)*Deng(p4,xiz,M4)^2*Deng(
      q2 + q3,xiw,M3)^2*Deng(p4 + q2 + q3,xiw,M3)^2*p4.p4*xiw^2*ufoGC58^2*
      ufoGC76*ufoGC69
       + 1/8*g_(1,6_,nu10)*g_(2,nu16)*FT2(g6)*FT2*g_(2,p4)*cFT(nu13,XX,i2,
      iufo11)*cFT(g7,XX,iufo11,j11)*flavourTag(fmu,j11,j12)*Vec(nu10,q2)*Vec(
      nu13,q2)*Vec(nu14,q2)*Vec(nu15,q2)*Vecr(nu15,p4)*Deng(p4,xiz,M4)^2*Deng(
      q2 + q3,xiw,M3)^2*Deng(p4 + q2 + q3,xiw,M3)^2*p4.p4*xiw^2*ufoGC58^2*
      ufoGC76*ufoGC69
       + 1/8*g_(1,6_,nu10)*g_(2,nu16)*FT2(g6)*FT2*g_(2,p4)*cFT(nu13,XX,i2,
      iufo11)*cFT(g7,XX,iufo11,j11)*flavourTag(fmu,j11,j12)*Vec(nu10,q2)*Vec(
      nu13,q2)*Vec(nu14,q2)*Vec(nu15,q3)*Vecr(nu15,p4)*Deng(p4,xiz,M4)^2*Deng(
      q2 + q3,xiw,M3)^2*Deng(p4 + q2 + q3,xiw,M3)^2*p4.p4*xiw^2*ufoGC58^2*
      ufoGC76*ufoGC69
       - 1/8*g_(1,6_,nu10)*g_(2,nu16)*FT2(g6)*FT2*g_(2,p4)*cFT(nu13,XX,i2,
      iufo11)*cFT(g7,XX,iufo11,j11)*flavourTag(fmu,j11,j12)*Vec(nu10,q2)*Vec(
      nu13,q2)*Vec(nu14,q2)*Vec(nu15,-p4)*Vecr(nu15,p4)*Deng(p4,xiz,M4)^2*
      Deng(q2 + q3,xiw,M3)^2*Deng(p4 + q2 + q3,xiw,M3)^2*p4.p4*xiw^2*ufoGC58^2
      *ufoGC76*ufoGC69
       - 1/8*g_(1,6_,nu10)*g_(2,nu16)*FT2(g6)*FT2*g_(2,p4)*cFT(nu13,XX,i2,
      iufo11)*cFT(g7,XX,iufo11,j11)*flavourTag(fmu,j11,j12)*Vec(nu10,q2)*Vec(
      nu13,q2)*Vec(nu14,q2)*Vec(nu15,-q2)*Vecr(nu15,p4)*Deng(p4,xiz,M4)^2*
      Deng(q2 + q3,xiw,M3)^2*Deng(p4 + q2 + q3,xiw,M3)^2*p4.p4*xiw^2*ufoGC58^2
      *ufoGC76*ufoGC69
       - 1/8*g_(1,6_,nu10)*g_(2,nu16)*FT2(g6)*FT2*g_(2,p4)*cFT(nu13,XX,i2,
      iufo11)*cFT(g7,XX,iufo11,j11)*flavourTag(fmu,j11,j12)*Vec(nu10,q2)*Vec(
      nu13,q2)*Vec(nu14,q2)*Vec(nu15,-q3)*Vecr(nu15,p4)*Deng(p4,xiz,M4)^2*
      Deng(q2 + q3,xiw,M3)^2*Deng(p4 + q2 + q3,xiw,M3)^2*p4.p4*xiw^2*ufoGC58^2
      *ufoGC76*ufoGC69
       - 1/8*g_(1,6_,nu10)*g_(2,nu16)*FT2(g6)*FT2*g_(2,p4)*cFT(nu13,XX,i2,
      iufo11)*cFT(g7,XX,iufo11,j11)*flavourTag(fmu,j11,j12)*Vec(nu10,q2)*Vec(
      nu13,q2)*Vec(nu14,q3)^2*Vec(nu15,-p4)*Deng(p4,xiz,M4)^2*Deng(q2 + q3,xiw
      ,M3)^2*Deng(p4 + q2 + q3,xiw,M3)^2*p4.p4*xiw^2*ufoGC58^2*ufoGC76*ufoGC69
       - 1/8*g_(1,6_,nu10)*g_(2,nu16)*FT2(g6)*FT2*g_(2,p4)*cFT(nu13,XX,i2,
      iufo11)*cFT(g7,XX,iufo11,j11)*flavourTag(fmu,j11,j12)*Vec(nu10,q2)*Vec(
      nu13,q2)*Vec(nu14,q3)^2*Vec(nu15,-q2)*Deng(p4,xiz,M4)^2*Deng(q2 + q3,xiw
      ,M3)^2*Deng(p4 + q2 + q3,xiw,M3)^2*p4.p4*xiw^2*ufoGC58^2*ufoGC76*ufoGC69
       - 1/8*g_(1,6_,nu10)*g_(2,nu16)*FT2(g6)*FT2*g_(2,p4)*cFT(nu13,XX,i2,
      iufo11)*cFT(g7,XX,iufo11,j11)*flavourTag(fmu,j11,j12)*Vec(nu10,q2)*Vec(
      nu13,q2)*Vec(nu14,q3)^2*Vec(nu15,-q3)*Deng(p4,xiz,M4)^2*Deng(q2 + q3,xiw
      ,M3)^2*Deng(p4 + q2 + q3,xiw,M3)^2*p4.p4*xiw^2*ufoGC58^2*ufoGC76*ufoGC69
       + 1/8*g_(1,6_,nu10)*g_(2,nu16)*FT2(g6)*FT2*g_(2,p4)*cFT(nu13,XX,i2,
      iufo11)*cFT(g7,XX,iufo11,j11)*flavourTag(fmu,j11,j12)*Vec(nu10,q2)*Vec(
      nu13,q2)*Vec(nu14,q3)*Vec(nu15,q2)*Vecr(nu15,p4)*Deng(p4,xiz,M4)^2*Deng(
      q2 + q3,xiw,M3)^2*Deng(p4 + q2 + q3,xiw,M3)^2*p4.p4*xiw^2*ufoGC58^2*
      ufoGC76*ufoGC69
       + 1/8*g_(1,6_,nu10)*g_(2,nu16)*FT2(g6)*FT2*g_(2,p4)*cFT(nu13,XX,i2,
      iufo11)*cFT(g7,XX,iufo11,j11)*flavourTag(fmu,j11,j12)*Vec(nu10,q2)*Vec(
      nu13,q2)*Vec(nu14,q3)*Vec(nu15,q3)*Vecr(nu15,p4)*Deng(p4,xiz,M4)^2*Deng(
      q2 + q3,xiw,M3)^2*Deng(p4 + q2 + q3,xiw,M3)^2*p4.p4*xiw^2*ufoGC58^2*
      ufoGC76*ufoGC69
       - 1/8*g_(1,6_,nu10)*g_(2,nu16)*FT2(g6)*FT2*g_(2,p4)*cFT(nu13,XX,i2,
      iufo11)*cFT(g7,XX,iufo11,j11)*flavourTag(fmu,j11,j12)*Vec(nu10,q2)*Vec(
      nu13,q2)*Vec(nu14,q3)*Vec(nu15,-p4)*Vecr(nu15,p4)*Deng(p4,xiz,M4)^2*
      Deng(q2 + q3,xiw,M3)^2*Deng(p4 + q2 + q3,xiw,M3)^2*p4.p4*xiw^2*ufoGC58^2
      *ufoGC76*ufoGC69
       - 1/8*g_(1,6_,nu10)*g_(2,nu16)*FT2(g6)*FT2*g_(2,p4)*cFT(nu13,XX,i2,
      iufo11)*cFT(g7,XX,iufo11,j11)*flavourTag(fmu,j11,j12)*Vec(nu10,q2)*Vec(
      nu13,q2)*Vec(nu14,q3)*Vec(nu15,-q2)*Vecr(nu15,p4)*Deng(p4,xiz,M4)^2*
      Deng(q2 + q3,xiw,M3)^2*Deng(p4 + q2 + q3,xiw,M3)^2*p4.p4*xiw^2*ufoGC58^2
      *ufoGC76*ufoGC69
       - 1/8*g_(1,6_,nu10)*g_(2,nu16)*FT2(g6)*FT2*g_(2,p4)*cFT(nu13,XX,i2,
      iufo11)*cFT(g7,XX,iufo11,j11)*flavourTag(fmu,j11,j12)*Vec(nu10,q2)*Vec(
      nu13,q2)*Vec(nu14,q3)*Vec(nu15,-q3)*Vecr(nu15,p4)*Deng(p4,xiz,M4)^2*
      Deng(q2 + q3,xiw,M3)^2*Deng(p4 + q2 + q3,xiw,M3)^2*p4.p4*xiw^2*ufoGC58^2
      *ufoGC76*ufoGC69
       + 1/8*g_(1,6_,nu10)*g_(2,nu16)*FT2(g6)*FT2*g_(2,p4)*cFT(nu13,XX,i2,
      iufo11)*cFT(g7,XX,iufo11,j11)*flavourTag(fmu,j11,j12)*Vec(nu10,q2)*Vec(
      nu13,q2)*Vec(nu15,q2)*Deng(p4,xiz,M4)^2*Deng(q2 + q3,xiw,M3)^2*Deng(p4
       + q2 + q3,xiw,M3)^2*p4.p4^2*xiw^2*ufoGC58^2*ufoGC76*ufoGC69
       + 1/8*g_(1,6_,nu10)*g_(2,nu16)*FT2(g6)*FT2*g_(2,p4)*cFT(nu13,XX,i2,
      iufo11)*cFT(g7,XX,iufo11,j11)*flavourTag(fmu,j11,j12)*Vec(nu10,q2)*Vec(
      nu13,q2)*Vec(nu15,q3)*Deng(p4,xiz,M4)^2*Deng(q2 + q3,xiw,M3)^2*Deng(p4
       + q2 + q3,xiw,M3)^2*p4.p4^2*xiw^2*ufoGC58^2*ufoGC76*ufoGC69
       - 1/8*g_(1,6_,nu10)*g_(2,nu16)*FT2(g6)*FT2*g_(2,p4)*cFT(nu13,XX,i2,
      iufo11)*cFT(g7,XX,iufo11,j11)*flavourTag(fmu,j11,j12)*Vec(nu10,q2)*Vec(
      nu13,q3)*Vec(nu9,q2)*Vec(nu15,q2)*Vecr(nu15,p4)*Deng(p4,xiz,M4)^2*Deng(
      q2 + q3,xiw,M3)^2*Deng(p4 + q2 + q3,xiw,M3)^2*p4.p4*xiw^2*ufoGC58^2*
      ufoGC76*ufoGC69
       - 1/8*g_(1,6_,nu10)*g_(2,nu16)*FT2(g6)*FT2*g_(2,p4)*cFT(nu13,XX,i2,
      iufo11)*cFT(g7,XX,iufo11,j11)*flavourTag(fmu,j11,j12)*Vec(nu10,q2)*Vec(
      nu13,q3)*Vec(nu9,q2)*Vec(nu15,q3)*Vecr(nu15,p4)*Deng(p4,xiz,M4)^2*Deng(
      q2 + q3,xiw,M3)^2*Deng(p4 + q2 + q3,xiw,M3)^2*p4.p4*xiw^2*ufoGC58^2*
      ufoGC76*ufoGC69
       + 1/8*g_(1,6_,nu10)*g_(2,nu16)*FT2(g6)*FT2*g_(2,p4)*cFT(nu13,XX,i2,
      iufo11)*cFT(g7,XX,iufo11,j11)*flavourTag(fmu,j11,j12)*Vec(nu10,q2)*Vec(
      nu13,q3)*Vec(nu9,q2)*Deng(p4,xiz,M4)*Deng(q2 + q3,xiw,M3)^2*Deng(p4 + q2
       + q3,xiw,M3)^2*p4.p4*xiw^2*ufoGC58^2*ufoGC76*ufoGC69
       - 1/8*g_(1,6_,nu10)*g_(2,nu16)*FT2(g6)*FT2*g_(2,p4)*cFT(nu13,XX,i2,
      iufo11)*cFT(g7,XX,iufo11,j11)*flavourTag(fmu,j11,j12)*Vec(nu10,q2)*Vec(
      nu13,q3)*Vec(nu9,q2)*Deng(p4,xiz,M4)^2*Deng(q2 + q3,xiw,M3)^2*Deng(p4 + 
      q2 + q3,xiw,M3)^2*p4.p4^2*xiw^2*ufoGC58^2*ufoGC76*ufoGC69
       - 1/8*g_(1,6_,nu10)*g_(2,nu16)*FT2(g6)*FT2*g_(2,p4)*cFT(nu13,XX,i2,
      iufo11)*cFT(g7,XX,iufo11,j11)*flavourTag(fmu,j11,j12)*Vec(nu10,q2)*Vec(
      nu13,q3)*Vec(nu9,q3)*Vec(nu15,q2)*Vecr(nu15,p4)*Deng(p4,xiz,M4)^2*Deng(
      q2 + q3,xiw,M3)^2*Deng(p4 + q2 + q3,xiw,M3)^2*p4.p4*xiw^2*ufoGC58^2*
      ufoGC76*ufoGC69
       - 1/8*g_(1,6_,nu10)*g_(2,nu16)*FT2(g6)*FT2*g_(2,p4)*cFT(nu13,XX,i2,
      iufo11)*cFT(g7,XX,iufo11,j11)*flavourTag(fmu,j11,j12)*Vec(nu10,q2)*Vec(
      nu13,q3)*Vec(nu9,q3)*Vec(nu15,q3)*Vecr(nu15,p4)*Deng(p4,xiz,M4)^2*Deng(
      q2 + q3,xiw,M3)^2*Deng(p4 + q2 + q3,xiw,M3)^2*p4.p4*xiw^2*ufoGC58^2*
      ufoGC76*ufoGC69
       + 1/8*g_(1,6_,nu10)*g_(2,nu16)*FT2(g6)*FT2*g_(2,p4)*cFT(nu13,XX,i2,
      iufo11)*cFT(g7,XX,iufo11,j11)*flavourTag(fmu,j11,j12)*Vec(nu10,q2)*Vec(
      nu13,q3)*Vec(nu9,q3)*Deng(p4,xiz,M4)*Deng(q2 + q3,xiw,M3)^2*Deng(p4 + q2
       + q3,xiw,M3)^2*p4.p4*xiw^2*ufoGC58^2*ufoGC76*ufoGC69
       - 1/8*g_(1,6_,nu10)*g_(2,nu16)*FT2(g6)*FT2*g_(2,p4)*cFT(nu13,XX,i2,
      iufo11)*cFT(g7,XX,iufo11,j11)*flavourTag(fmu,j11,j12)*Vec(nu10,q2)*Vec(
      nu13,q3)*Vec(nu9,q3)*Deng(p4,xiz,M4)^2*Deng(q2 + q3,xiw,M3)^2*Deng(p4 + 
      q2 + q3,xiw,M3)^2*p4.p4^2*xiw^2*ufoGC58^2*ufoGC76*ufoGC69
       + 1/8*g_(1,6_,nu10)*g_(2,nu16)*FT2(g6)*FT2*g_(2,p4)*cFT(nu13,XX,i2,
      iufo11)*cFT(g7,XX,iufo11,j11)*flavourTag(fmu,j11,j12)*Vec(nu10,q2)*Vec(
      nu13,q3)*Vec(nu9,-p4)*Vec(nu9,q2)*Vec(nu15,q2)*Deng(p4,xiz,M4)^2*Deng(q2
       + q3,xiw,M3)^2*Deng(p4 + q2 + q3,xiw,M3)^2*p4.p4*xiw^2*ufoGC58^2*
      ufoGC76*ufoGC69
       + 1/8*g_(1,6_,nu10)*g_(2,nu16)*FT2(g6)*FT2*g_(2,p4)*cFT(nu13,XX,i2,
      iufo11)*cFT(g7,XX,iufo11,j11)*flavourTag(fmu,j11,j12)*Vec(nu10,q2)*Vec(
      nu13,q3)*Vec(nu9,-p4)*Vec(nu9,q2)*Vec(nu15,q3)*Deng(p4,xiz,M4)^2*Deng(q2
       + q3,xiw,M3)^2*Deng(p4 + q2 + q3,xiw,M3)^2*p4.p4*xiw^2*ufoGC58^2*
      ufoGC76*ufoGC69
       - 1/8*g_(1,6_,nu10)*g_(2,nu16)*FT2(g6)*FT2*g_(2,p4)*cFT(nu13,XX,i2,
      iufo11)*cFT(g7,XX,iufo11,j11)*flavourTag(fmu,j11,j12)*Vec(nu10,q2)*Vec(
      nu13,q3)*Vec(nu9,-p4)*Vec(nu9,q2)*Vecr(nu16,p4)*Deng(p4,xiz,M4)*Deng(q2
       + q3,xiw,M3)^2*Deng(p4 + q2 + q3,xiw,M3)^2*xiw^2*ufoGC58^2*ufoGC76*
      ufoGC69
       + 1/8*g_(1,6_,nu10)*g_(2,nu16)*FT2(g6)*FT2*g_(2,p4)*cFT(nu13,XX,i2,
      iufo11)*cFT(g7,XX,iufo11,j11)*flavourTag(fmu,j11,j12)*Vec(nu10,q2)*Vec(
      nu13,q3)*Vec(nu9,-p4)*Vec(nu9,q2)*Vecr(nu15,p4)*Deng(p4,xiz,M4)^2*Deng(
      q2 + q3,xiw,M3)^2*Deng(p4 + q2 + q3,xiw,M3)^2*p4.p4*xiw^2*ufoGC58^2*
      ufoGC76*ufoGC69
       + 1/8*g_(1,6_,nu10)*g_(2,nu16)*FT2(g6)*FT2*g_(2,p4)*cFT(nu13,XX,i2,
      iufo11)*cFT(g7,XX,iufo11,j11)*flavourTag(fmu,j11,j12)*Vec(nu10,q2)*Vec(
      nu13,q3)*Vec(nu9,-p4)*Vec(nu9,q3)*Vec(nu15,q2)*Deng(p4,xiz,M4)^2*Deng(q2
       + q3,xiw,M3)^2*Deng(p4 + q2 + q3,xiw,M3)^2*p4.p4*xiw^2*ufoGC58^2*
      ufoGC76*ufoGC69
       + 1/8*g_(1,6_,nu10)*g_(2,nu16)*FT2(g6)*FT2*g_(2,p4)*cFT(nu13,XX,i2,
      iufo11)*cFT(g7,XX,iufo11,j11)*flavourTag(fmu,j11,j12)*Vec(nu10,q2)*Vec(
      nu13,q3)*Vec(nu9,-p4)*Vec(nu9,q3)*Vec(nu15,q3)*Deng(p4,xiz,M4)^2*Deng(q2
       + q3,xiw,M3)^2*Deng(p4 + q2 + q3,xiw,M3)^2*p4.p4*xiw^2*ufoGC58^2*
      ufoGC76*ufoGC69
       - 1/8*g_(1,6_,nu10)*g_(2,nu16)*FT2(g6)*FT2*g_(2,p4)*cFT(nu13,XX,i2,
      iufo11)*cFT(g7,XX,iufo11,j11)*flavourTag(fmu,j11,j12)*Vec(nu10,q2)*Vec(
      nu13,q3)*Vec(nu9,-p4)*Vec(nu9,q3)*Vecr(nu16,p4)*Deng(p4,xiz,M4)*Deng(q2
       + q3,xiw,M3)^2*Deng(p4 + q2 + q3,xiw,M3)^2*xiw^2*ufoGC58^2*ufoGC76*
      ufoGC69
       + 1/8*g_(1,6_,nu10)*g_(2,nu16)*FT2(g6)*FT2*g_(2,p4)*cFT(nu13,XX,i2,
      iufo11)*cFT(g7,XX,iufo11,j11)*flavourTag(fmu,j11,j12)*Vec(nu10,q2)*Vec(
      nu13,q3)*Vec(nu9,-p4)*Vec(nu9,q3)*Vecr(nu15,p4)*Deng(p4,xiz,M4)^2*Deng(
      q2 + q3,xiw,M3)^2*Deng(p4 + q2 + q3,xiw,M3)^2*p4.p4*xiw^2*ufoGC58^2*
      ufoGC76*ufoGC69
       + 1/8*g_(1,6_,nu10)*g_(2,nu16)*FT2(g6)*FT2*g_(2,p4)*cFT(nu13,XX,i2,
      iufo11)*cFT(g7,XX,iufo11,j11)*flavourTag(fmu,j11,j12)*Vec(nu10,q2)*Vec(
      nu13,q3)*Vec(nu9,-q2)*Vec(nu9,q2)*Vec(nu15,q2)*Deng(p4,xiz,M4)^2*Deng(q2
       + q3,xiw,M3)^2*Deng(p4 + q2 + q3,xiw,M3)^2*p4.p4*xiw^2*ufoGC58^2*
      ufoGC76*ufoGC69
       + 1/8*g_(1,6_,nu10)*g_(2,nu16)*FT2(g6)*FT2*g_(2,p4)*cFT(nu13,XX,i2,
      iufo11)*cFT(g7,XX,iufo11,j11)*flavourTag(fmu,j11,j12)*Vec(nu10,q2)*Vec(
      nu13,q3)*Vec(nu9,-q2)*Vec(nu9,q2)*Vec(nu15,q3)*Deng(p4,xiz,M4)^2*Deng(q2
       + q3,xiw,M3)^2*Deng(p4 + q2 + q3,xiw,M3)^2*p4.p4*xiw^2*ufoGC58^2*
      ufoGC76*ufoGC69
       - 1/8*g_(1,6_,nu10)*g_(2,nu16)*FT2(g6)*FT2*g_(2,p4)*cFT(nu13,XX,i2,
      iufo11)*cFT(g7,XX,iufo11,j11)*flavourTag(fmu,j11,j12)*Vec(nu10,q2)*Vec(
      nu13,q3)*Vec(nu9,-q2)*Vec(nu9,q2)*Vecr(nu16,p4)*Deng(p4,xiz,M4)*Deng(q2
       + q3,xiw,M3)^2*Deng(p4 + q2 + q3,xiw,M3)^2*xiw^2*ufoGC58^2*ufoGC76*
      ufoGC69
       + 1/8*g_(1,6_,nu10)*g_(2,nu16)*FT2(g6)*FT2*g_(2,p4)*cFT(nu13,XX,i2,
      iufo11)*cFT(g7,XX,iufo11,j11)*flavourTag(fmu,j11,j12)*Vec(nu10,q2)*Vec(
      nu13,q3)*Vec(nu9,-q2)*Vec(nu9,q2)*Vecr(nu15,p4)*Deng(p4,xiz,M4)^2*Deng(
      q2 + q3,xiw,M3)^2*Deng(p4 + q2 + q3,xiw,M3)^2*p4.p4*xiw^2*ufoGC58^2*
      ufoGC76*ufoGC69
       + 1/8*g_(1,6_,nu10)*g_(2,nu16)*FT2(g6)*FT2*g_(2,p4)*cFT(nu13,XX,i2,
      iufo11)*cFT(g7,XX,iufo11,j11)*flavourTag(fmu,j11,j12)*Vec(nu10,q2)*Vec(
      nu13,q3)*Vec(nu9,-q2)*Vec(nu9,q3)*Vec(nu15,q2)*Deng(p4,xiz,M4)^2*Deng(q2
       + q3,xiw,M3)^2*Deng(p4 + q2 + q3,xiw,M3)^2*p4.p4*xiw^2*ufoGC58^2*
      ufoGC76*ufoGC69
       + 1/8*g_(1,6_,nu10)*g_(2,nu16)*FT2(g6)*FT2*g_(2,p4)*cFT(nu13,XX,i2,
      iufo11)*cFT(g7,XX,iufo11,j11)*flavourTag(fmu,j11,j12)*Vec(nu10,q2)*Vec(
      nu13,q3)*Vec(nu9,-q2)*Vec(nu9,q3)*Vec(nu15,q3)*Deng(p4,xiz,M4)^2*Deng(q2
       + q3,xiw,M3)^2*Deng(p4 + q2 + q3,xiw,M3)^2*p4.p4*xiw^2*ufoGC58^2*
      ufoGC76*ufoGC69
       - 1/8*g_(1,6_,nu10)*g_(2,nu16)*FT2(g6)*FT2*g_(2,p4)*cFT(nu13,XX,i2,
      iufo11)*cFT(g7,XX,iufo11,j11)*flavourTag(fmu,j11,j12)*Vec(nu10,q2)*Vec(
      nu13,q3)*Vec(nu9,-q2)*Vec(nu9,q3)*Vecr(nu16,p4)*Deng(p4,xiz,M4)*Deng(q2
       + q3,xiw,M3)^2*Deng(p4 + q2 + q3,xiw,M3)^2*xiw^2*ufoGC58^2*ufoGC76*
      ufoGC69
       + 1/8*g_(1,6_,nu10)*g_(2,nu16)*FT2(g6)*FT2*g_(2,p4)*cFT(nu13,XX,i2,
      iufo11)*cFT(g7,XX,iufo11,j11)*flavourTag(fmu,j11,j12)*Vec(nu10,q2)*Vec(
      nu13,q3)*Vec(nu9,-q2)*Vec(nu9,q3)*Vecr(nu15,p4)*Deng(p4,xiz,M4)^2*Deng(
      q2 + q3,xiw,M3)^2*Deng(p4 + q2 + q3,xiw,M3)^2*p4.p4*xiw^2*ufoGC58^2*
      ufoGC76*ufoGC69
       + 1/8*g_(1,6_,nu10)*g_(2,nu16)*FT2(g6)*FT2*g_(2,p4)*cFT(nu13,XX,i2,
      iufo11)*cFT(g7,XX,iufo11,j11)*flavourTag(fmu,j11,j12)*Vec(nu10,q2)*Vec(
      nu13,q3)*Vec(nu9,-q3)*Vec(nu9,q2)*Vec(nu15,q2)*Deng(p4,xiz,M4)^2*Deng(q2
       + q3,xiw,M3)^2*Deng(p4 + q2 + q3,xiw,M3)^2*p4.p4*xiw^2*ufoGC58^2*
      ufoGC76*ufoGC69
       + 1/8*g_(1,6_,nu10)*g_(2,nu16)*FT2(g6)*FT2*g_(2,p4)*cFT(nu13,XX,i2,
      iufo11)*cFT(g7,XX,iufo11,j11)*flavourTag(fmu,j11,j12)*Vec(nu10,q2)*Vec(
      nu13,q3)*Vec(nu9,-q3)*Vec(nu9,q2)*Vec(nu15,q3)*Deng(p4,xiz,M4)^2*Deng(q2
       + q3,xiw,M3)^2*Deng(p4 + q2 + q3,xiw,M3)^2*p4.p4*xiw^2*ufoGC58^2*
      ufoGC76*ufoGC69
       - 1/8*g_(1,6_,nu10)*g_(2,nu16)*FT2(g6)*FT2*g_(2,p4)*cFT(nu13,XX,i2,
      iufo11)*cFT(g7,XX,iufo11,j11)*flavourTag(fmu,j11,j12)*Vec(nu10,q2)*Vec(
      nu13,q3)*Vec(nu9,-q3)*Vec(nu9,q2)*Vecr(nu16,p4)*Deng(p4,xiz,M4)*Deng(q2
       + q3,xiw,M3)^2*Deng(p4 + q2 + q3,xiw,M3)^2*xiw^2*ufoGC58^2*ufoGC76*
      ufoGC69
       + 1/8*g_(1,6_,nu10)*g_(2,nu16)*FT2(g6)*FT2*g_(2,p4)*cFT(nu13,XX,i2,
      iufo11)*cFT(g7,XX,iufo11,j11)*flavourTag(fmu,j11,j12)*Vec(nu10,q2)*Vec(
      nu13,q3)*Vec(nu9,-q3)*Vec(nu9,q2)*Vecr(nu15,p4)*Deng(p4,xiz,M4)^2*Deng(
      q2 + q3,xiw,M3)^2*Deng(p4 + q2 + q3,xiw,M3)^2*p4.p4*xiw^2*ufoGC58^2*
      ufoGC76*ufoGC69
       + 1/8*g_(1,6_,nu10)*g_(2,nu16)*FT2(g6)*FT2*g_(2,p4)*cFT(nu13,XX,i2,
      iufo11)*cFT(g7,XX,iufo11,j11)*flavourTag(fmu,j11,j12)*Vec(nu10,q2)*Vec(
      nu13,q3)*Vec(nu9,-q3)*Vec(nu9,q3)*Vec(nu15,q2)*Deng(p4,xiz,M4)^2*Deng(q2
       + q3,xiw,M3)^2*Deng(p4 + q2 + q3,xiw,M3)^2*p4.p4*xiw^2*ufoGC58^2*
      ufoGC76*ufoGC69
       + 1/8*g_(1,6_,nu10)*g_(2,nu16)*FT2(g6)*FT2*g_(2,p4)*cFT(nu13,XX,i2,
      iufo11)*cFT(g7,XX,iufo11,j11)*flavourTag(fmu,j11,j12)*Vec(nu10,q2)*Vec(
      nu13,q3)*Vec(nu9,-q3)*Vec(nu9,q3)*Vec(nu15,q3)*Deng(p4,xiz,M4)^2*Deng(q2
       + q3,xiw,M3)^2*Deng(p4 + q2 + q3,xiw,M3)^2*p4.p4*xiw^2*ufoGC58^2*
      ufoGC76*ufoGC69
       - 1/8*g_(1,6_,nu10)*g_(2,nu16)*FT2(g6)*FT2*g_(2,p4)*cFT(nu13,XX,i2,
      iufo11)*cFT(g7,XX,iufo11,j11)*flavourTag(fmu,j11,j12)*Vec(nu10,q2)*Vec(
      nu13,q3)*Vec(nu9,-q3)*Vec(nu9,q3)*Vecr(nu16,p4)*Deng(p4,xiz,M4)*Deng(q2
       + q3,xiw,M3)^2*Deng(p4 + q2 + q3,xiw,M3)^2*xiw^2*ufoGC58^2*ufoGC76*
      ufoGC69
       + 1/8*g_(1,6_,nu10)*g_(2,nu16)*FT2(g6)*FT2*g_(2,p4)*cFT(nu13,XX,i2,
      iufo11)*cFT(g7,XX,iufo11,j11)*flavourTag(fmu,j11,j12)*Vec(nu10,q2)*Vec(
      nu13,q3)*Vec(nu9,-q3)*Vec(nu9,q3)*Vecr(nu15,p4)*Deng(p4,xiz,M4)^2*Deng(
      q2 + q3,xiw,M3)^2*Deng(p4 + q2 + q3,xiw,M3)^2*p4.p4*xiw^2*ufoGC58^2*
      ufoGC76*ufoGC69
       - 1/8*g_(1,6_,nu10)*g_(2,nu16)*FT2(g6)*FT2*g_(2,p4)*cFT(nu13,XX,i2,
      iufo11)*cFT(g7,XX,iufo11,j11)*flavourTag(fmu,j11,j12)*Vec(nu10,q2)*Vec(
      nu13,q3)*Vec(nu14,q2)^2*Vec(nu15,-p4)*Deng(p4,xiz,M4)^2*Deng(q2 + q3,xiw
      ,M3)^2*Deng(p4 + q2 + q3,xiw,M3)^2*p4.p4*xiw^2*ufoGC58^2*ufoGC76*ufoGC69
       - 1/8*g_(1,6_,nu10)*g_(2,nu16)*FT2(g6)*FT2*g_(2,p4)*cFT(nu13,XX,i2,
      iufo11)*cFT(g7,XX,iufo11,j11)*flavourTag(fmu,j11,j12)*Vec(nu10,q2)*Vec(
      nu13,q3)*Vec(nu14,q2)^2*Vec(nu15,-q2)*Deng(p4,xiz,M4)^2*Deng(q2 + q3,xiw
      ,M3)^2*Deng(p4 + q2 + q3,xiw,M3)^2*p4.p4*xiw^2*ufoGC58^2*ufoGC76*ufoGC69
       - 1/8*g_(1,6_,nu10)*g_(2,nu16)*FT2(g6)*FT2*g_(2,p4)*cFT(nu13,XX,i2,
      iufo11)*cFT(g7,XX,iufo11,j11)*flavourTag(fmu,j11,j12)*Vec(nu10,q2)*Vec(
      nu13,q3)*Vec(nu14,q2)^2*Vec(nu15,-q3)*Deng(p4,xiz,M4)^2*Deng(q2 + q3,xiw
      ,M3)^2*Deng(p4 + q2 + q3,xiw,M3)^2*p4.p4*xiw^2*ufoGC58^2*ufoGC76*ufoGC69
       - 1/4*g_(1,6_,nu10)*g_(2,nu16)*FT2(g6)*FT2*g_(2,p4)*cFT(nu13,XX,i2,
      iufo11)*cFT(g7,XX,iufo11,j11)*flavourTag(fmu,j11,j12)*Vec(nu10,q2)*Vec(
      nu13,q3)*Vec(nu14,q2)*Vec(nu14,q3)*Vec(nu15,-p4)*Deng(p4,xiz,M4)^2*Deng(
      q2 + q3,xiw,M3)^2*Deng(p4 + q2 + q3,xiw,M3)^2*p4.p4*xiw^2*ufoGC58^2*
      ufoGC76*ufoGC69
       - 1/4*g_(1,6_,nu10)*g_(2,nu16)*FT2(g6)*FT2*g_(2,p4)*cFT(nu13,XX,i2,
      iufo11)*cFT(g7,XX,iufo11,j11)*flavourTag(fmu,j11,j12)*Vec(nu10,q2)*Vec(
      nu13,q3)*Vec(nu14,q2)*Vec(nu14,q3)*Vec(nu15,-q2)*Deng(p4,xiz,M4)^2*Deng(
      q2 + q3,xiw,M3)^2*Deng(p4 + q2 + q3,xiw,M3)^2*p4.p4*xiw^2*ufoGC58^2*
      ufoGC76*ufoGC69
       - 1/4*g_(1,6_,nu10)*g_(2,nu16)*FT2(g6)*FT2*g_(2,p4)*cFT(nu13,XX,i2,
      iufo11)*cFT(g7,XX,iufo11,j11)*flavourTag(fmu,j11,j12)*Vec(nu10,q2)*Vec(
      nu13,q3)*Vec(nu14,q2)*Vec(nu14,q3)*Vec(nu15,-q3)*Deng(p4,xiz,M4)^2*Deng(
      q2 + q3,xiw,M3)^2*Deng(p4 + q2 + q3,xiw,M3)^2*p4.p4*xiw^2*ufoGC58^2*
      ufoGC76*ufoGC69
       + 1/8*g_(1,6_,nu10)*g_(2,nu16)*FT2(g6)*FT2*g_(2,p4)*cFT(nu13,XX,i2,
      iufo11)*cFT(g7,XX,iufo11,j11)*flavourTag(fmu,j11,j12)*Vec(nu10,q2)*Vec(
      nu13,q3)*Vec(nu14,q2)*Vec(nu15,q2)*Vecr(nu15,p4)*Deng(p4,xiz,M4)^2*Deng(
      q2 + q3,xiw,M3)^2*Deng(p4 + q2 + q3,xiw,M3)^2*p4.p4*xiw^2*ufoGC58^2*
      ufoGC76*ufoGC69
       + 1/8*g_(1,6_,nu10)*g_(2,nu16)*FT2(g6)*FT2*g_(2,p4)*cFT(nu13,XX,i2,
      iufo11)*cFT(g7,XX,iufo11,j11)*flavourTag(fmu,j11,j12)*Vec(nu10,q2)*Vec(
      nu13,q3)*Vec(nu14,q2)*Vec(nu15,q3)*Vecr(nu15,p4)*Deng(p4,xiz,M4)^2*Deng(
      q2 + q3,xiw,M3)^2*Deng(p4 + q2 + q3,xiw,M3)^2*p4.p4*xiw^2*ufoGC58^2*
      ufoGC76*ufoGC69
       - 1/8*g_(1,6_,nu10)*g_(2,nu16)*FT2(g6)*FT2*g_(2,p4)*cFT(nu13,XX,i2,
      iufo11)*cFT(g7,XX,iufo11,j11)*flavourTag(fmu,j11,j12)*Vec(nu10,q2)*Vec(
      nu13,q3)*Vec(nu14,q2)*Vec(nu15,-p4)*Vecr(nu15,p4)*Deng(p4,xiz,M4)^2*
      Deng(q2 + q3,xiw,M3)^2*Deng(p4 + q2 + q3,xiw,M3)^2*p4.p4*xiw^2*ufoGC58^2
      *ufoGC76*ufoGC69
       - 1/8*g_(1,6_,nu10)*g_(2,nu16)*FT2(g6)*FT2*g_(2,p4)*cFT(nu13,XX,i2,
      iufo11)*cFT(g7,XX,iufo11,j11)*flavourTag(fmu,j11,j12)*Vec(nu10,q2)*Vec(
      nu13,q3)*Vec(nu14,q2)*Vec(nu15,-q2)*Vecr(nu15,p4)*Deng(p4,xiz,M4)^2*
      Deng(q2 + q3,xiw,M3)^2*Deng(p4 + q2 + q3,xiw,M3)^2*p4.p4*xiw^2*ufoGC58^2
      *ufoGC76*ufoGC69
       - 1/8*g_(1,6_,nu10)*g_(2,nu16)*FT2(g6)*FT2*g_(2,p4)*cFT(nu13,XX,i2,
      iufo11)*cFT(g7,XX,iufo11,j11)*flavourTag(fmu,j11,j12)*Vec(nu10,q2)*Vec(
      nu13,q3)*Vec(nu14,q2)*Vec(nu15,-q3)*Vecr(nu15,p4)*Deng(p4,xiz,M4)^2*
      Deng(q2 + q3,xiw,M3)^2*Deng(p4 + q2 + q3,xiw,M3)^2*p4.p4*xiw^2*ufoGC58^2
      *ufoGC76*ufoGC69
       - 1/8*g_(1,6_,nu10)*g_(2,nu16)*FT2(g6)*FT2*g_(2,p4)*cFT(nu13,XX,i2,
      iufo11)*cFT(g7,XX,iufo11,j11)*flavourTag(fmu,j11,j12)*Vec(nu10,q2)*Vec(
      nu13,q3)*Vec(nu14,q3)^2*Vec(nu15,-p4)*Deng(p4,xiz,M4)^2*Deng(q2 + q3,xiw
      ,M3)^2*Deng(p4 + q2 + q3,xiw,M3)^2*p4.p4*xiw^2*ufoGC58^2*ufoGC76*ufoGC69
       - 1/8*g_(1,6_,nu10)*g_(2,nu16)*FT2(g6)*FT2*g_(2,p4)*cFT(nu13,XX,i2,
      iufo11)*cFT(g7,XX,iufo11,j11)*flavourTag(fmu,j11,j12)*Vec(nu10,q2)*Vec(
      nu13,q3)*Vec(nu14,q3)^2*Vec(nu15,-q2)*Deng(p4,xiz,M4)^2*Deng(q2 + q3,xiw
      ,M3)^2*Deng(p4 + q2 + q3,xiw,M3)^2*p4.p4*xiw^2*ufoGC58^2*ufoGC76*ufoGC69
       - 1/8*g_(1,6_,nu10)*g_(2,nu16)*FT2(g6)*FT2*g_(2,p4)*cFT(nu13,XX,i2,
      iufo11)*cFT(g7,XX,iufo11,j11)*flavourTag(fmu,j11,j12)*Vec(nu10,q2)*Vec(
      nu13,q3)*Vec(nu14,q3)^2*Vec(nu15,-q3)*Deng(p4,xiz,M4)^2*Deng(q2 + q3,xiw
      ,M3)^2*Deng(p4 + q2 + q3,xiw,M3)^2*p4.p4*xiw^2*ufoGC58^2*ufoGC76*ufoGC69
       + 1/8*g_(1,6_,nu10)*g_(2,nu16)*FT2(g6)*FT2*g_(2,p4)*cFT(nu13,XX,i2,
      iufo11)*cFT(g7,XX,iufo11,j11)*flavourTag(fmu,j11,j12)*Vec(nu10,q2)*Vec(
      nu13,q3)*Vec(nu14,q3)*Vec(nu15,q2)*Vecr(nu15,p4)*Deng(p4,xiz,M4)^2*Deng(
      q2 + q3,xiw,M3)^2*Deng(p4 + q2 + q3,xiw,M3)^2*p4.p4*xiw^2*ufoGC58^2*
      ufoGC76*ufoGC69
       + 1/8*g_(1,6_,nu10)*g_(2,nu16)*FT2(g6)*FT2*g_(2,p4)*cFT(nu13,XX,i2,
      iufo11)*cFT(g7,XX,iufo11,j11)*flavourTag(fmu,j11,j12)*Vec(nu10,q2)*Vec(
      nu13,q3)*Vec(nu14,q3)*Vec(nu15,q3)*Vecr(nu15,p4)*Deng(p4,xiz,M4)^2*Deng(
      q2 + q3,xiw,M3)^2*Deng(p4 + q2 + q3,xiw,M3)^2*p4.p4*xiw^2*ufoGC58^2*
      ufoGC76*ufoGC69
       - 1/8*g_(1,6_,nu10)*g_(2,nu16)*FT2(g6)*FT2*g_(2,p4)*cFT(nu13,XX,i2,
      iufo11)*cFT(g7,XX,iufo11,j11)*flavourTag(fmu,j11,j12)*Vec(nu10,q2)*Vec(
      nu13,q3)*Vec(nu14,q3)*Vec(nu15,-p4)*Vecr(nu15,p4)*Deng(p4,xiz,M4)^2*
      Deng(q2 + q3,xiw,M3)^2*Deng(p4 + q2 + q3,xiw,M3)^2*p4.p4*xiw^2*ufoGC58^2
      *ufoGC76*ufoGC69
       - 1/8*g_(1,6_,nu10)*g_(2,nu16)*FT2(g6)*FT2*g_(2,p4)*cFT(nu13,XX,i2,
      iufo11)*cFT(g7,XX,iufo11,j11)*flavourTag(fmu,j11,j12)*Vec(nu10,q2)*Vec(
      nu13,q3)*Vec(nu14,q3)*Vec(nu15,-q2)*Vecr(nu15,p4)*Deng(p4,xiz,M4)^2*
      Deng(q2 + q3,xiw,M3)^2*Deng(p4 + q2 + q3,xiw,M3)^2*p4.p4*xiw^2*ufoGC58^2
      *ufoGC76*ufoGC69
       - 1/8*g_(1,6_,nu10)*g_(2,nu16)*FT2(g6)*FT2*g_(2,p4)*cFT(nu13,XX,i2,
      iufo11)*cFT(g7,XX,iufo11,j11)*flavourTag(fmu,j11,j12)*Vec(nu10,q2)*Vec(
      nu13,q3)*Vec(nu14,q3)*Vec(nu15,-q3)*Vecr(nu15,p4)*Deng(p4,xiz,M4)^2*
      Deng(q2 + q3,xiw,M3)^2*Deng(p4 + q2 + q3,xiw,M3)^2*p4.p4*xiw^2*ufoGC58^2
      *ufoGC76*ufoGC69
       + 1/8*g_(1,6_,nu10)*g_(2,nu16)*FT2(g6)*FT2*g_(2,p4)*cFT(nu13,XX,i2,
      iufo11)*cFT(g7,XX,iufo11,j11)*flavourTag(fmu,j11,j12)*Vec(nu10,q2)*Vec(
      nu13,q3)*Vec(nu15,q2)*Deng(p4,xiz,M4)^2*Deng(q2 + q3,xiw,M3)^2*Deng(p4
       + q2 + q3,xiw,M3)^2*p4.p4^2*xiw^2*ufoGC58^2*ufoGC76*ufoGC69
       + 1/8*g_(1,6_,nu10)*g_(2,nu16)*FT2(g6)*FT2*g_(2,p4)*cFT(nu13,XX,i2,
      iufo11)*cFT(g7,XX,iufo11,j11)*flavourTag(fmu,j11,j12)*Vec(nu10,q2)*Vec(
      nu13,q3)*Vec(nu15,q3)*Deng(p4,xiz,M4)^2*Deng(q2 + q3,xiw,M3)^2*Deng(p4
       + q2 + q3,xiw,M3)^2*p4.p4^2*xiw^2*ufoGC58^2*ufoGC76*ufoGC69
       - 1/8*g_(1,6_,nu10)*g_(2,nu16)*FT2(g6)*FT2*g_(2,p4)*cFT(nu13,XX,i2,
      iufo11)*cFT(g7,XX,iufo11,j11)*flavourTag(fmu,j11,j12)*Vec(nu10,q2)*Vec(
      nu9,q2)*Vec(nu15,q2)*Deng(p4,xiz,M4)^2*Deng(q2 + q3,xiw,M3)^2*Deng(p4 + 
      q2 + q3,xiw,M3)^2*p4.p4^2*xiw^2*ufoGC58^2*ufoGC76*ufoGC69
       - 1/8*g_(1,6_,nu10)*g_(2,nu16)*FT2(g6)*FT2*g_(2,p4)*cFT(nu13,XX,i2,
      iufo11)*cFT(g7,XX,iufo11,j11)*flavourTag(fmu,j11,j12)*Vec(nu10,q2)*Vec(
      nu9,q2)*Vec(nu15,q3)*Deng(p4,xiz,M4)^2*Deng(q2 + q3,xiw,M3)^2*Deng(p4 + 
      q2 + q3,xiw,M3)^2*p4.p4^2*xiw^2*ufoGC58^2*ufoGC76*ufoGC69
       + 1/8*g_(1,6_,nu10)*g_(2,nu16)*FT2(g6)*FT2*g_(2,p4)*cFT(nu13,XX,i2,
      iufo11)*cFT(g7,XX,iufo11,j11)*flavourTag(fmu,j11,j12)*Vec(nu10,q2)*Vec(
      nu9,q2)*Vecr(nu9,p4)*Deng(p4,xiz,M4)*Deng(q2 + q3,xiw,M3)^2*Deng(p4 + q2
       + q3,xiw,M3)^2*p4.p4*xiw^2*ufoGC58^2*ufoGC76*ufoGC69
       - 1/8*g_(1,6_,nu10)*g_(2,nu16)*FT2(g6)*FT2*g_(2,p4)*cFT(nu13,XX,i2,
      iufo11)*cFT(g7,XX,iufo11,j11)*flavourTag(fmu,j11,j12)*Vec(nu10,q2)*Vec(
      nu9,q2)*Vecr(nu15,p4)*Deng(p4,xiz,M4)^2*Deng(q2 + q3,xiw,M3)^2*Deng(p4
       + q2 + q3,xiw,M3)^2*p4.p4^2*xiw^2*ufoGC58^2*ufoGC76*ufoGC69
       - 1/8*g_(1,6_,nu10)*g_(2,nu16)*FT2(g6)*FT2*g_(2,p4)*cFT(nu13,XX,i2,
      iufo11)*cFT(g7,XX,iufo11,j11)*flavourTag(fmu,j11,j12)*Vec(nu10,q2)*Vec(
      nu9,q3)*Vec(nu15,q2)*Deng(p4,xiz,M4)^2*Deng(q2 + q3,xiw,M3)^2*Deng(p4 + 
      q2 + q3,xiw,M3)^2*p4.p4^2*xiw^2*ufoGC58^2*ufoGC76*ufoGC69
       - 1/8*g_(1,6_,nu10)*g_(2,nu16)*FT2(g6)*FT2*g_(2,p4)*cFT(nu13,XX,i2,
      iufo11)*cFT(g7,XX,iufo11,j11)*flavourTag(fmu,j11,j12)*Vec(nu10,q2)*Vec(
      nu9,q3)*Vec(nu15,q3)*Deng(p4,xiz,M4)^2*Deng(q2 + q3,xiw,M3)^2*Deng(p4 + 
      q2 + q3,xiw,M3)^2*p4.p4^2*xiw^2*ufoGC58^2*ufoGC76*ufoGC69
       + 1/8*g_(1,6_,nu10)*g_(2,nu16)*FT2(g6)*FT2*g_(2,p4)*cFT(nu13,XX,i2,
      iufo11)*cFT(g7,XX,iufo11,j11)*flavourTag(fmu,j11,j12)*Vec(nu10,q2)*Vec(
      nu9,q3)*Vecr(nu9,p4)*Deng(p4,xiz,M4)*Deng(q2 + q3,xiw,M3)^2*Deng(p4 + q2
       + q3,xiw,M3)^2*p4.p4*xiw^2*ufoGC58^2*ufoGC76*ufoGC69
       - 1/8*g_(1,6_,nu10)*g_(2,nu16)*FT2(g6)*FT2*g_(2,p4)*cFT(nu13,XX,i2,
      iufo11)*cFT(g7,XX,iufo11,j11)*flavourTag(fmu,j11,j12)*Vec(nu10,q2)*Vec(
      nu9,q3)*Vecr(nu15,p4)*Deng(p4,xiz,M4)^2*Deng(q2 + q3,xiw,M3)^2*Deng(p4
       + q2 + q3,xiw,M3)^2*p4.p4^2*xiw^2*ufoGC58^2*ufoGC76*ufoGC69
       + 1/8*g_(1,6_,nu10)*g_(2,nu16)*FT2(g6)*FT2*g_(2,p4)*cFT(nu13,XX,i2,
      iufo11)*cFT(g7,XX,iufo11,j11)*flavourTag(fmu,j11,j12)*Vec(nu10,q2)*Vec(
      nu9,-p4)*Vec(nu9,q2)*Vec(nu15,q2)*Vecr(nu15,p4)*Deng(p4,xiz,M4)^2*Deng(
      q2 + q3,xiw,M3)^2*Deng(p4 + q2 + q3,xiw,M3)^2*p4.p4*xiw^2*ufoGC58^2*
      ufoGC76*ufoGC69
       + 1/8*g_(1,6_,nu10)*g_(2,nu16)*FT2(g6)*FT2*g_(2,p4)*cFT(nu13,XX,i2,
      iufo11)*cFT(g7,XX,iufo11,j11)*flavourTag(fmu,j11,j12)*Vec(nu10,q2)*Vec(
      nu9,-p4)*Vec(nu9,q2)*Vec(nu15,q3)*Vecr(nu15,p4)*Deng(p4,xiz,M4)^2*Deng(
      q2 + q3,xiw,M3)^2*Deng(p4 + q2 + q3,xiw,M3)^2*p4.p4*xiw^2*ufoGC58^2*
      ufoGC76*ufoGC69
       - 1/8*g_(1,6_,nu10)*g_(2,nu16)*FT2(g6)*FT2*g_(2,p4)*cFT(nu13,XX,i2,
      iufo11)*cFT(g7,XX,iufo11,j11)*flavourTag(fmu,j11,j12)*Vec(nu10,q2)*Vec(
      nu9,-p4)*Vec(nu9,q2)*Deng(p4,xiz,M4)*Deng(q2 + q3,xiw,M3)^2*Deng(p4 + q2
       + q3,xiw,M3)^2*p4.p4*xiw^2*ufoGC58^2*ufoGC76*ufoGC69
       + 1/8*g_(1,6_,nu10)*g_(2,nu16)*FT2(g6)*FT2*g_(2,p4)*cFT(nu13,XX,i2,
      iufo11)*cFT(g7,XX,iufo11,j11)*flavourTag(fmu,j11,j12)*Vec(nu10,q2)*Vec(
      nu9,-p4)*Vec(nu9,q2)*Deng(p4,xiz,M4)^2*Deng(q2 + q3,xiw,M3)^2*Deng(p4 + 
      q2 + q3,xiw,M3)^2*p4.p4^2*xiw^2*ufoGC58^2*ufoGC76*ufoGC69
       + 1/8*g_(1,6_,nu10)*g_(2,nu16)*FT2(g6)*FT2*g_(2,p4)*cFT(nu13,XX,i2,
      iufo11)*cFT(g7,XX,iufo11,j11)*flavourTag(fmu,j11,j12)*Vec(nu10,q2)*Vec(
      nu9,-p4)*Vec(nu9,q3)*Vec(nu15,q2)*Vecr(nu15,p4)*Deng(p4,xiz,M4)^2*Deng(
      q2 + q3,xiw,M3)^2*Deng(p4 + q2 + q3,xiw,M3)^2*p4.p4*xiw^2*ufoGC58^2*
      ufoGC76*ufoGC69
       + 1/8*g_(1,6_,nu10)*g_(2,nu16)*FT2(g6)*FT2*g_(2,p4)*cFT(nu13,XX,i2,
      iufo11)*cFT(g7,XX,iufo11,j11)*flavourTag(fmu,j11,j12)*Vec(nu10,q2)*Vec(
      nu9,-p4)*Vec(nu9,q3)*Vec(nu15,q3)*Vecr(nu15,p4)*Deng(p4,xiz,M4)^2*Deng(
      q2 + q3,xiw,M3)^2*Deng(p4 + q2 + q3,xiw,M3)^2*p4.p4*xiw^2*ufoGC58^2*
      ufoGC76*ufoGC69
       - 1/8*g_(1,6_,nu10)*g_(2,nu16)*FT2(g6)*FT2*g_(2,p4)*cFT(nu13,XX,i2,
      iufo11)*cFT(g7,XX,iufo11,j11)*flavourTag(fmu,j11,j12)*Vec(nu10,q2)*Vec(
      nu9,-p4)*Vec(nu9,q3)*Deng(p4,xiz,M4)*Deng(q2 + q3,xiw,M3)^2*Deng(p4 + q2
       + q3,xiw,M3)^2*p4.p4*xiw^2*ufoGC58^2*ufoGC76*ufoGC69
       + 1/8*g_(1,6_,nu10)*g_(2,nu16)*FT2(g6)*FT2*g_(2,p4)*cFT(nu13,XX,i2,
      iufo11)*cFT(g7,XX,iufo11,j11)*flavourTag(fmu,j11,j12)*Vec(nu10,q2)*Vec(
      nu9,-p4)*Vec(nu9,q3)*Deng(p4,xiz,M4)^2*Deng(q2 + q3,xiw,M3)^2*Deng(p4 + 
      q2 + q3,xiw,M3)^2*p4.p4^2*xiw^2*ufoGC58^2*ufoGC76*ufoGC69
       + 1/8*g_(1,6_,nu10)*g_(2,nu16)*FT2(g6)*FT2*g_(2,p4)*cFT(nu13,XX,i2,
      iufo11)*cFT(g7,XX,iufo11,j11)*flavourTag(fmu,j11,j12)*Vec(nu10,q2)*Vec(
      nu9,-q2)*Vec(nu9,q2)*Vec(nu15,q2)*Vecr(nu15,p4)*Deng(p4,xiz,M4)^2*Deng(
      q2 + q3,xiw,M3)^2*Deng(p4 + q2 + q3,xiw,M3)^2*p4.p4*xiw^2*ufoGC58^2*
      ufoGC76*ufoGC69
       + 1/8*g_(1,6_,nu10)*g_(2,nu16)*FT2(g6)*FT2*g_(2,p4)*cFT(nu13,XX,i2,
      iufo11)*cFT(g7,XX,iufo11,j11)*flavourTag(fmu,j11,j12)*Vec(nu10,q2)*Vec(
      nu9,-q2)*Vec(nu9,q2)*Vec(nu15,q3)*Vecr(nu15,p4)*Deng(p4,xiz,M4)^2*Deng(
      q2 + q3,xiw,M3)^2*Deng(p4 + q2 + q3,xiw,M3)^2*p4.p4*xiw^2*ufoGC58^2*
      ufoGC76*ufoGC69
       - 1/8*g_(1,6_,nu10)*g_(2,nu16)*FT2(g6)*FT2*g_(2,p4)*cFT(nu13,XX,i2,
      iufo11)*cFT(g7,XX,iufo11,j11)*flavourTag(fmu,j11,j12)*Vec(nu10,q2)*Vec(
      nu9,-q2)*Vec(nu9,q2)*Deng(p4,xiz,M4)*Deng(q2 + q3,xiw,M3)^2*Deng(p4 + q2
       + q3,xiw,M3)^2*p4.p4*xiw^2*ufoGC58^2*ufoGC76*ufoGC69
       + 1/8*g_(1,6_,nu10)*g_(2,nu16)*FT2(g6)*FT2*g_(2,p4)*cFT(nu13,XX,i2,
      iufo11)*cFT(g7,XX,iufo11,j11)*flavourTag(fmu,j11,j12)*Vec(nu10,q2)*Vec(
      nu9,-q2)*Vec(nu9,q2)*Deng(p4,xiz,M4)^2*Deng(q2 + q3,xiw,M3)^2*Deng(p4 + 
      q2 + q3,xiw,M3)^2*p4.p4^2*xiw^2*ufoGC58^2*ufoGC76*ufoGC69
       + 1/8*g_(1,6_,nu10)*g_(2,nu16)*FT2(g6)*FT2*g_(2,p4)*cFT(nu13,XX,i2,
      iufo11)*cFT(g7,XX,iufo11,j11)*flavourTag(fmu,j11,j12)*Vec(nu10,q2)*Vec(
      nu9,-q2)*Vec(nu9,q3)*Vec(nu15,q2)*Vecr(nu15,p4)*Deng(p4,xiz,M4)^2*Deng(
      q2 + q3,xiw,M3)^2*Deng(p4 + q2 + q3,xiw,M3)^2*p4.p4*xiw^2*ufoGC58^2*
      ufoGC76*ufoGC69
       + 1/8*g_(1,6_,nu10)*g_(2,nu16)*FT2(g6)*FT2*g_(2,p4)*cFT(nu13,XX,i2,
      iufo11)*cFT(g7,XX,iufo11,j11)*flavourTag(fmu,j11,j12)*Vec(nu10,q2)*Vec(
      nu9,-q2)*Vec(nu9,q3)*Vec(nu15,q3)*Vecr(nu15,p4)*Deng(p4,xiz,M4)^2*Deng(
      q2 + q3,xiw,M3)^2*Deng(p4 + q2 + q3,xiw,M3)^2*p4.p4*xiw^2*ufoGC58^2*
      ufoGC76*ufoGC69
       - 1/8*g_(1,6_,nu10)*g_(2,nu16)*FT2(g6)*FT2*g_(2,p4)*cFT(nu13,XX,i2,
      iufo11)*cFT(g7,XX,iufo11,j11)*flavourTag(fmu,j11,j12)*Vec(nu10,q2)*Vec(
      nu9,-q2)*Vec(nu9,q3)*Deng(p4,xiz,M4)*Deng(q2 + q3,xiw,M3)^2*Deng(p4 + q2
       + q3,xiw,M3)^2*p4.p4*xiw^2*ufoGC58^2*ufoGC76*ufoGC69
       + 1/8*g_(1,6_,nu10)*g_(2,nu16)*FT2(g6)*FT2*g_(2,p4)*cFT(nu13,XX,i2,
      iufo11)*cFT(g7,XX,iufo11,j11)*flavourTag(fmu,j11,j12)*Vec(nu10,q2)*Vec(
      nu9,-q2)*Vec(nu9,q3)*Deng(p4,xiz,M4)^2*Deng(q2 + q3,xiw,M3)^2*Deng(p4 + 
      q2 + q3,xiw,M3)^2*p4.p4^2*xiw^2*ufoGC58^2*ufoGC76*ufoGC69
       + 1/8*g_(1,6_,nu10)*g_(2,nu16)*FT2(g6)*FT2*g_(2,p4)*cFT(nu13,XX,i2,
      iufo11)*cFT(g7,XX,iufo11,j11)*flavourTag(fmu,j11,j12)*Vec(nu10,q2)*Vec(
      nu9,-q3)*Vec(nu9,q2)*Vec(nu15,q2)*Vecr(nu15,p4)*Deng(p4,xiz,M4)^2*Deng(
      q2 + q3,xiw,M3)^2*Deng(p4 + q2 + q3,xiw,M3)^2*p4.p4*xiw^2*ufoGC58^2*
      ufoGC76*ufoGC69
       + 1/8*g_(1,6_,nu10)*g_(2,nu16)*FT2(g6)*FT2*g_(2,p4)*cFT(nu13,XX,i2,
      iufo11)*cFT(g7,XX,iufo11,j11)*flavourTag(fmu,j11,j12)*Vec(nu10,q2)*Vec(
      nu9,-q3)*Vec(nu9,q2)*Vec(nu15,q3)*Vecr(nu15,p4)*Deng(p4,xiz,M4)^2*Deng(
      q2 + q3,xiw,M3)^2*Deng(p4 + q2 + q3,xiw,M3)^2*p4.p4*xiw^2*ufoGC58^2*
      ufoGC76*ufoGC69
       - 1/8*g_(1,6_,nu10)*g_(2,nu16)*FT2(g6)*FT2*g_(2,p4)*cFT(nu13,XX,i2,
      iufo11)*cFT(g7,XX,iufo11,j11)*flavourTag(fmu,j11,j12)*Vec(nu10,q2)*Vec(
      nu9,-q3)*Vec(nu9,q2)*Deng(p4,xiz,M4)*Deng(q2 + q3,xiw,M3)^2*Deng(p4 + q2
       + q3,xiw,M3)^2*p4.p4*xiw^2*ufoGC58^2*ufoGC76*ufoGC69
       + 1/8*g_(1,6_,nu10)*g_(2,nu16)*FT2(g6)*FT2*g_(2,p4)*cFT(nu13,XX,i2,
      iufo11)*cFT(g7,XX,iufo11,j11)*flavourTag(fmu,j11,j12)*Vec(nu10,q2)*Vec(
      nu9,-q3)*Vec(nu9,q2)*Deng(p4,xiz,M4)^2*Deng(q2 + q3,xiw,M3)^2*Deng(p4 + 
      q2 + q3,xiw,M3)^2*p4.p4^2*xiw^2*ufoGC58^2*ufoGC76*ufoGC69
       + 1/8*g_(1,6_,nu10)*g_(2,nu16)*FT2(g6)*FT2*g_(2,p4)*cFT(nu13,XX,i2,
      iufo11)*cFT(g7,XX,iufo11,j11)*flavourTag(fmu,j11,j12)*Vec(nu10,q2)*Vec(
      nu9,-q3)*Vec(nu9,q3)*Vec(nu15,q2)*Vecr(nu15,p4)*Deng(p4,xiz,M4)^2*Deng(
      q2 + q3,xiw,M3)^2*Deng(p4 + q2 + q3,xiw,M3)^2*p4.p4*xiw^2*ufoGC58^2*
      ufoGC76*ufoGC69
       + 1/8*g_(1,6_,nu10)*g_(2,nu16)*FT2(g6)*FT2*g_(2,p4)*cFT(nu13,XX,i2,
      iufo11)*cFT(g7,XX,iufo11,j11)*flavourTag(fmu,j11,j12)*Vec(nu10,q2)*Vec(
      nu9,-q3)*Vec(nu9,q3)*Vec(nu15,q3)*Vecr(nu15,p4)*Deng(p4,xiz,M4)^2*Deng(
      q2 + q3,xiw,M3)^2*Deng(p4 + q2 + q3,xiw,M3)^2*p4.p4*xiw^2*ufoGC58^2*
      ufoGC76*ufoGC69
       - 1/8*g_(1,6_,nu10)*g_(2,nu16)*FT2(g6)*FT2*g_(2,p4)*cFT(nu13,XX,i2,
      iufo11)*cFT(g7,XX,iufo11,j11)*flavourTag(fmu,j11,j12)*Vec(nu10,q2)*Vec(
      nu9,-q3)*Vec(nu9,q3)*Deng(p4,xiz,M4)*Deng(q2 + q3,xiw,M3)^2*Deng(p4 + q2
       + q3,xiw,M3)^2*p4.p4*xiw^2*ufoGC58^2*ufoGC76*ufoGC69
       + 1/8*g_(1,6_,nu10)*g_(2,nu16)*FT2(g6)*FT2*g_(2,p4)*cFT(nu13,XX,i2,
      iufo11)*cFT(g7,XX,iufo11,j11)*flavourTag(fmu,j11,j12)*Vec(nu10,q2)*Vec(
      nu9,-q3)*Vec(nu9,q3)*Deng(p4,xiz,M4)^2*Deng(q2 + q3,xiw,M3)^2*Deng(p4 + 
      q2 + q3,xiw,M3)^2*p4.p4^2*xiw^2*ufoGC58^2*ufoGC76*ufoGC69
       - 1/8*g_(1,6_,nu10)*g_(2,nu16)*FT2(g6)*FT2*g_(2,p4)*cFT(nu13,XX,i2,
      iufo11)*cFT(g7,XX,iufo11,j11)*flavourTag(fmu,j11,j12)*Vec(nu10,q2)*Vec(
      nu14,q2)^2*Vec(nu15,-p4)*Vecr(nu15,p4)*Deng(p4,xiz,M4)^2*Deng(q2 + q3,
      xiw,M3)^2*Deng(p4 + q2 + q3,xiw,M3)^2*p4.p4*xiw^2*ufoGC58^2*ufoGC76*
      ufoGC69
       - 1/8*g_(1,6_,nu10)*g_(2,nu16)*FT2(g6)*FT2*g_(2,p4)*cFT(nu13,XX,i2,
      iufo11)*cFT(g7,XX,iufo11,j11)*flavourTag(fmu,j11,j12)*Vec(nu10,q2)*Vec(
      nu14,q2)^2*Vec(nu15,-q2)*Vecr(nu15,p4)*Deng(p4,xiz,M4)^2*Deng(q2 + q3,
      xiw,M3)^2*Deng(p4 + q2 + q3,xiw,M3)^2*p4.p4*xiw^2*ufoGC58^2*ufoGC76*
      ufoGC69
       - 1/8*g_(1,6_,nu10)*g_(2,nu16)*FT2(g6)*FT2*g_(2,p4)*cFT(nu13,XX,i2,
      iufo11)*cFT(g7,XX,iufo11,j11)*flavourTag(fmu,j11,j12)*Vec(nu10,q2)*Vec(
      nu14,q2)^2*Vec(nu15,-q3)*Vecr(nu15,p4)*Deng(p4,xiz,M4)^2*Deng(q2 + q3,
      xiw,M3)^2*Deng(p4 + q2 + q3,xiw,M3)^2*p4.p4*xiw^2*ufoGC58^2*ufoGC76*
      ufoGC69
       - 1/4*g_(1,6_,nu10)*g_(2,nu16)*FT2(g6)*FT2*g_(2,p4)*cFT(nu13,XX,i2,
      iufo11)*cFT(g7,XX,iufo11,j11)*flavourTag(fmu,j11,j12)*Vec(nu10,q2)*Vec(
      nu14,q2)*Vec(nu14,q3)*Vec(nu15,-p4)*Vecr(nu15,p4)*Deng(p4,xiz,M4)^2*
      Deng(q2 + q3,xiw,M3)^2*Deng(p4 + q2 + q3,xiw,M3)^2*p4.p4*xiw^2*ufoGC58^2
      *ufoGC76*ufoGC69
       - 1/4*g_(1,6_,nu10)*g_(2,nu16)*FT2(g6)*FT2*g_(2,p4)*cFT(nu13,XX,i2,
      iufo11)*cFT(g7,XX,iufo11,j11)*flavourTag(fmu,j11,j12)*Vec(nu10,q2)*Vec(
      nu14,q2)*Vec(nu14,q3)*Vec(nu15,-q2)*Vecr(nu15,p4)*Deng(p4,xiz,M4)^2*
      Deng(q2 + q3,xiw,M3)^2*Deng(p4 + q2 + q3,xiw,M3)^2*p4.p4*xiw^2*ufoGC58^2
      *ufoGC76*ufoGC69
       - 1/4*g_(1,6_,nu10)*g_(2,nu16)*FT2(g6)*FT2*g_(2,p4)*cFT(nu13,XX,i2,
      iufo11)*cFT(g7,XX,iufo11,j11)*flavourTag(fmu,j11,j12)*Vec(nu10,q2)*Vec(
      nu14,q2)*Vec(nu14,q3)*Vec(nu15,-q3)*Vecr(nu15,p4)*Deng(p4,xiz,M4)^2*
      Deng(q2 + q3,xiw,M3)^2*Deng(p4 + q2 + q3,xiw,M3)^2*p4.p4*xiw^2*ufoGC58^2
      *ufoGC76*ufoGC69
       + 1/8*g_(1,6_,nu10)*g_(2,nu16)*FT2(g6)*FT2*g_(2,p4)*cFT(nu13,XX,i2,
      iufo11)*cFT(g7,XX,iufo11,j11)*flavourTag(fmu,j11,j12)*Vec(nu10,q2)*Vec(
      nu14,q2)*Vec(nu15,q2)*Deng(p4,xiz,M4)^2*Deng(q2 + q3,xiw,M3)^2*Deng(p4
       + q2 + q3,xiw,M3)^2*p4.p4^2*xiw^2*ufoGC58^2*ufoGC76*ufoGC69
       + 1/8*g_(1,6_,nu10)*g_(2,nu16)*FT2(g6)*FT2*g_(2,p4)*cFT(nu13,XX,i2,
      iufo11)*cFT(g7,XX,iufo11,j11)*flavourTag(fmu,j11,j12)*Vec(nu10,q2)*Vec(
      nu14,q2)*Vec(nu15,q3)*Deng(p4,xiz,M4)^2*Deng(q2 + q3,xiw,M3)^2*Deng(p4
       + q2 + q3,xiw,M3)^2*p4.p4^2*xiw^2*ufoGC58^2*ufoGC76*ufoGC69
       - 1/8*g_(1,6_,nu10)*g_(2,nu16)*FT2(g6)*FT2*g_(2,p4)*cFT(nu13,XX,i2,
      iufo11)*cFT(g7,XX,iufo11,j11)*flavourTag(fmu,j11,j12)*Vec(nu10,q2)*Vec(
      nu14,q2)*Vec(nu15,-p4)*Deng(p4,xiz,M4)^2*Deng(q2 + q3,xiw,M3)^2*Deng(p4
       + q2 + q3,xiw,M3)^2*p4.p4^2*xiw^2*ufoGC58^2*ufoGC76*ufoGC69
       - 1/8*g_(1,6_,nu10)*g_(2,nu16)*FT2(g6)*FT2*g_(2,p4)*cFT(nu13,XX,i2,
      iufo11)*cFT(g7,XX,iufo11,j11)*flavourTag(fmu,j11,j12)*Vec(nu10,q2)*Vec(
      nu14,q2)*Vec(nu15,-q2)*Deng(p4,xiz,M4)^2*Deng(q2 + q3,xiw,M3)^2*Deng(p4
       + q2 + q3,xiw,M3)^2*p4.p4^2*xiw^2*ufoGC58^2*ufoGC76*ufoGC69
       - 1/8*g_(1,6_,nu10)*g_(2,nu16)*FT2(g6)*FT2*g_(2,p4)*cFT(nu13,XX,i2,
      iufo11)*cFT(g7,XX,iufo11,j11)*flavourTag(fmu,j11,j12)*Vec(nu10,q2)*Vec(
      nu14,q2)*Vec(nu15,-q3)*Deng(p4,xiz,M4)^2*Deng(q2 + q3,xiw,M3)^2*Deng(p4
       + q2 + q3,xiw,M3)^2*p4.p4^2*xiw^2*ufoGC58^2*ufoGC76*ufoGC69
       - 1/8*g_(1,6_,nu10)*g_(2,nu16)*FT2(g6)*FT2*g_(2,p4)*cFT(nu13,XX,i2,
      iufo11)*cFT(g7,XX,iufo11,j11)*flavourTag(fmu,j11,j12)*Vec(nu10,q2)*Vec(
      nu14,q3)^2*Vec(nu15,-p4)*Vecr(nu15,p4)*Deng(p4,xiz,M4)^2*Deng(q2 + q3,
      xiw,M3)^2*Deng(p4 + q2 + q3,xiw,M3)^2*p4.p4*xiw^2*ufoGC58^2*ufoGC76*
      ufoGC69
       - 1/8*g_(1,6_,nu10)*g_(2,nu16)*FT2(g6)*FT2*g_(2,p4)*cFT(nu13,XX,i2,
      iufo11)*cFT(g7,XX,iufo11,j11)*flavourTag(fmu,j11,j12)*Vec(nu10,q2)*Vec(
      nu14,q3)^2*Vec(nu15,-q2)*Vecr(nu15,p4)*Deng(p4,xiz,M4)^2*Deng(q2 + q3,
      xiw,M3)^2*Deng(p4 + q2 + q3,xiw,M3)^2*p4.p4*xiw^2*ufoGC58^2*ufoGC76*
      ufoGC69
       - 1/8*g_(1,6_,nu10)*g_(2,nu16)*FT2(g6)*FT2*g_(2,p4)*cFT(nu13,XX,i2,
      iufo11)*cFT(g7,XX,iufo11,j11)*flavourTag(fmu,j11,j12)*Vec(nu10,q2)*Vec(
      nu14,q3)^2*Vec(nu15,-q3)*Vecr(nu15,p4)*Deng(p4,xiz,M4)^2*Deng(q2 + q3,
      xiw,M3)^2*Deng(p4 + q2 + q3,xiw,M3)^2*p4.p4*xiw^2*ufoGC58^2*ufoGC76*
      ufoGC69
       + 1/8*g_(1,6_,nu10)*g_(2,nu16)*FT2(g6)*FT2*g_(2,p4)*cFT(nu13,XX,i2,
      iufo11)*cFT(g7,XX,iufo11,j11)*flavourTag(fmu,j11,j12)*Vec(nu10,q2)*Vec(
      nu14,q3)*Vec(nu15,q2)*Deng(p4,xiz,M4)^2*Deng(q2 + q3,xiw,M3)^2*Deng(p4
       + q2 + q3,xiw,M3)^2*p4.p4^2*xiw^2*ufoGC58^2*ufoGC76*ufoGC69
       + 1/8*g_(1,6_,nu10)*g_(2,nu16)*FT2(g6)*FT2*g_(2,p4)*cFT(nu13,XX,i2,
      iufo11)*cFT(g7,XX,iufo11,j11)*flavourTag(fmu,j11,j12)*Vec(nu10,q2)*Vec(
      nu14,q3)*Vec(nu15,q3)*Deng(p4,xiz,M4)^2*Deng(q2 + q3,xiw,M3)^2*Deng(p4
       + q2 + q3,xiw,M3)^2*p4.p4^2*xiw^2*ufoGC58^2*ufoGC76*ufoGC69
       - 1/8*g_(1,6_,nu10)*g_(2,nu16)*FT2(g6)*FT2*g_(2,p4)*cFT(nu13,XX,i2,
      iufo11)*cFT(g7,XX,iufo11,j11)*flavourTag(fmu,j11,j12)*Vec(nu10,q2)*Vec(
      nu14,q3)*Vec(nu15,-p4)*Deng(p4,xiz,M4)^2*Deng(q2 + q3,xiw,M3)^2*Deng(p4
       + q2 + q3,xiw,M3)^2*p4.p4^2*xiw^2*ufoGC58^2*ufoGC76*ufoGC69
       - 1/8*g_(1,6_,nu10)*g_(2,nu16)*FT2(g6)*FT2*g_(2,p4)*cFT(nu13,XX,i2,
      iufo11)*cFT(g7,XX,iufo11,j11)*flavourTag(fmu,j11,j12)*Vec(nu10,q2)*Vec(
      nu14,q3)*Vec(nu15,-q2)*Deng(p4,xiz,M4)^2*Deng(q2 + q3,xiw,M3)^2*Deng(p4
       + q2 + q3,xiw,M3)^2*p4.p4^2*xiw^2*ufoGC58^2*ufoGC76*ufoGC69
       - 1/8*g_(1,6_,nu10)*g_(2,nu16)*FT2(g6)*FT2*g_(2,p4)*cFT(nu13,XX,i2,
      iufo11)*cFT(g7,XX,iufo11,j11)*flavourTag(fmu,j11,j12)*Vec(nu10,q2)*Vec(
      nu14,q3)*Vec(nu15,-q3)*Deng(p4,xiz,M4)^2*Deng(q2 + q3,xiw,M3)^2*Deng(p4
       + q2 + q3,xiw,M3)^2*p4.p4^2*xiw^2*ufoGC58^2*ufoGC76*ufoGC69
       + 1/8*g_(1,6_,nu10)*g_(2,nu16)*FT2(g6)*FT2*g_(2,p4)*cFT(nu13,XX,i2,
      iufo11)*cFT(g7,XX,iufo11,j11)*flavourTag(fmu,j11,j12)*Vec(nu10,q2)*Vec(
      nu15,q2)*Vecr(nu15,p4)*Deng(p4,xiz,M4)^2*Deng(q2 + q3,xiw,M3)^2*Deng(p4
       + q2 + q3,xiw,M3)^2*p4.p4^2*xiw^2*ufoGC58^2*ufoGC76*ufoGC69
       + 1/8*g_(1,6_,nu10)*g_(2,nu16)*FT2(g6)*FT2*g_(2,p4)*cFT(nu13,XX,i2,
      iufo11)*cFT(g7,XX,iufo11,j11)*flavourTag(fmu,j11,j12)*Vec(nu10,q2)*Vec(
      nu15,q3)*Vecr(nu15,p4)*Deng(p4,xiz,M4)^2*Deng(q2 + q3,xiw,M3)^2*Deng(p4
       + q2 + q3,xiw,M3)^2*p4.p4^2*xiw^2*ufoGC58^2*ufoGC76*ufoGC69
       + 1/8*g_(1,6_,nu10)*g_(2,nu16)*FT2(g6)*FT2*g_(2,p4)*cFT(nu13,XX,i2,
      iufo11)*cFT(g7,XX,iufo11,j11)*flavourTag(fmu,j11,j12)*Vec(nu10,q3)*Vec(
      nu16,q2)*Vec(nu13,q2)*Vec(nu9,q2)*Vecr(nu9,p4)*Deng(p4,xiz,M4)*Deng(q2
       + q3,xiw,M3)^2*Deng(p4 + q2 + q3,xiw,M3)^2*xiw^2*ufoGC58^2*ufoGC76*
      ufoGC69
       + 1/8*g_(1,6_,nu10)*g_(2,nu16)*FT2(g6)*FT2*g_(2,p4)*cFT(nu13,XX,i2,
      iufo11)*cFT(g7,XX,iufo11,j11)*flavourTag(fmu,j11,j12)*Vec(nu10,q3)*Vec(
      nu16,q2)*Vec(nu13,q2)*Vec(nu9,q3)*Vecr(nu9,p4)*Deng(p4,xiz,M4)*Deng(q2
       + q3,xiw,M3)^2*Deng(p4 + q2 + q3,xiw,M3)^2*xiw^2*ufoGC58^2*ufoGC76*
      ufoGC69
       - 1/8*g_(1,6_,nu10)*g_(2,nu16)*FT2(g6)*FT2*g_(2,p4)*cFT(nu13,XX,i2,
      iufo11)*cFT(g7,XX,iufo11,j11)*flavourTag(fmu,j11,j12)*Vec(nu10,q3)*Vec(
      nu16,q2)*Vec(nu13,q2)*Vec(nu9,-p4)*Vec(nu9,q2)*Deng(p4,xiz,M4)*Deng(q2
       + q3,xiw,M3)^2*Deng(p4 + q2 + q3,xiw,M3)^2*xiw^2*ufoGC58^2*ufoGC76*
      ufoGC69
       - 1/8*g_(1,6_,nu10)*g_(2,nu16)*FT2(g6)*FT2*g_(2,p4)*cFT(nu13,XX,i2,
      iufo11)*cFT(g7,XX,iufo11,j11)*flavourTag(fmu,j11,j12)*Vec(nu10,q3)*Vec(
      nu16,q2)*Vec(nu13,q2)*Vec(nu9,-p4)*Vec(nu9,q3)*Deng(p4,xiz,M4)*Deng(q2
       + q3,xiw,M3)^2*Deng(p4 + q2 + q3,xiw,M3)^2*xiw^2*ufoGC58^2*ufoGC76*
      ufoGC69
       - 1/8*g_(1,6_,nu10)*g_(2,nu16)*FT2(g6)*FT2*g_(2,p4)*cFT(nu13,XX,i2,
      iufo11)*cFT(g7,XX,iufo11,j11)*flavourTag(fmu,j11,j12)*Vec(nu10,q3)*Vec(
      nu16,q2)*Vec(nu13,q2)*Vec(nu9,-q2)*Vec(nu9,q2)*Deng(p4,xiz,M4)*Deng(q2
       + q3,xiw,M3)^2*Deng(p4 + q2 + q3,xiw,M3)^2*xiw^2*ufoGC58^2*ufoGC76*
      ufoGC69
       - 1/8*g_(1,6_,nu10)*g_(2,nu16)*FT2(g6)*FT2*g_(2,p4)*cFT(nu13,XX,i2,
      iufo11)*cFT(g7,XX,iufo11,j11)*flavourTag(fmu,j11,j12)*Vec(nu10,q3)*Vec(
      nu16,q2)*Vec(nu13,q2)*Vec(nu9,-q2)*Vec(nu9,q3)*Deng(p4,xiz,M4)*Deng(q2
       + q3,xiw,M3)^2*Deng(p4 + q2 + q3,xiw,M3)^2*xiw^2*ufoGC58^2*ufoGC76*
      ufoGC69
       - 1/8*g_(1,6_,nu10)*g_(2,nu16)*FT2(g6)*FT2*g_(2,p4)*cFT(nu13,XX,i2,
      iufo11)*cFT(g7,XX,iufo11,j11)*flavourTag(fmu,j11,j12)*Vec(nu10,q3)*Vec(
      nu16,q2)*Vec(nu13,q2)*Vec(nu9,-q3)*Vec(nu9,q2)*Deng(p4,xiz,M4)*Deng(q2
       + q3,xiw,M3)^2*Deng(p4 + q2 + q3,xiw,M3)^2*xiw^2*ufoGC58^2*ufoGC76*
      ufoGC69
       - 1/8*g_(1,6_,nu10)*g_(2,nu16)*FT2(g6)*FT2*g_(2,p4)*cFT(nu13,XX,i2,
      iufo11)*cFT(g7,XX,iufo11,j11)*flavourTag(fmu,j11,j12)*Vec(nu10,q3)*Vec(
      nu16,q2)*Vec(nu13,q2)*Vec(nu9,-q3)*Vec(nu9,q3)*Deng(p4,xiz,M4)*Deng(q2
       + q3,xiw,M3)^2*Deng(p4 + q2 + q3,xiw,M3)^2*xiw^2*ufoGC58^2*ufoGC76*
      ufoGC69
       - 1/8*g_(1,6_,nu10)*g_(2,nu16)*FT2(g6)*FT2*g_(2,p4)*cFT(nu13,XX,i2,
      iufo11)*cFT(g7,XX,iufo11,j11)*flavourTag(fmu,j11,j12)*Vec(nu10,q3)*Vec(
      nu16,q2)*Vec(nu13,q2)*Vec(nu14,q2)*Vecr(nu14,p4)*Deng(p4,xiz,M4)*Deng(q2
       + q3,xiw,M3)^2*Deng(p4 + q2 + q3,xiw,M3)^2*xiw^2*ufoGC58^2*ufoGC76*
      ufoGC69
       - 1/8*g_(1,6_,nu10)*g_(2,nu16)*FT2(g6)*FT2*g_(2,p4)*cFT(nu13,XX,i2,
      iufo11)*cFT(g7,XX,iufo11,j11)*flavourTag(fmu,j11,j12)*Vec(nu10,q3)*Vec(
      nu16,q2)*Vec(nu13,q2)*Vec(nu14,q3)*Vecr(nu14,p4)*Deng(p4,xiz,M4)*Deng(q2
       + q3,xiw,M3)^2*Deng(p4 + q2 + q3,xiw,M3)^2*xiw^2*ufoGC58^2*ufoGC76*
      ufoGC69
       - 1/8*g_(1,6_,nu10)*g_(2,nu16)*FT2(g6)*FT2*g_(2,p4)*cFT(nu13,XX,i2,
      iufo11)*cFT(g7,XX,iufo11,j11)*flavourTag(fmu,j11,j12)*Vec(nu10,q3)*Vec(
      nu16,q2)*Vec(nu13,q2)*Deng(p4,xiz,M4)*Deng(q2 + q3,xiw,M3)^2*Deng(p4 + 
      q2 + q3,xiw,M3)^2*p4.p4*xiw^2*ufoGC58^2*ufoGC76*ufoGC69
       + 1/8*g_(1,6_,nu10)*g_(2,nu16)*FT2(g6)*FT2*g_(2,p4)*cFT(nu13,XX,i2,
      iufo11)*cFT(g7,XX,iufo11,j11)*flavourTag(fmu,j11,j12)*Vec(nu10,q3)*Vec(
      nu16,q2)*Vec(nu13,q3)*Vec(nu9,q2)*Vecr(nu9,p4)*Deng(p4,xiz,M4)*Deng(q2
       + q3,xiw,M3)^2*Deng(p4 + q2 + q3,xiw,M3)^2*xiw^2*ufoGC58^2*ufoGC76*
      ufoGC69
       + 1/8*g_(1,6_,nu10)*g_(2,nu16)*FT2(g6)*FT2*g_(2,p4)*cFT(nu13,XX,i2,
      iufo11)*cFT(g7,XX,iufo11,j11)*flavourTag(fmu,j11,j12)*Vec(nu10,q3)*Vec(
      nu16,q2)*Vec(nu13,q3)*Vec(nu9,q3)*Vecr(nu9,p4)*Deng(p4,xiz,M4)*Deng(q2
       + q3,xiw,M3)^2*Deng(p4 + q2 + q3,xiw,M3)^2*xiw^2*ufoGC58^2*ufoGC76*
      ufoGC69
       - 1/8*g_(1,6_,nu10)*g_(2,nu16)*FT2(g6)*FT2*g_(2,p4)*cFT(nu13,XX,i2,
      iufo11)*cFT(g7,XX,iufo11,j11)*flavourTag(fmu,j11,j12)*Vec(nu10,q3)*Vec(
      nu16,q2)*Vec(nu13,q3)*Vec(nu9,-p4)*Vec(nu9,q2)*Deng(p4,xiz,M4)*Deng(q2
       + q3,xiw,M3)^2*Deng(p4 + q2 + q3,xiw,M3)^2*xiw^2*ufoGC58^2*ufoGC76*
      ufoGC69
       - 1/8*g_(1,6_,nu10)*g_(2,nu16)*FT2(g6)*FT2*g_(2,p4)*cFT(nu13,XX,i2,
      iufo11)*cFT(g7,XX,iufo11,j11)*flavourTag(fmu,j11,j12)*Vec(nu10,q3)*Vec(
      nu16,q2)*Vec(nu13,q3)*Vec(nu9,-p4)*Vec(nu9,q3)*Deng(p4,xiz,M4)*Deng(q2
       + q3,xiw,M3)^2*Deng(p4 + q2 + q3,xiw,M3)^2*xiw^2*ufoGC58^2*ufoGC76*
      ufoGC69
       - 1/8*g_(1,6_,nu10)*g_(2,nu16)*FT2(g6)*FT2*g_(2,p4)*cFT(nu13,XX,i2,
      iufo11)*cFT(g7,XX,iufo11,j11)*flavourTag(fmu,j11,j12)*Vec(nu10,q3)*Vec(
      nu16,q2)*Vec(nu13,q3)*Vec(nu9,-q2)*Vec(nu9,q2)*Deng(p4,xiz,M4)*Deng(q2
       + q3,xiw,M3)^2*Deng(p4 + q2 + q3,xiw,M3)^2*xiw^2*ufoGC58^2*ufoGC76*
      ufoGC69
       - 1/8*g_(1,6_,nu10)*g_(2,nu16)*FT2(g6)*FT2*g_(2,p4)*cFT(nu13,XX,i2,
      iufo11)*cFT(g7,XX,iufo11,j11)*flavourTag(fmu,j11,j12)*Vec(nu10,q3)*Vec(
      nu16,q2)*Vec(nu13,q3)*Vec(nu9,-q2)*Vec(nu9,q3)*Deng(p4,xiz,M4)*Deng(q2
       + q3,xiw,M3)^2*Deng(p4 + q2 + q3,xiw,M3)^2*xiw^2*ufoGC58^2*ufoGC76*
      ufoGC69
       - 1/8*g_(1,6_,nu10)*g_(2,nu16)*FT2(g6)*FT2*g_(2,p4)*cFT(nu13,XX,i2,
      iufo11)*cFT(g7,XX,iufo11,j11)*flavourTag(fmu,j11,j12)*Vec(nu10,q3)*Vec(
      nu16,q2)*Vec(nu13,q3)*Vec(nu9,-q3)*Vec(nu9,q2)*Deng(p4,xiz,M4)*Deng(q2
       + q3,xiw,M3)^2*Deng(p4 + q2 + q3,xiw,M3)^2*xiw^2*ufoGC58^2*ufoGC76*
      ufoGC69
       - 1/8*g_(1,6_,nu10)*g_(2,nu16)*FT2(g6)*FT2*g_(2,p4)*cFT(nu13,XX,i2,
      iufo11)*cFT(g7,XX,iufo11,j11)*flavourTag(fmu,j11,j12)*Vec(nu10,q3)*Vec(
      nu16,q2)*Vec(nu13,q3)*Vec(nu9,-q3)*Vec(nu9,q3)*Deng(p4,xiz,M4)*Deng(q2
       + q3,xiw,M3)^2*Deng(p4 + q2 + q3,xiw,M3)^2*xiw^2*ufoGC58^2*ufoGC76*
      ufoGC69
       - 1/8*g_(1,6_,nu10)*g_(2,nu16)*FT2(g6)*FT2*g_(2,p4)*cFT(nu13,XX,i2,
      iufo11)*cFT(g7,XX,iufo11,j11)*flavourTag(fmu,j11,j12)*Vec(nu10,q3)*Vec(
      nu16,q2)*Vec(nu13,q3)*Vec(nu14,q2)*Vecr(nu14,p4)*Deng(p4,xiz,M4)*Deng(q2
       + q3,xiw,M3)^2*Deng(p4 + q2 + q3,xiw,M3)^2*xiw^2*ufoGC58^2*ufoGC76*
      ufoGC69
       - 1/8*g_(1,6_,nu10)*g_(2,nu16)*FT2(g6)*FT2*g_(2,p4)*cFT(nu13,XX,i2,
      iufo11)*cFT(g7,XX,iufo11,j11)*flavourTag(fmu,j11,j12)*Vec(nu10,q3)*Vec(
      nu16,q2)*Vec(nu13,q3)*Vec(nu14,q3)*Vecr(nu14,p4)*Deng(p4,xiz,M4)*Deng(q2
       + q3,xiw,M3)^2*Deng(p4 + q2 + q3,xiw,M3)^2*xiw^2*ufoGC58^2*ufoGC76*
      ufoGC69
       - 1/8*g_(1,6_,nu10)*g_(2,nu16)*FT2(g6)*FT2*g_(2,p4)*cFT(nu13,XX,i2,
      iufo11)*cFT(g7,XX,iufo11,j11)*flavourTag(fmu,j11,j12)*Vec(nu10,q3)*Vec(
      nu16,q2)*Vec(nu13,q3)*Deng(p4,xiz,M4)*Deng(q2 + q3,xiw,M3)^2*Deng(p4 + 
      q2 + q3,xiw,M3)^2*p4.p4*xiw^2*ufoGC58^2*ufoGC76*ufoGC69
       + 1/8*g_(1,6_,nu10)*g_(2,nu16)*FT2(g6)*FT2*g_(2,p4)*cFT(nu13,XX,i2,
      iufo11)*cFT(g7,XX,iufo11,j11)*flavourTag(fmu,j11,j12)*Vec(nu10,q3)*Vec(
      nu16,q2)*Vec(nu9,q2)*Deng(p4,xiz,M4)*Deng(q2 + q3,xiw,M3)^2*Deng(p4 + q2
       + q3,xiw,M3)^2*p4.p4*xiw^2*ufoGC58^2*ufoGC76*ufoGC69
       + 1/8*g_(1,6_,nu10)*g_(2,nu16)*FT2(g6)*FT2*g_(2,p4)*cFT(nu13,XX,i2,
      iufo11)*cFT(g7,XX,iufo11,j11)*flavourTag(fmu,j11,j12)*Vec(nu10,q3)*Vec(
      nu16,q2)*Vec(nu9,q3)*Deng(p4,xiz,M4)*Deng(q2 + q3,xiw,M3)^2*Deng(p4 + q2
       + q3,xiw,M3)^2*p4.p4*xiw^2*ufoGC58^2*ufoGC76*ufoGC69
       - 1/8*g_(1,6_,nu10)*g_(2,nu16)*FT2(g6)*FT2*g_(2,p4)*cFT(nu13,XX,i2,
      iufo11)*cFT(g7,XX,iufo11,j11)*flavourTag(fmu,j11,j12)*Vec(nu10,q3)*Vec(
      nu16,q2)*Vec(nu9,-p4)*Vec(nu9,q2)*Vecr(nu13,p4)*Deng(p4,xiz,M4)*Deng(q2
       + q3,xiw,M3)^2*Deng(p4 + q2 + q3,xiw,M3)^2*xiw^2*ufoGC58^2*ufoGC76*
      ufoGC69
       - 1/8*g_(1,6_,nu10)*g_(2,nu16)*FT2(g6)*FT2*g_(2,p4)*cFT(nu13,XX,i2,
      iufo11)*cFT(g7,XX,iufo11,j11)*flavourTag(fmu,j11,j12)*Vec(nu10,q3)*Vec(
      nu16,q2)*Vec(nu9,-p4)*Vec(nu9,q3)*Vecr(nu13,p4)*Deng(p4,xiz,M4)*Deng(q2
       + q3,xiw,M3)^2*Deng(p4 + q2 + q3,xiw,M3)^2*xiw^2*ufoGC58^2*ufoGC76*
      ufoGC69
       - 1/8*g_(1,6_,nu10)*g_(2,nu16)*FT2(g6)*FT2*g_(2,p4)*cFT(nu13,XX,i2,
      iufo11)*cFT(g7,XX,iufo11,j11)*flavourTag(fmu,j11,j12)*Vec(nu10,q3)*Vec(
      nu16,q2)*Vec(nu9,-q2)*Vec(nu9,q2)*Vecr(nu13,p4)*Deng(p4,xiz,M4)*Deng(q2
       + q3,xiw,M3)^2*Deng(p4 + q2 + q3,xiw,M3)^2*xiw^2*ufoGC58^2*ufoGC76*
      ufoGC69
       - 1/8*g_(1,6_,nu10)*g_(2,nu16)*FT2(g6)*FT2*g_(2,p4)*cFT(nu13,XX,i2,
      iufo11)*cFT(g7,XX,iufo11,j11)*flavourTag(fmu,j11,j12)*Vec(nu10,q3)*Vec(
      nu16,q2)*Vec(nu9,-q2)*Vec(nu9,q3)*Vecr(nu13,p4)*Deng(p4,xiz,M4)*Deng(q2
       + q3,xiw,M3)^2*Deng(p4 + q2 + q3,xiw,M3)^2*xiw^2*ufoGC58^2*ufoGC76*
      ufoGC69
       - 1/8*g_(1,6_,nu10)*g_(2,nu16)*FT2(g6)*FT2*g_(2,p4)*cFT(nu13,XX,i2,
      iufo11)*cFT(g7,XX,iufo11,j11)*flavourTag(fmu,j11,j12)*Vec(nu10,q3)*Vec(
      nu16,q2)*Vec(nu9,-q3)*Vec(nu9,q2)*Vecr(nu13,p4)*Deng(p4,xiz,M4)*Deng(q2
       + q3,xiw,M3)^2*Deng(p4 + q2 + q3,xiw,M3)^2*xiw^2*ufoGC58^2*ufoGC76*
      ufoGC69
       - 1/8*g_(1,6_,nu10)*g_(2,nu16)*FT2(g6)*FT2*g_(2,p4)*cFT(nu13,XX,i2,
      iufo11)*cFT(g7,XX,iufo11,j11)*flavourTag(fmu,j11,j12)*Vec(nu10,q3)*Vec(
      nu16,q2)*Vec(nu9,-q3)*Vec(nu9,q3)*Vecr(nu13,p4)*Deng(p4,xiz,M4)*Deng(q2
       + q3,xiw,M3)^2*Deng(p4 + q2 + q3,xiw,M3)^2*xiw^2*ufoGC58^2*ufoGC76*
      ufoGC69
       - 1/8*g_(1,6_,nu10)*g_(2,nu16)*FT2(g6)*FT2*g_(2,p4)*cFT(nu13,XX,i2,
      iufo11)*cFT(g7,XX,iufo11,j11)*flavourTag(fmu,j11,j12)*Vec(nu10,q3)*Vec(
      nu16,q2)*Vec(nu14,q2)*Deng(p4,xiz,M4)*Deng(q2 + q3,xiw,M3)^2*Deng(p4 + 
      q2 + q3,xiw,M3)^2*p4.p4*xiw^2*ufoGC58^2*ufoGC76*ufoGC69
       - 1/8*g_(1,6_,nu10)*g_(2,nu16)*FT2(g6)*FT2*g_(2,p4)*cFT(nu13,XX,i2,
      iufo11)*cFT(g7,XX,iufo11,j11)*flavourTag(fmu,j11,j12)*Vec(nu10,q3)*Vec(
      nu16,q2)*Vec(nu14,q3)*Deng(p4,xiz,M4)*Deng(q2 + q3,xiw,M3)^2*Deng(p4 + 
      q2 + q3,xiw,M3)^2*p4.p4*xiw^2*ufoGC58^2*ufoGC76*ufoGC69
       - 1/8*g_(1,6_,nu10)*g_(2,nu16)*FT2(g6)*FT2*g_(2,p4)*cFT(nu13,XX,i2,
      iufo11)*cFT(g7,XX,iufo11,j11)*flavourTag(fmu,j11,j12)*Vec(nu10,q3)*Vec(
      nu16,q2)*Vecr(nu14,p4)*Deng(p4,xiz,M4)*Deng(q2 + q3,xiw,M3)^2*Deng(p4 + 
      q2 + q3,xiw,M3)^2*p4.p4*xiw^2*ufoGC58^2*ufoGC76*ufoGC69
       + 1/8*g_(1,6_,nu10)*g_(2,nu16)*FT2(g6)*FT2*g_(2,p4)*cFT(nu13,XX,i2,
      iufo11)*cFT(g7,XX,iufo11,j11)*flavourTag(fmu,j11,j12)*Vec(nu10,q3)*Vec(
      nu16,q3)*Vec(nu13,q2)*Vec(nu9,q2)*Vecr(nu9,p4)*Deng(p4,xiz,M4)*Deng(q2
       + q3,xiw,M3)^2*Deng(p4 + q2 + q3,xiw,M3)^2*xiw^2*ufoGC58^2*ufoGC76*
      ufoGC69
       + 1/8*g_(1,6_,nu10)*g_(2,nu16)*FT2(g6)*FT2*g_(2,p4)*cFT(nu13,XX,i2,
      iufo11)*cFT(g7,XX,iufo11,j11)*flavourTag(fmu,j11,j12)*Vec(nu10,q3)*Vec(
      nu16,q3)*Vec(nu13,q2)*Vec(nu9,q3)*Vecr(nu9,p4)*Deng(p4,xiz,M4)*Deng(q2
       + q3,xiw,M3)^2*Deng(p4 + q2 + q3,xiw,M3)^2*xiw^2*ufoGC58^2*ufoGC76*
      ufoGC69
       - 1/8*g_(1,6_,nu10)*g_(2,nu16)*FT2(g6)*FT2*g_(2,p4)*cFT(nu13,XX,i2,
      iufo11)*cFT(g7,XX,iufo11,j11)*flavourTag(fmu,j11,j12)*Vec(nu10,q3)*Vec(
      nu16,q3)*Vec(nu13,q2)*Vec(nu9,-p4)*Vec(nu9,q2)*Deng(p4,xiz,M4)*Deng(q2
       + q3,xiw,M3)^2*Deng(p4 + q2 + q3,xiw,M3)^2*xiw^2*ufoGC58^2*ufoGC76*
      ufoGC69
       - 1/8*g_(1,6_,nu10)*g_(2,nu16)*FT2(g6)*FT2*g_(2,p4)*cFT(nu13,XX,i2,
      iufo11)*cFT(g7,XX,iufo11,j11)*flavourTag(fmu,j11,j12)*Vec(nu10,q3)*Vec(
      nu16,q3)*Vec(nu13,q2)*Vec(nu9,-p4)*Vec(nu9,q3)*Deng(p4,xiz,M4)*Deng(q2
       + q3,xiw,M3)^2*Deng(p4 + q2 + q3,xiw,M3)^2*xiw^2*ufoGC58^2*ufoGC76*
      ufoGC69
       - 1/8*g_(1,6_,nu10)*g_(2,nu16)*FT2(g6)*FT2*g_(2,p4)*cFT(nu13,XX,i2,
      iufo11)*cFT(g7,XX,iufo11,j11)*flavourTag(fmu,j11,j12)*Vec(nu10,q3)*Vec(
      nu16,q3)*Vec(nu13,q2)*Vec(nu9,-q2)*Vec(nu9,q2)*Deng(p4,xiz,M4)*Deng(q2
       + q3,xiw,M3)^2*Deng(p4 + q2 + q3,xiw,M3)^2*xiw^2*ufoGC58^2*ufoGC76*
      ufoGC69
       - 1/8*g_(1,6_,nu10)*g_(2,nu16)*FT2(g6)*FT2*g_(2,p4)*cFT(nu13,XX,i2,
      iufo11)*cFT(g7,XX,iufo11,j11)*flavourTag(fmu,j11,j12)*Vec(nu10,q3)*Vec(
      nu16,q3)*Vec(nu13,q2)*Vec(nu9,-q2)*Vec(nu9,q3)*Deng(p4,xiz,M4)*Deng(q2
       + q3,xiw,M3)^2*Deng(p4 + q2 + q3,xiw,M3)^2*xiw^2*ufoGC58^2*ufoGC76*
      ufoGC69
       - 1/8*g_(1,6_,nu10)*g_(2,nu16)*FT2(g6)*FT2*g_(2,p4)*cFT(nu13,XX,i2,
      iufo11)*cFT(g7,XX,iufo11,j11)*flavourTag(fmu,j11,j12)*Vec(nu10,q3)*Vec(
      nu16,q3)*Vec(nu13,q2)*Vec(nu9,-q3)*Vec(nu9,q2)*Deng(p4,xiz,M4)*Deng(q2
       + q3,xiw,M3)^2*Deng(p4 + q2 + q3,xiw,M3)^2*xiw^2*ufoGC58^2*ufoGC76*
      ufoGC69
       - 1/8*g_(1,6_,nu10)*g_(2,nu16)*FT2(g6)*FT2*g_(2,p4)*cFT(nu13,XX,i2,
      iufo11)*cFT(g7,XX,iufo11,j11)*flavourTag(fmu,j11,j12)*Vec(nu10,q3)*Vec(
      nu16,q3)*Vec(nu13,q2)*Vec(nu9,-q3)*Vec(nu9,q3)*Deng(p4,xiz,M4)*Deng(q2
       + q3,xiw,M3)^2*Deng(p4 + q2 + q3,xiw,M3)^2*xiw^2*ufoGC58^2*ufoGC76*
      ufoGC69
       - 1/8*g_(1,6_,nu10)*g_(2,nu16)*FT2(g6)*FT2*g_(2,p4)*cFT(nu13,XX,i2,
      iufo11)*cFT(g7,XX,iufo11,j11)*flavourTag(fmu,j11,j12)*Vec(nu10,q3)*Vec(
      nu16,q3)*Vec(nu13,q2)*Vec(nu14,q2)*Vecr(nu14,p4)*Deng(p4,xiz,M4)*Deng(q2
       + q3,xiw,M3)^2*Deng(p4 + q2 + q3,xiw,M3)^2*xiw^2*ufoGC58^2*ufoGC76*
      ufoGC69
       - 1/8*g_(1,6_,nu10)*g_(2,nu16)*FT2(g6)*FT2*g_(2,p4)*cFT(nu13,XX,i2,
      iufo11)*cFT(g7,XX,iufo11,j11)*flavourTag(fmu,j11,j12)*Vec(nu10,q3)*Vec(
      nu16,q3)*Vec(nu13,q2)*Vec(nu14,q3)*Vecr(nu14,p4)*Deng(p4,xiz,M4)*Deng(q2
       + q3,xiw,M3)^2*Deng(p4 + q2 + q3,xiw,M3)^2*xiw^2*ufoGC58^2*ufoGC76*
      ufoGC69
       - 1/8*g_(1,6_,nu10)*g_(2,nu16)*FT2(g6)*FT2*g_(2,p4)*cFT(nu13,XX,i2,
      iufo11)*cFT(g7,XX,iufo11,j11)*flavourTag(fmu,j11,j12)*Vec(nu10,q3)*Vec(
      nu16,q3)*Vec(nu13,q2)*Deng(p4,xiz,M4)*Deng(q2 + q3,xiw,M3)^2*Deng(p4 + 
      q2 + q3,xiw,M3)^2*p4.p4*xiw^2*ufoGC58^2*ufoGC76*ufoGC69
       + 1/8*g_(1,6_,nu10)*g_(2,nu16)*FT2(g6)*FT2*g_(2,p4)*cFT(nu13,XX,i2,
      iufo11)*cFT(g7,XX,iufo11,j11)*flavourTag(fmu,j11,j12)*Vec(nu10,q3)*Vec(
      nu16,q3)*Vec(nu13,q3)*Vec(nu9,q2)*Vecr(nu9,p4)*Deng(p4,xiz,M4)*Deng(q2
       + q3,xiw,M3)^2*Deng(p4 + q2 + q3,xiw,M3)^2*xiw^2*ufoGC58^2*ufoGC76*
      ufoGC69
       + 1/8*g_(1,6_,nu10)*g_(2,nu16)*FT2(g6)*FT2*g_(2,p4)*cFT(nu13,XX,i2,
      iufo11)*cFT(g7,XX,iufo11,j11)*flavourTag(fmu,j11,j12)*Vec(nu10,q3)*Vec(
      nu16,q3)*Vec(nu13,q3)*Vec(nu9,q3)*Vecr(nu9,p4)*Deng(p4,xiz,M4)*Deng(q2
       + q3,xiw,M3)^2*Deng(p4 + q2 + q3,xiw,M3)^2*xiw^2*ufoGC58^2*ufoGC76*
      ufoGC69
       - 1/8*g_(1,6_,nu10)*g_(2,nu16)*FT2(g6)*FT2*g_(2,p4)*cFT(nu13,XX,i2,
      iufo11)*cFT(g7,XX,iufo11,j11)*flavourTag(fmu,j11,j12)*Vec(nu10,q3)*Vec(
      nu16,q3)*Vec(nu13,q3)*Vec(nu9,-p4)*Vec(nu9,q2)*Deng(p4,xiz,M4)*Deng(q2
       + q3,xiw,M3)^2*Deng(p4 + q2 + q3,xiw,M3)^2*xiw^2*ufoGC58^2*ufoGC76*
      ufoGC69
       - 1/8*g_(1,6_,nu10)*g_(2,nu16)*FT2(g6)*FT2*g_(2,p4)*cFT(nu13,XX,i2,
      iufo11)*cFT(g7,XX,iufo11,j11)*flavourTag(fmu,j11,j12)*Vec(nu10,q3)*Vec(
      nu16,q3)*Vec(nu13,q3)*Vec(nu9,-p4)*Vec(nu9,q3)*Deng(p4,xiz,M4)*Deng(q2
       + q3,xiw,M3)^2*Deng(p4 + q2 + q3,xiw,M3)^2*xiw^2*ufoGC58^2*ufoGC76*
      ufoGC69
       - 1/8*g_(1,6_,nu10)*g_(2,nu16)*FT2(g6)*FT2*g_(2,p4)*cFT(nu13,XX,i2,
      iufo11)*cFT(g7,XX,iufo11,j11)*flavourTag(fmu,j11,j12)*Vec(nu10,q3)*Vec(
      nu16,q3)*Vec(nu13,q3)*Vec(nu9,-q2)*Vec(nu9,q2)*Deng(p4,xiz,M4)*Deng(q2
       + q3,xiw,M3)^2*Deng(p4 + q2 + q3,xiw,M3)^2*xiw^2*ufoGC58^2*ufoGC76*
      ufoGC69
       - 1/8*g_(1,6_,nu10)*g_(2,nu16)*FT2(g6)*FT2*g_(2,p4)*cFT(nu13,XX,i2,
      iufo11)*cFT(g7,XX,iufo11,j11)*flavourTag(fmu,j11,j12)*Vec(nu10,q3)*Vec(
      nu16,q3)*Vec(nu13,q3)*Vec(nu9,-q2)*Vec(nu9,q3)*Deng(p4,xiz,M4)*Deng(q2
       + q3,xiw,M3)^2*Deng(p4 + q2 + q3,xiw,M3)^2*xiw^2*ufoGC58^2*ufoGC76*
      ufoGC69
       - 1/8*g_(1,6_,nu10)*g_(2,nu16)*FT2(g6)*FT2*g_(2,p4)*cFT(nu13,XX,i2,
      iufo11)*cFT(g7,XX,iufo11,j11)*flavourTag(fmu,j11,j12)*Vec(nu10,q3)*Vec(
      nu16,q3)*Vec(nu13,q3)*Vec(nu9,-q3)*Vec(nu9,q2)*Deng(p4,xiz,M4)*Deng(q2
       + q3,xiw,M3)^2*Deng(p4 + q2 + q3,xiw,M3)^2*xiw^2*ufoGC58^2*ufoGC76*
      ufoGC69
       - 1/8*g_(1,6_,nu10)*g_(2,nu16)*FT2(g6)*FT2*g_(2,p4)*cFT(nu13,XX,i2,
      iufo11)*cFT(g7,XX,iufo11,j11)*flavourTag(fmu,j11,j12)*Vec(nu10,q3)*Vec(
      nu16,q3)*Vec(nu13,q3)*Vec(nu9,-q3)*Vec(nu9,q3)*Deng(p4,xiz,M4)*Deng(q2
       + q3,xiw,M3)^2*Deng(p4 + q2 + q3,xiw,M3)^2*xiw^2*ufoGC58^2*ufoGC76*
      ufoGC69
       - 1/8*g_(1,6_,nu10)*g_(2,nu16)*FT2(g6)*FT2*g_(2,p4)*cFT(nu13,XX,i2,
      iufo11)*cFT(g7,XX,iufo11,j11)*flavourTag(fmu,j11,j12)*Vec(nu10,q3)*Vec(
      nu16,q3)*Vec(nu13,q3)*Vec(nu14,q2)*Vecr(nu14,p4)*Deng(p4,xiz,M4)*Deng(q2
       + q3,xiw,M3)^2*Deng(p4 + q2 + q3,xiw,M3)^2*xiw^2*ufoGC58^2*ufoGC76*
      ufoGC69
       - 1/8*g_(1,6_,nu10)*g_(2,nu16)*FT2(g6)*FT2*g_(2,p4)*cFT(nu13,XX,i2,
      iufo11)*cFT(g7,XX,iufo11,j11)*flavourTag(fmu,j11,j12)*Vec(nu10,q3)*Vec(
      nu16,q3)*Vec(nu13,q3)*Vec(nu14,q3)*Vecr(nu14,p4)*Deng(p4,xiz,M4)*Deng(q2
       + q3,xiw,M3)^2*Deng(p4 + q2 + q3,xiw,M3)^2*xiw^2*ufoGC58^2*ufoGC76*
      ufoGC69
       - 1/8*g_(1,6_,nu10)*g_(2,nu16)*FT2(g6)*FT2*g_(2,p4)*cFT(nu13,XX,i2,
      iufo11)*cFT(g7,XX,iufo11,j11)*flavourTag(fmu,j11,j12)*Vec(nu10,q3)*Vec(
      nu16,q3)*Vec(nu13,q3)*Deng(p4,xiz,M4)*Deng(q2 + q3,xiw,M3)^2*Deng(p4 + 
      q2 + q3,xiw,M3)^2*p4.p4*xiw^2*ufoGC58^2*ufoGC76*ufoGC69
       + 1/8*g_(1,6_,nu10)*g_(2,nu16)*FT2(g6)*FT2*g_(2,p4)*cFT(nu13,XX,i2,
      iufo11)*cFT(g7,XX,iufo11,j11)*flavourTag(fmu,j11,j12)*Vec(nu10,q3)*Vec(
      nu16,q3)*Vec(nu9,q2)*Deng(p4,xiz,M4)*Deng(q2 + q3,xiw,M3)^2*Deng(p4 + q2
       + q3,xiw,M3)^2*p4.p4*xiw^2*ufoGC58^2*ufoGC76*ufoGC69
       + 1/8*g_(1,6_,nu10)*g_(2,nu16)*FT2(g6)*FT2*g_(2,p4)*cFT(nu13,XX,i2,
      iufo11)*cFT(g7,XX,iufo11,j11)*flavourTag(fmu,j11,j12)*Vec(nu10,q3)*Vec(
      nu16,q3)*Vec(nu9,q3)*Deng(p4,xiz,M4)*Deng(q2 + q3,xiw,M3)^2*Deng(p4 + q2
       + q3,xiw,M3)^2*p4.p4*xiw^2*ufoGC58^2*ufoGC76*ufoGC69
       - 1/8*g_(1,6_,nu10)*g_(2,nu16)*FT2(g6)*FT2*g_(2,p4)*cFT(nu13,XX,i2,
      iufo11)*cFT(g7,XX,iufo11,j11)*flavourTag(fmu,j11,j12)*Vec(nu10,q3)*Vec(
      nu16,q3)*Vec(nu9,-p4)*Vec(nu9,q2)*Vecr(nu13,p4)*Deng(p4,xiz,M4)*Deng(q2
       + q3,xiw,M3)^2*Deng(p4 + q2 + q3,xiw,M3)^2*xiw^2*ufoGC58^2*ufoGC76*
      ufoGC69
       - 1/8*g_(1,6_,nu10)*g_(2,nu16)*FT2(g6)*FT2*g_(2,p4)*cFT(nu13,XX,i2,
      iufo11)*cFT(g7,XX,iufo11,j11)*flavourTag(fmu,j11,j12)*Vec(nu10,q3)*Vec(
      nu16,q3)*Vec(nu9,-p4)*Vec(nu9,q3)*Vecr(nu13,p4)*Deng(p4,xiz,M4)*Deng(q2
       + q3,xiw,M3)^2*Deng(p4 + q2 + q3,xiw,M3)^2*xiw^2*ufoGC58^2*ufoGC76*
      ufoGC69
       - 1/8*g_(1,6_,nu10)*g_(2,nu16)*FT2(g6)*FT2*g_(2,p4)*cFT(nu13,XX,i2,
      iufo11)*cFT(g7,XX,iufo11,j11)*flavourTag(fmu,j11,j12)*Vec(nu10,q3)*Vec(
      nu16,q3)*Vec(nu9,-q2)*Vec(nu9,q2)*Vecr(nu13,p4)*Deng(p4,xiz,M4)*Deng(q2
       + q3,xiw,M3)^2*Deng(p4 + q2 + q3,xiw,M3)^2*xiw^2*ufoGC58^2*ufoGC76*
      ufoGC69
       - 1/8*g_(1,6_,nu10)*g_(2,nu16)*FT2(g6)*FT2*g_(2,p4)*cFT(nu13,XX,i2,
      iufo11)*cFT(g7,XX,iufo11,j11)*flavourTag(fmu,j11,j12)*Vec(nu10,q3)*Vec(
      nu16,q3)*Vec(nu9,-q2)*Vec(nu9,q3)*Vecr(nu13,p4)*Deng(p4,xiz,M4)*Deng(q2
       + q3,xiw,M3)^2*Deng(p4 + q2 + q3,xiw,M3)^2*xiw^2*ufoGC58^2*ufoGC76*
      ufoGC69
       - 1/8*g_(1,6_,nu10)*g_(2,nu16)*FT2(g6)*FT2*g_(2,p4)*cFT(nu13,XX,i2,
      iufo11)*cFT(g7,XX,iufo11,j11)*flavourTag(fmu,j11,j12)*Vec(nu10,q3)*Vec(
      nu16,q3)*Vec(nu9,-q3)*Vec(nu9,q2)*Vecr(nu13,p4)*Deng(p4,xiz,M4)*Deng(q2
       + q3,xiw,M3)^2*Deng(p4 + q2 + q3,xiw,M3)^2*xiw^2*ufoGC58^2*ufoGC76*
      ufoGC69
       - 1/8*g_(1,6_,nu10)*g_(2,nu16)*FT2(g6)*FT2*g_(2,p4)*cFT(nu13,XX,i2,
      iufo11)*cFT(g7,XX,iufo11,j11)*flavourTag(fmu,j11,j12)*Vec(nu10,q3)*Vec(
      nu16,q3)*Vec(nu9,-q3)*Vec(nu9,q3)*Vecr(nu13,p4)*Deng(p4,xiz,M4)*Deng(q2
       + q3,xiw,M3)^2*Deng(p4 + q2 + q3,xiw,M3)^2*xiw^2*ufoGC58^2*ufoGC76*
      ufoGC69
       - 1/8*g_(1,6_,nu10)*g_(2,nu16)*FT2(g6)*FT2*g_(2,p4)*cFT(nu13,XX,i2,
      iufo11)*cFT(g7,XX,iufo11,j11)*flavourTag(fmu,j11,j12)*Vec(nu10,q3)*Vec(
      nu16,q3)*Vec(nu14,q2)*Deng(p4,xiz,M4)*Deng(q2 + q3,xiw,M3)^2*Deng(p4 + 
      q2 + q3,xiw,M3)^2*p4.p4*xiw^2*ufoGC58^2*ufoGC76*ufoGC69
       - 1/8*g_(1,6_,nu10)*g_(2,nu16)*FT2(g6)*FT2*g_(2,p4)*cFT(nu13,XX,i2,
      iufo11)*cFT(g7,XX,iufo11,j11)*flavourTag(fmu,j11,j12)*Vec(nu10,q3)*Vec(
      nu16,q3)*Vec(nu14,q3)*Deng(p4,xiz,M4)*Deng(q2 + q3,xiw,M3)^2*Deng(p4 + 
      q2 + q3,xiw,M3)^2*p4.p4*xiw^2*ufoGC58^2*ufoGC76*ufoGC69
       - 1/8*g_(1,6_,nu10)*g_(2,nu16)*FT2(g6)*FT2*g_(2,p4)*cFT(nu13,XX,i2,
      iufo11)*cFT(g7,XX,iufo11,j11)*flavourTag(fmu,j11,j12)*Vec(nu10,q3)*Vec(
      nu16,q3)*Vecr(nu14,p4)*Deng(p4,xiz,M4)*Deng(q2 + q3,xiw,M3)^2*Deng(p4 + 
      q2 + q3,xiw,M3)^2*p4.p4*xiw^2*ufoGC58^2*ufoGC76*ufoGC69
       + 1/8*g_(1,6_,nu10)*g_(2,nu16)*FT2(g6)*FT2*g_(2,p4)*cFT(nu13,XX,i2,
      iufo11)*cFT(g7,XX,iufo11,j11)*flavourTag(fmu,j11,j12)*Vec(nu10,q3)*Vec(
      nu16,-p4)*Vec(nu13,q2)*Vec(nu14,q2)^2*Deng(p4,xiz,M4)*Deng(q2 + q3,xiw,
      M3)^2*Deng(p4 + q2 + q3,xiw,M3)^2*xiw^2*ufoGC58^2*ufoGC76*ufoGC69
       + 1/4*g_(1,6_,nu10)*g_(2,nu16)*FT2(g6)*FT2*g_(2,p4)*cFT(nu13,XX,i2,
      iufo11)*cFT(g7,XX,iufo11,j11)*flavourTag(fmu,j11,j12)*Vec(nu10,q3)*Vec(
      nu16,-p4)*Vec(nu13,q2)*Vec(nu14,q2)*Vec(nu14,q3)*Deng(p4,xiz,M4)*Deng(q2
       + q3,xiw,M3)^2*Deng(p4 + q2 + q3,xiw,M3)^2*xiw^2*ufoGC58^2*ufoGC76*
      ufoGC69
       + 1/8*g_(1,6_,nu10)*g_(2,nu16)*FT2(g6)*FT2*g_(2,p4)*cFT(nu13,XX,i2,
      iufo11)*cFT(g7,XX,iufo11,j11)*flavourTag(fmu,j11,j12)*Vec(nu10,q3)*Vec(
      nu16,-p4)*Vec(nu13,q2)*Vec(nu14,q2)*Vecr(nu14,p4)*Deng(p4,xiz,M4)*Deng(
      q2 + q3,xiw,M3)^2*Deng(p4 + q2 + q3,xiw,M3)^2*xiw^2*ufoGC58^2*ufoGC76*
      ufoGC69
       + 1/8*g_(1,6_,nu10)*g_(2,nu16)*FT2(g6)*FT2*g_(2,p4)*cFT(nu13,XX,i2,
      iufo11)*cFT(g7,XX,iufo11,j11)*flavourTag(fmu,j11,j12)*Vec(nu10,q3)*Vec(
      nu16,-p4)*Vec(nu13,q2)*Vec(nu14,q3)^2*Deng(p4,xiz,M4)*Deng(q2 + q3,xiw,
      M3)^2*Deng(p4 + q2 + q3,xiw,M3)^2*xiw^2*ufoGC58^2*ufoGC76*ufoGC69
       + 1/8*g_(1,6_,nu10)*g_(2,nu16)*FT2(g6)*FT2*g_(2,p4)*cFT(nu13,XX,i2,
      iufo11)*cFT(g7,XX,iufo11,j11)*flavourTag(fmu,j11,j12)*Vec(nu10,q3)*Vec(
      nu16,-p4)*Vec(nu13,q2)*Vec(nu14,q3)*Vecr(nu14,p4)*Deng(p4,xiz,M4)*Deng(
      q2 + q3,xiw,M3)^2*Deng(p4 + q2 + q3,xiw,M3)^2*xiw^2*ufoGC58^2*ufoGC76*
      ufoGC69
       + 1/8*g_(1,6_,nu10)*g_(2,nu16)*FT2(g6)*FT2*g_(2,p4)*cFT(nu13,XX,i2,
      iufo11)*cFT(g7,XX,iufo11,j11)*flavourTag(fmu,j11,j12)*Vec(nu10,q3)*Vec(
      nu16,-p4)*Vec(nu13,q3)*Vec(nu14,q2)^2*Deng(p4,xiz,M4)*Deng(q2 + q3,xiw,
      M3)^2*Deng(p4 + q2 + q3,xiw,M3)^2*xiw^2*ufoGC58^2*ufoGC76*ufoGC69
       + 1/4*g_(1,6_,nu10)*g_(2,nu16)*FT2(g6)*FT2*g_(2,p4)*cFT(nu13,XX,i2,
      iufo11)*cFT(g7,XX,iufo11,j11)*flavourTag(fmu,j11,j12)*Vec(nu10,q3)*Vec(
      nu16,-p4)*Vec(nu13,q3)*Vec(nu14,q2)*Vec(nu14,q3)*Deng(p4,xiz,M4)*Deng(q2
       + q3,xiw,M3)^2*Deng(p4 + q2 + q3,xiw,M3)^2*xiw^2*ufoGC58^2*ufoGC76*
      ufoGC69
       + 1/8*g_(1,6_,nu10)*g_(2,nu16)*FT2(g6)*FT2*g_(2,p4)*cFT(nu13,XX,i2,
      iufo11)*cFT(g7,XX,iufo11,j11)*flavourTag(fmu,j11,j12)*Vec(nu10,q3)*Vec(
      nu16,-p4)*Vec(nu13,q3)*Vec(nu14,q2)*Vecr(nu14,p4)*Deng(p4,xiz,M4)*Deng(
      q2 + q3,xiw,M3)^2*Deng(p4 + q2 + q3,xiw,M3)^2*xiw^2*ufoGC58^2*ufoGC76*
      ufoGC69
       + 1/8*g_(1,6_,nu10)*g_(2,nu16)*FT2(g6)*FT2*g_(2,p4)*cFT(nu13,XX,i2,
      iufo11)*cFT(g7,XX,iufo11,j11)*flavourTag(fmu,j11,j12)*Vec(nu10,q3)*Vec(
      nu16,-p4)*Vec(nu13,q3)*Vec(nu14,q3)^2*Deng(p4,xiz,M4)*Deng(q2 + q3,xiw,
      M3)^2*Deng(p4 + q2 + q3,xiw,M3)^2*xiw^2*ufoGC58^2*ufoGC76*ufoGC69
       + 1/8*g_(1,6_,nu10)*g_(2,nu16)*FT2(g6)*FT2*g_(2,p4)*cFT(nu13,XX,i2,
      iufo11)*cFT(g7,XX,iufo11,j11)*flavourTag(fmu,j11,j12)*Vec(nu10,q3)*Vec(
      nu16,-p4)*Vec(nu13,q3)*Vec(nu14,q3)*Vecr(nu14,p4)*Deng(p4,xiz,M4)*Deng(
      q2 + q3,xiw,M3)^2*Deng(p4 + q2 + q3,xiw,M3)^2*xiw^2*ufoGC58^2*ufoGC76*
      ufoGC69
       + 1/8*g_(1,6_,nu10)*g_(2,nu16)*FT2(g6)*FT2*g_(2,p4)*cFT(nu13,XX,i2,
      iufo11)*cFT(g7,XX,iufo11,j11)*flavourTag(fmu,j11,j12)*Vec(nu10,q3)*Vec(
      nu16,-p4)*Vec(nu14,q2)^2*Vecr(nu13,p4)*Deng(p4,xiz,M4)*Deng(q2 + q3,xiw,
      M3)^2*Deng(p4 + q2 + q3,xiw,M3)^2*xiw^2*ufoGC58^2*ufoGC76*ufoGC69
       + 1/4*g_(1,6_,nu10)*g_(2,nu16)*FT2(g6)*FT2*g_(2,p4)*cFT(nu13,XX,i2,
      iufo11)*cFT(g7,XX,iufo11,j11)*flavourTag(fmu,j11,j12)*Vec(nu10,q3)*Vec(
      nu16,-p4)*Vec(nu14,q2)*Vec(nu14,q3)*Vecr(nu13,p4)*Deng(p4,xiz,M4)*Deng(
      q2 + q3,xiw,M3)^2*Deng(p4 + q2 + q3,xiw,M3)^2*xiw^2*ufoGC58^2*ufoGC76*
      ufoGC69
       + 1/8*g_(1,6_,nu10)*g_(2,nu16)*FT2(g6)*FT2*g_(2,p4)*cFT(nu13,XX,i2,
      iufo11)*cFT(g7,XX,iufo11,j11)*flavourTag(fmu,j11,j12)*Vec(nu10,q3)*Vec(
      nu16,-p4)*Vec(nu14,q2)*Deng(p4,xiz,M4)*Deng(q2 + q3,xiw,M3)^2*Deng(p4 + 
      q2 + q3,xiw,M3)^2*p4.p4*xiw^2*ufoGC58^2*ufoGC76*ufoGC69
       + 1/8*g_(1,6_,nu10)*g_(2,nu16)*FT2(g6)*FT2*g_(2,p4)*cFT(nu13,XX,i2,
      iufo11)*cFT(g7,XX,iufo11,j11)*flavourTag(fmu,j11,j12)*Vec(nu10,q3)*Vec(
      nu16,-p4)*Vec(nu14,q3)^2*Vecr(nu13,p4)*Deng(p4,xiz,M4)*Deng(q2 + q3,xiw,
      M3)^2*Deng(p4 + q2 + q3,xiw,M3)^2*xiw^2*ufoGC58^2*ufoGC76*ufoGC69
       + 1/8*g_(1,6_,nu10)*g_(2,nu16)*FT2(g6)*FT2*g_(2,p4)*cFT(nu13,XX,i2,
      iufo11)*cFT(g7,XX,iufo11,j11)*flavourTag(fmu,j11,j12)*Vec(nu10,q3)*Vec(
      nu16,-p4)*Vec(nu14,q3)*Deng(p4,xiz,M4)*Deng(q2 + q3,xiw,M3)^2*Deng(p4 + 
      q2 + q3,xiw,M3)^2*p4.p4*xiw^2*ufoGC58^2*ufoGC76*ufoGC69
       + 1/8*g_(1,6_,nu10)*g_(2,nu16)*FT2(g6)*FT2*g_(2,p4)*cFT(nu13,XX,i2,
      iufo11)*cFT(g7,XX,iufo11,j11)*flavourTag(fmu,j11,j12)*Vec(nu10,q3)*Vec(
      nu16,-q2)*Vec(nu13,q2)*Vec(nu14,q2)^2*Deng(p4,xiz,M4)*Deng(q2 + q3,xiw,
      M3)^2*Deng(p4 + q2 + q3,xiw,M3)^2*xiw^2*ufoGC58^2*ufoGC76*ufoGC69
       + 1/4*g_(1,6_,nu10)*g_(2,nu16)*FT2(g6)*FT2*g_(2,p4)*cFT(nu13,XX,i2,
      iufo11)*cFT(g7,XX,iufo11,j11)*flavourTag(fmu,j11,j12)*Vec(nu10,q3)*Vec(
      nu16,-q2)*Vec(nu13,q2)*Vec(nu14,q2)*Vec(nu14,q3)*Deng(p4,xiz,M4)*Deng(q2
       + q3,xiw,M3)^2*Deng(p4 + q2 + q3,xiw,M3)^2*xiw^2*ufoGC58^2*ufoGC76*
      ufoGC69
       + 1/8*g_(1,6_,nu10)*g_(2,nu16)*FT2(g6)*FT2*g_(2,p4)*cFT(nu13,XX,i2,
      iufo11)*cFT(g7,XX,iufo11,j11)*flavourTag(fmu,j11,j12)*Vec(nu10,q3)*Vec(
      nu16,-q2)*Vec(nu13,q2)*Vec(nu14,q2)*Vecr(nu14,p4)*Deng(p4,xiz,M4)*Deng(
      q2 + q3,xiw,M3)^2*Deng(p4 + q2 + q3,xiw,M3)^2*xiw^2*ufoGC58^2*ufoGC76*
      ufoGC69
       + 1/8*g_(1,6_,nu10)*g_(2,nu16)*FT2(g6)*FT2*g_(2,p4)*cFT(nu13,XX,i2,
      iufo11)*cFT(g7,XX,iufo11,j11)*flavourTag(fmu,j11,j12)*Vec(nu10,q3)*Vec(
      nu16,-q2)*Vec(nu13,q2)*Vec(nu14,q3)^2*Deng(p4,xiz,M4)*Deng(q2 + q3,xiw,
      M3)^2*Deng(p4 + q2 + q3,xiw,M3)^2*xiw^2*ufoGC58^2*ufoGC76*ufoGC69
       + 1/8*g_(1,6_,nu10)*g_(2,nu16)*FT2(g6)*FT2*g_(2,p4)*cFT(nu13,XX,i2,
      iufo11)*cFT(g7,XX,iufo11,j11)*flavourTag(fmu,j11,j12)*Vec(nu10,q3)*Vec(
      nu16,-q2)*Vec(nu13,q2)*Vec(nu14,q3)*Vecr(nu14,p4)*Deng(p4,xiz,M4)*Deng(
      q2 + q3,xiw,M3)^2*Deng(p4 + q2 + q3,xiw,M3)^2*xiw^2*ufoGC58^2*ufoGC76*
      ufoGC69
       + 1/8*g_(1,6_,nu10)*g_(2,nu16)*FT2(g6)*FT2*g_(2,p4)*cFT(nu13,XX,i2,
      iufo11)*cFT(g7,XX,iufo11,j11)*flavourTag(fmu,j11,j12)*Vec(nu10,q3)*Vec(
      nu16,-q2)*Vec(nu13,q3)*Vec(nu14,q2)^2*Deng(p4,xiz,M4)*Deng(q2 + q3,xiw,
      M3)^2*Deng(p4 + q2 + q3,xiw,M3)^2*xiw^2*ufoGC58^2*ufoGC76*ufoGC69
       + 1/4*g_(1,6_,nu10)*g_(2,nu16)*FT2(g6)*FT2*g_(2,p4)*cFT(nu13,XX,i2,
      iufo11)*cFT(g7,XX,iufo11,j11)*flavourTag(fmu,j11,j12)*Vec(nu10,q3)*Vec(
      nu16,-q2)*Vec(nu13,q3)*Vec(nu14,q2)*Vec(nu14,q3)*Deng(p4,xiz,M4)*Deng(q2
       + q3,xiw,M3)^2*Deng(p4 + q2 + q3,xiw,M3)^2*xiw^2*ufoGC58^2*ufoGC76*
      ufoGC69
       + 1/8*g_(1,6_,nu10)*g_(2,nu16)*FT2(g6)*FT2*g_(2,p4)*cFT(nu13,XX,i2,
      iufo11)*cFT(g7,XX,iufo11,j11)*flavourTag(fmu,j11,j12)*Vec(nu10,q3)*Vec(
      nu16,-q2)*Vec(nu13,q3)*Vec(nu14,q2)*Vecr(nu14,p4)*Deng(p4,xiz,M4)*Deng(
      q2 + q3,xiw,M3)^2*Deng(p4 + q2 + q3,xiw,M3)^2*xiw^2*ufoGC58^2*ufoGC76*
      ufoGC69
       + 1/8*g_(1,6_,nu10)*g_(2,nu16)*FT2(g6)*FT2*g_(2,p4)*cFT(nu13,XX,i2,
      iufo11)*cFT(g7,XX,iufo11,j11)*flavourTag(fmu,j11,j12)*Vec(nu10,q3)*Vec(
      nu16,-q2)*Vec(nu13,q3)*Vec(nu14,q3)^2*Deng(p4,xiz,M4)*Deng(q2 + q3,xiw,
      M3)^2*Deng(p4 + q2 + q3,xiw,M3)^2*xiw^2*ufoGC58^2*ufoGC76*ufoGC69
       + 1/8*g_(1,6_,nu10)*g_(2,nu16)*FT2(g6)*FT2*g_(2,p4)*cFT(nu13,XX,i2,
      iufo11)*cFT(g7,XX,iufo11,j11)*flavourTag(fmu,j11,j12)*Vec(nu10,q3)*Vec(
      nu16,-q2)*Vec(nu13,q3)*Vec(nu14,q3)*Vecr(nu14,p4)*Deng(p4,xiz,M4)*Deng(
      q2 + q3,xiw,M3)^2*Deng(p4 + q2 + q3,xiw,M3)^2*xiw^2*ufoGC58^2*ufoGC76*
      ufoGC69
       + 1/8*g_(1,6_,nu10)*g_(2,nu16)*FT2(g6)*FT2*g_(2,p4)*cFT(nu13,XX,i2,
      iufo11)*cFT(g7,XX,iufo11,j11)*flavourTag(fmu,j11,j12)*Vec(nu10,q3)*Vec(
      nu16,-q2)*Vec(nu14,q2)^2*Vecr(nu13,p4)*Deng(p4,xiz,M4)*Deng(q2 + q3,xiw,
      M3)^2*Deng(p4 + q2 + q3,xiw,M3)^2*xiw^2*ufoGC58^2*ufoGC76*ufoGC69
       + 1/4*g_(1,6_,nu10)*g_(2,nu16)*FT2(g6)*FT2*g_(2,p4)*cFT(nu13,XX,i2,
      iufo11)*cFT(g7,XX,iufo11,j11)*flavourTag(fmu,j11,j12)*Vec(nu10,q3)*Vec(
      nu16,-q2)*Vec(nu14,q2)*Vec(nu14,q3)*Vecr(nu13,p4)*Deng(p4,xiz,M4)*Deng(
      q2 + q3,xiw,M3)^2*Deng(p4 + q2 + q3,xiw,M3)^2*xiw^2*ufoGC58^2*ufoGC76*
      ufoGC69
       + 1/8*g_(1,6_,nu10)*g_(2,nu16)*FT2(g6)*FT2*g_(2,p4)*cFT(nu13,XX,i2,
      iufo11)*cFT(g7,XX,iufo11,j11)*flavourTag(fmu,j11,j12)*Vec(nu10,q3)*Vec(
      nu16,-q2)*Vec(nu14,q2)*Deng(p4,xiz,M4)*Deng(q2 + q3,xiw,M3)^2*Deng(p4 + 
      q2 + q3,xiw,M3)^2*p4.p4*xiw^2*ufoGC58^2*ufoGC76*ufoGC69
       + 1/8*g_(1,6_,nu10)*g_(2,nu16)*FT2(g6)*FT2*g_(2,p4)*cFT(nu13,XX,i2,
      iufo11)*cFT(g7,XX,iufo11,j11)*flavourTag(fmu,j11,j12)*Vec(nu10,q3)*Vec(
      nu16,-q2)*Vec(nu14,q3)^2*Vecr(nu13,p4)*Deng(p4,xiz,M4)*Deng(q2 + q3,xiw,
      M3)^2*Deng(p4 + q2 + q3,xiw,M3)^2*xiw^2*ufoGC58^2*ufoGC76*ufoGC69
       + 1/8*g_(1,6_,nu10)*g_(2,nu16)*FT2(g6)*FT2*g_(2,p4)*cFT(nu13,XX,i2,
      iufo11)*cFT(g7,XX,iufo11,j11)*flavourTag(fmu,j11,j12)*Vec(nu10,q3)*Vec(
      nu16,-q2)*Vec(nu14,q3)*Deng(p4,xiz,M4)*Deng(q2 + q3,xiw,M3)^2*Deng(p4 + 
      q2 + q3,xiw,M3)^2*p4.p4*xiw^2*ufoGC58^2*ufoGC76*ufoGC69
       + 1/8*g_(1,6_,nu10)*g_(2,nu16)*FT2(g6)*FT2*g_(2,p4)*cFT(nu13,XX,i2,
      iufo11)*cFT(g7,XX,iufo11,j11)*flavourTag(fmu,j11,j12)*Vec(nu10,q3)*Vec(
      nu16,-q3)*Vec(nu13,q2)*Vec(nu14,q2)^2*Deng(p4,xiz,M4)*Deng(q2 + q3,xiw,
      M3)^2*Deng(p4 + q2 + q3,xiw,M3)^2*xiw^2*ufoGC58^2*ufoGC76*ufoGC69
       + 1/4*g_(1,6_,nu10)*g_(2,nu16)*FT2(g6)*FT2*g_(2,p4)*cFT(nu13,XX,i2,
      iufo11)*cFT(g7,XX,iufo11,j11)*flavourTag(fmu,j11,j12)*Vec(nu10,q3)*Vec(
      nu16,-q3)*Vec(nu13,q2)*Vec(nu14,q2)*Vec(nu14,q3)*Deng(p4,xiz,M4)*Deng(q2
       + q3,xiw,M3)^2*Deng(p4 + q2 + q3,xiw,M3)^2*xiw^2*ufoGC58^2*ufoGC76*
      ufoGC69
       + 1/8*g_(1,6_,nu10)*g_(2,nu16)*FT2(g6)*FT2*g_(2,p4)*cFT(nu13,XX,i2,
      iufo11)*cFT(g7,XX,iufo11,j11)*flavourTag(fmu,j11,j12)*Vec(nu10,q3)*Vec(
      nu16,-q3)*Vec(nu13,q2)*Vec(nu14,q2)*Vecr(nu14,p4)*Deng(p4,xiz,M4)*Deng(
      q2 + q3,xiw,M3)^2*Deng(p4 + q2 + q3,xiw,M3)^2*xiw^2*ufoGC58^2*ufoGC76*
      ufoGC69
       + 1/8*g_(1,6_,nu10)*g_(2,nu16)*FT2(g6)*FT2*g_(2,p4)*cFT(nu13,XX,i2,
      iufo11)*cFT(g7,XX,iufo11,j11)*flavourTag(fmu,j11,j12)*Vec(nu10,q3)*Vec(
      nu16,-q3)*Vec(nu13,q2)*Vec(nu14,q3)^2*Deng(p4,xiz,M4)*Deng(q2 + q3,xiw,
      M3)^2*Deng(p4 + q2 + q3,xiw,M3)^2*xiw^2*ufoGC58^2*ufoGC76*ufoGC69
       + 1/8*g_(1,6_,nu10)*g_(2,nu16)*FT2(g6)*FT2*g_(2,p4)*cFT(nu13,XX,i2,
      iufo11)*cFT(g7,XX,iufo11,j11)*flavourTag(fmu,j11,j12)*Vec(nu10,q3)*Vec(
      nu16,-q3)*Vec(nu13,q2)*Vec(nu14,q3)*Vecr(nu14,p4)*Deng(p4,xiz,M4)*Deng(
      q2 + q3,xiw,M3)^2*Deng(p4 + q2 + q3,xiw,M3)^2*xiw^2*ufoGC58^2*ufoGC76*
      ufoGC69
       + 1/8*g_(1,6_,nu10)*g_(2,nu16)*FT2(g6)*FT2*g_(2,p4)*cFT(nu13,XX,i2,
      iufo11)*cFT(g7,XX,iufo11,j11)*flavourTag(fmu,j11,j12)*Vec(nu10,q3)*Vec(
      nu16,-q3)*Vec(nu13,q3)*Vec(nu14,q2)^2*Deng(p4,xiz,M4)*Deng(q2 + q3,xiw,
      M3)^2*Deng(p4 + q2 + q3,xiw,M3)^2*xiw^2*ufoGC58^2*ufoGC76*ufoGC69
       + 1/4*g_(1,6_,nu10)*g_(2,nu16)*FT2(g6)*FT2*g_(2,p4)*cFT(nu13,XX,i2,
      iufo11)*cFT(g7,XX,iufo11,j11)*flavourTag(fmu,j11,j12)*Vec(nu10,q3)*Vec(
      nu16,-q3)*Vec(nu13,q3)*Vec(nu14,q2)*Vec(nu14,q3)*Deng(p4,xiz,M4)*Deng(q2
       + q3,xiw,M3)^2*Deng(p4 + q2 + q3,xiw,M3)^2*xiw^2*ufoGC58^2*ufoGC76*
      ufoGC69
       + 1/8*g_(1,6_,nu10)*g_(2,nu16)*FT2(g6)*FT2*g_(2,p4)*cFT(nu13,XX,i2,
      iufo11)*cFT(g7,XX,iufo11,j11)*flavourTag(fmu,j11,j12)*Vec(nu10,q3)*Vec(
      nu16,-q3)*Vec(nu13,q3)*Vec(nu14,q2)*Vecr(nu14,p4)*Deng(p4,xiz,M4)*Deng(
      q2 + q3,xiw,M3)^2*Deng(p4 + q2 + q3,xiw,M3)^2*xiw^2*ufoGC58^2*ufoGC76*
      ufoGC69
       + 1/8*g_(1,6_,nu10)*g_(2,nu16)*FT2(g6)*FT2*g_(2,p4)*cFT(nu13,XX,i2,
      iufo11)*cFT(g7,XX,iufo11,j11)*flavourTag(fmu,j11,j12)*Vec(nu10,q3)*Vec(
      nu16,-q3)*Vec(nu13,q3)*Vec(nu14,q3)^2*Deng(p4,xiz,M4)*Deng(q2 + q3,xiw,
      M3)^2*Deng(p4 + q2 + q3,xiw,M3)^2*xiw^2*ufoGC58^2*ufoGC76*ufoGC69
       + 1/8*g_(1,6_,nu10)*g_(2,nu16)*FT2(g6)*FT2*g_(2,p4)*cFT(nu13,XX,i2,
      iufo11)*cFT(g7,XX,iufo11,j11)*flavourTag(fmu,j11,j12)*Vec(nu10,q3)*Vec(
      nu16,-q3)*Vec(nu13,q3)*Vec(nu14,q3)*Vecr(nu14,p4)*Deng(p4,xiz,M4)*Deng(
      q2 + q3,xiw,M3)^2*Deng(p4 + q2 + q3,xiw,M3)^2*xiw^2*ufoGC58^2*ufoGC76*
      ufoGC69
       + 1/8*g_(1,6_,nu10)*g_(2,nu16)*FT2(g6)*FT2*g_(2,p4)*cFT(nu13,XX,i2,
      iufo11)*cFT(g7,XX,iufo11,j11)*flavourTag(fmu,j11,j12)*Vec(nu10,q3)*Vec(
      nu16,-q3)*Vec(nu14,q2)^2*Vecr(nu13,p4)*Deng(p4,xiz,M4)*Deng(q2 + q3,xiw,
      M3)^2*Deng(p4 + q2 + q3,xiw,M3)^2*xiw^2*ufoGC58^2*ufoGC76*ufoGC69
       + 1/4*g_(1,6_,nu10)*g_(2,nu16)*FT2(g6)*FT2*g_(2,p4)*cFT(nu13,XX,i2,
      iufo11)*cFT(g7,XX,iufo11,j11)*flavourTag(fmu,j11,j12)*Vec(nu10,q3)*Vec(
      nu16,-q3)*Vec(nu14,q2)*Vec(nu14,q3)*Vecr(nu13,p4)*Deng(p4,xiz,M4)*Deng(
      q2 + q3,xiw,M3)^2*Deng(p4 + q2 + q3,xiw,M3)^2*xiw^2*ufoGC58^2*ufoGC76*
      ufoGC69
       + 1/8*g_(1,6_,nu10)*g_(2,nu16)*FT2(g6)*FT2*g_(2,p4)*cFT(nu13,XX,i2,
      iufo11)*cFT(g7,XX,iufo11,j11)*flavourTag(fmu,j11,j12)*Vec(nu10,q3)*Vec(
      nu16,-q3)*Vec(nu14,q2)*Deng(p4,xiz,M4)*Deng(q2 + q3,xiw,M3)^2*Deng(p4 + 
      q2 + q3,xiw,M3)^2*p4.p4*xiw^2*ufoGC58^2*ufoGC76*ufoGC69
       + 1/8*g_(1,6_,nu10)*g_(2,nu16)*FT2(g6)*FT2*g_(2,p4)*cFT(nu13,XX,i2,
      iufo11)*cFT(g7,XX,iufo11,j11)*flavourTag(fmu,j11,j12)*Vec(nu10,q3)*Vec(
      nu16,-q3)*Vec(nu14,q3)^2*Vecr(nu13,p4)*Deng(p4,xiz,M4)*Deng(q2 + q3,xiw,
      M3)^2*Deng(p4 + q2 + q3,xiw,M3)^2*xiw^2*ufoGC58^2*ufoGC76*ufoGC69
       + 1/8*g_(1,6_,nu10)*g_(2,nu16)*FT2(g6)*FT2*g_(2,p4)*cFT(nu13,XX,i2,
      iufo11)*cFT(g7,XX,iufo11,j11)*flavourTag(fmu,j11,j12)*Vec(nu10,q3)*Vec(
      nu16,-q3)*Vec(nu14,q3)*Deng(p4,xiz,M4)*Deng(q2 + q3,xiw,M3)^2*Deng(p4 + 
      q2 + q3,xiw,M3)^2*p4.p4*xiw^2*ufoGC58^2*ufoGC76*ufoGC69
       - 1/8*g_(1,6_,nu10)*g_(2,nu16)*FT2(g6)*FT2*g_(2,p4)*cFT(nu13,XX,i2,
      iufo11)*cFT(g7,XX,iufo11,j11)*flavourTag(fmu,j11,j12)*Vec(nu10,q3)*Vec(
      nu13,q2)*Vec(nu9,q2)*Vec(nu15,q2)*Vecr(nu15,p4)*Deng(p4,xiz,M4)^2*Deng(
      q2 + q3,xiw,M3)^2*Deng(p4 + q2 + q3,xiw,M3)^2*p4.p4*xiw^2*ufoGC58^2*
      ufoGC76*ufoGC69
       - 1/8*g_(1,6_,nu10)*g_(2,nu16)*FT2(g6)*FT2*g_(2,p4)*cFT(nu13,XX,i2,
      iufo11)*cFT(g7,XX,iufo11,j11)*flavourTag(fmu,j11,j12)*Vec(nu10,q3)*Vec(
      nu13,q2)*Vec(nu9,q2)*Vec(nu15,q3)*Vecr(nu15,p4)*Deng(p4,xiz,M4)^2*Deng(
      q2 + q3,xiw,M3)^2*Deng(p4 + q2 + q3,xiw,M3)^2*p4.p4*xiw^2*ufoGC58^2*
      ufoGC76*ufoGC69
       + 1/8*g_(1,6_,nu10)*g_(2,nu16)*FT2(g6)*FT2*g_(2,p4)*cFT(nu13,XX,i2,
      iufo11)*cFT(g7,XX,iufo11,j11)*flavourTag(fmu,j11,j12)*Vec(nu10,q3)*Vec(
      nu13,q2)*Vec(nu9,q2)*Deng(p4,xiz,M4)*Deng(q2 + q3,xiw,M3)^2*Deng(p4 + q2
       + q3,xiw,M3)^2*p4.p4*xiw^2*ufoGC58^2*ufoGC76*ufoGC69
       - 1/8*g_(1,6_,nu10)*g_(2,nu16)*FT2(g6)*FT2*g_(2,p4)*cFT(nu13,XX,i2,
      iufo11)*cFT(g7,XX,iufo11,j11)*flavourTag(fmu,j11,j12)*Vec(nu10,q3)*Vec(
      nu13,q2)*Vec(nu9,q2)*Deng(p4,xiz,M4)^2*Deng(q2 + q3,xiw,M3)^2*Deng(p4 + 
      q2 + q3,xiw,M3)^2*p4.p4^2*xiw^2*ufoGC58^2*ufoGC76*ufoGC69
       - 1/8*g_(1,6_,nu10)*g_(2,nu16)*FT2(g6)*FT2*g_(2,p4)*cFT(nu13,XX,i2,
      iufo11)*cFT(g7,XX,iufo11,j11)*flavourTag(fmu,j11,j12)*Vec(nu10,q3)*Vec(
      nu13,q2)*Vec(nu9,q3)*Vec(nu15,q2)*Vecr(nu15,p4)*Deng(p4,xiz,M4)^2*Deng(
      q2 + q3,xiw,M3)^2*Deng(p4 + q2 + q3,xiw,M3)^2*p4.p4*xiw^2*ufoGC58^2*
      ufoGC76*ufoGC69
       - 1/8*g_(1,6_,nu10)*g_(2,nu16)*FT2(g6)*FT2*g_(2,p4)*cFT(nu13,XX,i2,
      iufo11)*cFT(g7,XX,iufo11,j11)*flavourTag(fmu,j11,j12)*Vec(nu10,q3)*Vec(
      nu13,q2)*Vec(nu9,q3)*Vec(nu15,q3)*Vecr(nu15,p4)*Deng(p4,xiz,M4)^2*Deng(
      q2 + q3,xiw,M3)^2*Deng(p4 + q2 + q3,xiw,M3)^2*p4.p4*xiw^2*ufoGC58^2*
      ufoGC76*ufoGC69
       + 1/8*g_(1,6_,nu10)*g_(2,nu16)*FT2(g6)*FT2*g_(2,p4)*cFT(nu13,XX,i2,
      iufo11)*cFT(g7,XX,iufo11,j11)*flavourTag(fmu,j11,j12)*Vec(nu10,q3)*Vec(
      nu13,q2)*Vec(nu9,q3)*Deng(p4,xiz,M4)*Deng(q2 + q3,xiw,M3)^2*Deng(p4 + q2
       + q3,xiw,M3)^2*p4.p4*xiw^2*ufoGC58^2*ufoGC76*ufoGC69
       - 1/8*g_(1,6_,nu10)*g_(2,nu16)*FT2(g6)*FT2*g_(2,p4)*cFT(nu13,XX,i2,
      iufo11)*cFT(g7,XX,iufo11,j11)*flavourTag(fmu,j11,j12)*Vec(nu10,q3)*Vec(
      nu13,q2)*Vec(nu9,q3)*Deng(p4,xiz,M4)^2*Deng(q2 + q3,xiw,M3)^2*Deng(p4 + 
      q2 + q3,xiw,M3)^2*p4.p4^2*xiw^2*ufoGC58^2*ufoGC76*ufoGC69
       + 1/8*g_(1,6_,nu10)*g_(2,nu16)*FT2(g6)*FT2*g_(2,p4)*cFT(nu13,XX,i2,
      iufo11)*cFT(g7,XX,iufo11,j11)*flavourTag(fmu,j11,j12)*Vec(nu10,q3)*Vec(
      nu13,q2)*Vec(nu9,-p4)*Vec(nu9,q2)*Vec(nu15,q2)*Deng(p4,xiz,M4)^2*Deng(q2
       + q3,xiw,M3)^2*Deng(p4 + q2 + q3,xiw,M3)^2*p4.p4*xiw^2*ufoGC58^2*
      ufoGC76*ufoGC69
       + 1/8*g_(1,6_,nu10)*g_(2,nu16)*FT2(g6)*FT2*g_(2,p4)*cFT(nu13,XX,i2,
      iufo11)*cFT(g7,XX,iufo11,j11)*flavourTag(fmu,j11,j12)*Vec(nu10,q3)*Vec(
      nu13,q2)*Vec(nu9,-p4)*Vec(nu9,q2)*Vec(nu15,q3)*Deng(p4,xiz,M4)^2*Deng(q2
       + q3,xiw,M3)^2*Deng(p4 + q2 + q3,xiw,M3)^2*p4.p4*xiw^2*ufoGC58^2*
      ufoGC76*ufoGC69
       - 1/8*g_(1,6_,nu10)*g_(2,nu16)*FT2(g6)*FT2*g_(2,p4)*cFT(nu13,XX,i2,
      iufo11)*cFT(g7,XX,iufo11,j11)*flavourTag(fmu,j11,j12)*Vec(nu10,q3)*Vec(
      nu13,q2)*Vec(nu9,-p4)*Vec(nu9,q2)*Vecr(nu16,p4)*Deng(p4,xiz,M4)*Deng(q2
       + q3,xiw,M3)^2*Deng(p4 + q2 + q3,xiw,M3)^2*xiw^2*ufoGC58^2*ufoGC76*
      ufoGC69
       + 1/8*g_(1,6_,nu10)*g_(2,nu16)*FT2(g6)*FT2*g_(2,p4)*cFT(nu13,XX,i2,
      iufo11)*cFT(g7,XX,iufo11,j11)*flavourTag(fmu,j11,j12)*Vec(nu10,q3)*Vec(
      nu13,q2)*Vec(nu9,-p4)*Vec(nu9,q2)*Vecr(nu15,p4)*Deng(p4,xiz,M4)^2*Deng(
      q2 + q3,xiw,M3)^2*Deng(p4 + q2 + q3,xiw,M3)^2*p4.p4*xiw^2*ufoGC58^2*
      ufoGC76*ufoGC69
       + 1/8*g_(1,6_,nu10)*g_(2,nu16)*FT2(g6)*FT2*g_(2,p4)*cFT(nu13,XX,i2,
      iufo11)*cFT(g7,XX,iufo11,j11)*flavourTag(fmu,j11,j12)*Vec(nu10,q3)*Vec(
      nu13,q2)*Vec(nu9,-p4)*Vec(nu9,q3)*Vec(nu15,q2)*Deng(p4,xiz,M4)^2*Deng(q2
       + q3,xiw,M3)^2*Deng(p4 + q2 + q3,xiw,M3)^2*p4.p4*xiw^2*ufoGC58^2*
      ufoGC76*ufoGC69
       + 1/8*g_(1,6_,nu10)*g_(2,nu16)*FT2(g6)*FT2*g_(2,p4)*cFT(nu13,XX,i2,
      iufo11)*cFT(g7,XX,iufo11,j11)*flavourTag(fmu,j11,j12)*Vec(nu10,q3)*Vec(
      nu13,q2)*Vec(nu9,-p4)*Vec(nu9,q3)*Vec(nu15,q3)*Deng(p4,xiz,M4)^2*Deng(q2
       + q3,xiw,M3)^2*Deng(p4 + q2 + q3,xiw,M3)^2*p4.p4*xiw^2*ufoGC58^2*
      ufoGC76*ufoGC69
       - 1/8*g_(1,6_,nu10)*g_(2,nu16)*FT2(g6)*FT2*g_(2,p4)*cFT(nu13,XX,i2,
      iufo11)*cFT(g7,XX,iufo11,j11)*flavourTag(fmu,j11,j12)*Vec(nu10,q3)*Vec(
      nu13,q2)*Vec(nu9,-p4)*Vec(nu9,q3)*Vecr(nu16,p4)*Deng(p4,xiz,M4)*Deng(q2
       + q3,xiw,M3)^2*Deng(p4 + q2 + q3,xiw,M3)^2*xiw^2*ufoGC58^2*ufoGC76*
      ufoGC69
       + 1/8*g_(1,6_,nu10)*g_(2,nu16)*FT2(g6)*FT2*g_(2,p4)*cFT(nu13,XX,i2,
      iufo11)*cFT(g7,XX,iufo11,j11)*flavourTag(fmu,j11,j12)*Vec(nu10,q3)*Vec(
      nu13,q2)*Vec(nu9,-p4)*Vec(nu9,q3)*Vecr(nu15,p4)*Deng(p4,xiz,M4)^2*Deng(
      q2 + q3,xiw,M3)^2*Deng(p4 + q2 + q3,xiw,M3)^2*p4.p4*xiw^2*ufoGC58^2*
      ufoGC76*ufoGC69
       + 1/8*g_(1,6_,nu10)*g_(2,nu16)*FT2(g6)*FT2*g_(2,p4)*cFT(nu13,XX,i2,
      iufo11)*cFT(g7,XX,iufo11,j11)*flavourTag(fmu,j11,j12)*Vec(nu10,q3)*Vec(
      nu13,q2)*Vec(nu9,-q2)*Vec(nu9,q2)*Vec(nu15,q2)*Deng(p4,xiz,M4)^2*Deng(q2
       + q3,xiw,M3)^2*Deng(p4 + q2 + q3,xiw,M3)^2*p4.p4*xiw^2*ufoGC58^2*
      ufoGC76*ufoGC69
       + 1/8*g_(1,6_,nu10)*g_(2,nu16)*FT2(g6)*FT2*g_(2,p4)*cFT(nu13,XX,i2,
      iufo11)*cFT(g7,XX,iufo11,j11)*flavourTag(fmu,j11,j12)*Vec(nu10,q3)*Vec(
      nu13,q2)*Vec(nu9,-q2)*Vec(nu9,q2)*Vec(nu15,q3)*Deng(p4,xiz,M4)^2*Deng(q2
       + q3,xiw,M3)^2*Deng(p4 + q2 + q3,xiw,M3)^2*p4.p4*xiw^2*ufoGC58^2*
      ufoGC76*ufoGC69
       - 1/8*g_(1,6_,nu10)*g_(2,nu16)*FT2(g6)*FT2*g_(2,p4)*cFT(nu13,XX,i2,
      iufo11)*cFT(g7,XX,iufo11,j11)*flavourTag(fmu,j11,j12)*Vec(nu10,q3)*Vec(
      nu13,q2)*Vec(nu9,-q2)*Vec(nu9,q2)*Vecr(nu16,p4)*Deng(p4,xiz,M4)*Deng(q2
       + q3,xiw,M3)^2*Deng(p4 + q2 + q3,xiw,M3)^2*xiw^2*ufoGC58^2*ufoGC76*
      ufoGC69
       + 1/8*g_(1,6_,nu10)*g_(2,nu16)*FT2(g6)*FT2*g_(2,p4)*cFT(nu13,XX,i2,
      iufo11)*cFT(g7,XX,iufo11,j11)*flavourTag(fmu,j11,j12)*Vec(nu10,q3)*Vec(
      nu13,q2)*Vec(nu9,-q2)*Vec(nu9,q2)*Vecr(nu15,p4)*Deng(p4,xiz,M4)^2*Deng(
      q2 + q3,xiw,M3)^2*Deng(p4 + q2 + q3,xiw,M3)^2*p4.p4*xiw^2*ufoGC58^2*
      ufoGC76*ufoGC69
       + 1/8*g_(1,6_,nu10)*g_(2,nu16)*FT2(g6)*FT2*g_(2,p4)*cFT(nu13,XX,i2,
      iufo11)*cFT(g7,XX,iufo11,j11)*flavourTag(fmu,j11,j12)*Vec(nu10,q3)*Vec(
      nu13,q2)*Vec(nu9,-q2)*Vec(nu9,q3)*Vec(nu15,q2)*Deng(p4,xiz,M4)^2*Deng(q2
       + q3,xiw,M3)^2*Deng(p4 + q2 + q3,xiw,M3)^2*p4.p4*xiw^2*ufoGC58^2*
      ufoGC76*ufoGC69
       + 1/8*g_(1,6_,nu10)*g_(2,nu16)*FT2(g6)*FT2*g_(2,p4)*cFT(nu13,XX,i2,
      iufo11)*cFT(g7,XX,iufo11,j11)*flavourTag(fmu,j11,j12)*Vec(nu10,q3)*Vec(
      nu13,q2)*Vec(nu9,-q2)*Vec(nu9,q3)*Vec(nu15,q3)*Deng(p4,xiz,M4)^2*Deng(q2
       + q3,xiw,M3)^2*Deng(p4 + q2 + q3,xiw,M3)^2*p4.p4*xiw^2*ufoGC58^2*
      ufoGC76*ufoGC69
       - 1/8*g_(1,6_,nu10)*g_(2,nu16)*FT2(g6)*FT2*g_(2,p4)*cFT(nu13,XX,i2,
      iufo11)*cFT(g7,XX,iufo11,j11)*flavourTag(fmu,j11,j12)*Vec(nu10,q3)*Vec(
      nu13,q2)*Vec(nu9,-q2)*Vec(nu9,q3)*Vecr(nu16,p4)*Deng(p4,xiz,M4)*Deng(q2
       + q3,xiw,M3)^2*Deng(p4 + q2 + q3,xiw,M3)^2*xiw^2*ufoGC58^2*ufoGC76*
      ufoGC69
       + 1/8*g_(1,6_,nu10)*g_(2,nu16)*FT2(g6)*FT2*g_(2,p4)*cFT(nu13,XX,i2,
      iufo11)*cFT(g7,XX,iufo11,j11)*flavourTag(fmu,j11,j12)*Vec(nu10,q3)*Vec(
      nu13,q2)*Vec(nu9,-q2)*Vec(nu9,q3)*Vecr(nu15,p4)*Deng(p4,xiz,M4)^2*Deng(
      q2 + q3,xiw,M3)^2*Deng(p4 + q2 + q3,xiw,M3)^2*p4.p4*xiw^2*ufoGC58^2*
      ufoGC76*ufoGC69
       + 1/8*g_(1,6_,nu10)*g_(2,nu16)*FT2(g6)*FT2*g_(2,p4)*cFT(nu13,XX,i2,
      iufo11)*cFT(g7,XX,iufo11,j11)*flavourTag(fmu,j11,j12)*Vec(nu10,q3)*Vec(
      nu13,q2)*Vec(nu9,-q3)*Vec(nu9,q2)*Vec(nu15,q2)*Deng(p4,xiz,M4)^2*Deng(q2
       + q3,xiw,M3)^2*Deng(p4 + q2 + q3,xiw,M3)^2*p4.p4*xiw^2*ufoGC58^2*
      ufoGC76*ufoGC69
       + 1/8*g_(1,6_,nu10)*g_(2,nu16)*FT2(g6)*FT2*g_(2,p4)*cFT(nu13,XX,i2,
      iufo11)*cFT(g7,XX,iufo11,j11)*flavourTag(fmu,j11,j12)*Vec(nu10,q3)*Vec(
      nu13,q2)*Vec(nu9,-q3)*Vec(nu9,q2)*Vec(nu15,q3)*Deng(p4,xiz,M4)^2*Deng(q2
       + q3,xiw,M3)^2*Deng(p4 + q2 + q3,xiw,M3)^2*p4.p4*xiw^2*ufoGC58^2*
      ufoGC76*ufoGC69
       - 1/8*g_(1,6_,nu10)*g_(2,nu16)*FT2(g6)*FT2*g_(2,p4)*cFT(nu13,XX,i2,
      iufo11)*cFT(g7,XX,iufo11,j11)*flavourTag(fmu,j11,j12)*Vec(nu10,q3)*Vec(
      nu13,q2)*Vec(nu9,-q3)*Vec(nu9,q2)*Vecr(nu16,p4)*Deng(p4,xiz,M4)*Deng(q2
       + q3,xiw,M3)^2*Deng(p4 + q2 + q3,xiw,M3)^2*xiw^2*ufoGC58^2*ufoGC76*
      ufoGC69
       + 1/8*g_(1,6_,nu10)*g_(2,nu16)*FT2(g6)*FT2*g_(2,p4)*cFT(nu13,XX,i2,
      iufo11)*cFT(g7,XX,iufo11,j11)*flavourTag(fmu,j11,j12)*Vec(nu10,q3)*Vec(
      nu13,q2)*Vec(nu9,-q3)*Vec(nu9,q2)*Vecr(nu15,p4)*Deng(p4,xiz,M4)^2*Deng(
      q2 + q3,xiw,M3)^2*Deng(p4 + q2 + q3,xiw,M3)^2*p4.p4*xiw^2*ufoGC58^2*
      ufoGC76*ufoGC69
       + 1/8*g_(1,6_,nu10)*g_(2,nu16)*FT2(g6)*FT2*g_(2,p4)*cFT(nu13,XX,i2,
      iufo11)*cFT(g7,XX,iufo11,j11)*flavourTag(fmu,j11,j12)*Vec(nu10,q3)*Vec(
      nu13,q2)*Vec(nu9,-q3)*Vec(nu9,q3)*Vec(nu15,q2)*Deng(p4,xiz,M4)^2*Deng(q2
       + q3,xiw,M3)^2*Deng(p4 + q2 + q3,xiw,M3)^2*p4.p4*xiw^2*ufoGC58^2*
      ufoGC76*ufoGC69
       + 1/8*g_(1,6_,nu10)*g_(2,nu16)*FT2(g6)*FT2*g_(2,p4)*cFT(nu13,XX,i2,
      iufo11)*cFT(g7,XX,iufo11,j11)*flavourTag(fmu,j11,j12)*Vec(nu10,q3)*Vec(
      nu13,q2)*Vec(nu9,-q3)*Vec(nu9,q3)*Vec(nu15,q3)*Deng(p4,xiz,M4)^2*Deng(q2
       + q3,xiw,M3)^2*Deng(p4 + q2 + q3,xiw,M3)^2*p4.p4*xiw^2*ufoGC58^2*
      ufoGC76*ufoGC69
       - 1/8*g_(1,6_,nu10)*g_(2,nu16)*FT2(g6)*FT2*g_(2,p4)*cFT(nu13,XX,i2,
      iufo11)*cFT(g7,XX,iufo11,j11)*flavourTag(fmu,j11,j12)*Vec(nu10,q3)*Vec(
      nu13,q2)*Vec(nu9,-q3)*Vec(nu9,q3)*Vecr(nu16,p4)*Deng(p4,xiz,M4)*Deng(q2
       + q3,xiw,M3)^2*Deng(p4 + q2 + q3,xiw,M3)^2*xiw^2*ufoGC58^2*ufoGC76*
      ufoGC69
       + 1/8*g_(1,6_,nu10)*g_(2,nu16)*FT2(g6)*FT2*g_(2,p4)*cFT(nu13,XX,i2,
      iufo11)*cFT(g7,XX,iufo11,j11)*flavourTag(fmu,j11,j12)*Vec(nu10,q3)*Vec(
      nu13,q2)*Vec(nu9,-q3)*Vec(nu9,q3)*Vecr(nu15,p4)*Deng(p4,xiz,M4)^2*Deng(
      q2 + q3,xiw,M3)^2*Deng(p4 + q2 + q3,xiw,M3)^2*p4.p4*xiw^2*ufoGC58^2*
      ufoGC76*ufoGC69
       - 1/8*g_(1,6_,nu10)*g_(2,nu16)*FT2(g6)*FT2*g_(2,p4)*cFT(nu13,XX,i2,
      iufo11)*cFT(g7,XX,iufo11,j11)*flavourTag(fmu,j11,j12)*Vec(nu10,q3)*Vec(
      nu13,q2)*Vec(nu14,q2)^2*Vec(nu15,-p4)*Deng(p4,xiz,M4)^2*Deng(q2 + q3,xiw
      ,M3)^2*Deng(p4 + q2 + q3,xiw,M3)^2*p4.p4*xiw^2*ufoGC58^2*ufoGC76*ufoGC69
       - 1/8*g_(1,6_,nu10)*g_(2,nu16)*FT2(g6)*FT2*g_(2,p4)*cFT(nu13,XX,i2,
      iufo11)*cFT(g7,XX,iufo11,j11)*flavourTag(fmu,j11,j12)*Vec(nu10,q3)*Vec(
      nu13,q2)*Vec(nu14,q2)^2*Vec(nu15,-q2)*Deng(p4,xiz,M4)^2*Deng(q2 + q3,xiw
      ,M3)^2*Deng(p4 + q2 + q3,xiw,M3)^2*p4.p4*xiw^2*ufoGC58^2*ufoGC76*ufoGC69
       - 1/8*g_(1,6_,nu10)*g_(2,nu16)*FT2(g6)*FT2*g_(2,p4)*cFT(nu13,XX,i2,
      iufo11)*cFT(g7,XX,iufo11,j11)*flavourTag(fmu,j11,j12)*Vec(nu10,q3)*Vec(
      nu13,q2)*Vec(nu14,q2)^2*Vec(nu15,-q3)*Deng(p4,xiz,M4)^2*Deng(q2 + q3,xiw
      ,M3)^2*Deng(p4 + q2 + q3,xiw,M3)^2*p4.p4*xiw^2*ufoGC58^2*ufoGC76*ufoGC69
       - 1/4*g_(1,6_,nu10)*g_(2,nu16)*FT2(g6)*FT2*g_(2,p4)*cFT(nu13,XX,i2,
      iufo11)*cFT(g7,XX,iufo11,j11)*flavourTag(fmu,j11,j12)*Vec(nu10,q3)*Vec(
      nu13,q2)*Vec(nu14,q2)*Vec(nu14,q3)*Vec(nu15,-p4)*Deng(p4,xiz,M4)^2*Deng(
      q2 + q3,xiw,M3)^2*Deng(p4 + q2 + q3,xiw,M3)^2*p4.p4*xiw^2*ufoGC58^2*
      ufoGC76*ufoGC69
       - 1/4*g_(1,6_,nu10)*g_(2,nu16)*FT2(g6)*FT2*g_(2,p4)*cFT(nu13,XX,i2,
      iufo11)*cFT(g7,XX,iufo11,j11)*flavourTag(fmu,j11,j12)*Vec(nu10,q3)*Vec(
      nu13,q2)*Vec(nu14,q2)*Vec(nu14,q3)*Vec(nu15,-q2)*Deng(p4,xiz,M4)^2*Deng(
      q2 + q3,xiw,M3)^2*Deng(p4 + q2 + q3,xiw,M3)^2*p4.p4*xiw^2*ufoGC58^2*
      ufoGC76*ufoGC69
       - 1/4*g_(1,6_,nu10)*g_(2,nu16)*FT2(g6)*FT2*g_(2,p4)*cFT(nu13,XX,i2,
      iufo11)*cFT(g7,XX,iufo11,j11)*flavourTag(fmu,j11,j12)*Vec(nu10,q3)*Vec(
      nu13,q2)*Vec(nu14,q2)*Vec(nu14,q3)*Vec(nu15,-q3)*Deng(p4,xiz,M4)^2*Deng(
      q2 + q3,xiw,M3)^2*Deng(p4 + q2 + q3,xiw,M3)^2*p4.p4*xiw^2*ufoGC58^2*
      ufoGC76*ufoGC69
       + 1/8*g_(1,6_,nu10)*g_(2,nu16)*FT2(g6)*FT2*g_(2,p4)*cFT(nu13,XX,i2,
      iufo11)*cFT(g7,XX,iufo11,j11)*flavourTag(fmu,j11,j12)*Vec(nu10,q3)*Vec(
      nu13,q2)*Vec(nu14,q2)*Vec(nu15,q2)*Vecr(nu15,p4)*Deng(p4,xiz,M4)^2*Deng(
      q2 + q3,xiw,M3)^2*Deng(p4 + q2 + q3,xiw,M3)^2*p4.p4*xiw^2*ufoGC58^2*
      ufoGC76*ufoGC69
       + 1/8*g_(1,6_,nu10)*g_(2,nu16)*FT2(g6)*FT2*g_(2,p4)*cFT(nu13,XX,i2,
      iufo11)*cFT(g7,XX,iufo11,j11)*flavourTag(fmu,j11,j12)*Vec(nu10,q3)*Vec(
      nu13,q2)*Vec(nu14,q2)*Vec(nu15,q3)*Vecr(nu15,p4)*Deng(p4,xiz,M4)^2*Deng(
      q2 + q3,xiw,M3)^2*Deng(p4 + q2 + q3,xiw,M3)^2*p4.p4*xiw^2*ufoGC58^2*
      ufoGC76*ufoGC69
       - 1/8*g_(1,6_,nu10)*g_(2,nu16)*FT2(g6)*FT2*g_(2,p4)*cFT(nu13,XX,i2,
      iufo11)*cFT(g7,XX,iufo11,j11)*flavourTag(fmu,j11,j12)*Vec(nu10,q3)*Vec(
      nu13,q2)*Vec(nu14,q2)*Vec(nu15,-p4)*Vecr(nu15,p4)*Deng(p4,xiz,M4)^2*
      Deng(q2 + q3,xiw,M3)^2*Deng(p4 + q2 + q3,xiw,M3)^2*p4.p4*xiw^2*ufoGC58^2
      *ufoGC76*ufoGC69
       - 1/8*g_(1,6_,nu10)*g_(2,nu16)*FT2(g6)*FT2*g_(2,p4)*cFT(nu13,XX,i2,
      iufo11)*cFT(g7,XX,iufo11,j11)*flavourTag(fmu,j11,j12)*Vec(nu10,q3)*Vec(
      nu13,q2)*Vec(nu14,q2)*Vec(nu15,-q2)*Vecr(nu15,p4)*Deng(p4,xiz,M4)^2*
      Deng(q2 + q3,xiw,M3)^2*Deng(p4 + q2 + q3,xiw,M3)^2*p4.p4*xiw^2*ufoGC58^2
      *ufoGC76*ufoGC69
       - 1/8*g_(1,6_,nu10)*g_(2,nu16)*FT2(g6)*FT2*g_(2,p4)*cFT(nu13,XX,i2,
      iufo11)*cFT(g7,XX,iufo11,j11)*flavourTag(fmu,j11,j12)*Vec(nu10,q3)*Vec(
      nu13,q2)*Vec(nu14,q2)*Vec(nu15,-q3)*Vecr(nu15,p4)*Deng(p4,xiz,M4)^2*
      Deng(q2 + q3,xiw,M3)^2*Deng(p4 + q2 + q3,xiw,M3)^2*p4.p4*xiw^2*ufoGC58^2
      *ufoGC76*ufoGC69
       - 1/8*g_(1,6_,nu10)*g_(2,nu16)*FT2(g6)*FT2*g_(2,p4)*cFT(nu13,XX,i2,
      iufo11)*cFT(g7,XX,iufo11,j11)*flavourTag(fmu,j11,j12)*Vec(nu10,q3)*Vec(
      nu13,q2)*Vec(nu14,q3)^2*Vec(nu15,-p4)*Deng(p4,xiz,M4)^2*Deng(q2 + q3,xiw
      ,M3)^2*Deng(p4 + q2 + q3,xiw,M3)^2*p4.p4*xiw^2*ufoGC58^2*ufoGC76*ufoGC69
       - 1/8*g_(1,6_,nu10)*g_(2,nu16)*FT2(g6)*FT2*g_(2,p4)*cFT(nu13,XX,i2,
      iufo11)*cFT(g7,XX,iufo11,j11)*flavourTag(fmu,j11,j12)*Vec(nu10,q3)*Vec(
      nu13,q2)*Vec(nu14,q3)^2*Vec(nu15,-q2)*Deng(p4,xiz,M4)^2*Deng(q2 + q3,xiw
      ,M3)^2*Deng(p4 + q2 + q3,xiw,M3)^2*p4.p4*xiw^2*ufoGC58^2*ufoGC76*ufoGC69
       - 1/8*g_(1,6_,nu10)*g_(2,nu16)*FT2(g6)*FT2*g_(2,p4)*cFT(nu13,XX,i2,
      iufo11)*cFT(g7,XX,iufo11,j11)*flavourTag(fmu,j11,j12)*Vec(nu10,q3)*Vec(
      nu13,q2)*Vec(nu14,q3)^2*Vec(nu15,-q3)*Deng(p4,xiz,M4)^2*Deng(q2 + q3,xiw
      ,M3)^2*Deng(p4 + q2 + q3,xiw,M3)^2*p4.p4*xiw^2*ufoGC58^2*ufoGC76*ufoGC69
       + 1/8*g_(1,6_,nu10)*g_(2,nu16)*FT2(g6)*FT2*g_(2,p4)*cFT(nu13,XX,i2,
      iufo11)*cFT(g7,XX,iufo11,j11)*flavourTag(fmu,j11,j12)*Vec(nu10,q3)*Vec(
      nu13,q2)*Vec(nu14,q3)*Vec(nu15,q2)*Vecr(nu15,p4)*Deng(p4,xiz,M4)^2*Deng(
      q2 + q3,xiw,M3)^2*Deng(p4 + q2 + q3,xiw,M3)^2*p4.p4*xiw^2*ufoGC58^2*
      ufoGC76*ufoGC69
       + 1/8*g_(1,6_,nu10)*g_(2,nu16)*FT2(g6)*FT2*g_(2,p4)*cFT(nu13,XX,i2,
      iufo11)*cFT(g7,XX,iufo11,j11)*flavourTag(fmu,j11,j12)*Vec(nu10,q3)*Vec(
      nu13,q2)*Vec(nu14,q3)*Vec(nu15,q3)*Vecr(nu15,p4)*Deng(p4,xiz,M4)^2*Deng(
      q2 + q3,xiw,M3)^2*Deng(p4 + q2 + q3,xiw,M3)^2*p4.p4*xiw^2*ufoGC58^2*
      ufoGC76*ufoGC69
       - 1/8*g_(1,6_,nu10)*g_(2,nu16)*FT2(g6)*FT2*g_(2,p4)*cFT(nu13,XX,i2,
      iufo11)*cFT(g7,XX,iufo11,j11)*flavourTag(fmu,j11,j12)*Vec(nu10,q3)*Vec(
      nu13,q2)*Vec(nu14,q3)*Vec(nu15,-p4)*Vecr(nu15,p4)*Deng(p4,xiz,M4)^2*
      Deng(q2 + q3,xiw,M3)^2*Deng(p4 + q2 + q3,xiw,M3)^2*p4.p4*xiw^2*ufoGC58^2
      *ufoGC76*ufoGC69
       - 1/8*g_(1,6_,nu10)*g_(2,nu16)*FT2(g6)*FT2*g_(2,p4)*cFT(nu13,XX,i2,
      iufo11)*cFT(g7,XX,iufo11,j11)*flavourTag(fmu,j11,j12)*Vec(nu10,q3)*Vec(
      nu13,q2)*Vec(nu14,q3)*Vec(nu15,-q2)*Vecr(nu15,p4)*Deng(p4,xiz,M4)^2*
      Deng(q2 + q3,xiw,M3)^2*Deng(p4 + q2 + q3,xiw,M3)^2*p4.p4*xiw^2*ufoGC58^2
      *ufoGC76*ufoGC69
       - 1/8*g_(1,6_,nu10)*g_(2,nu16)*FT2(g6)*FT2*g_(2,p4)*cFT(nu13,XX,i2,
      iufo11)*cFT(g7,XX,iufo11,j11)*flavourTag(fmu,j11,j12)*Vec(nu10,q3)*Vec(
      nu13,q2)*Vec(nu14,q3)*Vec(nu15,-q3)*Vecr(nu15,p4)*Deng(p4,xiz,M4)^2*
      Deng(q2 + q3,xiw,M3)^2*Deng(p4 + q2 + q3,xiw,M3)^2*p4.p4*xiw^2*ufoGC58^2
      *ufoGC76*ufoGC69
       + 1/8*g_(1,6_,nu10)*g_(2,nu16)*FT2(g6)*FT2*g_(2,p4)*cFT(nu13,XX,i2,
      iufo11)*cFT(g7,XX,iufo11,j11)*flavourTag(fmu,j11,j12)*Vec(nu10,q3)*Vec(
      nu13,q2)*Vec(nu15,q2)*Deng(p4,xiz,M4)^2*Deng(q2 + q3,xiw,M3)^2*Deng(p4
       + q2 + q3,xiw,M3)^2*p4.p4^2*xiw^2*ufoGC58^2*ufoGC76*ufoGC69
       + 1/8*g_(1,6_,nu10)*g_(2,nu16)*FT2(g6)*FT2*g_(2,p4)*cFT(nu13,XX,i2,
      iufo11)*cFT(g7,XX,iufo11,j11)*flavourTag(fmu,j11,j12)*Vec(nu10,q3)*Vec(
      nu13,q2)*Vec(nu15,q3)*Deng(p4,xiz,M4)^2*Deng(q2 + q3,xiw,M3)^2*Deng(p4
       + q2 + q3,xiw,M3)^2*p4.p4^2*xiw^2*ufoGC58^2*ufoGC76*ufoGC69
       - 1/8*g_(1,6_,nu10)*g_(2,nu16)*FT2(g6)*FT2*g_(2,p4)*cFT(nu13,XX,i2,
      iufo11)*cFT(g7,XX,iufo11,j11)*flavourTag(fmu,j11,j12)*Vec(nu10,q3)*Vec(
      nu13,q3)*Vec(nu9,q2)*Vec(nu15,q2)*Vecr(nu15,p4)*Deng(p4,xiz,M4)^2*Deng(
      q2 + q3,xiw,M3)^2*Deng(p4 + q2 + q3,xiw,M3)^2*p4.p4*xiw^2*ufoGC58^2*
      ufoGC76*ufoGC69
       - 1/8*g_(1,6_,nu10)*g_(2,nu16)*FT2(g6)*FT2*g_(2,p4)*cFT(nu13,XX,i2,
      iufo11)*cFT(g7,XX,iufo11,j11)*flavourTag(fmu,j11,j12)*Vec(nu10,q3)*Vec(
      nu13,q3)*Vec(nu9,q2)*Vec(nu15,q3)*Vecr(nu15,p4)*Deng(p4,xiz,M4)^2*Deng(
      q2 + q3,xiw,M3)^2*Deng(p4 + q2 + q3,xiw,M3)^2*p4.p4*xiw^2*ufoGC58^2*
      ufoGC76*ufoGC69
       + 1/8*g_(1,6_,nu10)*g_(2,nu16)*FT2(g6)*FT2*g_(2,p4)*cFT(nu13,XX,i2,
      iufo11)*cFT(g7,XX,iufo11,j11)*flavourTag(fmu,j11,j12)*Vec(nu10,q3)*Vec(
      nu13,q3)*Vec(nu9,q2)*Deng(p4,xiz,M4)*Deng(q2 + q3,xiw,M3)^2*Deng(p4 + q2
       + q3,xiw,M3)^2*p4.p4*xiw^2*ufoGC58^2*ufoGC76*ufoGC69
       - 1/8*g_(1,6_,nu10)*g_(2,nu16)*FT2(g6)*FT2*g_(2,p4)*cFT(nu13,XX,i2,
      iufo11)*cFT(g7,XX,iufo11,j11)*flavourTag(fmu,j11,j12)*Vec(nu10,q3)*Vec(
      nu13,q3)*Vec(nu9,q2)*Deng(p4,xiz,M4)^2*Deng(q2 + q3,xiw,M3)^2*Deng(p4 + 
      q2 + q3,xiw,M3)^2*p4.p4^2*xiw^2*ufoGC58^2*ufoGC76*ufoGC69
       - 1/8*g_(1,6_,nu10)*g_(2,nu16)*FT2(g6)*FT2*g_(2,p4)*cFT(nu13,XX,i2,
      iufo11)*cFT(g7,XX,iufo11,j11)*flavourTag(fmu,j11,j12)*Vec(nu10,q3)*Vec(
      nu13,q3)*Vec(nu9,q3)*Vec(nu15,q2)*Vecr(nu15,p4)*Deng(p4,xiz,M4)^2*Deng(
      q2 + q3,xiw,M3)^2*Deng(p4 + q2 + q3,xiw,M3)^2*p4.p4*xiw^2*ufoGC58^2*
      ufoGC76*ufoGC69
       - 1/8*g_(1,6_,nu10)*g_(2,nu16)*FT2(g6)*FT2*g_(2,p4)*cFT(nu13,XX,i2,
      iufo11)*cFT(g7,XX,iufo11,j11)*flavourTag(fmu,j11,j12)*Vec(nu10,q3)*Vec(
      nu13,q3)*Vec(nu9,q3)*Vec(nu15,q3)*Vecr(nu15,p4)*Deng(p4,xiz,M4)^2*Deng(
      q2 + q3,xiw,M3)^2*Deng(p4 + q2 + q3,xiw,M3)^2*p4.p4*xiw^2*ufoGC58^2*
      ufoGC76*ufoGC69
       + 1/8*g_(1,6_,nu10)*g_(2,nu16)*FT2(g6)*FT2*g_(2,p4)*cFT(nu13,XX,i2,
      iufo11)*cFT(g7,XX,iufo11,j11)*flavourTag(fmu,j11,j12)*Vec(nu10,q3)*Vec(
      nu13,q3)*Vec(nu9,q3)*Deng(p4,xiz,M4)*Deng(q2 + q3,xiw,M3)^2*Deng(p4 + q2
       + q3,xiw,M3)^2*p4.p4*xiw^2*ufoGC58^2*ufoGC76*ufoGC69
       - 1/8*g_(1,6_,nu10)*g_(2,nu16)*FT2(g6)*FT2*g_(2,p4)*cFT(nu13,XX,i2,
      iufo11)*cFT(g7,XX,iufo11,j11)*flavourTag(fmu,j11,j12)*Vec(nu10,q3)*Vec(
      nu13,q3)*Vec(nu9,q3)*Deng(p4,xiz,M4)^2*Deng(q2 + q3,xiw,M3)^2*Deng(p4 + 
      q2 + q3,xiw,M3)^2*p4.p4^2*xiw^2*ufoGC58^2*ufoGC76*ufoGC69
       + 1/8*g_(1,6_,nu10)*g_(2,nu16)*FT2(g6)*FT2*g_(2,p4)*cFT(nu13,XX,i2,
      iufo11)*cFT(g7,XX,iufo11,j11)*flavourTag(fmu,j11,j12)*Vec(nu10,q3)*Vec(
      nu13,q3)*Vec(nu9,-p4)*Vec(nu9,q2)*Vec(nu15,q2)*Deng(p4,xiz,M4)^2*Deng(q2
       + q3,xiw,M3)^2*Deng(p4 + q2 + q3,xiw,M3)^2*p4.p4*xiw^2*ufoGC58^2*
      ufoGC76*ufoGC69
       + 1/8*g_(1,6_,nu10)*g_(2,nu16)*FT2(g6)*FT2*g_(2,p4)*cFT(nu13,XX,i2,
      iufo11)*cFT(g7,XX,iufo11,j11)*flavourTag(fmu,j11,j12)*Vec(nu10,q3)*Vec(
      nu13,q3)*Vec(nu9,-p4)*Vec(nu9,q2)*Vec(nu15,q3)*Deng(p4,xiz,M4)^2*Deng(q2
       + q3,xiw,M3)^2*Deng(p4 + q2 + q3,xiw,M3)^2*p4.p4*xiw^2*ufoGC58^2*
      ufoGC76*ufoGC69
       - 1/8*g_(1,6_,nu10)*g_(2,nu16)*FT2(g6)*FT2*g_(2,p4)*cFT(nu13,XX,i2,
      iufo11)*cFT(g7,XX,iufo11,j11)*flavourTag(fmu,j11,j12)*Vec(nu10,q3)*Vec(
      nu13,q3)*Vec(nu9,-p4)*Vec(nu9,q2)*Vecr(nu16,p4)*Deng(p4,xiz,M4)*Deng(q2
       + q3,xiw,M3)^2*Deng(p4 + q2 + q3,xiw,M3)^2*xiw^2*ufoGC58^2*ufoGC76*
      ufoGC69
       + 1/8*g_(1,6_,nu10)*g_(2,nu16)*FT2(g6)*FT2*g_(2,p4)*cFT(nu13,XX,i2,
      iufo11)*cFT(g7,XX,iufo11,j11)*flavourTag(fmu,j11,j12)*Vec(nu10,q3)*Vec(
      nu13,q3)*Vec(nu9,-p4)*Vec(nu9,q2)*Vecr(nu15,p4)*Deng(p4,xiz,M4)^2*Deng(
      q2 + q3,xiw,M3)^2*Deng(p4 + q2 + q3,xiw,M3)^2*p4.p4*xiw^2*ufoGC58^2*
      ufoGC76*ufoGC69
       + 1/8*g_(1,6_,nu10)*g_(2,nu16)*FT2(g6)*FT2*g_(2,p4)*cFT(nu13,XX,i2,
      iufo11)*cFT(g7,XX,iufo11,j11)*flavourTag(fmu,j11,j12)*Vec(nu10,q3)*Vec(
      nu13,q3)*Vec(nu9,-p4)*Vec(nu9,q3)*Vec(nu15,q2)*Deng(p4,xiz,M4)^2*Deng(q2
       + q3,xiw,M3)^2*Deng(p4 + q2 + q3,xiw,M3)^2*p4.p4*xiw^2*ufoGC58^2*
      ufoGC76*ufoGC69
       + 1/8*g_(1,6_,nu10)*g_(2,nu16)*FT2(g6)*FT2*g_(2,p4)*cFT(nu13,XX,i2,
      iufo11)*cFT(g7,XX,iufo11,j11)*flavourTag(fmu,j11,j12)*Vec(nu10,q3)*Vec(
      nu13,q3)*Vec(nu9,-p4)*Vec(nu9,q3)*Vec(nu15,q3)*Deng(p4,xiz,M4)^2*Deng(q2
       + q3,xiw,M3)^2*Deng(p4 + q2 + q3,xiw,M3)^2*p4.p4*xiw^2*ufoGC58^2*
      ufoGC76*ufoGC69
       - 1/8*g_(1,6_,nu10)*g_(2,nu16)*FT2(g6)*FT2*g_(2,p4)*cFT(nu13,XX,i2,
      iufo11)*cFT(g7,XX,iufo11,j11)*flavourTag(fmu,j11,j12)*Vec(nu10,q3)*Vec(
      nu13,q3)*Vec(nu9,-p4)*Vec(nu9,q3)*Vecr(nu16,p4)*Deng(p4,xiz,M4)*Deng(q2
       + q3,xiw,M3)^2*Deng(p4 + q2 + q3,xiw,M3)^2*xiw^2*ufoGC58^2*ufoGC76*
      ufoGC69
       + 1/8*g_(1,6_,nu10)*g_(2,nu16)*FT2(g6)*FT2*g_(2,p4)*cFT(nu13,XX,i2,
      iufo11)*cFT(g7,XX,iufo11,j11)*flavourTag(fmu,j11,j12)*Vec(nu10,q3)*Vec(
      nu13,q3)*Vec(nu9,-p4)*Vec(nu9,q3)*Vecr(nu15,p4)*Deng(p4,xiz,M4)^2*Deng(
      q2 + q3,xiw,M3)^2*Deng(p4 + q2 + q3,xiw,M3)^2*p4.p4*xiw^2*ufoGC58^2*
      ufoGC76*ufoGC69
       + 1/8*g_(1,6_,nu10)*g_(2,nu16)*FT2(g6)*FT2*g_(2,p4)*cFT(nu13,XX,i2,
      iufo11)*cFT(g7,XX,iufo11,j11)*flavourTag(fmu,j11,j12)*Vec(nu10,q3)*Vec(
      nu13,q3)*Vec(nu9,-q2)*Vec(nu9,q2)*Vec(nu15,q2)*Deng(p4,xiz,M4)^2*Deng(q2
       + q3,xiw,M3)^2*Deng(p4 + q2 + q3,xiw,M3)^2*p4.p4*xiw^2*ufoGC58^2*
      ufoGC76*ufoGC69
       + 1/8*g_(1,6_,nu10)*g_(2,nu16)*FT2(g6)*FT2*g_(2,p4)*cFT(nu13,XX,i2,
      iufo11)*cFT(g7,XX,iufo11,j11)*flavourTag(fmu,j11,j12)*Vec(nu10,q3)*Vec(
      nu13,q3)*Vec(nu9,-q2)*Vec(nu9,q2)*Vec(nu15,q3)*Deng(p4,xiz,M4)^2*Deng(q2
       + q3,xiw,M3)^2*Deng(p4 + q2 + q3,xiw,M3)^2*p4.p4*xiw^2*ufoGC58^2*
      ufoGC76*ufoGC69
       - 1/8*g_(1,6_,nu10)*g_(2,nu16)*FT2(g6)*FT2*g_(2,p4)*cFT(nu13,XX,i2,
      iufo11)*cFT(g7,XX,iufo11,j11)*flavourTag(fmu,j11,j12)*Vec(nu10,q3)*Vec(
      nu13,q3)*Vec(nu9,-q2)*Vec(nu9,q2)*Vecr(nu16,p4)*Deng(p4,xiz,M4)*Deng(q2
       + q3,xiw,M3)^2*Deng(p4 + q2 + q3,xiw,M3)^2*xiw^2*ufoGC58^2*ufoGC76*
      ufoGC69
       + 1/8*g_(1,6_,nu10)*g_(2,nu16)*FT2(g6)*FT2*g_(2,p4)*cFT(nu13,XX,i2,
      iufo11)*cFT(g7,XX,iufo11,j11)*flavourTag(fmu,j11,j12)*Vec(nu10,q3)*Vec(
      nu13,q3)*Vec(nu9,-q2)*Vec(nu9,q2)*Vecr(nu15,p4)*Deng(p4,xiz,M4)^2*Deng(
      q2 + q3,xiw,M3)^2*Deng(p4 + q2 + q3,xiw,M3)^2*p4.p4*xiw^2*ufoGC58^2*
      ufoGC76*ufoGC69
       + 1/8*g_(1,6_,nu10)*g_(2,nu16)*FT2(g6)*FT2*g_(2,p4)*cFT(nu13,XX,i2,
      iufo11)*cFT(g7,XX,iufo11,j11)*flavourTag(fmu,j11,j12)*Vec(nu10,q3)*Vec(
      nu13,q3)*Vec(nu9,-q2)*Vec(nu9,q3)*Vec(nu15,q2)*Deng(p4,xiz,M4)^2*Deng(q2
       + q3,xiw,M3)^2*Deng(p4 + q2 + q3,xiw,M3)^2*p4.p4*xiw^2*ufoGC58^2*
      ufoGC76*ufoGC69
       + 1/8*g_(1,6_,nu10)*g_(2,nu16)*FT2(g6)*FT2*g_(2,p4)*cFT(nu13,XX,i2,
      iufo11)*cFT(g7,XX,iufo11,j11)*flavourTag(fmu,j11,j12)*Vec(nu10,q3)*Vec(
      nu13,q3)*Vec(nu9,-q2)*Vec(nu9,q3)*Vec(nu15,q3)*Deng(p4,xiz,M4)^2*Deng(q2
       + q3,xiw,M3)^2*Deng(p4 + q2 + q3,xiw,M3)^2*p4.p4*xiw^2*ufoGC58^2*
      ufoGC76*ufoGC69
       - 1/8*g_(1,6_,nu10)*g_(2,nu16)*FT2(g6)*FT2*g_(2,p4)*cFT(nu13,XX,i2,
      iufo11)*cFT(g7,XX,iufo11,j11)*flavourTag(fmu,j11,j12)*Vec(nu10,q3)*Vec(
      nu13,q3)*Vec(nu9,-q2)*Vec(nu9,q3)*Vecr(nu16,p4)*Deng(p4,xiz,M4)*Deng(q2
       + q3,xiw,M3)^2*Deng(p4 + q2 + q3,xiw,M3)^2*xiw^2*ufoGC58^2*ufoGC76*
      ufoGC69
       + 1/8*g_(1,6_,nu10)*g_(2,nu16)*FT2(g6)*FT2*g_(2,p4)*cFT(nu13,XX,i2,
      iufo11)*cFT(g7,XX,iufo11,j11)*flavourTag(fmu,j11,j12)*Vec(nu10,q3)*Vec(
      nu13,q3)*Vec(nu9,-q2)*Vec(nu9,q3)*Vecr(nu15,p4)*Deng(p4,xiz,M4)^2*Deng(
      q2 + q3,xiw,M3)^2*Deng(p4 + q2 + q3,xiw,M3)^2*p4.p4*xiw^2*ufoGC58^2*
      ufoGC76*ufoGC69
       + 1/8*g_(1,6_,nu10)*g_(2,nu16)*FT2(g6)*FT2*g_(2,p4)*cFT(nu13,XX,i2,
      iufo11)*cFT(g7,XX,iufo11,j11)*flavourTag(fmu,j11,j12)*Vec(nu10,q3)*Vec(
      nu13,q3)*Vec(nu9,-q3)*Vec(nu9,q2)*Vec(nu15,q2)*Deng(p4,xiz,M4)^2*Deng(q2
       + q3,xiw,M3)^2*Deng(p4 + q2 + q3,xiw,M3)^2*p4.p4*xiw^2*ufoGC58^2*
      ufoGC76*ufoGC69
       + 1/8*g_(1,6_,nu10)*g_(2,nu16)*FT2(g6)*FT2*g_(2,p4)*cFT(nu13,XX,i2,
      iufo11)*cFT(g7,XX,iufo11,j11)*flavourTag(fmu,j11,j12)*Vec(nu10,q3)*Vec(
      nu13,q3)*Vec(nu9,-q3)*Vec(nu9,q2)*Vec(nu15,q3)*Deng(p4,xiz,M4)^2*Deng(q2
       + q3,xiw,M3)^2*Deng(p4 + q2 + q3,xiw,M3)^2*p4.p4*xiw^2*ufoGC58^2*
      ufoGC76*ufoGC69
       - 1/8*g_(1,6_,nu10)*g_(2,nu16)*FT2(g6)*FT2*g_(2,p4)*cFT(nu13,XX,i2,
      iufo11)*cFT(g7,XX,iufo11,j11)*flavourTag(fmu,j11,j12)*Vec(nu10,q3)*Vec(
      nu13,q3)*Vec(nu9,-q3)*Vec(nu9,q2)*Vecr(nu16,p4)*Deng(p4,xiz,M4)*Deng(q2
       + q3,xiw,M3)^2*Deng(p4 + q2 + q3,xiw,M3)^2*xiw^2*ufoGC58^2*ufoGC76*
      ufoGC69
       + 1/8*g_(1,6_,nu10)*g_(2,nu16)*FT2(g6)*FT2*g_(2,p4)*cFT(nu13,XX,i2,
      iufo11)*cFT(g7,XX,iufo11,j11)*flavourTag(fmu,j11,j12)*Vec(nu10,q3)*Vec(
      nu13,q3)*Vec(nu9,-q3)*Vec(nu9,q2)*Vecr(nu15,p4)*Deng(p4,xiz,M4)^2*Deng(
      q2 + q3,xiw,M3)^2*Deng(p4 + q2 + q3,xiw,M3)^2*p4.p4*xiw^2*ufoGC58^2*
      ufoGC76*ufoGC69
       + 1/8*g_(1,6_,nu10)*g_(2,nu16)*FT2(g6)*FT2*g_(2,p4)*cFT(nu13,XX,i2,
      iufo11)*cFT(g7,XX,iufo11,j11)*flavourTag(fmu,j11,j12)*Vec(nu10,q3)*Vec(
      nu13,q3)*Vec(nu9,-q3)*Vec(nu9,q3)*Vec(nu15,q2)*Deng(p4,xiz,M4)^2*Deng(q2
       + q3,xiw,M3)^2*Deng(p4 + q2 + q3,xiw,M3)^2*p4.p4*xiw^2*ufoGC58^2*
      ufoGC76*ufoGC69
       + 1/8*g_(1,6_,nu10)*g_(2,nu16)*FT2(g6)*FT2*g_(2,p4)*cFT(nu13,XX,i2,
      iufo11)*cFT(g7,XX,iufo11,j11)*flavourTag(fmu,j11,j12)*Vec(nu10,q3)*Vec(
      nu13,q3)*Vec(nu9,-q3)*Vec(nu9,q3)*Vec(nu15,q3)*Deng(p4,xiz,M4)^2*Deng(q2
       + q3,xiw,M3)^2*Deng(p4 + q2 + q3,xiw,M3)^2*p4.p4*xiw^2*ufoGC58^2*
      ufoGC76*ufoGC69
       - 1/8*g_(1,6_,nu10)*g_(2,nu16)*FT2(g6)*FT2*g_(2,p4)*cFT(nu13,XX,i2,
      iufo11)*cFT(g7,XX,iufo11,j11)*flavourTag(fmu,j11,j12)*Vec(nu10,q3)*Vec(
      nu13,q3)*Vec(nu9,-q3)*Vec(nu9,q3)*Vecr(nu16,p4)*Deng(p4,xiz,M4)*Deng(q2
       + q3,xiw,M3)^2*Deng(p4 + q2 + q3,xiw,M3)^2*xiw^2*ufoGC58^2*ufoGC76*
      ufoGC69
       + 1/8*g_(1,6_,nu10)*g_(2,nu16)*FT2(g6)*FT2*g_(2,p4)*cFT(nu13,XX,i2,
      iufo11)*cFT(g7,XX,iufo11,j11)*flavourTag(fmu,j11,j12)*Vec(nu10,q3)*Vec(
      nu13,q3)*Vec(nu9,-q3)*Vec(nu9,q3)*Vecr(nu15,p4)*Deng(p4,xiz,M4)^2*Deng(
      q2 + q3,xiw,M3)^2*Deng(p4 + q2 + q3,xiw,M3)^2*p4.p4*xiw^2*ufoGC58^2*
      ufoGC76*ufoGC69
       - 1/8*g_(1,6_,nu10)*g_(2,nu16)*FT2(g6)*FT2*g_(2,p4)*cFT(nu13,XX,i2,
      iufo11)*cFT(g7,XX,iufo11,j11)*flavourTag(fmu,j11,j12)*Vec(nu10,q3)*Vec(
      nu13,q3)*Vec(nu14,q2)^2*Vec(nu15,-p4)*Deng(p4,xiz,M4)^2*Deng(q2 + q3,xiw
      ,M3)^2*Deng(p4 + q2 + q3,xiw,M3)^2*p4.p4*xiw^2*ufoGC58^2*ufoGC76*ufoGC69
       - 1/8*g_(1,6_,nu10)*g_(2,nu16)*FT2(g6)*FT2*g_(2,p4)*cFT(nu13,XX,i2,
      iufo11)*cFT(g7,XX,iufo11,j11)*flavourTag(fmu,j11,j12)*Vec(nu10,q3)*Vec(
      nu13,q3)*Vec(nu14,q2)^2*Vec(nu15,-q2)*Deng(p4,xiz,M4)^2*Deng(q2 + q3,xiw
      ,M3)^2*Deng(p4 + q2 + q3,xiw,M3)^2*p4.p4*xiw^2*ufoGC58^2*ufoGC76*ufoGC69
       - 1/8*g_(1,6_,nu10)*g_(2,nu16)*FT2(g6)*FT2*g_(2,p4)*cFT(nu13,XX,i2,
      iufo11)*cFT(g7,XX,iufo11,j11)*flavourTag(fmu,j11,j12)*Vec(nu10,q3)*Vec(
      nu13,q3)*Vec(nu14,q2)^2*Vec(nu15,-q3)*Deng(p4,xiz,M4)^2*Deng(q2 + q3,xiw
      ,M3)^2*Deng(p4 + q2 + q3,xiw,M3)^2*p4.p4*xiw^2*ufoGC58^2*ufoGC76*ufoGC69
       - 1/4*g_(1,6_,nu10)*g_(2,nu16)*FT2(g6)*FT2*g_(2,p4)*cFT(nu13,XX,i2,
      iufo11)*cFT(g7,XX,iufo11,j11)*flavourTag(fmu,j11,j12)*Vec(nu10,q3)*Vec(
      nu13,q3)*Vec(nu14,q2)*Vec(nu14,q3)*Vec(nu15,-p4)*Deng(p4,xiz,M4)^2*Deng(
      q2 + q3,xiw,M3)^2*Deng(p4 + q2 + q3,xiw,M3)^2*p4.p4*xiw^2*ufoGC58^2*
      ufoGC76*ufoGC69
       - 1/4*g_(1,6_,nu10)*g_(2,nu16)*FT2(g6)*FT2*g_(2,p4)*cFT(nu13,XX,i2,
      iufo11)*cFT(g7,XX,iufo11,j11)*flavourTag(fmu,j11,j12)*Vec(nu10,q3)*Vec(
      nu13,q3)*Vec(nu14,q2)*Vec(nu14,q3)*Vec(nu15,-q2)*Deng(p4,xiz,M4)^2*Deng(
      q2 + q3,xiw,M3)^2*Deng(p4 + q2 + q3,xiw,M3)^2*p4.p4*xiw^2*ufoGC58^2*
      ufoGC76*ufoGC69
       - 1/4*g_(1,6_,nu10)*g_(2,nu16)*FT2(g6)*FT2*g_(2,p4)*cFT(nu13,XX,i2,
      iufo11)*cFT(g7,XX,iufo11,j11)*flavourTag(fmu,j11,j12)*Vec(nu10,q3)*Vec(
      nu13,q3)*Vec(nu14,q2)*Vec(nu14,q3)*Vec(nu15,-q3)*Deng(p4,xiz,M4)^2*Deng(
      q2 + q3,xiw,M3)^2*Deng(p4 + q2 + q3,xiw,M3)^2*p4.p4*xiw^2*ufoGC58^2*
      ufoGC76*ufoGC69
       + 1/8*g_(1,6_,nu10)*g_(2,nu16)*FT2(g6)*FT2*g_(2,p4)*cFT(nu13,XX,i2,
      iufo11)*cFT(g7,XX,iufo11,j11)*flavourTag(fmu,j11,j12)*Vec(nu10,q3)*Vec(
      nu13,q3)*Vec(nu14,q2)*Vec(nu15,q2)*Vecr(nu15,p4)*Deng(p4,xiz,M4)^2*Deng(
      q2 + q3,xiw,M3)^2*Deng(p4 + q2 + q3,xiw,M3)^2*p4.p4*xiw^2*ufoGC58^2*
      ufoGC76*ufoGC69
       + 1/8*g_(1,6_,nu10)*g_(2,nu16)*FT2(g6)*FT2*g_(2,p4)*cFT(nu13,XX,i2,
      iufo11)*cFT(g7,XX,iufo11,j11)*flavourTag(fmu,j11,j12)*Vec(nu10,q3)*Vec(
      nu13,q3)*Vec(nu14,q2)*Vec(nu15,q3)*Vecr(nu15,p4)*Deng(p4,xiz,M4)^2*Deng(
      q2 + q3,xiw,M3)^2*Deng(p4 + q2 + q3,xiw,M3)^2*p4.p4*xiw^2*ufoGC58^2*
      ufoGC76*ufoGC69
       - 1/8*g_(1,6_,nu10)*g_(2,nu16)*FT2(g6)*FT2*g_(2,p4)*cFT(nu13,XX,i2,
      iufo11)*cFT(g7,XX,iufo11,j11)*flavourTag(fmu,j11,j12)*Vec(nu10,q3)*Vec(
      nu13,q3)*Vec(nu14,q2)*Vec(nu15,-p4)*Vecr(nu15,p4)*Deng(p4,xiz,M4)^2*
      Deng(q2 + q3,xiw,M3)^2*Deng(p4 + q2 + q3,xiw,M3)^2*p4.p4*xiw^2*ufoGC58^2
      *ufoGC76*ufoGC69
       - 1/8*g_(1,6_,nu10)*g_(2,nu16)*FT2(g6)*FT2*g_(2,p4)*cFT(nu13,XX,i2,
      iufo11)*cFT(g7,XX,iufo11,j11)*flavourTag(fmu,j11,j12)*Vec(nu10,q3)*Vec(
      nu13,q3)*Vec(nu14,q2)*Vec(nu15,-q2)*Vecr(nu15,p4)*Deng(p4,xiz,M4)^2*
      Deng(q2 + q3,xiw,M3)^2*Deng(p4 + q2 + q3,xiw,M3)^2*p4.p4*xiw^2*ufoGC58^2
      *ufoGC76*ufoGC69
       - 1/8*g_(1,6_,nu10)*g_(2,nu16)*FT2(g6)*FT2*g_(2,p4)*cFT(nu13,XX,i2,
      iufo11)*cFT(g7,XX,iufo11,j11)*flavourTag(fmu,j11,j12)*Vec(nu10,q3)*Vec(
      nu13,q3)*Vec(nu14,q2)*Vec(nu15,-q3)*Vecr(nu15,p4)*Deng(p4,xiz,M4)^2*
      Deng(q2 + q3,xiw,M3)^2*Deng(p4 + q2 + q3,xiw,M3)^2*p4.p4*xiw^2*ufoGC58^2
      *ufoGC76*ufoGC69
       - 1/8*g_(1,6_,nu10)*g_(2,nu16)*FT2(g6)*FT2*g_(2,p4)*cFT(nu13,XX,i2,
      iufo11)*cFT(g7,XX,iufo11,j11)*flavourTag(fmu,j11,j12)*Vec(nu10,q3)*Vec(
      nu13,q3)*Vec(nu14,q3)^2*Vec(nu15,-p4)*Deng(p4,xiz,M4)^2*Deng(q2 + q3,xiw
      ,M3)^2*Deng(p4 + q2 + q3,xiw,M3)^2*p4.p4*xiw^2*ufoGC58^2*ufoGC76*ufoGC69
       - 1/8*g_(1,6_,nu10)*g_(2,nu16)*FT2(g6)*FT2*g_(2,p4)*cFT(nu13,XX,i2,
      iufo11)*cFT(g7,XX,iufo11,j11)*flavourTag(fmu,j11,j12)*Vec(nu10,q3)*Vec(
      nu13,q3)*Vec(nu14,q3)^2*Vec(nu15,-q2)*Deng(p4,xiz,M4)^2*Deng(q2 + q3,xiw
      ,M3)^2*Deng(p4 + q2 + q3,xiw,M3)^2*p4.p4*xiw^2*ufoGC58^2*ufoGC76*ufoGC69
       - 1/8*g_(1,6_,nu10)*g_(2,nu16)*FT2(g6)*FT2*g_(2,p4)*cFT(nu13,XX,i2,
      iufo11)*cFT(g7,XX,iufo11,j11)*flavourTag(fmu,j11,j12)*Vec(nu10,q3)*Vec(
      nu13,q3)*Vec(nu14,q3)^2*Vec(nu15,-q3)*Deng(p4,xiz,M4)^2*Deng(q2 + q3,xiw
      ,M3)^2*Deng(p4 + q2 + q3,xiw,M3)^2*p4.p4*xiw^2*ufoGC58^2*ufoGC76*ufoGC69
       + 1/8*g_(1,6_,nu10)*g_(2,nu16)*FT2(g6)*FT2*g_(2,p4)*cFT(nu13,XX,i2,
      iufo11)*cFT(g7,XX,iufo11,j11)*flavourTag(fmu,j11,j12)*Vec(nu10,q3)*Vec(
      nu13,q3)*Vec(nu14,q3)*Vec(nu15,q2)*Vecr(nu15,p4)*Deng(p4,xiz,M4)^2*Deng(
      q2 + q3,xiw,M3)^2*Deng(p4 + q2 + q3,xiw,M3)^2*p4.p4*xiw^2*ufoGC58^2*
      ufoGC76*ufoGC69
       + 1/8*g_(1,6_,nu10)*g_(2,nu16)*FT2(g6)*FT2*g_(2,p4)*cFT(nu13,XX,i2,
      iufo11)*cFT(g7,XX,iufo11,j11)*flavourTag(fmu,j11,j12)*Vec(nu10,q3)*Vec(
      nu13,q3)*Vec(nu14,q3)*Vec(nu15,q3)*Vecr(nu15,p4)*Deng(p4,xiz,M4)^2*Deng(
      q2 + q3,xiw,M3)^2*Deng(p4 + q2 + q3,xiw,M3)^2*p4.p4*xiw^2*ufoGC58^2*
      ufoGC76*ufoGC69
       - 1/8*g_(1,6_,nu10)*g_(2,nu16)*FT2(g6)*FT2*g_(2,p4)*cFT(nu13,XX,i2,
      iufo11)*cFT(g7,XX,iufo11,j11)*flavourTag(fmu,j11,j12)*Vec(nu10,q3)*Vec(
      nu13,q3)*Vec(nu14,q3)*Vec(nu15,-p4)*Vecr(nu15,p4)*Deng(p4,xiz,M4)^2*
      Deng(q2 + q3,xiw,M3)^2*Deng(p4 + q2 + q3,xiw,M3)^2*p4.p4*xiw^2*ufoGC58^2
      *ufoGC76*ufoGC69
       - 1/8*g_(1,6_,nu10)*g_(2,nu16)*FT2(g6)*FT2*g_(2,p4)*cFT(nu13,XX,i2,
      iufo11)*cFT(g7,XX,iufo11,j11)*flavourTag(fmu,j11,j12)*Vec(nu10,q3)*Vec(
      nu13,q3)*Vec(nu14,q3)*Vec(nu15,-q2)*Vecr(nu15,p4)*Deng(p4,xiz,M4)^2*
      Deng(q2 + q3,xiw,M3)^2*Deng(p4 + q2 + q3,xiw,M3)^2*p4.p4*xiw^2*ufoGC58^2
      *ufoGC76*ufoGC69
       - 1/8*g_(1,6_,nu10)*g_(2,nu16)*FT2(g6)*FT2*g_(2,p4)*cFT(nu13,XX,i2,
      iufo11)*cFT(g7,XX,iufo11,j11)*flavourTag(fmu,j11,j12)*Vec(nu10,q3)*Vec(
      nu13,q3)*Vec(nu14,q3)*Vec(nu15,-q3)*Vecr(nu15,p4)*Deng(p4,xiz,M4)^2*
      Deng(q2 + q3,xiw,M3)^2*Deng(p4 + q2 + q3,xiw,M3)^2*p4.p4*xiw^2*ufoGC58^2
      *ufoGC76*ufoGC69
       + 1/8*g_(1,6_,nu10)*g_(2,nu16)*FT2(g6)*FT2*g_(2,p4)*cFT(nu13,XX,i2,
      iufo11)*cFT(g7,XX,iufo11,j11)*flavourTag(fmu,j11,j12)*Vec(nu10,q3)*Vec(
      nu13,q3)*Vec(nu15,q2)*Deng(p4,xiz,M4)^2*Deng(q2 + q3,xiw,M3)^2*Deng(p4
       + q2 + q3,xiw,M3)^2*p4.p4^2*xiw^2*ufoGC58^2*ufoGC76*ufoGC69
       + 1/8*g_(1,6_,nu10)*g_(2,nu16)*FT2(g6)*FT2*g_(2,p4)*cFT(nu13,XX,i2,
      iufo11)*cFT(g7,XX,iufo11,j11)*flavourTag(fmu,j11,j12)*Vec(nu10,q3)*Vec(
      nu13,q3)*Vec(nu15,q3)*Deng(p4,xiz,M4)^2*Deng(q2 + q3,xiw,M3)^2*Deng(p4
       + q2 + q3,xiw,M3)^2*p4.p4^2*xiw^2*ufoGC58^2*ufoGC76*ufoGC69
       - 1/8*g_(1,6_,nu10)*g_(2,nu16)*FT2(g6)*FT2*g_(2,p4)*cFT(nu13,XX,i2,
      iufo11)*cFT(g7,XX,iufo11,j11)*flavourTag(fmu,j11,j12)*Vec(nu10,q3)*Vec(
      nu9,q2)*Vec(nu15,q2)*Deng(p4,xiz,M4)^2*Deng(q2 + q3,xiw,M3)^2*Deng(p4 + 
      q2 + q3,xiw,M3)^2*p4.p4^2*xiw^2*ufoGC58^2*ufoGC76*ufoGC69
       - 1/8*g_(1,6_,nu10)*g_(2,nu16)*FT2(g6)*FT2*g_(2,p4)*cFT(nu13,XX,i2,
      iufo11)*cFT(g7,XX,iufo11,j11)*flavourTag(fmu,j11,j12)*Vec(nu10,q3)*Vec(
      nu9,q2)*Vec(nu15,q3)*Deng(p4,xiz,M4)^2*Deng(q2 + q3,xiw,M3)^2*Deng(p4 + 
      q2 + q3,xiw,M3)^2*p4.p4^2*xiw^2*ufoGC58^2*ufoGC76*ufoGC69
       + 1/8*g_(1,6_,nu10)*g_(2,nu16)*FT2(g6)*FT2*g_(2,p4)*cFT(nu13,XX,i2,
      iufo11)*cFT(g7,XX,iufo11,j11)*flavourTag(fmu,j11,j12)*Vec(nu10,q3)*Vec(
      nu9,q2)*Vecr(nu9,p4)*Deng(p4,xiz,M4)*Deng(q2 + q3,xiw,M3)^2*Deng(p4 + q2
       + q3,xiw,M3)^2*p4.p4*xiw^2*ufoGC58^2*ufoGC76*ufoGC69
       - 1/8*g_(1,6_,nu10)*g_(2,nu16)*FT2(g6)*FT2*g_(2,p4)*cFT(nu13,XX,i2,
      iufo11)*cFT(g7,XX,iufo11,j11)*flavourTag(fmu,j11,j12)*Vec(nu10,q3)*Vec(
      nu9,q2)*Vecr(nu15,p4)*Deng(p4,xiz,M4)^2*Deng(q2 + q3,xiw,M3)^2*Deng(p4
       + q2 + q3,xiw,M3)^2*p4.p4^2*xiw^2*ufoGC58^2*ufoGC76*ufoGC69
       - 1/8*g_(1,6_,nu10)*g_(2,nu16)*FT2(g6)*FT2*g_(2,p4)*cFT(nu13,XX,i2,
      iufo11)*cFT(g7,XX,iufo11,j11)*flavourTag(fmu,j11,j12)*Vec(nu10,q3)*Vec(
      nu9,q3)*Vec(nu15,q2)*Deng(p4,xiz,M4)^2*Deng(q2 + q3,xiw,M3)^2*Deng(p4 + 
      q2 + q3,xiw,M3)^2*p4.p4^2*xiw^2*ufoGC58^2*ufoGC76*ufoGC69
       - 1/8*g_(1,6_,nu10)*g_(2,nu16)*FT2(g6)*FT2*g_(2,p4)*cFT(nu13,XX,i2,
      iufo11)*cFT(g7,XX,iufo11,j11)*flavourTag(fmu,j11,j12)*Vec(nu10,q3)*Vec(
      nu9,q3)*Vec(nu15,q3)*Deng(p4,xiz,M4)^2*Deng(q2 + q3,xiw,M3)^2*Deng(p4 + 
      q2 + q3,xiw,M3)^2*p4.p4^2*xiw^2*ufoGC58^2*ufoGC76*ufoGC69
       + 1/8*g_(1,6_,nu10)*g_(2,nu16)*FT2(g6)*FT2*g_(2,p4)*cFT(nu13,XX,i2,
      iufo11)*cFT(g7,XX,iufo11,j11)*flavourTag(fmu,j11,j12)*Vec(nu10,q3)*Vec(
      nu9,q3)*Vecr(nu9,p4)*Deng(p4,xiz,M4)*Deng(q2 + q3,xiw,M3)^2*Deng(p4 + q2
       + q3,xiw,M3)^2*p4.p4*xiw^2*ufoGC58^2*ufoGC76*ufoGC69
       - 1/8*g_(1,6_,nu10)*g_(2,nu16)*FT2(g6)*FT2*g_(2,p4)*cFT(nu13,XX,i2,
      iufo11)*cFT(g7,XX,iufo11,j11)*flavourTag(fmu,j11,j12)*Vec(nu10,q3)*Vec(
      nu9,q3)*Vecr(nu15,p4)*Deng(p4,xiz,M4)^2*Deng(q2 + q3,xiw,M3)^2*Deng(p4
       + q2 + q3,xiw,M3)^2*p4.p4^2*xiw^2*ufoGC58^2*ufoGC76*ufoGC69
       + 1/8*g_(1,6_,nu10)*g_(2,nu16)*FT2(g6)*FT2*g_(2,p4)*cFT(nu13,XX,i2,
      iufo11)*cFT(g7,XX,iufo11,j11)*flavourTag(fmu,j11,j12)*Vec(nu10,q3)*Vec(
      nu9,-p4)*Vec(nu9,q2)*Vec(nu15,q2)*Vecr(nu15,p4)*Deng(p4,xiz,M4)^2*Deng(
      q2 + q3,xiw,M3)^2*Deng(p4 + q2 + q3,xiw,M3)^2*p4.p4*xiw^2*ufoGC58^2*
      ufoGC76*ufoGC69
       + 1/8*g_(1,6_,nu10)*g_(2,nu16)*FT2(g6)*FT2*g_(2,p4)*cFT(nu13,XX,i2,
      iufo11)*cFT(g7,XX,iufo11,j11)*flavourTag(fmu,j11,j12)*Vec(nu10,q3)*Vec(
      nu9,-p4)*Vec(nu9,q2)*Vec(nu15,q3)*Vecr(nu15,p4)*Deng(p4,xiz,M4)^2*Deng(
      q2 + q3,xiw,M3)^2*Deng(p4 + q2 + q3,xiw,M3)^2*p4.p4*xiw^2*ufoGC58^2*
      ufoGC76*ufoGC69
       - 1/8*g_(1,6_,nu10)*g_(2,nu16)*FT2(g6)*FT2*g_(2,p4)*cFT(nu13,XX,i2,
      iufo11)*cFT(g7,XX,iufo11,j11)*flavourTag(fmu,j11,j12)*Vec(nu10,q3)*Vec(
      nu9,-p4)*Vec(nu9,q2)*Deng(p4,xiz,M4)*Deng(q2 + q3,xiw,M3)^2*Deng(p4 + q2
       + q3,xiw,M3)^2*p4.p4*xiw^2*ufoGC58^2*ufoGC76*ufoGC69
       + 1/8*g_(1,6_,nu10)*g_(2,nu16)*FT2(g6)*FT2*g_(2,p4)*cFT(nu13,XX,i2,
      iufo11)*cFT(g7,XX,iufo11,j11)*flavourTag(fmu,j11,j12)*Vec(nu10,q3)*Vec(
      nu9,-p4)*Vec(nu9,q2)*Deng(p4,xiz,M4)^2*Deng(q2 + q3,xiw,M3)^2*Deng(p4 + 
      q2 + q3,xiw,M3)^2*p4.p4^2*xiw^2*ufoGC58^2*ufoGC76*ufoGC69
       + 1/8*g_(1,6_,nu10)*g_(2,nu16)*FT2(g6)*FT2*g_(2,p4)*cFT(nu13,XX,i2,
      iufo11)*cFT(g7,XX,iufo11,j11)*flavourTag(fmu,j11,j12)*Vec(nu10,q3)*Vec(
      nu9,-p4)*Vec(nu9,q3)*Vec(nu15,q2)*Vecr(nu15,p4)*Deng(p4,xiz,M4)^2*Deng(
      q2 + q3,xiw,M3)^2*Deng(p4 + q2 + q3,xiw,M3)^2*p4.p4*xiw^2*ufoGC58^2*
      ufoGC76*ufoGC69
       + 1/8*g_(1,6_,nu10)*g_(2,nu16)*FT2(g6)*FT2*g_(2,p4)*cFT(nu13,XX,i2,
      iufo11)*cFT(g7,XX,iufo11,j11)*flavourTag(fmu,j11,j12)*Vec(nu10,q3)*Vec(
      nu9,-p4)*Vec(nu9,q3)*Vec(nu15,q3)*Vecr(nu15,p4)*Deng(p4,xiz,M4)^2*Deng(
      q2 + q3,xiw,M3)^2*Deng(p4 + q2 + q3,xiw,M3)^2*p4.p4*xiw^2*ufoGC58^2*
      ufoGC76*ufoGC69
       - 1/8*g_(1,6_,nu10)*g_(2,nu16)*FT2(g6)*FT2*g_(2,p4)*cFT(nu13,XX,i2,
      iufo11)*cFT(g7,XX,iufo11,j11)*flavourTag(fmu,j11,j12)*Vec(nu10,q3)*Vec(
      nu9,-p4)*Vec(nu9,q3)*Deng(p4,xiz,M4)*Deng(q2 + q3,xiw,M3)^2*Deng(p4 + q2
       + q3,xiw,M3)^2*p4.p4*xiw^2*ufoGC58^2*ufoGC76*ufoGC69
       + 1/8*g_(1,6_,nu10)*g_(2,nu16)*FT2(g6)*FT2*g_(2,p4)*cFT(nu13,XX,i2,
      iufo11)*cFT(g7,XX,iufo11,j11)*flavourTag(fmu,j11,j12)*Vec(nu10,q3)*Vec(
      nu9,-p4)*Vec(nu9,q3)*Deng(p4,xiz,M4)^2*Deng(q2 + q3,xiw,M3)^2*Deng(p4 + 
      q2 + q3,xiw,M3)^2*p4.p4^2*xiw^2*ufoGC58^2*ufoGC76*ufoGC69
       + 1/8*g_(1,6_,nu10)*g_(2,nu16)*FT2(g6)*FT2*g_(2,p4)*cFT(nu13,XX,i2,
      iufo11)*cFT(g7,XX,iufo11,j11)*flavourTag(fmu,j11,j12)*Vec(nu10,q3)*Vec(
      nu9,-q2)*Vec(nu9,q2)*Vec(nu15,q2)*Vecr(nu15,p4)*Deng(p4,xiz,M4)^2*Deng(
      q2 + q3,xiw,M3)^2*Deng(p4 + q2 + q3,xiw,M3)^2*p4.p4*xiw^2*ufoGC58^2*
      ufoGC76*ufoGC69
       + 1/8*g_(1,6_,nu10)*g_(2,nu16)*FT2(g6)*FT2*g_(2,p4)*cFT(nu13,XX,i2,
      iufo11)*cFT(g7,XX,iufo11,j11)*flavourTag(fmu,j11,j12)*Vec(nu10,q3)*Vec(
      nu9,-q2)*Vec(nu9,q2)*Vec(nu15,q3)*Vecr(nu15,p4)*Deng(p4,xiz,M4)^2*Deng(
      q2 + q3,xiw,M3)^2*Deng(p4 + q2 + q3,xiw,M3)^2*p4.p4*xiw^2*ufoGC58^2*
      ufoGC76*ufoGC69
       - 1/8*g_(1,6_,nu10)*g_(2,nu16)*FT2(g6)*FT2*g_(2,p4)*cFT(nu13,XX,i2,
      iufo11)*cFT(g7,XX,iufo11,j11)*flavourTag(fmu,j11,j12)*Vec(nu10,q3)*Vec(
      nu9,-q2)*Vec(nu9,q2)*Deng(p4,xiz,M4)*Deng(q2 + q3,xiw,M3)^2*Deng(p4 + q2
       + q3,xiw,M3)^2*p4.p4*xiw^2*ufoGC58^2*ufoGC76*ufoGC69
       + 1/8*g_(1,6_,nu10)*g_(2,nu16)*FT2(g6)*FT2*g_(2,p4)*cFT(nu13,XX,i2,
      iufo11)*cFT(g7,XX,iufo11,j11)*flavourTag(fmu,j11,j12)*Vec(nu10,q3)*Vec(
      nu9,-q2)*Vec(nu9,q2)*Deng(p4,xiz,M4)^2*Deng(q2 + q3,xiw,M3)^2*Deng(p4 + 
      q2 + q3,xiw,M3)^2*p4.p4^2*xiw^2*ufoGC58^2*ufoGC76*ufoGC69
       + 1/8*g_(1,6_,nu10)*g_(2,nu16)*FT2(g6)*FT2*g_(2,p4)*cFT(nu13,XX,i2,
      iufo11)*cFT(g7,XX,iufo11,j11)*flavourTag(fmu,j11,j12)*Vec(nu10,q3)*Vec(
      nu9,-q2)*Vec(nu9,q3)*Vec(nu15,q2)*Vecr(nu15,p4)*Deng(p4,xiz,M4)^2*Deng(
      q2 + q3,xiw,M3)^2*Deng(p4 + q2 + q3,xiw,M3)^2*p4.p4*xiw^2*ufoGC58^2*
      ufoGC76*ufoGC69
       + 1/8*g_(1,6_,nu10)*g_(2,nu16)*FT2(g6)*FT2*g_(2,p4)*cFT(nu13,XX,i2,
      iufo11)*cFT(g7,XX,iufo11,j11)*flavourTag(fmu,j11,j12)*Vec(nu10,q3)*Vec(
      nu9,-q2)*Vec(nu9,q3)*Vec(nu15,q3)*Vecr(nu15,p4)*Deng(p4,xiz,M4)^2*Deng(
      q2 + q3,xiw,M3)^2*Deng(p4 + q2 + q3,xiw,M3)^2*p4.p4*xiw^2*ufoGC58^2*
      ufoGC76*ufoGC69
       - 1/8*g_(1,6_,nu10)*g_(2,nu16)*FT2(g6)*FT2*g_(2,p4)*cFT(nu13,XX,i2,
      iufo11)*cFT(g7,XX,iufo11,j11)*flavourTag(fmu,j11,j12)*Vec(nu10,q3)*Vec(
      nu9,-q2)*Vec(nu9,q3)*Deng(p4,xiz,M4)*Deng(q2 + q3,xiw,M3)^2*Deng(p4 + q2
       + q3,xiw,M3)^2*p4.p4*xiw^2*ufoGC58^2*ufoGC76*ufoGC69
       + 1/8*g_(1,6_,nu10)*g_(2,nu16)*FT2(g6)*FT2*g_(2,p4)*cFT(nu13,XX,i2,
      iufo11)*cFT(g7,XX,iufo11,j11)*flavourTag(fmu,j11,j12)*Vec(nu10,q3)*Vec(
      nu9,-q2)*Vec(nu9,q3)*Deng(p4,xiz,M4)^2*Deng(q2 + q3,xiw,M3)^2*Deng(p4 + 
      q2 + q3,xiw,M3)^2*p4.p4^2*xiw^2*ufoGC58^2*ufoGC76*ufoGC69
       + 1/8*g_(1,6_,nu10)*g_(2,nu16)*FT2(g6)*FT2*g_(2,p4)*cFT(nu13,XX,i2,
      iufo11)*cFT(g7,XX,iufo11,j11)*flavourTag(fmu,j11,j12)*Vec(nu10,q3)*Vec(
      nu9,-q3)*Vec(nu9,q2)*Vec(nu15,q2)*Vecr(nu15,p4)*Deng(p4,xiz,M4)^2*Deng(
      q2 + q3,xiw,M3)^2*Deng(p4 + q2 + q3,xiw,M3)^2*p4.p4*xiw^2*ufoGC58^2*
      ufoGC76*ufoGC69
       + 1/8*g_(1,6_,nu10)*g_(2,nu16)*FT2(g6)*FT2*g_(2,p4)*cFT(nu13,XX,i2,
      iufo11)*cFT(g7,XX,iufo11,j11)*flavourTag(fmu,j11,j12)*Vec(nu10,q3)*Vec(
      nu9,-q3)*Vec(nu9,q2)*Vec(nu15,q3)*Vecr(nu15,p4)*Deng(p4,xiz,M4)^2*Deng(
      q2 + q3,xiw,M3)^2*Deng(p4 + q2 + q3,xiw,M3)^2*p4.p4*xiw^2*ufoGC58^2*
      ufoGC76*ufoGC69
       - 1/8*g_(1,6_,nu10)*g_(2,nu16)*FT2(g6)*FT2*g_(2,p4)*cFT(nu13,XX,i2,
      iufo11)*cFT(g7,XX,iufo11,j11)*flavourTag(fmu,j11,j12)*Vec(nu10,q3)*Vec(
      nu9,-q3)*Vec(nu9,q2)*Deng(p4,xiz,M4)*Deng(q2 + q3,xiw,M3)^2*Deng(p4 + q2
       + q3,xiw,M3)^2*p4.p4*xiw^2*ufoGC58^2*ufoGC76*ufoGC69
       + 1/8*g_(1,6_,nu10)*g_(2,nu16)*FT2(g6)*FT2*g_(2,p4)*cFT(nu13,XX,i2,
      iufo11)*cFT(g7,XX,iufo11,j11)*flavourTag(fmu,j11,j12)*Vec(nu10,q3)*Vec(
      nu9,-q3)*Vec(nu9,q2)*Deng(p4,xiz,M4)^2*Deng(q2 + q3,xiw,M3)^2*Deng(p4 + 
      q2 + q3,xiw,M3)^2*p4.p4^2*xiw^2*ufoGC58^2*ufoGC76*ufoGC69
       + 1/8*g_(1,6_,nu10)*g_(2,nu16)*FT2(g6)*FT2*g_(2,p4)*cFT(nu13,XX,i2,
      iufo11)*cFT(g7,XX,iufo11,j11)*flavourTag(fmu,j11,j12)*Vec(nu10,q3)*Vec(
      nu9,-q3)*Vec(nu9,q3)*Vec(nu15,q2)*Vecr(nu15,p4)*Deng(p4,xiz,M4)^2*Deng(
      q2 + q3,xiw,M3)^2*Deng(p4 + q2 + q3,xiw,M3)^2*p4.p4*xiw^2*ufoGC58^2*
      ufoGC76*ufoGC69
       + 1/8*g_(1,6_,nu10)*g_(2,nu16)*FT2(g6)*FT2*g_(2,p4)*cFT(nu13,XX,i2,
      iufo11)*cFT(g7,XX,iufo11,j11)*flavourTag(fmu,j11,j12)*Vec(nu10,q3)*Vec(
      nu9,-q3)*Vec(nu9,q3)*Vec(nu15,q3)*Vecr(nu15,p4)*Deng(p4,xiz,M4)^2*Deng(
      q2 + q3,xiw,M3)^2*Deng(p4 + q2 + q3,xiw,M3)^2*p4.p4*xiw^2*ufoGC58^2*
      ufoGC76*ufoGC69
       - 1/8*g_(1,6_,nu10)*g_(2,nu16)*FT2(g6)*FT2*g_(2,p4)*cFT(nu13,XX,i2,
      iufo11)*cFT(g7,XX,iufo11,j11)*flavourTag(fmu,j11,j12)*Vec(nu10,q3)*Vec(
      nu9,-q3)*Vec(nu9,q3)*Deng(p4,xiz,M4)*Deng(q2 + q3,xiw,M3)^2*Deng(p4 + q2
       + q3,xiw,M3)^2*p4.p4*xiw^2*ufoGC58^2*ufoGC76*ufoGC69
       + 1/8*g_(1,6_,nu10)*g_(2,nu16)*FT2(g6)*FT2*g_(2,p4)*cFT(nu13,XX,i2,
      iufo11)*cFT(g7,XX,iufo11,j11)*flavourTag(fmu,j11,j12)*Vec(nu10,q3)*Vec(
      nu9,-q3)*Vec(nu9,q3)*Deng(p4,xiz,M4)^2*Deng(q2 + q3,xiw,M3)^2*Deng(p4 + 
      q2 + q3,xiw,M3)^2*p4.p4^2*xiw^2*ufoGC58^2*ufoGC76*ufoGC69
       - 1/8*g_(1,6_,nu10)*g_(2,nu16)*FT2(g6)*FT2*g_(2,p4)*cFT(nu13,XX,i2,
      iufo11)*cFT(g7,XX,iufo11,j11)*flavourTag(fmu,j11,j12)*Vec(nu10,q3)*Vec(
      nu14,q2)^2*Vec(nu15,-p4)*Vecr(nu15,p4)*Deng(p4,xiz,M4)^2*Deng(q2 + q3,
      xiw,M3)^2*Deng(p4 + q2 + q3,xiw,M3)^2*p4.p4*xiw^2*ufoGC58^2*ufoGC76*
      ufoGC69
       - 1/8*g_(1,6_,nu10)*g_(2,nu16)*FT2(g6)*FT2*g_(2,p4)*cFT(nu13,XX,i2,
      iufo11)*cFT(g7,XX,iufo11,j11)*flavourTag(fmu,j11,j12)*Vec(nu10,q3)*Vec(
      nu14,q2)^2*Vec(nu15,-q2)*Vecr(nu15,p4)*Deng(p4,xiz,M4)^2*Deng(q2 + q3,
      xiw,M3)^2*Deng(p4 + q2 + q3,xiw,M3)^2*p4.p4*xiw^2*ufoGC58^2*ufoGC76*
      ufoGC69
       - 1/8*g_(1,6_,nu10)*g_(2,nu16)*FT2(g6)*FT2*g_(2,p4)*cFT(nu13,XX,i2,
      iufo11)*cFT(g7,XX,iufo11,j11)*flavourTag(fmu,j11,j12)*Vec(nu10,q3)*Vec(
      nu14,q2)^2*Vec(nu15,-q3)*Vecr(nu15,p4)*Deng(p4,xiz,M4)^2*Deng(q2 + q3,
      xiw,M3)^2*Deng(p4 + q2 + q3,xiw,M3)^2*p4.p4*xiw^2*ufoGC58^2*ufoGC76*
      ufoGC69
       - 1/4*g_(1,6_,nu10)*g_(2,nu16)*FT2(g6)*FT2*g_(2,p4)*cFT(nu13,XX,i2,
      iufo11)*cFT(g7,XX,iufo11,j11)*flavourTag(fmu,j11,j12)*Vec(nu10,q3)*Vec(
      nu14,q2)*Vec(nu14,q3)*Vec(nu15,-p4)*Vecr(nu15,p4)*Deng(p4,xiz,M4)^2*
      Deng(q2 + q3,xiw,M3)^2*Deng(p4 + q2 + q3,xiw,M3)^2*p4.p4*xiw^2*ufoGC58^2
      *ufoGC76*ufoGC69
       - 1/4*g_(1,6_,nu10)*g_(2,nu16)*FT2(g6)*FT2*g_(2,p4)*cFT(nu13,XX,i2,
      iufo11)*cFT(g7,XX,iufo11,j11)*flavourTag(fmu,j11,j12)*Vec(nu10,q3)*Vec(
      nu14,q2)*Vec(nu14,q3)*Vec(nu15,-q2)*Vecr(nu15,p4)*Deng(p4,xiz,M4)^2*
      Deng(q2 + q3,xiw,M3)^2*Deng(p4 + q2 + q3,xiw,M3)^2*p4.p4*xiw^2*ufoGC58^2
      *ufoGC76*ufoGC69
       - 1/4*g_(1,6_,nu10)*g_(2,nu16)*FT2(g6)*FT2*g_(2,p4)*cFT(nu13,XX,i2,
      iufo11)*cFT(g7,XX,iufo11,j11)*flavourTag(fmu,j11,j12)*Vec(nu10,q3)*Vec(
      nu14,q2)*Vec(nu14,q3)*Vec(nu15,-q3)*Vecr(nu15,p4)*Deng(p4,xiz,M4)^2*
      Deng(q2 + q3,xiw,M3)^2*Deng(p4 + q2 + q3,xiw,M3)^2*p4.p4*xiw^2*ufoGC58^2
      *ufoGC76*ufoGC69
       + 1/8*g_(1,6_,nu10)*g_(2,nu16)*FT2(g6)*FT2*g_(2,p4)*cFT(nu13,XX,i2,
      iufo11)*cFT(g7,XX,iufo11,j11)*flavourTag(fmu,j11,j12)*Vec(nu10,q3)*Vec(
      nu14,q2)*Vec(nu15,q2)*Deng(p4,xiz,M4)^2*Deng(q2 + q3,xiw,M3)^2*Deng(p4
       + q2 + q3,xiw,M3)^2*p4.p4^2*xiw^2*ufoGC58^2*ufoGC76*ufoGC69
       + 1/8*g_(1,6_,nu10)*g_(2,nu16)*FT2(g6)*FT2*g_(2,p4)*cFT(nu13,XX,i2,
      iufo11)*cFT(g7,XX,iufo11,j11)*flavourTag(fmu,j11,j12)*Vec(nu10,q3)*Vec(
      nu14,q2)*Vec(nu15,q3)*Deng(p4,xiz,M4)^2*Deng(q2 + q3,xiw,M3)^2*Deng(p4
       + q2 + q3,xiw,M3)^2*p4.p4^2*xiw^2*ufoGC58^2*ufoGC76*ufoGC69
       - 1/8*g_(1,6_,nu10)*g_(2,nu16)*FT2(g6)*FT2*g_(2,p4)*cFT(nu13,XX,i2,
      iufo11)*cFT(g7,XX,iufo11,j11)*flavourTag(fmu,j11,j12)*Vec(nu10,q3)*Vec(
      nu14,q2)*Vec(nu15,-p4)*Deng(p4,xiz,M4)^2*Deng(q2 + q3,xiw,M3)^2*Deng(p4
       + q2 + q3,xiw,M3)^2*p4.p4^2*xiw^2*ufoGC58^2*ufoGC76*ufoGC69
       - 1/8*g_(1,6_,nu10)*g_(2,nu16)*FT2(g6)*FT2*g_(2,p4)*cFT(nu13,XX,i2,
      iufo11)*cFT(g7,XX,iufo11,j11)*flavourTag(fmu,j11,j12)*Vec(nu10,q3)*Vec(
      nu14,q2)*Vec(nu15,-q2)*Deng(p4,xiz,M4)^2*Deng(q2 + q3,xiw,M3)^2*Deng(p4
       + q2 + q3,xiw,M3)^2*p4.p4^2*xiw^2*ufoGC58^2*ufoGC76*ufoGC69
       - 1/8*g_(1,6_,nu10)*g_(2,nu16)*FT2(g6)*FT2*g_(2,p4)*cFT(nu13,XX,i2,
      iufo11)*cFT(g7,XX,iufo11,j11)*flavourTag(fmu,j11,j12)*Vec(nu10,q3)*Vec(
      nu14,q2)*Vec(nu15,-q3)*Deng(p4,xiz,M4)^2*Deng(q2 + q3,xiw,M3)^2*Deng(p4
       + q2 + q3,xiw,M3)^2*p4.p4^2*xiw^2*ufoGC58^2*ufoGC76*ufoGC69
       - 1/8*g_(1,6_,nu10)*g_(2,nu16)*FT2(g6)*FT2*g_(2,p4)*cFT(nu13,XX,i2,
      iufo11)*cFT(g7,XX,iufo11,j11)*flavourTag(fmu,j11,j12)*Vec(nu10,q3)*Vec(
      nu14,q3)^2*Vec(nu15,-p4)*Vecr(nu15,p4)*Deng(p4,xiz,M4)^2*Deng(q2 + q3,
      xiw,M3)^2*Deng(p4 + q2 + q3,xiw,M3)^2*p4.p4*xiw^2*ufoGC58^2*ufoGC76*
      ufoGC69
       - 1/8*g_(1,6_,nu10)*g_(2,nu16)*FT2(g6)*FT2*g_(2,p4)*cFT(nu13,XX,i2,
      iufo11)*cFT(g7,XX,iufo11,j11)*flavourTag(fmu,j11,j12)*Vec(nu10,q3)*Vec(
      nu14,q3)^2*Vec(nu15,-q2)*Vecr(nu15,p4)*Deng(p4,xiz,M4)^2*Deng(q2 + q3,
      xiw,M3)^2*Deng(p4 + q2 + q3,xiw,M3)^2*p4.p4*xiw^2*ufoGC58^2*ufoGC76*
      ufoGC69
       - 1/8*g_(1,6_,nu10)*g_(2,nu16)*FT2(g6)*FT2*g_(2,p4)*cFT(nu13,XX,i2,
      iufo11)*cFT(g7,XX,iufo11,j11)*flavourTag(fmu,j11,j12)*Vec(nu10,q3)*Vec(
      nu14,q3)^2*Vec(nu15,-q3)*Vecr(nu15,p4)*Deng(p4,xiz,M4)^2*Deng(q2 + q3,
      xiw,M3)^2*Deng(p4 + q2 + q3,xiw,M3)^2*p4.p4*xiw^2*ufoGC58^2*ufoGC76*
      ufoGC69
       + 1/8*g_(1,6_,nu10)*g_(2,nu16)*FT2(g6)*FT2*g_(2,p4)*cFT(nu13,XX,i2,
      iufo11)*cFT(g7,XX,iufo11,j11)*flavourTag(fmu,j11,j12)*Vec(nu10,q3)*Vec(
      nu14,q3)*Vec(nu15,q2)*Deng(p4,xiz,M4)^2*Deng(q2 + q3,xiw,M3)^2*Deng(p4
       + q2 + q3,xiw,M3)^2*p4.p4^2*xiw^2*ufoGC58^2*ufoGC76*ufoGC69
       + 1/8*g_(1,6_,nu10)*g_(2,nu16)*FT2(g6)*FT2*g_(2,p4)*cFT(nu13,XX,i2,
      iufo11)*cFT(g7,XX,iufo11,j11)*flavourTag(fmu,j11,j12)*Vec(nu10,q3)*Vec(
      nu14,q3)*Vec(nu15,q3)*Deng(p4,xiz,M4)^2*Deng(q2 + q3,xiw,M3)^2*Deng(p4
       + q2 + q3,xiw,M3)^2*p4.p4^2*xiw^2*ufoGC58^2*ufoGC76*ufoGC69
       - 1/8*g_(1,6_,nu10)*g_(2,nu16)*FT2(g6)*FT2*g_(2,p4)*cFT(nu13,XX,i2,
      iufo11)*cFT(g7,XX,iufo11,j11)*flavourTag(fmu,j11,j12)*Vec(nu10,q3)*Vec(
      nu14,q3)*Vec(nu15,-p4)*Deng(p4,xiz,M4)^2*Deng(q2 + q3,xiw,M3)^2*Deng(p4
       + q2 + q3,xiw,M3)^2*p4.p4^2*xiw^2*ufoGC58^2*ufoGC76*ufoGC69
       - 1/8*g_(1,6_,nu10)*g_(2,nu16)*FT2(g6)*FT2*g_(2,p4)*cFT(nu13,XX,i2,
      iufo11)*cFT(g7,XX,iufo11,j11)*flavourTag(fmu,j11,j12)*Vec(nu10,q3)*Vec(
      nu14,q3)*Vec(nu15,-q2)*Deng(p4,xiz,M4)^2*Deng(q2 + q3,xiw,M3)^2*Deng(p4
       + q2 + q3,xiw,M3)^2*p4.p4^2*xiw^2*ufoGC58^2*ufoGC76*ufoGC69
       - 1/8*g_(1,6_,nu10)*g_(2,nu16)*FT2(g6)*FT2*g_(2,p4)*cFT(nu13,XX,i2,
      iufo11)*cFT(g7,XX,iufo11,j11)*flavourTag(fmu,j11,j12)*Vec(nu10,q3)*Vec(
      nu14,q3)*Vec(nu15,-q3)*Deng(p4,xiz,M4)^2*Deng(q2 + q3,xiw,M3)^2*Deng(p4
       + q2 + q3,xiw,M3)^2*p4.p4^2*xiw^2*ufoGC58^2*ufoGC76*ufoGC69
       + 1/8*g_(1,6_,nu10)*g_(2,nu16)*FT2(g6)*FT2*g_(2,p4)*cFT(nu13,XX,i2,
      iufo11)*cFT(g7,XX,iufo11,j11)*flavourTag(fmu,j11,j12)*Vec(nu10,q3)*Vec(
      nu15,q2)*Vecr(nu15,p4)*Deng(p4,xiz,M4)^2*Deng(q2 + q3,xiw,M3)^2*Deng(p4
       + q2 + q3,xiw,M3)^2*p4.p4^2*xiw^2*ufoGC58^2*ufoGC76*ufoGC69
       + 1/8*g_(1,6_,nu10)*g_(2,nu16)*FT2(g6)*FT2*g_(2,p4)*cFT(nu13,XX,i2,
      iufo11)*cFT(g7,XX,iufo11,j11)*flavourTag(fmu,j11,j12)*Vec(nu10,q3)*Vec(
      nu15,q3)*Vecr(nu15,p4)*Deng(p4,xiz,M4)^2*Deng(q2 + q3,xiw,M3)^2*Deng(p4
       + q2 + q3,xiw,M3)^2*p4.p4^2*xiw^2*ufoGC58^2*ufoGC76*ufoGC69
       + 1/8*g_(1,6_,nu10)*g_(2,nu16)*FT2(g6)*FT2*g_(2,q3)*cFT(nu13,XX,i2,
      iufo11)*cFT(g7,XX,iufo11,j11)*flavourTag(fmu,j11,j12)*Vec(nu10,q2)*Vec(
      nu16,q2)*Vec(nu13,q2)*Vec(nu9,q2)*Vecr(nu9,p4)*Deng(p4,xiz,M4)*Deng(q2
       + q3,xiw,M3)^2*Deng(p4 + q2 + q3,xiw,M3)^2*xiw^2*ufoGC58^2*ufoGC76*
      ufoGC69
       + 1/8*g_(1,6_,nu10)*g_(2,nu16)*FT2(g6)*FT2*g_(2,q3)*cFT(nu13,XX,i2,
      iufo11)*cFT(g7,XX,iufo11,j11)*flavourTag(fmu,j11,j12)*Vec(nu10,q2)*Vec(
      nu16,q2)*Vec(nu13,q2)*Vec(nu9,q3)*Vecr(nu9,p4)*Deng(p4,xiz,M4)*Deng(q2
       + q3,xiw,M3)^2*Deng(p4 + q2 + q3,xiw,M3)^2*xiw^2*ufoGC58^2*ufoGC76*
      ufoGC69
       - 1/8*g_(1,6_,nu10)*g_(2,nu16)*FT2(g6)*FT2*g_(2,q3)*cFT(nu13,XX,i2,
      iufo11)*cFT(g7,XX,iufo11,j11)*flavourTag(fmu,j11,j12)*Vec(nu10,q2)*Vec(
      nu16,q2)*Vec(nu13,q2)*Vec(nu9,-p4)*Vec(nu9,q2)*Deng(p4,xiz,M4)*Deng(q2
       + q3,xiw,M3)^2*Deng(p4 + q2 + q3,xiw,M3)^2*xiw^2*ufoGC58^2*ufoGC76*
      ufoGC69
       - 1/8*g_(1,6_,nu10)*g_(2,nu16)*FT2(g6)*FT2*g_(2,q3)*cFT(nu13,XX,i2,
      iufo11)*cFT(g7,XX,iufo11,j11)*flavourTag(fmu,j11,j12)*Vec(nu10,q2)*Vec(
      nu16,q2)*Vec(nu13,q2)*Vec(nu9,-p4)*Vec(nu9,q3)*Deng(p4,xiz,M4)*Deng(q2
       + q3,xiw,M3)^2*Deng(p4 + q2 + q3,xiw,M3)^2*xiw^2*ufoGC58^2*ufoGC76*
      ufoGC69
       - 1/8*g_(1,6_,nu10)*g_(2,nu16)*FT2(g6)*FT2*g_(2,q3)*cFT(nu13,XX,i2,
      iufo11)*cFT(g7,XX,iufo11,j11)*flavourTag(fmu,j11,j12)*Vec(nu10,q2)*Vec(
      nu16,q2)*Vec(nu13,q2)*Vec(nu9,-q2)*Vec(nu9,q2)*Deng(p4,xiz,M4)*Deng(q2
       + q3,xiw,M3)^2*Deng(p4 + q2 + q3,xiw,M3)^2*xiw^2*ufoGC58^2*ufoGC76*
      ufoGC69
       - 1/8*g_(1,6_,nu10)*g_(2,nu16)*FT2(g6)*FT2*g_(2,q3)*cFT(nu13,XX,i2,
      iufo11)*cFT(g7,XX,iufo11,j11)*flavourTag(fmu,j11,j12)*Vec(nu10,q2)*Vec(
      nu16,q2)*Vec(nu13,q2)*Vec(nu9,-q2)*Vec(nu9,q3)*Deng(p4,xiz,M4)*Deng(q2
       + q3,xiw,M3)^2*Deng(p4 + q2 + q3,xiw,M3)^2*xiw^2*ufoGC58^2*ufoGC76*
      ufoGC69
       - 1/8*g_(1,6_,nu10)*g_(2,nu16)*FT2(g6)*FT2*g_(2,q3)*cFT(nu13,XX,i2,
      iufo11)*cFT(g7,XX,iufo11,j11)*flavourTag(fmu,j11,j12)*Vec(nu10,q2)*Vec(
      nu16,q2)*Vec(nu13,q2)*Vec(nu9,-q3)*Vec(nu9,q2)*Deng(p4,xiz,M4)*Deng(q2
       + q3,xiw,M3)^2*Deng(p4 + q2 + q3,xiw,M3)^2*xiw^2*ufoGC58^2*ufoGC76*
      ufoGC69
       - 1/8*g_(1,6_,nu10)*g_(2,nu16)*FT2(g6)*FT2*g_(2,q3)*cFT(nu13,XX,i2,
      iufo11)*cFT(g7,XX,iufo11,j11)*flavourTag(fmu,j11,j12)*Vec(nu10,q2)*Vec(
      nu16,q2)*Vec(nu13,q2)*Vec(nu9,-q3)*Vec(nu9,q3)*Deng(p4,xiz,M4)*Deng(q2
       + q3,xiw,M3)^2*Deng(p4 + q2 + q3,xiw,M3)^2*xiw^2*ufoGC58^2*ufoGC76*
      ufoGC69
       - 1/8*g_(1,6_,nu10)*g_(2,nu16)*FT2(g6)*FT2*g_(2,q3)*cFT(nu13,XX,i2,
      iufo11)*cFT(g7,XX,iufo11,j11)*flavourTag(fmu,j11,j12)*Vec(nu10,q2)*Vec(
      nu16,q2)*Vec(nu13,q2)*Vec(nu14,q2)*Vecr(nu14,p4)*Deng(p4,xiz,M4)*Deng(q2
       + q3,xiw,M3)^2*Deng(p4 + q2 + q3,xiw,M3)^2*xiw^2*ufoGC58^2*ufoGC76*
      ufoGC69
       - 1/8*g_(1,6_,nu10)*g_(2,nu16)*FT2(g6)*FT2*g_(2,q3)*cFT(nu13,XX,i2,
      iufo11)*cFT(g7,XX,iufo11,j11)*flavourTag(fmu,j11,j12)*Vec(nu10,q2)*Vec(
      nu16,q2)*Vec(nu13,q2)*Vec(nu14,q3)*Vecr(nu14,p4)*Deng(p4,xiz,M4)*Deng(q2
       + q3,xiw,M3)^2*Deng(p4 + q2 + q3,xiw,M3)^2*xiw^2*ufoGC58^2*ufoGC76*
      ufoGC69
       - 1/8*g_(1,6_,nu10)*g_(2,nu16)*FT2(g6)*FT2*g_(2,q3)*cFT(nu13,XX,i2,
      iufo11)*cFT(g7,XX,iufo11,j11)*flavourTag(fmu,j11,j12)*Vec(nu10,q2)*Vec(
      nu16,q2)*Vec(nu13,q2)*Deng(p4,xiz,M4)*Deng(q2 + q3,xiw,M3)^2*Deng(p4 + 
      q2 + q3,xiw,M3)^2*p4.p4*xiw^2*ufoGC58^2*ufoGC76*ufoGC69
       + 1/8*g_(1,6_,nu10)*g_(2,nu16)*FT2(g6)*FT2*g_(2,q3)*cFT(nu13,XX,i2,
      iufo11)*cFT(g7,XX,iufo11,j11)*flavourTag(fmu,j11,j12)*Vec(nu10,q2)*Vec(
      nu16,q2)*Vec(nu13,q3)*Vec(nu9,q2)*Vecr(nu9,p4)*Deng(p4,xiz,M4)*Deng(q2
       + q3,xiw,M3)^2*Deng(p4 + q2 + q3,xiw,M3)^2*xiw^2*ufoGC58^2*ufoGC76*
      ufoGC69
       + 1/8*g_(1,6_,nu10)*g_(2,nu16)*FT2(g6)*FT2*g_(2,q3)*cFT(nu13,XX,i2,
      iufo11)*cFT(g7,XX,iufo11,j11)*flavourTag(fmu,j11,j12)*Vec(nu10,q2)*Vec(
      nu16,q2)*Vec(nu13,q3)*Vec(nu9,q3)*Vecr(nu9,p4)*Deng(p4,xiz,M4)*Deng(q2
       + q3,xiw,M3)^2*Deng(p4 + q2 + q3,xiw,M3)^2*xiw^2*ufoGC58^2*ufoGC76*
      ufoGC69
       - 1/8*g_(1,6_,nu10)*g_(2,nu16)*FT2(g6)*FT2*g_(2,q3)*cFT(nu13,XX,i2,
      iufo11)*cFT(g7,XX,iufo11,j11)*flavourTag(fmu,j11,j12)*Vec(nu10,q2)*Vec(
      nu16,q2)*Vec(nu13,q3)*Vec(nu9,-p4)*Vec(nu9,q2)*Deng(p4,xiz,M4)*Deng(q2
       + q3,xiw,M3)^2*Deng(p4 + q2 + q3,xiw,M3)^2*xiw^2*ufoGC58^2*ufoGC76*
      ufoGC69
       - 1/8*g_(1,6_,nu10)*g_(2,nu16)*FT2(g6)*FT2*g_(2,q3)*cFT(nu13,XX,i2,
      iufo11)*cFT(g7,XX,iufo11,j11)*flavourTag(fmu,j11,j12)*Vec(nu10,q2)*Vec(
      nu16,q2)*Vec(nu13,q3)*Vec(nu9,-p4)*Vec(nu9,q3)*Deng(p4,xiz,M4)*Deng(q2
       + q3,xiw,M3)^2*Deng(p4 + q2 + q3,xiw,M3)^2*xiw^2*ufoGC58^2*ufoGC76*
      ufoGC69
       - 1/8*g_(1,6_,nu10)*g_(2,nu16)*FT2(g6)*FT2*g_(2,q3)*cFT(nu13,XX,i2,
      iufo11)*cFT(g7,XX,iufo11,j11)*flavourTag(fmu,j11,j12)*Vec(nu10,q2)*Vec(
      nu16,q2)*Vec(nu13,q3)*Vec(nu9,-q2)*Vec(nu9,q2)*Deng(p4,xiz,M4)*Deng(q2
       + q3,xiw,M3)^2*Deng(p4 + q2 + q3,xiw,M3)^2*xiw^2*ufoGC58^2*ufoGC76*
      ufoGC69
       - 1/8*g_(1,6_,nu10)*g_(2,nu16)*FT2(g6)*FT2*g_(2,q3)*cFT(nu13,XX,i2,
      iufo11)*cFT(g7,XX,iufo11,j11)*flavourTag(fmu,j11,j12)*Vec(nu10,q2)*Vec(
      nu16,q2)*Vec(nu13,q3)*Vec(nu9,-q2)*Vec(nu9,q3)*Deng(p4,xiz,M4)*Deng(q2
       + q3,xiw,M3)^2*Deng(p4 + q2 + q3,xiw,M3)^2*xiw^2*ufoGC58^2*ufoGC76*
      ufoGC69
       - 1/8*g_(1,6_,nu10)*g_(2,nu16)*FT2(g6)*FT2*g_(2,q3)*cFT(nu13,XX,i2,
      iufo11)*cFT(g7,XX,iufo11,j11)*flavourTag(fmu,j11,j12)*Vec(nu10,q2)*Vec(
      nu16,q2)*Vec(nu13,q3)*Vec(nu9,-q3)*Vec(nu9,q2)*Deng(p4,xiz,M4)*Deng(q2
       + q3,xiw,M3)^2*Deng(p4 + q2 + q3,xiw,M3)^2*xiw^2*ufoGC58^2*ufoGC76*
      ufoGC69
       - 1/8*g_(1,6_,nu10)*g_(2,nu16)*FT2(g6)*FT2*g_(2,q3)*cFT(nu13,XX,i2,
      iufo11)*cFT(g7,XX,iufo11,j11)*flavourTag(fmu,j11,j12)*Vec(nu10,q2)*Vec(
      nu16,q2)*Vec(nu13,q3)*Vec(nu9,-q3)*Vec(nu9,q3)*Deng(p4,xiz,M4)*Deng(q2
       + q3,xiw,M3)^2*Deng(p4 + q2 + q3,xiw,M3)^2*xiw^2*ufoGC58^2*ufoGC76*
      ufoGC69
       - 1/8*g_(1,6_,nu10)*g_(2,nu16)*FT2(g6)*FT2*g_(2,q3)*cFT(nu13,XX,i2,
      iufo11)*cFT(g7,XX,iufo11,j11)*flavourTag(fmu,j11,j12)*Vec(nu10,q2)*Vec(
      nu16,q2)*Vec(nu13,q3)*Vec(nu14,q2)*Vecr(nu14,p4)*Deng(p4,xiz,M4)*Deng(q2
       + q3,xiw,M3)^2*Deng(p4 + q2 + q3,xiw,M3)^2*xiw^2*ufoGC58^2*ufoGC76*
      ufoGC69
       - 1/8*g_(1,6_,nu10)*g_(2,nu16)*FT2(g6)*FT2*g_(2,q3)*cFT(nu13,XX,i2,
      iufo11)*cFT(g7,XX,iufo11,j11)*flavourTag(fmu,j11,j12)*Vec(nu10,q2)*Vec(
      nu16,q2)*Vec(nu13,q3)*Vec(nu14,q3)*Vecr(nu14,p4)*Deng(p4,xiz,M4)*Deng(q2
       + q3,xiw,M3)^2*Deng(p4 + q2 + q3,xiw,M3)^2*xiw^2*ufoGC58^2*ufoGC76*
      ufoGC69
       - 1/8*g_(1,6_,nu10)*g_(2,nu16)*FT2(g6)*FT2*g_(2,q3)*cFT(nu13,XX,i2,
      iufo11)*cFT(g7,XX,iufo11,j11)*flavourTag(fmu,j11,j12)*Vec(nu10,q2)*Vec(
      nu16,q2)*Vec(nu13,q3)*Deng(p4,xiz,M4)*Deng(q2 + q3,xiw,M3)^2*Deng(p4 + 
      q2 + q3,xiw,M3)^2*p4.p4*xiw^2*ufoGC58^2*ufoGC76*ufoGC69
       + 1/8*g_(1,6_,nu10)*g_(2,nu16)*FT2(g6)*FT2*g_(2,q3)*cFT(nu13,XX,i2,
      iufo11)*cFT(g7,XX,iufo11,j11)*flavourTag(fmu,j11,j12)*Vec(nu10,q2)*Vec(
      nu16,q2)*Vec(nu9,q2)*Deng(p4,xiz,M4)*Deng(q2 + q3,xiw,M3)^2*Deng(p4 + q2
       + q3,xiw,M3)^2*p4.p4*xiw^2*ufoGC58^2*ufoGC76*ufoGC69
       + 1/8*g_(1,6_,nu10)*g_(2,nu16)*FT2(g6)*FT2*g_(2,q3)*cFT(nu13,XX,i2,
      iufo11)*cFT(g7,XX,iufo11,j11)*flavourTag(fmu,j11,j12)*Vec(nu10,q2)*Vec(
      nu16,q2)*Vec(nu9,q3)*Deng(p4,xiz,M4)*Deng(q2 + q3,xiw,M3)^2*Deng(p4 + q2
       + q3,xiw,M3)^2*p4.p4*xiw^2*ufoGC58^2*ufoGC76*ufoGC69
       - 1/8*g_(1,6_,nu10)*g_(2,nu16)*FT2(g6)*FT2*g_(2,q3)*cFT(nu13,XX,i2,
      iufo11)*cFT(g7,XX,iufo11,j11)*flavourTag(fmu,j11,j12)*Vec(nu10,q2)*Vec(
      nu16,q2)*Vec(nu9,-p4)*Vec(nu9,q2)*Vecr(nu13,p4)*Deng(p4,xiz,M4)*Deng(q2
       + q3,xiw,M3)^2*Deng(p4 + q2 + q3,xiw,M3)^2*xiw^2*ufoGC58^2*ufoGC76*
      ufoGC69
       - 1/8*g_(1,6_,nu10)*g_(2,nu16)*FT2(g6)*FT2*g_(2,q3)*cFT(nu13,XX,i2,
      iufo11)*cFT(g7,XX,iufo11,j11)*flavourTag(fmu,j11,j12)*Vec(nu10,q2)*Vec(
      nu16,q2)*Vec(nu9,-p4)*Vec(nu9,q3)*Vecr(nu13,p4)*Deng(p4,xiz,M4)*Deng(q2
       + q3,xiw,M3)^2*Deng(p4 + q2 + q3,xiw,M3)^2*xiw^2*ufoGC58^2*ufoGC76*
      ufoGC69
       - 1/8*g_(1,6_,nu10)*g_(2,nu16)*FT2(g6)*FT2*g_(2,q3)*cFT(nu13,XX,i2,
      iufo11)*cFT(g7,XX,iufo11,j11)*flavourTag(fmu,j11,j12)*Vec(nu10,q2)*Vec(
      nu16,q2)*Vec(nu9,-q2)*Vec(nu9,q2)*Vecr(nu13,p4)*Deng(p4,xiz,M4)*Deng(q2
       + q3,xiw,M3)^2*Deng(p4 + q2 + q3,xiw,M3)^2*xiw^2*ufoGC58^2*ufoGC76*
      ufoGC69
       - 1/8*g_(1,6_,nu10)*g_(2,nu16)*FT2(g6)*FT2*g_(2,q3)*cFT(nu13,XX,i2,
      iufo11)*cFT(g7,XX,iufo11,j11)*flavourTag(fmu,j11,j12)*Vec(nu10,q2)*Vec(
      nu16,q2)*Vec(nu9,-q2)*Vec(nu9,q3)*Vecr(nu13,p4)*Deng(p4,xiz,M4)*Deng(q2
       + q3,xiw,M3)^2*Deng(p4 + q2 + q3,xiw,M3)^2*xiw^2*ufoGC58^2*ufoGC76*
      ufoGC69
       - 1/8*g_(1,6_,nu10)*g_(2,nu16)*FT2(g6)*FT2*g_(2,q3)*cFT(nu13,XX,i2,
      iufo11)*cFT(g7,XX,iufo11,j11)*flavourTag(fmu,j11,j12)*Vec(nu10,q2)*Vec(
      nu16,q2)*Vec(nu9,-q3)*Vec(nu9,q2)*Vecr(nu13,p4)*Deng(p4,xiz,M4)*Deng(q2
       + q3,xiw,M3)^2*Deng(p4 + q2 + q3,xiw,M3)^2*xiw^2*ufoGC58^2*ufoGC76*
      ufoGC69
       - 1/8*g_(1,6_,nu10)*g_(2,nu16)*FT2(g6)*FT2*g_(2,q3)*cFT(nu13,XX,i2,
      iufo11)*cFT(g7,XX,iufo11,j11)*flavourTag(fmu,j11,j12)*Vec(nu10,q2)*Vec(
      nu16,q2)*Vec(nu9,-q3)*Vec(nu9,q3)*Vecr(nu13,p4)*Deng(p4,xiz,M4)*Deng(q2
       + q3,xiw,M3)^2*Deng(p4 + q2 + q3,xiw,M3)^2*xiw^2*ufoGC58^2*ufoGC76*
      ufoGC69
       - 1/8*g_(1,6_,nu10)*g_(2,nu16)*FT2(g6)*FT2*g_(2,q3)*cFT(nu13,XX,i2,
      iufo11)*cFT(g7,XX,iufo11,j11)*flavourTag(fmu,j11,j12)*Vec(nu10,q2)*Vec(
      nu16,q2)*Vec(nu14,q2)*Deng(p4,xiz,M4)*Deng(q2 + q3,xiw,M3)^2*Deng(p4 + 
      q2 + q3,xiw,M3)^2*p4.p4*xiw^2*ufoGC58^2*ufoGC76*ufoGC69
       - 1/8*g_(1,6_,nu10)*g_(2,nu16)*FT2(g6)*FT2*g_(2,q3)*cFT(nu13,XX,i2,
      iufo11)*cFT(g7,XX,iufo11,j11)*flavourTag(fmu,j11,j12)*Vec(nu10,q2)*Vec(
      nu16,q2)*Vec(nu14,q3)*Deng(p4,xiz,M4)*Deng(q2 + q3,xiw,M3)^2*Deng(p4 + 
      q2 + q3,xiw,M3)^2*p4.p4*xiw^2*ufoGC58^2*ufoGC76*ufoGC69
       - 1/8*g_(1,6_,nu10)*g_(2,nu16)*FT2(g6)*FT2*g_(2,q3)*cFT(nu13,XX,i2,
      iufo11)*cFT(g7,XX,iufo11,j11)*flavourTag(fmu,j11,j12)*Vec(nu10,q2)*Vec(
      nu16,q2)*Vecr(nu14,p4)*Deng(p4,xiz,M4)*Deng(q2 + q3,xiw,M3)^2*Deng(p4 + 
      q2 + q3,xiw,M3)^2*p4.p4*xiw^2*ufoGC58^2*ufoGC76*ufoGC69
       + 1/8*g_(1,6_,nu10)*g_(2,nu16)*FT2(g6)*FT2*g_(2,q3)*cFT(nu13,XX,i2,
      iufo11)*cFT(g7,XX,iufo11,j11)*flavourTag(fmu,j11,j12)*Vec(nu10,q2)*Vec(
      nu16,q3)*Vec(nu13,q2)*Vec(nu9,q2)*Vecr(nu9,p4)*Deng(p4,xiz,M4)*Deng(q2
       + q3,xiw,M3)^2*Deng(p4 + q2 + q3,xiw,M3)^2*xiw^2*ufoGC58^2*ufoGC76*
      ufoGC69
       + 1/8*g_(1,6_,nu10)*g_(2,nu16)*FT2(g6)*FT2*g_(2,q3)*cFT(nu13,XX,i2,
      iufo11)*cFT(g7,XX,iufo11,j11)*flavourTag(fmu,j11,j12)*Vec(nu10,q2)*Vec(
      nu16,q3)*Vec(nu13,q2)*Vec(nu9,q3)*Vecr(nu9,p4)*Deng(p4,xiz,M4)*Deng(q2
       + q3,xiw,M3)^2*Deng(p4 + q2 + q3,xiw,M3)^2*xiw^2*ufoGC58^2*ufoGC76*
      ufoGC69
       - 1/8*g_(1,6_,nu10)*g_(2,nu16)*FT2(g6)*FT2*g_(2,q3)*cFT(nu13,XX,i2,
      iufo11)*cFT(g7,XX,iufo11,j11)*flavourTag(fmu,j11,j12)*Vec(nu10,q2)*Vec(
      nu16,q3)*Vec(nu13,q2)*Vec(nu9,-p4)*Vec(nu9,q2)*Deng(p4,xiz,M4)*Deng(q2
       + q3,xiw,M3)^2*Deng(p4 + q2 + q3,xiw,M3)^2*xiw^2*ufoGC58^2*ufoGC76*
      ufoGC69
       - 1/8*g_(1,6_,nu10)*g_(2,nu16)*FT2(g6)*FT2*g_(2,q3)*cFT(nu13,XX,i2,
      iufo11)*cFT(g7,XX,iufo11,j11)*flavourTag(fmu,j11,j12)*Vec(nu10,q2)*Vec(
      nu16,q3)*Vec(nu13,q2)*Vec(nu9,-p4)*Vec(nu9,q3)*Deng(p4,xiz,M4)*Deng(q2
       + q3,xiw,M3)^2*Deng(p4 + q2 + q3,xiw,M3)^2*xiw^2*ufoGC58^2*ufoGC76*
      ufoGC69
       - 1/8*g_(1,6_,nu10)*g_(2,nu16)*FT2(g6)*FT2*g_(2,q3)*cFT(nu13,XX,i2,
      iufo11)*cFT(g7,XX,iufo11,j11)*flavourTag(fmu,j11,j12)*Vec(nu10,q2)*Vec(
      nu16,q3)*Vec(nu13,q2)*Vec(nu9,-q2)*Vec(nu9,q2)*Deng(p4,xiz,M4)*Deng(q2
       + q3,xiw,M3)^2*Deng(p4 + q2 + q3,xiw,M3)^2*xiw^2*ufoGC58^2*ufoGC76*
      ufoGC69
       - 1/8*g_(1,6_,nu10)*g_(2,nu16)*FT2(g6)*FT2*g_(2,q3)*cFT(nu13,XX,i2,
      iufo11)*cFT(g7,XX,iufo11,j11)*flavourTag(fmu,j11,j12)*Vec(nu10,q2)*Vec(
      nu16,q3)*Vec(nu13,q2)*Vec(nu9,-q2)*Vec(nu9,q3)*Deng(p4,xiz,M4)*Deng(q2
       + q3,xiw,M3)^2*Deng(p4 + q2 + q3,xiw,M3)^2*xiw^2*ufoGC58^2*ufoGC76*
      ufoGC69
       - 1/8*g_(1,6_,nu10)*g_(2,nu16)*FT2(g6)*FT2*g_(2,q3)*cFT(nu13,XX,i2,
      iufo11)*cFT(g7,XX,iufo11,j11)*flavourTag(fmu,j11,j12)*Vec(nu10,q2)*Vec(
      nu16,q3)*Vec(nu13,q2)*Vec(nu9,-q3)*Vec(nu9,q2)*Deng(p4,xiz,M4)*Deng(q2
       + q3,xiw,M3)^2*Deng(p4 + q2 + q3,xiw,M3)^2*xiw^2*ufoGC58^2*ufoGC76*
      ufoGC69
       - 1/8*g_(1,6_,nu10)*g_(2,nu16)*FT2(g6)*FT2*g_(2,q3)*cFT(nu13,XX,i2,
      iufo11)*cFT(g7,XX,iufo11,j11)*flavourTag(fmu,j11,j12)*Vec(nu10,q2)*Vec(
      nu16,q3)*Vec(nu13,q2)*Vec(nu9,-q3)*Vec(nu9,q3)*Deng(p4,xiz,M4)*Deng(q2
       + q3,xiw,M3)^2*Deng(p4 + q2 + q3,xiw,M3)^2*xiw^2*ufoGC58^2*ufoGC76*
      ufoGC69
       - 1/8*g_(1,6_,nu10)*g_(2,nu16)*FT2(g6)*FT2*g_(2,q3)*cFT(nu13,XX,i2,
      iufo11)*cFT(g7,XX,iufo11,j11)*flavourTag(fmu,j11,j12)*Vec(nu10,q2)*Vec(
      nu16,q3)*Vec(nu13,q2)*Vec(nu14,q2)*Vecr(nu14,p4)*Deng(p4,xiz,M4)*Deng(q2
       + q3,xiw,M3)^2*Deng(p4 + q2 + q3,xiw,M3)^2*xiw^2*ufoGC58^2*ufoGC76*
      ufoGC69
       - 1/8*g_(1,6_,nu10)*g_(2,nu16)*FT2(g6)*FT2*g_(2,q3)*cFT(nu13,XX,i2,
      iufo11)*cFT(g7,XX,iufo11,j11)*flavourTag(fmu,j11,j12)*Vec(nu10,q2)*Vec(
      nu16,q3)*Vec(nu13,q2)*Vec(nu14,q3)*Vecr(nu14,p4)*Deng(p4,xiz,M4)*Deng(q2
       + q3,xiw,M3)^2*Deng(p4 + q2 + q3,xiw,M3)^2*xiw^2*ufoGC58^2*ufoGC76*
      ufoGC69
       - 1/8*g_(1,6_,nu10)*g_(2,nu16)*FT2(g6)*FT2*g_(2,q3)*cFT(nu13,XX,i2,
      iufo11)*cFT(g7,XX,iufo11,j11)*flavourTag(fmu,j11,j12)*Vec(nu10,q2)*Vec(
      nu16,q3)*Vec(nu13,q2)*Deng(p4,xiz,M4)*Deng(q2 + q3,xiw,M3)^2*Deng(p4 + 
      q2 + q3,xiw,M3)^2*p4.p4*xiw^2*ufoGC58^2*ufoGC76*ufoGC69
       + 1/8*g_(1,6_,nu10)*g_(2,nu16)*FT2(g6)*FT2*g_(2,q3)*cFT(nu13,XX,i2,
      iufo11)*cFT(g7,XX,iufo11,j11)*flavourTag(fmu,j11,j12)*Vec(nu10,q2)*Vec(
      nu16,q3)*Vec(nu13,q3)*Vec(nu9,q2)*Vecr(nu9,p4)*Deng(p4,xiz,M4)*Deng(q2
       + q3,xiw,M3)^2*Deng(p4 + q2 + q3,xiw,M3)^2*xiw^2*ufoGC58^2*ufoGC76*
      ufoGC69
       + 1/8*g_(1,6_,nu10)*g_(2,nu16)*FT2(g6)*FT2*g_(2,q3)*cFT(nu13,XX,i2,
      iufo11)*cFT(g7,XX,iufo11,j11)*flavourTag(fmu,j11,j12)*Vec(nu10,q2)*Vec(
      nu16,q3)*Vec(nu13,q3)*Vec(nu9,q3)*Vecr(nu9,p4)*Deng(p4,xiz,M4)*Deng(q2
       + q3,xiw,M3)^2*Deng(p4 + q2 + q3,xiw,M3)^2*xiw^2*ufoGC58^2*ufoGC76*
      ufoGC69
       - 1/8*g_(1,6_,nu10)*g_(2,nu16)*FT2(g6)*FT2*g_(2,q3)*cFT(nu13,XX,i2,
      iufo11)*cFT(g7,XX,iufo11,j11)*flavourTag(fmu,j11,j12)*Vec(nu10,q2)*Vec(
      nu16,q3)*Vec(nu13,q3)*Vec(nu9,-p4)*Vec(nu9,q2)*Deng(p4,xiz,M4)*Deng(q2
       + q3,xiw,M3)^2*Deng(p4 + q2 + q3,xiw,M3)^2*xiw^2*ufoGC58^2*ufoGC76*
      ufoGC69
       - 1/8*g_(1,6_,nu10)*g_(2,nu16)*FT2(g6)*FT2*g_(2,q3)*cFT(nu13,XX,i2,
      iufo11)*cFT(g7,XX,iufo11,j11)*flavourTag(fmu,j11,j12)*Vec(nu10,q2)*Vec(
      nu16,q3)*Vec(nu13,q3)*Vec(nu9,-p4)*Vec(nu9,q3)*Deng(p4,xiz,M4)*Deng(q2
       + q3,xiw,M3)^2*Deng(p4 + q2 + q3,xiw,M3)^2*xiw^2*ufoGC58^2*ufoGC76*
      ufoGC69
       - 1/8*g_(1,6_,nu10)*g_(2,nu16)*FT2(g6)*FT2*g_(2,q3)*cFT(nu13,XX,i2,
      iufo11)*cFT(g7,XX,iufo11,j11)*flavourTag(fmu,j11,j12)*Vec(nu10,q2)*Vec(
      nu16,q3)*Vec(nu13,q3)*Vec(nu9,-q2)*Vec(nu9,q2)*Deng(p4,xiz,M4)*Deng(q2
       + q3,xiw,M3)^2*Deng(p4 + q2 + q3,xiw,M3)^2*xiw^2*ufoGC58^2*ufoGC76*
      ufoGC69
       - 1/8*g_(1,6_,nu10)*g_(2,nu16)*FT2(g6)*FT2*g_(2,q3)*cFT(nu13,XX,i2,
      iufo11)*cFT(g7,XX,iufo11,j11)*flavourTag(fmu,j11,j12)*Vec(nu10,q2)*Vec(
      nu16,q3)*Vec(nu13,q3)*Vec(nu9,-q2)*Vec(nu9,q3)*Deng(p4,xiz,M4)*Deng(q2
       + q3,xiw,M3)^2*Deng(p4 + q2 + q3,xiw,M3)^2*xiw^2*ufoGC58^2*ufoGC76*
      ufoGC69
       - 1/8*g_(1,6_,nu10)*g_(2,nu16)*FT2(g6)*FT2*g_(2,q3)*cFT(nu13,XX,i2,
      iufo11)*cFT(g7,XX,iufo11,j11)*flavourTag(fmu,j11,j12)*Vec(nu10,q2)*Vec(
      nu16,q3)*Vec(nu13,q3)*Vec(nu9,-q3)*Vec(nu9,q2)*Deng(p4,xiz,M4)*Deng(q2
       + q3,xiw,M3)^2*Deng(p4 + q2 + q3,xiw,M3)^2*xiw^2*ufoGC58^2*ufoGC76*
      ufoGC69
       - 1/8*g_(1,6_,nu10)*g_(2,nu16)*FT2(g6)*FT2*g_(2,q3)*cFT(nu13,XX,i2,
      iufo11)*cFT(g7,XX,iufo11,j11)*flavourTag(fmu,j11,j12)*Vec(nu10,q2)*Vec(
      nu16,q3)*Vec(nu13,q3)*Vec(nu9,-q3)*Vec(nu9,q3)*Deng(p4,xiz,M4)*Deng(q2
       + q3,xiw,M3)^2*Deng(p4 + q2 + q3,xiw,M3)^2*xiw^2*ufoGC58^2*ufoGC76*
      ufoGC69
       - 1/8*g_(1,6_,nu10)*g_(2,nu16)*FT2(g6)*FT2*g_(2,q3)*cFT(nu13,XX,i2,
      iufo11)*cFT(g7,XX,iufo11,j11)*flavourTag(fmu,j11,j12)*Vec(nu10,q2)*Vec(
      nu16,q3)*Vec(nu13,q3)*Vec(nu14,q2)*Vecr(nu14,p4)*Deng(p4,xiz,M4)*Deng(q2
       + q3,xiw,M3)^2*Deng(p4 + q2 + q3,xiw,M3)^2*xiw^2*ufoGC58^2*ufoGC76*
      ufoGC69
       - 1/8*g_(1,6_,nu10)*g_(2,nu16)*FT2(g6)*FT2*g_(2,q3)*cFT(nu13,XX,i2,
      iufo11)*cFT(g7,XX,iufo11,j11)*flavourTag(fmu,j11,j12)*Vec(nu10,q2)*Vec(
      nu16,q3)*Vec(nu13,q3)*Vec(nu14,q3)*Vecr(nu14,p4)*Deng(p4,xiz,M4)*Deng(q2
       + q3,xiw,M3)^2*Deng(p4 + q2 + q3,xiw,M3)^2*xiw^2*ufoGC58^2*ufoGC76*
      ufoGC69
       - 1/8*g_(1,6_,nu10)*g_(2,nu16)*FT2(g6)*FT2*g_(2,q3)*cFT(nu13,XX,i2,
      iufo11)*cFT(g7,XX,iufo11,j11)*flavourTag(fmu,j11,j12)*Vec(nu10,q2)*Vec(
      nu16,q3)*Vec(nu13,q3)*Deng(p4,xiz,M4)*Deng(q2 + q3,xiw,M3)^2*Deng(p4 + 
      q2 + q3,xiw,M3)^2*p4.p4*xiw^2*ufoGC58^2*ufoGC76*ufoGC69
       + 1/8*g_(1,6_,nu10)*g_(2,nu16)*FT2(g6)*FT2*g_(2,q3)*cFT(nu13,XX,i2,
      iufo11)*cFT(g7,XX,iufo11,j11)*flavourTag(fmu,j11,j12)*Vec(nu10,q2)*Vec(
      nu16,q3)*Vec(nu9,q2)*Deng(p4,xiz,M4)*Deng(q2 + q3,xiw,M3)^2*Deng(p4 + q2
       + q3,xiw,M3)^2*p4.p4*xiw^2*ufoGC58^2*ufoGC76*ufoGC69
       + 1/8*g_(1,6_,nu10)*g_(2,nu16)*FT2(g6)*FT2*g_(2,q3)*cFT(nu13,XX,i2,
      iufo11)*cFT(g7,XX,iufo11,j11)*flavourTag(fmu,j11,j12)*Vec(nu10,q2)*Vec(
      nu16,q3)*Vec(nu9,q3)*Deng(p4,xiz,M4)*Deng(q2 + q3,xiw,M3)^2*Deng(p4 + q2
       + q3,xiw,M3)^2*p4.p4*xiw^2*ufoGC58^2*ufoGC76*ufoGC69
       - 1/8*g_(1,6_,nu10)*g_(2,nu16)*FT2(g6)*FT2*g_(2,q3)*cFT(nu13,XX,i2,
      iufo11)*cFT(g7,XX,iufo11,j11)*flavourTag(fmu,j11,j12)*Vec(nu10,q2)*Vec(
      nu16,q3)*Vec(nu9,-p4)*Vec(nu9,q2)*Vecr(nu13,p4)*Deng(p4,xiz,M4)*Deng(q2
       + q3,xiw,M3)^2*Deng(p4 + q2 + q3,xiw,M3)^2*xiw^2*ufoGC58^2*ufoGC76*
      ufoGC69
       - 1/8*g_(1,6_,nu10)*g_(2,nu16)*FT2(g6)*FT2*g_(2,q3)*cFT(nu13,XX,i2,
      iufo11)*cFT(g7,XX,iufo11,j11)*flavourTag(fmu,j11,j12)*Vec(nu10,q2)*Vec(
      nu16,q3)*Vec(nu9,-p4)*Vec(nu9,q3)*Vecr(nu13,p4)*Deng(p4,xiz,M4)*Deng(q2
       + q3,xiw,M3)^2*Deng(p4 + q2 + q3,xiw,M3)^2*xiw^2*ufoGC58^2*ufoGC76*
      ufoGC69
       - 1/8*g_(1,6_,nu10)*g_(2,nu16)*FT2(g6)*FT2*g_(2,q3)*cFT(nu13,XX,i2,
      iufo11)*cFT(g7,XX,iufo11,j11)*flavourTag(fmu,j11,j12)*Vec(nu10,q2)*Vec(
      nu16,q3)*Vec(nu9,-q2)*Vec(nu9,q2)*Vecr(nu13,p4)*Deng(p4,xiz,M4)*Deng(q2
       + q3,xiw,M3)^2*Deng(p4 + q2 + q3,xiw,M3)^2*xiw^2*ufoGC58^2*ufoGC76*
      ufoGC69
       - 1/8*g_(1,6_,nu10)*g_(2,nu16)*FT2(g6)*FT2*g_(2,q3)*cFT(nu13,XX,i2,
      iufo11)*cFT(g7,XX,iufo11,j11)*flavourTag(fmu,j11,j12)*Vec(nu10,q2)*Vec(
      nu16,q3)*Vec(nu9,-q2)*Vec(nu9,q3)*Vecr(nu13,p4)*Deng(p4,xiz,M4)*Deng(q2
       + q3,xiw,M3)^2*Deng(p4 + q2 + q3,xiw,M3)^2*xiw^2*ufoGC58^2*ufoGC76*
      ufoGC69
       - 1/8*g_(1,6_,nu10)*g_(2,nu16)*FT2(g6)*FT2*g_(2,q3)*cFT(nu13,XX,i2,
      iufo11)*cFT(g7,XX,iufo11,j11)*flavourTag(fmu,j11,j12)*Vec(nu10,q2)*Vec(
      nu16,q3)*Vec(nu9,-q3)*Vec(nu9,q2)*Vecr(nu13,p4)*Deng(p4,xiz,M4)*Deng(q2
       + q3,xiw,M3)^2*Deng(p4 + q2 + q3,xiw,M3)^2*xiw^2*ufoGC58^2*ufoGC76*
      ufoGC69
       - 1/8*g_(1,6_,nu10)*g_(2,nu16)*FT2(g6)*FT2*g_(2,q3)*cFT(nu13,XX,i2,
      iufo11)*cFT(g7,XX,iufo11,j11)*flavourTag(fmu,j11,j12)*Vec(nu10,q2)*Vec(
      nu16,q3)*Vec(nu9,-q3)*Vec(nu9,q3)*Vecr(nu13,p4)*Deng(p4,xiz,M4)*Deng(q2
       + q3,xiw,M3)^2*Deng(p4 + q2 + q3,xiw,M3)^2*xiw^2*ufoGC58^2*ufoGC76*
      ufoGC69
       - 1/8*g_(1,6_,nu10)*g_(2,nu16)*FT2(g6)*FT2*g_(2,q3)*cFT(nu13,XX,i2,
      iufo11)*cFT(g7,XX,iufo11,j11)*flavourTag(fmu,j11,j12)*Vec(nu10,q2)*Vec(
      nu16,q3)*Vec(nu14,q2)*Deng(p4,xiz,M4)*Deng(q2 + q3,xiw,M3)^2*Deng(p4 + 
      q2 + q3,xiw,M3)^2*p4.p4*xiw^2*ufoGC58^2*ufoGC76*ufoGC69
       - 1/8*g_(1,6_,nu10)*g_(2,nu16)*FT2(g6)*FT2*g_(2,q3)*cFT(nu13,XX,i2,
      iufo11)*cFT(g7,XX,iufo11,j11)*flavourTag(fmu,j11,j12)*Vec(nu10,q2)*Vec(
      nu16,q3)*Vec(nu14,q3)*Deng(p4,xiz,M4)*Deng(q2 + q3,xiw,M3)^2*Deng(p4 + 
      q2 + q3,xiw,M3)^2*p4.p4*xiw^2*ufoGC58^2*ufoGC76*ufoGC69
       - 1/8*g_(1,6_,nu10)*g_(2,nu16)*FT2(g6)*FT2*g_(2,q3)*cFT(nu13,XX,i2,
      iufo11)*cFT(g7,XX,iufo11,j11)*flavourTag(fmu,j11,j12)*Vec(nu10,q2)*Vec(
      nu16,q3)*Vecr(nu14,p4)*Deng(p4,xiz,M4)*Deng(q2 + q3,xiw,M3)^2*Deng(p4 + 
      q2 + q3,xiw,M3)^2*p4.p4*xiw^2*ufoGC58^2*ufoGC76*ufoGC69
       + 1/8*g_(1,6_,nu10)*g_(2,nu16)*FT2(g6)*FT2*g_(2,q3)*cFT(nu13,XX,i2,
      iufo11)*cFT(g7,XX,iufo11,j11)*flavourTag(fmu,j11,j12)*Vec(nu10,q2)*Vec(
      nu16,-p4)*Vec(nu13,q2)*Vec(nu14,q2)^2*Deng(p4,xiz,M4)*Deng(q2 + q3,xiw,
      M3)^2*Deng(p4 + q2 + q3,xiw,M3)^2*xiw^2*ufoGC58^2*ufoGC76*ufoGC69
       + 1/4*g_(1,6_,nu10)*g_(2,nu16)*FT2(g6)*FT2*g_(2,q3)*cFT(nu13,XX,i2,
      iufo11)*cFT(g7,XX,iufo11,j11)*flavourTag(fmu,j11,j12)*Vec(nu10,q2)*Vec(
      nu16,-p4)*Vec(nu13,q2)*Vec(nu14,q2)*Vec(nu14,q3)*Deng(p4,xiz,M4)*Deng(q2
       + q3,xiw,M3)^2*Deng(p4 + q2 + q3,xiw,M3)^2*xiw^2*ufoGC58^2*ufoGC76*
      ufoGC69
       + 1/8*g_(1,6_,nu10)*g_(2,nu16)*FT2(g6)*FT2*g_(2,q3)*cFT(nu13,XX,i2,
      iufo11)*cFT(g7,XX,iufo11,j11)*flavourTag(fmu,j11,j12)*Vec(nu10,q2)*Vec(
      nu16,-p4)*Vec(nu13,q2)*Vec(nu14,q2)*Vecr(nu14,p4)*Deng(p4,xiz,M4)*Deng(
      q2 + q3,xiw,M3)^2*Deng(p4 + q2 + q3,xiw,M3)^2*xiw^2*ufoGC58^2*ufoGC76*
      ufoGC69
       + 1/8*g_(1,6_,nu10)*g_(2,nu16)*FT2(g6)*FT2*g_(2,q3)*cFT(nu13,XX,i2,
      iufo11)*cFT(g7,XX,iufo11,j11)*flavourTag(fmu,j11,j12)*Vec(nu10,q2)*Vec(
      nu16,-p4)*Vec(nu13,q2)*Vec(nu14,q3)^2*Deng(p4,xiz,M4)*Deng(q2 + q3,xiw,
      M3)^2*Deng(p4 + q2 + q3,xiw,M3)^2*xiw^2*ufoGC58^2*ufoGC76*ufoGC69
       + 1/8*g_(1,6_,nu10)*g_(2,nu16)*FT2(g6)*FT2*g_(2,q3)*cFT(nu13,XX,i2,
      iufo11)*cFT(g7,XX,iufo11,j11)*flavourTag(fmu,j11,j12)*Vec(nu10,q2)*Vec(
      nu16,-p4)*Vec(nu13,q2)*Vec(nu14,q3)*Vecr(nu14,p4)*Deng(p4,xiz,M4)*Deng(
      q2 + q3,xiw,M3)^2*Deng(p4 + q2 + q3,xiw,M3)^2*xiw^2*ufoGC58^2*ufoGC76*
      ufoGC69
       + 1/8*g_(1,6_,nu10)*g_(2,nu16)*FT2(g6)*FT2*g_(2,q3)*cFT(nu13,XX,i2,
      iufo11)*cFT(g7,XX,iufo11,j11)*flavourTag(fmu,j11,j12)*Vec(nu10,q2)*Vec(
      nu16,-p4)*Vec(nu13,q3)*Vec(nu14,q2)^2*Deng(p4,xiz,M4)*Deng(q2 + q3,xiw,
      M3)^2*Deng(p4 + q2 + q3,xiw,M3)^2*xiw^2*ufoGC58^2*ufoGC76*ufoGC69
       + 1/4*g_(1,6_,nu10)*g_(2,nu16)*FT2(g6)*FT2*g_(2,q3)*cFT(nu13,XX,i2,
      iufo11)*cFT(g7,XX,iufo11,j11)*flavourTag(fmu,j11,j12)*Vec(nu10,q2)*Vec(
      nu16,-p4)*Vec(nu13,q3)*Vec(nu14,q2)*Vec(nu14,q3)*Deng(p4,xiz,M4)*Deng(q2
       + q3,xiw,M3)^2*Deng(p4 + q2 + q3,xiw,M3)^2*xiw^2*ufoGC58^2*ufoGC76*
      ufoGC69
       + 1/8*g_(1,6_,nu10)*g_(2,nu16)*FT2(g6)*FT2*g_(2,q3)*cFT(nu13,XX,i2,
      iufo11)*cFT(g7,XX,iufo11,j11)*flavourTag(fmu,j11,j12)*Vec(nu10,q2)*Vec(
      nu16,-p4)*Vec(nu13,q3)*Vec(nu14,q2)*Vecr(nu14,p4)*Deng(p4,xiz,M4)*Deng(
      q2 + q3,xiw,M3)^2*Deng(p4 + q2 + q3,xiw,M3)^2*xiw^2*ufoGC58^2*ufoGC76*
      ufoGC69
       + 1/8*g_(1,6_,nu10)*g_(2,nu16)*FT2(g6)*FT2*g_(2,q3)*cFT(nu13,XX,i2,
      iufo11)*cFT(g7,XX,iufo11,j11)*flavourTag(fmu,j11,j12)*Vec(nu10,q2)*Vec(
      nu16,-p4)*Vec(nu13,q3)*Vec(nu14,q3)^2*Deng(p4,xiz,M4)*Deng(q2 + q3,xiw,
      M3)^2*Deng(p4 + q2 + q3,xiw,M3)^2*xiw^2*ufoGC58^2*ufoGC76*ufoGC69
       + 1/8*g_(1,6_,nu10)*g_(2,nu16)*FT2(g6)*FT2*g_(2,q3)*cFT(nu13,XX,i2,
      iufo11)*cFT(g7,XX,iufo11,j11)*flavourTag(fmu,j11,j12)*Vec(nu10,q2)*Vec(
      nu16,-p4)*Vec(nu13,q3)*Vec(nu14,q3)*Vecr(nu14,p4)*Deng(p4,xiz,M4)*Deng(
      q2 + q3,xiw,M3)^2*Deng(p4 + q2 + q3,xiw,M3)^2*xiw^2*ufoGC58^2*ufoGC76*
      ufoGC69
       + 1/8*g_(1,6_,nu10)*g_(2,nu16)*FT2(g6)*FT2*g_(2,q3)*cFT(nu13,XX,i2,
      iufo11)*cFT(g7,XX,iufo11,j11)*flavourTag(fmu,j11,j12)*Vec(nu10,q2)*Vec(
      nu16,-p4)*Vec(nu14,q2)^2*Vecr(nu13,p4)*Deng(p4,xiz,M4)*Deng(q2 + q3,xiw,
      M3)^2*Deng(p4 + q2 + q3,xiw,M3)^2*xiw^2*ufoGC58^2*ufoGC76*ufoGC69
       + 1/4*g_(1,6_,nu10)*g_(2,nu16)*FT2(g6)*FT2*g_(2,q3)*cFT(nu13,XX,i2,
      iufo11)*cFT(g7,XX,iufo11,j11)*flavourTag(fmu,j11,j12)*Vec(nu10,q2)*Vec(
      nu16,-p4)*Vec(nu14,q2)*Vec(nu14,q3)*Vecr(nu13,p4)*Deng(p4,xiz,M4)*Deng(
      q2 + q3,xiw,M3)^2*Deng(p4 + q2 + q3,xiw,M3)^2*xiw^2*ufoGC58^2*ufoGC76*
      ufoGC69
       + 1/8*g_(1,6_,nu10)*g_(2,nu16)*FT2(g6)*FT2*g_(2,q3)*cFT(nu13,XX,i2,
      iufo11)*cFT(g7,XX,iufo11,j11)*flavourTag(fmu,j11,j12)*Vec(nu10,q2)*Vec(
      nu16,-p4)*Vec(nu14,q2)*Deng(p4,xiz,M4)*Deng(q2 + q3,xiw,M3)^2*Deng(p4 + 
      q2 + q3,xiw,M3)^2*p4.p4*xiw^2*ufoGC58^2*ufoGC76*ufoGC69
       + 1/8*g_(1,6_,nu10)*g_(2,nu16)*FT2(g6)*FT2*g_(2,q3)*cFT(nu13,XX,i2,
      iufo11)*cFT(g7,XX,iufo11,j11)*flavourTag(fmu,j11,j12)*Vec(nu10,q2)*Vec(
      nu16,-p4)*Vec(nu14,q3)^2*Vecr(nu13,p4)*Deng(p4,xiz,M4)*Deng(q2 + q3,xiw,
      M3)^2*Deng(p4 + q2 + q3,xiw,M3)^2*xiw^2*ufoGC58^2*ufoGC76*ufoGC69
       + 1/8*g_(1,6_,nu10)*g_(2,nu16)*FT2(g6)*FT2*g_(2,q3)*cFT(nu13,XX,i2,
      iufo11)*cFT(g7,XX,iufo11,j11)*flavourTag(fmu,j11,j12)*Vec(nu10,q2)*Vec(
      nu16,-p4)*Vec(nu14,q3)*Deng(p4,xiz,M4)*Deng(q2 + q3,xiw,M3)^2*Deng(p4 + 
      q2 + q3,xiw,M3)^2*p4.p4*xiw^2*ufoGC58^2*ufoGC76*ufoGC69
       + 1/8*g_(1,6_,nu10)*g_(2,nu16)*FT2(g6)*FT2*g_(2,q3)*cFT(nu13,XX,i2,
      iufo11)*cFT(g7,XX,iufo11,j11)*flavourTag(fmu,j11,j12)*Vec(nu10,q2)*Vec(
      nu16,-q2)*Vec(nu13,q2)*Vec(nu14,q2)^2*Deng(p4,xiz,M4)*Deng(q2 + q3,xiw,
      M3)^2*Deng(p4 + q2 + q3,xiw,M3)^2*xiw^2*ufoGC58^2*ufoGC76*ufoGC69
       + 1/4*g_(1,6_,nu10)*g_(2,nu16)*FT2(g6)*FT2*g_(2,q3)*cFT(nu13,XX,i2,
      iufo11)*cFT(g7,XX,iufo11,j11)*flavourTag(fmu,j11,j12)*Vec(nu10,q2)*Vec(
      nu16,-q2)*Vec(nu13,q2)*Vec(nu14,q2)*Vec(nu14,q3)*Deng(p4,xiz,M4)*Deng(q2
       + q3,xiw,M3)^2*Deng(p4 + q2 + q3,xiw,M3)^2*xiw^2*ufoGC58^2*ufoGC76*
      ufoGC69
       + 1/8*g_(1,6_,nu10)*g_(2,nu16)*FT2(g6)*FT2*g_(2,q3)*cFT(nu13,XX,i2,
      iufo11)*cFT(g7,XX,iufo11,j11)*flavourTag(fmu,j11,j12)*Vec(nu10,q2)*Vec(
      nu16,-q2)*Vec(nu13,q2)*Vec(nu14,q2)*Vecr(nu14,p4)*Deng(p4,xiz,M4)*Deng(
      q2 + q3,xiw,M3)^2*Deng(p4 + q2 + q3,xiw,M3)^2*xiw^2*ufoGC58^2*ufoGC76*
      ufoGC69
       + 1/8*g_(1,6_,nu10)*g_(2,nu16)*FT2(g6)*FT2*g_(2,q3)*cFT(nu13,XX,i2,
      iufo11)*cFT(g7,XX,iufo11,j11)*flavourTag(fmu,j11,j12)*Vec(nu10,q2)*Vec(
      nu16,-q2)*Vec(nu13,q2)*Vec(nu14,q3)^2*Deng(p4,xiz,M4)*Deng(q2 + q3,xiw,
      M3)^2*Deng(p4 + q2 + q3,xiw,M3)^2*xiw^2*ufoGC58^2*ufoGC76*ufoGC69
       + 1/8*g_(1,6_,nu10)*g_(2,nu16)*FT2(g6)*FT2*g_(2,q3)*cFT(nu13,XX,i2,
      iufo11)*cFT(g7,XX,iufo11,j11)*flavourTag(fmu,j11,j12)*Vec(nu10,q2)*Vec(
      nu16,-q2)*Vec(nu13,q2)*Vec(nu14,q3)*Vecr(nu14,p4)*Deng(p4,xiz,M4)*Deng(
      q2 + q3,xiw,M3)^2*Deng(p4 + q2 + q3,xiw,M3)^2*xiw^2*ufoGC58^2*ufoGC76*
      ufoGC69
       + 1/8*g_(1,6_,nu10)*g_(2,nu16)*FT2(g6)*FT2*g_(2,q3)*cFT(nu13,XX,i2,
      iufo11)*cFT(g7,XX,iufo11,j11)*flavourTag(fmu,j11,j12)*Vec(nu10,q2)*Vec(
      nu16,-q2)*Vec(nu13,q3)*Vec(nu14,q2)^2*Deng(p4,xiz,M4)*Deng(q2 + q3,xiw,
      M3)^2*Deng(p4 + q2 + q3,xiw,M3)^2*xiw^2*ufoGC58^2*ufoGC76*ufoGC69
       + 1/4*g_(1,6_,nu10)*g_(2,nu16)*FT2(g6)*FT2*g_(2,q3)*cFT(nu13,XX,i2,
      iufo11)*cFT(g7,XX,iufo11,j11)*flavourTag(fmu,j11,j12)*Vec(nu10,q2)*Vec(
      nu16,-q2)*Vec(nu13,q3)*Vec(nu14,q2)*Vec(nu14,q3)*Deng(p4,xiz,M4)*Deng(q2
       + q3,xiw,M3)^2*Deng(p4 + q2 + q3,xiw,M3)^2*xiw^2*ufoGC58^2*ufoGC76*
      ufoGC69
       + 1/8*g_(1,6_,nu10)*g_(2,nu16)*FT2(g6)*FT2*g_(2,q3)*cFT(nu13,XX,i2,
      iufo11)*cFT(g7,XX,iufo11,j11)*flavourTag(fmu,j11,j12)*Vec(nu10,q2)*Vec(
      nu16,-q2)*Vec(nu13,q3)*Vec(nu14,q2)*Vecr(nu14,p4)*Deng(p4,xiz,M4)*Deng(
      q2 + q3,xiw,M3)^2*Deng(p4 + q2 + q3,xiw,M3)^2*xiw^2*ufoGC58^2*ufoGC76*
      ufoGC69
       + 1/8*g_(1,6_,nu10)*g_(2,nu16)*FT2(g6)*FT2*g_(2,q3)*cFT(nu13,XX,i2,
      iufo11)*cFT(g7,XX,iufo11,j11)*flavourTag(fmu,j11,j12)*Vec(nu10,q2)*Vec(
      nu16,-q2)*Vec(nu13,q3)*Vec(nu14,q3)^2*Deng(p4,xiz,M4)*Deng(q2 + q3,xiw,
      M3)^2*Deng(p4 + q2 + q3,xiw,M3)^2*xiw^2*ufoGC58^2*ufoGC76*ufoGC69
       + 1/8*g_(1,6_,nu10)*g_(2,nu16)*FT2(g6)*FT2*g_(2,q3)*cFT(nu13,XX,i2,
      iufo11)*cFT(g7,XX,iufo11,j11)*flavourTag(fmu,j11,j12)*Vec(nu10,q2)*Vec(
      nu16,-q2)*Vec(nu13,q3)*Vec(nu14,q3)*Vecr(nu14,p4)*Deng(p4,xiz,M4)*Deng(
      q2 + q3,xiw,M3)^2*Deng(p4 + q2 + q3,xiw,M3)^2*xiw^2*ufoGC58^2*ufoGC76*
      ufoGC69
       + 1/8*g_(1,6_,nu10)*g_(2,nu16)*FT2(g6)*FT2*g_(2,q3)*cFT(nu13,XX,i2,
      iufo11)*cFT(g7,XX,iufo11,j11)*flavourTag(fmu,j11,j12)*Vec(nu10,q2)*Vec(
      nu16,-q2)*Vec(nu14,q2)^2*Vecr(nu13,p4)*Deng(p4,xiz,M4)*Deng(q2 + q3,xiw,
      M3)^2*Deng(p4 + q2 + q3,xiw,M3)^2*xiw^2*ufoGC58^2*ufoGC76*ufoGC69
       + 1/4*g_(1,6_,nu10)*g_(2,nu16)*FT2(g6)*FT2*g_(2,q3)*cFT(nu13,XX,i2,
      iufo11)*cFT(g7,XX,iufo11,j11)*flavourTag(fmu,j11,j12)*Vec(nu10,q2)*Vec(
      nu16,-q2)*Vec(nu14,q2)*Vec(nu14,q3)*Vecr(nu13,p4)*Deng(p4,xiz,M4)*Deng(
      q2 + q3,xiw,M3)^2*Deng(p4 + q2 + q3,xiw,M3)^2*xiw^2*ufoGC58^2*ufoGC76*
      ufoGC69
       + 1/8*g_(1,6_,nu10)*g_(2,nu16)*FT2(g6)*FT2*g_(2,q3)*cFT(nu13,XX,i2,
      iufo11)*cFT(g7,XX,iufo11,j11)*flavourTag(fmu,j11,j12)*Vec(nu10,q2)*Vec(
      nu16,-q2)*Vec(nu14,q2)*Deng(p4,xiz,M4)*Deng(q2 + q3,xiw,M3)^2*Deng(p4 + 
      q2 + q3,xiw,M3)^2*p4.p4*xiw^2*ufoGC58^2*ufoGC76*ufoGC69
       + 1/8*g_(1,6_,nu10)*g_(2,nu16)*FT2(g6)*FT2*g_(2,q3)*cFT(nu13,XX,i2,
      iufo11)*cFT(g7,XX,iufo11,j11)*flavourTag(fmu,j11,j12)*Vec(nu10,q2)*Vec(
      nu16,-q2)*Vec(nu14,q3)^2*Vecr(nu13,p4)*Deng(p4,xiz,M4)*Deng(q2 + q3,xiw,
      M3)^2*Deng(p4 + q2 + q3,xiw,M3)^2*xiw^2*ufoGC58^2*ufoGC76*ufoGC69
       + 1/8*g_(1,6_,nu10)*g_(2,nu16)*FT2(g6)*FT2*g_(2,q3)*cFT(nu13,XX,i2,
      iufo11)*cFT(g7,XX,iufo11,j11)*flavourTag(fmu,j11,j12)*Vec(nu10,q2)*Vec(
      nu16,-q2)*Vec(nu14,q3)*Deng(p4,xiz,M4)*Deng(q2 + q3,xiw,M3)^2*Deng(p4 + 
      q2 + q3,xiw,M3)^2*p4.p4*xiw^2*ufoGC58^2*ufoGC76*ufoGC69
       + 1/8*g_(1,6_,nu10)*g_(2,nu16)*FT2(g6)*FT2*g_(2,q3)*cFT(nu13,XX,i2,
      iufo11)*cFT(g7,XX,iufo11,j11)*flavourTag(fmu,j11,j12)*Vec(nu10,q2)*Vec(
      nu16,-q3)*Vec(nu13,q2)*Vec(nu14,q2)^2*Deng(p4,xiz,M4)*Deng(q2 + q3,xiw,
      M3)^2*Deng(p4 + q2 + q3,xiw,M3)^2*xiw^2*ufoGC58^2*ufoGC76*ufoGC69
       + 1/4*g_(1,6_,nu10)*g_(2,nu16)*FT2(g6)*FT2*g_(2,q3)*cFT(nu13,XX,i2,
      iufo11)*cFT(g7,XX,iufo11,j11)*flavourTag(fmu,j11,j12)*Vec(nu10,q2)*Vec(
      nu16,-q3)*Vec(nu13,q2)*Vec(nu14,q2)*Vec(nu14,q3)*Deng(p4,xiz,M4)*Deng(q2
       + q3,xiw,M3)^2*Deng(p4 + q2 + q3,xiw,M3)^2*xiw^2*ufoGC58^2*ufoGC76*
      ufoGC69
       + 1/8*g_(1,6_,nu10)*g_(2,nu16)*FT2(g6)*FT2*g_(2,q3)*cFT(nu13,XX,i2,
      iufo11)*cFT(g7,XX,iufo11,j11)*flavourTag(fmu,j11,j12)*Vec(nu10,q2)*Vec(
      nu16,-q3)*Vec(nu13,q2)*Vec(nu14,q2)*Vecr(nu14,p4)*Deng(p4,xiz,M4)*Deng(
      q2 + q3,xiw,M3)^2*Deng(p4 + q2 + q3,xiw,M3)^2*xiw^2*ufoGC58^2*ufoGC76*
      ufoGC69
       + 1/8*g_(1,6_,nu10)*g_(2,nu16)*FT2(g6)*FT2*g_(2,q3)*cFT(nu13,XX,i2,
      iufo11)*cFT(g7,XX,iufo11,j11)*flavourTag(fmu,j11,j12)*Vec(nu10,q2)*Vec(
      nu16,-q3)*Vec(nu13,q2)*Vec(nu14,q3)^2*Deng(p4,xiz,M4)*Deng(q2 + q3,xiw,
      M3)^2*Deng(p4 + q2 + q3,xiw,M3)^2*xiw^2*ufoGC58^2*ufoGC76*ufoGC69
       + 1/8*g_(1,6_,nu10)*g_(2,nu16)*FT2(g6)*FT2*g_(2,q3)*cFT(nu13,XX,i2,
      iufo11)*cFT(g7,XX,iufo11,j11)*flavourTag(fmu,j11,j12)*Vec(nu10,q2)*Vec(
      nu16,-q3)*Vec(nu13,q2)*Vec(nu14,q3)*Vecr(nu14,p4)*Deng(p4,xiz,M4)*Deng(
      q2 + q3,xiw,M3)^2*Deng(p4 + q2 + q3,xiw,M3)^2*xiw^2*ufoGC58^2*ufoGC76*
      ufoGC69
       + 1/8*g_(1,6_,nu10)*g_(2,nu16)*FT2(g6)*FT2*g_(2,q3)*cFT(nu13,XX,i2,
      iufo11)*cFT(g7,XX,iufo11,j11)*flavourTag(fmu,j11,j12)*Vec(nu10,q2)*Vec(
      nu16,-q3)*Vec(nu13,q3)*Vec(nu14,q2)^2*Deng(p4,xiz,M4)*Deng(q2 + q3,xiw,
      M3)^2*Deng(p4 + q2 + q3,xiw,M3)^2*xiw^2*ufoGC58^2*ufoGC76*ufoGC69
       + 1/4*g_(1,6_,nu10)*g_(2,nu16)*FT2(g6)*FT2*g_(2,q3)*cFT(nu13,XX,i2,
      iufo11)*cFT(g7,XX,iufo11,j11)*flavourTag(fmu,j11,j12)*Vec(nu10,q2)*Vec(
      nu16,-q3)*Vec(nu13,q3)*Vec(nu14,q2)*Vec(nu14,q3)*Deng(p4,xiz,M4)*Deng(q2
       + q3,xiw,M3)^2*Deng(p4 + q2 + q3,xiw,M3)^2*xiw^2*ufoGC58^2*ufoGC76*
      ufoGC69
       + 1/8*g_(1,6_,nu10)*g_(2,nu16)*FT2(g6)*FT2*g_(2,q3)*cFT(nu13,XX,i2,
      iufo11)*cFT(g7,XX,iufo11,j11)*flavourTag(fmu,j11,j12)*Vec(nu10,q2)*Vec(
      nu16,-q3)*Vec(nu13,q3)*Vec(nu14,q2)*Vecr(nu14,p4)*Deng(p4,xiz,M4)*Deng(
      q2 + q3,xiw,M3)^2*Deng(p4 + q2 + q3,xiw,M3)^2*xiw^2*ufoGC58^2*ufoGC76*
      ufoGC69
       + 1/8*g_(1,6_,nu10)*g_(2,nu16)*FT2(g6)*FT2*g_(2,q3)*cFT(nu13,XX,i2,
      iufo11)*cFT(g7,XX,iufo11,j11)*flavourTag(fmu,j11,j12)*Vec(nu10,q2)*Vec(
      nu16,-q3)*Vec(nu13,q3)*Vec(nu14,q3)^2*Deng(p4,xiz,M4)*Deng(q2 + q3,xiw,
      M3)^2*Deng(p4 + q2 + q3,xiw,M3)^2*xiw^2*ufoGC58^2*ufoGC76*ufoGC69
       + 1/8*g_(1,6_,nu10)*g_(2,nu16)*FT2(g6)*FT2*g_(2,q3)*cFT(nu13,XX,i2,
      iufo11)*cFT(g7,XX,iufo11,j11)*flavourTag(fmu,j11,j12)*Vec(nu10,q2)*Vec(
      nu16,-q3)*Vec(nu13,q3)*Vec(nu14,q3)*Vecr(nu14,p4)*Deng(p4,xiz,M4)*Deng(
      q2 + q3,xiw,M3)^2*Deng(p4 + q2 + q3,xiw,M3)^2*xiw^2*ufoGC58^2*ufoGC76*
      ufoGC69
       + 1/8*g_(1,6_,nu10)*g_(2,nu16)*FT2(g6)*FT2*g_(2,q3)*cFT(nu13,XX,i2,
      iufo11)*cFT(g7,XX,iufo11,j11)*flavourTag(fmu,j11,j12)*Vec(nu10,q2)*Vec(
      nu16,-q3)*Vec(nu14,q2)^2*Vecr(nu13,p4)*Deng(p4,xiz,M4)*Deng(q2 + q3,xiw,
      M3)^2*Deng(p4 + q2 + q3,xiw,M3)^2*xiw^2*ufoGC58^2*ufoGC76*ufoGC69
       + 1/4*g_(1,6_,nu10)*g_(2,nu16)*FT2(g6)*FT2*g_(2,q3)*cFT(nu13,XX,i2,
      iufo11)*cFT(g7,XX,iufo11,j11)*flavourTag(fmu,j11,j12)*Vec(nu10,q2)*Vec(
      nu16,-q3)*Vec(nu14,q2)*Vec(nu14,q3)*Vecr(nu13,p4)*Deng(p4,xiz,M4)*Deng(
      q2 + q3,xiw,M3)^2*Deng(p4 + q2 + q3,xiw,M3)^2*xiw^2*ufoGC58^2*ufoGC76*
      ufoGC69
       + 1/8*g_(1,6_,nu10)*g_(2,nu16)*FT2(g6)*FT2*g_(2,q3)*cFT(nu13,XX,i2,
      iufo11)*cFT(g7,XX,iufo11,j11)*flavourTag(fmu,j11,j12)*Vec(nu10,q2)*Vec(
      nu16,-q3)*Vec(nu14,q2)*Deng(p4,xiz,M4)*Deng(q2 + q3,xiw,M3)^2*Deng(p4 + 
      q2 + q3,xiw,M3)^2*p4.p4*xiw^2*ufoGC58^2*ufoGC76*ufoGC69
       + 1/8*g_(1,6_,nu10)*g_(2,nu16)*FT2(g6)*FT2*g_(2,q3)*cFT(nu13,XX,i2,
      iufo11)*cFT(g7,XX,iufo11,j11)*flavourTag(fmu,j11,j12)*Vec(nu10,q2)*Vec(
      nu16,-q3)*Vec(nu14,q3)^2*Vecr(nu13,p4)*Deng(p4,xiz,M4)*Deng(q2 + q3,xiw,
      M3)^2*Deng(p4 + q2 + q3,xiw,M3)^2*xiw^2*ufoGC58^2*ufoGC76*ufoGC69
       + 1/8*g_(1,6_,nu10)*g_(2,nu16)*FT2(g6)*FT2*g_(2,q3)*cFT(nu13,XX,i2,
      iufo11)*cFT(g7,XX,iufo11,j11)*flavourTag(fmu,j11,j12)*Vec(nu10,q2)*Vec(
      nu16,-q3)*Vec(nu14,q3)*Deng(p4,xiz,M4)*Deng(q2 + q3,xiw,M3)^2*Deng(p4 + 
      q2 + q3,xiw,M3)^2*p4.p4*xiw^2*ufoGC58^2*ufoGC76*ufoGC69
       - 1/8*g_(1,6_,nu10)*g_(2,nu16)*FT2(g6)*FT2*g_(2,q3)*cFT(nu13,XX,i2,
      iufo11)*cFT(g7,XX,iufo11,j11)*flavourTag(fmu,j11,j12)*Vec(nu10,q2)*Vec(
      nu13,q2)*Vec(nu9,q2)*Vec(nu15,q2)*Vecr(nu15,p4)*Deng(p4,xiz,M4)^2*Deng(
      q2 + q3,xiw,M3)^2*Deng(p4 + q2 + q3,xiw,M3)^2*p4.p4*xiw^2*ufoGC58^2*
      ufoGC76*ufoGC69
       - 1/8*g_(1,6_,nu10)*g_(2,nu16)*FT2(g6)*FT2*g_(2,q3)*cFT(nu13,XX,i2,
      iufo11)*cFT(g7,XX,iufo11,j11)*flavourTag(fmu,j11,j12)*Vec(nu10,q2)*Vec(
      nu13,q2)*Vec(nu9,q2)*Vec(nu15,q3)*Vecr(nu15,p4)*Deng(p4,xiz,M4)^2*Deng(
      q2 + q3,xiw,M3)^2*Deng(p4 + q2 + q3,xiw,M3)^2*p4.p4*xiw^2*ufoGC58^2*
      ufoGC76*ufoGC69
       + 1/8*g_(1,6_,nu10)*g_(2,nu16)*FT2(g6)*FT2*g_(2,q3)*cFT(nu13,XX,i2,
      iufo11)*cFT(g7,XX,iufo11,j11)*flavourTag(fmu,j11,j12)*Vec(nu10,q2)*Vec(
      nu13,q2)*Vec(nu9,q2)*Deng(p4,xiz,M4)*Deng(q2 + q3,xiw,M3)^2*Deng(p4 + q2
       + q3,xiw,M3)^2*p4.p4*xiw^2*ufoGC58^2*ufoGC76*ufoGC69
       - 1/8*g_(1,6_,nu10)*g_(2,nu16)*FT2(g6)*FT2*g_(2,q3)*cFT(nu13,XX,i2,
      iufo11)*cFT(g7,XX,iufo11,j11)*flavourTag(fmu,j11,j12)*Vec(nu10,q2)*Vec(
      nu13,q2)*Vec(nu9,q2)*Deng(p4,xiz,M4)^2*Deng(q2 + q3,xiw,M3)^2*Deng(p4 + 
      q2 + q3,xiw,M3)^2*p4.p4^2*xiw^2*ufoGC58^2*ufoGC76*ufoGC69
       - 1/8*g_(1,6_,nu10)*g_(2,nu16)*FT2(g6)*FT2*g_(2,q3)*cFT(nu13,XX,i2,
      iufo11)*cFT(g7,XX,iufo11,j11)*flavourTag(fmu,j11,j12)*Vec(nu10,q2)*Vec(
      nu13,q2)*Vec(nu9,q3)*Vec(nu15,q2)*Vecr(nu15,p4)*Deng(p4,xiz,M4)^2*Deng(
      q2 + q3,xiw,M3)^2*Deng(p4 + q2 + q3,xiw,M3)^2*p4.p4*xiw^2*ufoGC58^2*
      ufoGC76*ufoGC69
       - 1/8*g_(1,6_,nu10)*g_(2,nu16)*FT2(g6)*FT2*g_(2,q3)*cFT(nu13,XX,i2,
      iufo11)*cFT(g7,XX,iufo11,j11)*flavourTag(fmu,j11,j12)*Vec(nu10,q2)*Vec(
      nu13,q2)*Vec(nu9,q3)*Vec(nu15,q3)*Vecr(nu15,p4)*Deng(p4,xiz,M4)^2*Deng(
      q2 + q3,xiw,M3)^2*Deng(p4 + q2 + q3,xiw,M3)^2*p4.p4*xiw^2*ufoGC58^2*
      ufoGC76*ufoGC69
       + 1/8*g_(1,6_,nu10)*g_(2,nu16)*FT2(g6)*FT2*g_(2,q3)*cFT(nu13,XX,i2,
      iufo11)*cFT(g7,XX,iufo11,j11)*flavourTag(fmu,j11,j12)*Vec(nu10,q2)*Vec(
      nu13,q2)*Vec(nu9,q3)*Deng(p4,xiz,M4)*Deng(q2 + q3,xiw,M3)^2*Deng(p4 + q2
       + q3,xiw,M3)^2*p4.p4*xiw^2*ufoGC58^2*ufoGC76*ufoGC69
       - 1/8*g_(1,6_,nu10)*g_(2,nu16)*FT2(g6)*FT2*g_(2,q3)*cFT(nu13,XX,i2,
      iufo11)*cFT(g7,XX,iufo11,j11)*flavourTag(fmu,j11,j12)*Vec(nu10,q2)*Vec(
      nu13,q2)*Vec(nu9,q3)*Deng(p4,xiz,M4)^2*Deng(q2 + q3,xiw,M3)^2*Deng(p4 + 
      q2 + q3,xiw,M3)^2*p4.p4^2*xiw^2*ufoGC58^2*ufoGC76*ufoGC69
       + 1/8*g_(1,6_,nu10)*g_(2,nu16)*FT2(g6)*FT2*g_(2,q3)*cFT(nu13,XX,i2,
      iufo11)*cFT(g7,XX,iufo11,j11)*flavourTag(fmu,j11,j12)*Vec(nu10,q2)*Vec(
      nu13,q2)*Vec(nu9,-p4)*Vec(nu9,q2)*Vec(nu15,q2)*Deng(p4,xiz,M4)^2*Deng(q2
       + q3,xiw,M3)^2*Deng(p4 + q2 + q3,xiw,M3)^2*p4.p4*xiw^2*ufoGC58^2*
      ufoGC76*ufoGC69
       + 1/8*g_(1,6_,nu10)*g_(2,nu16)*FT2(g6)*FT2*g_(2,q3)*cFT(nu13,XX,i2,
      iufo11)*cFT(g7,XX,iufo11,j11)*flavourTag(fmu,j11,j12)*Vec(nu10,q2)*Vec(
      nu13,q2)*Vec(nu9,-p4)*Vec(nu9,q2)*Vec(nu15,q3)*Deng(p4,xiz,M4)^2*Deng(q2
       + q3,xiw,M3)^2*Deng(p4 + q2 + q3,xiw,M3)^2*p4.p4*xiw^2*ufoGC58^2*
      ufoGC76*ufoGC69
       - 1/8*g_(1,6_,nu10)*g_(2,nu16)*FT2(g6)*FT2*g_(2,q3)*cFT(nu13,XX,i2,
      iufo11)*cFT(g7,XX,iufo11,j11)*flavourTag(fmu,j11,j12)*Vec(nu10,q2)*Vec(
      nu13,q2)*Vec(nu9,-p4)*Vec(nu9,q2)*Vecr(nu16,p4)*Deng(p4,xiz,M4)*Deng(q2
       + q3,xiw,M3)^2*Deng(p4 + q2 + q3,xiw,M3)^2*xiw^2*ufoGC58^2*ufoGC76*
      ufoGC69
       + 1/8*g_(1,6_,nu10)*g_(2,nu16)*FT2(g6)*FT2*g_(2,q3)*cFT(nu13,XX,i2,
      iufo11)*cFT(g7,XX,iufo11,j11)*flavourTag(fmu,j11,j12)*Vec(nu10,q2)*Vec(
      nu13,q2)*Vec(nu9,-p4)*Vec(nu9,q2)*Vecr(nu15,p4)*Deng(p4,xiz,M4)^2*Deng(
      q2 + q3,xiw,M3)^2*Deng(p4 + q2 + q3,xiw,M3)^2*p4.p4*xiw^2*ufoGC58^2*
      ufoGC76*ufoGC69
       + 1/8*g_(1,6_,nu10)*g_(2,nu16)*FT2(g6)*FT2*g_(2,q3)*cFT(nu13,XX,i2,
      iufo11)*cFT(g7,XX,iufo11,j11)*flavourTag(fmu,j11,j12)*Vec(nu10,q2)*Vec(
      nu13,q2)*Vec(nu9,-p4)*Vec(nu9,q3)*Vec(nu15,q2)*Deng(p4,xiz,M4)^2*Deng(q2
       + q3,xiw,M3)^2*Deng(p4 + q2 + q3,xiw,M3)^2*p4.p4*xiw^2*ufoGC58^2*
      ufoGC76*ufoGC69
       + 1/8*g_(1,6_,nu10)*g_(2,nu16)*FT2(g6)*FT2*g_(2,q3)*cFT(nu13,XX,i2,
      iufo11)*cFT(g7,XX,iufo11,j11)*flavourTag(fmu,j11,j12)*Vec(nu10,q2)*Vec(
      nu13,q2)*Vec(nu9,-p4)*Vec(nu9,q3)*Vec(nu15,q3)*Deng(p4,xiz,M4)^2*Deng(q2
       + q3,xiw,M3)^2*Deng(p4 + q2 + q3,xiw,M3)^2*p4.p4*xiw^2*ufoGC58^2*
      ufoGC76*ufoGC69
       - 1/8*g_(1,6_,nu10)*g_(2,nu16)*FT2(g6)*FT2*g_(2,q3)*cFT(nu13,XX,i2,
      iufo11)*cFT(g7,XX,iufo11,j11)*flavourTag(fmu,j11,j12)*Vec(nu10,q2)*Vec(
      nu13,q2)*Vec(nu9,-p4)*Vec(nu9,q3)*Vecr(nu16,p4)*Deng(p4,xiz,M4)*Deng(q2
       + q3,xiw,M3)^2*Deng(p4 + q2 + q3,xiw,M3)^2*xiw^2*ufoGC58^2*ufoGC76*
      ufoGC69
       + 1/8*g_(1,6_,nu10)*g_(2,nu16)*FT2(g6)*FT2*g_(2,q3)*cFT(nu13,XX,i2,
      iufo11)*cFT(g7,XX,iufo11,j11)*flavourTag(fmu,j11,j12)*Vec(nu10,q2)*Vec(
      nu13,q2)*Vec(nu9,-p4)*Vec(nu9,q3)*Vecr(nu15,p4)*Deng(p4,xiz,M4)^2*Deng(
      q2 + q3,xiw,M3)^2*Deng(p4 + q2 + q3,xiw,M3)^2*p4.p4*xiw^2*ufoGC58^2*
      ufoGC76*ufoGC69
       + 1/8*g_(1,6_,nu10)*g_(2,nu16)*FT2(g6)*FT2*g_(2,q3)*cFT(nu13,XX,i2,
      iufo11)*cFT(g7,XX,iufo11,j11)*flavourTag(fmu,j11,j12)*Vec(nu10,q2)*Vec(
      nu13,q2)*Vec(nu9,-q2)*Vec(nu9,q2)*Vec(nu15,q2)*Deng(p4,xiz,M4)^2*Deng(q2
       + q3,xiw,M3)^2*Deng(p4 + q2 + q3,xiw,M3)^2*p4.p4*xiw^2*ufoGC58^2*
      ufoGC76*ufoGC69
       + 1/8*g_(1,6_,nu10)*g_(2,nu16)*FT2(g6)*FT2*g_(2,q3)*cFT(nu13,XX,i2,
      iufo11)*cFT(g7,XX,iufo11,j11)*flavourTag(fmu,j11,j12)*Vec(nu10,q2)*Vec(
      nu13,q2)*Vec(nu9,-q2)*Vec(nu9,q2)*Vec(nu15,q3)*Deng(p4,xiz,M4)^2*Deng(q2
       + q3,xiw,M3)^2*Deng(p4 + q2 + q3,xiw,M3)^2*p4.p4*xiw^2*ufoGC58^2*
      ufoGC76*ufoGC69
       - 1/8*g_(1,6_,nu10)*g_(2,nu16)*FT2(g6)*FT2*g_(2,q3)*cFT(nu13,XX,i2,
      iufo11)*cFT(g7,XX,iufo11,j11)*flavourTag(fmu,j11,j12)*Vec(nu10,q2)*Vec(
      nu13,q2)*Vec(nu9,-q2)*Vec(nu9,q2)*Vecr(nu16,p4)*Deng(p4,xiz,M4)*Deng(q2
       + q3,xiw,M3)^2*Deng(p4 + q2 + q3,xiw,M3)^2*xiw^2*ufoGC58^2*ufoGC76*
      ufoGC69
       + 1/8*g_(1,6_,nu10)*g_(2,nu16)*FT2(g6)*FT2*g_(2,q3)*cFT(nu13,XX,i2,
      iufo11)*cFT(g7,XX,iufo11,j11)*flavourTag(fmu,j11,j12)*Vec(nu10,q2)*Vec(
      nu13,q2)*Vec(nu9,-q2)*Vec(nu9,q2)*Vecr(nu15,p4)*Deng(p4,xiz,M4)^2*Deng(
      q2 + q3,xiw,M3)^2*Deng(p4 + q2 + q3,xiw,M3)^2*p4.p4*xiw^2*ufoGC58^2*
      ufoGC76*ufoGC69
       + 1/8*g_(1,6_,nu10)*g_(2,nu16)*FT2(g6)*FT2*g_(2,q3)*cFT(nu13,XX,i2,
      iufo11)*cFT(g7,XX,iufo11,j11)*flavourTag(fmu,j11,j12)*Vec(nu10,q2)*Vec(
      nu13,q2)*Vec(nu9,-q2)*Vec(nu9,q3)*Vec(nu15,q2)*Deng(p4,xiz,M4)^2*Deng(q2
       + q3,xiw,M3)^2*Deng(p4 + q2 + q3,xiw,M3)^2*p4.p4*xiw^2*ufoGC58^2*
      ufoGC76*ufoGC69
       + 1/8*g_(1,6_,nu10)*g_(2,nu16)*FT2(g6)*FT2*g_(2,q3)*cFT(nu13,XX,i2,
      iufo11)*cFT(g7,XX,iufo11,j11)*flavourTag(fmu,j11,j12)*Vec(nu10,q2)*Vec(
      nu13,q2)*Vec(nu9,-q2)*Vec(nu9,q3)*Vec(nu15,q3)*Deng(p4,xiz,M4)^2*Deng(q2
       + q3,xiw,M3)^2*Deng(p4 + q2 + q3,xiw,M3)^2*p4.p4*xiw^2*ufoGC58^2*
      ufoGC76*ufoGC69
       - 1/8*g_(1,6_,nu10)*g_(2,nu16)*FT2(g6)*FT2*g_(2,q3)*cFT(nu13,XX,i2,
      iufo11)*cFT(g7,XX,iufo11,j11)*flavourTag(fmu,j11,j12)*Vec(nu10,q2)*Vec(
      nu13,q2)*Vec(nu9,-q2)*Vec(nu9,q3)*Vecr(nu16,p4)*Deng(p4,xiz,M4)*Deng(q2
       + q3,xiw,M3)^2*Deng(p4 + q2 + q3,xiw,M3)^2*xiw^2*ufoGC58^2*ufoGC76*
      ufoGC69
       + 1/8*g_(1,6_,nu10)*g_(2,nu16)*FT2(g6)*FT2*g_(2,q3)*cFT(nu13,XX,i2,
      iufo11)*cFT(g7,XX,iufo11,j11)*flavourTag(fmu,j11,j12)*Vec(nu10,q2)*Vec(
      nu13,q2)*Vec(nu9,-q2)*Vec(nu9,q3)*Vecr(nu15,p4)*Deng(p4,xiz,M4)^2*Deng(
      q2 + q3,xiw,M3)^2*Deng(p4 + q2 + q3,xiw,M3)^2*p4.p4*xiw^2*ufoGC58^2*
      ufoGC76*ufoGC69
       + 1/8*g_(1,6_,nu10)*g_(2,nu16)*FT2(g6)*FT2*g_(2,q3)*cFT(nu13,XX,i2,
      iufo11)*cFT(g7,XX,iufo11,j11)*flavourTag(fmu,j11,j12)*Vec(nu10,q2)*Vec(
      nu13,q2)*Vec(nu9,-q3)*Vec(nu9,q2)*Vec(nu15,q2)*Deng(p4,xiz,M4)^2*Deng(q2
       + q3,xiw,M3)^2*Deng(p4 + q2 + q3,xiw,M3)^2*p4.p4*xiw^2*ufoGC58^2*
      ufoGC76*ufoGC69
       + 1/8*g_(1,6_,nu10)*g_(2,nu16)*FT2(g6)*FT2*g_(2,q3)*cFT(nu13,XX,i2,
      iufo11)*cFT(g7,XX,iufo11,j11)*flavourTag(fmu,j11,j12)*Vec(nu10,q2)*Vec(
      nu13,q2)*Vec(nu9,-q3)*Vec(nu9,q2)*Vec(nu15,q3)*Deng(p4,xiz,M4)^2*Deng(q2
       + q3,xiw,M3)^2*Deng(p4 + q2 + q3,xiw,M3)^2*p4.p4*xiw^2*ufoGC58^2*
      ufoGC76*ufoGC69
       - 1/8*g_(1,6_,nu10)*g_(2,nu16)*FT2(g6)*FT2*g_(2,q3)*cFT(nu13,XX,i2,
      iufo11)*cFT(g7,XX,iufo11,j11)*flavourTag(fmu,j11,j12)*Vec(nu10,q2)*Vec(
      nu13,q2)*Vec(nu9,-q3)*Vec(nu9,q2)*Vecr(nu16,p4)*Deng(p4,xiz,M4)*Deng(q2
       + q3,xiw,M3)^2*Deng(p4 + q2 + q3,xiw,M3)^2*xiw^2*ufoGC58^2*ufoGC76*
      ufoGC69
       + 1/8*g_(1,6_,nu10)*g_(2,nu16)*FT2(g6)*FT2*g_(2,q3)*cFT(nu13,XX,i2,
      iufo11)*cFT(g7,XX,iufo11,j11)*flavourTag(fmu,j11,j12)*Vec(nu10,q2)*Vec(
      nu13,q2)*Vec(nu9,-q3)*Vec(nu9,q2)*Vecr(nu15,p4)*Deng(p4,xiz,M4)^2*Deng(
      q2 + q3,xiw,M3)^2*Deng(p4 + q2 + q3,xiw,M3)^2*p4.p4*xiw^2*ufoGC58^2*
      ufoGC76*ufoGC69
       + 1/8*g_(1,6_,nu10)*g_(2,nu16)*FT2(g6)*FT2*g_(2,q3)*cFT(nu13,XX,i2,
      iufo11)*cFT(g7,XX,iufo11,j11)*flavourTag(fmu,j11,j12)*Vec(nu10,q2)*Vec(
      nu13,q2)*Vec(nu9,-q3)*Vec(nu9,q3)*Vec(nu15,q2)*Deng(p4,xiz,M4)^2*Deng(q2
       + q3,xiw,M3)^2*Deng(p4 + q2 + q3,xiw,M3)^2*p4.p4*xiw^2*ufoGC58^2*
      ufoGC76*ufoGC69
       + 1/8*g_(1,6_,nu10)*g_(2,nu16)*FT2(g6)*FT2*g_(2,q3)*cFT(nu13,XX,i2,
      iufo11)*cFT(g7,XX,iufo11,j11)*flavourTag(fmu,j11,j12)*Vec(nu10,q2)*Vec(
      nu13,q2)*Vec(nu9,-q3)*Vec(nu9,q3)*Vec(nu15,q3)*Deng(p4,xiz,M4)^2*Deng(q2
       + q3,xiw,M3)^2*Deng(p4 + q2 + q3,xiw,M3)^2*p4.p4*xiw^2*ufoGC58^2*
      ufoGC76*ufoGC69
       - 1/8*g_(1,6_,nu10)*g_(2,nu16)*FT2(g6)*FT2*g_(2,q3)*cFT(nu13,XX,i2,
      iufo11)*cFT(g7,XX,iufo11,j11)*flavourTag(fmu,j11,j12)*Vec(nu10,q2)*Vec(
      nu13,q2)*Vec(nu9,-q3)*Vec(nu9,q3)*Vecr(nu16,p4)*Deng(p4,xiz,M4)*Deng(q2
       + q3,xiw,M3)^2*Deng(p4 + q2 + q3,xiw,M3)^2*xiw^2*ufoGC58^2*ufoGC76*
      ufoGC69
       + 1/8*g_(1,6_,nu10)*g_(2,nu16)*FT2(g6)*FT2*g_(2,q3)*cFT(nu13,XX,i2,
      iufo11)*cFT(g7,XX,iufo11,j11)*flavourTag(fmu,j11,j12)*Vec(nu10,q2)*Vec(
      nu13,q2)*Vec(nu9,-q3)*Vec(nu9,q3)*Vecr(nu15,p4)*Deng(p4,xiz,M4)^2*Deng(
      q2 + q3,xiw,M3)^2*Deng(p4 + q2 + q3,xiw,M3)^2*p4.p4*xiw^2*ufoGC58^2*
      ufoGC76*ufoGC69
       - 1/8*g_(1,6_,nu10)*g_(2,nu16)*FT2(g6)*FT2*g_(2,q3)*cFT(nu13,XX,i2,
      iufo11)*cFT(g7,XX,iufo11,j11)*flavourTag(fmu,j11,j12)*Vec(nu10,q2)*Vec(
      nu13,q2)*Vec(nu14,q2)^2*Vec(nu15,-p4)*Deng(p4,xiz,M4)^2*Deng(q2 + q3,xiw
      ,M3)^2*Deng(p4 + q2 + q3,xiw,M3)^2*p4.p4*xiw^2*ufoGC58^2*ufoGC76*ufoGC69
       - 1/8*g_(1,6_,nu10)*g_(2,nu16)*FT2(g6)*FT2*g_(2,q3)*cFT(nu13,XX,i2,
      iufo11)*cFT(g7,XX,iufo11,j11)*flavourTag(fmu,j11,j12)*Vec(nu10,q2)*Vec(
      nu13,q2)*Vec(nu14,q2)^2*Vec(nu15,-q2)*Deng(p4,xiz,M4)^2*Deng(q2 + q3,xiw
      ,M3)^2*Deng(p4 + q2 + q3,xiw,M3)^2*p4.p4*xiw^2*ufoGC58^2*ufoGC76*ufoGC69
       - 1/8*g_(1,6_,nu10)*g_(2,nu16)*FT2(g6)*FT2*g_(2,q3)*cFT(nu13,XX,i2,
      iufo11)*cFT(g7,XX,iufo11,j11)*flavourTag(fmu,j11,j12)*Vec(nu10,q2)*Vec(
      nu13,q2)*Vec(nu14,q2)^2*Vec(nu15,-q3)*Deng(p4,xiz,M4)^2*Deng(q2 + q3,xiw
      ,M3)^2*Deng(p4 + q2 + q3,xiw,M3)^2*p4.p4*xiw^2*ufoGC58^2*ufoGC76*ufoGC69
       - 1/4*g_(1,6_,nu10)*g_(2,nu16)*FT2(g6)*FT2*g_(2,q3)*cFT(nu13,XX,i2,
      iufo11)*cFT(g7,XX,iufo11,j11)*flavourTag(fmu,j11,j12)*Vec(nu10,q2)*Vec(
      nu13,q2)*Vec(nu14,q2)*Vec(nu14,q3)*Vec(nu15,-p4)*Deng(p4,xiz,M4)^2*Deng(
      q2 + q3,xiw,M3)^2*Deng(p4 + q2 + q3,xiw,M3)^2*p4.p4*xiw^2*ufoGC58^2*
      ufoGC76*ufoGC69
       - 1/4*g_(1,6_,nu10)*g_(2,nu16)*FT2(g6)*FT2*g_(2,q3)*cFT(nu13,XX,i2,
      iufo11)*cFT(g7,XX,iufo11,j11)*flavourTag(fmu,j11,j12)*Vec(nu10,q2)*Vec(
      nu13,q2)*Vec(nu14,q2)*Vec(nu14,q3)*Vec(nu15,-q2)*Deng(p4,xiz,M4)^2*Deng(
      q2 + q3,xiw,M3)^2*Deng(p4 + q2 + q3,xiw,M3)^2*p4.p4*xiw^2*ufoGC58^2*
      ufoGC76*ufoGC69
       - 1/4*g_(1,6_,nu10)*g_(2,nu16)*FT2(g6)*FT2*g_(2,q3)*cFT(nu13,XX,i2,
      iufo11)*cFT(g7,XX,iufo11,j11)*flavourTag(fmu,j11,j12)*Vec(nu10,q2)*Vec(
      nu13,q2)*Vec(nu14,q2)*Vec(nu14,q3)*Vec(nu15,-q3)*Deng(p4,xiz,M4)^2*Deng(
      q2 + q3,xiw,M3)^2*Deng(p4 + q2 + q3,xiw,M3)^2*p4.p4*xiw^2*ufoGC58^2*
      ufoGC76*ufoGC69
       + 1/8*g_(1,6_,nu10)*g_(2,nu16)*FT2(g6)*FT2*g_(2,q3)*cFT(nu13,XX,i2,
      iufo11)*cFT(g7,XX,iufo11,j11)*flavourTag(fmu,j11,j12)*Vec(nu10,q2)*Vec(
      nu13,q2)*Vec(nu14,q2)*Vec(nu15,q2)*Vecr(nu15,p4)*Deng(p4,xiz,M4)^2*Deng(
      q2 + q3,xiw,M3)^2*Deng(p4 + q2 + q3,xiw,M3)^2*p4.p4*xiw^2*ufoGC58^2*
      ufoGC76*ufoGC69
       + 1/8*g_(1,6_,nu10)*g_(2,nu16)*FT2(g6)*FT2*g_(2,q3)*cFT(nu13,XX,i2,
      iufo11)*cFT(g7,XX,iufo11,j11)*flavourTag(fmu,j11,j12)*Vec(nu10,q2)*Vec(
      nu13,q2)*Vec(nu14,q2)*Vec(nu15,q3)*Vecr(nu15,p4)*Deng(p4,xiz,M4)^2*Deng(
      q2 + q3,xiw,M3)^2*Deng(p4 + q2 + q3,xiw,M3)^2*p4.p4*xiw^2*ufoGC58^2*
      ufoGC76*ufoGC69
       - 1/8*g_(1,6_,nu10)*g_(2,nu16)*FT2(g6)*FT2*g_(2,q3)*cFT(nu13,XX,i2,
      iufo11)*cFT(g7,XX,iufo11,j11)*flavourTag(fmu,j11,j12)*Vec(nu10,q2)*Vec(
      nu13,q2)*Vec(nu14,q2)*Vec(nu15,-p4)*Vecr(nu15,p4)*Deng(p4,xiz,M4)^2*
      Deng(q2 + q3,xiw,M3)^2*Deng(p4 + q2 + q3,xiw,M3)^2*p4.p4*xiw^2*ufoGC58^2
      *ufoGC76*ufoGC69
       - 1/8*g_(1,6_,nu10)*g_(2,nu16)*FT2(g6)*FT2*g_(2,q3)*cFT(nu13,XX,i2,
      iufo11)*cFT(g7,XX,iufo11,j11)*flavourTag(fmu,j11,j12)*Vec(nu10,q2)*Vec(
      nu13,q2)*Vec(nu14,q2)*Vec(nu15,-q2)*Vecr(nu15,p4)*Deng(p4,xiz,M4)^2*
      Deng(q2 + q3,xiw,M3)^2*Deng(p4 + q2 + q3,xiw,M3)^2*p4.p4*xiw^2*ufoGC58^2
      *ufoGC76*ufoGC69
       - 1/8*g_(1,6_,nu10)*g_(2,nu16)*FT2(g6)*FT2*g_(2,q3)*cFT(nu13,XX,i2,
      iufo11)*cFT(g7,XX,iufo11,j11)*flavourTag(fmu,j11,j12)*Vec(nu10,q2)*Vec(
      nu13,q2)*Vec(nu14,q2)*Vec(nu15,-q3)*Vecr(nu15,p4)*Deng(p4,xiz,M4)^2*
      Deng(q2 + q3,xiw,M3)^2*Deng(p4 + q2 + q3,xiw,M3)^2*p4.p4*xiw^2*ufoGC58^2
      *ufoGC76*ufoGC69
       - 1/8*g_(1,6_,nu10)*g_(2,nu16)*FT2(g6)*FT2*g_(2,q3)*cFT(nu13,XX,i2,
      iufo11)*cFT(g7,XX,iufo11,j11)*flavourTag(fmu,j11,j12)*Vec(nu10,q2)*Vec(
      nu13,q2)*Vec(nu14,q3)^2*Vec(nu15,-p4)*Deng(p4,xiz,M4)^2*Deng(q2 + q3,xiw
      ,M3)^2*Deng(p4 + q2 + q3,xiw,M3)^2*p4.p4*xiw^2*ufoGC58^2*ufoGC76*ufoGC69
       - 1/8*g_(1,6_,nu10)*g_(2,nu16)*FT2(g6)*FT2*g_(2,q3)*cFT(nu13,XX,i2,
      iufo11)*cFT(g7,XX,iufo11,j11)*flavourTag(fmu,j11,j12)*Vec(nu10,q2)*Vec(
      nu13,q2)*Vec(nu14,q3)^2*Vec(nu15,-q2)*Deng(p4,xiz,M4)^2*Deng(q2 + q3,xiw
      ,M3)^2*Deng(p4 + q2 + q3,xiw,M3)^2*p4.p4*xiw^2*ufoGC58^2*ufoGC76*ufoGC69
       - 1/8*g_(1,6_,nu10)*g_(2,nu16)*FT2(g6)*FT2*g_(2,q3)*cFT(nu13,XX,i2,
      iufo11)*cFT(g7,XX,iufo11,j11)*flavourTag(fmu,j11,j12)*Vec(nu10,q2)*Vec(
      nu13,q2)*Vec(nu14,q3)^2*Vec(nu15,-q3)*Deng(p4,xiz,M4)^2*Deng(q2 + q3,xiw
      ,M3)^2*Deng(p4 + q2 + q3,xiw,M3)^2*p4.p4*xiw^2*ufoGC58^2*ufoGC76*ufoGC69
       + 1/8*g_(1,6_,nu10)*g_(2,nu16)*FT2(g6)*FT2*g_(2,q3)*cFT(nu13,XX,i2,
      iufo11)*cFT(g7,XX,iufo11,j11)*flavourTag(fmu,j11,j12)*Vec(nu10,q2)*Vec(
      nu13,q2)*Vec(nu14,q3)*Vec(nu15,q2)*Vecr(nu15,p4)*Deng(p4,xiz,M4)^2*Deng(
      q2 + q3,xiw,M3)^2*Deng(p4 + q2 + q3,xiw,M3)^2*p4.p4*xiw^2*ufoGC58^2*
      ufoGC76*ufoGC69
       + 1/8*g_(1,6_,nu10)*g_(2,nu16)*FT2(g6)*FT2*g_(2,q3)*cFT(nu13,XX,i2,
      iufo11)*cFT(g7,XX,iufo11,j11)*flavourTag(fmu,j11,j12)*Vec(nu10,q2)*Vec(
      nu13,q2)*Vec(nu14,q3)*Vec(nu15,q3)*Vecr(nu15,p4)*Deng(p4,xiz,M4)^2*Deng(
      q2 + q3,xiw,M3)^2*Deng(p4 + q2 + q3,xiw,M3)^2*p4.p4*xiw^2*ufoGC58^2*
      ufoGC76*ufoGC69
       - 1/8*g_(1,6_,nu10)*g_(2,nu16)*FT2(g6)*FT2*g_(2,q3)*cFT(nu13,XX,i2,
      iufo11)*cFT(g7,XX,iufo11,j11)*flavourTag(fmu,j11,j12)*Vec(nu10,q2)*Vec(
      nu13,q2)*Vec(nu14,q3)*Vec(nu15,-p4)*Vecr(nu15,p4)*Deng(p4,xiz,M4)^2*
      Deng(q2 + q3,xiw,M3)^2*Deng(p4 + q2 + q3,xiw,M3)^2*p4.p4*xiw^2*ufoGC58^2
      *ufoGC76*ufoGC69
       - 1/8*g_(1,6_,nu10)*g_(2,nu16)*FT2(g6)*FT2*g_(2,q3)*cFT(nu13,XX,i2,
      iufo11)*cFT(g7,XX,iufo11,j11)*flavourTag(fmu,j11,j12)*Vec(nu10,q2)*Vec(
      nu13,q2)*Vec(nu14,q3)*Vec(nu15,-q2)*Vecr(nu15,p4)*Deng(p4,xiz,M4)^2*
      Deng(q2 + q3,xiw,M3)^2*Deng(p4 + q2 + q3,xiw,M3)^2*p4.p4*xiw^2*ufoGC58^2
      *ufoGC76*ufoGC69
       - 1/8*g_(1,6_,nu10)*g_(2,nu16)*FT2(g6)*FT2*g_(2,q3)*cFT(nu13,XX,i2,
      iufo11)*cFT(g7,XX,iufo11,j11)*flavourTag(fmu,j11,j12)*Vec(nu10,q2)*Vec(
      nu13,q2)*Vec(nu14,q3)*Vec(nu15,-q3)*Vecr(nu15,p4)*Deng(p4,xiz,M4)^2*
      Deng(q2 + q3,xiw,M3)^2*Deng(p4 + q2 + q3,xiw,M3)^2*p4.p4*xiw^2*ufoGC58^2
      *ufoGC76*ufoGC69
       + 1/8*g_(1,6_,nu10)*g_(2,nu16)*FT2(g6)*FT2*g_(2,q3)*cFT(nu13,XX,i2,
      iufo11)*cFT(g7,XX,iufo11,j11)*flavourTag(fmu,j11,j12)*Vec(nu10,q2)*Vec(
      nu13,q2)*Vec(nu15,q2)*Deng(p4,xiz,M4)^2*Deng(q2 + q3,xiw,M3)^2*Deng(p4
       + q2 + q3,xiw,M3)^2*p4.p4^2*xiw^2*ufoGC58^2*ufoGC76*ufoGC69
       + 1/8*g_(1,6_,nu10)*g_(2,nu16)*FT2(g6)*FT2*g_(2,q3)*cFT(nu13,XX,i2,
      iufo11)*cFT(g7,XX,iufo11,j11)*flavourTag(fmu,j11,j12)*Vec(nu10,q2)*Vec(
      nu13,q2)*Vec(nu15,q3)*Deng(p4,xiz,M4)^2*Deng(q2 + q3,xiw,M3)^2*Deng(p4
       + q2 + q3,xiw,M3)^2*p4.p4^2*xiw^2*ufoGC58^2*ufoGC76*ufoGC69
       - 1/8*g_(1,6_,nu10)*g_(2,nu16)*FT2(g6)*FT2*g_(2,q3)*cFT(nu13,XX,i2,
      iufo11)*cFT(g7,XX,iufo11,j11)*flavourTag(fmu,j11,j12)*Vec(nu10,q2)*Vec(
      nu13,q3)*Vec(nu9,q2)*Vec(nu15,q2)*Vecr(nu15,p4)*Deng(p4,xiz,M4)^2*Deng(
      q2 + q3,xiw,M3)^2*Deng(p4 + q2 + q3,xiw,M3)^2*p4.p4*xiw^2*ufoGC58^2*
      ufoGC76*ufoGC69
       - 1/8*g_(1,6_,nu10)*g_(2,nu16)*FT2(g6)*FT2*g_(2,q3)*cFT(nu13,XX,i2,
      iufo11)*cFT(g7,XX,iufo11,j11)*flavourTag(fmu,j11,j12)*Vec(nu10,q2)*Vec(
      nu13,q3)*Vec(nu9,q2)*Vec(nu15,q3)*Vecr(nu15,p4)*Deng(p4,xiz,M4)^2*Deng(
      q2 + q3,xiw,M3)^2*Deng(p4 + q2 + q3,xiw,M3)^2*p4.p4*xiw^2*ufoGC58^2*
      ufoGC76*ufoGC69
       + 1/8*g_(1,6_,nu10)*g_(2,nu16)*FT2(g6)*FT2*g_(2,q3)*cFT(nu13,XX,i2,
      iufo11)*cFT(g7,XX,iufo11,j11)*flavourTag(fmu,j11,j12)*Vec(nu10,q2)*Vec(
      nu13,q3)*Vec(nu9,q2)*Deng(p4,xiz,M4)*Deng(q2 + q3,xiw,M3)^2*Deng(p4 + q2
       + q3,xiw,M3)^2*p4.p4*xiw^2*ufoGC58^2*ufoGC76*ufoGC69
       - 1/8*g_(1,6_,nu10)*g_(2,nu16)*FT2(g6)*FT2*g_(2,q3)*cFT(nu13,XX,i2,
      iufo11)*cFT(g7,XX,iufo11,j11)*flavourTag(fmu,j11,j12)*Vec(nu10,q2)*Vec(
      nu13,q3)*Vec(nu9,q2)*Deng(p4,xiz,M4)^2*Deng(q2 + q3,xiw,M3)^2*Deng(p4 + 
      q2 + q3,xiw,M3)^2*p4.p4^2*xiw^2*ufoGC58^2*ufoGC76*ufoGC69
       - 1/8*g_(1,6_,nu10)*g_(2,nu16)*FT2(g6)*FT2*g_(2,q3)*cFT(nu13,XX,i2,
      iufo11)*cFT(g7,XX,iufo11,j11)*flavourTag(fmu,j11,j12)*Vec(nu10,q2)*Vec(
      nu13,q3)*Vec(nu9,q3)*Vec(nu15,q2)*Vecr(nu15,p4)*Deng(p4,xiz,M4)^2*Deng(
      q2 + q3,xiw,M3)^2*Deng(p4 + q2 + q3,xiw,M3)^2*p4.p4*xiw^2*ufoGC58^2*
      ufoGC76*ufoGC69
       - 1/8*g_(1,6_,nu10)*g_(2,nu16)*FT2(g6)*FT2*g_(2,q3)*cFT(nu13,XX,i2,
      iufo11)*cFT(g7,XX,iufo11,j11)*flavourTag(fmu,j11,j12)*Vec(nu10,q2)*Vec(
      nu13,q3)*Vec(nu9,q3)*Vec(nu15,q3)*Vecr(nu15,p4)*Deng(p4,xiz,M4)^2*Deng(
      q2 + q3,xiw,M3)^2*Deng(p4 + q2 + q3,xiw,M3)^2*p4.p4*xiw^2*ufoGC58^2*
      ufoGC76*ufoGC69
       + 1/8*g_(1,6_,nu10)*g_(2,nu16)*FT2(g6)*FT2*g_(2,q3)*cFT(nu13,XX,i2,
      iufo11)*cFT(g7,XX,iufo11,j11)*flavourTag(fmu,j11,j12)*Vec(nu10,q2)*Vec(
      nu13,q3)*Vec(nu9,q3)*Deng(p4,xiz,M4)*Deng(q2 + q3,xiw,M3)^2*Deng(p4 + q2
       + q3,xiw,M3)^2*p4.p4*xiw^2*ufoGC58^2*ufoGC76*ufoGC69
       - 1/8*g_(1,6_,nu10)*g_(2,nu16)*FT2(g6)*FT2*g_(2,q3)*cFT(nu13,XX,i2,
      iufo11)*cFT(g7,XX,iufo11,j11)*flavourTag(fmu,j11,j12)*Vec(nu10,q2)*Vec(
      nu13,q3)*Vec(nu9,q3)*Deng(p4,xiz,M4)^2*Deng(q2 + q3,xiw,M3)^2*Deng(p4 + 
      q2 + q3,xiw,M3)^2*p4.p4^2*xiw^2*ufoGC58^2*ufoGC76*ufoGC69
       + 1/8*g_(1,6_,nu10)*g_(2,nu16)*FT2(g6)*FT2*g_(2,q3)*cFT(nu13,XX,i2,
      iufo11)*cFT(g7,XX,iufo11,j11)*flavourTag(fmu,j11,j12)*Vec(nu10,q2)*Vec(
      nu13,q3)*Vec(nu9,-p4)*Vec(nu9,q2)*Vec(nu15,q2)*Deng(p4,xiz,M4)^2*Deng(q2
       + q3,xiw,M3)^2*Deng(p4 + q2 + q3,xiw,M3)^2*p4.p4*xiw^2*ufoGC58^2*
      ufoGC76*ufoGC69
       + 1/8*g_(1,6_,nu10)*g_(2,nu16)*FT2(g6)*FT2*g_(2,q3)*cFT(nu13,XX,i2,
      iufo11)*cFT(g7,XX,iufo11,j11)*flavourTag(fmu,j11,j12)*Vec(nu10,q2)*Vec(
      nu13,q3)*Vec(nu9,-p4)*Vec(nu9,q2)*Vec(nu15,q3)*Deng(p4,xiz,M4)^2*Deng(q2
       + q3,xiw,M3)^2*Deng(p4 + q2 + q3,xiw,M3)^2*p4.p4*xiw^2*ufoGC58^2*
      ufoGC76*ufoGC69
       - 1/8*g_(1,6_,nu10)*g_(2,nu16)*FT2(g6)*FT2*g_(2,q3)*cFT(nu13,XX,i2,
      iufo11)*cFT(g7,XX,iufo11,j11)*flavourTag(fmu,j11,j12)*Vec(nu10,q2)*Vec(
      nu13,q3)*Vec(nu9,-p4)*Vec(nu9,q2)*Vecr(nu16,p4)*Deng(p4,xiz,M4)*Deng(q2
       + q3,xiw,M3)^2*Deng(p4 + q2 + q3,xiw,M3)^2*xiw^2*ufoGC58^2*ufoGC76*
      ufoGC69
       + 1/8*g_(1,6_,nu10)*g_(2,nu16)*FT2(g6)*FT2*g_(2,q3)*cFT(nu13,XX,i2,
      iufo11)*cFT(g7,XX,iufo11,j11)*flavourTag(fmu,j11,j12)*Vec(nu10,q2)*Vec(
      nu13,q3)*Vec(nu9,-p4)*Vec(nu9,q2)*Vecr(nu15,p4)*Deng(p4,xiz,M4)^2*Deng(
      q2 + q3,xiw,M3)^2*Deng(p4 + q2 + q3,xiw,M3)^2*p4.p4*xiw^2*ufoGC58^2*
      ufoGC76*ufoGC69
       + 1/8*g_(1,6_,nu10)*g_(2,nu16)*FT2(g6)*FT2*g_(2,q3)*cFT(nu13,XX,i2,
      iufo11)*cFT(g7,XX,iufo11,j11)*flavourTag(fmu,j11,j12)*Vec(nu10,q2)*Vec(
      nu13,q3)*Vec(nu9,-p4)*Vec(nu9,q3)*Vec(nu15,q2)*Deng(p4,xiz,M4)^2*Deng(q2
       + q3,xiw,M3)^2*Deng(p4 + q2 + q3,xiw,M3)^2*p4.p4*xiw^2*ufoGC58^2*
      ufoGC76*ufoGC69
       + 1/8*g_(1,6_,nu10)*g_(2,nu16)*FT2(g6)*FT2*g_(2,q3)*cFT(nu13,XX,i2,
      iufo11)*cFT(g7,XX,iufo11,j11)*flavourTag(fmu,j11,j12)*Vec(nu10,q2)*Vec(
      nu13,q3)*Vec(nu9,-p4)*Vec(nu9,q3)*Vec(nu15,q3)*Deng(p4,xiz,M4)^2*Deng(q2
       + q3,xiw,M3)^2*Deng(p4 + q2 + q3,xiw,M3)^2*p4.p4*xiw^2*ufoGC58^2*
      ufoGC76*ufoGC69
       - 1/8*g_(1,6_,nu10)*g_(2,nu16)*FT2(g6)*FT2*g_(2,q3)*cFT(nu13,XX,i2,
      iufo11)*cFT(g7,XX,iufo11,j11)*flavourTag(fmu,j11,j12)*Vec(nu10,q2)*Vec(
      nu13,q3)*Vec(nu9,-p4)*Vec(nu9,q3)*Vecr(nu16,p4)*Deng(p4,xiz,M4)*Deng(q2
       + q3,xiw,M3)^2*Deng(p4 + q2 + q3,xiw,M3)^2*xiw^2*ufoGC58^2*ufoGC76*
      ufoGC69
       + 1/8*g_(1,6_,nu10)*g_(2,nu16)*FT2(g6)*FT2*g_(2,q3)*cFT(nu13,XX,i2,
      iufo11)*cFT(g7,XX,iufo11,j11)*flavourTag(fmu,j11,j12)*Vec(nu10,q2)*Vec(
      nu13,q3)*Vec(nu9,-p4)*Vec(nu9,q3)*Vecr(nu15,p4)*Deng(p4,xiz,M4)^2*Deng(
      q2 + q3,xiw,M3)^2*Deng(p4 + q2 + q3,xiw,M3)^2*p4.p4*xiw^2*ufoGC58^2*
      ufoGC76*ufoGC69
       + 1/8*g_(1,6_,nu10)*g_(2,nu16)*FT2(g6)*FT2*g_(2,q3)*cFT(nu13,XX,i2,
      iufo11)*cFT(g7,XX,iufo11,j11)*flavourTag(fmu,j11,j12)*Vec(nu10,q2)*Vec(
      nu13,q3)*Vec(nu9,-q2)*Vec(nu9,q2)*Vec(nu15,q2)*Deng(p4,xiz,M4)^2*Deng(q2
       + q3,xiw,M3)^2*Deng(p4 + q2 + q3,xiw,M3)^2*p4.p4*xiw^2*ufoGC58^2*
      ufoGC76*ufoGC69
       + 1/8*g_(1,6_,nu10)*g_(2,nu16)*FT2(g6)*FT2*g_(2,q3)*cFT(nu13,XX,i2,
      iufo11)*cFT(g7,XX,iufo11,j11)*flavourTag(fmu,j11,j12)*Vec(nu10,q2)*Vec(
      nu13,q3)*Vec(nu9,-q2)*Vec(nu9,q2)*Vec(nu15,q3)*Deng(p4,xiz,M4)^2*Deng(q2
       + q3,xiw,M3)^2*Deng(p4 + q2 + q3,xiw,M3)^2*p4.p4*xiw^2*ufoGC58^2*
      ufoGC76*ufoGC69
       - 1/8*g_(1,6_,nu10)*g_(2,nu16)*FT2(g6)*FT2*g_(2,q3)*cFT(nu13,XX,i2,
      iufo11)*cFT(g7,XX,iufo11,j11)*flavourTag(fmu,j11,j12)*Vec(nu10,q2)*Vec(
      nu13,q3)*Vec(nu9,-q2)*Vec(nu9,q2)*Vecr(nu16,p4)*Deng(p4,xiz,M4)*Deng(q2
       + q3,xiw,M3)^2*Deng(p4 + q2 + q3,xiw,M3)^2*xiw^2*ufoGC58^2*ufoGC76*
      ufoGC69
       + 1/8*g_(1,6_,nu10)*g_(2,nu16)*FT2(g6)*FT2*g_(2,q3)*cFT(nu13,XX,i2,
      iufo11)*cFT(g7,XX,iufo11,j11)*flavourTag(fmu,j11,j12)*Vec(nu10,q2)*Vec(
      nu13,q3)*Vec(nu9,-q2)*Vec(nu9,q2)*Vecr(nu15,p4)*Deng(p4,xiz,M4)^2*Deng(
      q2 + q3,xiw,M3)^2*Deng(p4 + q2 + q3,xiw,M3)^2*p4.p4*xiw^2*ufoGC58^2*
      ufoGC76*ufoGC69
       + 1/8*g_(1,6_,nu10)*g_(2,nu16)*FT2(g6)*FT2*g_(2,q3)*cFT(nu13,XX,i2,
      iufo11)*cFT(g7,XX,iufo11,j11)*flavourTag(fmu,j11,j12)*Vec(nu10,q2)*Vec(
      nu13,q3)*Vec(nu9,-q2)*Vec(nu9,q3)*Vec(nu15,q2)*Deng(p4,xiz,M4)^2*Deng(q2
       + q3,xiw,M3)^2*Deng(p4 + q2 + q3,xiw,M3)^2*p4.p4*xiw^2*ufoGC58^2*
      ufoGC76*ufoGC69
       + 1/8*g_(1,6_,nu10)*g_(2,nu16)*FT2(g6)*FT2*g_(2,q3)*cFT(nu13,XX,i2,
      iufo11)*cFT(g7,XX,iufo11,j11)*flavourTag(fmu,j11,j12)*Vec(nu10,q2)*Vec(
      nu13,q3)*Vec(nu9,-q2)*Vec(nu9,q3)*Vec(nu15,q3)*Deng(p4,xiz,M4)^2*Deng(q2
       + q3,xiw,M3)^2*Deng(p4 + q2 + q3,xiw,M3)^2*p4.p4*xiw^2*ufoGC58^2*
      ufoGC76*ufoGC69
       - 1/8*g_(1,6_,nu10)*g_(2,nu16)*FT2(g6)*FT2*g_(2,q3)*cFT(nu13,XX,i2,
      iufo11)*cFT(g7,XX,iufo11,j11)*flavourTag(fmu,j11,j12)*Vec(nu10,q2)*Vec(
      nu13,q3)*Vec(nu9,-q2)*Vec(nu9,q3)*Vecr(nu16,p4)*Deng(p4,xiz,M4)*Deng(q2
       + q3,xiw,M3)^2*Deng(p4 + q2 + q3,xiw,M3)^2*xiw^2*ufoGC58^2*ufoGC76*
      ufoGC69
       + 1/8*g_(1,6_,nu10)*g_(2,nu16)*FT2(g6)*FT2*g_(2,q3)*cFT(nu13,XX,i2,
      iufo11)*cFT(g7,XX,iufo11,j11)*flavourTag(fmu,j11,j12)*Vec(nu10,q2)*Vec(
      nu13,q3)*Vec(nu9,-q2)*Vec(nu9,q3)*Vecr(nu15,p4)*Deng(p4,xiz,M4)^2*Deng(
      q2 + q3,xiw,M3)^2*Deng(p4 + q2 + q3,xiw,M3)^2*p4.p4*xiw^2*ufoGC58^2*
      ufoGC76*ufoGC69
       + 1/8*g_(1,6_,nu10)*g_(2,nu16)*FT2(g6)*FT2*g_(2,q3)*cFT(nu13,XX,i2,
      iufo11)*cFT(g7,XX,iufo11,j11)*flavourTag(fmu,j11,j12)*Vec(nu10,q2)*Vec(
      nu13,q3)*Vec(nu9,-q3)*Vec(nu9,q2)*Vec(nu15,q2)*Deng(p4,xiz,M4)^2*Deng(q2
       + q3,xiw,M3)^2*Deng(p4 + q2 + q3,xiw,M3)^2*p4.p4*xiw^2*ufoGC58^2*
      ufoGC76*ufoGC69
       + 1/8*g_(1,6_,nu10)*g_(2,nu16)*FT2(g6)*FT2*g_(2,q3)*cFT(nu13,XX,i2,
      iufo11)*cFT(g7,XX,iufo11,j11)*flavourTag(fmu,j11,j12)*Vec(nu10,q2)*Vec(
      nu13,q3)*Vec(nu9,-q3)*Vec(nu9,q2)*Vec(nu15,q3)*Deng(p4,xiz,M4)^2*Deng(q2
       + q3,xiw,M3)^2*Deng(p4 + q2 + q3,xiw,M3)^2*p4.p4*xiw^2*ufoGC58^2*
      ufoGC76*ufoGC69
       - 1/8*g_(1,6_,nu10)*g_(2,nu16)*FT2(g6)*FT2*g_(2,q3)*cFT(nu13,XX,i2,
      iufo11)*cFT(g7,XX,iufo11,j11)*flavourTag(fmu,j11,j12)*Vec(nu10,q2)*Vec(
      nu13,q3)*Vec(nu9,-q3)*Vec(nu9,q2)*Vecr(nu16,p4)*Deng(p4,xiz,M4)*Deng(q2
       + q3,xiw,M3)^2*Deng(p4 + q2 + q3,xiw,M3)^2*xiw^2*ufoGC58^2*ufoGC76*
      ufoGC69
       + 1/8*g_(1,6_,nu10)*g_(2,nu16)*FT2(g6)*FT2*g_(2,q3)*cFT(nu13,XX,i2,
      iufo11)*cFT(g7,XX,iufo11,j11)*flavourTag(fmu,j11,j12)*Vec(nu10,q2)*Vec(
      nu13,q3)*Vec(nu9,-q3)*Vec(nu9,q2)*Vecr(nu15,p4)*Deng(p4,xiz,M4)^2*Deng(
      q2 + q3,xiw,M3)^2*Deng(p4 + q2 + q3,xiw,M3)^2*p4.p4*xiw^2*ufoGC58^2*
      ufoGC76*ufoGC69
       + 1/8*g_(1,6_,nu10)*g_(2,nu16)*FT2(g6)*FT2*g_(2,q3)*cFT(nu13,XX,i2,
      iufo11)*cFT(g7,XX,iufo11,j11)*flavourTag(fmu,j11,j12)*Vec(nu10,q2)*Vec(
      nu13,q3)*Vec(nu9,-q3)*Vec(nu9,q3)*Vec(nu15,q2)*Deng(p4,xiz,M4)^2*Deng(q2
       + q3,xiw,M3)^2*Deng(p4 + q2 + q3,xiw,M3)^2*p4.p4*xiw^2*ufoGC58^2*
      ufoGC76*ufoGC69
       + 1/8*g_(1,6_,nu10)*g_(2,nu16)*FT2(g6)*FT2*g_(2,q3)*cFT(nu13,XX,i2,
      iufo11)*cFT(g7,XX,iufo11,j11)*flavourTag(fmu,j11,j12)*Vec(nu10,q2)*Vec(
      nu13,q3)*Vec(nu9,-q3)*Vec(nu9,q3)*Vec(nu15,q3)*Deng(p4,xiz,M4)^2*Deng(q2
       + q3,xiw,M3)^2*Deng(p4 + q2 + q3,xiw,M3)^2*p4.p4*xiw^2*ufoGC58^2*
      ufoGC76*ufoGC69
       - 1/8*g_(1,6_,nu10)*g_(2,nu16)*FT2(g6)*FT2*g_(2,q3)*cFT(nu13,XX,i2,
      iufo11)*cFT(g7,XX,iufo11,j11)*flavourTag(fmu,j11,j12)*Vec(nu10,q2)*Vec(
      nu13,q3)*Vec(nu9,-q3)*Vec(nu9,q3)*Vecr(nu16,p4)*Deng(p4,xiz,M4)*Deng(q2
       + q3,xiw,M3)^2*Deng(p4 + q2 + q3,xiw,M3)^2*xiw^2*ufoGC58^2*ufoGC76*
      ufoGC69
       + 1/8*g_(1,6_,nu10)*g_(2,nu16)*FT2(g6)*FT2*g_(2,q3)*cFT(nu13,XX,i2,
      iufo11)*cFT(g7,XX,iufo11,j11)*flavourTag(fmu,j11,j12)*Vec(nu10,q2)*Vec(
      nu13,q3)*Vec(nu9,-q3)*Vec(nu9,q3)*Vecr(nu15,p4)*Deng(p4,xiz,M4)^2*Deng(
      q2 + q3,xiw,M3)^2*Deng(p4 + q2 + q3,xiw,M3)^2*p4.p4*xiw^2*ufoGC58^2*
      ufoGC76*ufoGC69
       - 1/8*g_(1,6_,nu10)*g_(2,nu16)*FT2(g6)*FT2*g_(2,q3)*cFT(nu13,XX,i2,
      iufo11)*cFT(g7,XX,iufo11,j11)*flavourTag(fmu,j11,j12)*Vec(nu10,q2)*Vec(
      nu13,q3)*Vec(nu14,q2)^2*Vec(nu15,-p4)*Deng(p4,xiz,M4)^2*Deng(q2 + q3,xiw
      ,M3)^2*Deng(p4 + q2 + q3,xiw,M3)^2*p4.p4*xiw^2*ufoGC58^2*ufoGC76*ufoGC69
       - 1/8*g_(1,6_,nu10)*g_(2,nu16)*FT2(g6)*FT2*g_(2,q3)*cFT(nu13,XX,i2,
      iufo11)*cFT(g7,XX,iufo11,j11)*flavourTag(fmu,j11,j12)*Vec(nu10,q2)*Vec(
      nu13,q3)*Vec(nu14,q2)^2*Vec(nu15,-q2)*Deng(p4,xiz,M4)^2*Deng(q2 + q3,xiw
      ,M3)^2*Deng(p4 + q2 + q3,xiw,M3)^2*p4.p4*xiw^2*ufoGC58^2*ufoGC76*ufoGC69
       - 1/8*g_(1,6_,nu10)*g_(2,nu16)*FT2(g6)*FT2*g_(2,q3)*cFT(nu13,XX,i2,
      iufo11)*cFT(g7,XX,iufo11,j11)*flavourTag(fmu,j11,j12)*Vec(nu10,q2)*Vec(
      nu13,q3)*Vec(nu14,q2)^2*Vec(nu15,-q3)*Deng(p4,xiz,M4)^2*Deng(q2 + q3,xiw
      ,M3)^2*Deng(p4 + q2 + q3,xiw,M3)^2*p4.p4*xiw^2*ufoGC58^2*ufoGC76*ufoGC69
       - 1/4*g_(1,6_,nu10)*g_(2,nu16)*FT2(g6)*FT2*g_(2,q3)*cFT(nu13,XX,i2,
      iufo11)*cFT(g7,XX,iufo11,j11)*flavourTag(fmu,j11,j12)*Vec(nu10,q2)*Vec(
      nu13,q3)*Vec(nu14,q2)*Vec(nu14,q3)*Vec(nu15,-p4)*Deng(p4,xiz,M4)^2*Deng(
      q2 + q3,xiw,M3)^2*Deng(p4 + q2 + q3,xiw,M3)^2*p4.p4*xiw^2*ufoGC58^2*
      ufoGC76*ufoGC69
       - 1/4*g_(1,6_,nu10)*g_(2,nu16)*FT2(g6)*FT2*g_(2,q3)*cFT(nu13,XX,i2,
      iufo11)*cFT(g7,XX,iufo11,j11)*flavourTag(fmu,j11,j12)*Vec(nu10,q2)*Vec(
      nu13,q3)*Vec(nu14,q2)*Vec(nu14,q3)*Vec(nu15,-q2)*Deng(p4,xiz,M4)^2*Deng(
      q2 + q3,xiw,M3)^2*Deng(p4 + q2 + q3,xiw,M3)^2*p4.p4*xiw^2*ufoGC58^2*
      ufoGC76*ufoGC69
       - 1/4*g_(1,6_,nu10)*g_(2,nu16)*FT2(g6)*FT2*g_(2,q3)*cFT(nu13,XX,i2,
      iufo11)*cFT(g7,XX,iufo11,j11)*flavourTag(fmu,j11,j12)*Vec(nu10,q2)*Vec(
      nu13,q3)*Vec(nu14,q2)*Vec(nu14,q3)*Vec(nu15,-q3)*Deng(p4,xiz,M4)^2*Deng(
      q2 + q3,xiw,M3)^2*Deng(p4 + q2 + q3,xiw,M3)^2*p4.p4*xiw^2*ufoGC58^2*
      ufoGC76*ufoGC69
       + 1/8*g_(1,6_,nu10)*g_(2,nu16)*FT2(g6)*FT2*g_(2,q3)*cFT(nu13,XX,i2,
      iufo11)*cFT(g7,XX,iufo11,j11)*flavourTag(fmu,j11,j12)*Vec(nu10,q2)*Vec(
      nu13,q3)*Vec(nu14,q2)*Vec(nu15,q2)*Vecr(nu15,p4)*Deng(p4,xiz,M4)^2*Deng(
      q2 + q3,xiw,M3)^2*Deng(p4 + q2 + q3,xiw,M3)^2*p4.p4*xiw^2*ufoGC58^2*
      ufoGC76*ufoGC69
       + 1/8*g_(1,6_,nu10)*g_(2,nu16)*FT2(g6)*FT2*g_(2,q3)*cFT(nu13,XX,i2,
      iufo11)*cFT(g7,XX,iufo11,j11)*flavourTag(fmu,j11,j12)*Vec(nu10,q2)*Vec(
      nu13,q3)*Vec(nu14,q2)*Vec(nu15,q3)*Vecr(nu15,p4)*Deng(p4,xiz,M4)^2*Deng(
      q2 + q3,xiw,M3)^2*Deng(p4 + q2 + q3,xiw,M3)^2*p4.p4*xiw^2*ufoGC58^2*
      ufoGC76*ufoGC69
       - 1/8*g_(1,6_,nu10)*g_(2,nu16)*FT2(g6)*FT2*g_(2,q3)*cFT(nu13,XX,i2,
      iufo11)*cFT(g7,XX,iufo11,j11)*flavourTag(fmu,j11,j12)*Vec(nu10,q2)*Vec(
      nu13,q3)*Vec(nu14,q2)*Vec(nu15,-p4)*Vecr(nu15,p4)*Deng(p4,xiz,M4)^2*
      Deng(q2 + q3,xiw,M3)^2*Deng(p4 + q2 + q3,xiw,M3)^2*p4.p4*xiw^2*ufoGC58^2
      *ufoGC76*ufoGC69
       - 1/8*g_(1,6_,nu10)*g_(2,nu16)*FT2(g6)*FT2*g_(2,q3)*cFT(nu13,XX,i2,
      iufo11)*cFT(g7,XX,iufo11,j11)*flavourTag(fmu,j11,j12)*Vec(nu10,q2)*Vec(
      nu13,q3)*Vec(nu14,q2)*Vec(nu15,-q2)*Vecr(nu15,p4)*Deng(p4,xiz,M4)^2*
      Deng(q2 + q3,xiw,M3)^2*Deng(p4 + q2 + q3,xiw,M3)^2*p4.p4*xiw^2*ufoGC58^2
      *ufoGC76*ufoGC69
       - 1/8*g_(1,6_,nu10)*g_(2,nu16)*FT2(g6)*FT2*g_(2,q3)*cFT(nu13,XX,i2,
      iufo11)*cFT(g7,XX,iufo11,j11)*flavourTag(fmu,j11,j12)*Vec(nu10,q2)*Vec(
      nu13,q3)*Vec(nu14,q2)*Vec(nu15,-q3)*Vecr(nu15,p4)*Deng(p4,xiz,M4)^2*
      Deng(q2 + q3,xiw,M3)^2*Deng(p4 + q2 + q3,xiw,M3)^2*p4.p4*xiw^2*ufoGC58^2
      *ufoGC76*ufoGC69
       - 1/8*g_(1,6_,nu10)*g_(2,nu16)*FT2(g6)*FT2*g_(2,q3)*cFT(nu13,XX,i2,
      iufo11)*cFT(g7,XX,iufo11,j11)*flavourTag(fmu,j11,j12)*Vec(nu10,q2)*Vec(
      nu13,q3)*Vec(nu14,q3)^2*Vec(nu15,-p4)*Deng(p4,xiz,M4)^2*Deng(q2 + q3,xiw
      ,M3)^2*Deng(p4 + q2 + q3,xiw,M3)^2*p4.p4*xiw^2*ufoGC58^2*ufoGC76*ufoGC69
       - 1/8*g_(1,6_,nu10)*g_(2,nu16)*FT2(g6)*FT2*g_(2,q3)*cFT(nu13,XX,i2,
      iufo11)*cFT(g7,XX,iufo11,j11)*flavourTag(fmu,j11,j12)*Vec(nu10,q2)*Vec(
      nu13,q3)*Vec(nu14,q3)^2*Vec(nu15,-q2)*Deng(p4,xiz,M4)^2*Deng(q2 + q3,xiw
      ,M3)^2*Deng(p4 + q2 + q3,xiw,M3)^2*p4.p4*xiw^2*ufoGC58^2*ufoGC76*ufoGC69
       - 1/8*g_(1,6_,nu10)*g_(2,nu16)*FT2(g6)*FT2*g_(2,q3)*cFT(nu13,XX,i2,
      iufo11)*cFT(g7,XX,iufo11,j11)*flavourTag(fmu,j11,j12)*Vec(nu10,q2)*Vec(
      nu13,q3)*Vec(nu14,q3)^2*Vec(nu15,-q3)*Deng(p4,xiz,M4)^2*Deng(q2 + q3,xiw
      ,M3)^2*Deng(p4 + q2 + q3,xiw,M3)^2*p4.p4*xiw^2*ufoGC58^2*ufoGC76*ufoGC69
       + 1/8*g_(1,6_,nu10)*g_(2,nu16)*FT2(g6)*FT2*g_(2,q3)*cFT(nu13,XX,i2,
      iufo11)*cFT(g7,XX,iufo11,j11)*flavourTag(fmu,j11,j12)*Vec(nu10,q2)*Vec(
      nu13,q3)*Vec(nu14,q3)*Vec(nu15,q2)*Vecr(nu15,p4)*Deng(p4,xiz,M4)^2*Deng(
      q2 + q3,xiw,M3)^2*Deng(p4 + q2 + q3,xiw,M3)^2*p4.p4*xiw^2*ufoGC58^2*
      ufoGC76*ufoGC69
       + 1/8*g_(1,6_,nu10)*g_(2,nu16)*FT2(g6)*FT2*g_(2,q3)*cFT(nu13,XX,i2,
      iufo11)*cFT(g7,XX,iufo11,j11)*flavourTag(fmu,j11,j12)*Vec(nu10,q2)*Vec(
      nu13,q3)*Vec(nu14,q3)*Vec(nu15,q3)*Vecr(nu15,p4)*Deng(p4,xiz,M4)^2*Deng(
      q2 + q3,xiw,M3)^2*Deng(p4 + q2 + q3,xiw,M3)^2*p4.p4*xiw^2*ufoGC58^2*
      ufoGC76*ufoGC69
       - 1/8*g_(1,6_,nu10)*g_(2,nu16)*FT2(g6)*FT2*g_(2,q3)*cFT(nu13,XX,i2,
      iufo11)*cFT(g7,XX,iufo11,j11)*flavourTag(fmu,j11,j12)*Vec(nu10,q2)*Vec(
      nu13,q3)*Vec(nu14,q3)*Vec(nu15,-p4)*Vecr(nu15,p4)*Deng(p4,xiz,M4)^2*
      Deng(q2 + q3,xiw,M3)^2*Deng(p4 + q2 + q3,xiw,M3)^2*p4.p4*xiw^2*ufoGC58^2
      *ufoGC76*ufoGC69
       - 1/8*g_(1,6_,nu10)*g_(2,nu16)*FT2(g6)*FT2*g_(2,q3)*cFT(nu13,XX,i2,
      iufo11)*cFT(g7,XX,iufo11,j11)*flavourTag(fmu,j11,j12)*Vec(nu10,q2)*Vec(
      nu13,q3)*Vec(nu14,q3)*Vec(nu15,-q2)*Vecr(nu15,p4)*Deng(p4,xiz,M4)^2*
      Deng(q2 + q3,xiw,M3)^2*Deng(p4 + q2 + q3,xiw,M3)^2*p4.p4*xiw^2*ufoGC58^2
      *ufoGC76*ufoGC69
       - 1/8*g_(1,6_,nu10)*g_(2,nu16)*FT2(g6)*FT2*g_(2,q3)*cFT(nu13,XX,i2,
      iufo11)*cFT(g7,XX,iufo11,j11)*flavourTag(fmu,j11,j12)*Vec(nu10,q2)*Vec(
      nu13,q3)*Vec(nu14,q3)*Vec(nu15,-q3)*Vecr(nu15,p4)*Deng(p4,xiz,M4)^2*
      Deng(q2 + q3,xiw,M3)^2*Deng(p4 + q2 + q3,xiw,M3)^2*p4.p4*xiw^2*ufoGC58^2
      *ufoGC76*ufoGC69
       + 1/8*g_(1,6_,nu10)*g_(2,nu16)*FT2(g6)*FT2*g_(2,q3)*cFT(nu13,XX,i2,
      iufo11)*cFT(g7,XX,iufo11,j11)*flavourTag(fmu,j11,j12)*Vec(nu10,q2)*Vec(
      nu13,q3)*Vec(nu15,q2)*Deng(p4,xiz,M4)^2*Deng(q2 + q3,xiw,M3)^2*Deng(p4
       + q2 + q3,xiw,M3)^2*p4.p4^2*xiw^2*ufoGC58^2*ufoGC76*ufoGC69
       + 1/8*g_(1,6_,nu10)*g_(2,nu16)*FT2(g6)*FT2*g_(2,q3)*cFT(nu13,XX,i2,
      iufo11)*cFT(g7,XX,iufo11,j11)*flavourTag(fmu,j11,j12)*Vec(nu10,q2)*Vec(
      nu13,q3)*Vec(nu15,q3)*Deng(p4,xiz,M4)^2*Deng(q2 + q3,xiw,M3)^2*Deng(p4
       + q2 + q3,xiw,M3)^2*p4.p4^2*xiw^2*ufoGC58^2*ufoGC76*ufoGC69
       - 1/8*g_(1,6_,nu10)*g_(2,nu16)*FT2(g6)*FT2*g_(2,q3)*cFT(nu13,XX,i2,
      iufo11)*cFT(g7,XX,iufo11,j11)*flavourTag(fmu,j11,j12)*Vec(nu10,q2)*Vec(
      nu9,q2)*Vec(nu15,q2)*Deng(p4,xiz,M4)^2*Deng(q2 + q3,xiw,M3)^2*Deng(p4 + 
      q2 + q3,xiw,M3)^2*p4.p4^2*xiw^2*ufoGC58^2*ufoGC76*ufoGC69
       - 1/8*g_(1,6_,nu10)*g_(2,nu16)*FT2(g6)*FT2*g_(2,q3)*cFT(nu13,XX,i2,
      iufo11)*cFT(g7,XX,iufo11,j11)*flavourTag(fmu,j11,j12)*Vec(nu10,q2)*Vec(
      nu9,q2)*Vec(nu15,q3)*Deng(p4,xiz,M4)^2*Deng(q2 + q3,xiw,M3)^2*Deng(p4 + 
      q2 + q3,xiw,M3)^2*p4.p4^2*xiw^2*ufoGC58^2*ufoGC76*ufoGC69
       + 1/8*g_(1,6_,nu10)*g_(2,nu16)*FT2(g6)*FT2*g_(2,q3)*cFT(nu13,XX,i2,
      iufo11)*cFT(g7,XX,iufo11,j11)*flavourTag(fmu,j11,j12)*Vec(nu10,q2)*Vec(
      nu9,q2)*Vecr(nu9,p4)*Deng(p4,xiz,M4)*Deng(q2 + q3,xiw,M3)^2*Deng(p4 + q2
       + q3,xiw,M3)^2*p4.p4*xiw^2*ufoGC58^2*ufoGC76*ufoGC69
       - 1/8*g_(1,6_,nu10)*g_(2,nu16)*FT2(g6)*FT2*g_(2,q3)*cFT(nu13,XX,i2,
      iufo11)*cFT(g7,XX,iufo11,j11)*flavourTag(fmu,j11,j12)*Vec(nu10,q2)*Vec(
      nu9,q2)*Vecr(nu15,p4)*Deng(p4,xiz,M4)^2*Deng(q2 + q3,xiw,M3)^2*Deng(p4
       + q2 + q3,xiw,M3)^2*p4.p4^2*xiw^2*ufoGC58^2*ufoGC76*ufoGC69
       - 1/8*g_(1,6_,nu10)*g_(2,nu16)*FT2(g6)*FT2*g_(2,q3)*cFT(nu13,XX,i2,
      iufo11)*cFT(g7,XX,iufo11,j11)*flavourTag(fmu,j11,j12)*Vec(nu10,q2)*Vec(
      nu9,q3)*Vec(nu15,q2)*Deng(p4,xiz,M4)^2*Deng(q2 + q3,xiw,M3)^2*Deng(p4 + 
      q2 + q3,xiw,M3)^2*p4.p4^2*xiw^2*ufoGC58^2*ufoGC76*ufoGC69
       - 1/8*g_(1,6_,nu10)*g_(2,nu16)*FT2(g6)*FT2*g_(2,q3)*cFT(nu13,XX,i2,
      iufo11)*cFT(g7,XX,iufo11,j11)*flavourTag(fmu,j11,j12)*Vec(nu10,q2)*Vec(
      nu9,q3)*Vec(nu15,q3)*Deng(p4,xiz,M4)^2*Deng(q2 + q3,xiw,M3)^2*Deng(p4 + 
      q2 + q3,xiw,M3)^2*p4.p4^2*xiw^2*ufoGC58^2*ufoGC76*ufoGC69
       + 1/8*g_(1,6_,nu10)*g_(2,nu16)*FT2(g6)*FT2*g_(2,q3)*cFT(nu13,XX,i2,
      iufo11)*cFT(g7,XX,iufo11,j11)*flavourTag(fmu,j11,j12)*Vec(nu10,q2)*Vec(
      nu9,q3)*Vecr(nu9,p4)*Deng(p4,xiz,M4)*Deng(q2 + q3,xiw,M3)^2*Deng(p4 + q2
       + q3,xiw,M3)^2*p4.p4*xiw^2*ufoGC58^2*ufoGC76*ufoGC69
       - 1/8*g_(1,6_,nu10)*g_(2,nu16)*FT2(g6)*FT2*g_(2,q3)*cFT(nu13,XX,i2,
      iufo11)*cFT(g7,XX,iufo11,j11)*flavourTag(fmu,j11,j12)*Vec(nu10,q2)*Vec(
      nu9,q3)*Vecr(nu15,p4)*Deng(p4,xiz,M4)^2*Deng(q2 + q3,xiw,M3)^2*Deng(p4
       + q2 + q3,xiw,M3)^2*p4.p4^2*xiw^2*ufoGC58^2*ufoGC76*ufoGC69
       + 1/8*g_(1,6_,nu10)*g_(2,nu16)*FT2(g6)*FT2*g_(2,q3)*cFT(nu13,XX,i2,
      iufo11)*cFT(g7,XX,iufo11,j11)*flavourTag(fmu,j11,j12)*Vec(nu10,q2)*Vec(
      nu9,-p4)*Vec(nu9,q2)*Vec(nu15,q2)*Vecr(nu15,p4)*Deng(p4,xiz,M4)^2*Deng(
      q2 + q3,xiw,M3)^2*Deng(p4 + q2 + q3,xiw,M3)^2*p4.p4*xiw^2*ufoGC58^2*
      ufoGC76*ufoGC69
       + 1/8*g_(1,6_,nu10)*g_(2,nu16)*FT2(g6)*FT2*g_(2,q3)*cFT(nu13,XX,i2,
      iufo11)*cFT(g7,XX,iufo11,j11)*flavourTag(fmu,j11,j12)*Vec(nu10,q2)*Vec(
      nu9,-p4)*Vec(nu9,q2)*Vec(nu15,q3)*Vecr(nu15,p4)*Deng(p4,xiz,M4)^2*Deng(
      q2 + q3,xiw,M3)^2*Deng(p4 + q2 + q3,xiw,M3)^2*p4.p4*xiw^2*ufoGC58^2*
      ufoGC76*ufoGC69
       - 1/8*g_(1,6_,nu10)*g_(2,nu16)*FT2(g6)*FT2*g_(2,q3)*cFT(nu13,XX,i2,
      iufo11)*cFT(g7,XX,iufo11,j11)*flavourTag(fmu,j11,j12)*Vec(nu10,q2)*Vec(
      nu9,-p4)*Vec(nu9,q2)*Deng(p4,xiz,M4)*Deng(q2 + q3,xiw,M3)^2*Deng(p4 + q2
       + q3,xiw,M3)^2*p4.p4*xiw^2*ufoGC58^2*ufoGC76*ufoGC69
       + 1/8*g_(1,6_,nu10)*g_(2,nu16)*FT2(g6)*FT2*g_(2,q3)*cFT(nu13,XX,i2,
      iufo11)*cFT(g7,XX,iufo11,j11)*flavourTag(fmu,j11,j12)*Vec(nu10,q2)*Vec(
      nu9,-p4)*Vec(nu9,q2)*Deng(p4,xiz,M4)^2*Deng(q2 + q3,xiw,M3)^2*Deng(p4 + 
      q2 + q3,xiw,M3)^2*p4.p4^2*xiw^2*ufoGC58^2*ufoGC76*ufoGC69
       + 1/8*g_(1,6_,nu10)*g_(2,nu16)*FT2(g6)*FT2*g_(2,q3)*cFT(nu13,XX,i2,
      iufo11)*cFT(g7,XX,iufo11,j11)*flavourTag(fmu,j11,j12)*Vec(nu10,q2)*Vec(
      nu9,-p4)*Vec(nu9,q3)*Vec(nu15,q2)*Vecr(nu15,p4)*Deng(p4,xiz,M4)^2*Deng(
      q2 + q3,xiw,M3)^2*Deng(p4 + q2 + q3,xiw,M3)^2*p4.p4*xiw^2*ufoGC58^2*
      ufoGC76*ufoGC69
       + 1/8*g_(1,6_,nu10)*g_(2,nu16)*FT2(g6)*FT2*g_(2,q3)*cFT(nu13,XX,i2,
      iufo11)*cFT(g7,XX,iufo11,j11)*flavourTag(fmu,j11,j12)*Vec(nu10,q2)*Vec(
      nu9,-p4)*Vec(nu9,q3)*Vec(nu15,q3)*Vecr(nu15,p4)*Deng(p4,xiz,M4)^2*Deng(
      q2 + q3,xiw,M3)^2*Deng(p4 + q2 + q3,xiw,M3)^2*p4.p4*xiw^2*ufoGC58^2*
      ufoGC76*ufoGC69
       - 1/8*g_(1,6_,nu10)*g_(2,nu16)*FT2(g6)*FT2*g_(2,q3)*cFT(nu13,XX,i2,
      iufo11)*cFT(g7,XX,iufo11,j11)*flavourTag(fmu,j11,j12)*Vec(nu10,q2)*Vec(
      nu9,-p4)*Vec(nu9,q3)*Deng(p4,xiz,M4)*Deng(q2 + q3,xiw,M3)^2*Deng(p4 + q2
       + q3,xiw,M3)^2*p4.p4*xiw^2*ufoGC58^2*ufoGC76*ufoGC69
       + 1/8*g_(1,6_,nu10)*g_(2,nu16)*FT2(g6)*FT2*g_(2,q3)*cFT(nu13,XX,i2,
      iufo11)*cFT(g7,XX,iufo11,j11)*flavourTag(fmu,j11,j12)*Vec(nu10,q2)*Vec(
      nu9,-p4)*Vec(nu9,q3)*Deng(p4,xiz,M4)^2*Deng(q2 + q3,xiw,M3)^2*Deng(p4 + 
      q2 + q3,xiw,M3)^2*p4.p4^2*xiw^2*ufoGC58^2*ufoGC76*ufoGC69
       + 1/8*g_(1,6_,nu10)*g_(2,nu16)*FT2(g6)*FT2*g_(2,q3)*cFT(nu13,XX,i2,
      iufo11)*cFT(g7,XX,iufo11,j11)*flavourTag(fmu,j11,j12)*Vec(nu10,q2)*Vec(
      nu9,-q2)*Vec(nu9,q2)*Vec(nu15,q2)*Vecr(nu15,p4)*Deng(p4,xiz,M4)^2*Deng(
      q2 + q3,xiw,M3)^2*Deng(p4 + q2 + q3,xiw,M3)^2*p4.p4*xiw^2*ufoGC58^2*
      ufoGC76*ufoGC69
       + 1/8*g_(1,6_,nu10)*g_(2,nu16)*FT2(g6)*FT2*g_(2,q3)*cFT(nu13,XX,i2,
      iufo11)*cFT(g7,XX,iufo11,j11)*flavourTag(fmu,j11,j12)*Vec(nu10,q2)*Vec(
      nu9,-q2)*Vec(nu9,q2)*Vec(nu15,q3)*Vecr(nu15,p4)*Deng(p4,xiz,M4)^2*Deng(
      q2 + q3,xiw,M3)^2*Deng(p4 + q2 + q3,xiw,M3)^2*p4.p4*xiw^2*ufoGC58^2*
      ufoGC76*ufoGC69
       - 1/8*g_(1,6_,nu10)*g_(2,nu16)*FT2(g6)*FT2*g_(2,q3)*cFT(nu13,XX,i2,
      iufo11)*cFT(g7,XX,iufo11,j11)*flavourTag(fmu,j11,j12)*Vec(nu10,q2)*Vec(
      nu9,-q2)*Vec(nu9,q2)*Deng(p4,xiz,M4)*Deng(q2 + q3,xiw,M3)^2*Deng(p4 + q2
       + q3,xiw,M3)^2*p4.p4*xiw^2*ufoGC58^2*ufoGC76*ufoGC69
       + 1/8*g_(1,6_,nu10)*g_(2,nu16)*FT2(g6)*FT2*g_(2,q3)*cFT(nu13,XX,i2,
      iufo11)*cFT(g7,XX,iufo11,j11)*flavourTag(fmu,j11,j12)*Vec(nu10,q2)*Vec(
      nu9,-q2)*Vec(nu9,q2)*Deng(p4,xiz,M4)^2*Deng(q2 + q3,xiw,M3)^2*Deng(p4 + 
      q2 + q3,xiw,M3)^2*p4.p4^2*xiw^2*ufoGC58^2*ufoGC76*ufoGC69
       + 1/8*g_(1,6_,nu10)*g_(2,nu16)*FT2(g6)*FT2*g_(2,q3)*cFT(nu13,XX,i2,
      iufo11)*cFT(g7,XX,iufo11,j11)*flavourTag(fmu,j11,j12)*Vec(nu10,q2)*Vec(
      nu9,-q2)*Vec(nu9,q3)*Vec(nu15,q2)*Vecr(nu15,p4)*Deng(p4,xiz,M4)^2*Deng(
      q2 + q3,xiw,M3)^2*Deng(p4 + q2 + q3,xiw,M3)^2*p4.p4*xiw^2*ufoGC58^2*
      ufoGC76*ufoGC69
       + 1/8*g_(1,6_,nu10)*g_(2,nu16)*FT2(g6)*FT2*g_(2,q3)*cFT(nu13,XX,i2,
      iufo11)*cFT(g7,XX,iufo11,j11)*flavourTag(fmu,j11,j12)*Vec(nu10,q2)*Vec(
      nu9,-q2)*Vec(nu9,q3)*Vec(nu15,q3)*Vecr(nu15,p4)*Deng(p4,xiz,M4)^2*Deng(
      q2 + q3,xiw,M3)^2*Deng(p4 + q2 + q3,xiw,M3)^2*p4.p4*xiw^2*ufoGC58^2*
      ufoGC76*ufoGC69
       - 1/8*g_(1,6_,nu10)*g_(2,nu16)*FT2(g6)*FT2*g_(2,q3)*cFT(nu13,XX,i2,
      iufo11)*cFT(g7,XX,iufo11,j11)*flavourTag(fmu,j11,j12)*Vec(nu10,q2)*Vec(
      nu9,-q2)*Vec(nu9,q3)*Deng(p4,xiz,M4)*Deng(q2 + q3,xiw,M3)^2*Deng(p4 + q2
       + q3,xiw,M3)^2*p4.p4*xiw^2*ufoGC58^2*ufoGC76*ufoGC69
       + 1/8*g_(1,6_,nu10)*g_(2,nu16)*FT2(g6)*FT2*g_(2,q3)*cFT(nu13,XX,i2,
      iufo11)*cFT(g7,XX,iufo11,j11)*flavourTag(fmu,j11,j12)*Vec(nu10,q2)*Vec(
      nu9,-q2)*Vec(nu9,q3)*Deng(p4,xiz,M4)^2*Deng(q2 + q3,xiw,M3)^2*Deng(p4 + 
      q2 + q3,xiw,M3)^2*p4.p4^2*xiw^2*ufoGC58^2*ufoGC76*ufoGC69
       + 1/8*g_(1,6_,nu10)*g_(2,nu16)*FT2(g6)*FT2*g_(2,q3)*cFT(nu13,XX,i2,
      iufo11)*cFT(g7,XX,iufo11,j11)*flavourTag(fmu,j11,j12)*Vec(nu10,q2)*Vec(
      nu9,-q3)*Vec(nu9,q2)*Vec(nu15,q2)*Vecr(nu15,p4)*Deng(p4,xiz,M4)^2*Deng(
      q2 + q3,xiw,M3)^2*Deng(p4 + q2 + q3,xiw,M3)^2*p4.p4*xiw^2*ufoGC58^2*
      ufoGC76*ufoGC69
       + 1/8*g_(1,6_,nu10)*g_(2,nu16)*FT2(g6)*FT2*g_(2,q3)*cFT(nu13,XX,i2,
      iufo11)*cFT(g7,XX,iufo11,j11)*flavourTag(fmu,j11,j12)*Vec(nu10,q2)*Vec(
      nu9,-q3)*Vec(nu9,q2)*Vec(nu15,q3)*Vecr(nu15,p4)*Deng(p4,xiz,M4)^2*Deng(
      q2 + q3,xiw,M3)^2*Deng(p4 + q2 + q3,xiw,M3)^2*p4.p4*xiw^2*ufoGC58^2*
      ufoGC76*ufoGC69
       - 1/8*g_(1,6_,nu10)*g_(2,nu16)*FT2(g6)*FT2*g_(2,q3)*cFT(nu13,XX,i2,
      iufo11)*cFT(g7,XX,iufo11,j11)*flavourTag(fmu,j11,j12)*Vec(nu10,q2)*Vec(
      nu9,-q3)*Vec(nu9,q2)*Deng(p4,xiz,M4)*Deng(q2 + q3,xiw,M3)^2*Deng(p4 + q2
       + q3,xiw,M3)^2*p4.p4*xiw^2*ufoGC58^2*ufoGC76*ufoGC69
       + 1/8*g_(1,6_,nu10)*g_(2,nu16)*FT2(g6)*FT2*g_(2,q3)*cFT(nu13,XX,i2,
      iufo11)*cFT(g7,XX,iufo11,j11)*flavourTag(fmu,j11,j12)*Vec(nu10,q2)*Vec(
      nu9,-q3)*Vec(nu9,q2)*Deng(p4,xiz,M4)^2*Deng(q2 + q3,xiw,M3)^2*Deng(p4 + 
      q2 + q3,xiw,M3)^2*p4.p4^2*xiw^2*ufoGC58^2*ufoGC76*ufoGC69
       + 1/8*g_(1,6_,nu10)*g_(2,nu16)*FT2(g6)*FT2*g_(2,q3)*cFT(nu13,XX,i2,
      iufo11)*cFT(g7,XX,iufo11,j11)*flavourTag(fmu,j11,j12)*Vec(nu10,q2)*Vec(
      nu9,-q3)*Vec(nu9,q3)*Vec(nu15,q2)*Vecr(nu15,p4)*Deng(p4,xiz,M4)^2*Deng(
      q2 + q3,xiw,M3)^2*Deng(p4 + q2 + q3,xiw,M3)^2*p4.p4*xiw^2*ufoGC58^2*
      ufoGC76*ufoGC69
       + 1/8*g_(1,6_,nu10)*g_(2,nu16)*FT2(g6)*FT2*g_(2,q3)*cFT(nu13,XX,i2,
      iufo11)*cFT(g7,XX,iufo11,j11)*flavourTag(fmu,j11,j12)*Vec(nu10,q2)*Vec(
      nu9,-q3)*Vec(nu9,q3)*Vec(nu15,q3)*Vecr(nu15,p4)*Deng(p4,xiz,M4)^2*Deng(
      q2 + q3,xiw,M3)^2*Deng(p4 + q2 + q3,xiw,M3)^2*p4.p4*xiw^2*ufoGC58^2*
      ufoGC76*ufoGC69
       - 1/8*g_(1,6_,nu10)*g_(2,nu16)*FT2(g6)*FT2*g_(2,q3)*cFT(nu13,XX,i2,
      iufo11)*cFT(g7,XX,iufo11,j11)*flavourTag(fmu,j11,j12)*Vec(nu10,q2)*Vec(
      nu9,-q3)*Vec(nu9,q3)*Deng(p4,xiz,M4)*Deng(q2 + q3,xiw,M3)^2*Deng(p4 + q2
       + q3,xiw,M3)^2*p4.p4*xiw^2*ufoGC58^2*ufoGC76*ufoGC69
       + 1/8*g_(1,6_,nu10)*g_(2,nu16)*FT2(g6)*FT2*g_(2,q3)*cFT(nu13,XX,i2,
      iufo11)*cFT(g7,XX,iufo11,j11)*flavourTag(fmu,j11,j12)*Vec(nu10,q2)*Vec(
      nu9,-q3)*Vec(nu9,q3)*Deng(p4,xiz,M4)^2*Deng(q2 + q3,xiw,M3)^2*Deng(p4 + 
      q2 + q3,xiw,M3)^2*p4.p4^2*xiw^2*ufoGC58^2*ufoGC76*ufoGC69
       - 1/8*g_(1,6_,nu10)*g_(2,nu16)*FT2(g6)*FT2*g_(2,q3)*cFT(nu13,XX,i2,
      iufo11)*cFT(g7,XX,iufo11,j11)*flavourTag(fmu,j11,j12)*Vec(nu10,q2)*Vec(
      nu14,q2)^2*Vec(nu15,-p4)*Vecr(nu15,p4)*Deng(p4,xiz,M4)^2*Deng(q2 + q3,
      xiw,M3)^2*Deng(p4 + q2 + q3,xiw,M3)^2*p4.p4*xiw^2*ufoGC58^2*ufoGC76*
      ufoGC69
       - 1/8*g_(1,6_,nu10)*g_(2,nu16)*FT2(g6)*FT2*g_(2,q3)*cFT(nu13,XX,i2,
      iufo11)*cFT(g7,XX,iufo11,j11)*flavourTag(fmu,j11,j12)*Vec(nu10,q2)*Vec(
      nu14,q2)^2*Vec(nu15,-q2)*Vecr(nu15,p4)*Deng(p4,xiz,M4)^2*Deng(q2 + q3,
      xiw,M3)^2*Deng(p4 + q2 + q3,xiw,M3)^2*p4.p4*xiw^2*ufoGC58^2*ufoGC76*
      ufoGC69
       - 1/8*g_(1,6_,nu10)*g_(2,nu16)*FT2(g6)*FT2*g_(2,q3)*cFT(nu13,XX,i2,
      iufo11)*cFT(g7,XX,iufo11,j11)*flavourTag(fmu,j11,j12)*Vec(nu10,q2)*Vec(
      nu14,q2)^2*Vec(nu15,-q3)*Vecr(nu15,p4)*Deng(p4,xiz,M4)^2*Deng(q2 + q3,
      xiw,M3)^2*Deng(p4 + q2 + q3,xiw,M3)^2*p4.p4*xiw^2*ufoGC58^2*ufoGC76*
      ufoGC69
       - 1/4*g_(1,6_,nu10)*g_(2,nu16)*FT2(g6)*FT2*g_(2,q3)*cFT(nu13,XX,i2,
      iufo11)*cFT(g7,XX,iufo11,j11)*flavourTag(fmu,j11,j12)*Vec(nu10,q2)*Vec(
      nu14,q2)*Vec(nu14,q3)*Vec(nu15,-p4)*Vecr(nu15,p4)*Deng(p4,xiz,M4)^2*
      Deng(q2 + q3,xiw,M3)^2*Deng(p4 + q2 + q3,xiw,M3)^2*p4.p4*xiw^2*ufoGC58^2
      *ufoGC76*ufoGC69
       - 1/4*g_(1,6_,nu10)*g_(2,nu16)*FT2(g6)*FT2*g_(2,q3)*cFT(nu13,XX,i2,
      iufo11)*cFT(g7,XX,iufo11,j11)*flavourTag(fmu,j11,j12)*Vec(nu10,q2)*Vec(
      nu14,q2)*Vec(nu14,q3)*Vec(nu15,-q2)*Vecr(nu15,p4)*Deng(p4,xiz,M4)^2*
      Deng(q2 + q3,xiw,M3)^2*Deng(p4 + q2 + q3,xiw,M3)^2*p4.p4*xiw^2*ufoGC58^2
      *ufoGC76*ufoGC69
       - 1/4*g_(1,6_,nu10)*g_(2,nu16)*FT2(g6)*FT2*g_(2,q3)*cFT(nu13,XX,i2,
      iufo11)*cFT(g7,XX,iufo11,j11)*flavourTag(fmu,j11,j12)*Vec(nu10,q2)*Vec(
      nu14,q2)*Vec(nu14,q3)*Vec(nu15,-q3)*Vecr(nu15,p4)*Deng(p4,xiz,M4)^2*
      Deng(q2 + q3,xiw,M3)^2*Deng(p4 + q2 + q3,xiw,M3)^2*p4.p4*xiw^2*ufoGC58^2
      *ufoGC76*ufoGC69
       + 1/8*g_(1,6_,nu10)*g_(2,nu16)*FT2(g6)*FT2*g_(2,q3)*cFT(nu13,XX,i2,
      iufo11)*cFT(g7,XX,iufo11,j11)*flavourTag(fmu,j11,j12)*Vec(nu10,q2)*Vec(
      nu14,q2)*Vec(nu15,q2)*Deng(p4,xiz,M4)^2*Deng(q2 + q3,xiw,M3)^2*Deng(p4
       + q2 + q3,xiw,M3)^2*p4.p4^2*xiw^2*ufoGC58^2*ufoGC76*ufoGC69
       + 1/8*g_(1,6_,nu10)*g_(2,nu16)*FT2(g6)*FT2*g_(2,q3)*cFT(nu13,XX,i2,
      iufo11)*cFT(g7,XX,iufo11,j11)*flavourTag(fmu,j11,j12)*Vec(nu10,q2)*Vec(
      nu14,q2)*Vec(nu15,q3)*Deng(p4,xiz,M4)^2*Deng(q2 + q3,xiw,M3)^2*Deng(p4
       + q2 + q3,xiw,M3)^2*p4.p4^2*xiw^2*ufoGC58^2*ufoGC76*ufoGC69
       - 1/8*g_(1,6_,nu10)*g_(2,nu16)*FT2(g6)*FT2*g_(2,q3)*cFT(nu13,XX,i2,
      iufo11)*cFT(g7,XX,iufo11,j11)*flavourTag(fmu,j11,j12)*Vec(nu10,q2)*Vec(
      nu14,q2)*Vec(nu15,-p4)*Deng(p4,xiz,M4)^2*Deng(q2 + q3,xiw,M3)^2*Deng(p4
       + q2 + q3,xiw,M3)^2*p4.p4^2*xiw^2*ufoGC58^2*ufoGC76*ufoGC69
       - 1/8*g_(1,6_,nu10)*g_(2,nu16)*FT2(g6)*FT2*g_(2,q3)*cFT(nu13,XX,i2,
      iufo11)*cFT(g7,XX,iufo11,j11)*flavourTag(fmu,j11,j12)*Vec(nu10,q2)*Vec(
      nu14,q2)*Vec(nu15,-q2)*Deng(p4,xiz,M4)^2*Deng(q2 + q3,xiw,M3)^2*Deng(p4
       + q2 + q3,xiw,M3)^2*p4.p4^2*xiw^2*ufoGC58^2*ufoGC76*ufoGC69
       - 1/8*g_(1,6_,nu10)*g_(2,nu16)*FT2(g6)*FT2*g_(2,q3)*cFT(nu13,XX,i2,
      iufo11)*cFT(g7,XX,iufo11,j11)*flavourTag(fmu,j11,j12)*Vec(nu10,q2)*Vec(
      nu14,q2)*Vec(nu15,-q3)*Deng(p4,xiz,M4)^2*Deng(q2 + q3,xiw,M3)^2*Deng(p4
       + q2 + q3,xiw,M3)^2*p4.p4^2*xiw^2*ufoGC58^2*ufoGC76*ufoGC69
       - 1/8*g_(1,6_,nu10)*g_(2,nu16)*FT2(g6)*FT2*g_(2,q3)*cFT(nu13,XX,i2,
      iufo11)*cFT(g7,XX,iufo11,j11)*flavourTag(fmu,j11,j12)*Vec(nu10,q2)*Vec(
      nu14,q3)^2*Vec(nu15,-p4)*Vecr(nu15,p4)*Deng(p4,xiz,M4)^2*Deng(q2 + q3,
      xiw,M3)^2*Deng(p4 + q2 + q3,xiw,M3)^2*p4.p4*xiw^2*ufoGC58^2*ufoGC76*
      ufoGC69
       - 1/8*g_(1,6_,nu10)*g_(2,nu16)*FT2(g6)*FT2*g_(2,q3)*cFT(nu13,XX,i2,
      iufo11)*cFT(g7,XX,iufo11,j11)*flavourTag(fmu,j11,j12)*Vec(nu10,q2)*Vec(
      nu14,q3)^2*Vec(nu15,-q2)*Vecr(nu15,p4)*Deng(p4,xiz,M4)^2*Deng(q2 + q3,
      xiw,M3)^2*Deng(p4 + q2 + q3,xiw,M3)^2*p4.p4*xiw^2*ufoGC58^2*ufoGC76*
      ufoGC69
       - 1/8*g_(1,6_,nu10)*g_(2,nu16)*FT2(g6)*FT2*g_(2,q3)*cFT(nu13,XX,i2,
      iufo11)*cFT(g7,XX,iufo11,j11)*flavourTag(fmu,j11,j12)*Vec(nu10,q2)*Vec(
      nu14,q3)^2*Vec(nu15,-q3)*Vecr(nu15,p4)*Deng(p4,xiz,M4)^2*Deng(q2 + q3,
      xiw,M3)^2*Deng(p4 + q2 + q3,xiw,M3)^2*p4.p4*xiw^2*ufoGC58^2*ufoGC76*
      ufoGC69
       + 1/8*g_(1,6_,nu10)*g_(2,nu16)*FT2(g6)*FT2*g_(2,q3)*cFT(nu13,XX,i2,
      iufo11)*cFT(g7,XX,iufo11,j11)*flavourTag(fmu,j11,j12)*Vec(nu10,q2)*Vec(
      nu14,q3)*Vec(nu15,q2)*Deng(p4,xiz,M4)^2*Deng(q2 + q3,xiw,M3)^2*Deng(p4
       + q2 + q3,xiw,M3)^2*p4.p4^2*xiw^2*ufoGC58^2*ufoGC76*ufoGC69
       + 1/8*g_(1,6_,nu10)*g_(2,nu16)*FT2(g6)*FT2*g_(2,q3)*cFT(nu13,XX,i2,
      iufo11)*cFT(g7,XX,iufo11,j11)*flavourTag(fmu,j11,j12)*Vec(nu10,q2)*Vec(
      nu14,q3)*Vec(nu15,q3)*Deng(p4,xiz,M4)^2*Deng(q2 + q3,xiw,M3)^2*Deng(p4
       + q2 + q3,xiw,M3)^2*p4.p4^2*xiw^2*ufoGC58^2*ufoGC76*ufoGC69
       - 1/8*g_(1,6_,nu10)*g_(2,nu16)*FT2(g6)*FT2*g_(2,q3)*cFT(nu13,XX,i2,
      iufo11)*cFT(g7,XX,iufo11,j11)*flavourTag(fmu,j11,j12)*Vec(nu10,q2)*Vec(
      nu14,q3)*Vec(nu15,-p4)*Deng(p4,xiz,M4)^2*Deng(q2 + q3,xiw,M3)^2*Deng(p4
       + q2 + q3,xiw,M3)^2*p4.p4^2*xiw^2*ufoGC58^2*ufoGC76*ufoGC69
       - 1/8*g_(1,6_,nu10)*g_(2,nu16)*FT2(g6)*FT2*g_(2,q3)*cFT(nu13,XX,i2,
      iufo11)*cFT(g7,XX,iufo11,j11)*flavourTag(fmu,j11,j12)*Vec(nu10,q2)*Vec(
      nu14,q3)*Vec(nu15,-q2)*Deng(p4,xiz,M4)^2*Deng(q2 + q3,xiw,M3)^2*Deng(p4
       + q2 + q3,xiw,M3)^2*p4.p4^2*xiw^2*ufoGC58^2*ufoGC76*ufoGC69
       - 1/8*g_(1,6_,nu10)*g_(2,nu16)*FT2(g6)*FT2*g_(2,q3)*cFT(nu13,XX,i2,
      iufo11)*cFT(g7,XX,iufo11,j11)*flavourTag(fmu,j11,j12)*Vec(nu10,q2)*Vec(
      nu14,q3)*Vec(nu15,-q3)*Deng(p4,xiz,M4)^2*Deng(q2 + q3,xiw,M3)^2*Deng(p4
       + q2 + q3,xiw,M3)^2*p4.p4^2*xiw^2*ufoGC58^2*ufoGC76*ufoGC69
       + 1/8*g_(1,6_,nu10)*g_(2,nu16)*FT2(g6)*FT2*g_(2,q3)*cFT(nu13,XX,i2,
      iufo11)*cFT(g7,XX,iufo11,j11)*flavourTag(fmu,j11,j12)*Vec(nu10,q2)*Vec(
      nu15,q2)*Vecr(nu15,p4)*Deng(p4,xiz,M4)^2*Deng(q2 + q3,xiw,M3)^2*Deng(p4
       + q2 + q3,xiw,M3)^2*p4.p4^2*xiw^2*ufoGC58^2*ufoGC76*ufoGC69
       + 1/8*g_(1,6_,nu10)*g_(2,nu16)*FT2(g6)*FT2*g_(2,q3)*cFT(nu13,XX,i2,
      iufo11)*cFT(g7,XX,iufo11,j11)*flavourTag(fmu,j11,j12)*Vec(nu10,q2)*Vec(
      nu15,q3)*Vecr(nu15,p4)*Deng(p4,xiz,M4)^2*Deng(q2 + q3,xiw,M3)^2*Deng(p4
       + q2 + q3,xiw,M3)^2*p4.p4^2*xiw^2*ufoGC58^2*ufoGC76*ufoGC69
       + 1/8*g_(1,6_,nu10)*g_(2,nu16)*FT2(g6)*FT2*g_(2,q3)*cFT(nu13,XX,i2,
      iufo11)*cFT(g7,XX,iufo11,j11)*flavourTag(fmu,j11,j12)*Vec(nu10,q3)*Vec(
      nu16,q2)*Vec(nu13,q2)*Vec(nu9,q2)*Vecr(nu9,p4)*Deng(p4,xiz,M4)*Deng(q2
       + q3,xiw,M3)^2*Deng(p4 + q2 + q3,xiw,M3)^2*xiw^2*ufoGC58^2*ufoGC76*
      ufoGC69
       + 1/8*g_(1,6_,nu10)*g_(2,nu16)*FT2(g6)*FT2*g_(2,q3)*cFT(nu13,XX,i2,
      iufo11)*cFT(g7,XX,iufo11,j11)*flavourTag(fmu,j11,j12)*Vec(nu10,q3)*Vec(
      nu16,q2)*Vec(nu13,q2)*Vec(nu9,q3)*Vecr(nu9,p4)*Deng(p4,xiz,M4)*Deng(q2
       + q3,xiw,M3)^2*Deng(p4 + q2 + q3,xiw,M3)^2*xiw^2*ufoGC58^2*ufoGC76*
      ufoGC69
       - 1/8*g_(1,6_,nu10)*g_(2,nu16)*FT2(g6)*FT2*g_(2,q3)*cFT(nu13,XX,i2,
      iufo11)*cFT(g7,XX,iufo11,j11)*flavourTag(fmu,j11,j12)*Vec(nu10,q3)*Vec(
      nu16,q2)*Vec(nu13,q2)*Vec(nu9,-p4)*Vec(nu9,q2)*Deng(p4,xiz,M4)*Deng(q2
       + q3,xiw,M3)^2*Deng(p4 + q2 + q3,xiw,M3)^2*xiw^2*ufoGC58^2*ufoGC76*
      ufoGC69
       - 1/8*g_(1,6_,nu10)*g_(2,nu16)*FT2(g6)*FT2*g_(2,q3)*cFT(nu13,XX,i2,
      iufo11)*cFT(g7,XX,iufo11,j11)*flavourTag(fmu,j11,j12)*Vec(nu10,q3)*Vec(
      nu16,q2)*Vec(nu13,q2)*Vec(nu9,-p4)*Vec(nu9,q3)*Deng(p4,xiz,M4)*Deng(q2
       + q3,xiw,M3)^2*Deng(p4 + q2 + q3,xiw,M3)^2*xiw^2*ufoGC58^2*ufoGC76*
      ufoGC69
       - 1/8*g_(1,6_,nu10)*g_(2,nu16)*FT2(g6)*FT2*g_(2,q3)*cFT(nu13,XX,i2,
      iufo11)*cFT(g7,XX,iufo11,j11)*flavourTag(fmu,j11,j12)*Vec(nu10,q3)*Vec(
      nu16,q2)*Vec(nu13,q2)*Vec(nu9,-q2)*Vec(nu9,q2)*Deng(p4,xiz,M4)*Deng(q2
       + q3,xiw,M3)^2*Deng(p4 + q2 + q3,xiw,M3)^2*xiw^2*ufoGC58^2*ufoGC76*
      ufoGC69
       - 1/8*g_(1,6_,nu10)*g_(2,nu16)*FT2(g6)*FT2*g_(2,q3)*cFT(nu13,XX,i2,
      iufo11)*cFT(g7,XX,iufo11,j11)*flavourTag(fmu,j11,j12)*Vec(nu10,q3)*Vec(
      nu16,q2)*Vec(nu13,q2)*Vec(nu9,-q2)*Vec(nu9,q3)*Deng(p4,xiz,M4)*Deng(q2
       + q3,xiw,M3)^2*Deng(p4 + q2 + q3,xiw,M3)^2*xiw^2*ufoGC58^2*ufoGC76*
      ufoGC69
       - 1/8*g_(1,6_,nu10)*g_(2,nu16)*FT2(g6)*FT2*g_(2,q3)*cFT(nu13,XX,i2,
      iufo11)*cFT(g7,XX,iufo11,j11)*flavourTag(fmu,j11,j12)*Vec(nu10,q3)*Vec(
      nu16,q2)*Vec(nu13,q2)*Vec(nu9,-q3)*Vec(nu9,q2)*Deng(p4,xiz,M4)*Deng(q2
       + q3,xiw,M3)^2*Deng(p4 + q2 + q3,xiw,M3)^2*xiw^2*ufoGC58^2*ufoGC76*
      ufoGC69
       - 1/8*g_(1,6_,nu10)*g_(2,nu16)*FT2(g6)*FT2*g_(2,q3)*cFT(nu13,XX,i2,
      iufo11)*cFT(g7,XX,iufo11,j11)*flavourTag(fmu,j11,j12)*Vec(nu10,q3)*Vec(
      nu16,q2)*Vec(nu13,q2)*Vec(nu9,-q3)*Vec(nu9,q3)*Deng(p4,xiz,M4)*Deng(q2
       + q3,xiw,M3)^2*Deng(p4 + q2 + q3,xiw,M3)^2*xiw^2*ufoGC58^2*ufoGC76*
      ufoGC69
       - 1/8*g_(1,6_,nu10)*g_(2,nu16)*FT2(g6)*FT2*g_(2,q3)*cFT(nu13,XX,i2,
      iufo11)*cFT(g7,XX,iufo11,j11)*flavourTag(fmu,j11,j12)*Vec(nu10,q3)*Vec(
      nu16,q2)*Vec(nu13,q2)*Vec(nu14,q2)*Vecr(nu14,p4)*Deng(p4,xiz,M4)*Deng(q2
       + q3,xiw,M3)^2*Deng(p4 + q2 + q3,xiw,M3)^2*xiw^2*ufoGC58^2*ufoGC76*
      ufoGC69
       - 1/8*g_(1,6_,nu10)*g_(2,nu16)*FT2(g6)*FT2*g_(2,q3)*cFT(nu13,XX,i2,
      iufo11)*cFT(g7,XX,iufo11,j11)*flavourTag(fmu,j11,j12)*Vec(nu10,q3)*Vec(
      nu16,q2)*Vec(nu13,q2)*Vec(nu14,q3)*Vecr(nu14,p4)*Deng(p4,xiz,M4)*Deng(q2
       + q3,xiw,M3)^2*Deng(p4 + q2 + q3,xiw,M3)^2*xiw^2*ufoGC58^2*ufoGC76*
      ufoGC69
       - 1/8*g_(1,6_,nu10)*g_(2,nu16)*FT2(g6)*FT2*g_(2,q3)*cFT(nu13,XX,i2,
      iufo11)*cFT(g7,XX,iufo11,j11)*flavourTag(fmu,j11,j12)*Vec(nu10,q3)*Vec(
      nu16,q2)*Vec(nu13,q2)*Deng(p4,xiz,M4)*Deng(q2 + q3,xiw,M3)^2*Deng(p4 + 
      q2 + q3,xiw,M3)^2*p4.p4*xiw^2*ufoGC58^2*ufoGC76*ufoGC69
       + 1/8*g_(1,6_,nu10)*g_(2,nu16)*FT2(g6)*FT2*g_(2,q3)*cFT(nu13,XX,i2,
      iufo11)*cFT(g7,XX,iufo11,j11)*flavourTag(fmu,j11,j12)*Vec(nu10,q3)*Vec(
      nu16,q2)*Vec(nu13,q3)*Vec(nu9,q2)*Vecr(nu9,p4)*Deng(p4,xiz,M4)*Deng(q2
       + q3,xiw,M3)^2*Deng(p4 + q2 + q3,xiw,M3)^2*xiw^2*ufoGC58^2*ufoGC76*
      ufoGC69
       + 1/8*g_(1,6_,nu10)*g_(2,nu16)*FT2(g6)*FT2*g_(2,q3)*cFT(nu13,XX,i2,
      iufo11)*cFT(g7,XX,iufo11,j11)*flavourTag(fmu,j11,j12)*Vec(nu10,q3)*Vec(
      nu16,q2)*Vec(nu13,q3)*Vec(nu9,q3)*Vecr(nu9,p4)*Deng(p4,xiz,M4)*Deng(q2
       + q3,xiw,M3)^2*Deng(p4 + q2 + q3,xiw,M3)^2*xiw^2*ufoGC58^2*ufoGC76*
      ufoGC69
       - 1/8*g_(1,6_,nu10)*g_(2,nu16)*FT2(g6)*FT2*g_(2,q3)*cFT(nu13,XX,i2,
      iufo11)*cFT(g7,XX,iufo11,j11)*flavourTag(fmu,j11,j12)*Vec(nu10,q3)*Vec(
      nu16,q2)*Vec(nu13,q3)*Vec(nu9,-p4)*Vec(nu9,q2)*Deng(p4,xiz,M4)*Deng(q2
       + q3,xiw,M3)^2*Deng(p4 + q2 + q3,xiw,M3)^2*xiw^2*ufoGC58^2*ufoGC76*
      ufoGC69
       - 1/8*g_(1,6_,nu10)*g_(2,nu16)*FT2(g6)*FT2*g_(2,q3)*cFT(nu13,XX,i2,
      iufo11)*cFT(g7,XX,iufo11,j11)*flavourTag(fmu,j11,j12)*Vec(nu10,q3)*Vec(
      nu16,q2)*Vec(nu13,q3)*Vec(nu9,-p4)*Vec(nu9,q3)*Deng(p4,xiz,M4)*Deng(q2
       + q3,xiw,M3)^2*Deng(p4 + q2 + q3,xiw,M3)^2*xiw^2*ufoGC58^2*ufoGC76*
      ufoGC69
       - 1/8*g_(1,6_,nu10)*g_(2,nu16)*FT2(g6)*FT2*g_(2,q3)*cFT(nu13,XX,i2,
      iufo11)*cFT(g7,XX,iufo11,j11)*flavourTag(fmu,j11,j12)*Vec(nu10,q3)*Vec(
      nu16,q2)*Vec(nu13,q3)*Vec(nu9,-q2)*Vec(nu9,q2)*Deng(p4,xiz,M4)*Deng(q2
       + q3,xiw,M3)^2*Deng(p4 + q2 + q3,xiw,M3)^2*xiw^2*ufoGC58^2*ufoGC76*
      ufoGC69
       - 1/8*g_(1,6_,nu10)*g_(2,nu16)*FT2(g6)*FT2*g_(2,q3)*cFT(nu13,XX,i2,
      iufo11)*cFT(g7,XX,iufo11,j11)*flavourTag(fmu,j11,j12)*Vec(nu10,q3)*Vec(
      nu16,q2)*Vec(nu13,q3)*Vec(nu9,-q2)*Vec(nu9,q3)*Deng(p4,xiz,M4)*Deng(q2
       + q3,xiw,M3)^2*Deng(p4 + q2 + q3,xiw,M3)^2*xiw^2*ufoGC58^2*ufoGC76*
      ufoGC69
       - 1/8*g_(1,6_,nu10)*g_(2,nu16)*FT2(g6)*FT2*g_(2,q3)*cFT(nu13,XX,i2,
      iufo11)*cFT(g7,XX,iufo11,j11)*flavourTag(fmu,j11,j12)*Vec(nu10,q3)*Vec(
      nu16,q2)*Vec(nu13,q3)*Vec(nu9,-q3)*Vec(nu9,q2)*Deng(p4,xiz,M4)*Deng(q2
       + q3,xiw,M3)^2*Deng(p4 + q2 + q3,xiw,M3)^2*xiw^2*ufoGC58^2*ufoGC76*
      ufoGC69
       - 1/8*g_(1,6_,nu10)*g_(2,nu16)*FT2(g6)*FT2*g_(2,q3)*cFT(nu13,XX,i2,
      iufo11)*cFT(g7,XX,iufo11,j11)*flavourTag(fmu,j11,j12)*Vec(nu10,q3)*Vec(
      nu16,q2)*Vec(nu13,q3)*Vec(nu9,-q3)*Vec(nu9,q3)*Deng(p4,xiz,M4)*Deng(q2
       + q3,xiw,M3)^2*Deng(p4 + q2 + q3,xiw,M3)^2*xiw^2*ufoGC58^2*ufoGC76*
      ufoGC69
       - 1/8*g_(1,6_,nu10)*g_(2,nu16)*FT2(g6)*FT2*g_(2,q3)*cFT(nu13,XX,i2,
      iufo11)*cFT(g7,XX,iufo11,j11)*flavourTag(fmu,j11,j12)*Vec(nu10,q3)*Vec(
      nu16,q2)*Vec(nu13,q3)*Vec(nu14,q2)*Vecr(nu14,p4)*Deng(p4,xiz,M4)*Deng(q2
       + q3,xiw,M3)^2*Deng(p4 + q2 + q3,xiw,M3)^2*xiw^2*ufoGC58^2*ufoGC76*
      ufoGC69
       - 1/8*g_(1,6_,nu10)*g_(2,nu16)*FT2(g6)*FT2*g_(2,q3)*cFT(nu13,XX,i2,
      iufo11)*cFT(g7,XX,iufo11,j11)*flavourTag(fmu,j11,j12)*Vec(nu10,q3)*Vec(
      nu16,q2)*Vec(nu13,q3)*Vec(nu14,q3)*Vecr(nu14,p4)*Deng(p4,xiz,M4)*Deng(q2
       + q3,xiw,M3)^2*Deng(p4 + q2 + q3,xiw,M3)^2*xiw^2*ufoGC58^2*ufoGC76*
      ufoGC69
       - 1/8*g_(1,6_,nu10)*g_(2,nu16)*FT2(g6)*FT2*g_(2,q3)*cFT(nu13,XX,i2,
      iufo11)*cFT(g7,XX,iufo11,j11)*flavourTag(fmu,j11,j12)*Vec(nu10,q3)*Vec(
      nu16,q2)*Vec(nu13,q3)*Deng(p4,xiz,M4)*Deng(q2 + q3,xiw,M3)^2*Deng(p4 + 
      q2 + q3,xiw,M3)^2*p4.p4*xiw^2*ufoGC58^2*ufoGC76*ufoGC69
       + 1/8*g_(1,6_,nu10)*g_(2,nu16)*FT2(g6)*FT2*g_(2,q3)*cFT(nu13,XX,i2,
      iufo11)*cFT(g7,XX,iufo11,j11)*flavourTag(fmu,j11,j12)*Vec(nu10,q3)*Vec(
      nu16,q2)*Vec(nu9,q2)*Deng(p4,xiz,M4)*Deng(q2 + q3,xiw,M3)^2*Deng(p4 + q2
       + q3,xiw,M3)^2*p4.p4*xiw^2*ufoGC58^2*ufoGC76*ufoGC69
       + 1/8*g_(1,6_,nu10)*g_(2,nu16)*FT2(g6)*FT2*g_(2,q3)*cFT(nu13,XX,i2,
      iufo11)*cFT(g7,XX,iufo11,j11)*flavourTag(fmu,j11,j12)*Vec(nu10,q3)*Vec(
      nu16,q2)*Vec(nu9,q3)*Deng(p4,xiz,M4)*Deng(q2 + q3,xiw,M3)^2*Deng(p4 + q2
       + q3,xiw,M3)^2*p4.p4*xiw^2*ufoGC58^2*ufoGC76*ufoGC69
       - 1/8*g_(1,6_,nu10)*g_(2,nu16)*FT2(g6)*FT2*g_(2,q3)*cFT(nu13,XX,i2,
      iufo11)*cFT(g7,XX,iufo11,j11)*flavourTag(fmu,j11,j12)*Vec(nu10,q3)*Vec(
      nu16,q2)*Vec(nu9,-p4)*Vec(nu9,q2)*Vecr(nu13,p4)*Deng(p4,xiz,M4)*Deng(q2
       + q3,xiw,M3)^2*Deng(p4 + q2 + q3,xiw,M3)^2*xiw^2*ufoGC58^2*ufoGC76*
      ufoGC69
       - 1/8*g_(1,6_,nu10)*g_(2,nu16)*FT2(g6)*FT2*g_(2,q3)*cFT(nu13,XX,i2,
      iufo11)*cFT(g7,XX,iufo11,j11)*flavourTag(fmu,j11,j12)*Vec(nu10,q3)*Vec(
      nu16,q2)*Vec(nu9,-p4)*Vec(nu9,q3)*Vecr(nu13,p4)*Deng(p4,xiz,M4)*Deng(q2
       + q3,xiw,M3)^2*Deng(p4 + q2 + q3,xiw,M3)^2*xiw^2*ufoGC58^2*ufoGC76*
      ufoGC69
       - 1/8*g_(1,6_,nu10)*g_(2,nu16)*FT2(g6)*FT2*g_(2,q3)*cFT(nu13,XX,i2,
      iufo11)*cFT(g7,XX,iufo11,j11)*flavourTag(fmu,j11,j12)*Vec(nu10,q3)*Vec(
      nu16,q2)*Vec(nu9,-q2)*Vec(nu9,q2)*Vecr(nu13,p4)*Deng(p4,xiz,M4)*Deng(q2
       + q3,xiw,M3)^2*Deng(p4 + q2 + q3,xiw,M3)^2*xiw^2*ufoGC58^2*ufoGC76*
      ufoGC69
       - 1/8*g_(1,6_,nu10)*g_(2,nu16)*FT2(g6)*FT2*g_(2,q3)*cFT(nu13,XX,i2,
      iufo11)*cFT(g7,XX,iufo11,j11)*flavourTag(fmu,j11,j12)*Vec(nu10,q3)*Vec(
      nu16,q2)*Vec(nu9,-q2)*Vec(nu9,q3)*Vecr(nu13,p4)*Deng(p4,xiz,M4)*Deng(q2
       + q3,xiw,M3)^2*Deng(p4 + q2 + q3,xiw,M3)^2*xiw^2*ufoGC58^2*ufoGC76*
      ufoGC69
       - 1/8*g_(1,6_,nu10)*g_(2,nu16)*FT2(g6)*FT2*g_(2,q3)*cFT(nu13,XX,i2,
      iufo11)*cFT(g7,XX,iufo11,j11)*flavourTag(fmu,j11,j12)*Vec(nu10,q3)*Vec(
      nu16,q2)*Vec(nu9,-q3)*Vec(nu9,q2)*Vecr(nu13,p4)*Deng(p4,xiz,M4)*Deng(q2
       + q3,xiw,M3)^2*Deng(p4 + q2 + q3,xiw,M3)^2*xiw^2*ufoGC58^2*ufoGC76*
      ufoGC69
       - 1/8*g_(1,6_,nu10)*g_(2,nu16)*FT2(g6)*FT2*g_(2,q3)*cFT(nu13,XX,i2,
      iufo11)*cFT(g7,XX,iufo11,j11)*flavourTag(fmu,j11,j12)*Vec(nu10,q3)*Vec(
      nu16,q2)*Vec(nu9,-q3)*Vec(nu9,q3)*Vecr(nu13,p4)*Deng(p4,xiz,M4)*Deng(q2
       + q3,xiw,M3)^2*Deng(p4 + q2 + q3,xiw,M3)^2*xiw^2*ufoGC58^2*ufoGC76*
      ufoGC69
       - 1/8*g_(1,6_,nu10)*g_(2,nu16)*FT2(g6)*FT2*g_(2,q3)*cFT(nu13,XX,i2,
      iufo11)*cFT(g7,XX,iufo11,j11)*flavourTag(fmu,j11,j12)*Vec(nu10,q3)*Vec(
      nu16,q2)*Vec(nu14,q2)*Deng(p4,xiz,M4)*Deng(q2 + q3,xiw,M3)^2*Deng(p4 + 
      q2 + q3,xiw,M3)^2*p4.p4*xiw^2*ufoGC58^2*ufoGC76*ufoGC69
       - 1/8*g_(1,6_,nu10)*g_(2,nu16)*FT2(g6)*FT2*g_(2,q3)*cFT(nu13,XX,i2,
      iufo11)*cFT(g7,XX,iufo11,j11)*flavourTag(fmu,j11,j12)*Vec(nu10,q3)*Vec(
      nu16,q2)*Vec(nu14,q3)*Deng(p4,xiz,M4)*Deng(q2 + q3,xiw,M3)^2*Deng(p4 + 
      q2 + q3,xiw,M3)^2*p4.p4*xiw^2*ufoGC58^2*ufoGC76*ufoGC69
       - 1/8*g_(1,6_,nu10)*g_(2,nu16)*FT2(g6)*FT2*g_(2,q3)*cFT(nu13,XX,i2,
      iufo11)*cFT(g7,XX,iufo11,j11)*flavourTag(fmu,j11,j12)*Vec(nu10,q3)*Vec(
      nu16,q2)*Vecr(nu14,p4)*Deng(p4,xiz,M4)*Deng(q2 + q3,xiw,M3)^2*Deng(p4 + 
      q2 + q3,xiw,M3)^2*p4.p4*xiw^2*ufoGC58^2*ufoGC76*ufoGC69
       + 1/8*g_(1,6_,nu10)*g_(2,nu16)*FT2(g6)*FT2*g_(2,q3)*cFT(nu13,XX,i2,
      iufo11)*cFT(g7,XX,iufo11,j11)*flavourTag(fmu,j11,j12)*Vec(nu10,q3)*Vec(
      nu16,q3)*Vec(nu13,q2)*Vec(nu9,q2)*Vecr(nu9,p4)*Deng(p4,xiz,M4)*Deng(q2
       + q3,xiw,M3)^2*Deng(p4 + q2 + q3,xiw,M3)^2*xiw^2*ufoGC58^2*ufoGC76*
      ufoGC69
       + 1/8*g_(1,6_,nu10)*g_(2,nu16)*FT2(g6)*FT2*g_(2,q3)*cFT(nu13,XX,i2,
      iufo11)*cFT(g7,XX,iufo11,j11)*flavourTag(fmu,j11,j12)*Vec(nu10,q3)*Vec(
      nu16,q3)*Vec(nu13,q2)*Vec(nu9,q3)*Vecr(nu9,p4)*Deng(p4,xiz,M4)*Deng(q2
       + q3,xiw,M3)^2*Deng(p4 + q2 + q3,xiw,M3)^2*xiw^2*ufoGC58^2*ufoGC76*
      ufoGC69
       - 1/8*g_(1,6_,nu10)*g_(2,nu16)*FT2(g6)*FT2*g_(2,q3)*cFT(nu13,XX,i2,
      iufo11)*cFT(g7,XX,iufo11,j11)*flavourTag(fmu,j11,j12)*Vec(nu10,q3)*Vec(
      nu16,q3)*Vec(nu13,q2)*Vec(nu9,-p4)*Vec(nu9,q2)*Deng(p4,xiz,M4)*Deng(q2
       + q3,xiw,M3)^2*Deng(p4 + q2 + q3,xiw,M3)^2*xiw^2*ufoGC58^2*ufoGC76*
      ufoGC69
       - 1/8*g_(1,6_,nu10)*g_(2,nu16)*FT2(g6)*FT2*g_(2,q3)*cFT(nu13,XX,i2,
      iufo11)*cFT(g7,XX,iufo11,j11)*flavourTag(fmu,j11,j12)*Vec(nu10,q3)*Vec(
      nu16,q3)*Vec(nu13,q2)*Vec(nu9,-p4)*Vec(nu9,q3)*Deng(p4,xiz,M4)*Deng(q2
       + q3,xiw,M3)^2*Deng(p4 + q2 + q3,xiw,M3)^2*xiw^2*ufoGC58^2*ufoGC76*
      ufoGC69
       - 1/8*g_(1,6_,nu10)*g_(2,nu16)*FT2(g6)*FT2*g_(2,q3)*cFT(nu13,XX,i2,
      iufo11)*cFT(g7,XX,iufo11,j11)*flavourTag(fmu,j11,j12)*Vec(nu10,q3)*Vec(
      nu16,q3)*Vec(nu13,q2)*Vec(nu9,-q2)*Vec(nu9,q2)*Deng(p4,xiz,M4)*Deng(q2
       + q3,xiw,M3)^2*Deng(p4 + q2 + q3,xiw,M3)^2*xiw^2*ufoGC58^2*ufoGC76*
      ufoGC69
       - 1/8*g_(1,6_,nu10)*g_(2,nu16)*FT2(g6)*FT2*g_(2,q3)*cFT(nu13,XX,i2,
      iufo11)*cFT(g7,XX,iufo11,j11)*flavourTag(fmu,j11,j12)*Vec(nu10,q3)*Vec(
      nu16,q3)*Vec(nu13,q2)*Vec(nu9,-q2)*Vec(nu9,q3)*Deng(p4,xiz,M4)*Deng(q2
       + q3,xiw,M3)^2*Deng(p4 + q2 + q3,xiw,M3)^2*xiw^2*ufoGC58^2*ufoGC76*
      ufoGC69
       - 1/8*g_(1,6_,nu10)*g_(2,nu16)*FT2(g6)*FT2*g_(2,q3)*cFT(nu13,XX,i2,
      iufo11)*cFT(g7,XX,iufo11,j11)*flavourTag(fmu,j11,j12)*Vec(nu10,q3)*Vec(
      nu16,q3)*Vec(nu13,q2)*Vec(nu9,-q3)*Vec(nu9,q2)*Deng(p4,xiz,M4)*Deng(q2
       + q3,xiw,M3)^2*Deng(p4 + q2 + q3,xiw,M3)^2*xiw^2*ufoGC58^2*ufoGC76*
      ufoGC69
       - 1/8*g_(1,6_,nu10)*g_(2,nu16)*FT2(g6)*FT2*g_(2,q3)*cFT(nu13,XX,i2,
      iufo11)*cFT(g7,XX,iufo11,j11)*flavourTag(fmu,j11,j12)*Vec(nu10,q3)*Vec(
      nu16,q3)*Vec(nu13,q2)*Vec(nu9,-q3)*Vec(nu9,q3)*Deng(p4,xiz,M4)*Deng(q2
       + q3,xiw,M3)^2*Deng(p4 + q2 + q3,xiw,M3)^2*xiw^2*ufoGC58^2*ufoGC76*
      ufoGC69
       - 1/8*g_(1,6_,nu10)*g_(2,nu16)*FT2(g6)*FT2*g_(2,q3)*cFT(nu13,XX,i2,
      iufo11)*cFT(g7,XX,iufo11,j11)*flavourTag(fmu,j11,j12)*Vec(nu10,q3)*Vec(
      nu16,q3)*Vec(nu13,q2)*Vec(nu14,q2)*Vecr(nu14,p4)*Deng(p4,xiz,M4)*Deng(q2
       + q3,xiw,M3)^2*Deng(p4 + q2 + q3,xiw,M3)^2*xiw^2*ufoGC58^2*ufoGC76*
      ufoGC69
       - 1/8*g_(1,6_,nu10)*g_(2,nu16)*FT2(g6)*FT2*g_(2,q3)*cFT(nu13,XX,i2,
      iufo11)*cFT(g7,XX,iufo11,j11)*flavourTag(fmu,j11,j12)*Vec(nu10,q3)*Vec(
      nu16,q3)*Vec(nu13,q2)*Vec(nu14,q3)*Vecr(nu14,p4)*Deng(p4,xiz,M4)*Deng(q2
       + q3,xiw,M3)^2*Deng(p4 + q2 + q3,xiw,M3)^2*xiw^2*ufoGC58^2*ufoGC76*
      ufoGC69
       - 1/8*g_(1,6_,nu10)*g_(2,nu16)*FT2(g6)*FT2*g_(2,q3)*cFT(nu13,XX,i2,
      iufo11)*cFT(g7,XX,iufo11,j11)*flavourTag(fmu,j11,j12)*Vec(nu10,q3)*Vec(
      nu16,q3)*Vec(nu13,q2)*Deng(p4,xiz,M4)*Deng(q2 + q3,xiw,M3)^2*Deng(p4 + 
      q2 + q3,xiw,M3)^2*p4.p4*xiw^2*ufoGC58^2*ufoGC76*ufoGC69
       + 1/8*g_(1,6_,nu10)*g_(2,nu16)*FT2(g6)*FT2*g_(2,q3)*cFT(nu13,XX,i2,
      iufo11)*cFT(g7,XX,iufo11,j11)*flavourTag(fmu,j11,j12)*Vec(nu10,q3)*Vec(
      nu16,q3)*Vec(nu13,q3)*Vec(nu9,q2)*Vecr(nu9,p4)*Deng(p4,xiz,M4)*Deng(q2
       + q3,xiw,M3)^2*Deng(p4 + q2 + q3,xiw,M3)^2*xiw^2*ufoGC58^2*ufoGC76*
      ufoGC69
       + 1/8*g_(1,6_,nu10)*g_(2,nu16)*FT2(g6)*FT2*g_(2,q3)*cFT(nu13,XX,i2,
      iufo11)*cFT(g7,XX,iufo11,j11)*flavourTag(fmu,j11,j12)*Vec(nu10,q3)*Vec(
      nu16,q3)*Vec(nu13,q3)*Vec(nu9,q3)*Vecr(nu9,p4)*Deng(p4,xiz,M4)*Deng(q2
       + q3,xiw,M3)^2*Deng(p4 + q2 + q3,xiw,M3)^2*xiw^2*ufoGC58^2*ufoGC76*
      ufoGC69
       - 1/8*g_(1,6_,nu10)*g_(2,nu16)*FT2(g6)*FT2*g_(2,q3)*cFT(nu13,XX,i2,
      iufo11)*cFT(g7,XX,iufo11,j11)*flavourTag(fmu,j11,j12)*Vec(nu10,q3)*Vec(
      nu16,q3)*Vec(nu13,q3)*Vec(nu9,-p4)*Vec(nu9,q2)*Deng(p4,xiz,M4)*Deng(q2
       + q3,xiw,M3)^2*Deng(p4 + q2 + q3,xiw,M3)^2*xiw^2*ufoGC58^2*ufoGC76*
      ufoGC69
       - 1/8*g_(1,6_,nu10)*g_(2,nu16)*FT2(g6)*FT2*g_(2,q3)*cFT(nu13,XX,i2,
      iufo11)*cFT(g7,XX,iufo11,j11)*flavourTag(fmu,j11,j12)*Vec(nu10,q3)*Vec(
      nu16,q3)*Vec(nu13,q3)*Vec(nu9,-p4)*Vec(nu9,q3)*Deng(p4,xiz,M4)*Deng(q2
       + q3,xiw,M3)^2*Deng(p4 + q2 + q3,xiw,M3)^2*xiw^2*ufoGC58^2*ufoGC76*
      ufoGC69
       - 1/8*g_(1,6_,nu10)*g_(2,nu16)*FT2(g6)*FT2*g_(2,q3)*cFT(nu13,XX,i2,
      iufo11)*cFT(g7,XX,iufo11,j11)*flavourTag(fmu,j11,j12)*Vec(nu10,q3)*Vec(
      nu16,q3)*Vec(nu13,q3)*Vec(nu9,-q2)*Vec(nu9,q2)*Deng(p4,xiz,M4)*Deng(q2
       + q3,xiw,M3)^2*Deng(p4 + q2 + q3,xiw,M3)^2*xiw^2*ufoGC58^2*ufoGC76*
      ufoGC69
       - 1/8*g_(1,6_,nu10)*g_(2,nu16)*FT2(g6)*FT2*g_(2,q3)*cFT(nu13,XX,i2,
      iufo11)*cFT(g7,XX,iufo11,j11)*flavourTag(fmu,j11,j12)*Vec(nu10,q3)*Vec(
      nu16,q3)*Vec(nu13,q3)*Vec(nu9,-q2)*Vec(nu9,q3)*Deng(p4,xiz,M4)*Deng(q2
       + q3,xiw,M3)^2*Deng(p4 + q2 + q3,xiw,M3)^2*xiw^2*ufoGC58^2*ufoGC76*
      ufoGC69
       - 1/8*g_(1,6_,nu10)*g_(2,nu16)*FT2(g6)*FT2*g_(2,q3)*cFT(nu13,XX,i2,
      iufo11)*cFT(g7,XX,iufo11,j11)*flavourTag(fmu,j11,j12)*Vec(nu10,q3)*Vec(
      nu16,q3)*Vec(nu13,q3)*Vec(nu9,-q3)*Vec(nu9,q2)*Deng(p4,xiz,M4)*Deng(q2
       + q3,xiw,M3)^2*Deng(p4 + q2 + q3,xiw,M3)^2*xiw^2*ufoGC58^2*ufoGC76*
      ufoGC69
       - 1/8*g_(1,6_,nu10)*g_(2,nu16)*FT2(g6)*FT2*g_(2,q3)*cFT(nu13,XX,i2,
      iufo11)*cFT(g7,XX,iufo11,j11)*flavourTag(fmu,j11,j12)*Vec(nu10,q3)*Vec(
      nu16,q3)*Vec(nu13,q3)*Vec(nu9,-q3)*Vec(nu9,q3)*Deng(p4,xiz,M4)*Deng(q2
       + q3,xiw,M3)^2*Deng(p4 + q2 + q3,xiw,M3)^2*xiw^2*ufoGC58^2*ufoGC76*
      ufoGC69
       - 1/8*g_(1,6_,nu10)*g_(2,nu16)*FT2(g6)*FT2*g_(2,q3)*cFT(nu13,XX,i2,
      iufo11)*cFT(g7,XX,iufo11,j11)*flavourTag(fmu,j11,j12)*Vec(nu10,q3)*Vec(
      nu16,q3)*Vec(nu13,q3)*Vec(nu14,q2)*Vecr(nu14,p4)*Deng(p4,xiz,M4)*Deng(q2
       + q3,xiw,M3)^2*Deng(p4 + q2 + q3,xiw,M3)^2*xiw^2*ufoGC58^2*ufoGC76*
      ufoGC69
       - 1/8*g_(1,6_,nu10)*g_(2,nu16)*FT2(g6)*FT2*g_(2,q3)*cFT(nu13,XX,i2,
      iufo11)*cFT(g7,XX,iufo11,j11)*flavourTag(fmu,j11,j12)*Vec(nu10,q3)*Vec(
      nu16,q3)*Vec(nu13,q3)*Vec(nu14,q3)*Vecr(nu14,p4)*Deng(p4,xiz,M4)*Deng(q2
       + q3,xiw,M3)^2*Deng(p4 + q2 + q3,xiw,M3)^2*xiw^2*ufoGC58^2*ufoGC76*
      ufoGC69
       - 1/8*g_(1,6_,nu10)*g_(2,nu16)*FT2(g6)*FT2*g_(2,q3)*cFT(nu13,XX,i2,
      iufo11)*cFT(g7,XX,iufo11,j11)*flavourTag(fmu,j11,j12)*Vec(nu10,q3)*Vec(
      nu16,q3)*Vec(nu13,q3)*Deng(p4,xiz,M4)*Deng(q2 + q3,xiw,M3)^2*Deng(p4 + 
      q2 + q3,xiw,M3)^2*p4.p4*xiw^2*ufoGC58^2*ufoGC76*ufoGC69
       + 1/8*g_(1,6_,nu10)*g_(2,nu16)*FT2(g6)*FT2*g_(2,q3)*cFT(nu13,XX,i2,
      iufo11)*cFT(g7,XX,iufo11,j11)*flavourTag(fmu,j11,j12)*Vec(nu10,q3)*Vec(
      nu16,q3)*Vec(nu9,q2)*Deng(p4,xiz,M4)*Deng(q2 + q3,xiw,M3)^2*Deng(p4 + q2
       + q3,xiw,M3)^2*p4.p4*xiw^2*ufoGC58^2*ufoGC76*ufoGC69
       + 1/8*g_(1,6_,nu10)*g_(2,nu16)*FT2(g6)*FT2*g_(2,q3)*cFT(nu13,XX,i2,
      iufo11)*cFT(g7,XX,iufo11,j11)*flavourTag(fmu,j11,j12)*Vec(nu10,q3)*Vec(
      nu16,q3)*Vec(nu9,q3)*Deng(p4,xiz,M4)*Deng(q2 + q3,xiw,M3)^2*Deng(p4 + q2
       + q3,xiw,M3)^2*p4.p4*xiw^2*ufoGC58^2*ufoGC76*ufoGC69
       - 1/8*g_(1,6_,nu10)*g_(2,nu16)*FT2(g6)*FT2*g_(2,q3)*cFT(nu13,XX,i2,
      iufo11)*cFT(g7,XX,iufo11,j11)*flavourTag(fmu,j11,j12)*Vec(nu10,q3)*Vec(
      nu16,q3)*Vec(nu9,-p4)*Vec(nu9,q2)*Vecr(nu13,p4)*Deng(p4,xiz,M4)*Deng(q2
       + q3,xiw,M3)^2*Deng(p4 + q2 + q3,xiw,M3)^2*xiw^2*ufoGC58^2*ufoGC76*
      ufoGC69
       - 1/8*g_(1,6_,nu10)*g_(2,nu16)*FT2(g6)*FT2*g_(2,q3)*cFT(nu13,XX,i2,
      iufo11)*cFT(g7,XX,iufo11,j11)*flavourTag(fmu,j11,j12)*Vec(nu10,q3)*Vec(
      nu16,q3)*Vec(nu9,-p4)*Vec(nu9,q3)*Vecr(nu13,p4)*Deng(p4,xiz,M4)*Deng(q2
       + q3,xiw,M3)^2*Deng(p4 + q2 + q3,xiw,M3)^2*xiw^2*ufoGC58^2*ufoGC76*
      ufoGC69
       - 1/8*g_(1,6_,nu10)*g_(2,nu16)*FT2(g6)*FT2*g_(2,q3)*cFT(nu13,XX,i2,
      iufo11)*cFT(g7,XX,iufo11,j11)*flavourTag(fmu,j11,j12)*Vec(nu10,q3)*Vec(
      nu16,q3)*Vec(nu9,-q2)*Vec(nu9,q2)*Vecr(nu13,p4)*Deng(p4,xiz,M4)*Deng(q2
       + q3,xiw,M3)^2*Deng(p4 + q2 + q3,xiw,M3)^2*xiw^2*ufoGC58^2*ufoGC76*
      ufoGC69
       - 1/8*g_(1,6_,nu10)*g_(2,nu16)*FT2(g6)*FT2*g_(2,q3)*cFT(nu13,XX,i2,
      iufo11)*cFT(g7,XX,iufo11,j11)*flavourTag(fmu,j11,j12)*Vec(nu10,q3)*Vec(
      nu16,q3)*Vec(nu9,-q2)*Vec(nu9,q3)*Vecr(nu13,p4)*Deng(p4,xiz,M4)*Deng(q2
       + q3,xiw,M3)^2*Deng(p4 + q2 + q3,xiw,M3)^2*xiw^2*ufoGC58^2*ufoGC76*
      ufoGC69
       - 1/8*g_(1,6_,nu10)*g_(2,nu16)*FT2(g6)*FT2*g_(2,q3)*cFT(nu13,XX,i2,
      iufo11)*cFT(g7,XX,iufo11,j11)*flavourTag(fmu,j11,j12)*Vec(nu10,q3)*Vec(
      nu16,q3)*Vec(nu9,-q3)*Vec(nu9,q2)*Vecr(nu13,p4)*Deng(p4,xiz,M4)*Deng(q2
       + q3,xiw,M3)^2*Deng(p4 + q2 + q3,xiw,M3)^2*xiw^2*ufoGC58^2*ufoGC76*
      ufoGC69
       - 1/8*g_(1,6_,nu10)*g_(2,nu16)*FT2(g6)*FT2*g_(2,q3)*cFT(nu13,XX,i2,
      iufo11)*cFT(g7,XX,iufo11,j11)*flavourTag(fmu,j11,j12)*Vec(nu10,q3)*Vec(
      nu16,q3)*Vec(nu9,-q3)*Vec(nu9,q3)*Vecr(nu13,p4)*Deng(p4,xiz,M4)*Deng(q2
       + q3,xiw,M3)^2*Deng(p4 + q2 + q3,xiw,M3)^2*xiw^2*ufoGC58^2*ufoGC76*
      ufoGC69
       - 1/8*g_(1,6_,nu10)*g_(2,nu16)*FT2(g6)*FT2*g_(2,q3)*cFT(nu13,XX,i2,
      iufo11)*cFT(g7,XX,iufo11,j11)*flavourTag(fmu,j11,j12)*Vec(nu10,q3)*Vec(
      nu16,q3)*Vec(nu14,q2)*Deng(p4,xiz,M4)*Deng(q2 + q3,xiw,M3)^2*Deng(p4 + 
      q2 + q3,xiw,M3)^2*p4.p4*xiw^2*ufoGC58^2*ufoGC76*ufoGC69
       - 1/8*g_(1,6_,nu10)*g_(2,nu16)*FT2(g6)*FT2*g_(2,q3)*cFT(nu13,XX,i2,
      iufo11)*cFT(g7,XX,iufo11,j11)*flavourTag(fmu,j11,j12)*Vec(nu10,q3)*Vec(
      nu16,q3)*Vec(nu14,q3)*Deng(p4,xiz,M4)*Deng(q2 + q3,xiw,M3)^2*Deng(p4 + 
      q2 + q3,xiw,M3)^2*p4.p4*xiw^2*ufoGC58^2*ufoGC76*ufoGC69
       - 1/8*g_(1,6_,nu10)*g_(2,nu16)*FT2(g6)*FT2*g_(2,q3)*cFT(nu13,XX,i2,
      iufo11)*cFT(g7,XX,iufo11,j11)*flavourTag(fmu,j11,j12)*Vec(nu10,q3)*Vec(
      nu16,q3)*Vecr(nu14,p4)*Deng(p4,xiz,M4)*Deng(q2 + q3,xiw,M3)^2*Deng(p4 + 
      q2 + q3,xiw,M3)^2*p4.p4*xiw^2*ufoGC58^2*ufoGC76*ufoGC69
       + 1/8*g_(1,6_,nu10)*g_(2,nu16)*FT2(g6)*FT2*g_(2,q3)*cFT(nu13,XX,i2,
      iufo11)*cFT(g7,XX,iufo11,j11)*flavourTag(fmu,j11,j12)*Vec(nu10,q3)*Vec(
      nu16,-p4)*Vec(nu13,q2)*Vec(nu14,q2)^2*Deng(p4,xiz,M4)*Deng(q2 + q3,xiw,
      M3)^2*Deng(p4 + q2 + q3,xiw,M3)^2*xiw^2*ufoGC58^2*ufoGC76*ufoGC69
       + 1/4*g_(1,6_,nu10)*g_(2,nu16)*FT2(g6)*FT2*g_(2,q3)*cFT(nu13,XX,i2,
      iufo11)*cFT(g7,XX,iufo11,j11)*flavourTag(fmu,j11,j12)*Vec(nu10,q3)*Vec(
      nu16,-p4)*Vec(nu13,q2)*Vec(nu14,q2)*Vec(nu14,q3)*Deng(p4,xiz,M4)*Deng(q2
       + q3,xiw,M3)^2*Deng(p4 + q2 + q3,xiw,M3)^2*xiw^2*ufoGC58^2*ufoGC76*
      ufoGC69
       + 1/8*g_(1,6_,nu10)*g_(2,nu16)*FT2(g6)*FT2*g_(2,q3)*cFT(nu13,XX,i2,
      iufo11)*cFT(g7,XX,iufo11,j11)*flavourTag(fmu,j11,j12)*Vec(nu10,q3)*Vec(
      nu16,-p4)*Vec(nu13,q2)*Vec(nu14,q2)*Vecr(nu14,p4)*Deng(p4,xiz,M4)*Deng(
      q2 + q3,xiw,M3)^2*Deng(p4 + q2 + q3,xiw,M3)^2*xiw^2*ufoGC58^2*ufoGC76*
      ufoGC69
       + 1/8*g_(1,6_,nu10)*g_(2,nu16)*FT2(g6)*FT2*g_(2,q3)*cFT(nu13,XX,i2,
      iufo11)*cFT(g7,XX,iufo11,j11)*flavourTag(fmu,j11,j12)*Vec(nu10,q3)*Vec(
      nu16,-p4)*Vec(nu13,q2)*Vec(nu14,q3)^2*Deng(p4,xiz,M4)*Deng(q2 + q3,xiw,
      M3)^2*Deng(p4 + q2 + q3,xiw,M3)^2*xiw^2*ufoGC58^2*ufoGC76*ufoGC69
       + 1/8*g_(1,6_,nu10)*g_(2,nu16)*FT2(g6)*FT2*g_(2,q3)*cFT(nu13,XX,i2,
      iufo11)*cFT(g7,XX,iufo11,j11)*flavourTag(fmu,j11,j12)*Vec(nu10,q3)*Vec(
      nu16,-p4)*Vec(nu13,q2)*Vec(nu14,q3)*Vecr(nu14,p4)*Deng(p4,xiz,M4)*Deng(
      q2 + q3,xiw,M3)^2*Deng(p4 + q2 + q3,xiw,M3)^2*xiw^2*ufoGC58^2*ufoGC76*
      ufoGC69
       + 1/8*g_(1,6_,nu10)*g_(2,nu16)*FT2(g6)*FT2*g_(2,q3)*cFT(nu13,XX,i2,
      iufo11)*cFT(g7,XX,iufo11,j11)*flavourTag(fmu,j11,j12)*Vec(nu10,q3)*Vec(
      nu16,-p4)*Vec(nu13,q3)*Vec(nu14,q2)^2*Deng(p4,xiz,M4)*Deng(q2 + q3,xiw,
      M3)^2*Deng(p4 + q2 + q3,xiw,M3)^2*xiw^2*ufoGC58^2*ufoGC76*ufoGC69
       + 1/4*g_(1,6_,nu10)*g_(2,nu16)*FT2(g6)*FT2*g_(2,q3)*cFT(nu13,XX,i2,
      iufo11)*cFT(g7,XX,iufo11,j11)*flavourTag(fmu,j11,j12)*Vec(nu10,q3)*Vec(
      nu16,-p4)*Vec(nu13,q3)*Vec(nu14,q2)*Vec(nu14,q3)*Deng(p4,xiz,M4)*Deng(q2
       + q3,xiw,M3)^2*Deng(p4 + q2 + q3,xiw,M3)^2*xiw^2*ufoGC58^2*ufoGC76*
      ufoGC69
       + 1/8*g_(1,6_,nu10)*g_(2,nu16)*FT2(g6)*FT2*g_(2,q3)*cFT(nu13,XX,i2,
      iufo11)*cFT(g7,XX,iufo11,j11)*flavourTag(fmu,j11,j12)*Vec(nu10,q3)*Vec(
      nu16,-p4)*Vec(nu13,q3)*Vec(nu14,q2)*Vecr(nu14,p4)*Deng(p4,xiz,M4)*Deng(
      q2 + q3,xiw,M3)^2*Deng(p4 + q2 + q3,xiw,M3)^2*xiw^2*ufoGC58^2*ufoGC76*
      ufoGC69
       + 1/8*g_(1,6_,nu10)*g_(2,nu16)*FT2(g6)*FT2*g_(2,q3)*cFT(nu13,XX,i2,
      iufo11)*cFT(g7,XX,iufo11,j11)*flavourTag(fmu,j11,j12)*Vec(nu10,q3)*Vec(
      nu16,-p4)*Vec(nu13,q3)*Vec(nu14,q3)^2*Deng(p4,xiz,M4)*Deng(q2 + q3,xiw,
      M3)^2*Deng(p4 + q2 + q3,xiw,M3)^2*xiw^2*ufoGC58^2*ufoGC76*ufoGC69
       + 1/8*g_(1,6_,nu10)*g_(2,nu16)*FT2(g6)*FT2*g_(2,q3)*cFT(nu13,XX,i2,
      iufo11)*cFT(g7,XX,iufo11,j11)*flavourTag(fmu,j11,j12)*Vec(nu10,q3)*Vec(
      nu16,-p4)*Vec(nu13,q3)*Vec(nu14,q3)*Vecr(nu14,p4)*Deng(p4,xiz,M4)*Deng(
      q2 + q3,xiw,M3)^2*Deng(p4 + q2 + q3,xiw,M3)^2*xiw^2*ufoGC58^2*ufoGC76*
      ufoGC69
       + 1/8*g_(1,6_,nu10)*g_(2,nu16)*FT2(g6)*FT2*g_(2,q3)*cFT(nu13,XX,i2,
      iufo11)*cFT(g7,XX,iufo11,j11)*flavourTag(fmu,j11,j12)*Vec(nu10,q3)*Vec(
      nu16,-p4)*Vec(nu14,q2)^2*Vecr(nu13,p4)*Deng(p4,xiz,M4)*Deng(q2 + q3,xiw,
      M3)^2*Deng(p4 + q2 + q3,xiw,M3)^2*xiw^2*ufoGC58^2*ufoGC76*ufoGC69
       + 1/4*g_(1,6_,nu10)*g_(2,nu16)*FT2(g6)*FT2*g_(2,q3)*cFT(nu13,XX,i2,
      iufo11)*cFT(g7,XX,iufo11,j11)*flavourTag(fmu,j11,j12)*Vec(nu10,q3)*Vec(
      nu16,-p4)*Vec(nu14,q2)*Vec(nu14,q3)*Vecr(nu13,p4)*Deng(p4,xiz,M4)*Deng(
      q2 + q3,xiw,M3)^2*Deng(p4 + q2 + q3,xiw,M3)^2*xiw^2*ufoGC58^2*ufoGC76*
      ufoGC69
       + 1/8*g_(1,6_,nu10)*g_(2,nu16)*FT2(g6)*FT2*g_(2,q3)*cFT(nu13,XX,i2,
      iufo11)*cFT(g7,XX,iufo11,j11)*flavourTag(fmu,j11,j12)*Vec(nu10,q3)*Vec(
      nu16,-p4)*Vec(nu14,q2)*Deng(p4,xiz,M4)*Deng(q2 + q3,xiw,M3)^2*Deng(p4 + 
      q2 + q3,xiw,M3)^2*p4.p4*xiw^2*ufoGC58^2*ufoGC76*ufoGC69
       + 1/8*g_(1,6_,nu10)*g_(2,nu16)*FT2(g6)*FT2*g_(2,q3)*cFT(nu13,XX,i2,
      iufo11)*cFT(g7,XX,iufo11,j11)*flavourTag(fmu,j11,j12)*Vec(nu10,q3)*Vec(
      nu16,-p4)*Vec(nu14,q3)^2*Vecr(nu13,p4)*Deng(p4,xiz,M4)*Deng(q2 + q3,xiw,
      M3)^2*Deng(p4 + q2 + q3,xiw,M3)^2*xiw^2*ufoGC58^2*ufoGC76*ufoGC69
       + 1/8*g_(1,6_,nu10)*g_(2,nu16)*FT2(g6)*FT2*g_(2,q3)*cFT(nu13,XX,i2,
      iufo11)*cFT(g7,XX,iufo11,j11)*flavourTag(fmu,j11,j12)*Vec(nu10,q3)*Vec(
      nu16,-p4)*Vec(nu14,q3)*Deng(p4,xiz,M4)*Deng(q2 + q3,xiw,M3)^2*Deng(p4 + 
      q2 + q3,xiw,M3)^2*p4.p4*xiw^2*ufoGC58^2*ufoGC76*ufoGC69
       + 1/8*g_(1,6_,nu10)*g_(2,nu16)*FT2(g6)*FT2*g_(2,q3)*cFT(nu13,XX,i2,
      iufo11)*cFT(g7,XX,iufo11,j11)*flavourTag(fmu,j11,j12)*Vec(nu10,q3)*Vec(
      nu16,-q2)*Vec(nu13,q2)*Vec(nu14,q2)^2*Deng(p4,xiz,M4)*Deng(q2 + q3,xiw,
      M3)^2*Deng(p4 + q2 + q3,xiw,M3)^2*xiw^2*ufoGC58^2*ufoGC76*ufoGC69
       + 1/4*g_(1,6_,nu10)*g_(2,nu16)*FT2(g6)*FT2*g_(2,q3)*cFT(nu13,XX,i2,
      iufo11)*cFT(g7,XX,iufo11,j11)*flavourTag(fmu,j11,j12)*Vec(nu10,q3)*Vec(
      nu16,-q2)*Vec(nu13,q2)*Vec(nu14,q2)*Vec(nu14,q3)*Deng(p4,xiz,M4)*Deng(q2
       + q3,xiw,M3)^2*Deng(p4 + q2 + q3,xiw,M3)^2*xiw^2*ufoGC58^2*ufoGC76*
      ufoGC69
       + 1/8*g_(1,6_,nu10)*g_(2,nu16)*FT2(g6)*FT2*g_(2,q3)*cFT(nu13,XX,i2,
      iufo11)*cFT(g7,XX,iufo11,j11)*flavourTag(fmu,j11,j12)*Vec(nu10,q3)*Vec(
      nu16,-q2)*Vec(nu13,q2)*Vec(nu14,q2)*Vecr(nu14,p4)*Deng(p4,xiz,M4)*Deng(
      q2 + q3,xiw,M3)^2*Deng(p4 + q2 + q3,xiw,M3)^2*xiw^2*ufoGC58^2*ufoGC76*
      ufoGC69
       + 1/8*g_(1,6_,nu10)*g_(2,nu16)*FT2(g6)*FT2*g_(2,q3)*cFT(nu13,XX,i2,
      iufo11)*cFT(g7,XX,iufo11,j11)*flavourTag(fmu,j11,j12)*Vec(nu10,q3)*Vec(
      nu16,-q2)*Vec(nu13,q2)*Vec(nu14,q3)^2*Deng(p4,xiz,M4)*Deng(q2 + q3,xiw,
      M3)^2*Deng(p4 + q2 + q3,xiw,M3)^2*xiw^2*ufoGC58^2*ufoGC76*ufoGC69
       + 1/8*g_(1,6_,nu10)*g_(2,nu16)*FT2(g6)*FT2*g_(2,q3)*cFT(nu13,XX,i2,
      iufo11)*cFT(g7,XX,iufo11,j11)*flavourTag(fmu,j11,j12)*Vec(nu10,q3)*Vec(
      nu16,-q2)*Vec(nu13,q2)*Vec(nu14,q3)*Vecr(nu14,p4)*Deng(p4,xiz,M4)*Deng(
      q2 + q3,xiw,M3)^2*Deng(p4 + q2 + q3,xiw,M3)^2*xiw^2*ufoGC58^2*ufoGC76*
      ufoGC69
       + 1/8*g_(1,6_,nu10)*g_(2,nu16)*FT2(g6)*FT2*g_(2,q3)*cFT(nu13,XX,i2,
      iufo11)*cFT(g7,XX,iufo11,j11)*flavourTag(fmu,j11,j12)*Vec(nu10,q3)*Vec(
      nu16,-q2)*Vec(nu13,q3)*Vec(nu14,q2)^2*Deng(p4,xiz,M4)*Deng(q2 + q3,xiw,
      M3)^2*Deng(p4 + q2 + q3,xiw,M3)^2*xiw^2*ufoGC58^2*ufoGC76*ufoGC69
       + 1/4*g_(1,6_,nu10)*g_(2,nu16)*FT2(g6)*FT2*g_(2,q3)*cFT(nu13,XX,i2,
      iufo11)*cFT(g7,XX,iufo11,j11)*flavourTag(fmu,j11,j12)*Vec(nu10,q3)*Vec(
      nu16,-q2)*Vec(nu13,q3)*Vec(nu14,q2)*Vec(nu14,q3)*Deng(p4,xiz,M4)*Deng(q2
       + q3,xiw,M3)^2*Deng(p4 + q2 + q3,xiw,M3)^2*xiw^2*ufoGC58^2*ufoGC76*
      ufoGC69
       + 1/8*g_(1,6_,nu10)*g_(2,nu16)*FT2(g6)*FT2*g_(2,q3)*cFT(nu13,XX,i2,
      iufo11)*cFT(g7,XX,iufo11,j11)*flavourTag(fmu,j11,j12)*Vec(nu10,q3)*Vec(
      nu16,-q2)*Vec(nu13,q3)*Vec(nu14,q2)*Vecr(nu14,p4)*Deng(p4,xiz,M4)*Deng(
      q2 + q3,xiw,M3)^2*Deng(p4 + q2 + q3,xiw,M3)^2*xiw^2*ufoGC58^2*ufoGC76*
      ufoGC69
       + 1/8*g_(1,6_,nu10)*g_(2,nu16)*FT2(g6)*FT2*g_(2,q3)*cFT(nu13,XX,i2,
      iufo11)*cFT(g7,XX,iufo11,j11)*flavourTag(fmu,j11,j12)*Vec(nu10,q3)*Vec(
      nu16,-q2)*Vec(nu13,q3)*Vec(nu14,q3)^2*Deng(p4,xiz,M4)*Deng(q2 + q3,xiw,
      M3)^2*Deng(p4 + q2 + q3,xiw,M3)^2*xiw^2*ufoGC58^2*ufoGC76*ufoGC69
       + 1/8*g_(1,6_,nu10)*g_(2,nu16)*FT2(g6)*FT2*g_(2,q3)*cFT(nu13,XX,i2,
      iufo11)*cFT(g7,XX,iufo11,j11)*flavourTag(fmu,j11,j12)*Vec(nu10,q3)*Vec(
      nu16,-q2)*Vec(nu13,q3)*Vec(nu14,q3)*Vecr(nu14,p4)*Deng(p4,xiz,M4)*Deng(
      q2 + q3,xiw,M3)^2*Deng(p4 + q2 + q3,xiw,M3)^2*xiw^2*ufoGC58^2*ufoGC76*
      ufoGC69
       + 1/8*g_(1,6_,nu10)*g_(2,nu16)*FT2(g6)*FT2*g_(2,q3)*cFT(nu13,XX,i2,
      iufo11)*cFT(g7,XX,iufo11,j11)*flavourTag(fmu,j11,j12)*Vec(nu10,q3)*Vec(
      nu16,-q2)*Vec(nu14,q2)^2*Vecr(nu13,p4)*Deng(p4,xiz,M4)*Deng(q2 + q3,xiw,
      M3)^2*Deng(p4 + q2 + q3,xiw,M3)^2*xiw^2*ufoGC58^2*ufoGC76*ufoGC69
       + 1/4*g_(1,6_,nu10)*g_(2,nu16)*FT2(g6)*FT2*g_(2,q3)*cFT(nu13,XX,i2,
      iufo11)*cFT(g7,XX,iufo11,j11)*flavourTag(fmu,j11,j12)*Vec(nu10,q3)*Vec(
      nu16,-q2)*Vec(nu14,q2)*Vec(nu14,q3)*Vecr(nu13,p4)*Deng(p4,xiz,M4)*Deng(
      q2 + q3,xiw,M3)^2*Deng(p4 + q2 + q3,xiw,M3)^2*xiw^2*ufoGC58^2*ufoGC76*
      ufoGC69
       + 1/8*g_(1,6_,nu10)*g_(2,nu16)*FT2(g6)*FT2*g_(2,q3)*cFT(nu13,XX,i2,
      iufo11)*cFT(g7,XX,iufo11,j11)*flavourTag(fmu,j11,j12)*Vec(nu10,q3)*Vec(
      nu16,-q2)*Vec(nu14,q2)*Deng(p4,xiz,M4)*Deng(q2 + q3,xiw,M3)^2*Deng(p4 + 
      q2 + q3,xiw,M3)^2*p4.p4*xiw^2*ufoGC58^2*ufoGC76*ufoGC69
       + 1/8*g_(1,6_,nu10)*g_(2,nu16)*FT2(g6)*FT2*g_(2,q3)*cFT(nu13,XX,i2,
      iufo11)*cFT(g7,XX,iufo11,j11)*flavourTag(fmu,j11,j12)*Vec(nu10,q3)*Vec(
      nu16,-q2)*Vec(nu14,q3)^2*Vecr(nu13,p4)*Deng(p4,xiz,M4)*Deng(q2 + q3,xiw,
      M3)^2*Deng(p4 + q2 + q3,xiw,M3)^2*xiw^2*ufoGC58^2*ufoGC76*ufoGC69
       + 1/8*g_(1,6_,nu10)*g_(2,nu16)*FT2(g6)*FT2*g_(2,q3)*cFT(nu13,XX,i2,
      iufo11)*cFT(g7,XX,iufo11,j11)*flavourTag(fmu,j11,j12)*Vec(nu10,q3)*Vec(
      nu16,-q2)*Vec(nu14,q3)*Deng(p4,xiz,M4)*Deng(q2 + q3,xiw,M3)^2*Deng(p4 + 
      q2 + q3,xiw,M3)^2*p4.p4*xiw^2*ufoGC58^2*ufoGC76*ufoGC69
       + 1/8*g_(1,6_,nu10)*g_(2,nu16)*FT2(g6)*FT2*g_(2,q3)*cFT(nu13,XX,i2,
      iufo11)*cFT(g7,XX,iufo11,j11)*flavourTag(fmu,j11,j12)*Vec(nu10,q3)*Vec(
      nu16,-q3)*Vec(nu13,q2)*Vec(nu14,q2)^2*Deng(p4,xiz,M4)*Deng(q2 + q3,xiw,
      M3)^2*Deng(p4 + q2 + q3,xiw,M3)^2*xiw^2*ufoGC58^2*ufoGC76*ufoGC69
       + 1/4*g_(1,6_,nu10)*g_(2,nu16)*FT2(g6)*FT2*g_(2,q3)*cFT(nu13,XX,i2,
      iufo11)*cFT(g7,XX,iufo11,j11)*flavourTag(fmu,j11,j12)*Vec(nu10,q3)*Vec(
      nu16,-q3)*Vec(nu13,q2)*Vec(nu14,q2)*Vec(nu14,q3)*Deng(p4,xiz,M4)*Deng(q2
       + q3,xiw,M3)^2*Deng(p4 + q2 + q3,xiw,M3)^2*xiw^2*ufoGC58^2*ufoGC76*
      ufoGC69
       + 1/8*g_(1,6_,nu10)*g_(2,nu16)*FT2(g6)*FT2*g_(2,q3)*cFT(nu13,XX,i2,
      iufo11)*cFT(g7,XX,iufo11,j11)*flavourTag(fmu,j11,j12)*Vec(nu10,q3)*Vec(
      nu16,-q3)*Vec(nu13,q2)*Vec(nu14,q2)*Vecr(nu14,p4)*Deng(p4,xiz,M4)*Deng(
      q2 + q3,xiw,M3)^2*Deng(p4 + q2 + q3,xiw,M3)^2*xiw^2*ufoGC58^2*ufoGC76*
      ufoGC69
       + 1/8*g_(1,6_,nu10)*g_(2,nu16)*FT2(g6)*FT2*g_(2,q3)*cFT(nu13,XX,i2,
      iufo11)*cFT(g7,XX,iufo11,j11)*flavourTag(fmu,j11,j12)*Vec(nu10,q3)*Vec(
      nu16,-q3)*Vec(nu13,q2)*Vec(nu14,q3)^2*Deng(p4,xiz,M4)*Deng(q2 + q3,xiw,
      M3)^2*Deng(p4 + q2 + q3,xiw,M3)^2*xiw^2*ufoGC58^2*ufoGC76*ufoGC69
       + 1/8*g_(1,6_,nu10)*g_(2,nu16)*FT2(g6)*FT2*g_(2,q3)*cFT(nu13,XX,i2,
      iufo11)*cFT(g7,XX,iufo11,j11)*flavourTag(fmu,j11,j12)*Vec(nu10,q3)*Vec(
      nu16,-q3)*Vec(nu13,q2)*Vec(nu14,q3)*Vecr(nu14,p4)*Deng(p4,xiz,M4)*Deng(
      q2 + q3,xiw,M3)^2*Deng(p4 + q2 + q3,xiw,M3)^2*xiw^2*ufoGC58^2*ufoGC76*
      ufoGC69
       + 1/8*g_(1,6_,nu10)*g_(2,nu16)*FT2(g6)*FT2*g_(2,q3)*cFT(nu13,XX,i2,
      iufo11)*cFT(g7,XX,iufo11,j11)*flavourTag(fmu,j11,j12)*Vec(nu10,q3)*Vec(
      nu16,-q3)*Vec(nu13,q3)*Vec(nu14,q2)^2*Deng(p4,xiz,M4)*Deng(q2 + q3,xiw,
      M3)^2*Deng(p4 + q2 + q3,xiw,M3)^2*xiw^2*ufoGC58^2*ufoGC76*ufoGC69
       + 1/4*g_(1,6_,nu10)*g_(2,nu16)*FT2(g6)*FT2*g_(2,q3)*cFT(nu13,XX,i2,
      iufo11)*cFT(g7,XX,iufo11,j11)*flavourTag(fmu,j11,j12)*Vec(nu10,q3)*Vec(
      nu16,-q3)*Vec(nu13,q3)*Vec(nu14,q2)*Vec(nu14,q3)*Deng(p4,xiz,M4)*Deng(q2
       + q3,xiw,M3)^2*Deng(p4 + q2 + q3,xiw,M3)^2*xiw^2*ufoGC58^2*ufoGC76*
      ufoGC69
       + 1/8*g_(1,6_,nu10)*g_(2,nu16)*FT2(g6)*FT2*g_(2,q3)*cFT(nu13,XX,i2,
      iufo11)*cFT(g7,XX,iufo11,j11)*flavourTag(fmu,j11,j12)*Vec(nu10,q3)*Vec(
      nu16,-q3)*Vec(nu13,q3)*Vec(nu14,q2)*Vecr(nu14,p4)*Deng(p4,xiz,M4)*Deng(
      q2 + q3,xiw,M3)^2*Deng(p4 + q2 + q3,xiw,M3)^2*xiw^2*ufoGC58^2*ufoGC76*
      ufoGC69
       + 1/8*g_(1,6_,nu10)*g_(2,nu16)*FT2(g6)*FT2*g_(2,q3)*cFT(nu13,XX,i2,
      iufo11)*cFT(g7,XX,iufo11,j11)*flavourTag(fmu,j11,j12)*Vec(nu10,q3)*Vec(
      nu16,-q3)*Vec(nu13,q3)*Vec(nu14,q3)^2*Deng(p4,xiz,M4)*Deng(q2 + q3,xiw,
      M3)^2*Deng(p4 + q2 + q3,xiw,M3)^2*xiw^2*ufoGC58^2*ufoGC76*ufoGC69
       + 1/8*g_(1,6_,nu10)*g_(2,nu16)*FT2(g6)*FT2*g_(2,q3)*cFT(nu13,XX,i2,
      iufo11)*cFT(g7,XX,iufo11,j11)*flavourTag(fmu,j11,j12)*Vec(nu10,q3)*Vec(
      nu16,-q3)*Vec(nu13,q3)*Vec(nu14,q3)*Vecr(nu14,p4)*Deng(p4,xiz,M4)*Deng(
      q2 + q3,xiw,M3)^2*Deng(p4 + q2 + q3,xiw,M3)^2*xiw^2*ufoGC58^2*ufoGC76*
      ufoGC69
       + 1/8*g_(1,6_,nu10)*g_(2,nu16)*FT2(g6)*FT2*g_(2,q3)*cFT(nu13,XX,i2,
      iufo11)*cFT(g7,XX,iufo11,j11)*flavourTag(fmu,j11,j12)*Vec(nu10,q3)*Vec(
      nu16,-q3)*Vec(nu14,q2)^2*Vecr(nu13,p4)*Deng(p4,xiz,M4)*Deng(q2 + q3,xiw,
      M3)^2*Deng(p4 + q2 + q3,xiw,M3)^2*xiw^2*ufoGC58^2*ufoGC76*ufoGC69
       + 1/4*g_(1,6_,nu10)*g_(2,nu16)*FT2(g6)*FT2*g_(2,q3)*cFT(nu13,XX,i2,
      iufo11)*cFT(g7,XX,iufo11,j11)*flavourTag(fmu,j11,j12)*Vec(nu10,q3)*Vec(
      nu16,-q3)*Vec(nu14,q2)*Vec(nu14,q3)*Vecr(nu13,p4)*Deng(p4,xiz,M4)*Deng(
      q2 + q3,xiw,M3)^2*Deng(p4 + q2 + q3,xiw,M3)^2*xiw^2*ufoGC58^2*ufoGC76*
      ufoGC69
       + 1/8*g_(1,6_,nu10)*g_(2,nu16)*FT2(g6)*FT2*g_(2,q3)*cFT(nu13,XX,i2,
      iufo11)*cFT(g7,XX,iufo11,j11)*flavourTag(fmu,j11,j12)*Vec(nu10,q3)*Vec(
      nu16,-q3)*Vec(nu14,q2)*Deng(p4,xiz,M4)*Deng(q2 + q3,xiw,M3)^2*Deng(p4 + 
      q2 + q3,xiw,M3)^2*p4.p4*xiw^2*ufoGC58^2*ufoGC76*ufoGC69
       + 1/8*g_(1,6_,nu10)*g_(2,nu16)*FT2(g6)*FT2*g_(2,q3)*cFT(nu13,XX,i2,
      iufo11)*cFT(g7,XX,iufo11,j11)*flavourTag(fmu,j11,j12)*Vec(nu10,q3)*Vec(
      nu16,-q3)*Vec(nu14,q3)^2*Vecr(nu13,p4)*Deng(p4,xiz,M4)*Deng(q2 + q3,xiw,
      M3)^2*Deng(p4 + q2 + q3,xiw,M3)^2*xiw^2*ufoGC58^2*ufoGC76*ufoGC69
       + 1/8*g_(1,6_,nu10)*g_(2,nu16)*FT2(g6)*FT2*g_(2,q3)*cFT(nu13,XX,i2,
      iufo11)*cFT(g7,XX,iufo11,j11)*flavourTag(fmu,j11,j12)*Vec(nu10,q3)*Vec(
      nu16,-q3)*Vec(nu14,q3)*Deng(p4,xiz,M4)*Deng(q2 + q3,xiw,M3)^2*Deng(p4 + 
      q2 + q3,xiw,M3)^2*p4.p4*xiw^2*ufoGC58^2*ufoGC76*ufoGC69
       - 1/8*g_(1,6_,nu10)*g_(2,nu16)*FT2(g6)*FT2*g_(2,q3)*cFT(nu13,XX,i2,
      iufo11)*cFT(g7,XX,iufo11,j11)*flavourTag(fmu,j11,j12)*Vec(nu10,q3)*Vec(
      nu13,q2)*Vec(nu9,q2)*Vec(nu15,q2)*Vecr(nu15,p4)*Deng(p4,xiz,M4)^2*Deng(
      q2 + q3,xiw,M3)^2*Deng(p4 + q2 + q3,xiw,M3)^2*p4.p4*xiw^2*ufoGC58^2*
      ufoGC76*ufoGC69
       - 1/8*g_(1,6_,nu10)*g_(2,nu16)*FT2(g6)*FT2*g_(2,q3)*cFT(nu13,XX,i2,
      iufo11)*cFT(g7,XX,iufo11,j11)*flavourTag(fmu,j11,j12)*Vec(nu10,q3)*Vec(
      nu13,q2)*Vec(nu9,q2)*Vec(nu15,q3)*Vecr(nu15,p4)*Deng(p4,xiz,M4)^2*Deng(
      q2 + q3,xiw,M3)^2*Deng(p4 + q2 + q3,xiw,M3)^2*p4.p4*xiw^2*ufoGC58^2*
      ufoGC76*ufoGC69
       + 1/8*g_(1,6_,nu10)*g_(2,nu16)*FT2(g6)*FT2*g_(2,q3)*cFT(nu13,XX,i2,
      iufo11)*cFT(g7,XX,iufo11,j11)*flavourTag(fmu,j11,j12)*Vec(nu10,q3)*Vec(
      nu13,q2)*Vec(nu9,q2)*Deng(p4,xiz,M4)*Deng(q2 + q3,xiw,M3)^2*Deng(p4 + q2
       + q3,xiw,M3)^2*p4.p4*xiw^2*ufoGC58^2*ufoGC76*ufoGC69
       - 1/8*g_(1,6_,nu10)*g_(2,nu16)*FT2(g6)*FT2*g_(2,q3)*cFT(nu13,XX,i2,
      iufo11)*cFT(g7,XX,iufo11,j11)*flavourTag(fmu,j11,j12)*Vec(nu10,q3)*Vec(
      nu13,q2)*Vec(nu9,q2)*Deng(p4,xiz,M4)^2*Deng(q2 + q3,xiw,M3)^2*Deng(p4 + 
      q2 + q3,xiw,M3)^2*p4.p4^2*xiw^2*ufoGC58^2*ufoGC76*ufoGC69
       - 1/8*g_(1,6_,nu10)*g_(2,nu16)*FT2(g6)*FT2*g_(2,q3)*cFT(nu13,XX,i2,
      iufo11)*cFT(g7,XX,iufo11,j11)*flavourTag(fmu,j11,j12)*Vec(nu10,q3)*Vec(
      nu13,q2)*Vec(nu9,q3)*Vec(nu15,q2)*Vecr(nu15,p4)*Deng(p4,xiz,M4)^2*Deng(
      q2 + q3,xiw,M3)^2*Deng(p4 + q2 + q3,xiw,M3)^2*p4.p4*xiw^2*ufoGC58^2*
      ufoGC76*ufoGC69
       - 1/8*g_(1,6_,nu10)*g_(2,nu16)*FT2(g6)*FT2*g_(2,q3)*cFT(nu13,XX,i2,
      iufo11)*cFT(g7,XX,iufo11,j11)*flavourTag(fmu,j11,j12)*Vec(nu10,q3)*Vec(
      nu13,q2)*Vec(nu9,q3)*Vec(nu15,q3)*Vecr(nu15,p4)*Deng(p4,xiz,M4)^2*Deng(
      q2 + q3,xiw,M3)^2*Deng(p4 + q2 + q3,xiw,M3)^2*p4.p4*xiw^2*ufoGC58^2*
      ufoGC76*ufoGC69
       + 1/8*g_(1,6_,nu10)*g_(2,nu16)*FT2(g6)*FT2*g_(2,q3)*cFT(nu13,XX,i2,
      iufo11)*cFT(g7,XX,iufo11,j11)*flavourTag(fmu,j11,j12)*Vec(nu10,q3)*Vec(
      nu13,q2)*Vec(nu9,q3)*Deng(p4,xiz,M4)*Deng(q2 + q3,xiw,M3)^2*Deng(p4 + q2
       + q3,xiw,M3)^2*p4.p4*xiw^2*ufoGC58^2*ufoGC76*ufoGC69
       - 1/8*g_(1,6_,nu10)*g_(2,nu16)*FT2(g6)*FT2*g_(2,q3)*cFT(nu13,XX,i2,
      iufo11)*cFT(g7,XX,iufo11,j11)*flavourTag(fmu,j11,j12)*Vec(nu10,q3)*Vec(
      nu13,q2)*Vec(nu9,q3)*Deng(p4,xiz,M4)^2*Deng(q2 + q3,xiw,M3)^2*Deng(p4 + 
      q2 + q3,xiw,M3)^2*p4.p4^2*xiw^2*ufoGC58^2*ufoGC76*ufoGC69
       + 1/8*g_(1,6_,nu10)*g_(2,nu16)*FT2(g6)*FT2*g_(2,q3)*cFT(nu13,XX,i2,
      iufo11)*cFT(g7,XX,iufo11,j11)*flavourTag(fmu,j11,j12)*Vec(nu10,q3)*Vec(
      nu13,q2)*Vec(nu9,-p4)*Vec(nu9,q2)*Vec(nu15,q2)*Deng(p4,xiz,M4)^2*Deng(q2
       + q3,xiw,M3)^2*Deng(p4 + q2 + q3,xiw,M3)^2*p4.p4*xiw^2*ufoGC58^2*
      ufoGC76*ufoGC69
       + 1/8*g_(1,6_,nu10)*g_(2,nu16)*FT2(g6)*FT2*g_(2,q3)*cFT(nu13,XX,i2,
      iufo11)*cFT(g7,XX,iufo11,j11)*flavourTag(fmu,j11,j12)*Vec(nu10,q3)*Vec(
      nu13,q2)*Vec(nu9,-p4)*Vec(nu9,q2)*Vec(nu15,q3)*Deng(p4,xiz,M4)^2*Deng(q2
       + q3,xiw,M3)^2*Deng(p4 + q2 + q3,xiw,M3)^2*p4.p4*xiw^2*ufoGC58^2*
      ufoGC76*ufoGC69
       - 1/8*g_(1,6_,nu10)*g_(2,nu16)*FT2(g6)*FT2*g_(2,q3)*cFT(nu13,XX,i2,
      iufo11)*cFT(g7,XX,iufo11,j11)*flavourTag(fmu,j11,j12)*Vec(nu10,q3)*Vec(
      nu13,q2)*Vec(nu9,-p4)*Vec(nu9,q2)*Vecr(nu16,p4)*Deng(p4,xiz,M4)*Deng(q2
       + q3,xiw,M3)^2*Deng(p4 + q2 + q3,xiw,M3)^2*xiw^2*ufoGC58^2*ufoGC76*
      ufoGC69
       + 1/8*g_(1,6_,nu10)*g_(2,nu16)*FT2(g6)*FT2*g_(2,q3)*cFT(nu13,XX,i2,
      iufo11)*cFT(g7,XX,iufo11,j11)*flavourTag(fmu,j11,j12)*Vec(nu10,q3)*Vec(
      nu13,q2)*Vec(nu9,-p4)*Vec(nu9,q2)*Vecr(nu15,p4)*Deng(p4,xiz,M4)^2*Deng(
      q2 + q3,xiw,M3)^2*Deng(p4 + q2 + q3,xiw,M3)^2*p4.p4*xiw^2*ufoGC58^2*
      ufoGC76*ufoGC69
       + 1/8*g_(1,6_,nu10)*g_(2,nu16)*FT2(g6)*FT2*g_(2,q3)*cFT(nu13,XX,i2,
      iufo11)*cFT(g7,XX,iufo11,j11)*flavourTag(fmu,j11,j12)*Vec(nu10,q3)*Vec(
      nu13,q2)*Vec(nu9,-p4)*Vec(nu9,q3)*Vec(nu15,q2)*Deng(p4,xiz,M4)^2*Deng(q2
       + q3,xiw,M3)^2*Deng(p4 + q2 + q3,xiw,M3)^2*p4.p4*xiw^2*ufoGC58^2*
      ufoGC76*ufoGC69
       + 1/8*g_(1,6_,nu10)*g_(2,nu16)*FT2(g6)*FT2*g_(2,q3)*cFT(nu13,XX,i2,
      iufo11)*cFT(g7,XX,iufo11,j11)*flavourTag(fmu,j11,j12)*Vec(nu10,q3)*Vec(
      nu13,q2)*Vec(nu9,-p4)*Vec(nu9,q3)*Vec(nu15,q3)*Deng(p4,xiz,M4)^2*Deng(q2
       + q3,xiw,M3)^2*Deng(p4 + q2 + q3,xiw,M3)^2*p4.p4*xiw^2*ufoGC58^2*
      ufoGC76*ufoGC69
       - 1/8*g_(1,6_,nu10)*g_(2,nu16)*FT2(g6)*FT2*g_(2,q3)*cFT(nu13,XX,i2,
      iufo11)*cFT(g7,XX,iufo11,j11)*flavourTag(fmu,j11,j12)*Vec(nu10,q3)*Vec(
      nu13,q2)*Vec(nu9,-p4)*Vec(nu9,q3)*Vecr(nu16,p4)*Deng(p4,xiz,M4)*Deng(q2
       + q3,xiw,M3)^2*Deng(p4 + q2 + q3,xiw,M3)^2*xiw^2*ufoGC58^2*ufoGC76*
      ufoGC69
       + 1/8*g_(1,6_,nu10)*g_(2,nu16)*FT2(g6)*FT2*g_(2,q3)*cFT(nu13,XX,i2,
      iufo11)*cFT(g7,XX,iufo11,j11)*flavourTag(fmu,j11,j12)*Vec(nu10,q3)*Vec(
      nu13,q2)*Vec(nu9,-p4)*Vec(nu9,q3)*Vecr(nu15,p4)*Deng(p4,xiz,M4)^2*Deng(
      q2 + q3,xiw,M3)^2*Deng(p4 + q2 + q3,xiw,M3)^2*p4.p4*xiw^2*ufoGC58^2*
      ufoGC76*ufoGC69
       + 1/8*g_(1,6_,nu10)*g_(2,nu16)*FT2(g6)*FT2*g_(2,q3)*cFT(nu13,XX,i2,
      iufo11)*cFT(g7,XX,iufo11,j11)*flavourTag(fmu,j11,j12)*Vec(nu10,q3)*Vec(
      nu13,q2)*Vec(nu9,-q2)*Vec(nu9,q2)*Vec(nu15,q2)*Deng(p4,xiz,M4)^2*Deng(q2
       + q3,xiw,M3)^2*Deng(p4 + q2 + q3,xiw,M3)^2*p4.p4*xiw^2*ufoGC58^2*
      ufoGC76*ufoGC69
       + 1/8*g_(1,6_,nu10)*g_(2,nu16)*FT2(g6)*FT2*g_(2,q3)*cFT(nu13,XX,i2,
      iufo11)*cFT(g7,XX,iufo11,j11)*flavourTag(fmu,j11,j12)*Vec(nu10,q3)*Vec(
      nu13,q2)*Vec(nu9,-q2)*Vec(nu9,q2)*Vec(nu15,q3)*Deng(p4,xiz,M4)^2*Deng(q2
       + q3,xiw,M3)^2*Deng(p4 + q2 + q3,xiw,M3)^2*p4.p4*xiw^2*ufoGC58^2*
      ufoGC76*ufoGC69
       - 1/8*g_(1,6_,nu10)*g_(2,nu16)*FT2(g6)*FT2*g_(2,q3)*cFT(nu13,XX,i2,
      iufo11)*cFT(g7,XX,iufo11,j11)*flavourTag(fmu,j11,j12)*Vec(nu10,q3)*Vec(
      nu13,q2)*Vec(nu9,-q2)*Vec(nu9,q2)*Vecr(nu16,p4)*Deng(p4,xiz,M4)*Deng(q2
       + q3,xiw,M3)^2*Deng(p4 + q2 + q3,xiw,M3)^2*xiw^2*ufoGC58^2*ufoGC76*
      ufoGC69
       + 1/8*g_(1,6_,nu10)*g_(2,nu16)*FT2(g6)*FT2*g_(2,q3)*cFT(nu13,XX,i2,
      iufo11)*cFT(g7,XX,iufo11,j11)*flavourTag(fmu,j11,j12)*Vec(nu10,q3)*Vec(
      nu13,q2)*Vec(nu9,-q2)*Vec(nu9,q2)*Vecr(nu15,p4)*Deng(p4,xiz,M4)^2*Deng(
      q2 + q3,xiw,M3)^2*Deng(p4 + q2 + q3,xiw,M3)^2*p4.p4*xiw^2*ufoGC58^2*
      ufoGC76*ufoGC69
       + 1/8*g_(1,6_,nu10)*g_(2,nu16)*FT2(g6)*FT2*g_(2,q3)*cFT(nu13,XX,i2,
      iufo11)*cFT(g7,XX,iufo11,j11)*flavourTag(fmu,j11,j12)*Vec(nu10,q3)*Vec(
      nu13,q2)*Vec(nu9,-q2)*Vec(nu9,q3)*Vec(nu15,q2)*Deng(p4,xiz,M4)^2*Deng(q2
       + q3,xiw,M3)^2*Deng(p4 + q2 + q3,xiw,M3)^2*p4.p4*xiw^2*ufoGC58^2*
      ufoGC76*ufoGC69
       + 1/8*g_(1,6_,nu10)*g_(2,nu16)*FT2(g6)*FT2*g_(2,q3)*cFT(nu13,XX,i2,
      iufo11)*cFT(g7,XX,iufo11,j11)*flavourTag(fmu,j11,j12)*Vec(nu10,q3)*Vec(
      nu13,q2)*Vec(nu9,-q2)*Vec(nu9,q3)*Vec(nu15,q3)*Deng(p4,xiz,M4)^2*Deng(q2
       + q3,xiw,M3)^2*Deng(p4 + q2 + q3,xiw,M3)^2*p4.p4*xiw^2*ufoGC58^2*
      ufoGC76*ufoGC69
       - 1/8*g_(1,6_,nu10)*g_(2,nu16)*FT2(g6)*FT2*g_(2,q3)*cFT(nu13,XX,i2,
      iufo11)*cFT(g7,XX,iufo11,j11)*flavourTag(fmu,j11,j12)*Vec(nu10,q3)*Vec(
      nu13,q2)*Vec(nu9,-q2)*Vec(nu9,q3)*Vecr(nu16,p4)*Deng(p4,xiz,M4)*Deng(q2
       + q3,xiw,M3)^2*Deng(p4 + q2 + q3,xiw,M3)^2*xiw^2*ufoGC58^2*ufoGC76*
      ufoGC69
       + 1/8*g_(1,6_,nu10)*g_(2,nu16)*FT2(g6)*FT2*g_(2,q3)*cFT(nu13,XX,i2,
      iufo11)*cFT(g7,XX,iufo11,j11)*flavourTag(fmu,j11,j12)*Vec(nu10,q3)*Vec(
      nu13,q2)*Vec(nu9,-q2)*Vec(nu9,q3)*Vecr(nu15,p4)*Deng(p4,xiz,M4)^2*Deng(
      q2 + q3,xiw,M3)^2*Deng(p4 + q2 + q3,xiw,M3)^2*p4.p4*xiw^2*ufoGC58^2*
      ufoGC76*ufoGC69
       + 1/8*g_(1,6_,nu10)*g_(2,nu16)*FT2(g6)*FT2*g_(2,q3)*cFT(nu13,XX,i2,
      iufo11)*cFT(g7,XX,iufo11,j11)*flavourTag(fmu,j11,j12)*Vec(nu10,q3)*Vec(
      nu13,q2)*Vec(nu9,-q3)*Vec(nu9,q2)*Vec(nu15,q2)*Deng(p4,xiz,M4)^2*Deng(q2
       + q3,xiw,M3)^2*Deng(p4 + q2 + q3,xiw,M3)^2*p4.p4*xiw^2*ufoGC58^2*
      ufoGC76*ufoGC69
       + 1/8*g_(1,6_,nu10)*g_(2,nu16)*FT2(g6)*FT2*g_(2,q3)*cFT(nu13,XX,i2,
      iufo11)*cFT(g7,XX,iufo11,j11)*flavourTag(fmu,j11,j12)*Vec(nu10,q3)*Vec(
      nu13,q2)*Vec(nu9,-q3)*Vec(nu9,q2)*Vec(nu15,q3)*Deng(p4,xiz,M4)^2*Deng(q2
       + q3,xiw,M3)^2*Deng(p4 + q2 + q3,xiw,M3)^2*p4.p4*xiw^2*ufoGC58^2*
      ufoGC76*ufoGC69
       - 1/8*g_(1,6_,nu10)*g_(2,nu16)*FT2(g6)*FT2*g_(2,q3)*cFT(nu13,XX,i2,
      iufo11)*cFT(g7,XX,iufo11,j11)*flavourTag(fmu,j11,j12)*Vec(nu10,q3)*Vec(
      nu13,q2)*Vec(nu9,-q3)*Vec(nu9,q2)*Vecr(nu16,p4)*Deng(p4,xiz,M4)*Deng(q2
       + q3,xiw,M3)^2*Deng(p4 + q2 + q3,xiw,M3)^2*xiw^2*ufoGC58^2*ufoGC76*
      ufoGC69
       + 1/8*g_(1,6_,nu10)*g_(2,nu16)*FT2(g6)*FT2*g_(2,q3)*cFT(nu13,XX,i2,
      iufo11)*cFT(g7,XX,iufo11,j11)*flavourTag(fmu,j11,j12)*Vec(nu10,q3)*Vec(
      nu13,q2)*Vec(nu9,-q3)*Vec(nu9,q2)*Vecr(nu15,p4)*Deng(p4,xiz,M4)^2*Deng(
      q2 + q3,xiw,M3)^2*Deng(p4 + q2 + q3,xiw,M3)^2*p4.p4*xiw^2*ufoGC58^2*
      ufoGC76*ufoGC69
       + 1/8*g_(1,6_,nu10)*g_(2,nu16)*FT2(g6)*FT2*g_(2,q3)*cFT(nu13,XX,i2,
      iufo11)*cFT(g7,XX,iufo11,j11)*flavourTag(fmu,j11,j12)*Vec(nu10,q3)*Vec(
      nu13,q2)*Vec(nu9,-q3)*Vec(nu9,q3)*Vec(nu15,q2)*Deng(p4,xiz,M4)^2*Deng(q2
       + q3,xiw,M3)^2*Deng(p4 + q2 + q3,xiw,M3)^2*p4.p4*xiw^2*ufoGC58^2*
      ufoGC76*ufoGC69
       + 1/8*g_(1,6_,nu10)*g_(2,nu16)*FT2(g6)*FT2*g_(2,q3)*cFT(nu13,XX,i2,
      iufo11)*cFT(g7,XX,iufo11,j11)*flavourTag(fmu,j11,j12)*Vec(nu10,q3)*Vec(
      nu13,q2)*Vec(nu9,-q3)*Vec(nu9,q3)*Vec(nu15,q3)*Deng(p4,xiz,M4)^2*Deng(q2
       + q3,xiw,M3)^2*Deng(p4 + q2 + q3,xiw,M3)^2*p4.p4*xiw^2*ufoGC58^2*
      ufoGC76*ufoGC69
       - 1/8*g_(1,6_,nu10)*g_(2,nu16)*FT2(g6)*FT2*g_(2,q3)*cFT(nu13,XX,i2,
      iufo11)*cFT(g7,XX,iufo11,j11)*flavourTag(fmu,j11,j12)*Vec(nu10,q3)*Vec(
      nu13,q2)*Vec(nu9,-q3)*Vec(nu9,q3)*Vecr(nu16,p4)*Deng(p4,xiz,M4)*Deng(q2
       + q3,xiw,M3)^2*Deng(p4 + q2 + q3,xiw,M3)^2*xiw^2*ufoGC58^2*ufoGC76*
      ufoGC69
       + 1/8*g_(1,6_,nu10)*g_(2,nu16)*FT2(g6)*FT2*g_(2,q3)*cFT(nu13,XX,i2,
      iufo11)*cFT(g7,XX,iufo11,j11)*flavourTag(fmu,j11,j12)*Vec(nu10,q3)*Vec(
      nu13,q2)*Vec(nu9,-q3)*Vec(nu9,q3)*Vecr(nu15,p4)*Deng(p4,xiz,M4)^2*Deng(
      q2 + q3,xiw,M3)^2*Deng(p4 + q2 + q3,xiw,M3)^2*p4.p4*xiw^2*ufoGC58^2*
      ufoGC76*ufoGC69
       - 1/8*g_(1,6_,nu10)*g_(2,nu16)*FT2(g6)*FT2*g_(2,q3)*cFT(nu13,XX,i2,
      iufo11)*cFT(g7,XX,iufo11,j11)*flavourTag(fmu,j11,j12)*Vec(nu10,q3)*Vec(
      nu13,q2)*Vec(nu14,q2)^2*Vec(nu15,-p4)*Deng(p4,xiz,M4)^2*Deng(q2 + q3,xiw
      ,M3)^2*Deng(p4 + q2 + q3,xiw,M3)^2*p4.p4*xiw^2*ufoGC58^2*ufoGC76*ufoGC69
       - 1/8*g_(1,6_,nu10)*g_(2,nu16)*FT2(g6)*FT2*g_(2,q3)*cFT(nu13,XX,i2,
      iufo11)*cFT(g7,XX,iufo11,j11)*flavourTag(fmu,j11,j12)*Vec(nu10,q3)*Vec(
      nu13,q2)*Vec(nu14,q2)^2*Vec(nu15,-q2)*Deng(p4,xiz,M4)^2*Deng(q2 + q3,xiw
      ,M3)^2*Deng(p4 + q2 + q3,xiw,M3)^2*p4.p4*xiw^2*ufoGC58^2*ufoGC76*ufoGC69
       - 1/8*g_(1,6_,nu10)*g_(2,nu16)*FT2(g6)*FT2*g_(2,q3)*cFT(nu13,XX,i2,
      iufo11)*cFT(g7,XX,iufo11,j11)*flavourTag(fmu,j11,j12)*Vec(nu10,q3)*Vec(
      nu13,q2)*Vec(nu14,q2)^2*Vec(nu15,-q3)*Deng(p4,xiz,M4)^2*Deng(q2 + q3,xiw
      ,M3)^2*Deng(p4 + q2 + q3,xiw,M3)^2*p4.p4*xiw^2*ufoGC58^2*ufoGC76*ufoGC69
       - 1/4*g_(1,6_,nu10)*g_(2,nu16)*FT2(g6)*FT2*g_(2,q3)*cFT(nu13,XX,i2,
      iufo11)*cFT(g7,XX,iufo11,j11)*flavourTag(fmu,j11,j12)*Vec(nu10,q3)*Vec(
      nu13,q2)*Vec(nu14,q2)*Vec(nu14,q3)*Vec(nu15,-p4)*Deng(p4,xiz,M4)^2*Deng(
      q2 + q3,xiw,M3)^2*Deng(p4 + q2 + q3,xiw,M3)^2*p4.p4*xiw^2*ufoGC58^2*
      ufoGC76*ufoGC69
       - 1/4*g_(1,6_,nu10)*g_(2,nu16)*FT2(g6)*FT2*g_(2,q3)*cFT(nu13,XX,i2,
      iufo11)*cFT(g7,XX,iufo11,j11)*flavourTag(fmu,j11,j12)*Vec(nu10,q3)*Vec(
      nu13,q2)*Vec(nu14,q2)*Vec(nu14,q3)*Vec(nu15,-q2)*Deng(p4,xiz,M4)^2*Deng(
      q2 + q3,xiw,M3)^2*Deng(p4 + q2 + q3,xiw,M3)^2*p4.p4*xiw^2*ufoGC58^2*
      ufoGC76*ufoGC69
       - 1/4*g_(1,6_,nu10)*g_(2,nu16)*FT2(g6)*FT2*g_(2,q3)*cFT(nu13,XX,i2,
      iufo11)*cFT(g7,XX,iufo11,j11)*flavourTag(fmu,j11,j12)*Vec(nu10,q3)*Vec(
      nu13,q2)*Vec(nu14,q2)*Vec(nu14,q3)*Vec(nu15,-q3)*Deng(p4,xiz,M4)^2*Deng(
      q2 + q3,xiw,M3)^2*Deng(p4 + q2 + q3,xiw,M3)^2*p4.p4*xiw^2*ufoGC58^2*
      ufoGC76*ufoGC69
       + 1/8*g_(1,6_,nu10)*g_(2,nu16)*FT2(g6)*FT2*g_(2,q3)*cFT(nu13,XX,i2,
      iufo11)*cFT(g7,XX,iufo11,j11)*flavourTag(fmu,j11,j12)*Vec(nu10,q3)*Vec(
      nu13,q2)*Vec(nu14,q2)*Vec(nu15,q2)*Vecr(nu15,p4)*Deng(p4,xiz,M4)^2*Deng(
      q2 + q3,xiw,M3)^2*Deng(p4 + q2 + q3,xiw,M3)^2*p4.p4*xiw^2*ufoGC58^2*
      ufoGC76*ufoGC69
       + 1/8*g_(1,6_,nu10)*g_(2,nu16)*FT2(g6)*FT2*g_(2,q3)*cFT(nu13,XX,i2,
      iufo11)*cFT(g7,XX,iufo11,j11)*flavourTag(fmu,j11,j12)*Vec(nu10,q3)*Vec(
      nu13,q2)*Vec(nu14,q2)*Vec(nu15,q3)*Vecr(nu15,p4)*Deng(p4,xiz,M4)^2*Deng(
      q2 + q3,xiw,M3)^2*Deng(p4 + q2 + q3,xiw,M3)^2*p4.p4*xiw^2*ufoGC58^2*
      ufoGC76*ufoGC69
       - 1/8*g_(1,6_,nu10)*g_(2,nu16)*FT2(g6)*FT2*g_(2,q3)*cFT(nu13,XX,i2,
      iufo11)*cFT(g7,XX,iufo11,j11)*flavourTag(fmu,j11,j12)*Vec(nu10,q3)*Vec(
      nu13,q2)*Vec(nu14,q2)*Vec(nu15,-p4)*Vecr(nu15,p4)*Deng(p4,xiz,M4)^2*
      Deng(q2 + q3,xiw,M3)^2*Deng(p4 + q2 + q3,xiw,M3)^2*p4.p4*xiw^2*ufoGC58^2
      *ufoGC76*ufoGC69
       - 1/8*g_(1,6_,nu10)*g_(2,nu16)*FT2(g6)*FT2*g_(2,q3)*cFT(nu13,XX,i2,
      iufo11)*cFT(g7,XX,iufo11,j11)*flavourTag(fmu,j11,j12)*Vec(nu10,q3)*Vec(
      nu13,q2)*Vec(nu14,q2)*Vec(nu15,-q2)*Vecr(nu15,p4)*Deng(p4,xiz,M4)^2*
      Deng(q2 + q3,xiw,M3)^2*Deng(p4 + q2 + q3,xiw,M3)^2*p4.p4*xiw^2*ufoGC58^2
      *ufoGC76*ufoGC69
       - 1/8*g_(1,6_,nu10)*g_(2,nu16)*FT2(g6)*FT2*g_(2,q3)*cFT(nu13,XX,i2,
      iufo11)*cFT(g7,XX,iufo11,j11)*flavourTag(fmu,j11,j12)*Vec(nu10,q3)*Vec(
      nu13,q2)*Vec(nu14,q2)*Vec(nu15,-q3)*Vecr(nu15,p4)*Deng(p4,xiz,M4)^2*
      Deng(q2 + q3,xiw,M3)^2*Deng(p4 + q2 + q3,xiw,M3)^2*p4.p4*xiw^2*ufoGC58^2
      *ufoGC76*ufoGC69
       - 1/8*g_(1,6_,nu10)*g_(2,nu16)*FT2(g6)*FT2*g_(2,q3)*cFT(nu13,XX,i2,
      iufo11)*cFT(g7,XX,iufo11,j11)*flavourTag(fmu,j11,j12)*Vec(nu10,q3)*Vec(
      nu13,q2)*Vec(nu14,q3)^2*Vec(nu15,-p4)*Deng(p4,xiz,M4)^2*Deng(q2 + q3,xiw
      ,M3)^2*Deng(p4 + q2 + q3,xiw,M3)^2*p4.p4*xiw^2*ufoGC58^2*ufoGC76*ufoGC69
       - 1/8*g_(1,6_,nu10)*g_(2,nu16)*FT2(g6)*FT2*g_(2,q3)*cFT(nu13,XX,i2,
      iufo11)*cFT(g7,XX,iufo11,j11)*flavourTag(fmu,j11,j12)*Vec(nu10,q3)*Vec(
      nu13,q2)*Vec(nu14,q3)^2*Vec(nu15,-q2)*Deng(p4,xiz,M4)^2*Deng(q2 + q3,xiw
      ,M3)^2*Deng(p4 + q2 + q3,xiw,M3)^2*p4.p4*xiw^2*ufoGC58^2*ufoGC76*ufoGC69
       - 1/8*g_(1,6_,nu10)*g_(2,nu16)*FT2(g6)*FT2*g_(2,q3)*cFT(nu13,XX,i2,
      iufo11)*cFT(g7,XX,iufo11,j11)*flavourTag(fmu,j11,j12)*Vec(nu10,q3)*Vec(
      nu13,q2)*Vec(nu14,q3)^2*Vec(nu15,-q3)*Deng(p4,xiz,M4)^2*Deng(q2 + q3,xiw
      ,M3)^2*Deng(p4 + q2 + q3,xiw,M3)^2*p4.p4*xiw^2*ufoGC58^2*ufoGC76*ufoGC69
       + 1/8*g_(1,6_,nu10)*g_(2,nu16)*FT2(g6)*FT2*g_(2,q3)*cFT(nu13,XX,i2,
      iufo11)*cFT(g7,XX,iufo11,j11)*flavourTag(fmu,j11,j12)*Vec(nu10,q3)*Vec(
      nu13,q2)*Vec(nu14,q3)*Vec(nu15,q2)*Vecr(nu15,p4)*Deng(p4,xiz,M4)^2*Deng(
      q2 + q3,xiw,M3)^2*Deng(p4 + q2 + q3,xiw,M3)^2*p4.p4*xiw^2*ufoGC58^2*
      ufoGC76*ufoGC69
       + 1/8*g_(1,6_,nu10)*g_(2,nu16)*FT2(g6)*FT2*g_(2,q3)*cFT(nu13,XX,i2,
      iufo11)*cFT(g7,XX,iufo11,j11)*flavourTag(fmu,j11,j12)*Vec(nu10,q3)*Vec(
      nu13,q2)*Vec(nu14,q3)*Vec(nu15,q3)*Vecr(nu15,p4)*Deng(p4,xiz,M4)^2*Deng(
      q2 + q3,xiw,M3)^2*Deng(p4 + q2 + q3,xiw,M3)^2*p4.p4*xiw^2*ufoGC58^2*
      ufoGC76*ufoGC69
       - 1/8*g_(1,6_,nu10)*g_(2,nu16)*FT2(g6)*FT2*g_(2,q3)*cFT(nu13,XX,i2,
      iufo11)*cFT(g7,XX,iufo11,j11)*flavourTag(fmu,j11,j12)*Vec(nu10,q3)*Vec(
      nu13,q2)*Vec(nu14,q3)*Vec(nu15,-p4)*Vecr(nu15,p4)*Deng(p4,xiz,M4)^2*
      Deng(q2 + q3,xiw,M3)^2*Deng(p4 + q2 + q3,xiw,M3)^2*p4.p4*xiw^2*ufoGC58^2
      *ufoGC76*ufoGC69
       - 1/8*g_(1,6_,nu10)*g_(2,nu16)*FT2(g6)*FT2*g_(2,q3)*cFT(nu13,XX,i2,
      iufo11)*cFT(g7,XX,iufo11,j11)*flavourTag(fmu,j11,j12)*Vec(nu10,q3)*Vec(
      nu13,q2)*Vec(nu14,q3)*Vec(nu15,-q2)*Vecr(nu15,p4)*Deng(p4,xiz,M4)^2*
      Deng(q2 + q3,xiw,M3)^2*Deng(p4 + q2 + q3,xiw,M3)^2*p4.p4*xiw^2*ufoGC58^2
      *ufoGC76*ufoGC69
       - 1/8*g_(1,6_,nu10)*g_(2,nu16)*FT2(g6)*FT2*g_(2,q3)*cFT(nu13,XX,i2,
      iufo11)*cFT(g7,XX,iufo11,j11)*flavourTag(fmu,j11,j12)*Vec(nu10,q3)*Vec(
      nu13,q2)*Vec(nu14,q3)*Vec(nu15,-q3)*Vecr(nu15,p4)*Deng(p4,xiz,M4)^2*
      Deng(q2 + q3,xiw,M3)^2*Deng(p4 + q2 + q3,xiw,M3)^2*p4.p4*xiw^2*ufoGC58^2
      *ufoGC76*ufoGC69
       + 1/8*g_(1,6_,nu10)*g_(2,nu16)*FT2(g6)*FT2*g_(2,q3)*cFT(nu13,XX,i2,
      iufo11)*cFT(g7,XX,iufo11,j11)*flavourTag(fmu,j11,j12)*Vec(nu10,q3)*Vec(
      nu13,q2)*Vec(nu15,q2)*Deng(p4,xiz,M4)^2*Deng(q2 + q3,xiw,M3)^2*Deng(p4
       + q2 + q3,xiw,M3)^2*p4.p4^2*xiw^2*ufoGC58^2*ufoGC76*ufoGC69
       + 1/8*g_(1,6_,nu10)*g_(2,nu16)*FT2(g6)*FT2*g_(2,q3)*cFT(nu13,XX,i2,
      iufo11)*cFT(g7,XX,iufo11,j11)*flavourTag(fmu,j11,j12)*Vec(nu10,q3)*Vec(
      nu13,q2)*Vec(nu15,q3)*Deng(p4,xiz,M4)^2*Deng(q2 + q3,xiw,M3)^2*Deng(p4
       + q2 + q3,xiw,M3)^2*p4.p4^2*xiw^2*ufoGC58^2*ufoGC76*ufoGC69
       - 1/8*g_(1,6_,nu10)*g_(2,nu16)*FT2(g6)*FT2*g_(2,q3)*cFT(nu13,XX,i2,
      iufo11)*cFT(g7,XX,iufo11,j11)*flavourTag(fmu,j11,j12)*Vec(nu10,q3)*Vec(
      nu13,q3)*Vec(nu9,q2)*Vec(nu15,q2)*Vecr(nu15,p4)*Deng(p4,xiz,M4)^2*Deng(
      q2 + q3,xiw,M3)^2*Deng(p4 + q2 + q3,xiw,M3)^2*p4.p4*xiw^2*ufoGC58^2*
      ufoGC76*ufoGC69
       - 1/8*g_(1,6_,nu10)*g_(2,nu16)*FT2(g6)*FT2*g_(2,q3)*cFT(nu13,XX,i2,
      iufo11)*cFT(g7,XX,iufo11,j11)*flavourTag(fmu,j11,j12)*Vec(nu10,q3)*Vec(
      nu13,q3)*Vec(nu9,q2)*Vec(nu15,q3)*Vecr(nu15,p4)*Deng(p4,xiz,M4)^2*Deng(
      q2 + q3,xiw,M3)^2*Deng(p4 + q2 + q3,xiw,M3)^2*p4.p4*xiw^2*ufoGC58^2*
      ufoGC76*ufoGC69
       + 1/8*g_(1,6_,nu10)*g_(2,nu16)*FT2(g6)*FT2*g_(2,q3)*cFT(nu13,XX,i2,
      iufo11)*cFT(g7,XX,iufo11,j11)*flavourTag(fmu,j11,j12)*Vec(nu10,q3)*Vec(
      nu13,q3)*Vec(nu9,q2)*Deng(p4,xiz,M4)*Deng(q2 + q3,xiw,M3)^2*Deng(p4 + q2
       + q3,xiw,M3)^2*p4.p4*xiw^2*ufoGC58^2*ufoGC76*ufoGC69
       - 1/8*g_(1,6_,nu10)*g_(2,nu16)*FT2(g6)*FT2*g_(2,q3)*cFT(nu13,XX,i2,
      iufo11)*cFT(g7,XX,iufo11,j11)*flavourTag(fmu,j11,j12)*Vec(nu10,q3)*Vec(
      nu13,q3)*Vec(nu9,q2)*Deng(p4,xiz,M4)^2*Deng(q2 + q3,xiw,M3)^2*Deng(p4 + 
      q2 + q3,xiw,M3)^2*p4.p4^2*xiw^2*ufoGC58^2*ufoGC76*ufoGC69
       - 1/8*g_(1,6_,nu10)*g_(2,nu16)*FT2(g6)*FT2*g_(2,q3)*cFT(nu13,XX,i2,
      iufo11)*cFT(g7,XX,iufo11,j11)*flavourTag(fmu,j11,j12)*Vec(nu10,q3)*Vec(
      nu13,q3)*Vec(nu9,q3)*Vec(nu15,q2)*Vecr(nu15,p4)*Deng(p4,xiz,M4)^2*Deng(
      q2 + q3,xiw,M3)^2*Deng(p4 + q2 + q3,xiw,M3)^2*p4.p4*xiw^2*ufoGC58^2*
      ufoGC76*ufoGC69
       - 1/8*g_(1,6_,nu10)*g_(2,nu16)*FT2(g6)*FT2*g_(2,q3)*cFT(nu13,XX,i2,
      iufo11)*cFT(g7,XX,iufo11,j11)*flavourTag(fmu,j11,j12)*Vec(nu10,q3)*Vec(
      nu13,q3)*Vec(nu9,q3)*Vec(nu15,q3)*Vecr(nu15,p4)*Deng(p4,xiz,M4)^2*Deng(
      q2 + q3,xiw,M3)^2*Deng(p4 + q2 + q3,xiw,M3)^2*p4.p4*xiw^2*ufoGC58^2*
      ufoGC76*ufoGC69
       + 1/8*g_(1,6_,nu10)*g_(2,nu16)*FT2(g6)*FT2*g_(2,q3)*cFT(nu13,XX,i2,
      iufo11)*cFT(g7,XX,iufo11,j11)*flavourTag(fmu,j11,j12)*Vec(nu10,q3)*Vec(
      nu13,q3)*Vec(nu9,q3)*Deng(p4,xiz,M4)*Deng(q2 + q3,xiw,M3)^2*Deng(p4 + q2
       + q3,xiw,M3)^2*p4.p4*xiw^2*ufoGC58^2*ufoGC76*ufoGC69
       - 1/8*g_(1,6_,nu10)*g_(2,nu16)*FT2(g6)*FT2*g_(2,q3)*cFT(nu13,XX,i2,
      iufo11)*cFT(g7,XX,iufo11,j11)*flavourTag(fmu,j11,j12)*Vec(nu10,q3)*Vec(
      nu13,q3)*Vec(nu9,q3)*Deng(p4,xiz,M4)^2*Deng(q2 + q3,xiw,M3)^2*Deng(p4 + 
      q2 + q3,xiw,M3)^2*p4.p4^2*xiw^2*ufoGC58^2*ufoGC76*ufoGC69
       + 1/8*g_(1,6_,nu10)*g_(2,nu16)*FT2(g6)*FT2*g_(2,q3)*cFT(nu13,XX,i2,
      iufo11)*cFT(g7,XX,iufo11,j11)*flavourTag(fmu,j11,j12)*Vec(nu10,q3)*Vec(
      nu13,q3)*Vec(nu9,-p4)*Vec(nu9,q2)*Vec(nu15,q2)*Deng(p4,xiz,M4)^2*Deng(q2
       + q3,xiw,M3)^2*Deng(p4 + q2 + q3,xiw,M3)^2*p4.p4*xiw^2*ufoGC58^2*
      ufoGC76*ufoGC69
       + 1/8*g_(1,6_,nu10)*g_(2,nu16)*FT2(g6)*FT2*g_(2,q3)*cFT(nu13,XX,i2,
      iufo11)*cFT(g7,XX,iufo11,j11)*flavourTag(fmu,j11,j12)*Vec(nu10,q3)*Vec(
      nu13,q3)*Vec(nu9,-p4)*Vec(nu9,q2)*Vec(nu15,q3)*Deng(p4,xiz,M4)^2*Deng(q2
       + q3,xiw,M3)^2*Deng(p4 + q2 + q3,xiw,M3)^2*p4.p4*xiw^2*ufoGC58^2*
      ufoGC76*ufoGC69
       - 1/8*g_(1,6_,nu10)*g_(2,nu16)*FT2(g6)*FT2*g_(2,q3)*cFT(nu13,XX,i2,
      iufo11)*cFT(g7,XX,iufo11,j11)*flavourTag(fmu,j11,j12)*Vec(nu10,q3)*Vec(
      nu13,q3)*Vec(nu9,-p4)*Vec(nu9,q2)*Vecr(nu16,p4)*Deng(p4,xiz,M4)*Deng(q2
       + q3,xiw,M3)^2*Deng(p4 + q2 + q3,xiw,M3)^2*xiw^2*ufoGC58^2*ufoGC76*
      ufoGC69
       + 1/8*g_(1,6_,nu10)*g_(2,nu16)*FT2(g6)*FT2*g_(2,q3)*cFT(nu13,XX,i2,
      iufo11)*cFT(g7,XX,iufo11,j11)*flavourTag(fmu,j11,j12)*Vec(nu10,q3)*Vec(
      nu13,q3)*Vec(nu9,-p4)*Vec(nu9,q2)*Vecr(nu15,p4)*Deng(p4,xiz,M4)^2*Deng(
      q2 + q3,xiw,M3)^2*Deng(p4 + q2 + q3,xiw,M3)^2*p4.p4*xiw^2*ufoGC58^2*
      ufoGC76*ufoGC69
       + 1/8*g_(1,6_,nu10)*g_(2,nu16)*FT2(g6)*FT2*g_(2,q3)*cFT(nu13,XX,i2,
      iufo11)*cFT(g7,XX,iufo11,j11)*flavourTag(fmu,j11,j12)*Vec(nu10,q3)*Vec(
      nu13,q3)*Vec(nu9,-p4)*Vec(nu9,q3)*Vec(nu15,q2)*Deng(p4,xiz,M4)^2*Deng(q2
       + q3,xiw,M3)^2*Deng(p4 + q2 + q3,xiw,M3)^2*p4.p4*xiw^2*ufoGC58^2*
      ufoGC76*ufoGC69
       + 1/8*g_(1,6_,nu10)*g_(2,nu16)*FT2(g6)*FT2*g_(2,q3)*cFT(nu13,XX,i2,
      iufo11)*cFT(g7,XX,iufo11,j11)*flavourTag(fmu,j11,j12)*Vec(nu10,q3)*Vec(
      nu13,q3)*Vec(nu9,-p4)*Vec(nu9,q3)*Vec(nu15,q3)*Deng(p4,xiz,M4)^2*Deng(q2
       + q3,xiw,M3)^2*Deng(p4 + q2 + q3,xiw,M3)^2*p4.p4*xiw^2*ufoGC58^2*
      ufoGC76*ufoGC69
       - 1/8*g_(1,6_,nu10)*g_(2,nu16)*FT2(g6)*FT2*g_(2,q3)*cFT(nu13,XX,i2,
      iufo11)*cFT(g7,XX,iufo11,j11)*flavourTag(fmu,j11,j12)*Vec(nu10,q3)*Vec(
      nu13,q3)*Vec(nu9,-p4)*Vec(nu9,q3)*Vecr(nu16,p4)*Deng(p4,xiz,M4)*Deng(q2
       + q3,xiw,M3)^2*Deng(p4 + q2 + q3,xiw,M3)^2*xiw^2*ufoGC58^2*ufoGC76*
      ufoGC69
       + 1/8*g_(1,6_,nu10)*g_(2,nu16)*FT2(g6)*FT2*g_(2,q3)*cFT(nu13,XX,i2,
      iufo11)*cFT(g7,XX,iufo11,j11)*flavourTag(fmu,j11,j12)*Vec(nu10,q3)*Vec(
      nu13,q3)*Vec(nu9,-p4)*Vec(nu9,q3)*Vecr(nu15,p4)*Deng(p4,xiz,M4)^2*Deng(
      q2 + q3,xiw,M3)^2*Deng(p4 + q2 + q3,xiw,M3)^2*p4.p4*xiw^2*ufoGC58^2*
      ufoGC76*ufoGC69
       + 1/8*g_(1,6_,nu10)*g_(2,nu16)*FT2(g6)*FT2*g_(2,q3)*cFT(nu13,XX,i2,
      iufo11)*cFT(g7,XX,iufo11,j11)*flavourTag(fmu,j11,j12)*Vec(nu10,q3)*Vec(
      nu13,q3)*Vec(nu9,-q2)*Vec(nu9,q2)*Vec(nu15,q2)*Deng(p4,xiz,M4)^2*Deng(q2
       + q3,xiw,M3)^2*Deng(p4 + q2 + q3,xiw,M3)^2*p4.p4*xiw^2*ufoGC58^2*
      ufoGC76*ufoGC69
       + 1/8*g_(1,6_,nu10)*g_(2,nu16)*FT2(g6)*FT2*g_(2,q3)*cFT(nu13,XX,i2,
      iufo11)*cFT(g7,XX,iufo11,j11)*flavourTag(fmu,j11,j12)*Vec(nu10,q3)*Vec(
      nu13,q3)*Vec(nu9,-q2)*Vec(nu9,q2)*Vec(nu15,q3)*Deng(p4,xiz,M4)^2*Deng(q2
       + q3,xiw,M3)^2*Deng(p4 + q2 + q3,xiw,M3)^2*p4.p4*xiw^2*ufoGC58^2*
      ufoGC76*ufoGC69
       - 1/8*g_(1,6_,nu10)*g_(2,nu16)*FT2(g6)*FT2*g_(2,q3)*cFT(nu13,XX,i2,
      iufo11)*cFT(g7,XX,iufo11,j11)*flavourTag(fmu,j11,j12)*Vec(nu10,q3)*Vec(
      nu13,q3)*Vec(nu9,-q2)*Vec(nu9,q2)*Vecr(nu16,p4)*Deng(p4,xiz,M4)*Deng(q2
       + q3,xiw,M3)^2*Deng(p4 + q2 + q3,xiw,M3)^2*xiw^2*ufoGC58^2*ufoGC76*
      ufoGC69
       + 1/8*g_(1,6_,nu10)*g_(2,nu16)*FT2(g6)*FT2*g_(2,q3)*cFT(nu13,XX,i2,
      iufo11)*cFT(g7,XX,iufo11,j11)*flavourTag(fmu,j11,j12)*Vec(nu10,q3)*Vec(
      nu13,q3)*Vec(nu9,-q2)*Vec(nu9,q2)*Vecr(nu15,p4)*Deng(p4,xiz,M4)^2*Deng(
      q2 + q3,xiw,M3)^2*Deng(p4 + q2 + q3,xiw,M3)^2*p4.p4*xiw^2*ufoGC58^2*
      ufoGC76*ufoGC69
       + 1/8*g_(1,6_,nu10)*g_(2,nu16)*FT2(g6)*FT2*g_(2,q3)*cFT(nu13,XX,i2,
      iufo11)*cFT(g7,XX,iufo11,j11)*flavourTag(fmu,j11,j12)*Vec(nu10,q3)*Vec(
      nu13,q3)*Vec(nu9,-q2)*Vec(nu9,q3)*Vec(nu15,q2)*Deng(p4,xiz,M4)^2*Deng(q2
       + q3,xiw,M3)^2*Deng(p4 + q2 + q3,xiw,M3)^2*p4.p4*xiw^2*ufoGC58^2*
      ufoGC76*ufoGC69
       + 1/8*g_(1,6_,nu10)*g_(2,nu16)*FT2(g6)*FT2*g_(2,q3)*cFT(nu13,XX,i2,
      iufo11)*cFT(g7,XX,iufo11,j11)*flavourTag(fmu,j11,j12)*Vec(nu10,q3)*Vec(
      nu13,q3)*Vec(nu9,-q2)*Vec(nu9,q3)*Vec(nu15,q3)*Deng(p4,xiz,M4)^2*Deng(q2
       + q3,xiw,M3)^2*Deng(p4 + q2 + q3,xiw,M3)^2*p4.p4*xiw^2*ufoGC58^2*
      ufoGC76*ufoGC69
       - 1/8*g_(1,6_,nu10)*g_(2,nu16)*FT2(g6)*FT2*g_(2,q3)*cFT(nu13,XX,i2,
      iufo11)*cFT(g7,XX,iufo11,j11)*flavourTag(fmu,j11,j12)*Vec(nu10,q3)*Vec(
      nu13,q3)*Vec(nu9,-q2)*Vec(nu9,q3)*Vecr(nu16,p4)*Deng(p4,xiz,M4)*Deng(q2
       + q3,xiw,M3)^2*Deng(p4 + q2 + q3,xiw,M3)^2*xiw^2*ufoGC58^2*ufoGC76*
      ufoGC69
       + 1/8*g_(1,6_,nu10)*g_(2,nu16)*FT2(g6)*FT2*g_(2,q3)*cFT(nu13,XX,i2,
      iufo11)*cFT(g7,XX,iufo11,j11)*flavourTag(fmu,j11,j12)*Vec(nu10,q3)*Vec(
      nu13,q3)*Vec(nu9,-q2)*Vec(nu9,q3)*Vecr(nu15,p4)*Deng(p4,xiz,M4)^2*Deng(
      q2 + q3,xiw,M3)^2*Deng(p4 + q2 + q3,xiw,M3)^2*p4.p4*xiw^2*ufoGC58^2*
      ufoGC76*ufoGC69
       + 1/8*g_(1,6_,nu10)*g_(2,nu16)*FT2(g6)*FT2*g_(2,q3)*cFT(nu13,XX,i2,
      iufo11)*cFT(g7,XX,iufo11,j11)*flavourTag(fmu,j11,j12)*Vec(nu10,q3)*Vec(
      nu13,q3)*Vec(nu9,-q3)*Vec(nu9,q2)*Vec(nu15,q2)*Deng(p4,xiz,M4)^2*Deng(q2
       + q3,xiw,M3)^2*Deng(p4 + q2 + q3,xiw,M3)^2*p4.p4*xiw^2*ufoGC58^2*
      ufoGC76*ufoGC69
       + 1/8*g_(1,6_,nu10)*g_(2,nu16)*FT2(g6)*FT2*g_(2,q3)*cFT(nu13,XX,i2,
      iufo11)*cFT(g7,XX,iufo11,j11)*flavourTag(fmu,j11,j12)*Vec(nu10,q3)*Vec(
      nu13,q3)*Vec(nu9,-q3)*Vec(nu9,q2)*Vec(nu15,q3)*Deng(p4,xiz,M4)^2*Deng(q2
       + q3,xiw,M3)^2*Deng(p4 + q2 + q3,xiw,M3)^2*p4.p4*xiw^2*ufoGC58^2*
      ufoGC76*ufoGC69
       - 1/8*g_(1,6_,nu10)*g_(2,nu16)*FT2(g6)*FT2*g_(2,q3)*cFT(nu13,XX,i2,
      iufo11)*cFT(g7,XX,iufo11,j11)*flavourTag(fmu,j11,j12)*Vec(nu10,q3)*Vec(
      nu13,q3)*Vec(nu9,-q3)*Vec(nu9,q2)*Vecr(nu16,p4)*Deng(p4,xiz,M4)*Deng(q2
       + q3,xiw,M3)^2*Deng(p4 + q2 + q3,xiw,M3)^2*xiw^2*ufoGC58^2*ufoGC76*
      ufoGC69
       + 1/8*g_(1,6_,nu10)*g_(2,nu16)*FT2(g6)*FT2*g_(2,q3)*cFT(nu13,XX,i2,
      iufo11)*cFT(g7,XX,iufo11,j11)*flavourTag(fmu,j11,j12)*Vec(nu10,q3)*Vec(
      nu13,q3)*Vec(nu9,-q3)*Vec(nu9,q2)*Vecr(nu15,p4)*Deng(p4,xiz,M4)^2*Deng(
      q2 + q3,xiw,M3)^2*Deng(p4 + q2 + q3,xiw,M3)^2*p4.p4*xiw^2*ufoGC58^2*
      ufoGC76*ufoGC69
       + 1/8*g_(1,6_,nu10)*g_(2,nu16)*FT2(g6)*FT2*g_(2,q3)*cFT(nu13,XX,i2,
      iufo11)*cFT(g7,XX,iufo11,j11)*flavourTag(fmu,j11,j12)*Vec(nu10,q3)*Vec(
      nu13,q3)*Vec(nu9,-q3)*Vec(nu9,q3)*Vec(nu15,q2)*Deng(p4,xiz,M4)^2*Deng(q2
       + q3,xiw,M3)^2*Deng(p4 + q2 + q3,xiw,M3)^2*p4.p4*xiw^2*ufoGC58^2*
      ufoGC76*ufoGC69
       + 1/8*g_(1,6_,nu10)*g_(2,nu16)*FT2(g6)*FT2*g_(2,q3)*cFT(nu13,XX,i2,
      iufo11)*cFT(g7,XX,iufo11,j11)*flavourTag(fmu,j11,j12)*Vec(nu10,q3)*Vec(
      nu13,q3)*Vec(nu9,-q3)*Vec(nu9,q3)*Vec(nu15,q3)*Deng(p4,xiz,M4)^2*Deng(q2
       + q3,xiw,M3)^2*Deng(p4 + q2 + q3,xiw,M3)^2*p4.p4*xiw^2*ufoGC58^2*
      ufoGC76*ufoGC69
       - 1/8*g_(1,6_,nu10)*g_(2,nu16)*FT2(g6)*FT2*g_(2,q3)*cFT(nu13,XX,i2,
      iufo11)*cFT(g7,XX,iufo11,j11)*flavourTag(fmu,j11,j12)*Vec(nu10,q3)*Vec(
      nu13,q3)*Vec(nu9,-q3)*Vec(nu9,q3)*Vecr(nu16,p4)*Deng(p4,xiz,M4)*Deng(q2
       + q3,xiw,M3)^2*Deng(p4 + q2 + q3,xiw,M3)^2*xiw^2*ufoGC58^2*ufoGC76*
      ufoGC69
       + 1/8*g_(1,6_,nu10)*g_(2,nu16)*FT2(g6)*FT2*g_(2,q3)*cFT(nu13,XX,i2,
      iufo11)*cFT(g7,XX,iufo11,j11)*flavourTag(fmu,j11,j12)*Vec(nu10,q3)*Vec(
      nu13,q3)*Vec(nu9,-q3)*Vec(nu9,q3)*Vecr(nu15,p4)*Deng(p4,xiz,M4)^2*Deng(
      q2 + q3,xiw,M3)^2*Deng(p4 + q2 + q3,xiw,M3)^2*p4.p4*xiw^2*ufoGC58^2*
      ufoGC76*ufoGC69
       - 1/8*g_(1,6_,nu10)*g_(2,nu16)*FT2(g6)*FT2*g_(2,q3)*cFT(nu13,XX,i2,
      iufo11)*cFT(g7,XX,iufo11,j11)*flavourTag(fmu,j11,j12)*Vec(nu10,q3)*Vec(
      nu13,q3)*Vec(nu14,q2)^2*Vec(nu15,-p4)*Deng(p4,xiz,M4)^2*Deng(q2 + q3,xiw
      ,M3)^2*Deng(p4 + q2 + q3,xiw,M3)^2*p4.p4*xiw^2*ufoGC58^2*ufoGC76*ufoGC69
       - 1/8*g_(1,6_,nu10)*g_(2,nu16)*FT2(g6)*FT2*g_(2,q3)*cFT(nu13,XX,i2,
      iufo11)*cFT(g7,XX,iufo11,j11)*flavourTag(fmu,j11,j12)*Vec(nu10,q3)*Vec(
      nu13,q3)*Vec(nu14,q2)^2*Vec(nu15,-q2)*Deng(p4,xiz,M4)^2*Deng(q2 + q3,xiw
      ,M3)^2*Deng(p4 + q2 + q3,xiw,M3)^2*p4.p4*xiw^2*ufoGC58^2*ufoGC76*ufoGC69
       - 1/8*g_(1,6_,nu10)*g_(2,nu16)*FT2(g6)*FT2*g_(2,q3)*cFT(nu13,XX,i2,
      iufo11)*cFT(g7,XX,iufo11,j11)*flavourTag(fmu,j11,j12)*Vec(nu10,q3)*Vec(
      nu13,q3)*Vec(nu14,q2)^2*Vec(nu15,-q3)*Deng(p4,xiz,M4)^2*Deng(q2 + q3,xiw
      ,M3)^2*Deng(p4 + q2 + q3,xiw,M3)^2*p4.p4*xiw^2*ufoGC58^2*ufoGC76*ufoGC69
       - 1/4*g_(1,6_,nu10)*g_(2,nu16)*FT2(g6)*FT2*g_(2,q3)*cFT(nu13,XX,i2,
      iufo11)*cFT(g7,XX,iufo11,j11)*flavourTag(fmu,j11,j12)*Vec(nu10,q3)*Vec(
      nu13,q3)*Vec(nu14,q2)*Vec(nu14,q3)*Vec(nu15,-p4)*Deng(p4,xiz,M4)^2*Deng(
      q2 + q3,xiw,M3)^2*Deng(p4 + q2 + q3,xiw,M3)^2*p4.p4*xiw^2*ufoGC58^2*
      ufoGC76*ufoGC69
       - 1/4*g_(1,6_,nu10)*g_(2,nu16)*FT2(g6)*FT2*g_(2,q3)*cFT(nu13,XX,i2,
      iufo11)*cFT(g7,XX,iufo11,j11)*flavourTag(fmu,j11,j12)*Vec(nu10,q3)*Vec(
      nu13,q3)*Vec(nu14,q2)*Vec(nu14,q3)*Vec(nu15,-q2)*Deng(p4,xiz,M4)^2*Deng(
      q2 + q3,xiw,M3)^2*Deng(p4 + q2 + q3,xiw,M3)^2*p4.p4*xiw^2*ufoGC58^2*
      ufoGC76*ufoGC69
       - 1/4*g_(1,6_,nu10)*g_(2,nu16)*FT2(g6)*FT2*g_(2,q3)*cFT(nu13,XX,i2,
      iufo11)*cFT(g7,XX,iufo11,j11)*flavourTag(fmu,j11,j12)*Vec(nu10,q3)*Vec(
      nu13,q3)*Vec(nu14,q2)*Vec(nu14,q3)*Vec(nu15,-q3)*Deng(p4,xiz,M4)^2*Deng(
      q2 + q3,xiw,M3)^2*Deng(p4 + q2 + q3,xiw,M3)^2*p4.p4*xiw^2*ufoGC58^2*
      ufoGC76*ufoGC69
       + 1/8*g_(1,6_,nu10)*g_(2,nu16)*FT2(g6)*FT2*g_(2,q3)*cFT(nu13,XX,i2,
      iufo11)*cFT(g7,XX,iufo11,j11)*flavourTag(fmu,j11,j12)*Vec(nu10,q3)*Vec(
      nu13,q3)*Vec(nu14,q2)*Vec(nu15,q2)*Vecr(nu15,p4)*Deng(p4,xiz,M4)^2*Deng(
      q2 + q3,xiw,M3)^2*Deng(p4 + q2 + q3,xiw,M3)^2*p4.p4*xiw^2*ufoGC58^2*
      ufoGC76*ufoGC69
       + 1/8*g_(1,6_,nu10)*g_(2,nu16)*FT2(g6)*FT2*g_(2,q3)*cFT(nu13,XX,i2,
      iufo11)*cFT(g7,XX,iufo11,j11)*flavourTag(fmu,j11,j12)*Vec(nu10,q3)*Vec(
      nu13,q3)*Vec(nu14,q2)*Vec(nu15,q3)*Vecr(nu15,p4)*Deng(p4,xiz,M4)^2*Deng(
      q2 + q3,xiw,M3)^2*Deng(p4 + q2 + q3,xiw,M3)^2*p4.p4*xiw^2*ufoGC58^2*
      ufoGC76*ufoGC69
       - 1/8*g_(1,6_,nu10)*g_(2,nu16)*FT2(g6)*FT2*g_(2,q3)*cFT(nu13,XX,i2,
      iufo11)*cFT(g7,XX,iufo11,j11)*flavourTag(fmu,j11,j12)*Vec(nu10,q3)*Vec(
      nu13,q3)*Vec(nu14,q2)*Vec(nu15,-p4)*Vecr(nu15,p4)*Deng(p4,xiz,M4)^2*
      Deng(q2 + q3,xiw,M3)^2*Deng(p4 + q2 + q3,xiw,M3)^2*p4.p4*xiw^2*ufoGC58^2
      *ufoGC76*ufoGC69
       - 1/8*g_(1,6_,nu10)*g_(2,nu16)*FT2(g6)*FT2*g_(2,q3)*cFT(nu13,XX,i2,
      iufo11)*cFT(g7,XX,iufo11,j11)*flavourTag(fmu,j11,j12)*Vec(nu10,q3)*Vec(
      nu13,q3)*Vec(nu14,q2)*Vec(nu15,-q2)*Vecr(nu15,p4)*Deng(p4,xiz,M4)^2*
      Deng(q2 + q3,xiw,M3)^2*Deng(p4 + q2 + q3,xiw,M3)^2*p4.p4*xiw^2*ufoGC58^2
      *ufoGC76*ufoGC69
       - 1/8*g_(1,6_,nu10)*g_(2,nu16)*FT2(g6)*FT2*g_(2,q3)*cFT(nu13,XX,i2,
      iufo11)*cFT(g7,XX,iufo11,j11)*flavourTag(fmu,j11,j12)*Vec(nu10,q3)*Vec(
      nu13,q3)*Vec(nu14,q2)*Vec(nu15,-q3)*Vecr(nu15,p4)*Deng(p4,xiz,M4)^2*
      Deng(q2 + q3,xiw,M3)^2*Deng(p4 + q2 + q3,xiw,M3)^2*p4.p4*xiw^2*ufoGC58^2
      *ufoGC76*ufoGC69
       - 1/8*g_(1,6_,nu10)*g_(2,nu16)*FT2(g6)*FT2*g_(2,q3)*cFT(nu13,XX,i2,
      iufo11)*cFT(g7,XX,iufo11,j11)*flavourTag(fmu,j11,j12)*Vec(nu10,q3)*Vec(
      nu13,q3)*Vec(nu14,q3)^2*Vec(nu15,-p4)*Deng(p4,xiz,M4)^2*Deng(q2 + q3,xiw
      ,M3)^2*Deng(p4 + q2 + q3,xiw,M3)^2*p4.p4*xiw^2*ufoGC58^2*ufoGC76*ufoGC69
       - 1/8*g_(1,6_,nu10)*g_(2,nu16)*FT2(g6)*FT2*g_(2,q3)*cFT(nu13,XX,i2,
      iufo11)*cFT(g7,XX,iufo11,j11)*flavourTag(fmu,j11,j12)*Vec(nu10,q3)*Vec(
      nu13,q3)*Vec(nu14,q3)^2*Vec(nu15,-q2)*Deng(p4,xiz,M4)^2*Deng(q2 + q3,xiw
      ,M3)^2*Deng(p4 + q2 + q3,xiw,M3)^2*p4.p4*xiw^2*ufoGC58^2*ufoGC76*ufoGC69
       - 1/8*g_(1,6_,nu10)*g_(2,nu16)*FT2(g6)*FT2*g_(2,q3)*cFT(nu13,XX,i2,
      iufo11)*cFT(g7,XX,iufo11,j11)*flavourTag(fmu,j11,j12)*Vec(nu10,q3)*Vec(
      nu13,q3)*Vec(nu14,q3)^2*Vec(nu15,-q3)*Deng(p4,xiz,M4)^2*Deng(q2 + q3,xiw
      ,M3)^2*Deng(p4 + q2 + q3,xiw,M3)^2*p4.p4*xiw^2*ufoGC58^2*ufoGC76*ufoGC69
       + 1/8*g_(1,6_,nu10)*g_(2,nu16)*FT2(g6)*FT2*g_(2,q3)*cFT(nu13,XX,i2,
      iufo11)*cFT(g7,XX,iufo11,j11)*flavourTag(fmu,j11,j12)*Vec(nu10,q3)*Vec(
      nu13,q3)*Vec(nu14,q3)*Vec(nu15,q2)*Vecr(nu15,p4)*Deng(p4,xiz,M4)^2*Deng(
      q2 + q3,xiw,M3)^2*Deng(p4 + q2 + q3,xiw,M3)^2*p4.p4*xiw^2*ufoGC58^2*
      ufoGC76*ufoGC69
       + 1/8*g_(1,6_,nu10)*g_(2,nu16)*FT2(g6)*FT2*g_(2,q3)*cFT(nu13,XX,i2,
      iufo11)*cFT(g7,XX,iufo11,j11)*flavourTag(fmu,j11,j12)*Vec(nu10,q3)*Vec(
      nu13,q3)*Vec(nu14,q3)*Vec(nu15,q3)*Vecr(nu15,p4)*Deng(p4,xiz,M4)^2*Deng(
      q2 + q3,xiw,M3)^2*Deng(p4 + q2 + q3,xiw,M3)^2*p4.p4*xiw^2*ufoGC58^2*
      ufoGC76*ufoGC69
       - 1/8*g_(1,6_,nu10)*g_(2,nu16)*FT2(g6)*FT2*g_(2,q3)*cFT(nu13,XX,i2,
      iufo11)*cFT(g7,XX,iufo11,j11)*flavourTag(fmu,j11,j12)*Vec(nu10,q3)*Vec(
      nu13,q3)*Vec(nu14,q3)*Vec(nu15,-p4)*Vecr(nu15,p4)*Deng(p4,xiz,M4)^2*
      Deng(q2 + q3,xiw,M3)^2*Deng(p4 + q2 + q3,xiw,M3)^2*p4.p4*xiw^2*ufoGC58^2
      *ufoGC76*ufoGC69
       - 1/8*g_(1,6_,nu10)*g_(2,nu16)*FT2(g6)*FT2*g_(2,q3)*cFT(nu13,XX,i2,
      iufo11)*cFT(g7,XX,iufo11,j11)*flavourTag(fmu,j11,j12)*Vec(nu10,q3)*Vec(
      nu13,q3)*Vec(nu14,q3)*Vec(nu15,-q2)*Vecr(nu15,p4)*Deng(p4,xiz,M4)^2*
      Deng(q2 + q3,xiw,M3)^2*Deng(p4 + q2 + q3,xiw,M3)^2*p4.p4*xiw^2*ufoGC58^2
      *ufoGC76*ufoGC69
       - 1/8*g_(1,6_,nu10)*g_(2,nu16)*FT2(g6)*FT2*g_(2,q3)*cFT(nu13,XX,i2,
      iufo11)*cFT(g7,XX,iufo11,j11)*flavourTag(fmu,j11,j12)*Vec(nu10,q3)*Vec(
      nu13,q3)*Vec(nu14,q3)*Vec(nu15,-q3)*Vecr(nu15,p4)*Deng(p4,xiz,M4)^2*
      Deng(q2 + q3,xiw,M3)^2*Deng(p4 + q2 + q3,xiw,M3)^2*p4.p4*xiw^2*ufoGC58^2
      *ufoGC76*ufoGC69
       + 1/8*g_(1,6_,nu10)*g_(2,nu16)*FT2(g6)*FT2*g_(2,q3)*cFT(nu13,XX,i2,
      iufo11)*cFT(g7,XX,iufo11,j11)*flavourTag(fmu,j11,j12)*Vec(nu10,q3)*Vec(
      nu13,q3)*Vec(nu15,q2)*Deng(p4,xiz,M4)^2*Deng(q2 + q3,xiw,M3)^2*Deng(p4
       + q2 + q3,xiw,M3)^2*p4.p4^2*xiw^2*ufoGC58^2*ufoGC76*ufoGC69
       + 1/8*g_(1,6_,nu10)*g_(2,nu16)*FT2(g6)*FT2*g_(2,q3)*cFT(nu13,XX,i2,
      iufo11)*cFT(g7,XX,iufo11,j11)*flavourTag(fmu,j11,j12)*Vec(nu10,q3)*Vec(
      nu13,q3)*Vec(nu15,q3)*Deng(p4,xiz,M4)^2*Deng(q2 + q3,xiw,M3)^2*Deng(p4
       + q2 + q3,xiw,M3)^2*p4.p4^2*xiw^2*ufoGC58^2*ufoGC76*ufoGC69
       - 1/8*g_(1,6_,nu10)*g_(2,nu16)*FT2(g6)*FT2*g_(2,q3)*cFT(nu13,XX,i2,
      iufo11)*cFT(g7,XX,iufo11,j11)*flavourTag(fmu,j11,j12)*Vec(nu10,q3)*Vec(
      nu9,q2)*Vec(nu15,q2)*Deng(p4,xiz,M4)^2*Deng(q2 + q3,xiw,M3)^2*Deng(p4 + 
      q2 + q3,xiw,M3)^2*p4.p4^2*xiw^2*ufoGC58^2*ufoGC76*ufoGC69
       - 1/8*g_(1,6_,nu10)*g_(2,nu16)*FT2(g6)*FT2*g_(2,q3)*cFT(nu13,XX,i2,
      iufo11)*cFT(g7,XX,iufo11,j11)*flavourTag(fmu,j11,j12)*Vec(nu10,q3)*Vec(
      nu9,q2)*Vec(nu15,q3)*Deng(p4,xiz,M4)^2*Deng(q2 + q3,xiw,M3)^2*Deng(p4 + 
      q2 + q3,xiw,M3)^2*p4.p4^2*xiw^2*ufoGC58^2*ufoGC76*ufoGC69
       + 1/8*g_(1,6_,nu10)*g_(2,nu16)*FT2(g6)*FT2*g_(2,q3)*cFT(nu13,XX,i2,
      iufo11)*cFT(g7,XX,iufo11,j11)*flavourTag(fmu,j11,j12)*Vec(nu10,q3)*Vec(
      nu9,q2)*Vecr(nu9,p4)*Deng(p4,xiz,M4)*Deng(q2 + q3,xiw,M3)^2*Deng(p4 + q2
       + q3,xiw,M3)^2*p4.p4*xiw^2*ufoGC58^2*ufoGC76*ufoGC69
       - 1/8*g_(1,6_,nu10)*g_(2,nu16)*FT2(g6)*FT2*g_(2,q3)*cFT(nu13,XX,i2,
      iufo11)*cFT(g7,XX,iufo11,j11)*flavourTag(fmu,j11,j12)*Vec(nu10,q3)*Vec(
      nu9,q2)*Vecr(nu15,p4)*Deng(p4,xiz,M4)^2*Deng(q2 + q3,xiw,M3)^2*Deng(p4
       + q2 + q3,xiw,M3)^2*p4.p4^2*xiw^2*ufoGC58^2*ufoGC76*ufoGC69
       - 1/8*g_(1,6_,nu10)*g_(2,nu16)*FT2(g6)*FT2*g_(2,q3)*cFT(nu13,XX,i2,
      iufo11)*cFT(g7,XX,iufo11,j11)*flavourTag(fmu,j11,j12)*Vec(nu10,q3)*Vec(
      nu9,q3)*Vec(nu15,q2)*Deng(p4,xiz,M4)^2*Deng(q2 + q3,xiw,M3)^2*Deng(p4 + 
      q2 + q3,xiw,M3)^2*p4.p4^2*xiw^2*ufoGC58^2*ufoGC76*ufoGC69
       - 1/8*g_(1,6_,nu10)*g_(2,nu16)*FT2(g6)*FT2*g_(2,q3)*cFT(nu13,XX,i2,
      iufo11)*cFT(g7,XX,iufo11,j11)*flavourTag(fmu,j11,j12)*Vec(nu10,q3)*Vec(
      nu9,q3)*Vec(nu15,q3)*Deng(p4,xiz,M4)^2*Deng(q2 + q3,xiw,M3)^2*Deng(p4 + 
      q2 + q3,xiw,M3)^2*p4.p4^2*xiw^2*ufoGC58^2*ufoGC76*ufoGC69
       + 1/8*g_(1,6_,nu10)*g_(2,nu16)*FT2(g6)*FT2*g_(2,q3)*cFT(nu13,XX,i2,
      iufo11)*cFT(g7,XX,iufo11,j11)*flavourTag(fmu,j11,j12)*Vec(nu10,q3)*Vec(
      nu9,q3)*Vecr(nu9,p4)*Deng(p4,xiz,M4)*Deng(q2 + q3,xiw,M3)^2*Deng(p4 + q2
       + q3,xiw,M3)^2*p4.p4*xiw^2*ufoGC58^2*ufoGC76*ufoGC69
       - 1/8*g_(1,6_,nu10)*g_(2,nu16)*FT2(g6)*FT2*g_(2,q3)*cFT(nu13,XX,i2,
      iufo11)*cFT(g7,XX,iufo11,j11)*flavourTag(fmu,j11,j12)*Vec(nu10,q3)*Vec(
      nu9,q3)*Vecr(nu15,p4)*Deng(p4,xiz,M4)^2*Deng(q2 + q3,xiw,M3)^2*Deng(p4
       + q2 + q3,xiw,M3)^2*p4.p4^2*xiw^2*ufoGC58^2*ufoGC76*ufoGC69
       + 1/8*g_(1,6_,nu10)*g_(2,nu16)*FT2(g6)*FT2*g_(2,q3)*cFT(nu13,XX,i2,
      iufo11)*cFT(g7,XX,iufo11,j11)*flavourTag(fmu,j11,j12)*Vec(nu10,q3)*Vec(
      nu9,-p4)*Vec(nu9,q2)*Vec(nu15,q2)*Vecr(nu15,p4)*Deng(p4,xiz,M4)^2*Deng(
      q2 + q3,xiw,M3)^2*Deng(p4 + q2 + q3,xiw,M3)^2*p4.p4*xiw^2*ufoGC58^2*
      ufoGC76*ufoGC69
       + 1/8*g_(1,6_,nu10)*g_(2,nu16)*FT2(g6)*FT2*g_(2,q3)*cFT(nu13,XX,i2,
      iufo11)*cFT(g7,XX,iufo11,j11)*flavourTag(fmu,j11,j12)*Vec(nu10,q3)*Vec(
      nu9,-p4)*Vec(nu9,q2)*Vec(nu15,q3)*Vecr(nu15,p4)*Deng(p4,xiz,M4)^2*Deng(
      q2 + q3,xiw,M3)^2*Deng(p4 + q2 + q3,xiw,M3)^2*p4.p4*xiw^2*ufoGC58^2*
      ufoGC76*ufoGC69
       - 1/8*g_(1,6_,nu10)*g_(2,nu16)*FT2(g6)*FT2*g_(2,q3)*cFT(nu13,XX,i2,
      iufo11)*cFT(g7,XX,iufo11,j11)*flavourTag(fmu,j11,j12)*Vec(nu10,q3)*Vec(
      nu9,-p4)*Vec(nu9,q2)*Deng(p4,xiz,M4)*Deng(q2 + q3,xiw,M3)^2*Deng(p4 + q2
       + q3,xiw,M3)^2*p4.p4*xiw^2*ufoGC58^2*ufoGC76*ufoGC69
       + 1/8*g_(1,6_,nu10)*g_(2,nu16)*FT2(g6)*FT2*g_(2,q3)*cFT(nu13,XX,i2,
      iufo11)*cFT(g7,XX,iufo11,j11)*flavourTag(fmu,j11,j12)*Vec(nu10,q3)*Vec(
      nu9,-p4)*Vec(nu9,q2)*Deng(p4,xiz,M4)^2*Deng(q2 + q3,xiw,M3)^2*Deng(p4 + 
      q2 + q3,xiw,M3)^2*p4.p4^2*xiw^2*ufoGC58^2*ufoGC76*ufoGC69
       + 1/8*g_(1,6_,nu10)*g_(2,nu16)*FT2(g6)*FT2*g_(2,q3)*cFT(nu13,XX,i2,
      iufo11)*cFT(g7,XX,iufo11,j11)*flavourTag(fmu,j11,j12)*Vec(nu10,q3)*Vec(
      nu9,-p4)*Vec(nu9,q3)*Vec(nu15,q2)*Vecr(nu15,p4)*Deng(p4,xiz,M4)^2*Deng(
      q2 + q3,xiw,M3)^2*Deng(p4 + q2 + q3,xiw,M3)^2*p4.p4*xiw^2*ufoGC58^2*
      ufoGC76*ufoGC69
       + 1/8*g_(1,6_,nu10)*g_(2,nu16)*FT2(g6)*FT2*g_(2,q3)*cFT(nu13,XX,i2,
      iufo11)*cFT(g7,XX,iufo11,j11)*flavourTag(fmu,j11,j12)*Vec(nu10,q3)*Vec(
      nu9,-p4)*Vec(nu9,q3)*Vec(nu15,q3)*Vecr(nu15,p4)*Deng(p4,xiz,M4)^2*Deng(
      q2 + q3,xiw,M3)^2*Deng(p4 + q2 + q3,xiw,M3)^2*p4.p4*xiw^2*ufoGC58^2*
      ufoGC76*ufoGC69
       - 1/8*g_(1,6_,nu10)*g_(2,nu16)*FT2(g6)*FT2*g_(2,q3)*cFT(nu13,XX,i2,
      iufo11)*cFT(g7,XX,iufo11,j11)*flavourTag(fmu,j11,j12)*Vec(nu10,q3)*Vec(
      nu9,-p4)*Vec(nu9,q3)*Deng(p4,xiz,M4)*Deng(q2 + q3,xiw,M3)^2*Deng(p4 + q2
       + q3,xiw,M3)^2*p4.p4*xiw^2*ufoGC58^2*ufoGC76*ufoGC69
       + 1/8*g_(1,6_,nu10)*g_(2,nu16)*FT2(g6)*FT2*g_(2,q3)*cFT(nu13,XX,i2,
      iufo11)*cFT(g7,XX,iufo11,j11)*flavourTag(fmu,j11,j12)*Vec(nu10,q3)*Vec(
      nu9,-p4)*Vec(nu9,q3)*Deng(p4,xiz,M4)^2*Deng(q2 + q3,xiw,M3)^2*Deng(p4 + 
      q2 + q3,xiw,M3)^2*p4.p4^2*xiw^2*ufoGC58^2*ufoGC76*ufoGC69
       + 1/8*g_(1,6_,nu10)*g_(2,nu16)*FT2(g6)*FT2*g_(2,q3)*cFT(nu13,XX,i2,
      iufo11)*cFT(g7,XX,iufo11,j11)*flavourTag(fmu,j11,j12)*Vec(nu10,q3)*Vec(
      nu9,-q2)*Vec(nu9,q2)*Vec(nu15,q2)*Vecr(nu15,p4)*Deng(p4,xiz,M4)^2*Deng(
      q2 + q3,xiw,M3)^2*Deng(p4 + q2 + q3,xiw,M3)^2*p4.p4*xiw^2*ufoGC58^2*
      ufoGC76*ufoGC69
       + 1/8*g_(1,6_,nu10)*g_(2,nu16)*FT2(g6)*FT2*g_(2,q3)*cFT(nu13,XX,i2,
      iufo11)*cFT(g7,XX,iufo11,j11)*flavourTag(fmu,j11,j12)*Vec(nu10,q3)*Vec(
      nu9,-q2)*Vec(nu9,q2)*Vec(nu15,q3)*Vecr(nu15,p4)*Deng(p4,xiz,M4)^2*Deng(
      q2 + q3,xiw,M3)^2*Deng(p4 + q2 + q3,xiw,M3)^2*p4.p4*xiw^2*ufoGC58^2*
      ufoGC76*ufoGC69
       - 1/8*g_(1,6_,nu10)*g_(2,nu16)*FT2(g6)*FT2*g_(2,q3)*cFT(nu13,XX,i2,
      iufo11)*cFT(g7,XX,iufo11,j11)*flavourTag(fmu,j11,j12)*Vec(nu10,q3)*Vec(
      nu9,-q2)*Vec(nu9,q2)*Deng(p4,xiz,M4)*Deng(q2 + q3,xiw,M3)^2*Deng(p4 + q2
       + q3,xiw,M3)^2*p4.p4*xiw^2*ufoGC58^2*ufoGC76*ufoGC69
       + 1/8*g_(1,6_,nu10)*g_(2,nu16)*FT2(g6)*FT2*g_(2,q3)*cFT(nu13,XX,i2,
      iufo11)*cFT(g7,XX,iufo11,j11)*flavourTag(fmu,j11,j12)*Vec(nu10,q3)*Vec(
      nu9,-q2)*Vec(nu9,q2)*Deng(p4,xiz,M4)^2*Deng(q2 + q3,xiw,M3)^2*Deng(p4 + 
      q2 + q3,xiw,M3)^2*p4.p4^2*xiw^2*ufoGC58^2*ufoGC76*ufoGC69
       + 1/8*g_(1,6_,nu10)*g_(2,nu16)*FT2(g6)*FT2*g_(2,q3)*cFT(nu13,XX,i2,
      iufo11)*cFT(g7,XX,iufo11,j11)*flavourTag(fmu,j11,j12)*Vec(nu10,q3)*Vec(
      nu9,-q2)*Vec(nu9,q3)*Vec(nu15,q2)*Vecr(nu15,p4)*Deng(p4,xiz,M4)^2*Deng(
      q2 + q3,xiw,M3)^2*Deng(p4 + q2 + q3,xiw,M3)^2*p4.p4*xiw^2*ufoGC58^2*
      ufoGC76*ufoGC69
       + 1/8*g_(1,6_,nu10)*g_(2,nu16)*FT2(g6)*FT2*g_(2,q3)*cFT(nu13,XX,i2,
      iufo11)*cFT(g7,XX,iufo11,j11)*flavourTag(fmu,j11,j12)*Vec(nu10,q3)*Vec(
      nu9,-q2)*Vec(nu9,q3)*Vec(nu15,q3)*Vecr(nu15,p4)*Deng(p4,xiz,M4)^2*Deng(
      q2 + q3,xiw,M3)^2*Deng(p4 + q2 + q3,xiw,M3)^2*p4.p4*xiw^2*ufoGC58^2*
      ufoGC76*ufoGC69
       - 1/8*g_(1,6_,nu10)*g_(2,nu16)*FT2(g6)*FT2*g_(2,q3)*cFT(nu13,XX,i2,
      iufo11)*cFT(g7,XX,iufo11,j11)*flavourTag(fmu,j11,j12)*Vec(nu10,q3)*Vec(
      nu9,-q2)*Vec(nu9,q3)*Deng(p4,xiz,M4)*Deng(q2 + q3,xiw,M3)^2*Deng(p4 + q2
       + q3,xiw,M3)^2*p4.p4*xiw^2*ufoGC58^2*ufoGC76*ufoGC69
       + 1/8*g_(1,6_,nu10)*g_(2,nu16)*FT2(g6)*FT2*g_(2,q3)*cFT(nu13,XX,i2,
      iufo11)*cFT(g7,XX,iufo11,j11)*flavourTag(fmu,j11,j12)*Vec(nu10,q3)*Vec(
      nu9,-q2)*Vec(nu9,q3)*Deng(p4,xiz,M4)^2*Deng(q2 + q3,xiw,M3)^2*Deng(p4 + 
      q2 + q3,xiw,M3)^2*p4.p4^2*xiw^2*ufoGC58^2*ufoGC76*ufoGC69
       + 1/8*g_(1,6_,nu10)*g_(2,nu16)*FT2(g6)*FT2*g_(2,q3)*cFT(nu13,XX,i2,
      iufo11)*cFT(g7,XX,iufo11,j11)*flavourTag(fmu,j11,j12)*Vec(nu10,q3)*Vec(
      nu9,-q3)*Vec(nu9,q2)*Vec(nu15,q2)*Vecr(nu15,p4)*Deng(p4,xiz,M4)^2*Deng(
      q2 + q3,xiw,M3)^2*Deng(p4 + q2 + q3,xiw,M3)^2*p4.p4*xiw^2*ufoGC58^2*
      ufoGC76*ufoGC69
       + 1/8*g_(1,6_,nu10)*g_(2,nu16)*FT2(g6)*FT2*g_(2,q3)*cFT(nu13,XX,i2,
      iufo11)*cFT(g7,XX,iufo11,j11)*flavourTag(fmu,j11,j12)*Vec(nu10,q3)*Vec(
      nu9,-q3)*Vec(nu9,q2)*Vec(nu15,q3)*Vecr(nu15,p4)*Deng(p4,xiz,M4)^2*Deng(
      q2 + q3,xiw,M3)^2*Deng(p4 + q2 + q3,xiw,M3)^2*p4.p4*xiw^2*ufoGC58^2*
      ufoGC76*ufoGC69
       - 1/8*g_(1,6_,nu10)*g_(2,nu16)*FT2(g6)*FT2*g_(2,q3)*cFT(nu13,XX,i2,
      iufo11)*cFT(g7,XX,iufo11,j11)*flavourTag(fmu,j11,j12)*Vec(nu10,q3)*Vec(
      nu9,-q3)*Vec(nu9,q2)*Deng(p4,xiz,M4)*Deng(q2 + q3,xiw,M3)^2*Deng(p4 + q2
       + q3,xiw,M3)^2*p4.p4*xiw^2*ufoGC58^2*ufoGC76*ufoGC69
       + 1/8*g_(1,6_,nu10)*g_(2,nu16)*FT2(g6)*FT2*g_(2,q3)*cFT(nu13,XX,i2,
      iufo11)*cFT(g7,XX,iufo11,j11)*flavourTag(fmu,j11,j12)*Vec(nu10,q3)*Vec(
      nu9,-q3)*Vec(nu9,q2)*Deng(p4,xiz,M4)^2*Deng(q2 + q3,xiw,M3)^2*Deng(p4 + 
      q2 + q3,xiw,M3)^2*p4.p4^2*xiw^2*ufoGC58^2*ufoGC76*ufoGC69
       + 1/8*g_(1,6_,nu10)*g_(2,nu16)*FT2(g6)*FT2*g_(2,q3)*cFT(nu13,XX,i2,
      iufo11)*cFT(g7,XX,iufo11,j11)*flavourTag(fmu,j11,j12)*Vec(nu10,q3)*Vec(
      nu9,-q3)*Vec(nu9,q3)*Vec(nu15,q2)*Vecr(nu15,p4)*Deng(p4,xiz,M4)^2*Deng(
      q2 + q3,xiw,M3)^2*Deng(p4 + q2 + q3,xiw,M3)^2*p4.p4*xiw^2*ufoGC58^2*
      ufoGC76*ufoGC69
       + 1/8*g_(1,6_,nu10)*g_(2,nu16)*FT2(g6)*FT2*g_(2,q3)*cFT(nu13,XX,i2,
      iufo11)*cFT(g7,XX,iufo11,j11)*flavourTag(fmu,j11,j12)*Vec(nu10,q3)*Vec(
      nu9,-q3)*Vec(nu9,q3)*Vec(nu15,q3)*Vecr(nu15,p4)*Deng(p4,xiz,M4)^2*Deng(
      q2 + q3,xiw,M3)^2*Deng(p4 + q2 + q3,xiw,M3)^2*p4.p4*xiw^2*ufoGC58^2*
      ufoGC76*ufoGC69
       - 1/8*g_(1,6_,nu10)*g_(2,nu16)*FT2(g6)*FT2*g_(2,q3)*cFT(nu13,XX,i2,
      iufo11)*cFT(g7,XX,iufo11,j11)*flavourTag(fmu,j11,j12)*Vec(nu10,q3)*Vec(
      nu9,-q3)*Vec(nu9,q3)*Deng(p4,xiz,M4)*Deng(q2 + q3,xiw,M3)^2*Deng(p4 + q2
       + q3,xiw,M3)^2*p4.p4*xiw^2*ufoGC58^2*ufoGC76*ufoGC69
       + 1/8*g_(1,6_,nu10)*g_(2,nu16)*FT2(g6)*FT2*g_(2,q3)*cFT(nu13,XX,i2,
      iufo11)*cFT(g7,XX,iufo11,j11)*flavourTag(fmu,j11,j12)*Vec(nu10,q3)*Vec(
      nu9,-q3)*Vec(nu9,q3)*Deng(p4,xiz,M4)^2*Deng(q2 + q3,xiw,M3)^2*Deng(p4 + 
      q2 + q3,xiw,M3)^2*p4.p4^2*xiw^2*ufoGC58^2*ufoGC76*ufoGC69
       - 1/8*g_(1,6_,nu10)*g_(2,nu16)*FT2(g6)*FT2*g_(2,q3)*cFT(nu13,XX,i2,
      iufo11)*cFT(g7,XX,iufo11,j11)*flavourTag(fmu,j11,j12)*Vec(nu10,q3)*Vec(
      nu14,q2)^2*Vec(nu15,-p4)*Vecr(nu15,p4)*Deng(p4,xiz,M4)^2*Deng(q2 + q3,
      xiw,M3)^2*Deng(p4 + q2 + q3,xiw,M3)^2*p4.p4*xiw^2*ufoGC58^2*ufoGC76*
      ufoGC69
       - 1/8*g_(1,6_,nu10)*g_(2,nu16)*FT2(g6)*FT2*g_(2,q3)*cFT(nu13,XX,i2,
      iufo11)*cFT(g7,XX,iufo11,j11)*flavourTag(fmu,j11,j12)*Vec(nu10,q3)*Vec(
      nu14,q2)^2*Vec(nu15,-q2)*Vecr(nu15,p4)*Deng(p4,xiz,M4)^2*Deng(q2 + q3,
      xiw,M3)^2*Deng(p4 + q2 + q3,xiw,M3)^2*p4.p4*xiw^2*ufoGC58^2*ufoGC76*
      ufoGC69
       - 1/8*g_(1,6_,nu10)*g_(2,nu16)*FT2(g6)*FT2*g_(2,q3)*cFT(nu13,XX,i2,
      iufo11)*cFT(g7,XX,iufo11,j11)*flavourTag(fmu,j11,j12)*Vec(nu10,q3)*Vec(
      nu14,q2)^2*Vec(nu15,-q3)*Vecr(nu15,p4)*Deng(p4,xiz,M4)^2*Deng(q2 + q3,
      xiw,M3)^2*Deng(p4 + q2 + q3,xiw,M3)^2*p4.p4*xiw^2*ufoGC58^2*ufoGC76*
      ufoGC69
       - 1/4*g_(1,6_,nu10)*g_(2,nu16)*FT2(g6)*FT2*g_(2,q3)*cFT(nu13,XX,i2,
      iufo11)*cFT(g7,XX,iufo11,j11)*flavourTag(fmu,j11,j12)*Vec(nu10,q3)*Vec(
      nu14,q2)*Vec(nu14,q3)*Vec(nu15,-p4)*Vecr(nu15,p4)*Deng(p4,xiz,M4)^2*
      Deng(q2 + q3,xiw,M3)^2*Deng(p4 + q2 + q3,xiw,M3)^2*p4.p4*xiw^2*ufoGC58^2
      *ufoGC76*ufoGC69
       - 1/4*g_(1,6_,nu10)*g_(2,nu16)*FT2(g6)*FT2*g_(2,q3)*cFT(nu13,XX,i2,
      iufo11)*cFT(g7,XX,iufo11,j11)*flavourTag(fmu,j11,j12)*Vec(nu10,q3)*Vec(
      nu14,q2)*Vec(nu14,q3)*Vec(nu15,-q2)*Vecr(nu15,p4)*Deng(p4,xiz,M4)^2*
      Deng(q2 + q3,xiw,M3)^2*Deng(p4 + q2 + q3,xiw,M3)^2*p4.p4*xiw^2*ufoGC58^2
      *ufoGC76*ufoGC69
       - 1/4*g_(1,6_,nu10)*g_(2,nu16)*FT2(g6)*FT2*g_(2,q3)*cFT(nu13,XX,i2,
      iufo11)*cFT(g7,XX,iufo11,j11)*flavourTag(fmu,j11,j12)*Vec(nu10,q3)*Vec(
      nu14,q2)*Vec(nu14,q3)*Vec(nu15,-q3)*Vecr(nu15,p4)*Deng(p4,xiz,M4)^2*
      Deng(q2 + q3,xiw,M3)^2*Deng(p4 + q2 + q3,xiw,M3)^2*p4.p4*xiw^2*ufoGC58^2
      *ufoGC76*ufoGC69
       + 1/8*g_(1,6_,nu10)*g_(2,nu16)*FT2(g6)*FT2*g_(2,q3)*cFT(nu13,XX,i2,
      iufo11)*cFT(g7,XX,iufo11,j11)*flavourTag(fmu,j11,j12)*Vec(nu10,q3)*Vec(
      nu14,q2)*Vec(nu15,q2)*Deng(p4,xiz,M4)^2*Deng(q2 + q3,xiw,M3)^2*Deng(p4
       + q2 + q3,xiw,M3)^2*p4.p4^2*xiw^2*ufoGC58^2*ufoGC76*ufoGC69
       + 1/8*g_(1,6_,nu10)*g_(2,nu16)*FT2(g6)*FT2*g_(2,q3)*cFT(nu13,XX,i2,
      iufo11)*cFT(g7,XX,iufo11,j11)*flavourTag(fmu,j11,j12)*Vec(nu10,q3)*Vec(
      nu14,q2)*Vec(nu15,q3)*Deng(p4,xiz,M4)^2*Deng(q2 + q3,xiw,M3)^2*Deng(p4
       + q2 + q3,xiw,M3)^2*p4.p4^2*xiw^2*ufoGC58^2*ufoGC76*ufoGC69
       - 1/8*g_(1,6_,nu10)*g_(2,nu16)*FT2(g6)*FT2*g_(2,q3)*cFT(nu13,XX,i2,
      iufo11)*cFT(g7,XX,iufo11,j11)*flavourTag(fmu,j11,j12)*Vec(nu10,q3)*Vec(
      nu14,q2)*Vec(nu15,-p4)*Deng(p4,xiz,M4)^2*Deng(q2 + q3,xiw,M3)^2*Deng(p4
       + q2 + q3,xiw,M3)^2*p4.p4^2*xiw^2*ufoGC58^2*ufoGC76*ufoGC69
       - 1/8*g_(1,6_,nu10)*g_(2,nu16)*FT2(g6)*FT2*g_(2,q3)*cFT(nu13,XX,i2,
      iufo11)*cFT(g7,XX,iufo11,j11)*flavourTag(fmu,j11,j12)*Vec(nu10,q3)*Vec(
      nu14,q2)*Vec(nu15,-q2)*Deng(p4,xiz,M4)^2*Deng(q2 + q3,xiw,M3)^2*Deng(p4
       + q2 + q3,xiw,M3)^2*p4.p4^2*xiw^2*ufoGC58^2*ufoGC76*ufoGC69
       - 1/8*g_(1,6_,nu10)*g_(2,nu16)*FT2(g6)*FT2*g_(2,q3)*cFT(nu13,XX,i2,
      iufo11)*cFT(g7,XX,iufo11,j11)*flavourTag(fmu,j11,j12)*Vec(nu10,q3)*Vec(
      nu14,q2)*Vec(nu15,-q3)*Deng(p4,xiz,M4)^2*Deng(q2 + q3,xiw,M3)^2*Deng(p4
       + q2 + q3,xiw,M3)^2*p4.p4^2*xiw^2*ufoGC58^2*ufoGC76*ufoGC69
       - 1/8*g_(1,6_,nu10)*g_(2,nu16)*FT2(g6)*FT2*g_(2,q3)*cFT(nu13,XX,i2,
      iufo11)*cFT(g7,XX,iufo11,j11)*flavourTag(fmu,j11,j12)*Vec(nu10,q3)*Vec(
      nu14,q3)^2*Vec(nu15,-p4)*Vecr(nu15,p4)*Deng(p4,xiz,M4)^2*Deng(q2 + q3,
      xiw,M3)^2*Deng(p4 + q2 + q3,xiw,M3)^2*p4.p4*xiw^2*ufoGC58^2*ufoGC76*
      ufoGC69
       - 1/8*g_(1,6_,nu10)*g_(2,nu16)*FT2(g6)*FT2*g_(2,q3)*cFT(nu13,XX,i2,
      iufo11)*cFT(g7,XX,iufo11,j11)*flavourTag(fmu,j11,j12)*Vec(nu10,q3)*Vec(
      nu14,q3)^2*Vec(nu15,-q2)*Vecr(nu15,p4)*Deng(p4,xiz,M4)^2*Deng(q2 + q3,
      xiw,M3)^2*Deng(p4 + q2 + q3,xiw,M3)^2*p4.p4*xiw^2*ufoGC58^2*ufoGC76*
      ufoGC69
       - 1/8*g_(1,6_,nu10)*g_(2,nu16)*FT2(g6)*FT2*g_(2,q3)*cFT(nu13,XX,i2,
      iufo11)*cFT(g7,XX,iufo11,j11)*flavourTag(fmu,j11,j12)*Vec(nu10,q3)*Vec(
      nu14,q3)^2*Vec(nu15,-q3)*Vecr(nu15,p4)*Deng(p4,xiz,M4)^2*Deng(q2 + q3,
      xiw,M3)^2*Deng(p4 + q2 + q3,xiw,M3)^2*p4.p4*xiw^2*ufoGC58^2*ufoGC76*
      ufoGC69
       + 1/8*g_(1,6_,nu10)*g_(2,nu16)*FT2(g6)*FT2*g_(2,q3)*cFT(nu13,XX,i2,
      iufo11)*cFT(g7,XX,iufo11,j11)*flavourTag(fmu,j11,j12)*Vec(nu10,q3)*Vec(
      nu14,q3)*Vec(nu15,q2)*Deng(p4,xiz,M4)^2*Deng(q2 + q3,xiw,M3)^2*Deng(p4
       + q2 + q3,xiw,M3)^2*p4.p4^2*xiw^2*ufoGC58^2*ufoGC76*ufoGC69
       + 1/8*g_(1,6_,nu10)*g_(2,nu16)*FT2(g6)*FT2*g_(2,q3)*cFT(nu13,XX,i2,
      iufo11)*cFT(g7,XX,iufo11,j11)*flavourTag(fmu,j11,j12)*Vec(nu10,q3)*Vec(
      nu14,q3)*Vec(nu15,q3)*Deng(p4,xiz,M4)^2*Deng(q2 + q3,xiw,M3)^2*Deng(p4
       + q2 + q3,xiw,M3)^2*p4.p4^2*xiw^2*ufoGC58^2*ufoGC76*ufoGC69
       - 1/8*g_(1,6_,nu10)*g_(2,nu16)*FT2(g6)*FT2*g_(2,q3)*cFT(nu13,XX,i2,
      iufo11)*cFT(g7,XX,iufo11,j11)*flavourTag(fmu,j11,j12)*Vec(nu10,q3)*Vec(
      nu14,q3)*Vec(nu15,-p4)*Deng(p4,xiz,M4)^2*Deng(q2 + q3,xiw,M3)^2*Deng(p4
       + q2 + q3,xiw,M3)^2*p4.p4^2*xiw^2*ufoGC58^2*ufoGC76*ufoGC69
       - 1/8*g_(1,6_,nu10)*g_(2,nu16)*FT2(g6)*FT2*g_(2,q3)*cFT(nu13,XX,i2,
      iufo11)*cFT(g7,XX,iufo11,j11)*flavourTag(fmu,j11,j12)*Vec(nu10,q3)*Vec(
      nu14,q3)*Vec(nu15,-q2)*Deng(p4,xiz,M4)^2*Deng(q2 + q3,xiw,M3)^2*Deng(p4
       + q2 + q3,xiw,M3)^2*p4.p4^2*xiw^2*ufoGC58^2*ufoGC76*ufoGC69
       - 1/8*g_(1,6_,nu10)*g_(2,nu16)*FT2(g6)*FT2*g_(2,q3)*cFT(nu13,XX,i2,
      iufo11)*cFT(g7,XX,iufo11,j11)*flavourTag(fmu,j11,j12)*Vec(nu10,q3)*Vec(
      nu14,q3)*Vec(nu15,-q3)*Deng(p4,xiz,M4)^2*Deng(q2 + q3,xiw,M3)^2*Deng(p4
       + q2 + q3,xiw,M3)^2*p4.p4^2*xiw^2*ufoGC58^2*ufoGC76*ufoGC69
       + 1/8*g_(1,6_,nu10)*g_(2,nu16)*FT2(g6)*FT2*g_(2,q3)*cFT(nu13,XX,i2,
      iufo11)*cFT(g7,XX,iufo11,j11)*flavourTag(fmu,j11,j12)*Vec(nu10,q3)*Vec(
      nu15,q2)*Vecr(nu15,p4)*Deng(p4,xiz,M4)^2*Deng(q2 + q3,xiw,M3)^2*Deng(p4
       + q2 + q3,xiw,M3)^2*p4.p4^2*xiw^2*ufoGC58^2*ufoGC76*ufoGC69
       + 1/8*g_(1,6_,nu10)*g_(2,nu16)*FT2(g6)*FT2*g_(2,q3)*cFT(nu13,XX,i2,
      iufo11)*cFT(g7,XX,iufo11,j11)*flavourTag(fmu,j11,j12)*Vec(nu10,q3)*Vec(
      nu15,q3)*Vecr(nu15,p4)*Deng(p4,xiz,M4)^2*Deng(q2 + q3,xiw,M3)^2*Deng(p4
       + q2 + q3,xiw,M3)^2*p4.p4^2*xiw^2*ufoGC58^2*ufoGC76*ufoGC69
      ;

  0.03 sec out of 0.04 sec
