FORM 5.0.0-beta.1 (Jan 15 2026, v5.0.0-beta.1-292-g4341c63)  Run: Fri Feb 27 12:21:32 2026
    #-

   d1l167amp =
       - 1/4*g_(1,6_,nu10)*FT2(g6)*Vec(nu10,q2)*Vec(nu9,q2)^2*Vec(nu16,q2)*
      Vec(nu15,q2)*Vecr(nu16,p4)*Vecr(nu15,p4)*Den( - p4 + q2 + q3)^2*Deng(p4,
      xiw,M3)^2*Deng(q2 + q3,xiw,0)*Deng(q2 + q3,xiw,M3)^2*xia*xiw*ufoGC58*
      ufoGC107*ufoGC4*ufoGC93
       + 1/4*g_(1,6_,nu10)*FT2(g6)*Vec(nu10,q2)*Vec(nu9,q2)^2*Vec(nu16,q2)*
      Vec(nu15,q2)*Vecr(nu16,p4)*Vecr(nu15,p4)*Den( - p4 + q2 + q3)^2*Deng(p4,
      xiw,M3)^2*Deng(q2 + q3,xiw,0)*Deng(q2 + q3,xiw,M3)^2*xiw*ufoGC58*
      ufoGC107*ufoGC4*ufoGC93
       - 1/4*g_(1,6_,nu10)*FT2(g6)*Vec(nu10,q2)*Vec(nu9,q2)^2*Vec(nu16,q2)*
      Vec(nu15,q3)*Vecr(nu16,p4)*Vecr(nu15,p4)*Den( - p4 + q2 + q3)^2*Deng(p4,
      xiw,M3)^2*Deng(q2 + q3,xiw,0)*Deng(q2 + q3,xiw,M3)^2*xia*xiw*ufoGC58*
      ufoGC107*ufoGC4*ufoGC93
       + 1/4*g_(1,6_,nu10)*FT2(g6)*Vec(nu10,q2)*Vec(nu9,q2)^2*Vec(nu16,q2)*
      Vec(nu15,q3)*Vecr(nu16,p4)*Vecr(nu15,p4)*Den( - p4 + q2 + q3)^2*Deng(p4,
      xiw,M3)^2*Deng(q2 + q3,xiw,0)*Deng(q2 + q3,xiw,M3)^2*xiw*ufoGC58*
      ufoGC107*ufoGC4*ufoGC93
       - 1/4*g_(1,6_,nu10)*FT2(g6)*Vec(nu10,q2)*Vec(nu9,q2)^2*Vec(nu16,q2)*
      Vec(nu15,-p4)*Vecr(nu16,p4)*Vecr(nu15,p4)*Den( - p4 + q2 + q3)^2*Deng(p4
      ,xiw,M3)^2*Deng(q2 + q3,xiw,0)*Deng(q2 + q3,xiw,M3)^2*xia*xiw*ufoGC58*
      ufoGC107*ufoGC4*ufoGC93
       + 1/4*g_(1,6_,nu10)*FT2(g6)*Vec(nu10,q2)*Vec(nu9,q2)^2*Vec(nu16,q2)*
      Vec(nu15,-p4)*Vecr(nu16,p4)*Vecr(nu15,p4)*Den( - p4 + q2 + q3)^2*Deng(p4
      ,xiw,M3)^2*Deng(q2 + q3,xiw,0)*Deng(q2 + q3,xiw,M3)^2*xiw*ufoGC58*
      ufoGC107*ufoGC4*ufoGC93
       - 1/4*g_(1,6_,nu10)*FT2(g6)*Vec(nu10,q2)*Vec(nu9,q2)^2*Vec(nu16,q3)*
      Vec(nu15,q2)*Vecr(nu16,p4)*Vecr(nu15,p4)*Den( - p4 + q2 + q3)^2*Deng(p4,
      xiw,M3)^2*Deng(q2 + q3,xiw,0)*Deng(q2 + q3,xiw,M3)^2*xia*xiw*ufoGC58*
      ufoGC107*ufoGC4*ufoGC93
       + 1/4*g_(1,6_,nu10)*FT2(g6)*Vec(nu10,q2)*Vec(nu9,q2)^2*Vec(nu16,q3)*
      Vec(nu15,q2)*Vecr(nu16,p4)*Vecr(nu15,p4)*Den( - p4 + q2 + q3)^2*Deng(p4,
      xiw,M3)^2*Deng(q2 + q3,xiw,0)*Deng(q2 + q3,xiw,M3)^2*xiw*ufoGC58*
      ufoGC107*ufoGC4*ufoGC93
       - 1/4*g_(1,6_,nu10)*FT2(g6)*Vec(nu10,q2)*Vec(nu9,q2)^2*Vec(nu16,q3)*
      Vec(nu15,q3)*Vecr(nu16,p4)*Vecr(nu15,p4)*Den( - p4 + q2 + q3)^2*Deng(p4,
      xiw,M3)^2*Deng(q2 + q3,xiw,0)*Deng(q2 + q3,xiw,M3)^2*xia*xiw*ufoGC58*
      ufoGC107*ufoGC4*ufoGC93
       + 1/4*g_(1,6_,nu10)*FT2(g6)*Vec(nu10,q2)*Vec(nu9,q2)^2*Vec(nu16,q3)*
      Vec(nu15,q3)*Vecr(nu16,p4)*Vecr(nu15,p4)*Den( - p4 + q2 + q3)^2*Deng(p4,
      xiw,M3)^2*Deng(q2 + q3,xiw,0)*Deng(q2 + q3,xiw,M3)^2*xiw*ufoGC58*
      ufoGC107*ufoGC4*ufoGC93
       - 1/4*g_(1,6_,nu10)*FT2(g6)*Vec(nu10,q2)*Vec(nu9,q2)^2*Vec(nu16,q3)*
      Vec(nu15,-p4)*Vecr(nu16,p4)*Vecr(nu15,p4)*Den( - p4 + q2 + q3)^2*Deng(p4
      ,xiw,M3)^2*Deng(q2 + q3,xiw,0)*Deng(q2 + q3,xiw,M3)^2*xia*xiw*ufoGC58*
      ufoGC107*ufoGC4*ufoGC93
       + 1/4*g_(1,6_,nu10)*FT2(g6)*Vec(nu10,q2)*Vec(nu9,q2)^2*Vec(nu16,q3)*
      Vec(nu15,-p4)*Vecr(nu16,p4)*Vecr(nu15,p4)*Den( - p4 + q2 + q3)^2*Deng(p4
      ,xiw,M3)^2*Deng(q2 + q3,xiw,0)*Deng(q2 + q3,xiw,M3)^2*xiw*ufoGC58*
      ufoGC107*ufoGC4*ufoGC93
       + 1/4*g_(1,6_,nu10)*FT2(g6)*Vec(nu10,q2)*Vec(nu9,q2)^2*Vec(nu16,-q2)*
      Vec(nu15,q2)*Vecr(nu16,p4)*Vecr(nu15,p4)*Den( - p4 + q2 + q3)^2*Deng(p4,
      xiw,M3)^2*Deng(q2 + q3,xiw,0)*Deng(q2 + q3,xiw,M3)^2*xia*xiw*ufoGC58*
      ufoGC107*ufoGC4*ufoGC93
       - 1/4*g_(1,6_,nu10)*FT2(g6)*Vec(nu10,q2)*Vec(nu9,q2)^2*Vec(nu16,-q2)*
      Vec(nu15,q2)*Vecr(nu16,p4)*Vecr(nu15,p4)*Den( - p4 + q2 + q3)^2*Deng(p4,
      xiw,M3)^2*Deng(q2 + q3,xiw,0)*Deng(q2 + q3,xiw,M3)^2*xiw*ufoGC58*
      ufoGC107*ufoGC4*ufoGC93
       + 1/4*g_(1,6_,nu10)*FT2(g6)*Vec(nu10,q2)*Vec(nu9,q2)^2*Vec(nu16,-q2)*
      Vec(nu15,q3)*Vecr(nu16,p4)*Vecr(nu15,p4)*Den( - p4 + q2 + q3)^2*Deng(p4,
      xiw,M3)^2*Deng(q2 + q3,xiw,0)*Deng(q2 + q3,xiw,M3)^2*xia*xiw*ufoGC58*
      ufoGC107*ufoGC4*ufoGC93
       - 1/4*g_(1,6_,nu10)*FT2(g6)*Vec(nu10,q2)*Vec(nu9,q2)^2*Vec(nu16,-q2)*
      Vec(nu15,q3)*Vecr(nu16,p4)*Vecr(nu15,p4)*Den( - p4 + q2 + q3)^2*Deng(p4,
      xiw,M3)^2*Deng(q2 + q3,xiw,0)*Deng(q2 + q3,xiw,M3)^2*xiw*ufoGC58*
      ufoGC107*ufoGC4*ufoGC93
       + 1/4*g_(1,6_,nu10)*FT2(g6)*Vec(nu10,q2)*Vec(nu9,q2)^2*Vec(nu16,-q2)*
      Vec(nu15,-p4)*Vecr(nu16,p4)*Vecr(nu15,p4)*Den( - p4 + q2 + q3)^2*Deng(p4
      ,xiw,M3)^2*Deng(q2 + q3,xiw,0)*Deng(q2 + q3,xiw,M3)^2*xia*xiw*ufoGC58*
      ufoGC107*ufoGC4*ufoGC93
       - 1/4*g_(1,6_,nu10)*FT2(g6)*Vec(nu10,q2)*Vec(nu9,q2)^2*Vec(nu16,-q2)*
      Vec(nu15,-p4)*Vecr(nu16,p4)*Vecr(nu15,p4)*Den( - p4 + q2 + q3)^2*Deng(p4
      ,xiw,M3)^2*Deng(q2 + q3,xiw,0)*Deng(q2 + q3,xiw,M3)^2*xiw*ufoGC58*
      ufoGC107*ufoGC4*ufoGC93
       + 1/4*g_(1,6_,nu10)*FT2(g6)*Vec(nu10,q2)*Vec(nu9,q2)^2*Vec(nu16,-q3)*
      Vec(nu15,q2)*Vecr(nu16,p4)*Vecr(nu15,p4)*Den( - p4 + q2 + q3)^2*Deng(p4,
      xiw,M3)^2*Deng(q2 + q3,xiw,0)*Deng(q2 + q3,xiw,M3)^2*xia*xiw*ufoGC58*
      ufoGC107*ufoGC4*ufoGC93
       - 1/4*g_(1,6_,nu10)*FT2(g6)*Vec(nu10,q2)*Vec(nu9,q2)^2*Vec(nu16,-q3)*
      Vec(nu15,q2)*Vecr(nu16,p4)*Vecr(nu15,p4)*Den( - p4 + q2 + q3)^2*Deng(p4,
      xiw,M3)^2*Deng(q2 + q3,xiw,0)*Deng(q2 + q3,xiw,M3)^2*xiw*ufoGC58*
      ufoGC107*ufoGC4*ufoGC93
       + 1/4*g_(1,6_,nu10)*FT2(g6)*Vec(nu10,q2)*Vec(nu9,q2)^2*Vec(nu16,-q3)*
      Vec(nu15,q3)*Vecr(nu16,p4)*Vecr(nu15,p4)*Den( - p4 + q2 + q3)^2*Deng(p4,
      xiw,M3)^2*Deng(q2 + q3,xiw,0)*Deng(q2 + q3,xiw,M3)^2*xia*xiw*ufoGC58*
      ufoGC107*ufoGC4*ufoGC93
       - 1/4*g_(1,6_,nu10)*FT2(g6)*Vec(nu10,q2)*Vec(nu9,q2)^2*Vec(nu16,-q3)*
      Vec(nu15,q3)*Vecr(nu16,p4)*Vecr(nu15,p4)*Den( - p4 + q2 + q3)^2*Deng(p4,
      xiw,M3)^2*Deng(q2 + q3,xiw,0)*Deng(q2 + q3,xiw,M3)^2*xiw*ufoGC58*
      ufoGC107*ufoGC4*ufoGC93
       + 1/4*g_(1,6_,nu10)*FT2(g6)*Vec(nu10,q2)*Vec(nu9,q2)^2*Vec(nu16,-q3)*
      Vec(nu15,-p4)*Vecr(nu16,p4)*Vecr(nu15,p4)*Den( - p4 + q2 + q3)^2*Deng(p4
      ,xiw,M3)^2*Deng(q2 + q3,xiw,0)*Deng(q2 + q3,xiw,M3)^2*xia*xiw*ufoGC58*
      ufoGC107*ufoGC4*ufoGC93
       - 1/4*g_(1,6_,nu10)*FT2(g6)*Vec(nu10,q2)*Vec(nu9,q2)^2*Vec(nu16,-q3)*
      Vec(nu15,-p4)*Vecr(nu16,p4)*Vecr(nu15,p4)*Den( - p4 + q2 + q3)^2*Deng(p4
      ,xiw,M3)^2*Deng(q2 + q3,xiw,0)*Deng(q2 + q3,xiw,M3)^2*xiw*ufoGC58*
      ufoGC107*ufoGC4*ufoGC93
       + 1/4*g_(1,6_,nu10)*FT2(g6)*Vec(nu10,q2)*Vec(nu9,q2)^2*Vec(nu15,q2)*
      Vecr(nu15,p4)*Den( - p4 + q2 + q3)^2*Deng(p4,xiw,M3)^2*Deng(q2 + q3,xiw,
      0)*Deng(q2 + q3,xiw,M3)^2*p4.p4*xia*xiw*ufoGC58*ufoGC107*ufoGC4*ufoGC93
       - 1/4*g_(1,6_,nu10)*FT2(g6)*Vec(nu10,q2)*Vec(nu9,q2)^2*Vec(nu15,q2)*
      Vecr(nu15,p4)*Den( - p4 + q2 + q3)^2*Deng(p4,xiw,M3)^2*Deng(q2 + q3,xiw,
      0)*Deng(q2 + q3,xiw,M3)^2*p4.p4*xiw*ufoGC58*ufoGC107*ufoGC4*ufoGC93
       + 1/4*g_(1,6_,nu10)*FT2(g6)*Vec(nu10,q2)*Vec(nu9,q2)^2*Vec(nu15,q3)*
      Vecr(nu15,p4)*Den( - p4 + q2 + q3)^2*Deng(p4,xiw,M3)^2*Deng(q2 + q3,xiw,
      0)*Deng(q2 + q3,xiw,M3)^2*p4.p4*xia*xiw*ufoGC58*ufoGC107*ufoGC4*ufoGC93
       - 1/4*g_(1,6_,nu10)*FT2(g6)*Vec(nu10,q2)*Vec(nu9,q2)^2*Vec(nu15,q3)*
      Vecr(nu15,p4)*Den( - p4 + q2 + q3)^2*Deng(p4,xiw,M3)^2*Deng(q2 + q3,xiw,
      0)*Deng(q2 + q3,xiw,M3)^2*p4.p4*xiw*ufoGC58*ufoGC107*ufoGC4*ufoGC93
       + 1/4*g_(1,6_,nu10)*FT2(g6)*Vec(nu10,q2)*Vec(nu9,q2)^2*Vec(nu15,-p4)*
      Vecr(nu15,p4)*Den( - p4 + q2 + q3)^2*Deng(p4,xiw,M3)^2*Deng(q2 + q3,xiw,
      0)*Deng(q2 + q3,xiw,M3)^2*p4.p4*xia*xiw*ufoGC58*ufoGC107*ufoGC4*ufoGC93
       - 1/4*g_(1,6_,nu10)*FT2(g6)*Vec(nu10,q2)*Vec(nu9,q2)^2*Vec(nu15,-p4)*
      Vecr(nu15,p4)*Den( - p4 + q2 + q3)^2*Deng(p4,xiw,M3)^2*Deng(q2 + q3,xiw,
      0)*Deng(q2 + q3,xiw,M3)^2*p4.p4*xiw*ufoGC58*ufoGC107*ufoGC4*ufoGC93
       - 1/2*g_(1,6_,nu10)*FT2(g6)*Vec(nu10,q2)*Vec(nu9,q2)*Vec(nu9,q3)*Vec(
      nu16,q2)*Vec(nu15,q2)*Vecr(nu16,p4)*Vecr(nu15,p4)*Den( - p4 + q2 + q3)^2
      *Deng(p4,xiw,M3)^2*Deng(q2 + q3,xiw,0)*Deng(q2 + q3,xiw,M3)^2*xia*xiw*
      ufoGC58*ufoGC107*ufoGC4*ufoGC93
       + 1/2*g_(1,6_,nu10)*FT2(g6)*Vec(nu10,q2)*Vec(nu9,q2)*Vec(nu9,q3)*Vec(
      nu16,q2)*Vec(nu15,q2)*Vecr(nu16,p4)*Vecr(nu15,p4)*Den( - p4 + q2 + q3)^2
      *Deng(p4,xiw,M3)^2*Deng(q2 + q3,xiw,0)*Deng(q2 + q3,xiw,M3)^2*xiw*
      ufoGC58*ufoGC107*ufoGC4*ufoGC93
       - 1/2*g_(1,6_,nu10)*FT2(g6)*Vec(nu10,q2)*Vec(nu9,q2)*Vec(nu9,q3)*Vec(
      nu16,q2)*Vec(nu15,q3)*Vecr(nu16,p4)*Vecr(nu15,p4)*Den( - p4 + q2 + q3)^2
      *Deng(p4,xiw,M3)^2*Deng(q2 + q3,xiw,0)*Deng(q2 + q3,xiw,M3)^2*xia*xiw*
      ufoGC58*ufoGC107*ufoGC4*ufoGC93
       + 1/2*g_(1,6_,nu10)*FT2(g6)*Vec(nu10,q2)*Vec(nu9,q2)*Vec(nu9,q3)*Vec(
      nu16,q2)*Vec(nu15,q3)*Vecr(nu16,p4)*Vecr(nu15,p4)*Den( - p4 + q2 + q3)^2
      *Deng(p4,xiw,M3)^2*Deng(q2 + q3,xiw,0)*Deng(q2 + q3,xiw,M3)^2*xiw*
      ufoGC58*ufoGC107*ufoGC4*ufoGC93
       - 1/2*g_(1,6_,nu10)*FT2(g6)*Vec(nu10,q2)*Vec(nu9,q2)*Vec(nu9,q3)*Vec(
      nu16,q2)*Vec(nu15,-p4)*Vecr(nu16,p4)*Vecr(nu15,p4)*Den( - p4 + q2 + q3)^
      2*Deng(p4,xiw,M3)^2*Deng(q2 + q3,xiw,0)*Deng(q2 + q3,xiw,M3)^2*xia*xiw*
      ufoGC58*ufoGC107*ufoGC4*ufoGC93
       + 1/2*g_(1,6_,nu10)*FT2(g6)*Vec(nu10,q2)*Vec(nu9,q2)*Vec(nu9,q3)*Vec(
      nu16,q2)*Vec(nu15,-p4)*Vecr(nu16,p4)*Vecr(nu15,p4)*Den( - p4 + q2 + q3)^
      2*Deng(p4,xiw,M3)^2*Deng(q2 + q3,xiw,0)*Deng(q2 + q3,xiw,M3)^2*xiw*
      ufoGC58*ufoGC107*ufoGC4*ufoGC93
       - 1/2*g_(1,6_,nu10)*FT2(g6)*Vec(nu10,q2)*Vec(nu9,q2)*Vec(nu9,q3)*Vec(
      nu16,q3)*Vec(nu15,q2)*Vecr(nu16,p4)*Vecr(nu15,p4)*Den( - p4 + q2 + q3)^2
      *Deng(p4,xiw,M3)^2*Deng(q2 + q3,xiw,0)*Deng(q2 + q3,xiw,M3)^2*xia*xiw*
      ufoGC58*ufoGC107*ufoGC4*ufoGC93
       + 1/2*g_(1,6_,nu10)*FT2(g6)*Vec(nu10,q2)*Vec(nu9,q2)*Vec(nu9,q3)*Vec(
      nu16,q3)*Vec(nu15,q2)*Vecr(nu16,p4)*Vecr(nu15,p4)*Den( - p4 + q2 + q3)^2
      *Deng(p4,xiw,M3)^2*Deng(q2 + q3,xiw,0)*Deng(q2 + q3,xiw,M3)^2*xiw*
      ufoGC58*ufoGC107*ufoGC4*ufoGC93
       - 1/2*g_(1,6_,nu10)*FT2(g6)*Vec(nu10,q2)*Vec(nu9,q2)*Vec(nu9,q3)*Vec(
      nu16,q3)*Vec(nu15,q3)*Vecr(nu16,p4)*Vecr(nu15,p4)*Den( - p4 + q2 + q3)^2
      *Deng(p4,xiw,M3)^2*Deng(q2 + q3,xiw,0)*Deng(q2 + q3,xiw,M3)^2*xia*xiw*
      ufoGC58*ufoGC107*ufoGC4*ufoGC93
       + 1/2*g_(1,6_,nu10)*FT2(g6)*Vec(nu10,q2)*Vec(nu9,q2)*Vec(nu9,q3)*Vec(
      nu16,q3)*Vec(nu15,q3)*Vecr(nu16,p4)*Vecr(nu15,p4)*Den( - p4 + q2 + q3)^2
      *Deng(p4,xiw,M3)^2*Deng(q2 + q3,xiw,0)*Deng(q2 + q3,xiw,M3)^2*xiw*
      ufoGC58*ufoGC107*ufoGC4*ufoGC93
       - 1/2*g_(1,6_,nu10)*FT2(g6)*Vec(nu10,q2)*Vec(nu9,q2)*Vec(nu9,q3)*Vec(
      nu16,q3)*Vec(nu15,-p4)*Vecr(nu16,p4)*Vecr(nu15,p4)*Den( - p4 + q2 + q3)^
      2*Deng(p4,xiw,M3)^2*Deng(q2 + q3,xiw,0)*Deng(q2 + q3,xiw,M3)^2*xia*xiw*
      ufoGC58*ufoGC107*ufoGC4*ufoGC93
       + 1/2*g_(1,6_,nu10)*FT2(g6)*Vec(nu10,q2)*Vec(nu9,q2)*Vec(nu9,q3)*Vec(
      nu16,q3)*Vec(nu15,-p4)*Vecr(nu16,p4)*Vecr(nu15,p4)*Den( - p4 + q2 + q3)^
      2*Deng(p4,xiw,M3)^2*Deng(q2 + q3,xiw,0)*Deng(q2 + q3,xiw,M3)^2*xiw*
      ufoGC58*ufoGC107*ufoGC4*ufoGC93
       + 1/2*g_(1,6_,nu10)*FT2(g6)*Vec(nu10,q2)*Vec(nu9,q2)*Vec(nu9,q3)*Vec(
      nu16,-q2)*Vec(nu15,q2)*Vecr(nu16,p4)*Vecr(nu15,p4)*Den( - p4 + q2 + q3)^
      2*Deng(p4,xiw,M3)^2*Deng(q2 + q3,xiw,0)*Deng(q2 + q3,xiw,M3)^2*xia*xiw*
      ufoGC58*ufoGC107*ufoGC4*ufoGC93
       - 1/2*g_(1,6_,nu10)*FT2(g6)*Vec(nu10,q2)*Vec(nu9,q2)*Vec(nu9,q3)*Vec(
      nu16,-q2)*Vec(nu15,q2)*Vecr(nu16,p4)*Vecr(nu15,p4)*Den( - p4 + q2 + q3)^
      2*Deng(p4,xiw,M3)^2*Deng(q2 + q3,xiw,0)*Deng(q2 + q3,xiw,M3)^2*xiw*
      ufoGC58*ufoGC107*ufoGC4*ufoGC93
       + 1/2*g_(1,6_,nu10)*FT2(g6)*Vec(nu10,q2)*Vec(nu9,q2)*Vec(nu9,q3)*Vec(
      nu16,-q2)*Vec(nu15,q3)*Vecr(nu16,p4)*Vecr(nu15,p4)*Den( - p4 + q2 + q3)^
      2*Deng(p4,xiw,M3)^2*Deng(q2 + q3,xiw,0)*Deng(q2 + q3,xiw,M3)^2*xia*xiw*
      ufoGC58*ufoGC107*ufoGC4*ufoGC93
       - 1/2*g_(1,6_,nu10)*FT2(g6)*Vec(nu10,q2)*Vec(nu9,q2)*Vec(nu9,q3)*Vec(
      nu16,-q2)*Vec(nu15,q3)*Vecr(nu16,p4)*Vecr(nu15,p4)*Den( - p4 + q2 + q3)^
      2*Deng(p4,xiw,M3)^2*Deng(q2 + q3,xiw,0)*Deng(q2 + q3,xiw,M3)^2*xiw*
      ufoGC58*ufoGC107*ufoGC4*ufoGC93
       + 1/2*g_(1,6_,nu10)*FT2(g6)*Vec(nu10,q2)*Vec(nu9,q2)*Vec(nu9,q3)*Vec(
      nu16,-q2)*Vec(nu15,-p4)*Vecr(nu16,p4)*Vecr(nu15,p4)*Den( - p4 + q2 + q3)
      ^2*Deng(p4,xiw,M3)^2*Deng(q2 + q3,xiw,0)*Deng(q2 + q3,xiw,M3)^2*xia*xiw*
      ufoGC58*ufoGC107*ufoGC4*ufoGC93
       - 1/2*g_(1,6_,nu10)*FT2(g6)*Vec(nu10,q2)*Vec(nu9,q2)*Vec(nu9,q3)*Vec(
      nu16,-q2)*Vec(nu15,-p4)*Vecr(nu16,p4)*Vecr(nu15,p4)*Den( - p4 + q2 + q3)
      ^2*Deng(p4,xiw,M3)^2*Deng(q2 + q3,xiw,0)*Deng(q2 + q3,xiw,M3)^2*xiw*
      ufoGC58*ufoGC107*ufoGC4*ufoGC93
       + 1/2*g_(1,6_,nu10)*FT2(g6)*Vec(nu10,q2)*Vec(nu9,q2)*Vec(nu9,q3)*Vec(
      nu16,-q3)*Vec(nu15,q2)*Vecr(nu16,p4)*Vecr(nu15,p4)*Den( - p4 + q2 + q3)^
      2*Deng(p4,xiw,M3)^2*Deng(q2 + q3,xiw,0)*Deng(q2 + q3,xiw,M3)^2*xia*xiw*
      ufoGC58*ufoGC107*ufoGC4*ufoGC93
       - 1/2*g_(1,6_,nu10)*FT2(g6)*Vec(nu10,q2)*Vec(nu9,q2)*Vec(nu9,q3)*Vec(
      nu16,-q3)*Vec(nu15,q2)*Vecr(nu16,p4)*Vecr(nu15,p4)*Den( - p4 + q2 + q3)^
      2*Deng(p4,xiw,M3)^2*Deng(q2 + q3,xiw,0)*Deng(q2 + q3,xiw,M3)^2*xiw*
      ufoGC58*ufoGC107*ufoGC4*ufoGC93
       + 1/2*g_(1,6_,nu10)*FT2(g6)*Vec(nu10,q2)*Vec(nu9,q2)*Vec(nu9,q3)*Vec(
      nu16,-q3)*Vec(nu15,q3)*Vecr(nu16,p4)*Vecr(nu15,p4)*Den( - p4 + q2 + q3)^
      2*Deng(p4,xiw,M3)^2*Deng(q2 + q3,xiw,0)*Deng(q2 + q3,xiw,M3)^2*xia*xiw*
      ufoGC58*ufoGC107*ufoGC4*ufoGC93
       - 1/2*g_(1,6_,nu10)*FT2(g6)*Vec(nu10,q2)*Vec(nu9,q2)*Vec(nu9,q3)*Vec(
      nu16,-q3)*Vec(nu15,q3)*Vecr(nu16,p4)*Vecr(nu15,p4)*Den( - p4 + q2 + q3)^
      2*Deng(p4,xiw,M3)^2*Deng(q2 + q3,xiw,0)*Deng(q2 + q3,xiw,M3)^2*xiw*
      ufoGC58*ufoGC107*ufoGC4*ufoGC93
       + 1/2*g_(1,6_,nu10)*FT2(g6)*Vec(nu10,q2)*Vec(nu9,q2)*Vec(nu9,q3)*Vec(
      nu16,-q3)*Vec(nu15,-p4)*Vecr(nu16,p4)*Vecr(nu15,p4)*Den( - p4 + q2 + q3)
      ^2*Deng(p4,xiw,M3)^2*Deng(q2 + q3,xiw,0)*Deng(q2 + q3,xiw,M3)^2*xia*xiw*
      ufoGC58*ufoGC107*ufoGC4*ufoGC93
       - 1/2*g_(1,6_,nu10)*FT2(g6)*Vec(nu10,q2)*Vec(nu9,q2)*Vec(nu9,q3)*Vec(
      nu16,-q3)*Vec(nu15,-p4)*Vecr(nu16,p4)*Vecr(nu15,p4)*Den( - p4 + q2 + q3)
      ^2*Deng(p4,xiw,M3)^2*Deng(q2 + q3,xiw,0)*Deng(q2 + q3,xiw,M3)^2*xiw*
      ufoGC58*ufoGC107*ufoGC4*ufoGC93
       + 1/2*g_(1,6_,nu10)*FT2(g6)*Vec(nu10,q2)*Vec(nu9,q2)*Vec(nu9,q3)*Vec(
      nu15,q2)*Vecr(nu15,p4)*Den( - p4 + q2 + q3)^2*Deng(p4,xiw,M3)^2*Deng(q2
       + q3,xiw,0)*Deng(q2 + q3,xiw,M3)^2*p4.p4*xia*xiw*ufoGC58*ufoGC107*
      ufoGC4*ufoGC93
       - 1/2*g_(1,6_,nu10)*FT2(g6)*Vec(nu10,q2)*Vec(nu9,q2)*Vec(nu9,q3)*Vec(
      nu15,q2)*Vecr(nu15,p4)*Den( - p4 + q2 + q3)^2*Deng(p4,xiw,M3)^2*Deng(q2
       + q3,xiw,0)*Deng(q2 + q3,xiw,M3)^2*p4.p4*xiw*ufoGC58*ufoGC107*ufoGC4*
      ufoGC93
       + 1/2*g_(1,6_,nu10)*FT2(g6)*Vec(nu10,q2)*Vec(nu9,q2)*Vec(nu9,q3)*Vec(
      nu15,q3)*Vecr(nu15,p4)*Den( - p4 + q2 + q3)^2*Deng(p4,xiw,M3)^2*Deng(q2
       + q3,xiw,0)*Deng(q2 + q3,xiw,M3)^2*p4.p4*xia*xiw*ufoGC58*ufoGC107*
      ufoGC4*ufoGC93
       - 1/2*g_(1,6_,nu10)*FT2(g6)*Vec(nu10,q2)*Vec(nu9,q2)*Vec(nu9,q3)*Vec(
      nu15,q3)*Vecr(nu15,p4)*Den( - p4 + q2 + q3)^2*Deng(p4,xiw,M3)^2*Deng(q2
       + q3,xiw,0)*Deng(q2 + q3,xiw,M3)^2*p4.p4*xiw*ufoGC58*ufoGC107*ufoGC4*
      ufoGC93
       + 1/2*g_(1,6_,nu10)*FT2(g6)*Vec(nu10,q2)*Vec(nu9,q2)*Vec(nu9,q3)*Vec(
      nu15,-p4)*Vecr(nu15,p4)*Den( - p4 + q2 + q3)^2*Deng(p4,xiw,M3)^2*Deng(q2
       + q3,xiw,0)*Deng(q2 + q3,xiw,M3)^2*p4.p4*xia*xiw*ufoGC58*ufoGC107*
      ufoGC4*ufoGC93
       - 1/2*g_(1,6_,nu10)*FT2(g6)*Vec(nu10,q2)*Vec(nu9,q2)*Vec(nu9,q3)*Vec(
      nu15,-p4)*Vecr(nu15,p4)*Den( - p4 + q2 + q3)^2*Deng(p4,xiw,M3)^2*Deng(q2
       + q3,xiw,0)*Deng(q2 + q3,xiw,M3)^2*p4.p4*xiw*ufoGC58*ufoGC107*ufoGC4*
      ufoGC93
       - 1/4*g_(1,6_,nu10)*FT2(g6)*Vec(nu10,q2)*Vec(nu9,q2)*Vec(nu16,q2)*Vec(
      nu15,q2)*Vecr(nu9,p4)*Vecr(nu16,p4)*Vecr(nu15,p4)*Den( - p4 + q2 + q3)^2
      *Deng(p4,xiw,M3)^2*Deng(q2 + q3,xiw,0)*Deng(q2 + q3,xiw,M3)^2*xia*xiw*
      ufoGC58*ufoGC107*ufoGC4*ufoGC93
       + 1/4*g_(1,6_,nu10)*FT2(g6)*Vec(nu10,q2)*Vec(nu9,q2)*Vec(nu16,q2)*Vec(
      nu15,q2)*Vecr(nu9,p4)*Vecr(nu16,p4)*Vecr(nu15,p4)*Den( - p4 + q2 + q3)^2
      *Deng(p4,xiw,M3)^2*Deng(q2 + q3,xiw,0)*Deng(q2 + q3,xiw,M3)^2*xiw*
      ufoGC58*ufoGC107*ufoGC4*ufoGC93
       - 1/4*g_(1,6_,nu10)*FT2(g6)*Vec(nu10,q2)*Vec(nu9,q2)*Vec(nu16,q2)*Vec(
      nu15,q3)*Vecr(nu9,p4)*Vecr(nu16,p4)*Vecr(nu15,p4)*Den( - p4 + q2 + q3)^2
      *Deng(p4,xiw,M3)^2*Deng(q2 + q3,xiw,0)*Deng(q2 + q3,xiw,M3)^2*xia*xiw*
      ufoGC58*ufoGC107*ufoGC4*ufoGC93
       + 1/4*g_(1,6_,nu10)*FT2(g6)*Vec(nu10,q2)*Vec(nu9,q2)*Vec(nu16,q2)*Vec(
      nu15,q3)*Vecr(nu9,p4)*Vecr(nu16,p4)*Vecr(nu15,p4)*Den( - p4 + q2 + q3)^2
      *Deng(p4,xiw,M3)^2*Deng(q2 + q3,xiw,0)*Deng(q2 + q3,xiw,M3)^2*xiw*
      ufoGC58*ufoGC107*ufoGC4*ufoGC93
       - 1/4*g_(1,6_,nu10)*FT2(g6)*Vec(nu10,q2)*Vec(nu9,q2)*Vec(nu16,q2)*Vec(
      nu15,-p4)*Vecr(nu9,p4)*Vecr(nu16,p4)*Vecr(nu15,p4)*Den( - p4 + q2 + q3)^
      2*Deng(p4,xiw,M3)^2*Deng(q2 + q3,xiw,0)*Deng(q2 + q3,xiw,M3)^2*xia*xiw*
      ufoGC58*ufoGC107*ufoGC4*ufoGC93
       + 1/4*g_(1,6_,nu10)*FT2(g6)*Vec(nu10,q2)*Vec(nu9,q2)*Vec(nu16,q2)*Vec(
      nu15,-p4)*Vecr(nu9,p4)*Vecr(nu16,p4)*Vecr(nu15,p4)*Den( - p4 + q2 + q3)^
      2*Deng(p4,xiw,M3)^2*Deng(q2 + q3,xiw,0)*Deng(q2 + q3,xiw,M3)^2*xiw*
      ufoGC58*ufoGC107*ufoGC4*ufoGC93
       - 1/4*g_(1,6_,nu10)*FT2(g6)*Vec(nu10,q2)*Vec(nu9,q2)*Vec(nu16,q3)*Vec(
      nu15,q2)*Vecr(nu9,p4)*Vecr(nu16,p4)*Vecr(nu15,p4)*Den( - p4 + q2 + q3)^2
      *Deng(p4,xiw,M3)^2*Deng(q2 + q3,xiw,0)*Deng(q2 + q3,xiw,M3)^2*xia*xiw*
      ufoGC58*ufoGC107*ufoGC4*ufoGC93
       + 1/4*g_(1,6_,nu10)*FT2(g6)*Vec(nu10,q2)*Vec(nu9,q2)*Vec(nu16,q3)*Vec(
      nu15,q2)*Vecr(nu9,p4)*Vecr(nu16,p4)*Vecr(nu15,p4)*Den( - p4 + q2 + q3)^2
      *Deng(p4,xiw,M3)^2*Deng(q2 + q3,xiw,0)*Deng(q2 + q3,xiw,M3)^2*xiw*
      ufoGC58*ufoGC107*ufoGC4*ufoGC93
       - 1/4*g_(1,6_,nu10)*FT2(g6)*Vec(nu10,q2)*Vec(nu9,q2)*Vec(nu16,q3)*Vec(
      nu15,q3)*Vecr(nu9,p4)*Vecr(nu16,p4)*Vecr(nu15,p4)*Den( - p4 + q2 + q3)^2
      *Deng(p4,xiw,M3)^2*Deng(q2 + q3,xiw,0)*Deng(q2 + q3,xiw,M3)^2*xia*xiw*
      ufoGC58*ufoGC107*ufoGC4*ufoGC93
       + 1/4*g_(1,6_,nu10)*FT2(g6)*Vec(nu10,q2)*Vec(nu9,q2)*Vec(nu16,q3)*Vec(
      nu15,q3)*Vecr(nu9,p4)*Vecr(nu16,p4)*Vecr(nu15,p4)*Den( - p4 + q2 + q3)^2
      *Deng(p4,xiw,M3)^2*Deng(q2 + q3,xiw,0)*Deng(q2 + q3,xiw,M3)^2*xiw*
      ufoGC58*ufoGC107*ufoGC4*ufoGC93
       - 1/4*g_(1,6_,nu10)*FT2(g6)*Vec(nu10,q2)*Vec(nu9,q2)*Vec(nu16,q3)*Vec(
      nu15,-p4)*Vecr(nu9,p4)*Vecr(nu16,p4)*Vecr(nu15,p4)*Den( - p4 + q2 + q3)^
      2*Deng(p4,xiw,M3)^2*Deng(q2 + q3,xiw,0)*Deng(q2 + q3,xiw,M3)^2*xia*xiw*
      ufoGC58*ufoGC107*ufoGC4*ufoGC93
       + 1/4*g_(1,6_,nu10)*FT2(g6)*Vec(nu10,q2)*Vec(nu9,q2)*Vec(nu16,q3)*Vec(
      nu15,-p4)*Vecr(nu9,p4)*Vecr(nu16,p4)*Vecr(nu15,p4)*Den( - p4 + q2 + q3)^
      2*Deng(p4,xiw,M3)^2*Deng(q2 + q3,xiw,0)*Deng(q2 + q3,xiw,M3)^2*xiw*
      ufoGC58*ufoGC107*ufoGC4*ufoGC93
       - 1/4*g_(1,6_,nu10)*FT2(g6)*Vec(nu10,q2)*Vec(nu9,q2)*Vec(nu16,-p4)*Vec(
      nu15,q2)*Vecr(nu9,p4)*Vecr(nu16,p4)*Vecr(nu15,p4)*Den( - p4 + q2 + q3)^2
      *Deng(p4,xiw,M3)^2*Deng(q2 + q3,xiw,0)*Deng(q2 + q3,xiw,M3)^2*xia*xiw*
      ufoGC58*ufoGC107*ufoGC4*ufoGC93
       + 1/4*g_(1,6_,nu10)*FT2(g6)*Vec(nu10,q2)*Vec(nu9,q2)*Vec(nu16,-p4)*Vec(
      nu15,q2)*Vecr(nu9,p4)*Vecr(nu16,p4)*Vecr(nu15,p4)*Den( - p4 + q2 + q3)^2
      *Deng(p4,xiw,M3)^2*Deng(q2 + q3,xiw,0)*Deng(q2 + q3,xiw,M3)^2*xiw*
      ufoGC58*ufoGC107*ufoGC4*ufoGC93
       - 1/4*g_(1,6_,nu10)*FT2(g6)*Vec(nu10,q2)*Vec(nu9,q2)*Vec(nu16,-p4)*Vec(
      nu15,q3)*Vecr(nu9,p4)*Vecr(nu16,p4)*Vecr(nu15,p4)*Den( - p4 + q2 + q3)^2
      *Deng(p4,xiw,M3)^2*Deng(q2 + q3,xiw,0)*Deng(q2 + q3,xiw,M3)^2*xia*xiw*
      ufoGC58*ufoGC107*ufoGC4*ufoGC93
       + 1/4*g_(1,6_,nu10)*FT2(g6)*Vec(nu10,q2)*Vec(nu9,q2)*Vec(nu16,-p4)*Vec(
      nu15,q3)*Vecr(nu9,p4)*Vecr(nu16,p4)*Vecr(nu15,p4)*Den( - p4 + q2 + q3)^2
      *Deng(p4,xiw,M3)^2*Deng(q2 + q3,xiw,0)*Deng(q2 + q3,xiw,M3)^2*xiw*
      ufoGC58*ufoGC107*ufoGC4*ufoGC93
       - 1/4*g_(1,6_,nu10)*FT2(g6)*Vec(nu10,q2)*Vec(nu9,q2)*Vec(nu16,-p4)*Vec(
      nu15,-p4)*Vecr(nu9,p4)*Vecr(nu16,p4)*Vecr(nu15,p4)*Den( - p4 + q2 + q3)^
      2*Deng(p4,xiw,M3)^2*Deng(q2 + q3,xiw,0)*Deng(q2 + q3,xiw,M3)^2*xia*xiw*
      ufoGC58*ufoGC107*ufoGC4*ufoGC93
       + 1/4*g_(1,6_,nu10)*FT2(g6)*Vec(nu10,q2)*Vec(nu9,q2)*Vec(nu16,-p4)*Vec(
      nu15,-p4)*Vecr(nu9,p4)*Vecr(nu16,p4)*Vecr(nu15,p4)*Den( - p4 + q2 + q3)^
      2*Deng(p4,xiw,M3)^2*Deng(q2 + q3,xiw,0)*Deng(q2 + q3,xiw,M3)^2*xiw*
      ufoGC58*ufoGC107*ufoGC4*ufoGC93
       - 1/4*g_(1,6_,nu10)*FT2(g6)*Vec(nu10,q2)*Vec(nu9,q2)*Vecr(nu9,p4)*Den(
       - p4 + q2 + q3)*Deng(p4,xiw,M3)^2*Deng(q2 + q3,xiw,0)*Deng(q2 + q3,xiw,
      M3)^2*p4.p4*xiw*ufoGC58*ufoGC107*ufoGC4*ufoGC93
       - 1/4*g_(1,6_,nu10)*FT2(g6)*Vec(nu10,q2)*Vec(nu9,q3)^2*Vec(nu16,q2)*
      Vec(nu15,q2)*Vecr(nu16,p4)*Vecr(nu15,p4)*Den( - p4 + q2 + q3)^2*Deng(p4,
      xiw,M3)^2*Deng(q2 + q3,xiw,0)*Deng(q2 + q3,xiw,M3)^2*xia*xiw*ufoGC58*
      ufoGC107*ufoGC4*ufoGC93
       + 1/4*g_(1,6_,nu10)*FT2(g6)*Vec(nu10,q2)*Vec(nu9,q3)^2*Vec(nu16,q2)*
      Vec(nu15,q2)*Vecr(nu16,p4)*Vecr(nu15,p4)*Den( - p4 + q2 + q3)^2*Deng(p4,
      xiw,M3)^2*Deng(q2 + q3,xiw,0)*Deng(q2 + q3,xiw,M3)^2*xiw*ufoGC58*
      ufoGC107*ufoGC4*ufoGC93
       - 1/4*g_(1,6_,nu10)*FT2(g6)*Vec(nu10,q2)*Vec(nu9,q3)^2*Vec(nu16,q2)*
      Vec(nu15,q3)*Vecr(nu16,p4)*Vecr(nu15,p4)*Den( - p4 + q2 + q3)^2*Deng(p4,
      xiw,M3)^2*Deng(q2 + q3,xiw,0)*Deng(q2 + q3,xiw,M3)^2*xia*xiw*ufoGC58*
      ufoGC107*ufoGC4*ufoGC93
       + 1/4*g_(1,6_,nu10)*FT2(g6)*Vec(nu10,q2)*Vec(nu9,q3)^2*Vec(nu16,q2)*
      Vec(nu15,q3)*Vecr(nu16,p4)*Vecr(nu15,p4)*Den( - p4 + q2 + q3)^2*Deng(p4,
      xiw,M3)^2*Deng(q2 + q3,xiw,0)*Deng(q2 + q3,xiw,M3)^2*xiw*ufoGC58*
      ufoGC107*ufoGC4*ufoGC93
       - 1/4*g_(1,6_,nu10)*FT2(g6)*Vec(nu10,q2)*Vec(nu9,q3)^2*Vec(nu16,q2)*
      Vec(nu15,-p4)*Vecr(nu16,p4)*Vecr(nu15,p4)*Den( - p4 + q2 + q3)^2*Deng(p4
      ,xiw,M3)^2*Deng(q2 + q3,xiw,0)*Deng(q2 + q3,xiw,M3)^2*xia*xiw*ufoGC58*
      ufoGC107*ufoGC4*ufoGC93
       + 1/4*g_(1,6_,nu10)*FT2(g6)*Vec(nu10,q2)*Vec(nu9,q3)^2*Vec(nu16,q2)*
      Vec(nu15,-p4)*Vecr(nu16,p4)*Vecr(nu15,p4)*Den( - p4 + q2 + q3)^2*Deng(p4
      ,xiw,M3)^2*Deng(q2 + q3,xiw,0)*Deng(q2 + q3,xiw,M3)^2*xiw*ufoGC58*
      ufoGC107*ufoGC4*ufoGC93
       - 1/4*g_(1,6_,nu10)*FT2(g6)*Vec(nu10,q2)*Vec(nu9,q3)^2*Vec(nu16,q3)*
      Vec(nu15,q2)*Vecr(nu16,p4)*Vecr(nu15,p4)*Den( - p4 + q2 + q3)^2*Deng(p4,
      xiw,M3)^2*Deng(q2 + q3,xiw,0)*Deng(q2 + q3,xiw,M3)^2*xia*xiw*ufoGC58*
      ufoGC107*ufoGC4*ufoGC93
       + 1/4*g_(1,6_,nu10)*FT2(g6)*Vec(nu10,q2)*Vec(nu9,q3)^2*Vec(nu16,q3)*
      Vec(nu15,q2)*Vecr(nu16,p4)*Vecr(nu15,p4)*Den( - p4 + q2 + q3)^2*Deng(p4,
      xiw,M3)^2*Deng(q2 + q3,xiw,0)*Deng(q2 + q3,xiw,M3)^2*xiw*ufoGC58*
      ufoGC107*ufoGC4*ufoGC93
       - 1/4*g_(1,6_,nu10)*FT2(g6)*Vec(nu10,q2)*Vec(nu9,q3)^2*Vec(nu16,q3)*
      Vec(nu15,q3)*Vecr(nu16,p4)*Vecr(nu15,p4)*Den( - p4 + q2 + q3)^2*Deng(p4,
      xiw,M3)^2*Deng(q2 + q3,xiw,0)*Deng(q2 + q3,xiw,M3)^2*xia*xiw*ufoGC58*
      ufoGC107*ufoGC4*ufoGC93
       + 1/4*g_(1,6_,nu10)*FT2(g6)*Vec(nu10,q2)*Vec(nu9,q3)^2*Vec(nu16,q3)*
      Vec(nu15,q3)*Vecr(nu16,p4)*Vecr(nu15,p4)*Den( - p4 + q2 + q3)^2*Deng(p4,
      xiw,M3)^2*Deng(q2 + q3,xiw,0)*Deng(q2 + q3,xiw,M3)^2*xiw*ufoGC58*
      ufoGC107*ufoGC4*ufoGC93
       - 1/4*g_(1,6_,nu10)*FT2(g6)*Vec(nu10,q2)*Vec(nu9,q3)^2*Vec(nu16,q3)*
      Vec(nu15,-p4)*Vecr(nu16,p4)*Vecr(nu15,p4)*Den( - p4 + q2 + q3)^2*Deng(p4
      ,xiw,M3)^2*Deng(q2 + q3,xiw,0)*Deng(q2 + q3,xiw,M3)^2*xia*xiw*ufoGC58*
      ufoGC107*ufoGC4*ufoGC93
       + 1/4*g_(1,6_,nu10)*FT2(g6)*Vec(nu10,q2)*Vec(nu9,q3)^2*Vec(nu16,q3)*
      Vec(nu15,-p4)*Vecr(nu16,p4)*Vecr(nu15,p4)*Den( - p4 + q2 + q3)^2*Deng(p4
      ,xiw,M3)^2*Deng(q2 + q3,xiw,0)*Deng(q2 + q3,xiw,M3)^2*xiw*ufoGC58*
      ufoGC107*ufoGC4*ufoGC93
       + 1/4*g_(1,6_,nu10)*FT2(g6)*Vec(nu10,q2)*Vec(nu9,q3)^2*Vec(nu16,-q2)*
      Vec(nu15,q2)*Vecr(nu16,p4)*Vecr(nu15,p4)*Den( - p4 + q2 + q3)^2*Deng(p4,
      xiw,M3)^2*Deng(q2 + q3,xiw,0)*Deng(q2 + q3,xiw,M3)^2*xia*xiw*ufoGC58*
      ufoGC107*ufoGC4*ufoGC93
       - 1/4*g_(1,6_,nu10)*FT2(g6)*Vec(nu10,q2)*Vec(nu9,q3)^2*Vec(nu16,-q2)*
      Vec(nu15,q2)*Vecr(nu16,p4)*Vecr(nu15,p4)*Den( - p4 + q2 + q3)^2*Deng(p4,
      xiw,M3)^2*Deng(q2 + q3,xiw,0)*Deng(q2 + q3,xiw,M3)^2*xiw*ufoGC58*
      ufoGC107*ufoGC4*ufoGC93
       + 1/4*g_(1,6_,nu10)*FT2(g6)*Vec(nu10,q2)*Vec(nu9,q3)^2*Vec(nu16,-q2)*
      Vec(nu15,q3)*Vecr(nu16,p4)*Vecr(nu15,p4)*Den( - p4 + q2 + q3)^2*Deng(p4,
      xiw,M3)^2*Deng(q2 + q3,xiw,0)*Deng(q2 + q3,xiw,M3)^2*xia*xiw*ufoGC58*
      ufoGC107*ufoGC4*ufoGC93
       - 1/4*g_(1,6_,nu10)*FT2(g6)*Vec(nu10,q2)*Vec(nu9,q3)^2*Vec(nu16,-q2)*
      Vec(nu15,q3)*Vecr(nu16,p4)*Vecr(nu15,p4)*Den( - p4 + q2 + q3)^2*Deng(p4,
      xiw,M3)^2*Deng(q2 + q3,xiw,0)*Deng(q2 + q3,xiw,M3)^2*xiw*ufoGC58*
      ufoGC107*ufoGC4*ufoGC93
       + 1/4*g_(1,6_,nu10)*FT2(g6)*Vec(nu10,q2)*Vec(nu9,q3)^2*Vec(nu16,-q2)*
      Vec(nu15,-p4)*Vecr(nu16,p4)*Vecr(nu15,p4)*Den( - p4 + q2 + q3)^2*Deng(p4
      ,xiw,M3)^2*Deng(q2 + q3,xiw,0)*Deng(q2 + q3,xiw,M3)^2*xia*xiw*ufoGC58*
      ufoGC107*ufoGC4*ufoGC93
       - 1/4*g_(1,6_,nu10)*FT2(g6)*Vec(nu10,q2)*Vec(nu9,q3)^2*Vec(nu16,-q2)*
      Vec(nu15,-p4)*Vecr(nu16,p4)*Vecr(nu15,p4)*Den( - p4 + q2 + q3)^2*Deng(p4
      ,xiw,M3)^2*Deng(q2 + q3,xiw,0)*Deng(q2 + q3,xiw,M3)^2*xiw*ufoGC58*
      ufoGC107*ufoGC4*ufoGC93
       + 1/4*g_(1,6_,nu10)*FT2(g6)*Vec(nu10,q2)*Vec(nu9,q3)^2*Vec(nu16,-q3)*
      Vec(nu15,q2)*Vecr(nu16,p4)*Vecr(nu15,p4)*Den( - p4 + q2 + q3)^2*Deng(p4,
      xiw,M3)^2*Deng(q2 + q3,xiw,0)*Deng(q2 + q3,xiw,M3)^2*xia*xiw*ufoGC58*
      ufoGC107*ufoGC4*ufoGC93
       - 1/4*g_(1,6_,nu10)*FT2(g6)*Vec(nu10,q2)*Vec(nu9,q3)^2*Vec(nu16,-q3)*
      Vec(nu15,q2)*Vecr(nu16,p4)*Vecr(nu15,p4)*Den( - p4 + q2 + q3)^2*Deng(p4,
      xiw,M3)^2*Deng(q2 + q3,xiw,0)*Deng(q2 + q3,xiw,M3)^2*xiw*ufoGC58*
      ufoGC107*ufoGC4*ufoGC93
       + 1/4*g_(1,6_,nu10)*FT2(g6)*Vec(nu10,q2)*Vec(nu9,q3)^2*Vec(nu16,-q3)*
      Vec(nu15,q3)*Vecr(nu16,p4)*Vecr(nu15,p4)*Den( - p4 + q2 + q3)^2*Deng(p4,
      xiw,M3)^2*Deng(q2 + q3,xiw,0)*Deng(q2 + q3,xiw,M3)^2*xia*xiw*ufoGC58*
      ufoGC107*ufoGC4*ufoGC93
       - 1/4*g_(1,6_,nu10)*FT2(g6)*Vec(nu10,q2)*Vec(nu9,q3)^2*Vec(nu16,-q3)*
      Vec(nu15,q3)*Vecr(nu16,p4)*Vecr(nu15,p4)*Den( - p4 + q2 + q3)^2*Deng(p4,
      xiw,M3)^2*Deng(q2 + q3,xiw,0)*Deng(q2 + q3,xiw,M3)^2*xiw*ufoGC58*
      ufoGC107*ufoGC4*ufoGC93
       + 1/4*g_(1,6_,nu10)*FT2(g6)*Vec(nu10,q2)*Vec(nu9,q3)^2*Vec(nu16,-q3)*
      Vec(nu15,-p4)*Vecr(nu16,p4)*Vecr(nu15,p4)*Den( - p4 + q2 + q3)^2*Deng(p4
      ,xiw,M3)^2*Deng(q2 + q3,xiw,0)*Deng(q2 + q3,xiw,M3)^2*xia*xiw*ufoGC58*
      ufoGC107*ufoGC4*ufoGC93
       - 1/4*g_(1,6_,nu10)*FT2(g6)*Vec(nu10,q2)*Vec(nu9,q3)^2*Vec(nu16,-q3)*
      Vec(nu15,-p4)*Vecr(nu16,p4)*Vecr(nu15,p4)*Den( - p4 + q2 + q3)^2*Deng(p4
      ,xiw,M3)^2*Deng(q2 + q3,xiw,0)*Deng(q2 + q3,xiw,M3)^2*xiw*ufoGC58*
      ufoGC107*ufoGC4*ufoGC93
       + 1/4*g_(1,6_,nu10)*FT2(g6)*Vec(nu10,q2)*Vec(nu9,q3)^2*Vec(nu15,q2)*
      Vecr(nu15,p4)*Den( - p4 + q2 + q3)^2*Deng(p4,xiw,M3)^2*Deng(q2 + q3,xiw,
      0)*Deng(q2 + q3,xiw,M3)^2*p4.p4*xia*xiw*ufoGC58*ufoGC107*ufoGC4*ufoGC93
       - 1/4*g_(1,6_,nu10)*FT2(g6)*Vec(nu10,q2)*Vec(nu9,q3)^2*Vec(nu15,q2)*
      Vecr(nu15,p4)*Den( - p4 + q2 + q3)^2*Deng(p4,xiw,M3)^2*Deng(q2 + q3,xiw,
      0)*Deng(q2 + q3,xiw,M3)^2*p4.p4*xiw*ufoGC58*ufoGC107*ufoGC4*ufoGC93
       + 1/4*g_(1,6_,nu10)*FT2(g6)*Vec(nu10,q2)*Vec(nu9,q3)^2*Vec(nu15,q3)*
      Vecr(nu15,p4)*Den( - p4 + q2 + q3)^2*Deng(p4,xiw,M3)^2*Deng(q2 + q3,xiw,
      0)*Deng(q2 + q3,xiw,M3)^2*p4.p4*xia*xiw*ufoGC58*ufoGC107*ufoGC4*ufoGC93
       - 1/4*g_(1,6_,nu10)*FT2(g6)*Vec(nu10,q2)*Vec(nu9,q3)^2*Vec(nu15,q3)*
      Vecr(nu15,p4)*Den( - p4 + q2 + q3)^2*Deng(p4,xiw,M3)^2*Deng(q2 + q3,xiw,
      0)*Deng(q2 + q3,xiw,M3)^2*p4.p4*xiw*ufoGC58*ufoGC107*ufoGC4*ufoGC93
       + 1/4*g_(1,6_,nu10)*FT2(g6)*Vec(nu10,q2)*Vec(nu9,q3)^2*Vec(nu15,-p4)*
      Vecr(nu15,p4)*Den( - p4 + q2 + q3)^2*Deng(p4,xiw,M3)^2*Deng(q2 + q3,xiw,
      0)*Deng(q2 + q3,xiw,M3)^2*p4.p4*xia*xiw*ufoGC58*ufoGC107*ufoGC4*ufoGC93
       - 1/4*g_(1,6_,nu10)*FT2(g6)*Vec(nu10,q2)*Vec(nu9,q3)^2*Vec(nu15,-p4)*
      Vecr(nu15,p4)*Den( - p4 + q2 + q3)^2*Deng(p4,xiw,M3)^2*Deng(q2 + q3,xiw,
      0)*Deng(q2 + q3,xiw,M3)^2*p4.p4*xiw*ufoGC58*ufoGC107*ufoGC4*ufoGC93
       - 1/4*g_(1,6_,nu10)*FT2(g6)*Vec(nu10,q2)*Vec(nu9,q3)*Vec(nu16,q2)*Vec(
      nu15,q2)*Vecr(nu9,p4)*Vecr(nu16,p4)*Vecr(nu15,p4)*Den( - p4 + q2 + q3)^2
      *Deng(p4,xiw,M3)^2*Deng(q2 + q3,xiw,0)*Deng(q2 + q3,xiw,M3)^2*xia*xiw*
      ufoGC58*ufoGC107*ufoGC4*ufoGC93
       + 1/4*g_(1,6_,nu10)*FT2(g6)*Vec(nu10,q2)*Vec(nu9,q3)*Vec(nu16,q2)*Vec(
      nu15,q2)*Vecr(nu9,p4)*Vecr(nu16,p4)*Vecr(nu15,p4)*Den( - p4 + q2 + q3)^2
      *Deng(p4,xiw,M3)^2*Deng(q2 + q3,xiw,0)*Deng(q2 + q3,xiw,M3)^2*xiw*
      ufoGC58*ufoGC107*ufoGC4*ufoGC93
       - 1/4*g_(1,6_,nu10)*FT2(g6)*Vec(nu10,q2)*Vec(nu9,q3)*Vec(nu16,q2)*Vec(
      nu15,q3)*Vecr(nu9,p4)*Vecr(nu16,p4)*Vecr(nu15,p4)*Den( - p4 + q2 + q3)^2
      *Deng(p4,xiw,M3)^2*Deng(q2 + q3,xiw,0)*Deng(q2 + q3,xiw,M3)^2*xia*xiw*
      ufoGC58*ufoGC107*ufoGC4*ufoGC93
       + 1/4*g_(1,6_,nu10)*FT2(g6)*Vec(nu10,q2)*Vec(nu9,q3)*Vec(nu16,q2)*Vec(
      nu15,q3)*Vecr(nu9,p4)*Vecr(nu16,p4)*Vecr(nu15,p4)*Den( - p4 + q2 + q3)^2
      *Deng(p4,xiw,M3)^2*Deng(q2 + q3,xiw,0)*Deng(q2 + q3,xiw,M3)^2*xiw*
      ufoGC58*ufoGC107*ufoGC4*ufoGC93
       - 1/4*g_(1,6_,nu10)*FT2(g6)*Vec(nu10,q2)*Vec(nu9,q3)*Vec(nu16,q2)*Vec(
      nu15,-p4)*Vecr(nu9,p4)*Vecr(nu16,p4)*Vecr(nu15,p4)*Den( - p4 + q2 + q3)^
      2*Deng(p4,xiw,M3)^2*Deng(q2 + q3,xiw,0)*Deng(q2 + q3,xiw,M3)^2*xia*xiw*
      ufoGC58*ufoGC107*ufoGC4*ufoGC93
       + 1/4*g_(1,6_,nu10)*FT2(g6)*Vec(nu10,q2)*Vec(nu9,q3)*Vec(nu16,q2)*Vec(
      nu15,-p4)*Vecr(nu9,p4)*Vecr(nu16,p4)*Vecr(nu15,p4)*Den( - p4 + q2 + q3)^
      2*Deng(p4,xiw,M3)^2*Deng(q2 + q3,xiw,0)*Deng(q2 + q3,xiw,M3)^2*xiw*
      ufoGC58*ufoGC107*ufoGC4*ufoGC93
       - 1/4*g_(1,6_,nu10)*FT2(g6)*Vec(nu10,q2)*Vec(nu9,q3)*Vec(nu16,q3)*Vec(
      nu15,q2)*Vecr(nu9,p4)*Vecr(nu16,p4)*Vecr(nu15,p4)*Den( - p4 + q2 + q3)^2
      *Deng(p4,xiw,M3)^2*Deng(q2 + q3,xiw,0)*Deng(q2 + q3,xiw,M3)^2*xia*xiw*
      ufoGC58*ufoGC107*ufoGC4*ufoGC93
       + 1/4*g_(1,6_,nu10)*FT2(g6)*Vec(nu10,q2)*Vec(nu9,q3)*Vec(nu16,q3)*Vec(
      nu15,q2)*Vecr(nu9,p4)*Vecr(nu16,p4)*Vecr(nu15,p4)*Den( - p4 + q2 + q3)^2
      *Deng(p4,xiw,M3)^2*Deng(q2 + q3,xiw,0)*Deng(q2 + q3,xiw,M3)^2*xiw*
      ufoGC58*ufoGC107*ufoGC4*ufoGC93
       - 1/4*g_(1,6_,nu10)*FT2(g6)*Vec(nu10,q2)*Vec(nu9,q3)*Vec(nu16,q3)*Vec(
      nu15,q3)*Vecr(nu9,p4)*Vecr(nu16,p4)*Vecr(nu15,p4)*Den( - p4 + q2 + q3)^2
      *Deng(p4,xiw,M3)^2*Deng(q2 + q3,xiw,0)*Deng(q2 + q3,xiw,M3)^2*xia*xiw*
      ufoGC58*ufoGC107*ufoGC4*ufoGC93
       + 1/4*g_(1,6_,nu10)*FT2(g6)*Vec(nu10,q2)*Vec(nu9,q3)*Vec(nu16,q3)*Vec(
      nu15,q3)*Vecr(nu9,p4)*Vecr(nu16,p4)*Vecr(nu15,p4)*Den( - p4 + q2 + q3)^2
      *Deng(p4,xiw,M3)^2*Deng(q2 + q3,xiw,0)*Deng(q2 + q3,xiw,M3)^2*xiw*
      ufoGC58*ufoGC107*ufoGC4*ufoGC93
       - 1/4*g_(1,6_,nu10)*FT2(g6)*Vec(nu10,q2)*Vec(nu9,q3)*Vec(nu16,q3)*Vec(
      nu15,-p4)*Vecr(nu9,p4)*Vecr(nu16,p4)*Vecr(nu15,p4)*Den( - p4 + q2 + q3)^
      2*Deng(p4,xiw,M3)^2*Deng(q2 + q3,xiw,0)*Deng(q2 + q3,xiw,M3)^2*xia*xiw*
      ufoGC58*ufoGC107*ufoGC4*ufoGC93
       + 1/4*g_(1,6_,nu10)*FT2(g6)*Vec(nu10,q2)*Vec(nu9,q3)*Vec(nu16,q3)*Vec(
      nu15,-p4)*Vecr(nu9,p4)*Vecr(nu16,p4)*Vecr(nu15,p4)*Den( - p4 + q2 + q3)^
      2*Deng(p4,xiw,M3)^2*Deng(q2 + q3,xiw,0)*Deng(q2 + q3,xiw,M3)^2*xiw*
      ufoGC58*ufoGC107*ufoGC4*ufoGC93
       - 1/4*g_(1,6_,nu10)*FT2(g6)*Vec(nu10,q2)*Vec(nu9,q3)*Vec(nu16,-p4)*Vec(
      nu15,q2)*Vecr(nu9,p4)*Vecr(nu16,p4)*Vecr(nu15,p4)*Den( - p4 + q2 + q3)^2
      *Deng(p4,xiw,M3)^2*Deng(q2 + q3,xiw,0)*Deng(q2 + q3,xiw,M3)^2*xia*xiw*
      ufoGC58*ufoGC107*ufoGC4*ufoGC93
       + 1/4*g_(1,6_,nu10)*FT2(g6)*Vec(nu10,q2)*Vec(nu9,q3)*Vec(nu16,-p4)*Vec(
      nu15,q2)*Vecr(nu9,p4)*Vecr(nu16,p4)*Vecr(nu15,p4)*Den( - p4 + q2 + q3)^2
      *Deng(p4,xiw,M3)^2*Deng(q2 + q3,xiw,0)*Deng(q2 + q3,xiw,M3)^2*xiw*
      ufoGC58*ufoGC107*ufoGC4*ufoGC93
       - 1/4*g_(1,6_,nu10)*FT2(g6)*Vec(nu10,q2)*Vec(nu9,q3)*Vec(nu16,-p4)*Vec(
      nu15,q3)*Vecr(nu9,p4)*Vecr(nu16,p4)*Vecr(nu15,p4)*Den( - p4 + q2 + q3)^2
      *Deng(p4,xiw,M3)^2*Deng(q2 + q3,xiw,0)*Deng(q2 + q3,xiw,M3)^2*xia*xiw*
      ufoGC58*ufoGC107*ufoGC4*ufoGC93
       + 1/4*g_(1,6_,nu10)*FT2(g6)*Vec(nu10,q2)*Vec(nu9,q3)*Vec(nu16,-p4)*Vec(
      nu15,q3)*Vecr(nu9,p4)*Vecr(nu16,p4)*Vecr(nu15,p4)*Den( - p4 + q2 + q3)^2
      *Deng(p4,xiw,M3)^2*Deng(q2 + q3,xiw,0)*Deng(q2 + q3,xiw,M3)^2*xiw*
      ufoGC58*ufoGC107*ufoGC4*ufoGC93
       - 1/4*g_(1,6_,nu10)*FT2(g6)*Vec(nu10,q2)*Vec(nu9,q3)*Vec(nu16,-p4)*Vec(
      nu15,-p4)*Vecr(nu9,p4)*Vecr(nu16,p4)*Vecr(nu15,p4)*Den( - p4 + q2 + q3)^
      2*Deng(p4,xiw,M3)^2*Deng(q2 + q3,xiw,0)*Deng(q2 + q3,xiw,M3)^2*xia*xiw*
      ufoGC58*ufoGC107*ufoGC4*ufoGC93
       + 1/4*g_(1,6_,nu10)*FT2(g6)*Vec(nu10,q2)*Vec(nu9,q3)*Vec(nu16,-p4)*Vec(
      nu15,-p4)*Vecr(nu9,p4)*Vecr(nu16,p4)*Vecr(nu15,p4)*Den( - p4 + q2 + q3)^
      2*Deng(p4,xiw,M3)^2*Deng(q2 + q3,xiw,0)*Deng(q2 + q3,xiw,M3)^2*xiw*
      ufoGC58*ufoGC107*ufoGC4*ufoGC93
       - 1/4*g_(1,6_,nu10)*FT2(g6)*Vec(nu10,q2)*Vec(nu9,q3)*Vecr(nu9,p4)*Den(
       - p4 + q2 + q3)*Deng(p4,xiw,M3)^2*Deng(q2 + q3,xiw,0)*Deng(q2 + q3,xiw,
      M3)^2*p4.p4*xiw*ufoGC58*ufoGC107*ufoGC4*ufoGC93
       + 1/4*g_(1,6_,nu10)*FT2(g6)*Vec(nu10,q2)*Vec(nu9,-p4)*Vec(nu9,q2)*Vec(
      nu16,-p4)*Vec(nu15,q2)*Vecr(nu16,p4)*Vecr(nu15,p4)*Den( - p4 + q2 + q3)^
      2*Deng(p4,xiw,M3)^2*Deng(q2 + q3,xiw,0)*Deng(q2 + q3,xiw,M3)^2*xia*xiw*
      ufoGC58*ufoGC107*ufoGC4*ufoGC93
       - 1/4*g_(1,6_,nu10)*FT2(g6)*Vec(nu10,q2)*Vec(nu9,-p4)*Vec(nu9,q2)*Vec(
      nu16,-p4)*Vec(nu15,q2)*Vecr(nu16,p4)*Vecr(nu15,p4)*Den( - p4 + q2 + q3)^
      2*Deng(p4,xiw,M3)^2*Deng(q2 + q3,xiw,0)*Deng(q2 + q3,xiw,M3)^2*xiw*
      ufoGC58*ufoGC107*ufoGC4*ufoGC93
       + 1/4*g_(1,6_,nu10)*FT2(g6)*Vec(nu10,q2)*Vec(nu9,-p4)*Vec(nu9,q2)*Vec(
      nu16,-p4)*Vec(nu15,q3)*Vecr(nu16,p4)*Vecr(nu15,p4)*Den( - p4 + q2 + q3)^
      2*Deng(p4,xiw,M3)^2*Deng(q2 + q3,xiw,0)*Deng(q2 + q3,xiw,M3)^2*xia*xiw*
      ufoGC58*ufoGC107*ufoGC4*ufoGC93
       - 1/4*g_(1,6_,nu10)*FT2(g6)*Vec(nu10,q2)*Vec(nu9,-p4)*Vec(nu9,q2)*Vec(
      nu16,-p4)*Vec(nu15,q3)*Vecr(nu16,p4)*Vecr(nu15,p4)*Den( - p4 + q2 + q3)^
      2*Deng(p4,xiw,M3)^2*Deng(q2 + q3,xiw,0)*Deng(q2 + q3,xiw,M3)^2*xiw*
      ufoGC58*ufoGC107*ufoGC4*ufoGC93
       + 1/4*g_(1,6_,nu10)*FT2(g6)*Vec(nu10,q2)*Vec(nu9,-p4)*Vec(nu9,q2)*Vec(
      nu16,-p4)*Vec(nu15,-p4)*Vecr(nu16,p4)*Vecr(nu15,p4)*Den( - p4 + q2 + q3)
      ^2*Deng(p4,xiw,M3)^2*Deng(q2 + q3,xiw,0)*Deng(q2 + q3,xiw,M3)^2*xia*xiw*
      ufoGC58*ufoGC107*ufoGC4*ufoGC93
       - 1/4*g_(1,6_,nu10)*FT2(g6)*Vec(nu10,q2)*Vec(nu9,-p4)*Vec(nu9,q2)*Vec(
      nu16,-p4)*Vec(nu15,-p4)*Vecr(nu16,p4)*Vecr(nu15,p4)*Den( - p4 + q2 + q3)
      ^2*Deng(p4,xiw,M3)^2*Deng(q2 + q3,xiw,0)*Deng(q2 + q3,xiw,M3)^2*xiw*
      ufoGC58*ufoGC107*ufoGC4*ufoGC93
       + 1/4*g_(1,6_,nu10)*FT2(g6)*Vec(nu10,q2)*Vec(nu9,-p4)*Vec(nu9,q2)*Vec(
      nu16,-q2)*Vec(nu15,q2)*Vecr(nu16,p4)*Vecr(nu15,p4)*Den( - p4 + q2 + q3)^
      2*Deng(p4,xiw,M3)^2*Deng(q2 + q3,xiw,0)*Deng(q2 + q3,xiw,M3)^2*xia*xiw*
      ufoGC58*ufoGC107*ufoGC4*ufoGC93
       - 1/4*g_(1,6_,nu10)*FT2(g6)*Vec(nu10,q2)*Vec(nu9,-p4)*Vec(nu9,q2)*Vec(
      nu16,-q2)*Vec(nu15,q2)*Vecr(nu16,p4)*Vecr(nu15,p4)*Den( - p4 + q2 + q3)^
      2*Deng(p4,xiw,M3)^2*Deng(q2 + q3,xiw,0)*Deng(q2 + q3,xiw,M3)^2*xiw*
      ufoGC58*ufoGC107*ufoGC4*ufoGC93
       + 1/4*g_(1,6_,nu10)*FT2(g6)*Vec(nu10,q2)*Vec(nu9,-p4)*Vec(nu9,q2)*Vec(
      nu16,-q2)*Vec(nu15,q3)*Vecr(nu16,p4)*Vecr(nu15,p4)*Den( - p4 + q2 + q3)^
      2*Deng(p4,xiw,M3)^2*Deng(q2 + q3,xiw,0)*Deng(q2 + q3,xiw,M3)^2*xia*xiw*
      ufoGC58*ufoGC107*ufoGC4*ufoGC93
       - 1/4*g_(1,6_,nu10)*FT2(g6)*Vec(nu10,q2)*Vec(nu9,-p4)*Vec(nu9,q2)*Vec(
      nu16,-q2)*Vec(nu15,q3)*Vecr(nu16,p4)*Vecr(nu15,p4)*Den( - p4 + q2 + q3)^
      2*Deng(p4,xiw,M3)^2*Deng(q2 + q3,xiw,0)*Deng(q2 + q3,xiw,M3)^2*xiw*
      ufoGC58*ufoGC107*ufoGC4*ufoGC93
       + 1/4*g_(1,6_,nu10)*FT2(g6)*Vec(nu10,q2)*Vec(nu9,-p4)*Vec(nu9,q2)*Vec(
      nu16,-q2)*Vec(nu15,-p4)*Vecr(nu16,p4)*Vecr(nu15,p4)*Den( - p4 + q2 + q3)
      ^2*Deng(p4,xiw,M3)^2*Deng(q2 + q3,xiw,0)*Deng(q2 + q3,xiw,M3)^2*xia*xiw*
      ufoGC58*ufoGC107*ufoGC4*ufoGC93
       - 1/4*g_(1,6_,nu10)*FT2(g6)*Vec(nu10,q2)*Vec(nu9,-p4)*Vec(nu9,q2)*Vec(
      nu16,-q2)*Vec(nu15,-p4)*Vecr(nu16,p4)*Vecr(nu15,p4)*Den( - p4 + q2 + q3)
      ^2*Deng(p4,xiw,M3)^2*Deng(q2 + q3,xiw,0)*Deng(q2 + q3,xiw,M3)^2*xiw*
      ufoGC58*ufoGC107*ufoGC4*ufoGC93
       + 1/4*g_(1,6_,nu10)*FT2(g6)*Vec(nu10,q2)*Vec(nu9,-p4)*Vec(nu9,q2)*Vec(
      nu16,-q3)*Vec(nu15,q2)*Vecr(nu16,p4)*Vecr(nu15,p4)*Den( - p4 + q2 + q3)^
      2*Deng(p4,xiw,M3)^2*Deng(q2 + q3,xiw,0)*Deng(q2 + q3,xiw,M3)^2*xia*xiw*
      ufoGC58*ufoGC107*ufoGC4*ufoGC93
       - 1/4*g_(1,6_,nu10)*FT2(g6)*Vec(nu10,q2)*Vec(nu9,-p4)*Vec(nu9,q2)*Vec(
      nu16,-q3)*Vec(nu15,q2)*Vecr(nu16,p4)*Vecr(nu15,p4)*Den( - p4 + q2 + q3)^
      2*Deng(p4,xiw,M3)^2*Deng(q2 + q3,xiw,0)*Deng(q2 + q3,xiw,M3)^2*xiw*
      ufoGC58*ufoGC107*ufoGC4*ufoGC93
       + 1/4*g_(1,6_,nu10)*FT2(g6)*Vec(nu10,q2)*Vec(nu9,-p4)*Vec(nu9,q2)*Vec(
      nu16,-q3)*Vec(nu15,q3)*Vecr(nu16,p4)*Vecr(nu15,p4)*Den( - p4 + q2 + q3)^
      2*Deng(p4,xiw,M3)^2*Deng(q2 + q3,xiw,0)*Deng(q2 + q3,xiw,M3)^2*xia*xiw*
      ufoGC58*ufoGC107*ufoGC4*ufoGC93
       - 1/4*g_(1,6_,nu10)*FT2(g6)*Vec(nu10,q2)*Vec(nu9,-p4)*Vec(nu9,q2)*Vec(
      nu16,-q3)*Vec(nu15,q3)*Vecr(nu16,p4)*Vecr(nu15,p4)*Den( - p4 + q2 + q3)^
      2*Deng(p4,xiw,M3)^2*Deng(q2 + q3,xiw,0)*Deng(q2 + q3,xiw,M3)^2*xiw*
      ufoGC58*ufoGC107*ufoGC4*ufoGC93
       + 1/4*g_(1,6_,nu10)*FT2(g6)*Vec(nu10,q2)*Vec(nu9,-p4)*Vec(nu9,q2)*Vec(
      nu16,-q3)*Vec(nu15,-p4)*Vecr(nu16,p4)*Vecr(nu15,p4)*Den( - p4 + q2 + q3)
      ^2*Deng(p4,xiw,M3)^2*Deng(q2 + q3,xiw,0)*Deng(q2 + q3,xiw,M3)^2*xia*xiw*
      ufoGC58*ufoGC107*ufoGC4*ufoGC93
       - 1/4*g_(1,6_,nu10)*FT2(g6)*Vec(nu10,q2)*Vec(nu9,-p4)*Vec(nu9,q2)*Vec(
      nu16,-q3)*Vec(nu15,-p4)*Vecr(nu16,p4)*Vecr(nu15,p4)*Den( - p4 + q2 + q3)
      ^2*Deng(p4,xiw,M3)^2*Deng(q2 + q3,xiw,0)*Deng(q2 + q3,xiw,M3)^2*xiw*
      ufoGC58*ufoGC107*ufoGC4*ufoGC93
       + 1/4*g_(1,6_,nu10)*FT2(g6)*Vec(nu10,q2)*Vec(nu9,-p4)*Vec(nu9,q2)*Vec(
      nu15,q2)*Vecr(nu15,p4)*Den( - p4 + q2 + q3)^2*Deng(p4,xiw,M3)^2*Deng(q2
       + q3,xiw,0)*Deng(q2 + q3,xiw,M3)^2*p4.p4*xia*xiw*ufoGC58*ufoGC107*
      ufoGC4*ufoGC93
       - 1/4*g_(1,6_,nu10)*FT2(g6)*Vec(nu10,q2)*Vec(nu9,-p4)*Vec(nu9,q2)*Vec(
      nu15,q2)*Vecr(nu15,p4)*Den( - p4 + q2 + q3)^2*Deng(p4,xiw,M3)^2*Deng(q2
       + q3,xiw,0)*Deng(q2 + q3,xiw,M3)^2*p4.p4*xiw*ufoGC58*ufoGC107*ufoGC4*
      ufoGC93
       + 1/4*g_(1,6_,nu10)*FT2(g6)*Vec(nu10,q2)*Vec(nu9,-p4)*Vec(nu9,q2)*Vec(
      nu15,q3)*Vecr(nu15,p4)*Den( - p4 + q2 + q3)^2*Deng(p4,xiw,M3)^2*Deng(q2
       + q3,xiw,0)*Deng(q2 + q3,xiw,M3)^2*p4.p4*xia*xiw*ufoGC58*ufoGC107*
      ufoGC4*ufoGC93
       - 1/4*g_(1,6_,nu10)*FT2(g6)*Vec(nu10,q2)*Vec(nu9,-p4)*Vec(nu9,q2)*Vec(
      nu15,q3)*Vecr(nu15,p4)*Den( - p4 + q2 + q3)^2*Deng(p4,xiw,M3)^2*Deng(q2
       + q3,xiw,0)*Deng(q2 + q3,xiw,M3)^2*p4.p4*xiw*ufoGC58*ufoGC107*ufoGC4*
      ufoGC93
       + 1/4*g_(1,6_,nu10)*FT2(g6)*Vec(nu10,q2)*Vec(nu9,-p4)*Vec(nu9,q2)*Vec(
      nu15,-p4)*Vecr(nu15,p4)*Den( - p4 + q2 + q3)^2*Deng(p4,xiw,M3)^2*Deng(q2
       + q3,xiw,0)*Deng(q2 + q3,xiw,M3)^2*p4.p4*xia*xiw*ufoGC58*ufoGC107*
      ufoGC4*ufoGC93
       - 1/4*g_(1,6_,nu10)*FT2(g6)*Vec(nu10,q2)*Vec(nu9,-p4)*Vec(nu9,q2)*Vec(
      nu15,-p4)*Vecr(nu15,p4)*Den( - p4 + q2 + q3)^2*Deng(p4,xiw,M3)^2*Deng(q2
       + q3,xiw,0)*Deng(q2 + q3,xiw,M3)^2*p4.p4*xiw*ufoGC58*ufoGC107*ufoGC4*
      ufoGC93
       + 1/4*g_(1,6_,nu10)*FT2(g6)*Vec(nu10,q2)*Vec(nu9,-p4)*Vec(nu9,q2)*Den(
       - p4 + q2 + q3)*Deng(p4,xiw,M3)^2*Deng(q2 + q3,xiw,0)*Deng(q2 + q3,xiw,
      M3)^2*p4.p4*xiw*ufoGC58*ufoGC107*ufoGC4*ufoGC93
       + 1/4*g_(1,6_,nu10)*FT2(g6)*Vec(nu10,q2)*Vec(nu9,-p4)*Vec(nu9,q3)*Vec(
      nu16,-p4)*Vec(nu15,q2)*Vecr(nu16,p4)*Vecr(nu15,p4)*Den( - p4 + q2 + q3)^
      2*Deng(p4,xiw,M3)^2*Deng(q2 + q3,xiw,0)*Deng(q2 + q3,xiw,M3)^2*xia*xiw*
      ufoGC58*ufoGC107*ufoGC4*ufoGC93
       - 1/4*g_(1,6_,nu10)*FT2(g6)*Vec(nu10,q2)*Vec(nu9,-p4)*Vec(nu9,q3)*Vec(
      nu16,-p4)*Vec(nu15,q2)*Vecr(nu16,p4)*Vecr(nu15,p4)*Den( - p4 + q2 + q3)^
      2*Deng(p4,xiw,M3)^2*Deng(q2 + q3,xiw,0)*Deng(q2 + q3,xiw,M3)^2*xiw*
      ufoGC58*ufoGC107*ufoGC4*ufoGC93
       + 1/4*g_(1,6_,nu10)*FT2(g6)*Vec(nu10,q2)*Vec(nu9,-p4)*Vec(nu9,q3)*Vec(
      nu16,-p4)*Vec(nu15,q3)*Vecr(nu16,p4)*Vecr(nu15,p4)*Den( - p4 + q2 + q3)^
      2*Deng(p4,xiw,M3)^2*Deng(q2 + q3,xiw,0)*Deng(q2 + q3,xiw,M3)^2*xia*xiw*
      ufoGC58*ufoGC107*ufoGC4*ufoGC93
       - 1/4*g_(1,6_,nu10)*FT2(g6)*Vec(nu10,q2)*Vec(nu9,-p4)*Vec(nu9,q3)*Vec(
      nu16,-p4)*Vec(nu15,q3)*Vecr(nu16,p4)*Vecr(nu15,p4)*Den( - p4 + q2 + q3)^
      2*Deng(p4,xiw,M3)^2*Deng(q2 + q3,xiw,0)*Deng(q2 + q3,xiw,M3)^2*xiw*
      ufoGC58*ufoGC107*ufoGC4*ufoGC93
       + 1/4*g_(1,6_,nu10)*FT2(g6)*Vec(nu10,q2)*Vec(nu9,-p4)*Vec(nu9,q3)*Vec(
      nu16,-p4)*Vec(nu15,-p4)*Vecr(nu16,p4)*Vecr(nu15,p4)*Den( - p4 + q2 + q3)
      ^2*Deng(p4,xiw,M3)^2*Deng(q2 + q3,xiw,0)*Deng(q2 + q3,xiw,M3)^2*xia*xiw*
      ufoGC58*ufoGC107*ufoGC4*ufoGC93
       - 1/4*g_(1,6_,nu10)*FT2(g6)*Vec(nu10,q2)*Vec(nu9,-p4)*Vec(nu9,q3)*Vec(
      nu16,-p4)*Vec(nu15,-p4)*Vecr(nu16,p4)*Vecr(nu15,p4)*Den( - p4 + q2 + q3)
      ^2*Deng(p4,xiw,M3)^2*Deng(q2 + q3,xiw,0)*Deng(q2 + q3,xiw,M3)^2*xiw*
      ufoGC58*ufoGC107*ufoGC4*ufoGC93
       + 1/4*g_(1,6_,nu10)*FT2(g6)*Vec(nu10,q2)*Vec(nu9,-p4)*Vec(nu9,q3)*Vec(
      nu16,-q2)*Vec(nu15,q2)*Vecr(nu16,p4)*Vecr(nu15,p4)*Den( - p4 + q2 + q3)^
      2*Deng(p4,xiw,M3)^2*Deng(q2 + q3,xiw,0)*Deng(q2 + q3,xiw,M3)^2*xia*xiw*
      ufoGC58*ufoGC107*ufoGC4*ufoGC93
       - 1/4*g_(1,6_,nu10)*FT2(g6)*Vec(nu10,q2)*Vec(nu9,-p4)*Vec(nu9,q3)*Vec(
      nu16,-q2)*Vec(nu15,q2)*Vecr(nu16,p4)*Vecr(nu15,p4)*Den( - p4 + q2 + q3)^
      2*Deng(p4,xiw,M3)^2*Deng(q2 + q3,xiw,0)*Deng(q2 + q3,xiw,M3)^2*xiw*
      ufoGC58*ufoGC107*ufoGC4*ufoGC93
       + 1/4*g_(1,6_,nu10)*FT2(g6)*Vec(nu10,q2)*Vec(nu9,-p4)*Vec(nu9,q3)*Vec(
      nu16,-q2)*Vec(nu15,q3)*Vecr(nu16,p4)*Vecr(nu15,p4)*Den( - p4 + q2 + q3)^
      2*Deng(p4,xiw,M3)^2*Deng(q2 + q3,xiw,0)*Deng(q2 + q3,xiw,M3)^2*xia*xiw*
      ufoGC58*ufoGC107*ufoGC4*ufoGC93
       - 1/4*g_(1,6_,nu10)*FT2(g6)*Vec(nu10,q2)*Vec(nu9,-p4)*Vec(nu9,q3)*Vec(
      nu16,-q2)*Vec(nu15,q3)*Vecr(nu16,p4)*Vecr(nu15,p4)*Den( - p4 + q2 + q3)^
      2*Deng(p4,xiw,M3)^2*Deng(q2 + q3,xiw,0)*Deng(q2 + q3,xiw,M3)^2*xiw*
      ufoGC58*ufoGC107*ufoGC4*ufoGC93
       + 1/4*g_(1,6_,nu10)*FT2(g6)*Vec(nu10,q2)*Vec(nu9,-p4)*Vec(nu9,q3)*Vec(
      nu16,-q2)*Vec(nu15,-p4)*Vecr(nu16,p4)*Vecr(nu15,p4)*Den( - p4 + q2 + q3)
      ^2*Deng(p4,xiw,M3)^2*Deng(q2 + q3,xiw,0)*Deng(q2 + q3,xiw,M3)^2*xia*xiw*
      ufoGC58*ufoGC107*ufoGC4*ufoGC93
       - 1/4*g_(1,6_,nu10)*FT2(g6)*Vec(nu10,q2)*Vec(nu9,-p4)*Vec(nu9,q3)*Vec(
      nu16,-q2)*Vec(nu15,-p4)*Vecr(nu16,p4)*Vecr(nu15,p4)*Den( - p4 + q2 + q3)
      ^2*Deng(p4,xiw,M3)^2*Deng(q2 + q3,xiw,0)*Deng(q2 + q3,xiw,M3)^2*xiw*
      ufoGC58*ufoGC107*ufoGC4*ufoGC93
       + 1/4*g_(1,6_,nu10)*FT2(g6)*Vec(nu10,q2)*Vec(nu9,-p4)*Vec(nu9,q3)*Vec(
      nu16,-q3)*Vec(nu15,q2)*Vecr(nu16,p4)*Vecr(nu15,p4)*Den( - p4 + q2 + q3)^
      2*Deng(p4,xiw,M3)^2*Deng(q2 + q3,xiw,0)*Deng(q2 + q3,xiw,M3)^2*xia*xiw*
      ufoGC58*ufoGC107*ufoGC4*ufoGC93
       - 1/4*g_(1,6_,nu10)*FT2(g6)*Vec(nu10,q2)*Vec(nu9,-p4)*Vec(nu9,q3)*Vec(
      nu16,-q3)*Vec(nu15,q2)*Vecr(nu16,p4)*Vecr(nu15,p4)*Den( - p4 + q2 + q3)^
      2*Deng(p4,xiw,M3)^2*Deng(q2 + q3,xiw,0)*Deng(q2 + q3,xiw,M3)^2*xiw*
      ufoGC58*ufoGC107*ufoGC4*ufoGC93
       + 1/4*g_(1,6_,nu10)*FT2(g6)*Vec(nu10,q2)*Vec(nu9,-p4)*Vec(nu9,q3)*Vec(
      nu16,-q3)*Vec(nu15,q3)*Vecr(nu16,p4)*Vecr(nu15,p4)*Den( - p4 + q2 + q3)^
      2*Deng(p4,xiw,M3)^2*Deng(q2 + q3,xiw,0)*Deng(q2 + q3,xiw,M3)^2*xia*xiw*
      ufoGC58*ufoGC107*ufoGC4*ufoGC93
       - 1/4*g_(1,6_,nu10)*FT2(g6)*Vec(nu10,q2)*Vec(nu9,-p4)*Vec(nu9,q3)*Vec(
      nu16,-q3)*Vec(nu15,q3)*Vecr(nu16,p4)*Vecr(nu15,p4)*Den( - p4 + q2 + q3)^
      2*Deng(p4,xiw,M3)^2*Deng(q2 + q3,xiw,0)*Deng(q2 + q3,xiw,M3)^2*xiw*
      ufoGC58*ufoGC107*ufoGC4*ufoGC93
       + 1/4*g_(1,6_,nu10)*FT2(g6)*Vec(nu10,q2)*Vec(nu9,-p4)*Vec(nu9,q3)*Vec(
      nu16,-q3)*Vec(nu15,-p4)*Vecr(nu16,p4)*Vecr(nu15,p4)*Den( - p4 + q2 + q3)
      ^2*Deng(p4,xiw,M3)^2*Deng(q2 + q3,xiw,0)*Deng(q2 + q3,xiw,M3)^2*xia*xiw*
      ufoGC58*ufoGC107*ufoGC4*ufoGC93
       - 1/4*g_(1,6_,nu10)*FT2(g6)*Vec(nu10,q2)*Vec(nu9,-p4)*Vec(nu9,q3)*Vec(
      nu16,-q3)*Vec(nu15,-p4)*Vecr(nu16,p4)*Vecr(nu15,p4)*Den( - p4 + q2 + q3)
      ^2*Deng(p4,xiw,M3)^2*Deng(q2 + q3,xiw,0)*Deng(q2 + q3,xiw,M3)^2*xiw*
      ufoGC58*ufoGC107*ufoGC4*ufoGC93
       + 1/4*g_(1,6_,nu10)*FT2(g6)*Vec(nu10,q2)*Vec(nu9,-p4)*Vec(nu9,q3)*Vec(
      nu15,q2)*Vecr(nu15,p4)*Den( - p4 + q2 + q3)^2*Deng(p4,xiw,M3)^2*Deng(q2
       + q3,xiw,0)*Deng(q2 + q3,xiw,M3)^2*p4.p4*xia*xiw*ufoGC58*ufoGC107*
      ufoGC4*ufoGC93
       - 1/4*g_(1,6_,nu10)*FT2(g6)*Vec(nu10,q2)*Vec(nu9,-p4)*Vec(nu9,q3)*Vec(
      nu15,q2)*Vecr(nu15,p4)*Den( - p4 + q2 + q3)^2*Deng(p4,xiw,M3)^2*Deng(q2
       + q3,xiw,0)*Deng(q2 + q3,xiw,M3)^2*p4.p4*xiw*ufoGC58*ufoGC107*ufoGC4*
      ufoGC93
       + 1/4*g_(1,6_,nu10)*FT2(g6)*Vec(nu10,q2)*Vec(nu9,-p4)*Vec(nu9,q3)*Vec(
      nu15,q3)*Vecr(nu15,p4)*Den( - p4 + q2 + q3)^2*Deng(p4,xiw,M3)^2*Deng(q2
       + q3,xiw,0)*Deng(q2 + q3,xiw,M3)^2*p4.p4*xia*xiw*ufoGC58*ufoGC107*
      ufoGC4*ufoGC93
       - 1/4*g_(1,6_,nu10)*FT2(g6)*Vec(nu10,q2)*Vec(nu9,-p4)*Vec(nu9,q3)*Vec(
      nu15,q3)*Vecr(nu15,p4)*Den( - p4 + q2 + q3)^2*Deng(p4,xiw,M3)^2*Deng(q2
       + q3,xiw,0)*Deng(q2 + q3,xiw,M3)^2*p4.p4*xiw*ufoGC58*ufoGC107*ufoGC4*
      ufoGC93
       + 1/4*g_(1,6_,nu10)*FT2(g6)*Vec(nu10,q2)*Vec(nu9,-p4)*Vec(nu9,q3)*Vec(
      nu15,-p4)*Vecr(nu15,p4)*Den( - p4 + q2 + q3)^2*Deng(p4,xiw,M3)^2*Deng(q2
       + q3,xiw,0)*Deng(q2 + q3,xiw,M3)^2*p4.p4*xia*xiw*ufoGC58*ufoGC107*
      ufoGC4*ufoGC93
       - 1/4*g_(1,6_,nu10)*FT2(g6)*Vec(nu10,q2)*Vec(nu9,-p4)*Vec(nu9,q3)*Vec(
      nu15,-p4)*Vecr(nu15,p4)*Den( - p4 + q2 + q3)^2*Deng(p4,xiw,M3)^2*Deng(q2
       + q3,xiw,0)*Deng(q2 + q3,xiw,M3)^2*p4.p4*xiw*ufoGC58*ufoGC107*ufoGC4*
      ufoGC93
       + 1/4*g_(1,6_,nu10)*FT2(g6)*Vec(nu10,q2)*Vec(nu9,-p4)*Vec(nu9,q3)*Den(
       - p4 + q2 + q3)*Deng(p4,xiw,M3)^2*Deng(q2 + q3,xiw,0)*Deng(q2 + q3,xiw,
      M3)^2*p4.p4*xiw*ufoGC58*ufoGC107*ufoGC4*ufoGC93
       - 1/4*g_(1,6_,nu10)*FT2(g6)*Vec(nu10,q2)*Vec(nu9,-q2)*Vec(nu9,q2)*Vec(
      nu16,q2)*Vec(nu15,q2)*Vecr(nu16,p4)*Vecr(nu15,p4)*Den( - p4 + q2 + q3)^2
      *Deng(p4,xiw,M3)^2*Deng(q2 + q3,xiw,0)*Deng(q2 + q3,xiw,M3)^2*xia*xiw*
      ufoGC58*ufoGC107*ufoGC4*ufoGC93
       + 1/4*g_(1,6_,nu10)*FT2(g6)*Vec(nu10,q2)*Vec(nu9,-q2)*Vec(nu9,q2)*Vec(
      nu16,q2)*Vec(nu15,q2)*Vecr(nu16,p4)*Vecr(nu15,p4)*Den( - p4 + q2 + q3)^2
      *Deng(p4,xiw,M3)^2*Deng(q2 + q3,xiw,0)*Deng(q2 + q3,xiw,M3)^2*xiw*
      ufoGC58*ufoGC107*ufoGC4*ufoGC93
       - 1/4*g_(1,6_,nu10)*FT2(g6)*Vec(nu10,q2)*Vec(nu9,-q2)*Vec(nu9,q2)*Vec(
      nu16,q2)*Vec(nu15,q3)*Vecr(nu16,p4)*Vecr(nu15,p4)*Den( - p4 + q2 + q3)^2
      *Deng(p4,xiw,M3)^2*Deng(q2 + q3,xiw,0)*Deng(q2 + q3,xiw,M3)^2*xia*xiw*
      ufoGC58*ufoGC107*ufoGC4*ufoGC93
       + 1/4*g_(1,6_,nu10)*FT2(g6)*Vec(nu10,q2)*Vec(nu9,-q2)*Vec(nu9,q2)*Vec(
      nu16,q2)*Vec(nu15,q3)*Vecr(nu16,p4)*Vecr(nu15,p4)*Den( - p4 + q2 + q3)^2
      *Deng(p4,xiw,M3)^2*Deng(q2 + q3,xiw,0)*Deng(q2 + q3,xiw,M3)^2*xiw*
      ufoGC58*ufoGC107*ufoGC4*ufoGC93
       - 1/4*g_(1,6_,nu10)*FT2(g6)*Vec(nu10,q2)*Vec(nu9,-q2)*Vec(nu9,q2)*Vec(
      nu16,q2)*Vec(nu15,-p4)*Vecr(nu16,p4)*Vecr(nu15,p4)*Den( - p4 + q2 + q3)^
      2*Deng(p4,xiw,M3)^2*Deng(q2 + q3,xiw,0)*Deng(q2 + q3,xiw,M3)^2*xia*xiw*
      ufoGC58*ufoGC107*ufoGC4*ufoGC93
       + 1/4*g_(1,6_,nu10)*FT2(g6)*Vec(nu10,q2)*Vec(nu9,-q2)*Vec(nu9,q2)*Vec(
      nu16,q2)*Vec(nu15,-p4)*Vecr(nu16,p4)*Vecr(nu15,p4)*Den( - p4 + q2 + q3)^
      2*Deng(p4,xiw,M3)^2*Deng(q2 + q3,xiw,0)*Deng(q2 + q3,xiw,M3)^2*xiw*
      ufoGC58*ufoGC107*ufoGC4*ufoGC93
       - 1/4*g_(1,6_,nu10)*FT2(g6)*Vec(nu10,q2)*Vec(nu9,-q2)*Vec(nu9,q2)*Vec(
      nu16,q3)*Vec(nu15,q2)*Vecr(nu16,p4)*Vecr(nu15,p4)*Den( - p4 + q2 + q3)^2
      *Deng(p4,xiw,M3)^2*Deng(q2 + q3,xiw,0)*Deng(q2 + q3,xiw,M3)^2*xia*xiw*
      ufoGC58*ufoGC107*ufoGC4*ufoGC93
       + 1/4*g_(1,6_,nu10)*FT2(g6)*Vec(nu10,q2)*Vec(nu9,-q2)*Vec(nu9,q2)*Vec(
      nu16,q3)*Vec(nu15,q2)*Vecr(nu16,p4)*Vecr(nu15,p4)*Den( - p4 + q2 + q3)^2
      *Deng(p4,xiw,M3)^2*Deng(q2 + q3,xiw,0)*Deng(q2 + q3,xiw,M3)^2*xiw*
      ufoGC58*ufoGC107*ufoGC4*ufoGC93
       - 1/4*g_(1,6_,nu10)*FT2(g6)*Vec(nu10,q2)*Vec(nu9,-q2)*Vec(nu9,q2)*Vec(
      nu16,q3)*Vec(nu15,q3)*Vecr(nu16,p4)*Vecr(nu15,p4)*Den( - p4 + q2 + q3)^2
      *Deng(p4,xiw,M3)^2*Deng(q2 + q3,xiw,0)*Deng(q2 + q3,xiw,M3)^2*xia*xiw*
      ufoGC58*ufoGC107*ufoGC4*ufoGC93
       + 1/4*g_(1,6_,nu10)*FT2(g6)*Vec(nu10,q2)*Vec(nu9,-q2)*Vec(nu9,q2)*Vec(
      nu16,q3)*Vec(nu15,q3)*Vecr(nu16,p4)*Vecr(nu15,p4)*Den( - p4 + q2 + q3)^2
      *Deng(p4,xiw,M3)^2*Deng(q2 + q3,xiw,0)*Deng(q2 + q3,xiw,M3)^2*xiw*
      ufoGC58*ufoGC107*ufoGC4*ufoGC93
       - 1/4*g_(1,6_,nu10)*FT2(g6)*Vec(nu10,q2)*Vec(nu9,-q2)*Vec(nu9,q2)*Vec(
      nu16,q3)*Vec(nu15,-p4)*Vecr(nu16,p4)*Vecr(nu15,p4)*Den( - p4 + q2 + q3)^
      2*Deng(p4,xiw,M3)^2*Deng(q2 + q3,xiw,0)*Deng(q2 + q3,xiw,M3)^2*xia*xiw*
      ufoGC58*ufoGC107*ufoGC4*ufoGC93
       + 1/4*g_(1,6_,nu10)*FT2(g6)*Vec(nu10,q2)*Vec(nu9,-q2)*Vec(nu9,q2)*Vec(
      nu16,q3)*Vec(nu15,-p4)*Vecr(nu16,p4)*Vecr(nu15,p4)*Den( - p4 + q2 + q3)^
      2*Deng(p4,xiw,M3)^2*Deng(q2 + q3,xiw,0)*Deng(q2 + q3,xiw,M3)^2*xiw*
      ufoGC58*ufoGC107*ufoGC4*ufoGC93
       - 1/4*g_(1,6_,nu10)*FT2(g6)*Vec(nu10,q2)*Vec(nu9,-q2)*Vec(nu9,q2)*Vec(
      nu16,-p4)*Vec(nu15,q2)*Vecr(nu16,p4)*Vecr(nu15,p4)*Den( - p4 + q2 + q3)^
      2*Deng(p4,xiw,M3)^2*Deng(q2 + q3,xiw,0)*Deng(q2 + q3,xiw,M3)^2*xia*xiw*
      ufoGC58*ufoGC107*ufoGC4*ufoGC93
       + 1/4*g_(1,6_,nu10)*FT2(g6)*Vec(nu10,q2)*Vec(nu9,-q2)*Vec(nu9,q2)*Vec(
      nu16,-p4)*Vec(nu15,q2)*Vecr(nu16,p4)*Vecr(nu15,p4)*Den( - p4 + q2 + q3)^
      2*Deng(p4,xiw,M3)^2*Deng(q2 + q3,xiw,0)*Deng(q2 + q3,xiw,M3)^2*xiw*
      ufoGC58*ufoGC107*ufoGC4*ufoGC93
       - 1/4*g_(1,6_,nu10)*FT2(g6)*Vec(nu10,q2)*Vec(nu9,-q2)*Vec(nu9,q2)*Vec(
      nu16,-p4)*Vec(nu15,q3)*Vecr(nu16,p4)*Vecr(nu15,p4)*Den( - p4 + q2 + q3)^
      2*Deng(p4,xiw,M3)^2*Deng(q2 + q3,xiw,0)*Deng(q2 + q3,xiw,M3)^2*xia*xiw*
      ufoGC58*ufoGC107*ufoGC4*ufoGC93
       + 1/4*g_(1,6_,nu10)*FT2(g6)*Vec(nu10,q2)*Vec(nu9,-q2)*Vec(nu9,q2)*Vec(
      nu16,-p4)*Vec(nu15,q3)*Vecr(nu16,p4)*Vecr(nu15,p4)*Den( - p4 + q2 + q3)^
      2*Deng(p4,xiw,M3)^2*Deng(q2 + q3,xiw,0)*Deng(q2 + q3,xiw,M3)^2*xiw*
      ufoGC58*ufoGC107*ufoGC4*ufoGC93
       - 1/4*g_(1,6_,nu10)*FT2(g6)*Vec(nu10,q2)*Vec(nu9,-q2)*Vec(nu9,q2)*Vec(
      nu16,-p4)*Vec(nu15,-p4)*Vecr(nu16,p4)*Vecr(nu15,p4)*Den( - p4 + q2 + q3)
      ^2*Deng(p4,xiw,M3)^2*Deng(q2 + q3,xiw,0)*Deng(q2 + q3,xiw,M3)^2*xia*xiw*
      ufoGC58*ufoGC107*ufoGC4*ufoGC93
       + 1/4*g_(1,6_,nu10)*FT2(g6)*Vec(nu10,q2)*Vec(nu9,-q2)*Vec(nu9,q2)*Vec(
      nu16,-p4)*Vec(nu15,-p4)*Vecr(nu16,p4)*Vecr(nu15,p4)*Den( - p4 + q2 + q3)
      ^2*Deng(p4,xiw,M3)^2*Deng(q2 + q3,xiw,0)*Deng(q2 + q3,xiw,M3)^2*xiw*
      ufoGC58*ufoGC107*ufoGC4*ufoGC93
       - 1/4*g_(1,6_,nu10)*FT2(g6)*Vec(nu10,q2)*Vec(nu9,-q2)*Vec(nu9,q2)*Den(
       - p4 + q2 + q3)*Deng(p4,xiw,M3)^2*Deng(q2 + q3,xiw,0)*Deng(q2 + q3,xiw,
      M3)^2*p4.p4*xiw*ufoGC58*ufoGC107*ufoGC4*ufoGC93
       - 1/4*g_(1,6_,nu10)*FT2(g6)*Vec(nu10,q2)*Vec(nu9,-q2)*Vec(nu9,q3)*Vec(
      nu16,q2)*Vec(nu15,q2)*Vecr(nu16,p4)*Vecr(nu15,p4)*Den( - p4 + q2 + q3)^2
      *Deng(p4,xiw,M3)^2*Deng(q2 + q3,xiw,0)*Deng(q2 + q3,xiw,M3)^2*xia*xiw*
      ufoGC58*ufoGC107*ufoGC4*ufoGC93
       + 1/4*g_(1,6_,nu10)*FT2(g6)*Vec(nu10,q2)*Vec(nu9,-q2)*Vec(nu9,q3)*Vec(
      nu16,q2)*Vec(nu15,q2)*Vecr(nu16,p4)*Vecr(nu15,p4)*Den( - p4 + q2 + q3)^2
      *Deng(p4,xiw,M3)^2*Deng(q2 + q3,xiw,0)*Deng(q2 + q3,xiw,M3)^2*xiw*
      ufoGC58*ufoGC107*ufoGC4*ufoGC93
       - 1/4*g_(1,6_,nu10)*FT2(g6)*Vec(nu10,q2)*Vec(nu9,-q2)*Vec(nu9,q3)*Vec(
      nu16,q2)*Vec(nu15,q3)*Vecr(nu16,p4)*Vecr(nu15,p4)*Den( - p4 + q2 + q3)^2
      *Deng(p4,xiw,M3)^2*Deng(q2 + q3,xiw,0)*Deng(q2 + q3,xiw,M3)^2*xia*xiw*
      ufoGC58*ufoGC107*ufoGC4*ufoGC93
       + 1/4*g_(1,6_,nu10)*FT2(g6)*Vec(nu10,q2)*Vec(nu9,-q2)*Vec(nu9,q3)*Vec(
      nu16,q2)*Vec(nu15,q3)*Vecr(nu16,p4)*Vecr(nu15,p4)*Den( - p4 + q2 + q3)^2
      *Deng(p4,xiw,M3)^2*Deng(q2 + q3,xiw,0)*Deng(q2 + q3,xiw,M3)^2*xiw*
      ufoGC58*ufoGC107*ufoGC4*ufoGC93
       - 1/4*g_(1,6_,nu10)*FT2(g6)*Vec(nu10,q2)*Vec(nu9,-q2)*Vec(nu9,q3)*Vec(
      nu16,q2)*Vec(nu15,-p4)*Vecr(nu16,p4)*Vecr(nu15,p4)*Den( - p4 + q2 + q3)^
      2*Deng(p4,xiw,M3)^2*Deng(q2 + q3,xiw,0)*Deng(q2 + q3,xiw,M3)^2*xia*xiw*
      ufoGC58*ufoGC107*ufoGC4*ufoGC93
       + 1/4*g_(1,6_,nu10)*FT2(g6)*Vec(nu10,q2)*Vec(nu9,-q2)*Vec(nu9,q3)*Vec(
      nu16,q2)*Vec(nu15,-p4)*Vecr(nu16,p4)*Vecr(nu15,p4)*Den( - p4 + q2 + q3)^
      2*Deng(p4,xiw,M3)^2*Deng(q2 + q3,xiw,0)*Deng(q2 + q3,xiw,M3)^2*xiw*
      ufoGC58*ufoGC107*ufoGC4*ufoGC93
       - 1/4*g_(1,6_,nu10)*FT2(g6)*Vec(nu10,q2)*Vec(nu9,-q2)*Vec(nu9,q3)*Vec(
      nu16,q3)*Vec(nu15,q2)*Vecr(nu16,p4)*Vecr(nu15,p4)*Den( - p4 + q2 + q3)^2
      *Deng(p4,xiw,M3)^2*Deng(q2 + q3,xiw,0)*Deng(q2 + q3,xiw,M3)^2*xia*xiw*
      ufoGC58*ufoGC107*ufoGC4*ufoGC93
       + 1/4*g_(1,6_,nu10)*FT2(g6)*Vec(nu10,q2)*Vec(nu9,-q2)*Vec(nu9,q3)*Vec(
      nu16,q3)*Vec(nu15,q2)*Vecr(nu16,p4)*Vecr(nu15,p4)*Den( - p4 + q2 + q3)^2
      *Deng(p4,xiw,M3)^2*Deng(q2 + q3,xiw,0)*Deng(q2 + q3,xiw,M3)^2*xiw*
      ufoGC58*ufoGC107*ufoGC4*ufoGC93
       - 1/4*g_(1,6_,nu10)*FT2(g6)*Vec(nu10,q2)*Vec(nu9,-q2)*Vec(nu9,q3)*Vec(
      nu16,q3)*Vec(nu15,q3)*Vecr(nu16,p4)*Vecr(nu15,p4)*Den( - p4 + q2 + q3)^2
      *Deng(p4,xiw,M3)^2*Deng(q2 + q3,xiw,0)*Deng(q2 + q3,xiw,M3)^2*xia*xiw*
      ufoGC58*ufoGC107*ufoGC4*ufoGC93
       + 1/4*g_(1,6_,nu10)*FT2(g6)*Vec(nu10,q2)*Vec(nu9,-q2)*Vec(nu9,q3)*Vec(
      nu16,q3)*Vec(nu15,q3)*Vecr(nu16,p4)*Vecr(nu15,p4)*Den( - p4 + q2 + q3)^2
      *Deng(p4,xiw,M3)^2*Deng(q2 + q3,xiw,0)*Deng(q2 + q3,xiw,M3)^2*xiw*
      ufoGC58*ufoGC107*ufoGC4*ufoGC93
       - 1/4*g_(1,6_,nu10)*FT2(g6)*Vec(nu10,q2)*Vec(nu9,-q2)*Vec(nu9,q3)*Vec(
      nu16,q3)*Vec(nu15,-p4)*Vecr(nu16,p4)*Vecr(nu15,p4)*Den( - p4 + q2 + q3)^
      2*Deng(p4,xiw,M3)^2*Deng(q2 + q3,xiw,0)*Deng(q2 + q3,xiw,M3)^2*xia*xiw*
      ufoGC58*ufoGC107*ufoGC4*ufoGC93
       + 1/4*g_(1,6_,nu10)*FT2(g6)*Vec(nu10,q2)*Vec(nu9,-q2)*Vec(nu9,q3)*Vec(
      nu16,q3)*Vec(nu15,-p4)*Vecr(nu16,p4)*Vecr(nu15,p4)*Den( - p4 + q2 + q3)^
      2*Deng(p4,xiw,M3)^2*Deng(q2 + q3,xiw,0)*Deng(q2 + q3,xiw,M3)^2*xiw*
      ufoGC58*ufoGC107*ufoGC4*ufoGC93
       - 1/4*g_(1,6_,nu10)*FT2(g6)*Vec(nu10,q2)*Vec(nu9,-q2)*Vec(nu9,q3)*Vec(
      nu16,-p4)*Vec(nu15,q2)*Vecr(nu16,p4)*Vecr(nu15,p4)*Den( - p4 + q2 + q3)^
      2*Deng(p4,xiw,M3)^2*Deng(q2 + q3,xiw,0)*Deng(q2 + q3,xiw,M3)^2*xia*xiw*
      ufoGC58*ufoGC107*ufoGC4*ufoGC93
       + 1/4*g_(1,6_,nu10)*FT2(g6)*Vec(nu10,q2)*Vec(nu9,-q2)*Vec(nu9,q3)*Vec(
      nu16,-p4)*Vec(nu15,q2)*Vecr(nu16,p4)*Vecr(nu15,p4)*Den( - p4 + q2 + q3)^
      2*Deng(p4,xiw,M3)^2*Deng(q2 + q3,xiw,0)*Deng(q2 + q3,xiw,M3)^2*xiw*
      ufoGC58*ufoGC107*ufoGC4*ufoGC93
       - 1/4*g_(1,6_,nu10)*FT2(g6)*Vec(nu10,q2)*Vec(nu9,-q2)*Vec(nu9,q3)*Vec(
      nu16,-p4)*Vec(nu15,q3)*Vecr(nu16,p4)*Vecr(nu15,p4)*Den( - p4 + q2 + q3)^
      2*Deng(p4,xiw,M3)^2*Deng(q2 + q3,xiw,0)*Deng(q2 + q3,xiw,M3)^2*xia*xiw*
      ufoGC58*ufoGC107*ufoGC4*ufoGC93
       + 1/4*g_(1,6_,nu10)*FT2(g6)*Vec(nu10,q2)*Vec(nu9,-q2)*Vec(nu9,q3)*Vec(
      nu16,-p4)*Vec(nu15,q3)*Vecr(nu16,p4)*Vecr(nu15,p4)*Den( - p4 + q2 + q3)^
      2*Deng(p4,xiw,M3)^2*Deng(q2 + q3,xiw,0)*Deng(q2 + q3,xiw,M3)^2*xiw*
      ufoGC58*ufoGC107*ufoGC4*ufoGC93
       - 1/4*g_(1,6_,nu10)*FT2(g6)*Vec(nu10,q2)*Vec(nu9,-q2)*Vec(nu9,q3)*Vec(
      nu16,-p4)*Vec(nu15,-p4)*Vecr(nu16,p4)*Vecr(nu15,p4)*Den( - p4 + q2 + q3)
      ^2*Deng(p4,xiw,M3)^2*Deng(q2 + q3,xiw,0)*Deng(q2 + q3,xiw,M3)^2*xia*xiw*
      ufoGC58*ufoGC107*ufoGC4*ufoGC93
       + 1/4*g_(1,6_,nu10)*FT2(g6)*Vec(nu10,q2)*Vec(nu9,-q2)*Vec(nu9,q3)*Vec(
      nu16,-p4)*Vec(nu15,-p4)*Vecr(nu16,p4)*Vecr(nu15,p4)*Den( - p4 + q2 + q3)
      ^2*Deng(p4,xiw,M3)^2*Deng(q2 + q3,xiw,0)*Deng(q2 + q3,xiw,M3)^2*xiw*
      ufoGC58*ufoGC107*ufoGC4*ufoGC93
       - 1/4*g_(1,6_,nu10)*FT2(g6)*Vec(nu10,q2)*Vec(nu9,-q2)*Vec(nu9,q3)*Den(
       - p4 + q2 + q3)*Deng(p4,xiw,M3)^2*Deng(q2 + q3,xiw,0)*Deng(q2 + q3,xiw,
      M3)^2*p4.p4*xiw*ufoGC58*ufoGC107*ufoGC4*ufoGC93
       - 1/4*g_(1,6_,nu10)*FT2(g6)*Vec(nu10,q2)*Vec(nu9,-q3)*Vec(nu9,q2)*Vec(
      nu16,q2)*Vec(nu15,q2)*Vecr(nu16,p4)*Vecr(nu15,p4)*Den( - p4 + q2 + q3)^2
      *Deng(p4,xiw,M3)^2*Deng(q2 + q3,xiw,0)*Deng(q2 + q3,xiw,M3)^2*xia*xiw*
      ufoGC58*ufoGC107*ufoGC4*ufoGC93
       + 1/4*g_(1,6_,nu10)*FT2(g6)*Vec(nu10,q2)*Vec(nu9,-q3)*Vec(nu9,q2)*Vec(
      nu16,q2)*Vec(nu15,q2)*Vecr(nu16,p4)*Vecr(nu15,p4)*Den( - p4 + q2 + q3)^2
      *Deng(p4,xiw,M3)^2*Deng(q2 + q3,xiw,0)*Deng(q2 + q3,xiw,M3)^2*xiw*
      ufoGC58*ufoGC107*ufoGC4*ufoGC93
       - 1/4*g_(1,6_,nu10)*FT2(g6)*Vec(nu10,q2)*Vec(nu9,-q3)*Vec(nu9,q2)*Vec(
      nu16,q2)*Vec(nu15,q3)*Vecr(nu16,p4)*Vecr(nu15,p4)*Den( - p4 + q2 + q3)^2
      *Deng(p4,xiw,M3)^2*Deng(q2 + q3,xiw,0)*Deng(q2 + q3,xiw,M3)^2*xia*xiw*
      ufoGC58*ufoGC107*ufoGC4*ufoGC93
       + 1/4*g_(1,6_,nu10)*FT2(g6)*Vec(nu10,q2)*Vec(nu9,-q3)*Vec(nu9,q2)*Vec(
      nu16,q2)*Vec(nu15,q3)*Vecr(nu16,p4)*Vecr(nu15,p4)*Den( - p4 + q2 + q3)^2
      *Deng(p4,xiw,M3)^2*Deng(q2 + q3,xiw,0)*Deng(q2 + q3,xiw,M3)^2*xiw*
      ufoGC58*ufoGC107*ufoGC4*ufoGC93
       - 1/4*g_(1,6_,nu10)*FT2(g6)*Vec(nu10,q2)*Vec(nu9,-q3)*Vec(nu9,q2)*Vec(
      nu16,q2)*Vec(nu15,-p4)*Vecr(nu16,p4)*Vecr(nu15,p4)*Den( - p4 + q2 + q3)^
      2*Deng(p4,xiw,M3)^2*Deng(q2 + q3,xiw,0)*Deng(q2 + q3,xiw,M3)^2*xia*xiw*
      ufoGC58*ufoGC107*ufoGC4*ufoGC93
       + 1/4*g_(1,6_,nu10)*FT2(g6)*Vec(nu10,q2)*Vec(nu9,-q3)*Vec(nu9,q2)*Vec(
      nu16,q2)*Vec(nu15,-p4)*Vecr(nu16,p4)*Vecr(nu15,p4)*Den( - p4 + q2 + q3)^
      2*Deng(p4,xiw,M3)^2*Deng(q2 + q3,xiw,0)*Deng(q2 + q3,xiw,M3)^2*xiw*
      ufoGC58*ufoGC107*ufoGC4*ufoGC93
       - 1/4*g_(1,6_,nu10)*FT2(g6)*Vec(nu10,q2)*Vec(nu9,-q3)*Vec(nu9,q2)*Vec(
      nu16,q3)*Vec(nu15,q2)*Vecr(nu16,p4)*Vecr(nu15,p4)*Den( - p4 + q2 + q3)^2
      *Deng(p4,xiw,M3)^2*Deng(q2 + q3,xiw,0)*Deng(q2 + q3,xiw,M3)^2*xia*xiw*
      ufoGC58*ufoGC107*ufoGC4*ufoGC93
       + 1/4*g_(1,6_,nu10)*FT2(g6)*Vec(nu10,q2)*Vec(nu9,-q3)*Vec(nu9,q2)*Vec(
      nu16,q3)*Vec(nu15,q2)*Vecr(nu16,p4)*Vecr(nu15,p4)*Den( - p4 + q2 + q3)^2
      *Deng(p4,xiw,M3)^2*Deng(q2 + q3,xiw,0)*Deng(q2 + q3,xiw,M3)^2*xiw*
      ufoGC58*ufoGC107*ufoGC4*ufoGC93
       - 1/4*g_(1,6_,nu10)*FT2(g6)*Vec(nu10,q2)*Vec(nu9,-q3)*Vec(nu9,q2)*Vec(
      nu16,q3)*Vec(nu15,q3)*Vecr(nu16,p4)*Vecr(nu15,p4)*Den( - p4 + q2 + q3)^2
      *Deng(p4,xiw,M3)^2*Deng(q2 + q3,xiw,0)*Deng(q2 + q3,xiw,M3)^2*xia*xiw*
      ufoGC58*ufoGC107*ufoGC4*ufoGC93
       + 1/4*g_(1,6_,nu10)*FT2(g6)*Vec(nu10,q2)*Vec(nu9,-q3)*Vec(nu9,q2)*Vec(
      nu16,q3)*Vec(nu15,q3)*Vecr(nu16,p4)*Vecr(nu15,p4)*Den( - p4 + q2 + q3)^2
      *Deng(p4,xiw,M3)^2*Deng(q2 + q3,xiw,0)*Deng(q2 + q3,xiw,M3)^2*xiw*
      ufoGC58*ufoGC107*ufoGC4*ufoGC93
       - 1/4*g_(1,6_,nu10)*FT2(g6)*Vec(nu10,q2)*Vec(nu9,-q3)*Vec(nu9,q2)*Vec(
      nu16,q3)*Vec(nu15,-p4)*Vecr(nu16,p4)*Vecr(nu15,p4)*Den( - p4 + q2 + q3)^
      2*Deng(p4,xiw,M3)^2*Deng(q2 + q3,xiw,0)*Deng(q2 + q3,xiw,M3)^2*xia*xiw*
      ufoGC58*ufoGC107*ufoGC4*ufoGC93
       + 1/4*g_(1,6_,nu10)*FT2(g6)*Vec(nu10,q2)*Vec(nu9,-q3)*Vec(nu9,q2)*Vec(
      nu16,q3)*Vec(nu15,-p4)*Vecr(nu16,p4)*Vecr(nu15,p4)*Den( - p4 + q2 + q3)^
      2*Deng(p4,xiw,M3)^2*Deng(q2 + q3,xiw,0)*Deng(q2 + q3,xiw,M3)^2*xiw*
      ufoGC58*ufoGC107*ufoGC4*ufoGC93
       - 1/4*g_(1,6_,nu10)*FT2(g6)*Vec(nu10,q2)*Vec(nu9,-q3)*Vec(nu9,q2)*Vec(
      nu16,-p4)*Vec(nu15,q2)*Vecr(nu16,p4)*Vecr(nu15,p4)*Den( - p4 + q2 + q3)^
      2*Deng(p4,xiw,M3)^2*Deng(q2 + q3,xiw,0)*Deng(q2 + q3,xiw,M3)^2*xia*xiw*
      ufoGC58*ufoGC107*ufoGC4*ufoGC93
       + 1/4*g_(1,6_,nu10)*FT2(g6)*Vec(nu10,q2)*Vec(nu9,-q3)*Vec(nu9,q2)*Vec(
      nu16,-p4)*Vec(nu15,q2)*Vecr(nu16,p4)*Vecr(nu15,p4)*Den( - p4 + q2 + q3)^
      2*Deng(p4,xiw,M3)^2*Deng(q2 + q3,xiw,0)*Deng(q2 + q3,xiw,M3)^2*xiw*
      ufoGC58*ufoGC107*ufoGC4*ufoGC93
       - 1/4*g_(1,6_,nu10)*FT2(g6)*Vec(nu10,q2)*Vec(nu9,-q3)*Vec(nu9,q2)*Vec(
      nu16,-p4)*Vec(nu15,q3)*Vecr(nu16,p4)*Vecr(nu15,p4)*Den( - p4 + q2 + q3)^
      2*Deng(p4,xiw,M3)^2*Deng(q2 + q3,xiw,0)*Deng(q2 + q3,xiw,M3)^2*xia*xiw*
      ufoGC58*ufoGC107*ufoGC4*ufoGC93
       + 1/4*g_(1,6_,nu10)*FT2(g6)*Vec(nu10,q2)*Vec(nu9,-q3)*Vec(nu9,q2)*Vec(
      nu16,-p4)*Vec(nu15,q3)*Vecr(nu16,p4)*Vecr(nu15,p4)*Den( - p4 + q2 + q3)^
      2*Deng(p4,xiw,M3)^2*Deng(q2 + q3,xiw,0)*Deng(q2 + q3,xiw,M3)^2*xiw*
      ufoGC58*ufoGC107*ufoGC4*ufoGC93
       - 1/4*g_(1,6_,nu10)*FT2(g6)*Vec(nu10,q2)*Vec(nu9,-q3)*Vec(nu9,q2)*Vec(
      nu16,-p4)*Vec(nu15,-p4)*Vecr(nu16,p4)*Vecr(nu15,p4)*Den( - p4 + q2 + q3)
      ^2*Deng(p4,xiw,M3)^2*Deng(q2 + q3,xiw,0)*Deng(q2 + q3,xiw,M3)^2*xia*xiw*
      ufoGC58*ufoGC107*ufoGC4*ufoGC93
       + 1/4*g_(1,6_,nu10)*FT2(g6)*Vec(nu10,q2)*Vec(nu9,-q3)*Vec(nu9,q2)*Vec(
      nu16,-p4)*Vec(nu15,-p4)*Vecr(nu16,p4)*Vecr(nu15,p4)*Den( - p4 + q2 + q3)
      ^2*Deng(p4,xiw,M3)^2*Deng(q2 + q3,xiw,0)*Deng(q2 + q3,xiw,M3)^2*xiw*
      ufoGC58*ufoGC107*ufoGC4*ufoGC93
       - 1/4*g_(1,6_,nu10)*FT2(g6)*Vec(nu10,q2)*Vec(nu9,-q3)*Vec(nu9,q2)*Den(
       - p4 + q2 + q3)*Deng(p4,xiw,M3)^2*Deng(q2 + q3,xiw,0)*Deng(q2 + q3,xiw,
      M3)^2*p4.p4*xiw*ufoGC58*ufoGC107*ufoGC4*ufoGC93
       - 1/4*g_(1,6_,nu10)*FT2(g6)*Vec(nu10,q2)*Vec(nu9,-q3)*Vec(nu9,q3)*Vec(
      nu16,q2)*Vec(nu15,q2)*Vecr(nu16,p4)*Vecr(nu15,p4)*Den( - p4 + q2 + q3)^2
      *Deng(p4,xiw,M3)^2*Deng(q2 + q3,xiw,0)*Deng(q2 + q3,xiw,M3)^2*xia*xiw*
      ufoGC58*ufoGC107*ufoGC4*ufoGC93
       + 1/4*g_(1,6_,nu10)*FT2(g6)*Vec(nu10,q2)*Vec(nu9,-q3)*Vec(nu9,q3)*Vec(
      nu16,q2)*Vec(nu15,q2)*Vecr(nu16,p4)*Vecr(nu15,p4)*Den( - p4 + q2 + q3)^2
      *Deng(p4,xiw,M3)^2*Deng(q2 + q3,xiw,0)*Deng(q2 + q3,xiw,M3)^2*xiw*
      ufoGC58*ufoGC107*ufoGC4*ufoGC93
       - 1/4*g_(1,6_,nu10)*FT2(g6)*Vec(nu10,q2)*Vec(nu9,-q3)*Vec(nu9,q3)*Vec(
      nu16,q2)*Vec(nu15,q3)*Vecr(nu16,p4)*Vecr(nu15,p4)*Den( - p4 + q2 + q3)^2
      *Deng(p4,xiw,M3)^2*Deng(q2 + q3,xiw,0)*Deng(q2 + q3,xiw,M3)^2*xia*xiw*
      ufoGC58*ufoGC107*ufoGC4*ufoGC93
       + 1/4*g_(1,6_,nu10)*FT2(g6)*Vec(nu10,q2)*Vec(nu9,-q3)*Vec(nu9,q3)*Vec(
      nu16,q2)*Vec(nu15,q3)*Vecr(nu16,p4)*Vecr(nu15,p4)*Den( - p4 + q2 + q3)^2
      *Deng(p4,xiw,M3)^2*Deng(q2 + q3,xiw,0)*Deng(q2 + q3,xiw,M3)^2*xiw*
      ufoGC58*ufoGC107*ufoGC4*ufoGC93
       - 1/4*g_(1,6_,nu10)*FT2(g6)*Vec(nu10,q2)*Vec(nu9,-q3)*Vec(nu9,q3)*Vec(
      nu16,q2)*Vec(nu15,-p4)*Vecr(nu16,p4)*Vecr(nu15,p4)*Den( - p4 + q2 + q3)^
      2*Deng(p4,xiw,M3)^2*Deng(q2 + q3,xiw,0)*Deng(q2 + q3,xiw,M3)^2*xia*xiw*
      ufoGC58*ufoGC107*ufoGC4*ufoGC93
       + 1/4*g_(1,6_,nu10)*FT2(g6)*Vec(nu10,q2)*Vec(nu9,-q3)*Vec(nu9,q3)*Vec(
      nu16,q2)*Vec(nu15,-p4)*Vecr(nu16,p4)*Vecr(nu15,p4)*Den( - p4 + q2 + q3)^
      2*Deng(p4,xiw,M3)^2*Deng(q2 + q3,xiw,0)*Deng(q2 + q3,xiw,M3)^2*xiw*
      ufoGC58*ufoGC107*ufoGC4*ufoGC93
       - 1/4*g_(1,6_,nu10)*FT2(g6)*Vec(nu10,q2)*Vec(nu9,-q3)*Vec(nu9,q3)*Vec(
      nu16,q3)*Vec(nu15,q2)*Vecr(nu16,p4)*Vecr(nu15,p4)*Den( - p4 + q2 + q3)^2
      *Deng(p4,xiw,M3)^2*Deng(q2 + q3,xiw,0)*Deng(q2 + q3,xiw,M3)^2*xia*xiw*
      ufoGC58*ufoGC107*ufoGC4*ufoGC93
       + 1/4*g_(1,6_,nu10)*FT2(g6)*Vec(nu10,q2)*Vec(nu9,-q3)*Vec(nu9,q3)*Vec(
      nu16,q3)*Vec(nu15,q2)*Vecr(nu16,p4)*Vecr(nu15,p4)*Den( - p4 + q2 + q3)^2
      *Deng(p4,xiw,M3)^2*Deng(q2 + q3,xiw,0)*Deng(q2 + q3,xiw,M3)^2*xiw*
      ufoGC58*ufoGC107*ufoGC4*ufoGC93
       - 1/4*g_(1,6_,nu10)*FT2(g6)*Vec(nu10,q2)*Vec(nu9,-q3)*Vec(nu9,q3)*Vec(
      nu16,q3)*Vec(nu15,q3)*Vecr(nu16,p4)*Vecr(nu15,p4)*Den( - p4 + q2 + q3)^2
      *Deng(p4,xiw,M3)^2*Deng(q2 + q3,xiw,0)*Deng(q2 + q3,xiw,M3)^2*xia*xiw*
      ufoGC58*ufoGC107*ufoGC4*ufoGC93
       + 1/4*g_(1,6_,nu10)*FT2(g6)*Vec(nu10,q2)*Vec(nu9,-q3)*Vec(nu9,q3)*Vec(
      nu16,q3)*Vec(nu15,q3)*Vecr(nu16,p4)*Vecr(nu15,p4)*Den( - p4 + q2 + q3)^2
      *Deng(p4,xiw,M3)^2*Deng(q2 + q3,xiw,0)*Deng(q2 + q3,xiw,M3)^2*xiw*
      ufoGC58*ufoGC107*ufoGC4*ufoGC93
       - 1/4*g_(1,6_,nu10)*FT2(g6)*Vec(nu10,q2)*Vec(nu9,-q3)*Vec(nu9,q3)*Vec(
      nu16,q3)*Vec(nu15,-p4)*Vecr(nu16,p4)*Vecr(nu15,p4)*Den( - p4 + q2 + q3)^
      2*Deng(p4,xiw,M3)^2*Deng(q2 + q3,xiw,0)*Deng(q2 + q3,xiw,M3)^2*xia*xiw*
      ufoGC58*ufoGC107*ufoGC4*ufoGC93
       + 1/4*g_(1,6_,nu10)*FT2(g6)*Vec(nu10,q2)*Vec(nu9,-q3)*Vec(nu9,q3)*Vec(
      nu16,q3)*Vec(nu15,-p4)*Vecr(nu16,p4)*Vecr(nu15,p4)*Den( - p4 + q2 + q3)^
      2*Deng(p4,xiw,M3)^2*Deng(q2 + q3,xiw,0)*Deng(q2 + q3,xiw,M3)^2*xiw*
      ufoGC58*ufoGC107*ufoGC4*ufoGC93
       - 1/4*g_(1,6_,nu10)*FT2(g6)*Vec(nu10,q2)*Vec(nu9,-q3)*Vec(nu9,q3)*Vec(
      nu16,-p4)*Vec(nu15,q2)*Vecr(nu16,p4)*Vecr(nu15,p4)*Den( - p4 + q2 + q3)^
      2*Deng(p4,xiw,M3)^2*Deng(q2 + q3,xiw,0)*Deng(q2 + q3,xiw,M3)^2*xia*xiw*
      ufoGC58*ufoGC107*ufoGC4*ufoGC93
       + 1/4*g_(1,6_,nu10)*FT2(g6)*Vec(nu10,q2)*Vec(nu9,-q3)*Vec(nu9,q3)*Vec(
      nu16,-p4)*Vec(nu15,q2)*Vecr(nu16,p4)*Vecr(nu15,p4)*Den( - p4 + q2 + q3)^
      2*Deng(p4,xiw,M3)^2*Deng(q2 + q3,xiw,0)*Deng(q2 + q3,xiw,M3)^2*xiw*
      ufoGC58*ufoGC107*ufoGC4*ufoGC93
       - 1/4*g_(1,6_,nu10)*FT2(g6)*Vec(nu10,q2)*Vec(nu9,-q3)*Vec(nu9,q3)*Vec(
      nu16,-p4)*Vec(nu15,q3)*Vecr(nu16,p4)*Vecr(nu15,p4)*Den( - p4 + q2 + q3)^
      2*Deng(p4,xiw,M3)^2*Deng(q2 + q3,xiw,0)*Deng(q2 + q3,xiw,M3)^2*xia*xiw*
      ufoGC58*ufoGC107*ufoGC4*ufoGC93
       + 1/4*g_(1,6_,nu10)*FT2(g6)*Vec(nu10,q2)*Vec(nu9,-q3)*Vec(nu9,q3)*Vec(
      nu16,-p4)*Vec(nu15,q3)*Vecr(nu16,p4)*Vecr(nu15,p4)*Den( - p4 + q2 + q3)^
      2*Deng(p4,xiw,M3)^2*Deng(q2 + q3,xiw,0)*Deng(q2 + q3,xiw,M3)^2*xiw*
      ufoGC58*ufoGC107*ufoGC4*ufoGC93
       - 1/4*g_(1,6_,nu10)*FT2(g6)*Vec(nu10,q2)*Vec(nu9,-q3)*Vec(nu9,q3)*Vec(
      nu16,-p4)*Vec(nu15,-p4)*Vecr(nu16,p4)*Vecr(nu15,p4)*Den( - p4 + q2 + q3)
      ^2*Deng(p4,xiw,M3)^2*Deng(q2 + q3,xiw,0)*Deng(q2 + q3,xiw,M3)^2*xia*xiw*
      ufoGC58*ufoGC107*ufoGC4*ufoGC93
       + 1/4*g_(1,6_,nu10)*FT2(g6)*Vec(nu10,q2)*Vec(nu9,-q3)*Vec(nu9,q3)*Vec(
      nu16,-p4)*Vec(nu15,-p4)*Vecr(nu16,p4)*Vecr(nu15,p4)*Den( - p4 + q2 + q3)
      ^2*Deng(p4,xiw,M3)^2*Deng(q2 + q3,xiw,0)*Deng(q2 + q3,xiw,M3)^2*xiw*
      ufoGC58*ufoGC107*ufoGC4*ufoGC93
       - 1/4*g_(1,6_,nu10)*FT2(g6)*Vec(nu10,q2)*Vec(nu9,-q3)*Vec(nu9,q3)*Den(
       - p4 + q2 + q3)*Deng(p4,xiw,M3)^2*Deng(q2 + q3,xiw,0)*Deng(q2 + q3,xiw,
      M3)^2*p4.p4*xiw*ufoGC58*ufoGC107*ufoGC4*ufoGC93
       + 1/4*g_(1,6_,nu10)*FT2(g6)*Vec(nu10,q2)*Vec(nu14,q2)^2*Vec(nu16,q2)*
      Vec(nu15,q2)*Vecr(nu16,p4)*Vecr(nu15,p4)*Den( - p4 + q2 + q3)^2*Deng(p4,
      xiw,M3)^2*Deng(q2 + q3,xiw,0)*Deng(q2 + q3,xiw,M3)^2*xia*xiw*ufoGC58*
      ufoGC107*ufoGC4*ufoGC93
       - 1/4*g_(1,6_,nu10)*FT2(g6)*Vec(nu10,q2)*Vec(nu14,q2)^2*Vec(nu16,q2)*
      Vec(nu15,q2)*Vecr(nu16,p4)*Vecr(nu15,p4)*Den( - p4 + q2 + q3)^2*Deng(p4,
      xiw,M3)^2*Deng(q2 + q3,xiw,0)*Deng(q2 + q3,xiw,M3)^2*xiw*ufoGC58*
      ufoGC107*ufoGC4*ufoGC93
       + 1/4*g_(1,6_,nu10)*FT2(g6)*Vec(nu10,q2)*Vec(nu14,q2)^2*Vec(nu16,q2)*
      Vec(nu15,q3)*Vecr(nu16,p4)*Vecr(nu15,p4)*Den( - p4 + q2 + q3)^2*Deng(p4,
      xiw,M3)^2*Deng(q2 + q3,xiw,0)*Deng(q2 + q3,xiw,M3)^2*xia*xiw*ufoGC58*
      ufoGC107*ufoGC4*ufoGC93
       - 1/4*g_(1,6_,nu10)*FT2(g6)*Vec(nu10,q2)*Vec(nu14,q2)^2*Vec(nu16,q2)*
      Vec(nu15,q3)*Vecr(nu16,p4)*Vecr(nu15,p4)*Den( - p4 + q2 + q3)^2*Deng(p4,
      xiw,M3)^2*Deng(q2 + q3,xiw,0)*Deng(q2 + q3,xiw,M3)^2*xiw*ufoGC58*
      ufoGC107*ufoGC4*ufoGC93
       + 1/4*g_(1,6_,nu10)*FT2(g6)*Vec(nu10,q2)*Vec(nu14,q2)^2*Vec(nu16,q2)*
      Vec(nu15,-p4)*Vecr(nu16,p4)*Vecr(nu15,p4)*Den( - p4 + q2 + q3)^2*Deng(p4
      ,xiw,M3)^2*Deng(q2 + q3,xiw,0)*Deng(q2 + q3,xiw,M3)^2*xia*xiw*ufoGC58*
      ufoGC107*ufoGC4*ufoGC93
       - 1/4*g_(1,6_,nu10)*FT2(g6)*Vec(nu10,q2)*Vec(nu14,q2)^2*Vec(nu16,q2)*
      Vec(nu15,-p4)*Vecr(nu16,p4)*Vecr(nu15,p4)*Den( - p4 + q2 + q3)^2*Deng(p4
      ,xiw,M3)^2*Deng(q2 + q3,xiw,0)*Deng(q2 + q3,xiw,M3)^2*xiw*ufoGC58*
      ufoGC107*ufoGC4*ufoGC93
       + 1/4*g_(1,6_,nu10)*FT2(g6)*Vec(nu10,q2)*Vec(nu14,q2)^2*Vec(nu16,q3)*
      Vec(nu15,q2)*Vecr(nu16,p4)*Vecr(nu15,p4)*Den( - p4 + q2 + q3)^2*Deng(p4,
      xiw,M3)^2*Deng(q2 + q3,xiw,0)*Deng(q2 + q3,xiw,M3)^2*xia*xiw*ufoGC58*
      ufoGC107*ufoGC4*ufoGC93
       - 1/4*g_(1,6_,nu10)*FT2(g6)*Vec(nu10,q2)*Vec(nu14,q2)^2*Vec(nu16,q3)*
      Vec(nu15,q2)*Vecr(nu16,p4)*Vecr(nu15,p4)*Den( - p4 + q2 + q3)^2*Deng(p4,
      xiw,M3)^2*Deng(q2 + q3,xiw,0)*Deng(q2 + q3,xiw,M3)^2*xiw*ufoGC58*
      ufoGC107*ufoGC4*ufoGC93
       + 1/4*g_(1,6_,nu10)*FT2(g6)*Vec(nu10,q2)*Vec(nu14,q2)^2*Vec(nu16,q3)*
      Vec(nu15,q3)*Vecr(nu16,p4)*Vecr(nu15,p4)*Den( - p4 + q2 + q3)^2*Deng(p4,
      xiw,M3)^2*Deng(q2 + q3,xiw,0)*Deng(q2 + q3,xiw,M3)^2*xia*xiw*ufoGC58*
      ufoGC107*ufoGC4*ufoGC93
       - 1/4*g_(1,6_,nu10)*FT2(g6)*Vec(nu10,q2)*Vec(nu14,q2)^2*Vec(nu16,q3)*
      Vec(nu15,q3)*Vecr(nu16,p4)*Vecr(nu15,p4)*Den( - p4 + q2 + q3)^2*Deng(p4,
      xiw,M3)^2*Deng(q2 + q3,xiw,0)*Deng(q2 + q3,xiw,M3)^2*xiw*ufoGC58*
      ufoGC107*ufoGC4*ufoGC93
       + 1/4*g_(1,6_,nu10)*FT2(g6)*Vec(nu10,q2)*Vec(nu14,q2)^2*Vec(nu16,q3)*
      Vec(nu15,-p4)*Vecr(nu16,p4)*Vecr(nu15,p4)*Den( - p4 + q2 + q3)^2*Deng(p4
      ,xiw,M3)^2*Deng(q2 + q3,xiw,0)*Deng(q2 + q3,xiw,M3)^2*xia*xiw*ufoGC58*
      ufoGC107*ufoGC4*ufoGC93
       - 1/4*g_(1,6_,nu10)*FT2(g6)*Vec(nu10,q2)*Vec(nu14,q2)^2*Vec(nu16,q3)*
      Vec(nu15,-p4)*Vecr(nu16,p4)*Vecr(nu15,p4)*Den( - p4 + q2 + q3)^2*Deng(p4
      ,xiw,M3)^2*Deng(q2 + q3,xiw,0)*Deng(q2 + q3,xiw,M3)^2*xiw*ufoGC58*
      ufoGC107*ufoGC4*ufoGC93
       + 1/2*g_(1,6_,nu10)*FT2(g6)*Vec(nu10,q2)*Vec(nu14,q2)*Vec(nu14,q3)*Vec(
      nu16,q2)*Vec(nu15,q2)*Vecr(nu16,p4)*Vecr(nu15,p4)*Den( - p4 + q2 + q3)^2
      *Deng(p4,xiw,M3)^2*Deng(q2 + q3,xiw,0)*Deng(q2 + q3,xiw,M3)^2*xia*xiw*
      ufoGC58*ufoGC107*ufoGC4*ufoGC93
       - 1/2*g_(1,6_,nu10)*FT2(g6)*Vec(nu10,q2)*Vec(nu14,q2)*Vec(nu14,q3)*Vec(
      nu16,q2)*Vec(nu15,q2)*Vecr(nu16,p4)*Vecr(nu15,p4)*Den( - p4 + q2 + q3)^2
      *Deng(p4,xiw,M3)^2*Deng(q2 + q3,xiw,0)*Deng(q2 + q3,xiw,M3)^2*xiw*
      ufoGC58*ufoGC107*ufoGC4*ufoGC93
       + 1/2*g_(1,6_,nu10)*FT2(g6)*Vec(nu10,q2)*Vec(nu14,q2)*Vec(nu14,q3)*Vec(
      nu16,q2)*Vec(nu15,q3)*Vecr(nu16,p4)*Vecr(nu15,p4)*Den( - p4 + q2 + q3)^2
      *Deng(p4,xiw,M3)^2*Deng(q2 + q3,xiw,0)*Deng(q2 + q3,xiw,M3)^2*xia*xiw*
      ufoGC58*ufoGC107*ufoGC4*ufoGC93
       - 1/2*g_(1,6_,nu10)*FT2(g6)*Vec(nu10,q2)*Vec(nu14,q2)*Vec(nu14,q3)*Vec(
      nu16,q2)*Vec(nu15,q3)*Vecr(nu16,p4)*Vecr(nu15,p4)*Den( - p4 + q2 + q3)^2
      *Deng(p4,xiw,M3)^2*Deng(q2 + q3,xiw,0)*Deng(q2 + q3,xiw,M3)^2*xiw*
      ufoGC58*ufoGC107*ufoGC4*ufoGC93
       + 1/2*g_(1,6_,nu10)*FT2(g6)*Vec(nu10,q2)*Vec(nu14,q2)*Vec(nu14,q3)*Vec(
      nu16,q2)*Vec(nu15,-p4)*Vecr(nu16,p4)*Vecr(nu15,p4)*Den( - p4 + q2 + q3)^
      2*Deng(p4,xiw,M3)^2*Deng(q2 + q3,xiw,0)*Deng(q2 + q3,xiw,M3)^2*xia*xiw*
      ufoGC58*ufoGC107*ufoGC4*ufoGC93
       - 1/2*g_(1,6_,nu10)*FT2(g6)*Vec(nu10,q2)*Vec(nu14,q2)*Vec(nu14,q3)*Vec(
      nu16,q2)*Vec(nu15,-p4)*Vecr(nu16,p4)*Vecr(nu15,p4)*Den( - p4 + q2 + q3)^
      2*Deng(p4,xiw,M3)^2*Deng(q2 + q3,xiw,0)*Deng(q2 + q3,xiw,M3)^2*xiw*
      ufoGC58*ufoGC107*ufoGC4*ufoGC93
       + 1/2*g_(1,6_,nu10)*FT2(g6)*Vec(nu10,q2)*Vec(nu14,q2)*Vec(nu14,q3)*Vec(
      nu16,q3)*Vec(nu15,q2)*Vecr(nu16,p4)*Vecr(nu15,p4)*Den( - p4 + q2 + q3)^2
      *Deng(p4,xiw,M3)^2*Deng(q2 + q3,xiw,0)*Deng(q2 + q3,xiw,M3)^2*xia*xiw*
      ufoGC58*ufoGC107*ufoGC4*ufoGC93
       - 1/2*g_(1,6_,nu10)*FT2(g6)*Vec(nu10,q2)*Vec(nu14,q2)*Vec(nu14,q3)*Vec(
      nu16,q3)*Vec(nu15,q2)*Vecr(nu16,p4)*Vecr(nu15,p4)*Den( - p4 + q2 + q3)^2
      *Deng(p4,xiw,M3)^2*Deng(q2 + q3,xiw,0)*Deng(q2 + q3,xiw,M3)^2*xiw*
      ufoGC58*ufoGC107*ufoGC4*ufoGC93
       + 1/2*g_(1,6_,nu10)*FT2(g6)*Vec(nu10,q2)*Vec(nu14,q2)*Vec(nu14,q3)*Vec(
      nu16,q3)*Vec(nu15,q3)*Vecr(nu16,p4)*Vecr(nu15,p4)*Den( - p4 + q2 + q3)^2
      *Deng(p4,xiw,M3)^2*Deng(q2 + q3,xiw,0)*Deng(q2 + q3,xiw,M3)^2*xia*xiw*
      ufoGC58*ufoGC107*ufoGC4*ufoGC93
       - 1/2*g_(1,6_,nu10)*FT2(g6)*Vec(nu10,q2)*Vec(nu14,q2)*Vec(nu14,q3)*Vec(
      nu16,q3)*Vec(nu15,q3)*Vecr(nu16,p4)*Vecr(nu15,p4)*Den( - p4 + q2 + q3)^2
      *Deng(p4,xiw,M3)^2*Deng(q2 + q3,xiw,0)*Deng(q2 + q3,xiw,M3)^2*xiw*
      ufoGC58*ufoGC107*ufoGC4*ufoGC93
       + 1/2*g_(1,6_,nu10)*FT2(g6)*Vec(nu10,q2)*Vec(nu14,q2)*Vec(nu14,q3)*Vec(
      nu16,q3)*Vec(nu15,-p4)*Vecr(nu16,p4)*Vecr(nu15,p4)*Den( - p4 + q2 + q3)^
      2*Deng(p4,xiw,M3)^2*Deng(q2 + q3,xiw,0)*Deng(q2 + q3,xiw,M3)^2*xia*xiw*
      ufoGC58*ufoGC107*ufoGC4*ufoGC93
       - 1/2*g_(1,6_,nu10)*FT2(g6)*Vec(nu10,q2)*Vec(nu14,q2)*Vec(nu14,q3)*Vec(
      nu16,q3)*Vec(nu15,-p4)*Vecr(nu16,p4)*Vecr(nu15,p4)*Den( - p4 + q2 + q3)^
      2*Deng(p4,xiw,M3)^2*Deng(q2 + q3,xiw,0)*Deng(q2 + q3,xiw,M3)^2*xiw*
      ufoGC58*ufoGC107*ufoGC4*ufoGC93
       + 1/4*g_(1,6_,nu10)*FT2(g6)*Vec(nu10,q2)*Vec(nu14,q3)^2*Vec(nu16,q2)*
      Vec(nu15,q2)*Vecr(nu16,p4)*Vecr(nu15,p4)*Den( - p4 + q2 + q3)^2*Deng(p4,
      xiw,M3)^2*Deng(q2 + q3,xiw,0)*Deng(q2 + q3,xiw,M3)^2*xia*xiw*ufoGC58*
      ufoGC107*ufoGC4*ufoGC93
       - 1/4*g_(1,6_,nu10)*FT2(g6)*Vec(nu10,q2)*Vec(nu14,q3)^2*Vec(nu16,q2)*
      Vec(nu15,q2)*Vecr(nu16,p4)*Vecr(nu15,p4)*Den( - p4 + q2 + q3)^2*Deng(p4,
      xiw,M3)^2*Deng(q2 + q3,xiw,0)*Deng(q2 + q3,xiw,M3)^2*xiw*ufoGC58*
      ufoGC107*ufoGC4*ufoGC93
       + 1/4*g_(1,6_,nu10)*FT2(g6)*Vec(nu10,q2)*Vec(nu14,q3)^2*Vec(nu16,q2)*
      Vec(nu15,q3)*Vecr(nu16,p4)*Vecr(nu15,p4)*Den( - p4 + q2 + q3)^2*Deng(p4,
      xiw,M3)^2*Deng(q2 + q3,xiw,0)*Deng(q2 + q3,xiw,M3)^2*xia*xiw*ufoGC58*
      ufoGC107*ufoGC4*ufoGC93
       - 1/4*g_(1,6_,nu10)*FT2(g6)*Vec(nu10,q2)*Vec(nu14,q3)^2*Vec(nu16,q2)*
      Vec(nu15,q3)*Vecr(nu16,p4)*Vecr(nu15,p4)*Den( - p4 + q2 + q3)^2*Deng(p4,
      xiw,M3)^2*Deng(q2 + q3,xiw,0)*Deng(q2 + q3,xiw,M3)^2*xiw*ufoGC58*
      ufoGC107*ufoGC4*ufoGC93
       + 1/4*g_(1,6_,nu10)*FT2(g6)*Vec(nu10,q2)*Vec(nu14,q3)^2*Vec(nu16,q2)*
      Vec(nu15,-p4)*Vecr(nu16,p4)*Vecr(nu15,p4)*Den( - p4 + q2 + q3)^2*Deng(p4
      ,xiw,M3)^2*Deng(q2 + q3,xiw,0)*Deng(q2 + q3,xiw,M3)^2*xia*xiw*ufoGC58*
      ufoGC107*ufoGC4*ufoGC93
       - 1/4*g_(1,6_,nu10)*FT2(g6)*Vec(nu10,q2)*Vec(nu14,q3)^2*Vec(nu16,q2)*
      Vec(nu15,-p4)*Vecr(nu16,p4)*Vecr(nu15,p4)*Den( - p4 + q2 + q3)^2*Deng(p4
      ,xiw,M3)^2*Deng(q2 + q3,xiw,0)*Deng(q2 + q3,xiw,M3)^2*xiw*ufoGC58*
      ufoGC107*ufoGC4*ufoGC93
       + 1/4*g_(1,6_,nu10)*FT2(g6)*Vec(nu10,q2)*Vec(nu14,q3)^2*Vec(nu16,q3)*
      Vec(nu15,q2)*Vecr(nu16,p4)*Vecr(nu15,p4)*Den( - p4 + q2 + q3)^2*Deng(p4,
      xiw,M3)^2*Deng(q2 + q3,xiw,0)*Deng(q2 + q3,xiw,M3)^2*xia*xiw*ufoGC58*
      ufoGC107*ufoGC4*ufoGC93
       - 1/4*g_(1,6_,nu10)*FT2(g6)*Vec(nu10,q2)*Vec(nu14,q3)^2*Vec(nu16,q3)*
      Vec(nu15,q2)*Vecr(nu16,p4)*Vecr(nu15,p4)*Den( - p4 + q2 + q3)^2*Deng(p4,
      xiw,M3)^2*Deng(q2 + q3,xiw,0)*Deng(q2 + q3,xiw,M3)^2*xiw*ufoGC58*
      ufoGC107*ufoGC4*ufoGC93
       + 1/4*g_(1,6_,nu10)*FT2(g6)*Vec(nu10,q2)*Vec(nu14,q3)^2*Vec(nu16,q3)*
      Vec(nu15,q3)*Vecr(nu16,p4)*Vecr(nu15,p4)*Den( - p4 + q2 + q3)^2*Deng(p4,
      xiw,M3)^2*Deng(q2 + q3,xiw,0)*Deng(q2 + q3,xiw,M3)^2*xia*xiw*ufoGC58*
      ufoGC107*ufoGC4*ufoGC93
       - 1/4*g_(1,6_,nu10)*FT2(g6)*Vec(nu10,q2)*Vec(nu14,q3)^2*Vec(nu16,q3)*
      Vec(nu15,q3)*Vecr(nu16,p4)*Vecr(nu15,p4)*Den( - p4 + q2 + q3)^2*Deng(p4,
      xiw,M3)^2*Deng(q2 + q3,xiw,0)*Deng(q2 + q3,xiw,M3)^2*xiw*ufoGC58*
      ufoGC107*ufoGC4*ufoGC93
       + 1/4*g_(1,6_,nu10)*FT2(g6)*Vec(nu10,q2)*Vec(nu14,q3)^2*Vec(nu16,q3)*
      Vec(nu15,-p4)*Vecr(nu16,p4)*Vecr(nu15,p4)*Den( - p4 + q2 + q3)^2*Deng(p4
      ,xiw,M3)^2*Deng(q2 + q3,xiw,0)*Deng(q2 + q3,xiw,M3)^2*xia*xiw*ufoGC58*
      ufoGC107*ufoGC4*ufoGC93
       - 1/4*g_(1,6_,nu10)*FT2(g6)*Vec(nu10,q2)*Vec(nu14,q3)^2*Vec(nu16,q3)*
      Vec(nu15,-p4)*Vecr(nu16,p4)*Vecr(nu15,p4)*Den( - p4 + q2 + q3)^2*Deng(p4
      ,xiw,M3)^2*Deng(q2 + q3,xiw,0)*Deng(q2 + q3,xiw,M3)^2*xiw*ufoGC58*
      ufoGC107*ufoGC4*ufoGC93
       - 1/4*g_(1,6_,nu10)*FT2(g6)*Vec(nu10,q2)*Vec(nu14,-p4)^2*Vec(nu16,q2)*
      Vec(nu15,q2)*Vecr(nu16,p4)*Vecr(nu15,p4)*Den( - p4 + q2 + q3)^2*Deng(p4,
      xiw,M3)^2*Deng(q2 + q3,xiw,0)*Deng(q2 + q3,xiw,M3)^2*xia*xiw*ufoGC58*
      ufoGC107*ufoGC4*ufoGC93
       + 1/4*g_(1,6_,nu10)*FT2(g6)*Vec(nu10,q2)*Vec(nu14,-p4)^2*Vec(nu16,q2)*
      Vec(nu15,q2)*Vecr(nu16,p4)*Vecr(nu15,p4)*Den( - p4 + q2 + q3)^2*Deng(p4,
      xiw,M3)^2*Deng(q2 + q3,xiw,0)*Deng(q2 + q3,xiw,M3)^2*xiw*ufoGC58*
      ufoGC107*ufoGC4*ufoGC93
       - 1/4*g_(1,6_,nu10)*FT2(g6)*Vec(nu10,q2)*Vec(nu14,-p4)^2*Vec(nu16,q2)*
      Vec(nu15,q3)*Vecr(nu16,p4)*Vecr(nu15,p4)*Den( - p4 + q2 + q3)^2*Deng(p4,
      xiw,M3)^2*Deng(q2 + q3,xiw,0)*Deng(q2 + q3,xiw,M3)^2*xia*xiw*ufoGC58*
      ufoGC107*ufoGC4*ufoGC93
       + 1/4*g_(1,6_,nu10)*FT2(g6)*Vec(nu10,q2)*Vec(nu14,-p4)^2*Vec(nu16,q2)*
      Vec(nu15,q3)*Vecr(nu16,p4)*Vecr(nu15,p4)*Den( - p4 + q2 + q3)^2*Deng(p4,
      xiw,M3)^2*Deng(q2 + q3,xiw,0)*Deng(q2 + q3,xiw,M3)^2*xiw*ufoGC58*
      ufoGC107*ufoGC4*ufoGC93
       - 1/4*g_(1,6_,nu10)*FT2(g6)*Vec(nu10,q2)*Vec(nu14,-p4)^2*Vec(nu16,q2)*
      Vec(nu15,-p4)*Vecr(nu16,p4)*Vecr(nu15,p4)*Den( - p4 + q2 + q3)^2*Deng(p4
      ,xiw,M3)^2*Deng(q2 + q3,xiw,0)*Deng(q2 + q3,xiw,M3)^2*xia*xiw*ufoGC58*
      ufoGC107*ufoGC4*ufoGC93
       + 1/4*g_(1,6_,nu10)*FT2(g6)*Vec(nu10,q2)*Vec(nu14,-p4)^2*Vec(nu16,q2)*
      Vec(nu15,-p4)*Vecr(nu16,p4)*Vecr(nu15,p4)*Den( - p4 + q2 + q3)^2*Deng(p4
      ,xiw,M3)^2*Deng(q2 + q3,xiw,0)*Deng(q2 + q3,xiw,M3)^2*xiw*ufoGC58*
      ufoGC107*ufoGC4*ufoGC93
       - 1/4*g_(1,6_,nu10)*FT2(g6)*Vec(nu10,q2)*Vec(nu14,-p4)^2*Vec(nu16,q3)*
      Vec(nu15,q2)*Vecr(nu16,p4)*Vecr(nu15,p4)*Den( - p4 + q2 + q3)^2*Deng(p4,
      xiw,M3)^2*Deng(q2 + q3,xiw,0)*Deng(q2 + q3,xiw,M3)^2*xia*xiw*ufoGC58*
      ufoGC107*ufoGC4*ufoGC93
       + 1/4*g_(1,6_,nu10)*FT2(g6)*Vec(nu10,q2)*Vec(nu14,-p4)^2*Vec(nu16,q3)*
      Vec(nu15,q2)*Vecr(nu16,p4)*Vecr(nu15,p4)*Den( - p4 + q2 + q3)^2*Deng(p4,
      xiw,M3)^2*Deng(q2 + q3,xiw,0)*Deng(q2 + q3,xiw,M3)^2*xiw*ufoGC58*
      ufoGC107*ufoGC4*ufoGC93
       - 1/4*g_(1,6_,nu10)*FT2(g6)*Vec(nu10,q2)*Vec(nu14,-p4)^2*Vec(nu16,q3)*
      Vec(nu15,q3)*Vecr(nu16,p4)*Vecr(nu15,p4)*Den( - p4 + q2 + q3)^2*Deng(p4,
      xiw,M3)^2*Deng(q2 + q3,xiw,0)*Deng(q2 + q3,xiw,M3)^2*xia*xiw*ufoGC58*
      ufoGC107*ufoGC4*ufoGC93
       + 1/4*g_(1,6_,nu10)*FT2(g6)*Vec(nu10,q2)*Vec(nu14,-p4)^2*Vec(nu16,q3)*
      Vec(nu15,q3)*Vecr(nu16,p4)*Vecr(nu15,p4)*Den( - p4 + q2 + q3)^2*Deng(p4,
      xiw,M3)^2*Deng(q2 + q3,xiw,0)*Deng(q2 + q3,xiw,M3)^2*xiw*ufoGC58*
      ufoGC107*ufoGC4*ufoGC93
       - 1/4*g_(1,6_,nu10)*FT2(g6)*Vec(nu10,q2)*Vec(nu14,-p4)^2*Vec(nu16,q3)*
      Vec(nu15,-p4)*Vecr(nu16,p4)*Vecr(nu15,p4)*Den( - p4 + q2 + q3)^2*Deng(p4
      ,xiw,M3)^2*Deng(q2 + q3,xiw,0)*Deng(q2 + q3,xiw,M3)^2*xia*xiw*ufoGC58*
      ufoGC107*ufoGC4*ufoGC93
       + 1/4*g_(1,6_,nu10)*FT2(g6)*Vec(nu10,q2)*Vec(nu14,-p4)^2*Vec(nu16,q3)*
      Vec(nu15,-p4)*Vecr(nu16,p4)*Vecr(nu15,p4)*Den( - p4 + q2 + q3)^2*Deng(p4
      ,xiw,M3)^2*Deng(q2 + q3,xiw,0)*Deng(q2 + q3,xiw,M3)^2*xiw*ufoGC58*
      ufoGC107*ufoGC4*ufoGC93
       - 1/4*g_(1,6_,nu10)*FT2(g6)*Vec(nu10,q2)*Vec(nu16,q2)*Vec(nu15,-p4)*
      Vecr(nu16,p4)*Vecr(nu15,p4)*Den( - p4 + q2 + q3)*Deng(p4,xiw,M3)^2*Deng(
      q2 + q3,xiw,0)*Deng(q2 + q3,xiw,M3)^2*xiw*ufoGC58*ufoGC107*ufoGC4*
      ufoGC93
       - 1/4*g_(1,6_,nu10)*FT2(g6)*Vec(nu10,q2)*Vec(nu16,q3)*Vec(nu15,-p4)*
      Vecr(nu16,p4)*Vecr(nu15,p4)*Den( - p4 + q2 + q3)*Deng(p4,xiw,M3)^2*Deng(
      q2 + q3,xiw,0)*Deng(q2 + q3,xiw,M3)^2*xiw*ufoGC58*ufoGC107*ufoGC4*
      ufoGC93
       + 1/4*g_(1,6_,nu10)*FT2(g6)*Vec(nu10,q2)*Vec(nu16,-q2)*Vec(nu15,q2)*
      Vecr(nu16,p4)*Vecr(nu15,p4)*Den( - p4 + q2 + q3)*Deng(p4,xiw,M3)^2*Deng(
      q2 + q3,xiw,0)*Deng(q2 + q3,xiw,M3)^2*xiw*ufoGC58*ufoGC107*ufoGC4*
      ufoGC93
       + 1/4*g_(1,6_,nu10)*FT2(g6)*Vec(nu10,q2)*Vec(nu16,-q2)*Vec(nu15,q3)*
      Vecr(nu16,p4)*Vecr(nu15,p4)*Den( - p4 + q2 + q3)*Deng(p4,xiw,M3)^2*Deng(
      q2 + q3,xiw,0)*Deng(q2 + q3,xiw,M3)^2*xiw*ufoGC58*ufoGC107*ufoGC4*
      ufoGC93
       + 1/4*g_(1,6_,nu10)*FT2(g6)*Vec(nu10,q2)*Vec(nu16,-q3)*Vec(nu15,q2)*
      Vecr(nu16,p4)*Vecr(nu15,p4)*Den( - p4 + q2 + q3)*Deng(p4,xiw,M3)^2*Deng(
      q2 + q3,xiw,0)*Deng(q2 + q3,xiw,M3)^2*xiw*ufoGC58*ufoGC107*ufoGC4*
      ufoGC93
       + 1/4*g_(1,6_,nu10)*FT2(g6)*Vec(nu10,q2)*Vec(nu16,-q3)*Vec(nu15,q3)*
      Vecr(nu16,p4)*Vecr(nu15,p4)*Den( - p4 + q2 + q3)*Deng(p4,xiw,M3)^2*Deng(
      q2 + q3,xiw,0)*Deng(q2 + q3,xiw,M3)^2*xiw*ufoGC58*ufoGC107*ufoGC4*
      ufoGC93
       + 1/4*g_(1,6_,nu10)*FT2(g6)*Vec(nu10,q2)*Vec(nu15,q2)*Vecr(nu15,p4)*
      Den( - p4 + q2 + q3)*Deng(p4,xiw,M3)^2*Deng(q2 + q3,xiw,0)*Deng(q2 + q3,
      xiw,M3)^2*p4.p4*xiw*ufoGC58*ufoGC107*ufoGC4*ufoGC93
       + 1/4*g_(1,6_,nu10)*FT2(g6)*Vec(nu10,q2)*Vec(nu15,q3)*Vecr(nu15,p4)*
      Den( - p4 + q2 + q3)*Deng(p4,xiw,M3)^2*Deng(q2 + q3,xiw,0)*Deng(q2 + q3,
      xiw,M3)^2*p4.p4*xiw*ufoGC58*ufoGC107*ufoGC4*ufoGC93
       - 1/4*g_(1,6_,nu10)*FT2(g6)*Vec(nu10,q3)*Vec(nu9,q2)^2*Vec(nu16,q2)*
      Vec(nu15,q2)*Vecr(nu16,p4)*Vecr(nu15,p4)*Den( - p4 + q2 + q3)^2*Deng(p4,
      xiw,M3)^2*Deng(q2 + q3,xiw,0)*Deng(q2 + q3,xiw,M3)^2*xia*xiw*ufoGC58*
      ufoGC107*ufoGC4*ufoGC93
       + 1/4*g_(1,6_,nu10)*FT2(g6)*Vec(nu10,q3)*Vec(nu9,q2)^2*Vec(nu16,q2)*
      Vec(nu15,q2)*Vecr(nu16,p4)*Vecr(nu15,p4)*Den( - p4 + q2 + q3)^2*Deng(p4,
      xiw,M3)^2*Deng(q2 + q3,xiw,0)*Deng(q2 + q3,xiw,M3)^2*xiw*ufoGC58*
      ufoGC107*ufoGC4*ufoGC93
       - 1/4*g_(1,6_,nu10)*FT2(g6)*Vec(nu10,q3)*Vec(nu9,q2)^2*Vec(nu16,q2)*
      Vec(nu15,q3)*Vecr(nu16,p4)*Vecr(nu15,p4)*Den( - p4 + q2 + q3)^2*Deng(p4,
      xiw,M3)^2*Deng(q2 + q3,xiw,0)*Deng(q2 + q3,xiw,M3)^2*xia*xiw*ufoGC58*
      ufoGC107*ufoGC4*ufoGC93
       + 1/4*g_(1,6_,nu10)*FT2(g6)*Vec(nu10,q3)*Vec(nu9,q2)^2*Vec(nu16,q2)*
      Vec(nu15,q3)*Vecr(nu16,p4)*Vecr(nu15,p4)*Den( - p4 + q2 + q3)^2*Deng(p4,
      xiw,M3)^2*Deng(q2 + q3,xiw,0)*Deng(q2 + q3,xiw,M3)^2*xiw*ufoGC58*
      ufoGC107*ufoGC4*ufoGC93
       - 1/4*g_(1,6_,nu10)*FT2(g6)*Vec(nu10,q3)*Vec(nu9,q2)^2*Vec(nu16,q2)*
      Vec(nu15,-p4)*Vecr(nu16,p4)*Vecr(nu15,p4)*Den( - p4 + q2 + q3)^2*Deng(p4
      ,xiw,M3)^2*Deng(q2 + q3,xiw,0)*Deng(q2 + q3,xiw,M3)^2*xia*xiw*ufoGC58*
      ufoGC107*ufoGC4*ufoGC93
       + 1/4*g_(1,6_,nu10)*FT2(g6)*Vec(nu10,q3)*Vec(nu9,q2)^2*Vec(nu16,q2)*
      Vec(nu15,-p4)*Vecr(nu16,p4)*Vecr(nu15,p4)*Den( - p4 + q2 + q3)^2*Deng(p4
      ,xiw,M3)^2*Deng(q2 + q3,xiw,0)*Deng(q2 + q3,xiw,M3)^2*xiw*ufoGC58*
      ufoGC107*ufoGC4*ufoGC93
       - 1/4*g_(1,6_,nu10)*FT2(g6)*Vec(nu10,q3)*Vec(nu9,q2)^2*Vec(nu16,q3)*
      Vec(nu15,q2)*Vecr(nu16,p4)*Vecr(nu15,p4)*Den( - p4 + q2 + q3)^2*Deng(p4,
      xiw,M3)^2*Deng(q2 + q3,xiw,0)*Deng(q2 + q3,xiw,M3)^2*xia*xiw*ufoGC58*
      ufoGC107*ufoGC4*ufoGC93
       + 1/4*g_(1,6_,nu10)*FT2(g6)*Vec(nu10,q3)*Vec(nu9,q2)^2*Vec(nu16,q3)*
      Vec(nu15,q2)*Vecr(nu16,p4)*Vecr(nu15,p4)*Den( - p4 + q2 + q3)^2*Deng(p4,
      xiw,M3)^2*Deng(q2 + q3,xiw,0)*Deng(q2 + q3,xiw,M3)^2*xiw*ufoGC58*
      ufoGC107*ufoGC4*ufoGC93
       - 1/4*g_(1,6_,nu10)*FT2(g6)*Vec(nu10,q3)*Vec(nu9,q2)^2*Vec(nu16,q3)*
      Vec(nu15,q3)*Vecr(nu16,p4)*Vecr(nu15,p4)*Den( - p4 + q2 + q3)^2*Deng(p4,
      xiw,M3)^2*Deng(q2 + q3,xiw,0)*Deng(q2 + q3,xiw,M3)^2*xia*xiw*ufoGC58*
      ufoGC107*ufoGC4*ufoGC93
       + 1/4*g_(1,6_,nu10)*FT2(g6)*Vec(nu10,q3)*Vec(nu9,q2)^2*Vec(nu16,q3)*
      Vec(nu15,q3)*Vecr(nu16,p4)*Vecr(nu15,p4)*Den( - p4 + q2 + q3)^2*Deng(p4,
      xiw,M3)^2*Deng(q2 + q3,xiw,0)*Deng(q2 + q3,xiw,M3)^2*xiw*ufoGC58*
      ufoGC107*ufoGC4*ufoGC93
       - 1/4*g_(1,6_,nu10)*FT2(g6)*Vec(nu10,q3)*Vec(nu9,q2)^2*Vec(nu16,q3)*
      Vec(nu15,-p4)*Vecr(nu16,p4)*Vecr(nu15,p4)*Den( - p4 + q2 + q3)^2*Deng(p4
      ,xiw,M3)^2*Deng(q2 + q3,xiw,0)*Deng(q2 + q3,xiw,M3)^2*xia*xiw*ufoGC58*
      ufoGC107*ufoGC4*ufoGC93
       + 1/4*g_(1,6_,nu10)*FT2(g6)*Vec(nu10,q3)*Vec(nu9,q2)^2*Vec(nu16,q3)*
      Vec(nu15,-p4)*Vecr(nu16,p4)*Vecr(nu15,p4)*Den( - p4 + q2 + q3)^2*Deng(p4
      ,xiw,M3)^2*Deng(q2 + q3,xiw,0)*Deng(q2 + q3,xiw,M3)^2*xiw*ufoGC58*
      ufoGC107*ufoGC4*ufoGC93
       + 1/4*g_(1,6_,nu10)*FT2(g6)*Vec(nu10,q3)*Vec(nu9,q2)^2*Vec(nu16,-q2)*
      Vec(nu15,q2)*Vecr(nu16,p4)*Vecr(nu15,p4)*Den( - p4 + q2 + q3)^2*Deng(p4,
      xiw,M3)^2*Deng(q2 + q3,xiw,0)*Deng(q2 + q3,xiw,M3)^2*xia*xiw*ufoGC58*
      ufoGC107*ufoGC4*ufoGC93
       - 1/4*g_(1,6_,nu10)*FT2(g6)*Vec(nu10,q3)*Vec(nu9,q2)^2*Vec(nu16,-q2)*
      Vec(nu15,q2)*Vecr(nu16,p4)*Vecr(nu15,p4)*Den( - p4 + q2 + q3)^2*Deng(p4,
      xiw,M3)^2*Deng(q2 + q3,xiw,0)*Deng(q2 + q3,xiw,M3)^2*xiw*ufoGC58*
      ufoGC107*ufoGC4*ufoGC93
       + 1/4*g_(1,6_,nu10)*FT2(g6)*Vec(nu10,q3)*Vec(nu9,q2)^2*Vec(nu16,-q2)*
      Vec(nu15,q3)*Vecr(nu16,p4)*Vecr(nu15,p4)*Den( - p4 + q2 + q3)^2*Deng(p4,
      xiw,M3)^2*Deng(q2 + q3,xiw,0)*Deng(q2 + q3,xiw,M3)^2*xia*xiw*ufoGC58*
      ufoGC107*ufoGC4*ufoGC93
       - 1/4*g_(1,6_,nu10)*FT2(g6)*Vec(nu10,q3)*Vec(nu9,q2)^2*Vec(nu16,-q2)*
      Vec(nu15,q3)*Vecr(nu16,p4)*Vecr(nu15,p4)*Den( - p4 + q2 + q3)^2*Deng(p4,
      xiw,M3)^2*Deng(q2 + q3,xiw,0)*Deng(q2 + q3,xiw,M3)^2*xiw*ufoGC58*
      ufoGC107*ufoGC4*ufoGC93
       + 1/4*g_(1,6_,nu10)*FT2(g6)*Vec(nu10,q3)*Vec(nu9,q2)^2*Vec(nu16,-q2)*
      Vec(nu15,-p4)*Vecr(nu16,p4)*Vecr(nu15,p4)*Den( - p4 + q2 + q3)^2*Deng(p4
      ,xiw,M3)^2*Deng(q2 + q3,xiw,0)*Deng(q2 + q3,xiw,M3)^2*xia*xiw*ufoGC58*
      ufoGC107*ufoGC4*ufoGC93
       - 1/4*g_(1,6_,nu10)*FT2(g6)*Vec(nu10,q3)*Vec(nu9,q2)^2*Vec(nu16,-q2)*
      Vec(nu15,-p4)*Vecr(nu16,p4)*Vecr(nu15,p4)*Den( - p4 + q2 + q3)^2*Deng(p4
      ,xiw,M3)^2*Deng(q2 + q3,xiw,0)*Deng(q2 + q3,xiw,M3)^2*xiw*ufoGC58*
      ufoGC107*ufoGC4*ufoGC93
       + 1/4*g_(1,6_,nu10)*FT2(g6)*Vec(nu10,q3)*Vec(nu9,q2)^2*Vec(nu16,-q3)*
      Vec(nu15,q2)*Vecr(nu16,p4)*Vecr(nu15,p4)*Den( - p4 + q2 + q3)^2*Deng(p4,
      xiw,M3)^2*Deng(q2 + q3,xiw,0)*Deng(q2 + q3,xiw,M3)^2*xia*xiw*ufoGC58*
      ufoGC107*ufoGC4*ufoGC93
       - 1/4*g_(1,6_,nu10)*FT2(g6)*Vec(nu10,q3)*Vec(nu9,q2)^2*Vec(nu16,-q3)*
      Vec(nu15,q2)*Vecr(nu16,p4)*Vecr(nu15,p4)*Den( - p4 + q2 + q3)^2*Deng(p4,
      xiw,M3)^2*Deng(q2 + q3,xiw,0)*Deng(q2 + q3,xiw,M3)^2*xiw*ufoGC58*
      ufoGC107*ufoGC4*ufoGC93
       + 1/4*g_(1,6_,nu10)*FT2(g6)*Vec(nu10,q3)*Vec(nu9,q2)^2*Vec(nu16,-q3)*
      Vec(nu15,q3)*Vecr(nu16,p4)*Vecr(nu15,p4)*Den( - p4 + q2 + q3)^2*Deng(p4,
      xiw,M3)^2*Deng(q2 + q3,xiw,0)*Deng(q2 + q3,xiw,M3)^2*xia*xiw*ufoGC58*
      ufoGC107*ufoGC4*ufoGC93
       - 1/4*g_(1,6_,nu10)*FT2(g6)*Vec(nu10,q3)*Vec(nu9,q2)^2*Vec(nu16,-q3)*
      Vec(nu15,q3)*Vecr(nu16,p4)*Vecr(nu15,p4)*Den( - p4 + q2 + q3)^2*Deng(p4,
      xiw,M3)^2*Deng(q2 + q3,xiw,0)*Deng(q2 + q3,xiw,M3)^2*xiw*ufoGC58*
      ufoGC107*ufoGC4*ufoGC93
       + 1/4*g_(1,6_,nu10)*FT2(g6)*Vec(nu10,q3)*Vec(nu9,q2)^2*Vec(nu16,-q3)*
      Vec(nu15,-p4)*Vecr(nu16,p4)*Vecr(nu15,p4)*Den( - p4 + q2 + q3)^2*Deng(p4
      ,xiw,M3)^2*Deng(q2 + q3,xiw,0)*Deng(q2 + q3,xiw,M3)^2*xia*xiw*ufoGC58*
      ufoGC107*ufoGC4*ufoGC93
       - 1/4*g_(1,6_,nu10)*FT2(g6)*Vec(nu10,q3)*Vec(nu9,q2)^2*Vec(nu16,-q3)*
      Vec(nu15,-p4)*Vecr(nu16,p4)*Vecr(nu15,p4)*Den( - p4 + q2 + q3)^2*Deng(p4
      ,xiw,M3)^2*Deng(q2 + q3,xiw,0)*Deng(q2 + q3,xiw,M3)^2*xiw*ufoGC58*
      ufoGC107*ufoGC4*ufoGC93
       + 1/4*g_(1,6_,nu10)*FT2(g6)*Vec(nu10,q3)*Vec(nu9,q2)^2*Vec(nu15,q2)*
      Vecr(nu15,p4)*Den( - p4 + q2 + q3)^2*Deng(p4,xiw,M3)^2*Deng(q2 + q3,xiw,
      0)*Deng(q2 + q3,xiw,M3)^2*p4.p4*xia*xiw*ufoGC58*ufoGC107*ufoGC4*ufoGC93
       - 1/4*g_(1,6_,nu10)*FT2(g6)*Vec(nu10,q3)*Vec(nu9,q2)^2*Vec(nu15,q2)*
      Vecr(nu15,p4)*Den( - p4 + q2 + q3)^2*Deng(p4,xiw,M3)^2*Deng(q2 + q3,xiw,
      0)*Deng(q2 + q3,xiw,M3)^2*p4.p4*xiw*ufoGC58*ufoGC107*ufoGC4*ufoGC93
       + 1/4*g_(1,6_,nu10)*FT2(g6)*Vec(nu10,q3)*Vec(nu9,q2)^2*Vec(nu15,q3)*
      Vecr(nu15,p4)*Den( - p4 + q2 + q3)^2*Deng(p4,xiw,M3)^2*Deng(q2 + q3,xiw,
      0)*Deng(q2 + q3,xiw,M3)^2*p4.p4*xia*xiw*ufoGC58*ufoGC107*ufoGC4*ufoGC93
       - 1/4*g_(1,6_,nu10)*FT2(g6)*Vec(nu10,q3)*Vec(nu9,q2)^2*Vec(nu15,q3)*
      Vecr(nu15,p4)*Den( - p4 + q2 + q3)^2*Deng(p4,xiw,M3)^2*Deng(q2 + q3,xiw,
      0)*Deng(q2 + q3,xiw,M3)^2*p4.p4*xiw*ufoGC58*ufoGC107*ufoGC4*ufoGC93
       + 1/4*g_(1,6_,nu10)*FT2(g6)*Vec(nu10,q3)*Vec(nu9,q2)^2*Vec(nu15,-p4)*
      Vecr(nu15,p4)*Den( - p4 + q2 + q3)^2*Deng(p4,xiw,M3)^2*Deng(q2 + q3,xiw,
      0)*Deng(q2 + q3,xiw,M3)^2*p4.p4*xia*xiw*ufoGC58*ufoGC107*ufoGC4*ufoGC93
       - 1/4*g_(1,6_,nu10)*FT2(g6)*Vec(nu10,q3)*Vec(nu9,q2)^2*Vec(nu15,-p4)*
      Vecr(nu15,p4)*Den( - p4 + q2 + q3)^2*Deng(p4,xiw,M3)^2*Deng(q2 + q3,xiw,
      0)*Deng(q2 + q3,xiw,M3)^2*p4.p4*xiw*ufoGC58*ufoGC107*ufoGC4*ufoGC93
       - 1/2*g_(1,6_,nu10)*FT2(g6)*Vec(nu10,q3)*Vec(nu9,q2)*Vec(nu9,q3)*Vec(
      nu16,q2)*Vec(nu15,q2)*Vecr(nu16,p4)*Vecr(nu15,p4)*Den( - p4 + q2 + q3)^2
      *Deng(p4,xiw,M3)^2*Deng(q2 + q3,xiw,0)*Deng(q2 + q3,xiw,M3)^2*xia*xiw*
      ufoGC58*ufoGC107*ufoGC4*ufoGC93
       + 1/2*g_(1,6_,nu10)*FT2(g6)*Vec(nu10,q3)*Vec(nu9,q2)*Vec(nu9,q3)*Vec(
      nu16,q2)*Vec(nu15,q2)*Vecr(nu16,p4)*Vecr(nu15,p4)*Den( - p4 + q2 + q3)^2
      *Deng(p4,xiw,M3)^2*Deng(q2 + q3,xiw,0)*Deng(q2 + q3,xiw,M3)^2*xiw*
      ufoGC58*ufoGC107*ufoGC4*ufoGC93
       - 1/2*g_(1,6_,nu10)*FT2(g6)*Vec(nu10,q3)*Vec(nu9,q2)*Vec(nu9,q3)*Vec(
      nu16,q2)*Vec(nu15,q3)*Vecr(nu16,p4)*Vecr(nu15,p4)*Den( - p4 + q2 + q3)^2
      *Deng(p4,xiw,M3)^2*Deng(q2 + q3,xiw,0)*Deng(q2 + q3,xiw,M3)^2*xia*xiw*
      ufoGC58*ufoGC107*ufoGC4*ufoGC93
       + 1/2*g_(1,6_,nu10)*FT2(g6)*Vec(nu10,q3)*Vec(nu9,q2)*Vec(nu9,q3)*Vec(
      nu16,q2)*Vec(nu15,q3)*Vecr(nu16,p4)*Vecr(nu15,p4)*Den( - p4 + q2 + q3)^2
      *Deng(p4,xiw,M3)^2*Deng(q2 + q3,xiw,0)*Deng(q2 + q3,xiw,M3)^2*xiw*
      ufoGC58*ufoGC107*ufoGC4*ufoGC93
       - 1/2*g_(1,6_,nu10)*FT2(g6)*Vec(nu10,q3)*Vec(nu9,q2)*Vec(nu9,q3)*Vec(
      nu16,q2)*Vec(nu15,-p4)*Vecr(nu16,p4)*Vecr(nu15,p4)*Den( - p4 + q2 + q3)^
      2*Deng(p4,xiw,M3)^2*Deng(q2 + q3,xiw,0)*Deng(q2 + q3,xiw,M3)^2*xia*xiw*
      ufoGC58*ufoGC107*ufoGC4*ufoGC93
       + 1/2*g_(1,6_,nu10)*FT2(g6)*Vec(nu10,q3)*Vec(nu9,q2)*Vec(nu9,q3)*Vec(
      nu16,q2)*Vec(nu15,-p4)*Vecr(nu16,p4)*Vecr(nu15,p4)*Den( - p4 + q2 + q3)^
      2*Deng(p4,xiw,M3)^2*Deng(q2 + q3,xiw,0)*Deng(q2 + q3,xiw,M3)^2*xiw*
      ufoGC58*ufoGC107*ufoGC4*ufoGC93
       - 1/2*g_(1,6_,nu10)*FT2(g6)*Vec(nu10,q3)*Vec(nu9,q2)*Vec(nu9,q3)*Vec(
      nu16,q3)*Vec(nu15,q2)*Vecr(nu16,p4)*Vecr(nu15,p4)*Den( - p4 + q2 + q3)^2
      *Deng(p4,xiw,M3)^2*Deng(q2 + q3,xiw,0)*Deng(q2 + q3,xiw,M3)^2*xia*xiw*
      ufoGC58*ufoGC107*ufoGC4*ufoGC93
       + 1/2*g_(1,6_,nu10)*FT2(g6)*Vec(nu10,q3)*Vec(nu9,q2)*Vec(nu9,q3)*Vec(
      nu16,q3)*Vec(nu15,q2)*Vecr(nu16,p4)*Vecr(nu15,p4)*Den( - p4 + q2 + q3)^2
      *Deng(p4,xiw,M3)^2*Deng(q2 + q3,xiw,0)*Deng(q2 + q3,xiw,M3)^2*xiw*
      ufoGC58*ufoGC107*ufoGC4*ufoGC93
       - 1/2*g_(1,6_,nu10)*FT2(g6)*Vec(nu10,q3)*Vec(nu9,q2)*Vec(nu9,q3)*Vec(
      nu16,q3)*Vec(nu15,q3)*Vecr(nu16,p4)*Vecr(nu15,p4)*Den( - p4 + q2 + q3)^2
      *Deng(p4,xiw,M3)^2*Deng(q2 + q3,xiw,0)*Deng(q2 + q3,xiw,M3)^2*xia*xiw*
      ufoGC58*ufoGC107*ufoGC4*ufoGC93
       + 1/2*g_(1,6_,nu10)*FT2(g6)*Vec(nu10,q3)*Vec(nu9,q2)*Vec(nu9,q3)*Vec(
      nu16,q3)*Vec(nu15,q3)*Vecr(nu16,p4)*Vecr(nu15,p4)*Den( - p4 + q2 + q3)^2
      *Deng(p4,xiw,M3)^2*Deng(q2 + q3,xiw,0)*Deng(q2 + q3,xiw,M3)^2*xiw*
      ufoGC58*ufoGC107*ufoGC4*ufoGC93
       - 1/2*g_(1,6_,nu10)*FT2(g6)*Vec(nu10,q3)*Vec(nu9,q2)*Vec(nu9,q3)*Vec(
      nu16,q3)*Vec(nu15,-p4)*Vecr(nu16,p4)*Vecr(nu15,p4)*Den( - p4 + q2 + q3)^
      2*Deng(p4,xiw,M3)^2*Deng(q2 + q3,xiw,0)*Deng(q2 + q3,xiw,M3)^2*xia*xiw*
      ufoGC58*ufoGC107*ufoGC4*ufoGC93
       + 1/2*g_(1,6_,nu10)*FT2(g6)*Vec(nu10,q3)*Vec(nu9,q2)*Vec(nu9,q3)*Vec(
      nu16,q3)*Vec(nu15,-p4)*Vecr(nu16,p4)*Vecr(nu15,p4)*Den( - p4 + q2 + q3)^
      2*Deng(p4,xiw,M3)^2*Deng(q2 + q3,xiw,0)*Deng(q2 + q3,xiw,M3)^2*xiw*
      ufoGC58*ufoGC107*ufoGC4*ufoGC93
       + 1/2*g_(1,6_,nu10)*FT2(g6)*Vec(nu10,q3)*Vec(nu9,q2)*Vec(nu9,q3)*Vec(
      nu16,-q2)*Vec(nu15,q2)*Vecr(nu16,p4)*Vecr(nu15,p4)*Den( - p4 + q2 + q3)^
      2*Deng(p4,xiw,M3)^2*Deng(q2 + q3,xiw,0)*Deng(q2 + q3,xiw,M3)^2*xia*xiw*
      ufoGC58*ufoGC107*ufoGC4*ufoGC93
       - 1/2*g_(1,6_,nu10)*FT2(g6)*Vec(nu10,q3)*Vec(nu9,q2)*Vec(nu9,q3)*Vec(
      nu16,-q2)*Vec(nu15,q2)*Vecr(nu16,p4)*Vecr(nu15,p4)*Den( - p4 + q2 + q3)^
      2*Deng(p4,xiw,M3)^2*Deng(q2 + q3,xiw,0)*Deng(q2 + q3,xiw,M3)^2*xiw*
      ufoGC58*ufoGC107*ufoGC4*ufoGC93
       + 1/2*g_(1,6_,nu10)*FT2(g6)*Vec(nu10,q3)*Vec(nu9,q2)*Vec(nu9,q3)*Vec(
      nu16,-q2)*Vec(nu15,q3)*Vecr(nu16,p4)*Vecr(nu15,p4)*Den( - p4 + q2 + q3)^
      2*Deng(p4,xiw,M3)^2*Deng(q2 + q3,xiw,0)*Deng(q2 + q3,xiw,M3)^2*xia*xiw*
      ufoGC58*ufoGC107*ufoGC4*ufoGC93
       - 1/2*g_(1,6_,nu10)*FT2(g6)*Vec(nu10,q3)*Vec(nu9,q2)*Vec(nu9,q3)*Vec(
      nu16,-q2)*Vec(nu15,q3)*Vecr(nu16,p4)*Vecr(nu15,p4)*Den( - p4 + q2 + q3)^
      2*Deng(p4,xiw,M3)^2*Deng(q2 + q3,xiw,0)*Deng(q2 + q3,xiw,M3)^2*xiw*
      ufoGC58*ufoGC107*ufoGC4*ufoGC93
       + 1/2*g_(1,6_,nu10)*FT2(g6)*Vec(nu10,q3)*Vec(nu9,q2)*Vec(nu9,q3)*Vec(
      nu16,-q2)*Vec(nu15,-p4)*Vecr(nu16,p4)*Vecr(nu15,p4)*Den( - p4 + q2 + q3)
      ^2*Deng(p4,xiw,M3)^2*Deng(q2 + q3,xiw,0)*Deng(q2 + q3,xiw,M3)^2*xia*xiw*
      ufoGC58*ufoGC107*ufoGC4*ufoGC93
       - 1/2*g_(1,6_,nu10)*FT2(g6)*Vec(nu10,q3)*Vec(nu9,q2)*Vec(nu9,q3)*Vec(
      nu16,-q2)*Vec(nu15,-p4)*Vecr(nu16,p4)*Vecr(nu15,p4)*Den( - p4 + q2 + q3)
      ^2*Deng(p4,xiw,M3)^2*Deng(q2 + q3,xiw,0)*Deng(q2 + q3,xiw,M3)^2*xiw*
      ufoGC58*ufoGC107*ufoGC4*ufoGC93
       + 1/2*g_(1,6_,nu10)*FT2(g6)*Vec(nu10,q3)*Vec(nu9,q2)*Vec(nu9,q3)*Vec(
      nu16,-q3)*Vec(nu15,q2)*Vecr(nu16,p4)*Vecr(nu15,p4)*Den( - p4 + q2 + q3)^
      2*Deng(p4,xiw,M3)^2*Deng(q2 + q3,xiw,0)*Deng(q2 + q3,xiw,M3)^2*xia*xiw*
      ufoGC58*ufoGC107*ufoGC4*ufoGC93
       - 1/2*g_(1,6_,nu10)*FT2(g6)*Vec(nu10,q3)*Vec(nu9,q2)*Vec(nu9,q3)*Vec(
      nu16,-q3)*Vec(nu15,q2)*Vecr(nu16,p4)*Vecr(nu15,p4)*Den( - p4 + q2 + q3)^
      2*Deng(p4,xiw,M3)^2*Deng(q2 + q3,xiw,0)*Deng(q2 + q3,xiw,M3)^2*xiw*
      ufoGC58*ufoGC107*ufoGC4*ufoGC93
       + 1/2*g_(1,6_,nu10)*FT2(g6)*Vec(nu10,q3)*Vec(nu9,q2)*Vec(nu9,q3)*Vec(
      nu16,-q3)*Vec(nu15,q3)*Vecr(nu16,p4)*Vecr(nu15,p4)*Den( - p4 + q2 + q3)^
      2*Deng(p4,xiw,M3)^2*Deng(q2 + q3,xiw,0)*Deng(q2 + q3,xiw,M3)^2*xia*xiw*
      ufoGC58*ufoGC107*ufoGC4*ufoGC93
       - 1/2*g_(1,6_,nu10)*FT2(g6)*Vec(nu10,q3)*Vec(nu9,q2)*Vec(nu9,q3)*Vec(
      nu16,-q3)*Vec(nu15,q3)*Vecr(nu16,p4)*Vecr(nu15,p4)*Den( - p4 + q2 + q3)^
      2*Deng(p4,xiw,M3)^2*Deng(q2 + q3,xiw,0)*Deng(q2 + q3,xiw,M3)^2*xiw*
      ufoGC58*ufoGC107*ufoGC4*ufoGC93
       + 1/2*g_(1,6_,nu10)*FT2(g6)*Vec(nu10,q3)*Vec(nu9,q2)*Vec(nu9,q3)*Vec(
      nu16,-q3)*Vec(nu15,-p4)*Vecr(nu16,p4)*Vecr(nu15,p4)*Den( - p4 + q2 + q3)
      ^2*Deng(p4,xiw,M3)^2*Deng(q2 + q3,xiw,0)*Deng(q2 + q3,xiw,M3)^2*xia*xiw*
      ufoGC58*ufoGC107*ufoGC4*ufoGC93
       - 1/2*g_(1,6_,nu10)*FT2(g6)*Vec(nu10,q3)*Vec(nu9,q2)*Vec(nu9,q3)*Vec(
      nu16,-q3)*Vec(nu15,-p4)*Vecr(nu16,p4)*Vecr(nu15,p4)*Den( - p4 + q2 + q3)
      ^2*Deng(p4,xiw,M3)^2*Deng(q2 + q3,xiw,0)*Deng(q2 + q3,xiw,M3)^2*xiw*
      ufoGC58*ufoGC107*ufoGC4*ufoGC93
       + 1/2*g_(1,6_,nu10)*FT2(g6)*Vec(nu10,q3)*Vec(nu9,q2)*Vec(nu9,q3)*Vec(
      nu15,q2)*Vecr(nu15,p4)*Den( - p4 + q2 + q3)^2*Deng(p4,xiw,M3)^2*Deng(q2
       + q3,xiw,0)*Deng(q2 + q3,xiw,M3)^2*p4.p4*xia*xiw*ufoGC58*ufoGC107*
      ufoGC4*ufoGC93
       - 1/2*g_(1,6_,nu10)*FT2(g6)*Vec(nu10,q3)*Vec(nu9,q2)*Vec(nu9,q3)*Vec(
      nu15,q2)*Vecr(nu15,p4)*Den( - p4 + q2 + q3)^2*Deng(p4,xiw,M3)^2*Deng(q2
       + q3,xiw,0)*Deng(q2 + q3,xiw,M3)^2*p4.p4*xiw*ufoGC58*ufoGC107*ufoGC4*
      ufoGC93
       + 1/2*g_(1,6_,nu10)*FT2(g6)*Vec(nu10,q3)*Vec(nu9,q2)*Vec(nu9,q3)*Vec(
      nu15,q3)*Vecr(nu15,p4)*Den( - p4 + q2 + q3)^2*Deng(p4,xiw,M3)^2*Deng(q2
       + q3,xiw,0)*Deng(q2 + q3,xiw,M3)^2*p4.p4*xia*xiw*ufoGC58*ufoGC107*
      ufoGC4*ufoGC93
       - 1/2*g_(1,6_,nu10)*FT2(g6)*Vec(nu10,q3)*Vec(nu9,q2)*Vec(nu9,q3)*Vec(
      nu15,q3)*Vecr(nu15,p4)*Den( - p4 + q2 + q3)^2*Deng(p4,xiw,M3)^2*Deng(q2
       + q3,xiw,0)*Deng(q2 + q3,xiw,M3)^2*p4.p4*xiw*ufoGC58*ufoGC107*ufoGC4*
      ufoGC93
       + 1/2*g_(1,6_,nu10)*FT2(g6)*Vec(nu10,q3)*Vec(nu9,q2)*Vec(nu9,q3)*Vec(
      nu15,-p4)*Vecr(nu15,p4)*Den( - p4 + q2 + q3)^2*Deng(p4,xiw,M3)^2*Deng(q2
       + q3,xiw,0)*Deng(q2 + q3,xiw,M3)^2*p4.p4*xia*xiw*ufoGC58*ufoGC107*
      ufoGC4*ufoGC93
       - 1/2*g_(1,6_,nu10)*FT2(g6)*Vec(nu10,q3)*Vec(nu9,q2)*Vec(nu9,q3)*Vec(
      nu15,-p4)*Vecr(nu15,p4)*Den( - p4 + q2 + q3)^2*Deng(p4,xiw,M3)^2*Deng(q2
       + q3,xiw,0)*Deng(q2 + q3,xiw,M3)^2*p4.p4*xiw*ufoGC58*ufoGC107*ufoGC4*
      ufoGC93
       - 1/4*g_(1,6_,nu10)*FT2(g6)*Vec(nu10,q3)*Vec(nu9,q2)*Vec(nu16,q2)*Vec(
      nu15,q2)*Vecr(nu9,p4)*Vecr(nu16,p4)*Vecr(nu15,p4)*Den( - p4 + q2 + q3)^2
      *Deng(p4,xiw,M3)^2*Deng(q2 + q3,xiw,0)*Deng(q2 + q3,xiw,M3)^2*xia*xiw*
      ufoGC58*ufoGC107*ufoGC4*ufoGC93
       + 1/4*g_(1,6_,nu10)*FT2(g6)*Vec(nu10,q3)*Vec(nu9,q2)*Vec(nu16,q2)*Vec(
      nu15,q2)*Vecr(nu9,p4)*Vecr(nu16,p4)*Vecr(nu15,p4)*Den( - p4 + q2 + q3)^2
      *Deng(p4,xiw,M3)^2*Deng(q2 + q3,xiw,0)*Deng(q2 + q3,xiw,M3)^2*xiw*
      ufoGC58*ufoGC107*ufoGC4*ufoGC93
       - 1/4*g_(1,6_,nu10)*FT2(g6)*Vec(nu10,q3)*Vec(nu9,q2)*Vec(nu16,q2)*Vec(
      nu15,q3)*Vecr(nu9,p4)*Vecr(nu16,p4)*Vecr(nu15,p4)*Den( - p4 + q2 + q3)^2
      *Deng(p4,xiw,M3)^2*Deng(q2 + q3,xiw,0)*Deng(q2 + q3,xiw,M3)^2*xia*xiw*
      ufoGC58*ufoGC107*ufoGC4*ufoGC93
       + 1/4*g_(1,6_,nu10)*FT2(g6)*Vec(nu10,q3)*Vec(nu9,q2)*Vec(nu16,q2)*Vec(
      nu15,q3)*Vecr(nu9,p4)*Vecr(nu16,p4)*Vecr(nu15,p4)*Den( - p4 + q2 + q3)^2
      *Deng(p4,xiw,M3)^2*Deng(q2 + q3,xiw,0)*Deng(q2 + q3,xiw,M3)^2*xiw*
      ufoGC58*ufoGC107*ufoGC4*ufoGC93
       - 1/4*g_(1,6_,nu10)*FT2(g6)*Vec(nu10,q3)*Vec(nu9,q2)*Vec(nu16,q2)*Vec(
      nu15,-p4)*Vecr(nu9,p4)*Vecr(nu16,p4)*Vecr(nu15,p4)*Den( - p4 + q2 + q3)^
      2*Deng(p4,xiw,M3)^2*Deng(q2 + q3,xiw,0)*Deng(q2 + q3,xiw,M3)^2*xia*xiw*
      ufoGC58*ufoGC107*ufoGC4*ufoGC93
       + 1/4*g_(1,6_,nu10)*FT2(g6)*Vec(nu10,q3)*Vec(nu9,q2)*Vec(nu16,q2)*Vec(
      nu15,-p4)*Vecr(nu9,p4)*Vecr(nu16,p4)*Vecr(nu15,p4)*Den( - p4 + q2 + q3)^
      2*Deng(p4,xiw,M3)^2*Deng(q2 + q3,xiw,0)*Deng(q2 + q3,xiw,M3)^2*xiw*
      ufoGC58*ufoGC107*ufoGC4*ufoGC93
       - 1/4*g_(1,6_,nu10)*FT2(g6)*Vec(nu10,q3)*Vec(nu9,q2)*Vec(nu16,q3)*Vec(
      nu15,q2)*Vecr(nu9,p4)*Vecr(nu16,p4)*Vecr(nu15,p4)*Den( - p4 + q2 + q3)^2
      *Deng(p4,xiw,M3)^2*Deng(q2 + q3,xiw,0)*Deng(q2 + q3,xiw,M3)^2*xia*xiw*
      ufoGC58*ufoGC107*ufoGC4*ufoGC93
       + 1/4*g_(1,6_,nu10)*FT2(g6)*Vec(nu10,q3)*Vec(nu9,q2)*Vec(nu16,q3)*Vec(
      nu15,q2)*Vecr(nu9,p4)*Vecr(nu16,p4)*Vecr(nu15,p4)*Den( - p4 + q2 + q3)^2
      *Deng(p4,xiw,M3)^2*Deng(q2 + q3,xiw,0)*Deng(q2 + q3,xiw,M3)^2*xiw*
      ufoGC58*ufoGC107*ufoGC4*ufoGC93
       - 1/4*g_(1,6_,nu10)*FT2(g6)*Vec(nu10,q3)*Vec(nu9,q2)*Vec(nu16,q3)*Vec(
      nu15,q3)*Vecr(nu9,p4)*Vecr(nu16,p4)*Vecr(nu15,p4)*Den( - p4 + q2 + q3)^2
      *Deng(p4,xiw,M3)^2*Deng(q2 + q3,xiw,0)*Deng(q2 + q3,xiw,M3)^2*xia*xiw*
      ufoGC58*ufoGC107*ufoGC4*ufoGC93
       + 1/4*g_(1,6_,nu10)*FT2(g6)*Vec(nu10,q3)*Vec(nu9,q2)*Vec(nu16,q3)*Vec(
      nu15,q3)*Vecr(nu9,p4)*Vecr(nu16,p4)*Vecr(nu15,p4)*Den( - p4 + q2 + q3)^2
      *Deng(p4,xiw,M3)^2*Deng(q2 + q3,xiw,0)*Deng(q2 + q3,xiw,M3)^2*xiw*
      ufoGC58*ufoGC107*ufoGC4*ufoGC93
       - 1/4*g_(1,6_,nu10)*FT2(g6)*Vec(nu10,q3)*Vec(nu9,q2)*Vec(nu16,q3)*Vec(
      nu15,-p4)*Vecr(nu9,p4)*Vecr(nu16,p4)*Vecr(nu15,p4)*Den( - p4 + q2 + q3)^
      2*Deng(p4,xiw,M3)^2*Deng(q2 + q3,xiw,0)*Deng(q2 + q3,xiw,M3)^2*xia*xiw*
      ufoGC58*ufoGC107*ufoGC4*ufoGC93
       + 1/4*g_(1,6_,nu10)*FT2(g6)*Vec(nu10,q3)*Vec(nu9,q2)*Vec(nu16,q3)*Vec(
      nu15,-p4)*Vecr(nu9,p4)*Vecr(nu16,p4)*Vecr(nu15,p4)*Den( - p4 + q2 + q3)^
      2*Deng(p4,xiw,M3)^2*Deng(q2 + q3,xiw,0)*Deng(q2 + q3,xiw,M3)^2*xiw*
      ufoGC58*ufoGC107*ufoGC4*ufoGC93
       - 1/4*g_(1,6_,nu10)*FT2(g6)*Vec(nu10,q3)*Vec(nu9,q2)*Vec(nu16,-p4)*Vec(
      nu15,q2)*Vecr(nu9,p4)*Vecr(nu16,p4)*Vecr(nu15,p4)*Den( - p4 + q2 + q3)^2
      *Deng(p4,xiw,M3)^2*Deng(q2 + q3,xiw,0)*Deng(q2 + q3,xiw,M3)^2*xia*xiw*
      ufoGC58*ufoGC107*ufoGC4*ufoGC93
       + 1/4*g_(1,6_,nu10)*FT2(g6)*Vec(nu10,q3)*Vec(nu9,q2)*Vec(nu16,-p4)*Vec(
      nu15,q2)*Vecr(nu9,p4)*Vecr(nu16,p4)*Vecr(nu15,p4)*Den( - p4 + q2 + q3)^2
      *Deng(p4,xiw,M3)^2*Deng(q2 + q3,xiw,0)*Deng(q2 + q3,xiw,M3)^2*xiw*
      ufoGC58*ufoGC107*ufoGC4*ufoGC93
       - 1/4*g_(1,6_,nu10)*FT2(g6)*Vec(nu10,q3)*Vec(nu9,q2)*Vec(nu16,-p4)*Vec(
      nu15,q3)*Vecr(nu9,p4)*Vecr(nu16,p4)*Vecr(nu15,p4)*Den( - p4 + q2 + q3)^2
      *Deng(p4,xiw,M3)^2*Deng(q2 + q3,xiw,0)*Deng(q2 + q3,xiw,M3)^2*xia*xiw*
      ufoGC58*ufoGC107*ufoGC4*ufoGC93
       + 1/4*g_(1,6_,nu10)*FT2(g6)*Vec(nu10,q3)*Vec(nu9,q2)*Vec(nu16,-p4)*Vec(
      nu15,q3)*Vecr(nu9,p4)*Vecr(nu16,p4)*Vecr(nu15,p4)*Den( - p4 + q2 + q3)^2
      *Deng(p4,xiw,M3)^2*Deng(q2 + q3,xiw,0)*Deng(q2 + q3,xiw,M3)^2*xiw*
      ufoGC58*ufoGC107*ufoGC4*ufoGC93
       - 1/4*g_(1,6_,nu10)*FT2(g6)*Vec(nu10,q3)*Vec(nu9,q2)*Vec(nu16,-p4)*Vec(
      nu15,-p4)*Vecr(nu9,p4)*Vecr(nu16,p4)*Vecr(nu15,p4)*Den( - p4 + q2 + q3)^
      2*Deng(p4,xiw,M3)^2*Deng(q2 + q3,xiw,0)*Deng(q2 + q3,xiw,M3)^2*xia*xiw*
      ufoGC58*ufoGC107*ufoGC4*ufoGC93
       + 1/4*g_(1,6_,nu10)*FT2(g6)*Vec(nu10,q3)*Vec(nu9,q2)*Vec(nu16,-p4)*Vec(
      nu15,-p4)*Vecr(nu9,p4)*Vecr(nu16,p4)*Vecr(nu15,p4)*Den( - p4 + q2 + q3)^
      2*Deng(p4,xiw,M3)^2*Deng(q2 + q3,xiw,0)*Deng(q2 + q3,xiw,M3)^2*xiw*
      ufoGC58*ufoGC107*ufoGC4*ufoGC93
       - 1/4*g_(1,6_,nu10)*FT2(g6)*Vec(nu10,q3)*Vec(nu9,q2)*Vecr(nu9,p4)*Den(
       - p4 + q2 + q3)*Deng(p4,xiw,M3)^2*Deng(q2 + q3,xiw,0)*Deng(q2 + q3,xiw,
      M3)^2*p4.p4*xiw*ufoGC58*ufoGC107*ufoGC4*ufoGC93
       - 1/4*g_(1,6_,nu10)*FT2(g6)*Vec(nu10,q3)*Vec(nu9,q3)^2*Vec(nu16,q2)*
      Vec(nu15,q2)*Vecr(nu16,p4)*Vecr(nu15,p4)*Den( - p4 + q2 + q3)^2*Deng(p4,
      xiw,M3)^2*Deng(q2 + q3,xiw,0)*Deng(q2 + q3,xiw,M3)^2*xia*xiw*ufoGC58*
      ufoGC107*ufoGC4*ufoGC93
       + 1/4*g_(1,6_,nu10)*FT2(g6)*Vec(nu10,q3)*Vec(nu9,q3)^2*Vec(nu16,q2)*
      Vec(nu15,q2)*Vecr(nu16,p4)*Vecr(nu15,p4)*Den( - p4 + q2 + q3)^2*Deng(p4,
      xiw,M3)^2*Deng(q2 + q3,xiw,0)*Deng(q2 + q3,xiw,M3)^2*xiw*ufoGC58*
      ufoGC107*ufoGC4*ufoGC93
       - 1/4*g_(1,6_,nu10)*FT2(g6)*Vec(nu10,q3)*Vec(nu9,q3)^2*Vec(nu16,q2)*
      Vec(nu15,q3)*Vecr(nu16,p4)*Vecr(nu15,p4)*Den( - p4 + q2 + q3)^2*Deng(p4,
      xiw,M3)^2*Deng(q2 + q3,xiw,0)*Deng(q2 + q3,xiw,M3)^2*xia*xiw*ufoGC58*
      ufoGC107*ufoGC4*ufoGC93
       + 1/4*g_(1,6_,nu10)*FT2(g6)*Vec(nu10,q3)*Vec(nu9,q3)^2*Vec(nu16,q2)*
      Vec(nu15,q3)*Vecr(nu16,p4)*Vecr(nu15,p4)*Den( - p4 + q2 + q3)^2*Deng(p4,
      xiw,M3)^2*Deng(q2 + q3,xiw,0)*Deng(q2 + q3,xiw,M3)^2*xiw*ufoGC58*
      ufoGC107*ufoGC4*ufoGC93
       - 1/4*g_(1,6_,nu10)*FT2(g6)*Vec(nu10,q3)*Vec(nu9,q3)^2*Vec(nu16,q2)*
      Vec(nu15,-p4)*Vecr(nu16,p4)*Vecr(nu15,p4)*Den( - p4 + q2 + q3)^2*Deng(p4
      ,xiw,M3)^2*Deng(q2 + q3,xiw,0)*Deng(q2 + q3,xiw,M3)^2*xia*xiw*ufoGC58*
      ufoGC107*ufoGC4*ufoGC93
       + 1/4*g_(1,6_,nu10)*FT2(g6)*Vec(nu10,q3)*Vec(nu9,q3)^2*Vec(nu16,q2)*
      Vec(nu15,-p4)*Vecr(nu16,p4)*Vecr(nu15,p4)*Den( - p4 + q2 + q3)^2*Deng(p4
      ,xiw,M3)^2*Deng(q2 + q3,xiw,0)*Deng(q2 + q3,xiw,M3)^2*xiw*ufoGC58*
      ufoGC107*ufoGC4*ufoGC93
       - 1/4*g_(1,6_,nu10)*FT2(g6)*Vec(nu10,q3)*Vec(nu9,q3)^2*Vec(nu16,q3)*
      Vec(nu15,q2)*Vecr(nu16,p4)*Vecr(nu15,p4)*Den( - p4 + q2 + q3)^2*Deng(p4,
      xiw,M3)^2*Deng(q2 + q3,xiw,0)*Deng(q2 + q3,xiw,M3)^2*xia*xiw*ufoGC58*
      ufoGC107*ufoGC4*ufoGC93
       + 1/4*g_(1,6_,nu10)*FT2(g6)*Vec(nu10,q3)*Vec(nu9,q3)^2*Vec(nu16,q3)*
      Vec(nu15,q2)*Vecr(nu16,p4)*Vecr(nu15,p4)*Den( - p4 + q2 + q3)^2*Deng(p4,
      xiw,M3)^2*Deng(q2 + q3,xiw,0)*Deng(q2 + q3,xiw,M3)^2*xiw*ufoGC58*
      ufoGC107*ufoGC4*ufoGC93
       - 1/4*g_(1,6_,nu10)*FT2(g6)*Vec(nu10,q3)*Vec(nu9,q3)^2*Vec(nu16,q3)*
      Vec(nu15,q3)*Vecr(nu16,p4)*Vecr(nu15,p4)*Den( - p4 + q2 + q3)^2*Deng(p4,
      xiw,M3)^2*Deng(q2 + q3,xiw,0)*Deng(q2 + q3,xiw,M3)^2*xia*xiw*ufoGC58*
      ufoGC107*ufoGC4*ufoGC93
       + 1/4*g_(1,6_,nu10)*FT2(g6)*Vec(nu10,q3)*Vec(nu9,q3)^2*Vec(nu16,q3)*
      Vec(nu15,q3)*Vecr(nu16,p4)*Vecr(nu15,p4)*Den( - p4 + q2 + q3)^2*Deng(p4,
      xiw,M3)^2*Deng(q2 + q3,xiw,0)*Deng(q2 + q3,xiw,M3)^2*xiw*ufoGC58*
      ufoGC107*ufoGC4*ufoGC93
       - 1/4*g_(1,6_,nu10)*FT2(g6)*Vec(nu10,q3)*Vec(nu9,q3)^2*Vec(nu16,q3)*
      Vec(nu15,-p4)*Vecr(nu16,p4)*Vecr(nu15,p4)*Den( - p4 + q2 + q3)^2*Deng(p4
      ,xiw,M3)^2*Deng(q2 + q3,xiw,0)*Deng(q2 + q3,xiw,M3)^2*xia*xiw*ufoGC58*
      ufoGC107*ufoGC4*ufoGC93
       + 1/4*g_(1,6_,nu10)*FT2(g6)*Vec(nu10,q3)*Vec(nu9,q3)^2*Vec(nu16,q3)*
      Vec(nu15,-p4)*Vecr(nu16,p4)*Vecr(nu15,p4)*Den( - p4 + q2 + q3)^2*Deng(p4
      ,xiw,M3)^2*Deng(q2 + q3,xiw,0)*Deng(q2 + q3,xiw,M3)^2*xiw*ufoGC58*
      ufoGC107*ufoGC4*ufoGC93
       + 1/4*g_(1,6_,nu10)*FT2(g6)*Vec(nu10,q3)*Vec(nu9,q3)^2*Vec(nu16,-q2)*
      Vec(nu15,q2)*Vecr(nu16,p4)*Vecr(nu15,p4)*Den( - p4 + q2 + q3)^2*Deng(p4,
      xiw,M3)^2*Deng(q2 + q3,xiw,0)*Deng(q2 + q3,xiw,M3)^2*xia*xiw*ufoGC58*
      ufoGC107*ufoGC4*ufoGC93
       - 1/4*g_(1,6_,nu10)*FT2(g6)*Vec(nu10,q3)*Vec(nu9,q3)^2*Vec(nu16,-q2)*
      Vec(nu15,q2)*Vecr(nu16,p4)*Vecr(nu15,p4)*Den( - p4 + q2 + q3)^2*Deng(p4,
      xiw,M3)^2*Deng(q2 + q3,xiw,0)*Deng(q2 + q3,xiw,M3)^2*xiw*ufoGC58*
      ufoGC107*ufoGC4*ufoGC93
       + 1/4*g_(1,6_,nu10)*FT2(g6)*Vec(nu10,q3)*Vec(nu9,q3)^2*Vec(nu16,-q2)*
      Vec(nu15,q3)*Vecr(nu16,p4)*Vecr(nu15,p4)*Den( - p4 + q2 + q3)^2*Deng(p4,
      xiw,M3)^2*Deng(q2 + q3,xiw,0)*Deng(q2 + q3,xiw,M3)^2*xia*xiw*ufoGC58*
      ufoGC107*ufoGC4*ufoGC93
       - 1/4*g_(1,6_,nu10)*FT2(g6)*Vec(nu10,q3)*Vec(nu9,q3)^2*Vec(nu16,-q2)*
      Vec(nu15,q3)*Vecr(nu16,p4)*Vecr(nu15,p4)*Den( - p4 + q2 + q3)^2*Deng(p4,
      xiw,M3)^2*Deng(q2 + q3,xiw,0)*Deng(q2 + q3,xiw,M3)^2*xiw*ufoGC58*
      ufoGC107*ufoGC4*ufoGC93
       + 1/4*g_(1,6_,nu10)*FT2(g6)*Vec(nu10,q3)*Vec(nu9,q3)^2*Vec(nu16,-q2)*
      Vec(nu15,-p4)*Vecr(nu16,p4)*Vecr(nu15,p4)*Den( - p4 + q2 + q3)^2*Deng(p4
      ,xiw,M3)^2*Deng(q2 + q3,xiw,0)*Deng(q2 + q3,xiw,M3)^2*xia*xiw*ufoGC58*
      ufoGC107*ufoGC4*ufoGC93
       - 1/4*g_(1,6_,nu10)*FT2(g6)*Vec(nu10,q3)*Vec(nu9,q3)^2*Vec(nu16,-q2)*
      Vec(nu15,-p4)*Vecr(nu16,p4)*Vecr(nu15,p4)*Den( - p4 + q2 + q3)^2*Deng(p4
      ,xiw,M3)^2*Deng(q2 + q3,xiw,0)*Deng(q2 + q3,xiw,M3)^2*xiw*ufoGC58*
      ufoGC107*ufoGC4*ufoGC93
       + 1/4*g_(1,6_,nu10)*FT2(g6)*Vec(nu10,q3)*Vec(nu9,q3)^2*Vec(nu16,-q3)*
      Vec(nu15,q2)*Vecr(nu16,p4)*Vecr(nu15,p4)*Den( - p4 + q2 + q3)^2*Deng(p4,
      xiw,M3)^2*Deng(q2 + q3,xiw,0)*Deng(q2 + q3,xiw,M3)^2*xia*xiw*ufoGC58*
      ufoGC107*ufoGC4*ufoGC93
       - 1/4*g_(1,6_,nu10)*FT2(g6)*Vec(nu10,q3)*Vec(nu9,q3)^2*Vec(nu16,-q3)*
      Vec(nu15,q2)*Vecr(nu16,p4)*Vecr(nu15,p4)*Den( - p4 + q2 + q3)^2*Deng(p4,
      xiw,M3)^2*Deng(q2 + q3,xiw,0)*Deng(q2 + q3,xiw,M3)^2*xiw*ufoGC58*
      ufoGC107*ufoGC4*ufoGC93
       + 1/4*g_(1,6_,nu10)*FT2(g6)*Vec(nu10,q3)*Vec(nu9,q3)^2*Vec(nu16,-q3)*
      Vec(nu15,q3)*Vecr(nu16,p4)*Vecr(nu15,p4)*Den( - p4 + q2 + q3)^2*Deng(p4,
      xiw,M3)^2*Deng(q2 + q3,xiw,0)*Deng(q2 + q3,xiw,M3)^2*xia*xiw*ufoGC58*
      ufoGC107*ufoGC4*ufoGC93
       - 1/4*g_(1,6_,nu10)*FT2(g6)*Vec(nu10,q3)*Vec(nu9,q3)^2*Vec(nu16,-q3)*
      Vec(nu15,q3)*Vecr(nu16,p4)*Vecr(nu15,p4)*Den( - p4 + q2 + q3)^2*Deng(p4,
      xiw,M3)^2*Deng(q2 + q3,xiw,0)*Deng(q2 + q3,xiw,M3)^2*xiw*ufoGC58*
      ufoGC107*ufoGC4*ufoGC93
       + 1/4*g_(1,6_,nu10)*FT2(g6)*Vec(nu10,q3)*Vec(nu9,q3)^2*Vec(nu16,-q3)*
      Vec(nu15,-p4)*Vecr(nu16,p4)*Vecr(nu15,p4)*Den( - p4 + q2 + q3)^2*Deng(p4
      ,xiw,M3)^2*Deng(q2 + q3,xiw,0)*Deng(q2 + q3,xiw,M3)^2*xia*xiw*ufoGC58*
      ufoGC107*ufoGC4*ufoGC93
       - 1/4*g_(1,6_,nu10)*FT2(g6)*Vec(nu10,q3)*Vec(nu9,q3)^2*Vec(nu16,-q3)*
      Vec(nu15,-p4)*Vecr(nu16,p4)*Vecr(nu15,p4)*Den( - p4 + q2 + q3)^2*Deng(p4
      ,xiw,M3)^2*Deng(q2 + q3,xiw,0)*Deng(q2 + q3,xiw,M3)^2*xiw*ufoGC58*
      ufoGC107*ufoGC4*ufoGC93
       + 1/4*g_(1,6_,nu10)*FT2(g6)*Vec(nu10,q3)*Vec(nu9,q3)^2*Vec(nu15,q2)*
      Vecr(nu15,p4)*Den( - p4 + q2 + q3)^2*Deng(p4,xiw,M3)^2*Deng(q2 + q3,xiw,
      0)*Deng(q2 + q3,xiw,M3)^2*p4.p4*xia*xiw*ufoGC58*ufoGC107*ufoGC4*ufoGC93
       - 1/4*g_(1,6_,nu10)*FT2(g6)*Vec(nu10,q3)*Vec(nu9,q3)^2*Vec(nu15,q2)*
      Vecr(nu15,p4)*Den( - p4 + q2 + q3)^2*Deng(p4,xiw,M3)^2*Deng(q2 + q3,xiw,
      0)*Deng(q2 + q3,xiw,M3)^2*p4.p4*xiw*ufoGC58*ufoGC107*ufoGC4*ufoGC93
       + 1/4*g_(1,6_,nu10)*FT2(g6)*Vec(nu10,q3)*Vec(nu9,q3)^2*Vec(nu15,q3)*
      Vecr(nu15,p4)*Den( - p4 + q2 + q3)^2*Deng(p4,xiw,M3)^2*Deng(q2 + q3,xiw,
      0)*Deng(q2 + q3,xiw,M3)^2*p4.p4*xia*xiw*ufoGC58*ufoGC107*ufoGC4*ufoGC93
       - 1/4*g_(1,6_,nu10)*FT2(g6)*Vec(nu10,q3)*Vec(nu9,q3)^2*Vec(nu15,q3)*
      Vecr(nu15,p4)*Den( - p4 + q2 + q3)^2*Deng(p4,xiw,M3)^2*Deng(q2 + q3,xiw,
      0)*Deng(q2 + q3,xiw,M3)^2*p4.p4*xiw*ufoGC58*ufoGC107*ufoGC4*ufoGC93
       + 1/4*g_(1,6_,nu10)*FT2(g6)*Vec(nu10,q3)*Vec(nu9,q3)^2*Vec(nu15,-p4)*
      Vecr(nu15,p4)*Den( - p4 + q2 + q3)^2*Deng(p4,xiw,M3)^2*Deng(q2 + q3,xiw,
      0)*Deng(q2 + q3,xiw,M3)^2*p4.p4*xia*xiw*ufoGC58*ufoGC107*ufoGC4*ufoGC93
       - 1/4*g_(1,6_,nu10)*FT2(g6)*Vec(nu10,q3)*Vec(nu9,q3)^2*Vec(nu15,-p4)*
      Vecr(nu15,p4)*Den( - p4 + q2 + q3)^2*Deng(p4,xiw,M3)^2*Deng(q2 + q3,xiw,
      0)*Deng(q2 + q3,xiw,M3)^2*p4.p4*xiw*ufoGC58*ufoGC107*ufoGC4*ufoGC93
       - 1/4*g_(1,6_,nu10)*FT2(g6)*Vec(nu10,q3)*Vec(nu9,q3)*Vec(nu16,q2)*Vec(
      nu15,q2)*Vecr(nu9,p4)*Vecr(nu16,p4)*Vecr(nu15,p4)*Den( - p4 + q2 + q3)^2
      *Deng(p4,xiw,M3)^2*Deng(q2 + q3,xiw,0)*Deng(q2 + q3,xiw,M3)^2*xia*xiw*
      ufoGC58*ufoGC107*ufoGC4*ufoGC93
       + 1/4*g_(1,6_,nu10)*FT2(g6)*Vec(nu10,q3)*Vec(nu9,q3)*Vec(nu16,q2)*Vec(
      nu15,q2)*Vecr(nu9,p4)*Vecr(nu16,p4)*Vecr(nu15,p4)*Den( - p4 + q2 + q3)^2
      *Deng(p4,xiw,M3)^2*Deng(q2 + q3,xiw,0)*Deng(q2 + q3,xiw,M3)^2*xiw*
      ufoGC58*ufoGC107*ufoGC4*ufoGC93
       - 1/4*g_(1,6_,nu10)*FT2(g6)*Vec(nu10,q3)*Vec(nu9,q3)*Vec(nu16,q2)*Vec(
      nu15,q3)*Vecr(nu9,p4)*Vecr(nu16,p4)*Vecr(nu15,p4)*Den( - p4 + q2 + q3)^2
      *Deng(p4,xiw,M3)^2*Deng(q2 + q3,xiw,0)*Deng(q2 + q3,xiw,M3)^2*xia*xiw*
      ufoGC58*ufoGC107*ufoGC4*ufoGC93
       + 1/4*g_(1,6_,nu10)*FT2(g6)*Vec(nu10,q3)*Vec(nu9,q3)*Vec(nu16,q2)*Vec(
      nu15,q3)*Vecr(nu9,p4)*Vecr(nu16,p4)*Vecr(nu15,p4)*Den( - p4 + q2 + q3)^2
      *Deng(p4,xiw,M3)^2*Deng(q2 + q3,xiw,0)*Deng(q2 + q3,xiw,M3)^2*xiw*
      ufoGC58*ufoGC107*ufoGC4*ufoGC93
       - 1/4*g_(1,6_,nu10)*FT2(g6)*Vec(nu10,q3)*Vec(nu9,q3)*Vec(nu16,q2)*Vec(
      nu15,-p4)*Vecr(nu9,p4)*Vecr(nu16,p4)*Vecr(nu15,p4)*Den( - p4 + q2 + q3)^
      2*Deng(p4,xiw,M3)^2*Deng(q2 + q3,xiw,0)*Deng(q2 + q3,xiw,M3)^2*xia*xiw*
      ufoGC58*ufoGC107*ufoGC4*ufoGC93
       + 1/4*g_(1,6_,nu10)*FT2(g6)*Vec(nu10,q3)*Vec(nu9,q3)*Vec(nu16,q2)*Vec(
      nu15,-p4)*Vecr(nu9,p4)*Vecr(nu16,p4)*Vecr(nu15,p4)*Den( - p4 + q2 + q3)^
      2*Deng(p4,xiw,M3)^2*Deng(q2 + q3,xiw,0)*Deng(q2 + q3,xiw,M3)^2*xiw*
      ufoGC58*ufoGC107*ufoGC4*ufoGC93
       - 1/4*g_(1,6_,nu10)*FT2(g6)*Vec(nu10,q3)*Vec(nu9,q3)*Vec(nu16,q3)*Vec(
      nu15,q2)*Vecr(nu9,p4)*Vecr(nu16,p4)*Vecr(nu15,p4)*Den( - p4 + q2 + q3)^2
      *Deng(p4,xiw,M3)^2*Deng(q2 + q3,xiw,0)*Deng(q2 + q3,xiw,M3)^2*xia*xiw*
      ufoGC58*ufoGC107*ufoGC4*ufoGC93
       + 1/4*g_(1,6_,nu10)*FT2(g6)*Vec(nu10,q3)*Vec(nu9,q3)*Vec(nu16,q3)*Vec(
      nu15,q2)*Vecr(nu9,p4)*Vecr(nu16,p4)*Vecr(nu15,p4)*Den( - p4 + q2 + q3)^2
      *Deng(p4,xiw,M3)^2*Deng(q2 + q3,xiw,0)*Deng(q2 + q3,xiw,M3)^2*xiw*
      ufoGC58*ufoGC107*ufoGC4*ufoGC93
       - 1/4*g_(1,6_,nu10)*FT2(g6)*Vec(nu10,q3)*Vec(nu9,q3)*Vec(nu16,q3)*Vec(
      nu15,q3)*Vecr(nu9,p4)*Vecr(nu16,p4)*Vecr(nu15,p4)*Den( - p4 + q2 + q3)^2
      *Deng(p4,xiw,M3)^2*Deng(q2 + q3,xiw,0)*Deng(q2 + q3,xiw,M3)^2*xia*xiw*
      ufoGC58*ufoGC107*ufoGC4*ufoGC93
       + 1/4*g_(1,6_,nu10)*FT2(g6)*Vec(nu10,q3)*Vec(nu9,q3)*Vec(nu16,q3)*Vec(
      nu15,q3)*Vecr(nu9,p4)*Vecr(nu16,p4)*Vecr(nu15,p4)*Den( - p4 + q2 + q3)^2
      *Deng(p4,xiw,M3)^2*Deng(q2 + q3,xiw,0)*Deng(q2 + q3,xiw,M3)^2*xiw*
      ufoGC58*ufoGC107*ufoGC4*ufoGC93
       - 1/4*g_(1,6_,nu10)*FT2(g6)*Vec(nu10,q3)*Vec(nu9,q3)*Vec(nu16,q3)*Vec(
      nu15,-p4)*Vecr(nu9,p4)*Vecr(nu16,p4)*Vecr(nu15,p4)*Den( - p4 + q2 + q3)^
      2*Deng(p4,xiw,M3)^2*Deng(q2 + q3,xiw,0)*Deng(q2 + q3,xiw,M3)^2*xia*xiw*
      ufoGC58*ufoGC107*ufoGC4*ufoGC93
       + 1/4*g_(1,6_,nu10)*FT2(g6)*Vec(nu10,q3)*Vec(nu9,q3)*Vec(nu16,q3)*Vec(
      nu15,-p4)*Vecr(nu9,p4)*Vecr(nu16,p4)*Vecr(nu15,p4)*Den( - p4 + q2 + q3)^
      2*Deng(p4,xiw,M3)^2*Deng(q2 + q3,xiw,0)*Deng(q2 + q3,xiw,M3)^2*xiw*
      ufoGC58*ufoGC107*ufoGC4*ufoGC93
       - 1/4*g_(1,6_,nu10)*FT2(g6)*Vec(nu10,q3)*Vec(nu9,q3)*Vec(nu16,-p4)*Vec(
      nu15,q2)*Vecr(nu9,p4)*Vecr(nu16,p4)*Vecr(nu15,p4)*Den( - p4 + q2 + q3)^2
      *Deng(p4,xiw,M3)^2*Deng(q2 + q3,xiw,0)*Deng(q2 + q3,xiw,M3)^2*xia*xiw*
      ufoGC58*ufoGC107*ufoGC4*ufoGC93
       + 1/4*g_(1,6_,nu10)*FT2(g6)*Vec(nu10,q3)*Vec(nu9,q3)*Vec(nu16,-p4)*Vec(
      nu15,q2)*Vecr(nu9,p4)*Vecr(nu16,p4)*Vecr(nu15,p4)*Den( - p4 + q2 + q3)^2
      *Deng(p4,xiw,M3)^2*Deng(q2 + q3,xiw,0)*Deng(q2 + q3,xiw,M3)^2*xiw*
      ufoGC58*ufoGC107*ufoGC4*ufoGC93
       - 1/4*g_(1,6_,nu10)*FT2(g6)*Vec(nu10,q3)*Vec(nu9,q3)*Vec(nu16,-p4)*Vec(
      nu15,q3)*Vecr(nu9,p4)*Vecr(nu16,p4)*Vecr(nu15,p4)*Den( - p4 + q2 + q3)^2
      *Deng(p4,xiw,M3)^2*Deng(q2 + q3,xiw,0)*Deng(q2 + q3,xiw,M3)^2*xia*xiw*
      ufoGC58*ufoGC107*ufoGC4*ufoGC93
       + 1/4*g_(1,6_,nu10)*FT2(g6)*Vec(nu10,q3)*Vec(nu9,q3)*Vec(nu16,-p4)*Vec(
      nu15,q3)*Vecr(nu9,p4)*Vecr(nu16,p4)*Vecr(nu15,p4)*Den( - p4 + q2 + q3)^2
      *Deng(p4,xiw,M3)^2*Deng(q2 + q3,xiw,0)*Deng(q2 + q3,xiw,M3)^2*xiw*
      ufoGC58*ufoGC107*ufoGC4*ufoGC93
       - 1/4*g_(1,6_,nu10)*FT2(g6)*Vec(nu10,q3)*Vec(nu9,q3)*Vec(nu16,-p4)*Vec(
      nu15,-p4)*Vecr(nu9,p4)*Vecr(nu16,p4)*Vecr(nu15,p4)*Den( - p4 + q2 + q3)^
      2*Deng(p4,xiw,M3)^2*Deng(q2 + q3,xiw,0)*Deng(q2 + q3,xiw,M3)^2*xia*xiw*
      ufoGC58*ufoGC107*ufoGC4*ufoGC93
       + 1/4*g_(1,6_,nu10)*FT2(g6)*Vec(nu10,q3)*Vec(nu9,q3)*Vec(nu16,-p4)*Vec(
      nu15,-p4)*Vecr(nu9,p4)*Vecr(nu16,p4)*Vecr(nu15,p4)*Den( - p4 + q2 + q3)^
      2*Deng(p4,xiw,M3)^2*Deng(q2 + q3,xiw,0)*Deng(q2 + q3,xiw,M3)^2*xiw*
      ufoGC58*ufoGC107*ufoGC4*ufoGC93
       - 1/4*g_(1,6_,nu10)*FT2(g6)*Vec(nu10,q3)*Vec(nu9,q3)*Vecr(nu9,p4)*Den(
       - p4 + q2 + q3)*Deng(p4,xiw,M3)^2*Deng(q2 + q3,xiw,0)*Deng(q2 + q3,xiw,
      M3)^2*p4.p4*xiw*ufoGC58*ufoGC107*ufoGC4*ufoGC93
       + 1/4*g_(1,6_,nu10)*FT2(g6)*Vec(nu10,q3)*Vec(nu9,-p4)*Vec(nu9,q2)*Vec(
      nu16,-p4)*Vec(nu15,q2)*Vecr(nu16,p4)*Vecr(nu15,p4)*Den( - p4 + q2 + q3)^
      2*Deng(p4,xiw,M3)^2*Deng(q2 + q3,xiw,0)*Deng(q2 + q3,xiw,M3)^2*xia*xiw*
      ufoGC58*ufoGC107*ufoGC4*ufoGC93
       - 1/4*g_(1,6_,nu10)*FT2(g6)*Vec(nu10,q3)*Vec(nu9,-p4)*Vec(nu9,q2)*Vec(
      nu16,-p4)*Vec(nu15,q2)*Vecr(nu16,p4)*Vecr(nu15,p4)*Den( - p4 + q2 + q3)^
      2*Deng(p4,xiw,M3)^2*Deng(q2 + q3,xiw,0)*Deng(q2 + q3,xiw,M3)^2*xiw*
      ufoGC58*ufoGC107*ufoGC4*ufoGC93
       + 1/4*g_(1,6_,nu10)*FT2(g6)*Vec(nu10,q3)*Vec(nu9,-p4)*Vec(nu9,q2)*Vec(
      nu16,-p4)*Vec(nu15,q3)*Vecr(nu16,p4)*Vecr(nu15,p4)*Den( - p4 + q2 + q3)^
      2*Deng(p4,xiw,M3)^2*Deng(q2 + q3,xiw,0)*Deng(q2 + q3,xiw,M3)^2*xia*xiw*
      ufoGC58*ufoGC107*ufoGC4*ufoGC93
       - 1/4*g_(1,6_,nu10)*FT2(g6)*Vec(nu10,q3)*Vec(nu9,-p4)*Vec(nu9,q2)*Vec(
      nu16,-p4)*Vec(nu15,q3)*Vecr(nu16,p4)*Vecr(nu15,p4)*Den( - p4 + q2 + q3)^
      2*Deng(p4,xiw,M3)^2*Deng(q2 + q3,xiw,0)*Deng(q2 + q3,xiw,M3)^2*xiw*
      ufoGC58*ufoGC107*ufoGC4*ufoGC93
       + 1/4*g_(1,6_,nu10)*FT2(g6)*Vec(nu10,q3)*Vec(nu9,-p4)*Vec(nu9,q2)*Vec(
      nu16,-p4)*Vec(nu15,-p4)*Vecr(nu16,p4)*Vecr(nu15,p4)*Den( - p4 + q2 + q3)
      ^2*Deng(p4,xiw,M3)^2*Deng(q2 + q3,xiw,0)*Deng(q2 + q3,xiw,M3)^2*xia*xiw*
      ufoGC58*ufoGC107*ufoGC4*ufoGC93
       - 1/4*g_(1,6_,nu10)*FT2(g6)*Vec(nu10,q3)*Vec(nu9,-p4)*Vec(nu9,q2)*Vec(
      nu16,-p4)*Vec(nu15,-p4)*Vecr(nu16,p4)*Vecr(nu15,p4)*Den( - p4 + q2 + q3)
      ^2*Deng(p4,xiw,M3)^2*Deng(q2 + q3,xiw,0)*Deng(q2 + q3,xiw,M3)^2*xiw*
      ufoGC58*ufoGC107*ufoGC4*ufoGC93
       + 1/4*g_(1,6_,nu10)*FT2(g6)*Vec(nu10,q3)*Vec(nu9,-p4)*Vec(nu9,q2)*Vec(
      nu16,-q2)*Vec(nu15,q2)*Vecr(nu16,p4)*Vecr(nu15,p4)*Den( - p4 + q2 + q3)^
      2*Deng(p4,xiw,M3)^2*Deng(q2 + q3,xiw,0)*Deng(q2 + q3,xiw,M3)^2*xia*xiw*
      ufoGC58*ufoGC107*ufoGC4*ufoGC93
       - 1/4*g_(1,6_,nu10)*FT2(g6)*Vec(nu10,q3)*Vec(nu9,-p4)*Vec(nu9,q2)*Vec(
      nu16,-q2)*Vec(nu15,q2)*Vecr(nu16,p4)*Vecr(nu15,p4)*Den( - p4 + q2 + q3)^
      2*Deng(p4,xiw,M3)^2*Deng(q2 + q3,xiw,0)*Deng(q2 + q3,xiw,M3)^2*xiw*
      ufoGC58*ufoGC107*ufoGC4*ufoGC93
       + 1/4*g_(1,6_,nu10)*FT2(g6)*Vec(nu10,q3)*Vec(nu9,-p4)*Vec(nu9,q2)*Vec(
      nu16,-q2)*Vec(nu15,q3)*Vecr(nu16,p4)*Vecr(nu15,p4)*Den( - p4 + q2 + q3)^
      2*Deng(p4,xiw,M3)^2*Deng(q2 + q3,xiw,0)*Deng(q2 + q3,xiw,M3)^2*xia*xiw*
      ufoGC58*ufoGC107*ufoGC4*ufoGC93
       - 1/4*g_(1,6_,nu10)*FT2(g6)*Vec(nu10,q3)*Vec(nu9,-p4)*Vec(nu9,q2)*Vec(
      nu16,-q2)*Vec(nu15,q3)*Vecr(nu16,p4)*Vecr(nu15,p4)*Den( - p4 + q2 + q3)^
      2*Deng(p4,xiw,M3)^2*Deng(q2 + q3,xiw,0)*Deng(q2 + q3,xiw,M3)^2*xiw*
      ufoGC58*ufoGC107*ufoGC4*ufoGC93
       + 1/4*g_(1,6_,nu10)*FT2(g6)*Vec(nu10,q3)*Vec(nu9,-p4)*Vec(nu9,q2)*Vec(
      nu16,-q2)*Vec(nu15,-p4)*Vecr(nu16,p4)*Vecr(nu15,p4)*Den( - p4 + q2 + q3)
      ^2*Deng(p4,xiw,M3)^2*Deng(q2 + q3,xiw,0)*Deng(q2 + q3,xiw,M3)^2*xia*xiw*
      ufoGC58*ufoGC107*ufoGC4*ufoGC93
       - 1/4*g_(1,6_,nu10)*FT2(g6)*Vec(nu10,q3)*Vec(nu9,-p4)*Vec(nu9,q2)*Vec(
      nu16,-q2)*Vec(nu15,-p4)*Vecr(nu16,p4)*Vecr(nu15,p4)*Den( - p4 + q2 + q3)
      ^2*Deng(p4,xiw,M3)^2*Deng(q2 + q3,xiw,0)*Deng(q2 + q3,xiw,M3)^2*xiw*
      ufoGC58*ufoGC107*ufoGC4*ufoGC93
       + 1/4*g_(1,6_,nu10)*FT2(g6)*Vec(nu10,q3)*Vec(nu9,-p4)*Vec(nu9,q2)*Vec(
      nu16,-q3)*Vec(nu15,q2)*Vecr(nu16,p4)*Vecr(nu15,p4)*Den( - p4 + q2 + q3)^
      2*Deng(p4,xiw,M3)^2*Deng(q2 + q3,xiw,0)*Deng(q2 + q3,xiw,M3)^2*xia*xiw*
      ufoGC58*ufoGC107*ufoGC4*ufoGC93
       - 1/4*g_(1,6_,nu10)*FT2(g6)*Vec(nu10,q3)*Vec(nu9,-p4)*Vec(nu9,q2)*Vec(
      nu16,-q3)*Vec(nu15,q2)*Vecr(nu16,p4)*Vecr(nu15,p4)*Den( - p4 + q2 + q3)^
      2*Deng(p4,xiw,M3)^2*Deng(q2 + q3,xiw,0)*Deng(q2 + q3,xiw,M3)^2*xiw*
      ufoGC58*ufoGC107*ufoGC4*ufoGC93
       + 1/4*g_(1,6_,nu10)*FT2(g6)*Vec(nu10,q3)*Vec(nu9,-p4)*Vec(nu9,q2)*Vec(
      nu16,-q3)*Vec(nu15,q3)*Vecr(nu16,p4)*Vecr(nu15,p4)*Den( - p4 + q2 + q3)^
      2*Deng(p4,xiw,M3)^2*Deng(q2 + q3,xiw,0)*Deng(q2 + q3,xiw,M3)^2*xia*xiw*
      ufoGC58*ufoGC107*ufoGC4*ufoGC93
       - 1/4*g_(1,6_,nu10)*FT2(g6)*Vec(nu10,q3)*Vec(nu9,-p4)*Vec(nu9,q2)*Vec(
      nu16,-q3)*Vec(nu15,q3)*Vecr(nu16,p4)*Vecr(nu15,p4)*Den( - p4 + q2 + q3)^
      2*Deng(p4,xiw,M3)^2*Deng(q2 + q3,xiw,0)*Deng(q2 + q3,xiw,M3)^2*xiw*
      ufoGC58*ufoGC107*ufoGC4*ufoGC93
       + 1/4*g_(1,6_,nu10)*FT2(g6)*Vec(nu10,q3)*Vec(nu9,-p4)*Vec(nu9,q2)*Vec(
      nu16,-q3)*Vec(nu15,-p4)*Vecr(nu16,p4)*Vecr(nu15,p4)*Den( - p4 + q2 + q3)
      ^2*Deng(p4,xiw,M3)^2*Deng(q2 + q3,xiw,0)*Deng(q2 + q3,xiw,M3)^2*xia*xiw*
      ufoGC58*ufoGC107*ufoGC4*ufoGC93
       - 1/4*g_(1,6_,nu10)*FT2(g6)*Vec(nu10,q3)*Vec(nu9,-p4)*Vec(nu9,q2)*Vec(
      nu16,-q3)*Vec(nu15,-p4)*Vecr(nu16,p4)*Vecr(nu15,p4)*Den( - p4 + q2 + q3)
      ^2*Deng(p4,xiw,M3)^2*Deng(q2 + q3,xiw,0)*Deng(q2 + q3,xiw,M3)^2*xiw*
      ufoGC58*ufoGC107*ufoGC4*ufoGC93
       + 1/4*g_(1,6_,nu10)*FT2(g6)*Vec(nu10,q3)*Vec(nu9,-p4)*Vec(nu9,q2)*Vec(
      nu15,q2)*Vecr(nu15,p4)*Den( - p4 + q2 + q3)^2*Deng(p4,xiw,M3)^2*Deng(q2
       + q3,xiw,0)*Deng(q2 + q3,xiw,M3)^2*p4.p4*xia*xiw*ufoGC58*ufoGC107*
      ufoGC4*ufoGC93
       - 1/4*g_(1,6_,nu10)*FT2(g6)*Vec(nu10,q3)*Vec(nu9,-p4)*Vec(nu9,q2)*Vec(
      nu15,q2)*Vecr(nu15,p4)*Den( - p4 + q2 + q3)^2*Deng(p4,xiw,M3)^2*Deng(q2
       + q3,xiw,0)*Deng(q2 + q3,xiw,M3)^2*p4.p4*xiw*ufoGC58*ufoGC107*ufoGC4*
      ufoGC93
       + 1/4*g_(1,6_,nu10)*FT2(g6)*Vec(nu10,q3)*Vec(nu9,-p4)*Vec(nu9,q2)*Vec(
      nu15,q3)*Vecr(nu15,p4)*Den( - p4 + q2 + q3)^2*Deng(p4,xiw,M3)^2*Deng(q2
       + q3,xiw,0)*Deng(q2 + q3,xiw,M3)^2*p4.p4*xia*xiw*ufoGC58*ufoGC107*
      ufoGC4*ufoGC93
       - 1/4*g_(1,6_,nu10)*FT2(g6)*Vec(nu10,q3)*Vec(nu9,-p4)*Vec(nu9,q2)*Vec(
      nu15,q3)*Vecr(nu15,p4)*Den( - p4 + q2 + q3)^2*Deng(p4,xiw,M3)^2*Deng(q2
       + q3,xiw,0)*Deng(q2 + q3,xiw,M3)^2*p4.p4*xiw*ufoGC58*ufoGC107*ufoGC4*
      ufoGC93
       + 1/4*g_(1,6_,nu10)*FT2(g6)*Vec(nu10,q3)*Vec(nu9,-p4)*Vec(nu9,q2)*Vec(
      nu15,-p4)*Vecr(nu15,p4)*Den( - p4 + q2 + q3)^2*Deng(p4,xiw,M3)^2*Deng(q2
       + q3,xiw,0)*Deng(q2 + q3,xiw,M3)^2*p4.p4*xia*xiw*ufoGC58*ufoGC107*
      ufoGC4*ufoGC93
       - 1/4*g_(1,6_,nu10)*FT2(g6)*Vec(nu10,q3)*Vec(nu9,-p4)*Vec(nu9,q2)*Vec(
      nu15,-p4)*Vecr(nu15,p4)*Den( - p4 + q2 + q3)^2*Deng(p4,xiw,M3)^2*Deng(q2
       + q3,xiw,0)*Deng(q2 + q3,xiw,M3)^2*p4.p4*xiw*ufoGC58*ufoGC107*ufoGC4*
      ufoGC93
       + 1/4*g_(1,6_,nu10)*FT2(g6)*Vec(nu10,q3)*Vec(nu9,-p4)*Vec(nu9,q2)*Den(
       - p4 + q2 + q3)*Deng(p4,xiw,M3)^2*Deng(q2 + q3,xiw,0)*Deng(q2 + q3,xiw,
      M3)^2*p4.p4*xiw*ufoGC58*ufoGC107*ufoGC4*ufoGC93
       + 1/4*g_(1,6_,nu10)*FT2(g6)*Vec(nu10,q3)*Vec(nu9,-p4)*Vec(nu9,q3)*Vec(
      nu16,-p4)*Vec(nu15,q2)*Vecr(nu16,p4)*Vecr(nu15,p4)*Den( - p4 + q2 + q3)^
      2*Deng(p4,xiw,M3)^2*Deng(q2 + q3,xiw,0)*Deng(q2 + q3,xiw,M3)^2*xia*xiw*
      ufoGC58*ufoGC107*ufoGC4*ufoGC93
       - 1/4*g_(1,6_,nu10)*FT2(g6)*Vec(nu10,q3)*Vec(nu9,-p4)*Vec(nu9,q3)*Vec(
      nu16,-p4)*Vec(nu15,q2)*Vecr(nu16,p4)*Vecr(nu15,p4)*Den( - p4 + q2 + q3)^
      2*Deng(p4,xiw,M3)^2*Deng(q2 + q3,xiw,0)*Deng(q2 + q3,xiw,M3)^2*xiw*
      ufoGC58*ufoGC107*ufoGC4*ufoGC93
       + 1/4*g_(1,6_,nu10)*FT2(g6)*Vec(nu10,q3)*Vec(nu9,-p4)*Vec(nu9,q3)*Vec(
      nu16,-p4)*Vec(nu15,q3)*Vecr(nu16,p4)*Vecr(nu15,p4)*Den( - p4 + q2 + q3)^
      2*Deng(p4,xiw,M3)^2*Deng(q2 + q3,xiw,0)*Deng(q2 + q3,xiw,M3)^2*xia*xiw*
      ufoGC58*ufoGC107*ufoGC4*ufoGC93
       - 1/4*g_(1,6_,nu10)*FT2(g6)*Vec(nu10,q3)*Vec(nu9,-p4)*Vec(nu9,q3)*Vec(
      nu16,-p4)*Vec(nu15,q3)*Vecr(nu16,p4)*Vecr(nu15,p4)*Den( - p4 + q2 + q3)^
      2*Deng(p4,xiw,M3)^2*Deng(q2 + q3,xiw,0)*Deng(q2 + q3,xiw,M3)^2*xiw*
      ufoGC58*ufoGC107*ufoGC4*ufoGC93
       + 1/4*g_(1,6_,nu10)*FT2(g6)*Vec(nu10,q3)*Vec(nu9,-p4)*Vec(nu9,q3)*Vec(
      nu16,-p4)*Vec(nu15,-p4)*Vecr(nu16,p4)*Vecr(nu15,p4)*Den( - p4 + q2 + q3)
      ^2*Deng(p4,xiw,M3)^2*Deng(q2 + q3,xiw,0)*Deng(q2 + q3,xiw,M3)^2*xia*xiw*
      ufoGC58*ufoGC107*ufoGC4*ufoGC93
       - 1/4*g_(1,6_,nu10)*FT2(g6)*Vec(nu10,q3)*Vec(nu9,-p4)*Vec(nu9,q3)*Vec(
      nu16,-p4)*Vec(nu15,-p4)*Vecr(nu16,p4)*Vecr(nu15,p4)*Den( - p4 + q2 + q3)
      ^2*Deng(p4,xiw,M3)^2*Deng(q2 + q3,xiw,0)*Deng(q2 + q3,xiw,M3)^2*xiw*
      ufoGC58*ufoGC107*ufoGC4*ufoGC93
       + 1/4*g_(1,6_,nu10)*FT2(g6)*Vec(nu10,q3)*Vec(nu9,-p4)*Vec(nu9,q3)*Vec(
      nu16,-q2)*Vec(nu15,q2)*Vecr(nu16,p4)*Vecr(nu15,p4)*Den( - p4 + q2 + q3)^
      2*Deng(p4,xiw,M3)^2*Deng(q2 + q3,xiw,0)*Deng(q2 + q3,xiw,M3)^2*xia*xiw*
      ufoGC58*ufoGC107*ufoGC4*ufoGC93
       - 1/4*g_(1,6_,nu10)*FT2(g6)*Vec(nu10,q3)*Vec(nu9,-p4)*Vec(nu9,q3)*Vec(
      nu16,-q2)*Vec(nu15,q2)*Vecr(nu16,p4)*Vecr(nu15,p4)*Den( - p4 + q2 + q3)^
      2*Deng(p4,xiw,M3)^2*Deng(q2 + q3,xiw,0)*Deng(q2 + q3,xiw,M3)^2*xiw*
      ufoGC58*ufoGC107*ufoGC4*ufoGC93
       + 1/4*g_(1,6_,nu10)*FT2(g6)*Vec(nu10,q3)*Vec(nu9,-p4)*Vec(nu9,q3)*Vec(
      nu16,-q2)*Vec(nu15,q3)*Vecr(nu16,p4)*Vecr(nu15,p4)*Den( - p4 + q2 + q3)^
      2*Deng(p4,xiw,M3)^2*Deng(q2 + q3,xiw,0)*Deng(q2 + q3,xiw,M3)^2*xia*xiw*
      ufoGC58*ufoGC107*ufoGC4*ufoGC93
       - 1/4*g_(1,6_,nu10)*FT2(g6)*Vec(nu10,q3)*Vec(nu9,-p4)*Vec(nu9,q3)*Vec(
      nu16,-q2)*Vec(nu15,q3)*Vecr(nu16,p4)*Vecr(nu15,p4)*Den( - p4 + q2 + q3)^
      2*Deng(p4,xiw,M3)^2*Deng(q2 + q3,xiw,0)*Deng(q2 + q3,xiw,M3)^2*xiw*
      ufoGC58*ufoGC107*ufoGC4*ufoGC93
       + 1/4*g_(1,6_,nu10)*FT2(g6)*Vec(nu10,q3)*Vec(nu9,-p4)*Vec(nu9,q3)*Vec(
      nu16,-q2)*Vec(nu15,-p4)*Vecr(nu16,p4)*Vecr(nu15,p4)*Den( - p4 + q2 + q3)
      ^2*Deng(p4,xiw,M3)^2*Deng(q2 + q3,xiw,0)*Deng(q2 + q3,xiw,M3)^2*xia*xiw*
      ufoGC58*ufoGC107*ufoGC4*ufoGC93
       - 1/4*g_(1,6_,nu10)*FT2(g6)*Vec(nu10,q3)*Vec(nu9,-p4)*Vec(nu9,q3)*Vec(
      nu16,-q2)*Vec(nu15,-p4)*Vecr(nu16,p4)*Vecr(nu15,p4)*Den( - p4 + q2 + q3)
      ^2*Deng(p4,xiw,M3)^2*Deng(q2 + q3,xiw,0)*Deng(q2 + q3,xiw,M3)^2*xiw*
      ufoGC58*ufoGC107*ufoGC4*ufoGC93
       + 1/4*g_(1,6_,nu10)*FT2(g6)*Vec(nu10,q3)*Vec(nu9,-p4)*Vec(nu9,q3)*Vec(
      nu16,-q3)*Vec(nu15,q2)*Vecr(nu16,p4)*Vecr(nu15,p4)*Den( - p4 + q2 + q3)^
      2*Deng(p4,xiw,M3)^2*Deng(q2 + q3,xiw,0)*Deng(q2 + q3,xiw,M3)^2*xia*xiw*
      ufoGC58*ufoGC107*ufoGC4*ufoGC93
       - 1/4*g_(1,6_,nu10)*FT2(g6)*Vec(nu10,q3)*Vec(nu9,-p4)*Vec(nu9,q3)*Vec(
      nu16,-q3)*Vec(nu15,q2)*Vecr(nu16,p4)*Vecr(nu15,p4)*Den( - p4 + q2 + q3)^
      2*Deng(p4,xiw,M3)^2*Deng(q2 + q3,xiw,0)*Deng(q2 + q3,xiw,M3)^2*xiw*
      ufoGC58*ufoGC107*ufoGC4*ufoGC93
       + 1/4*g_(1,6_,nu10)*FT2(g6)*Vec(nu10,q3)*Vec(nu9,-p4)*Vec(nu9,q3)*Vec(
      nu16,-q3)*Vec(nu15,q3)*Vecr(nu16,p4)*Vecr(nu15,p4)*Den( - p4 + q2 + q3)^
      2*Deng(p4,xiw,M3)^2*Deng(q2 + q3,xiw,0)*Deng(q2 + q3,xiw,M3)^2*xia*xiw*
      ufoGC58*ufoGC107*ufoGC4*ufoGC93
       - 1/4*g_(1,6_,nu10)*FT2(g6)*Vec(nu10,q3)*Vec(nu9,-p4)*Vec(nu9,q3)*Vec(
      nu16,-q3)*Vec(nu15,q3)*Vecr(nu16,p4)*Vecr(nu15,p4)*Den( - p4 + q2 + q3)^
      2*Deng(p4,xiw,M3)^2*Deng(q2 + q3,xiw,0)*Deng(q2 + q3,xiw,M3)^2*xiw*
      ufoGC58*ufoGC107*ufoGC4*ufoGC93
       + 1/4*g_(1,6_,nu10)*FT2(g6)*Vec(nu10,q3)*Vec(nu9,-p4)*Vec(nu9,q3)*Vec(
      nu16,-q3)*Vec(nu15,-p4)*Vecr(nu16,p4)*Vecr(nu15,p4)*Den( - p4 + q2 + q3)
      ^2*Deng(p4,xiw,M3)^2*Deng(q2 + q3,xiw,0)*Deng(q2 + q3,xiw,M3)^2*xia*xiw*
      ufoGC58*ufoGC107*ufoGC4*ufoGC93
       - 1/4*g_(1,6_,nu10)*FT2(g6)*Vec(nu10,q3)*Vec(nu9,-p4)*Vec(nu9,q3)*Vec(
      nu16,-q3)*Vec(nu15,-p4)*Vecr(nu16,p4)*Vecr(nu15,p4)*Den( - p4 + q2 + q3)
      ^2*Deng(p4,xiw,M3)^2*Deng(q2 + q3,xiw,0)*Deng(q2 + q3,xiw,M3)^2*xiw*
      ufoGC58*ufoGC107*ufoGC4*ufoGC93
       + 1/4*g_(1,6_,nu10)*FT2(g6)*Vec(nu10,q3)*Vec(nu9,-p4)*Vec(nu9,q3)*Vec(
      nu15,q2)*Vecr(nu15,p4)*Den( - p4 + q2 + q3)^2*Deng(p4,xiw,M3)^2*Deng(q2
       + q3,xiw,0)*Deng(q2 + q3,xiw,M3)^2*p4.p4*xia*xiw*ufoGC58*ufoGC107*
      ufoGC4*ufoGC93
       - 1/4*g_(1,6_,nu10)*FT2(g6)*Vec(nu10,q3)*Vec(nu9,-p4)*Vec(nu9,q3)*Vec(
      nu15,q2)*Vecr(nu15,p4)*Den( - p4 + q2 + q3)^2*Deng(p4,xiw,M3)^2*Deng(q2
       + q3,xiw,0)*Deng(q2 + q3,xiw,M3)^2*p4.p4*xiw*ufoGC58*ufoGC107*ufoGC4*
      ufoGC93
       + 1/4*g_(1,6_,nu10)*FT2(g6)*Vec(nu10,q3)*Vec(nu9,-p4)*Vec(nu9,q3)*Vec(
      nu15,q3)*Vecr(nu15,p4)*Den( - p4 + q2 + q3)^2*Deng(p4,xiw,M3)^2*Deng(q2
       + q3,xiw,0)*Deng(q2 + q3,xiw,M3)^2*p4.p4*xia*xiw*ufoGC58*ufoGC107*
      ufoGC4*ufoGC93
       - 1/4*g_(1,6_,nu10)*FT2(g6)*Vec(nu10,q3)*Vec(nu9,-p4)*Vec(nu9,q3)*Vec(
      nu15,q3)*Vecr(nu15,p4)*Den( - p4 + q2 + q3)^2*Deng(p4,xiw,M3)^2*Deng(q2
       + q3,xiw,0)*Deng(q2 + q3,xiw,M3)^2*p4.p4*xiw*ufoGC58*ufoGC107*ufoGC4*
      ufoGC93
       + 1/4*g_(1,6_,nu10)*FT2(g6)*Vec(nu10,q3)*Vec(nu9,-p4)*Vec(nu9,q3)*Vec(
      nu15,-p4)*Vecr(nu15,p4)*Den( - p4 + q2 + q3)^2*Deng(p4,xiw,M3)^2*Deng(q2
       + q3,xiw,0)*Deng(q2 + q3,xiw,M3)^2*p4.p4*xia*xiw*ufoGC58*ufoGC107*
      ufoGC4*ufoGC93
       - 1/4*g_(1,6_,nu10)*FT2(g6)*Vec(nu10,q3)*Vec(nu9,-p4)*Vec(nu9,q3)*Vec(
      nu15,-p4)*Vecr(nu15,p4)*Den( - p4 + q2 + q3)^2*Deng(p4,xiw,M3)^2*Deng(q2
       + q3,xiw,0)*Deng(q2 + q3,xiw,M3)^2*p4.p4*xiw*ufoGC58*ufoGC107*ufoGC4*
      ufoGC93
       + 1/4*g_(1,6_,nu10)*FT2(g6)*Vec(nu10,q3)*Vec(nu9,-p4)*Vec(nu9,q3)*Den(
       - p4 + q2 + q3)*Deng(p4,xiw,M3)^2*Deng(q2 + q3,xiw,0)*Deng(q2 + q3,xiw,
      M3)^2*p4.p4*xiw*ufoGC58*ufoGC107*ufoGC4*ufoGC93
       - 1/4*g_(1,6_,nu10)*FT2(g6)*Vec(nu10,q3)*Vec(nu9,-q2)*Vec(nu9,q2)*Vec(
      nu16,q2)*Vec(nu15,q2)*Vecr(nu16,p4)*Vecr(nu15,p4)*Den( - p4 + q2 + q3)^2
      *Deng(p4,xiw,M3)^2*Deng(q2 + q3,xiw,0)*Deng(q2 + q3,xiw,M3)^2*xia*xiw*
      ufoGC58*ufoGC107*ufoGC4*ufoGC93
       + 1/4*g_(1,6_,nu10)*FT2(g6)*Vec(nu10,q3)*Vec(nu9,-q2)*Vec(nu9,q2)*Vec(
      nu16,q2)*Vec(nu15,q2)*Vecr(nu16,p4)*Vecr(nu15,p4)*Den( - p4 + q2 + q3)^2
      *Deng(p4,xiw,M3)^2*Deng(q2 + q3,xiw,0)*Deng(q2 + q3,xiw,M3)^2*xiw*
      ufoGC58*ufoGC107*ufoGC4*ufoGC93
       - 1/4*g_(1,6_,nu10)*FT2(g6)*Vec(nu10,q3)*Vec(nu9,-q2)*Vec(nu9,q2)*Vec(
      nu16,q2)*Vec(nu15,q3)*Vecr(nu16,p4)*Vecr(nu15,p4)*Den( - p4 + q2 + q3)^2
      *Deng(p4,xiw,M3)^2*Deng(q2 + q3,xiw,0)*Deng(q2 + q3,xiw,M3)^2*xia*xiw*
      ufoGC58*ufoGC107*ufoGC4*ufoGC93
       + 1/4*g_(1,6_,nu10)*FT2(g6)*Vec(nu10,q3)*Vec(nu9,-q2)*Vec(nu9,q2)*Vec(
      nu16,q2)*Vec(nu15,q3)*Vecr(nu16,p4)*Vecr(nu15,p4)*Den( - p4 + q2 + q3)^2
      *Deng(p4,xiw,M3)^2*Deng(q2 + q3,xiw,0)*Deng(q2 + q3,xiw,M3)^2*xiw*
      ufoGC58*ufoGC107*ufoGC4*ufoGC93
       - 1/4*g_(1,6_,nu10)*FT2(g6)*Vec(nu10,q3)*Vec(nu9,-q2)*Vec(nu9,q2)*Vec(
      nu16,q2)*Vec(nu15,-p4)*Vecr(nu16,p4)*Vecr(nu15,p4)*Den( - p4 + q2 + q3)^
      2*Deng(p4,xiw,M3)^2*Deng(q2 + q3,xiw,0)*Deng(q2 + q3,xiw,M3)^2*xia*xiw*
      ufoGC58*ufoGC107*ufoGC4*ufoGC93
       + 1/4*g_(1,6_,nu10)*FT2(g6)*Vec(nu10,q3)*Vec(nu9,-q2)*Vec(nu9,q2)*Vec(
      nu16,q2)*Vec(nu15,-p4)*Vecr(nu16,p4)*Vecr(nu15,p4)*Den( - p4 + q2 + q3)^
      2*Deng(p4,xiw,M3)^2*Deng(q2 + q3,xiw,0)*Deng(q2 + q3,xiw,M3)^2*xiw*
      ufoGC58*ufoGC107*ufoGC4*ufoGC93
       - 1/4*g_(1,6_,nu10)*FT2(g6)*Vec(nu10,q3)*Vec(nu9,-q2)*Vec(nu9,q2)*Vec(
      nu16,q3)*Vec(nu15,q2)*Vecr(nu16,p4)*Vecr(nu15,p4)*Den( - p4 + q2 + q3)^2
      *Deng(p4,xiw,M3)^2*Deng(q2 + q3,xiw,0)*Deng(q2 + q3,xiw,M3)^2*xia*xiw*
      ufoGC58*ufoGC107*ufoGC4*ufoGC93
       + 1/4*g_(1,6_,nu10)*FT2(g6)*Vec(nu10,q3)*Vec(nu9,-q2)*Vec(nu9,q2)*Vec(
      nu16,q3)*Vec(nu15,q2)*Vecr(nu16,p4)*Vecr(nu15,p4)*Den( - p4 + q2 + q3)^2
      *Deng(p4,xiw,M3)^2*Deng(q2 + q3,xiw,0)*Deng(q2 + q3,xiw,M3)^2*xiw*
      ufoGC58*ufoGC107*ufoGC4*ufoGC93
       - 1/4*g_(1,6_,nu10)*FT2(g6)*Vec(nu10,q3)*Vec(nu9,-q2)*Vec(nu9,q2)*Vec(
      nu16,q3)*Vec(nu15,q3)*Vecr(nu16,p4)*Vecr(nu15,p4)*Den( - p4 + q2 + q3)^2
      *Deng(p4,xiw,M3)^2*Deng(q2 + q3,xiw,0)*Deng(q2 + q3,xiw,M3)^2*xia*xiw*
      ufoGC58*ufoGC107*ufoGC4*ufoGC93
       + 1/4*g_(1,6_,nu10)*FT2(g6)*Vec(nu10,q3)*Vec(nu9,-q2)*Vec(nu9,q2)*Vec(
      nu16,q3)*Vec(nu15,q3)*Vecr(nu16,p4)*Vecr(nu15,p4)*Den( - p4 + q2 + q3)^2
      *Deng(p4,xiw,M3)^2*Deng(q2 + q3,xiw,0)*Deng(q2 + q3,xiw,M3)^2*xiw*
      ufoGC58*ufoGC107*ufoGC4*ufoGC93
       - 1/4*g_(1,6_,nu10)*FT2(g6)*Vec(nu10,q3)*Vec(nu9,-q2)*Vec(nu9,q2)*Vec(
      nu16,q3)*Vec(nu15,-p4)*Vecr(nu16,p4)*Vecr(nu15,p4)*Den( - p4 + q2 + q3)^
      2*Deng(p4,xiw,M3)^2*Deng(q2 + q3,xiw,0)*Deng(q2 + q3,xiw,M3)^2*xia*xiw*
      ufoGC58*ufoGC107*ufoGC4*ufoGC93
       + 1/4*g_(1,6_,nu10)*FT2(g6)*Vec(nu10,q3)*Vec(nu9,-q2)*Vec(nu9,q2)*Vec(
      nu16,q3)*Vec(nu15,-p4)*Vecr(nu16,p4)*Vecr(nu15,p4)*Den( - p4 + q2 + q3)^
      2*Deng(p4,xiw,M3)^2*Deng(q2 + q3,xiw,0)*Deng(q2 + q3,xiw,M3)^2*xiw*
      ufoGC58*ufoGC107*ufoGC4*ufoGC93
       - 1/4*g_(1,6_,nu10)*FT2(g6)*Vec(nu10,q3)*Vec(nu9,-q2)*Vec(nu9,q2)*Vec(
      nu16,-p4)*Vec(nu15,q2)*Vecr(nu16,p4)*Vecr(nu15,p4)*Den( - p4 + q2 + q3)^
      2*Deng(p4,xiw,M3)^2*Deng(q2 + q3,xiw,0)*Deng(q2 + q3,xiw,M3)^2*xia*xiw*
      ufoGC58*ufoGC107*ufoGC4*ufoGC93
       + 1/4*g_(1,6_,nu10)*FT2(g6)*Vec(nu10,q3)*Vec(nu9,-q2)*Vec(nu9,q2)*Vec(
      nu16,-p4)*Vec(nu15,q2)*Vecr(nu16,p4)*Vecr(nu15,p4)*Den( - p4 + q2 + q3)^
      2*Deng(p4,xiw,M3)^2*Deng(q2 + q3,xiw,0)*Deng(q2 + q3,xiw,M3)^2*xiw*
      ufoGC58*ufoGC107*ufoGC4*ufoGC93
       - 1/4*g_(1,6_,nu10)*FT2(g6)*Vec(nu10,q3)*Vec(nu9,-q2)*Vec(nu9,q2)*Vec(
      nu16,-p4)*Vec(nu15,q3)*Vecr(nu16,p4)*Vecr(nu15,p4)*Den( - p4 + q2 + q3)^
      2*Deng(p4,xiw,M3)^2*Deng(q2 + q3,xiw,0)*Deng(q2 + q3,xiw,M3)^2*xia*xiw*
      ufoGC58*ufoGC107*ufoGC4*ufoGC93
       + 1/4*g_(1,6_,nu10)*FT2(g6)*Vec(nu10,q3)*Vec(nu9,-q2)*Vec(nu9,q2)*Vec(
      nu16,-p4)*Vec(nu15,q3)*Vecr(nu16,p4)*Vecr(nu15,p4)*Den( - p4 + q2 + q3)^
      2*Deng(p4,xiw,M3)^2*Deng(q2 + q3,xiw,0)*Deng(q2 + q3,xiw,M3)^2*xiw*
      ufoGC58*ufoGC107*ufoGC4*ufoGC93
       - 1/4*g_(1,6_,nu10)*FT2(g6)*Vec(nu10,q3)*Vec(nu9,-q2)*Vec(nu9,q2)*Vec(
      nu16,-p4)*Vec(nu15,-p4)*Vecr(nu16,p4)*Vecr(nu15,p4)*Den( - p4 + q2 + q3)
      ^2*Deng(p4,xiw,M3)^2*Deng(q2 + q3,xiw,0)*Deng(q2 + q3,xiw,M3)^2*xia*xiw*
      ufoGC58*ufoGC107*ufoGC4*ufoGC93
       + 1/4*g_(1,6_,nu10)*FT2(g6)*Vec(nu10,q3)*Vec(nu9,-q2)*Vec(nu9,q2)*Vec(
      nu16,-p4)*Vec(nu15,-p4)*Vecr(nu16,p4)*Vecr(nu15,p4)*Den( - p4 + q2 + q3)
      ^2*Deng(p4,xiw,M3)^2*Deng(q2 + q3,xiw,0)*Deng(q2 + q3,xiw,M3)^2*xiw*
      ufoGC58*ufoGC107*ufoGC4*ufoGC93
       - 1/4*g_(1,6_,nu10)*FT2(g6)*Vec(nu10,q3)*Vec(nu9,-q2)*Vec(nu9,q2)*Den(
       - p4 + q2 + q3)*Deng(p4,xiw,M3)^2*Deng(q2 + q3,xiw,0)*Deng(q2 + q3,xiw,
      M3)^2*p4.p4*xiw*ufoGC58*ufoGC107*ufoGC4*ufoGC93
       - 1/4*g_(1,6_,nu10)*FT2(g6)*Vec(nu10,q3)*Vec(nu9,-q2)*Vec(nu9,q3)*Vec(
      nu16,q2)*Vec(nu15,q2)*Vecr(nu16,p4)*Vecr(nu15,p4)*Den( - p4 + q2 + q3)^2
      *Deng(p4,xiw,M3)^2*Deng(q2 + q3,xiw,0)*Deng(q2 + q3,xiw,M3)^2*xia*xiw*
      ufoGC58*ufoGC107*ufoGC4*ufoGC93
       + 1/4*g_(1,6_,nu10)*FT2(g6)*Vec(nu10,q3)*Vec(nu9,-q2)*Vec(nu9,q3)*Vec(
      nu16,q2)*Vec(nu15,q2)*Vecr(nu16,p4)*Vecr(nu15,p4)*Den( - p4 + q2 + q3)^2
      *Deng(p4,xiw,M3)^2*Deng(q2 + q3,xiw,0)*Deng(q2 + q3,xiw,M3)^2*xiw*
      ufoGC58*ufoGC107*ufoGC4*ufoGC93
       - 1/4*g_(1,6_,nu10)*FT2(g6)*Vec(nu10,q3)*Vec(nu9,-q2)*Vec(nu9,q3)*Vec(
      nu16,q2)*Vec(nu15,q3)*Vecr(nu16,p4)*Vecr(nu15,p4)*Den( - p4 + q2 + q3)^2
      *Deng(p4,xiw,M3)^2*Deng(q2 + q3,xiw,0)*Deng(q2 + q3,xiw,M3)^2*xia*xiw*
      ufoGC58*ufoGC107*ufoGC4*ufoGC93
       + 1/4*g_(1,6_,nu10)*FT2(g6)*Vec(nu10,q3)*Vec(nu9,-q2)*Vec(nu9,q3)*Vec(
      nu16,q2)*Vec(nu15,q3)*Vecr(nu16,p4)*Vecr(nu15,p4)*Den( - p4 + q2 + q3)^2
      *Deng(p4,xiw,M3)^2*Deng(q2 + q3,xiw,0)*Deng(q2 + q3,xiw,M3)^2*xiw*
      ufoGC58*ufoGC107*ufoGC4*ufoGC93
       - 1/4*g_(1,6_,nu10)*FT2(g6)*Vec(nu10,q3)*Vec(nu9,-q2)*Vec(nu9,q3)*Vec(
      nu16,q2)*Vec(nu15,-p4)*Vecr(nu16,p4)*Vecr(nu15,p4)*Den( - p4 + q2 + q3)^
      2*Deng(p4,xiw,M3)^2*Deng(q2 + q3,xiw,0)*Deng(q2 + q3,xiw,M3)^2*xia*xiw*
      ufoGC58*ufoGC107*ufoGC4*ufoGC93
       + 1/4*g_(1,6_,nu10)*FT2(g6)*Vec(nu10,q3)*Vec(nu9,-q2)*Vec(nu9,q3)*Vec(
      nu16,q2)*Vec(nu15,-p4)*Vecr(nu16,p4)*Vecr(nu15,p4)*Den( - p4 + q2 + q3)^
      2*Deng(p4,xiw,M3)^2*Deng(q2 + q3,xiw,0)*Deng(q2 + q3,xiw,M3)^2*xiw*
      ufoGC58*ufoGC107*ufoGC4*ufoGC93
       - 1/4*g_(1,6_,nu10)*FT2(g6)*Vec(nu10,q3)*Vec(nu9,-q2)*Vec(nu9,q3)*Vec(
      nu16,q3)*Vec(nu15,q2)*Vecr(nu16,p4)*Vecr(nu15,p4)*Den( - p4 + q2 + q3)^2
      *Deng(p4,xiw,M3)^2*Deng(q2 + q3,xiw,0)*Deng(q2 + q3,xiw,M3)^2*xia*xiw*
      ufoGC58*ufoGC107*ufoGC4*ufoGC93
       + 1/4*g_(1,6_,nu10)*FT2(g6)*Vec(nu10,q3)*Vec(nu9,-q2)*Vec(nu9,q3)*Vec(
      nu16,q3)*Vec(nu15,q2)*Vecr(nu16,p4)*Vecr(nu15,p4)*Den( - p4 + q2 + q3)^2
      *Deng(p4,xiw,M3)^2*Deng(q2 + q3,xiw,0)*Deng(q2 + q3,xiw,M3)^2*xiw*
      ufoGC58*ufoGC107*ufoGC4*ufoGC93
       - 1/4*g_(1,6_,nu10)*FT2(g6)*Vec(nu10,q3)*Vec(nu9,-q2)*Vec(nu9,q3)*Vec(
      nu16,q3)*Vec(nu15,q3)*Vecr(nu16,p4)*Vecr(nu15,p4)*Den( - p4 + q2 + q3)^2
      *Deng(p4,xiw,M3)^2*Deng(q2 + q3,xiw,0)*Deng(q2 + q3,xiw,M3)^2*xia*xiw*
      ufoGC58*ufoGC107*ufoGC4*ufoGC93
       + 1/4*g_(1,6_,nu10)*FT2(g6)*Vec(nu10,q3)*Vec(nu9,-q2)*Vec(nu9,q3)*Vec(
      nu16,q3)*Vec(nu15,q3)*Vecr(nu16,p4)*Vecr(nu15,p4)*Den( - p4 + q2 + q3)^2
      *Deng(p4,xiw,M3)^2*Deng(q2 + q3,xiw,0)*Deng(q2 + q3,xiw,M3)^2*xiw*
      ufoGC58*ufoGC107*ufoGC4*ufoGC93
       - 1/4*g_(1,6_,nu10)*FT2(g6)*Vec(nu10,q3)*Vec(nu9,-q2)*Vec(nu9,q3)*Vec(
      nu16,q3)*Vec(nu15,-p4)*Vecr(nu16,p4)*Vecr(nu15,p4)*Den( - p4 + q2 + q3)^
      2*Deng(p4,xiw,M3)^2*Deng(q2 + q3,xiw,0)*Deng(q2 + q3,xiw,M3)^2*xia*xiw*
      ufoGC58*ufoGC107*ufoGC4*ufoGC93
       + 1/4*g_(1,6_,nu10)*FT2(g6)*Vec(nu10,q3)*Vec(nu9,-q2)*Vec(nu9,q3)*Vec(
      nu16,q3)*Vec(nu15,-p4)*Vecr(nu16,p4)*Vecr(nu15,p4)*Den( - p4 + q2 + q3)^
      2*Deng(p4,xiw,M3)^2*Deng(q2 + q3,xiw,0)*Deng(q2 + q3,xiw,M3)^2*xiw*
      ufoGC58*ufoGC107*ufoGC4*ufoGC93
       - 1/4*g_(1,6_,nu10)*FT2(g6)*Vec(nu10,q3)*Vec(nu9,-q2)*Vec(nu9,q3)*Vec(
      nu16,-p4)*Vec(nu15,q2)*Vecr(nu16,p4)*Vecr(nu15,p4)*Den( - p4 + q2 + q3)^
      2*Deng(p4,xiw,M3)^2*Deng(q2 + q3,xiw,0)*Deng(q2 + q3,xiw,M3)^2*xia*xiw*
      ufoGC58*ufoGC107*ufoGC4*ufoGC93
       + 1/4*g_(1,6_,nu10)*FT2(g6)*Vec(nu10,q3)*Vec(nu9,-q2)*Vec(nu9,q3)*Vec(
      nu16,-p4)*Vec(nu15,q2)*Vecr(nu16,p4)*Vecr(nu15,p4)*Den( - p4 + q2 + q3)^
      2*Deng(p4,xiw,M3)^2*Deng(q2 + q3,xiw,0)*Deng(q2 + q3,xiw,M3)^2*xiw*
      ufoGC58*ufoGC107*ufoGC4*ufoGC93
       - 1/4*g_(1,6_,nu10)*FT2(g6)*Vec(nu10,q3)*Vec(nu9,-q2)*Vec(nu9,q3)*Vec(
      nu16,-p4)*Vec(nu15,q3)*Vecr(nu16,p4)*Vecr(nu15,p4)*Den( - p4 + q2 + q3)^
      2*Deng(p4,xiw,M3)^2*Deng(q2 + q3,xiw,0)*Deng(q2 + q3,xiw,M3)^2*xia*xiw*
      ufoGC58*ufoGC107*ufoGC4*ufoGC93
       + 1/4*g_(1,6_,nu10)*FT2(g6)*Vec(nu10,q3)*Vec(nu9,-q2)*Vec(nu9,q3)*Vec(
      nu16,-p4)*Vec(nu15,q3)*Vecr(nu16,p4)*Vecr(nu15,p4)*Den( - p4 + q2 + q3)^
      2*Deng(p4,xiw,M3)^2*Deng(q2 + q3,xiw,0)*Deng(q2 + q3,xiw,M3)^2*xiw*
      ufoGC58*ufoGC107*ufoGC4*ufoGC93
       - 1/4*g_(1,6_,nu10)*FT2(g6)*Vec(nu10,q3)*Vec(nu9,-q2)*Vec(nu9,q3)*Vec(
      nu16,-p4)*Vec(nu15,-p4)*Vecr(nu16,p4)*Vecr(nu15,p4)*Den( - p4 + q2 + q3)
      ^2*Deng(p4,xiw,M3)^2*Deng(q2 + q3,xiw,0)*Deng(q2 + q3,xiw,M3)^2*xia*xiw*
      ufoGC58*ufoGC107*ufoGC4*ufoGC93
       + 1/4*g_(1,6_,nu10)*FT2(g6)*Vec(nu10,q3)*Vec(nu9,-q2)*Vec(nu9,q3)*Vec(
      nu16,-p4)*Vec(nu15,-p4)*Vecr(nu16,p4)*Vecr(nu15,p4)*Den( - p4 + q2 + q3)
      ^2*Deng(p4,xiw,M3)^2*Deng(q2 + q3,xiw,0)*Deng(q2 + q3,xiw,M3)^2*xiw*
      ufoGC58*ufoGC107*ufoGC4*ufoGC93
       - 1/4*g_(1,6_,nu10)*FT2(g6)*Vec(nu10,q3)*Vec(nu9,-q2)*Vec(nu9,q3)*Den(
       - p4 + q2 + q3)*Deng(p4,xiw,M3)^2*Deng(q2 + q3,xiw,0)*Deng(q2 + q3,xiw,
      M3)^2*p4.p4*xiw*ufoGC58*ufoGC107*ufoGC4*ufoGC93
       - 1/4*g_(1,6_,nu10)*FT2(g6)*Vec(nu10,q3)*Vec(nu9,-q3)*Vec(nu9,q2)*Vec(
      nu16,q2)*Vec(nu15,q2)*Vecr(nu16,p4)*Vecr(nu15,p4)*Den( - p4 + q2 + q3)^2
      *Deng(p4,xiw,M3)^2*Deng(q2 + q3,xiw,0)*Deng(q2 + q3,xiw,M3)^2*xia*xiw*
      ufoGC58*ufoGC107*ufoGC4*ufoGC93
       + 1/4*g_(1,6_,nu10)*FT2(g6)*Vec(nu10,q3)*Vec(nu9,-q3)*Vec(nu9,q2)*Vec(
      nu16,q2)*Vec(nu15,q2)*Vecr(nu16,p4)*Vecr(nu15,p4)*Den( - p4 + q2 + q3)^2
      *Deng(p4,xiw,M3)^2*Deng(q2 + q3,xiw,0)*Deng(q2 + q3,xiw,M3)^2*xiw*
      ufoGC58*ufoGC107*ufoGC4*ufoGC93
       - 1/4*g_(1,6_,nu10)*FT2(g6)*Vec(nu10,q3)*Vec(nu9,-q3)*Vec(nu9,q2)*Vec(
      nu16,q2)*Vec(nu15,q3)*Vecr(nu16,p4)*Vecr(nu15,p4)*Den( - p4 + q2 + q3)^2
      *Deng(p4,xiw,M3)^2*Deng(q2 + q3,xiw,0)*Deng(q2 + q3,xiw,M3)^2*xia*xiw*
      ufoGC58*ufoGC107*ufoGC4*ufoGC93
       + 1/4*g_(1,6_,nu10)*FT2(g6)*Vec(nu10,q3)*Vec(nu9,-q3)*Vec(nu9,q2)*Vec(
      nu16,q2)*Vec(nu15,q3)*Vecr(nu16,p4)*Vecr(nu15,p4)*Den( - p4 + q2 + q3)^2
      *Deng(p4,xiw,M3)^2*Deng(q2 + q3,xiw,0)*Deng(q2 + q3,xiw,M3)^2*xiw*
      ufoGC58*ufoGC107*ufoGC4*ufoGC93
       - 1/4*g_(1,6_,nu10)*FT2(g6)*Vec(nu10,q3)*Vec(nu9,-q3)*Vec(nu9,q2)*Vec(
      nu16,q2)*Vec(nu15,-p4)*Vecr(nu16,p4)*Vecr(nu15,p4)*Den( - p4 + q2 + q3)^
      2*Deng(p4,xiw,M3)^2*Deng(q2 + q3,xiw,0)*Deng(q2 + q3,xiw,M3)^2*xia*xiw*
      ufoGC58*ufoGC107*ufoGC4*ufoGC93
       + 1/4*g_(1,6_,nu10)*FT2(g6)*Vec(nu10,q3)*Vec(nu9,-q3)*Vec(nu9,q2)*Vec(
      nu16,q2)*Vec(nu15,-p4)*Vecr(nu16,p4)*Vecr(nu15,p4)*Den( - p4 + q2 + q3)^
      2*Deng(p4,xiw,M3)^2*Deng(q2 + q3,xiw,0)*Deng(q2 + q3,xiw,M3)^2*xiw*
      ufoGC58*ufoGC107*ufoGC4*ufoGC93
       - 1/4*g_(1,6_,nu10)*FT2(g6)*Vec(nu10,q3)*Vec(nu9,-q3)*Vec(nu9,q2)*Vec(
      nu16,q3)*Vec(nu15,q2)*Vecr(nu16,p4)*Vecr(nu15,p4)*Den( - p4 + q2 + q3)^2
      *Deng(p4,xiw,M3)^2*Deng(q2 + q3,xiw,0)*Deng(q2 + q3,xiw,M3)^2*xia*xiw*
      ufoGC58*ufoGC107*ufoGC4*ufoGC93
       + 1/4*g_(1,6_,nu10)*FT2(g6)*Vec(nu10,q3)*Vec(nu9,-q3)*Vec(nu9,q2)*Vec(
      nu16,q3)*Vec(nu15,q2)*Vecr(nu16,p4)*Vecr(nu15,p4)*Den( - p4 + q2 + q3)^2
      *Deng(p4,xiw,M3)^2*Deng(q2 + q3,xiw,0)*Deng(q2 + q3,xiw,M3)^2*xiw*
      ufoGC58*ufoGC107*ufoGC4*ufoGC93
       - 1/4*g_(1,6_,nu10)*FT2(g6)*Vec(nu10,q3)*Vec(nu9,-q3)*Vec(nu9,q2)*Vec(
      nu16,q3)*Vec(nu15,q3)*Vecr(nu16,p4)*Vecr(nu15,p4)*Den( - p4 + q2 + q3)^2
      *Deng(p4,xiw,M3)^2*Deng(q2 + q3,xiw,0)*Deng(q2 + q3,xiw,M3)^2*xia*xiw*
      ufoGC58*ufoGC107*ufoGC4*ufoGC93
       + 1/4*g_(1,6_,nu10)*FT2(g6)*Vec(nu10,q3)*Vec(nu9,-q3)*Vec(nu9,q2)*Vec(
      nu16,q3)*Vec(nu15,q3)*Vecr(nu16,p4)*Vecr(nu15,p4)*Den( - p4 + q2 + q3)^2
      *Deng(p4,xiw,M3)^2*Deng(q2 + q3,xiw,0)*Deng(q2 + q3,xiw,M3)^2*xiw*
      ufoGC58*ufoGC107*ufoGC4*ufoGC93
       - 1/4*g_(1,6_,nu10)*FT2(g6)*Vec(nu10,q3)*Vec(nu9,-q3)*Vec(nu9,q2)*Vec(
      nu16,q3)*Vec(nu15,-p4)*Vecr(nu16,p4)*Vecr(nu15,p4)*Den( - p4 + q2 + q3)^
      2*Deng(p4,xiw,M3)^2*Deng(q2 + q3,xiw,0)*Deng(q2 + q3,xiw,M3)^2*xia*xiw*
      ufoGC58*ufoGC107*ufoGC4*ufoGC93
       + 1/4*g_(1,6_,nu10)*FT2(g6)*Vec(nu10,q3)*Vec(nu9,-q3)*Vec(nu9,q2)*Vec(
      nu16,q3)*Vec(nu15,-p4)*Vecr(nu16,p4)*Vecr(nu15,p4)*Den( - p4 + q2 + q3)^
      2*Deng(p4,xiw,M3)^2*Deng(q2 + q3,xiw,0)*Deng(q2 + q3,xiw,M3)^2*xiw*
      ufoGC58*ufoGC107*ufoGC4*ufoGC93
       - 1/4*g_(1,6_,nu10)*FT2(g6)*Vec(nu10,q3)*Vec(nu9,-q3)*Vec(nu9,q2)*Vec(
      nu16,-p4)*Vec(nu15,q2)*Vecr(nu16,p4)*Vecr(nu15,p4)*Den( - p4 + q2 + q3)^
      2*Deng(p4,xiw,M3)^2*Deng(q2 + q3,xiw,0)*Deng(q2 + q3,xiw,M3)^2*xia*xiw*
      ufoGC58*ufoGC107*ufoGC4*ufoGC93
       + 1/4*g_(1,6_,nu10)*FT2(g6)*Vec(nu10,q3)*Vec(nu9,-q3)*Vec(nu9,q2)*Vec(
      nu16,-p4)*Vec(nu15,q2)*Vecr(nu16,p4)*Vecr(nu15,p4)*Den( - p4 + q2 + q3)^
      2*Deng(p4,xiw,M3)^2*Deng(q2 + q3,xiw,0)*Deng(q2 + q3,xiw,M3)^2*xiw*
      ufoGC58*ufoGC107*ufoGC4*ufoGC93
       - 1/4*g_(1,6_,nu10)*FT2(g6)*Vec(nu10,q3)*Vec(nu9,-q3)*Vec(nu9,q2)*Vec(
      nu16,-p4)*Vec(nu15,q3)*Vecr(nu16,p4)*Vecr(nu15,p4)*Den( - p4 + q2 + q3)^
      2*Deng(p4,xiw,M3)^2*Deng(q2 + q3,xiw,0)*Deng(q2 + q3,xiw,M3)^2*xia*xiw*
      ufoGC58*ufoGC107*ufoGC4*ufoGC93
       + 1/4*g_(1,6_,nu10)*FT2(g6)*Vec(nu10,q3)*Vec(nu9,-q3)*Vec(nu9,q2)*Vec(
      nu16,-p4)*Vec(nu15,q3)*Vecr(nu16,p4)*Vecr(nu15,p4)*Den( - p4 + q2 + q3)^
      2*Deng(p4,xiw,M3)^2*Deng(q2 + q3,xiw,0)*Deng(q2 + q3,xiw,M3)^2*xiw*
      ufoGC58*ufoGC107*ufoGC4*ufoGC93
       - 1/4*g_(1,6_,nu10)*FT2(g6)*Vec(nu10,q3)*Vec(nu9,-q3)*Vec(nu9,q2)*Vec(
      nu16,-p4)*Vec(nu15,-p4)*Vecr(nu16,p4)*Vecr(nu15,p4)*Den( - p4 + q2 + q3)
      ^2*Deng(p4,xiw,M3)^2*Deng(q2 + q3,xiw,0)*Deng(q2 + q3,xiw,M3)^2*xia*xiw*
      ufoGC58*ufoGC107*ufoGC4*ufoGC93
       + 1/4*g_(1,6_,nu10)*FT2(g6)*Vec(nu10,q3)*Vec(nu9,-q3)*Vec(nu9,q2)*Vec(
      nu16,-p4)*Vec(nu15,-p4)*Vecr(nu16,p4)*Vecr(nu15,p4)*Den( - p4 + q2 + q3)
      ^2*Deng(p4,xiw,M3)^2*Deng(q2 + q3,xiw,0)*Deng(q2 + q3,xiw,M3)^2*xiw*
      ufoGC58*ufoGC107*ufoGC4*ufoGC93
       - 1/4*g_(1,6_,nu10)*FT2(g6)*Vec(nu10,q3)*Vec(nu9,-q3)*Vec(nu9,q2)*Den(
       - p4 + q2 + q3)*Deng(p4,xiw,M3)^2*Deng(q2 + q3,xiw,0)*Deng(q2 + q3,xiw,
      M3)^2*p4.p4*xiw*ufoGC58*ufoGC107*ufoGC4*ufoGC93
       - 1/4*g_(1,6_,nu10)*FT2(g6)*Vec(nu10,q3)*Vec(nu9,-q3)*Vec(nu9,q3)*Vec(
      nu16,q2)*Vec(nu15,q2)*Vecr(nu16,p4)*Vecr(nu15,p4)*Den( - p4 + q2 + q3)^2
      *Deng(p4,xiw,M3)^2*Deng(q2 + q3,xiw,0)*Deng(q2 + q3,xiw,M3)^2*xia*xiw*
      ufoGC58*ufoGC107*ufoGC4*ufoGC93
       + 1/4*g_(1,6_,nu10)*FT2(g6)*Vec(nu10,q3)*Vec(nu9,-q3)*Vec(nu9,q3)*Vec(
      nu16,q2)*Vec(nu15,q2)*Vecr(nu16,p4)*Vecr(nu15,p4)*Den( - p4 + q2 + q3)^2
      *Deng(p4,xiw,M3)^2*Deng(q2 + q3,xiw,0)*Deng(q2 + q3,xiw,M3)^2*xiw*
      ufoGC58*ufoGC107*ufoGC4*ufoGC93
       - 1/4*g_(1,6_,nu10)*FT2(g6)*Vec(nu10,q3)*Vec(nu9,-q3)*Vec(nu9,q3)*Vec(
      nu16,q2)*Vec(nu15,q3)*Vecr(nu16,p4)*Vecr(nu15,p4)*Den( - p4 + q2 + q3)^2
      *Deng(p4,xiw,M3)^2*Deng(q2 + q3,xiw,0)*Deng(q2 + q3,xiw,M3)^2*xia*xiw*
      ufoGC58*ufoGC107*ufoGC4*ufoGC93
       + 1/4*g_(1,6_,nu10)*FT2(g6)*Vec(nu10,q3)*Vec(nu9,-q3)*Vec(nu9,q3)*Vec(
      nu16,q2)*Vec(nu15,q3)*Vecr(nu16,p4)*Vecr(nu15,p4)*Den( - p4 + q2 + q3)^2
      *Deng(p4,xiw,M3)^2*Deng(q2 + q3,xiw,0)*Deng(q2 + q3,xiw,M3)^2*xiw*
      ufoGC58*ufoGC107*ufoGC4*ufoGC93
       - 1/4*g_(1,6_,nu10)*FT2(g6)*Vec(nu10,q3)*Vec(nu9,-q3)*Vec(nu9,q3)*Vec(
      nu16,q2)*Vec(nu15,-p4)*Vecr(nu16,p4)*Vecr(nu15,p4)*Den( - p4 + q2 + q3)^
      2*Deng(p4,xiw,M3)^2*Deng(q2 + q3,xiw,0)*Deng(q2 + q3,xiw,M3)^2*xia*xiw*
      ufoGC58*ufoGC107*ufoGC4*ufoGC93
       + 1/4*g_(1,6_,nu10)*FT2(g6)*Vec(nu10,q3)*Vec(nu9,-q3)*Vec(nu9,q3)*Vec(
      nu16,q2)*Vec(nu15,-p4)*Vecr(nu16,p4)*Vecr(nu15,p4)*Den( - p4 + q2 + q3)^
      2*Deng(p4,xiw,M3)^2*Deng(q2 + q3,xiw,0)*Deng(q2 + q3,xiw,M3)^2*xiw*
      ufoGC58*ufoGC107*ufoGC4*ufoGC93
       - 1/4*g_(1,6_,nu10)*FT2(g6)*Vec(nu10,q3)*Vec(nu9,-q3)*Vec(nu9,q3)*Vec(
      nu16,q3)*Vec(nu15,q2)*Vecr(nu16,p4)*Vecr(nu15,p4)*Den( - p4 + q2 + q3)^2
      *Deng(p4,xiw,M3)^2*Deng(q2 + q3,xiw,0)*Deng(q2 + q3,xiw,M3)^2*xia*xiw*
      ufoGC58*ufoGC107*ufoGC4*ufoGC93
       + 1/4*g_(1,6_,nu10)*FT2(g6)*Vec(nu10,q3)*Vec(nu9,-q3)*Vec(nu9,q3)*Vec(
      nu16,q3)*Vec(nu15,q2)*Vecr(nu16,p4)*Vecr(nu15,p4)*Den( - p4 + q2 + q3)^2
      *Deng(p4,xiw,M3)^2*Deng(q2 + q3,xiw,0)*Deng(q2 + q3,xiw,M3)^2*xiw*
      ufoGC58*ufoGC107*ufoGC4*ufoGC93
       - 1/4*g_(1,6_,nu10)*FT2(g6)*Vec(nu10,q3)*Vec(nu9,-q3)*Vec(nu9,q3)*Vec(
      nu16,q3)*Vec(nu15,q3)*Vecr(nu16,p4)*Vecr(nu15,p4)*Den( - p4 + q2 + q3)^2
      *Deng(p4,xiw,M3)^2*Deng(q2 + q3,xiw,0)*Deng(q2 + q3,xiw,M3)^2*xia*xiw*
      ufoGC58*ufoGC107*ufoGC4*ufoGC93
       + 1/4*g_(1,6_,nu10)*FT2(g6)*Vec(nu10,q3)*Vec(nu9,-q3)*Vec(nu9,q3)*Vec(
      nu16,q3)*Vec(nu15,q3)*Vecr(nu16,p4)*Vecr(nu15,p4)*Den( - p4 + q2 + q3)^2
      *Deng(p4,xiw,M3)^2*Deng(q2 + q3,xiw,0)*Deng(q2 + q3,xiw,M3)^2*xiw*
      ufoGC58*ufoGC107*ufoGC4*ufoGC93
       - 1/4*g_(1,6_,nu10)*FT2(g6)*Vec(nu10,q3)*Vec(nu9,-q3)*Vec(nu9,q3)*Vec(
      nu16,q3)*Vec(nu15,-p4)*Vecr(nu16,p4)*Vecr(nu15,p4)*Den( - p4 + q2 + q3)^
      2*Deng(p4,xiw,M3)^2*Deng(q2 + q3,xiw,0)*Deng(q2 + q3,xiw,M3)^2*xia*xiw*
      ufoGC58*ufoGC107*ufoGC4*ufoGC93
       + 1/4*g_(1,6_,nu10)*FT2(g6)*Vec(nu10,q3)*Vec(nu9,-q3)*Vec(nu9,q3)*Vec(
      nu16,q3)*Vec(nu15,-p4)*Vecr(nu16,p4)*Vecr(nu15,p4)*Den( - p4 + q2 + q3)^
      2*Deng(p4,xiw,M3)^2*Deng(q2 + q3,xiw,0)*Deng(q2 + q3,xiw,M3)^2*xiw*
      ufoGC58*ufoGC107*ufoGC4*ufoGC93
       - 1/4*g_(1,6_,nu10)*FT2(g6)*Vec(nu10,q3)*Vec(nu9,-q3)*Vec(nu9,q3)*Vec(
      nu16,-p4)*Vec(nu15,q2)*Vecr(nu16,p4)*Vecr(nu15,p4)*Den( - p4 + q2 + q3)^
      2*Deng(p4,xiw,M3)^2*Deng(q2 + q3,xiw,0)*Deng(q2 + q3,xiw,M3)^2*xia*xiw*
      ufoGC58*ufoGC107*ufoGC4*ufoGC93
       + 1/4*g_(1,6_,nu10)*FT2(g6)*Vec(nu10,q3)*Vec(nu9,-q3)*Vec(nu9,q3)*Vec(
      nu16,-p4)*Vec(nu15,q2)*Vecr(nu16,p4)*Vecr(nu15,p4)*Den( - p4 + q2 + q3)^
      2*Deng(p4,xiw,M3)^2*Deng(q2 + q3,xiw,0)*Deng(q2 + q3,xiw,M3)^2*xiw*
      ufoGC58*ufoGC107*ufoGC4*ufoGC93
       - 1/4*g_(1,6_,nu10)*FT2(g6)*Vec(nu10,q3)*Vec(nu9,-q3)*Vec(nu9,q3)*Vec(
      nu16,-p4)*Vec(nu15,q3)*Vecr(nu16,p4)*Vecr(nu15,p4)*Den( - p4 + q2 + q3)^
      2*Deng(p4,xiw,M3)^2*Deng(q2 + q3,xiw,0)*Deng(q2 + q3,xiw,M3)^2*xia*xiw*
      ufoGC58*ufoGC107*ufoGC4*ufoGC93
       + 1/4*g_(1,6_,nu10)*FT2(g6)*Vec(nu10,q3)*Vec(nu9,-q3)*Vec(nu9,q3)*Vec(
      nu16,-p4)*Vec(nu15,q3)*Vecr(nu16,p4)*Vecr(nu15,p4)*Den( - p4 + q2 + q3)^
      2*Deng(p4,xiw,M3)^2*Deng(q2 + q3,xiw,0)*Deng(q2 + q3,xiw,M3)^2*xiw*
      ufoGC58*ufoGC107*ufoGC4*ufoGC93
       - 1/4*g_(1,6_,nu10)*FT2(g6)*Vec(nu10,q3)*Vec(nu9,-q3)*Vec(nu9,q3)*Vec(
      nu16,-p4)*Vec(nu15,-p4)*Vecr(nu16,p4)*Vecr(nu15,p4)*Den( - p4 + q2 + q3)
      ^2*Deng(p4,xiw,M3)^2*Deng(q2 + q3,xiw,0)*Deng(q2 + q3,xiw,M3)^2*xia*xiw*
      ufoGC58*ufoGC107*ufoGC4*ufoGC93
       + 1/4*g_(1,6_,nu10)*FT2(g6)*Vec(nu10,q3)*Vec(nu9,-q3)*Vec(nu9,q3)*Vec(
      nu16,-p4)*Vec(nu15,-p4)*Vecr(nu16,p4)*Vecr(nu15,p4)*Den( - p4 + q2 + q3)
      ^2*Deng(p4,xiw,M3)^2*Deng(q2 + q3,xiw,0)*Deng(q2 + q3,xiw,M3)^2*xiw*
      ufoGC58*ufoGC107*ufoGC4*ufoGC93
       - 1/4*g_(1,6_,nu10)*FT2(g6)*Vec(nu10,q3)*Vec(nu9,-q3)*Vec(nu9,q3)*Den(
       - p4 + q2 + q3)*Deng(p4,xiw,M3)^2*Deng(q2 + q3,xiw,0)*Deng(q2 + q3,xiw,
      M3)^2*p4.p4*xiw*ufoGC58*ufoGC107*ufoGC4*ufoGC93
       + 1/4*g_(1,6_,nu10)*FT2(g6)*Vec(nu10,q3)*Vec(nu14,q2)^2*Vec(nu16,q2)*
      Vec(nu15,q2)*Vecr(nu16,p4)*Vecr(nu15,p4)*Den( - p4 + q2 + q3)^2*Deng(p4,
      xiw,M3)^2*Deng(q2 + q3,xiw,0)*Deng(q2 + q3,xiw,M3)^2*xia*xiw*ufoGC58*
      ufoGC107*ufoGC4*ufoGC93
       - 1/4*g_(1,6_,nu10)*FT2(g6)*Vec(nu10,q3)*Vec(nu14,q2)^2*Vec(nu16,q2)*
      Vec(nu15,q2)*Vecr(nu16,p4)*Vecr(nu15,p4)*Den( - p4 + q2 + q3)^2*Deng(p4,
      xiw,M3)^2*Deng(q2 + q3,xiw,0)*Deng(q2 + q3,xiw,M3)^2*xiw*ufoGC58*
      ufoGC107*ufoGC4*ufoGC93
       + 1/4*g_(1,6_,nu10)*FT2(g6)*Vec(nu10,q3)*Vec(nu14,q2)^2*Vec(nu16,q2)*
      Vec(nu15,q3)*Vecr(nu16,p4)*Vecr(nu15,p4)*Den( - p4 + q2 + q3)^2*Deng(p4,
      xiw,M3)^2*Deng(q2 + q3,xiw,0)*Deng(q2 + q3,xiw,M3)^2*xia*xiw*ufoGC58*
      ufoGC107*ufoGC4*ufoGC93
       - 1/4*g_(1,6_,nu10)*FT2(g6)*Vec(nu10,q3)*Vec(nu14,q2)^2*Vec(nu16,q2)*
      Vec(nu15,q3)*Vecr(nu16,p4)*Vecr(nu15,p4)*Den( - p4 + q2 + q3)^2*Deng(p4,
      xiw,M3)^2*Deng(q2 + q3,xiw,0)*Deng(q2 + q3,xiw,M3)^2*xiw*ufoGC58*
      ufoGC107*ufoGC4*ufoGC93
       + 1/4*g_(1,6_,nu10)*FT2(g6)*Vec(nu10,q3)*Vec(nu14,q2)^2*Vec(nu16,q2)*
      Vec(nu15,-p4)*Vecr(nu16,p4)*Vecr(nu15,p4)*Den( - p4 + q2 + q3)^2*Deng(p4
      ,xiw,M3)^2*Deng(q2 + q3,xiw,0)*Deng(q2 + q3,xiw,M3)^2*xia*xiw*ufoGC58*
      ufoGC107*ufoGC4*ufoGC93
       - 1/4*g_(1,6_,nu10)*FT2(g6)*Vec(nu10,q3)*Vec(nu14,q2)^2*Vec(nu16,q2)*
      Vec(nu15,-p4)*Vecr(nu16,p4)*Vecr(nu15,p4)*Den( - p4 + q2 + q3)^2*Deng(p4
      ,xiw,M3)^2*Deng(q2 + q3,xiw,0)*Deng(q2 + q3,xiw,M3)^2*xiw*ufoGC58*
      ufoGC107*ufoGC4*ufoGC93
       + 1/4*g_(1,6_,nu10)*FT2(g6)*Vec(nu10,q3)*Vec(nu14,q2)^2*Vec(nu16,q3)*
      Vec(nu15,q2)*Vecr(nu16,p4)*Vecr(nu15,p4)*Den( - p4 + q2 + q3)^2*Deng(p4,
      xiw,M3)^2*Deng(q2 + q3,xiw,0)*Deng(q2 + q3,xiw,M3)^2*xia*xiw*ufoGC58*
      ufoGC107*ufoGC4*ufoGC93
       - 1/4*g_(1,6_,nu10)*FT2(g6)*Vec(nu10,q3)*Vec(nu14,q2)^2*Vec(nu16,q3)*
      Vec(nu15,q2)*Vecr(nu16,p4)*Vecr(nu15,p4)*Den( - p4 + q2 + q3)^2*Deng(p4,
      xiw,M3)^2*Deng(q2 + q3,xiw,0)*Deng(q2 + q3,xiw,M3)^2*xiw*ufoGC58*
      ufoGC107*ufoGC4*ufoGC93
       + 1/4*g_(1,6_,nu10)*FT2(g6)*Vec(nu10,q3)*Vec(nu14,q2)^2*Vec(nu16,q3)*
      Vec(nu15,q3)*Vecr(nu16,p4)*Vecr(nu15,p4)*Den( - p4 + q2 + q3)^2*Deng(p4,
      xiw,M3)^2*Deng(q2 + q3,xiw,0)*Deng(q2 + q3,xiw,M3)^2*xia*xiw*ufoGC58*
      ufoGC107*ufoGC4*ufoGC93
       - 1/4*g_(1,6_,nu10)*FT2(g6)*Vec(nu10,q3)*Vec(nu14,q2)^2*Vec(nu16,q3)*
      Vec(nu15,q3)*Vecr(nu16,p4)*Vecr(nu15,p4)*Den( - p4 + q2 + q3)^2*Deng(p4,
      xiw,M3)^2*Deng(q2 + q3,xiw,0)*Deng(q2 + q3,xiw,M3)^2*xiw*ufoGC58*
      ufoGC107*ufoGC4*ufoGC93
       + 1/4*g_(1,6_,nu10)*FT2(g6)*Vec(nu10,q3)*Vec(nu14,q2)^2*Vec(nu16,q3)*
      Vec(nu15,-p4)*Vecr(nu16,p4)*Vecr(nu15,p4)*Den( - p4 + q2 + q3)^2*Deng(p4
      ,xiw,M3)^2*Deng(q2 + q3,xiw,0)*Deng(q2 + q3,xiw,M3)^2*xia*xiw*ufoGC58*
      ufoGC107*ufoGC4*ufoGC93
       - 1/4*g_(1,6_,nu10)*FT2(g6)*Vec(nu10,q3)*Vec(nu14,q2)^2*Vec(nu16,q3)*
      Vec(nu15,-p4)*Vecr(nu16,p4)*Vecr(nu15,p4)*Den( - p4 + q2 + q3)^2*Deng(p4
      ,xiw,M3)^2*Deng(q2 + q3,xiw,0)*Deng(q2 + q3,xiw,M3)^2*xiw*ufoGC58*
      ufoGC107*ufoGC4*ufoGC93
       + 1/2*g_(1,6_,nu10)*FT2(g6)*Vec(nu10,q3)*Vec(nu14,q2)*Vec(nu14,q3)*Vec(
      nu16,q2)*Vec(nu15,q2)*Vecr(nu16,p4)*Vecr(nu15,p4)*Den( - p4 + q2 + q3)^2
      *Deng(p4,xiw,M3)^2*Deng(q2 + q3,xiw,0)*Deng(q2 + q3,xiw,M3)^2*xia*xiw*
      ufoGC58*ufoGC107*ufoGC4*ufoGC93
       - 1/2*g_(1,6_,nu10)*FT2(g6)*Vec(nu10,q3)*Vec(nu14,q2)*Vec(nu14,q3)*Vec(
      nu16,q2)*Vec(nu15,q2)*Vecr(nu16,p4)*Vecr(nu15,p4)*Den( - p4 + q2 + q3)^2
      *Deng(p4,xiw,M3)^2*Deng(q2 + q3,xiw,0)*Deng(q2 + q3,xiw,M3)^2*xiw*
      ufoGC58*ufoGC107*ufoGC4*ufoGC93
       + 1/2*g_(1,6_,nu10)*FT2(g6)*Vec(nu10,q3)*Vec(nu14,q2)*Vec(nu14,q3)*Vec(
      nu16,q2)*Vec(nu15,q3)*Vecr(nu16,p4)*Vecr(nu15,p4)*Den( - p4 + q2 + q3)^2
      *Deng(p4,xiw,M3)^2*Deng(q2 + q3,xiw,0)*Deng(q2 + q3,xiw,M3)^2*xia*xiw*
      ufoGC58*ufoGC107*ufoGC4*ufoGC93
       - 1/2*g_(1,6_,nu10)*FT2(g6)*Vec(nu10,q3)*Vec(nu14,q2)*Vec(nu14,q3)*Vec(
      nu16,q2)*Vec(nu15,q3)*Vecr(nu16,p4)*Vecr(nu15,p4)*Den( - p4 + q2 + q3)^2
      *Deng(p4,xiw,M3)^2*Deng(q2 + q3,xiw,0)*Deng(q2 + q3,xiw,M3)^2*xiw*
      ufoGC58*ufoGC107*ufoGC4*ufoGC93
       + 1/2*g_(1,6_,nu10)*FT2(g6)*Vec(nu10,q3)*Vec(nu14,q2)*Vec(nu14,q3)*Vec(
      nu16,q2)*Vec(nu15,-p4)*Vecr(nu16,p4)*Vecr(nu15,p4)*Den( - p4 + q2 + q3)^
      2*Deng(p4,xiw,M3)^2*Deng(q2 + q3,xiw,0)*Deng(q2 + q3,xiw,M3)^2*xia*xiw*
      ufoGC58*ufoGC107*ufoGC4*ufoGC93
       - 1/2*g_(1,6_,nu10)*FT2(g6)*Vec(nu10,q3)*Vec(nu14,q2)*Vec(nu14,q3)*Vec(
      nu16,q2)*Vec(nu15,-p4)*Vecr(nu16,p4)*Vecr(nu15,p4)*Den( - p4 + q2 + q3)^
      2*Deng(p4,xiw,M3)^2*Deng(q2 + q3,xiw,0)*Deng(q2 + q3,xiw,M3)^2*xiw*
      ufoGC58*ufoGC107*ufoGC4*ufoGC93
       + 1/2*g_(1,6_,nu10)*FT2(g6)*Vec(nu10,q3)*Vec(nu14,q2)*Vec(nu14,q3)*Vec(
      nu16,q3)*Vec(nu15,q2)*Vecr(nu16,p4)*Vecr(nu15,p4)*Den( - p4 + q2 + q3)^2
      *Deng(p4,xiw,M3)^2*Deng(q2 + q3,xiw,0)*Deng(q2 + q3,xiw,M3)^2*xia*xiw*
      ufoGC58*ufoGC107*ufoGC4*ufoGC93
       - 1/2*g_(1,6_,nu10)*FT2(g6)*Vec(nu10,q3)*Vec(nu14,q2)*Vec(nu14,q3)*Vec(
      nu16,q3)*Vec(nu15,q2)*Vecr(nu16,p4)*Vecr(nu15,p4)*Den( - p4 + q2 + q3)^2
      *Deng(p4,xiw,M3)^2*Deng(q2 + q3,xiw,0)*Deng(q2 + q3,xiw,M3)^2*xiw*
      ufoGC58*ufoGC107*ufoGC4*ufoGC93
       + 1/2*g_(1,6_,nu10)*FT2(g6)*Vec(nu10,q3)*Vec(nu14,q2)*Vec(nu14,q3)*Vec(
      nu16,q3)*Vec(nu15,q3)*Vecr(nu16,p4)*Vecr(nu15,p4)*Den( - p4 + q2 + q3)^2
      *Deng(p4,xiw,M3)^2*Deng(q2 + q3,xiw,0)*Deng(q2 + q3,xiw,M3)^2*xia*xiw*
      ufoGC58*ufoGC107*ufoGC4*ufoGC93
       - 1/2*g_(1,6_,nu10)*FT2(g6)*Vec(nu10,q3)*Vec(nu14,q2)*Vec(nu14,q3)*Vec(
      nu16,q3)*Vec(nu15,q3)*Vecr(nu16,p4)*Vecr(nu15,p4)*Den( - p4 + q2 + q3)^2
      *Deng(p4,xiw,M3)^2*Deng(q2 + q3,xiw,0)*Deng(q2 + q3,xiw,M3)^2*xiw*
      ufoGC58*ufoGC107*ufoGC4*ufoGC93
       + 1/2*g_(1,6_,nu10)*FT2(g6)*Vec(nu10,q3)*Vec(nu14,q2)*Vec(nu14,q3)*Vec(
      nu16,q3)*Vec(nu15,-p4)*Vecr(nu16,p4)*Vecr(nu15,p4)*Den( - p4 + q2 + q3)^
      2*Deng(p4,xiw,M3)^2*Deng(q2 + q3,xiw,0)*Deng(q2 + q3,xiw,M3)^2*xia*xiw*
      ufoGC58*ufoGC107*ufoGC4*ufoGC93
       - 1/2*g_(1,6_,nu10)*FT2(g6)*Vec(nu10,q3)*Vec(nu14,q2)*Vec(nu14,q3)*Vec(
      nu16,q3)*Vec(nu15,-p4)*Vecr(nu16,p4)*Vecr(nu15,p4)*Den( - p4 + q2 + q3)^
      2*Deng(p4,xiw,M3)^2*Deng(q2 + q3,xiw,0)*Deng(q2 + q3,xiw,M3)^2*xiw*
      ufoGC58*ufoGC107*ufoGC4*ufoGC93
       + 1/4*g_(1,6_,nu10)*FT2(g6)*Vec(nu10,q3)*Vec(nu14,q3)^2*Vec(nu16,q2)*
      Vec(nu15,q2)*Vecr(nu16,p4)*Vecr(nu15,p4)*Den( - p4 + q2 + q3)^2*Deng(p4,
      xiw,M3)^2*Deng(q2 + q3,xiw,0)*Deng(q2 + q3,xiw,M3)^2*xia*xiw*ufoGC58*
      ufoGC107*ufoGC4*ufoGC93
       - 1/4*g_(1,6_,nu10)*FT2(g6)*Vec(nu10,q3)*Vec(nu14,q3)^2*Vec(nu16,q2)*
      Vec(nu15,q2)*Vecr(nu16,p4)*Vecr(nu15,p4)*Den( - p4 + q2 + q3)^2*Deng(p4,
      xiw,M3)^2*Deng(q2 + q3,xiw,0)*Deng(q2 + q3,xiw,M3)^2*xiw*ufoGC58*
      ufoGC107*ufoGC4*ufoGC93
       + 1/4*g_(1,6_,nu10)*FT2(g6)*Vec(nu10,q3)*Vec(nu14,q3)^2*Vec(nu16,q2)*
      Vec(nu15,q3)*Vecr(nu16,p4)*Vecr(nu15,p4)*Den( - p4 + q2 + q3)^2*Deng(p4,
      xiw,M3)^2*Deng(q2 + q3,xiw,0)*Deng(q2 + q3,xiw,M3)^2*xia*xiw*ufoGC58*
      ufoGC107*ufoGC4*ufoGC93
       - 1/4*g_(1,6_,nu10)*FT2(g6)*Vec(nu10,q3)*Vec(nu14,q3)^2*Vec(nu16,q2)*
      Vec(nu15,q3)*Vecr(nu16,p4)*Vecr(nu15,p4)*Den( - p4 + q2 + q3)^2*Deng(p4,
      xiw,M3)^2*Deng(q2 + q3,xiw,0)*Deng(q2 + q3,xiw,M3)^2*xiw*ufoGC58*
      ufoGC107*ufoGC4*ufoGC93
       + 1/4*g_(1,6_,nu10)*FT2(g6)*Vec(nu10,q3)*Vec(nu14,q3)^2*Vec(nu16,q2)*
      Vec(nu15,-p4)*Vecr(nu16,p4)*Vecr(nu15,p4)*Den( - p4 + q2 + q3)^2*Deng(p4
      ,xiw,M3)^2*Deng(q2 + q3,xiw,0)*Deng(q2 + q3,xiw,M3)^2*xia*xiw*ufoGC58*
      ufoGC107*ufoGC4*ufoGC93
       - 1/4*g_(1,6_,nu10)*FT2(g6)*Vec(nu10,q3)*Vec(nu14,q3)^2*Vec(nu16,q2)*
      Vec(nu15,-p4)*Vecr(nu16,p4)*Vecr(nu15,p4)*Den( - p4 + q2 + q3)^2*Deng(p4
      ,xiw,M3)^2*Deng(q2 + q3,xiw,0)*Deng(q2 + q3,xiw,M3)^2*xiw*ufoGC58*
      ufoGC107*ufoGC4*ufoGC93
       + 1/4*g_(1,6_,nu10)*FT2(g6)*Vec(nu10,q3)*Vec(nu14,q3)^2*Vec(nu16,q3)*
      Vec(nu15,q2)*Vecr(nu16,p4)*Vecr(nu15,p4)*Den( - p4 + q2 + q3)^2*Deng(p4,
      xiw,M3)^2*Deng(q2 + q3,xiw,0)*Deng(q2 + q3,xiw,M3)^2*xia*xiw*ufoGC58*
      ufoGC107*ufoGC4*ufoGC93
       - 1/4*g_(1,6_,nu10)*FT2(g6)*Vec(nu10,q3)*Vec(nu14,q3)^2*Vec(nu16,q3)*
      Vec(nu15,q2)*Vecr(nu16,p4)*Vecr(nu15,p4)*Den( - p4 + q2 + q3)^2*Deng(p4,
      xiw,M3)^2*Deng(q2 + q3,xiw,0)*Deng(q2 + q3,xiw,M3)^2*xiw*ufoGC58*
      ufoGC107*ufoGC4*ufoGC93
       + 1/4*g_(1,6_,nu10)*FT2(g6)*Vec(nu10,q3)*Vec(nu14,q3)^2*Vec(nu16,q3)*
      Vec(nu15,q3)*Vecr(nu16,p4)*Vecr(nu15,p4)*Den( - p4 + q2 + q3)^2*Deng(p4,
      xiw,M3)^2*Deng(q2 + q3,xiw,0)*Deng(q2 + q3,xiw,M3)^2*xia*xiw*ufoGC58*
      ufoGC107*ufoGC4*ufoGC93
       - 1/4*g_(1,6_,nu10)*FT2(g6)*Vec(nu10,q3)*Vec(nu14,q3)^2*Vec(nu16,q3)*
      Vec(nu15,q3)*Vecr(nu16,p4)*Vecr(nu15,p4)*Den( - p4 + q2 + q3)^2*Deng(p4,
      xiw,M3)^2*Deng(q2 + q3,xiw,0)*Deng(q2 + q3,xiw,M3)^2*xiw*ufoGC58*
      ufoGC107*ufoGC4*ufoGC93
       + 1/4*g_(1,6_,nu10)*FT2(g6)*Vec(nu10,q3)*Vec(nu14,q3)^2*Vec(nu16,q3)*
      Vec(nu15,-p4)*Vecr(nu16,p4)*Vecr(nu15,p4)*Den( - p4 + q2 + q3)^2*Deng(p4
      ,xiw,M3)^2*Deng(q2 + q3,xiw,0)*Deng(q2 + q3,xiw,M3)^2*xia*xiw*ufoGC58*
      ufoGC107*ufoGC4*ufoGC93
       - 1/4*g_(1,6_,nu10)*FT2(g6)*Vec(nu10,q3)*Vec(nu14,q3)^2*Vec(nu16,q3)*
      Vec(nu15,-p4)*Vecr(nu16,p4)*Vecr(nu15,p4)*Den( - p4 + q2 + q3)^2*Deng(p4
      ,xiw,M3)^2*Deng(q2 + q3,xiw,0)*Deng(q2 + q3,xiw,M3)^2*xiw*ufoGC58*
      ufoGC107*ufoGC4*ufoGC93
       - 1/4*g_(1,6_,nu10)*FT2(g6)*Vec(nu10,q3)*Vec(nu14,-p4)^2*Vec(nu16,q2)*
      Vec(nu15,q2)*Vecr(nu16,p4)*Vecr(nu15,p4)*Den( - p4 + q2 + q3)^2*Deng(p4,
      xiw,M3)^2*Deng(q2 + q3,xiw,0)*Deng(q2 + q3,xiw,M3)^2*xia*xiw*ufoGC58*
      ufoGC107*ufoGC4*ufoGC93
       + 1/4*g_(1,6_,nu10)*FT2(g6)*Vec(nu10,q3)*Vec(nu14,-p4)^2*Vec(nu16,q2)*
      Vec(nu15,q2)*Vecr(nu16,p4)*Vecr(nu15,p4)*Den( - p4 + q2 + q3)^2*Deng(p4,
      xiw,M3)^2*Deng(q2 + q3,xiw,0)*Deng(q2 + q3,xiw,M3)^2*xiw*ufoGC58*
      ufoGC107*ufoGC4*ufoGC93
       - 1/4*g_(1,6_,nu10)*FT2(g6)*Vec(nu10,q3)*Vec(nu14,-p4)^2*Vec(nu16,q2)*
      Vec(nu15,q3)*Vecr(nu16,p4)*Vecr(nu15,p4)*Den( - p4 + q2 + q3)^2*Deng(p4,
      xiw,M3)^2*Deng(q2 + q3,xiw,0)*Deng(q2 + q3,xiw,M3)^2*xia*xiw*ufoGC58*
      ufoGC107*ufoGC4*ufoGC93
       + 1/4*g_(1,6_,nu10)*FT2(g6)*Vec(nu10,q3)*Vec(nu14,-p4)^2*Vec(nu16,q2)*
      Vec(nu15,q3)*Vecr(nu16,p4)*Vecr(nu15,p4)*Den( - p4 + q2 + q3)^2*Deng(p4,
      xiw,M3)^2*Deng(q2 + q3,xiw,0)*Deng(q2 + q3,xiw,M3)^2*xiw*ufoGC58*
      ufoGC107*ufoGC4*ufoGC93
       - 1/4*g_(1,6_,nu10)*FT2(g6)*Vec(nu10,q3)*Vec(nu14,-p4)^2*Vec(nu16,q2)*
      Vec(nu15,-p4)*Vecr(nu16,p4)*Vecr(nu15,p4)*Den( - p4 + q2 + q3)^2*Deng(p4
      ,xiw,M3)^2*Deng(q2 + q3,xiw,0)*Deng(q2 + q3,xiw,M3)^2*xia*xiw*ufoGC58*
      ufoGC107*ufoGC4*ufoGC93
       + 1/4*g_(1,6_,nu10)*FT2(g6)*Vec(nu10,q3)*Vec(nu14,-p4)^2*Vec(nu16,q2)*
      Vec(nu15,-p4)*Vecr(nu16,p4)*Vecr(nu15,p4)*Den( - p4 + q2 + q3)^2*Deng(p4
      ,xiw,M3)^2*Deng(q2 + q3,xiw,0)*Deng(q2 + q3,xiw,M3)^2*xiw*ufoGC58*
      ufoGC107*ufoGC4*ufoGC93
       - 1/4*g_(1,6_,nu10)*FT2(g6)*Vec(nu10,q3)*Vec(nu14,-p4)^2*Vec(nu16,q3)*
      Vec(nu15,q2)*Vecr(nu16,p4)*Vecr(nu15,p4)*Den( - p4 + q2 + q3)^2*Deng(p4,
      xiw,M3)^2*Deng(q2 + q3,xiw,0)*Deng(q2 + q3,xiw,M3)^2*xia*xiw*ufoGC58*
      ufoGC107*ufoGC4*ufoGC93
       + 1/4*g_(1,6_,nu10)*FT2(g6)*Vec(nu10,q3)*Vec(nu14,-p4)^2*Vec(nu16,q3)*
      Vec(nu15,q2)*Vecr(nu16,p4)*Vecr(nu15,p4)*Den( - p4 + q2 + q3)^2*Deng(p4,
      xiw,M3)^2*Deng(q2 + q3,xiw,0)*Deng(q2 + q3,xiw,M3)^2*xiw*ufoGC58*
      ufoGC107*ufoGC4*ufoGC93
       - 1/4*g_(1,6_,nu10)*FT2(g6)*Vec(nu10,q3)*Vec(nu14,-p4)^2*Vec(nu16,q3)*
      Vec(nu15,q3)*Vecr(nu16,p4)*Vecr(nu15,p4)*Den( - p4 + q2 + q3)^2*Deng(p4,
      xiw,M3)^2*Deng(q2 + q3,xiw,0)*Deng(q2 + q3,xiw,M3)^2*xia*xiw*ufoGC58*
      ufoGC107*ufoGC4*ufoGC93
       + 1/4*g_(1,6_,nu10)*FT2(g6)*Vec(nu10,q3)*Vec(nu14,-p4)^2*Vec(nu16,q3)*
      Vec(nu15,q3)*Vecr(nu16,p4)*Vecr(nu15,p4)*Den( - p4 + q2 + q3)^2*Deng(p4,
      xiw,M3)^2*Deng(q2 + q3,xiw,0)*Deng(q2 + q3,xiw,M3)^2*xiw*ufoGC58*
      ufoGC107*ufoGC4*ufoGC93
       - 1/4*g_(1,6_,nu10)*FT2(g6)*Vec(nu10,q3)*Vec(nu14,-p4)^2*Vec(nu16,q3)*
      Vec(nu15,-p4)*Vecr(nu16,p4)*Vecr(nu15,p4)*Den( - p4 + q2 + q3)^2*Deng(p4
      ,xiw,M3)^2*Deng(q2 + q3,xiw,0)*Deng(q2 + q3,xiw,M3)^2*xia*xiw*ufoGC58*
      ufoGC107*ufoGC4*ufoGC93
       + 1/4*g_(1,6_,nu10)*FT2(g6)*Vec(nu10,q3)*Vec(nu14,-p4)^2*Vec(nu16,q3)*
      Vec(nu15,-p4)*Vecr(nu16,p4)*Vecr(nu15,p4)*Den( - p4 + q2 + q3)^2*Deng(p4
      ,xiw,M3)^2*Deng(q2 + q3,xiw,0)*Deng(q2 + q3,xiw,M3)^2*xiw*ufoGC58*
      ufoGC107*ufoGC4*ufoGC93
       - 1/4*g_(1,6_,nu10)*FT2(g6)*Vec(nu10,q3)*Vec(nu16,q2)*Vec(nu15,-p4)*
      Vecr(nu16,p4)*Vecr(nu15,p4)*Den( - p4 + q2 + q3)*Deng(p4,xiw,M3)^2*Deng(
      q2 + q3,xiw,0)*Deng(q2 + q3,xiw,M3)^2*xiw*ufoGC58*ufoGC107*ufoGC4*
      ufoGC93
       - 1/4*g_(1,6_,nu10)*FT2(g6)*Vec(nu10,q3)*Vec(nu16,q3)*Vec(nu15,-p4)*
      Vecr(nu16,p4)*Vecr(nu15,p4)*Den( - p4 + q2 + q3)*Deng(p4,xiw,M3)^2*Deng(
      q2 + q3,xiw,0)*Deng(q2 + q3,xiw,M3)^2*xiw*ufoGC58*ufoGC107*ufoGC4*
      ufoGC93
       + 1/4*g_(1,6_,nu10)*FT2(g6)*Vec(nu10,q3)*Vec(nu16,-q2)*Vec(nu15,q2)*
      Vecr(nu16,p4)*Vecr(nu15,p4)*Den( - p4 + q2 + q3)*Deng(p4,xiw,M3)^2*Deng(
      q2 + q3,xiw,0)*Deng(q2 + q3,xiw,M3)^2*xiw*ufoGC58*ufoGC107*ufoGC4*
      ufoGC93
       + 1/4*g_(1,6_,nu10)*FT2(g6)*Vec(nu10,q3)*Vec(nu16,-q2)*Vec(nu15,q3)*
      Vecr(nu16,p4)*Vecr(nu15,p4)*Den( - p4 + q2 + q3)*Deng(p4,xiw,M3)^2*Deng(
      q2 + q3,xiw,0)*Deng(q2 + q3,xiw,M3)^2*xiw*ufoGC58*ufoGC107*ufoGC4*
      ufoGC93
       + 1/4*g_(1,6_,nu10)*FT2(g6)*Vec(nu10,q3)*Vec(nu16,-q3)*Vec(nu15,q2)*
      Vecr(nu16,p4)*Vecr(nu15,p4)*Den( - p4 + q2 + q3)*Deng(p4,xiw,M3)^2*Deng(
      q2 + q3,xiw,0)*Deng(q2 + q3,xiw,M3)^2*xiw*ufoGC58*ufoGC107*ufoGC4*
      ufoGC93
       + 1/4*g_(1,6_,nu10)*FT2(g6)*Vec(nu10,q3)*Vec(nu16,-q3)*Vec(nu15,q3)*
      Vecr(nu16,p4)*Vecr(nu15,p4)*Den( - p4 + q2 + q3)*Deng(p4,xiw,M3)^2*Deng(
      q2 + q3,xiw,0)*Deng(q2 + q3,xiw,M3)^2*xiw*ufoGC58*ufoGC107*ufoGC4*
      ufoGC93
       + 1/4*g_(1,6_,nu10)*FT2(g6)*Vec(nu10,q3)*Vec(nu15,q2)*Vecr(nu15,p4)*
      Den( - p4 + q2 + q3)*Deng(p4,xiw,M3)^2*Deng(q2 + q3,xiw,0)*Deng(q2 + q3,
      xiw,M3)^2*p4.p4*xiw*ufoGC58*ufoGC107*ufoGC4*ufoGC93
       + 1/4*g_(1,6_,nu10)*FT2(g6)*Vec(nu10,q3)*Vec(nu15,q3)*Vecr(nu15,p4)*
      Den( - p4 + q2 + q3)*Deng(p4,xiw,M3)^2*Deng(q2 + q3,xiw,0)*Deng(q2 + q3,
      xiw,M3)^2*p4.p4*xiw*ufoGC58*ufoGC107*ufoGC4*ufoGC93
       + 1/4*g_(1,6_,nu9)*FT2(g6)*Vec(nu9,q2)*Vec(nu16,q2)*Vec(nu15,q2)*Vecr(
      nu16,p4)*Vecr(nu15,p4)*Den( - p4 + q2 + q3)^2*Deng(p4,xiw,M3)^2*Deng(q2
       + q3,xiw,0)*Deng(q2 + q3,xiw,M3)*xia*xiw*ufoGC58*ufoGC107*ufoGC4*
      ufoGC93
       - 1/4*g_(1,6_,nu9)*FT2(g6)*Vec(nu9,q2)*Vec(nu16,q2)*Vec(nu15,q2)*Vecr(
      nu16,p4)*Vecr(nu15,p4)*Den( - p4 + q2 + q3)^2*Deng(p4,xiw,M3)^2*Deng(q2
       + q3,xiw,0)*Deng(q2 + q3,xiw,M3)*xiw*ufoGC58*ufoGC107*ufoGC4*ufoGC93
       + 1/4*g_(1,6_,nu9)*FT2(g6)*Vec(nu9,q2)*Vec(nu16,q2)*Vec(nu15,q3)*Vecr(
      nu16,p4)*Vecr(nu15,p4)*Den( - p4 + q2 + q3)^2*Deng(p4,xiw,M3)^2*Deng(q2
       + q3,xiw,0)*Deng(q2 + q3,xiw,M3)*xia*xiw*ufoGC58*ufoGC107*ufoGC4*
      ufoGC93
       - 1/4*g_(1,6_,nu9)*FT2(g6)*Vec(nu9,q2)*Vec(nu16,q2)*Vec(nu15,q3)*Vecr(
      nu16,p4)*Vecr(nu15,p4)*Den( - p4 + q2 + q3)^2*Deng(p4,xiw,M3)^2*Deng(q2
       + q3,xiw,0)*Deng(q2 + q3,xiw,M3)*xiw*ufoGC58*ufoGC107*ufoGC4*ufoGC93
       + 1/4*g_(1,6_,nu9)*FT2(g6)*Vec(nu9,q2)*Vec(nu16,q2)*Vec(nu15,-p4)*Vecr(
      nu16,p4)*Vecr(nu15,p4)*Den( - p4 + q2 + q3)^2*Deng(p4,xiw,M3)^2*Deng(q2
       + q3,xiw,0)*Deng(q2 + q3,xiw,M3)*xia*xiw*ufoGC58*ufoGC107*ufoGC4*
      ufoGC93
       - 1/4*g_(1,6_,nu9)*FT2(g6)*Vec(nu9,q2)*Vec(nu16,q2)*Vec(nu15,-p4)*Vecr(
      nu16,p4)*Vecr(nu15,p4)*Den( - p4 + q2 + q3)^2*Deng(p4,xiw,M3)^2*Deng(q2
       + q3,xiw,0)*Deng(q2 + q3,xiw,M3)*xiw*ufoGC58*ufoGC107*ufoGC4*ufoGC93
       + 1/4*g_(1,6_,nu9)*FT2(g6)*Vec(nu9,q2)*Vec(nu16,q3)*Vec(nu15,q2)*Vecr(
      nu16,p4)*Vecr(nu15,p4)*Den( - p4 + q2 + q3)^2*Deng(p4,xiw,M3)^2*Deng(q2
       + q3,xiw,0)*Deng(q2 + q3,xiw,M3)*xia*xiw*ufoGC58*ufoGC107*ufoGC4*
      ufoGC93
       - 1/4*g_(1,6_,nu9)*FT2(g6)*Vec(nu9,q2)*Vec(nu16,q3)*Vec(nu15,q2)*Vecr(
      nu16,p4)*Vecr(nu15,p4)*Den( - p4 + q2 + q3)^2*Deng(p4,xiw,M3)^2*Deng(q2
       + q3,xiw,0)*Deng(q2 + q3,xiw,M3)*xiw*ufoGC58*ufoGC107*ufoGC4*ufoGC93
       + 1/4*g_(1,6_,nu9)*FT2(g6)*Vec(nu9,q2)*Vec(nu16,q3)*Vec(nu15,q3)*Vecr(
      nu16,p4)*Vecr(nu15,p4)*Den( - p4 + q2 + q3)^2*Deng(p4,xiw,M3)^2*Deng(q2
       + q3,xiw,0)*Deng(q2 + q3,xiw,M3)*xia*xiw*ufoGC58*ufoGC107*ufoGC4*
      ufoGC93
       - 1/4*g_(1,6_,nu9)*FT2(g6)*Vec(nu9,q2)*Vec(nu16,q3)*Vec(nu15,q3)*Vecr(
      nu16,p4)*Vecr(nu15,p4)*Den( - p4 + q2 + q3)^2*Deng(p4,xiw,M3)^2*Deng(q2
       + q3,xiw,0)*Deng(q2 + q3,xiw,M3)*xiw*ufoGC58*ufoGC107*ufoGC4*ufoGC93
       + 1/4*g_(1,6_,nu9)*FT2(g6)*Vec(nu9,q2)*Vec(nu16,q3)*Vec(nu15,-p4)*Vecr(
      nu16,p4)*Vecr(nu15,p4)*Den( - p4 + q2 + q3)^2*Deng(p4,xiw,M3)^2*Deng(q2
       + q3,xiw,0)*Deng(q2 + q3,xiw,M3)*xia*xiw*ufoGC58*ufoGC107*ufoGC4*
      ufoGC93
       - 1/4*g_(1,6_,nu9)*FT2(g6)*Vec(nu9,q2)*Vec(nu16,q3)*Vec(nu15,-p4)*Vecr(
      nu16,p4)*Vecr(nu15,p4)*Den( - p4 + q2 + q3)^2*Deng(p4,xiw,M3)^2*Deng(q2
       + q3,xiw,0)*Deng(q2 + q3,xiw,M3)*xiw*ufoGC58*ufoGC107*ufoGC4*ufoGC93
       - 1/4*g_(1,6_,nu9)*FT2(g6)*Vec(nu9,q2)*Vec(nu16,-q2)*Vec(nu15,q2)*Vecr(
      nu16,p4)*Vecr(nu15,p4)*Den( - p4 + q2 + q3)^2*Deng(p4,xiw,M3)^2*Deng(q2
       + q3,xiw,0)*Deng(q2 + q3,xiw,M3)*xia*xiw*ufoGC58*ufoGC107*ufoGC4*
      ufoGC93
       + 1/4*g_(1,6_,nu9)*FT2(g6)*Vec(nu9,q2)*Vec(nu16,-q2)*Vec(nu15,q2)*Vecr(
      nu16,p4)*Vecr(nu15,p4)*Den( - p4 + q2 + q3)^2*Deng(p4,xiw,M3)^2*Deng(q2
       + q3,xiw,0)*Deng(q2 + q3,xiw,M3)*xiw*ufoGC58*ufoGC107*ufoGC4*ufoGC93
       - 1/4*g_(1,6_,nu9)*FT2(g6)*Vec(nu9,q2)*Vec(nu16,-q2)*Vec(nu15,q3)*Vecr(
      nu16,p4)*Vecr(nu15,p4)*Den( - p4 + q2 + q3)^2*Deng(p4,xiw,M3)^2*Deng(q2
       + q3,xiw,0)*Deng(q2 + q3,xiw,M3)*xia*xiw*ufoGC58*ufoGC107*ufoGC4*
      ufoGC93
       + 1/4*g_(1,6_,nu9)*FT2(g6)*Vec(nu9,q2)*Vec(nu16,-q2)*Vec(nu15,q3)*Vecr(
      nu16,p4)*Vecr(nu15,p4)*Den( - p4 + q2 + q3)^2*Deng(p4,xiw,M3)^2*Deng(q2
       + q3,xiw,0)*Deng(q2 + q3,xiw,M3)*xiw*ufoGC58*ufoGC107*ufoGC4*ufoGC93
       - 1/4*g_(1,6_,nu9)*FT2(g6)*Vec(nu9,q2)*Vec(nu16,-q2)*Vec(nu15,-p4)*
      Vecr(nu16,p4)*Vecr(nu15,p4)*Den( - p4 + q2 + q3)^2*Deng(p4,xiw,M3)^2*
      Deng(q2 + q3,xiw,0)*Deng(q2 + q3,xiw,M3)*xia*xiw*ufoGC58*ufoGC107*ufoGC4
      *ufoGC93
       + 1/4*g_(1,6_,nu9)*FT2(g6)*Vec(nu9,q2)*Vec(nu16,-q2)*Vec(nu15,-p4)*
      Vecr(nu16,p4)*Vecr(nu15,p4)*Den( - p4 + q2 + q3)^2*Deng(p4,xiw,M3)^2*
      Deng(q2 + q3,xiw,0)*Deng(q2 + q3,xiw,M3)*xiw*ufoGC58*ufoGC107*ufoGC4*
      ufoGC93
       - 1/4*g_(1,6_,nu9)*FT2(g6)*Vec(nu9,q2)*Vec(nu16,-q3)*Vec(nu15,q2)*Vecr(
      nu16,p4)*Vecr(nu15,p4)*Den( - p4 + q2 + q3)^2*Deng(p4,xiw,M3)^2*Deng(q2
       + q3,xiw,0)*Deng(q2 + q3,xiw,M3)*xia*xiw*ufoGC58*ufoGC107*ufoGC4*
      ufoGC93
       + 1/4*g_(1,6_,nu9)*FT2(g6)*Vec(nu9,q2)*Vec(nu16,-q3)*Vec(nu15,q2)*Vecr(
      nu16,p4)*Vecr(nu15,p4)*Den( - p4 + q2 + q3)^2*Deng(p4,xiw,M3)^2*Deng(q2
       + q3,xiw,0)*Deng(q2 + q3,xiw,M3)*xiw*ufoGC58*ufoGC107*ufoGC4*ufoGC93
       - 1/4*g_(1,6_,nu9)*FT2(g6)*Vec(nu9,q2)*Vec(nu16,-q3)*Vec(nu15,q3)*Vecr(
      nu16,p4)*Vecr(nu15,p4)*Den( - p4 + q2 + q3)^2*Deng(p4,xiw,M3)^2*Deng(q2
       + q3,xiw,0)*Deng(q2 + q3,xiw,M3)*xia*xiw*ufoGC58*ufoGC107*ufoGC4*
      ufoGC93
       + 1/4*g_(1,6_,nu9)*FT2(g6)*Vec(nu9,q2)*Vec(nu16,-q3)*Vec(nu15,q3)*Vecr(
      nu16,p4)*Vecr(nu15,p4)*Den( - p4 + q2 + q3)^2*Deng(p4,xiw,M3)^2*Deng(q2
       + q3,xiw,0)*Deng(q2 + q3,xiw,M3)*xiw*ufoGC58*ufoGC107*ufoGC4*ufoGC93
       - 1/4*g_(1,6_,nu9)*FT2(g6)*Vec(nu9,q2)*Vec(nu16,-q3)*Vec(nu15,-p4)*
      Vecr(nu16,p4)*Vecr(nu15,p4)*Den( - p4 + q2 + q3)^2*Deng(p4,xiw,M3)^2*
      Deng(q2 + q3,xiw,0)*Deng(q2 + q3,xiw,M3)*xia*xiw*ufoGC58*ufoGC107*ufoGC4
      *ufoGC93
       + 1/4*g_(1,6_,nu9)*FT2(g6)*Vec(nu9,q2)*Vec(nu16,-q3)*Vec(nu15,-p4)*
      Vecr(nu16,p4)*Vecr(nu15,p4)*Den( - p4 + q2 + q3)^2*Deng(p4,xiw,M3)^2*
      Deng(q2 + q3,xiw,0)*Deng(q2 + q3,xiw,M3)*xiw*ufoGC58*ufoGC107*ufoGC4*
      ufoGC93
       - 1/4*g_(1,6_,nu9)*FT2(g6)*Vec(nu9,q2)*Vec(nu15,q2)*Vecr(nu15,p4)*Den(
       - p4 + q2 + q3)^2*Deng(p4,xiw,M3)^2*Deng(q2 + q3,xiw,0)*Deng(q2 + q3,
      xiw,M3)*p4.p4*xia*xiw*ufoGC58*ufoGC107*ufoGC4*ufoGC93
       + 1/4*g_(1,6_,nu9)*FT2(g6)*Vec(nu9,q2)*Vec(nu15,q2)*Vecr(nu15,p4)*Den(
       - p4 + q2 + q3)^2*Deng(p4,xiw,M3)^2*Deng(q2 + q3,xiw,0)*Deng(q2 + q3,
      xiw,M3)*p4.p4*xiw*ufoGC58*ufoGC107*ufoGC4*ufoGC93
       - 1/4*g_(1,6_,nu9)*FT2(g6)*Vec(nu9,q2)*Vec(nu15,q3)*Vecr(nu15,p4)*Den(
       - p4 + q2 + q3)^2*Deng(p4,xiw,M3)^2*Deng(q2 + q3,xiw,0)*Deng(q2 + q3,
      xiw,M3)*p4.p4*xia*xiw*ufoGC58*ufoGC107*ufoGC4*ufoGC93
       + 1/4*g_(1,6_,nu9)*FT2(g6)*Vec(nu9,q2)*Vec(nu15,q3)*Vecr(nu15,p4)*Den(
       - p4 + q2 + q3)^2*Deng(p4,xiw,M3)^2*Deng(q2 + q3,xiw,0)*Deng(q2 + q3,
      xiw,M3)*p4.p4*xiw*ufoGC58*ufoGC107*ufoGC4*ufoGC93
       - 1/4*g_(1,6_,nu9)*FT2(g6)*Vec(nu9,q2)*Vec(nu15,-p4)*Vecr(nu15,p4)*Den(
       - p4 + q2 + q3)^2*Deng(p4,xiw,M3)^2*Deng(q2 + q3,xiw,0)*Deng(q2 + q3,
      xiw,M3)*p4.p4*xia*xiw*ufoGC58*ufoGC107*ufoGC4*ufoGC93
       + 1/4*g_(1,6_,nu9)*FT2(g6)*Vec(nu9,q2)*Vec(nu15,-p4)*Vecr(nu15,p4)*Den(
       - p4 + q2 + q3)^2*Deng(p4,xiw,M3)^2*Deng(q2 + q3,xiw,0)*Deng(q2 + q3,
      xiw,M3)*p4.p4*xiw*ufoGC58*ufoGC107*ufoGC4*ufoGC93
       + 1/4*g_(1,6_,nu9)*FT2(g6)*Vec(nu9,q3)*Vec(nu16,q2)*Vec(nu15,q2)*Vecr(
      nu16,p4)*Vecr(nu15,p4)*Den( - p4 + q2 + q3)^2*Deng(p4,xiw,M3)^2*Deng(q2
       + q3,xiw,0)*Deng(q2 + q3,xiw,M3)*xia*xiw*ufoGC58*ufoGC107*ufoGC4*
      ufoGC93
       - 1/4*g_(1,6_,nu9)*FT2(g6)*Vec(nu9,q3)*Vec(nu16,q2)*Vec(nu15,q2)*Vecr(
      nu16,p4)*Vecr(nu15,p4)*Den( - p4 + q2 + q3)^2*Deng(p4,xiw,M3)^2*Deng(q2
       + q3,xiw,0)*Deng(q2 + q3,xiw,M3)*xiw*ufoGC58*ufoGC107*ufoGC4*ufoGC93
       + 1/4*g_(1,6_,nu9)*FT2(g6)*Vec(nu9,q3)*Vec(nu16,q2)*Vec(nu15,q3)*Vecr(
      nu16,p4)*Vecr(nu15,p4)*Den( - p4 + q2 + q3)^2*Deng(p4,xiw,M3)^2*Deng(q2
       + q3,xiw,0)*Deng(q2 + q3,xiw,M3)*xia*xiw*ufoGC58*ufoGC107*ufoGC4*
      ufoGC93
       - 1/4*g_(1,6_,nu9)*FT2(g6)*Vec(nu9,q3)*Vec(nu16,q2)*Vec(nu15,q3)*Vecr(
      nu16,p4)*Vecr(nu15,p4)*Den( - p4 + q2 + q3)^2*Deng(p4,xiw,M3)^2*Deng(q2
       + q3,xiw,0)*Deng(q2 + q3,xiw,M3)*xiw*ufoGC58*ufoGC107*ufoGC4*ufoGC93
       + 1/4*g_(1,6_,nu9)*FT2(g6)*Vec(nu9,q3)*Vec(nu16,q2)*Vec(nu15,-p4)*Vecr(
      nu16,p4)*Vecr(nu15,p4)*Den( - p4 + q2 + q3)^2*Deng(p4,xiw,M3)^2*Deng(q2
       + q3,xiw,0)*Deng(q2 + q3,xiw,M3)*xia*xiw*ufoGC58*ufoGC107*ufoGC4*
      ufoGC93
       - 1/4*g_(1,6_,nu9)*FT2(g6)*Vec(nu9,q3)*Vec(nu16,q2)*Vec(nu15,-p4)*Vecr(
      nu16,p4)*Vecr(nu15,p4)*Den( - p4 + q2 + q3)^2*Deng(p4,xiw,M3)^2*Deng(q2
       + q3,xiw,0)*Deng(q2 + q3,xiw,M3)*xiw*ufoGC58*ufoGC107*ufoGC4*ufoGC93
       + 1/4*g_(1,6_,nu9)*FT2(g6)*Vec(nu9,q3)*Vec(nu16,q3)*Vec(nu15,q2)*Vecr(
      nu16,p4)*Vecr(nu15,p4)*Den( - p4 + q2 + q3)^2*Deng(p4,xiw,M3)^2*Deng(q2
       + q3,xiw,0)*Deng(q2 + q3,xiw,M3)*xia*xiw*ufoGC58*ufoGC107*ufoGC4*
      ufoGC93
       - 1/4*g_(1,6_,nu9)*FT2(g6)*Vec(nu9,q3)*Vec(nu16,q3)*Vec(nu15,q2)*Vecr(
      nu16,p4)*Vecr(nu15,p4)*Den( - p4 + q2 + q3)^2*Deng(p4,xiw,M3)^2*Deng(q2
       + q3,xiw,0)*Deng(q2 + q3,xiw,M3)*xiw*ufoGC58*ufoGC107*ufoGC4*ufoGC93
       + 1/4*g_(1,6_,nu9)*FT2(g6)*Vec(nu9,q3)*Vec(nu16,q3)*Vec(nu15,q3)*Vecr(
      nu16,p4)*Vecr(nu15,p4)*Den( - p4 + q2 + q3)^2*Deng(p4,xiw,M3)^2*Deng(q2
       + q3,xiw,0)*Deng(q2 + q3,xiw,M3)*xia*xiw*ufoGC58*ufoGC107*ufoGC4*
      ufoGC93
       - 1/4*g_(1,6_,nu9)*FT2(g6)*Vec(nu9,q3)*Vec(nu16,q3)*Vec(nu15,q3)*Vecr(
      nu16,p4)*Vecr(nu15,p4)*Den( - p4 + q2 + q3)^2*Deng(p4,xiw,M3)^2*Deng(q2
       + q3,xiw,0)*Deng(q2 + q3,xiw,M3)*xiw*ufoGC58*ufoGC107*ufoGC4*ufoGC93
       + 1/4*g_(1,6_,nu9)*FT2(g6)*Vec(nu9,q3)*Vec(nu16,q3)*Vec(nu15,-p4)*Vecr(
      nu16,p4)*Vecr(nu15,p4)*Den( - p4 + q2 + q3)^2*Deng(p4,xiw,M3)^2*Deng(q2
       + q3,xiw,0)*Deng(q2 + q3,xiw,M3)*xia*xiw*ufoGC58*ufoGC107*ufoGC4*
      ufoGC93
       - 1/4*g_(1,6_,nu9)*FT2(g6)*Vec(nu9,q3)*Vec(nu16,q3)*Vec(nu15,-p4)*Vecr(
      nu16,p4)*Vecr(nu15,p4)*Den( - p4 + q2 + q3)^2*Deng(p4,xiw,M3)^2*Deng(q2
       + q3,xiw,0)*Deng(q2 + q3,xiw,M3)*xiw*ufoGC58*ufoGC107*ufoGC4*ufoGC93
       - 1/4*g_(1,6_,nu9)*FT2(g6)*Vec(nu9,q3)*Vec(nu16,-q2)*Vec(nu15,q2)*Vecr(
      nu16,p4)*Vecr(nu15,p4)*Den( - p4 + q2 + q3)^2*Deng(p4,xiw,M3)^2*Deng(q2
       + q3,xiw,0)*Deng(q2 + q3,xiw,M3)*xia*xiw*ufoGC58*ufoGC107*ufoGC4*
      ufoGC93
       + 1/4*g_(1,6_,nu9)*FT2(g6)*Vec(nu9,q3)*Vec(nu16,-q2)*Vec(nu15,q2)*Vecr(
      nu16,p4)*Vecr(nu15,p4)*Den( - p4 + q2 + q3)^2*Deng(p4,xiw,M3)^2*Deng(q2
       + q3,xiw,0)*Deng(q2 + q3,xiw,M3)*xiw*ufoGC58*ufoGC107*ufoGC4*ufoGC93
       - 1/4*g_(1,6_,nu9)*FT2(g6)*Vec(nu9,q3)*Vec(nu16,-q2)*Vec(nu15,q3)*Vecr(
      nu16,p4)*Vecr(nu15,p4)*Den( - p4 + q2 + q3)^2*Deng(p4,xiw,M3)^2*Deng(q2
       + q3,xiw,0)*Deng(q2 + q3,xiw,M3)*xia*xiw*ufoGC58*ufoGC107*ufoGC4*
      ufoGC93
       + 1/4*g_(1,6_,nu9)*FT2(g6)*Vec(nu9,q3)*Vec(nu16,-q2)*Vec(nu15,q3)*Vecr(
      nu16,p4)*Vecr(nu15,p4)*Den( - p4 + q2 + q3)^2*Deng(p4,xiw,M3)^2*Deng(q2
       + q3,xiw,0)*Deng(q2 + q3,xiw,M3)*xiw*ufoGC58*ufoGC107*ufoGC4*ufoGC93
       - 1/4*g_(1,6_,nu9)*FT2(g6)*Vec(nu9,q3)*Vec(nu16,-q2)*Vec(nu15,-p4)*
      Vecr(nu16,p4)*Vecr(nu15,p4)*Den( - p4 + q2 + q3)^2*Deng(p4,xiw,M3)^2*
      Deng(q2 + q3,xiw,0)*Deng(q2 + q3,xiw,M3)*xia*xiw*ufoGC58*ufoGC107*ufoGC4
      *ufoGC93
       + 1/4*g_(1,6_,nu9)*FT2(g6)*Vec(nu9,q3)*Vec(nu16,-q2)*Vec(nu15,-p4)*
      Vecr(nu16,p4)*Vecr(nu15,p4)*Den( - p4 + q2 + q3)^2*Deng(p4,xiw,M3)^2*
      Deng(q2 + q3,xiw,0)*Deng(q2 + q3,xiw,M3)*xiw*ufoGC58*ufoGC107*ufoGC4*
      ufoGC93
       - 1/4*g_(1,6_,nu9)*FT2(g6)*Vec(nu9,q3)*Vec(nu16,-q3)*Vec(nu15,q2)*Vecr(
      nu16,p4)*Vecr(nu15,p4)*Den( - p4 + q2 + q3)^2*Deng(p4,xiw,M3)^2*Deng(q2
       + q3,xiw,0)*Deng(q2 + q3,xiw,M3)*xia*xiw*ufoGC58*ufoGC107*ufoGC4*
      ufoGC93
       + 1/4*g_(1,6_,nu9)*FT2(g6)*Vec(nu9,q3)*Vec(nu16,-q3)*Vec(nu15,q2)*Vecr(
      nu16,p4)*Vecr(nu15,p4)*Den( - p4 + q2 + q3)^2*Deng(p4,xiw,M3)^2*Deng(q2
       + q3,xiw,0)*Deng(q2 + q3,xiw,M3)*xiw*ufoGC58*ufoGC107*ufoGC4*ufoGC93
       - 1/4*g_(1,6_,nu9)*FT2(g6)*Vec(nu9,q3)*Vec(nu16,-q3)*Vec(nu15,q3)*Vecr(
      nu16,p4)*Vecr(nu15,p4)*Den( - p4 + q2 + q3)^2*Deng(p4,xiw,M3)^2*Deng(q2
       + q3,xiw,0)*Deng(q2 + q3,xiw,M3)*xia*xiw*ufoGC58*ufoGC107*ufoGC4*
      ufoGC93
       + 1/4*g_(1,6_,nu9)*FT2(g6)*Vec(nu9,q3)*Vec(nu16,-q3)*Vec(nu15,q3)*Vecr(
      nu16,p4)*Vecr(nu15,p4)*Den( - p4 + q2 + q3)^2*Deng(p4,xiw,M3)^2*Deng(q2
       + q3,xiw,0)*Deng(q2 + q3,xiw,M3)*xiw*ufoGC58*ufoGC107*ufoGC4*ufoGC93
       - 1/4*g_(1,6_,nu9)*FT2(g6)*Vec(nu9,q3)*Vec(nu16,-q3)*Vec(nu15,-p4)*
      Vecr(nu16,p4)*Vecr(nu15,p4)*Den( - p4 + q2 + q3)^2*Deng(p4,xiw,M3)^2*
      Deng(q2 + q3,xiw,0)*Deng(q2 + q3,xiw,M3)*xia*xiw*ufoGC58*ufoGC107*ufoGC4
      *ufoGC93
       + 1/4*g_(1,6_,nu9)*FT2(g6)*Vec(nu9,q3)*Vec(nu16,-q3)*Vec(nu15,-p4)*
      Vecr(nu16,p4)*Vecr(nu15,p4)*Den( - p4 + q2 + q3)^2*Deng(p4,xiw,M3)^2*
      Deng(q2 + q3,xiw,0)*Deng(q2 + q3,xiw,M3)*xiw*ufoGC58*ufoGC107*ufoGC4*
      ufoGC93
       - 1/4*g_(1,6_,nu9)*FT2(g6)*Vec(nu9,q3)*Vec(nu15,q2)*Vecr(nu15,p4)*Den(
       - p4 + q2 + q3)^2*Deng(p4,xiw,M3)^2*Deng(q2 + q3,xiw,0)*Deng(q2 + q3,
      xiw,M3)*p4.p4*xia*xiw*ufoGC58*ufoGC107*ufoGC4*ufoGC93
       + 1/4*g_(1,6_,nu9)*FT2(g6)*Vec(nu9,q3)*Vec(nu15,q2)*Vecr(nu15,p4)*Den(
       - p4 + q2 + q3)^2*Deng(p4,xiw,M3)^2*Deng(q2 + q3,xiw,0)*Deng(q2 + q3,
      xiw,M3)*p4.p4*xiw*ufoGC58*ufoGC107*ufoGC4*ufoGC93
       - 1/4*g_(1,6_,nu9)*FT2(g6)*Vec(nu9,q3)*Vec(nu15,q3)*Vecr(nu15,p4)*Den(
       - p4 + q2 + q3)^2*Deng(p4,xiw,M3)^2*Deng(q2 + q3,xiw,0)*Deng(q2 + q3,
      xiw,M3)*p4.p4*xia*xiw*ufoGC58*ufoGC107*ufoGC4*ufoGC93
       + 1/4*g_(1,6_,nu9)*FT2(g6)*Vec(nu9,q3)*Vec(nu15,q3)*Vecr(nu15,p4)*Den(
       - p4 + q2 + q3)^2*Deng(p4,xiw,M3)^2*Deng(q2 + q3,xiw,0)*Deng(q2 + q3,
      xiw,M3)*p4.p4*xiw*ufoGC58*ufoGC107*ufoGC4*ufoGC93
       - 1/4*g_(1,6_,nu9)*FT2(g6)*Vec(nu9,q3)*Vec(nu15,-p4)*Vecr(nu15,p4)*Den(
       - p4 + q2 + q3)^2*Deng(p4,xiw,M3)^2*Deng(q2 + q3,xiw,0)*Deng(q2 + q3,
      xiw,M3)*p4.p4*xia*xiw*ufoGC58*ufoGC107*ufoGC4*ufoGC93
       + 1/4*g_(1,6_,nu9)*FT2(g6)*Vec(nu9,q3)*Vec(nu15,-p4)*Vecr(nu15,p4)*Den(
       - p4 + q2 + q3)^2*Deng(p4,xiw,M3)^2*Deng(q2 + q3,xiw,0)*Deng(q2 + q3,
      xiw,M3)*p4.p4*xiw*ufoGC58*ufoGC107*ufoGC4*ufoGC93
       - 1/4*g_(1,6_,nu9)*FT2(g6)*Vec(nu9,-p4)*Vec(nu16,-p4)*Vec(nu15,q2)*
      Vecr(nu16,p4)*Vecr(nu15,p4)*Den( - p4 + q2 + q3)^2*Deng(p4,xiw,M3)^2*
      Deng(q2 + q3,xiw,0)*Deng(q2 + q3,xiw,M3)*xia*xiw*ufoGC58*ufoGC107*ufoGC4
      *ufoGC93
       + 1/4*g_(1,6_,nu9)*FT2(g6)*Vec(nu9,-p4)*Vec(nu16,-p4)*Vec(nu15,q2)*
      Vecr(nu16,p4)*Vecr(nu15,p4)*Den( - p4 + q2 + q3)^2*Deng(p4,xiw,M3)^2*
      Deng(q2 + q3,xiw,0)*Deng(q2 + q3,xiw,M3)*xiw*ufoGC58*ufoGC107*ufoGC4*
      ufoGC93
       - 1/4*g_(1,6_,nu9)*FT2(g6)*Vec(nu9,-p4)*Vec(nu16,-p4)*Vec(nu15,q3)*
      Vecr(nu16,p4)*Vecr(nu15,p4)*Den( - p4 + q2 + q3)^2*Deng(p4,xiw,M3)^2*
      Deng(q2 + q3,xiw,0)*Deng(q2 + q3,xiw,M3)*xia*xiw*ufoGC58*ufoGC107*ufoGC4
      *ufoGC93
       + 1/4*g_(1,6_,nu9)*FT2(g6)*Vec(nu9,-p4)*Vec(nu16,-p4)*Vec(nu15,q3)*
      Vecr(nu16,p4)*Vecr(nu15,p4)*Den( - p4 + q2 + q3)^2*Deng(p4,xiw,M3)^2*
      Deng(q2 + q3,xiw,0)*Deng(q2 + q3,xiw,M3)*xiw*ufoGC58*ufoGC107*ufoGC4*
      ufoGC93
       - 1/4*g_(1,6_,nu9)*FT2(g6)*Vec(nu9,-p4)*Vec(nu16,-p4)*Vec(nu15,-p4)*
      Vecr(nu16,p4)*Vecr(nu15,p4)*Den( - p4 + q2 + q3)^2*Deng(p4,xiw,M3)^2*
      Deng(q2 + q3,xiw,0)*Deng(q2 + q3,xiw,M3)*xia*xiw*ufoGC58*ufoGC107*ufoGC4
      *ufoGC93
       + 1/4*g_(1,6_,nu9)*FT2(g6)*Vec(nu9,-p4)*Vec(nu16,-p4)*Vec(nu15,-p4)*
      Vecr(nu16,p4)*Vecr(nu15,p4)*Den( - p4 + q2 + q3)^2*Deng(p4,xiw,M3)^2*
      Deng(q2 + q3,xiw,0)*Deng(q2 + q3,xiw,M3)*xiw*ufoGC58*ufoGC107*ufoGC4*
      ufoGC93
       - 1/4*g_(1,6_,nu9)*FT2(g6)*Vec(nu9,-p4)*Vec(nu16,-q2)*Vec(nu15,q2)*
      Vecr(nu16,p4)*Vecr(nu15,p4)*Den( - p4 + q2 + q3)^2*Deng(p4,xiw,M3)^2*
      Deng(q2 + q3,xiw,0)*Deng(q2 + q3,xiw,M3)*xia*xiw*ufoGC58*ufoGC107*ufoGC4
      *ufoGC93
       + 1/4*g_(1,6_,nu9)*FT2(g6)*Vec(nu9,-p4)*Vec(nu16,-q2)*Vec(nu15,q2)*
      Vecr(nu16,p4)*Vecr(nu15,p4)*Den( - p4 + q2 + q3)^2*Deng(p4,xiw,M3)^2*
      Deng(q2 + q3,xiw,0)*Deng(q2 + q3,xiw,M3)*xiw*ufoGC58*ufoGC107*ufoGC4*
      ufoGC93
       - 1/4*g_(1,6_,nu9)*FT2(g6)*Vec(nu9,-p4)*Vec(nu16,-q2)*Vec(nu15,q3)*
      Vecr(nu16,p4)*Vecr(nu15,p4)*Den( - p4 + q2 + q3)^2*Deng(p4,xiw,M3)^2*
      Deng(q2 + q3,xiw,0)*Deng(q2 + q3,xiw,M3)*xia*xiw*ufoGC58*ufoGC107*ufoGC4
      *ufoGC93
       + 1/4*g_(1,6_,nu9)*FT2(g6)*Vec(nu9,-p4)*Vec(nu16,-q2)*Vec(nu15,q3)*
      Vecr(nu16,p4)*Vecr(nu15,p4)*Den( - p4 + q2 + q3)^2*Deng(p4,xiw,M3)^2*
      Deng(q2 + q3,xiw,0)*Deng(q2 + q3,xiw,M3)*xiw*ufoGC58*ufoGC107*ufoGC4*
      ufoGC93
       - 1/4*g_(1,6_,nu9)*FT2(g6)*Vec(nu9,-p4)*Vec(nu16,-q2)*Vec(nu15,-p4)*
      Vecr(nu16,p4)*Vecr(nu15,p4)*Den( - p4 + q2 + q3)^2*Deng(p4,xiw,M3)^2*
      Deng(q2 + q3,xiw,0)*Deng(q2 + q3,xiw,M3)*xia*xiw*ufoGC58*ufoGC107*ufoGC4
      *ufoGC93
       + 1/4*g_(1,6_,nu9)*FT2(g6)*Vec(nu9,-p4)*Vec(nu16,-q2)*Vec(nu15,-p4)*
      Vecr(nu16,p4)*Vecr(nu15,p4)*Den( - p4 + q2 + q3)^2*Deng(p4,xiw,M3)^2*
      Deng(q2 + q3,xiw,0)*Deng(q2 + q3,xiw,M3)*xiw*ufoGC58*ufoGC107*ufoGC4*
      ufoGC93
       - 1/4*g_(1,6_,nu9)*FT2(g6)*Vec(nu9,-p4)*Vec(nu16,-q3)*Vec(nu15,q2)*
      Vecr(nu16,p4)*Vecr(nu15,p4)*Den( - p4 + q2 + q3)^2*Deng(p4,xiw,M3)^2*
      Deng(q2 + q3,xiw,0)*Deng(q2 + q3,xiw,M3)*xia*xiw*ufoGC58*ufoGC107*ufoGC4
      *ufoGC93
       + 1/4*g_(1,6_,nu9)*FT2(g6)*Vec(nu9,-p4)*Vec(nu16,-q3)*Vec(nu15,q2)*
      Vecr(nu16,p4)*Vecr(nu15,p4)*Den( - p4 + q2 + q3)^2*Deng(p4,xiw,M3)^2*
      Deng(q2 + q3,xiw,0)*Deng(q2 + q3,xiw,M3)*xiw*ufoGC58*ufoGC107*ufoGC4*
      ufoGC93
       - 1/4*g_(1,6_,nu9)*FT2(g6)*Vec(nu9,-p4)*Vec(nu16,-q3)*Vec(nu15,q3)*
      Vecr(nu16,p4)*Vecr(nu15,p4)*Den( - p4 + q2 + q3)^2*Deng(p4,xiw,M3)^2*
      Deng(q2 + q3,xiw,0)*Deng(q2 + q3,xiw,M3)*xia*xiw*ufoGC58*ufoGC107*ufoGC4
      *ufoGC93
       + 1/4*g_(1,6_,nu9)*FT2(g6)*Vec(nu9,-p4)*Vec(nu16,-q3)*Vec(nu15,q3)*
      Vecr(nu16,p4)*Vecr(nu15,p4)*Den( - p4 + q2 + q3)^2*Deng(p4,xiw,M3)^2*
      Deng(q2 + q3,xiw,0)*Deng(q2 + q3,xiw,M3)*xiw*ufoGC58*ufoGC107*ufoGC4*
      ufoGC93
       - 1/4*g_(1,6_,nu9)*FT2(g6)*Vec(nu9,-p4)*Vec(nu16,-q3)*Vec(nu15,-p4)*
      Vecr(nu16,p4)*Vecr(nu15,p4)*Den( - p4 + q2 + q3)^2*Deng(p4,xiw,M3)^2*
      Deng(q2 + q3,xiw,0)*Deng(q2 + q3,xiw,M3)*xia*xiw*ufoGC58*ufoGC107*ufoGC4
      *ufoGC93
       + 1/4*g_(1,6_,nu9)*FT2(g6)*Vec(nu9,-p4)*Vec(nu16,-q3)*Vec(nu15,-p4)*
      Vecr(nu16,p4)*Vecr(nu15,p4)*Den( - p4 + q2 + q3)^2*Deng(p4,xiw,M3)^2*
      Deng(q2 + q3,xiw,0)*Deng(q2 + q3,xiw,M3)*xiw*ufoGC58*ufoGC107*ufoGC4*
      ufoGC93
       - 1/4*g_(1,6_,nu9)*FT2(g6)*Vec(nu9,-p4)*Vec(nu15,q2)*Vecr(nu15,p4)*Den(
       - p4 + q2 + q3)^2*Deng(p4,xiw,M3)^2*Deng(q2 + q3,xiw,0)*Deng(q2 + q3,
      xiw,M3)*p4.p4*xia*xiw*ufoGC58*ufoGC107*ufoGC4*ufoGC93
       + 1/4*g_(1,6_,nu9)*FT2(g6)*Vec(nu9,-p4)*Vec(nu15,q2)*Vecr(nu15,p4)*Den(
       - p4 + q2 + q3)^2*Deng(p4,xiw,M3)^2*Deng(q2 + q3,xiw,0)*Deng(q2 + q3,
      xiw,M3)*p4.p4*xiw*ufoGC58*ufoGC107*ufoGC4*ufoGC93
       - 1/4*g_(1,6_,nu9)*FT2(g6)*Vec(nu9,-p4)*Vec(nu15,q3)*Vecr(nu15,p4)*Den(
       - p4 + q2 + q3)^2*Deng(p4,xiw,M3)^2*Deng(q2 + q3,xiw,0)*Deng(q2 + q3,
      xiw,M3)*p4.p4*xia*xiw*ufoGC58*ufoGC107*ufoGC4*ufoGC93
       + 1/4*g_(1,6_,nu9)*FT2(g6)*Vec(nu9,-p4)*Vec(nu15,q3)*Vecr(nu15,p4)*Den(
       - p4 + q2 + q3)^2*Deng(p4,xiw,M3)^2*Deng(q2 + q3,xiw,0)*Deng(q2 + q3,
      xiw,M3)*p4.p4*xiw*ufoGC58*ufoGC107*ufoGC4*ufoGC93
       - 1/4*g_(1,6_,nu9)*FT2(g6)*Vec(nu9,-p4)*Vec(nu15,-p4)*Vecr(nu15,p4)*
      Den( - p4 + q2 + q3)^2*Deng(p4,xiw,M3)^2*Deng(q2 + q3,xiw,0)*Deng(q2 + 
      q3,xiw,M3)*p4.p4*xia*xiw*ufoGC58*ufoGC107*ufoGC4*ufoGC93
       + 1/4*g_(1,6_,nu9)*FT2(g6)*Vec(nu9,-p4)*Vec(nu15,-p4)*Vecr(nu15,p4)*
      Den( - p4 + q2 + q3)^2*Deng(p4,xiw,M3)^2*Deng(q2 + q3,xiw,0)*Deng(q2 + 
      q3,xiw,M3)*p4.p4*xiw*ufoGC58*ufoGC107*ufoGC4*ufoGC93
       - 1/4*g_(1,6_,nu9)*FT2(g6)*Vec(nu9,-p4)*Den( - p4 + q2 + q3)*Deng(p4,
      xiw,M3)^2*Deng(q2 + q3,xiw,0)*Deng(q2 + q3,xiw,M3)*p4.p4*xiw*ufoGC58*
      ufoGC107*ufoGC4*ufoGC93
       + 1/4*g_(1,6_,nu9)*FT2(g6)*Vec(nu9,-q2)*Vec(nu16,q2)*Vec(nu15,q2)*Vecr(
      nu16,p4)*Vecr(nu15,p4)*Den( - p4 + q2 + q3)^2*Deng(p4,xiw,M3)^2*Deng(q2
       + q3,xiw,0)*Deng(q2 + q3,xiw,M3)*xia*xiw*ufoGC58*ufoGC107*ufoGC4*
      ufoGC93
       - 1/4*g_(1,6_,nu9)*FT2(g6)*Vec(nu9,-q2)*Vec(nu16,q2)*Vec(nu15,q2)*Vecr(
      nu16,p4)*Vecr(nu15,p4)*Den( - p4 + q2 + q3)^2*Deng(p4,xiw,M3)^2*Deng(q2
       + q3,xiw,0)*Deng(q2 + q3,xiw,M3)*xiw*ufoGC58*ufoGC107*ufoGC4*ufoGC93
       + 1/4*g_(1,6_,nu9)*FT2(g6)*Vec(nu9,-q2)*Vec(nu16,q2)*Vec(nu15,q3)*Vecr(
      nu16,p4)*Vecr(nu15,p4)*Den( - p4 + q2 + q3)^2*Deng(p4,xiw,M3)^2*Deng(q2
       + q3,xiw,0)*Deng(q2 + q3,xiw,M3)*xia*xiw*ufoGC58*ufoGC107*ufoGC4*
      ufoGC93
       - 1/4*g_(1,6_,nu9)*FT2(g6)*Vec(nu9,-q2)*Vec(nu16,q2)*Vec(nu15,q3)*Vecr(
      nu16,p4)*Vecr(nu15,p4)*Den( - p4 + q2 + q3)^2*Deng(p4,xiw,M3)^2*Deng(q2
       + q3,xiw,0)*Deng(q2 + q3,xiw,M3)*xiw*ufoGC58*ufoGC107*ufoGC4*ufoGC93
       + 1/4*g_(1,6_,nu9)*FT2(g6)*Vec(nu9,-q2)*Vec(nu16,q2)*Vec(nu15,-p4)*
      Vecr(nu16,p4)*Vecr(nu15,p4)*Den( - p4 + q2 + q3)^2*Deng(p4,xiw,M3)^2*
      Deng(q2 + q3,xiw,0)*Deng(q2 + q3,xiw,M3)*xia*xiw*ufoGC58*ufoGC107*ufoGC4
      *ufoGC93
       - 1/4*g_(1,6_,nu9)*FT2(g6)*Vec(nu9,-q2)*Vec(nu16,q2)*Vec(nu15,-p4)*
      Vecr(nu16,p4)*Vecr(nu15,p4)*Den( - p4 + q2 + q3)^2*Deng(p4,xiw,M3)^2*
      Deng(q2 + q3,xiw,0)*Deng(q2 + q3,xiw,M3)*xiw*ufoGC58*ufoGC107*ufoGC4*
      ufoGC93
       + 1/4*g_(1,6_,nu9)*FT2(g6)*Vec(nu9,-q2)*Vec(nu16,q3)*Vec(nu15,q2)*Vecr(
      nu16,p4)*Vecr(nu15,p4)*Den( - p4 + q2 + q3)^2*Deng(p4,xiw,M3)^2*Deng(q2
       + q3,xiw,0)*Deng(q2 + q3,xiw,M3)*xia*xiw*ufoGC58*ufoGC107*ufoGC4*
      ufoGC93
       - 1/4*g_(1,6_,nu9)*FT2(g6)*Vec(nu9,-q2)*Vec(nu16,q3)*Vec(nu15,q2)*Vecr(
      nu16,p4)*Vecr(nu15,p4)*Den( - p4 + q2 + q3)^2*Deng(p4,xiw,M3)^2*Deng(q2
       + q3,xiw,0)*Deng(q2 + q3,xiw,M3)*xiw*ufoGC58*ufoGC107*ufoGC4*ufoGC93
       + 1/4*g_(1,6_,nu9)*FT2(g6)*Vec(nu9,-q2)*Vec(nu16,q3)*Vec(nu15,q3)*Vecr(
      nu16,p4)*Vecr(nu15,p4)*Den( - p4 + q2 + q3)^2*Deng(p4,xiw,M3)^2*Deng(q2
       + q3,xiw,0)*Deng(q2 + q3,xiw,M3)*xia*xiw*ufoGC58*ufoGC107*ufoGC4*
      ufoGC93
       - 1/4*g_(1,6_,nu9)*FT2(g6)*Vec(nu9,-q2)*Vec(nu16,q3)*Vec(nu15,q3)*Vecr(
      nu16,p4)*Vecr(nu15,p4)*Den( - p4 + q2 + q3)^2*Deng(p4,xiw,M3)^2*Deng(q2
       + q3,xiw,0)*Deng(q2 + q3,xiw,M3)*xiw*ufoGC58*ufoGC107*ufoGC4*ufoGC93
       + 1/4*g_(1,6_,nu9)*FT2(g6)*Vec(nu9,-q2)*Vec(nu16,q3)*Vec(nu15,-p4)*
      Vecr(nu16,p4)*Vecr(nu15,p4)*Den( - p4 + q2 + q3)^2*Deng(p4,xiw,M3)^2*
      Deng(q2 + q3,xiw,0)*Deng(q2 + q3,xiw,M3)*xia*xiw*ufoGC58*ufoGC107*ufoGC4
      *ufoGC93
       - 1/4*g_(1,6_,nu9)*FT2(g6)*Vec(nu9,-q2)*Vec(nu16,q3)*Vec(nu15,-p4)*
      Vecr(nu16,p4)*Vecr(nu15,p4)*Den( - p4 + q2 + q3)^2*Deng(p4,xiw,M3)^2*
      Deng(q2 + q3,xiw,0)*Deng(q2 + q3,xiw,M3)*xiw*ufoGC58*ufoGC107*ufoGC4*
      ufoGC93
       + 1/4*g_(1,6_,nu9)*FT2(g6)*Vec(nu9,-q2)*Vec(nu16,-p4)*Vec(nu15,q2)*
      Vecr(nu16,p4)*Vecr(nu15,p4)*Den( - p4 + q2 + q3)^2*Deng(p4,xiw,M3)^2*
      Deng(q2 + q3,xiw,0)*Deng(q2 + q3,xiw,M3)*xia*xiw*ufoGC58*ufoGC107*ufoGC4
      *ufoGC93
       - 1/4*g_(1,6_,nu9)*FT2(g6)*Vec(nu9,-q2)*Vec(nu16,-p4)*Vec(nu15,q2)*
      Vecr(nu16,p4)*Vecr(nu15,p4)*Den( - p4 + q2 + q3)^2*Deng(p4,xiw,M3)^2*
      Deng(q2 + q3,xiw,0)*Deng(q2 + q3,xiw,M3)*xiw*ufoGC58*ufoGC107*ufoGC4*
      ufoGC93
       + 1/4*g_(1,6_,nu9)*FT2(g6)*Vec(nu9,-q2)*Vec(nu16,-p4)*Vec(nu15,q3)*
      Vecr(nu16,p4)*Vecr(nu15,p4)*Den( - p4 + q2 + q3)^2*Deng(p4,xiw,M3)^2*
      Deng(q2 + q3,xiw,0)*Deng(q2 + q3,xiw,M3)*xia*xiw*ufoGC58*ufoGC107*ufoGC4
      *ufoGC93
       - 1/4*g_(1,6_,nu9)*FT2(g6)*Vec(nu9,-q2)*Vec(nu16,-p4)*Vec(nu15,q3)*
      Vecr(nu16,p4)*Vecr(nu15,p4)*Den( - p4 + q2 + q3)^2*Deng(p4,xiw,M3)^2*
      Deng(q2 + q3,xiw,0)*Deng(q2 + q3,xiw,M3)*xiw*ufoGC58*ufoGC107*ufoGC4*
      ufoGC93
       + 1/4*g_(1,6_,nu9)*FT2(g6)*Vec(nu9,-q2)*Vec(nu16,-p4)*Vec(nu15,-p4)*
      Vecr(nu16,p4)*Vecr(nu15,p4)*Den( - p4 + q2 + q3)^2*Deng(p4,xiw,M3)^2*
      Deng(q2 + q3,xiw,0)*Deng(q2 + q3,xiw,M3)*xia*xiw*ufoGC58*ufoGC107*ufoGC4
      *ufoGC93
       - 1/4*g_(1,6_,nu9)*FT2(g6)*Vec(nu9,-q2)*Vec(nu16,-p4)*Vec(nu15,-p4)*
      Vecr(nu16,p4)*Vecr(nu15,p4)*Den( - p4 + q2 + q3)^2*Deng(p4,xiw,M3)^2*
      Deng(q2 + q3,xiw,0)*Deng(q2 + q3,xiw,M3)*xiw*ufoGC58*ufoGC107*ufoGC4*
      ufoGC93
       + 1/4*g_(1,6_,nu9)*FT2(g6)*Vec(nu9,-q2)*Den( - p4 + q2 + q3)*Deng(p4,
      xiw,M3)^2*Deng(q2 + q3,xiw,0)*Deng(q2 + q3,xiw,M3)*p4.p4*xiw*ufoGC58*
      ufoGC107*ufoGC4*ufoGC93
       + 1/4*g_(1,6_,nu9)*FT2(g6)*Vec(nu9,-q3)*Vec(nu16,q2)*Vec(nu15,q2)*Vecr(
      nu16,p4)*Vecr(nu15,p4)*Den( - p4 + q2 + q3)^2*Deng(p4,xiw,M3)^2*Deng(q2
       + q3,xiw,0)*Deng(q2 + q3,xiw,M3)*xia*xiw*ufoGC58*ufoGC107*ufoGC4*
      ufoGC93
       - 1/4*g_(1,6_,nu9)*FT2(g6)*Vec(nu9,-q3)*Vec(nu16,q2)*Vec(nu15,q2)*Vecr(
      nu16,p4)*Vecr(nu15,p4)*Den( - p4 + q2 + q3)^2*Deng(p4,xiw,M3)^2*Deng(q2
       + q3,xiw,0)*Deng(q2 + q3,xiw,M3)*xiw*ufoGC58*ufoGC107*ufoGC4*ufoGC93
       + 1/4*g_(1,6_,nu9)*FT2(g6)*Vec(nu9,-q3)*Vec(nu16,q2)*Vec(nu15,q3)*Vecr(
      nu16,p4)*Vecr(nu15,p4)*Den( - p4 + q2 + q3)^2*Deng(p4,xiw,M3)^2*Deng(q2
       + q3,xiw,0)*Deng(q2 + q3,xiw,M3)*xia*xiw*ufoGC58*ufoGC107*ufoGC4*
      ufoGC93
       - 1/4*g_(1,6_,nu9)*FT2(g6)*Vec(nu9,-q3)*Vec(nu16,q2)*Vec(nu15,q3)*Vecr(
      nu16,p4)*Vecr(nu15,p4)*Den( - p4 + q2 + q3)^2*Deng(p4,xiw,M3)^2*Deng(q2
       + q3,xiw,0)*Deng(q2 + q3,xiw,M3)*xiw*ufoGC58*ufoGC107*ufoGC4*ufoGC93
       + 1/4*g_(1,6_,nu9)*FT2(g6)*Vec(nu9,-q3)*Vec(nu16,q2)*Vec(nu15,-p4)*
      Vecr(nu16,p4)*Vecr(nu15,p4)*Den( - p4 + q2 + q3)^2*Deng(p4,xiw,M3)^2*
      Deng(q2 + q3,xiw,0)*Deng(q2 + q3,xiw,M3)*xia*xiw*ufoGC58*ufoGC107*ufoGC4
      *ufoGC93
       - 1/4*g_(1,6_,nu9)*FT2(g6)*Vec(nu9,-q3)*Vec(nu16,q2)*Vec(nu15,-p4)*
      Vecr(nu16,p4)*Vecr(nu15,p4)*Den( - p4 + q2 + q3)^2*Deng(p4,xiw,M3)^2*
      Deng(q2 + q3,xiw,0)*Deng(q2 + q3,xiw,M3)*xiw*ufoGC58*ufoGC107*ufoGC4*
      ufoGC93
       + 1/4*g_(1,6_,nu9)*FT2(g6)*Vec(nu9,-q3)*Vec(nu16,q3)*Vec(nu15,q2)*Vecr(
      nu16,p4)*Vecr(nu15,p4)*Den( - p4 + q2 + q3)^2*Deng(p4,xiw,M3)^2*Deng(q2
       + q3,xiw,0)*Deng(q2 + q3,xiw,M3)*xia*xiw*ufoGC58*ufoGC107*ufoGC4*
      ufoGC93
       - 1/4*g_(1,6_,nu9)*FT2(g6)*Vec(nu9,-q3)*Vec(nu16,q3)*Vec(nu15,q2)*Vecr(
      nu16,p4)*Vecr(nu15,p4)*Den( - p4 + q2 + q3)^2*Deng(p4,xiw,M3)^2*Deng(q2
       + q3,xiw,0)*Deng(q2 + q3,xiw,M3)*xiw*ufoGC58*ufoGC107*ufoGC4*ufoGC93
       + 1/4*g_(1,6_,nu9)*FT2(g6)*Vec(nu9,-q3)*Vec(nu16,q3)*Vec(nu15,q3)*Vecr(
      nu16,p4)*Vecr(nu15,p4)*Den( - p4 + q2 + q3)^2*Deng(p4,xiw,M3)^2*Deng(q2
       + q3,xiw,0)*Deng(q2 + q3,xiw,M3)*xia*xiw*ufoGC58*ufoGC107*ufoGC4*
      ufoGC93
       - 1/4*g_(1,6_,nu9)*FT2(g6)*Vec(nu9,-q3)*Vec(nu16,q3)*Vec(nu15,q3)*Vecr(
      nu16,p4)*Vecr(nu15,p4)*Den( - p4 + q2 + q3)^2*Deng(p4,xiw,M3)^2*Deng(q2
       + q3,xiw,0)*Deng(q2 + q3,xiw,M3)*xiw*ufoGC58*ufoGC107*ufoGC4*ufoGC93
       + 1/4*g_(1,6_,nu9)*FT2(g6)*Vec(nu9,-q3)*Vec(nu16,q3)*Vec(nu15,-p4)*
      Vecr(nu16,p4)*Vecr(nu15,p4)*Den( - p4 + q2 + q3)^2*Deng(p4,xiw,M3)^2*
      Deng(q2 + q3,xiw,0)*Deng(q2 + q3,xiw,M3)*xia*xiw*ufoGC58*ufoGC107*ufoGC4
      *ufoGC93
       - 1/4*g_(1,6_,nu9)*FT2(g6)*Vec(nu9,-q3)*Vec(nu16,q3)*Vec(nu15,-p4)*
      Vecr(nu16,p4)*Vecr(nu15,p4)*Den( - p4 + q2 + q3)^2*Deng(p4,xiw,M3)^2*
      Deng(q2 + q3,xiw,0)*Deng(q2 + q3,xiw,M3)*xiw*ufoGC58*ufoGC107*ufoGC4*
      ufoGC93
       + 1/4*g_(1,6_,nu9)*FT2(g6)*Vec(nu9,-q3)*Vec(nu16,-p4)*Vec(nu15,q2)*
      Vecr(nu16,p4)*Vecr(nu15,p4)*Den( - p4 + q2 + q3)^2*Deng(p4,xiw,M3)^2*
      Deng(q2 + q3,xiw,0)*Deng(q2 + q3,xiw,M3)*xia*xiw*ufoGC58*ufoGC107*ufoGC4
      *ufoGC93
       - 1/4*g_(1,6_,nu9)*FT2(g6)*Vec(nu9,-q3)*Vec(nu16,-p4)*Vec(nu15,q2)*
      Vecr(nu16,p4)*Vecr(nu15,p4)*Den( - p4 + q2 + q3)^2*Deng(p4,xiw,M3)^2*
      Deng(q2 + q3,xiw,0)*Deng(q2 + q3,xiw,M3)*xiw*ufoGC58*ufoGC107*ufoGC4*
      ufoGC93
       + 1/4*g_(1,6_,nu9)*FT2(g6)*Vec(nu9,-q3)*Vec(nu16,-p4)*Vec(nu15,q3)*
      Vecr(nu16,p4)*Vecr(nu15,p4)*Den( - p4 + q2 + q3)^2*Deng(p4,xiw,M3)^2*
      Deng(q2 + q3,xiw,0)*Deng(q2 + q3,xiw,M3)*xia*xiw*ufoGC58*ufoGC107*ufoGC4
      *ufoGC93
       - 1/4*g_(1,6_,nu9)*FT2(g6)*Vec(nu9,-q3)*Vec(nu16,-p4)*Vec(nu15,q3)*
      Vecr(nu16,p4)*Vecr(nu15,p4)*Den( - p4 + q2 + q3)^2*Deng(p4,xiw,M3)^2*
      Deng(q2 + q3,xiw,0)*Deng(q2 + q3,xiw,M3)*xiw*ufoGC58*ufoGC107*ufoGC4*
      ufoGC93
       + 1/4*g_(1,6_,nu9)*FT2(g6)*Vec(nu9,-q3)*Vec(nu16,-p4)*Vec(nu15,-p4)*
      Vecr(nu16,p4)*Vecr(nu15,p4)*Den( - p4 + q2 + q3)^2*Deng(p4,xiw,M3)^2*
      Deng(q2 + q3,xiw,0)*Deng(q2 + q3,xiw,M3)*xia*xiw*ufoGC58*ufoGC107*ufoGC4
      *ufoGC93
       - 1/4*g_(1,6_,nu9)*FT2(g6)*Vec(nu9,-q3)*Vec(nu16,-p4)*Vec(nu15,-p4)*
      Vecr(nu16,p4)*Vecr(nu15,p4)*Den( - p4 + q2 + q3)^2*Deng(p4,xiw,M3)^2*
      Deng(q2 + q3,xiw,0)*Deng(q2 + q3,xiw,M3)*xiw*ufoGC58*ufoGC107*ufoGC4*
      ufoGC93
       + 1/4*g_(1,6_,nu9)*FT2(g6)*Vec(nu9,-q3)*Den( - p4 + q2 + q3)*Deng(p4,
      xiw,M3)^2*Deng(q2 + q3,xiw,0)*Deng(q2 + q3,xiw,M3)*p4.p4*xiw*ufoGC58*
      ufoGC107*ufoGC4*ufoGC93
       + 1/4*g_(1,6_,nu9)*FT2(g6)*Vec(nu16,q2)*Vec(nu15,q2)*Vecr(nu9,p4)*Vecr(
      nu16,p4)*Vecr(nu15,p4)*Den( - p4 + q2 + q3)^2*Deng(p4,xiw,M3)^2*Deng(q2
       + q3,xiw,0)*Deng(q2 + q3,xiw,M3)*xia*xiw*ufoGC58*ufoGC107*ufoGC4*
      ufoGC93
       - 1/4*g_(1,6_,nu9)*FT2(g6)*Vec(nu16,q2)*Vec(nu15,q2)*Vecr(nu9,p4)*Vecr(
      nu16,p4)*Vecr(nu15,p4)*Den( - p4 + q2 + q3)^2*Deng(p4,xiw,M3)^2*Deng(q2
       + q3,xiw,0)*Deng(q2 + q3,xiw,M3)*xiw*ufoGC58*ufoGC107*ufoGC4*ufoGC93
       + 1/4*g_(1,6_,nu9)*FT2(g6)*Vec(nu16,q2)*Vec(nu15,q3)*Vecr(nu9,p4)*Vecr(
      nu16,p4)*Vecr(nu15,p4)*Den( - p4 + q2 + q3)^2*Deng(p4,xiw,M3)^2*Deng(q2
       + q3,xiw,0)*Deng(q2 + q3,xiw,M3)*xia*xiw*ufoGC58*ufoGC107*ufoGC4*
      ufoGC93
       - 1/4*g_(1,6_,nu9)*FT2(g6)*Vec(nu16,q2)*Vec(nu15,q3)*Vecr(nu9,p4)*Vecr(
      nu16,p4)*Vecr(nu15,p4)*Den( - p4 + q2 + q3)^2*Deng(p4,xiw,M3)^2*Deng(q2
       + q3,xiw,0)*Deng(q2 + q3,xiw,M3)*xiw*ufoGC58*ufoGC107*ufoGC4*ufoGC93
       + 1/4*g_(1,6_,nu9)*FT2(g6)*Vec(nu16,q2)*Vec(nu15,-p4)*Vecr(nu9,p4)*
      Vecr(nu16,p4)*Vecr(nu15,p4)*Den( - p4 + q2 + q3)^2*Deng(p4,xiw,M3)^2*
      Deng(q2 + q3,xiw,0)*Deng(q2 + q3,xiw,M3)*xia*xiw*ufoGC58*ufoGC107*ufoGC4
      *ufoGC93
       - 1/4*g_(1,6_,nu9)*FT2(g6)*Vec(nu16,q2)*Vec(nu15,-p4)*Vecr(nu9,p4)*
      Vecr(nu16,p4)*Vecr(nu15,p4)*Den( - p4 + q2 + q3)^2*Deng(p4,xiw,M3)^2*
      Deng(q2 + q3,xiw,0)*Deng(q2 + q3,xiw,M3)*xiw*ufoGC58*ufoGC107*ufoGC4*
      ufoGC93
       + 1/4*g_(1,6_,nu9)*FT2(g6)*Vec(nu16,q3)*Vec(nu15,q2)*Vecr(nu9,p4)*Vecr(
      nu16,p4)*Vecr(nu15,p4)*Den( - p4 + q2 + q3)^2*Deng(p4,xiw,M3)^2*Deng(q2
       + q3,xiw,0)*Deng(q2 + q3,xiw,M3)*xia*xiw*ufoGC58*ufoGC107*ufoGC4*
      ufoGC93
       - 1/4*g_(1,6_,nu9)*FT2(g6)*Vec(nu16,q3)*Vec(nu15,q2)*Vecr(nu9,p4)*Vecr(
      nu16,p4)*Vecr(nu15,p4)*Den( - p4 + q2 + q3)^2*Deng(p4,xiw,M3)^2*Deng(q2
       + q3,xiw,0)*Deng(q2 + q3,xiw,M3)*xiw*ufoGC58*ufoGC107*ufoGC4*ufoGC93
       + 1/4*g_(1,6_,nu9)*FT2(g6)*Vec(nu16,q3)*Vec(nu15,q3)*Vecr(nu9,p4)*Vecr(
      nu16,p4)*Vecr(nu15,p4)*Den( - p4 + q2 + q3)^2*Deng(p4,xiw,M3)^2*Deng(q2
       + q3,xiw,0)*Deng(q2 + q3,xiw,M3)*xia*xiw*ufoGC58*ufoGC107*ufoGC4*
      ufoGC93
       - 1/4*g_(1,6_,nu9)*FT2(g6)*Vec(nu16,q3)*Vec(nu15,q3)*Vecr(nu9,p4)*Vecr(
      nu16,p4)*Vecr(nu15,p4)*Den( - p4 + q2 + q3)^2*Deng(p4,xiw,M3)^2*Deng(q2
       + q3,xiw,0)*Deng(q2 + q3,xiw,M3)*xiw*ufoGC58*ufoGC107*ufoGC4*ufoGC93
       + 1/4*g_(1,6_,nu9)*FT2(g6)*Vec(nu16,q3)*Vec(nu15,-p4)*Vecr(nu9,p4)*
      Vecr(nu16,p4)*Vecr(nu15,p4)*Den( - p4 + q2 + q3)^2*Deng(p4,xiw,M3)^2*
      Deng(q2 + q3,xiw,0)*Deng(q2 + q3,xiw,M3)*xia*xiw*ufoGC58*ufoGC107*ufoGC4
      *ufoGC93
       - 1/4*g_(1,6_,nu9)*FT2(g6)*Vec(nu16,q3)*Vec(nu15,-p4)*Vecr(nu9,p4)*
      Vecr(nu16,p4)*Vecr(nu15,p4)*Den( - p4 + q2 + q3)^2*Deng(p4,xiw,M3)^2*
      Deng(q2 + q3,xiw,0)*Deng(q2 + q3,xiw,M3)*xiw*ufoGC58*ufoGC107*ufoGC4*
      ufoGC93
       + 1/4*g_(1,6_,nu9)*FT2(g6)*Vec(nu16,-p4)*Vec(nu15,q2)*Vecr(nu9,p4)*
      Vecr(nu16,p4)*Vecr(nu15,p4)*Den( - p4 + q2 + q3)^2*Deng(p4,xiw,M3)^2*
      Deng(q2 + q3,xiw,0)*Deng(q2 + q3,xiw,M3)*xia*xiw*ufoGC58*ufoGC107*ufoGC4
      *ufoGC93
       - 1/4*g_(1,6_,nu9)*FT2(g6)*Vec(nu16,-p4)*Vec(nu15,q2)*Vecr(nu9,p4)*
      Vecr(nu16,p4)*Vecr(nu15,p4)*Den( - p4 + q2 + q3)^2*Deng(p4,xiw,M3)^2*
      Deng(q2 + q3,xiw,0)*Deng(q2 + q3,xiw,M3)*xiw*ufoGC58*ufoGC107*ufoGC4*
      ufoGC93
       + 1/4*g_(1,6_,nu9)*FT2(g6)*Vec(nu16,-p4)*Vec(nu15,q3)*Vecr(nu9,p4)*
      Vecr(nu16,p4)*Vecr(nu15,p4)*Den( - p4 + q2 + q3)^2*Deng(p4,xiw,M3)^2*
      Deng(q2 + q3,xiw,0)*Deng(q2 + q3,xiw,M3)*xia*xiw*ufoGC58*ufoGC107*ufoGC4
      *ufoGC93
       - 1/4*g_(1,6_,nu9)*FT2(g6)*Vec(nu16,-p4)*Vec(nu15,q3)*Vecr(nu9,p4)*
      Vecr(nu16,p4)*Vecr(nu15,p4)*Den( - p4 + q2 + q3)^2*Deng(p4,xiw,M3)^2*
      Deng(q2 + q3,xiw,0)*Deng(q2 + q3,xiw,M3)*xiw*ufoGC58*ufoGC107*ufoGC4*
      ufoGC93
       + 1/4*g_(1,6_,nu9)*FT2(g6)*Vec(nu16,-p4)*Vec(nu15,-p4)*Vecr(nu9,p4)*
      Vecr(nu16,p4)*Vecr(nu15,p4)*Den( - p4 + q2 + q3)^2*Deng(p4,xiw,M3)^2*
      Deng(q2 + q3,xiw,0)*Deng(q2 + q3,xiw,M3)*xia*xiw*ufoGC58*ufoGC107*ufoGC4
      *ufoGC93
       - 1/4*g_(1,6_,nu9)*FT2(g6)*Vec(nu16,-p4)*Vec(nu15,-p4)*Vecr(nu9,p4)*
      Vecr(nu16,p4)*Vecr(nu15,p4)*Den( - p4 + q2 + q3)^2*Deng(p4,xiw,M3)^2*
      Deng(q2 + q3,xiw,0)*Deng(q2 + q3,xiw,M3)*xiw*ufoGC58*ufoGC107*ufoGC4*
      ufoGC93
       + 1/4*g_(1,6_,nu9)*FT2(g6)*Vecr(nu9,p4)*Den( - p4 + q2 + q3)*Deng(p4,
      xiw,M3)^2*Deng(q2 + q3,xiw,0)*Deng(q2 + q3,xiw,M3)*p4.p4*xiw*ufoGC58*
      ufoGC107*ufoGC4*ufoGC93
       - 1/4*g_(1,6_,nu16)*FT2(g6)*Vec(nu14,q2)^2*Vec(nu15,q2)*Vecr(nu16,p4)*
      Vecr(nu15,p4)*Den( - p4 + q2 + q3)^2*Deng(p4,xiw,M3)^2*Deng(q2 + q3,xiw,
      0)*Deng(q2 + q3,xiw,M3)*xia*xiw*ufoGC58*ufoGC107*ufoGC4*ufoGC93
       + 1/4*g_(1,6_,nu16)*FT2(g6)*Vec(nu14,q2)^2*Vec(nu15,q2)*Vecr(nu16,p4)*
      Vecr(nu15,p4)*Den( - p4 + q2 + q3)^2*Deng(p4,xiw,M3)^2*Deng(q2 + q3,xiw,
      0)*Deng(q2 + q3,xiw,M3)*xiw*ufoGC58*ufoGC107*ufoGC4*ufoGC93
       - 1/4*g_(1,6_,nu16)*FT2(g6)*Vec(nu14,q2)^2*Vec(nu15,q3)*Vecr(nu16,p4)*
      Vecr(nu15,p4)*Den( - p4 + q2 + q3)^2*Deng(p4,xiw,M3)^2*Deng(q2 + q3,xiw,
      0)*Deng(q2 + q3,xiw,M3)*xia*xiw*ufoGC58*ufoGC107*ufoGC4*ufoGC93
       + 1/4*g_(1,6_,nu16)*FT2(g6)*Vec(nu14,q2)^2*Vec(nu15,q3)*Vecr(nu16,p4)*
      Vecr(nu15,p4)*Den( - p4 + q2 + q3)^2*Deng(p4,xiw,M3)^2*Deng(q2 + q3,xiw,
      0)*Deng(q2 + q3,xiw,M3)*xiw*ufoGC58*ufoGC107*ufoGC4*ufoGC93
       - 1/4*g_(1,6_,nu16)*FT2(g6)*Vec(nu14,q2)^2*Vec(nu15,-p4)*Vecr(nu16,p4)*
      Vecr(nu15,p4)*Den( - p4 + q2 + q3)^2*Deng(p4,xiw,M3)^2*Deng(q2 + q3,xiw,
      0)*Deng(q2 + q3,xiw,M3)*xia*xiw*ufoGC58*ufoGC107*ufoGC4*ufoGC93
       + 1/4*g_(1,6_,nu16)*FT2(g6)*Vec(nu14,q2)^2*Vec(nu15,-p4)*Vecr(nu16,p4)*
      Vecr(nu15,p4)*Den( - p4 + q2 + q3)^2*Deng(p4,xiw,M3)^2*Deng(q2 + q3,xiw,
      0)*Deng(q2 + q3,xiw,M3)*xiw*ufoGC58*ufoGC107*ufoGC4*ufoGC93
       - 1/2*g_(1,6_,nu16)*FT2(g6)*Vec(nu14,q2)*Vec(nu14,q3)*Vec(nu15,q2)*
      Vecr(nu16,p4)*Vecr(nu15,p4)*Den( - p4 + q2 + q3)^2*Deng(p4,xiw,M3)^2*
      Deng(q2 + q3,xiw,0)*Deng(q2 + q3,xiw,M3)*xia*xiw*ufoGC58*ufoGC107*ufoGC4
      *ufoGC93
       + 1/2*g_(1,6_,nu16)*FT2(g6)*Vec(nu14,q2)*Vec(nu14,q3)*Vec(nu15,q2)*
      Vecr(nu16,p4)*Vecr(nu15,p4)*Den( - p4 + q2 + q3)^2*Deng(p4,xiw,M3)^2*
      Deng(q2 + q3,xiw,0)*Deng(q2 + q3,xiw,M3)*xiw*ufoGC58*ufoGC107*ufoGC4*
      ufoGC93
       - 1/2*g_(1,6_,nu16)*FT2(g6)*Vec(nu14,q2)*Vec(nu14,q3)*Vec(nu15,q3)*
      Vecr(nu16,p4)*Vecr(nu15,p4)*Den( - p4 + q2 + q3)^2*Deng(p4,xiw,M3)^2*
      Deng(q2 + q3,xiw,0)*Deng(q2 + q3,xiw,M3)*xia*xiw*ufoGC58*ufoGC107*ufoGC4
      *ufoGC93
       + 1/2*g_(1,6_,nu16)*FT2(g6)*Vec(nu14,q2)*Vec(nu14,q3)*Vec(nu15,q3)*
      Vecr(nu16,p4)*Vecr(nu15,p4)*Den( - p4 + q2 + q3)^2*Deng(p4,xiw,M3)^2*
      Deng(q2 + q3,xiw,0)*Deng(q2 + q3,xiw,M3)*xiw*ufoGC58*ufoGC107*ufoGC4*
      ufoGC93
       - 1/2*g_(1,6_,nu16)*FT2(g6)*Vec(nu14,q2)*Vec(nu14,q3)*Vec(nu15,-p4)*
      Vecr(nu16,p4)*Vecr(nu15,p4)*Den( - p4 + q2 + q3)^2*Deng(p4,xiw,M3)^2*
      Deng(q2 + q3,xiw,0)*Deng(q2 + q3,xiw,M3)*xia*xiw*ufoGC58*ufoGC107*ufoGC4
      *ufoGC93
       + 1/2*g_(1,6_,nu16)*FT2(g6)*Vec(nu14,q2)*Vec(nu14,q3)*Vec(nu15,-p4)*
      Vecr(nu16,p4)*Vecr(nu15,p4)*Den( - p4 + q2 + q3)^2*Deng(p4,xiw,M3)^2*
      Deng(q2 + q3,xiw,0)*Deng(q2 + q3,xiw,M3)*xiw*ufoGC58*ufoGC107*ufoGC4*
      ufoGC93
       - 1/4*g_(1,6_,nu16)*FT2(g6)*Vec(nu14,q3)^2*Vec(nu15,q2)*Vecr(nu16,p4)*
      Vecr(nu15,p4)*Den( - p4 + q2 + q3)^2*Deng(p4,xiw,M3)^2*Deng(q2 + q3,xiw,
      0)*Deng(q2 + q3,xiw,M3)*xia*xiw*ufoGC58*ufoGC107*ufoGC4*ufoGC93
       + 1/4*g_(1,6_,nu16)*FT2(g6)*Vec(nu14,q3)^2*Vec(nu15,q2)*Vecr(nu16,p4)*
      Vecr(nu15,p4)*Den( - p4 + q2 + q3)^2*Deng(p4,xiw,M3)^2*Deng(q2 + q3,xiw,
      0)*Deng(q2 + q3,xiw,M3)*xiw*ufoGC58*ufoGC107*ufoGC4*ufoGC93
       - 1/4*g_(1,6_,nu16)*FT2(g6)*Vec(nu14,q3)^2*Vec(nu15,q3)*Vecr(nu16,p4)*
      Vecr(nu15,p4)*Den( - p4 + q2 + q3)^2*Deng(p4,xiw,M3)^2*Deng(q2 + q3,xiw,
      0)*Deng(q2 + q3,xiw,M3)*xia*xiw*ufoGC58*ufoGC107*ufoGC4*ufoGC93
       + 1/4*g_(1,6_,nu16)*FT2(g6)*Vec(nu14,q3)^2*Vec(nu15,q3)*Vecr(nu16,p4)*
      Vecr(nu15,p4)*Den( - p4 + q2 + q3)^2*Deng(p4,xiw,M3)^2*Deng(q2 + q3,xiw,
      0)*Deng(q2 + q3,xiw,M3)*xiw*ufoGC58*ufoGC107*ufoGC4*ufoGC93
       - 1/4*g_(1,6_,nu16)*FT2(g6)*Vec(nu14,q3)^2*Vec(nu15,-p4)*Vecr(nu16,p4)*
      Vecr(nu15,p4)*Den( - p4 + q2 + q3)^2*Deng(p4,xiw,M3)^2*Deng(q2 + q3,xiw,
      0)*Deng(q2 + q3,xiw,M3)*xia*xiw*ufoGC58*ufoGC107*ufoGC4*ufoGC93
       + 1/4*g_(1,6_,nu16)*FT2(g6)*Vec(nu14,q3)^2*Vec(nu15,-p4)*Vecr(nu16,p4)*
      Vecr(nu15,p4)*Den( - p4 + q2 + q3)^2*Deng(p4,xiw,M3)^2*Deng(q2 + q3,xiw,
      0)*Deng(q2 + q3,xiw,M3)*xiw*ufoGC58*ufoGC107*ufoGC4*ufoGC93
       + 1/4*g_(1,6_,nu16)*FT2(g6)*Vec(nu14,-p4)^2*Vec(nu15,q2)*Vecr(nu16,p4)*
      Vecr(nu15,p4)*Den( - p4 + q2 + q3)^2*Deng(p4,xiw,M3)^2*Deng(q2 + q3,xiw,
      0)*Deng(q2 + q3,xiw,M3)*xia*xiw*ufoGC58*ufoGC107*ufoGC4*ufoGC93
       - 1/4*g_(1,6_,nu16)*FT2(g6)*Vec(nu14,-p4)^2*Vec(nu15,q2)*Vecr(nu16,p4)*
      Vecr(nu15,p4)*Den( - p4 + q2 + q3)^2*Deng(p4,xiw,M3)^2*Deng(q2 + q3,xiw,
      0)*Deng(q2 + q3,xiw,M3)*xiw*ufoGC58*ufoGC107*ufoGC4*ufoGC93
       + 1/4*g_(1,6_,nu16)*FT2(g6)*Vec(nu14,-p4)^2*Vec(nu15,q3)*Vecr(nu16,p4)*
      Vecr(nu15,p4)*Den( - p4 + q2 + q3)^2*Deng(p4,xiw,M3)^2*Deng(q2 + q3,xiw,
      0)*Deng(q2 + q3,xiw,M3)*xia*xiw*ufoGC58*ufoGC107*ufoGC4*ufoGC93
       - 1/4*g_(1,6_,nu16)*FT2(g6)*Vec(nu14,-p4)^2*Vec(nu15,q3)*Vecr(nu16,p4)*
      Vecr(nu15,p4)*Den( - p4 + q2 + q3)^2*Deng(p4,xiw,M3)^2*Deng(q2 + q3,xiw,
      0)*Deng(q2 + q3,xiw,M3)*xiw*ufoGC58*ufoGC107*ufoGC4*ufoGC93
       + 1/4*g_(1,6_,nu16)*FT2(g6)*Vec(nu14,-p4)^2*Vec(nu15,-p4)*Vecr(nu16,p4)
      *Vecr(nu15,p4)*Den( - p4 + q2 + q3)^2*Deng(p4,xiw,M3)^2*Deng(q2 + q3,xiw
      ,0)*Deng(q2 + q3,xiw,M3)*xia*xiw*ufoGC58*ufoGC107*ufoGC4*ufoGC93
       - 1/4*g_(1,6_,nu16)*FT2(g6)*Vec(nu14,-p4)^2*Vec(nu15,-p4)*Vecr(nu16,p4)
      *Vecr(nu15,p4)*Den( - p4 + q2 + q3)^2*Deng(p4,xiw,M3)^2*Deng(q2 + q3,xiw
      ,0)*Deng(q2 + q3,xiw,M3)*xiw*ufoGC58*ufoGC107*ufoGC4*ufoGC93
       - 1/4*g_(1,6_,nu16)*FT2(g6)*Vec(nu15,q2)*Vecr(nu16,p4)*Vecr(nu15,p4)*
      Den( - p4 + q2 + q3)*Deng(p4,xiw,M3)^2*Deng(q2 + q3,xiw,0)*Deng(q2 + q3,
      xiw,M3)*xiw*ufoGC58*ufoGC107*ufoGC4*ufoGC93
       - 1/4*g_(1,6_,nu16)*FT2(g6)*Vec(nu15,q3)*Vecr(nu16,p4)*Vecr(nu15,p4)*
      Den( - p4 + q2 + q3)*Deng(p4,xiw,M3)^2*Deng(q2 + q3,xiw,0)*Deng(q2 + q3,
      xiw,M3)*xiw*ufoGC58*ufoGC107*ufoGC4*ufoGC93
       + 1/4*g_(1,6_,nu16)*FT2(g6)*Vec(nu15,-p4)*Vecr(nu16,p4)*Vecr(nu15,p4)*
      Den( - p4 + q2 + q3)*Deng(p4,xiw,M3)^2*Deng(q2 + q3,xiw,0)*Deng(q2 + q3,
      xiw,M3)*xiw*ufoGC58*ufoGC107*ufoGC4*ufoGC93
       + 1/4*g_(1,6_,nu15)*FT2(g6)*Vec(nu16,q2)*Vecr(nu16,p4)*Vecr(nu15,p4)*
      Den( - p4 + q2 + q3)*Deng(p4,xiw,M3)^2*Deng(q2 + q3,xiw,0)*Deng(q2 + q3,
      xiw,M3)*xiw*ufoGC58*ufoGC107*ufoGC4*ufoGC93
       + 1/4*g_(1,6_,nu15)*FT2(g6)*Vec(nu16,q3)*Vecr(nu16,p4)*Vecr(nu15,p4)*
      Den( - p4 + q2 + q3)*Deng(p4,xiw,M3)^2*Deng(q2 + q3,xiw,0)*Deng(q2 + q3,
      xiw,M3)*xiw*ufoGC58*ufoGC107*ufoGC4*ufoGC93
       - 1/4*g_(1,6_,nu15)*FT2(g6)*Vec(nu16,-q2)*Vecr(nu16,p4)*Vecr(nu15,p4)*
      Den( - p4 + q2 + q3)*Deng(p4,xiw,M3)^2*Deng(q2 + q3,xiw,0)*Deng(q2 + q3,
      xiw,M3)*xiw*ufoGC58*ufoGC107*ufoGC4*ufoGC93
       - 1/4*g_(1,6_,nu15)*FT2(g6)*Vec(nu16,-q3)*Vecr(nu16,p4)*Vecr(nu15,p4)*
      Den( - p4 + q2 + q3)*Deng(p4,xiw,M3)^2*Deng(q2 + q3,xiw,0)*Deng(q2 + q3,
      xiw,M3)*xiw*ufoGC58*ufoGC107*ufoGC4*ufoGC93
       - 1/4*g_(1,6_,nu15)*FT2(g6)*Vecr(nu15,p4)*Den( - p4 + q2 + q3)*Deng(p4,
      xiw,M3)^2*Deng(q2 + q3,xiw,0)*Deng(q2 + q3,xiw,M3)*p4.p4*xiw*ufoGC58*
      ufoGC107*ufoGC4*ufoGC93
      ;

  0.01 sec out of 0.01 sec
