FORM 5.0.0-beta.1 (Jan 15 2026, v5.0.0-beta.1-292-g4341c63)  Run: Fri Feb 27 12:21:33 2026
    #-

   d1l210amp =
       - 1/4*g_(1,6_,nu10)*g_(2,nu16,p3)*cFT(nu13,XX,i2,iufo11)*cFT(g7,XX,
      iufo11,j11)*flavourTag(fmu,j11,j12)*Vec(nu10,q2)*Vec(nu16,-q2)*Vec(nu9,
      q2)*Vec(nu14,q2)*Vecr(nu13,p3)*Vecr(nu9,p3)*Vecr(nu14,p3)*Den(p3 - q2 - 
      q3)^2*Deng(p3,xiw,M3)^2*Deng(q2 + q3,xiw,M3)^2*xia*xiw*ufoGC58^2*ufoGC3*
      ufoGC4
       + 1/4*g_(1,6_,nu10)*g_(2,nu16,p3)*cFT(nu13,XX,i2,iufo11)*cFT(g7,XX,
      iufo11,j11)*flavourTag(fmu,j11,j12)*Vec(nu10,q2)*Vec(nu16,-q2)*Vec(nu9,
      q2)*Vec(nu14,q2)*Vecr(nu13,p3)*Vecr(nu9,p3)*Vecr(nu14,p3)*Den(p3 - q2 - 
      q3)^2*Deng(p3,xiw,M3)^2*Deng(q2 + q3,xiw,M3)^2*xiw*ufoGC58^2*ufoGC3*
      ufoGC4
       - 1/4*g_(1,6_,nu10)*g_(2,nu16,p3)*cFT(nu13,XX,i2,iufo11)*cFT(g7,XX,
      iufo11,j11)*flavourTag(fmu,j11,j12)*Vec(nu10,q2)*Vec(nu16,-q2)*Vec(nu9,
      q2)*Vec(nu14,q3)*Vecr(nu13,p3)*Vecr(nu9,p3)*Vecr(nu14,p3)*Den(p3 - q2 - 
      q3)^2*Deng(p3,xiw,M3)^2*Deng(q2 + q3,xiw,M3)^2*xia*xiw*ufoGC58^2*ufoGC3*
      ufoGC4
       + 1/4*g_(1,6_,nu10)*g_(2,nu16,p3)*cFT(nu13,XX,i2,iufo11)*cFT(g7,XX,
      iufo11,j11)*flavourTag(fmu,j11,j12)*Vec(nu10,q2)*Vec(nu16,-q2)*Vec(nu9,
      q2)*Vec(nu14,q3)*Vecr(nu13,p3)*Vecr(nu9,p3)*Vecr(nu14,p3)*Den(p3 - q2 - 
      q3)^2*Deng(p3,xiw,M3)^2*Deng(q2 + q3,xiw,M3)^2*xiw*ufoGC58^2*ufoGC3*
      ufoGC4
       - 1/4*g_(1,6_,nu10)*g_(2,nu16,p3)*cFT(nu13,XX,i2,iufo11)*cFT(g7,XX,
      iufo11,j11)*flavourTag(fmu,j11,j12)*Vec(nu10,q2)*Vec(nu16,-q2)*Vec(nu9,
      q3)*Vec(nu14,q2)*Vecr(nu13,p3)*Vecr(nu9,p3)*Vecr(nu14,p3)*Den(p3 - q2 - 
      q3)^2*Deng(p3,xiw,M3)^2*Deng(q2 + q3,xiw,M3)^2*xia*xiw*ufoGC58^2*ufoGC3*
      ufoGC4
       + 1/4*g_(1,6_,nu10)*g_(2,nu16,p3)*cFT(nu13,XX,i2,iufo11)*cFT(g7,XX,
      iufo11,j11)*flavourTag(fmu,j11,j12)*Vec(nu10,q2)*Vec(nu16,-q2)*Vec(nu9,
      q3)*Vec(nu14,q2)*Vecr(nu13,p3)*Vecr(nu9,p3)*Vecr(nu14,p3)*Den(p3 - q2 - 
      q3)^2*Deng(p3,xiw,M3)^2*Deng(q2 + q3,xiw,M3)^2*xiw*ufoGC58^2*ufoGC3*
      ufoGC4
       - 1/4*g_(1,6_,nu10)*g_(2,nu16,p3)*cFT(nu13,XX,i2,iufo11)*cFT(g7,XX,
      iufo11,j11)*flavourTag(fmu,j11,j12)*Vec(nu10,q2)*Vec(nu16,-q2)*Vec(nu9,
      q3)*Vec(nu14,q3)*Vecr(nu13,p3)*Vecr(nu9,p3)*Vecr(nu14,p3)*Den(p3 - q2 - 
      q3)^2*Deng(p3,xiw,M3)^2*Deng(q2 + q3,xiw,M3)^2*xia*xiw*ufoGC58^2*ufoGC3*
      ufoGC4
       + 1/4*g_(1,6_,nu10)*g_(2,nu16,p3)*cFT(nu13,XX,i2,iufo11)*cFT(g7,XX,
      iufo11,j11)*flavourTag(fmu,j11,j12)*Vec(nu10,q2)*Vec(nu16,-q2)*Vec(nu9,
      q3)*Vec(nu14,q3)*Vecr(nu13,p3)*Vecr(nu9,p3)*Vecr(nu14,p3)*Den(p3 - q2 - 
      q3)^2*Deng(p3,xiw,M3)^2*Deng(q2 + q3,xiw,M3)^2*xiw*ufoGC58^2*ufoGC3*
      ufoGC4
       + 1/4*g_(1,6_,nu10)*g_(2,nu16,p3)*cFT(nu13,XX,i2,iufo11)*cFT(g7,XX,
      iufo11,j11)*flavourTag(fmu,j11,j12)*Vec(nu10,q2)*Vec(nu16,-q2)*Vec(nu9,
      -p3)*Vec(nu9,q2)*Vec(nu14,-q2)*Vecr(nu13,p3)*Vecr(nu14,p3)*Den(p3 - q2
       - q3)^2*Deng(p3,xiw,M3)^2*Deng(q2 + q3,xiw,M3)^2*xia*xiw*ufoGC58^2*
      ufoGC3*ufoGC4
       - 1/4*g_(1,6_,nu10)*g_(2,nu16,p3)*cFT(nu13,XX,i2,iufo11)*cFT(g7,XX,
      iufo11,j11)*flavourTag(fmu,j11,j12)*Vec(nu10,q2)*Vec(nu16,-q2)*Vec(nu9,
      -p3)*Vec(nu9,q2)*Vec(nu14,-q2)*Vecr(nu13,p3)*Vecr(nu14,p3)*Den(p3 - q2
       - q3)^2*Deng(p3,xiw,M3)^2*Deng(q2 + q3,xiw,M3)^2*xiw*ufoGC58^2*ufoGC3*
      ufoGC4
       + 1/4*g_(1,6_,nu10)*g_(2,nu16,p3)*cFT(nu13,XX,i2,iufo11)*cFT(g7,XX,
      iufo11,j11)*flavourTag(fmu,j11,j12)*Vec(nu10,q2)*Vec(nu16,-q2)*Vec(nu9,
      -p3)*Vec(nu9,q2)*Vec(nu14,-q3)*Vecr(nu13,p3)*Vecr(nu14,p3)*Den(p3 - q2
       - q3)^2*Deng(p3,xiw,M3)^2*Deng(q2 + q3,xiw,M3)^2*xia*xiw*ufoGC58^2*
      ufoGC3*ufoGC4
       - 1/4*g_(1,6_,nu10)*g_(2,nu16,p3)*cFT(nu13,XX,i2,iufo11)*cFT(g7,XX,
      iufo11,j11)*flavourTag(fmu,j11,j12)*Vec(nu10,q2)*Vec(nu16,-q2)*Vec(nu9,
      -p3)*Vec(nu9,q2)*Vec(nu14,-q3)*Vecr(nu13,p3)*Vecr(nu14,p3)*Den(p3 - q2
       - q3)^2*Deng(p3,xiw,M3)^2*Deng(q2 + q3,xiw,M3)^2*xiw*ufoGC58^2*ufoGC3*
      ufoGC4
       + 1/4*g_(1,6_,nu10)*g_(2,nu16,p3)*cFT(nu13,XX,i2,iufo11)*cFT(g7,XX,
      iufo11,j11)*flavourTag(fmu,j11,j12)*Vec(nu10,q2)*Vec(nu16,-q2)*Vec(nu9,
      -p3)*Vec(nu9,q2)*Vecr(nu13,p3)*Den(p3 - q2 - q3)^2*Deng(p3,xiw,M3)^2*
      Deng(q2 + q3,xiw,M3)^2*p3.p3*xia*xiw*ufoGC58^2*ufoGC3*ufoGC4
       - 1/4*g_(1,6_,nu10)*g_(2,nu16,p3)*cFT(nu13,XX,i2,iufo11)*cFT(g7,XX,
      iufo11,j11)*flavourTag(fmu,j11,j12)*Vec(nu10,q2)*Vec(nu16,-q2)*Vec(nu9,
      -p3)*Vec(nu9,q2)*Vecr(nu13,p3)*Den(p3 - q2 - q3)^2*Deng(p3,xiw,M3)^2*
      Deng(q2 + q3,xiw,M3)^2*p3.p3*xiw*ufoGC58^2*ufoGC3*ufoGC4
       + 1/4*g_(1,6_,nu10)*g_(2,nu16,p3)*cFT(nu13,XX,i2,iufo11)*cFT(g7,XX,
      iufo11,j11)*flavourTag(fmu,j11,j12)*Vec(nu10,q2)*Vec(nu16,-q2)*Vec(nu9,
      -p3)*Vec(nu9,q3)*Vec(nu14,-q2)*Vecr(nu13,p3)*Vecr(nu14,p3)*Den(p3 - q2
       - q3)^2*Deng(p3,xiw,M3)^2*Deng(q2 + q3,xiw,M3)^2*xia*xiw*ufoGC58^2*
      ufoGC3*ufoGC4
       - 1/4*g_(1,6_,nu10)*g_(2,nu16,p3)*cFT(nu13,XX,i2,iufo11)*cFT(g7,XX,
      iufo11,j11)*flavourTag(fmu,j11,j12)*Vec(nu10,q2)*Vec(nu16,-q2)*Vec(nu9,
      -p3)*Vec(nu9,q3)*Vec(nu14,-q2)*Vecr(nu13,p3)*Vecr(nu14,p3)*Den(p3 - q2
       - q3)^2*Deng(p3,xiw,M3)^2*Deng(q2 + q3,xiw,M3)^2*xiw*ufoGC58^2*ufoGC3*
      ufoGC4
       + 1/4*g_(1,6_,nu10)*g_(2,nu16,p3)*cFT(nu13,XX,i2,iufo11)*cFT(g7,XX,
      iufo11,j11)*flavourTag(fmu,j11,j12)*Vec(nu10,q2)*Vec(nu16,-q2)*Vec(nu9,
      -p3)*Vec(nu9,q3)*Vec(nu14,-q3)*Vecr(nu13,p3)*Vecr(nu14,p3)*Den(p3 - q2
       - q3)^2*Deng(p3,xiw,M3)^2*Deng(q2 + q3,xiw,M3)^2*xia*xiw*ufoGC58^2*
      ufoGC3*ufoGC4
       - 1/4*g_(1,6_,nu10)*g_(2,nu16,p3)*cFT(nu13,XX,i2,iufo11)*cFT(g7,XX,
      iufo11,j11)*flavourTag(fmu,j11,j12)*Vec(nu10,q2)*Vec(nu16,-q2)*Vec(nu9,
      -p3)*Vec(nu9,q3)*Vec(nu14,-q3)*Vecr(nu13,p3)*Vecr(nu14,p3)*Den(p3 - q2
       - q3)^2*Deng(p3,xiw,M3)^2*Deng(q2 + q3,xiw,M3)^2*xiw*ufoGC58^2*ufoGC3*
      ufoGC4
       + 1/4*g_(1,6_,nu10)*g_(2,nu16,p3)*cFT(nu13,XX,i2,iufo11)*cFT(g7,XX,
      iufo11,j11)*flavourTag(fmu,j11,j12)*Vec(nu10,q2)*Vec(nu16,-q2)*Vec(nu9,
      -p3)*Vec(nu9,q3)*Vecr(nu13,p3)*Den(p3 - q2 - q3)^2*Deng(p3,xiw,M3)^2*
      Deng(q2 + q3,xiw,M3)^2*p3.p3*xia*xiw*ufoGC58^2*ufoGC3*ufoGC4
       - 1/4*g_(1,6_,nu10)*g_(2,nu16,p3)*cFT(nu13,XX,i2,iufo11)*cFT(g7,XX,
      iufo11,j11)*flavourTag(fmu,j11,j12)*Vec(nu10,q2)*Vec(nu16,-q2)*Vec(nu9,
      -p3)*Vec(nu9,q3)*Vecr(nu13,p3)*Den(p3 - q2 - q3)^2*Deng(p3,xiw,M3)^2*
      Deng(q2 + q3,xiw,M3)^2*p3.p3*xiw*ufoGC58^2*ufoGC3*ufoGC4
       - 1/4*g_(1,6_,nu10)*g_(2,nu16,p3)*cFT(nu13,XX,i2,iufo11)*cFT(g7,XX,
      iufo11,j11)*flavourTag(fmu,j11,j12)*Vec(nu10,q2)*Vec(nu16,-q2)*Vec(nu9,
      -q2)*Vec(nu9,q2)*Vec(nu14,q2)*Vecr(nu13,p3)*Vecr(nu14,p3)*Den(p3 - q2 - 
      q3)^2*Deng(p3,xiw,M3)^2*Deng(q2 + q3,xiw,M3)^2*xia*xiw*ufoGC58^2*ufoGC3*
      ufoGC4
       + 1/4*g_(1,6_,nu10)*g_(2,nu16,p3)*cFT(nu13,XX,i2,iufo11)*cFT(g7,XX,
      iufo11,j11)*flavourTag(fmu,j11,j12)*Vec(nu10,q2)*Vec(nu16,-q2)*Vec(nu9,
      -q2)*Vec(nu9,q2)*Vec(nu14,q2)*Vecr(nu13,p3)*Vecr(nu14,p3)*Den(p3 - q2 - 
      q3)^2*Deng(p3,xiw,M3)^2*Deng(q2 + q3,xiw,M3)^2*xiw*ufoGC58^2*ufoGC3*
      ufoGC4
       - 1/4*g_(1,6_,nu10)*g_(2,nu16,p3)*cFT(nu13,XX,i2,iufo11)*cFT(g7,XX,
      iufo11,j11)*flavourTag(fmu,j11,j12)*Vec(nu10,q2)*Vec(nu16,-q2)*Vec(nu9,
      -q2)*Vec(nu9,q2)*Vec(nu14,q3)*Vecr(nu13,p3)*Vecr(nu14,p3)*Den(p3 - q2 - 
      q3)^2*Deng(p3,xiw,M3)^2*Deng(q2 + q3,xiw,M3)^2*xia*xiw*ufoGC58^2*ufoGC3*
      ufoGC4
       + 1/4*g_(1,6_,nu10)*g_(2,nu16,p3)*cFT(nu13,XX,i2,iufo11)*cFT(g7,XX,
      iufo11,j11)*flavourTag(fmu,j11,j12)*Vec(nu10,q2)*Vec(nu16,-q2)*Vec(nu9,
      -q2)*Vec(nu9,q2)*Vec(nu14,q3)*Vecr(nu13,p3)*Vecr(nu14,p3)*Den(p3 - q2 - 
      q3)^2*Deng(p3,xiw,M3)^2*Deng(q2 + q3,xiw,M3)^2*xiw*ufoGC58^2*ufoGC3*
      ufoGC4
       - 1/4*g_(1,6_,nu10)*g_(2,nu16,p3)*cFT(nu13,XX,i2,iufo11)*cFT(g7,XX,
      iufo11,j11)*flavourTag(fmu,j11,j12)*Vec(nu10,q2)*Vec(nu16,-q2)*Vec(nu9,
      -q2)*Vec(nu9,q3)*Vec(nu14,q2)*Vecr(nu13,p3)*Vecr(nu14,p3)*Den(p3 - q2 - 
      q3)^2*Deng(p3,xiw,M3)^2*Deng(q2 + q3,xiw,M3)^2*xia*xiw*ufoGC58^2*ufoGC3*
      ufoGC4
       + 1/4*g_(1,6_,nu10)*g_(2,nu16,p3)*cFT(nu13,XX,i2,iufo11)*cFT(g7,XX,
      iufo11,j11)*flavourTag(fmu,j11,j12)*Vec(nu10,q2)*Vec(nu16,-q2)*Vec(nu9,
      -q2)*Vec(nu9,q3)*Vec(nu14,q2)*Vecr(nu13,p3)*Vecr(nu14,p3)*Den(p3 - q2 - 
      q3)^2*Deng(p3,xiw,M3)^2*Deng(q2 + q3,xiw,M3)^2*xiw*ufoGC58^2*ufoGC3*
      ufoGC4
       - 1/4*g_(1,6_,nu10)*g_(2,nu16,p3)*cFT(nu13,XX,i2,iufo11)*cFT(g7,XX,
      iufo11,j11)*flavourTag(fmu,j11,j12)*Vec(nu10,q2)*Vec(nu16,-q2)*Vec(nu9,
      -q2)*Vec(nu9,q3)*Vec(nu14,q3)*Vecr(nu13,p3)*Vecr(nu14,p3)*Den(p3 - q2 - 
      q3)^2*Deng(p3,xiw,M3)^2*Deng(q2 + q3,xiw,M3)^2*xia*xiw*ufoGC58^2*ufoGC3*
      ufoGC4
       + 1/4*g_(1,6_,nu10)*g_(2,nu16,p3)*cFT(nu13,XX,i2,iufo11)*cFT(g7,XX,
      iufo11,j11)*flavourTag(fmu,j11,j12)*Vec(nu10,q2)*Vec(nu16,-q2)*Vec(nu9,
      -q2)*Vec(nu9,q3)*Vec(nu14,q3)*Vecr(nu13,p3)*Vecr(nu14,p3)*Den(p3 - q2 - 
      q3)^2*Deng(p3,xiw,M3)^2*Deng(q2 + q3,xiw,M3)^2*xiw*ufoGC58^2*ufoGC3*
      ufoGC4
       - 1/4*g_(1,6_,nu10)*g_(2,nu16,p3)*cFT(nu13,XX,i2,iufo11)*cFT(g7,XX,
      iufo11,j11)*flavourTag(fmu,j11,j12)*Vec(nu10,q2)*Vec(nu16,-q2)*Vec(nu9,
      -q3)*Vec(nu9,q2)*Vec(nu14,q2)*Vecr(nu13,p3)*Vecr(nu14,p3)*Den(p3 - q2 - 
      q3)^2*Deng(p3,xiw,M3)^2*Deng(q2 + q3,xiw,M3)^2*xia*xiw*ufoGC58^2*ufoGC3*
      ufoGC4
       + 1/4*g_(1,6_,nu10)*g_(2,nu16,p3)*cFT(nu13,XX,i2,iufo11)*cFT(g7,XX,
      iufo11,j11)*flavourTag(fmu,j11,j12)*Vec(nu10,q2)*Vec(nu16,-q2)*Vec(nu9,
      -q3)*Vec(nu9,q2)*Vec(nu14,q2)*Vecr(nu13,p3)*Vecr(nu14,p3)*Den(p3 - q2 - 
      q3)^2*Deng(p3,xiw,M3)^2*Deng(q2 + q3,xiw,M3)^2*xiw*ufoGC58^2*ufoGC3*
      ufoGC4
       - 1/4*g_(1,6_,nu10)*g_(2,nu16,p3)*cFT(nu13,XX,i2,iufo11)*cFT(g7,XX,
      iufo11,j11)*flavourTag(fmu,j11,j12)*Vec(nu10,q2)*Vec(nu16,-q2)*Vec(nu9,
      -q3)*Vec(nu9,q2)*Vec(nu14,q3)*Vecr(nu13,p3)*Vecr(nu14,p3)*Den(p3 - q2 - 
      q3)^2*Deng(p3,xiw,M3)^2*Deng(q2 + q3,xiw,M3)^2*xia*xiw*ufoGC58^2*ufoGC3*
      ufoGC4
       + 1/4*g_(1,6_,nu10)*g_(2,nu16,p3)*cFT(nu13,XX,i2,iufo11)*cFT(g7,XX,
      iufo11,j11)*flavourTag(fmu,j11,j12)*Vec(nu10,q2)*Vec(nu16,-q2)*Vec(nu9,
      -q3)*Vec(nu9,q2)*Vec(nu14,q3)*Vecr(nu13,p3)*Vecr(nu14,p3)*Den(p3 - q2 - 
      q3)^2*Deng(p3,xiw,M3)^2*Deng(q2 + q3,xiw,M3)^2*xiw*ufoGC58^2*ufoGC3*
      ufoGC4
       - 1/4*g_(1,6_,nu10)*g_(2,nu16,p3)*cFT(nu13,XX,i2,iufo11)*cFT(g7,XX,
      iufo11,j11)*flavourTag(fmu,j11,j12)*Vec(nu10,q2)*Vec(nu16,-q2)*Vec(nu9,
      -q3)*Vec(nu9,q3)*Vec(nu14,q2)*Vecr(nu13,p3)*Vecr(nu14,p3)*Den(p3 - q2 - 
      q3)^2*Deng(p3,xiw,M3)^2*Deng(q2 + q3,xiw,M3)^2*xia*xiw*ufoGC58^2*ufoGC3*
      ufoGC4
       + 1/4*g_(1,6_,nu10)*g_(2,nu16,p3)*cFT(nu13,XX,i2,iufo11)*cFT(g7,XX,
      iufo11,j11)*flavourTag(fmu,j11,j12)*Vec(nu10,q2)*Vec(nu16,-q2)*Vec(nu9,
      -q3)*Vec(nu9,q3)*Vec(nu14,q2)*Vecr(nu13,p3)*Vecr(nu14,p3)*Den(p3 - q2 - 
      q3)^2*Deng(p3,xiw,M3)^2*Deng(q2 + q3,xiw,M3)^2*xiw*ufoGC58^2*ufoGC3*
      ufoGC4
       - 1/4*g_(1,6_,nu10)*g_(2,nu16,p3)*cFT(nu13,XX,i2,iufo11)*cFT(g7,XX,
      iufo11,j11)*flavourTag(fmu,j11,j12)*Vec(nu10,q2)*Vec(nu16,-q2)*Vec(nu9,
      -q3)*Vec(nu9,q3)*Vec(nu14,q3)*Vecr(nu13,p3)*Vecr(nu14,p3)*Den(p3 - q2 - 
      q3)^2*Deng(p3,xiw,M3)^2*Deng(q2 + q3,xiw,M3)^2*xia*xiw*ufoGC58^2*ufoGC3*
      ufoGC4
       + 1/4*g_(1,6_,nu10)*g_(2,nu16,p3)*cFT(nu13,XX,i2,iufo11)*cFT(g7,XX,
      iufo11,j11)*flavourTag(fmu,j11,j12)*Vec(nu10,q2)*Vec(nu16,-q2)*Vec(nu9,
      -q3)*Vec(nu9,q3)*Vec(nu14,q3)*Vecr(nu13,p3)*Vecr(nu14,p3)*Den(p3 - q2 - 
      q3)^2*Deng(p3,xiw,M3)^2*Deng(q2 + q3,xiw,M3)^2*xiw*ufoGC58^2*ufoGC3*
      ufoGC4
       + 1/4*g_(1,6_,nu10)*g_(2,nu16,p3)*cFT(nu13,XX,i2,iufo11)*cFT(g7,XX,
      iufo11,j11)*flavourTag(fmu,j11,j12)*Vec(nu10,q2)*Vec(nu16,-q2)*Vec(nu14,
      q2)*Vec(nu15,q2)*Vecr(nu13,p3)*Vecr(nu14,p3)*Vecr(nu15,p3)*Den(p3 - q2
       - q3)^2*Deng(p3,xiw,M3)^2*Deng(q2 + q3,xiw,M3)^2*xia*xiw*ufoGC58^2*
      ufoGC3*ufoGC4
       - 1/4*g_(1,6_,nu10)*g_(2,nu16,p3)*cFT(nu13,XX,i2,iufo11)*cFT(g7,XX,
      iufo11,j11)*flavourTag(fmu,j11,j12)*Vec(nu10,q2)*Vec(nu16,-q2)*Vec(nu14,
      q2)*Vec(nu15,q2)*Vecr(nu13,p3)*Vecr(nu14,p3)*Vecr(nu15,p3)*Den(p3 - q2
       - q3)^2*Deng(p3,xiw,M3)^2*Deng(q2 + q3,xiw,M3)^2*xiw*ufoGC58^2*ufoGC3*
      ufoGC4
       + 1/4*g_(1,6_,nu10)*g_(2,nu16,p3)*cFT(nu13,XX,i2,iufo11)*cFT(g7,XX,
      iufo11,j11)*flavourTag(fmu,j11,j12)*Vec(nu10,q2)*Vec(nu16,-q2)*Vec(nu14,
      q2)*Vec(nu15,q3)*Vecr(nu13,p3)*Vecr(nu14,p3)*Vecr(nu15,p3)*Den(p3 - q2
       - q3)^2*Deng(p3,xiw,M3)^2*Deng(q2 + q3,xiw,M3)^2*xia*xiw*ufoGC58^2*
      ufoGC3*ufoGC4
       - 1/4*g_(1,6_,nu10)*g_(2,nu16,p3)*cFT(nu13,XX,i2,iufo11)*cFT(g7,XX,
      iufo11,j11)*flavourTag(fmu,j11,j12)*Vec(nu10,q2)*Vec(nu16,-q2)*Vec(nu14,
      q2)*Vec(nu15,q3)*Vecr(nu13,p3)*Vecr(nu14,p3)*Vecr(nu15,p3)*Den(p3 - q2
       - q3)^2*Deng(p3,xiw,M3)^2*Deng(q2 + q3,xiw,M3)^2*xiw*ufoGC58^2*ufoGC3*
      ufoGC4
       - 1/4*g_(1,6_,nu10)*g_(2,nu16,p3)*cFT(nu13,XX,i2,iufo11)*cFT(g7,XX,
      iufo11,j11)*flavourTag(fmu,j11,j12)*Vec(nu10,q2)*Vec(nu16,-q2)*Vec(nu14,
      q2)*Vec(nu15,-p3)*Vec(nu15,-q2)*Vecr(nu13,p3)*Vecr(nu14,p3)*Den(p3 - q2
       - q3)^2*Deng(p3,xiw,M3)^2*Deng(q2 + q3,xiw,M3)^2*xia*xiw*ufoGC58^2*
      ufoGC3*ufoGC4
       + 1/4*g_(1,6_,nu10)*g_(2,nu16,p3)*cFT(nu13,XX,i2,iufo11)*cFT(g7,XX,
      iufo11,j11)*flavourTag(fmu,j11,j12)*Vec(nu10,q2)*Vec(nu16,-q2)*Vec(nu14,
      q2)*Vec(nu15,-p3)*Vec(nu15,-q2)*Vecr(nu13,p3)*Vecr(nu14,p3)*Den(p3 - q2
       - q3)^2*Deng(p3,xiw,M3)^2*Deng(q2 + q3,xiw,M3)^2*xiw*ufoGC58^2*ufoGC3*
      ufoGC4
       - 1/4*g_(1,6_,nu10)*g_(2,nu16,p3)*cFT(nu13,XX,i2,iufo11)*cFT(g7,XX,
      iufo11,j11)*flavourTag(fmu,j11,j12)*Vec(nu10,q2)*Vec(nu16,-q2)*Vec(nu14,
      q2)*Vec(nu15,-p3)*Vec(nu15,-q3)*Vecr(nu13,p3)*Vecr(nu14,p3)*Den(p3 - q2
       - q3)^2*Deng(p3,xiw,M3)^2*Deng(q2 + q3,xiw,M3)^2*xia*xiw*ufoGC58^2*
      ufoGC3*ufoGC4
       + 1/4*g_(1,6_,nu10)*g_(2,nu16,p3)*cFT(nu13,XX,i2,iufo11)*cFT(g7,XX,
      iufo11,j11)*flavourTag(fmu,j11,j12)*Vec(nu10,q2)*Vec(nu16,-q2)*Vec(nu14,
      q2)*Vec(nu15,-p3)*Vec(nu15,-q3)*Vecr(nu13,p3)*Vecr(nu14,p3)*Den(p3 - q2
       - q3)^2*Deng(p3,xiw,M3)^2*Deng(q2 + q3,xiw,M3)^2*xiw*ufoGC58^2*ufoGC3*
      ufoGC4
       - 1/4*g_(1,6_,nu10)*g_(2,nu16,p3)*cFT(nu13,XX,i2,iufo11)*cFT(g7,XX,
      iufo11,j11)*flavourTag(fmu,j11,j12)*Vec(nu10,q2)*Vec(nu16,-q2)*Vec(nu14,
      q2)*Vec(nu15,-p3)*Vecr(nu13,p3)*Vecr(nu14,p3)*Vecr(nu15,p3)*Den(p3 - q2
       - q3)^2*Deng(p3,xiw,M3)^2*Deng(q2 + q3,xiw,M3)^2*xia*xiw*ufoGC58^2*
      ufoGC3*ufoGC4
       + 1/4*g_(1,6_,nu10)*g_(2,nu16,p3)*cFT(nu13,XX,i2,iufo11)*cFT(g7,XX,
      iufo11,j11)*flavourTag(fmu,j11,j12)*Vec(nu10,q2)*Vec(nu16,-q2)*Vec(nu14,
      q2)*Vec(nu15,-p3)*Vecr(nu13,p3)*Vecr(nu14,p3)*Vecr(nu15,p3)*Den(p3 - q2
       - q3)^2*Deng(p3,xiw,M3)^2*Deng(q2 + q3,xiw,M3)^2*xiw*ufoGC58^2*ufoGC3*
      ufoGC4
       + 1/4*g_(1,6_,nu10)*g_(2,nu16,p3)*cFT(nu13,XX,i2,iufo11)*cFT(g7,XX,
      iufo11,j11)*flavourTag(fmu,j11,j12)*Vec(nu10,q2)*Vec(nu16,-q2)*Vec(nu14,
      q2)*Vec(nu15,-q2)*Vec(nu15,q2)*Vecr(nu13,p3)*Vecr(nu14,p3)*Den(p3 - q2
       - q3)^2*Deng(p3,xiw,M3)^2*Deng(q2 + q3,xiw,M3)^2*xia*xiw*ufoGC58^2*
      ufoGC3*ufoGC4
       - 1/4*g_(1,6_,nu10)*g_(2,nu16,p3)*cFT(nu13,XX,i2,iufo11)*cFT(g7,XX,
      iufo11,j11)*flavourTag(fmu,j11,j12)*Vec(nu10,q2)*Vec(nu16,-q2)*Vec(nu14,
      q2)*Vec(nu15,-q2)*Vec(nu15,q2)*Vecr(nu13,p3)*Vecr(nu14,p3)*Den(p3 - q2
       - q3)^2*Deng(p3,xiw,M3)^2*Deng(q2 + q3,xiw,M3)^2*xiw*ufoGC58^2*ufoGC3*
      ufoGC4
       + 1/4*g_(1,6_,nu10)*g_(2,nu16,p3)*cFT(nu13,XX,i2,iufo11)*cFT(g7,XX,
      iufo11,j11)*flavourTag(fmu,j11,j12)*Vec(nu10,q2)*Vec(nu16,-q2)*Vec(nu14,
      q2)*Vec(nu15,-q2)*Vec(nu15,q3)*Vecr(nu13,p3)*Vecr(nu14,p3)*Den(p3 - q2
       - q3)^2*Deng(p3,xiw,M3)^2*Deng(q2 + q3,xiw,M3)^2*xia*xiw*ufoGC58^2*
      ufoGC3*ufoGC4
       - 1/4*g_(1,6_,nu10)*g_(2,nu16,p3)*cFT(nu13,XX,i2,iufo11)*cFT(g7,XX,
      iufo11,j11)*flavourTag(fmu,j11,j12)*Vec(nu10,q2)*Vec(nu16,-q2)*Vec(nu14,
      q2)*Vec(nu15,-q2)*Vec(nu15,q3)*Vecr(nu13,p3)*Vecr(nu14,p3)*Den(p3 - q2
       - q3)^2*Deng(p3,xiw,M3)^2*Deng(q2 + q3,xiw,M3)^2*xiw*ufoGC58^2*ufoGC3*
      ufoGC4
       + 1/4*g_(1,6_,nu10)*g_(2,nu16,p3)*cFT(nu13,XX,i2,iufo11)*cFT(g7,XX,
      iufo11,j11)*flavourTag(fmu,j11,j12)*Vec(nu10,q2)*Vec(nu16,-q2)*Vec(nu14,
      q2)*Vec(nu15,-q3)*Vec(nu15,q2)*Vecr(nu13,p3)*Vecr(nu14,p3)*Den(p3 - q2
       - q3)^2*Deng(p3,xiw,M3)^2*Deng(q2 + q3,xiw,M3)^2*xia*xiw*ufoGC58^2*
      ufoGC3*ufoGC4
       - 1/4*g_(1,6_,nu10)*g_(2,nu16,p3)*cFT(nu13,XX,i2,iufo11)*cFT(g7,XX,
      iufo11,j11)*flavourTag(fmu,j11,j12)*Vec(nu10,q2)*Vec(nu16,-q2)*Vec(nu14,
      q2)*Vec(nu15,-q3)*Vec(nu15,q2)*Vecr(nu13,p3)*Vecr(nu14,p3)*Den(p3 - q2
       - q3)^2*Deng(p3,xiw,M3)^2*Deng(q2 + q3,xiw,M3)^2*xiw*ufoGC58^2*ufoGC3*
      ufoGC4
       + 1/4*g_(1,6_,nu10)*g_(2,nu16,p3)*cFT(nu13,XX,i2,iufo11)*cFT(g7,XX,
      iufo11,j11)*flavourTag(fmu,j11,j12)*Vec(nu10,q2)*Vec(nu16,-q2)*Vec(nu14,
      q2)*Vec(nu15,-q3)*Vec(nu15,q3)*Vecr(nu13,p3)*Vecr(nu14,p3)*Den(p3 - q2
       - q3)^2*Deng(p3,xiw,M3)^2*Deng(q2 + q3,xiw,M3)^2*xia*xiw*ufoGC58^2*
      ufoGC3*ufoGC4
       - 1/4*g_(1,6_,nu10)*g_(2,nu16,p3)*cFT(nu13,XX,i2,iufo11)*cFT(g7,XX,
      iufo11,j11)*flavourTag(fmu,j11,j12)*Vec(nu10,q2)*Vec(nu16,-q2)*Vec(nu14,
      q2)*Vec(nu15,-q3)*Vec(nu15,q3)*Vecr(nu13,p3)*Vecr(nu14,p3)*Den(p3 - q2
       - q3)^2*Deng(p3,xiw,M3)^2*Deng(q2 + q3,xiw,M3)^2*xiw*ufoGC58^2*ufoGC3*
      ufoGC4
       + 1/4*g_(1,6_,nu10)*g_(2,nu16,p3)*cFT(nu13,XX,i2,iufo11)*cFT(g7,XX,
      iufo11,j11)*flavourTag(fmu,j11,j12)*Vec(nu10,q2)*Vec(nu16,-q2)*Vec(nu14,
      q3)*Vec(nu15,q2)*Vecr(nu13,p3)*Vecr(nu14,p3)*Vecr(nu15,p3)*Den(p3 - q2
       - q3)^2*Deng(p3,xiw,M3)^2*Deng(q2 + q3,xiw,M3)^2*xia*xiw*ufoGC58^2*
      ufoGC3*ufoGC4
       - 1/4*g_(1,6_,nu10)*g_(2,nu16,p3)*cFT(nu13,XX,i2,iufo11)*cFT(g7,XX,
      iufo11,j11)*flavourTag(fmu,j11,j12)*Vec(nu10,q2)*Vec(nu16,-q2)*Vec(nu14,
      q3)*Vec(nu15,q2)*Vecr(nu13,p3)*Vecr(nu14,p3)*Vecr(nu15,p3)*Den(p3 - q2
       - q3)^2*Deng(p3,xiw,M3)^2*Deng(q2 + q3,xiw,M3)^2*xiw*ufoGC58^2*ufoGC3*
      ufoGC4
       + 1/4*g_(1,6_,nu10)*g_(2,nu16,p3)*cFT(nu13,XX,i2,iufo11)*cFT(g7,XX,
      iufo11,j11)*flavourTag(fmu,j11,j12)*Vec(nu10,q2)*Vec(nu16,-q2)*Vec(nu14,
      q3)*Vec(nu15,q3)*Vecr(nu13,p3)*Vecr(nu14,p3)*Vecr(nu15,p3)*Den(p3 - q2
       - q3)^2*Deng(p3,xiw,M3)^2*Deng(q2 + q3,xiw,M3)^2*xia*xiw*ufoGC58^2*
      ufoGC3*ufoGC4
       - 1/4*g_(1,6_,nu10)*g_(2,nu16,p3)*cFT(nu13,XX,i2,iufo11)*cFT(g7,XX,
      iufo11,j11)*flavourTag(fmu,j11,j12)*Vec(nu10,q2)*Vec(nu16,-q2)*Vec(nu14,
      q3)*Vec(nu15,q3)*Vecr(nu13,p3)*Vecr(nu14,p3)*Vecr(nu15,p3)*Den(p3 - q2
       - q3)^2*Deng(p3,xiw,M3)^2*Deng(q2 + q3,xiw,M3)^2*xiw*ufoGC58^2*ufoGC3*
      ufoGC4
       - 1/4*g_(1,6_,nu10)*g_(2,nu16,p3)*cFT(nu13,XX,i2,iufo11)*cFT(g7,XX,
      iufo11,j11)*flavourTag(fmu,j11,j12)*Vec(nu10,q2)*Vec(nu16,-q2)*Vec(nu14,
      q3)*Vec(nu15,-p3)*Vec(nu15,-q2)*Vecr(nu13,p3)*Vecr(nu14,p3)*Den(p3 - q2
       - q3)^2*Deng(p3,xiw,M3)^2*Deng(q2 + q3,xiw,M3)^2*xia*xiw*ufoGC58^2*
      ufoGC3*ufoGC4
       + 1/4*g_(1,6_,nu10)*g_(2,nu16,p3)*cFT(nu13,XX,i2,iufo11)*cFT(g7,XX,
      iufo11,j11)*flavourTag(fmu,j11,j12)*Vec(nu10,q2)*Vec(nu16,-q2)*Vec(nu14,
      q3)*Vec(nu15,-p3)*Vec(nu15,-q2)*Vecr(nu13,p3)*Vecr(nu14,p3)*Den(p3 - q2
       - q3)^2*Deng(p3,xiw,M3)^2*Deng(q2 + q3,xiw,M3)^2*xiw*ufoGC58^2*ufoGC3*
      ufoGC4
       - 1/4*g_(1,6_,nu10)*g_(2,nu16,p3)*cFT(nu13,XX,i2,iufo11)*cFT(g7,XX,
      iufo11,j11)*flavourTag(fmu,j11,j12)*Vec(nu10,q2)*Vec(nu16,-q2)*Vec(nu14,
      q3)*Vec(nu15,-p3)*Vec(nu15,-q3)*Vecr(nu13,p3)*Vecr(nu14,p3)*Den(p3 - q2
       - q3)^2*Deng(p3,xiw,M3)^2*Deng(q2 + q3,xiw,M3)^2*xia*xiw*ufoGC58^2*
      ufoGC3*ufoGC4
       + 1/4*g_(1,6_,nu10)*g_(2,nu16,p3)*cFT(nu13,XX,i2,iufo11)*cFT(g7,XX,
      iufo11,j11)*flavourTag(fmu,j11,j12)*Vec(nu10,q2)*Vec(nu16,-q2)*Vec(nu14,
      q3)*Vec(nu15,-p3)*Vec(nu15,-q3)*Vecr(nu13,p3)*Vecr(nu14,p3)*Den(p3 - q2
       - q3)^2*Deng(p3,xiw,M3)^2*Deng(q2 + q3,xiw,M3)^2*xiw*ufoGC58^2*ufoGC3*
      ufoGC4
       - 1/4*g_(1,6_,nu10)*g_(2,nu16,p3)*cFT(nu13,XX,i2,iufo11)*cFT(g7,XX,
      iufo11,j11)*flavourTag(fmu,j11,j12)*Vec(nu10,q2)*Vec(nu16,-q2)*Vec(nu14,
      q3)*Vec(nu15,-p3)*Vecr(nu13,p3)*Vecr(nu14,p3)*Vecr(nu15,p3)*Den(p3 - q2
       - q3)^2*Deng(p3,xiw,M3)^2*Deng(q2 + q3,xiw,M3)^2*xia*xiw*ufoGC58^2*
      ufoGC3*ufoGC4
       + 1/4*g_(1,6_,nu10)*g_(2,nu16,p3)*cFT(nu13,XX,i2,iufo11)*cFT(g7,XX,
      iufo11,j11)*flavourTag(fmu,j11,j12)*Vec(nu10,q2)*Vec(nu16,-q2)*Vec(nu14,
      q3)*Vec(nu15,-p3)*Vecr(nu13,p3)*Vecr(nu14,p3)*Vecr(nu15,p3)*Den(p3 - q2
       - q3)^2*Deng(p3,xiw,M3)^2*Deng(q2 + q3,xiw,M3)^2*xiw*ufoGC58^2*ufoGC3*
      ufoGC4
       + 1/4*g_(1,6_,nu10)*g_(2,nu16,p3)*cFT(nu13,XX,i2,iufo11)*cFT(g7,XX,
      iufo11,j11)*flavourTag(fmu,j11,j12)*Vec(nu10,q2)*Vec(nu16,-q2)*Vec(nu14,
      q3)*Vec(nu15,-q2)*Vec(nu15,q2)*Vecr(nu13,p3)*Vecr(nu14,p3)*Den(p3 - q2
       - q3)^2*Deng(p3,xiw,M3)^2*Deng(q2 + q3,xiw,M3)^2*xia*xiw*ufoGC58^2*
      ufoGC3*ufoGC4
       - 1/4*g_(1,6_,nu10)*g_(2,nu16,p3)*cFT(nu13,XX,i2,iufo11)*cFT(g7,XX,
      iufo11,j11)*flavourTag(fmu,j11,j12)*Vec(nu10,q2)*Vec(nu16,-q2)*Vec(nu14,
      q3)*Vec(nu15,-q2)*Vec(nu15,q2)*Vecr(nu13,p3)*Vecr(nu14,p3)*Den(p3 - q2
       - q3)^2*Deng(p3,xiw,M3)^2*Deng(q2 + q3,xiw,M3)^2*xiw*ufoGC58^2*ufoGC3*
      ufoGC4
       + 1/4*g_(1,6_,nu10)*g_(2,nu16,p3)*cFT(nu13,XX,i2,iufo11)*cFT(g7,XX,
      iufo11,j11)*flavourTag(fmu,j11,j12)*Vec(nu10,q2)*Vec(nu16,-q2)*Vec(nu14,
      q3)*Vec(nu15,-q2)*Vec(nu15,q3)*Vecr(nu13,p3)*Vecr(nu14,p3)*Den(p3 - q2
       - q3)^2*Deng(p3,xiw,M3)^2*Deng(q2 + q3,xiw,M3)^2*xia*xiw*ufoGC58^2*
      ufoGC3*ufoGC4
       - 1/4*g_(1,6_,nu10)*g_(2,nu16,p3)*cFT(nu13,XX,i2,iufo11)*cFT(g7,XX,
      iufo11,j11)*flavourTag(fmu,j11,j12)*Vec(nu10,q2)*Vec(nu16,-q2)*Vec(nu14,
      q3)*Vec(nu15,-q2)*Vec(nu15,q3)*Vecr(nu13,p3)*Vecr(nu14,p3)*Den(p3 - q2
       - q3)^2*Deng(p3,xiw,M3)^2*Deng(q2 + q3,xiw,M3)^2*xiw*ufoGC58^2*ufoGC3*
      ufoGC4
       + 1/4*g_(1,6_,nu10)*g_(2,nu16,p3)*cFT(nu13,XX,i2,iufo11)*cFT(g7,XX,
      iufo11,j11)*flavourTag(fmu,j11,j12)*Vec(nu10,q2)*Vec(nu16,-q2)*Vec(nu14,
      q3)*Vec(nu15,-q3)*Vec(nu15,q2)*Vecr(nu13,p3)*Vecr(nu14,p3)*Den(p3 - q2
       - q3)^2*Deng(p3,xiw,M3)^2*Deng(q2 + q3,xiw,M3)^2*xia*xiw*ufoGC58^2*
      ufoGC3*ufoGC4
       - 1/4*g_(1,6_,nu10)*g_(2,nu16,p3)*cFT(nu13,XX,i2,iufo11)*cFT(g7,XX,
      iufo11,j11)*flavourTag(fmu,j11,j12)*Vec(nu10,q2)*Vec(nu16,-q2)*Vec(nu14,
      q3)*Vec(nu15,-q3)*Vec(nu15,q2)*Vecr(nu13,p3)*Vecr(nu14,p3)*Den(p3 - q2
       - q3)^2*Deng(p3,xiw,M3)^2*Deng(q2 + q3,xiw,M3)^2*xiw*ufoGC58^2*ufoGC3*
      ufoGC4
       + 1/4*g_(1,6_,nu10)*g_(2,nu16,p3)*cFT(nu13,XX,i2,iufo11)*cFT(g7,XX,
      iufo11,j11)*flavourTag(fmu,j11,j12)*Vec(nu10,q2)*Vec(nu16,-q2)*Vec(nu14,
      q3)*Vec(nu15,-q3)*Vec(nu15,q3)*Vecr(nu13,p3)*Vecr(nu14,p3)*Den(p3 - q2
       - q3)^2*Deng(p3,xiw,M3)^2*Deng(q2 + q3,xiw,M3)^2*xia*xiw*ufoGC58^2*
      ufoGC3*ufoGC4
       - 1/4*g_(1,6_,nu10)*g_(2,nu16,p3)*cFT(nu13,XX,i2,iufo11)*cFT(g7,XX,
      iufo11,j11)*flavourTag(fmu,j11,j12)*Vec(nu10,q2)*Vec(nu16,-q2)*Vec(nu14,
      q3)*Vec(nu15,-q3)*Vec(nu15,q3)*Vecr(nu13,p3)*Vecr(nu14,p3)*Den(p3 - q2
       - q3)^2*Deng(p3,xiw,M3)^2*Deng(q2 + q3,xiw,M3)^2*xiw*ufoGC58^2*ufoGC3*
      ufoGC4
       - 1/4*g_(1,6_,nu10)*g_(2,nu16,p3)*cFT(nu13,XX,i2,iufo11)*cFT(g7,XX,
      iufo11,j11)*flavourTag(fmu,j11,j12)*Vec(nu10,q2)*Vec(nu16,-q3)*Vec(nu9,
      q2)*Vec(nu14,q2)*Vecr(nu13,p3)*Vecr(nu9,p3)*Vecr(nu14,p3)*Den(p3 - q2 - 
      q3)^2*Deng(p3,xiw,M3)^2*Deng(q2 + q3,xiw,M3)^2*xia*xiw*ufoGC58^2*ufoGC3*
      ufoGC4
       + 1/4*g_(1,6_,nu10)*g_(2,nu16,p3)*cFT(nu13,XX,i2,iufo11)*cFT(g7,XX,
      iufo11,j11)*flavourTag(fmu,j11,j12)*Vec(nu10,q2)*Vec(nu16,-q3)*Vec(nu9,
      q2)*Vec(nu14,q2)*Vecr(nu13,p3)*Vecr(nu9,p3)*Vecr(nu14,p3)*Den(p3 - q2 - 
      q3)^2*Deng(p3,xiw,M3)^2*Deng(q2 + q3,xiw,M3)^2*xiw*ufoGC58^2*ufoGC3*
      ufoGC4
       - 1/4*g_(1,6_,nu10)*g_(2,nu16,p3)*cFT(nu13,XX,i2,iufo11)*cFT(g7,XX,
      iufo11,j11)*flavourTag(fmu,j11,j12)*Vec(nu10,q2)*Vec(nu16,-q3)*Vec(nu9,
      q2)*Vec(nu14,q3)*Vecr(nu13,p3)*Vecr(nu9,p3)*Vecr(nu14,p3)*Den(p3 - q2 - 
      q3)^2*Deng(p3,xiw,M3)^2*Deng(q2 + q3,xiw,M3)^2*xia*xiw*ufoGC58^2*ufoGC3*
      ufoGC4
       + 1/4*g_(1,6_,nu10)*g_(2,nu16,p3)*cFT(nu13,XX,i2,iufo11)*cFT(g7,XX,
      iufo11,j11)*flavourTag(fmu,j11,j12)*Vec(nu10,q2)*Vec(nu16,-q3)*Vec(nu9,
      q2)*Vec(nu14,q3)*Vecr(nu13,p3)*Vecr(nu9,p3)*Vecr(nu14,p3)*Den(p3 - q2 - 
      q3)^2*Deng(p3,xiw,M3)^2*Deng(q2 + q3,xiw,M3)^2*xiw*ufoGC58^2*ufoGC3*
      ufoGC4
       - 1/4*g_(1,6_,nu10)*g_(2,nu16,p3)*cFT(nu13,XX,i2,iufo11)*cFT(g7,XX,
      iufo11,j11)*flavourTag(fmu,j11,j12)*Vec(nu10,q2)*Vec(nu16,-q3)*Vec(nu9,
      q3)*Vec(nu14,q2)*Vecr(nu13,p3)*Vecr(nu9,p3)*Vecr(nu14,p3)*Den(p3 - q2 - 
      q3)^2*Deng(p3,xiw,M3)^2*Deng(q2 + q3,xiw,M3)^2*xia*xiw*ufoGC58^2*ufoGC3*
      ufoGC4
       + 1/4*g_(1,6_,nu10)*g_(2,nu16,p3)*cFT(nu13,XX,i2,iufo11)*cFT(g7,XX,
      iufo11,j11)*flavourTag(fmu,j11,j12)*Vec(nu10,q2)*Vec(nu16,-q3)*Vec(nu9,
      q3)*Vec(nu14,q2)*Vecr(nu13,p3)*Vecr(nu9,p3)*Vecr(nu14,p3)*Den(p3 - q2 - 
      q3)^2*Deng(p3,xiw,M3)^2*Deng(q2 + q3,xiw,M3)^2*xiw*ufoGC58^2*ufoGC3*
      ufoGC4
       - 1/4*g_(1,6_,nu10)*g_(2,nu16,p3)*cFT(nu13,XX,i2,iufo11)*cFT(g7,XX,
      iufo11,j11)*flavourTag(fmu,j11,j12)*Vec(nu10,q2)*Vec(nu16,-q3)*Vec(nu9,
      q3)*Vec(nu14,q3)*Vecr(nu13,p3)*Vecr(nu9,p3)*Vecr(nu14,p3)*Den(p3 - q2 - 
      q3)^2*Deng(p3,xiw,M3)^2*Deng(q2 + q3,xiw,M3)^2*xia*xiw*ufoGC58^2*ufoGC3*
      ufoGC4
       + 1/4*g_(1,6_,nu10)*g_(2,nu16,p3)*cFT(nu13,XX,i2,iufo11)*cFT(g7,XX,
      iufo11,j11)*flavourTag(fmu,j11,j12)*Vec(nu10,q2)*Vec(nu16,-q3)*Vec(nu9,
      q3)*Vec(nu14,q3)*Vecr(nu13,p3)*Vecr(nu9,p3)*Vecr(nu14,p3)*Den(p3 - q2 - 
      q3)^2*Deng(p3,xiw,M3)^2*Deng(q2 + q3,xiw,M3)^2*xiw*ufoGC58^2*ufoGC3*
      ufoGC4
       + 1/4*g_(1,6_,nu10)*g_(2,nu16,p3)*cFT(nu13,XX,i2,iufo11)*cFT(g7,XX,
      iufo11,j11)*flavourTag(fmu,j11,j12)*Vec(nu10,q2)*Vec(nu16,-q3)*Vec(nu9,
      -p3)*Vec(nu9,q2)*Vec(nu14,-q2)*Vecr(nu13,p3)*Vecr(nu14,p3)*Den(p3 - q2
       - q3)^2*Deng(p3,xiw,M3)^2*Deng(q2 + q3,xiw,M3)^2*xia*xiw*ufoGC58^2*
      ufoGC3*ufoGC4
       - 1/4*g_(1,6_,nu10)*g_(2,nu16,p3)*cFT(nu13,XX,i2,iufo11)*cFT(g7,XX,
      iufo11,j11)*flavourTag(fmu,j11,j12)*Vec(nu10,q2)*Vec(nu16,-q3)*Vec(nu9,
      -p3)*Vec(nu9,q2)*Vec(nu14,-q2)*Vecr(nu13,p3)*Vecr(nu14,p3)*Den(p3 - q2
       - q3)^2*Deng(p3,xiw,M3)^2*Deng(q2 + q3,xiw,M3)^2*xiw*ufoGC58^2*ufoGC3*
      ufoGC4
       + 1/4*g_(1,6_,nu10)*g_(2,nu16,p3)*cFT(nu13,XX,i2,iufo11)*cFT(g7,XX,
      iufo11,j11)*flavourTag(fmu,j11,j12)*Vec(nu10,q2)*Vec(nu16,-q3)*Vec(nu9,
      -p3)*Vec(nu9,q2)*Vec(nu14,-q3)*Vecr(nu13,p3)*Vecr(nu14,p3)*Den(p3 - q2
       - q3)^2*Deng(p3,xiw,M3)^2*Deng(q2 + q3,xiw,M3)^2*xia*xiw*ufoGC58^2*
      ufoGC3*ufoGC4
       - 1/4*g_(1,6_,nu10)*g_(2,nu16,p3)*cFT(nu13,XX,i2,iufo11)*cFT(g7,XX,
      iufo11,j11)*flavourTag(fmu,j11,j12)*Vec(nu10,q2)*Vec(nu16,-q3)*Vec(nu9,
      -p3)*Vec(nu9,q2)*Vec(nu14,-q3)*Vecr(nu13,p3)*Vecr(nu14,p3)*Den(p3 - q2
       - q3)^2*Deng(p3,xiw,M3)^2*Deng(q2 + q3,xiw,M3)^2*xiw*ufoGC58^2*ufoGC3*
      ufoGC4
       + 1/4*g_(1,6_,nu10)*g_(2,nu16,p3)*cFT(nu13,XX,i2,iufo11)*cFT(g7,XX,
      iufo11,j11)*flavourTag(fmu,j11,j12)*Vec(nu10,q2)*Vec(nu16,-q3)*Vec(nu9,
      -p3)*Vec(nu9,q2)*Vecr(nu13,p3)*Den(p3 - q2 - q3)^2*Deng(p3,xiw,M3)^2*
      Deng(q2 + q3,xiw,M3)^2*p3.p3*xia*xiw*ufoGC58^2*ufoGC3*ufoGC4
       - 1/4*g_(1,6_,nu10)*g_(2,nu16,p3)*cFT(nu13,XX,i2,iufo11)*cFT(g7,XX,
      iufo11,j11)*flavourTag(fmu,j11,j12)*Vec(nu10,q2)*Vec(nu16,-q3)*Vec(nu9,
      -p3)*Vec(nu9,q2)*Vecr(nu13,p3)*Den(p3 - q2 - q3)^2*Deng(p3,xiw,M3)^2*
      Deng(q2 + q3,xiw,M3)^2*p3.p3*xiw*ufoGC58^2*ufoGC3*ufoGC4
       + 1/4*g_(1,6_,nu10)*g_(2,nu16,p3)*cFT(nu13,XX,i2,iufo11)*cFT(g7,XX,
      iufo11,j11)*flavourTag(fmu,j11,j12)*Vec(nu10,q2)*Vec(nu16,-q3)*Vec(nu9,
      -p3)*Vec(nu9,q3)*Vec(nu14,-q2)*Vecr(nu13,p3)*Vecr(nu14,p3)*Den(p3 - q2
       - q3)^2*Deng(p3,xiw,M3)^2*Deng(q2 + q3,xiw,M3)^2*xia*xiw*ufoGC58^2*
      ufoGC3*ufoGC4
       - 1/4*g_(1,6_,nu10)*g_(2,nu16,p3)*cFT(nu13,XX,i2,iufo11)*cFT(g7,XX,
      iufo11,j11)*flavourTag(fmu,j11,j12)*Vec(nu10,q2)*Vec(nu16,-q3)*Vec(nu9,
      -p3)*Vec(nu9,q3)*Vec(nu14,-q2)*Vecr(nu13,p3)*Vecr(nu14,p3)*Den(p3 - q2
       - q3)^2*Deng(p3,xiw,M3)^2*Deng(q2 + q3,xiw,M3)^2*xiw*ufoGC58^2*ufoGC3*
      ufoGC4
       + 1/4*g_(1,6_,nu10)*g_(2,nu16,p3)*cFT(nu13,XX,i2,iufo11)*cFT(g7,XX,
      iufo11,j11)*flavourTag(fmu,j11,j12)*Vec(nu10,q2)*Vec(nu16,-q3)*Vec(nu9,
      -p3)*Vec(nu9,q3)*Vec(nu14,-q3)*Vecr(nu13,p3)*Vecr(nu14,p3)*Den(p3 - q2
       - q3)^2*Deng(p3,xiw,M3)^2*Deng(q2 + q3,xiw,M3)^2*xia*xiw*ufoGC58^2*
      ufoGC3*ufoGC4
       - 1/4*g_(1,6_,nu10)*g_(2,nu16,p3)*cFT(nu13,XX,i2,iufo11)*cFT(g7,XX,
      iufo11,j11)*flavourTag(fmu,j11,j12)*Vec(nu10,q2)*Vec(nu16,-q3)*Vec(nu9,
      -p3)*Vec(nu9,q3)*Vec(nu14,-q3)*Vecr(nu13,p3)*Vecr(nu14,p3)*Den(p3 - q2
       - q3)^2*Deng(p3,xiw,M3)^2*Deng(q2 + q3,xiw,M3)^2*xiw*ufoGC58^2*ufoGC3*
      ufoGC4
       + 1/4*g_(1,6_,nu10)*g_(2,nu16,p3)*cFT(nu13,XX,i2,iufo11)*cFT(g7,XX,
      iufo11,j11)*flavourTag(fmu,j11,j12)*Vec(nu10,q2)*Vec(nu16,-q3)*Vec(nu9,
      -p3)*Vec(nu9,q3)*Vecr(nu13,p3)*Den(p3 - q2 - q3)^2*Deng(p3,xiw,M3)^2*
      Deng(q2 + q3,xiw,M3)^2*p3.p3*xia*xiw*ufoGC58^2*ufoGC3*ufoGC4
       - 1/4*g_(1,6_,nu10)*g_(2,nu16,p3)*cFT(nu13,XX,i2,iufo11)*cFT(g7,XX,
      iufo11,j11)*flavourTag(fmu,j11,j12)*Vec(nu10,q2)*Vec(nu16,-q3)*Vec(nu9,
      -p3)*Vec(nu9,q3)*Vecr(nu13,p3)*Den(p3 - q2 - q3)^2*Deng(p3,xiw,M3)^2*
      Deng(q2 + q3,xiw,M3)^2*p3.p3*xiw*ufoGC58^2*ufoGC3*ufoGC4
       - 1/4*g_(1,6_,nu10)*g_(2,nu16,p3)*cFT(nu13,XX,i2,iufo11)*cFT(g7,XX,
      iufo11,j11)*flavourTag(fmu,j11,j12)*Vec(nu10,q2)*Vec(nu16,-q3)*Vec(nu9,
      -q2)*Vec(nu9,q2)*Vec(nu14,q2)*Vecr(nu13,p3)*Vecr(nu14,p3)*Den(p3 - q2 - 
      q3)^2*Deng(p3,xiw,M3)^2*Deng(q2 + q3,xiw,M3)^2*xia*xiw*ufoGC58^2*ufoGC3*
      ufoGC4
       + 1/4*g_(1,6_,nu10)*g_(2,nu16,p3)*cFT(nu13,XX,i2,iufo11)*cFT(g7,XX,
      iufo11,j11)*flavourTag(fmu,j11,j12)*Vec(nu10,q2)*Vec(nu16,-q3)*Vec(nu9,
      -q2)*Vec(nu9,q2)*Vec(nu14,q2)*Vecr(nu13,p3)*Vecr(nu14,p3)*Den(p3 - q2 - 
      q3)^2*Deng(p3,xiw,M3)^2*Deng(q2 + q3,xiw,M3)^2*xiw*ufoGC58^2*ufoGC3*
      ufoGC4
       - 1/4*g_(1,6_,nu10)*g_(2,nu16,p3)*cFT(nu13,XX,i2,iufo11)*cFT(g7,XX,
      iufo11,j11)*flavourTag(fmu,j11,j12)*Vec(nu10,q2)*Vec(nu16,-q3)*Vec(nu9,
      -q2)*Vec(nu9,q2)*Vec(nu14,q3)*Vecr(nu13,p3)*Vecr(nu14,p3)*Den(p3 - q2 - 
      q3)^2*Deng(p3,xiw,M3)^2*Deng(q2 + q3,xiw,M3)^2*xia*xiw*ufoGC58^2*ufoGC3*
      ufoGC4
       + 1/4*g_(1,6_,nu10)*g_(2,nu16,p3)*cFT(nu13,XX,i2,iufo11)*cFT(g7,XX,
      iufo11,j11)*flavourTag(fmu,j11,j12)*Vec(nu10,q2)*Vec(nu16,-q3)*Vec(nu9,
      -q2)*Vec(nu9,q2)*Vec(nu14,q3)*Vecr(nu13,p3)*Vecr(nu14,p3)*Den(p3 - q2 - 
      q3)^2*Deng(p3,xiw,M3)^2*Deng(q2 + q3,xiw,M3)^2*xiw*ufoGC58^2*ufoGC3*
      ufoGC4
       - 1/4*g_(1,6_,nu10)*g_(2,nu16,p3)*cFT(nu13,XX,i2,iufo11)*cFT(g7,XX,
      iufo11,j11)*flavourTag(fmu,j11,j12)*Vec(nu10,q2)*Vec(nu16,-q3)*Vec(nu9,
      -q2)*Vec(nu9,q3)*Vec(nu14,q2)*Vecr(nu13,p3)*Vecr(nu14,p3)*Den(p3 - q2 - 
      q3)^2*Deng(p3,xiw,M3)^2*Deng(q2 + q3,xiw,M3)^2*xia*xiw*ufoGC58^2*ufoGC3*
      ufoGC4
       + 1/4*g_(1,6_,nu10)*g_(2,nu16,p3)*cFT(nu13,XX,i2,iufo11)*cFT(g7,XX,
      iufo11,j11)*flavourTag(fmu,j11,j12)*Vec(nu10,q2)*Vec(nu16,-q3)*Vec(nu9,
      -q2)*Vec(nu9,q3)*Vec(nu14,q2)*Vecr(nu13,p3)*Vecr(nu14,p3)*Den(p3 - q2 - 
      q3)^2*Deng(p3,xiw,M3)^2*Deng(q2 + q3,xiw,M3)^2*xiw*ufoGC58^2*ufoGC3*
      ufoGC4
       - 1/4*g_(1,6_,nu10)*g_(2,nu16,p3)*cFT(nu13,XX,i2,iufo11)*cFT(g7,XX,
      iufo11,j11)*flavourTag(fmu,j11,j12)*Vec(nu10,q2)*Vec(nu16,-q3)*Vec(nu9,
      -q2)*Vec(nu9,q3)*Vec(nu14,q3)*Vecr(nu13,p3)*Vecr(nu14,p3)*Den(p3 - q2 - 
      q3)^2*Deng(p3,xiw,M3)^2*Deng(q2 + q3,xiw,M3)^2*xia*xiw*ufoGC58^2*ufoGC3*
      ufoGC4
       + 1/4*g_(1,6_,nu10)*g_(2,nu16,p3)*cFT(nu13,XX,i2,iufo11)*cFT(g7,XX,
      iufo11,j11)*flavourTag(fmu,j11,j12)*Vec(nu10,q2)*Vec(nu16,-q3)*Vec(nu9,
      -q2)*Vec(nu9,q3)*Vec(nu14,q3)*Vecr(nu13,p3)*Vecr(nu14,p3)*Den(p3 - q2 - 
      q3)^2*Deng(p3,xiw,M3)^2*Deng(q2 + q3,xiw,M3)^2*xiw*ufoGC58^2*ufoGC3*
      ufoGC4
       - 1/4*g_(1,6_,nu10)*g_(2,nu16,p3)*cFT(nu13,XX,i2,iufo11)*cFT(g7,XX,
      iufo11,j11)*flavourTag(fmu,j11,j12)*Vec(nu10,q2)*Vec(nu16,-q3)*Vec(nu9,
      -q3)*Vec(nu9,q2)*Vec(nu14,q2)*Vecr(nu13,p3)*Vecr(nu14,p3)*Den(p3 - q2 - 
      q3)^2*Deng(p3,xiw,M3)^2*Deng(q2 + q3,xiw,M3)^2*xia*xiw*ufoGC58^2*ufoGC3*
      ufoGC4
       + 1/4*g_(1,6_,nu10)*g_(2,nu16,p3)*cFT(nu13,XX,i2,iufo11)*cFT(g7,XX,
      iufo11,j11)*flavourTag(fmu,j11,j12)*Vec(nu10,q2)*Vec(nu16,-q3)*Vec(nu9,
      -q3)*Vec(nu9,q2)*Vec(nu14,q2)*Vecr(nu13,p3)*Vecr(nu14,p3)*Den(p3 - q2 - 
      q3)^2*Deng(p3,xiw,M3)^2*Deng(q2 + q3,xiw,M3)^2*xiw*ufoGC58^2*ufoGC3*
      ufoGC4
       - 1/4*g_(1,6_,nu10)*g_(2,nu16,p3)*cFT(nu13,XX,i2,iufo11)*cFT(g7,XX,
      iufo11,j11)*flavourTag(fmu,j11,j12)*Vec(nu10,q2)*Vec(nu16,-q3)*Vec(nu9,
      -q3)*Vec(nu9,q2)*Vec(nu14,q3)*Vecr(nu13,p3)*Vecr(nu14,p3)*Den(p3 - q2 - 
      q3)^2*Deng(p3,xiw,M3)^2*Deng(q2 + q3,xiw,M3)^2*xia*xiw*ufoGC58^2*ufoGC3*
      ufoGC4
       + 1/4*g_(1,6_,nu10)*g_(2,nu16,p3)*cFT(nu13,XX,i2,iufo11)*cFT(g7,XX,
      iufo11,j11)*flavourTag(fmu,j11,j12)*Vec(nu10,q2)*Vec(nu16,-q3)*Vec(nu9,
      -q3)*Vec(nu9,q2)*Vec(nu14,q3)*Vecr(nu13,p3)*Vecr(nu14,p3)*Den(p3 - q2 - 
      q3)^2*Deng(p3,xiw,M3)^2*Deng(q2 + q3,xiw,M3)^2*xiw*ufoGC58^2*ufoGC3*
      ufoGC4
       - 1/4*g_(1,6_,nu10)*g_(2,nu16,p3)*cFT(nu13,XX,i2,iufo11)*cFT(g7,XX,
      iufo11,j11)*flavourTag(fmu,j11,j12)*Vec(nu10,q2)*Vec(nu16,-q3)*Vec(nu9,
      -q3)*Vec(nu9,q3)*Vec(nu14,q2)*Vecr(nu13,p3)*Vecr(nu14,p3)*Den(p3 - q2 - 
      q3)^2*Deng(p3,xiw,M3)^2*Deng(q2 + q3,xiw,M3)^2*xia*xiw*ufoGC58^2*ufoGC3*
      ufoGC4
       + 1/4*g_(1,6_,nu10)*g_(2,nu16,p3)*cFT(nu13,XX,i2,iufo11)*cFT(g7,XX,
      iufo11,j11)*flavourTag(fmu,j11,j12)*Vec(nu10,q2)*Vec(nu16,-q3)*Vec(nu9,
      -q3)*Vec(nu9,q3)*Vec(nu14,q2)*Vecr(nu13,p3)*Vecr(nu14,p3)*Den(p3 - q2 - 
      q3)^2*Deng(p3,xiw,M3)^2*Deng(q2 + q3,xiw,M3)^2*xiw*ufoGC58^2*ufoGC3*
      ufoGC4
       - 1/4*g_(1,6_,nu10)*g_(2,nu16,p3)*cFT(nu13,XX,i2,iufo11)*cFT(g7,XX,
      iufo11,j11)*flavourTag(fmu,j11,j12)*Vec(nu10,q2)*Vec(nu16,-q3)*Vec(nu9,
      -q3)*Vec(nu9,q3)*Vec(nu14,q3)*Vecr(nu13,p3)*Vecr(nu14,p3)*Den(p3 - q2 - 
      q3)^2*Deng(p3,xiw,M3)^2*Deng(q2 + q3,xiw,M3)^2*xia*xiw*ufoGC58^2*ufoGC3*
      ufoGC4
       + 1/4*g_(1,6_,nu10)*g_(2,nu16,p3)*cFT(nu13,XX,i2,iufo11)*cFT(g7,XX,
      iufo11,j11)*flavourTag(fmu,j11,j12)*Vec(nu10,q2)*Vec(nu16,-q3)*Vec(nu9,
      -q3)*Vec(nu9,q3)*Vec(nu14,q3)*Vecr(nu13,p3)*Vecr(nu14,p3)*Den(p3 - q2 - 
      q3)^2*Deng(p3,xiw,M3)^2*Deng(q2 + q3,xiw,M3)^2*xiw*ufoGC58^2*ufoGC3*
      ufoGC4
       + 1/4*g_(1,6_,nu10)*g_(2,nu16,p3)*cFT(nu13,XX,i2,iufo11)*cFT(g7,XX,
      iufo11,j11)*flavourTag(fmu,j11,j12)*Vec(nu10,q2)*Vec(nu16,-q3)*Vec(nu14,
      q2)*Vec(nu15,q2)*Vecr(nu13,p3)*Vecr(nu14,p3)*Vecr(nu15,p3)*Den(p3 - q2
       - q3)^2*Deng(p3,xiw,M3)^2*Deng(q2 + q3,xiw,M3)^2*xia*xiw*ufoGC58^2*
      ufoGC3*ufoGC4
       - 1/4*g_(1,6_,nu10)*g_(2,nu16,p3)*cFT(nu13,XX,i2,iufo11)*cFT(g7,XX,
      iufo11,j11)*flavourTag(fmu,j11,j12)*Vec(nu10,q2)*Vec(nu16,-q3)*Vec(nu14,
      q2)*Vec(nu15,q2)*Vecr(nu13,p3)*Vecr(nu14,p3)*Vecr(nu15,p3)*Den(p3 - q2
       - q3)^2*Deng(p3,xiw,M3)^2*Deng(q2 + q3,xiw,M3)^2*xiw*ufoGC58^2*ufoGC3*
      ufoGC4
       + 1/4*g_(1,6_,nu10)*g_(2,nu16,p3)*cFT(nu13,XX,i2,iufo11)*cFT(g7,XX,
      iufo11,j11)*flavourTag(fmu,j11,j12)*Vec(nu10,q2)*Vec(nu16,-q3)*Vec(nu14,
      q2)*Vec(nu15,q3)*Vecr(nu13,p3)*Vecr(nu14,p3)*Vecr(nu15,p3)*Den(p3 - q2
       - q3)^2*Deng(p3,xiw,M3)^2*Deng(q2 + q3,xiw,M3)^2*xia*xiw*ufoGC58^2*
      ufoGC3*ufoGC4
       - 1/4*g_(1,6_,nu10)*g_(2,nu16,p3)*cFT(nu13,XX,i2,iufo11)*cFT(g7,XX,
      iufo11,j11)*flavourTag(fmu,j11,j12)*Vec(nu10,q2)*Vec(nu16,-q3)*Vec(nu14,
      q2)*Vec(nu15,q3)*Vecr(nu13,p3)*Vecr(nu14,p3)*Vecr(nu15,p3)*Den(p3 - q2
       - q3)^2*Deng(p3,xiw,M3)^2*Deng(q2 + q3,xiw,M3)^2*xiw*ufoGC58^2*ufoGC3*
      ufoGC4
       - 1/4*g_(1,6_,nu10)*g_(2,nu16,p3)*cFT(nu13,XX,i2,iufo11)*cFT(g7,XX,
      iufo11,j11)*flavourTag(fmu,j11,j12)*Vec(nu10,q2)*Vec(nu16,-q3)*Vec(nu14,
      q2)*Vec(nu15,-p3)*Vec(nu15,-q2)*Vecr(nu13,p3)*Vecr(nu14,p3)*Den(p3 - q2
       - q3)^2*Deng(p3,xiw,M3)^2*Deng(q2 + q3,xiw,M3)^2*xia*xiw*ufoGC58^2*
      ufoGC3*ufoGC4
       + 1/4*g_(1,6_,nu10)*g_(2,nu16,p3)*cFT(nu13,XX,i2,iufo11)*cFT(g7,XX,
      iufo11,j11)*flavourTag(fmu,j11,j12)*Vec(nu10,q2)*Vec(nu16,-q3)*Vec(nu14,
      q2)*Vec(nu15,-p3)*Vec(nu15,-q2)*Vecr(nu13,p3)*Vecr(nu14,p3)*Den(p3 - q2
       - q3)^2*Deng(p3,xiw,M3)^2*Deng(q2 + q3,xiw,M3)^2*xiw*ufoGC58^2*ufoGC3*
      ufoGC4
       - 1/4*g_(1,6_,nu10)*g_(2,nu16,p3)*cFT(nu13,XX,i2,iufo11)*cFT(g7,XX,
      iufo11,j11)*flavourTag(fmu,j11,j12)*Vec(nu10,q2)*Vec(nu16,-q3)*Vec(nu14,
      q2)*Vec(nu15,-p3)*Vec(nu15,-q3)*Vecr(nu13,p3)*Vecr(nu14,p3)*Den(p3 - q2
       - q3)^2*Deng(p3,xiw,M3)^2*Deng(q2 + q3,xiw,M3)^2*xia*xiw*ufoGC58^2*
      ufoGC3*ufoGC4
       + 1/4*g_(1,6_,nu10)*g_(2,nu16,p3)*cFT(nu13,XX,i2,iufo11)*cFT(g7,XX,
      iufo11,j11)*flavourTag(fmu,j11,j12)*Vec(nu10,q2)*Vec(nu16,-q3)*Vec(nu14,
      q2)*Vec(nu15,-p3)*Vec(nu15,-q3)*Vecr(nu13,p3)*Vecr(nu14,p3)*Den(p3 - q2
       - q3)^2*Deng(p3,xiw,M3)^2*Deng(q2 + q3,xiw,M3)^2*xiw*ufoGC58^2*ufoGC3*
      ufoGC4
       - 1/4*g_(1,6_,nu10)*g_(2,nu16,p3)*cFT(nu13,XX,i2,iufo11)*cFT(g7,XX,
      iufo11,j11)*flavourTag(fmu,j11,j12)*Vec(nu10,q2)*Vec(nu16,-q3)*Vec(nu14,
      q2)*Vec(nu15,-p3)*Vecr(nu13,p3)*Vecr(nu14,p3)*Vecr(nu15,p3)*Den(p3 - q2
       - q3)^2*Deng(p3,xiw,M3)^2*Deng(q2 + q3,xiw,M3)^2*xia*xiw*ufoGC58^2*
      ufoGC3*ufoGC4
       + 1/4*g_(1,6_,nu10)*g_(2,nu16,p3)*cFT(nu13,XX,i2,iufo11)*cFT(g7,XX,
      iufo11,j11)*flavourTag(fmu,j11,j12)*Vec(nu10,q2)*Vec(nu16,-q3)*Vec(nu14,
      q2)*Vec(nu15,-p3)*Vecr(nu13,p3)*Vecr(nu14,p3)*Vecr(nu15,p3)*Den(p3 - q2
       - q3)^2*Deng(p3,xiw,M3)^2*Deng(q2 + q3,xiw,M3)^2*xiw*ufoGC58^2*ufoGC3*
      ufoGC4
       + 1/4*g_(1,6_,nu10)*g_(2,nu16,p3)*cFT(nu13,XX,i2,iufo11)*cFT(g7,XX,
      iufo11,j11)*flavourTag(fmu,j11,j12)*Vec(nu10,q2)*Vec(nu16,-q3)*Vec(nu14,
      q2)*Vec(nu15,-q2)*Vec(nu15,q2)*Vecr(nu13,p3)*Vecr(nu14,p3)*Den(p3 - q2
       - q3)^2*Deng(p3,xiw,M3)^2*Deng(q2 + q3,xiw,M3)^2*xia*xiw*ufoGC58^2*
      ufoGC3*ufoGC4
       - 1/4*g_(1,6_,nu10)*g_(2,nu16,p3)*cFT(nu13,XX,i2,iufo11)*cFT(g7,XX,
      iufo11,j11)*flavourTag(fmu,j11,j12)*Vec(nu10,q2)*Vec(nu16,-q3)*Vec(nu14,
      q2)*Vec(nu15,-q2)*Vec(nu15,q2)*Vecr(nu13,p3)*Vecr(nu14,p3)*Den(p3 - q2
       - q3)^2*Deng(p3,xiw,M3)^2*Deng(q2 + q3,xiw,M3)^2*xiw*ufoGC58^2*ufoGC3*
      ufoGC4
       + 1/4*g_(1,6_,nu10)*g_(2,nu16,p3)*cFT(nu13,XX,i2,iufo11)*cFT(g7,XX,
      iufo11,j11)*flavourTag(fmu,j11,j12)*Vec(nu10,q2)*Vec(nu16,-q3)*Vec(nu14,
      q2)*Vec(nu15,-q2)*Vec(nu15,q3)*Vecr(nu13,p3)*Vecr(nu14,p3)*Den(p3 - q2
       - q3)^2*Deng(p3,xiw,M3)^2*Deng(q2 + q3,xiw,M3)^2*xia*xiw*ufoGC58^2*
      ufoGC3*ufoGC4
       - 1/4*g_(1,6_,nu10)*g_(2,nu16,p3)*cFT(nu13,XX,i2,iufo11)*cFT(g7,XX,
      iufo11,j11)*flavourTag(fmu,j11,j12)*Vec(nu10,q2)*Vec(nu16,-q3)*Vec(nu14,
      q2)*Vec(nu15,-q2)*Vec(nu15,q3)*Vecr(nu13,p3)*Vecr(nu14,p3)*Den(p3 - q2
       - q3)^2*Deng(p3,xiw,M3)^2*Deng(q2 + q3,xiw,M3)^2*xiw*ufoGC58^2*ufoGC3*
      ufoGC4
       + 1/4*g_(1,6_,nu10)*g_(2,nu16,p3)*cFT(nu13,XX,i2,iufo11)*cFT(g7,XX,
      iufo11,j11)*flavourTag(fmu,j11,j12)*Vec(nu10,q2)*Vec(nu16,-q3)*Vec(nu14,
      q2)*Vec(nu15,-q3)*Vec(nu15,q2)*Vecr(nu13,p3)*Vecr(nu14,p3)*Den(p3 - q2
       - q3)^2*Deng(p3,xiw,M3)^2*Deng(q2 + q3,xiw,M3)^2*xia*xiw*ufoGC58^2*
      ufoGC3*ufoGC4
       - 1/4*g_(1,6_,nu10)*g_(2,nu16,p3)*cFT(nu13,XX,i2,iufo11)*cFT(g7,XX,
      iufo11,j11)*flavourTag(fmu,j11,j12)*Vec(nu10,q2)*Vec(nu16,-q3)*Vec(nu14,
      q2)*Vec(nu15,-q3)*Vec(nu15,q2)*Vecr(nu13,p3)*Vecr(nu14,p3)*Den(p3 - q2
       - q3)^2*Deng(p3,xiw,M3)^2*Deng(q2 + q3,xiw,M3)^2*xiw*ufoGC58^2*ufoGC3*
      ufoGC4
       + 1/4*g_(1,6_,nu10)*g_(2,nu16,p3)*cFT(nu13,XX,i2,iufo11)*cFT(g7,XX,
      iufo11,j11)*flavourTag(fmu,j11,j12)*Vec(nu10,q2)*Vec(nu16,-q3)*Vec(nu14,
      q2)*Vec(nu15,-q3)*Vec(nu15,q3)*Vecr(nu13,p3)*Vecr(nu14,p3)*Den(p3 - q2
       - q3)^2*Deng(p3,xiw,M3)^2*Deng(q2 + q3,xiw,M3)^2*xia*xiw*ufoGC58^2*
      ufoGC3*ufoGC4
       - 1/4*g_(1,6_,nu10)*g_(2,nu16,p3)*cFT(nu13,XX,i2,iufo11)*cFT(g7,XX,
      iufo11,j11)*flavourTag(fmu,j11,j12)*Vec(nu10,q2)*Vec(nu16,-q3)*Vec(nu14,
      q2)*Vec(nu15,-q3)*Vec(nu15,q3)*Vecr(nu13,p3)*Vecr(nu14,p3)*Den(p3 - q2
       - q3)^2*Deng(p3,xiw,M3)^2*Deng(q2 + q3,xiw,M3)^2*xiw*ufoGC58^2*ufoGC3*
      ufoGC4
       + 1/4*g_(1,6_,nu10)*g_(2,nu16,p3)*cFT(nu13,XX,i2,iufo11)*cFT(g7,XX,
      iufo11,j11)*flavourTag(fmu,j11,j12)*Vec(nu10,q2)*Vec(nu16,-q3)*Vec(nu14,
      q3)*Vec(nu15,q2)*Vecr(nu13,p3)*Vecr(nu14,p3)*Vecr(nu15,p3)*Den(p3 - q2
       - q3)^2*Deng(p3,xiw,M3)^2*Deng(q2 + q3,xiw,M3)^2*xia*xiw*ufoGC58^2*
      ufoGC3*ufoGC4
       - 1/4*g_(1,6_,nu10)*g_(2,nu16,p3)*cFT(nu13,XX,i2,iufo11)*cFT(g7,XX,
      iufo11,j11)*flavourTag(fmu,j11,j12)*Vec(nu10,q2)*Vec(nu16,-q3)*Vec(nu14,
      q3)*Vec(nu15,q2)*Vecr(nu13,p3)*Vecr(nu14,p3)*Vecr(nu15,p3)*Den(p3 - q2
       - q3)^2*Deng(p3,xiw,M3)^2*Deng(q2 + q3,xiw,M3)^2*xiw*ufoGC58^2*ufoGC3*
      ufoGC4
       + 1/4*g_(1,6_,nu10)*g_(2,nu16,p3)*cFT(nu13,XX,i2,iufo11)*cFT(g7,XX,
      iufo11,j11)*flavourTag(fmu,j11,j12)*Vec(nu10,q2)*Vec(nu16,-q3)*Vec(nu14,
      q3)*Vec(nu15,q3)*Vecr(nu13,p3)*Vecr(nu14,p3)*Vecr(nu15,p3)*Den(p3 - q2
       - q3)^2*Deng(p3,xiw,M3)^2*Deng(q2 + q3,xiw,M3)^2*xia*xiw*ufoGC58^2*
      ufoGC3*ufoGC4
       - 1/4*g_(1,6_,nu10)*g_(2,nu16,p3)*cFT(nu13,XX,i2,iufo11)*cFT(g7,XX,
      iufo11,j11)*flavourTag(fmu,j11,j12)*Vec(nu10,q2)*Vec(nu16,-q3)*Vec(nu14,
      q3)*Vec(nu15,q3)*Vecr(nu13,p3)*Vecr(nu14,p3)*Vecr(nu15,p3)*Den(p3 - q2
       - q3)^2*Deng(p3,xiw,M3)^2*Deng(q2 + q3,xiw,M3)^2*xiw*ufoGC58^2*ufoGC3*
      ufoGC4
       - 1/4*g_(1,6_,nu10)*g_(2,nu16,p3)*cFT(nu13,XX,i2,iufo11)*cFT(g7,XX,
      iufo11,j11)*flavourTag(fmu,j11,j12)*Vec(nu10,q2)*Vec(nu16,-q3)*Vec(nu14,
      q3)*Vec(nu15,-p3)*Vec(nu15,-q2)*Vecr(nu13,p3)*Vecr(nu14,p3)*Den(p3 - q2
       - q3)^2*Deng(p3,xiw,M3)^2*Deng(q2 + q3,xiw,M3)^2*xia*xiw*ufoGC58^2*
      ufoGC3*ufoGC4
       + 1/4*g_(1,6_,nu10)*g_(2,nu16,p3)*cFT(nu13,XX,i2,iufo11)*cFT(g7,XX,
      iufo11,j11)*flavourTag(fmu,j11,j12)*Vec(nu10,q2)*Vec(nu16,-q3)*Vec(nu14,
      q3)*Vec(nu15,-p3)*Vec(nu15,-q2)*Vecr(nu13,p3)*Vecr(nu14,p3)*Den(p3 - q2
       - q3)^2*Deng(p3,xiw,M3)^2*Deng(q2 + q3,xiw,M3)^2*xiw*ufoGC58^2*ufoGC3*
      ufoGC4
       - 1/4*g_(1,6_,nu10)*g_(2,nu16,p3)*cFT(nu13,XX,i2,iufo11)*cFT(g7,XX,
      iufo11,j11)*flavourTag(fmu,j11,j12)*Vec(nu10,q2)*Vec(nu16,-q3)*Vec(nu14,
      q3)*Vec(nu15,-p3)*Vec(nu15,-q3)*Vecr(nu13,p3)*Vecr(nu14,p3)*Den(p3 - q2
       - q3)^2*Deng(p3,xiw,M3)^2*Deng(q2 + q3,xiw,M3)^2*xia*xiw*ufoGC58^2*
      ufoGC3*ufoGC4
       + 1/4*g_(1,6_,nu10)*g_(2,nu16,p3)*cFT(nu13,XX,i2,iufo11)*cFT(g7,XX,
      iufo11,j11)*flavourTag(fmu,j11,j12)*Vec(nu10,q2)*Vec(nu16,-q3)*Vec(nu14,
      q3)*Vec(nu15,-p3)*Vec(nu15,-q3)*Vecr(nu13,p3)*Vecr(nu14,p3)*Den(p3 - q2
       - q3)^2*Deng(p3,xiw,M3)^2*Deng(q2 + q3,xiw,M3)^2*xiw*ufoGC58^2*ufoGC3*
      ufoGC4
       - 1/4*g_(1,6_,nu10)*g_(2,nu16,p3)*cFT(nu13,XX,i2,iufo11)*cFT(g7,XX,
      iufo11,j11)*flavourTag(fmu,j11,j12)*Vec(nu10,q2)*Vec(nu16,-q3)*Vec(nu14,
      q3)*Vec(nu15,-p3)*Vecr(nu13,p3)*Vecr(nu14,p3)*Vecr(nu15,p3)*Den(p3 - q2
       - q3)^2*Deng(p3,xiw,M3)^2*Deng(q2 + q3,xiw,M3)^2*xia*xiw*ufoGC58^2*
      ufoGC3*ufoGC4
       + 1/4*g_(1,6_,nu10)*g_(2,nu16,p3)*cFT(nu13,XX,i2,iufo11)*cFT(g7,XX,
      iufo11,j11)*flavourTag(fmu,j11,j12)*Vec(nu10,q2)*Vec(nu16,-q3)*Vec(nu14,
      q3)*Vec(nu15,-p3)*Vecr(nu13,p3)*Vecr(nu14,p3)*Vecr(nu15,p3)*Den(p3 - q2
       - q3)^2*Deng(p3,xiw,M3)^2*Deng(q2 + q3,xiw,M3)^2*xiw*ufoGC58^2*ufoGC3*
      ufoGC4
       + 1/4*g_(1,6_,nu10)*g_(2,nu16,p3)*cFT(nu13,XX,i2,iufo11)*cFT(g7,XX,
      iufo11,j11)*flavourTag(fmu,j11,j12)*Vec(nu10,q2)*Vec(nu16,-q3)*Vec(nu14,
      q3)*Vec(nu15,-q2)*Vec(nu15,q2)*Vecr(nu13,p3)*Vecr(nu14,p3)*Den(p3 - q2
       - q3)^2*Deng(p3,xiw,M3)^2*Deng(q2 + q3,xiw,M3)^2*xia*xiw*ufoGC58^2*
      ufoGC3*ufoGC4
       - 1/4*g_(1,6_,nu10)*g_(2,nu16,p3)*cFT(nu13,XX,i2,iufo11)*cFT(g7,XX,
      iufo11,j11)*flavourTag(fmu,j11,j12)*Vec(nu10,q2)*Vec(nu16,-q3)*Vec(nu14,
      q3)*Vec(nu15,-q2)*Vec(nu15,q2)*Vecr(nu13,p3)*Vecr(nu14,p3)*Den(p3 - q2
       - q3)^2*Deng(p3,xiw,M3)^2*Deng(q2 + q3,xiw,M3)^2*xiw*ufoGC58^2*ufoGC3*
      ufoGC4
       + 1/4*g_(1,6_,nu10)*g_(2,nu16,p3)*cFT(nu13,XX,i2,iufo11)*cFT(g7,XX,
      iufo11,j11)*flavourTag(fmu,j11,j12)*Vec(nu10,q2)*Vec(nu16,-q3)*Vec(nu14,
      q3)*Vec(nu15,-q2)*Vec(nu15,q3)*Vecr(nu13,p3)*Vecr(nu14,p3)*Den(p3 - q2
       - q3)^2*Deng(p3,xiw,M3)^2*Deng(q2 + q3,xiw,M3)^2*xia*xiw*ufoGC58^2*
      ufoGC3*ufoGC4
       - 1/4*g_(1,6_,nu10)*g_(2,nu16,p3)*cFT(nu13,XX,i2,iufo11)*cFT(g7,XX,
      iufo11,j11)*flavourTag(fmu,j11,j12)*Vec(nu10,q2)*Vec(nu16,-q3)*Vec(nu14,
      q3)*Vec(nu15,-q2)*Vec(nu15,q3)*Vecr(nu13,p3)*Vecr(nu14,p3)*Den(p3 - q2
       - q3)^2*Deng(p3,xiw,M3)^2*Deng(q2 + q3,xiw,M3)^2*xiw*ufoGC58^2*ufoGC3*
      ufoGC4
       + 1/4*g_(1,6_,nu10)*g_(2,nu16,p3)*cFT(nu13,XX,i2,iufo11)*cFT(g7,XX,
      iufo11,j11)*flavourTag(fmu,j11,j12)*Vec(nu10,q2)*Vec(nu16,-q3)*Vec(nu14,
      q3)*Vec(nu15,-q3)*Vec(nu15,q2)*Vecr(nu13,p3)*Vecr(nu14,p3)*Den(p3 - q2
       - q3)^2*Deng(p3,xiw,M3)^2*Deng(q2 + q3,xiw,M3)^2*xia*xiw*ufoGC58^2*
      ufoGC3*ufoGC4
       - 1/4*g_(1,6_,nu10)*g_(2,nu16,p3)*cFT(nu13,XX,i2,iufo11)*cFT(g7,XX,
      iufo11,j11)*flavourTag(fmu,j11,j12)*Vec(nu10,q2)*Vec(nu16,-q3)*Vec(nu14,
      q3)*Vec(nu15,-q3)*Vec(nu15,q2)*Vecr(nu13,p3)*Vecr(nu14,p3)*Den(p3 - q2
       - q3)^2*Deng(p3,xiw,M3)^2*Deng(q2 + q3,xiw,M3)^2*xiw*ufoGC58^2*ufoGC3*
      ufoGC4
       + 1/4*g_(1,6_,nu10)*g_(2,nu16,p3)*cFT(nu13,XX,i2,iufo11)*cFT(g7,XX,
      iufo11,j11)*flavourTag(fmu,j11,j12)*Vec(nu10,q2)*Vec(nu16,-q3)*Vec(nu14,
      q3)*Vec(nu15,-q3)*Vec(nu15,q3)*Vecr(nu13,p3)*Vecr(nu14,p3)*Den(p3 - q2
       - q3)^2*Deng(p3,xiw,M3)^2*Deng(q2 + q3,xiw,M3)^2*xia*xiw*ufoGC58^2*
      ufoGC3*ufoGC4
       - 1/4*g_(1,6_,nu10)*g_(2,nu16,p3)*cFT(nu13,XX,i2,iufo11)*cFT(g7,XX,
      iufo11,j11)*flavourTag(fmu,j11,j12)*Vec(nu10,q2)*Vec(nu16,-q3)*Vec(nu14,
      q3)*Vec(nu15,-q3)*Vec(nu15,q3)*Vecr(nu13,p3)*Vecr(nu14,p3)*Den(p3 - q2
       - q3)^2*Deng(p3,xiw,M3)^2*Deng(q2 + q3,xiw,M3)^2*xiw*ufoGC58^2*ufoGC3*
      ufoGC4
       + 1/4*g_(1,6_,nu10)*g_(2,nu16,p3)*cFT(nu13,XX,i2,iufo11)*cFT(g7,XX,
      iufo11,j11)*flavourTag(fmu,j11,j12)*Vec(nu10,q2)*Vec(nu9,-p3)*Vec(nu9,q2
      )*Vec(nu14,-q2)*Vecr(nu16,p3)*Vecr(nu13,p3)*Vecr(nu14,p3)*Den(p3 - q2 - 
      q3)^2*Deng(p3,xiw,M3)^2*Deng(q2 + q3,xiw,M3)^2*xia*xiw*ufoGC58^2*ufoGC3*
      ufoGC4
       - 1/4*g_(1,6_,nu10)*g_(2,nu16,p3)*cFT(nu13,XX,i2,iufo11)*cFT(g7,XX,
      iufo11,j11)*flavourTag(fmu,j11,j12)*Vec(nu10,q2)*Vec(nu9,-p3)*Vec(nu9,q2
      )*Vec(nu14,-q2)*Vecr(nu16,p3)*Vecr(nu13,p3)*Vecr(nu14,p3)*Den(p3 - q2 - 
      q3)^2*Deng(p3,xiw,M3)^2*Deng(q2 + q3,xiw,M3)^2*xiw*ufoGC58^2*ufoGC3*
      ufoGC4
       + 1/4*g_(1,6_,nu10)*g_(2,nu16,p3)*cFT(nu13,XX,i2,iufo11)*cFT(g7,XX,
      iufo11,j11)*flavourTag(fmu,j11,j12)*Vec(nu10,q2)*Vec(nu9,-p3)*Vec(nu9,q2
      )*Vec(nu14,-q3)*Vecr(nu16,p3)*Vecr(nu13,p3)*Vecr(nu14,p3)*Den(p3 - q2 - 
      q3)^2*Deng(p3,xiw,M3)^2*Deng(q2 + q3,xiw,M3)^2*xia*xiw*ufoGC58^2*ufoGC3*
      ufoGC4
       - 1/4*g_(1,6_,nu10)*g_(2,nu16,p3)*cFT(nu13,XX,i2,iufo11)*cFT(g7,XX,
      iufo11,j11)*flavourTag(fmu,j11,j12)*Vec(nu10,q2)*Vec(nu9,-p3)*Vec(nu9,q2
      )*Vec(nu14,-q3)*Vecr(nu16,p3)*Vecr(nu13,p3)*Vecr(nu14,p3)*Den(p3 - q2 - 
      q3)^2*Deng(p3,xiw,M3)^2*Deng(q2 + q3,xiw,M3)^2*xiw*ufoGC58^2*ufoGC3*
      ufoGC4
       + 1/4*g_(1,6_,nu10)*g_(2,nu16,p3)*cFT(nu13,XX,i2,iufo11)*cFT(g7,XX,
      iufo11,j11)*flavourTag(fmu,j11,j12)*Vec(nu10,q2)*Vec(nu9,-p3)*Vec(nu9,q2
      )*Vecr(nu16,p3)*Vecr(nu13,p3)*Den(p3 - q2 - q3)^2*Deng(p3,xiw,M3)^2*
      Deng(q2 + q3,xiw,M3)^2*p3.p3*xia*xiw*ufoGC58^2*ufoGC3*ufoGC4
       - 1/4*g_(1,6_,nu10)*g_(2,nu16,p3)*cFT(nu13,XX,i2,iufo11)*cFT(g7,XX,
      iufo11,j11)*flavourTag(fmu,j11,j12)*Vec(nu10,q2)*Vec(nu9,-p3)*Vec(nu9,q2
      )*Vecr(nu16,p3)*Vecr(nu13,p3)*Den(p3 - q2 - q3)^2*Deng(p3,xiw,M3)^2*
      Deng(q2 + q3,xiw,M3)^2*p3.p3*xiw*ufoGC58^2*ufoGC3*ufoGC4
       + 1/4*g_(1,6_,nu10)*g_(2,nu16,p3)*cFT(nu13,XX,i2,iufo11)*cFT(g7,XX,
      iufo11,j11)*flavourTag(fmu,j11,j12)*Vec(nu10,q2)*Vec(nu9,-p3)*Vec(nu9,q3
      )*Vec(nu14,-q2)*Vecr(nu16,p3)*Vecr(nu13,p3)*Vecr(nu14,p3)*Den(p3 - q2 - 
      q3)^2*Deng(p3,xiw,M3)^2*Deng(q2 + q3,xiw,M3)^2*xia*xiw*ufoGC58^2*ufoGC3*
      ufoGC4
       - 1/4*g_(1,6_,nu10)*g_(2,nu16,p3)*cFT(nu13,XX,i2,iufo11)*cFT(g7,XX,
      iufo11,j11)*flavourTag(fmu,j11,j12)*Vec(nu10,q2)*Vec(nu9,-p3)*Vec(nu9,q3
      )*Vec(nu14,-q2)*Vecr(nu16,p3)*Vecr(nu13,p3)*Vecr(nu14,p3)*Den(p3 - q2 - 
      q3)^2*Deng(p3,xiw,M3)^2*Deng(q2 + q3,xiw,M3)^2*xiw*ufoGC58^2*ufoGC3*
      ufoGC4
       + 1/4*g_(1,6_,nu10)*g_(2,nu16,p3)*cFT(nu13,XX,i2,iufo11)*cFT(g7,XX,
      iufo11,j11)*flavourTag(fmu,j11,j12)*Vec(nu10,q2)*Vec(nu9,-p3)*Vec(nu9,q3
      )*Vec(nu14,-q3)*Vecr(nu16,p3)*Vecr(nu13,p3)*Vecr(nu14,p3)*Den(p3 - q2 - 
      q3)^2*Deng(p3,xiw,M3)^2*Deng(q2 + q3,xiw,M3)^2*xia*xiw*ufoGC58^2*ufoGC3*
      ufoGC4
       - 1/4*g_(1,6_,nu10)*g_(2,nu16,p3)*cFT(nu13,XX,i2,iufo11)*cFT(g7,XX,
      iufo11,j11)*flavourTag(fmu,j11,j12)*Vec(nu10,q2)*Vec(nu9,-p3)*Vec(nu9,q3
      )*Vec(nu14,-q3)*Vecr(nu16,p3)*Vecr(nu13,p3)*Vecr(nu14,p3)*Den(p3 - q2 - 
      q3)^2*Deng(p3,xiw,M3)^2*Deng(q2 + q3,xiw,M3)^2*xiw*ufoGC58^2*ufoGC3*
      ufoGC4
       + 1/4*g_(1,6_,nu10)*g_(2,nu16,p3)*cFT(nu13,XX,i2,iufo11)*cFT(g7,XX,
      iufo11,j11)*flavourTag(fmu,j11,j12)*Vec(nu10,q2)*Vec(nu9,-p3)*Vec(nu9,q3
      )*Vecr(nu16,p3)*Vecr(nu13,p3)*Den(p3 - q2 - q3)^2*Deng(p3,xiw,M3)^2*
      Deng(q2 + q3,xiw,M3)^2*p3.p3*xia*xiw*ufoGC58^2*ufoGC3*ufoGC4
       - 1/4*g_(1,6_,nu10)*g_(2,nu16,p3)*cFT(nu13,XX,i2,iufo11)*cFT(g7,XX,
      iufo11,j11)*flavourTag(fmu,j11,j12)*Vec(nu10,q2)*Vec(nu9,-p3)*Vec(nu9,q3
      )*Vecr(nu16,p3)*Vecr(nu13,p3)*Den(p3 - q2 - q3)^2*Deng(p3,xiw,M3)^2*
      Deng(q2 + q3,xiw,M3)^2*p3.p3*xiw*ufoGC58^2*ufoGC3*ufoGC4
       - 1/4*g_(1,6_,nu10)*g_(2,nu16,p3)*cFT(nu13,XX,i2,iufo11)*cFT(g7,XX,
      iufo11,j11)*flavourTag(fmu,j11,j12)*Vec(nu10,q2)*Vec(nu9,-q2)*Vec(nu9,q2
      )*Vec(nu14,q2)*Vecr(nu16,p3)*Vecr(nu13,p3)*Vecr(nu14,p3)*Den(p3 - q2 - 
      q3)^2*Deng(p3,xiw,M3)^2*Deng(q2 + q3,xiw,M3)^2*xia*xiw*ufoGC58^2*ufoGC3*
      ufoGC4
       + 1/4*g_(1,6_,nu10)*g_(2,nu16,p3)*cFT(nu13,XX,i2,iufo11)*cFT(g7,XX,
      iufo11,j11)*flavourTag(fmu,j11,j12)*Vec(nu10,q2)*Vec(nu9,-q2)*Vec(nu9,q2
      )*Vec(nu14,q2)*Vecr(nu16,p3)*Vecr(nu13,p3)*Vecr(nu14,p3)*Den(p3 - q2 - 
      q3)^2*Deng(p3,xiw,M3)^2*Deng(q2 + q3,xiw,M3)^2*xiw*ufoGC58^2*ufoGC3*
      ufoGC4
       - 1/4*g_(1,6_,nu10)*g_(2,nu16,p3)*cFT(nu13,XX,i2,iufo11)*cFT(g7,XX,
      iufo11,j11)*flavourTag(fmu,j11,j12)*Vec(nu10,q2)*Vec(nu9,-q2)*Vec(nu9,q2
      )*Vec(nu14,q3)*Vecr(nu16,p3)*Vecr(nu13,p3)*Vecr(nu14,p3)*Den(p3 - q2 - 
      q3)^2*Deng(p3,xiw,M3)^2*Deng(q2 + q3,xiw,M3)^2*xia*xiw*ufoGC58^2*ufoGC3*
      ufoGC4
       + 1/4*g_(1,6_,nu10)*g_(2,nu16,p3)*cFT(nu13,XX,i2,iufo11)*cFT(g7,XX,
      iufo11,j11)*flavourTag(fmu,j11,j12)*Vec(nu10,q2)*Vec(nu9,-q2)*Vec(nu9,q2
      )*Vec(nu14,q3)*Vecr(nu16,p3)*Vecr(nu13,p3)*Vecr(nu14,p3)*Den(p3 - q2 - 
      q3)^2*Deng(p3,xiw,M3)^2*Deng(q2 + q3,xiw,M3)^2*xiw*ufoGC58^2*ufoGC3*
      ufoGC4
       - 1/4*g_(1,6_,nu10)*g_(2,nu16,p3)*cFT(nu13,XX,i2,iufo11)*cFT(g7,XX,
      iufo11,j11)*flavourTag(fmu,j11,j12)*Vec(nu10,q2)*Vec(nu9,-q2)*Vec(nu9,q3
      )*Vec(nu14,q2)*Vecr(nu16,p3)*Vecr(nu13,p3)*Vecr(nu14,p3)*Den(p3 - q2 - 
      q3)^2*Deng(p3,xiw,M3)^2*Deng(q2 + q3,xiw,M3)^2*xia*xiw*ufoGC58^2*ufoGC3*
      ufoGC4
       + 1/4*g_(1,6_,nu10)*g_(2,nu16,p3)*cFT(nu13,XX,i2,iufo11)*cFT(g7,XX,
      iufo11,j11)*flavourTag(fmu,j11,j12)*Vec(nu10,q2)*Vec(nu9,-q2)*Vec(nu9,q3
      )*Vec(nu14,q2)*Vecr(nu16,p3)*Vecr(nu13,p3)*Vecr(nu14,p3)*Den(p3 - q2 - 
      q3)^2*Deng(p3,xiw,M3)^2*Deng(q2 + q3,xiw,M3)^2*xiw*ufoGC58^2*ufoGC3*
      ufoGC4
       - 1/4*g_(1,6_,nu10)*g_(2,nu16,p3)*cFT(nu13,XX,i2,iufo11)*cFT(g7,XX,
      iufo11,j11)*flavourTag(fmu,j11,j12)*Vec(nu10,q2)*Vec(nu9,-q2)*Vec(nu9,q3
      )*Vec(nu14,q3)*Vecr(nu16,p3)*Vecr(nu13,p3)*Vecr(nu14,p3)*Den(p3 - q2 - 
      q3)^2*Deng(p3,xiw,M3)^2*Deng(q2 + q3,xiw,M3)^2*xia*xiw*ufoGC58^2*ufoGC3*
      ufoGC4
       + 1/4*g_(1,6_,nu10)*g_(2,nu16,p3)*cFT(nu13,XX,i2,iufo11)*cFT(g7,XX,
      iufo11,j11)*flavourTag(fmu,j11,j12)*Vec(nu10,q2)*Vec(nu9,-q2)*Vec(nu9,q3
      )*Vec(nu14,q3)*Vecr(nu16,p3)*Vecr(nu13,p3)*Vecr(nu14,p3)*Den(p3 - q2 - 
      q3)^2*Deng(p3,xiw,M3)^2*Deng(q2 + q3,xiw,M3)^2*xiw*ufoGC58^2*ufoGC3*
      ufoGC4
       - 1/4*g_(1,6_,nu10)*g_(2,nu16,p3)*cFT(nu13,XX,i2,iufo11)*cFT(g7,XX,
      iufo11,j11)*flavourTag(fmu,j11,j12)*Vec(nu10,q2)*Vec(nu9,-q3)*Vec(nu9,q2
      )*Vec(nu14,q2)*Vecr(nu16,p3)*Vecr(nu13,p3)*Vecr(nu14,p3)*Den(p3 - q2 - 
      q3)^2*Deng(p3,xiw,M3)^2*Deng(q2 + q3,xiw,M3)^2*xia*xiw*ufoGC58^2*ufoGC3*
      ufoGC4
       + 1/4*g_(1,6_,nu10)*g_(2,nu16,p3)*cFT(nu13,XX,i2,iufo11)*cFT(g7,XX,
      iufo11,j11)*flavourTag(fmu,j11,j12)*Vec(nu10,q2)*Vec(nu9,-q3)*Vec(nu9,q2
      )*Vec(nu14,q2)*Vecr(nu16,p3)*Vecr(nu13,p3)*Vecr(nu14,p3)*Den(p3 - q2 - 
      q3)^2*Deng(p3,xiw,M3)^2*Deng(q2 + q3,xiw,M3)^2*xiw*ufoGC58^2*ufoGC3*
      ufoGC4
       - 1/4*g_(1,6_,nu10)*g_(2,nu16,p3)*cFT(nu13,XX,i2,iufo11)*cFT(g7,XX,
      iufo11,j11)*flavourTag(fmu,j11,j12)*Vec(nu10,q2)*Vec(nu9,-q3)*Vec(nu9,q2
      )*Vec(nu14,q3)*Vecr(nu16,p3)*Vecr(nu13,p3)*Vecr(nu14,p3)*Den(p3 - q2 - 
      q3)^2*Deng(p3,xiw,M3)^2*Deng(q2 + q3,xiw,M3)^2*xia*xiw*ufoGC58^2*ufoGC3*
      ufoGC4
       + 1/4*g_(1,6_,nu10)*g_(2,nu16,p3)*cFT(nu13,XX,i2,iufo11)*cFT(g7,XX,
      iufo11,j11)*flavourTag(fmu,j11,j12)*Vec(nu10,q2)*Vec(nu9,-q3)*Vec(nu9,q2
      )*Vec(nu14,q3)*Vecr(nu16,p3)*Vecr(nu13,p3)*Vecr(nu14,p3)*Den(p3 - q2 - 
      q3)^2*Deng(p3,xiw,M3)^2*Deng(q2 + q3,xiw,M3)^2*xiw*ufoGC58^2*ufoGC3*
      ufoGC4
       - 1/4*g_(1,6_,nu10)*g_(2,nu16,p3)*cFT(nu13,XX,i2,iufo11)*cFT(g7,XX,
      iufo11,j11)*flavourTag(fmu,j11,j12)*Vec(nu10,q2)*Vec(nu9,-q3)*Vec(nu9,q3
      )*Vec(nu14,q2)*Vecr(nu16,p3)*Vecr(nu13,p3)*Vecr(nu14,p3)*Den(p3 - q2 - 
      q3)^2*Deng(p3,xiw,M3)^2*Deng(q2 + q3,xiw,M3)^2*xia*xiw*ufoGC58^2*ufoGC3*
      ufoGC4
       + 1/4*g_(1,6_,nu10)*g_(2,nu16,p3)*cFT(nu13,XX,i2,iufo11)*cFT(g7,XX,
      iufo11,j11)*flavourTag(fmu,j11,j12)*Vec(nu10,q2)*Vec(nu9,-q3)*Vec(nu9,q3
      )*Vec(nu14,q2)*Vecr(nu16,p3)*Vecr(nu13,p3)*Vecr(nu14,p3)*Den(p3 - q2 - 
      q3)^2*Deng(p3,xiw,M3)^2*Deng(q2 + q3,xiw,M3)^2*xiw*ufoGC58^2*ufoGC3*
      ufoGC4
       - 1/4*g_(1,6_,nu10)*g_(2,nu16,p3)*cFT(nu13,XX,i2,iufo11)*cFT(g7,XX,
      iufo11,j11)*flavourTag(fmu,j11,j12)*Vec(nu10,q2)*Vec(nu9,-q3)*Vec(nu9,q3
      )*Vec(nu14,q3)*Vecr(nu16,p3)*Vecr(nu13,p3)*Vecr(nu14,p3)*Den(p3 - q2 - 
      q3)^2*Deng(p3,xiw,M3)^2*Deng(q2 + q3,xiw,M3)^2*xia*xiw*ufoGC58^2*ufoGC3*
      ufoGC4
       + 1/4*g_(1,6_,nu10)*g_(2,nu16,p3)*cFT(nu13,XX,i2,iufo11)*cFT(g7,XX,
      iufo11,j11)*flavourTag(fmu,j11,j12)*Vec(nu10,q2)*Vec(nu9,-q3)*Vec(nu9,q3
      )*Vec(nu14,q3)*Vecr(nu16,p3)*Vecr(nu13,p3)*Vecr(nu14,p3)*Den(p3 - q2 - 
      q3)^2*Deng(p3,xiw,M3)^2*Deng(q2 + q3,xiw,M3)^2*xiw*ufoGC58^2*ufoGC3*
      ufoGC4
       - 1/4*g_(1,6_,nu10)*g_(2,nu16,p3)*cFT(nu13,XX,i2,iufo11)*cFT(g7,XX,
      iufo11,j11)*flavourTag(fmu,j11,j12)*Vec(nu10,q2)*Vec(nu14,q2)*Vec(nu15,
      -p3)*Vec(nu15,-q2)*Vecr(nu16,p3)*Vecr(nu13,p3)*Vecr(nu14,p3)*Den(p3 - q2
       - q3)^2*Deng(p3,xiw,M3)^2*Deng(q2 + q3,xiw,M3)^2*xia*xiw*ufoGC58^2*
      ufoGC3*ufoGC4
       + 1/4*g_(1,6_,nu10)*g_(2,nu16,p3)*cFT(nu13,XX,i2,iufo11)*cFT(g7,XX,
      iufo11,j11)*flavourTag(fmu,j11,j12)*Vec(nu10,q2)*Vec(nu14,q2)*Vec(nu15,
      -p3)*Vec(nu15,-q2)*Vecr(nu16,p3)*Vecr(nu13,p3)*Vecr(nu14,p3)*Den(p3 - q2
       - q3)^2*Deng(p3,xiw,M3)^2*Deng(q2 + q3,xiw,M3)^2*xiw*ufoGC58^2*ufoGC3*
      ufoGC4
       - 1/4*g_(1,6_,nu10)*g_(2,nu16,p3)*cFT(nu13,XX,i2,iufo11)*cFT(g7,XX,
      iufo11,j11)*flavourTag(fmu,j11,j12)*Vec(nu10,q2)*Vec(nu14,q2)*Vec(nu15,
      -p3)*Vec(nu15,-q3)*Vecr(nu16,p3)*Vecr(nu13,p3)*Vecr(nu14,p3)*Den(p3 - q2
       - q3)^2*Deng(p3,xiw,M3)^2*Deng(q2 + q3,xiw,M3)^2*xia*xiw*ufoGC58^2*
      ufoGC3*ufoGC4
       + 1/4*g_(1,6_,nu10)*g_(2,nu16,p3)*cFT(nu13,XX,i2,iufo11)*cFT(g7,XX,
      iufo11,j11)*flavourTag(fmu,j11,j12)*Vec(nu10,q2)*Vec(nu14,q2)*Vec(nu15,
      -p3)*Vec(nu15,-q3)*Vecr(nu16,p3)*Vecr(nu13,p3)*Vecr(nu14,p3)*Den(p3 - q2
       - q3)^2*Deng(p3,xiw,M3)^2*Deng(q2 + q3,xiw,M3)^2*xiw*ufoGC58^2*ufoGC3*
      ufoGC4
       + 1/4*g_(1,6_,nu10)*g_(2,nu16,p3)*cFT(nu13,XX,i2,iufo11)*cFT(g7,XX,
      iufo11,j11)*flavourTag(fmu,j11,j12)*Vec(nu10,q2)*Vec(nu14,q2)*Vec(nu15,
      -q2)*Vec(nu15,q2)*Vecr(nu16,p3)*Vecr(nu13,p3)*Vecr(nu14,p3)*Den(p3 - q2
       - q3)^2*Deng(p3,xiw,M3)^2*Deng(q2 + q3,xiw,M3)^2*xia*xiw*ufoGC58^2*
      ufoGC3*ufoGC4
       - 1/4*g_(1,6_,nu10)*g_(2,nu16,p3)*cFT(nu13,XX,i2,iufo11)*cFT(g7,XX,
      iufo11,j11)*flavourTag(fmu,j11,j12)*Vec(nu10,q2)*Vec(nu14,q2)*Vec(nu15,
      -q2)*Vec(nu15,q2)*Vecr(nu16,p3)*Vecr(nu13,p3)*Vecr(nu14,p3)*Den(p3 - q2
       - q3)^2*Deng(p3,xiw,M3)^2*Deng(q2 + q3,xiw,M3)^2*xiw*ufoGC58^2*ufoGC3*
      ufoGC4
       + 1/4*g_(1,6_,nu10)*g_(2,nu16,p3)*cFT(nu13,XX,i2,iufo11)*cFT(g7,XX,
      iufo11,j11)*flavourTag(fmu,j11,j12)*Vec(nu10,q2)*Vec(nu14,q2)*Vec(nu15,
      -q2)*Vec(nu15,q3)*Vecr(nu16,p3)*Vecr(nu13,p3)*Vecr(nu14,p3)*Den(p3 - q2
       - q3)^2*Deng(p3,xiw,M3)^2*Deng(q2 + q3,xiw,M3)^2*xia*xiw*ufoGC58^2*
      ufoGC3*ufoGC4
       - 1/4*g_(1,6_,nu10)*g_(2,nu16,p3)*cFT(nu13,XX,i2,iufo11)*cFT(g7,XX,
      iufo11,j11)*flavourTag(fmu,j11,j12)*Vec(nu10,q2)*Vec(nu14,q2)*Vec(nu15,
      -q2)*Vec(nu15,q3)*Vecr(nu16,p3)*Vecr(nu13,p3)*Vecr(nu14,p3)*Den(p3 - q2
       - q3)^2*Deng(p3,xiw,M3)^2*Deng(q2 + q3,xiw,M3)^2*xiw*ufoGC58^2*ufoGC3*
      ufoGC4
       + 1/4*g_(1,6_,nu10)*g_(2,nu16,p3)*cFT(nu13,XX,i2,iufo11)*cFT(g7,XX,
      iufo11,j11)*flavourTag(fmu,j11,j12)*Vec(nu10,q2)*Vec(nu14,q2)*Vec(nu15,
      -q3)*Vec(nu15,q2)*Vecr(nu16,p3)*Vecr(nu13,p3)*Vecr(nu14,p3)*Den(p3 - q2
       - q3)^2*Deng(p3,xiw,M3)^2*Deng(q2 + q3,xiw,M3)^2*xia*xiw*ufoGC58^2*
      ufoGC3*ufoGC4
       - 1/4*g_(1,6_,nu10)*g_(2,nu16,p3)*cFT(nu13,XX,i2,iufo11)*cFT(g7,XX,
      iufo11,j11)*flavourTag(fmu,j11,j12)*Vec(nu10,q2)*Vec(nu14,q2)*Vec(nu15,
      -q3)*Vec(nu15,q2)*Vecr(nu16,p3)*Vecr(nu13,p3)*Vecr(nu14,p3)*Den(p3 - q2
       - q3)^2*Deng(p3,xiw,M3)^2*Deng(q2 + q3,xiw,M3)^2*xiw*ufoGC58^2*ufoGC3*
      ufoGC4
       + 1/4*g_(1,6_,nu10)*g_(2,nu16,p3)*cFT(nu13,XX,i2,iufo11)*cFT(g7,XX,
      iufo11,j11)*flavourTag(fmu,j11,j12)*Vec(nu10,q2)*Vec(nu14,q2)*Vec(nu15,
      -q3)*Vec(nu15,q3)*Vecr(nu16,p3)*Vecr(nu13,p3)*Vecr(nu14,p3)*Den(p3 - q2
       - q3)^2*Deng(p3,xiw,M3)^2*Deng(q2 + q3,xiw,M3)^2*xia*xiw*ufoGC58^2*
      ufoGC3*ufoGC4
       - 1/4*g_(1,6_,nu10)*g_(2,nu16,p3)*cFT(nu13,XX,i2,iufo11)*cFT(g7,XX,
      iufo11,j11)*flavourTag(fmu,j11,j12)*Vec(nu10,q2)*Vec(nu14,q2)*Vec(nu15,
      -q3)*Vec(nu15,q3)*Vecr(nu16,p3)*Vecr(nu13,p3)*Vecr(nu14,p3)*Den(p3 - q2
       - q3)^2*Deng(p3,xiw,M3)^2*Deng(q2 + q3,xiw,M3)^2*xiw*ufoGC58^2*ufoGC3*
      ufoGC4
       - 1/4*g_(1,6_,nu10)*g_(2,nu16,p3)*cFT(nu13,XX,i2,iufo11)*cFT(g7,XX,
      iufo11,j11)*flavourTag(fmu,j11,j12)*Vec(nu10,q2)*Vec(nu14,q3)*Vec(nu15,
      -p3)*Vec(nu15,-q2)*Vecr(nu16,p3)*Vecr(nu13,p3)*Vecr(nu14,p3)*Den(p3 - q2
       - q3)^2*Deng(p3,xiw,M3)^2*Deng(q2 + q3,xiw,M3)^2*xia*xiw*ufoGC58^2*
      ufoGC3*ufoGC4
       + 1/4*g_(1,6_,nu10)*g_(2,nu16,p3)*cFT(nu13,XX,i2,iufo11)*cFT(g7,XX,
      iufo11,j11)*flavourTag(fmu,j11,j12)*Vec(nu10,q2)*Vec(nu14,q3)*Vec(nu15,
      -p3)*Vec(nu15,-q2)*Vecr(nu16,p3)*Vecr(nu13,p3)*Vecr(nu14,p3)*Den(p3 - q2
       - q3)^2*Deng(p3,xiw,M3)^2*Deng(q2 + q3,xiw,M3)^2*xiw*ufoGC58^2*ufoGC3*
      ufoGC4
       - 1/4*g_(1,6_,nu10)*g_(2,nu16,p3)*cFT(nu13,XX,i2,iufo11)*cFT(g7,XX,
      iufo11,j11)*flavourTag(fmu,j11,j12)*Vec(nu10,q2)*Vec(nu14,q3)*Vec(nu15,
      -p3)*Vec(nu15,-q3)*Vecr(nu16,p3)*Vecr(nu13,p3)*Vecr(nu14,p3)*Den(p3 - q2
       - q3)^2*Deng(p3,xiw,M3)^2*Deng(q2 + q3,xiw,M3)^2*xia*xiw*ufoGC58^2*
      ufoGC3*ufoGC4
       + 1/4*g_(1,6_,nu10)*g_(2,nu16,p3)*cFT(nu13,XX,i2,iufo11)*cFT(g7,XX,
      iufo11,j11)*flavourTag(fmu,j11,j12)*Vec(nu10,q2)*Vec(nu14,q3)*Vec(nu15,
      -p3)*Vec(nu15,-q3)*Vecr(nu16,p3)*Vecr(nu13,p3)*Vecr(nu14,p3)*Den(p3 - q2
       - q3)^2*Deng(p3,xiw,M3)^2*Deng(q2 + q3,xiw,M3)^2*xiw*ufoGC58^2*ufoGC3*
      ufoGC4
       + 1/4*g_(1,6_,nu10)*g_(2,nu16,p3)*cFT(nu13,XX,i2,iufo11)*cFT(g7,XX,
      iufo11,j11)*flavourTag(fmu,j11,j12)*Vec(nu10,q2)*Vec(nu14,q3)*Vec(nu15,
      -q2)*Vec(nu15,q2)*Vecr(nu16,p3)*Vecr(nu13,p3)*Vecr(nu14,p3)*Den(p3 - q2
       - q3)^2*Deng(p3,xiw,M3)^2*Deng(q2 + q3,xiw,M3)^2*xia*xiw*ufoGC58^2*
      ufoGC3*ufoGC4
       - 1/4*g_(1,6_,nu10)*g_(2,nu16,p3)*cFT(nu13,XX,i2,iufo11)*cFT(g7,XX,
      iufo11,j11)*flavourTag(fmu,j11,j12)*Vec(nu10,q2)*Vec(nu14,q3)*Vec(nu15,
      -q2)*Vec(nu15,q2)*Vecr(nu16,p3)*Vecr(nu13,p3)*Vecr(nu14,p3)*Den(p3 - q2
       - q3)^2*Deng(p3,xiw,M3)^2*Deng(q2 + q3,xiw,M3)^2*xiw*ufoGC58^2*ufoGC3*
      ufoGC4
       + 1/4*g_(1,6_,nu10)*g_(2,nu16,p3)*cFT(nu13,XX,i2,iufo11)*cFT(g7,XX,
      iufo11,j11)*flavourTag(fmu,j11,j12)*Vec(nu10,q2)*Vec(nu14,q3)*Vec(nu15,
      -q2)*Vec(nu15,q3)*Vecr(nu16,p3)*Vecr(nu13,p3)*Vecr(nu14,p3)*Den(p3 - q2
       - q3)^2*Deng(p3,xiw,M3)^2*Deng(q2 + q3,xiw,M3)^2*xia*xiw*ufoGC58^2*
      ufoGC3*ufoGC4
       - 1/4*g_(1,6_,nu10)*g_(2,nu16,p3)*cFT(nu13,XX,i2,iufo11)*cFT(g7,XX,
      iufo11,j11)*flavourTag(fmu,j11,j12)*Vec(nu10,q2)*Vec(nu14,q3)*Vec(nu15,
      -q2)*Vec(nu15,q3)*Vecr(nu16,p3)*Vecr(nu13,p3)*Vecr(nu14,p3)*Den(p3 - q2
       - q3)^2*Deng(p3,xiw,M3)^2*Deng(q2 + q3,xiw,M3)^2*xiw*ufoGC58^2*ufoGC3*
      ufoGC4
       + 1/4*g_(1,6_,nu10)*g_(2,nu16,p3)*cFT(nu13,XX,i2,iufo11)*cFT(g7,XX,
      iufo11,j11)*flavourTag(fmu,j11,j12)*Vec(nu10,q2)*Vec(nu14,q3)*Vec(nu15,
      -q3)*Vec(nu15,q2)*Vecr(nu16,p3)*Vecr(nu13,p3)*Vecr(nu14,p3)*Den(p3 - q2
       - q3)^2*Deng(p3,xiw,M3)^2*Deng(q2 + q3,xiw,M3)^2*xia*xiw*ufoGC58^2*
      ufoGC3*ufoGC4
       - 1/4*g_(1,6_,nu10)*g_(2,nu16,p3)*cFT(nu13,XX,i2,iufo11)*cFT(g7,XX,
      iufo11,j11)*flavourTag(fmu,j11,j12)*Vec(nu10,q2)*Vec(nu14,q3)*Vec(nu15,
      -q3)*Vec(nu15,q2)*Vecr(nu16,p3)*Vecr(nu13,p3)*Vecr(nu14,p3)*Den(p3 - q2
       - q3)^2*Deng(p3,xiw,M3)^2*Deng(q2 + q3,xiw,M3)^2*xiw*ufoGC58^2*ufoGC3*
      ufoGC4
       + 1/4*g_(1,6_,nu10)*g_(2,nu16,p3)*cFT(nu13,XX,i2,iufo11)*cFT(g7,XX,
      iufo11,j11)*flavourTag(fmu,j11,j12)*Vec(nu10,q2)*Vec(nu14,q3)*Vec(nu15,
      -q3)*Vec(nu15,q3)*Vecr(nu16,p3)*Vecr(nu13,p3)*Vecr(nu14,p3)*Den(p3 - q2
       - q3)^2*Deng(p3,xiw,M3)^2*Deng(q2 + q3,xiw,M3)^2*xia*xiw*ufoGC58^2*
      ufoGC3*ufoGC4
       - 1/4*g_(1,6_,nu10)*g_(2,nu16,p3)*cFT(nu13,XX,i2,iufo11)*cFT(g7,XX,
      iufo11,j11)*flavourTag(fmu,j11,j12)*Vec(nu10,q2)*Vec(nu14,q3)*Vec(nu15,
      -q3)*Vec(nu15,q3)*Vecr(nu16,p3)*Vecr(nu13,p3)*Vecr(nu14,p3)*Den(p3 - q2
       - q3)^2*Deng(p3,xiw,M3)^2*Deng(q2 + q3,xiw,M3)^2*xiw*ufoGC58^2*ufoGC3*
      ufoGC4
       - 1/4*g_(1,6_,nu10)*g_(2,nu16,p3)*cFT(nu13,XX,i2,iufo11)*cFT(g7,XX,
      iufo11,j11)*flavourTag(fmu,j11,j12)*Vec(nu10,q3)*Vec(nu16,-q2)*Vec(nu9,
      q2)*Vec(nu14,q2)*Vecr(nu13,p3)*Vecr(nu9,p3)*Vecr(nu14,p3)*Den(p3 - q2 - 
      q3)^2*Deng(p3,xiw,M3)^2*Deng(q2 + q3,xiw,M3)^2*xia*xiw*ufoGC58^2*ufoGC3*
      ufoGC4
       + 1/4*g_(1,6_,nu10)*g_(2,nu16,p3)*cFT(nu13,XX,i2,iufo11)*cFT(g7,XX,
      iufo11,j11)*flavourTag(fmu,j11,j12)*Vec(nu10,q3)*Vec(nu16,-q2)*Vec(nu9,
      q2)*Vec(nu14,q2)*Vecr(nu13,p3)*Vecr(nu9,p3)*Vecr(nu14,p3)*Den(p3 - q2 - 
      q3)^2*Deng(p3,xiw,M3)^2*Deng(q2 + q3,xiw,M3)^2*xiw*ufoGC58^2*ufoGC3*
      ufoGC4
       - 1/4*g_(1,6_,nu10)*g_(2,nu16,p3)*cFT(nu13,XX,i2,iufo11)*cFT(g7,XX,
      iufo11,j11)*flavourTag(fmu,j11,j12)*Vec(nu10,q3)*Vec(nu16,-q2)*Vec(nu9,
      q2)*Vec(nu14,q3)*Vecr(nu13,p3)*Vecr(nu9,p3)*Vecr(nu14,p3)*Den(p3 - q2 - 
      q3)^2*Deng(p3,xiw,M3)^2*Deng(q2 + q3,xiw,M3)^2*xia*xiw*ufoGC58^2*ufoGC3*
      ufoGC4
       + 1/4*g_(1,6_,nu10)*g_(2,nu16,p3)*cFT(nu13,XX,i2,iufo11)*cFT(g7,XX,
      iufo11,j11)*flavourTag(fmu,j11,j12)*Vec(nu10,q3)*Vec(nu16,-q2)*Vec(nu9,
      q2)*Vec(nu14,q3)*Vecr(nu13,p3)*Vecr(nu9,p3)*Vecr(nu14,p3)*Den(p3 - q2 - 
      q3)^2*Deng(p3,xiw,M3)^2*Deng(q2 + q3,xiw,M3)^2*xiw*ufoGC58^2*ufoGC3*
      ufoGC4
       - 1/4*g_(1,6_,nu10)*g_(2,nu16,p3)*cFT(nu13,XX,i2,iufo11)*cFT(g7,XX,
      iufo11,j11)*flavourTag(fmu,j11,j12)*Vec(nu10,q3)*Vec(nu16,-q2)*Vec(nu9,
      q3)*Vec(nu14,q2)*Vecr(nu13,p3)*Vecr(nu9,p3)*Vecr(nu14,p3)*Den(p3 - q2 - 
      q3)^2*Deng(p3,xiw,M3)^2*Deng(q2 + q3,xiw,M3)^2*xia*xiw*ufoGC58^2*ufoGC3*
      ufoGC4
       + 1/4*g_(1,6_,nu10)*g_(2,nu16,p3)*cFT(nu13,XX,i2,iufo11)*cFT(g7,XX,
      iufo11,j11)*flavourTag(fmu,j11,j12)*Vec(nu10,q3)*Vec(nu16,-q2)*Vec(nu9,
      q3)*Vec(nu14,q2)*Vecr(nu13,p3)*Vecr(nu9,p3)*Vecr(nu14,p3)*Den(p3 - q2 - 
      q3)^2*Deng(p3,xiw,M3)^2*Deng(q2 + q3,xiw,M3)^2*xiw*ufoGC58^2*ufoGC3*
      ufoGC4
       - 1/4*g_(1,6_,nu10)*g_(2,nu16,p3)*cFT(nu13,XX,i2,iufo11)*cFT(g7,XX,
      iufo11,j11)*flavourTag(fmu,j11,j12)*Vec(nu10,q3)*Vec(nu16,-q2)*Vec(nu9,
      q3)*Vec(nu14,q3)*Vecr(nu13,p3)*Vecr(nu9,p3)*Vecr(nu14,p3)*Den(p3 - q2 - 
      q3)^2*Deng(p3,xiw,M3)^2*Deng(q2 + q3,xiw,M3)^2*xia*xiw*ufoGC58^2*ufoGC3*
      ufoGC4
       + 1/4*g_(1,6_,nu10)*g_(2,nu16,p3)*cFT(nu13,XX,i2,iufo11)*cFT(g7,XX,
      iufo11,j11)*flavourTag(fmu,j11,j12)*Vec(nu10,q3)*Vec(nu16,-q2)*Vec(nu9,
      q3)*Vec(nu14,q3)*Vecr(nu13,p3)*Vecr(nu9,p3)*Vecr(nu14,p3)*Den(p3 - q2 - 
      q3)^2*Deng(p3,xiw,M3)^2*Deng(q2 + q3,xiw,M3)^2*xiw*ufoGC58^2*ufoGC3*
      ufoGC4
       + 1/4*g_(1,6_,nu10)*g_(2,nu16,p3)*cFT(nu13,XX,i2,iufo11)*cFT(g7,XX,
      iufo11,j11)*flavourTag(fmu,j11,j12)*Vec(nu10,q3)*Vec(nu16,-q2)*Vec(nu9,
      -p3)*Vec(nu9,q2)*Vec(nu14,-q2)*Vecr(nu13,p3)*Vecr(nu14,p3)*Den(p3 - q2
       - q3)^2*Deng(p3,xiw,M3)^2*Deng(q2 + q3,xiw,M3)^2*xia*xiw*ufoGC58^2*
      ufoGC3*ufoGC4
       - 1/4*g_(1,6_,nu10)*g_(2,nu16,p3)*cFT(nu13,XX,i2,iufo11)*cFT(g7,XX,
      iufo11,j11)*flavourTag(fmu,j11,j12)*Vec(nu10,q3)*Vec(nu16,-q2)*Vec(nu9,
      -p3)*Vec(nu9,q2)*Vec(nu14,-q2)*Vecr(nu13,p3)*Vecr(nu14,p3)*Den(p3 - q2
       - q3)^2*Deng(p3,xiw,M3)^2*Deng(q2 + q3,xiw,M3)^2*xiw*ufoGC58^2*ufoGC3*
      ufoGC4
       + 1/4*g_(1,6_,nu10)*g_(2,nu16,p3)*cFT(nu13,XX,i2,iufo11)*cFT(g7,XX,
      iufo11,j11)*flavourTag(fmu,j11,j12)*Vec(nu10,q3)*Vec(nu16,-q2)*Vec(nu9,
      -p3)*Vec(nu9,q2)*Vec(nu14,-q3)*Vecr(nu13,p3)*Vecr(nu14,p3)*Den(p3 - q2
       - q3)^2*Deng(p3,xiw,M3)^2*Deng(q2 + q3,xiw,M3)^2*xia*xiw*ufoGC58^2*
      ufoGC3*ufoGC4
       - 1/4*g_(1,6_,nu10)*g_(2,nu16,p3)*cFT(nu13,XX,i2,iufo11)*cFT(g7,XX,
      iufo11,j11)*flavourTag(fmu,j11,j12)*Vec(nu10,q3)*Vec(nu16,-q2)*Vec(nu9,
      -p3)*Vec(nu9,q2)*Vec(nu14,-q3)*Vecr(nu13,p3)*Vecr(nu14,p3)*Den(p3 - q2
       - q3)^2*Deng(p3,xiw,M3)^2*Deng(q2 + q3,xiw,M3)^2*xiw*ufoGC58^2*ufoGC3*
      ufoGC4
       + 1/4*g_(1,6_,nu10)*g_(2,nu16,p3)*cFT(nu13,XX,i2,iufo11)*cFT(g7,XX,
      iufo11,j11)*flavourTag(fmu,j11,j12)*Vec(nu10,q3)*Vec(nu16,-q2)*Vec(nu9,
      -p3)*Vec(nu9,q2)*Vecr(nu13,p3)*Den(p3 - q2 - q3)^2*Deng(p3,xiw,M3)^2*
      Deng(q2 + q3,xiw,M3)^2*p3.p3*xia*xiw*ufoGC58^2*ufoGC3*ufoGC4
       - 1/4*g_(1,6_,nu10)*g_(2,nu16,p3)*cFT(nu13,XX,i2,iufo11)*cFT(g7,XX,
      iufo11,j11)*flavourTag(fmu,j11,j12)*Vec(nu10,q3)*Vec(nu16,-q2)*Vec(nu9,
      -p3)*Vec(nu9,q2)*Vecr(nu13,p3)*Den(p3 - q2 - q3)^2*Deng(p3,xiw,M3)^2*
      Deng(q2 + q3,xiw,M3)^2*p3.p3*xiw*ufoGC58^2*ufoGC3*ufoGC4
       + 1/4*g_(1,6_,nu10)*g_(2,nu16,p3)*cFT(nu13,XX,i2,iufo11)*cFT(g7,XX,
      iufo11,j11)*flavourTag(fmu,j11,j12)*Vec(nu10,q3)*Vec(nu16,-q2)*Vec(nu9,
      -p3)*Vec(nu9,q3)*Vec(nu14,-q2)*Vecr(nu13,p3)*Vecr(nu14,p3)*Den(p3 - q2
       - q3)^2*Deng(p3,xiw,M3)^2*Deng(q2 + q3,xiw,M3)^2*xia*xiw*ufoGC58^2*
      ufoGC3*ufoGC4
       - 1/4*g_(1,6_,nu10)*g_(2,nu16,p3)*cFT(nu13,XX,i2,iufo11)*cFT(g7,XX,
      iufo11,j11)*flavourTag(fmu,j11,j12)*Vec(nu10,q3)*Vec(nu16,-q2)*Vec(nu9,
      -p3)*Vec(nu9,q3)*Vec(nu14,-q2)*Vecr(nu13,p3)*Vecr(nu14,p3)*Den(p3 - q2
       - q3)^2*Deng(p3,xiw,M3)^2*Deng(q2 + q3,xiw,M3)^2*xiw*ufoGC58^2*ufoGC3*
      ufoGC4
       + 1/4*g_(1,6_,nu10)*g_(2,nu16,p3)*cFT(nu13,XX,i2,iufo11)*cFT(g7,XX,
      iufo11,j11)*flavourTag(fmu,j11,j12)*Vec(nu10,q3)*Vec(nu16,-q2)*Vec(nu9,
      -p3)*Vec(nu9,q3)*Vec(nu14,-q3)*Vecr(nu13,p3)*Vecr(nu14,p3)*Den(p3 - q2
       - q3)^2*Deng(p3,xiw,M3)^2*Deng(q2 + q3,xiw,M3)^2*xia*xiw*ufoGC58^2*
      ufoGC3*ufoGC4
       - 1/4*g_(1,6_,nu10)*g_(2,nu16,p3)*cFT(nu13,XX,i2,iufo11)*cFT(g7,XX,
      iufo11,j11)*flavourTag(fmu,j11,j12)*Vec(nu10,q3)*Vec(nu16,-q2)*Vec(nu9,
      -p3)*Vec(nu9,q3)*Vec(nu14,-q3)*Vecr(nu13,p3)*Vecr(nu14,p3)*Den(p3 - q2
       - q3)^2*Deng(p3,xiw,M3)^2*Deng(q2 + q3,xiw,M3)^2*xiw*ufoGC58^2*ufoGC3*
      ufoGC4
       + 1/4*g_(1,6_,nu10)*g_(2,nu16,p3)*cFT(nu13,XX,i2,iufo11)*cFT(g7,XX,
      iufo11,j11)*flavourTag(fmu,j11,j12)*Vec(nu10,q3)*Vec(nu16,-q2)*Vec(nu9,
      -p3)*Vec(nu9,q3)*Vecr(nu13,p3)*Den(p3 - q2 - q3)^2*Deng(p3,xiw,M3)^2*
      Deng(q2 + q3,xiw,M3)^2*p3.p3*xia*xiw*ufoGC58^2*ufoGC3*ufoGC4
       - 1/4*g_(1,6_,nu10)*g_(2,nu16,p3)*cFT(nu13,XX,i2,iufo11)*cFT(g7,XX,
      iufo11,j11)*flavourTag(fmu,j11,j12)*Vec(nu10,q3)*Vec(nu16,-q2)*Vec(nu9,
      -p3)*Vec(nu9,q3)*Vecr(nu13,p3)*Den(p3 - q2 - q3)^2*Deng(p3,xiw,M3)^2*
      Deng(q2 + q3,xiw,M3)^2*p3.p3*xiw*ufoGC58^2*ufoGC3*ufoGC4
       - 1/4*g_(1,6_,nu10)*g_(2,nu16,p3)*cFT(nu13,XX,i2,iufo11)*cFT(g7,XX,
      iufo11,j11)*flavourTag(fmu,j11,j12)*Vec(nu10,q3)*Vec(nu16,-q2)*Vec(nu9,
      -q2)*Vec(nu9,q2)*Vec(nu14,q2)*Vecr(nu13,p3)*Vecr(nu14,p3)*Den(p3 - q2 - 
      q3)^2*Deng(p3,xiw,M3)^2*Deng(q2 + q3,xiw,M3)^2*xia*xiw*ufoGC58^2*ufoGC3*
      ufoGC4
       + 1/4*g_(1,6_,nu10)*g_(2,nu16,p3)*cFT(nu13,XX,i2,iufo11)*cFT(g7,XX,
      iufo11,j11)*flavourTag(fmu,j11,j12)*Vec(nu10,q3)*Vec(nu16,-q2)*Vec(nu9,
      -q2)*Vec(nu9,q2)*Vec(nu14,q2)*Vecr(nu13,p3)*Vecr(nu14,p3)*Den(p3 - q2 - 
      q3)^2*Deng(p3,xiw,M3)^2*Deng(q2 + q3,xiw,M3)^2*xiw*ufoGC58^2*ufoGC3*
      ufoGC4
       - 1/4*g_(1,6_,nu10)*g_(2,nu16,p3)*cFT(nu13,XX,i2,iufo11)*cFT(g7,XX,
      iufo11,j11)*flavourTag(fmu,j11,j12)*Vec(nu10,q3)*Vec(nu16,-q2)*Vec(nu9,
      -q2)*Vec(nu9,q2)*Vec(nu14,q3)*Vecr(nu13,p3)*Vecr(nu14,p3)*Den(p3 - q2 - 
      q3)^2*Deng(p3,xiw,M3)^2*Deng(q2 + q3,xiw,M3)^2*xia*xiw*ufoGC58^2*ufoGC3*
      ufoGC4
       + 1/4*g_(1,6_,nu10)*g_(2,nu16,p3)*cFT(nu13,XX,i2,iufo11)*cFT(g7,XX,
      iufo11,j11)*flavourTag(fmu,j11,j12)*Vec(nu10,q3)*Vec(nu16,-q2)*Vec(nu9,
      -q2)*Vec(nu9,q2)*Vec(nu14,q3)*Vecr(nu13,p3)*Vecr(nu14,p3)*Den(p3 - q2 - 
      q3)^2*Deng(p3,xiw,M3)^2*Deng(q2 + q3,xiw,M3)^2*xiw*ufoGC58^2*ufoGC3*
      ufoGC4
       - 1/4*g_(1,6_,nu10)*g_(2,nu16,p3)*cFT(nu13,XX,i2,iufo11)*cFT(g7,XX,
      iufo11,j11)*flavourTag(fmu,j11,j12)*Vec(nu10,q3)*Vec(nu16,-q2)*Vec(nu9,
      -q2)*Vec(nu9,q3)*Vec(nu14,q2)*Vecr(nu13,p3)*Vecr(nu14,p3)*Den(p3 - q2 - 
      q3)^2*Deng(p3,xiw,M3)^2*Deng(q2 + q3,xiw,M3)^2*xia*xiw*ufoGC58^2*ufoGC3*
      ufoGC4
       + 1/4*g_(1,6_,nu10)*g_(2,nu16,p3)*cFT(nu13,XX,i2,iufo11)*cFT(g7,XX,
      iufo11,j11)*flavourTag(fmu,j11,j12)*Vec(nu10,q3)*Vec(nu16,-q2)*Vec(nu9,
      -q2)*Vec(nu9,q3)*Vec(nu14,q2)*Vecr(nu13,p3)*Vecr(nu14,p3)*Den(p3 - q2 - 
      q3)^2*Deng(p3,xiw,M3)^2*Deng(q2 + q3,xiw,M3)^2*xiw*ufoGC58^2*ufoGC3*
      ufoGC4
       - 1/4*g_(1,6_,nu10)*g_(2,nu16,p3)*cFT(nu13,XX,i2,iufo11)*cFT(g7,XX,
      iufo11,j11)*flavourTag(fmu,j11,j12)*Vec(nu10,q3)*Vec(nu16,-q2)*Vec(nu9,
      -q2)*Vec(nu9,q3)*Vec(nu14,q3)*Vecr(nu13,p3)*Vecr(nu14,p3)*Den(p3 - q2 - 
      q3)^2*Deng(p3,xiw,M3)^2*Deng(q2 + q3,xiw,M3)^2*xia*xiw*ufoGC58^2*ufoGC3*
      ufoGC4
       + 1/4*g_(1,6_,nu10)*g_(2,nu16,p3)*cFT(nu13,XX,i2,iufo11)*cFT(g7,XX,
      iufo11,j11)*flavourTag(fmu,j11,j12)*Vec(nu10,q3)*Vec(nu16,-q2)*Vec(nu9,
      -q2)*Vec(nu9,q3)*Vec(nu14,q3)*Vecr(nu13,p3)*Vecr(nu14,p3)*Den(p3 - q2 - 
      q3)^2*Deng(p3,xiw,M3)^2*Deng(q2 + q3,xiw,M3)^2*xiw*ufoGC58^2*ufoGC3*
      ufoGC4
       - 1/4*g_(1,6_,nu10)*g_(2,nu16,p3)*cFT(nu13,XX,i2,iufo11)*cFT(g7,XX,
      iufo11,j11)*flavourTag(fmu,j11,j12)*Vec(nu10,q3)*Vec(nu16,-q2)*Vec(nu9,
      -q3)*Vec(nu9,q2)*Vec(nu14,q2)*Vecr(nu13,p3)*Vecr(nu14,p3)*Den(p3 - q2 - 
      q3)^2*Deng(p3,xiw,M3)^2*Deng(q2 + q3,xiw,M3)^2*xia*xiw*ufoGC58^2*ufoGC3*
      ufoGC4
       + 1/4*g_(1,6_,nu10)*g_(2,nu16,p3)*cFT(nu13,XX,i2,iufo11)*cFT(g7,XX,
      iufo11,j11)*flavourTag(fmu,j11,j12)*Vec(nu10,q3)*Vec(nu16,-q2)*Vec(nu9,
      -q3)*Vec(nu9,q2)*Vec(nu14,q2)*Vecr(nu13,p3)*Vecr(nu14,p3)*Den(p3 - q2 - 
      q3)^2*Deng(p3,xiw,M3)^2*Deng(q2 + q3,xiw,M3)^2*xiw*ufoGC58^2*ufoGC3*
      ufoGC4
       - 1/4*g_(1,6_,nu10)*g_(2,nu16,p3)*cFT(nu13,XX,i2,iufo11)*cFT(g7,XX,
      iufo11,j11)*flavourTag(fmu,j11,j12)*Vec(nu10,q3)*Vec(nu16,-q2)*Vec(nu9,
      -q3)*Vec(nu9,q2)*Vec(nu14,q3)*Vecr(nu13,p3)*Vecr(nu14,p3)*Den(p3 - q2 - 
      q3)^2*Deng(p3,xiw,M3)^2*Deng(q2 + q3,xiw,M3)^2*xia*xiw*ufoGC58^2*ufoGC3*
      ufoGC4
       + 1/4*g_(1,6_,nu10)*g_(2,nu16,p3)*cFT(nu13,XX,i2,iufo11)*cFT(g7,XX,
      iufo11,j11)*flavourTag(fmu,j11,j12)*Vec(nu10,q3)*Vec(nu16,-q2)*Vec(nu9,
      -q3)*Vec(nu9,q2)*Vec(nu14,q3)*Vecr(nu13,p3)*Vecr(nu14,p3)*Den(p3 - q2 - 
      q3)^2*Deng(p3,xiw,M3)^2*Deng(q2 + q3,xiw,M3)^2*xiw*ufoGC58^2*ufoGC3*
      ufoGC4
       - 1/4*g_(1,6_,nu10)*g_(2,nu16,p3)*cFT(nu13,XX,i2,iufo11)*cFT(g7,XX,
      iufo11,j11)*flavourTag(fmu,j11,j12)*Vec(nu10,q3)*Vec(nu16,-q2)*Vec(nu9,
      -q3)*Vec(nu9,q3)*Vec(nu14,q2)*Vecr(nu13,p3)*Vecr(nu14,p3)*Den(p3 - q2 - 
      q3)^2*Deng(p3,xiw,M3)^2*Deng(q2 + q3,xiw,M3)^2*xia*xiw*ufoGC58^2*ufoGC3*
      ufoGC4
       + 1/4*g_(1,6_,nu10)*g_(2,nu16,p3)*cFT(nu13,XX,i2,iufo11)*cFT(g7,XX,
      iufo11,j11)*flavourTag(fmu,j11,j12)*Vec(nu10,q3)*Vec(nu16,-q2)*Vec(nu9,
      -q3)*Vec(nu9,q3)*Vec(nu14,q2)*Vecr(nu13,p3)*Vecr(nu14,p3)*Den(p3 - q2 - 
      q3)^2*Deng(p3,xiw,M3)^2*Deng(q2 + q3,xiw,M3)^2*xiw*ufoGC58^2*ufoGC3*
      ufoGC4
       - 1/4*g_(1,6_,nu10)*g_(2,nu16,p3)*cFT(nu13,XX,i2,iufo11)*cFT(g7,XX,
      iufo11,j11)*flavourTag(fmu,j11,j12)*Vec(nu10,q3)*Vec(nu16,-q2)*Vec(nu9,
      -q3)*Vec(nu9,q3)*Vec(nu14,q3)*Vecr(nu13,p3)*Vecr(nu14,p3)*Den(p3 - q2 - 
      q3)^2*Deng(p3,xiw,M3)^2*Deng(q2 + q3,xiw,M3)^2*xia*xiw*ufoGC58^2*ufoGC3*
      ufoGC4
       + 1/4*g_(1,6_,nu10)*g_(2,nu16,p3)*cFT(nu13,XX,i2,iufo11)*cFT(g7,XX,
      iufo11,j11)*flavourTag(fmu,j11,j12)*Vec(nu10,q3)*Vec(nu16,-q2)*Vec(nu9,
      -q3)*Vec(nu9,q3)*Vec(nu14,q3)*Vecr(nu13,p3)*Vecr(nu14,p3)*Den(p3 - q2 - 
      q3)^2*Deng(p3,xiw,M3)^2*Deng(q2 + q3,xiw,M3)^2*xiw*ufoGC58^2*ufoGC3*
      ufoGC4
       + 1/4*g_(1,6_,nu10)*g_(2,nu16,p3)*cFT(nu13,XX,i2,iufo11)*cFT(g7,XX,
      iufo11,j11)*flavourTag(fmu,j11,j12)*Vec(nu10,q3)*Vec(nu16,-q2)*Vec(nu14,
      q2)*Vec(nu15,q2)*Vecr(nu13,p3)*Vecr(nu14,p3)*Vecr(nu15,p3)*Den(p3 - q2
       - q3)^2*Deng(p3,xiw,M3)^2*Deng(q2 + q3,xiw,M3)^2*xia*xiw*ufoGC58^2*
      ufoGC3*ufoGC4
       - 1/4*g_(1,6_,nu10)*g_(2,nu16,p3)*cFT(nu13,XX,i2,iufo11)*cFT(g7,XX,
      iufo11,j11)*flavourTag(fmu,j11,j12)*Vec(nu10,q3)*Vec(nu16,-q2)*Vec(nu14,
      q2)*Vec(nu15,q2)*Vecr(nu13,p3)*Vecr(nu14,p3)*Vecr(nu15,p3)*Den(p3 - q2
       - q3)^2*Deng(p3,xiw,M3)^2*Deng(q2 + q3,xiw,M3)^2*xiw*ufoGC58^2*ufoGC3*
      ufoGC4
       + 1/4*g_(1,6_,nu10)*g_(2,nu16,p3)*cFT(nu13,XX,i2,iufo11)*cFT(g7,XX,
      iufo11,j11)*flavourTag(fmu,j11,j12)*Vec(nu10,q3)*Vec(nu16,-q2)*Vec(nu14,
      q2)*Vec(nu15,q3)*Vecr(nu13,p3)*Vecr(nu14,p3)*Vecr(nu15,p3)*Den(p3 - q2
       - q3)^2*Deng(p3,xiw,M3)^2*Deng(q2 + q3,xiw,M3)^2*xia*xiw*ufoGC58^2*
      ufoGC3*ufoGC4
       - 1/4*g_(1,6_,nu10)*g_(2,nu16,p3)*cFT(nu13,XX,i2,iufo11)*cFT(g7,XX,
      iufo11,j11)*flavourTag(fmu,j11,j12)*Vec(nu10,q3)*Vec(nu16,-q2)*Vec(nu14,
      q2)*Vec(nu15,q3)*Vecr(nu13,p3)*Vecr(nu14,p3)*Vecr(nu15,p3)*Den(p3 - q2
       - q3)^2*Deng(p3,xiw,M3)^2*Deng(q2 + q3,xiw,M3)^2*xiw*ufoGC58^2*ufoGC3*
      ufoGC4
       - 1/4*g_(1,6_,nu10)*g_(2,nu16,p3)*cFT(nu13,XX,i2,iufo11)*cFT(g7,XX,
      iufo11,j11)*flavourTag(fmu,j11,j12)*Vec(nu10,q3)*Vec(nu16,-q2)*Vec(nu14,
      q2)*Vec(nu15,-p3)*Vec(nu15,-q2)*Vecr(nu13,p3)*Vecr(nu14,p3)*Den(p3 - q2
       - q3)^2*Deng(p3,xiw,M3)^2*Deng(q2 + q3,xiw,M3)^2*xia*xiw*ufoGC58^2*
      ufoGC3*ufoGC4
       + 1/4*g_(1,6_,nu10)*g_(2,nu16,p3)*cFT(nu13,XX,i2,iufo11)*cFT(g7,XX,
      iufo11,j11)*flavourTag(fmu,j11,j12)*Vec(nu10,q3)*Vec(nu16,-q2)*Vec(nu14,
      q2)*Vec(nu15,-p3)*Vec(nu15,-q2)*Vecr(nu13,p3)*Vecr(nu14,p3)*Den(p3 - q2
       - q3)^2*Deng(p3,xiw,M3)^2*Deng(q2 + q3,xiw,M3)^2*xiw*ufoGC58^2*ufoGC3*
      ufoGC4
       - 1/4*g_(1,6_,nu10)*g_(2,nu16,p3)*cFT(nu13,XX,i2,iufo11)*cFT(g7,XX,
      iufo11,j11)*flavourTag(fmu,j11,j12)*Vec(nu10,q3)*Vec(nu16,-q2)*Vec(nu14,
      q2)*Vec(nu15,-p3)*Vec(nu15,-q3)*Vecr(nu13,p3)*Vecr(nu14,p3)*Den(p3 - q2
       - q3)^2*Deng(p3,xiw,M3)^2*Deng(q2 + q3,xiw,M3)^2*xia*xiw*ufoGC58^2*
      ufoGC3*ufoGC4
       + 1/4*g_(1,6_,nu10)*g_(2,nu16,p3)*cFT(nu13,XX,i2,iufo11)*cFT(g7,XX,
      iufo11,j11)*flavourTag(fmu,j11,j12)*Vec(nu10,q3)*Vec(nu16,-q2)*Vec(nu14,
      q2)*Vec(nu15,-p3)*Vec(nu15,-q3)*Vecr(nu13,p3)*Vecr(nu14,p3)*Den(p3 - q2
       - q3)^2*Deng(p3,xiw,M3)^2*Deng(q2 + q3,xiw,M3)^2*xiw*ufoGC58^2*ufoGC3*
      ufoGC4
       - 1/4*g_(1,6_,nu10)*g_(2,nu16,p3)*cFT(nu13,XX,i2,iufo11)*cFT(g7,XX,
      iufo11,j11)*flavourTag(fmu,j11,j12)*Vec(nu10,q3)*Vec(nu16,-q2)*Vec(nu14,
      q2)*Vec(nu15,-p3)*Vecr(nu13,p3)*Vecr(nu14,p3)*Vecr(nu15,p3)*Den(p3 - q2
       - q3)^2*Deng(p3,xiw,M3)^2*Deng(q2 + q3,xiw,M3)^2*xia*xiw*ufoGC58^2*
      ufoGC3*ufoGC4
       + 1/4*g_(1,6_,nu10)*g_(2,nu16,p3)*cFT(nu13,XX,i2,iufo11)*cFT(g7,XX,
      iufo11,j11)*flavourTag(fmu,j11,j12)*Vec(nu10,q3)*Vec(nu16,-q2)*Vec(nu14,
      q2)*Vec(nu15,-p3)*Vecr(nu13,p3)*Vecr(nu14,p3)*Vecr(nu15,p3)*Den(p3 - q2
       - q3)^2*Deng(p3,xiw,M3)^2*Deng(q2 + q3,xiw,M3)^2*xiw*ufoGC58^2*ufoGC3*
      ufoGC4
       + 1/4*g_(1,6_,nu10)*g_(2,nu16,p3)*cFT(nu13,XX,i2,iufo11)*cFT(g7,XX,
      iufo11,j11)*flavourTag(fmu,j11,j12)*Vec(nu10,q3)*Vec(nu16,-q2)*Vec(nu14,
      q2)*Vec(nu15,-q2)*Vec(nu15,q2)*Vecr(nu13,p3)*Vecr(nu14,p3)*Den(p3 - q2
       - q3)^2*Deng(p3,xiw,M3)^2*Deng(q2 + q3,xiw,M3)^2*xia*xiw*ufoGC58^2*
      ufoGC3*ufoGC4
       - 1/4*g_(1,6_,nu10)*g_(2,nu16,p3)*cFT(nu13,XX,i2,iufo11)*cFT(g7,XX,
      iufo11,j11)*flavourTag(fmu,j11,j12)*Vec(nu10,q3)*Vec(nu16,-q2)*Vec(nu14,
      q2)*Vec(nu15,-q2)*Vec(nu15,q2)*Vecr(nu13,p3)*Vecr(nu14,p3)*Den(p3 - q2
       - q3)^2*Deng(p3,xiw,M3)^2*Deng(q2 + q3,xiw,M3)^2*xiw*ufoGC58^2*ufoGC3*
      ufoGC4
       + 1/4*g_(1,6_,nu10)*g_(2,nu16,p3)*cFT(nu13,XX,i2,iufo11)*cFT(g7,XX,
      iufo11,j11)*flavourTag(fmu,j11,j12)*Vec(nu10,q3)*Vec(nu16,-q2)*Vec(nu14,
      q2)*Vec(nu15,-q2)*Vec(nu15,q3)*Vecr(nu13,p3)*Vecr(nu14,p3)*Den(p3 - q2
       - q3)^2*Deng(p3,xiw,M3)^2*Deng(q2 + q3,xiw,M3)^2*xia*xiw*ufoGC58^2*
      ufoGC3*ufoGC4
       - 1/4*g_(1,6_,nu10)*g_(2,nu16,p3)*cFT(nu13,XX,i2,iufo11)*cFT(g7,XX,
      iufo11,j11)*flavourTag(fmu,j11,j12)*Vec(nu10,q3)*Vec(nu16,-q2)*Vec(nu14,
      q2)*Vec(nu15,-q2)*Vec(nu15,q3)*Vecr(nu13,p3)*Vecr(nu14,p3)*Den(p3 - q2
       - q3)^2*Deng(p3,xiw,M3)^2*Deng(q2 + q3,xiw,M3)^2*xiw*ufoGC58^2*ufoGC3*
      ufoGC4
       + 1/4*g_(1,6_,nu10)*g_(2,nu16,p3)*cFT(nu13,XX,i2,iufo11)*cFT(g7,XX,
      iufo11,j11)*flavourTag(fmu,j11,j12)*Vec(nu10,q3)*Vec(nu16,-q2)*Vec(nu14,
      q2)*Vec(nu15,-q3)*Vec(nu15,q2)*Vecr(nu13,p3)*Vecr(nu14,p3)*Den(p3 - q2
       - q3)^2*Deng(p3,xiw,M3)^2*Deng(q2 + q3,xiw,M3)^2*xia*xiw*ufoGC58^2*
      ufoGC3*ufoGC4
       - 1/4*g_(1,6_,nu10)*g_(2,nu16,p3)*cFT(nu13,XX,i2,iufo11)*cFT(g7,XX,
      iufo11,j11)*flavourTag(fmu,j11,j12)*Vec(nu10,q3)*Vec(nu16,-q2)*Vec(nu14,
      q2)*Vec(nu15,-q3)*Vec(nu15,q2)*Vecr(nu13,p3)*Vecr(nu14,p3)*Den(p3 - q2
       - q3)^2*Deng(p3,xiw,M3)^2*Deng(q2 + q3,xiw,M3)^2*xiw*ufoGC58^2*ufoGC3*
      ufoGC4
       + 1/4*g_(1,6_,nu10)*g_(2,nu16,p3)*cFT(nu13,XX,i2,iufo11)*cFT(g7,XX,
      iufo11,j11)*flavourTag(fmu,j11,j12)*Vec(nu10,q3)*Vec(nu16,-q2)*Vec(nu14,
      q2)*Vec(nu15,-q3)*Vec(nu15,q3)*Vecr(nu13,p3)*Vecr(nu14,p3)*Den(p3 - q2
       - q3)^2*Deng(p3,xiw,M3)^2*Deng(q2 + q3,xiw,M3)^2*xia*xiw*ufoGC58^2*
      ufoGC3*ufoGC4
       - 1/4*g_(1,6_,nu10)*g_(2,nu16,p3)*cFT(nu13,XX,i2,iufo11)*cFT(g7,XX,
      iufo11,j11)*flavourTag(fmu,j11,j12)*Vec(nu10,q3)*Vec(nu16,-q2)*Vec(nu14,
      q2)*Vec(nu15,-q3)*Vec(nu15,q3)*Vecr(nu13,p3)*Vecr(nu14,p3)*Den(p3 - q2
       - q3)^2*Deng(p3,xiw,M3)^2*Deng(q2 + q3,xiw,M3)^2*xiw*ufoGC58^2*ufoGC3*
      ufoGC4
       + 1/4*g_(1,6_,nu10)*g_(2,nu16,p3)*cFT(nu13,XX,i2,iufo11)*cFT(g7,XX,
      iufo11,j11)*flavourTag(fmu,j11,j12)*Vec(nu10,q3)*Vec(nu16,-q2)*Vec(nu14,
      q3)*Vec(nu15,q2)*Vecr(nu13,p3)*Vecr(nu14,p3)*Vecr(nu15,p3)*Den(p3 - q2
       - q3)^2*Deng(p3,xiw,M3)^2*Deng(q2 + q3,xiw,M3)^2*xia*xiw*ufoGC58^2*
      ufoGC3*ufoGC4
       - 1/4*g_(1,6_,nu10)*g_(2,nu16,p3)*cFT(nu13,XX,i2,iufo11)*cFT(g7,XX,
      iufo11,j11)*flavourTag(fmu,j11,j12)*Vec(nu10,q3)*Vec(nu16,-q2)*Vec(nu14,
      q3)*Vec(nu15,q2)*Vecr(nu13,p3)*Vecr(nu14,p3)*Vecr(nu15,p3)*Den(p3 - q2
       - q3)^2*Deng(p3,xiw,M3)^2*Deng(q2 + q3,xiw,M3)^2*xiw*ufoGC58^2*ufoGC3*
      ufoGC4
       + 1/4*g_(1,6_,nu10)*g_(2,nu16,p3)*cFT(nu13,XX,i2,iufo11)*cFT(g7,XX,
      iufo11,j11)*flavourTag(fmu,j11,j12)*Vec(nu10,q3)*Vec(nu16,-q2)*Vec(nu14,
      q3)*Vec(nu15,q3)*Vecr(nu13,p3)*Vecr(nu14,p3)*Vecr(nu15,p3)*Den(p3 - q2
       - q3)^2*Deng(p3,xiw,M3)^2*Deng(q2 + q3,xiw,M3)^2*xia*xiw*ufoGC58^2*
      ufoGC3*ufoGC4
       - 1/4*g_(1,6_,nu10)*g_(2,nu16,p3)*cFT(nu13,XX,i2,iufo11)*cFT(g7,XX,
      iufo11,j11)*flavourTag(fmu,j11,j12)*Vec(nu10,q3)*Vec(nu16,-q2)*Vec(nu14,
      q3)*Vec(nu15,q3)*Vecr(nu13,p3)*Vecr(nu14,p3)*Vecr(nu15,p3)*Den(p3 - q2
       - q3)^2*Deng(p3,xiw,M3)^2*Deng(q2 + q3,xiw,M3)^2*xiw*ufoGC58^2*ufoGC3*
      ufoGC4
       - 1/4*g_(1,6_,nu10)*g_(2,nu16,p3)*cFT(nu13,XX,i2,iufo11)*cFT(g7,XX,
      iufo11,j11)*flavourTag(fmu,j11,j12)*Vec(nu10,q3)*Vec(nu16,-q2)*Vec(nu14,
      q3)*Vec(nu15,-p3)*Vec(nu15,-q2)*Vecr(nu13,p3)*Vecr(nu14,p3)*Den(p3 - q2
       - q3)^2*Deng(p3,xiw,M3)^2*Deng(q2 + q3,xiw,M3)^2*xia*xiw*ufoGC58^2*
      ufoGC3*ufoGC4
       + 1/4*g_(1,6_,nu10)*g_(2,nu16,p3)*cFT(nu13,XX,i2,iufo11)*cFT(g7,XX,
      iufo11,j11)*flavourTag(fmu,j11,j12)*Vec(nu10,q3)*Vec(nu16,-q2)*Vec(nu14,
      q3)*Vec(nu15,-p3)*Vec(nu15,-q2)*Vecr(nu13,p3)*Vecr(nu14,p3)*Den(p3 - q2
       - q3)^2*Deng(p3,xiw,M3)^2*Deng(q2 + q3,xiw,M3)^2*xiw*ufoGC58^2*ufoGC3*
      ufoGC4
       - 1/4*g_(1,6_,nu10)*g_(2,nu16,p3)*cFT(nu13,XX,i2,iufo11)*cFT(g7,XX,
      iufo11,j11)*flavourTag(fmu,j11,j12)*Vec(nu10,q3)*Vec(nu16,-q2)*Vec(nu14,
      q3)*Vec(nu15,-p3)*Vec(nu15,-q3)*Vecr(nu13,p3)*Vecr(nu14,p3)*Den(p3 - q2
       - q3)^2*Deng(p3,xiw,M3)^2*Deng(q2 + q3,xiw,M3)^2*xia*xiw*ufoGC58^2*
      ufoGC3*ufoGC4
       + 1/4*g_(1,6_,nu10)*g_(2,nu16,p3)*cFT(nu13,XX,i2,iufo11)*cFT(g7,XX,
      iufo11,j11)*flavourTag(fmu,j11,j12)*Vec(nu10,q3)*Vec(nu16,-q2)*Vec(nu14,
      q3)*Vec(nu15,-p3)*Vec(nu15,-q3)*Vecr(nu13,p3)*Vecr(nu14,p3)*Den(p3 - q2
       - q3)^2*Deng(p3,xiw,M3)^2*Deng(q2 + q3,xiw,M3)^2*xiw*ufoGC58^2*ufoGC3*
      ufoGC4
       - 1/4*g_(1,6_,nu10)*g_(2,nu16,p3)*cFT(nu13,XX,i2,iufo11)*cFT(g7,XX,
      iufo11,j11)*flavourTag(fmu,j11,j12)*Vec(nu10,q3)*Vec(nu16,-q2)*Vec(nu14,
      q3)*Vec(nu15,-p3)*Vecr(nu13,p3)*Vecr(nu14,p3)*Vecr(nu15,p3)*Den(p3 - q2
       - q3)^2*Deng(p3,xiw,M3)^2*Deng(q2 + q3,xiw,M3)^2*xia*xiw*ufoGC58^2*
      ufoGC3*ufoGC4
       + 1/4*g_(1,6_,nu10)*g_(2,nu16,p3)*cFT(nu13,XX,i2,iufo11)*cFT(g7,XX,
      iufo11,j11)*flavourTag(fmu,j11,j12)*Vec(nu10,q3)*Vec(nu16,-q2)*Vec(nu14,
      q3)*Vec(nu15,-p3)*Vecr(nu13,p3)*Vecr(nu14,p3)*Vecr(nu15,p3)*Den(p3 - q2
       - q3)^2*Deng(p3,xiw,M3)^2*Deng(q2 + q3,xiw,M3)^2*xiw*ufoGC58^2*ufoGC3*
      ufoGC4
       + 1/4*g_(1,6_,nu10)*g_(2,nu16,p3)*cFT(nu13,XX,i2,iufo11)*cFT(g7,XX,
      iufo11,j11)*flavourTag(fmu,j11,j12)*Vec(nu10,q3)*Vec(nu16,-q2)*Vec(nu14,
      q3)*Vec(nu15,-q2)*Vec(nu15,q2)*Vecr(nu13,p3)*Vecr(nu14,p3)*Den(p3 - q2
       - q3)^2*Deng(p3,xiw,M3)^2*Deng(q2 + q3,xiw,M3)^2*xia*xiw*ufoGC58^2*
      ufoGC3*ufoGC4
       - 1/4*g_(1,6_,nu10)*g_(2,nu16,p3)*cFT(nu13,XX,i2,iufo11)*cFT(g7,XX,
      iufo11,j11)*flavourTag(fmu,j11,j12)*Vec(nu10,q3)*Vec(nu16,-q2)*Vec(nu14,
      q3)*Vec(nu15,-q2)*Vec(nu15,q2)*Vecr(nu13,p3)*Vecr(nu14,p3)*Den(p3 - q2
       - q3)^2*Deng(p3,xiw,M3)^2*Deng(q2 + q3,xiw,M3)^2*xiw*ufoGC58^2*ufoGC3*
      ufoGC4
       + 1/4*g_(1,6_,nu10)*g_(2,nu16,p3)*cFT(nu13,XX,i2,iufo11)*cFT(g7,XX,
      iufo11,j11)*flavourTag(fmu,j11,j12)*Vec(nu10,q3)*Vec(nu16,-q2)*Vec(nu14,
      q3)*Vec(nu15,-q2)*Vec(nu15,q3)*Vecr(nu13,p3)*Vecr(nu14,p3)*Den(p3 - q2
       - q3)^2*Deng(p3,xiw,M3)^2*Deng(q2 + q3,xiw,M3)^2*xia*xiw*ufoGC58^2*
      ufoGC3*ufoGC4
       - 1/4*g_(1,6_,nu10)*g_(2,nu16,p3)*cFT(nu13,XX,i2,iufo11)*cFT(g7,XX,
      iufo11,j11)*flavourTag(fmu,j11,j12)*Vec(nu10,q3)*Vec(nu16,-q2)*Vec(nu14,
      q3)*Vec(nu15,-q2)*Vec(nu15,q3)*Vecr(nu13,p3)*Vecr(nu14,p3)*Den(p3 - q2
       - q3)^2*Deng(p3,xiw,M3)^2*Deng(q2 + q3,xiw,M3)^2*xiw*ufoGC58^2*ufoGC3*
      ufoGC4
       + 1/4*g_(1,6_,nu10)*g_(2,nu16,p3)*cFT(nu13,XX,i2,iufo11)*cFT(g7,XX,
      iufo11,j11)*flavourTag(fmu,j11,j12)*Vec(nu10,q3)*Vec(nu16,-q2)*Vec(nu14,
      q3)*Vec(nu15,-q3)*Vec(nu15,q2)*Vecr(nu13,p3)*Vecr(nu14,p3)*Den(p3 - q2
       - q3)^2*Deng(p3,xiw,M3)^2*Deng(q2 + q3,xiw,M3)^2*xia*xiw*ufoGC58^2*
      ufoGC3*ufoGC4
       - 1/4*g_(1,6_,nu10)*g_(2,nu16,p3)*cFT(nu13,XX,i2,iufo11)*cFT(g7,XX,
      iufo11,j11)*flavourTag(fmu,j11,j12)*Vec(nu10,q3)*Vec(nu16,-q2)*Vec(nu14,
      q3)*Vec(nu15,-q3)*Vec(nu15,q2)*Vecr(nu13,p3)*Vecr(nu14,p3)*Den(p3 - q2
       - q3)^2*Deng(p3,xiw,M3)^2*Deng(q2 + q3,xiw,M3)^2*xiw*ufoGC58^2*ufoGC3*
      ufoGC4
       + 1/4*g_(1,6_,nu10)*g_(2,nu16,p3)*cFT(nu13,XX,i2,iufo11)*cFT(g7,XX,
      iufo11,j11)*flavourTag(fmu,j11,j12)*Vec(nu10,q3)*Vec(nu16,-q2)*Vec(nu14,
      q3)*Vec(nu15,-q3)*Vec(nu15,q3)*Vecr(nu13,p3)*Vecr(nu14,p3)*Den(p3 - q2
       - q3)^2*Deng(p3,xiw,M3)^2*Deng(q2 + q3,xiw,M3)^2*xia*xiw*ufoGC58^2*
      ufoGC3*ufoGC4
       - 1/4*g_(1,6_,nu10)*g_(2,nu16,p3)*cFT(nu13,XX,i2,iufo11)*cFT(g7,XX,
      iufo11,j11)*flavourTag(fmu,j11,j12)*Vec(nu10,q3)*Vec(nu16,-q2)*Vec(nu14,
      q3)*Vec(nu15,-q3)*Vec(nu15,q3)*Vecr(nu13,p3)*Vecr(nu14,p3)*Den(p3 - q2
       - q3)^2*Deng(p3,xiw,M3)^2*Deng(q2 + q3,xiw,M3)^2*xiw*ufoGC58^2*ufoGC3*
      ufoGC4
       - 1/4*g_(1,6_,nu10)*g_(2,nu16,p3)*cFT(nu13,XX,i2,iufo11)*cFT(g7,XX,
      iufo11,j11)*flavourTag(fmu,j11,j12)*Vec(nu10,q3)*Vec(nu16,-q3)*Vec(nu9,
      q2)*Vec(nu14,q2)*Vecr(nu13,p3)*Vecr(nu9,p3)*Vecr(nu14,p3)*Den(p3 - q2 - 
      q3)^2*Deng(p3,xiw,M3)^2*Deng(q2 + q3,xiw,M3)^2*xia*xiw*ufoGC58^2*ufoGC3*
      ufoGC4
       + 1/4*g_(1,6_,nu10)*g_(2,nu16,p3)*cFT(nu13,XX,i2,iufo11)*cFT(g7,XX,
      iufo11,j11)*flavourTag(fmu,j11,j12)*Vec(nu10,q3)*Vec(nu16,-q3)*Vec(nu9,
      q2)*Vec(nu14,q2)*Vecr(nu13,p3)*Vecr(nu9,p3)*Vecr(nu14,p3)*Den(p3 - q2 - 
      q3)^2*Deng(p3,xiw,M3)^2*Deng(q2 + q3,xiw,M3)^2*xiw*ufoGC58^2*ufoGC3*
      ufoGC4
       - 1/4*g_(1,6_,nu10)*g_(2,nu16,p3)*cFT(nu13,XX,i2,iufo11)*cFT(g7,XX,
      iufo11,j11)*flavourTag(fmu,j11,j12)*Vec(nu10,q3)*Vec(nu16,-q3)*Vec(nu9,
      q2)*Vec(nu14,q3)*Vecr(nu13,p3)*Vecr(nu9,p3)*Vecr(nu14,p3)*Den(p3 - q2 - 
      q3)^2*Deng(p3,xiw,M3)^2*Deng(q2 + q3,xiw,M3)^2*xia*xiw*ufoGC58^2*ufoGC3*
      ufoGC4
       + 1/4*g_(1,6_,nu10)*g_(2,nu16,p3)*cFT(nu13,XX,i2,iufo11)*cFT(g7,XX,
      iufo11,j11)*flavourTag(fmu,j11,j12)*Vec(nu10,q3)*Vec(nu16,-q3)*Vec(nu9,
      q2)*Vec(nu14,q3)*Vecr(nu13,p3)*Vecr(nu9,p3)*Vecr(nu14,p3)*Den(p3 - q2 - 
      q3)^2*Deng(p3,xiw,M3)^2*Deng(q2 + q3,xiw,M3)^2*xiw*ufoGC58^2*ufoGC3*
      ufoGC4
       - 1/4*g_(1,6_,nu10)*g_(2,nu16,p3)*cFT(nu13,XX,i2,iufo11)*cFT(g7,XX,
      iufo11,j11)*flavourTag(fmu,j11,j12)*Vec(nu10,q3)*Vec(nu16,-q3)*Vec(nu9,
      q3)*Vec(nu14,q2)*Vecr(nu13,p3)*Vecr(nu9,p3)*Vecr(nu14,p3)*Den(p3 - q2 - 
      q3)^2*Deng(p3,xiw,M3)^2*Deng(q2 + q3,xiw,M3)^2*xia*xiw*ufoGC58^2*ufoGC3*
      ufoGC4
       + 1/4*g_(1,6_,nu10)*g_(2,nu16,p3)*cFT(nu13,XX,i2,iufo11)*cFT(g7,XX,
      iufo11,j11)*flavourTag(fmu,j11,j12)*Vec(nu10,q3)*Vec(nu16,-q3)*Vec(nu9,
      q3)*Vec(nu14,q2)*Vecr(nu13,p3)*Vecr(nu9,p3)*Vecr(nu14,p3)*Den(p3 - q2 - 
      q3)^2*Deng(p3,xiw,M3)^2*Deng(q2 + q3,xiw,M3)^2*xiw*ufoGC58^2*ufoGC3*
      ufoGC4
       - 1/4*g_(1,6_,nu10)*g_(2,nu16,p3)*cFT(nu13,XX,i2,iufo11)*cFT(g7,XX,
      iufo11,j11)*flavourTag(fmu,j11,j12)*Vec(nu10,q3)*Vec(nu16,-q3)*Vec(nu9,
      q3)*Vec(nu14,q3)*Vecr(nu13,p3)*Vecr(nu9,p3)*Vecr(nu14,p3)*Den(p3 - q2 - 
      q3)^2*Deng(p3,xiw,M3)^2*Deng(q2 + q3,xiw,M3)^2*xia*xiw*ufoGC58^2*ufoGC3*
      ufoGC4
       + 1/4*g_(1,6_,nu10)*g_(2,nu16,p3)*cFT(nu13,XX,i2,iufo11)*cFT(g7,XX,
      iufo11,j11)*flavourTag(fmu,j11,j12)*Vec(nu10,q3)*Vec(nu16,-q3)*Vec(nu9,
      q3)*Vec(nu14,q3)*Vecr(nu13,p3)*Vecr(nu9,p3)*Vecr(nu14,p3)*Den(p3 - q2 - 
      q3)^2*Deng(p3,xiw,M3)^2*Deng(q2 + q3,xiw,M3)^2*xiw*ufoGC58^2*ufoGC3*
      ufoGC4
       + 1/4*g_(1,6_,nu10)*g_(2,nu16,p3)*cFT(nu13,XX,i2,iufo11)*cFT(g7,XX,
      iufo11,j11)*flavourTag(fmu,j11,j12)*Vec(nu10,q3)*Vec(nu16,-q3)*Vec(nu9,
      -p3)*Vec(nu9,q2)*Vec(nu14,-q2)*Vecr(nu13,p3)*Vecr(nu14,p3)*Den(p3 - q2
       - q3)^2*Deng(p3,xiw,M3)^2*Deng(q2 + q3,xiw,M3)^2*xia*xiw*ufoGC58^2*
      ufoGC3*ufoGC4
       - 1/4*g_(1,6_,nu10)*g_(2,nu16,p3)*cFT(nu13,XX,i2,iufo11)*cFT(g7,XX,
      iufo11,j11)*flavourTag(fmu,j11,j12)*Vec(nu10,q3)*Vec(nu16,-q3)*Vec(nu9,
      -p3)*Vec(nu9,q2)*Vec(nu14,-q2)*Vecr(nu13,p3)*Vecr(nu14,p3)*Den(p3 - q2
       - q3)^2*Deng(p3,xiw,M3)^2*Deng(q2 + q3,xiw,M3)^2*xiw*ufoGC58^2*ufoGC3*
      ufoGC4
       + 1/4*g_(1,6_,nu10)*g_(2,nu16,p3)*cFT(nu13,XX,i2,iufo11)*cFT(g7,XX,
      iufo11,j11)*flavourTag(fmu,j11,j12)*Vec(nu10,q3)*Vec(nu16,-q3)*Vec(nu9,
      -p3)*Vec(nu9,q2)*Vec(nu14,-q3)*Vecr(nu13,p3)*Vecr(nu14,p3)*Den(p3 - q2
       - q3)^2*Deng(p3,xiw,M3)^2*Deng(q2 + q3,xiw,M3)^2*xia*xiw*ufoGC58^2*
      ufoGC3*ufoGC4
       - 1/4*g_(1,6_,nu10)*g_(2,nu16,p3)*cFT(nu13,XX,i2,iufo11)*cFT(g7,XX,
      iufo11,j11)*flavourTag(fmu,j11,j12)*Vec(nu10,q3)*Vec(nu16,-q3)*Vec(nu9,
      -p3)*Vec(nu9,q2)*Vec(nu14,-q3)*Vecr(nu13,p3)*Vecr(nu14,p3)*Den(p3 - q2
       - q3)^2*Deng(p3,xiw,M3)^2*Deng(q2 + q3,xiw,M3)^2*xiw*ufoGC58^2*ufoGC3*
      ufoGC4
       + 1/4*g_(1,6_,nu10)*g_(2,nu16,p3)*cFT(nu13,XX,i2,iufo11)*cFT(g7,XX,
      iufo11,j11)*flavourTag(fmu,j11,j12)*Vec(nu10,q3)*Vec(nu16,-q3)*Vec(nu9,
      -p3)*Vec(nu9,q2)*Vecr(nu13,p3)*Den(p3 - q2 - q3)^2*Deng(p3,xiw,M3)^2*
      Deng(q2 + q3,xiw,M3)^2*p3.p3*xia*xiw*ufoGC58^2*ufoGC3*ufoGC4
       - 1/4*g_(1,6_,nu10)*g_(2,nu16,p3)*cFT(nu13,XX,i2,iufo11)*cFT(g7,XX,
      iufo11,j11)*flavourTag(fmu,j11,j12)*Vec(nu10,q3)*Vec(nu16,-q3)*Vec(nu9,
      -p3)*Vec(nu9,q2)*Vecr(nu13,p3)*Den(p3 - q2 - q3)^2*Deng(p3,xiw,M3)^2*
      Deng(q2 + q3,xiw,M3)^2*p3.p3*xiw*ufoGC58^2*ufoGC3*ufoGC4
       + 1/4*g_(1,6_,nu10)*g_(2,nu16,p3)*cFT(nu13,XX,i2,iufo11)*cFT(g7,XX,
      iufo11,j11)*flavourTag(fmu,j11,j12)*Vec(nu10,q3)*Vec(nu16,-q3)*Vec(nu9,
      -p3)*Vec(nu9,q3)*Vec(nu14,-q2)*Vecr(nu13,p3)*Vecr(nu14,p3)*Den(p3 - q2
       - q3)^2*Deng(p3,xiw,M3)^2*Deng(q2 + q3,xiw,M3)^2*xia*xiw*ufoGC58^2*
      ufoGC3*ufoGC4
       - 1/4*g_(1,6_,nu10)*g_(2,nu16,p3)*cFT(nu13,XX,i2,iufo11)*cFT(g7,XX,
      iufo11,j11)*flavourTag(fmu,j11,j12)*Vec(nu10,q3)*Vec(nu16,-q3)*Vec(nu9,
      -p3)*Vec(nu9,q3)*Vec(nu14,-q2)*Vecr(nu13,p3)*Vecr(nu14,p3)*Den(p3 - q2
       - q3)^2*Deng(p3,xiw,M3)^2*Deng(q2 + q3,xiw,M3)^2*xiw*ufoGC58^2*ufoGC3*
      ufoGC4
       + 1/4*g_(1,6_,nu10)*g_(2,nu16,p3)*cFT(nu13,XX,i2,iufo11)*cFT(g7,XX,
      iufo11,j11)*flavourTag(fmu,j11,j12)*Vec(nu10,q3)*Vec(nu16,-q3)*Vec(nu9,
      -p3)*Vec(nu9,q3)*Vec(nu14,-q3)*Vecr(nu13,p3)*Vecr(nu14,p3)*Den(p3 - q2
       - q3)^2*Deng(p3,xiw,M3)^2*Deng(q2 + q3,xiw,M3)^2*xia*xiw*ufoGC58^2*
      ufoGC3*ufoGC4
       - 1/4*g_(1,6_,nu10)*g_(2,nu16,p3)*cFT(nu13,XX,i2,iufo11)*cFT(g7,XX,
      iufo11,j11)*flavourTag(fmu,j11,j12)*Vec(nu10,q3)*Vec(nu16,-q3)*Vec(nu9,
      -p3)*Vec(nu9,q3)*Vec(nu14,-q3)*Vecr(nu13,p3)*Vecr(nu14,p3)*Den(p3 - q2
       - q3)^2*Deng(p3,xiw,M3)^2*Deng(q2 + q3,xiw,M3)^2*xiw*ufoGC58^2*ufoGC3*
      ufoGC4
       + 1/4*g_(1,6_,nu10)*g_(2,nu16,p3)*cFT(nu13,XX,i2,iufo11)*cFT(g7,XX,
      iufo11,j11)*flavourTag(fmu,j11,j12)*Vec(nu10,q3)*Vec(nu16,-q3)*Vec(nu9,
      -p3)*Vec(nu9,q3)*Vecr(nu13,p3)*Den(p3 - q2 - q3)^2*Deng(p3,xiw,M3)^2*
      Deng(q2 + q3,xiw,M3)^2*p3.p3*xia*xiw*ufoGC58^2*ufoGC3*ufoGC4
       - 1/4*g_(1,6_,nu10)*g_(2,nu16,p3)*cFT(nu13,XX,i2,iufo11)*cFT(g7,XX,
      iufo11,j11)*flavourTag(fmu,j11,j12)*Vec(nu10,q3)*Vec(nu16,-q3)*Vec(nu9,
      -p3)*Vec(nu9,q3)*Vecr(nu13,p3)*Den(p3 - q2 - q3)^2*Deng(p3,xiw,M3)^2*
      Deng(q2 + q3,xiw,M3)^2*p3.p3*xiw*ufoGC58^2*ufoGC3*ufoGC4
       - 1/4*g_(1,6_,nu10)*g_(2,nu16,p3)*cFT(nu13,XX,i2,iufo11)*cFT(g7,XX,
      iufo11,j11)*flavourTag(fmu,j11,j12)*Vec(nu10,q3)*Vec(nu16,-q3)*Vec(nu9,
      -q2)*Vec(nu9,q2)*Vec(nu14,q2)*Vecr(nu13,p3)*Vecr(nu14,p3)*Den(p3 - q2 - 
      q3)^2*Deng(p3,xiw,M3)^2*Deng(q2 + q3,xiw,M3)^2*xia*xiw*ufoGC58^2*ufoGC3*
      ufoGC4
       + 1/4*g_(1,6_,nu10)*g_(2,nu16,p3)*cFT(nu13,XX,i2,iufo11)*cFT(g7,XX,
      iufo11,j11)*flavourTag(fmu,j11,j12)*Vec(nu10,q3)*Vec(nu16,-q3)*Vec(nu9,
      -q2)*Vec(nu9,q2)*Vec(nu14,q2)*Vecr(nu13,p3)*Vecr(nu14,p3)*Den(p3 - q2 - 
      q3)^2*Deng(p3,xiw,M3)^2*Deng(q2 + q3,xiw,M3)^2*xiw*ufoGC58^2*ufoGC3*
      ufoGC4
       - 1/4*g_(1,6_,nu10)*g_(2,nu16,p3)*cFT(nu13,XX,i2,iufo11)*cFT(g7,XX,
      iufo11,j11)*flavourTag(fmu,j11,j12)*Vec(nu10,q3)*Vec(nu16,-q3)*Vec(nu9,
      -q2)*Vec(nu9,q2)*Vec(nu14,q3)*Vecr(nu13,p3)*Vecr(nu14,p3)*Den(p3 - q2 - 
      q3)^2*Deng(p3,xiw,M3)^2*Deng(q2 + q3,xiw,M3)^2*xia*xiw*ufoGC58^2*ufoGC3*
      ufoGC4
       + 1/4*g_(1,6_,nu10)*g_(2,nu16,p3)*cFT(nu13,XX,i2,iufo11)*cFT(g7,XX,
      iufo11,j11)*flavourTag(fmu,j11,j12)*Vec(nu10,q3)*Vec(nu16,-q3)*Vec(nu9,
      -q2)*Vec(nu9,q2)*Vec(nu14,q3)*Vecr(nu13,p3)*Vecr(nu14,p3)*Den(p3 - q2 - 
      q3)^2*Deng(p3,xiw,M3)^2*Deng(q2 + q3,xiw,M3)^2*xiw*ufoGC58^2*ufoGC3*
      ufoGC4
       - 1/4*g_(1,6_,nu10)*g_(2,nu16,p3)*cFT(nu13,XX,i2,iufo11)*cFT(g7,XX,
      iufo11,j11)*flavourTag(fmu,j11,j12)*Vec(nu10,q3)*Vec(nu16,-q3)*Vec(nu9,
      -q2)*Vec(nu9,q3)*Vec(nu14,q2)*Vecr(nu13,p3)*Vecr(nu14,p3)*Den(p3 - q2 - 
      q3)^2*Deng(p3,xiw,M3)^2*Deng(q2 + q3,xiw,M3)^2*xia*xiw*ufoGC58^2*ufoGC3*
      ufoGC4
       + 1/4*g_(1,6_,nu10)*g_(2,nu16,p3)*cFT(nu13,XX,i2,iufo11)*cFT(g7,XX,
      iufo11,j11)*flavourTag(fmu,j11,j12)*Vec(nu10,q3)*Vec(nu16,-q3)*Vec(nu9,
      -q2)*Vec(nu9,q3)*Vec(nu14,q2)*Vecr(nu13,p3)*Vecr(nu14,p3)*Den(p3 - q2 - 
      q3)^2*Deng(p3,xiw,M3)^2*Deng(q2 + q3,xiw,M3)^2*xiw*ufoGC58^2*ufoGC3*
      ufoGC4
       - 1/4*g_(1,6_,nu10)*g_(2,nu16,p3)*cFT(nu13,XX,i2,iufo11)*cFT(g7,XX,
      iufo11,j11)*flavourTag(fmu,j11,j12)*Vec(nu10,q3)*Vec(nu16,-q3)*Vec(nu9,
      -q2)*Vec(nu9,q3)*Vec(nu14,q3)*Vecr(nu13,p3)*Vecr(nu14,p3)*Den(p3 - q2 - 
      q3)^2*Deng(p3,xiw,M3)^2*Deng(q2 + q3,xiw,M3)^2*xia*xiw*ufoGC58^2*ufoGC3*
      ufoGC4
       + 1/4*g_(1,6_,nu10)*g_(2,nu16,p3)*cFT(nu13,XX,i2,iufo11)*cFT(g7,XX,
      iufo11,j11)*flavourTag(fmu,j11,j12)*Vec(nu10,q3)*Vec(nu16,-q3)*Vec(nu9,
      -q2)*Vec(nu9,q3)*Vec(nu14,q3)*Vecr(nu13,p3)*Vecr(nu14,p3)*Den(p3 - q2 - 
      q3)^2*Deng(p3,xiw,M3)^2*Deng(q2 + q3,xiw,M3)^2*xiw*ufoGC58^2*ufoGC3*
      ufoGC4
       - 1/4*g_(1,6_,nu10)*g_(2,nu16,p3)*cFT(nu13,XX,i2,iufo11)*cFT(g7,XX,
      iufo11,j11)*flavourTag(fmu,j11,j12)*Vec(nu10,q3)*Vec(nu16,-q3)*Vec(nu9,
      -q3)*Vec(nu9,q2)*Vec(nu14,q2)*Vecr(nu13,p3)*Vecr(nu14,p3)*Den(p3 - q2 - 
      q3)^2*Deng(p3,xiw,M3)^2*Deng(q2 + q3,xiw,M3)^2*xia*xiw*ufoGC58^2*ufoGC3*
      ufoGC4
       + 1/4*g_(1,6_,nu10)*g_(2,nu16,p3)*cFT(nu13,XX,i2,iufo11)*cFT(g7,XX,
      iufo11,j11)*flavourTag(fmu,j11,j12)*Vec(nu10,q3)*Vec(nu16,-q3)*Vec(nu9,
      -q3)*Vec(nu9,q2)*Vec(nu14,q2)*Vecr(nu13,p3)*Vecr(nu14,p3)*Den(p3 - q2 - 
      q3)^2*Deng(p3,xiw,M3)^2*Deng(q2 + q3,xiw,M3)^2*xiw*ufoGC58^2*ufoGC3*
      ufoGC4
       - 1/4*g_(1,6_,nu10)*g_(2,nu16,p3)*cFT(nu13,XX,i2,iufo11)*cFT(g7,XX,
      iufo11,j11)*flavourTag(fmu,j11,j12)*Vec(nu10,q3)*Vec(nu16,-q3)*Vec(nu9,
      -q3)*Vec(nu9,q2)*Vec(nu14,q3)*Vecr(nu13,p3)*Vecr(nu14,p3)*Den(p3 - q2 - 
      q3)^2*Deng(p3,xiw,M3)^2*Deng(q2 + q3,xiw,M3)^2*xia*xiw*ufoGC58^2*ufoGC3*
      ufoGC4
       + 1/4*g_(1,6_,nu10)*g_(2,nu16,p3)*cFT(nu13,XX,i2,iufo11)*cFT(g7,XX,
      iufo11,j11)*flavourTag(fmu,j11,j12)*Vec(nu10,q3)*Vec(nu16,-q3)*Vec(nu9,
      -q3)*Vec(nu9,q2)*Vec(nu14,q3)*Vecr(nu13,p3)*Vecr(nu14,p3)*Den(p3 - q2 - 
      q3)^2*Deng(p3,xiw,M3)^2*Deng(q2 + q3,xiw,M3)^2*xiw*ufoGC58^2*ufoGC3*
      ufoGC4
       - 1/4*g_(1,6_,nu10)*g_(2,nu16,p3)*cFT(nu13,XX,i2,iufo11)*cFT(g7,XX,
      iufo11,j11)*flavourTag(fmu,j11,j12)*Vec(nu10,q3)*Vec(nu16,-q3)*Vec(nu9,
      -q3)*Vec(nu9,q3)*Vec(nu14,q2)*Vecr(nu13,p3)*Vecr(nu14,p3)*Den(p3 - q2 - 
      q3)^2*Deng(p3,xiw,M3)^2*Deng(q2 + q3,xiw,M3)^2*xia*xiw*ufoGC58^2*ufoGC3*
      ufoGC4
       + 1/4*g_(1,6_,nu10)*g_(2,nu16,p3)*cFT(nu13,XX,i2,iufo11)*cFT(g7,XX,
      iufo11,j11)*flavourTag(fmu,j11,j12)*Vec(nu10,q3)*Vec(nu16,-q3)*Vec(nu9,
      -q3)*Vec(nu9,q3)*Vec(nu14,q2)*Vecr(nu13,p3)*Vecr(nu14,p3)*Den(p3 - q2 - 
      q3)^2*Deng(p3,xiw,M3)^2*Deng(q2 + q3,xiw,M3)^2*xiw*ufoGC58^2*ufoGC3*
      ufoGC4
       - 1/4*g_(1,6_,nu10)*g_(2,nu16,p3)*cFT(nu13,XX,i2,iufo11)*cFT(g7,XX,
      iufo11,j11)*flavourTag(fmu,j11,j12)*Vec(nu10,q3)*Vec(nu16,-q3)*Vec(nu9,
      -q3)*Vec(nu9,q3)*Vec(nu14,q3)*Vecr(nu13,p3)*Vecr(nu14,p3)*Den(p3 - q2 - 
      q3)^2*Deng(p3,xiw,M3)^2*Deng(q2 + q3,xiw,M3)^2*xia*xiw*ufoGC58^2*ufoGC3*
      ufoGC4
       + 1/4*g_(1,6_,nu10)*g_(2,nu16,p3)*cFT(nu13,XX,i2,iufo11)*cFT(g7,XX,
      iufo11,j11)*flavourTag(fmu,j11,j12)*Vec(nu10,q3)*Vec(nu16,-q3)*Vec(nu9,
      -q3)*Vec(nu9,q3)*Vec(nu14,q3)*Vecr(nu13,p3)*Vecr(nu14,p3)*Den(p3 - q2 - 
      q3)^2*Deng(p3,xiw,M3)^2*Deng(q2 + q3,xiw,M3)^2*xiw*ufoGC58^2*ufoGC3*
      ufoGC4
       + 1/4*g_(1,6_,nu10)*g_(2,nu16,p3)*cFT(nu13,XX,i2,iufo11)*cFT(g7,XX,
      iufo11,j11)*flavourTag(fmu,j11,j12)*Vec(nu10,q3)*Vec(nu16,-q3)*Vec(nu14,
      q2)*Vec(nu15,q2)*Vecr(nu13,p3)*Vecr(nu14,p3)*Vecr(nu15,p3)*Den(p3 - q2
       - q3)^2*Deng(p3,xiw,M3)^2*Deng(q2 + q3,xiw,M3)^2*xia*xiw*ufoGC58^2*
      ufoGC3*ufoGC4
       - 1/4*g_(1,6_,nu10)*g_(2,nu16,p3)*cFT(nu13,XX,i2,iufo11)*cFT(g7,XX,
      iufo11,j11)*flavourTag(fmu,j11,j12)*Vec(nu10,q3)*Vec(nu16,-q3)*Vec(nu14,
      q2)*Vec(nu15,q2)*Vecr(nu13,p3)*Vecr(nu14,p3)*Vecr(nu15,p3)*Den(p3 - q2
       - q3)^2*Deng(p3,xiw,M3)^2*Deng(q2 + q3,xiw,M3)^2*xiw*ufoGC58^2*ufoGC3*
      ufoGC4
       + 1/4*g_(1,6_,nu10)*g_(2,nu16,p3)*cFT(nu13,XX,i2,iufo11)*cFT(g7,XX,
      iufo11,j11)*flavourTag(fmu,j11,j12)*Vec(nu10,q3)*Vec(nu16,-q3)*Vec(nu14,
      q2)*Vec(nu15,q3)*Vecr(nu13,p3)*Vecr(nu14,p3)*Vecr(nu15,p3)*Den(p3 - q2
       - q3)^2*Deng(p3,xiw,M3)^2*Deng(q2 + q3,xiw,M3)^2*xia*xiw*ufoGC58^2*
      ufoGC3*ufoGC4
       - 1/4*g_(1,6_,nu10)*g_(2,nu16,p3)*cFT(nu13,XX,i2,iufo11)*cFT(g7,XX,
      iufo11,j11)*flavourTag(fmu,j11,j12)*Vec(nu10,q3)*Vec(nu16,-q3)*Vec(nu14,
      q2)*Vec(nu15,q3)*Vecr(nu13,p3)*Vecr(nu14,p3)*Vecr(nu15,p3)*Den(p3 - q2
       - q3)^2*Deng(p3,xiw,M3)^2*Deng(q2 + q3,xiw,M3)^2*xiw*ufoGC58^2*ufoGC3*
      ufoGC4
       - 1/4*g_(1,6_,nu10)*g_(2,nu16,p3)*cFT(nu13,XX,i2,iufo11)*cFT(g7,XX,
      iufo11,j11)*flavourTag(fmu,j11,j12)*Vec(nu10,q3)*Vec(nu16,-q3)*Vec(nu14,
      q2)*Vec(nu15,-p3)*Vec(nu15,-q2)*Vecr(nu13,p3)*Vecr(nu14,p3)*Den(p3 - q2
       - q3)^2*Deng(p3,xiw,M3)^2*Deng(q2 + q3,xiw,M3)^2*xia*xiw*ufoGC58^2*
      ufoGC3*ufoGC4
       + 1/4*g_(1,6_,nu10)*g_(2,nu16,p3)*cFT(nu13,XX,i2,iufo11)*cFT(g7,XX,
      iufo11,j11)*flavourTag(fmu,j11,j12)*Vec(nu10,q3)*Vec(nu16,-q3)*Vec(nu14,
      q2)*Vec(nu15,-p3)*Vec(nu15,-q2)*Vecr(nu13,p3)*Vecr(nu14,p3)*Den(p3 - q2
       - q3)^2*Deng(p3,xiw,M3)^2*Deng(q2 + q3,xiw,M3)^2*xiw*ufoGC58^2*ufoGC3*
      ufoGC4
       - 1/4*g_(1,6_,nu10)*g_(2,nu16,p3)*cFT(nu13,XX,i2,iufo11)*cFT(g7,XX,
      iufo11,j11)*flavourTag(fmu,j11,j12)*Vec(nu10,q3)*Vec(nu16,-q3)*Vec(nu14,
      q2)*Vec(nu15,-p3)*Vec(nu15,-q3)*Vecr(nu13,p3)*Vecr(nu14,p3)*Den(p3 - q2
       - q3)^2*Deng(p3,xiw,M3)^2*Deng(q2 + q3,xiw,M3)^2*xia*xiw*ufoGC58^2*
      ufoGC3*ufoGC4
       + 1/4*g_(1,6_,nu10)*g_(2,nu16,p3)*cFT(nu13,XX,i2,iufo11)*cFT(g7,XX,
      iufo11,j11)*flavourTag(fmu,j11,j12)*Vec(nu10,q3)*Vec(nu16,-q3)*Vec(nu14,
      q2)*Vec(nu15,-p3)*Vec(nu15,-q3)*Vecr(nu13,p3)*Vecr(nu14,p3)*Den(p3 - q2
       - q3)^2*Deng(p3,xiw,M3)^2*Deng(q2 + q3,xiw,M3)^2*xiw*ufoGC58^2*ufoGC3*
      ufoGC4
       - 1/4*g_(1,6_,nu10)*g_(2,nu16,p3)*cFT(nu13,XX,i2,iufo11)*cFT(g7,XX,
      iufo11,j11)*flavourTag(fmu,j11,j12)*Vec(nu10,q3)*Vec(nu16,-q3)*Vec(nu14,
      q2)*Vec(nu15,-p3)*Vecr(nu13,p3)*Vecr(nu14,p3)*Vecr(nu15,p3)*Den(p3 - q2
       - q3)^2*Deng(p3,xiw,M3)^2*Deng(q2 + q3,xiw,M3)^2*xia*xiw*ufoGC58^2*
      ufoGC3*ufoGC4
       + 1/4*g_(1,6_,nu10)*g_(2,nu16,p3)*cFT(nu13,XX,i2,iufo11)*cFT(g7,XX,
      iufo11,j11)*flavourTag(fmu,j11,j12)*Vec(nu10,q3)*Vec(nu16,-q3)*Vec(nu14,
      q2)*Vec(nu15,-p3)*Vecr(nu13,p3)*Vecr(nu14,p3)*Vecr(nu15,p3)*Den(p3 - q2
       - q3)^2*Deng(p3,xiw,M3)^2*Deng(q2 + q3,xiw,M3)^2*xiw*ufoGC58^2*ufoGC3*
      ufoGC4
       + 1/4*g_(1,6_,nu10)*g_(2,nu16,p3)*cFT(nu13,XX,i2,iufo11)*cFT(g7,XX,
      iufo11,j11)*flavourTag(fmu,j11,j12)*Vec(nu10,q3)*Vec(nu16,-q3)*Vec(nu14,
      q2)*Vec(nu15,-q2)*Vec(nu15,q2)*Vecr(nu13,p3)*Vecr(nu14,p3)*Den(p3 - q2
       - q3)^2*Deng(p3,xiw,M3)^2*Deng(q2 + q3,xiw,M3)^2*xia*xiw*ufoGC58^2*
      ufoGC3*ufoGC4
       - 1/4*g_(1,6_,nu10)*g_(2,nu16,p3)*cFT(nu13,XX,i2,iufo11)*cFT(g7,XX,
      iufo11,j11)*flavourTag(fmu,j11,j12)*Vec(nu10,q3)*Vec(nu16,-q3)*Vec(nu14,
      q2)*Vec(nu15,-q2)*Vec(nu15,q2)*Vecr(nu13,p3)*Vecr(nu14,p3)*Den(p3 - q2
       - q3)^2*Deng(p3,xiw,M3)^2*Deng(q2 + q3,xiw,M3)^2*xiw*ufoGC58^2*ufoGC3*
      ufoGC4
       + 1/4*g_(1,6_,nu10)*g_(2,nu16,p3)*cFT(nu13,XX,i2,iufo11)*cFT(g7,XX,
      iufo11,j11)*flavourTag(fmu,j11,j12)*Vec(nu10,q3)*Vec(nu16,-q3)*Vec(nu14,
      q2)*Vec(nu15,-q2)*Vec(nu15,q3)*Vecr(nu13,p3)*Vecr(nu14,p3)*Den(p3 - q2
       - q3)^2*Deng(p3,xiw,M3)^2*Deng(q2 + q3,xiw,M3)^2*xia*xiw*ufoGC58^2*
      ufoGC3*ufoGC4
       - 1/4*g_(1,6_,nu10)*g_(2,nu16,p3)*cFT(nu13,XX,i2,iufo11)*cFT(g7,XX,
      iufo11,j11)*flavourTag(fmu,j11,j12)*Vec(nu10,q3)*Vec(nu16,-q3)*Vec(nu14,
      q2)*Vec(nu15,-q2)*Vec(nu15,q3)*Vecr(nu13,p3)*Vecr(nu14,p3)*Den(p3 - q2
       - q3)^2*Deng(p3,xiw,M3)^2*Deng(q2 + q3,xiw,M3)^2*xiw*ufoGC58^2*ufoGC3*
      ufoGC4
       + 1/4*g_(1,6_,nu10)*g_(2,nu16,p3)*cFT(nu13,XX,i2,iufo11)*cFT(g7,XX,
      iufo11,j11)*flavourTag(fmu,j11,j12)*Vec(nu10,q3)*Vec(nu16,-q3)*Vec(nu14,
      q2)*Vec(nu15,-q3)*Vec(nu15,q2)*Vecr(nu13,p3)*Vecr(nu14,p3)*Den(p3 - q2
       - q3)^2*Deng(p3,xiw,M3)^2*Deng(q2 + q3,xiw,M3)^2*xia*xiw*ufoGC58^2*
      ufoGC3*ufoGC4
       - 1/4*g_(1,6_,nu10)*g_(2,nu16,p3)*cFT(nu13,XX,i2,iufo11)*cFT(g7,XX,
      iufo11,j11)*flavourTag(fmu,j11,j12)*Vec(nu10,q3)*Vec(nu16,-q3)*Vec(nu14,
      q2)*Vec(nu15,-q3)*Vec(nu15,q2)*Vecr(nu13,p3)*Vecr(nu14,p3)*Den(p3 - q2
       - q3)^2*Deng(p3,xiw,M3)^2*Deng(q2 + q3,xiw,M3)^2*xiw*ufoGC58^2*ufoGC3*
      ufoGC4
       + 1/4*g_(1,6_,nu10)*g_(2,nu16,p3)*cFT(nu13,XX,i2,iufo11)*cFT(g7,XX,
      iufo11,j11)*flavourTag(fmu,j11,j12)*Vec(nu10,q3)*Vec(nu16,-q3)*Vec(nu14,
      q2)*Vec(nu15,-q3)*Vec(nu15,q3)*Vecr(nu13,p3)*Vecr(nu14,p3)*Den(p3 - q2
       - q3)^2*Deng(p3,xiw,M3)^2*Deng(q2 + q3,xiw,M3)^2*xia*xiw*ufoGC58^2*
      ufoGC3*ufoGC4
       - 1/4*g_(1,6_,nu10)*g_(2,nu16,p3)*cFT(nu13,XX,i2,iufo11)*cFT(g7,XX,
      iufo11,j11)*flavourTag(fmu,j11,j12)*Vec(nu10,q3)*Vec(nu16,-q3)*Vec(nu14,
      q2)*Vec(nu15,-q3)*Vec(nu15,q3)*Vecr(nu13,p3)*Vecr(nu14,p3)*Den(p3 - q2
       - q3)^2*Deng(p3,xiw,M3)^2*Deng(q2 + q3,xiw,M3)^2*xiw*ufoGC58^2*ufoGC3*
      ufoGC4
       + 1/4*g_(1,6_,nu10)*g_(2,nu16,p3)*cFT(nu13,XX,i2,iufo11)*cFT(g7,XX,
      iufo11,j11)*flavourTag(fmu,j11,j12)*Vec(nu10,q3)*Vec(nu16,-q3)*Vec(nu14,
      q3)*Vec(nu15,q2)*Vecr(nu13,p3)*Vecr(nu14,p3)*Vecr(nu15,p3)*Den(p3 - q2
       - q3)^2*Deng(p3,xiw,M3)^2*Deng(q2 + q3,xiw,M3)^2*xia*xiw*ufoGC58^2*
      ufoGC3*ufoGC4
       - 1/4*g_(1,6_,nu10)*g_(2,nu16,p3)*cFT(nu13,XX,i2,iufo11)*cFT(g7,XX,
      iufo11,j11)*flavourTag(fmu,j11,j12)*Vec(nu10,q3)*Vec(nu16,-q3)*Vec(nu14,
      q3)*Vec(nu15,q2)*Vecr(nu13,p3)*Vecr(nu14,p3)*Vecr(nu15,p3)*Den(p3 - q2
       - q3)^2*Deng(p3,xiw,M3)^2*Deng(q2 + q3,xiw,M3)^2*xiw*ufoGC58^2*ufoGC3*
      ufoGC4
       + 1/4*g_(1,6_,nu10)*g_(2,nu16,p3)*cFT(nu13,XX,i2,iufo11)*cFT(g7,XX,
      iufo11,j11)*flavourTag(fmu,j11,j12)*Vec(nu10,q3)*Vec(nu16,-q3)*Vec(nu14,
      q3)*Vec(nu15,q3)*Vecr(nu13,p3)*Vecr(nu14,p3)*Vecr(nu15,p3)*Den(p3 - q2
       - q3)^2*Deng(p3,xiw,M3)^2*Deng(q2 + q3,xiw,M3)^2*xia*xiw*ufoGC58^2*
      ufoGC3*ufoGC4
       - 1/4*g_(1,6_,nu10)*g_(2,nu16,p3)*cFT(nu13,XX,i2,iufo11)*cFT(g7,XX,
      iufo11,j11)*flavourTag(fmu,j11,j12)*Vec(nu10,q3)*Vec(nu16,-q3)*Vec(nu14,
      q3)*Vec(nu15,q3)*Vecr(nu13,p3)*Vecr(nu14,p3)*Vecr(nu15,p3)*Den(p3 - q2
       - q3)^2*Deng(p3,xiw,M3)^2*Deng(q2 + q3,xiw,M3)^2*xiw*ufoGC58^2*ufoGC3*
      ufoGC4
       - 1/4*g_(1,6_,nu10)*g_(2,nu16,p3)*cFT(nu13,XX,i2,iufo11)*cFT(g7,XX,
      iufo11,j11)*flavourTag(fmu,j11,j12)*Vec(nu10,q3)*Vec(nu16,-q3)*Vec(nu14,
      q3)*Vec(nu15,-p3)*Vec(nu15,-q2)*Vecr(nu13,p3)*Vecr(nu14,p3)*Den(p3 - q2
       - q3)^2*Deng(p3,xiw,M3)^2*Deng(q2 + q3,xiw,M3)^2*xia*xiw*ufoGC58^2*
      ufoGC3*ufoGC4
       + 1/4*g_(1,6_,nu10)*g_(2,nu16,p3)*cFT(nu13,XX,i2,iufo11)*cFT(g7,XX,
      iufo11,j11)*flavourTag(fmu,j11,j12)*Vec(nu10,q3)*Vec(nu16,-q3)*Vec(nu14,
      q3)*Vec(nu15,-p3)*Vec(nu15,-q2)*Vecr(nu13,p3)*Vecr(nu14,p3)*Den(p3 - q2
       - q3)^2*Deng(p3,xiw,M3)^2*Deng(q2 + q3,xiw,M3)^2*xiw*ufoGC58^2*ufoGC3*
      ufoGC4
       - 1/4*g_(1,6_,nu10)*g_(2,nu16,p3)*cFT(nu13,XX,i2,iufo11)*cFT(g7,XX,
      iufo11,j11)*flavourTag(fmu,j11,j12)*Vec(nu10,q3)*Vec(nu16,-q3)*Vec(nu14,
      q3)*Vec(nu15,-p3)*Vec(nu15,-q3)*Vecr(nu13,p3)*Vecr(nu14,p3)*Den(p3 - q2
       - q3)^2*Deng(p3,xiw,M3)^2*Deng(q2 + q3,xiw,M3)^2*xia*xiw*ufoGC58^2*
      ufoGC3*ufoGC4
       + 1/4*g_(1,6_,nu10)*g_(2,nu16,p3)*cFT(nu13,XX,i2,iufo11)*cFT(g7,XX,
      iufo11,j11)*flavourTag(fmu,j11,j12)*Vec(nu10,q3)*Vec(nu16,-q3)*Vec(nu14,
      q3)*Vec(nu15,-p3)*Vec(nu15,-q3)*Vecr(nu13,p3)*Vecr(nu14,p3)*Den(p3 - q2
       - q3)^2*Deng(p3,xiw,M3)^2*Deng(q2 + q3,xiw,M3)^2*xiw*ufoGC58^2*ufoGC3*
      ufoGC4
       - 1/4*g_(1,6_,nu10)*g_(2,nu16,p3)*cFT(nu13,XX,i2,iufo11)*cFT(g7,XX,
      iufo11,j11)*flavourTag(fmu,j11,j12)*Vec(nu10,q3)*Vec(nu16,-q3)*Vec(nu14,
      q3)*Vec(nu15,-p3)*Vecr(nu13,p3)*Vecr(nu14,p3)*Vecr(nu15,p3)*Den(p3 - q2
       - q3)^2*Deng(p3,xiw,M3)^2*Deng(q2 + q3,xiw,M3)^2*xia*xiw*ufoGC58^2*
      ufoGC3*ufoGC4
       + 1/4*g_(1,6_,nu10)*g_(2,nu16,p3)*cFT(nu13,XX,i2,iufo11)*cFT(g7,XX,
      iufo11,j11)*flavourTag(fmu,j11,j12)*Vec(nu10,q3)*Vec(nu16,-q3)*Vec(nu14,
      q3)*Vec(nu15,-p3)*Vecr(nu13,p3)*Vecr(nu14,p3)*Vecr(nu15,p3)*Den(p3 - q2
       - q3)^2*Deng(p3,xiw,M3)^2*Deng(q2 + q3,xiw,M3)^2*xiw*ufoGC58^2*ufoGC3*
      ufoGC4
       + 1/4*g_(1,6_,nu10)*g_(2,nu16,p3)*cFT(nu13,XX,i2,iufo11)*cFT(g7,XX,
      iufo11,j11)*flavourTag(fmu,j11,j12)*Vec(nu10,q3)*Vec(nu16,-q3)*Vec(nu14,
      q3)*Vec(nu15,-q2)*Vec(nu15,q2)*Vecr(nu13,p3)*Vecr(nu14,p3)*Den(p3 - q2
       - q3)^2*Deng(p3,xiw,M3)^2*Deng(q2 + q3,xiw,M3)^2*xia*xiw*ufoGC58^2*
      ufoGC3*ufoGC4
       - 1/4*g_(1,6_,nu10)*g_(2,nu16,p3)*cFT(nu13,XX,i2,iufo11)*cFT(g7,XX,
      iufo11,j11)*flavourTag(fmu,j11,j12)*Vec(nu10,q3)*Vec(nu16,-q3)*Vec(nu14,
      q3)*Vec(nu15,-q2)*Vec(nu15,q2)*Vecr(nu13,p3)*Vecr(nu14,p3)*Den(p3 - q2
       - q3)^2*Deng(p3,xiw,M3)^2*Deng(q2 + q3,xiw,M3)^2*xiw*ufoGC58^2*ufoGC3*
      ufoGC4
       + 1/4*g_(1,6_,nu10)*g_(2,nu16,p3)*cFT(nu13,XX,i2,iufo11)*cFT(g7,XX,
      iufo11,j11)*flavourTag(fmu,j11,j12)*Vec(nu10,q3)*Vec(nu16,-q3)*Vec(nu14,
      q3)*Vec(nu15,-q2)*Vec(nu15,q3)*Vecr(nu13,p3)*Vecr(nu14,p3)*Den(p3 - q2
       - q3)^2*Deng(p3,xiw,M3)^2*Deng(q2 + q3,xiw,M3)^2*xia*xiw*ufoGC58^2*
      ufoGC3*ufoGC4
       - 1/4*g_(1,6_,nu10)*g_(2,nu16,p3)*cFT(nu13,XX,i2,iufo11)*cFT(g7,XX,
      iufo11,j11)*flavourTag(fmu,j11,j12)*Vec(nu10,q3)*Vec(nu16,-q3)*Vec(nu14,
      q3)*Vec(nu15,-q2)*Vec(nu15,q3)*Vecr(nu13,p3)*Vecr(nu14,p3)*Den(p3 - q2
       - q3)^2*Deng(p3,xiw,M3)^2*Deng(q2 + q3,xiw,M3)^2*xiw*ufoGC58^2*ufoGC3*
      ufoGC4
       + 1/4*g_(1,6_,nu10)*g_(2,nu16,p3)*cFT(nu13,XX,i2,iufo11)*cFT(g7,XX,
      iufo11,j11)*flavourTag(fmu,j11,j12)*Vec(nu10,q3)*Vec(nu16,-q3)*Vec(nu14,
      q3)*Vec(nu15,-q3)*Vec(nu15,q2)*Vecr(nu13,p3)*Vecr(nu14,p3)*Den(p3 - q2
       - q3)^2*Deng(p3,xiw,M3)^2*Deng(q2 + q3,xiw,M3)^2*xia*xiw*ufoGC58^2*
      ufoGC3*ufoGC4
       - 1/4*g_(1,6_,nu10)*g_(2,nu16,p3)*cFT(nu13,XX,i2,iufo11)*cFT(g7,XX,
      iufo11,j11)*flavourTag(fmu,j11,j12)*Vec(nu10,q3)*Vec(nu16,-q3)*Vec(nu14,
      q3)*Vec(nu15,-q3)*Vec(nu15,q2)*Vecr(nu13,p3)*Vecr(nu14,p3)*Den(p3 - q2
       - q3)^2*Deng(p3,xiw,M3)^2*Deng(q2 + q3,xiw,M3)^2*xiw*ufoGC58^2*ufoGC3*
      ufoGC4
       + 1/4*g_(1,6_,nu10)*g_(2,nu16,p3)*cFT(nu13,XX,i2,iufo11)*cFT(g7,XX,
      iufo11,j11)*flavourTag(fmu,j11,j12)*Vec(nu10,q3)*Vec(nu16,-q3)*Vec(nu14,
      q3)*Vec(nu15,-q3)*Vec(nu15,q3)*Vecr(nu13,p3)*Vecr(nu14,p3)*Den(p3 - q2
       - q3)^2*Deng(p3,xiw,M3)^2*Deng(q2 + q3,xiw,M3)^2*xia*xiw*ufoGC58^2*
      ufoGC3*ufoGC4
       - 1/4*g_(1,6_,nu10)*g_(2,nu16,p3)*cFT(nu13,XX,i2,iufo11)*cFT(g7,XX,
      iufo11,j11)*flavourTag(fmu,j11,j12)*Vec(nu10,q3)*Vec(nu16,-q3)*Vec(nu14,
      q3)*Vec(nu15,-q3)*Vec(nu15,q3)*Vecr(nu13,p3)*Vecr(nu14,p3)*Den(p3 - q2
       - q3)^2*Deng(p3,xiw,M3)^2*Deng(q2 + q3,xiw,M3)^2*xiw*ufoGC58^2*ufoGC3*
      ufoGC4
       + 1/4*g_(1,6_,nu10)*g_(2,nu16,p3)*cFT(nu13,XX,i2,iufo11)*cFT(g7,XX,
      iufo11,j11)*flavourTag(fmu,j11,j12)*Vec(nu10,q3)*Vec(nu9,-p3)*Vec(nu9,q2
      )*Vec(nu14,-q2)*Vecr(nu16,p3)*Vecr(nu13,p3)*Vecr(nu14,p3)*Den(p3 - q2 - 
      q3)^2*Deng(p3,xiw,M3)^2*Deng(q2 + q3,xiw,M3)^2*xia*xiw*ufoGC58^2*ufoGC3*
      ufoGC4
       - 1/4*g_(1,6_,nu10)*g_(2,nu16,p3)*cFT(nu13,XX,i2,iufo11)*cFT(g7,XX,
      iufo11,j11)*flavourTag(fmu,j11,j12)*Vec(nu10,q3)*Vec(nu9,-p3)*Vec(nu9,q2
      )*Vec(nu14,-q2)*Vecr(nu16,p3)*Vecr(nu13,p3)*Vecr(nu14,p3)*Den(p3 - q2 - 
      q3)^2*Deng(p3,xiw,M3)^2*Deng(q2 + q3,xiw,M3)^2*xiw*ufoGC58^2*ufoGC3*
      ufoGC4
       + 1/4*g_(1,6_,nu10)*g_(2,nu16,p3)*cFT(nu13,XX,i2,iufo11)*cFT(g7,XX,
      iufo11,j11)*flavourTag(fmu,j11,j12)*Vec(nu10,q3)*Vec(nu9,-p3)*Vec(nu9,q2
      )*Vec(nu14,-q3)*Vecr(nu16,p3)*Vecr(nu13,p3)*Vecr(nu14,p3)*Den(p3 - q2 - 
      q3)^2*Deng(p3,xiw,M3)^2*Deng(q2 + q3,xiw,M3)^2*xia*xiw*ufoGC58^2*ufoGC3*
      ufoGC4
       - 1/4*g_(1,6_,nu10)*g_(2,nu16,p3)*cFT(nu13,XX,i2,iufo11)*cFT(g7,XX,
      iufo11,j11)*flavourTag(fmu,j11,j12)*Vec(nu10,q3)*Vec(nu9,-p3)*Vec(nu9,q2
      )*Vec(nu14,-q3)*Vecr(nu16,p3)*Vecr(nu13,p3)*Vecr(nu14,p3)*Den(p3 - q2 - 
      q3)^2*Deng(p3,xiw,M3)^2*Deng(q2 + q3,xiw,M3)^2*xiw*ufoGC58^2*ufoGC3*
      ufoGC4
       + 1/4*g_(1,6_,nu10)*g_(2,nu16,p3)*cFT(nu13,XX,i2,iufo11)*cFT(g7,XX,
      iufo11,j11)*flavourTag(fmu,j11,j12)*Vec(nu10,q3)*Vec(nu9,-p3)*Vec(nu9,q2
      )*Vecr(nu16,p3)*Vecr(nu13,p3)*Den(p3 - q2 - q3)^2*Deng(p3,xiw,M3)^2*
      Deng(q2 + q3,xiw,M3)^2*p3.p3*xia*xiw*ufoGC58^2*ufoGC3*ufoGC4
       - 1/4*g_(1,6_,nu10)*g_(2,nu16,p3)*cFT(nu13,XX,i2,iufo11)*cFT(g7,XX,
      iufo11,j11)*flavourTag(fmu,j11,j12)*Vec(nu10,q3)*Vec(nu9,-p3)*Vec(nu9,q2
      )*Vecr(nu16,p3)*Vecr(nu13,p3)*Den(p3 - q2 - q3)^2*Deng(p3,xiw,M3)^2*
      Deng(q2 + q3,xiw,M3)^2*p3.p3*xiw*ufoGC58^2*ufoGC3*ufoGC4
       + 1/4*g_(1,6_,nu10)*g_(2,nu16,p3)*cFT(nu13,XX,i2,iufo11)*cFT(g7,XX,
      iufo11,j11)*flavourTag(fmu,j11,j12)*Vec(nu10,q3)*Vec(nu9,-p3)*Vec(nu9,q3
      )*Vec(nu14,-q2)*Vecr(nu16,p3)*Vecr(nu13,p3)*Vecr(nu14,p3)*Den(p3 - q2 - 
      q3)^2*Deng(p3,xiw,M3)^2*Deng(q2 + q3,xiw,M3)^2*xia*xiw*ufoGC58^2*ufoGC3*
      ufoGC4
       - 1/4*g_(1,6_,nu10)*g_(2,nu16,p3)*cFT(nu13,XX,i2,iufo11)*cFT(g7,XX,
      iufo11,j11)*flavourTag(fmu,j11,j12)*Vec(nu10,q3)*Vec(nu9,-p3)*Vec(nu9,q3
      )*Vec(nu14,-q2)*Vecr(nu16,p3)*Vecr(nu13,p3)*Vecr(nu14,p3)*Den(p3 - q2 - 
      q3)^2*Deng(p3,xiw,M3)^2*Deng(q2 + q3,xiw,M3)^2*xiw*ufoGC58^2*ufoGC3*
      ufoGC4
       + 1/4*g_(1,6_,nu10)*g_(2,nu16,p3)*cFT(nu13,XX,i2,iufo11)*cFT(g7,XX,
      iufo11,j11)*flavourTag(fmu,j11,j12)*Vec(nu10,q3)*Vec(nu9,-p3)*Vec(nu9,q3
      )*Vec(nu14,-q3)*Vecr(nu16,p3)*Vecr(nu13,p3)*Vecr(nu14,p3)*Den(p3 - q2 - 
      q3)^2*Deng(p3,xiw,M3)^2*Deng(q2 + q3,xiw,M3)^2*xia*xiw*ufoGC58^2*ufoGC3*
      ufoGC4
       - 1/4*g_(1,6_,nu10)*g_(2,nu16,p3)*cFT(nu13,XX,i2,iufo11)*cFT(g7,XX,
      iufo11,j11)*flavourTag(fmu,j11,j12)*Vec(nu10,q3)*Vec(nu9,-p3)*Vec(nu9,q3
      )*Vec(nu14,-q3)*Vecr(nu16,p3)*Vecr(nu13,p3)*Vecr(nu14,p3)*Den(p3 - q2 - 
      q3)^2*Deng(p3,xiw,M3)^2*Deng(q2 + q3,xiw,M3)^2*xiw*ufoGC58^2*ufoGC3*
      ufoGC4
       + 1/4*g_(1,6_,nu10)*g_(2,nu16,p3)*cFT(nu13,XX,i2,iufo11)*cFT(g7,XX,
      iufo11,j11)*flavourTag(fmu,j11,j12)*Vec(nu10,q3)*Vec(nu9,-p3)*Vec(nu9,q3
      )*Vecr(nu16,p3)*Vecr(nu13,p3)*Den(p3 - q2 - q3)^2*Deng(p3,xiw,M3)^2*
      Deng(q2 + q3,xiw,M3)^2*p3.p3*xia*xiw*ufoGC58^2*ufoGC3*ufoGC4
       - 1/4*g_(1,6_,nu10)*g_(2,nu16,p3)*cFT(nu13,XX,i2,iufo11)*cFT(g7,XX,
      iufo11,j11)*flavourTag(fmu,j11,j12)*Vec(nu10,q3)*Vec(nu9,-p3)*Vec(nu9,q3
      )*Vecr(nu16,p3)*Vecr(nu13,p3)*Den(p3 - q2 - q3)^2*Deng(p3,xiw,M3)^2*
      Deng(q2 + q3,xiw,M3)^2*p3.p3*xiw*ufoGC58^2*ufoGC3*ufoGC4
       - 1/4*g_(1,6_,nu10)*g_(2,nu16,p3)*cFT(nu13,XX,i2,iufo11)*cFT(g7,XX,
      iufo11,j11)*flavourTag(fmu,j11,j12)*Vec(nu10,q3)*Vec(nu9,-q2)*Vec(nu9,q2
      )*Vec(nu14,q2)*Vecr(nu16,p3)*Vecr(nu13,p3)*Vecr(nu14,p3)*Den(p3 - q2 - 
      q3)^2*Deng(p3,xiw,M3)^2*Deng(q2 + q3,xiw,M3)^2*xia*xiw*ufoGC58^2*ufoGC3*
      ufoGC4
       + 1/4*g_(1,6_,nu10)*g_(2,nu16,p3)*cFT(nu13,XX,i2,iufo11)*cFT(g7,XX,
      iufo11,j11)*flavourTag(fmu,j11,j12)*Vec(nu10,q3)*Vec(nu9,-q2)*Vec(nu9,q2
      )*Vec(nu14,q2)*Vecr(nu16,p3)*Vecr(nu13,p3)*Vecr(nu14,p3)*Den(p3 - q2 - 
      q3)^2*Deng(p3,xiw,M3)^2*Deng(q2 + q3,xiw,M3)^2*xiw*ufoGC58^2*ufoGC3*
      ufoGC4
       - 1/4*g_(1,6_,nu10)*g_(2,nu16,p3)*cFT(nu13,XX,i2,iufo11)*cFT(g7,XX,
      iufo11,j11)*flavourTag(fmu,j11,j12)*Vec(nu10,q3)*Vec(nu9,-q2)*Vec(nu9,q2
      )*Vec(nu14,q3)*Vecr(nu16,p3)*Vecr(nu13,p3)*Vecr(nu14,p3)*Den(p3 - q2 - 
      q3)^2*Deng(p3,xiw,M3)^2*Deng(q2 + q3,xiw,M3)^2*xia*xiw*ufoGC58^2*ufoGC3*
      ufoGC4
       + 1/4*g_(1,6_,nu10)*g_(2,nu16,p3)*cFT(nu13,XX,i2,iufo11)*cFT(g7,XX,
      iufo11,j11)*flavourTag(fmu,j11,j12)*Vec(nu10,q3)*Vec(nu9,-q2)*Vec(nu9,q2
      )*Vec(nu14,q3)*Vecr(nu16,p3)*Vecr(nu13,p3)*Vecr(nu14,p3)*Den(p3 - q2 - 
      q3)^2*Deng(p3,xiw,M3)^2*Deng(q2 + q3,xiw,M3)^2*xiw*ufoGC58^2*ufoGC3*
      ufoGC4
       - 1/4*g_(1,6_,nu10)*g_(2,nu16,p3)*cFT(nu13,XX,i2,iufo11)*cFT(g7,XX,
      iufo11,j11)*flavourTag(fmu,j11,j12)*Vec(nu10,q3)*Vec(nu9,-q2)*Vec(nu9,q3
      )*Vec(nu14,q2)*Vecr(nu16,p3)*Vecr(nu13,p3)*Vecr(nu14,p3)*Den(p3 - q2 - 
      q3)^2*Deng(p3,xiw,M3)^2*Deng(q2 + q3,xiw,M3)^2*xia*xiw*ufoGC58^2*ufoGC3*
      ufoGC4
       + 1/4*g_(1,6_,nu10)*g_(2,nu16,p3)*cFT(nu13,XX,i2,iufo11)*cFT(g7,XX,
      iufo11,j11)*flavourTag(fmu,j11,j12)*Vec(nu10,q3)*Vec(nu9,-q2)*Vec(nu9,q3
      )*Vec(nu14,q2)*Vecr(nu16,p3)*Vecr(nu13,p3)*Vecr(nu14,p3)*Den(p3 - q2 - 
      q3)^2*Deng(p3,xiw,M3)^2*Deng(q2 + q3,xiw,M3)^2*xiw*ufoGC58^2*ufoGC3*
      ufoGC4
       - 1/4*g_(1,6_,nu10)*g_(2,nu16,p3)*cFT(nu13,XX,i2,iufo11)*cFT(g7,XX,
      iufo11,j11)*flavourTag(fmu,j11,j12)*Vec(nu10,q3)*Vec(nu9,-q2)*Vec(nu9,q3
      )*Vec(nu14,q3)*Vecr(nu16,p3)*Vecr(nu13,p3)*Vecr(nu14,p3)*Den(p3 - q2 - 
      q3)^2*Deng(p3,xiw,M3)^2*Deng(q2 + q3,xiw,M3)^2*xia*xiw*ufoGC58^2*ufoGC3*
      ufoGC4
       + 1/4*g_(1,6_,nu10)*g_(2,nu16,p3)*cFT(nu13,XX,i2,iufo11)*cFT(g7,XX,
      iufo11,j11)*flavourTag(fmu,j11,j12)*Vec(nu10,q3)*Vec(nu9,-q2)*Vec(nu9,q3
      )*Vec(nu14,q3)*Vecr(nu16,p3)*Vecr(nu13,p3)*Vecr(nu14,p3)*Den(p3 - q2 - 
      q3)^2*Deng(p3,xiw,M3)^2*Deng(q2 + q3,xiw,M3)^2*xiw*ufoGC58^2*ufoGC3*
      ufoGC4
       - 1/4*g_(1,6_,nu10)*g_(2,nu16,p3)*cFT(nu13,XX,i2,iufo11)*cFT(g7,XX,
      iufo11,j11)*flavourTag(fmu,j11,j12)*Vec(nu10,q3)*Vec(nu9,-q3)*Vec(nu9,q2
      )*Vec(nu14,q2)*Vecr(nu16,p3)*Vecr(nu13,p3)*Vecr(nu14,p3)*Den(p3 - q2 - 
      q3)^2*Deng(p3,xiw,M3)^2*Deng(q2 + q3,xiw,M3)^2*xia*xiw*ufoGC58^2*ufoGC3*
      ufoGC4
       + 1/4*g_(1,6_,nu10)*g_(2,nu16,p3)*cFT(nu13,XX,i2,iufo11)*cFT(g7,XX,
      iufo11,j11)*flavourTag(fmu,j11,j12)*Vec(nu10,q3)*Vec(nu9,-q3)*Vec(nu9,q2
      )*Vec(nu14,q2)*Vecr(nu16,p3)*Vecr(nu13,p3)*Vecr(nu14,p3)*Den(p3 - q2 - 
      q3)^2*Deng(p3,xiw,M3)^2*Deng(q2 + q3,xiw,M3)^2*xiw*ufoGC58^2*ufoGC3*
      ufoGC4
       - 1/4*g_(1,6_,nu10)*g_(2,nu16,p3)*cFT(nu13,XX,i2,iufo11)*cFT(g7,XX,
      iufo11,j11)*flavourTag(fmu,j11,j12)*Vec(nu10,q3)*Vec(nu9,-q3)*Vec(nu9,q2
      )*Vec(nu14,q3)*Vecr(nu16,p3)*Vecr(nu13,p3)*Vecr(nu14,p3)*Den(p3 - q2 - 
      q3)^2*Deng(p3,xiw,M3)^2*Deng(q2 + q3,xiw,M3)^2*xia*xiw*ufoGC58^2*ufoGC3*
      ufoGC4
       + 1/4*g_(1,6_,nu10)*g_(2,nu16,p3)*cFT(nu13,XX,i2,iufo11)*cFT(g7,XX,
      iufo11,j11)*flavourTag(fmu,j11,j12)*Vec(nu10,q3)*Vec(nu9,-q3)*Vec(nu9,q2
      )*Vec(nu14,q3)*Vecr(nu16,p3)*Vecr(nu13,p3)*Vecr(nu14,p3)*Den(p3 - q2 - 
      q3)^2*Deng(p3,xiw,M3)^2*Deng(q2 + q3,xiw,M3)^2*xiw*ufoGC58^2*ufoGC3*
      ufoGC4
       - 1/4*g_(1,6_,nu10)*g_(2,nu16,p3)*cFT(nu13,XX,i2,iufo11)*cFT(g7,XX,
      iufo11,j11)*flavourTag(fmu,j11,j12)*Vec(nu10,q3)*Vec(nu9,-q3)*Vec(nu9,q3
      )*Vec(nu14,q2)*Vecr(nu16,p3)*Vecr(nu13,p3)*Vecr(nu14,p3)*Den(p3 - q2 - 
      q3)^2*Deng(p3,xiw,M3)^2*Deng(q2 + q3,xiw,M3)^2*xia*xiw*ufoGC58^2*ufoGC3*
      ufoGC4
       + 1/4*g_(1,6_,nu10)*g_(2,nu16,p3)*cFT(nu13,XX,i2,iufo11)*cFT(g7,XX,
      iufo11,j11)*flavourTag(fmu,j11,j12)*Vec(nu10,q3)*Vec(nu9,-q3)*Vec(nu9,q3
      )*Vec(nu14,q2)*Vecr(nu16,p3)*Vecr(nu13,p3)*Vecr(nu14,p3)*Den(p3 - q2 - 
      q3)^2*Deng(p3,xiw,M3)^2*Deng(q2 + q3,xiw,M3)^2*xiw*ufoGC58^2*ufoGC3*
      ufoGC4
       - 1/4*g_(1,6_,nu10)*g_(2,nu16,p3)*cFT(nu13,XX,i2,iufo11)*cFT(g7,XX,
      iufo11,j11)*flavourTag(fmu,j11,j12)*Vec(nu10,q3)*Vec(nu9,-q3)*Vec(nu9,q3
      )*Vec(nu14,q3)*Vecr(nu16,p3)*Vecr(nu13,p3)*Vecr(nu14,p3)*Den(p3 - q2 - 
      q3)^2*Deng(p3,xiw,M3)^2*Deng(q2 + q3,xiw,M3)^2*xia*xiw*ufoGC58^2*ufoGC3*
      ufoGC4
       + 1/4*g_(1,6_,nu10)*g_(2,nu16,p3)*cFT(nu13,XX,i2,iufo11)*cFT(g7,XX,
      iufo11,j11)*flavourTag(fmu,j11,j12)*Vec(nu10,q3)*Vec(nu9,-q3)*Vec(nu9,q3
      )*Vec(nu14,q3)*Vecr(nu16,p3)*Vecr(nu13,p3)*Vecr(nu14,p3)*Den(p3 - q2 - 
      q3)^2*Deng(p3,xiw,M3)^2*Deng(q2 + q3,xiw,M3)^2*xiw*ufoGC58^2*ufoGC3*
      ufoGC4
       - 1/4*g_(1,6_,nu10)*g_(2,nu16,p3)*cFT(nu13,XX,i2,iufo11)*cFT(g7,XX,
      iufo11,j11)*flavourTag(fmu,j11,j12)*Vec(nu10,q3)*Vec(nu14,q2)*Vec(nu15,
      -p3)*Vec(nu15,-q2)*Vecr(nu16,p3)*Vecr(nu13,p3)*Vecr(nu14,p3)*Den(p3 - q2
       - q3)^2*Deng(p3,xiw,M3)^2*Deng(q2 + q3,xiw,M3)^2*xia*xiw*ufoGC58^2*
      ufoGC3*ufoGC4
       + 1/4*g_(1,6_,nu10)*g_(2,nu16,p3)*cFT(nu13,XX,i2,iufo11)*cFT(g7,XX,
      iufo11,j11)*flavourTag(fmu,j11,j12)*Vec(nu10,q3)*Vec(nu14,q2)*Vec(nu15,
      -p3)*Vec(nu15,-q2)*Vecr(nu16,p3)*Vecr(nu13,p3)*Vecr(nu14,p3)*Den(p3 - q2
       - q3)^2*Deng(p3,xiw,M3)^2*Deng(q2 + q3,xiw,M3)^2*xiw*ufoGC58^2*ufoGC3*
      ufoGC4
       - 1/4*g_(1,6_,nu10)*g_(2,nu16,p3)*cFT(nu13,XX,i2,iufo11)*cFT(g7,XX,
      iufo11,j11)*flavourTag(fmu,j11,j12)*Vec(nu10,q3)*Vec(nu14,q2)*Vec(nu15,
      -p3)*Vec(nu15,-q3)*Vecr(nu16,p3)*Vecr(nu13,p3)*Vecr(nu14,p3)*Den(p3 - q2
       - q3)^2*Deng(p3,xiw,M3)^2*Deng(q2 + q3,xiw,M3)^2*xia*xiw*ufoGC58^2*
      ufoGC3*ufoGC4
       + 1/4*g_(1,6_,nu10)*g_(2,nu16,p3)*cFT(nu13,XX,i2,iufo11)*cFT(g7,XX,
      iufo11,j11)*flavourTag(fmu,j11,j12)*Vec(nu10,q3)*Vec(nu14,q2)*Vec(nu15,
      -p3)*Vec(nu15,-q3)*Vecr(nu16,p3)*Vecr(nu13,p3)*Vecr(nu14,p3)*Den(p3 - q2
       - q3)^2*Deng(p3,xiw,M3)^2*Deng(q2 + q3,xiw,M3)^2*xiw*ufoGC58^2*ufoGC3*
      ufoGC4
       + 1/4*g_(1,6_,nu10)*g_(2,nu16,p3)*cFT(nu13,XX,i2,iufo11)*cFT(g7,XX,
      iufo11,j11)*flavourTag(fmu,j11,j12)*Vec(nu10,q3)*Vec(nu14,q2)*Vec(nu15,
      -q2)*Vec(nu15,q2)*Vecr(nu16,p3)*Vecr(nu13,p3)*Vecr(nu14,p3)*Den(p3 - q2
       - q3)^2*Deng(p3,xiw,M3)^2*Deng(q2 + q3,xiw,M3)^2*xia*xiw*ufoGC58^2*
      ufoGC3*ufoGC4
       - 1/4*g_(1,6_,nu10)*g_(2,nu16,p3)*cFT(nu13,XX,i2,iufo11)*cFT(g7,XX,
      iufo11,j11)*flavourTag(fmu,j11,j12)*Vec(nu10,q3)*Vec(nu14,q2)*Vec(nu15,
      -q2)*Vec(nu15,q2)*Vecr(nu16,p3)*Vecr(nu13,p3)*Vecr(nu14,p3)*Den(p3 - q2
       - q3)^2*Deng(p3,xiw,M3)^2*Deng(q2 + q3,xiw,M3)^2*xiw*ufoGC58^2*ufoGC3*
      ufoGC4
       + 1/4*g_(1,6_,nu10)*g_(2,nu16,p3)*cFT(nu13,XX,i2,iufo11)*cFT(g7,XX,
      iufo11,j11)*flavourTag(fmu,j11,j12)*Vec(nu10,q3)*Vec(nu14,q2)*Vec(nu15,
      -q2)*Vec(nu15,q3)*Vecr(nu16,p3)*Vecr(nu13,p3)*Vecr(nu14,p3)*Den(p3 - q2
       - q3)^2*Deng(p3,xiw,M3)^2*Deng(q2 + q3,xiw,M3)^2*xia*xiw*ufoGC58^2*
      ufoGC3*ufoGC4
       - 1/4*g_(1,6_,nu10)*g_(2,nu16,p3)*cFT(nu13,XX,i2,iufo11)*cFT(g7,XX,
      iufo11,j11)*flavourTag(fmu,j11,j12)*Vec(nu10,q3)*Vec(nu14,q2)*Vec(nu15,
      -q2)*Vec(nu15,q3)*Vecr(nu16,p3)*Vecr(nu13,p3)*Vecr(nu14,p3)*Den(p3 - q2
       - q3)^2*Deng(p3,xiw,M3)^2*Deng(q2 + q3,xiw,M3)^2*xiw*ufoGC58^2*ufoGC3*
      ufoGC4
       + 1/4*g_(1,6_,nu10)*g_(2,nu16,p3)*cFT(nu13,XX,i2,iufo11)*cFT(g7,XX,
      iufo11,j11)*flavourTag(fmu,j11,j12)*Vec(nu10,q3)*Vec(nu14,q2)*Vec(nu15,
      -q3)*Vec(nu15,q2)*Vecr(nu16,p3)*Vecr(nu13,p3)*Vecr(nu14,p3)*Den(p3 - q2
       - q3)^2*Deng(p3,xiw,M3)^2*Deng(q2 + q3,xiw,M3)^2*xia*xiw*ufoGC58^2*
      ufoGC3*ufoGC4
       - 1/4*g_(1,6_,nu10)*g_(2,nu16,p3)*cFT(nu13,XX,i2,iufo11)*cFT(g7,XX,
      iufo11,j11)*flavourTag(fmu,j11,j12)*Vec(nu10,q3)*Vec(nu14,q2)*Vec(nu15,
      -q3)*Vec(nu15,q2)*Vecr(nu16,p3)*Vecr(nu13,p3)*Vecr(nu14,p3)*Den(p3 - q2
       - q3)^2*Deng(p3,xiw,M3)^2*Deng(q2 + q3,xiw,M3)^2*xiw*ufoGC58^2*ufoGC3*
      ufoGC4
       + 1/4*g_(1,6_,nu10)*g_(2,nu16,p3)*cFT(nu13,XX,i2,iufo11)*cFT(g7,XX,
      iufo11,j11)*flavourTag(fmu,j11,j12)*Vec(nu10,q3)*Vec(nu14,q2)*Vec(nu15,
      -q3)*Vec(nu15,q3)*Vecr(nu16,p3)*Vecr(nu13,p3)*Vecr(nu14,p3)*Den(p3 - q2
       - q3)^2*Deng(p3,xiw,M3)^2*Deng(q2 + q3,xiw,M3)^2*xia*xiw*ufoGC58^2*
      ufoGC3*ufoGC4
       - 1/4*g_(1,6_,nu10)*g_(2,nu16,p3)*cFT(nu13,XX,i2,iufo11)*cFT(g7,XX,
      iufo11,j11)*flavourTag(fmu,j11,j12)*Vec(nu10,q3)*Vec(nu14,q2)*Vec(nu15,
      -q3)*Vec(nu15,q3)*Vecr(nu16,p3)*Vecr(nu13,p3)*Vecr(nu14,p3)*Den(p3 - q2
       - q3)^2*Deng(p3,xiw,M3)^2*Deng(q2 + q3,xiw,M3)^2*xiw*ufoGC58^2*ufoGC3*
      ufoGC4
       - 1/4*g_(1,6_,nu10)*g_(2,nu16,p3)*cFT(nu13,XX,i2,iufo11)*cFT(g7,XX,
      iufo11,j11)*flavourTag(fmu,j11,j12)*Vec(nu10,q3)*Vec(nu14,q3)*Vec(nu15,
      -p3)*Vec(nu15,-q2)*Vecr(nu16,p3)*Vecr(nu13,p3)*Vecr(nu14,p3)*Den(p3 - q2
       - q3)^2*Deng(p3,xiw,M3)^2*Deng(q2 + q3,xiw,M3)^2*xia*xiw*ufoGC58^2*
      ufoGC3*ufoGC4
       + 1/4*g_(1,6_,nu10)*g_(2,nu16,p3)*cFT(nu13,XX,i2,iufo11)*cFT(g7,XX,
      iufo11,j11)*flavourTag(fmu,j11,j12)*Vec(nu10,q3)*Vec(nu14,q3)*Vec(nu15,
      -p3)*Vec(nu15,-q2)*Vecr(nu16,p3)*Vecr(nu13,p3)*Vecr(nu14,p3)*Den(p3 - q2
       - q3)^2*Deng(p3,xiw,M3)^2*Deng(q2 + q3,xiw,M3)^2*xiw*ufoGC58^2*ufoGC3*
      ufoGC4
       - 1/4*g_(1,6_,nu10)*g_(2,nu16,p3)*cFT(nu13,XX,i2,iufo11)*cFT(g7,XX,
      iufo11,j11)*flavourTag(fmu,j11,j12)*Vec(nu10,q3)*Vec(nu14,q3)*Vec(nu15,
      -p3)*Vec(nu15,-q3)*Vecr(nu16,p3)*Vecr(nu13,p3)*Vecr(nu14,p3)*Den(p3 - q2
       - q3)^2*Deng(p3,xiw,M3)^2*Deng(q2 + q3,xiw,M3)^2*xia*xiw*ufoGC58^2*
      ufoGC3*ufoGC4
       + 1/4*g_(1,6_,nu10)*g_(2,nu16,p3)*cFT(nu13,XX,i2,iufo11)*cFT(g7,XX,
      iufo11,j11)*flavourTag(fmu,j11,j12)*Vec(nu10,q3)*Vec(nu14,q3)*Vec(nu15,
      -p3)*Vec(nu15,-q3)*Vecr(nu16,p3)*Vecr(nu13,p3)*Vecr(nu14,p3)*Den(p3 - q2
       - q3)^2*Deng(p3,xiw,M3)^2*Deng(q2 + q3,xiw,M3)^2*xiw*ufoGC58^2*ufoGC3*
      ufoGC4
       + 1/4*g_(1,6_,nu10)*g_(2,nu16,p3)*cFT(nu13,XX,i2,iufo11)*cFT(g7,XX,
      iufo11,j11)*flavourTag(fmu,j11,j12)*Vec(nu10,q3)*Vec(nu14,q3)*Vec(nu15,
      -q2)*Vec(nu15,q2)*Vecr(nu16,p3)*Vecr(nu13,p3)*Vecr(nu14,p3)*Den(p3 - q2
       - q3)^2*Deng(p3,xiw,M3)^2*Deng(q2 + q3,xiw,M3)^2*xia*xiw*ufoGC58^2*
      ufoGC3*ufoGC4
       - 1/4*g_(1,6_,nu10)*g_(2,nu16,p3)*cFT(nu13,XX,i2,iufo11)*cFT(g7,XX,
      iufo11,j11)*flavourTag(fmu,j11,j12)*Vec(nu10,q3)*Vec(nu14,q3)*Vec(nu15,
      -q2)*Vec(nu15,q2)*Vecr(nu16,p3)*Vecr(nu13,p3)*Vecr(nu14,p3)*Den(p3 - q2
       - q3)^2*Deng(p3,xiw,M3)^2*Deng(q2 + q3,xiw,M3)^2*xiw*ufoGC58^2*ufoGC3*
      ufoGC4
       + 1/4*g_(1,6_,nu10)*g_(2,nu16,p3)*cFT(nu13,XX,i2,iufo11)*cFT(g7,XX,
      iufo11,j11)*flavourTag(fmu,j11,j12)*Vec(nu10,q3)*Vec(nu14,q3)*Vec(nu15,
      -q2)*Vec(nu15,q3)*Vecr(nu16,p3)*Vecr(nu13,p3)*Vecr(nu14,p3)*Den(p3 - q2
       - q3)^2*Deng(p3,xiw,M3)^2*Deng(q2 + q3,xiw,M3)^2*xia*xiw*ufoGC58^2*
      ufoGC3*ufoGC4
       - 1/4*g_(1,6_,nu10)*g_(2,nu16,p3)*cFT(nu13,XX,i2,iufo11)*cFT(g7,XX,
      iufo11,j11)*flavourTag(fmu,j11,j12)*Vec(nu10,q3)*Vec(nu14,q3)*Vec(nu15,
      -q2)*Vec(nu15,q3)*Vecr(nu16,p3)*Vecr(nu13,p3)*Vecr(nu14,p3)*Den(p3 - q2
       - q3)^2*Deng(p3,xiw,M3)^2*Deng(q2 + q3,xiw,M3)^2*xiw*ufoGC58^2*ufoGC3*
      ufoGC4
       + 1/4*g_(1,6_,nu10)*g_(2,nu16,p3)*cFT(nu13,XX,i2,iufo11)*cFT(g7,XX,
      iufo11,j11)*flavourTag(fmu,j11,j12)*Vec(nu10,q3)*Vec(nu14,q3)*Vec(nu15,
      -q3)*Vec(nu15,q2)*Vecr(nu16,p3)*Vecr(nu13,p3)*Vecr(nu14,p3)*Den(p3 - q2
       - q3)^2*Deng(p3,xiw,M3)^2*Deng(q2 + q3,xiw,M3)^2*xia*xiw*ufoGC58^2*
      ufoGC3*ufoGC4
       - 1/4*g_(1,6_,nu10)*g_(2,nu16,p3)*cFT(nu13,XX,i2,iufo11)*cFT(g7,XX,
      iufo11,j11)*flavourTag(fmu,j11,j12)*Vec(nu10,q3)*Vec(nu14,q3)*Vec(nu15,
      -q3)*Vec(nu15,q2)*Vecr(nu16,p3)*Vecr(nu13,p3)*Vecr(nu14,p3)*Den(p3 - q2
       - q3)^2*Deng(p3,xiw,M3)^2*Deng(q2 + q3,xiw,M3)^2*xiw*ufoGC58^2*ufoGC3*
      ufoGC4
       + 1/4*g_(1,6_,nu10)*g_(2,nu16,p3)*cFT(nu13,XX,i2,iufo11)*cFT(g7,XX,
      iufo11,j11)*flavourTag(fmu,j11,j12)*Vec(nu10,q3)*Vec(nu14,q3)*Vec(nu15,
      -q3)*Vec(nu15,q3)*Vecr(nu16,p3)*Vecr(nu13,p3)*Vecr(nu14,p3)*Den(p3 - q2
       - q3)^2*Deng(p3,xiw,M3)^2*Deng(q2 + q3,xiw,M3)^2*xia*xiw*ufoGC58^2*
      ufoGC3*ufoGC4
       - 1/4*g_(1,6_,nu10)*g_(2,nu16,p3)*cFT(nu13,XX,i2,iufo11)*cFT(g7,XX,
      iufo11,j11)*flavourTag(fmu,j11,j12)*Vec(nu10,q3)*Vec(nu14,q3)*Vec(nu15,
      -q3)*Vec(nu15,q3)*Vecr(nu16,p3)*Vecr(nu13,p3)*Vecr(nu14,p3)*Den(p3 - q2
       - q3)^2*Deng(p3,xiw,M3)^2*Deng(q2 + q3,xiw,M3)^2*xiw*ufoGC58^2*ufoGC3*
      ufoGC4
       + 1/4*g_(1,6_,nu10)*g_(2,nu16,q2)*cFT(nu13,XX,i2,iufo11)*cFT(g7,XX,
      iufo11,j11)*flavourTag(fmu,j11,j12)*Vec(nu10,q2)*Vec(nu16,-q2)*Vec(nu9,
      q2)*Vec(nu14,q2)*Vecr(nu13,p3)*Vecr(nu9,p3)*Vecr(nu14,p3)*Den(p3 - q2 - 
      q3)^2*Deng(p3,xiw,M3)^2*Deng(q2 + q3,xiw,M3)^2*xia*xiw*ufoGC58^2*ufoGC3*
      ufoGC4
       - 1/4*g_(1,6_,nu10)*g_(2,nu16,q2)*cFT(nu13,XX,i2,iufo11)*cFT(g7,XX,
      iufo11,j11)*flavourTag(fmu,j11,j12)*Vec(nu10,q2)*Vec(nu16,-q2)*Vec(nu9,
      q2)*Vec(nu14,q2)*Vecr(nu13,p3)*Vecr(nu9,p3)*Vecr(nu14,p3)*Den(p3 - q2 - 
      q3)^2*Deng(p3,xiw,M3)^2*Deng(q2 + q3,xiw,M3)^2*xiw*ufoGC58^2*ufoGC3*
      ufoGC4
       + 1/4*g_(1,6_,nu10)*g_(2,nu16,q2)*cFT(nu13,XX,i2,iufo11)*cFT(g7,XX,
      iufo11,j11)*flavourTag(fmu,j11,j12)*Vec(nu10,q2)*Vec(nu16,-q2)*Vec(nu9,
      q2)*Vec(nu14,q3)*Vecr(nu13,p3)*Vecr(nu9,p3)*Vecr(nu14,p3)*Den(p3 - q2 - 
      q3)^2*Deng(p3,xiw,M3)^2*Deng(q2 + q3,xiw,M3)^2*xia*xiw*ufoGC58^2*ufoGC3*
      ufoGC4
       - 1/4*g_(1,6_,nu10)*g_(2,nu16,q2)*cFT(nu13,XX,i2,iufo11)*cFT(g7,XX,
      iufo11,j11)*flavourTag(fmu,j11,j12)*Vec(nu10,q2)*Vec(nu16,-q2)*Vec(nu9,
      q2)*Vec(nu14,q3)*Vecr(nu13,p3)*Vecr(nu9,p3)*Vecr(nu14,p3)*Den(p3 - q2 - 
      q3)^2*Deng(p3,xiw,M3)^2*Deng(q2 + q3,xiw,M3)^2*xiw*ufoGC58^2*ufoGC3*
      ufoGC4
       + 1/4*g_(1,6_,nu10)*g_(2,nu16,q2)*cFT(nu13,XX,i2,iufo11)*cFT(g7,XX,
      iufo11,j11)*flavourTag(fmu,j11,j12)*Vec(nu10,q2)*Vec(nu16,-q2)*Vec(nu9,
      q3)*Vec(nu14,q2)*Vecr(nu13,p3)*Vecr(nu9,p3)*Vecr(nu14,p3)*Den(p3 - q2 - 
      q3)^2*Deng(p3,xiw,M3)^2*Deng(q2 + q3,xiw,M3)^2*xia*xiw*ufoGC58^2*ufoGC3*
      ufoGC4
       - 1/4*g_(1,6_,nu10)*g_(2,nu16,q2)*cFT(nu13,XX,i2,iufo11)*cFT(g7,XX,
      iufo11,j11)*flavourTag(fmu,j11,j12)*Vec(nu10,q2)*Vec(nu16,-q2)*Vec(nu9,
      q3)*Vec(nu14,q2)*Vecr(nu13,p3)*Vecr(nu9,p3)*Vecr(nu14,p3)*Den(p3 - q2 - 
      q3)^2*Deng(p3,xiw,M3)^2*Deng(q2 + q3,xiw,M3)^2*xiw*ufoGC58^2*ufoGC3*
      ufoGC4
       + 1/4*g_(1,6_,nu10)*g_(2,nu16,q2)*cFT(nu13,XX,i2,iufo11)*cFT(g7,XX,
      iufo11,j11)*flavourTag(fmu,j11,j12)*Vec(nu10,q2)*Vec(nu16,-q2)*Vec(nu9,
      q3)*Vec(nu14,q3)*Vecr(nu13,p3)*Vecr(nu9,p3)*Vecr(nu14,p3)*Den(p3 - q2 - 
      q3)^2*Deng(p3,xiw,M3)^2*Deng(q2 + q3,xiw,M3)^2*xia*xiw*ufoGC58^2*ufoGC3*
      ufoGC4
       - 1/4*g_(1,6_,nu10)*g_(2,nu16,q2)*cFT(nu13,XX,i2,iufo11)*cFT(g7,XX,
      iufo11,j11)*flavourTag(fmu,j11,j12)*Vec(nu10,q2)*Vec(nu16,-q2)*Vec(nu9,
      q3)*Vec(nu14,q3)*Vecr(nu13,p3)*Vecr(nu9,p3)*Vecr(nu14,p3)*Den(p3 - q2 - 
      q3)^2*Deng(p3,xiw,M3)^2*Deng(q2 + q3,xiw,M3)^2*xiw*ufoGC58^2*ufoGC3*
      ufoGC4
       - 1/4*g_(1,6_,nu10)*g_(2,nu16,q2)*cFT(nu13,XX,i2,iufo11)*cFT(g7,XX,
      iufo11,j11)*flavourTag(fmu,j11,j12)*Vec(nu10,q2)*Vec(nu16,-q2)*Vec(nu9,
      -p3)*Vec(nu9,q2)*Vec(nu14,-q2)*Vecr(nu13,p3)*Vecr(nu14,p3)*Den(p3 - q2
       - q3)^2*Deng(p3,xiw,M3)^2*Deng(q2 + q3,xiw,M3)^2*xia*xiw*ufoGC58^2*
      ufoGC3*ufoGC4
       + 1/4*g_(1,6_,nu10)*g_(2,nu16,q2)*cFT(nu13,XX,i2,iufo11)*cFT(g7,XX,
      iufo11,j11)*flavourTag(fmu,j11,j12)*Vec(nu10,q2)*Vec(nu16,-q2)*Vec(nu9,
      -p3)*Vec(nu9,q2)*Vec(nu14,-q2)*Vecr(nu13,p3)*Vecr(nu14,p3)*Den(p3 - q2
       - q3)^2*Deng(p3,xiw,M3)^2*Deng(q2 + q3,xiw,M3)^2*xiw*ufoGC58^2*ufoGC3*
      ufoGC4
       - 1/4*g_(1,6_,nu10)*g_(2,nu16,q2)*cFT(nu13,XX,i2,iufo11)*cFT(g7,XX,
      iufo11,j11)*flavourTag(fmu,j11,j12)*Vec(nu10,q2)*Vec(nu16,-q2)*Vec(nu9,
      -p3)*Vec(nu9,q2)*Vec(nu14,-q3)*Vecr(nu13,p3)*Vecr(nu14,p3)*Den(p3 - q2
       - q3)^2*Deng(p3,xiw,M3)^2*Deng(q2 + q3,xiw,M3)^2*xia*xiw*ufoGC58^2*
      ufoGC3*ufoGC4
       + 1/4*g_(1,6_,nu10)*g_(2,nu16,q2)*cFT(nu13,XX,i2,iufo11)*cFT(g7,XX,
      iufo11,j11)*flavourTag(fmu,j11,j12)*Vec(nu10,q2)*Vec(nu16,-q2)*Vec(nu9,
      -p3)*Vec(nu9,q2)*Vec(nu14,-q3)*Vecr(nu13,p3)*Vecr(nu14,p3)*Den(p3 - q2
       - q3)^2*Deng(p3,xiw,M3)^2*Deng(q2 + q3,xiw,M3)^2*xiw*ufoGC58^2*ufoGC3*
      ufoGC4
       - 1/4*g_(1,6_,nu10)*g_(2,nu16,q2)*cFT(nu13,XX,i2,iufo11)*cFT(g7,XX,
      iufo11,j11)*flavourTag(fmu,j11,j12)*Vec(nu10,q2)*Vec(nu16,-q2)*Vec(nu9,
      -p3)*Vec(nu9,q2)*Vecr(nu13,p3)*Den(p3 - q2 - q3)^2*Deng(p3,xiw,M3)^2*
      Deng(q2 + q3,xiw,M3)^2*p3.p3*xia*xiw*ufoGC58^2*ufoGC3*ufoGC4
       + 1/4*g_(1,6_,nu10)*g_(2,nu16,q2)*cFT(nu13,XX,i2,iufo11)*cFT(g7,XX,
      iufo11,j11)*flavourTag(fmu,j11,j12)*Vec(nu10,q2)*Vec(nu16,-q2)*Vec(nu9,
      -p3)*Vec(nu9,q2)*Vecr(nu13,p3)*Den(p3 - q2 - q3)^2*Deng(p3,xiw,M3)^2*
      Deng(q2 + q3,xiw,M3)^2*p3.p3*xiw*ufoGC58^2*ufoGC3*ufoGC4
       - 1/4*g_(1,6_,nu10)*g_(2,nu16,q2)*cFT(nu13,XX,i2,iufo11)*cFT(g7,XX,
      iufo11,j11)*flavourTag(fmu,j11,j12)*Vec(nu10,q2)*Vec(nu16,-q2)*Vec(nu9,
      -p3)*Vec(nu9,q3)*Vec(nu14,-q2)*Vecr(nu13,p3)*Vecr(nu14,p3)*Den(p3 - q2
       - q3)^2*Deng(p3,xiw,M3)^2*Deng(q2 + q3,xiw,M3)^2*xia*xiw*ufoGC58^2*
      ufoGC3*ufoGC4
       + 1/4*g_(1,6_,nu10)*g_(2,nu16,q2)*cFT(nu13,XX,i2,iufo11)*cFT(g7,XX,
      iufo11,j11)*flavourTag(fmu,j11,j12)*Vec(nu10,q2)*Vec(nu16,-q2)*Vec(nu9,
      -p3)*Vec(nu9,q3)*Vec(nu14,-q2)*Vecr(nu13,p3)*Vecr(nu14,p3)*Den(p3 - q2
       - q3)^2*Deng(p3,xiw,M3)^2*Deng(q2 + q3,xiw,M3)^2*xiw*ufoGC58^2*ufoGC3*
      ufoGC4
       - 1/4*g_(1,6_,nu10)*g_(2,nu16,q2)*cFT(nu13,XX,i2,iufo11)*cFT(g7,XX,
      iufo11,j11)*flavourTag(fmu,j11,j12)*Vec(nu10,q2)*Vec(nu16,-q2)*Vec(nu9,
      -p3)*Vec(nu9,q3)*Vec(nu14,-q3)*Vecr(nu13,p3)*Vecr(nu14,p3)*Den(p3 - q2
       - q3)^2*Deng(p3,xiw,M3)^2*Deng(q2 + q3,xiw,M3)^2*xia*xiw*ufoGC58^2*
      ufoGC3*ufoGC4
       + 1/4*g_(1,6_,nu10)*g_(2,nu16,q2)*cFT(nu13,XX,i2,iufo11)*cFT(g7,XX,
      iufo11,j11)*flavourTag(fmu,j11,j12)*Vec(nu10,q2)*Vec(nu16,-q2)*Vec(nu9,
      -p3)*Vec(nu9,q3)*Vec(nu14,-q3)*Vecr(nu13,p3)*Vecr(nu14,p3)*Den(p3 - q2
       - q3)^2*Deng(p3,xiw,M3)^2*Deng(q2 + q3,xiw,M3)^2*xiw*ufoGC58^2*ufoGC3*
      ufoGC4
       - 1/4*g_(1,6_,nu10)*g_(2,nu16,q2)*cFT(nu13,XX,i2,iufo11)*cFT(g7,XX,
      iufo11,j11)*flavourTag(fmu,j11,j12)*Vec(nu10,q2)*Vec(nu16,-q2)*Vec(nu9,
      -p3)*Vec(nu9,q3)*Vecr(nu13,p3)*Den(p3 - q2 - q3)^2*Deng(p3,xiw,M3)^2*
      Deng(q2 + q3,xiw,M3)^2*p3.p3*xia*xiw*ufoGC58^2*ufoGC3*ufoGC4
       + 1/4*g_(1,6_,nu10)*g_(2,nu16,q2)*cFT(nu13,XX,i2,iufo11)*cFT(g7,XX,
      iufo11,j11)*flavourTag(fmu,j11,j12)*Vec(nu10,q2)*Vec(nu16,-q2)*Vec(nu9,
      -p3)*Vec(nu9,q3)*Vecr(nu13,p3)*Den(p3 - q2 - q3)^2*Deng(p3,xiw,M3)^2*
      Deng(q2 + q3,xiw,M3)^2*p3.p3*xiw*ufoGC58^2*ufoGC3*ufoGC4
       + 1/4*g_(1,6_,nu10)*g_(2,nu16,q2)*cFT(nu13,XX,i2,iufo11)*cFT(g7,XX,
      iufo11,j11)*flavourTag(fmu,j11,j12)*Vec(nu10,q2)*Vec(nu16,-q2)*Vec(nu9,
      -q2)*Vec(nu9,q2)*Vec(nu14,q2)*Vecr(nu13,p3)*Vecr(nu14,p3)*Den(p3 - q2 - 
      q3)^2*Deng(p3,xiw,M3)^2*Deng(q2 + q3,xiw,M3)^2*xia*xiw*ufoGC58^2*ufoGC3*
      ufoGC4
       - 1/4*g_(1,6_,nu10)*g_(2,nu16,q2)*cFT(nu13,XX,i2,iufo11)*cFT(g7,XX,
      iufo11,j11)*flavourTag(fmu,j11,j12)*Vec(nu10,q2)*Vec(nu16,-q2)*Vec(nu9,
      -q2)*Vec(nu9,q2)*Vec(nu14,q2)*Vecr(nu13,p3)*Vecr(nu14,p3)*Den(p3 - q2 - 
      q3)^2*Deng(p3,xiw,M3)^2*Deng(q2 + q3,xiw,M3)^2*xiw*ufoGC58^2*ufoGC3*
      ufoGC4
       + 1/4*g_(1,6_,nu10)*g_(2,nu16,q2)*cFT(nu13,XX,i2,iufo11)*cFT(g7,XX,
      iufo11,j11)*flavourTag(fmu,j11,j12)*Vec(nu10,q2)*Vec(nu16,-q2)*Vec(nu9,
      -q2)*Vec(nu9,q2)*Vec(nu14,q3)*Vecr(nu13,p3)*Vecr(nu14,p3)*Den(p3 - q2 - 
      q3)^2*Deng(p3,xiw,M3)^2*Deng(q2 + q3,xiw,M3)^2*xia*xiw*ufoGC58^2*ufoGC3*
      ufoGC4
       - 1/4*g_(1,6_,nu10)*g_(2,nu16,q2)*cFT(nu13,XX,i2,iufo11)*cFT(g7,XX,
      iufo11,j11)*flavourTag(fmu,j11,j12)*Vec(nu10,q2)*Vec(nu16,-q2)*Vec(nu9,
      -q2)*Vec(nu9,q2)*Vec(nu14,q3)*Vecr(nu13,p3)*Vecr(nu14,p3)*Den(p3 - q2 - 
      q3)^2*Deng(p3,xiw,M3)^2*Deng(q2 + q3,xiw,M3)^2*xiw*ufoGC58^2*ufoGC3*
      ufoGC4
       + 1/4*g_(1,6_,nu10)*g_(2,nu16,q2)*cFT(nu13,XX,i2,iufo11)*cFT(g7,XX,
      iufo11,j11)*flavourTag(fmu,j11,j12)*Vec(nu10,q2)*Vec(nu16,-q2)*Vec(nu9,
      -q2)*Vec(nu9,q3)*Vec(nu14,q2)*Vecr(nu13,p3)*Vecr(nu14,p3)*Den(p3 - q2 - 
      q3)^2*Deng(p3,xiw,M3)^2*Deng(q2 + q3,xiw,M3)^2*xia*xiw*ufoGC58^2*ufoGC3*
      ufoGC4
       - 1/4*g_(1,6_,nu10)*g_(2,nu16,q2)*cFT(nu13,XX,i2,iufo11)*cFT(g7,XX,
      iufo11,j11)*flavourTag(fmu,j11,j12)*Vec(nu10,q2)*Vec(nu16,-q2)*Vec(nu9,
      -q2)*Vec(nu9,q3)*Vec(nu14,q2)*Vecr(nu13,p3)*Vecr(nu14,p3)*Den(p3 - q2 - 
      q3)^2*Deng(p3,xiw,M3)^2*Deng(q2 + q3,xiw,M3)^2*xiw*ufoGC58^2*ufoGC3*
      ufoGC4
       + 1/4*g_(1,6_,nu10)*g_(2,nu16,q2)*cFT(nu13,XX,i2,iufo11)*cFT(g7,XX,
      iufo11,j11)*flavourTag(fmu,j11,j12)*Vec(nu10,q2)*Vec(nu16,-q2)*Vec(nu9,
      -q2)*Vec(nu9,q3)*Vec(nu14,q3)*Vecr(nu13,p3)*Vecr(nu14,p3)*Den(p3 - q2 - 
      q3)^2*Deng(p3,xiw,M3)^2*Deng(q2 + q3,xiw,M3)^2*xia*xiw*ufoGC58^2*ufoGC3*
      ufoGC4
       - 1/4*g_(1,6_,nu10)*g_(2,nu16,q2)*cFT(nu13,XX,i2,iufo11)*cFT(g7,XX,
      iufo11,j11)*flavourTag(fmu,j11,j12)*Vec(nu10,q2)*Vec(nu16,-q2)*Vec(nu9,
      -q2)*Vec(nu9,q3)*Vec(nu14,q3)*Vecr(nu13,p3)*Vecr(nu14,p3)*Den(p3 - q2 - 
      q3)^2*Deng(p3,xiw,M3)^2*Deng(q2 + q3,xiw,M3)^2*xiw*ufoGC58^2*ufoGC3*
      ufoGC4
       + 1/4*g_(1,6_,nu10)*g_(2,nu16,q2)*cFT(nu13,XX,i2,iufo11)*cFT(g7,XX,
      iufo11,j11)*flavourTag(fmu,j11,j12)*Vec(nu10,q2)*Vec(nu16,-q2)*Vec(nu9,
      -q3)*Vec(nu9,q2)*Vec(nu14,q2)*Vecr(nu13,p3)*Vecr(nu14,p3)*Den(p3 - q2 - 
      q3)^2*Deng(p3,xiw,M3)^2*Deng(q2 + q3,xiw,M3)^2*xia*xiw*ufoGC58^2*ufoGC3*
      ufoGC4
       - 1/4*g_(1,6_,nu10)*g_(2,nu16,q2)*cFT(nu13,XX,i2,iufo11)*cFT(g7,XX,
      iufo11,j11)*flavourTag(fmu,j11,j12)*Vec(nu10,q2)*Vec(nu16,-q2)*Vec(nu9,
      -q3)*Vec(nu9,q2)*Vec(nu14,q2)*Vecr(nu13,p3)*Vecr(nu14,p3)*Den(p3 - q2 - 
      q3)^2*Deng(p3,xiw,M3)^2*Deng(q2 + q3,xiw,M3)^2*xiw*ufoGC58^2*ufoGC3*
      ufoGC4
       + 1/4*g_(1,6_,nu10)*g_(2,nu16,q2)*cFT(nu13,XX,i2,iufo11)*cFT(g7,XX,
      iufo11,j11)*flavourTag(fmu,j11,j12)*Vec(nu10,q2)*Vec(nu16,-q2)*Vec(nu9,
      -q3)*Vec(nu9,q2)*Vec(nu14,q3)*Vecr(nu13,p3)*Vecr(nu14,p3)*Den(p3 - q2 - 
      q3)^2*Deng(p3,xiw,M3)^2*Deng(q2 + q3,xiw,M3)^2*xia*xiw*ufoGC58^2*ufoGC3*
      ufoGC4
       - 1/4*g_(1,6_,nu10)*g_(2,nu16,q2)*cFT(nu13,XX,i2,iufo11)*cFT(g7,XX,
      iufo11,j11)*flavourTag(fmu,j11,j12)*Vec(nu10,q2)*Vec(nu16,-q2)*Vec(nu9,
      -q3)*Vec(nu9,q2)*Vec(nu14,q3)*Vecr(nu13,p3)*Vecr(nu14,p3)*Den(p3 - q2 - 
      q3)^2*Deng(p3,xiw,M3)^2*Deng(q2 + q3,xiw,M3)^2*xiw*ufoGC58^2*ufoGC3*
      ufoGC4
       + 1/4*g_(1,6_,nu10)*g_(2,nu16,q2)*cFT(nu13,XX,i2,iufo11)*cFT(g7,XX,
      iufo11,j11)*flavourTag(fmu,j11,j12)*Vec(nu10,q2)*Vec(nu16,-q2)*Vec(nu9,
      -q3)*Vec(nu9,q3)*Vec(nu14,q2)*Vecr(nu13,p3)*Vecr(nu14,p3)*Den(p3 - q2 - 
      q3)^2*Deng(p3,xiw,M3)^2*Deng(q2 + q3,xiw,M3)^2*xia*xiw*ufoGC58^2*ufoGC3*
      ufoGC4
       - 1/4*g_(1,6_,nu10)*g_(2,nu16,q2)*cFT(nu13,XX,i2,iufo11)*cFT(g7,XX,
      iufo11,j11)*flavourTag(fmu,j11,j12)*Vec(nu10,q2)*Vec(nu16,-q2)*Vec(nu9,
      -q3)*Vec(nu9,q3)*Vec(nu14,q2)*Vecr(nu13,p3)*Vecr(nu14,p3)*Den(p3 - q2 - 
      q3)^2*Deng(p3,xiw,M3)^2*Deng(q2 + q3,xiw,M3)^2*xiw*ufoGC58^2*ufoGC3*
      ufoGC4
       + 1/4*g_(1,6_,nu10)*g_(2,nu16,q2)*cFT(nu13,XX,i2,iufo11)*cFT(g7,XX,
      iufo11,j11)*flavourTag(fmu,j11,j12)*Vec(nu10,q2)*Vec(nu16,-q2)*Vec(nu9,
      -q3)*Vec(nu9,q3)*Vec(nu14,q3)*Vecr(nu13,p3)*Vecr(nu14,p3)*Den(p3 - q2 - 
      q3)^2*Deng(p3,xiw,M3)^2*Deng(q2 + q3,xiw,M3)^2*xia*xiw*ufoGC58^2*ufoGC3*
      ufoGC4
       - 1/4*g_(1,6_,nu10)*g_(2,nu16,q2)*cFT(nu13,XX,i2,iufo11)*cFT(g7,XX,
      iufo11,j11)*flavourTag(fmu,j11,j12)*Vec(nu10,q2)*Vec(nu16,-q2)*Vec(nu9,
      -q3)*Vec(nu9,q3)*Vec(nu14,q3)*Vecr(nu13,p3)*Vecr(nu14,p3)*Den(p3 - q2 - 
      q3)^2*Deng(p3,xiw,M3)^2*Deng(q2 + q3,xiw,M3)^2*xiw*ufoGC58^2*ufoGC3*
      ufoGC4
       - 1/4*g_(1,6_,nu10)*g_(2,nu16,q2)*cFT(nu13,XX,i2,iufo11)*cFT(g7,XX,
      iufo11,j11)*flavourTag(fmu,j11,j12)*Vec(nu10,q2)*Vec(nu16,-q2)*Vec(nu14,
      q2)*Vec(nu15,q2)*Vecr(nu13,p3)*Vecr(nu14,p3)*Vecr(nu15,p3)*Den(p3 - q2
       - q3)^2*Deng(p3,xiw,M3)^2*Deng(q2 + q3,xiw,M3)^2*xia*xiw*ufoGC58^2*
      ufoGC3*ufoGC4
       + 1/4*g_(1,6_,nu10)*g_(2,nu16,q2)*cFT(nu13,XX,i2,iufo11)*cFT(g7,XX,
      iufo11,j11)*flavourTag(fmu,j11,j12)*Vec(nu10,q2)*Vec(nu16,-q2)*Vec(nu14,
      q2)*Vec(nu15,q2)*Vecr(nu13,p3)*Vecr(nu14,p3)*Vecr(nu15,p3)*Den(p3 - q2
       - q3)^2*Deng(p3,xiw,M3)^2*Deng(q2 + q3,xiw,M3)^2*xiw*ufoGC58^2*ufoGC3*
      ufoGC4
       - 1/4*g_(1,6_,nu10)*g_(2,nu16,q2)*cFT(nu13,XX,i2,iufo11)*cFT(g7,XX,
      iufo11,j11)*flavourTag(fmu,j11,j12)*Vec(nu10,q2)*Vec(nu16,-q2)*Vec(nu14,
      q2)*Vec(nu15,q3)*Vecr(nu13,p3)*Vecr(nu14,p3)*Vecr(nu15,p3)*Den(p3 - q2
       - q3)^2*Deng(p3,xiw,M3)^2*Deng(q2 + q3,xiw,M3)^2*xia*xiw*ufoGC58^2*
      ufoGC3*ufoGC4
       + 1/4*g_(1,6_,nu10)*g_(2,nu16,q2)*cFT(nu13,XX,i2,iufo11)*cFT(g7,XX,
      iufo11,j11)*flavourTag(fmu,j11,j12)*Vec(nu10,q2)*Vec(nu16,-q2)*Vec(nu14,
      q2)*Vec(nu15,q3)*Vecr(nu13,p3)*Vecr(nu14,p3)*Vecr(nu15,p3)*Den(p3 - q2
       - q3)^2*Deng(p3,xiw,M3)^2*Deng(q2 + q3,xiw,M3)^2*xiw*ufoGC58^2*ufoGC3*
      ufoGC4
       + 1/4*g_(1,6_,nu10)*g_(2,nu16,q2)*cFT(nu13,XX,i2,iufo11)*cFT(g7,XX,
      iufo11,j11)*flavourTag(fmu,j11,j12)*Vec(nu10,q2)*Vec(nu16,-q2)*Vec(nu14,
      q2)*Vec(nu15,-p3)*Vec(nu15,-q2)*Vecr(nu13,p3)*Vecr(nu14,p3)*Den(p3 - q2
       - q3)^2*Deng(p3,xiw,M3)^2*Deng(q2 + q3,xiw,M3)^2*xia*xiw*ufoGC58^2*
      ufoGC3*ufoGC4
       - 1/4*g_(1,6_,nu10)*g_(2,nu16,q2)*cFT(nu13,XX,i2,iufo11)*cFT(g7,XX,
      iufo11,j11)*flavourTag(fmu,j11,j12)*Vec(nu10,q2)*Vec(nu16,-q2)*Vec(nu14,
      q2)*Vec(nu15,-p3)*Vec(nu15,-q2)*Vecr(nu13,p3)*Vecr(nu14,p3)*Den(p3 - q2
       - q3)^2*Deng(p3,xiw,M3)^2*Deng(q2 + q3,xiw,M3)^2*xiw*ufoGC58^2*ufoGC3*
      ufoGC4
       + 1/4*g_(1,6_,nu10)*g_(2,nu16,q2)*cFT(nu13,XX,i2,iufo11)*cFT(g7,XX,
      iufo11,j11)*flavourTag(fmu,j11,j12)*Vec(nu10,q2)*Vec(nu16,-q2)*Vec(nu14,
      q2)*Vec(nu15,-p3)*Vec(nu15,-q3)*Vecr(nu13,p3)*Vecr(nu14,p3)*Den(p3 - q2
       - q3)^2*Deng(p3,xiw,M3)^2*Deng(q2 + q3,xiw,M3)^2*xia*xiw*ufoGC58^2*
      ufoGC3*ufoGC4
       - 1/4*g_(1,6_,nu10)*g_(2,nu16,q2)*cFT(nu13,XX,i2,iufo11)*cFT(g7,XX,
      iufo11,j11)*flavourTag(fmu,j11,j12)*Vec(nu10,q2)*Vec(nu16,-q2)*Vec(nu14,
      q2)*Vec(nu15,-p3)*Vec(nu15,-q3)*Vecr(nu13,p3)*Vecr(nu14,p3)*Den(p3 - q2
       - q3)^2*Deng(p3,xiw,M3)^2*Deng(q2 + q3,xiw,M3)^2*xiw*ufoGC58^2*ufoGC3*
      ufoGC4
       + 1/4*g_(1,6_,nu10)*g_(2,nu16,q2)*cFT(nu13,XX,i2,iufo11)*cFT(g7,XX,
      iufo11,j11)*flavourTag(fmu,j11,j12)*Vec(nu10,q2)*Vec(nu16,-q2)*Vec(nu14,
      q2)*Vec(nu15,-p3)*Vecr(nu13,p3)*Vecr(nu14,p3)*Vecr(nu15,p3)*Den(p3 - q2
       - q3)^2*Deng(p3,xiw,M3)^2*Deng(q2 + q3,xiw,M3)^2*xia*xiw*ufoGC58^2*
      ufoGC3*ufoGC4
       - 1/4*g_(1,6_,nu10)*g_(2,nu16,q2)*cFT(nu13,XX,i2,iufo11)*cFT(g7,XX,
      iufo11,j11)*flavourTag(fmu,j11,j12)*Vec(nu10,q2)*Vec(nu16,-q2)*Vec(nu14,
      q2)*Vec(nu15,-p3)*Vecr(nu13,p3)*Vecr(nu14,p3)*Vecr(nu15,p3)*Den(p3 - q2
       - q3)^2*Deng(p3,xiw,M3)^2*Deng(q2 + q3,xiw,M3)^2*xiw*ufoGC58^2*ufoGC3*
      ufoGC4
       - 1/4*g_(1,6_,nu10)*g_(2,nu16,q2)*cFT(nu13,XX,i2,iufo11)*cFT(g7,XX,
      iufo11,j11)*flavourTag(fmu,j11,j12)*Vec(nu10,q2)*Vec(nu16,-q2)*Vec(nu14,
      q2)*Vec(nu15,-q2)*Vec(nu15,q2)*Vecr(nu13,p3)*Vecr(nu14,p3)*Den(p3 - q2
       - q3)^2*Deng(p3,xiw,M3)^2*Deng(q2 + q3,xiw,M3)^2*xia*xiw*ufoGC58^2*
      ufoGC3*ufoGC4
       + 1/4*g_(1,6_,nu10)*g_(2,nu16,q2)*cFT(nu13,XX,i2,iufo11)*cFT(g7,XX,
      iufo11,j11)*flavourTag(fmu,j11,j12)*Vec(nu10,q2)*Vec(nu16,-q2)*Vec(nu14,
      q2)*Vec(nu15,-q2)*Vec(nu15,q2)*Vecr(nu13,p3)*Vecr(nu14,p3)*Den(p3 - q2
       - q3)^2*Deng(p3,xiw,M3)^2*Deng(q2 + q3,xiw,M3)^2*xiw*ufoGC58^2*ufoGC3*
      ufoGC4
       - 1/4*g_(1,6_,nu10)*g_(2,nu16,q2)*cFT(nu13,XX,i2,iufo11)*cFT(g7,XX,
      iufo11,j11)*flavourTag(fmu,j11,j12)*Vec(nu10,q2)*Vec(nu16,-q2)*Vec(nu14,
      q2)*Vec(nu15,-q2)*Vec(nu15,q3)*Vecr(nu13,p3)*Vecr(nu14,p3)*Den(p3 - q2
       - q3)^2*Deng(p3,xiw,M3)^2*Deng(q2 + q3,xiw,M3)^2*xia*xiw*ufoGC58^2*
      ufoGC3*ufoGC4
       + 1/4*g_(1,6_,nu10)*g_(2,nu16,q2)*cFT(nu13,XX,i2,iufo11)*cFT(g7,XX,
      iufo11,j11)*flavourTag(fmu,j11,j12)*Vec(nu10,q2)*Vec(nu16,-q2)*Vec(nu14,
      q2)*Vec(nu15,-q2)*Vec(nu15,q3)*Vecr(nu13,p3)*Vecr(nu14,p3)*Den(p3 - q2
       - q3)^2*Deng(p3,xiw,M3)^2*Deng(q2 + q3,xiw,M3)^2*xiw*ufoGC58^2*ufoGC3*
      ufoGC4
       - 1/4*g_(1,6_,nu10)*g_(2,nu16,q2)*cFT(nu13,XX,i2,iufo11)*cFT(g7,XX,
      iufo11,j11)*flavourTag(fmu,j11,j12)*Vec(nu10,q2)*Vec(nu16,-q2)*Vec(nu14,
      q2)*Vec(nu15,-q3)*Vec(nu15,q2)*Vecr(nu13,p3)*Vecr(nu14,p3)*Den(p3 - q2
       - q3)^2*Deng(p3,xiw,M3)^2*Deng(q2 + q3,xiw,M3)^2*xia*xiw*ufoGC58^2*
      ufoGC3*ufoGC4
       + 1/4*g_(1,6_,nu10)*g_(2,nu16,q2)*cFT(nu13,XX,i2,iufo11)*cFT(g7,XX,
      iufo11,j11)*flavourTag(fmu,j11,j12)*Vec(nu10,q2)*Vec(nu16,-q2)*Vec(nu14,
      q2)*Vec(nu15,-q3)*Vec(nu15,q2)*Vecr(nu13,p3)*Vecr(nu14,p3)*Den(p3 - q2
       - q3)^2*Deng(p3,xiw,M3)^2*Deng(q2 + q3,xiw,M3)^2*xiw*ufoGC58^2*ufoGC3*
      ufoGC4
       - 1/4*g_(1,6_,nu10)*g_(2,nu16,q2)*cFT(nu13,XX,i2,iufo11)*cFT(g7,XX,
      iufo11,j11)*flavourTag(fmu,j11,j12)*Vec(nu10,q2)*Vec(nu16,-q2)*Vec(nu14,
      q2)*Vec(nu15,-q3)*Vec(nu15,q3)*Vecr(nu13,p3)*Vecr(nu14,p3)*Den(p3 - q2
       - q3)^2*Deng(p3,xiw,M3)^2*Deng(q2 + q3,xiw,M3)^2*xia*xiw*ufoGC58^2*
      ufoGC3*ufoGC4
       + 1/4*g_(1,6_,nu10)*g_(2,nu16,q2)*cFT(nu13,XX,i2,iufo11)*cFT(g7,XX,
      iufo11,j11)*flavourTag(fmu,j11,j12)*Vec(nu10,q2)*Vec(nu16,-q2)*Vec(nu14,
      q2)*Vec(nu15,-q3)*Vec(nu15,q3)*Vecr(nu13,p3)*Vecr(nu14,p3)*Den(p3 - q2
       - q3)^2*Deng(p3,xiw,M3)^2*Deng(q2 + q3,xiw,M3)^2*xiw*ufoGC58^2*ufoGC3*
      ufoGC4
       - 1/4*g_(1,6_,nu10)*g_(2,nu16,q2)*cFT(nu13,XX,i2,iufo11)*cFT(g7,XX,
      iufo11,j11)*flavourTag(fmu,j11,j12)*Vec(nu10,q2)*Vec(nu16,-q2)*Vec(nu14,
      q3)*Vec(nu15,q2)*Vecr(nu13,p3)*Vecr(nu14,p3)*Vecr(nu15,p3)*Den(p3 - q2
       - q3)^2*Deng(p3,xiw,M3)^2*Deng(q2 + q3,xiw,M3)^2*xia*xiw*ufoGC58^2*
      ufoGC3*ufoGC4
       + 1/4*g_(1,6_,nu10)*g_(2,nu16,q2)*cFT(nu13,XX,i2,iufo11)*cFT(g7,XX,
      iufo11,j11)*flavourTag(fmu,j11,j12)*Vec(nu10,q2)*Vec(nu16,-q2)*Vec(nu14,
      q3)*Vec(nu15,q2)*Vecr(nu13,p3)*Vecr(nu14,p3)*Vecr(nu15,p3)*Den(p3 - q2
       - q3)^2*Deng(p3,xiw,M3)^2*Deng(q2 + q3,xiw,M3)^2*xiw*ufoGC58^2*ufoGC3*
      ufoGC4
       - 1/4*g_(1,6_,nu10)*g_(2,nu16,q2)*cFT(nu13,XX,i2,iufo11)*cFT(g7,XX,
      iufo11,j11)*flavourTag(fmu,j11,j12)*Vec(nu10,q2)*Vec(nu16,-q2)*Vec(nu14,
      q3)*Vec(nu15,q3)*Vecr(nu13,p3)*Vecr(nu14,p3)*Vecr(nu15,p3)*Den(p3 - q2
       - q3)^2*Deng(p3,xiw,M3)^2*Deng(q2 + q3,xiw,M3)^2*xia*xiw*ufoGC58^2*
      ufoGC3*ufoGC4
       + 1/4*g_(1,6_,nu10)*g_(2,nu16,q2)*cFT(nu13,XX,i2,iufo11)*cFT(g7,XX,
      iufo11,j11)*flavourTag(fmu,j11,j12)*Vec(nu10,q2)*Vec(nu16,-q2)*Vec(nu14,
      q3)*Vec(nu15,q3)*Vecr(nu13,p3)*Vecr(nu14,p3)*Vecr(nu15,p3)*Den(p3 - q2
       - q3)^2*Deng(p3,xiw,M3)^2*Deng(q2 + q3,xiw,M3)^2*xiw*ufoGC58^2*ufoGC3*
      ufoGC4
       + 1/4*g_(1,6_,nu10)*g_(2,nu16,q2)*cFT(nu13,XX,i2,iufo11)*cFT(g7,XX,
      iufo11,j11)*flavourTag(fmu,j11,j12)*Vec(nu10,q2)*Vec(nu16,-q2)*Vec(nu14,
      q3)*Vec(nu15,-p3)*Vec(nu15,-q2)*Vecr(nu13,p3)*Vecr(nu14,p3)*Den(p3 - q2
       - q3)^2*Deng(p3,xiw,M3)^2*Deng(q2 + q3,xiw,M3)^2*xia*xiw*ufoGC58^2*
      ufoGC3*ufoGC4
       - 1/4*g_(1,6_,nu10)*g_(2,nu16,q2)*cFT(nu13,XX,i2,iufo11)*cFT(g7,XX,
      iufo11,j11)*flavourTag(fmu,j11,j12)*Vec(nu10,q2)*Vec(nu16,-q2)*Vec(nu14,
      q3)*Vec(nu15,-p3)*Vec(nu15,-q2)*Vecr(nu13,p3)*Vecr(nu14,p3)*Den(p3 - q2
       - q3)^2*Deng(p3,xiw,M3)^2*Deng(q2 + q3,xiw,M3)^2*xiw*ufoGC58^2*ufoGC3*
      ufoGC4
       + 1/4*g_(1,6_,nu10)*g_(2,nu16,q2)*cFT(nu13,XX,i2,iufo11)*cFT(g7,XX,
      iufo11,j11)*flavourTag(fmu,j11,j12)*Vec(nu10,q2)*Vec(nu16,-q2)*Vec(nu14,
      q3)*Vec(nu15,-p3)*Vec(nu15,-q3)*Vecr(nu13,p3)*Vecr(nu14,p3)*Den(p3 - q2
       - q3)^2*Deng(p3,xiw,M3)^2*Deng(q2 + q3,xiw,M3)^2*xia*xiw*ufoGC58^2*
      ufoGC3*ufoGC4
       - 1/4*g_(1,6_,nu10)*g_(2,nu16,q2)*cFT(nu13,XX,i2,iufo11)*cFT(g7,XX,
      iufo11,j11)*flavourTag(fmu,j11,j12)*Vec(nu10,q2)*Vec(nu16,-q2)*Vec(nu14,
      q3)*Vec(nu15,-p3)*Vec(nu15,-q3)*Vecr(nu13,p3)*Vecr(nu14,p3)*Den(p3 - q2
       - q3)^2*Deng(p3,xiw,M3)^2*Deng(q2 + q3,xiw,M3)^2*xiw*ufoGC58^2*ufoGC3*
      ufoGC4
       + 1/4*g_(1,6_,nu10)*g_(2,nu16,q2)*cFT(nu13,XX,i2,iufo11)*cFT(g7,XX,
      iufo11,j11)*flavourTag(fmu,j11,j12)*Vec(nu10,q2)*Vec(nu16,-q2)*Vec(nu14,
      q3)*Vec(nu15,-p3)*Vecr(nu13,p3)*Vecr(nu14,p3)*Vecr(nu15,p3)*Den(p3 - q2
       - q3)^2*Deng(p3,xiw,M3)^2*Deng(q2 + q3,xiw,M3)^2*xia*xiw*ufoGC58^2*
      ufoGC3*ufoGC4
       - 1/4*g_(1,6_,nu10)*g_(2,nu16,q2)*cFT(nu13,XX,i2,iufo11)*cFT(g7,XX,
      iufo11,j11)*flavourTag(fmu,j11,j12)*Vec(nu10,q2)*Vec(nu16,-q2)*Vec(nu14,
      q3)*Vec(nu15,-p3)*Vecr(nu13,p3)*Vecr(nu14,p3)*Vecr(nu15,p3)*Den(p3 - q2
       - q3)^2*Deng(p3,xiw,M3)^2*Deng(q2 + q3,xiw,M3)^2*xiw*ufoGC58^2*ufoGC3*
      ufoGC4
       - 1/4*g_(1,6_,nu10)*g_(2,nu16,q2)*cFT(nu13,XX,i2,iufo11)*cFT(g7,XX,
      iufo11,j11)*flavourTag(fmu,j11,j12)*Vec(nu10,q2)*Vec(nu16,-q2)*Vec(nu14,
      q3)*Vec(nu15,-q2)*Vec(nu15,q2)*Vecr(nu13,p3)*Vecr(nu14,p3)*Den(p3 - q2
       - q3)^2*Deng(p3,xiw,M3)^2*Deng(q2 + q3,xiw,M3)^2*xia*xiw*ufoGC58^2*
      ufoGC3*ufoGC4
       + 1/4*g_(1,6_,nu10)*g_(2,nu16,q2)*cFT(nu13,XX,i2,iufo11)*cFT(g7,XX,
      iufo11,j11)*flavourTag(fmu,j11,j12)*Vec(nu10,q2)*Vec(nu16,-q2)*Vec(nu14,
      q3)*Vec(nu15,-q2)*Vec(nu15,q2)*Vecr(nu13,p3)*Vecr(nu14,p3)*Den(p3 - q2
       - q3)^2*Deng(p3,xiw,M3)^2*Deng(q2 + q3,xiw,M3)^2*xiw*ufoGC58^2*ufoGC3*
      ufoGC4
       - 1/4*g_(1,6_,nu10)*g_(2,nu16,q2)*cFT(nu13,XX,i2,iufo11)*cFT(g7,XX,
      iufo11,j11)*flavourTag(fmu,j11,j12)*Vec(nu10,q2)*Vec(nu16,-q2)*Vec(nu14,
      q3)*Vec(nu15,-q2)*Vec(nu15,q3)*Vecr(nu13,p3)*Vecr(nu14,p3)*Den(p3 - q2
       - q3)^2*Deng(p3,xiw,M3)^2*Deng(q2 + q3,xiw,M3)^2*xia*xiw*ufoGC58^2*
      ufoGC3*ufoGC4
       + 1/4*g_(1,6_,nu10)*g_(2,nu16,q2)*cFT(nu13,XX,i2,iufo11)*cFT(g7,XX,
      iufo11,j11)*flavourTag(fmu,j11,j12)*Vec(nu10,q2)*Vec(nu16,-q2)*Vec(nu14,
      q3)*Vec(nu15,-q2)*Vec(nu15,q3)*Vecr(nu13,p3)*Vecr(nu14,p3)*Den(p3 - q2
       - q3)^2*Deng(p3,xiw,M3)^2*Deng(q2 + q3,xiw,M3)^2*xiw*ufoGC58^2*ufoGC3*
      ufoGC4
       - 1/4*g_(1,6_,nu10)*g_(2,nu16,q2)*cFT(nu13,XX,i2,iufo11)*cFT(g7,XX,
      iufo11,j11)*flavourTag(fmu,j11,j12)*Vec(nu10,q2)*Vec(nu16,-q2)*Vec(nu14,
      q3)*Vec(nu15,-q3)*Vec(nu15,q2)*Vecr(nu13,p3)*Vecr(nu14,p3)*Den(p3 - q2
       - q3)^2*Deng(p3,xiw,M3)^2*Deng(q2 + q3,xiw,M3)^2*xia*xiw*ufoGC58^2*
      ufoGC3*ufoGC4
       + 1/4*g_(1,6_,nu10)*g_(2,nu16,q2)*cFT(nu13,XX,i2,iufo11)*cFT(g7,XX,
      iufo11,j11)*flavourTag(fmu,j11,j12)*Vec(nu10,q2)*Vec(nu16,-q2)*Vec(nu14,
      q3)*Vec(nu15,-q3)*Vec(nu15,q2)*Vecr(nu13,p3)*Vecr(nu14,p3)*Den(p3 - q2
       - q3)^2*Deng(p3,xiw,M3)^2*Deng(q2 + q3,xiw,M3)^2*xiw*ufoGC58^2*ufoGC3*
      ufoGC4
       - 1/4*g_(1,6_,nu10)*g_(2,nu16,q2)*cFT(nu13,XX,i2,iufo11)*cFT(g7,XX,
      iufo11,j11)*flavourTag(fmu,j11,j12)*Vec(nu10,q2)*Vec(nu16,-q2)*Vec(nu14,
      q3)*Vec(nu15,-q3)*Vec(nu15,q3)*Vecr(nu13,p3)*Vecr(nu14,p3)*Den(p3 - q2
       - q3)^2*Deng(p3,xiw,M3)^2*Deng(q2 + q3,xiw,M3)^2*xia*xiw*ufoGC58^2*
      ufoGC3*ufoGC4
       + 1/4*g_(1,6_,nu10)*g_(2,nu16,q2)*cFT(nu13,XX,i2,iufo11)*cFT(g7,XX,
      iufo11,j11)*flavourTag(fmu,j11,j12)*Vec(nu10,q2)*Vec(nu16,-q2)*Vec(nu14,
      q3)*Vec(nu15,-q3)*Vec(nu15,q3)*Vecr(nu13,p3)*Vecr(nu14,p3)*Den(p3 - q2
       - q3)^2*Deng(p3,xiw,M3)^2*Deng(q2 + q3,xiw,M3)^2*xiw*ufoGC58^2*ufoGC3*
      ufoGC4
       + 1/4*g_(1,6_,nu10)*g_(2,nu16,q2)*cFT(nu13,XX,i2,iufo11)*cFT(g7,XX,
      iufo11,j11)*flavourTag(fmu,j11,j12)*Vec(nu10,q2)*Vec(nu16,-q3)*Vec(nu9,
      q2)*Vec(nu14,q2)*Vecr(nu13,p3)*Vecr(nu9,p3)*Vecr(nu14,p3)*Den(p3 - q2 - 
      q3)^2*Deng(p3,xiw,M3)^2*Deng(q2 + q3,xiw,M3)^2*xia*xiw*ufoGC58^2*ufoGC3*
      ufoGC4
       - 1/4*g_(1,6_,nu10)*g_(2,nu16,q2)*cFT(nu13,XX,i2,iufo11)*cFT(g7,XX,
      iufo11,j11)*flavourTag(fmu,j11,j12)*Vec(nu10,q2)*Vec(nu16,-q3)*Vec(nu9,
      q2)*Vec(nu14,q2)*Vecr(nu13,p3)*Vecr(nu9,p3)*Vecr(nu14,p3)*Den(p3 - q2 - 
      q3)^2*Deng(p3,xiw,M3)^2*Deng(q2 + q3,xiw,M3)^2*xiw*ufoGC58^2*ufoGC3*
      ufoGC4
       + 1/4*g_(1,6_,nu10)*g_(2,nu16,q2)*cFT(nu13,XX,i2,iufo11)*cFT(g7,XX,
      iufo11,j11)*flavourTag(fmu,j11,j12)*Vec(nu10,q2)*Vec(nu16,-q3)*Vec(nu9,
      q2)*Vec(nu14,q3)*Vecr(nu13,p3)*Vecr(nu9,p3)*Vecr(nu14,p3)*Den(p3 - q2 - 
      q3)^2*Deng(p3,xiw,M3)^2*Deng(q2 + q3,xiw,M3)^2*xia*xiw*ufoGC58^2*ufoGC3*
      ufoGC4
       - 1/4*g_(1,6_,nu10)*g_(2,nu16,q2)*cFT(nu13,XX,i2,iufo11)*cFT(g7,XX,
      iufo11,j11)*flavourTag(fmu,j11,j12)*Vec(nu10,q2)*Vec(nu16,-q3)*Vec(nu9,
      q2)*Vec(nu14,q3)*Vecr(nu13,p3)*Vecr(nu9,p3)*Vecr(nu14,p3)*Den(p3 - q2 - 
      q3)^2*Deng(p3,xiw,M3)^2*Deng(q2 + q3,xiw,M3)^2*xiw*ufoGC58^2*ufoGC3*
      ufoGC4
       + 1/4*g_(1,6_,nu10)*g_(2,nu16,q2)*cFT(nu13,XX,i2,iufo11)*cFT(g7,XX,
      iufo11,j11)*flavourTag(fmu,j11,j12)*Vec(nu10,q2)*Vec(nu16,-q3)*Vec(nu9,
      q3)*Vec(nu14,q2)*Vecr(nu13,p3)*Vecr(nu9,p3)*Vecr(nu14,p3)*Den(p3 - q2 - 
      q3)^2*Deng(p3,xiw,M3)^2*Deng(q2 + q3,xiw,M3)^2*xia*xiw*ufoGC58^2*ufoGC3*
      ufoGC4
       - 1/4*g_(1,6_,nu10)*g_(2,nu16,q2)*cFT(nu13,XX,i2,iufo11)*cFT(g7,XX,
      iufo11,j11)*flavourTag(fmu,j11,j12)*Vec(nu10,q2)*Vec(nu16,-q3)*Vec(nu9,
      q3)*Vec(nu14,q2)*Vecr(nu13,p3)*Vecr(nu9,p3)*Vecr(nu14,p3)*Den(p3 - q2 - 
      q3)^2*Deng(p3,xiw,M3)^2*Deng(q2 + q3,xiw,M3)^2*xiw*ufoGC58^2*ufoGC3*
      ufoGC4
       + 1/4*g_(1,6_,nu10)*g_(2,nu16,q2)*cFT(nu13,XX,i2,iufo11)*cFT(g7,XX,
      iufo11,j11)*flavourTag(fmu,j11,j12)*Vec(nu10,q2)*Vec(nu16,-q3)*Vec(nu9,
      q3)*Vec(nu14,q3)*Vecr(nu13,p3)*Vecr(nu9,p3)*Vecr(nu14,p3)*Den(p3 - q2 - 
      q3)^2*Deng(p3,xiw,M3)^2*Deng(q2 + q3,xiw,M3)^2*xia*xiw*ufoGC58^2*ufoGC3*
      ufoGC4
       - 1/4*g_(1,6_,nu10)*g_(2,nu16,q2)*cFT(nu13,XX,i2,iufo11)*cFT(g7,XX,
      iufo11,j11)*flavourTag(fmu,j11,j12)*Vec(nu10,q2)*Vec(nu16,-q3)*Vec(nu9,
      q3)*Vec(nu14,q3)*Vecr(nu13,p3)*Vecr(nu9,p3)*Vecr(nu14,p3)*Den(p3 - q2 - 
      q3)^2*Deng(p3,xiw,M3)^2*Deng(q2 + q3,xiw,M3)^2*xiw*ufoGC58^2*ufoGC3*
      ufoGC4
       - 1/4*g_(1,6_,nu10)*g_(2,nu16,q2)*cFT(nu13,XX,i2,iufo11)*cFT(g7,XX,
      iufo11,j11)*flavourTag(fmu,j11,j12)*Vec(nu10,q2)*Vec(nu16,-q3)*Vec(nu9,
      -p3)*Vec(nu9,q2)*Vec(nu14,-q2)*Vecr(nu13,p3)*Vecr(nu14,p3)*Den(p3 - q2
       - q3)^2*Deng(p3,xiw,M3)^2*Deng(q2 + q3,xiw,M3)^2*xia*xiw*ufoGC58^2*
      ufoGC3*ufoGC4
       + 1/4*g_(1,6_,nu10)*g_(2,nu16,q2)*cFT(nu13,XX,i2,iufo11)*cFT(g7,XX,
      iufo11,j11)*flavourTag(fmu,j11,j12)*Vec(nu10,q2)*Vec(nu16,-q3)*Vec(nu9,
      -p3)*Vec(nu9,q2)*Vec(nu14,-q2)*Vecr(nu13,p3)*Vecr(nu14,p3)*Den(p3 - q2
       - q3)^2*Deng(p3,xiw,M3)^2*Deng(q2 + q3,xiw,M3)^2*xiw*ufoGC58^2*ufoGC3*
      ufoGC4
       - 1/4*g_(1,6_,nu10)*g_(2,nu16,q2)*cFT(nu13,XX,i2,iufo11)*cFT(g7,XX,
      iufo11,j11)*flavourTag(fmu,j11,j12)*Vec(nu10,q2)*Vec(nu16,-q3)*Vec(nu9,
      -p3)*Vec(nu9,q2)*Vec(nu14,-q3)*Vecr(nu13,p3)*Vecr(nu14,p3)*Den(p3 - q2
       - q3)^2*Deng(p3,xiw,M3)^2*Deng(q2 + q3,xiw,M3)^2*xia*xiw*ufoGC58^2*
      ufoGC3*ufoGC4
       + 1/4*g_(1,6_,nu10)*g_(2,nu16,q2)*cFT(nu13,XX,i2,iufo11)*cFT(g7,XX,
      iufo11,j11)*flavourTag(fmu,j11,j12)*Vec(nu10,q2)*Vec(nu16,-q3)*Vec(nu9,
      -p3)*Vec(nu9,q2)*Vec(nu14,-q3)*Vecr(nu13,p3)*Vecr(nu14,p3)*Den(p3 - q2
       - q3)^2*Deng(p3,xiw,M3)^2*Deng(q2 + q3,xiw,M3)^2*xiw*ufoGC58^2*ufoGC3*
      ufoGC4
       - 1/4*g_(1,6_,nu10)*g_(2,nu16,q2)*cFT(nu13,XX,i2,iufo11)*cFT(g7,XX,
      iufo11,j11)*flavourTag(fmu,j11,j12)*Vec(nu10,q2)*Vec(nu16,-q3)*Vec(nu9,
      -p3)*Vec(nu9,q2)*Vecr(nu13,p3)*Den(p3 - q2 - q3)^2*Deng(p3,xiw,M3)^2*
      Deng(q2 + q3,xiw,M3)^2*p3.p3*xia*xiw*ufoGC58^2*ufoGC3*ufoGC4
       + 1/4*g_(1,6_,nu10)*g_(2,nu16,q2)*cFT(nu13,XX,i2,iufo11)*cFT(g7,XX,
      iufo11,j11)*flavourTag(fmu,j11,j12)*Vec(nu10,q2)*Vec(nu16,-q3)*Vec(nu9,
      -p3)*Vec(nu9,q2)*Vecr(nu13,p3)*Den(p3 - q2 - q3)^2*Deng(p3,xiw,M3)^2*
      Deng(q2 + q3,xiw,M3)^2*p3.p3*xiw*ufoGC58^2*ufoGC3*ufoGC4
       - 1/4*g_(1,6_,nu10)*g_(2,nu16,q2)*cFT(nu13,XX,i2,iufo11)*cFT(g7,XX,
      iufo11,j11)*flavourTag(fmu,j11,j12)*Vec(nu10,q2)*Vec(nu16,-q3)*Vec(nu9,
      -p3)*Vec(nu9,q3)*Vec(nu14,-q2)*Vecr(nu13,p3)*Vecr(nu14,p3)*Den(p3 - q2
       - q3)^2*Deng(p3,xiw,M3)^2*Deng(q2 + q3,xiw,M3)^2*xia*xiw*ufoGC58^2*
      ufoGC3*ufoGC4
       + 1/4*g_(1,6_,nu10)*g_(2,nu16,q2)*cFT(nu13,XX,i2,iufo11)*cFT(g7,XX,
      iufo11,j11)*flavourTag(fmu,j11,j12)*Vec(nu10,q2)*Vec(nu16,-q3)*Vec(nu9,
      -p3)*Vec(nu9,q3)*Vec(nu14,-q2)*Vecr(nu13,p3)*Vecr(nu14,p3)*Den(p3 - q2
       - q3)^2*Deng(p3,xiw,M3)^2*Deng(q2 + q3,xiw,M3)^2*xiw*ufoGC58^2*ufoGC3*
      ufoGC4
       - 1/4*g_(1,6_,nu10)*g_(2,nu16,q2)*cFT(nu13,XX,i2,iufo11)*cFT(g7,XX,
      iufo11,j11)*flavourTag(fmu,j11,j12)*Vec(nu10,q2)*Vec(nu16,-q3)*Vec(nu9,
      -p3)*Vec(nu9,q3)*Vec(nu14,-q3)*Vecr(nu13,p3)*Vecr(nu14,p3)*Den(p3 - q2
       - q3)^2*Deng(p3,xiw,M3)^2*Deng(q2 + q3,xiw,M3)^2*xia*xiw*ufoGC58^2*
      ufoGC3*ufoGC4
       + 1/4*g_(1,6_,nu10)*g_(2,nu16,q2)*cFT(nu13,XX,i2,iufo11)*cFT(g7,XX,
      iufo11,j11)*flavourTag(fmu,j11,j12)*Vec(nu10,q2)*Vec(nu16,-q3)*Vec(nu9,
      -p3)*Vec(nu9,q3)*Vec(nu14,-q3)*Vecr(nu13,p3)*Vecr(nu14,p3)*Den(p3 - q2
       - q3)^2*Deng(p3,xiw,M3)^2*Deng(q2 + q3,xiw,M3)^2*xiw*ufoGC58^2*ufoGC3*
      ufoGC4
       - 1/4*g_(1,6_,nu10)*g_(2,nu16,q2)*cFT(nu13,XX,i2,iufo11)*cFT(g7,XX,
      iufo11,j11)*flavourTag(fmu,j11,j12)*Vec(nu10,q2)*Vec(nu16,-q3)*Vec(nu9,
      -p3)*Vec(nu9,q3)*Vecr(nu13,p3)*Den(p3 - q2 - q3)^2*Deng(p3,xiw,M3)^2*
      Deng(q2 + q3,xiw,M3)^2*p3.p3*xia*xiw*ufoGC58^2*ufoGC3*ufoGC4
       + 1/4*g_(1,6_,nu10)*g_(2,nu16,q2)*cFT(nu13,XX,i2,iufo11)*cFT(g7,XX,
      iufo11,j11)*flavourTag(fmu,j11,j12)*Vec(nu10,q2)*Vec(nu16,-q3)*Vec(nu9,
      -p3)*Vec(nu9,q3)*Vecr(nu13,p3)*Den(p3 - q2 - q3)^2*Deng(p3,xiw,M3)^2*
      Deng(q2 + q3,xiw,M3)^2*p3.p3*xiw*ufoGC58^2*ufoGC3*ufoGC4
       + 1/4*g_(1,6_,nu10)*g_(2,nu16,q2)*cFT(nu13,XX,i2,iufo11)*cFT(g7,XX,
      iufo11,j11)*flavourTag(fmu,j11,j12)*Vec(nu10,q2)*Vec(nu16,-q3)*Vec(nu9,
      -q2)*Vec(nu9,q2)*Vec(nu14,q2)*Vecr(nu13,p3)*Vecr(nu14,p3)*Den(p3 - q2 - 
      q3)^2*Deng(p3,xiw,M3)^2*Deng(q2 + q3,xiw,M3)^2*xia*xiw*ufoGC58^2*ufoGC3*
      ufoGC4
       - 1/4*g_(1,6_,nu10)*g_(2,nu16,q2)*cFT(nu13,XX,i2,iufo11)*cFT(g7,XX,
      iufo11,j11)*flavourTag(fmu,j11,j12)*Vec(nu10,q2)*Vec(nu16,-q3)*Vec(nu9,
      -q2)*Vec(nu9,q2)*Vec(nu14,q2)*Vecr(nu13,p3)*Vecr(nu14,p3)*Den(p3 - q2 - 
      q3)^2*Deng(p3,xiw,M3)^2*Deng(q2 + q3,xiw,M3)^2*xiw*ufoGC58^2*ufoGC3*
      ufoGC4
       + 1/4*g_(1,6_,nu10)*g_(2,nu16,q2)*cFT(nu13,XX,i2,iufo11)*cFT(g7,XX,
      iufo11,j11)*flavourTag(fmu,j11,j12)*Vec(nu10,q2)*Vec(nu16,-q3)*Vec(nu9,
      -q2)*Vec(nu9,q2)*Vec(nu14,q3)*Vecr(nu13,p3)*Vecr(nu14,p3)*Den(p3 - q2 - 
      q3)^2*Deng(p3,xiw,M3)^2*Deng(q2 + q3,xiw,M3)^2*xia*xiw*ufoGC58^2*ufoGC3*
      ufoGC4
       - 1/4*g_(1,6_,nu10)*g_(2,nu16,q2)*cFT(nu13,XX,i2,iufo11)*cFT(g7,XX,
      iufo11,j11)*flavourTag(fmu,j11,j12)*Vec(nu10,q2)*Vec(nu16,-q3)*Vec(nu9,
      -q2)*Vec(nu9,q2)*Vec(nu14,q3)*Vecr(nu13,p3)*Vecr(nu14,p3)*Den(p3 - q2 - 
      q3)^2*Deng(p3,xiw,M3)^2*Deng(q2 + q3,xiw,M3)^2*xiw*ufoGC58^2*ufoGC3*
      ufoGC4
       + 1/4*g_(1,6_,nu10)*g_(2,nu16,q2)*cFT(nu13,XX,i2,iufo11)*cFT(g7,XX,
      iufo11,j11)*flavourTag(fmu,j11,j12)*Vec(nu10,q2)*Vec(nu16,-q3)*Vec(nu9,
      -q2)*Vec(nu9,q3)*Vec(nu14,q2)*Vecr(nu13,p3)*Vecr(nu14,p3)*Den(p3 - q2 - 
      q3)^2*Deng(p3,xiw,M3)^2*Deng(q2 + q3,xiw,M3)^2*xia*xiw*ufoGC58^2*ufoGC3*
      ufoGC4
       - 1/4*g_(1,6_,nu10)*g_(2,nu16,q2)*cFT(nu13,XX,i2,iufo11)*cFT(g7,XX,
      iufo11,j11)*flavourTag(fmu,j11,j12)*Vec(nu10,q2)*Vec(nu16,-q3)*Vec(nu9,
      -q2)*Vec(nu9,q3)*Vec(nu14,q2)*Vecr(nu13,p3)*Vecr(nu14,p3)*Den(p3 - q2 - 
      q3)^2*Deng(p3,xiw,M3)^2*Deng(q2 + q3,xiw,M3)^2*xiw*ufoGC58^2*ufoGC3*
      ufoGC4
       + 1/4*g_(1,6_,nu10)*g_(2,nu16,q2)*cFT(nu13,XX,i2,iufo11)*cFT(g7,XX,
      iufo11,j11)*flavourTag(fmu,j11,j12)*Vec(nu10,q2)*Vec(nu16,-q3)*Vec(nu9,
      -q2)*Vec(nu9,q3)*Vec(nu14,q3)*Vecr(nu13,p3)*Vecr(nu14,p3)*Den(p3 - q2 - 
      q3)^2*Deng(p3,xiw,M3)^2*Deng(q2 + q3,xiw,M3)^2*xia*xiw*ufoGC58^2*ufoGC3*
      ufoGC4
       - 1/4*g_(1,6_,nu10)*g_(2,nu16,q2)*cFT(nu13,XX,i2,iufo11)*cFT(g7,XX,
      iufo11,j11)*flavourTag(fmu,j11,j12)*Vec(nu10,q2)*Vec(nu16,-q3)*Vec(nu9,
      -q2)*Vec(nu9,q3)*Vec(nu14,q3)*Vecr(nu13,p3)*Vecr(nu14,p3)*Den(p3 - q2 - 
      q3)^2*Deng(p3,xiw,M3)^2*Deng(q2 + q3,xiw,M3)^2*xiw*ufoGC58^2*ufoGC3*
      ufoGC4
       + 1/4*g_(1,6_,nu10)*g_(2,nu16,q2)*cFT(nu13,XX,i2,iufo11)*cFT(g7,XX,
      iufo11,j11)*flavourTag(fmu,j11,j12)*Vec(nu10,q2)*Vec(nu16,-q3)*Vec(nu9,
      -q3)*Vec(nu9,q2)*Vec(nu14,q2)*Vecr(nu13,p3)*Vecr(nu14,p3)*Den(p3 - q2 - 
      q3)^2*Deng(p3,xiw,M3)^2*Deng(q2 + q3,xiw,M3)^2*xia*xiw*ufoGC58^2*ufoGC3*
      ufoGC4
       - 1/4*g_(1,6_,nu10)*g_(2,nu16,q2)*cFT(nu13,XX,i2,iufo11)*cFT(g7,XX,
      iufo11,j11)*flavourTag(fmu,j11,j12)*Vec(nu10,q2)*Vec(nu16,-q3)*Vec(nu9,
      -q3)*Vec(nu9,q2)*Vec(nu14,q2)*Vecr(nu13,p3)*Vecr(nu14,p3)*Den(p3 - q2 - 
      q3)^2*Deng(p3,xiw,M3)^2*Deng(q2 + q3,xiw,M3)^2*xiw*ufoGC58^2*ufoGC3*
      ufoGC4
       + 1/4*g_(1,6_,nu10)*g_(2,nu16,q2)*cFT(nu13,XX,i2,iufo11)*cFT(g7,XX,
      iufo11,j11)*flavourTag(fmu,j11,j12)*Vec(nu10,q2)*Vec(nu16,-q3)*Vec(nu9,
      -q3)*Vec(nu9,q2)*Vec(nu14,q3)*Vecr(nu13,p3)*Vecr(nu14,p3)*Den(p3 - q2 - 
      q3)^2*Deng(p3,xiw,M3)^2*Deng(q2 + q3,xiw,M3)^2*xia*xiw*ufoGC58^2*ufoGC3*
      ufoGC4
       - 1/4*g_(1,6_,nu10)*g_(2,nu16,q2)*cFT(nu13,XX,i2,iufo11)*cFT(g7,XX,
      iufo11,j11)*flavourTag(fmu,j11,j12)*Vec(nu10,q2)*Vec(nu16,-q3)*Vec(nu9,
      -q3)*Vec(nu9,q2)*Vec(nu14,q3)*Vecr(nu13,p3)*Vecr(nu14,p3)*Den(p3 - q2 - 
      q3)^2*Deng(p3,xiw,M3)^2*Deng(q2 + q3,xiw,M3)^2*xiw*ufoGC58^2*ufoGC3*
      ufoGC4
       + 1/4*g_(1,6_,nu10)*g_(2,nu16,q2)*cFT(nu13,XX,i2,iufo11)*cFT(g7,XX,
      iufo11,j11)*flavourTag(fmu,j11,j12)*Vec(nu10,q2)*Vec(nu16,-q3)*Vec(nu9,
      -q3)*Vec(nu9,q3)*Vec(nu14,q2)*Vecr(nu13,p3)*Vecr(nu14,p3)*Den(p3 - q2 - 
      q3)^2*Deng(p3,xiw,M3)^2*Deng(q2 + q3,xiw,M3)^2*xia*xiw*ufoGC58^2*ufoGC3*
      ufoGC4
       - 1/4*g_(1,6_,nu10)*g_(2,nu16,q2)*cFT(nu13,XX,i2,iufo11)*cFT(g7,XX,
      iufo11,j11)*flavourTag(fmu,j11,j12)*Vec(nu10,q2)*Vec(nu16,-q3)*Vec(nu9,
      -q3)*Vec(nu9,q3)*Vec(nu14,q2)*Vecr(nu13,p3)*Vecr(nu14,p3)*Den(p3 - q2 - 
      q3)^2*Deng(p3,xiw,M3)^2*Deng(q2 + q3,xiw,M3)^2*xiw*ufoGC58^2*ufoGC3*
      ufoGC4
       + 1/4*g_(1,6_,nu10)*g_(2,nu16,q2)*cFT(nu13,XX,i2,iufo11)*cFT(g7,XX,
      iufo11,j11)*flavourTag(fmu,j11,j12)*Vec(nu10,q2)*Vec(nu16,-q3)*Vec(nu9,
      -q3)*Vec(nu9,q3)*Vec(nu14,q3)*Vecr(nu13,p3)*Vecr(nu14,p3)*Den(p3 - q2 - 
      q3)^2*Deng(p3,xiw,M3)^2*Deng(q2 + q3,xiw,M3)^2*xia*xiw*ufoGC58^2*ufoGC3*
      ufoGC4
       - 1/4*g_(1,6_,nu10)*g_(2,nu16,q2)*cFT(nu13,XX,i2,iufo11)*cFT(g7,XX,
      iufo11,j11)*flavourTag(fmu,j11,j12)*Vec(nu10,q2)*Vec(nu16,-q3)*Vec(nu9,
      -q3)*Vec(nu9,q3)*Vec(nu14,q3)*Vecr(nu13,p3)*Vecr(nu14,p3)*Den(p3 - q2 - 
      q3)^2*Deng(p3,xiw,M3)^2*Deng(q2 + q3,xiw,M3)^2*xiw*ufoGC58^2*ufoGC3*
      ufoGC4
       - 1/4*g_(1,6_,nu10)*g_(2,nu16,q2)*cFT(nu13,XX,i2,iufo11)*cFT(g7,XX,
      iufo11,j11)*flavourTag(fmu,j11,j12)*Vec(nu10,q2)*Vec(nu16,-q3)*Vec(nu14,
      q2)*Vec(nu15,q2)*Vecr(nu13,p3)*Vecr(nu14,p3)*Vecr(nu15,p3)*Den(p3 - q2
       - q3)^2*Deng(p3,xiw,M3)^2*Deng(q2 + q3,xiw,M3)^2*xia*xiw*ufoGC58^2*
      ufoGC3*ufoGC4
       + 1/4*g_(1,6_,nu10)*g_(2,nu16,q2)*cFT(nu13,XX,i2,iufo11)*cFT(g7,XX,
      iufo11,j11)*flavourTag(fmu,j11,j12)*Vec(nu10,q2)*Vec(nu16,-q3)*Vec(nu14,
      q2)*Vec(nu15,q2)*Vecr(nu13,p3)*Vecr(nu14,p3)*Vecr(nu15,p3)*Den(p3 - q2
       - q3)^2*Deng(p3,xiw,M3)^2*Deng(q2 + q3,xiw,M3)^2*xiw*ufoGC58^2*ufoGC3*
      ufoGC4
       - 1/4*g_(1,6_,nu10)*g_(2,nu16,q2)*cFT(nu13,XX,i2,iufo11)*cFT(g7,XX,
      iufo11,j11)*flavourTag(fmu,j11,j12)*Vec(nu10,q2)*Vec(nu16,-q3)*Vec(nu14,
      q2)*Vec(nu15,q3)*Vecr(nu13,p3)*Vecr(nu14,p3)*Vecr(nu15,p3)*Den(p3 - q2
       - q3)^2*Deng(p3,xiw,M3)^2*Deng(q2 + q3,xiw,M3)^2*xia*xiw*ufoGC58^2*
      ufoGC3*ufoGC4
       + 1/4*g_(1,6_,nu10)*g_(2,nu16,q2)*cFT(nu13,XX,i2,iufo11)*cFT(g7,XX,
      iufo11,j11)*flavourTag(fmu,j11,j12)*Vec(nu10,q2)*Vec(nu16,-q3)*Vec(nu14,
      q2)*Vec(nu15,q3)*Vecr(nu13,p3)*Vecr(nu14,p3)*Vecr(nu15,p3)*Den(p3 - q2
       - q3)^2*Deng(p3,xiw,M3)^2*Deng(q2 + q3,xiw,M3)^2*xiw*ufoGC58^2*ufoGC3*
      ufoGC4
       + 1/4*g_(1,6_,nu10)*g_(2,nu16,q2)*cFT(nu13,XX,i2,iufo11)*cFT(g7,XX,
      iufo11,j11)*flavourTag(fmu,j11,j12)*Vec(nu10,q2)*Vec(nu16,-q3)*Vec(nu14,
      q2)*Vec(nu15,-p3)*Vec(nu15,-q2)*Vecr(nu13,p3)*Vecr(nu14,p3)*Den(p3 - q2
       - q3)^2*Deng(p3,xiw,M3)^2*Deng(q2 + q3,xiw,M3)^2*xia*xiw*ufoGC58^2*
      ufoGC3*ufoGC4
       - 1/4*g_(1,6_,nu10)*g_(2,nu16,q2)*cFT(nu13,XX,i2,iufo11)*cFT(g7,XX,
      iufo11,j11)*flavourTag(fmu,j11,j12)*Vec(nu10,q2)*Vec(nu16,-q3)*Vec(nu14,
      q2)*Vec(nu15,-p3)*Vec(nu15,-q2)*Vecr(nu13,p3)*Vecr(nu14,p3)*Den(p3 - q2
       - q3)^2*Deng(p3,xiw,M3)^2*Deng(q2 + q3,xiw,M3)^2*xiw*ufoGC58^2*ufoGC3*
      ufoGC4
       + 1/4*g_(1,6_,nu10)*g_(2,nu16,q2)*cFT(nu13,XX,i2,iufo11)*cFT(g7,XX,
      iufo11,j11)*flavourTag(fmu,j11,j12)*Vec(nu10,q2)*Vec(nu16,-q3)*Vec(nu14,
      q2)*Vec(nu15,-p3)*Vec(nu15,-q3)*Vecr(nu13,p3)*Vecr(nu14,p3)*Den(p3 - q2
       - q3)^2*Deng(p3,xiw,M3)^2*Deng(q2 + q3,xiw,M3)^2*xia*xiw*ufoGC58^2*
      ufoGC3*ufoGC4
       - 1/4*g_(1,6_,nu10)*g_(2,nu16,q2)*cFT(nu13,XX,i2,iufo11)*cFT(g7,XX,
      iufo11,j11)*flavourTag(fmu,j11,j12)*Vec(nu10,q2)*Vec(nu16,-q3)*Vec(nu14,
      q2)*Vec(nu15,-p3)*Vec(nu15,-q3)*Vecr(nu13,p3)*Vecr(nu14,p3)*Den(p3 - q2
       - q3)^2*Deng(p3,xiw,M3)^2*Deng(q2 + q3,xiw,M3)^2*xiw*ufoGC58^2*ufoGC3*
      ufoGC4
       + 1/4*g_(1,6_,nu10)*g_(2,nu16,q2)*cFT(nu13,XX,i2,iufo11)*cFT(g7,XX,
      iufo11,j11)*flavourTag(fmu,j11,j12)*Vec(nu10,q2)*Vec(nu16,-q3)*Vec(nu14,
      q2)*Vec(nu15,-p3)*Vecr(nu13,p3)*Vecr(nu14,p3)*Vecr(nu15,p3)*Den(p3 - q2
       - q3)^2*Deng(p3,xiw,M3)^2*Deng(q2 + q3,xiw,M3)^2*xia*xiw*ufoGC58^2*
      ufoGC3*ufoGC4
       - 1/4*g_(1,6_,nu10)*g_(2,nu16,q2)*cFT(nu13,XX,i2,iufo11)*cFT(g7,XX,
      iufo11,j11)*flavourTag(fmu,j11,j12)*Vec(nu10,q2)*Vec(nu16,-q3)*Vec(nu14,
      q2)*Vec(nu15,-p3)*Vecr(nu13,p3)*Vecr(nu14,p3)*Vecr(nu15,p3)*Den(p3 - q2
       - q3)^2*Deng(p3,xiw,M3)^2*Deng(q2 + q3,xiw,M3)^2*xiw*ufoGC58^2*ufoGC3*
      ufoGC4
       - 1/4*g_(1,6_,nu10)*g_(2,nu16,q2)*cFT(nu13,XX,i2,iufo11)*cFT(g7,XX,
      iufo11,j11)*flavourTag(fmu,j11,j12)*Vec(nu10,q2)*Vec(nu16,-q3)*Vec(nu14,
      q2)*Vec(nu15,-q2)*Vec(nu15,q2)*Vecr(nu13,p3)*Vecr(nu14,p3)*Den(p3 - q2
       - q3)^2*Deng(p3,xiw,M3)^2*Deng(q2 + q3,xiw,M3)^2*xia*xiw*ufoGC58^2*
      ufoGC3*ufoGC4
       + 1/4*g_(1,6_,nu10)*g_(2,nu16,q2)*cFT(nu13,XX,i2,iufo11)*cFT(g7,XX,
      iufo11,j11)*flavourTag(fmu,j11,j12)*Vec(nu10,q2)*Vec(nu16,-q3)*Vec(nu14,
      q2)*Vec(nu15,-q2)*Vec(nu15,q2)*Vecr(nu13,p3)*Vecr(nu14,p3)*Den(p3 - q2
       - q3)^2*Deng(p3,xiw,M3)^2*Deng(q2 + q3,xiw,M3)^2*xiw*ufoGC58^2*ufoGC3*
      ufoGC4
       - 1/4*g_(1,6_,nu10)*g_(2,nu16,q2)*cFT(nu13,XX,i2,iufo11)*cFT(g7,XX,
      iufo11,j11)*flavourTag(fmu,j11,j12)*Vec(nu10,q2)*Vec(nu16,-q3)*Vec(nu14,
      q2)*Vec(nu15,-q2)*Vec(nu15,q3)*Vecr(nu13,p3)*Vecr(nu14,p3)*Den(p3 - q2
       - q3)^2*Deng(p3,xiw,M3)^2*Deng(q2 + q3,xiw,M3)^2*xia*xiw*ufoGC58^2*
      ufoGC3*ufoGC4
       + 1/4*g_(1,6_,nu10)*g_(2,nu16,q2)*cFT(nu13,XX,i2,iufo11)*cFT(g7,XX,
      iufo11,j11)*flavourTag(fmu,j11,j12)*Vec(nu10,q2)*Vec(nu16,-q3)*Vec(nu14,
      q2)*Vec(nu15,-q2)*Vec(nu15,q3)*Vecr(nu13,p3)*Vecr(nu14,p3)*Den(p3 - q2
       - q3)^2*Deng(p3,xiw,M3)^2*Deng(q2 + q3,xiw,M3)^2*xiw*ufoGC58^2*ufoGC3*
      ufoGC4
       - 1/4*g_(1,6_,nu10)*g_(2,nu16,q2)*cFT(nu13,XX,i2,iufo11)*cFT(g7,XX,
      iufo11,j11)*flavourTag(fmu,j11,j12)*Vec(nu10,q2)*Vec(nu16,-q3)*Vec(nu14,
      q2)*Vec(nu15,-q3)*Vec(nu15,q2)*Vecr(nu13,p3)*Vecr(nu14,p3)*Den(p3 - q2
       - q3)^2*Deng(p3,xiw,M3)^2*Deng(q2 + q3,xiw,M3)^2*xia*xiw*ufoGC58^2*
      ufoGC3*ufoGC4
       + 1/4*g_(1,6_,nu10)*g_(2,nu16,q2)*cFT(nu13,XX,i2,iufo11)*cFT(g7,XX,
      iufo11,j11)*flavourTag(fmu,j11,j12)*Vec(nu10,q2)*Vec(nu16,-q3)*Vec(nu14,
      q2)*Vec(nu15,-q3)*Vec(nu15,q2)*Vecr(nu13,p3)*Vecr(nu14,p3)*Den(p3 - q2
       - q3)^2*Deng(p3,xiw,M3)^2*Deng(q2 + q3,xiw,M3)^2*xiw*ufoGC58^2*ufoGC3*
      ufoGC4
       - 1/4*g_(1,6_,nu10)*g_(2,nu16,q2)*cFT(nu13,XX,i2,iufo11)*cFT(g7,XX,
      iufo11,j11)*flavourTag(fmu,j11,j12)*Vec(nu10,q2)*Vec(nu16,-q3)*Vec(nu14,
      q2)*Vec(nu15,-q3)*Vec(nu15,q3)*Vecr(nu13,p3)*Vecr(nu14,p3)*Den(p3 - q2
       - q3)^2*Deng(p3,xiw,M3)^2*Deng(q2 + q3,xiw,M3)^2*xia*xiw*ufoGC58^2*
      ufoGC3*ufoGC4
       + 1/4*g_(1,6_,nu10)*g_(2,nu16,q2)*cFT(nu13,XX,i2,iufo11)*cFT(g7,XX,
      iufo11,j11)*flavourTag(fmu,j11,j12)*Vec(nu10,q2)*Vec(nu16,-q3)*Vec(nu14,
      q2)*Vec(nu15,-q3)*Vec(nu15,q3)*Vecr(nu13,p3)*Vecr(nu14,p3)*Den(p3 - q2
       - q3)^2*Deng(p3,xiw,M3)^2*Deng(q2 + q3,xiw,M3)^2*xiw*ufoGC58^2*ufoGC3*
      ufoGC4
       - 1/4*g_(1,6_,nu10)*g_(2,nu16,q2)*cFT(nu13,XX,i2,iufo11)*cFT(g7,XX,
      iufo11,j11)*flavourTag(fmu,j11,j12)*Vec(nu10,q2)*Vec(nu16,-q3)*Vec(nu14,
      q3)*Vec(nu15,q2)*Vecr(nu13,p3)*Vecr(nu14,p3)*Vecr(nu15,p3)*Den(p3 - q2
       - q3)^2*Deng(p3,xiw,M3)^2*Deng(q2 + q3,xiw,M3)^2*xia*xiw*ufoGC58^2*
      ufoGC3*ufoGC4
       + 1/4*g_(1,6_,nu10)*g_(2,nu16,q2)*cFT(nu13,XX,i2,iufo11)*cFT(g7,XX,
      iufo11,j11)*flavourTag(fmu,j11,j12)*Vec(nu10,q2)*Vec(nu16,-q3)*Vec(nu14,
      q3)*Vec(nu15,q2)*Vecr(nu13,p3)*Vecr(nu14,p3)*Vecr(nu15,p3)*Den(p3 - q2
       - q3)^2*Deng(p3,xiw,M3)^2*Deng(q2 + q3,xiw,M3)^2*xiw*ufoGC58^2*ufoGC3*
      ufoGC4
       - 1/4*g_(1,6_,nu10)*g_(2,nu16,q2)*cFT(nu13,XX,i2,iufo11)*cFT(g7,XX,
      iufo11,j11)*flavourTag(fmu,j11,j12)*Vec(nu10,q2)*Vec(nu16,-q3)*Vec(nu14,
      q3)*Vec(nu15,q3)*Vecr(nu13,p3)*Vecr(nu14,p3)*Vecr(nu15,p3)*Den(p3 - q2
       - q3)^2*Deng(p3,xiw,M3)^2*Deng(q2 + q3,xiw,M3)^2*xia*xiw*ufoGC58^2*
      ufoGC3*ufoGC4
       + 1/4*g_(1,6_,nu10)*g_(2,nu16,q2)*cFT(nu13,XX,i2,iufo11)*cFT(g7,XX,
      iufo11,j11)*flavourTag(fmu,j11,j12)*Vec(nu10,q2)*Vec(nu16,-q3)*Vec(nu14,
      q3)*Vec(nu15,q3)*Vecr(nu13,p3)*Vecr(nu14,p3)*Vecr(nu15,p3)*Den(p3 - q2
       - q3)^2*Deng(p3,xiw,M3)^2*Deng(q2 + q3,xiw,M3)^2*xiw*ufoGC58^2*ufoGC3*
      ufoGC4
       + 1/4*g_(1,6_,nu10)*g_(2,nu16,q2)*cFT(nu13,XX,i2,iufo11)*cFT(g7,XX,
      iufo11,j11)*flavourTag(fmu,j11,j12)*Vec(nu10,q2)*Vec(nu16,-q3)*Vec(nu14,
      q3)*Vec(nu15,-p3)*Vec(nu15,-q2)*Vecr(nu13,p3)*Vecr(nu14,p3)*Den(p3 - q2
       - q3)^2*Deng(p3,xiw,M3)^2*Deng(q2 + q3,xiw,M3)^2*xia*xiw*ufoGC58^2*
      ufoGC3*ufoGC4
       - 1/4*g_(1,6_,nu10)*g_(2,nu16,q2)*cFT(nu13,XX,i2,iufo11)*cFT(g7,XX,
      iufo11,j11)*flavourTag(fmu,j11,j12)*Vec(nu10,q2)*Vec(nu16,-q3)*Vec(nu14,
      q3)*Vec(nu15,-p3)*Vec(nu15,-q2)*Vecr(nu13,p3)*Vecr(nu14,p3)*Den(p3 - q2
       - q3)^2*Deng(p3,xiw,M3)^2*Deng(q2 + q3,xiw,M3)^2*xiw*ufoGC58^2*ufoGC3*
      ufoGC4
       + 1/4*g_(1,6_,nu10)*g_(2,nu16,q2)*cFT(nu13,XX,i2,iufo11)*cFT(g7,XX,
      iufo11,j11)*flavourTag(fmu,j11,j12)*Vec(nu10,q2)*Vec(nu16,-q3)*Vec(nu14,
      q3)*Vec(nu15,-p3)*Vec(nu15,-q3)*Vecr(nu13,p3)*Vecr(nu14,p3)*Den(p3 - q2
       - q3)^2*Deng(p3,xiw,M3)^2*Deng(q2 + q3,xiw,M3)^2*xia*xiw*ufoGC58^2*
      ufoGC3*ufoGC4
       - 1/4*g_(1,6_,nu10)*g_(2,nu16,q2)*cFT(nu13,XX,i2,iufo11)*cFT(g7,XX,
      iufo11,j11)*flavourTag(fmu,j11,j12)*Vec(nu10,q2)*Vec(nu16,-q3)*Vec(nu14,
      q3)*Vec(nu15,-p3)*Vec(nu15,-q3)*Vecr(nu13,p3)*Vecr(nu14,p3)*Den(p3 - q2
       - q3)^2*Deng(p3,xiw,M3)^2*Deng(q2 + q3,xiw,M3)^2*xiw*ufoGC58^2*ufoGC3*
      ufoGC4
       + 1/4*g_(1,6_,nu10)*g_(2,nu16,q2)*cFT(nu13,XX,i2,iufo11)*cFT(g7,XX,
      iufo11,j11)*flavourTag(fmu,j11,j12)*Vec(nu10,q2)*Vec(nu16,-q3)*Vec(nu14,
      q3)*Vec(nu15,-p3)*Vecr(nu13,p3)*Vecr(nu14,p3)*Vecr(nu15,p3)*Den(p3 - q2
       - q3)^2*Deng(p3,xiw,M3)^2*Deng(q2 + q3,xiw,M3)^2*xia*xiw*ufoGC58^2*
      ufoGC3*ufoGC4
       - 1/4*g_(1,6_,nu10)*g_(2,nu16,q2)*cFT(nu13,XX,i2,iufo11)*cFT(g7,XX,
      iufo11,j11)*flavourTag(fmu,j11,j12)*Vec(nu10,q2)*Vec(nu16,-q3)*Vec(nu14,
      q3)*Vec(nu15,-p3)*Vecr(nu13,p3)*Vecr(nu14,p3)*Vecr(nu15,p3)*Den(p3 - q2
       - q3)^2*Deng(p3,xiw,M3)^2*Deng(q2 + q3,xiw,M3)^2*xiw*ufoGC58^2*ufoGC3*
      ufoGC4
       - 1/4*g_(1,6_,nu10)*g_(2,nu16,q2)*cFT(nu13,XX,i2,iufo11)*cFT(g7,XX,
      iufo11,j11)*flavourTag(fmu,j11,j12)*Vec(nu10,q2)*Vec(nu16,-q3)*Vec(nu14,
      q3)*Vec(nu15,-q2)*Vec(nu15,q2)*Vecr(nu13,p3)*Vecr(nu14,p3)*Den(p3 - q2
       - q3)^2*Deng(p3,xiw,M3)^2*Deng(q2 + q3,xiw,M3)^2*xia*xiw*ufoGC58^2*
      ufoGC3*ufoGC4
       + 1/4*g_(1,6_,nu10)*g_(2,nu16,q2)*cFT(nu13,XX,i2,iufo11)*cFT(g7,XX,
      iufo11,j11)*flavourTag(fmu,j11,j12)*Vec(nu10,q2)*Vec(nu16,-q3)*Vec(nu14,
      q3)*Vec(nu15,-q2)*Vec(nu15,q2)*Vecr(nu13,p3)*Vecr(nu14,p3)*Den(p3 - q2
       - q3)^2*Deng(p3,xiw,M3)^2*Deng(q2 + q3,xiw,M3)^2*xiw*ufoGC58^2*ufoGC3*
      ufoGC4
       - 1/4*g_(1,6_,nu10)*g_(2,nu16,q2)*cFT(nu13,XX,i2,iufo11)*cFT(g7,XX,
      iufo11,j11)*flavourTag(fmu,j11,j12)*Vec(nu10,q2)*Vec(nu16,-q3)*Vec(nu14,
      q3)*Vec(nu15,-q2)*Vec(nu15,q3)*Vecr(nu13,p3)*Vecr(nu14,p3)*Den(p3 - q2
       - q3)^2*Deng(p3,xiw,M3)^2*Deng(q2 + q3,xiw,M3)^2*xia*xiw*ufoGC58^2*
      ufoGC3*ufoGC4
       + 1/4*g_(1,6_,nu10)*g_(2,nu16,q2)*cFT(nu13,XX,i2,iufo11)*cFT(g7,XX,
      iufo11,j11)*flavourTag(fmu,j11,j12)*Vec(nu10,q2)*Vec(nu16,-q3)*Vec(nu14,
      q3)*Vec(nu15,-q2)*Vec(nu15,q3)*Vecr(nu13,p3)*Vecr(nu14,p3)*Den(p3 - q2
       - q3)^2*Deng(p3,xiw,M3)^2*Deng(q2 + q3,xiw,M3)^2*xiw*ufoGC58^2*ufoGC3*
      ufoGC4
       - 1/4*g_(1,6_,nu10)*g_(2,nu16,q2)*cFT(nu13,XX,i2,iufo11)*cFT(g7,XX,
      iufo11,j11)*flavourTag(fmu,j11,j12)*Vec(nu10,q2)*Vec(nu16,-q3)*Vec(nu14,
      q3)*Vec(nu15,-q3)*Vec(nu15,q2)*Vecr(nu13,p3)*Vecr(nu14,p3)*Den(p3 - q2
       - q3)^2*Deng(p3,xiw,M3)^2*Deng(q2 + q3,xiw,M3)^2*xia*xiw*ufoGC58^2*
      ufoGC3*ufoGC4
       + 1/4*g_(1,6_,nu10)*g_(2,nu16,q2)*cFT(nu13,XX,i2,iufo11)*cFT(g7,XX,
      iufo11,j11)*flavourTag(fmu,j11,j12)*Vec(nu10,q2)*Vec(nu16,-q3)*Vec(nu14,
      q3)*Vec(nu15,-q3)*Vec(nu15,q2)*Vecr(nu13,p3)*Vecr(nu14,p3)*Den(p3 - q2
       - q3)^2*Deng(p3,xiw,M3)^2*Deng(q2 + q3,xiw,M3)^2*xiw*ufoGC58^2*ufoGC3*
      ufoGC4
       - 1/4*g_(1,6_,nu10)*g_(2,nu16,q2)*cFT(nu13,XX,i2,iufo11)*cFT(g7,XX,
      iufo11,j11)*flavourTag(fmu,j11,j12)*Vec(nu10,q2)*Vec(nu16,-q3)*Vec(nu14,
      q3)*Vec(nu15,-q3)*Vec(nu15,q3)*Vecr(nu13,p3)*Vecr(nu14,p3)*Den(p3 - q2
       - q3)^2*Deng(p3,xiw,M3)^2*Deng(q2 + q3,xiw,M3)^2*xia*xiw*ufoGC58^2*
      ufoGC3*ufoGC4
       + 1/4*g_(1,6_,nu10)*g_(2,nu16,q2)*cFT(nu13,XX,i2,iufo11)*cFT(g7,XX,
      iufo11,j11)*flavourTag(fmu,j11,j12)*Vec(nu10,q2)*Vec(nu16,-q3)*Vec(nu14,
      q3)*Vec(nu15,-q3)*Vec(nu15,q3)*Vecr(nu13,p3)*Vecr(nu14,p3)*Den(p3 - q2
       - q3)^2*Deng(p3,xiw,M3)^2*Deng(q2 + q3,xiw,M3)^2*xiw*ufoGC58^2*ufoGC3*
      ufoGC4
       - 1/4*g_(1,6_,nu10)*g_(2,nu16,q2)*cFT(nu13,XX,i2,iufo11)*cFT(g7,XX,
      iufo11,j11)*flavourTag(fmu,j11,j12)*Vec(nu10,q2)*Vec(nu9,-p3)*Vec(nu9,q2
      )*Vec(nu14,-q2)*Vecr(nu16,p3)*Vecr(nu13,p3)*Vecr(nu14,p3)*Den(p3 - q2 - 
      q3)^2*Deng(p3,xiw,M3)^2*Deng(q2 + q3,xiw,M3)^2*xia*xiw*ufoGC58^2*ufoGC3*
      ufoGC4
       + 1/4*g_(1,6_,nu10)*g_(2,nu16,q2)*cFT(nu13,XX,i2,iufo11)*cFT(g7,XX,
      iufo11,j11)*flavourTag(fmu,j11,j12)*Vec(nu10,q2)*Vec(nu9,-p3)*Vec(nu9,q2
      )*Vec(nu14,-q2)*Vecr(nu16,p3)*Vecr(nu13,p3)*Vecr(nu14,p3)*Den(p3 - q2 - 
      q3)^2*Deng(p3,xiw,M3)^2*Deng(q2 + q3,xiw,M3)^2*xiw*ufoGC58^2*ufoGC3*
      ufoGC4
       - 1/4*g_(1,6_,nu10)*g_(2,nu16,q2)*cFT(nu13,XX,i2,iufo11)*cFT(g7,XX,
      iufo11,j11)*flavourTag(fmu,j11,j12)*Vec(nu10,q2)*Vec(nu9,-p3)*Vec(nu9,q2
      )*Vec(nu14,-q3)*Vecr(nu16,p3)*Vecr(nu13,p3)*Vecr(nu14,p3)*Den(p3 - q2 - 
      q3)^2*Deng(p3,xiw,M3)^2*Deng(q2 + q3,xiw,M3)^2*xia*xiw*ufoGC58^2*ufoGC3*
      ufoGC4
       + 1/4*g_(1,6_,nu10)*g_(2,nu16,q2)*cFT(nu13,XX,i2,iufo11)*cFT(g7,XX,
      iufo11,j11)*flavourTag(fmu,j11,j12)*Vec(nu10,q2)*Vec(nu9,-p3)*Vec(nu9,q2
      )*Vec(nu14,-q3)*Vecr(nu16,p3)*Vecr(nu13,p3)*Vecr(nu14,p3)*Den(p3 - q2 - 
      q3)^2*Deng(p3,xiw,M3)^2*Deng(q2 + q3,xiw,M3)^2*xiw*ufoGC58^2*ufoGC3*
      ufoGC4
       - 1/4*g_(1,6_,nu10)*g_(2,nu16,q2)*cFT(nu13,XX,i2,iufo11)*cFT(g7,XX,
      iufo11,j11)*flavourTag(fmu,j11,j12)*Vec(nu10,q2)*Vec(nu9,-p3)*Vec(nu9,q2
      )*Vecr(nu16,p3)*Vecr(nu13,p3)*Den(p3 - q2 - q3)^2*Deng(p3,xiw,M3)^2*
      Deng(q2 + q3,xiw,M3)^2*p3.p3*xia*xiw*ufoGC58^2*ufoGC3*ufoGC4
       + 1/4*g_(1,6_,nu10)*g_(2,nu16,q2)*cFT(nu13,XX,i2,iufo11)*cFT(g7,XX,
      iufo11,j11)*flavourTag(fmu,j11,j12)*Vec(nu10,q2)*Vec(nu9,-p3)*Vec(nu9,q2
      )*Vecr(nu16,p3)*Vecr(nu13,p3)*Den(p3 - q2 - q3)^2*Deng(p3,xiw,M3)^2*
      Deng(q2 + q3,xiw,M3)^2*p3.p3*xiw*ufoGC58^2*ufoGC3*ufoGC4
       - 1/4*g_(1,6_,nu10)*g_(2,nu16,q2)*cFT(nu13,XX,i2,iufo11)*cFT(g7,XX,
      iufo11,j11)*flavourTag(fmu,j11,j12)*Vec(nu10,q2)*Vec(nu9,-p3)*Vec(nu9,q3
      )*Vec(nu14,-q2)*Vecr(nu16,p3)*Vecr(nu13,p3)*Vecr(nu14,p3)*Den(p3 - q2 - 
      q3)^2*Deng(p3,xiw,M3)^2*Deng(q2 + q3,xiw,M3)^2*xia*xiw*ufoGC58^2*ufoGC3*
      ufoGC4
       + 1/4*g_(1,6_,nu10)*g_(2,nu16,q2)*cFT(nu13,XX,i2,iufo11)*cFT(g7,XX,
      iufo11,j11)*flavourTag(fmu,j11,j12)*Vec(nu10,q2)*Vec(nu9,-p3)*Vec(nu9,q3
      )*Vec(nu14,-q2)*Vecr(nu16,p3)*Vecr(nu13,p3)*Vecr(nu14,p3)*Den(p3 - q2 - 
      q3)^2*Deng(p3,xiw,M3)^2*Deng(q2 + q3,xiw,M3)^2*xiw*ufoGC58^2*ufoGC3*
      ufoGC4
       - 1/4*g_(1,6_,nu10)*g_(2,nu16,q2)*cFT(nu13,XX,i2,iufo11)*cFT(g7,XX,
      iufo11,j11)*flavourTag(fmu,j11,j12)*Vec(nu10,q2)*Vec(nu9,-p3)*Vec(nu9,q3
      )*Vec(nu14,-q3)*Vecr(nu16,p3)*Vecr(nu13,p3)*Vecr(nu14,p3)*Den(p3 - q2 - 
      q3)^2*Deng(p3,xiw,M3)^2*Deng(q2 + q3,xiw,M3)^2*xia*xiw*ufoGC58^2*ufoGC3*
      ufoGC4
       + 1/4*g_(1,6_,nu10)*g_(2,nu16,q2)*cFT(nu13,XX,i2,iufo11)*cFT(g7,XX,
      iufo11,j11)*flavourTag(fmu,j11,j12)*Vec(nu10,q2)*Vec(nu9,-p3)*Vec(nu9,q3
      )*Vec(nu14,-q3)*Vecr(nu16,p3)*Vecr(nu13,p3)*Vecr(nu14,p3)*Den(p3 - q2 - 
      q3)^2*Deng(p3,xiw,M3)^2*Deng(q2 + q3,xiw,M3)^2*xiw*ufoGC58^2*ufoGC3*
      ufoGC4
       - 1/4*g_(1,6_,nu10)*g_(2,nu16,q2)*cFT(nu13,XX,i2,iufo11)*cFT(g7,XX,
      iufo11,j11)*flavourTag(fmu,j11,j12)*Vec(nu10,q2)*Vec(nu9,-p3)*Vec(nu9,q3
      )*Vecr(nu16,p3)*Vecr(nu13,p3)*Den(p3 - q2 - q3)^2*Deng(p3,xiw,M3)^2*
      Deng(q2 + q3,xiw,M3)^2*p3.p3*xia*xiw*ufoGC58^2*ufoGC3*ufoGC4
       + 1/4*g_(1,6_,nu10)*g_(2,nu16,q2)*cFT(nu13,XX,i2,iufo11)*cFT(g7,XX,
      iufo11,j11)*flavourTag(fmu,j11,j12)*Vec(nu10,q2)*Vec(nu9,-p3)*Vec(nu9,q3
      )*Vecr(nu16,p3)*Vecr(nu13,p3)*Den(p3 - q2 - q3)^2*Deng(p3,xiw,M3)^2*
      Deng(q2 + q3,xiw,M3)^2*p3.p3*xiw*ufoGC58^2*ufoGC3*ufoGC4
       + 1/4*g_(1,6_,nu10)*g_(2,nu16,q2)*cFT(nu13,XX,i2,iufo11)*cFT(g7,XX,
      iufo11,j11)*flavourTag(fmu,j11,j12)*Vec(nu10,q2)*Vec(nu9,-q2)*Vec(nu9,q2
      )*Vec(nu14,q2)*Vecr(nu16,p3)*Vecr(nu13,p3)*Vecr(nu14,p3)*Den(p3 - q2 - 
      q3)^2*Deng(p3,xiw,M3)^2*Deng(q2 + q3,xiw,M3)^2*xia*xiw*ufoGC58^2*ufoGC3*
      ufoGC4
       - 1/4*g_(1,6_,nu10)*g_(2,nu16,q2)*cFT(nu13,XX,i2,iufo11)*cFT(g7,XX,
      iufo11,j11)*flavourTag(fmu,j11,j12)*Vec(nu10,q2)*Vec(nu9,-q2)*Vec(nu9,q2
      )*Vec(nu14,q2)*Vecr(nu16,p3)*Vecr(nu13,p3)*Vecr(nu14,p3)*Den(p3 - q2 - 
      q3)^2*Deng(p3,xiw,M3)^2*Deng(q2 + q3,xiw,M3)^2*xiw*ufoGC58^2*ufoGC3*
      ufoGC4
       + 1/4*g_(1,6_,nu10)*g_(2,nu16,q2)*cFT(nu13,XX,i2,iufo11)*cFT(g7,XX,
      iufo11,j11)*flavourTag(fmu,j11,j12)*Vec(nu10,q2)*Vec(nu9,-q2)*Vec(nu9,q2
      )*Vec(nu14,q3)*Vecr(nu16,p3)*Vecr(nu13,p3)*Vecr(nu14,p3)*Den(p3 - q2 - 
      q3)^2*Deng(p3,xiw,M3)^2*Deng(q2 + q3,xiw,M3)^2*xia*xiw*ufoGC58^2*ufoGC3*
      ufoGC4
       - 1/4*g_(1,6_,nu10)*g_(2,nu16,q2)*cFT(nu13,XX,i2,iufo11)*cFT(g7,XX,
      iufo11,j11)*flavourTag(fmu,j11,j12)*Vec(nu10,q2)*Vec(nu9,-q2)*Vec(nu9,q2
      )*Vec(nu14,q3)*Vecr(nu16,p3)*Vecr(nu13,p3)*Vecr(nu14,p3)*Den(p3 - q2 - 
      q3)^2*Deng(p3,xiw,M3)^2*Deng(q2 + q3,xiw,M3)^2*xiw*ufoGC58^2*ufoGC3*
      ufoGC4
       + 1/4*g_(1,6_,nu10)*g_(2,nu16,q2)*cFT(nu13,XX,i2,iufo11)*cFT(g7,XX,
      iufo11,j11)*flavourTag(fmu,j11,j12)*Vec(nu10,q2)*Vec(nu9,-q2)*Vec(nu9,q3
      )*Vec(nu14,q2)*Vecr(nu16,p3)*Vecr(nu13,p3)*Vecr(nu14,p3)*Den(p3 - q2 - 
      q3)^2*Deng(p3,xiw,M3)^2*Deng(q2 + q3,xiw,M3)^2*xia*xiw*ufoGC58^2*ufoGC3*
      ufoGC4
       - 1/4*g_(1,6_,nu10)*g_(2,nu16,q2)*cFT(nu13,XX,i2,iufo11)*cFT(g7,XX,
      iufo11,j11)*flavourTag(fmu,j11,j12)*Vec(nu10,q2)*Vec(nu9,-q2)*Vec(nu9,q3
      )*Vec(nu14,q2)*Vecr(nu16,p3)*Vecr(nu13,p3)*Vecr(nu14,p3)*Den(p3 - q2 - 
      q3)^2*Deng(p3,xiw,M3)^2*Deng(q2 + q3,xiw,M3)^2*xiw*ufoGC58^2*ufoGC3*
      ufoGC4
       + 1/4*g_(1,6_,nu10)*g_(2,nu16,q2)*cFT(nu13,XX,i2,iufo11)*cFT(g7,XX,
      iufo11,j11)*flavourTag(fmu,j11,j12)*Vec(nu10,q2)*Vec(nu9,-q2)*Vec(nu9,q3
      )*Vec(nu14,q3)*Vecr(nu16,p3)*Vecr(nu13,p3)*Vecr(nu14,p3)*Den(p3 - q2 - 
      q3)^2*Deng(p3,xiw,M3)^2*Deng(q2 + q3,xiw,M3)^2*xia*xiw*ufoGC58^2*ufoGC3*
      ufoGC4
       - 1/4*g_(1,6_,nu10)*g_(2,nu16,q2)*cFT(nu13,XX,i2,iufo11)*cFT(g7,XX,
      iufo11,j11)*flavourTag(fmu,j11,j12)*Vec(nu10,q2)*Vec(nu9,-q2)*Vec(nu9,q3
      )*Vec(nu14,q3)*Vecr(nu16,p3)*Vecr(nu13,p3)*Vecr(nu14,p3)*Den(p3 - q2 - 
      q3)^2*Deng(p3,xiw,M3)^2*Deng(q2 + q3,xiw,M3)^2*xiw*ufoGC58^2*ufoGC3*
      ufoGC4
       + 1/4*g_(1,6_,nu10)*g_(2,nu16,q2)*cFT(nu13,XX,i2,iufo11)*cFT(g7,XX,
      iufo11,j11)*flavourTag(fmu,j11,j12)*Vec(nu10,q2)*Vec(nu9,-q3)*Vec(nu9,q2
      )*Vec(nu14,q2)*Vecr(nu16,p3)*Vecr(nu13,p3)*Vecr(nu14,p3)*Den(p3 - q2 - 
      q3)^2*Deng(p3,xiw,M3)^2*Deng(q2 + q3,xiw,M3)^2*xia*xiw*ufoGC58^2*ufoGC3*
      ufoGC4
       - 1/4*g_(1,6_,nu10)*g_(2,nu16,q2)*cFT(nu13,XX,i2,iufo11)*cFT(g7,XX,
      iufo11,j11)*flavourTag(fmu,j11,j12)*Vec(nu10,q2)*Vec(nu9,-q3)*Vec(nu9,q2
      )*Vec(nu14,q2)*Vecr(nu16,p3)*Vecr(nu13,p3)*Vecr(nu14,p3)*Den(p3 - q2 - 
      q3)^2*Deng(p3,xiw,M3)^2*Deng(q2 + q3,xiw,M3)^2*xiw*ufoGC58^2*ufoGC3*
      ufoGC4
       + 1/4*g_(1,6_,nu10)*g_(2,nu16,q2)*cFT(nu13,XX,i2,iufo11)*cFT(g7,XX,
      iufo11,j11)*flavourTag(fmu,j11,j12)*Vec(nu10,q2)*Vec(nu9,-q3)*Vec(nu9,q2
      )*Vec(nu14,q3)*Vecr(nu16,p3)*Vecr(nu13,p3)*Vecr(nu14,p3)*Den(p3 - q2 - 
      q3)^2*Deng(p3,xiw,M3)^2*Deng(q2 + q3,xiw,M3)^2*xia*xiw*ufoGC58^2*ufoGC3*
      ufoGC4
       - 1/4*g_(1,6_,nu10)*g_(2,nu16,q2)*cFT(nu13,XX,i2,iufo11)*cFT(g7,XX,
      iufo11,j11)*flavourTag(fmu,j11,j12)*Vec(nu10,q2)*Vec(nu9,-q3)*Vec(nu9,q2
      )*Vec(nu14,q3)*Vecr(nu16,p3)*Vecr(nu13,p3)*Vecr(nu14,p3)*Den(p3 - q2 - 
      q3)^2*Deng(p3,xiw,M3)^2*Deng(q2 + q3,xiw,M3)^2*xiw*ufoGC58^2*ufoGC3*
      ufoGC4
       + 1/4*g_(1,6_,nu10)*g_(2,nu16,q2)*cFT(nu13,XX,i2,iufo11)*cFT(g7,XX,
      iufo11,j11)*flavourTag(fmu,j11,j12)*Vec(nu10,q2)*Vec(nu9,-q3)*Vec(nu9,q3
      )*Vec(nu14,q2)*Vecr(nu16,p3)*Vecr(nu13,p3)*Vecr(nu14,p3)*Den(p3 - q2 - 
      q3)^2*Deng(p3,xiw,M3)^2*Deng(q2 + q3,xiw,M3)^2*xia*xiw*ufoGC58^2*ufoGC3*
      ufoGC4
       - 1/4*g_(1,6_,nu10)*g_(2,nu16,q2)*cFT(nu13,XX,i2,iufo11)*cFT(g7,XX,
      iufo11,j11)*flavourTag(fmu,j11,j12)*Vec(nu10,q2)*Vec(nu9,-q3)*Vec(nu9,q3
      )*Vec(nu14,q2)*Vecr(nu16,p3)*Vecr(nu13,p3)*Vecr(nu14,p3)*Den(p3 - q2 - 
      q3)^2*Deng(p3,xiw,M3)^2*Deng(q2 + q3,xiw,M3)^2*xiw*ufoGC58^2*ufoGC3*
      ufoGC4
       + 1/4*g_(1,6_,nu10)*g_(2,nu16,q2)*cFT(nu13,XX,i2,iufo11)*cFT(g7,XX,
      iufo11,j11)*flavourTag(fmu,j11,j12)*Vec(nu10,q2)*Vec(nu9,-q3)*Vec(nu9,q3
      )*Vec(nu14,q3)*Vecr(nu16,p3)*Vecr(nu13,p3)*Vecr(nu14,p3)*Den(p3 - q2 - 
      q3)^2*Deng(p3,xiw,M3)^2*Deng(q2 + q3,xiw,M3)^2*xia*xiw*ufoGC58^2*ufoGC3*
      ufoGC4
       - 1/4*g_(1,6_,nu10)*g_(2,nu16,q2)*cFT(nu13,XX,i2,iufo11)*cFT(g7,XX,
      iufo11,j11)*flavourTag(fmu,j11,j12)*Vec(nu10,q2)*Vec(nu9,-q3)*Vec(nu9,q3
      )*Vec(nu14,q3)*Vecr(nu16,p3)*Vecr(nu13,p3)*Vecr(nu14,p3)*Den(p3 - q2 - 
      q3)^2*Deng(p3,xiw,M3)^2*Deng(q2 + q3,xiw,M3)^2*xiw*ufoGC58^2*ufoGC3*
      ufoGC4
       + 1/4*g_(1,6_,nu10)*g_(2,nu16,q2)*cFT(nu13,XX,i2,iufo11)*cFT(g7,XX,
      iufo11,j11)*flavourTag(fmu,j11,j12)*Vec(nu10,q2)*Vec(nu14,q2)*Vec(nu15,
      -p3)*Vec(nu15,-q2)*Vecr(nu16,p3)*Vecr(nu13,p3)*Vecr(nu14,p3)*Den(p3 - q2
       - q3)^2*Deng(p3,xiw,M3)^2*Deng(q2 + q3,xiw,M3)^2*xia*xiw*ufoGC58^2*
      ufoGC3*ufoGC4
       - 1/4*g_(1,6_,nu10)*g_(2,nu16,q2)*cFT(nu13,XX,i2,iufo11)*cFT(g7,XX,
      iufo11,j11)*flavourTag(fmu,j11,j12)*Vec(nu10,q2)*Vec(nu14,q2)*Vec(nu15,
      -p3)*Vec(nu15,-q2)*Vecr(nu16,p3)*Vecr(nu13,p3)*Vecr(nu14,p3)*Den(p3 - q2
       - q3)^2*Deng(p3,xiw,M3)^2*Deng(q2 + q3,xiw,M3)^2*xiw*ufoGC58^2*ufoGC3*
      ufoGC4
       + 1/4*g_(1,6_,nu10)*g_(2,nu16,q2)*cFT(nu13,XX,i2,iufo11)*cFT(g7,XX,
      iufo11,j11)*flavourTag(fmu,j11,j12)*Vec(nu10,q2)*Vec(nu14,q2)*Vec(nu15,
      -p3)*Vec(nu15,-q3)*Vecr(nu16,p3)*Vecr(nu13,p3)*Vecr(nu14,p3)*Den(p3 - q2
       - q3)^2*Deng(p3,xiw,M3)^2*Deng(q2 + q3,xiw,M3)^2*xia*xiw*ufoGC58^2*
      ufoGC3*ufoGC4
       - 1/4*g_(1,6_,nu10)*g_(2,nu16,q2)*cFT(nu13,XX,i2,iufo11)*cFT(g7,XX,
      iufo11,j11)*flavourTag(fmu,j11,j12)*Vec(nu10,q2)*Vec(nu14,q2)*Vec(nu15,
      -p3)*Vec(nu15,-q3)*Vecr(nu16,p3)*Vecr(nu13,p3)*Vecr(nu14,p3)*Den(p3 - q2
       - q3)^2*Deng(p3,xiw,M3)^2*Deng(q2 + q3,xiw,M3)^2*xiw*ufoGC58^2*ufoGC3*
      ufoGC4
       - 1/4*g_(1,6_,nu10)*g_(2,nu16,q2)*cFT(nu13,XX,i2,iufo11)*cFT(g7,XX,
      iufo11,j11)*flavourTag(fmu,j11,j12)*Vec(nu10,q2)*Vec(nu14,q2)*Vec(nu15,
      -q2)*Vec(nu15,q2)*Vecr(nu16,p3)*Vecr(nu13,p3)*Vecr(nu14,p3)*Den(p3 - q2
       - q3)^2*Deng(p3,xiw,M3)^2*Deng(q2 + q3,xiw,M3)^2*xia*xiw*ufoGC58^2*
      ufoGC3*ufoGC4
       + 1/4*g_(1,6_,nu10)*g_(2,nu16,q2)*cFT(nu13,XX,i2,iufo11)*cFT(g7,XX,
      iufo11,j11)*flavourTag(fmu,j11,j12)*Vec(nu10,q2)*Vec(nu14,q2)*Vec(nu15,
      -q2)*Vec(nu15,q2)*Vecr(nu16,p3)*Vecr(nu13,p3)*Vecr(nu14,p3)*Den(p3 - q2
       - q3)^2*Deng(p3,xiw,M3)^2*Deng(q2 + q3,xiw,M3)^2*xiw*ufoGC58^2*ufoGC3*
      ufoGC4
       - 1/4*g_(1,6_,nu10)*g_(2,nu16,q2)*cFT(nu13,XX,i2,iufo11)*cFT(g7,XX,
      iufo11,j11)*flavourTag(fmu,j11,j12)*Vec(nu10,q2)*Vec(nu14,q2)*Vec(nu15,
      -q2)*Vec(nu15,q3)*Vecr(nu16,p3)*Vecr(nu13,p3)*Vecr(nu14,p3)*Den(p3 - q2
       - q3)^2*Deng(p3,xiw,M3)^2*Deng(q2 + q3,xiw,M3)^2*xia*xiw*ufoGC58^2*
      ufoGC3*ufoGC4
       + 1/4*g_(1,6_,nu10)*g_(2,nu16,q2)*cFT(nu13,XX,i2,iufo11)*cFT(g7,XX,
      iufo11,j11)*flavourTag(fmu,j11,j12)*Vec(nu10,q2)*Vec(nu14,q2)*Vec(nu15,
      -q2)*Vec(nu15,q3)*Vecr(nu16,p3)*Vecr(nu13,p3)*Vecr(nu14,p3)*Den(p3 - q2
       - q3)^2*Deng(p3,xiw,M3)^2*Deng(q2 + q3,xiw,M3)^2*xiw*ufoGC58^2*ufoGC3*
      ufoGC4
       - 1/4*g_(1,6_,nu10)*g_(2,nu16,q2)*cFT(nu13,XX,i2,iufo11)*cFT(g7,XX,
      iufo11,j11)*flavourTag(fmu,j11,j12)*Vec(nu10,q2)*Vec(nu14,q2)*Vec(nu15,
      -q3)*Vec(nu15,q2)*Vecr(nu16,p3)*Vecr(nu13,p3)*Vecr(nu14,p3)*Den(p3 - q2
       - q3)^2*Deng(p3,xiw,M3)^2*Deng(q2 + q3,xiw,M3)^2*xia*xiw*ufoGC58^2*
      ufoGC3*ufoGC4
       + 1/4*g_(1,6_,nu10)*g_(2,nu16,q2)*cFT(nu13,XX,i2,iufo11)*cFT(g7,XX,
      iufo11,j11)*flavourTag(fmu,j11,j12)*Vec(nu10,q2)*Vec(nu14,q2)*Vec(nu15,
      -q3)*Vec(nu15,q2)*Vecr(nu16,p3)*Vecr(nu13,p3)*Vecr(nu14,p3)*Den(p3 - q2
       - q3)^2*Deng(p3,xiw,M3)^2*Deng(q2 + q3,xiw,M3)^2*xiw*ufoGC58^2*ufoGC3*
      ufoGC4
       - 1/4*g_(1,6_,nu10)*g_(2,nu16,q2)*cFT(nu13,XX,i2,iufo11)*cFT(g7,XX,
      iufo11,j11)*flavourTag(fmu,j11,j12)*Vec(nu10,q2)*Vec(nu14,q2)*Vec(nu15,
      -q3)*Vec(nu15,q3)*Vecr(nu16,p3)*Vecr(nu13,p3)*Vecr(nu14,p3)*Den(p3 - q2
       - q3)^2*Deng(p3,xiw,M3)^2*Deng(q2 + q3,xiw,M3)^2*xia*xiw*ufoGC58^2*
      ufoGC3*ufoGC4
       + 1/4*g_(1,6_,nu10)*g_(2,nu16,q2)*cFT(nu13,XX,i2,iufo11)*cFT(g7,XX,
      iufo11,j11)*flavourTag(fmu,j11,j12)*Vec(nu10,q2)*Vec(nu14,q2)*Vec(nu15,
      -q3)*Vec(nu15,q3)*Vecr(nu16,p3)*Vecr(nu13,p3)*Vecr(nu14,p3)*Den(p3 - q2
       - q3)^2*Deng(p3,xiw,M3)^2*Deng(q2 + q3,xiw,M3)^2*xiw*ufoGC58^2*ufoGC3*
      ufoGC4
       + 1/4*g_(1,6_,nu10)*g_(2,nu16,q2)*cFT(nu13,XX,i2,iufo11)*cFT(g7,XX,
      iufo11,j11)*flavourTag(fmu,j11,j12)*Vec(nu10,q2)*Vec(nu14,q3)*Vec(nu15,
      -p3)*Vec(nu15,-q2)*Vecr(nu16,p3)*Vecr(nu13,p3)*Vecr(nu14,p3)*Den(p3 - q2
       - q3)^2*Deng(p3,xiw,M3)^2*Deng(q2 + q3,xiw,M3)^2*xia*xiw*ufoGC58^2*
      ufoGC3*ufoGC4
       - 1/4*g_(1,6_,nu10)*g_(2,nu16,q2)*cFT(nu13,XX,i2,iufo11)*cFT(g7,XX,
      iufo11,j11)*flavourTag(fmu,j11,j12)*Vec(nu10,q2)*Vec(nu14,q3)*Vec(nu15,
      -p3)*Vec(nu15,-q2)*Vecr(nu16,p3)*Vecr(nu13,p3)*Vecr(nu14,p3)*Den(p3 - q2
       - q3)^2*Deng(p3,xiw,M3)^2*Deng(q2 + q3,xiw,M3)^2*xiw*ufoGC58^2*ufoGC3*
      ufoGC4
       + 1/4*g_(1,6_,nu10)*g_(2,nu16,q2)*cFT(nu13,XX,i2,iufo11)*cFT(g7,XX,
      iufo11,j11)*flavourTag(fmu,j11,j12)*Vec(nu10,q2)*Vec(nu14,q3)*Vec(nu15,
      -p3)*Vec(nu15,-q3)*Vecr(nu16,p3)*Vecr(nu13,p3)*Vecr(nu14,p3)*Den(p3 - q2
       - q3)^2*Deng(p3,xiw,M3)^2*Deng(q2 + q3,xiw,M3)^2*xia*xiw*ufoGC58^2*
      ufoGC3*ufoGC4
       - 1/4*g_(1,6_,nu10)*g_(2,nu16,q2)*cFT(nu13,XX,i2,iufo11)*cFT(g7,XX,
      iufo11,j11)*flavourTag(fmu,j11,j12)*Vec(nu10,q2)*Vec(nu14,q3)*Vec(nu15,
      -p3)*Vec(nu15,-q3)*Vecr(nu16,p3)*Vecr(nu13,p3)*Vecr(nu14,p3)*Den(p3 - q2
       - q3)^2*Deng(p3,xiw,M3)^2*Deng(q2 + q3,xiw,M3)^2*xiw*ufoGC58^2*ufoGC3*
      ufoGC4
       - 1/4*g_(1,6_,nu10)*g_(2,nu16,q2)*cFT(nu13,XX,i2,iufo11)*cFT(g7,XX,
      iufo11,j11)*flavourTag(fmu,j11,j12)*Vec(nu10,q2)*Vec(nu14,q3)*Vec(nu15,
      -q2)*Vec(nu15,q2)*Vecr(nu16,p3)*Vecr(nu13,p3)*Vecr(nu14,p3)*Den(p3 - q2
       - q3)^2*Deng(p3,xiw,M3)^2*Deng(q2 + q3,xiw,M3)^2*xia*xiw*ufoGC58^2*
      ufoGC3*ufoGC4
       + 1/4*g_(1,6_,nu10)*g_(2,nu16,q2)*cFT(nu13,XX,i2,iufo11)*cFT(g7,XX,
      iufo11,j11)*flavourTag(fmu,j11,j12)*Vec(nu10,q2)*Vec(nu14,q3)*Vec(nu15,
      -q2)*Vec(nu15,q2)*Vecr(nu16,p3)*Vecr(nu13,p3)*Vecr(nu14,p3)*Den(p3 - q2
       - q3)^2*Deng(p3,xiw,M3)^2*Deng(q2 + q3,xiw,M3)^2*xiw*ufoGC58^2*ufoGC3*
      ufoGC4
       - 1/4*g_(1,6_,nu10)*g_(2,nu16,q2)*cFT(nu13,XX,i2,iufo11)*cFT(g7,XX,
      iufo11,j11)*flavourTag(fmu,j11,j12)*Vec(nu10,q2)*Vec(nu14,q3)*Vec(nu15,
      -q2)*Vec(nu15,q3)*Vecr(nu16,p3)*Vecr(nu13,p3)*Vecr(nu14,p3)*Den(p3 - q2
       - q3)^2*Deng(p3,xiw,M3)^2*Deng(q2 + q3,xiw,M3)^2*xia*xiw*ufoGC58^2*
      ufoGC3*ufoGC4
       + 1/4*g_(1,6_,nu10)*g_(2,nu16,q2)*cFT(nu13,XX,i2,iufo11)*cFT(g7,XX,
      iufo11,j11)*flavourTag(fmu,j11,j12)*Vec(nu10,q2)*Vec(nu14,q3)*Vec(nu15,
      -q2)*Vec(nu15,q3)*Vecr(nu16,p3)*Vecr(nu13,p3)*Vecr(nu14,p3)*Den(p3 - q2
       - q3)^2*Deng(p3,xiw,M3)^2*Deng(q2 + q3,xiw,M3)^2*xiw*ufoGC58^2*ufoGC3*
      ufoGC4
       - 1/4*g_(1,6_,nu10)*g_(2,nu16,q2)*cFT(nu13,XX,i2,iufo11)*cFT(g7,XX,
      iufo11,j11)*flavourTag(fmu,j11,j12)*Vec(nu10,q2)*Vec(nu14,q3)*Vec(nu15,
      -q3)*Vec(nu15,q2)*Vecr(nu16,p3)*Vecr(nu13,p3)*Vecr(nu14,p3)*Den(p3 - q2
       - q3)^2*Deng(p3,xiw,M3)^2*Deng(q2 + q3,xiw,M3)^2*xia*xiw*ufoGC58^2*
      ufoGC3*ufoGC4
       + 1/4*g_(1,6_,nu10)*g_(2,nu16,q2)*cFT(nu13,XX,i2,iufo11)*cFT(g7,XX,
      iufo11,j11)*flavourTag(fmu,j11,j12)*Vec(nu10,q2)*Vec(nu14,q3)*Vec(nu15,
      -q3)*Vec(nu15,q2)*Vecr(nu16,p3)*Vecr(nu13,p3)*Vecr(nu14,p3)*Den(p3 - q2
       - q3)^2*Deng(p3,xiw,M3)^2*Deng(q2 + q3,xiw,M3)^2*xiw*ufoGC58^2*ufoGC3*
      ufoGC4
       - 1/4*g_(1,6_,nu10)*g_(2,nu16,q2)*cFT(nu13,XX,i2,iufo11)*cFT(g7,XX,
      iufo11,j11)*flavourTag(fmu,j11,j12)*Vec(nu10,q2)*Vec(nu14,q3)*Vec(nu15,
      -q3)*Vec(nu15,q3)*Vecr(nu16,p3)*Vecr(nu13,p3)*Vecr(nu14,p3)*Den(p3 - q2
       - q3)^2*Deng(p3,xiw,M3)^2*Deng(q2 + q3,xiw,M3)^2*xia*xiw*ufoGC58^2*
      ufoGC3*ufoGC4
       + 1/4*g_(1,6_,nu10)*g_(2,nu16,q2)*cFT(nu13,XX,i2,iufo11)*cFT(g7,XX,
      iufo11,j11)*flavourTag(fmu,j11,j12)*Vec(nu10,q2)*Vec(nu14,q3)*Vec(nu15,
      -q3)*Vec(nu15,q3)*Vecr(nu16,p3)*Vecr(nu13,p3)*Vecr(nu14,p3)*Den(p3 - q2
       - q3)^2*Deng(p3,xiw,M3)^2*Deng(q2 + q3,xiw,M3)^2*xiw*ufoGC58^2*ufoGC3*
      ufoGC4
       + 1/4*g_(1,6_,nu10)*g_(2,nu16,q2)*cFT(nu13,XX,i2,iufo11)*cFT(g7,XX,
      iufo11,j11)*flavourTag(fmu,j11,j12)*Vec(nu10,q3)*Vec(nu16,-q2)*Vec(nu9,
      q2)*Vec(nu14,q2)*Vecr(nu13,p3)*Vecr(nu9,p3)*Vecr(nu14,p3)*Den(p3 - q2 - 
      q3)^2*Deng(p3,xiw,M3)^2*Deng(q2 + q3,xiw,M3)^2*xia*xiw*ufoGC58^2*ufoGC3*
      ufoGC4
       - 1/4*g_(1,6_,nu10)*g_(2,nu16,q2)*cFT(nu13,XX,i2,iufo11)*cFT(g7,XX,
      iufo11,j11)*flavourTag(fmu,j11,j12)*Vec(nu10,q3)*Vec(nu16,-q2)*Vec(nu9,
      q2)*Vec(nu14,q2)*Vecr(nu13,p3)*Vecr(nu9,p3)*Vecr(nu14,p3)*Den(p3 - q2 - 
      q3)^2*Deng(p3,xiw,M3)^2*Deng(q2 + q3,xiw,M3)^2*xiw*ufoGC58^2*ufoGC3*
      ufoGC4
       + 1/4*g_(1,6_,nu10)*g_(2,nu16,q2)*cFT(nu13,XX,i2,iufo11)*cFT(g7,XX,
      iufo11,j11)*flavourTag(fmu,j11,j12)*Vec(nu10,q3)*Vec(nu16,-q2)*Vec(nu9,
      q2)*Vec(nu14,q3)*Vecr(nu13,p3)*Vecr(nu9,p3)*Vecr(nu14,p3)*Den(p3 - q2 - 
      q3)^2*Deng(p3,xiw,M3)^2*Deng(q2 + q3,xiw,M3)^2*xia*xiw*ufoGC58^2*ufoGC3*
      ufoGC4
       - 1/4*g_(1,6_,nu10)*g_(2,nu16,q2)*cFT(nu13,XX,i2,iufo11)*cFT(g7,XX,
      iufo11,j11)*flavourTag(fmu,j11,j12)*Vec(nu10,q3)*Vec(nu16,-q2)*Vec(nu9,
      q2)*Vec(nu14,q3)*Vecr(nu13,p3)*Vecr(nu9,p3)*Vecr(nu14,p3)*Den(p3 - q2 - 
      q3)^2*Deng(p3,xiw,M3)^2*Deng(q2 + q3,xiw,M3)^2*xiw*ufoGC58^2*ufoGC3*
      ufoGC4
       + 1/4*g_(1,6_,nu10)*g_(2,nu16,q2)*cFT(nu13,XX,i2,iufo11)*cFT(g7,XX,
      iufo11,j11)*flavourTag(fmu,j11,j12)*Vec(nu10,q3)*Vec(nu16,-q2)*Vec(nu9,
      q3)*Vec(nu14,q2)*Vecr(nu13,p3)*Vecr(nu9,p3)*Vecr(nu14,p3)*Den(p3 - q2 - 
      q3)^2*Deng(p3,xiw,M3)^2*Deng(q2 + q3,xiw,M3)^2*xia*xiw*ufoGC58^2*ufoGC3*
      ufoGC4
       - 1/4*g_(1,6_,nu10)*g_(2,nu16,q2)*cFT(nu13,XX,i2,iufo11)*cFT(g7,XX,
      iufo11,j11)*flavourTag(fmu,j11,j12)*Vec(nu10,q3)*Vec(nu16,-q2)*Vec(nu9,
      q3)*Vec(nu14,q2)*Vecr(nu13,p3)*Vecr(nu9,p3)*Vecr(nu14,p3)*Den(p3 - q2 - 
      q3)^2*Deng(p3,xiw,M3)^2*Deng(q2 + q3,xiw,M3)^2*xiw*ufoGC58^2*ufoGC3*
      ufoGC4
       + 1/4*g_(1,6_,nu10)*g_(2,nu16,q2)*cFT(nu13,XX,i2,iufo11)*cFT(g7,XX,
      iufo11,j11)*flavourTag(fmu,j11,j12)*Vec(nu10,q3)*Vec(nu16,-q2)*Vec(nu9,
      q3)*Vec(nu14,q3)*Vecr(nu13,p3)*Vecr(nu9,p3)*Vecr(nu14,p3)*Den(p3 - q2 - 
      q3)^2*Deng(p3,xiw,M3)^2*Deng(q2 + q3,xiw,M3)^2*xia*xiw*ufoGC58^2*ufoGC3*
      ufoGC4
       - 1/4*g_(1,6_,nu10)*g_(2,nu16,q2)*cFT(nu13,XX,i2,iufo11)*cFT(g7,XX,
      iufo11,j11)*flavourTag(fmu,j11,j12)*Vec(nu10,q3)*Vec(nu16,-q2)*Vec(nu9,
      q3)*Vec(nu14,q3)*Vecr(nu13,p3)*Vecr(nu9,p3)*Vecr(nu14,p3)*Den(p3 - q2 - 
      q3)^2*Deng(p3,xiw,M3)^2*Deng(q2 + q3,xiw,M3)^2*xiw*ufoGC58^2*ufoGC3*
      ufoGC4
       - 1/4*g_(1,6_,nu10)*g_(2,nu16,q2)*cFT(nu13,XX,i2,iufo11)*cFT(g7,XX,
      iufo11,j11)*flavourTag(fmu,j11,j12)*Vec(nu10,q3)*Vec(nu16,-q2)*Vec(nu9,
      -p3)*Vec(nu9,q2)*Vec(nu14,-q2)*Vecr(nu13,p3)*Vecr(nu14,p3)*Den(p3 - q2
       - q3)^2*Deng(p3,xiw,M3)^2*Deng(q2 + q3,xiw,M3)^2*xia*xiw*ufoGC58^2*
      ufoGC3*ufoGC4
       + 1/4*g_(1,6_,nu10)*g_(2,nu16,q2)*cFT(nu13,XX,i2,iufo11)*cFT(g7,XX,
      iufo11,j11)*flavourTag(fmu,j11,j12)*Vec(nu10,q3)*Vec(nu16,-q2)*Vec(nu9,
      -p3)*Vec(nu9,q2)*Vec(nu14,-q2)*Vecr(nu13,p3)*Vecr(nu14,p3)*Den(p3 - q2
       - q3)^2*Deng(p3,xiw,M3)^2*Deng(q2 + q3,xiw,M3)^2*xiw*ufoGC58^2*ufoGC3*
      ufoGC4
       - 1/4*g_(1,6_,nu10)*g_(2,nu16,q2)*cFT(nu13,XX,i2,iufo11)*cFT(g7,XX,
      iufo11,j11)*flavourTag(fmu,j11,j12)*Vec(nu10,q3)*Vec(nu16,-q2)*Vec(nu9,
      -p3)*Vec(nu9,q2)*Vec(nu14,-q3)*Vecr(nu13,p3)*Vecr(nu14,p3)*Den(p3 - q2
       - q3)^2*Deng(p3,xiw,M3)^2*Deng(q2 + q3,xiw,M3)^2*xia*xiw*ufoGC58^2*
      ufoGC3*ufoGC4
       + 1/4*g_(1,6_,nu10)*g_(2,nu16,q2)*cFT(nu13,XX,i2,iufo11)*cFT(g7,XX,
      iufo11,j11)*flavourTag(fmu,j11,j12)*Vec(nu10,q3)*Vec(nu16,-q2)*Vec(nu9,
      -p3)*Vec(nu9,q2)*Vec(nu14,-q3)*Vecr(nu13,p3)*Vecr(nu14,p3)*Den(p3 - q2
       - q3)^2*Deng(p3,xiw,M3)^2*Deng(q2 + q3,xiw,M3)^2*xiw*ufoGC58^2*ufoGC3*
      ufoGC4
       - 1/4*g_(1,6_,nu10)*g_(2,nu16,q2)*cFT(nu13,XX,i2,iufo11)*cFT(g7,XX,
      iufo11,j11)*flavourTag(fmu,j11,j12)*Vec(nu10,q3)*Vec(nu16,-q2)*Vec(nu9,
      -p3)*Vec(nu9,q2)*Vecr(nu13,p3)*Den(p3 - q2 - q3)^2*Deng(p3,xiw,M3)^2*
      Deng(q2 + q3,xiw,M3)^2*p3.p3*xia*xiw*ufoGC58^2*ufoGC3*ufoGC4
       + 1/4*g_(1,6_,nu10)*g_(2,nu16,q2)*cFT(nu13,XX,i2,iufo11)*cFT(g7,XX,
      iufo11,j11)*flavourTag(fmu,j11,j12)*Vec(nu10,q3)*Vec(nu16,-q2)*Vec(nu9,
      -p3)*Vec(nu9,q2)*Vecr(nu13,p3)*Den(p3 - q2 - q3)^2*Deng(p3,xiw,M3)^2*
      Deng(q2 + q3,xiw,M3)^2*p3.p3*xiw*ufoGC58^2*ufoGC3*ufoGC4
       - 1/4*g_(1,6_,nu10)*g_(2,nu16,q2)*cFT(nu13,XX,i2,iufo11)*cFT(g7,XX,
      iufo11,j11)*flavourTag(fmu,j11,j12)*Vec(nu10,q3)*Vec(nu16,-q2)*Vec(nu9,
      -p3)*Vec(nu9,q3)*Vec(nu14,-q2)*Vecr(nu13,p3)*Vecr(nu14,p3)*Den(p3 - q2
       - q3)^2*Deng(p3,xiw,M3)^2*Deng(q2 + q3,xiw,M3)^2*xia*xiw*ufoGC58^2*
      ufoGC3*ufoGC4
       + 1/4*g_(1,6_,nu10)*g_(2,nu16,q2)*cFT(nu13,XX,i2,iufo11)*cFT(g7,XX,
      iufo11,j11)*flavourTag(fmu,j11,j12)*Vec(nu10,q3)*Vec(nu16,-q2)*Vec(nu9,
      -p3)*Vec(nu9,q3)*Vec(nu14,-q2)*Vecr(nu13,p3)*Vecr(nu14,p3)*Den(p3 - q2
       - q3)^2*Deng(p3,xiw,M3)^2*Deng(q2 + q3,xiw,M3)^2*xiw*ufoGC58^2*ufoGC3*
      ufoGC4
       - 1/4*g_(1,6_,nu10)*g_(2,nu16,q2)*cFT(nu13,XX,i2,iufo11)*cFT(g7,XX,
      iufo11,j11)*flavourTag(fmu,j11,j12)*Vec(nu10,q3)*Vec(nu16,-q2)*Vec(nu9,
      -p3)*Vec(nu9,q3)*Vec(nu14,-q3)*Vecr(nu13,p3)*Vecr(nu14,p3)*Den(p3 - q2
       - q3)^2*Deng(p3,xiw,M3)^2*Deng(q2 + q3,xiw,M3)^2*xia*xiw*ufoGC58^2*
      ufoGC3*ufoGC4
       + 1/4*g_(1,6_,nu10)*g_(2,nu16,q2)*cFT(nu13,XX,i2,iufo11)*cFT(g7,XX,
      iufo11,j11)*flavourTag(fmu,j11,j12)*Vec(nu10,q3)*Vec(nu16,-q2)*Vec(nu9,
      -p3)*Vec(nu9,q3)*Vec(nu14,-q3)*Vecr(nu13,p3)*Vecr(nu14,p3)*Den(p3 - q2
       - q3)^2*Deng(p3,xiw,M3)^2*Deng(q2 + q3,xiw,M3)^2*xiw*ufoGC58^2*ufoGC3*
      ufoGC4
       - 1/4*g_(1,6_,nu10)*g_(2,nu16,q2)*cFT(nu13,XX,i2,iufo11)*cFT(g7,XX,
      iufo11,j11)*flavourTag(fmu,j11,j12)*Vec(nu10,q3)*Vec(nu16,-q2)*Vec(nu9,
      -p3)*Vec(nu9,q3)*Vecr(nu13,p3)*Den(p3 - q2 - q3)^2*Deng(p3,xiw,M3)^2*
      Deng(q2 + q3,xiw,M3)^2*p3.p3*xia*xiw*ufoGC58^2*ufoGC3*ufoGC4
       + 1/4*g_(1,6_,nu10)*g_(2,nu16,q2)*cFT(nu13,XX,i2,iufo11)*cFT(g7,XX,
      iufo11,j11)*flavourTag(fmu,j11,j12)*Vec(nu10,q3)*Vec(nu16,-q2)*Vec(nu9,
      -p3)*Vec(nu9,q3)*Vecr(nu13,p3)*Den(p3 - q2 - q3)^2*Deng(p3,xiw,M3)^2*
      Deng(q2 + q3,xiw,M3)^2*p3.p3*xiw*ufoGC58^2*ufoGC3*ufoGC4
       + 1/4*g_(1,6_,nu10)*g_(2,nu16,q2)*cFT(nu13,XX,i2,iufo11)*cFT(g7,XX,
      iufo11,j11)*flavourTag(fmu,j11,j12)*Vec(nu10,q3)*Vec(nu16,-q2)*Vec(nu9,
      -q2)*Vec(nu9,q2)*Vec(nu14,q2)*Vecr(nu13,p3)*Vecr(nu14,p3)*Den(p3 - q2 - 
      q3)^2*Deng(p3,xiw,M3)^2*Deng(q2 + q3,xiw,M3)^2*xia*xiw*ufoGC58^2*ufoGC3*
      ufoGC4
       - 1/4*g_(1,6_,nu10)*g_(2,nu16,q2)*cFT(nu13,XX,i2,iufo11)*cFT(g7,XX,
      iufo11,j11)*flavourTag(fmu,j11,j12)*Vec(nu10,q3)*Vec(nu16,-q2)*Vec(nu9,
      -q2)*Vec(nu9,q2)*Vec(nu14,q2)*Vecr(nu13,p3)*Vecr(nu14,p3)*Den(p3 - q2 - 
      q3)^2*Deng(p3,xiw,M3)^2*Deng(q2 + q3,xiw,M3)^2*xiw*ufoGC58^2*ufoGC3*
      ufoGC4
       + 1/4*g_(1,6_,nu10)*g_(2,nu16,q2)*cFT(nu13,XX,i2,iufo11)*cFT(g7,XX,
      iufo11,j11)*flavourTag(fmu,j11,j12)*Vec(nu10,q3)*Vec(nu16,-q2)*Vec(nu9,
      -q2)*Vec(nu9,q2)*Vec(nu14,q3)*Vecr(nu13,p3)*Vecr(nu14,p3)*Den(p3 - q2 - 
      q3)^2*Deng(p3,xiw,M3)^2*Deng(q2 + q3,xiw,M3)^2*xia*xiw*ufoGC58^2*ufoGC3*
      ufoGC4
       - 1/4*g_(1,6_,nu10)*g_(2,nu16,q2)*cFT(nu13,XX,i2,iufo11)*cFT(g7,XX,
      iufo11,j11)*flavourTag(fmu,j11,j12)*Vec(nu10,q3)*Vec(nu16,-q2)*Vec(nu9,
      -q2)*Vec(nu9,q2)*Vec(nu14,q3)*Vecr(nu13,p3)*Vecr(nu14,p3)*Den(p3 - q2 - 
      q3)^2*Deng(p3,xiw,M3)^2*Deng(q2 + q3,xiw,M3)^2*xiw*ufoGC58^2*ufoGC3*
      ufoGC4
       + 1/4*g_(1,6_,nu10)*g_(2,nu16,q2)*cFT(nu13,XX,i2,iufo11)*cFT(g7,XX,
      iufo11,j11)*flavourTag(fmu,j11,j12)*Vec(nu10,q3)*Vec(nu16,-q2)*Vec(nu9,
      -q2)*Vec(nu9,q3)*Vec(nu14,q2)*Vecr(nu13,p3)*Vecr(nu14,p3)*Den(p3 - q2 - 
      q3)^2*Deng(p3,xiw,M3)^2*Deng(q2 + q3,xiw,M3)^2*xia*xiw*ufoGC58^2*ufoGC3*
      ufoGC4
       - 1/4*g_(1,6_,nu10)*g_(2,nu16,q2)*cFT(nu13,XX,i2,iufo11)*cFT(g7,XX,
      iufo11,j11)*flavourTag(fmu,j11,j12)*Vec(nu10,q3)*Vec(nu16,-q2)*Vec(nu9,
      -q2)*Vec(nu9,q3)*Vec(nu14,q2)*Vecr(nu13,p3)*Vecr(nu14,p3)*Den(p3 - q2 - 
      q3)^2*Deng(p3,xiw,M3)^2*Deng(q2 + q3,xiw,M3)^2*xiw*ufoGC58^2*ufoGC3*
      ufoGC4
       + 1/4*g_(1,6_,nu10)*g_(2,nu16,q2)*cFT(nu13,XX,i2,iufo11)*cFT(g7,XX,
      iufo11,j11)*flavourTag(fmu,j11,j12)*Vec(nu10,q3)*Vec(nu16,-q2)*Vec(nu9,
      -q2)*Vec(nu9,q3)*Vec(nu14,q3)*Vecr(nu13,p3)*Vecr(nu14,p3)*Den(p3 - q2 - 
      q3)^2*Deng(p3,xiw,M3)^2*Deng(q2 + q3,xiw,M3)^2*xia*xiw*ufoGC58^2*ufoGC3*
      ufoGC4
       - 1/4*g_(1,6_,nu10)*g_(2,nu16,q2)*cFT(nu13,XX,i2,iufo11)*cFT(g7,XX,
      iufo11,j11)*flavourTag(fmu,j11,j12)*Vec(nu10,q3)*Vec(nu16,-q2)*Vec(nu9,
      -q2)*Vec(nu9,q3)*Vec(nu14,q3)*Vecr(nu13,p3)*Vecr(nu14,p3)*Den(p3 - q2 - 
      q3)^2*Deng(p3,xiw,M3)^2*Deng(q2 + q3,xiw,M3)^2*xiw*ufoGC58^2*ufoGC3*
      ufoGC4
       + 1/4*g_(1,6_,nu10)*g_(2,nu16,q2)*cFT(nu13,XX,i2,iufo11)*cFT(g7,XX,
      iufo11,j11)*flavourTag(fmu,j11,j12)*Vec(nu10,q3)*Vec(nu16,-q2)*Vec(nu9,
      -q3)*Vec(nu9,q2)*Vec(nu14,q2)*Vecr(nu13,p3)*Vecr(nu14,p3)*Den(p3 - q2 - 
      q3)^2*Deng(p3,xiw,M3)^2*Deng(q2 + q3,xiw,M3)^2*xia*xiw*ufoGC58^2*ufoGC3*
      ufoGC4
       - 1/4*g_(1,6_,nu10)*g_(2,nu16,q2)*cFT(nu13,XX,i2,iufo11)*cFT(g7,XX,
      iufo11,j11)*flavourTag(fmu,j11,j12)*Vec(nu10,q3)*Vec(nu16,-q2)*Vec(nu9,
      -q3)*Vec(nu9,q2)*Vec(nu14,q2)*Vecr(nu13,p3)*Vecr(nu14,p3)*Den(p3 - q2 - 
      q3)^2*Deng(p3,xiw,M3)^2*Deng(q2 + q3,xiw,M3)^2*xiw*ufoGC58^2*ufoGC3*
      ufoGC4
       + 1/4*g_(1,6_,nu10)*g_(2,nu16,q2)*cFT(nu13,XX,i2,iufo11)*cFT(g7,XX,
      iufo11,j11)*flavourTag(fmu,j11,j12)*Vec(nu10,q3)*Vec(nu16,-q2)*Vec(nu9,
      -q3)*Vec(nu9,q2)*Vec(nu14,q3)*Vecr(nu13,p3)*Vecr(nu14,p3)*Den(p3 - q2 - 
      q3)^2*Deng(p3,xiw,M3)^2*Deng(q2 + q3,xiw,M3)^2*xia*xiw*ufoGC58^2*ufoGC3*
      ufoGC4
       - 1/4*g_(1,6_,nu10)*g_(2,nu16,q2)*cFT(nu13,XX,i2,iufo11)*cFT(g7,XX,
      iufo11,j11)*flavourTag(fmu,j11,j12)*Vec(nu10,q3)*Vec(nu16,-q2)*Vec(nu9,
      -q3)*Vec(nu9,q2)*Vec(nu14,q3)*Vecr(nu13,p3)*Vecr(nu14,p3)*Den(p3 - q2 - 
      q3)^2*Deng(p3,xiw,M3)^2*Deng(q2 + q3,xiw,M3)^2*xiw*ufoGC58^2*ufoGC3*
      ufoGC4
       + 1/4*g_(1,6_,nu10)*g_(2,nu16,q2)*cFT(nu13,XX,i2,iufo11)*cFT(g7,XX,
      iufo11,j11)*flavourTag(fmu,j11,j12)*Vec(nu10,q3)*Vec(nu16,-q2)*Vec(nu9,
      -q3)*Vec(nu9,q3)*Vec(nu14,q2)*Vecr(nu13,p3)*Vecr(nu14,p3)*Den(p3 - q2 - 
      q3)^2*Deng(p3,xiw,M3)^2*Deng(q2 + q3,xiw,M3)^2*xia*xiw*ufoGC58^2*ufoGC3*
      ufoGC4
       - 1/4*g_(1,6_,nu10)*g_(2,nu16,q2)*cFT(nu13,XX,i2,iufo11)*cFT(g7,XX,
      iufo11,j11)*flavourTag(fmu,j11,j12)*Vec(nu10,q3)*Vec(nu16,-q2)*Vec(nu9,
      -q3)*Vec(nu9,q3)*Vec(nu14,q2)*Vecr(nu13,p3)*Vecr(nu14,p3)*Den(p3 - q2 - 
      q3)^2*Deng(p3,xiw,M3)^2*Deng(q2 + q3,xiw,M3)^2*xiw*ufoGC58^2*ufoGC3*
      ufoGC4
       + 1/4*g_(1,6_,nu10)*g_(2,nu16,q2)*cFT(nu13,XX,i2,iufo11)*cFT(g7,XX,
      iufo11,j11)*flavourTag(fmu,j11,j12)*Vec(nu10,q3)*Vec(nu16,-q2)*Vec(nu9,
      -q3)*Vec(nu9,q3)*Vec(nu14,q3)*Vecr(nu13,p3)*Vecr(nu14,p3)*Den(p3 - q2 - 
      q3)^2*Deng(p3,xiw,M3)^2*Deng(q2 + q3,xiw,M3)^2*xia*xiw*ufoGC58^2*ufoGC3*
      ufoGC4
       - 1/4*g_(1,6_,nu10)*g_(2,nu16,q2)*cFT(nu13,XX,i2,iufo11)*cFT(g7,XX,
      iufo11,j11)*flavourTag(fmu,j11,j12)*Vec(nu10,q3)*Vec(nu16,-q2)*Vec(nu9,
      -q3)*Vec(nu9,q3)*Vec(nu14,q3)*Vecr(nu13,p3)*Vecr(nu14,p3)*Den(p3 - q2 - 
      q3)^2*Deng(p3,xiw,M3)^2*Deng(q2 + q3,xiw,M3)^2*xiw*ufoGC58^2*ufoGC3*
      ufoGC4
       - 1/4*g_(1,6_,nu10)*g_(2,nu16,q2)*cFT(nu13,XX,i2,iufo11)*cFT(g7,XX,
      iufo11,j11)*flavourTag(fmu,j11,j12)*Vec(nu10,q3)*Vec(nu16,-q2)*Vec(nu14,
      q2)*Vec(nu15,q2)*Vecr(nu13,p3)*Vecr(nu14,p3)*Vecr(nu15,p3)*Den(p3 - q2
       - q3)^2*Deng(p3,xiw,M3)^2*Deng(q2 + q3,xiw,M3)^2*xia*xiw*ufoGC58^2*
      ufoGC3*ufoGC4
       + 1/4*g_(1,6_,nu10)*g_(2,nu16,q2)*cFT(nu13,XX,i2,iufo11)*cFT(g7,XX,
      iufo11,j11)*flavourTag(fmu,j11,j12)*Vec(nu10,q3)*Vec(nu16,-q2)*Vec(nu14,
      q2)*Vec(nu15,q2)*Vecr(nu13,p3)*Vecr(nu14,p3)*Vecr(nu15,p3)*Den(p3 - q2
       - q3)^2*Deng(p3,xiw,M3)^2*Deng(q2 + q3,xiw,M3)^2*xiw*ufoGC58^2*ufoGC3*
      ufoGC4
       - 1/4*g_(1,6_,nu10)*g_(2,nu16,q2)*cFT(nu13,XX,i2,iufo11)*cFT(g7,XX,
      iufo11,j11)*flavourTag(fmu,j11,j12)*Vec(nu10,q3)*Vec(nu16,-q2)*Vec(nu14,
      q2)*Vec(nu15,q3)*Vecr(nu13,p3)*Vecr(nu14,p3)*Vecr(nu15,p3)*Den(p3 - q2
       - q3)^2*Deng(p3,xiw,M3)^2*Deng(q2 + q3,xiw,M3)^2*xia*xiw*ufoGC58^2*
      ufoGC3*ufoGC4
       + 1/4*g_(1,6_,nu10)*g_(2,nu16,q2)*cFT(nu13,XX,i2,iufo11)*cFT(g7,XX,
      iufo11,j11)*flavourTag(fmu,j11,j12)*Vec(nu10,q3)*Vec(nu16,-q2)*Vec(nu14,
      q2)*Vec(nu15,q3)*Vecr(nu13,p3)*Vecr(nu14,p3)*Vecr(nu15,p3)*Den(p3 - q2
       - q3)^2*Deng(p3,xiw,M3)^2*Deng(q2 + q3,xiw,M3)^2*xiw*ufoGC58^2*ufoGC3*
      ufoGC4
       + 1/4*g_(1,6_,nu10)*g_(2,nu16,q2)*cFT(nu13,XX,i2,iufo11)*cFT(g7,XX,
      iufo11,j11)*flavourTag(fmu,j11,j12)*Vec(nu10,q3)*Vec(nu16,-q2)*Vec(nu14,
      q2)*Vec(nu15,-p3)*Vec(nu15,-q2)*Vecr(nu13,p3)*Vecr(nu14,p3)*Den(p3 - q2
       - q3)^2*Deng(p3,xiw,M3)^2*Deng(q2 + q3,xiw,M3)^2*xia*xiw*ufoGC58^2*
      ufoGC3*ufoGC4
       - 1/4*g_(1,6_,nu10)*g_(2,nu16,q2)*cFT(nu13,XX,i2,iufo11)*cFT(g7,XX,
      iufo11,j11)*flavourTag(fmu,j11,j12)*Vec(nu10,q3)*Vec(nu16,-q2)*Vec(nu14,
      q2)*Vec(nu15,-p3)*Vec(nu15,-q2)*Vecr(nu13,p3)*Vecr(nu14,p3)*Den(p3 - q2
       - q3)^2*Deng(p3,xiw,M3)^2*Deng(q2 + q3,xiw,M3)^2*xiw*ufoGC58^2*ufoGC3*
      ufoGC4
       + 1/4*g_(1,6_,nu10)*g_(2,nu16,q2)*cFT(nu13,XX,i2,iufo11)*cFT(g7,XX,
      iufo11,j11)*flavourTag(fmu,j11,j12)*Vec(nu10,q3)*Vec(nu16,-q2)*Vec(nu14,
      q2)*Vec(nu15,-p3)*Vec(nu15,-q3)*Vecr(nu13,p3)*Vecr(nu14,p3)*Den(p3 - q2
       - q3)^2*Deng(p3,xiw,M3)^2*Deng(q2 + q3,xiw,M3)^2*xia*xiw*ufoGC58^2*
      ufoGC3*ufoGC4
       - 1/4*g_(1,6_,nu10)*g_(2,nu16,q2)*cFT(nu13,XX,i2,iufo11)*cFT(g7,XX,
      iufo11,j11)*flavourTag(fmu,j11,j12)*Vec(nu10,q3)*Vec(nu16,-q2)*Vec(nu14,
      q2)*Vec(nu15,-p3)*Vec(nu15,-q3)*Vecr(nu13,p3)*Vecr(nu14,p3)*Den(p3 - q2
       - q3)^2*Deng(p3,xiw,M3)^2*Deng(q2 + q3,xiw,M3)^2*xiw*ufoGC58^2*ufoGC3*
      ufoGC4
       + 1/4*g_(1,6_,nu10)*g_(2,nu16,q2)*cFT(nu13,XX,i2,iufo11)*cFT(g7,XX,
      iufo11,j11)*flavourTag(fmu,j11,j12)*Vec(nu10,q3)*Vec(nu16,-q2)*Vec(nu14,
      q2)*Vec(nu15,-p3)*Vecr(nu13,p3)*Vecr(nu14,p3)*Vecr(nu15,p3)*Den(p3 - q2
       - q3)^2*Deng(p3,xiw,M3)^2*Deng(q2 + q3,xiw,M3)^2*xia*xiw*ufoGC58^2*
      ufoGC3*ufoGC4
       - 1/4*g_(1,6_,nu10)*g_(2,nu16,q2)*cFT(nu13,XX,i2,iufo11)*cFT(g7,XX,
      iufo11,j11)*flavourTag(fmu,j11,j12)*Vec(nu10,q3)*Vec(nu16,-q2)*Vec(nu14,
      q2)*Vec(nu15,-p3)*Vecr(nu13,p3)*Vecr(nu14,p3)*Vecr(nu15,p3)*Den(p3 - q2
       - q3)^2*Deng(p3,xiw,M3)^2*Deng(q2 + q3,xiw,M3)^2*xiw*ufoGC58^2*ufoGC3*
      ufoGC4
       - 1/4*g_(1,6_,nu10)*g_(2,nu16,q2)*cFT(nu13,XX,i2,iufo11)*cFT(g7,XX,
      iufo11,j11)*flavourTag(fmu,j11,j12)*Vec(nu10,q3)*Vec(nu16,-q2)*Vec(nu14,
      q2)*Vec(nu15,-q2)*Vec(nu15,q2)*Vecr(nu13,p3)*Vecr(nu14,p3)*Den(p3 - q2
       - q3)^2*Deng(p3,xiw,M3)^2*Deng(q2 + q3,xiw,M3)^2*xia*xiw*ufoGC58^2*
      ufoGC3*ufoGC4
       + 1/4*g_(1,6_,nu10)*g_(2,nu16,q2)*cFT(nu13,XX,i2,iufo11)*cFT(g7,XX,
      iufo11,j11)*flavourTag(fmu,j11,j12)*Vec(nu10,q3)*Vec(nu16,-q2)*Vec(nu14,
      q2)*Vec(nu15,-q2)*Vec(nu15,q2)*Vecr(nu13,p3)*Vecr(nu14,p3)*Den(p3 - q2
       - q3)^2*Deng(p3,xiw,M3)^2*Deng(q2 + q3,xiw,M3)^2*xiw*ufoGC58^2*ufoGC3*
      ufoGC4
       - 1/4*g_(1,6_,nu10)*g_(2,nu16,q2)*cFT(nu13,XX,i2,iufo11)*cFT(g7,XX,
      iufo11,j11)*flavourTag(fmu,j11,j12)*Vec(nu10,q3)*Vec(nu16,-q2)*Vec(nu14,
      q2)*Vec(nu15,-q2)*Vec(nu15,q3)*Vecr(nu13,p3)*Vecr(nu14,p3)*Den(p3 - q2
       - q3)^2*Deng(p3,xiw,M3)^2*Deng(q2 + q3,xiw,M3)^2*xia*xiw*ufoGC58^2*
      ufoGC3*ufoGC4
       + 1/4*g_(1,6_,nu10)*g_(2,nu16,q2)*cFT(nu13,XX,i2,iufo11)*cFT(g7,XX,
      iufo11,j11)*flavourTag(fmu,j11,j12)*Vec(nu10,q3)*Vec(nu16,-q2)*Vec(nu14,
      q2)*Vec(nu15,-q2)*Vec(nu15,q3)*Vecr(nu13,p3)*Vecr(nu14,p3)*Den(p3 - q2
       - q3)^2*Deng(p3,xiw,M3)^2*Deng(q2 + q3,xiw,M3)^2*xiw*ufoGC58^2*ufoGC3*
      ufoGC4
       - 1/4*g_(1,6_,nu10)*g_(2,nu16,q2)*cFT(nu13,XX,i2,iufo11)*cFT(g7,XX,
      iufo11,j11)*flavourTag(fmu,j11,j12)*Vec(nu10,q3)*Vec(nu16,-q2)*Vec(nu14,
      q2)*Vec(nu15,-q3)*Vec(nu15,q2)*Vecr(nu13,p3)*Vecr(nu14,p3)*Den(p3 - q2
       - q3)^2*Deng(p3,xiw,M3)^2*Deng(q2 + q3,xiw,M3)^2*xia*xiw*ufoGC58^2*
      ufoGC3*ufoGC4
       + 1/4*g_(1,6_,nu10)*g_(2,nu16,q2)*cFT(nu13,XX,i2,iufo11)*cFT(g7,XX,
      iufo11,j11)*flavourTag(fmu,j11,j12)*Vec(nu10,q3)*Vec(nu16,-q2)*Vec(nu14,
      q2)*Vec(nu15,-q3)*Vec(nu15,q2)*Vecr(nu13,p3)*Vecr(nu14,p3)*Den(p3 - q2
       - q3)^2*Deng(p3,xiw,M3)^2*Deng(q2 + q3,xiw,M3)^2*xiw*ufoGC58^2*ufoGC3*
      ufoGC4
       - 1/4*g_(1,6_,nu10)*g_(2,nu16,q2)*cFT(nu13,XX,i2,iufo11)*cFT(g7,XX,
      iufo11,j11)*flavourTag(fmu,j11,j12)*Vec(nu10,q3)*Vec(nu16,-q2)*Vec(nu14,
      q2)*Vec(nu15,-q3)*Vec(nu15,q3)*Vecr(nu13,p3)*Vecr(nu14,p3)*Den(p3 - q2
       - q3)^2*Deng(p3,xiw,M3)^2*Deng(q2 + q3,xiw,M3)^2*xia*xiw*ufoGC58^2*
      ufoGC3*ufoGC4
       + 1/4*g_(1,6_,nu10)*g_(2,nu16,q2)*cFT(nu13,XX,i2,iufo11)*cFT(g7,XX,
      iufo11,j11)*flavourTag(fmu,j11,j12)*Vec(nu10,q3)*Vec(nu16,-q2)*Vec(nu14,
      q2)*Vec(nu15,-q3)*Vec(nu15,q3)*Vecr(nu13,p3)*Vecr(nu14,p3)*Den(p3 - q2
       - q3)^2*Deng(p3,xiw,M3)^2*Deng(q2 + q3,xiw,M3)^2*xiw*ufoGC58^2*ufoGC3*
      ufoGC4
       - 1/4*g_(1,6_,nu10)*g_(2,nu16,q2)*cFT(nu13,XX,i2,iufo11)*cFT(g7,XX,
      iufo11,j11)*flavourTag(fmu,j11,j12)*Vec(nu10,q3)*Vec(nu16,-q2)*Vec(nu14,
      q3)*Vec(nu15,q2)*Vecr(nu13,p3)*Vecr(nu14,p3)*Vecr(nu15,p3)*Den(p3 - q2
       - q3)^2*Deng(p3,xiw,M3)^2*Deng(q2 + q3,xiw,M3)^2*xia*xiw*ufoGC58^2*
      ufoGC3*ufoGC4
       + 1/4*g_(1,6_,nu10)*g_(2,nu16,q2)*cFT(nu13,XX,i2,iufo11)*cFT(g7,XX,
      iufo11,j11)*flavourTag(fmu,j11,j12)*Vec(nu10,q3)*Vec(nu16,-q2)*Vec(nu14,
      q3)*Vec(nu15,q2)*Vecr(nu13,p3)*Vecr(nu14,p3)*Vecr(nu15,p3)*Den(p3 - q2
       - q3)^2*Deng(p3,xiw,M3)^2*Deng(q2 + q3,xiw,M3)^2*xiw*ufoGC58^2*ufoGC3*
      ufoGC4
       - 1/4*g_(1,6_,nu10)*g_(2,nu16,q2)*cFT(nu13,XX,i2,iufo11)*cFT(g7,XX,
      iufo11,j11)*flavourTag(fmu,j11,j12)*Vec(nu10,q3)*Vec(nu16,-q2)*Vec(nu14,
      q3)*Vec(nu15,q3)*Vecr(nu13,p3)*Vecr(nu14,p3)*Vecr(nu15,p3)*Den(p3 - q2
       - q3)^2*Deng(p3,xiw,M3)^2*Deng(q2 + q3,xiw,M3)^2*xia*xiw*ufoGC58^2*
      ufoGC3*ufoGC4
       + 1/4*g_(1,6_,nu10)*g_(2,nu16,q2)*cFT(nu13,XX,i2,iufo11)*cFT(g7,XX,
      iufo11,j11)*flavourTag(fmu,j11,j12)*Vec(nu10,q3)*Vec(nu16,-q2)*Vec(nu14,
      q3)*Vec(nu15,q3)*Vecr(nu13,p3)*Vecr(nu14,p3)*Vecr(nu15,p3)*Den(p3 - q2
       - q3)^2*Deng(p3,xiw,M3)^2*Deng(q2 + q3,xiw,M3)^2*xiw*ufoGC58^2*ufoGC3*
      ufoGC4
       + 1/4*g_(1,6_,nu10)*g_(2,nu16,q2)*cFT(nu13,XX,i2,iufo11)*cFT(g7,XX,
      iufo11,j11)*flavourTag(fmu,j11,j12)*Vec(nu10,q3)*Vec(nu16,-q2)*Vec(nu14,
      q3)*Vec(nu15,-p3)*Vec(nu15,-q2)*Vecr(nu13,p3)*Vecr(nu14,p3)*Den(p3 - q2
       - q3)^2*Deng(p3,xiw,M3)^2*Deng(q2 + q3,xiw,M3)^2*xia*xiw*ufoGC58^2*
      ufoGC3*ufoGC4
       - 1/4*g_(1,6_,nu10)*g_(2,nu16,q2)*cFT(nu13,XX,i2,iufo11)*cFT(g7,XX,
      iufo11,j11)*flavourTag(fmu,j11,j12)*Vec(nu10,q3)*Vec(nu16,-q2)*Vec(nu14,
      q3)*Vec(nu15,-p3)*Vec(nu15,-q2)*Vecr(nu13,p3)*Vecr(nu14,p3)*Den(p3 - q2
       - q3)^2*Deng(p3,xiw,M3)^2*Deng(q2 + q3,xiw,M3)^2*xiw*ufoGC58^2*ufoGC3*
      ufoGC4
       + 1/4*g_(1,6_,nu10)*g_(2,nu16,q2)*cFT(nu13,XX,i2,iufo11)*cFT(g7,XX,
      iufo11,j11)*flavourTag(fmu,j11,j12)*Vec(nu10,q3)*Vec(nu16,-q2)*Vec(nu14,
      q3)*Vec(nu15,-p3)*Vec(nu15,-q3)*Vecr(nu13,p3)*Vecr(nu14,p3)*Den(p3 - q2
       - q3)^2*Deng(p3,xiw,M3)^2*Deng(q2 + q3,xiw,M3)^2*xia*xiw*ufoGC58^2*
      ufoGC3*ufoGC4
       - 1/4*g_(1,6_,nu10)*g_(2,nu16,q2)*cFT(nu13,XX,i2,iufo11)*cFT(g7,XX,
      iufo11,j11)*flavourTag(fmu,j11,j12)*Vec(nu10,q3)*Vec(nu16,-q2)*Vec(nu14,
      q3)*Vec(nu15,-p3)*Vec(nu15,-q3)*Vecr(nu13,p3)*Vecr(nu14,p3)*Den(p3 - q2
       - q3)^2*Deng(p3,xiw,M3)^2*Deng(q2 + q3,xiw,M3)^2*xiw*ufoGC58^2*ufoGC3*
      ufoGC4
       + 1/4*g_(1,6_,nu10)*g_(2,nu16,q2)*cFT(nu13,XX,i2,iufo11)*cFT(g7,XX,
      iufo11,j11)*flavourTag(fmu,j11,j12)*Vec(nu10,q3)*Vec(nu16,-q2)*Vec(nu14,
      q3)*Vec(nu15,-p3)*Vecr(nu13,p3)*Vecr(nu14,p3)*Vecr(nu15,p3)*Den(p3 - q2
       - q3)^2*Deng(p3,xiw,M3)^2*Deng(q2 + q3,xiw,M3)^2*xia*xiw*ufoGC58^2*
      ufoGC3*ufoGC4
       - 1/4*g_(1,6_,nu10)*g_(2,nu16,q2)*cFT(nu13,XX,i2,iufo11)*cFT(g7,XX,
      iufo11,j11)*flavourTag(fmu,j11,j12)*Vec(nu10,q3)*Vec(nu16,-q2)*Vec(nu14,
      q3)*Vec(nu15,-p3)*Vecr(nu13,p3)*Vecr(nu14,p3)*Vecr(nu15,p3)*Den(p3 - q2
       - q3)^2*Deng(p3,xiw,M3)^2*Deng(q2 + q3,xiw,M3)^2*xiw*ufoGC58^2*ufoGC3*
      ufoGC4
       - 1/4*g_(1,6_,nu10)*g_(2,nu16,q2)*cFT(nu13,XX,i2,iufo11)*cFT(g7,XX,
      iufo11,j11)*flavourTag(fmu,j11,j12)*Vec(nu10,q3)*Vec(nu16,-q2)*Vec(nu14,
      q3)*Vec(nu15,-q2)*Vec(nu15,q2)*Vecr(nu13,p3)*Vecr(nu14,p3)*Den(p3 - q2
       - q3)^2*Deng(p3,xiw,M3)^2*Deng(q2 + q3,xiw,M3)^2*xia*xiw*ufoGC58^2*
      ufoGC3*ufoGC4
       + 1/4*g_(1,6_,nu10)*g_(2,nu16,q2)*cFT(nu13,XX,i2,iufo11)*cFT(g7,XX,
      iufo11,j11)*flavourTag(fmu,j11,j12)*Vec(nu10,q3)*Vec(nu16,-q2)*Vec(nu14,
      q3)*Vec(nu15,-q2)*Vec(nu15,q2)*Vecr(nu13,p3)*Vecr(nu14,p3)*Den(p3 - q2
       - q3)^2*Deng(p3,xiw,M3)^2*Deng(q2 + q3,xiw,M3)^2*xiw*ufoGC58^2*ufoGC3*
      ufoGC4
       - 1/4*g_(1,6_,nu10)*g_(2,nu16,q2)*cFT(nu13,XX,i2,iufo11)*cFT(g7,XX,
      iufo11,j11)*flavourTag(fmu,j11,j12)*Vec(nu10,q3)*Vec(nu16,-q2)*Vec(nu14,
      q3)*Vec(nu15,-q2)*Vec(nu15,q3)*Vecr(nu13,p3)*Vecr(nu14,p3)*Den(p3 - q2
       - q3)^2*Deng(p3,xiw,M3)^2*Deng(q2 + q3,xiw,M3)^2*xia*xiw*ufoGC58^2*
      ufoGC3*ufoGC4
       + 1/4*g_(1,6_,nu10)*g_(2,nu16,q2)*cFT(nu13,XX,i2,iufo11)*cFT(g7,XX,
      iufo11,j11)*flavourTag(fmu,j11,j12)*Vec(nu10,q3)*Vec(nu16,-q2)*Vec(nu14,
      q3)*Vec(nu15,-q2)*Vec(nu15,q3)*Vecr(nu13,p3)*Vecr(nu14,p3)*Den(p3 - q2
       - q3)^2*Deng(p3,xiw,M3)^2*Deng(q2 + q3,xiw,M3)^2*xiw*ufoGC58^2*ufoGC3*
      ufoGC4
       - 1/4*g_(1,6_,nu10)*g_(2,nu16,q2)*cFT(nu13,XX,i2,iufo11)*cFT(g7,XX,
      iufo11,j11)*flavourTag(fmu,j11,j12)*Vec(nu10,q3)*Vec(nu16,-q2)*Vec(nu14,
      q3)*Vec(nu15,-q3)*Vec(nu15,q2)*Vecr(nu13,p3)*Vecr(nu14,p3)*Den(p3 - q2
       - q3)^2*Deng(p3,xiw,M3)^2*Deng(q2 + q3,xiw,M3)^2*xia*xiw*ufoGC58^2*
      ufoGC3*ufoGC4
       + 1/4*g_(1,6_,nu10)*g_(2,nu16,q2)*cFT(nu13,XX,i2,iufo11)*cFT(g7,XX,
      iufo11,j11)*flavourTag(fmu,j11,j12)*Vec(nu10,q3)*Vec(nu16,-q2)*Vec(nu14,
      q3)*Vec(nu15,-q3)*Vec(nu15,q2)*Vecr(nu13,p3)*Vecr(nu14,p3)*Den(p3 - q2
       - q3)^2*Deng(p3,xiw,M3)^2*Deng(q2 + q3,xiw,M3)^2*xiw*ufoGC58^2*ufoGC3*
      ufoGC4
       - 1/4*g_(1,6_,nu10)*g_(2,nu16,q2)*cFT(nu13,XX,i2,iufo11)*cFT(g7,XX,
      iufo11,j11)*flavourTag(fmu,j11,j12)*Vec(nu10,q3)*Vec(nu16,-q2)*Vec(nu14,
      q3)*Vec(nu15,-q3)*Vec(nu15,q3)*Vecr(nu13,p3)*Vecr(nu14,p3)*Den(p3 - q2
       - q3)^2*Deng(p3,xiw,M3)^2*Deng(q2 + q3,xiw,M3)^2*xia*xiw*ufoGC58^2*
      ufoGC3*ufoGC4
       + 1/4*g_(1,6_,nu10)*g_(2,nu16,q2)*cFT(nu13,XX,i2,iufo11)*cFT(g7,XX,
      iufo11,j11)*flavourTag(fmu,j11,j12)*Vec(nu10,q3)*Vec(nu16,-q2)*Vec(nu14,
      q3)*Vec(nu15,-q3)*Vec(nu15,q3)*Vecr(nu13,p3)*Vecr(nu14,p3)*Den(p3 - q2
       - q3)^2*Deng(p3,xiw,M3)^2*Deng(q2 + q3,xiw,M3)^2*xiw*ufoGC58^2*ufoGC3*
      ufoGC4
       + 1/4*g_(1,6_,nu10)*g_(2,nu16,q2)*cFT(nu13,XX,i2,iufo11)*cFT(g7,XX,
      iufo11,j11)*flavourTag(fmu,j11,j12)*Vec(nu10,q3)*Vec(nu16,-q3)*Vec(nu9,
      q2)*Vec(nu14,q2)*Vecr(nu13,p3)*Vecr(nu9,p3)*Vecr(nu14,p3)*Den(p3 - q2 - 
      q3)^2*Deng(p3,xiw,M3)^2*Deng(q2 + q3,xiw,M3)^2*xia*xiw*ufoGC58^2*ufoGC3*
      ufoGC4
       - 1/4*g_(1,6_,nu10)*g_(2,nu16,q2)*cFT(nu13,XX,i2,iufo11)*cFT(g7,XX,
      iufo11,j11)*flavourTag(fmu,j11,j12)*Vec(nu10,q3)*Vec(nu16,-q3)*Vec(nu9,
      q2)*Vec(nu14,q2)*Vecr(nu13,p3)*Vecr(nu9,p3)*Vecr(nu14,p3)*Den(p3 - q2 - 
      q3)^2*Deng(p3,xiw,M3)^2*Deng(q2 + q3,xiw,M3)^2*xiw*ufoGC58^2*ufoGC3*
      ufoGC4
       + 1/4*g_(1,6_,nu10)*g_(2,nu16,q2)*cFT(nu13,XX,i2,iufo11)*cFT(g7,XX,
      iufo11,j11)*flavourTag(fmu,j11,j12)*Vec(nu10,q3)*Vec(nu16,-q3)*Vec(nu9,
      q2)*Vec(nu14,q3)*Vecr(nu13,p3)*Vecr(nu9,p3)*Vecr(nu14,p3)*Den(p3 - q2 - 
      q3)^2*Deng(p3,xiw,M3)^2*Deng(q2 + q3,xiw,M3)^2*xia*xiw*ufoGC58^2*ufoGC3*
      ufoGC4
       - 1/4*g_(1,6_,nu10)*g_(2,nu16,q2)*cFT(nu13,XX,i2,iufo11)*cFT(g7,XX,
      iufo11,j11)*flavourTag(fmu,j11,j12)*Vec(nu10,q3)*Vec(nu16,-q3)*Vec(nu9,
      q2)*Vec(nu14,q3)*Vecr(nu13,p3)*Vecr(nu9,p3)*Vecr(nu14,p3)*Den(p3 - q2 - 
      q3)^2*Deng(p3,xiw,M3)^2*Deng(q2 + q3,xiw,M3)^2*xiw*ufoGC58^2*ufoGC3*
      ufoGC4
       + 1/4*g_(1,6_,nu10)*g_(2,nu16,q2)*cFT(nu13,XX,i2,iufo11)*cFT(g7,XX,
      iufo11,j11)*flavourTag(fmu,j11,j12)*Vec(nu10,q3)*Vec(nu16,-q3)*Vec(nu9,
      q3)*Vec(nu14,q2)*Vecr(nu13,p3)*Vecr(nu9,p3)*Vecr(nu14,p3)*Den(p3 - q2 - 
      q3)^2*Deng(p3,xiw,M3)^2*Deng(q2 + q3,xiw,M3)^2*xia*xiw*ufoGC58^2*ufoGC3*
      ufoGC4
       - 1/4*g_(1,6_,nu10)*g_(2,nu16,q2)*cFT(nu13,XX,i2,iufo11)*cFT(g7,XX,
      iufo11,j11)*flavourTag(fmu,j11,j12)*Vec(nu10,q3)*Vec(nu16,-q3)*Vec(nu9,
      q3)*Vec(nu14,q2)*Vecr(nu13,p3)*Vecr(nu9,p3)*Vecr(nu14,p3)*Den(p3 - q2 - 
      q3)^2*Deng(p3,xiw,M3)^2*Deng(q2 + q3,xiw,M3)^2*xiw*ufoGC58^2*ufoGC3*
      ufoGC4
       + 1/4*g_(1,6_,nu10)*g_(2,nu16,q2)*cFT(nu13,XX,i2,iufo11)*cFT(g7,XX,
      iufo11,j11)*flavourTag(fmu,j11,j12)*Vec(nu10,q3)*Vec(nu16,-q3)*Vec(nu9,
      q3)*Vec(nu14,q3)*Vecr(nu13,p3)*Vecr(nu9,p3)*Vecr(nu14,p3)*Den(p3 - q2 - 
      q3)^2*Deng(p3,xiw,M3)^2*Deng(q2 + q3,xiw,M3)^2*xia*xiw*ufoGC58^2*ufoGC3*
      ufoGC4
       - 1/4*g_(1,6_,nu10)*g_(2,nu16,q2)*cFT(nu13,XX,i2,iufo11)*cFT(g7,XX,
      iufo11,j11)*flavourTag(fmu,j11,j12)*Vec(nu10,q3)*Vec(nu16,-q3)*Vec(nu9,
      q3)*Vec(nu14,q3)*Vecr(nu13,p3)*Vecr(nu9,p3)*Vecr(nu14,p3)*Den(p3 - q2 - 
      q3)^2*Deng(p3,xiw,M3)^2*Deng(q2 + q3,xiw,M3)^2*xiw*ufoGC58^2*ufoGC3*
      ufoGC4
       - 1/4*g_(1,6_,nu10)*g_(2,nu16,q2)*cFT(nu13,XX,i2,iufo11)*cFT(g7,XX,
      iufo11,j11)*flavourTag(fmu,j11,j12)*Vec(nu10,q3)*Vec(nu16,-q3)*Vec(nu9,
      -p3)*Vec(nu9,q2)*Vec(nu14,-q2)*Vecr(nu13,p3)*Vecr(nu14,p3)*Den(p3 - q2
       - q3)^2*Deng(p3,xiw,M3)^2*Deng(q2 + q3,xiw,M3)^2*xia*xiw*ufoGC58^2*
      ufoGC3*ufoGC4
       + 1/4*g_(1,6_,nu10)*g_(2,nu16,q2)*cFT(nu13,XX,i2,iufo11)*cFT(g7,XX,
      iufo11,j11)*flavourTag(fmu,j11,j12)*Vec(nu10,q3)*Vec(nu16,-q3)*Vec(nu9,
      -p3)*Vec(nu9,q2)*Vec(nu14,-q2)*Vecr(nu13,p3)*Vecr(nu14,p3)*Den(p3 - q2
       - q3)^2*Deng(p3,xiw,M3)^2*Deng(q2 + q3,xiw,M3)^2*xiw*ufoGC58^2*ufoGC3*
      ufoGC4
       - 1/4*g_(1,6_,nu10)*g_(2,nu16,q2)*cFT(nu13,XX,i2,iufo11)*cFT(g7,XX,
      iufo11,j11)*flavourTag(fmu,j11,j12)*Vec(nu10,q3)*Vec(nu16,-q3)*Vec(nu9,
      -p3)*Vec(nu9,q2)*Vec(nu14,-q3)*Vecr(nu13,p3)*Vecr(nu14,p3)*Den(p3 - q2
       - q3)^2*Deng(p3,xiw,M3)^2*Deng(q2 + q3,xiw,M3)^2*xia*xiw*ufoGC58^2*
      ufoGC3*ufoGC4
       + 1/4*g_(1,6_,nu10)*g_(2,nu16,q2)*cFT(nu13,XX,i2,iufo11)*cFT(g7,XX,
      iufo11,j11)*flavourTag(fmu,j11,j12)*Vec(nu10,q3)*Vec(nu16,-q3)*Vec(nu9,
      -p3)*Vec(nu9,q2)*Vec(nu14,-q3)*Vecr(nu13,p3)*Vecr(nu14,p3)*Den(p3 - q2
       - q3)^2*Deng(p3,xiw,M3)^2*Deng(q2 + q3,xiw,M3)^2*xiw*ufoGC58^2*ufoGC3*
      ufoGC4
       - 1/4*g_(1,6_,nu10)*g_(2,nu16,q2)*cFT(nu13,XX,i2,iufo11)*cFT(g7,XX,
      iufo11,j11)*flavourTag(fmu,j11,j12)*Vec(nu10,q3)*Vec(nu16,-q3)*Vec(nu9,
      -p3)*Vec(nu9,q2)*Vecr(nu13,p3)*Den(p3 - q2 - q3)^2*Deng(p3,xiw,M3)^2*
      Deng(q2 + q3,xiw,M3)^2*p3.p3*xia*xiw*ufoGC58^2*ufoGC3*ufoGC4
       + 1/4*g_(1,6_,nu10)*g_(2,nu16,q2)*cFT(nu13,XX,i2,iufo11)*cFT(g7,XX,
      iufo11,j11)*flavourTag(fmu,j11,j12)*Vec(nu10,q3)*Vec(nu16,-q3)*Vec(nu9,
      -p3)*Vec(nu9,q2)*Vecr(nu13,p3)*Den(p3 - q2 - q3)^2*Deng(p3,xiw,M3)^2*
      Deng(q2 + q3,xiw,M3)^2*p3.p3*xiw*ufoGC58^2*ufoGC3*ufoGC4
       - 1/4*g_(1,6_,nu10)*g_(2,nu16,q2)*cFT(nu13,XX,i2,iufo11)*cFT(g7,XX,
      iufo11,j11)*flavourTag(fmu,j11,j12)*Vec(nu10,q3)*Vec(nu16,-q3)*Vec(nu9,
      -p3)*Vec(nu9,q3)*Vec(nu14,-q2)*Vecr(nu13,p3)*Vecr(nu14,p3)*Den(p3 - q2
       - q3)^2*Deng(p3,xiw,M3)^2*Deng(q2 + q3,xiw,M3)^2*xia*xiw*ufoGC58^2*
      ufoGC3*ufoGC4
       + 1/4*g_(1,6_,nu10)*g_(2,nu16,q2)*cFT(nu13,XX,i2,iufo11)*cFT(g7,XX,
      iufo11,j11)*flavourTag(fmu,j11,j12)*Vec(nu10,q3)*Vec(nu16,-q3)*Vec(nu9,
      -p3)*Vec(nu9,q3)*Vec(nu14,-q2)*Vecr(nu13,p3)*Vecr(nu14,p3)*Den(p3 - q2
       - q3)^2*Deng(p3,xiw,M3)^2*Deng(q2 + q3,xiw,M3)^2*xiw*ufoGC58^2*ufoGC3*
      ufoGC4
       - 1/4*g_(1,6_,nu10)*g_(2,nu16,q2)*cFT(nu13,XX,i2,iufo11)*cFT(g7,XX,
      iufo11,j11)*flavourTag(fmu,j11,j12)*Vec(nu10,q3)*Vec(nu16,-q3)*Vec(nu9,
      -p3)*Vec(nu9,q3)*Vec(nu14,-q3)*Vecr(nu13,p3)*Vecr(nu14,p3)*Den(p3 - q2
       - q3)^2*Deng(p3,xiw,M3)^2*Deng(q2 + q3,xiw,M3)^2*xia*xiw*ufoGC58^2*
      ufoGC3*ufoGC4
       + 1/4*g_(1,6_,nu10)*g_(2,nu16,q2)*cFT(nu13,XX,i2,iufo11)*cFT(g7,XX,
      iufo11,j11)*flavourTag(fmu,j11,j12)*Vec(nu10,q3)*Vec(nu16,-q3)*Vec(nu9,
      -p3)*Vec(nu9,q3)*Vec(nu14,-q3)*Vecr(nu13,p3)*Vecr(nu14,p3)*Den(p3 - q2
       - q3)^2*Deng(p3,xiw,M3)^2*Deng(q2 + q3,xiw,M3)^2*xiw*ufoGC58^2*ufoGC3*
      ufoGC4
       - 1/4*g_(1,6_,nu10)*g_(2,nu16,q2)*cFT(nu13,XX,i2,iufo11)*cFT(g7,XX,
      iufo11,j11)*flavourTag(fmu,j11,j12)*Vec(nu10,q3)*Vec(nu16,-q3)*Vec(nu9,
      -p3)*Vec(nu9,q3)*Vecr(nu13,p3)*Den(p3 - q2 - q3)^2*Deng(p3,xiw,M3)^2*
      Deng(q2 + q3,xiw,M3)^2*p3.p3*xia*xiw*ufoGC58^2*ufoGC3*ufoGC4
       + 1/4*g_(1,6_,nu10)*g_(2,nu16,q2)*cFT(nu13,XX,i2,iufo11)*cFT(g7,XX,
      iufo11,j11)*flavourTag(fmu,j11,j12)*Vec(nu10,q3)*Vec(nu16,-q3)*Vec(nu9,
      -p3)*Vec(nu9,q3)*Vecr(nu13,p3)*Den(p3 - q2 - q3)^2*Deng(p3,xiw,M3)^2*
      Deng(q2 + q3,xiw,M3)^2*p3.p3*xiw*ufoGC58^2*ufoGC3*ufoGC4
       + 1/4*g_(1,6_,nu10)*g_(2,nu16,q2)*cFT(nu13,XX,i2,iufo11)*cFT(g7,XX,
      iufo11,j11)*flavourTag(fmu,j11,j12)*Vec(nu10,q3)*Vec(nu16,-q3)*Vec(nu9,
      -q2)*Vec(nu9,q2)*Vec(nu14,q2)*Vecr(nu13,p3)*Vecr(nu14,p3)*Den(p3 - q2 - 
      q3)^2*Deng(p3,xiw,M3)^2*Deng(q2 + q3,xiw,M3)^2*xia*xiw*ufoGC58^2*ufoGC3*
      ufoGC4
       - 1/4*g_(1,6_,nu10)*g_(2,nu16,q2)*cFT(nu13,XX,i2,iufo11)*cFT(g7,XX,
      iufo11,j11)*flavourTag(fmu,j11,j12)*Vec(nu10,q3)*Vec(nu16,-q3)*Vec(nu9,
      -q2)*Vec(nu9,q2)*Vec(nu14,q2)*Vecr(nu13,p3)*Vecr(nu14,p3)*Den(p3 - q2 - 
      q3)^2*Deng(p3,xiw,M3)^2*Deng(q2 + q3,xiw,M3)^2*xiw*ufoGC58^2*ufoGC3*
      ufoGC4
       + 1/4*g_(1,6_,nu10)*g_(2,nu16,q2)*cFT(nu13,XX,i2,iufo11)*cFT(g7,XX,
      iufo11,j11)*flavourTag(fmu,j11,j12)*Vec(nu10,q3)*Vec(nu16,-q3)*Vec(nu9,
      -q2)*Vec(nu9,q2)*Vec(nu14,q3)*Vecr(nu13,p3)*Vecr(nu14,p3)*Den(p3 - q2 - 
      q3)^2*Deng(p3,xiw,M3)^2*Deng(q2 + q3,xiw,M3)^2*xia*xiw*ufoGC58^2*ufoGC3*
      ufoGC4
       - 1/4*g_(1,6_,nu10)*g_(2,nu16,q2)*cFT(nu13,XX,i2,iufo11)*cFT(g7,XX,
      iufo11,j11)*flavourTag(fmu,j11,j12)*Vec(nu10,q3)*Vec(nu16,-q3)*Vec(nu9,
      -q2)*Vec(nu9,q2)*Vec(nu14,q3)*Vecr(nu13,p3)*Vecr(nu14,p3)*Den(p3 - q2 - 
      q3)^2*Deng(p3,xiw,M3)^2*Deng(q2 + q3,xiw,M3)^2*xiw*ufoGC58^2*ufoGC3*
      ufoGC4
       + 1/4*g_(1,6_,nu10)*g_(2,nu16,q2)*cFT(nu13,XX,i2,iufo11)*cFT(g7,XX,
      iufo11,j11)*flavourTag(fmu,j11,j12)*Vec(nu10,q3)*Vec(nu16,-q3)*Vec(nu9,
      -q2)*Vec(nu9,q3)*Vec(nu14,q2)*Vecr(nu13,p3)*Vecr(nu14,p3)*Den(p3 - q2 - 
      q3)^2*Deng(p3,xiw,M3)^2*Deng(q2 + q3,xiw,M3)^2*xia*xiw*ufoGC58^2*ufoGC3*
      ufoGC4
       - 1/4*g_(1,6_,nu10)*g_(2,nu16,q2)*cFT(nu13,XX,i2,iufo11)*cFT(g7,XX,
      iufo11,j11)*flavourTag(fmu,j11,j12)*Vec(nu10,q3)*Vec(nu16,-q3)*Vec(nu9,
      -q2)*Vec(nu9,q3)*Vec(nu14,q2)*Vecr(nu13,p3)*Vecr(nu14,p3)*Den(p3 - q2 - 
      q3)^2*Deng(p3,xiw,M3)^2*Deng(q2 + q3,xiw,M3)^2*xiw*ufoGC58^2*ufoGC3*
      ufoGC4
       + 1/4*g_(1,6_,nu10)*g_(2,nu16,q2)*cFT(nu13,XX,i2,iufo11)*cFT(g7,XX,
      iufo11,j11)*flavourTag(fmu,j11,j12)*Vec(nu10,q3)*Vec(nu16,-q3)*Vec(nu9,
      -q2)*Vec(nu9,q3)*Vec(nu14,q3)*Vecr(nu13,p3)*Vecr(nu14,p3)*Den(p3 - q2 - 
      q3)^2*Deng(p3,xiw,M3)^2*Deng(q2 + q3,xiw,M3)^2*xia*xiw*ufoGC58^2*ufoGC3*
      ufoGC4
       - 1/4*g_(1,6_,nu10)*g_(2,nu16,q2)*cFT(nu13,XX,i2,iufo11)*cFT(g7,XX,
      iufo11,j11)*flavourTag(fmu,j11,j12)*Vec(nu10,q3)*Vec(nu16,-q3)*Vec(nu9,
      -q2)*Vec(nu9,q3)*Vec(nu14,q3)*Vecr(nu13,p3)*Vecr(nu14,p3)*Den(p3 - q2 - 
      q3)^2*Deng(p3,xiw,M3)^2*Deng(q2 + q3,xiw,M3)^2*xiw*ufoGC58^2*ufoGC3*
      ufoGC4
       + 1/4*g_(1,6_,nu10)*g_(2,nu16,q2)*cFT(nu13,XX,i2,iufo11)*cFT(g7,XX,
      iufo11,j11)*flavourTag(fmu,j11,j12)*Vec(nu10,q3)*Vec(nu16,-q3)*Vec(nu9,
      -q3)*Vec(nu9,q2)*Vec(nu14,q2)*Vecr(nu13,p3)*Vecr(nu14,p3)*Den(p3 - q2 - 
      q3)^2*Deng(p3,xiw,M3)^2*Deng(q2 + q3,xiw,M3)^2*xia*xiw*ufoGC58^2*ufoGC3*
      ufoGC4
       - 1/4*g_(1,6_,nu10)*g_(2,nu16,q2)*cFT(nu13,XX,i2,iufo11)*cFT(g7,XX,
      iufo11,j11)*flavourTag(fmu,j11,j12)*Vec(nu10,q3)*Vec(nu16,-q3)*Vec(nu9,
      -q3)*Vec(nu9,q2)*Vec(nu14,q2)*Vecr(nu13,p3)*Vecr(nu14,p3)*Den(p3 - q2 - 
      q3)^2*Deng(p3,xiw,M3)^2*Deng(q2 + q3,xiw,M3)^2*xiw*ufoGC58^2*ufoGC3*
      ufoGC4
       + 1/4*g_(1,6_,nu10)*g_(2,nu16,q2)*cFT(nu13,XX,i2,iufo11)*cFT(g7,XX,
      iufo11,j11)*flavourTag(fmu,j11,j12)*Vec(nu10,q3)*Vec(nu16,-q3)*Vec(nu9,
      -q3)*Vec(nu9,q2)*Vec(nu14,q3)*Vecr(nu13,p3)*Vecr(nu14,p3)*Den(p3 - q2 - 
      q3)^2*Deng(p3,xiw,M3)^2*Deng(q2 + q3,xiw,M3)^2*xia*xiw*ufoGC58^2*ufoGC3*
      ufoGC4
       - 1/4*g_(1,6_,nu10)*g_(2,nu16,q2)*cFT(nu13,XX,i2,iufo11)*cFT(g7,XX,
      iufo11,j11)*flavourTag(fmu,j11,j12)*Vec(nu10,q3)*Vec(nu16,-q3)*Vec(nu9,
      -q3)*Vec(nu9,q2)*Vec(nu14,q3)*Vecr(nu13,p3)*Vecr(nu14,p3)*Den(p3 - q2 - 
      q3)^2*Deng(p3,xiw,M3)^2*Deng(q2 + q3,xiw,M3)^2*xiw*ufoGC58^2*ufoGC3*
      ufoGC4
       + 1/4*g_(1,6_,nu10)*g_(2,nu16,q2)*cFT(nu13,XX,i2,iufo11)*cFT(g7,XX,
      iufo11,j11)*flavourTag(fmu,j11,j12)*Vec(nu10,q3)*Vec(nu16,-q3)*Vec(nu9,
      -q3)*Vec(nu9,q3)*Vec(nu14,q2)*Vecr(nu13,p3)*Vecr(nu14,p3)*Den(p3 - q2 - 
      q3)^2*Deng(p3,xiw,M3)^2*Deng(q2 + q3,xiw,M3)^2*xia*xiw*ufoGC58^2*ufoGC3*
      ufoGC4
       - 1/4*g_(1,6_,nu10)*g_(2,nu16,q2)*cFT(nu13,XX,i2,iufo11)*cFT(g7,XX,
      iufo11,j11)*flavourTag(fmu,j11,j12)*Vec(nu10,q3)*Vec(nu16,-q3)*Vec(nu9,
      -q3)*Vec(nu9,q3)*Vec(nu14,q2)*Vecr(nu13,p3)*Vecr(nu14,p3)*Den(p3 - q2 - 
      q3)^2*Deng(p3,xiw,M3)^2*Deng(q2 + q3,xiw,M3)^2*xiw*ufoGC58^2*ufoGC3*
      ufoGC4
       + 1/4*g_(1,6_,nu10)*g_(2,nu16,q2)*cFT(nu13,XX,i2,iufo11)*cFT(g7,XX,
      iufo11,j11)*flavourTag(fmu,j11,j12)*Vec(nu10,q3)*Vec(nu16,-q3)*Vec(nu9,
      -q3)*Vec(nu9,q3)*Vec(nu14,q3)*Vecr(nu13,p3)*Vecr(nu14,p3)*Den(p3 - q2 - 
      q3)^2*Deng(p3,xiw,M3)^2*Deng(q2 + q3,xiw,M3)^2*xia*xiw*ufoGC58^2*ufoGC3*
      ufoGC4
       - 1/4*g_(1,6_,nu10)*g_(2,nu16,q2)*cFT(nu13,XX,i2,iufo11)*cFT(g7,XX,
      iufo11,j11)*flavourTag(fmu,j11,j12)*Vec(nu10,q3)*Vec(nu16,-q3)*Vec(nu9,
      -q3)*Vec(nu9,q3)*Vec(nu14,q3)*Vecr(nu13,p3)*Vecr(nu14,p3)*Den(p3 - q2 - 
      q3)^2*Deng(p3,xiw,M3)^2*Deng(q2 + q3,xiw,M3)^2*xiw*ufoGC58^2*ufoGC3*
      ufoGC4
       - 1/4*g_(1,6_,nu10)*g_(2,nu16,q2)*cFT(nu13,XX,i2,iufo11)*cFT(g7,XX,
      iufo11,j11)*flavourTag(fmu,j11,j12)*Vec(nu10,q3)*Vec(nu16,-q3)*Vec(nu14,
      q2)*Vec(nu15,q2)*Vecr(nu13,p3)*Vecr(nu14,p3)*Vecr(nu15,p3)*Den(p3 - q2
       - q3)^2*Deng(p3,xiw,M3)^2*Deng(q2 + q3,xiw,M3)^2*xia*xiw*ufoGC58^2*
      ufoGC3*ufoGC4
       + 1/4*g_(1,6_,nu10)*g_(2,nu16,q2)*cFT(nu13,XX,i2,iufo11)*cFT(g7,XX,
      iufo11,j11)*flavourTag(fmu,j11,j12)*Vec(nu10,q3)*Vec(nu16,-q3)*Vec(nu14,
      q2)*Vec(nu15,q2)*Vecr(nu13,p3)*Vecr(nu14,p3)*Vecr(nu15,p3)*Den(p3 - q2
       - q3)^2*Deng(p3,xiw,M3)^2*Deng(q2 + q3,xiw,M3)^2*xiw*ufoGC58^2*ufoGC3*
      ufoGC4
       - 1/4*g_(1,6_,nu10)*g_(2,nu16,q2)*cFT(nu13,XX,i2,iufo11)*cFT(g7,XX,
      iufo11,j11)*flavourTag(fmu,j11,j12)*Vec(nu10,q3)*Vec(nu16,-q3)*Vec(nu14,
      q2)*Vec(nu15,q3)*Vecr(nu13,p3)*Vecr(nu14,p3)*Vecr(nu15,p3)*Den(p3 - q2
       - q3)^2*Deng(p3,xiw,M3)^2*Deng(q2 + q3,xiw,M3)^2*xia*xiw*ufoGC58^2*
      ufoGC3*ufoGC4
       + 1/4*g_(1,6_,nu10)*g_(2,nu16,q2)*cFT(nu13,XX,i2,iufo11)*cFT(g7,XX,
      iufo11,j11)*flavourTag(fmu,j11,j12)*Vec(nu10,q3)*Vec(nu16,-q3)*Vec(nu14,
      q2)*Vec(nu15,q3)*Vecr(nu13,p3)*Vecr(nu14,p3)*Vecr(nu15,p3)*Den(p3 - q2
       - q3)^2*Deng(p3,xiw,M3)^2*Deng(q2 + q3,xiw,M3)^2*xiw*ufoGC58^2*ufoGC3*
      ufoGC4
       + 1/4*g_(1,6_,nu10)*g_(2,nu16,q2)*cFT(nu13,XX,i2,iufo11)*cFT(g7,XX,
      iufo11,j11)*flavourTag(fmu,j11,j12)*Vec(nu10,q3)*Vec(nu16,-q3)*Vec(nu14,
      q2)*Vec(nu15,-p3)*Vec(nu15,-q2)*Vecr(nu13,p3)*Vecr(nu14,p3)*Den(p3 - q2
       - q3)^2*Deng(p3,xiw,M3)^2*Deng(q2 + q3,xiw,M3)^2*xia*xiw*ufoGC58^2*
      ufoGC3*ufoGC4
       - 1/4*g_(1,6_,nu10)*g_(2,nu16,q2)*cFT(nu13,XX,i2,iufo11)*cFT(g7,XX,
      iufo11,j11)*flavourTag(fmu,j11,j12)*Vec(nu10,q3)*Vec(nu16,-q3)*Vec(nu14,
      q2)*Vec(nu15,-p3)*Vec(nu15,-q2)*Vecr(nu13,p3)*Vecr(nu14,p3)*Den(p3 - q2
       - q3)^2*Deng(p3,xiw,M3)^2*Deng(q2 + q3,xiw,M3)^2*xiw*ufoGC58^2*ufoGC3*
      ufoGC4
       + 1/4*g_(1,6_,nu10)*g_(2,nu16,q2)*cFT(nu13,XX,i2,iufo11)*cFT(g7,XX,
      iufo11,j11)*flavourTag(fmu,j11,j12)*Vec(nu10,q3)*Vec(nu16,-q3)*Vec(nu14,
      q2)*Vec(nu15,-p3)*Vec(nu15,-q3)*Vecr(nu13,p3)*Vecr(nu14,p3)*Den(p3 - q2
       - q3)^2*Deng(p3,xiw,M3)^2*Deng(q2 + q3,xiw,M3)^2*xia*xiw*ufoGC58^2*
      ufoGC3*ufoGC4
       - 1/4*g_(1,6_,nu10)*g_(2,nu16,q2)*cFT(nu13,XX,i2,iufo11)*cFT(g7,XX,
      iufo11,j11)*flavourTag(fmu,j11,j12)*Vec(nu10,q3)*Vec(nu16,-q3)*Vec(nu14,
      q2)*Vec(nu15,-p3)*Vec(nu15,-q3)*Vecr(nu13,p3)*Vecr(nu14,p3)*Den(p3 - q2
       - q3)^2*Deng(p3,xiw,M3)^2*Deng(q2 + q3,xiw,M3)^2*xiw*ufoGC58^2*ufoGC3*
      ufoGC4
       + 1/4*g_(1,6_,nu10)*g_(2,nu16,q2)*cFT(nu13,XX,i2,iufo11)*cFT(g7,XX,
      iufo11,j11)*flavourTag(fmu,j11,j12)*Vec(nu10,q3)*Vec(nu16,-q3)*Vec(nu14,
      q2)*Vec(nu15,-p3)*Vecr(nu13,p3)*Vecr(nu14,p3)*Vecr(nu15,p3)*Den(p3 - q2
       - q3)^2*Deng(p3,xiw,M3)^2*Deng(q2 + q3,xiw,M3)^2*xia*xiw*ufoGC58^2*
      ufoGC3*ufoGC4
       - 1/4*g_(1,6_,nu10)*g_(2,nu16,q2)*cFT(nu13,XX,i2,iufo11)*cFT(g7,XX,
      iufo11,j11)*flavourTag(fmu,j11,j12)*Vec(nu10,q3)*Vec(nu16,-q3)*Vec(nu14,
      q2)*Vec(nu15,-p3)*Vecr(nu13,p3)*Vecr(nu14,p3)*Vecr(nu15,p3)*Den(p3 - q2
       - q3)^2*Deng(p3,xiw,M3)^2*Deng(q2 + q3,xiw,M3)^2*xiw*ufoGC58^2*ufoGC3*
      ufoGC4
       - 1/4*g_(1,6_,nu10)*g_(2,nu16,q2)*cFT(nu13,XX,i2,iufo11)*cFT(g7,XX,
      iufo11,j11)*flavourTag(fmu,j11,j12)*Vec(nu10,q3)*Vec(nu16,-q3)*Vec(nu14,
      q2)*Vec(nu15,-q2)*Vec(nu15,q2)*Vecr(nu13,p3)*Vecr(nu14,p3)*Den(p3 - q2
       - q3)^2*Deng(p3,xiw,M3)^2*Deng(q2 + q3,xiw,M3)^2*xia*xiw*ufoGC58^2*
      ufoGC3*ufoGC4
       + 1/4*g_(1,6_,nu10)*g_(2,nu16,q2)*cFT(nu13,XX,i2,iufo11)*cFT(g7,XX,
      iufo11,j11)*flavourTag(fmu,j11,j12)*Vec(nu10,q3)*Vec(nu16,-q3)*Vec(nu14,
      q2)*Vec(nu15,-q2)*Vec(nu15,q2)*Vecr(nu13,p3)*Vecr(nu14,p3)*Den(p3 - q2
       - q3)^2*Deng(p3,xiw,M3)^2*Deng(q2 + q3,xiw,M3)^2*xiw*ufoGC58^2*ufoGC3*
      ufoGC4
       - 1/4*g_(1,6_,nu10)*g_(2,nu16,q2)*cFT(nu13,XX,i2,iufo11)*cFT(g7,XX,
      iufo11,j11)*flavourTag(fmu,j11,j12)*Vec(nu10,q3)*Vec(nu16,-q3)*Vec(nu14,
      q2)*Vec(nu15,-q2)*Vec(nu15,q3)*Vecr(nu13,p3)*Vecr(nu14,p3)*Den(p3 - q2
       - q3)^2*Deng(p3,xiw,M3)^2*Deng(q2 + q3,xiw,M3)^2*xia*xiw*ufoGC58^2*
      ufoGC3*ufoGC4
       + 1/4*g_(1,6_,nu10)*g_(2,nu16,q2)*cFT(nu13,XX,i2,iufo11)*cFT(g7,XX,
      iufo11,j11)*flavourTag(fmu,j11,j12)*Vec(nu10,q3)*Vec(nu16,-q3)*Vec(nu14,
      q2)*Vec(nu15,-q2)*Vec(nu15,q3)*Vecr(nu13,p3)*Vecr(nu14,p3)*Den(p3 - q2
       - q3)^2*Deng(p3,xiw,M3)^2*Deng(q2 + q3,xiw,M3)^2*xiw*ufoGC58^2*ufoGC3*
      ufoGC4
       - 1/4*g_(1,6_,nu10)*g_(2,nu16,q2)*cFT(nu13,XX,i2,iufo11)*cFT(g7,XX,
      iufo11,j11)*flavourTag(fmu,j11,j12)*Vec(nu10,q3)*Vec(nu16,-q3)*Vec(nu14,
      q2)*Vec(nu15,-q3)*Vec(nu15,q2)*Vecr(nu13,p3)*Vecr(nu14,p3)*Den(p3 - q2
       - q3)^2*Deng(p3,xiw,M3)^2*Deng(q2 + q3,xiw,M3)^2*xia*xiw*ufoGC58^2*
      ufoGC3*ufoGC4
       + 1/4*g_(1,6_,nu10)*g_(2,nu16,q2)*cFT(nu13,XX,i2,iufo11)*cFT(g7,XX,
      iufo11,j11)*flavourTag(fmu,j11,j12)*Vec(nu10,q3)*Vec(nu16,-q3)*Vec(nu14,
      q2)*Vec(nu15,-q3)*Vec(nu15,q2)*Vecr(nu13,p3)*Vecr(nu14,p3)*Den(p3 - q2
       - q3)^2*Deng(p3,xiw,M3)^2*Deng(q2 + q3,xiw,M3)^2*xiw*ufoGC58^2*ufoGC3*
      ufoGC4
       - 1/4*g_(1,6_,nu10)*g_(2,nu16,q2)*cFT(nu13,XX,i2,iufo11)*cFT(g7,XX,
      iufo11,j11)*flavourTag(fmu,j11,j12)*Vec(nu10,q3)*Vec(nu16,-q3)*Vec(nu14,
      q2)*Vec(nu15,-q3)*Vec(nu15,q3)*Vecr(nu13,p3)*Vecr(nu14,p3)*Den(p3 - q2
       - q3)^2*Deng(p3,xiw,M3)^2*Deng(q2 + q3,xiw,M3)^2*xia*xiw*ufoGC58^2*
      ufoGC3*ufoGC4
       + 1/4*g_(1,6_,nu10)*g_(2,nu16,q2)*cFT(nu13,XX,i2,iufo11)*cFT(g7,XX,
      iufo11,j11)*flavourTag(fmu,j11,j12)*Vec(nu10,q3)*Vec(nu16,-q3)*Vec(nu14,
      q2)*Vec(nu15,-q3)*Vec(nu15,q3)*Vecr(nu13,p3)*Vecr(nu14,p3)*Den(p3 - q2
       - q3)^2*Deng(p3,xiw,M3)^2*Deng(q2 + q3,xiw,M3)^2*xiw*ufoGC58^2*ufoGC3*
      ufoGC4
       - 1/4*g_(1,6_,nu10)*g_(2,nu16,q2)*cFT(nu13,XX,i2,iufo11)*cFT(g7,XX,
      iufo11,j11)*flavourTag(fmu,j11,j12)*Vec(nu10,q3)*Vec(nu16,-q3)*Vec(nu14,
      q3)*Vec(nu15,q2)*Vecr(nu13,p3)*Vecr(nu14,p3)*Vecr(nu15,p3)*Den(p3 - q2
       - q3)^2*Deng(p3,xiw,M3)^2*Deng(q2 + q3,xiw,M3)^2*xia*xiw*ufoGC58^2*
      ufoGC3*ufoGC4
       + 1/4*g_(1,6_,nu10)*g_(2,nu16,q2)*cFT(nu13,XX,i2,iufo11)*cFT(g7,XX,
      iufo11,j11)*flavourTag(fmu,j11,j12)*Vec(nu10,q3)*Vec(nu16,-q3)*Vec(nu14,
      q3)*Vec(nu15,q2)*Vecr(nu13,p3)*Vecr(nu14,p3)*Vecr(nu15,p3)*Den(p3 - q2
       - q3)^2*Deng(p3,xiw,M3)^2*Deng(q2 + q3,xiw,M3)^2*xiw*ufoGC58^2*ufoGC3*
      ufoGC4
       - 1/4*g_(1,6_,nu10)*g_(2,nu16,q2)*cFT(nu13,XX,i2,iufo11)*cFT(g7,XX,
      iufo11,j11)*flavourTag(fmu,j11,j12)*Vec(nu10,q3)*Vec(nu16,-q3)*Vec(nu14,
      q3)*Vec(nu15,q3)*Vecr(nu13,p3)*Vecr(nu14,p3)*Vecr(nu15,p3)*Den(p3 - q2
       - q3)^2*Deng(p3,xiw,M3)^2*Deng(q2 + q3,xiw,M3)^2*xia*xiw*ufoGC58^2*
      ufoGC3*ufoGC4
       + 1/4*g_(1,6_,nu10)*g_(2,nu16,q2)*cFT(nu13,XX,i2,iufo11)*cFT(g7,XX,
      iufo11,j11)*flavourTag(fmu,j11,j12)*Vec(nu10,q3)*Vec(nu16,-q3)*Vec(nu14,
      q3)*Vec(nu15,q3)*Vecr(nu13,p3)*Vecr(nu14,p3)*Vecr(nu15,p3)*Den(p3 - q2
       - q3)^2*Deng(p3,xiw,M3)^2*Deng(q2 + q3,xiw,M3)^2*xiw*ufoGC58^2*ufoGC3*
      ufoGC4
       + 1/4*g_(1,6_,nu10)*g_(2,nu16,q2)*cFT(nu13,XX,i2,iufo11)*cFT(g7,XX,
      iufo11,j11)*flavourTag(fmu,j11,j12)*Vec(nu10,q3)*Vec(nu16,-q3)*Vec(nu14,
      q3)*Vec(nu15,-p3)*Vec(nu15,-q2)*Vecr(nu13,p3)*Vecr(nu14,p3)*Den(p3 - q2
       - q3)^2*Deng(p3,xiw,M3)^2*Deng(q2 + q3,xiw,M3)^2*xia*xiw*ufoGC58^2*
      ufoGC3*ufoGC4
       - 1/4*g_(1,6_,nu10)*g_(2,nu16,q2)*cFT(nu13,XX,i2,iufo11)*cFT(g7,XX,
      iufo11,j11)*flavourTag(fmu,j11,j12)*Vec(nu10,q3)*Vec(nu16,-q3)*Vec(nu14,
      q3)*Vec(nu15,-p3)*Vec(nu15,-q2)*Vecr(nu13,p3)*Vecr(nu14,p3)*Den(p3 - q2
       - q3)^2*Deng(p3,xiw,M3)^2*Deng(q2 + q3,xiw,M3)^2*xiw*ufoGC58^2*ufoGC3*
      ufoGC4
       + 1/4*g_(1,6_,nu10)*g_(2,nu16,q2)*cFT(nu13,XX,i2,iufo11)*cFT(g7,XX,
      iufo11,j11)*flavourTag(fmu,j11,j12)*Vec(nu10,q3)*Vec(nu16,-q3)*Vec(nu14,
      q3)*Vec(nu15,-p3)*Vec(nu15,-q3)*Vecr(nu13,p3)*Vecr(nu14,p3)*Den(p3 - q2
       - q3)^2*Deng(p3,xiw,M3)^2*Deng(q2 + q3,xiw,M3)^2*xia*xiw*ufoGC58^2*
      ufoGC3*ufoGC4
       - 1/4*g_(1,6_,nu10)*g_(2,nu16,q2)*cFT(nu13,XX,i2,iufo11)*cFT(g7,XX,
      iufo11,j11)*flavourTag(fmu,j11,j12)*Vec(nu10,q3)*Vec(nu16,-q3)*Vec(nu14,
      q3)*Vec(nu15,-p3)*Vec(nu15,-q3)*Vecr(nu13,p3)*Vecr(nu14,p3)*Den(p3 - q2
       - q3)^2*Deng(p3,xiw,M3)^2*Deng(q2 + q3,xiw,M3)^2*xiw*ufoGC58^2*ufoGC3*
      ufoGC4
       + 1/4*g_(1,6_,nu10)*g_(2,nu16,q2)*cFT(nu13,XX,i2,iufo11)*cFT(g7,XX,
      iufo11,j11)*flavourTag(fmu,j11,j12)*Vec(nu10,q3)*Vec(nu16,-q3)*Vec(nu14,
      q3)*Vec(nu15,-p3)*Vecr(nu13,p3)*Vecr(nu14,p3)*Vecr(nu15,p3)*Den(p3 - q2
       - q3)^2*Deng(p3,xiw,M3)^2*Deng(q2 + q3,xiw,M3)^2*xia*xiw*ufoGC58^2*
      ufoGC3*ufoGC4
       - 1/4*g_(1,6_,nu10)*g_(2,nu16,q2)*cFT(nu13,XX,i2,iufo11)*cFT(g7,XX,
      iufo11,j11)*flavourTag(fmu,j11,j12)*Vec(nu10,q3)*Vec(nu16,-q3)*Vec(nu14,
      q3)*Vec(nu15,-p3)*Vecr(nu13,p3)*Vecr(nu14,p3)*Vecr(nu15,p3)*Den(p3 - q2
       - q3)^2*Deng(p3,xiw,M3)^2*Deng(q2 + q3,xiw,M3)^2*xiw*ufoGC58^2*ufoGC3*
      ufoGC4
       - 1/4*g_(1,6_,nu10)*g_(2,nu16,q2)*cFT(nu13,XX,i2,iufo11)*cFT(g7,XX,
      iufo11,j11)*flavourTag(fmu,j11,j12)*Vec(nu10,q3)*Vec(nu16,-q3)*Vec(nu14,
      q3)*Vec(nu15,-q2)*Vec(nu15,q2)*Vecr(nu13,p3)*Vecr(nu14,p3)*Den(p3 - q2
       - q3)^2*Deng(p3,xiw,M3)^2*Deng(q2 + q3,xiw,M3)^2*xia*xiw*ufoGC58^2*
      ufoGC3*ufoGC4
       + 1/4*g_(1,6_,nu10)*g_(2,nu16,q2)*cFT(nu13,XX,i2,iufo11)*cFT(g7,XX,
      iufo11,j11)*flavourTag(fmu,j11,j12)*Vec(nu10,q3)*Vec(nu16,-q3)*Vec(nu14,
      q3)*Vec(nu15,-q2)*Vec(nu15,q2)*Vecr(nu13,p3)*Vecr(nu14,p3)*Den(p3 - q2
       - q3)^2*Deng(p3,xiw,M3)^2*Deng(q2 + q3,xiw,M3)^2*xiw*ufoGC58^2*ufoGC3*
      ufoGC4
       - 1/4*g_(1,6_,nu10)*g_(2,nu16,q2)*cFT(nu13,XX,i2,iufo11)*cFT(g7,XX,
      iufo11,j11)*flavourTag(fmu,j11,j12)*Vec(nu10,q3)*Vec(nu16,-q3)*Vec(nu14,
      q3)*Vec(nu15,-q2)*Vec(nu15,q3)*Vecr(nu13,p3)*Vecr(nu14,p3)*Den(p3 - q2
       - q3)^2*Deng(p3,xiw,M3)^2*Deng(q2 + q3,xiw,M3)^2*xia*xiw*ufoGC58^2*
      ufoGC3*ufoGC4
       + 1/4*g_(1,6_,nu10)*g_(2,nu16,q2)*cFT(nu13,XX,i2,iufo11)*cFT(g7,XX,
      iufo11,j11)*flavourTag(fmu,j11,j12)*Vec(nu10,q3)*Vec(nu16,-q3)*Vec(nu14,
      q3)*Vec(nu15,-q2)*Vec(nu15,q3)*Vecr(nu13,p3)*Vecr(nu14,p3)*Den(p3 - q2
       - q3)^2*Deng(p3,xiw,M3)^2*Deng(q2 + q3,xiw,M3)^2*xiw*ufoGC58^2*ufoGC3*
      ufoGC4
       - 1/4*g_(1,6_,nu10)*g_(2,nu16,q2)*cFT(nu13,XX,i2,iufo11)*cFT(g7,XX,
      iufo11,j11)*flavourTag(fmu,j11,j12)*Vec(nu10,q3)*Vec(nu16,-q3)*Vec(nu14,
      q3)*Vec(nu15,-q3)*Vec(nu15,q2)*Vecr(nu13,p3)*Vecr(nu14,p3)*Den(p3 - q2
       - q3)^2*Deng(p3,xiw,M3)^2*Deng(q2 + q3,xiw,M3)^2*xia*xiw*ufoGC58^2*
      ufoGC3*ufoGC4
       + 1/4*g_(1,6_,nu10)*g_(2,nu16,q2)*cFT(nu13,XX,i2,iufo11)*cFT(g7,XX,
      iufo11,j11)*flavourTag(fmu,j11,j12)*Vec(nu10,q3)*Vec(nu16,-q3)*Vec(nu14,
      q3)*Vec(nu15,-q3)*Vec(nu15,q2)*Vecr(nu13,p3)*Vecr(nu14,p3)*Den(p3 - q2
       - q3)^2*Deng(p3,xiw,M3)^2*Deng(q2 + q3,xiw,M3)^2*xiw*ufoGC58^2*ufoGC3*
      ufoGC4
       - 1/4*g_(1,6_,nu10)*g_(2,nu16,q2)*cFT(nu13,XX,i2,iufo11)*cFT(g7,XX,
      iufo11,j11)*flavourTag(fmu,j11,j12)*Vec(nu10,q3)*Vec(nu16,-q3)*Vec(nu14,
      q3)*Vec(nu15,-q3)*Vec(nu15,q3)*Vecr(nu13,p3)*Vecr(nu14,p3)*Den(p3 - q2
       - q3)^2*Deng(p3,xiw,M3)^2*Deng(q2 + q3,xiw,M3)^2*xia*xiw*ufoGC58^2*
      ufoGC3*ufoGC4
       + 1/4*g_(1,6_,nu10)*g_(2,nu16,q2)*cFT(nu13,XX,i2,iufo11)*cFT(g7,XX,
      iufo11,j11)*flavourTag(fmu,j11,j12)*Vec(nu10,q3)*Vec(nu16,-q3)*Vec(nu14,
      q3)*Vec(nu15,-q3)*Vec(nu15,q3)*Vecr(nu13,p3)*Vecr(nu14,p3)*Den(p3 - q2
       - q3)^2*Deng(p3,xiw,M3)^2*Deng(q2 + q3,xiw,M3)^2*xiw*ufoGC58^2*ufoGC3*
      ufoGC4
       - 1/4*g_(1,6_,nu10)*g_(2,nu16,q2)*cFT(nu13,XX,i2,iufo11)*cFT(g7,XX,
      iufo11,j11)*flavourTag(fmu,j11,j12)*Vec(nu10,q3)*Vec(nu9,-p3)*Vec(nu9,q2
      )*Vec(nu14,-q2)*Vecr(nu16,p3)*Vecr(nu13,p3)*Vecr(nu14,p3)*Den(p3 - q2 - 
      q3)^2*Deng(p3,xiw,M3)^2*Deng(q2 + q3,xiw,M3)^2*xia*xiw*ufoGC58^2*ufoGC3*
      ufoGC4
       + 1/4*g_(1,6_,nu10)*g_(2,nu16,q2)*cFT(nu13,XX,i2,iufo11)*cFT(g7,XX,
      iufo11,j11)*flavourTag(fmu,j11,j12)*Vec(nu10,q3)*Vec(nu9,-p3)*Vec(nu9,q2
      )*Vec(nu14,-q2)*Vecr(nu16,p3)*Vecr(nu13,p3)*Vecr(nu14,p3)*Den(p3 - q2 - 
      q3)^2*Deng(p3,xiw,M3)^2*Deng(q2 + q3,xiw,M3)^2*xiw*ufoGC58^2*ufoGC3*
      ufoGC4
       - 1/4*g_(1,6_,nu10)*g_(2,nu16,q2)*cFT(nu13,XX,i2,iufo11)*cFT(g7,XX,
      iufo11,j11)*flavourTag(fmu,j11,j12)*Vec(nu10,q3)*Vec(nu9,-p3)*Vec(nu9,q2
      )*Vec(nu14,-q3)*Vecr(nu16,p3)*Vecr(nu13,p3)*Vecr(nu14,p3)*Den(p3 - q2 - 
      q3)^2*Deng(p3,xiw,M3)^2*Deng(q2 + q3,xiw,M3)^2*xia*xiw*ufoGC58^2*ufoGC3*
      ufoGC4
       + 1/4*g_(1,6_,nu10)*g_(2,nu16,q2)*cFT(nu13,XX,i2,iufo11)*cFT(g7,XX,
      iufo11,j11)*flavourTag(fmu,j11,j12)*Vec(nu10,q3)*Vec(nu9,-p3)*Vec(nu9,q2
      )*Vec(nu14,-q3)*Vecr(nu16,p3)*Vecr(nu13,p3)*Vecr(nu14,p3)*Den(p3 - q2 - 
      q3)^2*Deng(p3,xiw,M3)^2*Deng(q2 + q3,xiw,M3)^2*xiw*ufoGC58^2*ufoGC3*
      ufoGC4
       - 1/4*g_(1,6_,nu10)*g_(2,nu16,q2)*cFT(nu13,XX,i2,iufo11)*cFT(g7,XX,
      iufo11,j11)*flavourTag(fmu,j11,j12)*Vec(nu10,q3)*Vec(nu9,-p3)*Vec(nu9,q2
      )*Vecr(nu16,p3)*Vecr(nu13,p3)*Den(p3 - q2 - q3)^2*Deng(p3,xiw,M3)^2*
      Deng(q2 + q3,xiw,M3)^2*p3.p3*xia*xiw*ufoGC58^2*ufoGC3*ufoGC4
       + 1/4*g_(1,6_,nu10)*g_(2,nu16,q2)*cFT(nu13,XX,i2,iufo11)*cFT(g7,XX,
      iufo11,j11)*flavourTag(fmu,j11,j12)*Vec(nu10,q3)*Vec(nu9,-p3)*Vec(nu9,q2
      )*Vecr(nu16,p3)*Vecr(nu13,p3)*Den(p3 - q2 - q3)^2*Deng(p3,xiw,M3)^2*
      Deng(q2 + q3,xiw,M3)^2*p3.p3*xiw*ufoGC58^2*ufoGC3*ufoGC4
       - 1/4*g_(1,6_,nu10)*g_(2,nu16,q2)*cFT(nu13,XX,i2,iufo11)*cFT(g7,XX,
      iufo11,j11)*flavourTag(fmu,j11,j12)*Vec(nu10,q3)*Vec(nu9,-p3)*Vec(nu9,q3
      )*Vec(nu14,-q2)*Vecr(nu16,p3)*Vecr(nu13,p3)*Vecr(nu14,p3)*Den(p3 - q2 - 
      q3)^2*Deng(p3,xiw,M3)^2*Deng(q2 + q3,xiw,M3)^2*xia*xiw*ufoGC58^2*ufoGC3*
      ufoGC4
       + 1/4*g_(1,6_,nu10)*g_(2,nu16,q2)*cFT(nu13,XX,i2,iufo11)*cFT(g7,XX,
      iufo11,j11)*flavourTag(fmu,j11,j12)*Vec(nu10,q3)*Vec(nu9,-p3)*Vec(nu9,q3
      )*Vec(nu14,-q2)*Vecr(nu16,p3)*Vecr(nu13,p3)*Vecr(nu14,p3)*Den(p3 - q2 - 
      q3)^2*Deng(p3,xiw,M3)^2*Deng(q2 + q3,xiw,M3)^2*xiw*ufoGC58^2*ufoGC3*
      ufoGC4
       - 1/4*g_(1,6_,nu10)*g_(2,nu16,q2)*cFT(nu13,XX,i2,iufo11)*cFT(g7,XX,
      iufo11,j11)*flavourTag(fmu,j11,j12)*Vec(nu10,q3)*Vec(nu9,-p3)*Vec(nu9,q3
      )*Vec(nu14,-q3)*Vecr(nu16,p3)*Vecr(nu13,p3)*Vecr(nu14,p3)*Den(p3 - q2 - 
      q3)^2*Deng(p3,xiw,M3)^2*Deng(q2 + q3,xiw,M3)^2*xia*xiw*ufoGC58^2*ufoGC3*
      ufoGC4
       + 1/4*g_(1,6_,nu10)*g_(2,nu16,q2)*cFT(nu13,XX,i2,iufo11)*cFT(g7,XX,
      iufo11,j11)*flavourTag(fmu,j11,j12)*Vec(nu10,q3)*Vec(nu9,-p3)*Vec(nu9,q3
      )*Vec(nu14,-q3)*Vecr(nu16,p3)*Vecr(nu13,p3)*Vecr(nu14,p3)*Den(p3 - q2 - 
      q3)^2*Deng(p3,xiw,M3)^2*Deng(q2 + q3,xiw,M3)^2*xiw*ufoGC58^2*ufoGC3*
      ufoGC4
       - 1/4*g_(1,6_,nu10)*g_(2,nu16,q2)*cFT(nu13,XX,i2,iufo11)*cFT(g7,XX,
      iufo11,j11)*flavourTag(fmu,j11,j12)*Vec(nu10,q3)*Vec(nu9,-p3)*Vec(nu9,q3
      )*Vecr(nu16,p3)*Vecr(nu13,p3)*Den(p3 - q2 - q3)^2*Deng(p3,xiw,M3)^2*
      Deng(q2 + q3,xiw,M3)^2*p3.p3*xia*xiw*ufoGC58^2*ufoGC3*ufoGC4
       + 1/4*g_(1,6_,nu10)*g_(2,nu16,q2)*cFT(nu13,XX,i2,iufo11)*cFT(g7,XX,
      iufo11,j11)*flavourTag(fmu,j11,j12)*Vec(nu10,q3)*Vec(nu9,-p3)*Vec(nu9,q3
      )*Vecr(nu16,p3)*Vecr(nu13,p3)*Den(p3 - q2 - q3)^2*Deng(p3,xiw,M3)^2*
      Deng(q2 + q3,xiw,M3)^2*p3.p3*xiw*ufoGC58^2*ufoGC3*ufoGC4
       + 1/4*g_(1,6_,nu10)*g_(2,nu16,q2)*cFT(nu13,XX,i2,iufo11)*cFT(g7,XX,
      iufo11,j11)*flavourTag(fmu,j11,j12)*Vec(nu10,q3)*Vec(nu9,-q2)*Vec(nu9,q2
      )*Vec(nu14,q2)*Vecr(nu16,p3)*Vecr(nu13,p3)*Vecr(nu14,p3)*Den(p3 - q2 - 
      q3)^2*Deng(p3,xiw,M3)^2*Deng(q2 + q3,xiw,M3)^2*xia*xiw*ufoGC58^2*ufoGC3*
      ufoGC4
       - 1/4*g_(1,6_,nu10)*g_(2,nu16,q2)*cFT(nu13,XX,i2,iufo11)*cFT(g7,XX,
      iufo11,j11)*flavourTag(fmu,j11,j12)*Vec(nu10,q3)*Vec(nu9,-q2)*Vec(nu9,q2
      )*Vec(nu14,q2)*Vecr(nu16,p3)*Vecr(nu13,p3)*Vecr(nu14,p3)*Den(p3 - q2 - 
      q3)^2*Deng(p3,xiw,M3)^2*Deng(q2 + q3,xiw,M3)^2*xiw*ufoGC58^2*ufoGC3*
      ufoGC4
       + 1/4*g_(1,6_,nu10)*g_(2,nu16,q2)*cFT(nu13,XX,i2,iufo11)*cFT(g7,XX,
      iufo11,j11)*flavourTag(fmu,j11,j12)*Vec(nu10,q3)*Vec(nu9,-q2)*Vec(nu9,q2
      )*Vec(nu14,q3)*Vecr(nu16,p3)*Vecr(nu13,p3)*Vecr(nu14,p3)*Den(p3 - q2 - 
      q3)^2*Deng(p3,xiw,M3)^2*Deng(q2 + q3,xiw,M3)^2*xia*xiw*ufoGC58^2*ufoGC3*
      ufoGC4
       - 1/4*g_(1,6_,nu10)*g_(2,nu16,q2)*cFT(nu13,XX,i2,iufo11)*cFT(g7,XX,
      iufo11,j11)*flavourTag(fmu,j11,j12)*Vec(nu10,q3)*Vec(nu9,-q2)*Vec(nu9,q2
      )*Vec(nu14,q3)*Vecr(nu16,p3)*Vecr(nu13,p3)*Vecr(nu14,p3)*Den(p3 - q2 - 
      q3)^2*Deng(p3,xiw,M3)^2*Deng(q2 + q3,xiw,M3)^2*xiw*ufoGC58^2*ufoGC3*
      ufoGC4
       + 1/4*g_(1,6_,nu10)*g_(2,nu16,q2)*cFT(nu13,XX,i2,iufo11)*cFT(g7,XX,
      iufo11,j11)*flavourTag(fmu,j11,j12)*Vec(nu10,q3)*Vec(nu9,-q2)*Vec(nu9,q3
      )*Vec(nu14,q2)*Vecr(nu16,p3)*Vecr(nu13,p3)*Vecr(nu14,p3)*Den(p3 - q2 - 
      q3)^2*Deng(p3,xiw,M3)^2*Deng(q2 + q3,xiw,M3)^2*xia*xiw*ufoGC58^2*ufoGC3*
      ufoGC4
       - 1/4*g_(1,6_,nu10)*g_(2,nu16,q2)*cFT(nu13,XX,i2,iufo11)*cFT(g7,XX,
      iufo11,j11)*flavourTag(fmu,j11,j12)*Vec(nu10,q3)*Vec(nu9,-q2)*Vec(nu9,q3
      )*Vec(nu14,q2)*Vecr(nu16,p3)*Vecr(nu13,p3)*Vecr(nu14,p3)*Den(p3 - q2 - 
      q3)^2*Deng(p3,xiw,M3)^2*Deng(q2 + q3,xiw,M3)^2*xiw*ufoGC58^2*ufoGC3*
      ufoGC4
       + 1/4*g_(1,6_,nu10)*g_(2,nu16,q2)*cFT(nu13,XX,i2,iufo11)*cFT(g7,XX,
      iufo11,j11)*flavourTag(fmu,j11,j12)*Vec(nu10,q3)*Vec(nu9,-q2)*Vec(nu9,q3
      )*Vec(nu14,q3)*Vecr(nu16,p3)*Vecr(nu13,p3)*Vecr(nu14,p3)*Den(p3 - q2 - 
      q3)^2*Deng(p3,xiw,M3)^2*Deng(q2 + q3,xiw,M3)^2*xia*xiw*ufoGC58^2*ufoGC3*
      ufoGC4
       - 1/4*g_(1,6_,nu10)*g_(2,nu16,q2)*cFT(nu13,XX,i2,iufo11)*cFT(g7,XX,
      iufo11,j11)*flavourTag(fmu,j11,j12)*Vec(nu10,q3)*Vec(nu9,-q2)*Vec(nu9,q3
      )*Vec(nu14,q3)*Vecr(nu16,p3)*Vecr(nu13,p3)*Vecr(nu14,p3)*Den(p3 - q2 - 
      q3)^2*Deng(p3,xiw,M3)^2*Deng(q2 + q3,xiw,M3)^2*xiw*ufoGC58^2*ufoGC3*
      ufoGC4
       + 1/4*g_(1,6_,nu10)*g_(2,nu16,q2)*cFT(nu13,XX,i2,iufo11)*cFT(g7,XX,
      iufo11,j11)*flavourTag(fmu,j11,j12)*Vec(nu10,q3)*Vec(nu9,-q3)*Vec(nu9,q2
      )*Vec(nu14,q2)*Vecr(nu16,p3)*Vecr(nu13,p3)*Vecr(nu14,p3)*Den(p3 - q2 - 
      q3)^2*Deng(p3,xiw,M3)^2*Deng(q2 + q3,xiw,M3)^2*xia*xiw*ufoGC58^2*ufoGC3*
      ufoGC4
       - 1/4*g_(1,6_,nu10)*g_(2,nu16,q2)*cFT(nu13,XX,i2,iufo11)*cFT(g7,XX,
      iufo11,j11)*flavourTag(fmu,j11,j12)*Vec(nu10,q3)*Vec(nu9,-q3)*Vec(nu9,q2
      )*Vec(nu14,q2)*Vecr(nu16,p3)*Vecr(nu13,p3)*Vecr(nu14,p3)*Den(p3 - q2 - 
      q3)^2*Deng(p3,xiw,M3)^2*Deng(q2 + q3,xiw,M3)^2*xiw*ufoGC58^2*ufoGC3*
      ufoGC4
       + 1/4*g_(1,6_,nu10)*g_(2,nu16,q2)*cFT(nu13,XX,i2,iufo11)*cFT(g7,XX,
      iufo11,j11)*flavourTag(fmu,j11,j12)*Vec(nu10,q3)*Vec(nu9,-q3)*Vec(nu9,q2
      )*Vec(nu14,q3)*Vecr(nu16,p3)*Vecr(nu13,p3)*Vecr(nu14,p3)*Den(p3 - q2 - 
      q3)^2*Deng(p3,xiw,M3)^2*Deng(q2 + q3,xiw,M3)^2*xia*xiw*ufoGC58^2*ufoGC3*
      ufoGC4
       - 1/4*g_(1,6_,nu10)*g_(2,nu16,q2)*cFT(nu13,XX,i2,iufo11)*cFT(g7,XX,
      iufo11,j11)*flavourTag(fmu,j11,j12)*Vec(nu10,q3)*Vec(nu9,-q3)*Vec(nu9,q2
      )*Vec(nu14,q3)*Vecr(nu16,p3)*Vecr(nu13,p3)*Vecr(nu14,p3)*Den(p3 - q2 - 
      q3)^2*Deng(p3,xiw,M3)^2*Deng(q2 + q3,xiw,M3)^2*xiw*ufoGC58^2*ufoGC3*
      ufoGC4
       + 1/4*g_(1,6_,nu10)*g_(2,nu16,q2)*cFT(nu13,XX,i2,iufo11)*cFT(g7,XX,
      iufo11,j11)*flavourTag(fmu,j11,j12)*Vec(nu10,q3)*Vec(nu9,-q3)*Vec(nu9,q3
      )*Vec(nu14,q2)*Vecr(nu16,p3)*Vecr(nu13,p3)*Vecr(nu14,p3)*Den(p3 - q2 - 
      q3)^2*Deng(p3,xiw,M3)^2*Deng(q2 + q3,xiw,M3)^2*xia*xiw*ufoGC58^2*ufoGC3*
      ufoGC4
       - 1/4*g_(1,6_,nu10)*g_(2,nu16,q2)*cFT(nu13,XX,i2,iufo11)*cFT(g7,XX,
      iufo11,j11)*flavourTag(fmu,j11,j12)*Vec(nu10,q3)*Vec(nu9,-q3)*Vec(nu9,q3
      )*Vec(nu14,q2)*Vecr(nu16,p3)*Vecr(nu13,p3)*Vecr(nu14,p3)*Den(p3 - q2 - 
      q3)^2*Deng(p3,xiw,M3)^2*Deng(q2 + q3,xiw,M3)^2*xiw*ufoGC58^2*ufoGC3*
      ufoGC4
       + 1/4*g_(1,6_,nu10)*g_(2,nu16,q2)*cFT(nu13,XX,i2,iufo11)*cFT(g7,XX,
      iufo11,j11)*flavourTag(fmu,j11,j12)*Vec(nu10,q3)*Vec(nu9,-q3)*Vec(nu9,q3
      )*Vec(nu14,q3)*Vecr(nu16,p3)*Vecr(nu13,p3)*Vecr(nu14,p3)*Den(p3 - q2 - 
      q3)^2*Deng(p3,xiw,M3)^2*Deng(q2 + q3,xiw,M3)^2*xia*xiw*ufoGC58^2*ufoGC3*
      ufoGC4
       - 1/4*g_(1,6_,nu10)*g_(2,nu16,q2)*cFT(nu13,XX,i2,iufo11)*cFT(g7,XX,
      iufo11,j11)*flavourTag(fmu,j11,j12)*Vec(nu10,q3)*Vec(nu9,-q3)*Vec(nu9,q3
      )*Vec(nu14,q3)*Vecr(nu16,p3)*Vecr(nu13,p3)*Vecr(nu14,p3)*Den(p3 - q2 - 
      q3)^2*Deng(p3,xiw,M3)^2*Deng(q2 + q3,xiw,M3)^2*xiw*ufoGC58^2*ufoGC3*
      ufoGC4
       + 1/4*g_(1,6_,nu10)*g_(2,nu16,q2)*cFT(nu13,XX,i2,iufo11)*cFT(g7,XX,
      iufo11,j11)*flavourTag(fmu,j11,j12)*Vec(nu10,q3)*Vec(nu14,q2)*Vec(nu15,
      -p3)*Vec(nu15,-q2)*Vecr(nu16,p3)*Vecr(nu13,p3)*Vecr(nu14,p3)*Den(p3 - q2
       - q3)^2*Deng(p3,xiw,M3)^2*Deng(q2 + q3,xiw,M3)^2*xia*xiw*ufoGC58^2*
      ufoGC3*ufoGC4
       - 1/4*g_(1,6_,nu10)*g_(2,nu16,q2)*cFT(nu13,XX,i2,iufo11)*cFT(g7,XX,
      iufo11,j11)*flavourTag(fmu,j11,j12)*Vec(nu10,q3)*Vec(nu14,q2)*Vec(nu15,
      -p3)*Vec(nu15,-q2)*Vecr(nu16,p3)*Vecr(nu13,p3)*Vecr(nu14,p3)*Den(p3 - q2
       - q3)^2*Deng(p3,xiw,M3)^2*Deng(q2 + q3,xiw,M3)^2*xiw*ufoGC58^2*ufoGC3*
      ufoGC4
       + 1/4*g_(1,6_,nu10)*g_(2,nu16,q2)*cFT(nu13,XX,i2,iufo11)*cFT(g7,XX,
      iufo11,j11)*flavourTag(fmu,j11,j12)*Vec(nu10,q3)*Vec(nu14,q2)*Vec(nu15,
      -p3)*Vec(nu15,-q3)*Vecr(nu16,p3)*Vecr(nu13,p3)*Vecr(nu14,p3)*Den(p3 - q2
       - q3)^2*Deng(p3,xiw,M3)^2*Deng(q2 + q3,xiw,M3)^2*xia*xiw*ufoGC58^2*
      ufoGC3*ufoGC4
       - 1/4*g_(1,6_,nu10)*g_(2,nu16,q2)*cFT(nu13,XX,i2,iufo11)*cFT(g7,XX,
      iufo11,j11)*flavourTag(fmu,j11,j12)*Vec(nu10,q3)*Vec(nu14,q2)*Vec(nu15,
      -p3)*Vec(nu15,-q3)*Vecr(nu16,p3)*Vecr(nu13,p3)*Vecr(nu14,p3)*Den(p3 - q2
       - q3)^2*Deng(p3,xiw,M3)^2*Deng(q2 + q3,xiw,M3)^2*xiw*ufoGC58^2*ufoGC3*
      ufoGC4
       - 1/4*g_(1,6_,nu10)*g_(2,nu16,q2)*cFT(nu13,XX,i2,iufo11)*cFT(g7,XX,
      iufo11,j11)*flavourTag(fmu,j11,j12)*Vec(nu10,q3)*Vec(nu14,q2)*Vec(nu15,
      -q2)*Vec(nu15,q2)*Vecr(nu16,p3)*Vecr(nu13,p3)*Vecr(nu14,p3)*Den(p3 - q2
       - q3)^2*Deng(p3,xiw,M3)^2*Deng(q2 + q3,xiw,M3)^2*xia*xiw*ufoGC58^2*
      ufoGC3*ufoGC4
       + 1/4*g_(1,6_,nu10)*g_(2,nu16,q2)*cFT(nu13,XX,i2,iufo11)*cFT(g7,XX,
      iufo11,j11)*flavourTag(fmu,j11,j12)*Vec(nu10,q3)*Vec(nu14,q2)*Vec(nu15,
      -q2)*Vec(nu15,q2)*Vecr(nu16,p3)*Vecr(nu13,p3)*Vecr(nu14,p3)*Den(p3 - q2
       - q3)^2*Deng(p3,xiw,M3)^2*Deng(q2 + q3,xiw,M3)^2*xiw*ufoGC58^2*ufoGC3*
      ufoGC4
       - 1/4*g_(1,6_,nu10)*g_(2,nu16,q2)*cFT(nu13,XX,i2,iufo11)*cFT(g7,XX,
      iufo11,j11)*flavourTag(fmu,j11,j12)*Vec(nu10,q3)*Vec(nu14,q2)*Vec(nu15,
      -q2)*Vec(nu15,q3)*Vecr(nu16,p3)*Vecr(nu13,p3)*Vecr(nu14,p3)*Den(p3 - q2
       - q3)^2*Deng(p3,xiw,M3)^2*Deng(q2 + q3,xiw,M3)^2*xia*xiw*ufoGC58^2*
      ufoGC3*ufoGC4
       + 1/4*g_(1,6_,nu10)*g_(2,nu16,q2)*cFT(nu13,XX,i2,iufo11)*cFT(g7,XX,
      iufo11,j11)*flavourTag(fmu,j11,j12)*Vec(nu10,q3)*Vec(nu14,q2)*Vec(nu15,
      -q2)*Vec(nu15,q3)*Vecr(nu16,p3)*Vecr(nu13,p3)*Vecr(nu14,p3)*Den(p3 - q2
       - q3)^2*Deng(p3,xiw,M3)^2*Deng(q2 + q3,xiw,M3)^2*xiw*ufoGC58^2*ufoGC3*
      ufoGC4
       - 1/4*g_(1,6_,nu10)*g_(2,nu16,q2)*cFT(nu13,XX,i2,iufo11)*cFT(g7,XX,
      iufo11,j11)*flavourTag(fmu,j11,j12)*Vec(nu10,q3)*Vec(nu14,q2)*Vec(nu15,
      -q3)*Vec(nu15,q2)*Vecr(nu16,p3)*Vecr(nu13,p3)*Vecr(nu14,p3)*Den(p3 - q2
       - q3)^2*Deng(p3,xiw,M3)^2*Deng(q2 + q3,xiw,M3)^2*xia*xiw*ufoGC58^2*
      ufoGC3*ufoGC4
       + 1/4*g_(1,6_,nu10)*g_(2,nu16,q2)*cFT(nu13,XX,i2,iufo11)*cFT(g7,XX,
      iufo11,j11)*flavourTag(fmu,j11,j12)*Vec(nu10,q3)*Vec(nu14,q2)*Vec(nu15,
      -q3)*Vec(nu15,q2)*Vecr(nu16,p3)*Vecr(nu13,p3)*Vecr(nu14,p3)*Den(p3 - q2
       - q3)^2*Deng(p3,xiw,M3)^2*Deng(q2 + q3,xiw,M3)^2*xiw*ufoGC58^2*ufoGC3*
      ufoGC4
       - 1/4*g_(1,6_,nu10)*g_(2,nu16,q2)*cFT(nu13,XX,i2,iufo11)*cFT(g7,XX,
      iufo11,j11)*flavourTag(fmu,j11,j12)*Vec(nu10,q3)*Vec(nu14,q2)*Vec(nu15,
      -q3)*Vec(nu15,q3)*Vecr(nu16,p3)*Vecr(nu13,p3)*Vecr(nu14,p3)*Den(p3 - q2
       - q3)^2*Deng(p3,xiw,M3)^2*Deng(q2 + q3,xiw,M3)^2*xia*xiw*ufoGC58^2*
      ufoGC3*ufoGC4
       + 1/4*g_(1,6_,nu10)*g_(2,nu16,q2)*cFT(nu13,XX,i2,iufo11)*cFT(g7,XX,
      iufo11,j11)*flavourTag(fmu,j11,j12)*Vec(nu10,q3)*Vec(nu14,q2)*Vec(nu15,
      -q3)*Vec(nu15,q3)*Vecr(nu16,p3)*Vecr(nu13,p3)*Vecr(nu14,p3)*Den(p3 - q2
       - q3)^2*Deng(p3,xiw,M3)^2*Deng(q2 + q3,xiw,M3)^2*xiw*ufoGC58^2*ufoGC3*
      ufoGC4
       + 1/4*g_(1,6_,nu10)*g_(2,nu16,q2)*cFT(nu13,XX,i2,iufo11)*cFT(g7,XX,
      iufo11,j11)*flavourTag(fmu,j11,j12)*Vec(nu10,q3)*Vec(nu14,q3)*Vec(nu15,
      -p3)*Vec(nu15,-q2)*Vecr(nu16,p3)*Vecr(nu13,p3)*Vecr(nu14,p3)*Den(p3 - q2
       - q3)^2*Deng(p3,xiw,M3)^2*Deng(q2 + q3,xiw,M3)^2*xia*xiw*ufoGC58^2*
      ufoGC3*ufoGC4
       - 1/4*g_(1,6_,nu10)*g_(2,nu16,q2)*cFT(nu13,XX,i2,iufo11)*cFT(g7,XX,
      iufo11,j11)*flavourTag(fmu,j11,j12)*Vec(nu10,q3)*Vec(nu14,q3)*Vec(nu15,
      -p3)*Vec(nu15,-q2)*Vecr(nu16,p3)*Vecr(nu13,p3)*Vecr(nu14,p3)*Den(p3 - q2
       - q3)^2*Deng(p3,xiw,M3)^2*Deng(q2 + q3,xiw,M3)^2*xiw*ufoGC58^2*ufoGC3*
      ufoGC4
       + 1/4*g_(1,6_,nu10)*g_(2,nu16,q2)*cFT(nu13,XX,i2,iufo11)*cFT(g7,XX,
      iufo11,j11)*flavourTag(fmu,j11,j12)*Vec(nu10,q3)*Vec(nu14,q3)*Vec(nu15,
      -p3)*Vec(nu15,-q3)*Vecr(nu16,p3)*Vecr(nu13,p3)*Vecr(nu14,p3)*Den(p3 - q2
       - q3)^2*Deng(p3,xiw,M3)^2*Deng(q2 + q3,xiw,M3)^2*xia*xiw*ufoGC58^2*
      ufoGC3*ufoGC4
       - 1/4*g_(1,6_,nu10)*g_(2,nu16,q2)*cFT(nu13,XX,i2,iufo11)*cFT(g7,XX,
      iufo11,j11)*flavourTag(fmu,j11,j12)*Vec(nu10,q3)*Vec(nu14,q3)*Vec(nu15,
      -p3)*Vec(nu15,-q3)*Vecr(nu16,p3)*Vecr(nu13,p3)*Vecr(nu14,p3)*Den(p3 - q2
       - q3)^2*Deng(p3,xiw,M3)^2*Deng(q2 + q3,xiw,M3)^2*xiw*ufoGC58^2*ufoGC3*
      ufoGC4
       - 1/4*g_(1,6_,nu10)*g_(2,nu16,q2)*cFT(nu13,XX,i2,iufo11)*cFT(g7,XX,
      iufo11,j11)*flavourTag(fmu,j11,j12)*Vec(nu10,q3)*Vec(nu14,q3)*Vec(nu15,
      -q2)*Vec(nu15,q2)*Vecr(nu16,p3)*Vecr(nu13,p3)*Vecr(nu14,p3)*Den(p3 - q2
       - q3)^2*Deng(p3,xiw,M3)^2*Deng(q2 + q3,xiw,M3)^2*xia*xiw*ufoGC58^2*
      ufoGC3*ufoGC4
       + 1/4*g_(1,6_,nu10)*g_(2,nu16,q2)*cFT(nu13,XX,i2,iufo11)*cFT(g7,XX,
      iufo11,j11)*flavourTag(fmu,j11,j12)*Vec(nu10,q3)*Vec(nu14,q3)*Vec(nu15,
      -q2)*Vec(nu15,q2)*Vecr(nu16,p3)*Vecr(nu13,p3)*Vecr(nu14,p3)*Den(p3 - q2
       - q3)^2*Deng(p3,xiw,M3)^2*Deng(q2 + q3,xiw,M3)^2*xiw*ufoGC58^2*ufoGC3*
      ufoGC4
       - 1/4*g_(1,6_,nu10)*g_(2,nu16,q2)*cFT(nu13,XX,i2,iufo11)*cFT(g7,XX,
      iufo11,j11)*flavourTag(fmu,j11,j12)*Vec(nu10,q3)*Vec(nu14,q3)*Vec(nu15,
      -q2)*Vec(nu15,q3)*Vecr(nu16,p3)*Vecr(nu13,p3)*Vecr(nu14,p3)*Den(p3 - q2
       - q3)^2*Deng(p3,xiw,M3)^2*Deng(q2 + q3,xiw,M3)^2*xia*xiw*ufoGC58^2*
      ufoGC3*ufoGC4
       + 1/4*g_(1,6_,nu10)*g_(2,nu16,q2)*cFT(nu13,XX,i2,iufo11)*cFT(g7,XX,
      iufo11,j11)*flavourTag(fmu,j11,j12)*Vec(nu10,q3)*Vec(nu14,q3)*Vec(nu15,
      -q2)*Vec(nu15,q3)*Vecr(nu16,p3)*Vecr(nu13,p3)*Vecr(nu14,p3)*Den(p3 - q2
       - q3)^2*Deng(p3,xiw,M3)^2*Deng(q2 + q3,xiw,M3)^2*xiw*ufoGC58^2*ufoGC3*
      ufoGC4
       - 1/4*g_(1,6_,nu10)*g_(2,nu16,q2)*cFT(nu13,XX,i2,iufo11)*cFT(g7,XX,
      iufo11,j11)*flavourTag(fmu,j11,j12)*Vec(nu10,q3)*Vec(nu14,q3)*Vec(nu15,
      -q3)*Vec(nu15,q2)*Vecr(nu16,p3)*Vecr(nu13,p3)*Vecr(nu14,p3)*Den(p3 - q2
       - q3)^2*Deng(p3,xiw,M3)^2*Deng(q2 + q3,xiw,M3)^2*xia*xiw*ufoGC58^2*
      ufoGC3*ufoGC4
       + 1/4*g_(1,6_,nu10)*g_(2,nu16,q2)*cFT(nu13,XX,i2,iufo11)*cFT(g7,XX,
      iufo11,j11)*flavourTag(fmu,j11,j12)*Vec(nu10,q3)*Vec(nu14,q3)*Vec(nu15,
      -q3)*Vec(nu15,q2)*Vecr(nu16,p3)*Vecr(nu13,p3)*Vecr(nu14,p3)*Den(p3 - q2
       - q3)^2*Deng(p3,xiw,M3)^2*Deng(q2 + q3,xiw,M3)^2*xiw*ufoGC58^2*ufoGC3*
      ufoGC4
       - 1/4*g_(1,6_,nu10)*g_(2,nu16,q2)*cFT(nu13,XX,i2,iufo11)*cFT(g7,XX,
      iufo11,j11)*flavourTag(fmu,j11,j12)*Vec(nu10,q3)*Vec(nu14,q3)*Vec(nu15,
      -q3)*Vec(nu15,q3)*Vecr(nu16,p3)*Vecr(nu13,p3)*Vecr(nu14,p3)*Den(p3 - q2
       - q3)^2*Deng(p3,xiw,M3)^2*Deng(q2 + q3,xiw,M3)^2*xia*xiw*ufoGC58^2*
      ufoGC3*ufoGC4
       + 1/4*g_(1,6_,nu10)*g_(2,nu16,q2)*cFT(nu13,XX,i2,iufo11)*cFT(g7,XX,
      iufo11,j11)*flavourTag(fmu,j11,j12)*Vec(nu10,q3)*Vec(nu14,q3)*Vec(nu15,
      -q3)*Vec(nu15,q3)*Vecr(nu16,p3)*Vecr(nu13,p3)*Vecr(nu14,p3)*Den(p3 - q2
       - q3)^2*Deng(p3,xiw,M3)^2*Deng(q2 + q3,xiw,M3)^2*xiw*ufoGC58^2*ufoGC3*
      ufoGC4
       - 1/4*g_(1,6_,nu10)*g_(2,nu9,p3)*cFT(nu13,XX,i2,iufo11)*cFT(g7,XX,
      iufo11,j11)*flavourTag(fmu,j11,j12)*Vec(nu10,q2)*Vec(nu9,q2)*Vec(nu14,q2
      )*Vecr(nu13,p3)*Vecr(nu14,p3)*Den(p3 - q2 - q3)*Deng(p3,xiw,M3)^2*Deng(
      q2 + q3,xiw,M3)^2*xiw*ufoGC58^2*ufoGC3*ufoGC4
       - 1/4*g_(1,6_,nu10)*g_(2,nu9,p3)*cFT(nu13,XX,i2,iufo11)*cFT(g7,XX,
      iufo11,j11)*flavourTag(fmu,j11,j12)*Vec(nu10,q2)*Vec(nu9,q2)*Vec(nu14,q3
      )*Vecr(nu13,p3)*Vecr(nu14,p3)*Den(p3 - q2 - q3)*Deng(p3,xiw,M3)^2*Deng(
      q2 + q3,xiw,M3)^2*xiw*ufoGC58^2*ufoGC3*ufoGC4
       + 1/4*g_(1,6_,nu10)*g_(2,nu9,p3)*cFT(nu13,XX,i2,iufo11)*cFT(g7,XX,
      iufo11,j11)*flavourTag(fmu,j11,j12)*Vec(nu10,q2)*Vec(nu9,q2)*Vec(nu14,
      -q2)*Vecr(nu13,p3)*Vecr(nu14,p3)*Den(p3 - q2 - q3)*Deng(p3,xiw,M3)^2*
      Deng(q2 + q3,xiw,M3)^2*xiw*ufoGC58^2*ufoGC3*ufoGC4
       + 1/4*g_(1,6_,nu10)*g_(2,nu9,p3)*cFT(nu13,XX,i2,iufo11)*cFT(g7,XX,
      iufo11,j11)*flavourTag(fmu,j11,j12)*Vec(nu10,q2)*Vec(nu9,q2)*Vec(nu14,
      -q3)*Vecr(nu13,p3)*Vecr(nu14,p3)*Den(p3 - q2 - q3)*Deng(p3,xiw,M3)^2*
      Deng(q2 + q3,xiw,M3)^2*xiw*ufoGC58^2*ufoGC3*ufoGC4
       + 1/4*g_(1,6_,nu10)*g_(2,nu9,p3)*cFT(nu13,XX,i2,iufo11)*cFT(g7,XX,
      iufo11,j11)*flavourTag(fmu,j11,j12)*Vec(nu10,q2)*Vec(nu9,q2)*Vecr(nu13,
      p3)*Den(p3 - q2 - q3)*Deng(p3,xiw,M3)^2*Deng(q2 + q3,xiw,M3)^2*p3.p3*xiw
      *ufoGC58^2*ufoGC3*ufoGC4
       - 1/4*g_(1,6_,nu10)*g_(2,nu9,p3)*cFT(nu13,XX,i2,iufo11)*cFT(g7,XX,
      iufo11,j11)*flavourTag(fmu,j11,j12)*Vec(nu10,q2)*Vec(nu9,q3)*Vec(nu14,q2
      )*Vecr(nu13,p3)*Vecr(nu14,p3)*Den(p3 - q2 - q3)*Deng(p3,xiw,M3)^2*Deng(
      q2 + q3,xiw,M3)^2*xiw*ufoGC58^2*ufoGC3*ufoGC4
       - 1/4*g_(1,6_,nu10)*g_(2,nu9,p3)*cFT(nu13,XX,i2,iufo11)*cFT(g7,XX,
      iufo11,j11)*flavourTag(fmu,j11,j12)*Vec(nu10,q2)*Vec(nu9,q3)*Vec(nu14,q3
      )*Vecr(nu13,p3)*Vecr(nu14,p3)*Den(p3 - q2 - q3)*Deng(p3,xiw,M3)^2*Deng(
      q2 + q3,xiw,M3)^2*xiw*ufoGC58^2*ufoGC3*ufoGC4
       + 1/4*g_(1,6_,nu10)*g_(2,nu9,p3)*cFT(nu13,XX,i2,iufo11)*cFT(g7,XX,
      iufo11,j11)*flavourTag(fmu,j11,j12)*Vec(nu10,q2)*Vec(nu9,q3)*Vec(nu14,
      -q2)*Vecr(nu13,p3)*Vecr(nu14,p3)*Den(p3 - q2 - q3)*Deng(p3,xiw,M3)^2*
      Deng(q2 + q3,xiw,M3)^2*xiw*ufoGC58^2*ufoGC3*ufoGC4
       + 1/4*g_(1,6_,nu10)*g_(2,nu9,p3)*cFT(nu13,XX,i2,iufo11)*cFT(g7,XX,
      iufo11,j11)*flavourTag(fmu,j11,j12)*Vec(nu10,q2)*Vec(nu9,q3)*Vec(nu14,
      -q3)*Vecr(nu13,p3)*Vecr(nu14,p3)*Den(p3 - q2 - q3)*Deng(p3,xiw,M3)^2*
      Deng(q2 + q3,xiw,M3)^2*xiw*ufoGC58^2*ufoGC3*ufoGC4
       + 1/4*g_(1,6_,nu10)*g_(2,nu9,p3)*cFT(nu13,XX,i2,iufo11)*cFT(g7,XX,
      iufo11,j11)*flavourTag(fmu,j11,j12)*Vec(nu10,q2)*Vec(nu9,q3)*Vecr(nu13,
      p3)*Den(p3 - q2 - q3)*Deng(p3,xiw,M3)^2*Deng(q2 + q3,xiw,M3)^2*p3.p3*xiw
      *ufoGC58^2*ufoGC3*ufoGC4
       - 1/4*g_(1,6_,nu10)*g_(2,nu9,p3)*cFT(nu13,XX,i2,iufo11)*cFT(g7,XX,
      iufo11,j11)*flavourTag(fmu,j11,j12)*Vec(nu10,q3)*Vec(nu9,q2)*Vec(nu14,q2
      )*Vecr(nu13,p3)*Vecr(nu14,p3)*Den(p3 - q2 - q3)*Deng(p3,xiw,M3)^2*Deng(
      q2 + q3,xiw,M3)^2*xiw*ufoGC58^2*ufoGC3*ufoGC4
       - 1/4*g_(1,6_,nu10)*g_(2,nu9,p3)*cFT(nu13,XX,i2,iufo11)*cFT(g7,XX,
      iufo11,j11)*flavourTag(fmu,j11,j12)*Vec(nu10,q3)*Vec(nu9,q2)*Vec(nu14,q3
      )*Vecr(nu13,p3)*Vecr(nu14,p3)*Den(p3 - q2 - q3)*Deng(p3,xiw,M3)^2*Deng(
      q2 + q3,xiw,M3)^2*xiw*ufoGC58^2*ufoGC3*ufoGC4
       + 1/4*g_(1,6_,nu10)*g_(2,nu9,p3)*cFT(nu13,XX,i2,iufo11)*cFT(g7,XX,
      iufo11,j11)*flavourTag(fmu,j11,j12)*Vec(nu10,q3)*Vec(nu9,q2)*Vec(nu14,
      -q2)*Vecr(nu13,p3)*Vecr(nu14,p3)*Den(p3 - q2 - q3)*Deng(p3,xiw,M3)^2*
      Deng(q2 + q3,xiw,M3)^2*xiw*ufoGC58^2*ufoGC3*ufoGC4
       + 1/4*g_(1,6_,nu10)*g_(2,nu9,p3)*cFT(nu13,XX,i2,iufo11)*cFT(g7,XX,
      iufo11,j11)*flavourTag(fmu,j11,j12)*Vec(nu10,q3)*Vec(nu9,q2)*Vec(nu14,
      -q3)*Vecr(nu13,p3)*Vecr(nu14,p3)*Den(p3 - q2 - q3)*Deng(p3,xiw,M3)^2*
      Deng(q2 + q3,xiw,M3)^2*xiw*ufoGC58^2*ufoGC3*ufoGC4
       + 1/4*g_(1,6_,nu10)*g_(2,nu9,p3)*cFT(nu13,XX,i2,iufo11)*cFT(g7,XX,
      iufo11,j11)*flavourTag(fmu,j11,j12)*Vec(nu10,q3)*Vec(nu9,q2)*Vecr(nu13,
      p3)*Den(p3 - q2 - q3)*Deng(p3,xiw,M3)^2*Deng(q2 + q3,xiw,M3)^2*p3.p3*xiw
      *ufoGC58^2*ufoGC3*ufoGC4
       - 1/4*g_(1,6_,nu10)*g_(2,nu9,p3)*cFT(nu13,XX,i2,iufo11)*cFT(g7,XX,
      iufo11,j11)*flavourTag(fmu,j11,j12)*Vec(nu10,q3)*Vec(nu9,q3)*Vec(nu14,q2
      )*Vecr(nu13,p3)*Vecr(nu14,p3)*Den(p3 - q2 - q3)*Deng(p3,xiw,M3)^2*Deng(
      q2 + q3,xiw,M3)^2*xiw*ufoGC58^2*ufoGC3*ufoGC4
       - 1/4*g_(1,6_,nu10)*g_(2,nu9,p3)*cFT(nu13,XX,i2,iufo11)*cFT(g7,XX,
      iufo11,j11)*flavourTag(fmu,j11,j12)*Vec(nu10,q3)*Vec(nu9,q3)*Vec(nu14,q3
      )*Vecr(nu13,p3)*Vecr(nu14,p3)*Den(p3 - q2 - q3)*Deng(p3,xiw,M3)^2*Deng(
      q2 + q3,xiw,M3)^2*xiw*ufoGC58^2*ufoGC3*ufoGC4
       + 1/4*g_(1,6_,nu10)*g_(2,nu9,p3)*cFT(nu13,XX,i2,iufo11)*cFT(g7,XX,
      iufo11,j11)*flavourTag(fmu,j11,j12)*Vec(nu10,q3)*Vec(nu9,q3)*Vec(nu14,
      -q2)*Vecr(nu13,p3)*Vecr(nu14,p3)*Den(p3 - q2 - q3)*Deng(p3,xiw,M3)^2*
      Deng(q2 + q3,xiw,M3)^2*xiw*ufoGC58^2*ufoGC3*ufoGC4
       + 1/4*g_(1,6_,nu10)*g_(2,nu9,p3)*cFT(nu13,XX,i2,iufo11)*cFT(g7,XX,
      iufo11,j11)*flavourTag(fmu,j11,j12)*Vec(nu10,q3)*Vec(nu9,q3)*Vec(nu14,
      -q3)*Vecr(nu13,p3)*Vecr(nu14,p3)*Den(p3 - q2 - q3)*Deng(p3,xiw,M3)^2*
      Deng(q2 + q3,xiw,M3)^2*xiw*ufoGC58^2*ufoGC3*ufoGC4
       + 1/4*g_(1,6_,nu10)*g_(2,nu9,p3)*cFT(nu13,XX,i2,iufo11)*cFT(g7,XX,
      iufo11,j11)*flavourTag(fmu,j11,j12)*Vec(nu10,q3)*Vec(nu9,q3)*Vecr(nu13,
      p3)*Den(p3 - q2 - q3)*Deng(p3,xiw,M3)^2*Deng(q2 + q3,xiw,M3)^2*p3.p3*xiw
      *ufoGC58^2*ufoGC3*ufoGC4
       - 1/4*g_(1,6_,nu10)*g_(2,nu9,p3)*cFT(nu14,XX,i2,iufo11)*cFT(g7,XX,
      iufo11,j11)/(d^3 + d^2 - 2*d)*flavourTag(fmu,j11,j12)*Vec(nu10,q2)*Vec(
      nu9,q2)*Vec(nu14,q2)*Den(p3 - q2 - q3)^2*Deng(p3,xiw,M3)^2*Deng(q2 + q3,
      xiw,M3)^2*p3.p3^2*d*xia*xiw*ufoGC58^2*ufoGC3*ufoGC4
       + 1/4*g_(1,6_,nu10)*g_(2,nu9,p3)*cFT(nu14,XX,i2,iufo11)*cFT(g7,XX,
      iufo11,j11)/(d^3 + d^2 - 2*d)*flavourTag(fmu,j11,j12)*Vec(nu10,q2)*Vec(
      nu9,q2)*Vec(nu14,q2)*Den(p3 - q2 - q3)^2*Deng(p3,xiw,M3)^2*Deng(q2 + q3,
      xiw,M3)^2*p3.p3^2*d*xiw*ufoGC58^2*ufoGC3*ufoGC4
       + 1/4*g_(1,6_,nu10)*g_(2,nu9,p3)*cFT(nu14,XX,i2,iufo11)*cFT(g7,XX,
      iufo11,j11)/(d^3 + d^2 - 2*d)*flavourTag(fmu,j11,j12)*Vec(nu10,q2)*Vec(
      nu9,q2)*Vec(nu14,q2)*Den(p3 - q2 - q3)^2*Deng(p3,xiw,M3)^2*Deng(q2 + q3,
      xiw,M3)^2*p3.p3^2*xia*xiw*ufoGC58^2*ufoGC3*ufoGC4
       - 1/4*g_(1,6_,nu10)*g_(2,nu9,p3)*cFT(nu14,XX,i2,iufo11)*cFT(g7,XX,
      iufo11,j11)/(d^3 + d^2 - 2*d)*flavourTag(fmu,j11,j12)*Vec(nu10,q2)*Vec(
      nu9,q2)*Vec(nu14,q2)*Den(p3 - q2 - q3)^2*Deng(p3,xiw,M3)^2*Deng(q2 + q3,
      xiw,M3)^2*p3.p3^2*xiw*ufoGC58^2*ufoGC3*ufoGC4
       - 1/4*g_(1,6_,nu10)*g_(2,nu9,p3)*cFT(nu14,XX,i2,iufo11)*cFT(g7,XX,
      iufo11,j11)/(d^3 + d^2 - 2*d)*flavourTag(fmu,j11,j12)*Vec(nu10,q2)*Vec(
      nu9,q2)*Vec(nu14,q3)*Den(p3 - q2 - q3)^2*Deng(p3,xiw,M3)^2*Deng(q2 + q3,
      xiw,M3)^2*p3.p3^2*d*xia*xiw*ufoGC58^2*ufoGC3*ufoGC4
       + 1/4*g_(1,6_,nu10)*g_(2,nu9,p3)*cFT(nu14,XX,i2,iufo11)*cFT(g7,XX,
      iufo11,j11)/(d^3 + d^2 - 2*d)*flavourTag(fmu,j11,j12)*Vec(nu10,q2)*Vec(
      nu9,q2)*Vec(nu14,q3)*Den(p3 - q2 - q3)^2*Deng(p3,xiw,M3)^2*Deng(q2 + q3,
      xiw,M3)^2*p3.p3^2*d*xiw*ufoGC58^2*ufoGC3*ufoGC4
       + 1/4*g_(1,6_,nu10)*g_(2,nu9,p3)*cFT(nu14,XX,i2,iufo11)*cFT(g7,XX,
      iufo11,j11)/(d^3 + d^2 - 2*d)*flavourTag(fmu,j11,j12)*Vec(nu10,q2)*Vec(
      nu9,q2)*Vec(nu14,q3)*Den(p3 - q2 - q3)^2*Deng(p3,xiw,M3)^2*Deng(q2 + q3,
      xiw,M3)^2*p3.p3^2*xia*xiw*ufoGC58^2*ufoGC3*ufoGC4
       - 1/4*g_(1,6_,nu10)*g_(2,nu9,p3)*cFT(nu14,XX,i2,iufo11)*cFT(g7,XX,
      iufo11,j11)/(d^3 + d^2 - 2*d)*flavourTag(fmu,j11,j12)*Vec(nu10,q2)*Vec(
      nu9,q2)*Vec(nu14,q3)*Den(p3 - q2 - q3)^2*Deng(p3,xiw,M3)^2*Deng(q2 + q3,
      xiw,M3)^2*p3.p3^2*xiw*ufoGC58^2*ufoGC3*ufoGC4
       - 1/4*g_(1,6_,nu10)*g_(2,nu9,p3)*cFT(nu14,XX,i2,iufo11)*cFT(g7,XX,
      iufo11,j11)/(d^3 + d^2 - 2*d)*flavourTag(fmu,j11,j12)*Vec(nu10,q2)*Vec(
      nu9,q3)*Vec(nu14,q2)*Den(p3 - q2 - q3)^2*Deng(p3,xiw,M3)^2*Deng(q2 + q3,
      xiw,M3)^2*p3.p3^2*d*xia*xiw*ufoGC58^2*ufoGC3*ufoGC4
       + 1/4*g_(1,6_,nu10)*g_(2,nu9,p3)*cFT(nu14,XX,i2,iufo11)*cFT(g7,XX,
      iufo11,j11)/(d^3 + d^2 - 2*d)*flavourTag(fmu,j11,j12)*Vec(nu10,q2)*Vec(
      nu9,q3)*Vec(nu14,q2)*Den(p3 - q2 - q3)^2*Deng(p3,xiw,M3)^2*Deng(q2 + q3,
      xiw,M3)^2*p3.p3^2*d*xiw*ufoGC58^2*ufoGC3*ufoGC4
       + 1/4*g_(1,6_,nu10)*g_(2,nu9,p3)*cFT(nu14,XX,i2,iufo11)*cFT(g7,XX,
      iufo11,j11)/(d^3 + d^2 - 2*d)*flavourTag(fmu,j11,j12)*Vec(nu10,q2)*Vec(
      nu9,q3)*Vec(nu14,q2)*Den(p3 - q2 - q3)^2*Deng(p3,xiw,M3)^2*Deng(q2 + q3,
      xiw,M3)^2*p3.p3^2*xia*xiw*ufoGC58^2*ufoGC3*ufoGC4
       - 1/4*g_(1,6_,nu10)*g_(2,nu9,p3)*cFT(nu14,XX,i2,iufo11)*cFT(g7,XX,
      iufo11,j11)/(d^3 + d^2 - 2*d)*flavourTag(fmu,j11,j12)*Vec(nu10,q2)*Vec(
      nu9,q3)*Vec(nu14,q2)*Den(p3 - q2 - q3)^2*Deng(p3,xiw,M3)^2*Deng(q2 + q3,
      xiw,M3)^2*p3.p3^2*xiw*ufoGC58^2*ufoGC3*ufoGC4
       - 1/4*g_(1,6_,nu10)*g_(2,nu9,p3)*cFT(nu14,XX,i2,iufo11)*cFT(g7,XX,
      iufo11,j11)/(d^3 + d^2 - 2*d)*flavourTag(fmu,j11,j12)*Vec(nu10,q2)*Vec(
      nu9,q3)*Vec(nu14,q3)*Den(p3 - q2 - q3)^2*Deng(p3,xiw,M3)^2*Deng(q2 + q3,
      xiw,M3)^2*p3.p3^2*d*xia*xiw*ufoGC58^2*ufoGC3*ufoGC4
       + 1/4*g_(1,6_,nu10)*g_(2,nu9,p3)*cFT(nu14,XX,i2,iufo11)*cFT(g7,XX,
      iufo11,j11)/(d^3 + d^2 - 2*d)*flavourTag(fmu,j11,j12)*Vec(nu10,q2)*Vec(
      nu9,q3)*Vec(nu14,q3)*Den(p3 - q2 - q3)^2*Deng(p3,xiw,M3)^2*Deng(q2 + q3,
      xiw,M3)^2*p3.p3^2*d*xiw*ufoGC58^2*ufoGC3*ufoGC4
       + 1/4*g_(1,6_,nu10)*g_(2,nu9,p3)*cFT(nu14,XX,i2,iufo11)*cFT(g7,XX,
      iufo11,j11)/(d^3 + d^2 - 2*d)*flavourTag(fmu,j11,j12)*Vec(nu10,q2)*Vec(
      nu9,q3)*Vec(nu14,q3)*Den(p3 - q2 - q3)^2*Deng(p3,xiw,M3)^2*Deng(q2 + q3,
      xiw,M3)^2*p3.p3^2*xia*xiw*ufoGC58^2*ufoGC3*ufoGC4
       - 1/4*g_(1,6_,nu10)*g_(2,nu9,p3)*cFT(nu14,XX,i2,iufo11)*cFT(g7,XX,
      iufo11,j11)/(d^3 + d^2 - 2*d)*flavourTag(fmu,j11,j12)*Vec(nu10,q2)*Vec(
      nu9,q3)*Vec(nu14,q3)*Den(p3 - q2 - q3)^2*Deng(p3,xiw,M3)^2*Deng(q2 + q3,
      xiw,M3)^2*p3.p3^2*xiw*ufoGC58^2*ufoGC3*ufoGC4
       - 1/4*g_(1,6_,nu10)*g_(2,nu9,p3)*cFT(nu14,XX,i2,iufo11)*cFT(g7,XX,
      iufo11,j11)/(d^3 + d^2 - 2*d)*flavourTag(fmu,j11,j12)*Vec(nu10,q3)*Vec(
      nu9,q2)*Vec(nu14,q2)*Den(p3 - q2 - q3)^2*Deng(p3,xiw,M3)^2*Deng(q2 + q3,
      xiw,M3)^2*p3.p3^2*d*xia*xiw*ufoGC58^2*ufoGC3*ufoGC4
       + 1/4*g_(1,6_,nu10)*g_(2,nu9,p3)*cFT(nu14,XX,i2,iufo11)*cFT(g7,XX,
      iufo11,j11)/(d^3 + d^2 - 2*d)*flavourTag(fmu,j11,j12)*Vec(nu10,q3)*Vec(
      nu9,q2)*Vec(nu14,q2)*Den(p3 - q2 - q3)^2*Deng(p3,xiw,M3)^2*Deng(q2 + q3,
      xiw,M3)^2*p3.p3^2*d*xiw*ufoGC58^2*ufoGC3*ufoGC4
       + 1/4*g_(1,6_,nu10)*g_(2,nu9,p3)*cFT(nu14,XX,i2,iufo11)*cFT(g7,XX,
      iufo11,j11)/(d^3 + d^2 - 2*d)*flavourTag(fmu,j11,j12)*Vec(nu10,q3)*Vec(
      nu9,q2)*Vec(nu14,q2)*Den(p3 - q2 - q3)^2*Deng(p3,xiw,M3)^2*Deng(q2 + q3,
      xiw,M3)^2*p3.p3^2*xia*xiw*ufoGC58^2*ufoGC3*ufoGC4
       - 1/4*g_(1,6_,nu10)*g_(2,nu9,p3)*cFT(nu14,XX,i2,iufo11)*cFT(g7,XX,
      iufo11,j11)/(d^3 + d^2 - 2*d)*flavourTag(fmu,j11,j12)*Vec(nu10,q3)*Vec(
      nu9,q2)*Vec(nu14,q2)*Den(p3 - q2 - q3)^2*Deng(p3,xiw,M3)^2*Deng(q2 + q3,
      xiw,M3)^2*p3.p3^2*xiw*ufoGC58^2*ufoGC3*ufoGC4
       - 1/4*g_(1,6_,nu10)*g_(2,nu9,p3)*cFT(nu14,XX,i2,iufo11)*cFT(g7,XX,
      iufo11,j11)/(d^3 + d^2 - 2*d)*flavourTag(fmu,j11,j12)*Vec(nu10,q3)*Vec(
      nu9,q2)*Vec(nu14,q3)*Den(p3 - q2 - q3)^2*Deng(p3,xiw,M3)^2*Deng(q2 + q3,
      xiw,M3)^2*p3.p3^2*d*xia*xiw*ufoGC58^2*ufoGC3*ufoGC4
       + 1/4*g_(1,6_,nu10)*g_(2,nu9,p3)*cFT(nu14,XX,i2,iufo11)*cFT(g7,XX,
      iufo11,j11)/(d^3 + d^2 - 2*d)*flavourTag(fmu,j11,j12)*Vec(nu10,q3)*Vec(
      nu9,q2)*Vec(nu14,q3)*Den(p3 - q2 - q3)^2*Deng(p3,xiw,M3)^2*Deng(q2 + q3,
      xiw,M3)^2*p3.p3^2*d*xiw*ufoGC58^2*ufoGC3*ufoGC4
       + 1/4*g_(1,6_,nu10)*g_(2,nu9,p3)*cFT(nu14,XX,i2,iufo11)*cFT(g7,XX,
      iufo11,j11)/(d^3 + d^2 - 2*d)*flavourTag(fmu,j11,j12)*Vec(nu10,q3)*Vec(
      nu9,q2)*Vec(nu14,q3)*Den(p3 - q2 - q3)^2*Deng(p3,xiw,M3)^2*Deng(q2 + q3,
      xiw,M3)^2*p3.p3^2*xia*xiw*ufoGC58^2*ufoGC3*ufoGC4
       - 1/4*g_(1,6_,nu10)*g_(2,nu9,p3)*cFT(nu14,XX,i2,iufo11)*cFT(g7,XX,
      iufo11,j11)/(d^3 + d^2 - 2*d)*flavourTag(fmu,j11,j12)*Vec(nu10,q3)*Vec(
      nu9,q2)*Vec(nu14,q3)*Den(p3 - q2 - q3)^2*Deng(p3,xiw,M3)^2*Deng(q2 + q3,
      xiw,M3)^2*p3.p3^2*xiw*ufoGC58^2*ufoGC3*ufoGC4
       - 1/4*g_(1,6_,nu10)*g_(2,nu9,p3)*cFT(nu14,XX,i2,iufo11)*cFT(g7,XX,
      iufo11,j11)/(d^3 + d^2 - 2*d)*flavourTag(fmu,j11,j12)*Vec(nu10,q3)*Vec(
      nu9,q3)*Vec(nu14,q2)*Den(p3 - q2 - q3)^2*Deng(p3,xiw,M3)^2*Deng(q2 + q3,
      xiw,M3)^2*p3.p3^2*d*xia*xiw*ufoGC58^2*ufoGC3*ufoGC4
       + 1/4*g_(1,6_,nu10)*g_(2,nu9,p3)*cFT(nu14,XX,i2,iufo11)*cFT(g7,XX,
      iufo11,j11)/(d^3 + d^2 - 2*d)*flavourTag(fmu,j11,j12)*Vec(nu10,q3)*Vec(
      nu9,q3)*Vec(nu14,q2)*Den(p3 - q2 - q3)^2*Deng(p3,xiw,M3)^2*Deng(q2 + q3,
      xiw,M3)^2*p3.p3^2*d*xiw*ufoGC58^2*ufoGC3*ufoGC4
       + 1/4*g_(1,6_,nu10)*g_(2,nu9,p3)*cFT(nu14,XX,i2,iufo11)*cFT(g7,XX,
      iufo11,j11)/(d^3 + d^2 - 2*d)*flavourTag(fmu,j11,j12)*Vec(nu10,q3)*Vec(
      nu9,q3)*Vec(nu14,q2)*Den(p3 - q2 - q3)^2*Deng(p3,xiw,M3)^2*Deng(q2 + q3,
      xiw,M3)^2*p3.p3^2*xia*xiw*ufoGC58^2*ufoGC3*ufoGC4
       - 1/4*g_(1,6_,nu10)*g_(2,nu9,p3)*cFT(nu14,XX,i2,iufo11)*cFT(g7,XX,
      iufo11,j11)/(d^3 + d^2 - 2*d)*flavourTag(fmu,j11,j12)*Vec(nu10,q3)*Vec(
      nu9,q3)*Vec(nu14,q2)*Den(p3 - q2 - q3)^2*Deng(p3,xiw,M3)^2*Deng(q2 + q3,
      xiw,M3)^2*p3.p3^2*xiw*ufoGC58^2*ufoGC3*ufoGC4
       - 1/4*g_(1,6_,nu10)*g_(2,nu9,p3)*cFT(nu14,XX,i2,iufo11)*cFT(g7,XX,
      iufo11,j11)/(d^3 + d^2 - 2*d)*flavourTag(fmu,j11,j12)*Vec(nu10,q3)*Vec(
      nu9,q3)*Vec(nu14,q3)*Den(p3 - q2 - q3)^2*Deng(p3,xiw,M3)^2*Deng(q2 + q3,
      xiw,M3)^2*p3.p3^2*d*xia*xiw*ufoGC58^2*ufoGC3*ufoGC4
       + 1/4*g_(1,6_,nu10)*g_(2,nu9,p3)*cFT(nu14,XX,i2,iufo11)*cFT(g7,XX,
      iufo11,j11)/(d^3 + d^2 - 2*d)*flavourTag(fmu,j11,j12)*Vec(nu10,q3)*Vec(
      nu9,q3)*Vec(nu14,q3)*Den(p3 - q2 - q3)^2*Deng(p3,xiw,M3)^2*Deng(q2 + q3,
      xiw,M3)^2*p3.p3^2*d*xiw*ufoGC58^2*ufoGC3*ufoGC4
       + 1/4*g_(1,6_,nu10)*g_(2,nu9,p3)*cFT(nu14,XX,i2,iufo11)*cFT(g7,XX,
      iufo11,j11)/(d^3 + d^2 - 2*d)*flavourTag(fmu,j11,j12)*Vec(nu10,q3)*Vec(
      nu9,q3)*Vec(nu14,q3)*Den(p3 - q2 - q3)^2*Deng(p3,xiw,M3)^2*Deng(q2 + q3,
      xiw,M3)^2*p3.p3^2*xia*xiw*ufoGC58^2*ufoGC3*ufoGC4
       - 1/4*g_(1,6_,nu10)*g_(2,nu9,p3)*cFT(nu14,XX,i2,iufo11)*cFT(g7,XX,
      iufo11,j11)/(d^3 + d^2 - 2*d)*flavourTag(fmu,j11,j12)*Vec(nu10,q3)*Vec(
      nu9,q3)*Vec(nu14,q3)*Den(p3 - q2 - q3)^2*Deng(p3,xiw,M3)^2*Deng(q2 + q3,
      xiw,M3)^2*p3.p3^2*xiw*ufoGC58^2*ufoGC3*ufoGC4
       + 1/4*g_(1,6_,nu10)*g_(2,nu9,q2)*cFT(nu13,XX,i2,iufo11)*cFT(g7,XX,
      iufo11,j11)*flavourTag(fmu,j11,j12)*Vec(nu10,q2)*Vec(nu9,q2)*Vec(nu14,q2
      )*Vecr(nu13,p3)*Vecr(nu14,p3)*Den(p3 - q2 - q3)*Deng(p3,xiw,M3)^2*Deng(
      q2 + q3,xiw,M3)^2*xiw*ufoGC58^2*ufoGC3*ufoGC4
       + 1/4*g_(1,6_,nu10)*g_(2,nu9,q2)*cFT(nu13,XX,i2,iufo11)*cFT(g7,XX,
      iufo11,j11)*flavourTag(fmu,j11,j12)*Vec(nu10,q2)*Vec(nu9,q2)*Vec(nu14,q3
      )*Vecr(nu13,p3)*Vecr(nu14,p3)*Den(p3 - q2 - q3)*Deng(p3,xiw,M3)^2*Deng(
      q2 + q3,xiw,M3)^2*xiw*ufoGC58^2*ufoGC3*ufoGC4
       - 1/4*g_(1,6_,nu10)*g_(2,nu9,q2)*cFT(nu13,XX,i2,iufo11)*cFT(g7,XX,
      iufo11,j11)*flavourTag(fmu,j11,j12)*Vec(nu10,q2)*Vec(nu9,q2)*Vec(nu14,
      -q2)*Vecr(nu13,p3)*Vecr(nu14,p3)*Den(p3 - q2 - q3)*Deng(p3,xiw,M3)^2*
      Deng(q2 + q3,xiw,M3)^2*xiw*ufoGC58^2*ufoGC3*ufoGC4
       - 1/4*g_(1,6_,nu10)*g_(2,nu9,q2)*cFT(nu13,XX,i2,iufo11)*cFT(g7,XX,
      iufo11,j11)*flavourTag(fmu,j11,j12)*Vec(nu10,q2)*Vec(nu9,q2)*Vec(nu14,
      -q3)*Vecr(nu13,p3)*Vecr(nu14,p3)*Den(p3 - q2 - q3)*Deng(p3,xiw,M3)^2*
      Deng(q2 + q3,xiw,M3)^2*xiw*ufoGC58^2*ufoGC3*ufoGC4
       - 1/4*g_(1,6_,nu10)*g_(2,nu9,q2)*cFT(nu13,XX,i2,iufo11)*cFT(g7,XX,
      iufo11,j11)*flavourTag(fmu,j11,j12)*Vec(nu10,q2)*Vec(nu9,q2)*Vecr(nu13,
      p3)*Den(p3 - q2 - q3)*Deng(p3,xiw,M3)^2*Deng(q2 + q3,xiw,M3)^2*p3.p3*xiw
      *ufoGC58^2*ufoGC3*ufoGC4
       + 1/4*g_(1,6_,nu10)*g_(2,nu9,q2)*cFT(nu13,XX,i2,iufo11)*cFT(g7,XX,
      iufo11,j11)*flavourTag(fmu,j11,j12)*Vec(nu10,q2)*Vec(nu9,q3)*Vec(nu14,q2
      )*Vecr(nu13,p3)*Vecr(nu14,p3)*Den(p3 - q2 - q3)*Deng(p3,xiw,M3)^2*Deng(
      q2 + q3,xiw,M3)^2*xiw*ufoGC58^2*ufoGC3*ufoGC4
       + 1/4*g_(1,6_,nu10)*g_(2,nu9,q2)*cFT(nu13,XX,i2,iufo11)*cFT(g7,XX,
      iufo11,j11)*flavourTag(fmu,j11,j12)*Vec(nu10,q2)*Vec(nu9,q3)*Vec(nu14,q3
      )*Vecr(nu13,p3)*Vecr(nu14,p3)*Den(p3 - q2 - q3)*Deng(p3,xiw,M3)^2*Deng(
      q2 + q3,xiw,M3)^2*xiw*ufoGC58^2*ufoGC3*ufoGC4
       - 1/4*g_(1,6_,nu10)*g_(2,nu9,q2)*cFT(nu13,XX,i2,iufo11)*cFT(g7,XX,
      iufo11,j11)*flavourTag(fmu,j11,j12)*Vec(nu10,q2)*Vec(nu9,q3)*Vec(nu14,
      -q2)*Vecr(nu13,p3)*Vecr(nu14,p3)*Den(p3 - q2 - q3)*Deng(p3,xiw,M3)^2*
      Deng(q2 + q3,xiw,M3)^2*xiw*ufoGC58^2*ufoGC3*ufoGC4
       - 1/4*g_(1,6_,nu10)*g_(2,nu9,q2)*cFT(nu13,XX,i2,iufo11)*cFT(g7,XX,
      iufo11,j11)*flavourTag(fmu,j11,j12)*Vec(nu10,q2)*Vec(nu9,q3)*Vec(nu14,
      -q3)*Vecr(nu13,p3)*Vecr(nu14,p3)*Den(p3 - q2 - q3)*Deng(p3,xiw,M3)^2*
      Deng(q2 + q3,xiw,M3)^2*xiw*ufoGC58^2*ufoGC3*ufoGC4
       - 1/4*g_(1,6_,nu10)*g_(2,nu9,q2)*cFT(nu13,XX,i2,iufo11)*cFT(g7,XX,
      iufo11,j11)*flavourTag(fmu,j11,j12)*Vec(nu10,q2)*Vec(nu9,q3)*Vecr(nu13,
      p3)*Den(p3 - q2 - q3)*Deng(p3,xiw,M3)^2*Deng(q2 + q3,xiw,M3)^2*p3.p3*xiw
      *ufoGC58^2*ufoGC3*ufoGC4
       + 1/4*g_(1,6_,nu10)*g_(2,nu9,q2)*cFT(nu13,XX,i2,iufo11)*cFT(g7,XX,
      iufo11,j11)*flavourTag(fmu,j11,j12)*Vec(nu10,q3)*Vec(nu9,q2)*Vec(nu14,q2
      )*Vecr(nu13,p3)*Vecr(nu14,p3)*Den(p3 - q2 - q3)*Deng(p3,xiw,M3)^2*Deng(
      q2 + q3,xiw,M3)^2*xiw*ufoGC58^2*ufoGC3*ufoGC4
       + 1/4*g_(1,6_,nu10)*g_(2,nu9,q2)*cFT(nu13,XX,i2,iufo11)*cFT(g7,XX,
      iufo11,j11)*flavourTag(fmu,j11,j12)*Vec(nu10,q3)*Vec(nu9,q2)*Vec(nu14,q3
      )*Vecr(nu13,p3)*Vecr(nu14,p3)*Den(p3 - q2 - q3)*Deng(p3,xiw,M3)^2*Deng(
      q2 + q3,xiw,M3)^2*xiw*ufoGC58^2*ufoGC3*ufoGC4
       - 1/4*g_(1,6_,nu10)*g_(2,nu9,q2)*cFT(nu13,XX,i2,iufo11)*cFT(g7,XX,
      iufo11,j11)*flavourTag(fmu,j11,j12)*Vec(nu10,q3)*Vec(nu9,q2)*Vec(nu14,
      -q2)*Vecr(nu13,p3)*Vecr(nu14,p3)*Den(p3 - q2 - q3)*Deng(p3,xiw,M3)^2*
      Deng(q2 + q3,xiw,M3)^2*xiw*ufoGC58^2*ufoGC3*ufoGC4
       - 1/4*g_(1,6_,nu10)*g_(2,nu9,q2)*cFT(nu13,XX,i2,iufo11)*cFT(g7,XX,
      iufo11,j11)*flavourTag(fmu,j11,j12)*Vec(nu10,q3)*Vec(nu9,q2)*Vec(nu14,
      -q3)*Vecr(nu13,p3)*Vecr(nu14,p3)*Den(p3 - q2 - q3)*Deng(p3,xiw,M3)^2*
      Deng(q2 + q3,xiw,M3)^2*xiw*ufoGC58^2*ufoGC3*ufoGC4
       - 1/4*g_(1,6_,nu10)*g_(2,nu9,q2)*cFT(nu13,XX,i2,iufo11)*cFT(g7,XX,
      iufo11,j11)*flavourTag(fmu,j11,j12)*Vec(nu10,q3)*Vec(nu9,q2)*Vecr(nu13,
      p3)*Den(p3 - q2 - q3)*Deng(p3,xiw,M3)^2*Deng(q2 + q3,xiw,M3)^2*p3.p3*xiw
      *ufoGC58^2*ufoGC3*ufoGC4
       + 1/4*g_(1,6_,nu10)*g_(2,nu9,q2)*cFT(nu13,XX,i2,iufo11)*cFT(g7,XX,
      iufo11,j11)*flavourTag(fmu,j11,j12)*Vec(nu10,q3)*Vec(nu9,q3)*Vec(nu14,q2
      )*Vecr(nu13,p3)*Vecr(nu14,p3)*Den(p3 - q2 - q3)*Deng(p3,xiw,M3)^2*Deng(
      q2 + q3,xiw,M3)^2*xiw*ufoGC58^2*ufoGC3*ufoGC4
       + 1/4*g_(1,6_,nu10)*g_(2,nu9,q2)*cFT(nu13,XX,i2,iufo11)*cFT(g7,XX,
      iufo11,j11)*flavourTag(fmu,j11,j12)*Vec(nu10,q3)*Vec(nu9,q3)*Vec(nu14,q3
      )*Vecr(nu13,p3)*Vecr(nu14,p3)*Den(p3 - q2 - q3)*Deng(p3,xiw,M3)^2*Deng(
      q2 + q3,xiw,M3)^2*xiw*ufoGC58^2*ufoGC3*ufoGC4
       - 1/4*g_(1,6_,nu10)*g_(2,nu9,q2)*cFT(nu13,XX,i2,iufo11)*cFT(g7,XX,
      iufo11,j11)*flavourTag(fmu,j11,j12)*Vec(nu10,q3)*Vec(nu9,q3)*Vec(nu14,
      -q2)*Vecr(nu13,p3)*Vecr(nu14,p3)*Den(p3 - q2 - q3)*Deng(p3,xiw,M3)^2*
      Deng(q2 + q3,xiw,M3)^2*xiw*ufoGC58^2*ufoGC3*ufoGC4
       - 1/4*g_(1,6_,nu10)*g_(2,nu9,q2)*cFT(nu13,XX,i2,iufo11)*cFT(g7,XX,
      iufo11,j11)*flavourTag(fmu,j11,j12)*Vec(nu10,q3)*Vec(nu9,q3)*Vec(nu14,
      -q3)*Vecr(nu13,p3)*Vecr(nu14,p3)*Den(p3 - q2 - q3)*Deng(p3,xiw,M3)^2*
      Deng(q2 + q3,xiw,M3)^2*xiw*ufoGC58^2*ufoGC3*ufoGC4
       - 1/4*g_(1,6_,nu10)*g_(2,nu9,q2)*cFT(nu13,XX,i2,iufo11)*cFT(g7,XX,
      iufo11,j11)*flavourTag(fmu,j11,j12)*Vec(nu10,q3)*Vec(nu9,q3)*Vecr(nu13,
      p3)*Den(p3 - q2 - q3)*Deng(p3,xiw,M3)^2*Deng(q2 + q3,xiw,M3)^2*p3.p3*xiw
      *ufoGC58^2*ufoGC3*ufoGC4
       + 1/4*g_(1,6_,nu10)*g_(2,nu9,q2)*cFT(nu14,XX,i2,iufo11)*cFT(g7,XX,
      iufo11,j11)/(d^3 + d^2 - 2*d)*flavourTag(fmu,j11,j12)*Vec(nu10,q2)*Vec(
      nu9,q2)*Vec(nu14,q2)*Den(p3 - q2 - q3)^2*Deng(p3,xiw,M3)^2*Deng(q2 + q3,
      xiw,M3)^2*p3.p3^2*d*xia*xiw*ufoGC58^2*ufoGC3*ufoGC4
       - 1/4*g_(1,6_,nu10)*g_(2,nu9,q2)*cFT(nu14,XX,i2,iufo11)*cFT(g7,XX,
      iufo11,j11)/(d^3 + d^2 - 2*d)*flavourTag(fmu,j11,j12)*Vec(nu10,q2)*Vec(
      nu9,q2)*Vec(nu14,q2)*Den(p3 - q2 - q3)^2*Deng(p3,xiw,M3)^2*Deng(q2 + q3,
      xiw,M3)^2*p3.p3^2*d*xiw*ufoGC58^2*ufoGC3*ufoGC4
       - 1/4*g_(1,6_,nu10)*g_(2,nu9,q2)*cFT(nu14,XX,i2,iufo11)*cFT(g7,XX,
      iufo11,j11)/(d^3 + d^2 - 2*d)*flavourTag(fmu,j11,j12)*Vec(nu10,q2)*Vec(
      nu9,q2)*Vec(nu14,q2)*Den(p3 - q2 - q3)^2*Deng(p3,xiw,M3)^2*Deng(q2 + q3,
      xiw,M3)^2*p3.p3^2*xia*xiw*ufoGC58^2*ufoGC3*ufoGC4
       + 1/4*g_(1,6_,nu10)*g_(2,nu9,q2)*cFT(nu14,XX,i2,iufo11)*cFT(g7,XX,
      iufo11,j11)/(d^3 + d^2 - 2*d)*flavourTag(fmu,j11,j12)*Vec(nu10,q2)*Vec(
      nu9,q2)*Vec(nu14,q2)*Den(p3 - q2 - q3)^2*Deng(p3,xiw,M3)^2*Deng(q2 + q3,
      xiw,M3)^2*p3.p3^2*xiw*ufoGC58^2*ufoGC3*ufoGC4
       + 1/4*g_(1,6_,nu10)*g_(2,nu9,q2)*cFT(nu14,XX,i2,iufo11)*cFT(g7,XX,
      iufo11,j11)/(d^3 + d^2 - 2*d)*flavourTag(fmu,j11,j12)*Vec(nu10,q2)*Vec(
      nu9,q2)*Vec(nu14,q3)*Den(p3 - q2 - q3)^2*Deng(p3,xiw,M3)^2*Deng(q2 + q3,
      xiw,M3)^2*p3.p3^2*d*xia*xiw*ufoGC58^2*ufoGC3*ufoGC4
       - 1/4*g_(1,6_,nu10)*g_(2,nu9,q2)*cFT(nu14,XX,i2,iufo11)*cFT(g7,XX,
      iufo11,j11)/(d^3 + d^2 - 2*d)*flavourTag(fmu,j11,j12)*Vec(nu10,q2)*Vec(
      nu9,q2)*Vec(nu14,q3)*Den(p3 - q2 - q3)^2*Deng(p3,xiw,M3)^2*Deng(q2 + q3,
      xiw,M3)^2*p3.p3^2*d*xiw*ufoGC58^2*ufoGC3*ufoGC4
       - 1/4*g_(1,6_,nu10)*g_(2,nu9,q2)*cFT(nu14,XX,i2,iufo11)*cFT(g7,XX,
      iufo11,j11)/(d^3 + d^2 - 2*d)*flavourTag(fmu,j11,j12)*Vec(nu10,q2)*Vec(
      nu9,q2)*Vec(nu14,q3)*Den(p3 - q2 - q3)^2*Deng(p3,xiw,M3)^2*Deng(q2 + q3,
      xiw,M3)^2*p3.p3^2*xia*xiw*ufoGC58^2*ufoGC3*ufoGC4
       + 1/4*g_(1,6_,nu10)*g_(2,nu9,q2)*cFT(nu14,XX,i2,iufo11)*cFT(g7,XX,
      iufo11,j11)/(d^3 + d^2 - 2*d)*flavourTag(fmu,j11,j12)*Vec(nu10,q2)*Vec(
      nu9,q2)*Vec(nu14,q3)*Den(p3 - q2 - q3)^2*Deng(p3,xiw,M3)^2*Deng(q2 + q3,
      xiw,M3)^2*p3.p3^2*xiw*ufoGC58^2*ufoGC3*ufoGC4
       + 1/4*g_(1,6_,nu10)*g_(2,nu9,q2)*cFT(nu14,XX,i2,iufo11)*cFT(g7,XX,
      iufo11,j11)/(d^3 + d^2 - 2*d)*flavourTag(fmu,j11,j12)*Vec(nu10,q2)*Vec(
      nu9,q3)*Vec(nu14,q2)*Den(p3 - q2 - q3)^2*Deng(p3,xiw,M3)^2*Deng(q2 + q3,
      xiw,M3)^2*p3.p3^2*d*xia*xiw*ufoGC58^2*ufoGC3*ufoGC4
       - 1/4*g_(1,6_,nu10)*g_(2,nu9,q2)*cFT(nu14,XX,i2,iufo11)*cFT(g7,XX,
      iufo11,j11)/(d^3 + d^2 - 2*d)*flavourTag(fmu,j11,j12)*Vec(nu10,q2)*Vec(
      nu9,q3)*Vec(nu14,q2)*Den(p3 - q2 - q3)^2*Deng(p3,xiw,M3)^2*Deng(q2 + q3,
      xiw,M3)^2*p3.p3^2*d*xiw*ufoGC58^2*ufoGC3*ufoGC4
       - 1/4*g_(1,6_,nu10)*g_(2,nu9,q2)*cFT(nu14,XX,i2,iufo11)*cFT(g7,XX,
      iufo11,j11)/(d^3 + d^2 - 2*d)*flavourTag(fmu,j11,j12)*Vec(nu10,q2)*Vec(
      nu9,q3)*Vec(nu14,q2)*Den(p3 - q2 - q3)^2*Deng(p3,xiw,M3)^2*Deng(q2 + q3,
      xiw,M3)^2*p3.p3^2*xia*xiw*ufoGC58^2*ufoGC3*ufoGC4
       + 1/4*g_(1,6_,nu10)*g_(2,nu9,q2)*cFT(nu14,XX,i2,iufo11)*cFT(g7,XX,
      iufo11,j11)/(d^3 + d^2 - 2*d)*flavourTag(fmu,j11,j12)*Vec(nu10,q2)*Vec(
      nu9,q3)*Vec(nu14,q2)*Den(p3 - q2 - q3)^2*Deng(p3,xiw,M3)^2*Deng(q2 + q3,
      xiw,M3)^2*p3.p3^2*xiw*ufoGC58^2*ufoGC3*ufoGC4
       + 1/4*g_(1,6_,nu10)*g_(2,nu9,q2)*cFT(nu14,XX,i2,iufo11)*cFT(g7,XX,
      iufo11,j11)/(d^3 + d^2 - 2*d)*flavourTag(fmu,j11,j12)*Vec(nu10,q2)*Vec(
      nu9,q3)*Vec(nu14,q3)*Den(p3 - q2 - q3)^2*Deng(p3,xiw,M3)^2*Deng(q2 + q3,
      xiw,M3)^2*p3.p3^2*d*xia*xiw*ufoGC58^2*ufoGC3*ufoGC4
       - 1/4*g_(1,6_,nu10)*g_(2,nu9,q2)*cFT(nu14,XX,i2,iufo11)*cFT(g7,XX,
      iufo11,j11)/(d^3 + d^2 - 2*d)*flavourTag(fmu,j11,j12)*Vec(nu10,q2)*Vec(
      nu9,q3)*Vec(nu14,q3)*Den(p3 - q2 - q3)^2*Deng(p3,xiw,M3)^2*Deng(q2 + q3,
      xiw,M3)^2*p3.p3^2*d*xiw*ufoGC58^2*ufoGC3*ufoGC4
       - 1/4*g_(1,6_,nu10)*g_(2,nu9,q2)*cFT(nu14,XX,i2,iufo11)*cFT(g7,XX,
      iufo11,j11)/(d^3 + d^2 - 2*d)*flavourTag(fmu,j11,j12)*Vec(nu10,q2)*Vec(
      nu9,q3)*Vec(nu14,q3)*Den(p3 - q2 - q3)^2*Deng(p3,xiw,M3)^2*Deng(q2 + q3,
      xiw,M3)^2*p3.p3^2*xia*xiw*ufoGC58^2*ufoGC3*ufoGC4
       + 1/4*g_(1,6_,nu10)*g_(2,nu9,q2)*cFT(nu14,XX,i2,iufo11)*cFT(g7,XX,
      iufo11,j11)/(d^3 + d^2 - 2*d)*flavourTag(fmu,j11,j12)*Vec(nu10,q2)*Vec(
      nu9,q3)*Vec(nu14,q3)*Den(p3 - q2 - q3)^2*Deng(p3,xiw,M3)^2*Deng(q2 + q3,
      xiw,M3)^2*p3.p3^2*xiw*ufoGC58^2*ufoGC3*ufoGC4
       + 1/4*g_(1,6_,nu10)*g_(2,nu9,q2)*cFT(nu14,XX,i2,iufo11)*cFT(g7,XX,
      iufo11,j11)/(d^3 + d^2 - 2*d)*flavourTag(fmu,j11,j12)*Vec(nu10,q3)*Vec(
      nu9,q2)*Vec(nu14,q2)*Den(p3 - q2 - q3)^2*Deng(p3,xiw,M3)^2*Deng(q2 + q3,
      xiw,M3)^2*p3.p3^2*d*xia*xiw*ufoGC58^2*ufoGC3*ufoGC4
       - 1/4*g_(1,6_,nu10)*g_(2,nu9,q2)*cFT(nu14,XX,i2,iufo11)*cFT(g7,XX,
      iufo11,j11)/(d^3 + d^2 - 2*d)*flavourTag(fmu,j11,j12)*Vec(nu10,q3)*Vec(
      nu9,q2)*Vec(nu14,q2)*Den(p3 - q2 - q3)^2*Deng(p3,xiw,M3)^2*Deng(q2 + q3,
      xiw,M3)^2*p3.p3^2*d*xiw*ufoGC58^2*ufoGC3*ufoGC4
       - 1/4*g_(1,6_,nu10)*g_(2,nu9,q2)*cFT(nu14,XX,i2,iufo11)*cFT(g7,XX,
      iufo11,j11)/(d^3 + d^2 - 2*d)*flavourTag(fmu,j11,j12)*Vec(nu10,q3)*Vec(
      nu9,q2)*Vec(nu14,q2)*Den(p3 - q2 - q3)^2*Deng(p3,xiw,M3)^2*Deng(q2 + q3,
      xiw,M3)^2*p3.p3^2*xia*xiw*ufoGC58^2*ufoGC3*ufoGC4
       + 1/4*g_(1,6_,nu10)*g_(2,nu9,q2)*cFT(nu14,XX,i2,iufo11)*cFT(g7,XX,
      iufo11,j11)/(d^3 + d^2 - 2*d)*flavourTag(fmu,j11,j12)*Vec(nu10,q3)*Vec(
      nu9,q2)*Vec(nu14,q2)*Den(p3 - q2 - q3)^2*Deng(p3,xiw,M3)^2*Deng(q2 + q3,
      xiw,M3)^2*p3.p3^2*xiw*ufoGC58^2*ufoGC3*ufoGC4
       + 1/4*g_(1,6_,nu10)*g_(2,nu9,q2)*cFT(nu14,XX,i2,iufo11)*cFT(g7,XX,
      iufo11,j11)/(d^3 + d^2 - 2*d)*flavourTag(fmu,j11,j12)*Vec(nu10,q3)*Vec(
      nu9,q2)*Vec(nu14,q3)*Den(p3 - q2 - q3)^2*Deng(p3,xiw,M3)^2*Deng(q2 + q3,
      xiw,M3)^2*p3.p3^2*d*xia*xiw*ufoGC58^2*ufoGC3*ufoGC4
       - 1/4*g_(1,6_,nu10)*g_(2,nu9,q2)*cFT(nu14,XX,i2,iufo11)*cFT(g7,XX,
      iufo11,j11)/(d^3 + d^2 - 2*d)*flavourTag(fmu,j11,j12)*Vec(nu10,q3)*Vec(
      nu9,q2)*Vec(nu14,q3)*Den(p3 - q2 - q3)^2*Deng(p3,xiw,M3)^2*Deng(q2 + q3,
      xiw,M3)^2*p3.p3^2*d*xiw*ufoGC58^2*ufoGC3*ufoGC4
       - 1/4*g_(1,6_,nu10)*g_(2,nu9,q2)*cFT(nu14,XX,i2,iufo11)*cFT(g7,XX,
      iufo11,j11)/(d^3 + d^2 - 2*d)*flavourTag(fmu,j11,j12)*Vec(nu10,q3)*Vec(
      nu9,q2)*Vec(nu14,q3)*Den(p3 - q2 - q3)^2*Deng(p3,xiw,M3)^2*Deng(q2 + q3,
      xiw,M3)^2*p3.p3^2*xia*xiw*ufoGC58^2*ufoGC3*ufoGC4
       + 1/4*g_(1,6_,nu10)*g_(2,nu9,q2)*cFT(nu14,XX,i2,iufo11)*cFT(g7,XX,
      iufo11,j11)/(d^3 + d^2 - 2*d)*flavourTag(fmu,j11,j12)*Vec(nu10,q3)*Vec(
      nu9,q2)*Vec(nu14,q3)*Den(p3 - q2 - q3)^2*Deng(p3,xiw,M3)^2*Deng(q2 + q3,
      xiw,M3)^2*p3.p3^2*xiw*ufoGC58^2*ufoGC3*ufoGC4
       + 1/4*g_(1,6_,nu10)*g_(2,nu9,q2)*cFT(nu14,XX,i2,iufo11)*cFT(g7,XX,
      iufo11,j11)/(d^3 + d^2 - 2*d)*flavourTag(fmu,j11,j12)*Vec(nu10,q3)*Vec(
      nu9,q3)*Vec(nu14,q2)*Den(p3 - q2 - q3)^2*Deng(p3,xiw,M3)^2*Deng(q2 + q3,
      xiw,M3)^2*p3.p3^2*d*xia*xiw*ufoGC58^2*ufoGC3*ufoGC4
       - 1/4*g_(1,6_,nu10)*g_(2,nu9,q2)*cFT(nu14,XX,i2,iufo11)*cFT(g7,XX,
      iufo11,j11)/(d^3 + d^2 - 2*d)*flavourTag(fmu,j11,j12)*Vec(nu10,q3)*Vec(
      nu9,q3)*Vec(nu14,q2)*Den(p3 - q2 - q3)^2*Deng(p3,xiw,M3)^2*Deng(q2 + q3,
      xiw,M3)^2*p3.p3^2*d*xiw*ufoGC58^2*ufoGC3*ufoGC4
       - 1/4*g_(1,6_,nu10)*g_(2,nu9,q2)*cFT(nu14,XX,i2,iufo11)*cFT(g7,XX,
      iufo11,j11)/(d^3 + d^2 - 2*d)*flavourTag(fmu,j11,j12)*Vec(nu10,q3)*Vec(
      nu9,q3)*Vec(nu14,q2)*Den(p3 - q2 - q3)^2*Deng(p3,xiw,M3)^2*Deng(q2 + q3,
      xiw,M3)^2*p3.p3^2*xia*xiw*ufoGC58^2*ufoGC3*ufoGC4
       + 1/4*g_(1,6_,nu10)*g_(2,nu9,q2)*cFT(nu14,XX,i2,iufo11)*cFT(g7,XX,
      iufo11,j11)/(d^3 + d^2 - 2*d)*flavourTag(fmu,j11,j12)*Vec(nu10,q3)*Vec(
      nu9,q3)*Vec(nu14,q2)*Den(p3 - q2 - q3)^2*Deng(p3,xiw,M3)^2*Deng(q2 + q3,
      xiw,M3)^2*p3.p3^2*xiw*ufoGC58^2*ufoGC3*ufoGC4
       + 1/4*g_(1,6_,nu10)*g_(2,nu9,q2)*cFT(nu14,XX,i2,iufo11)*cFT(g7,XX,
      iufo11,j11)/(d^3 + d^2 - 2*d)*flavourTag(fmu,j11,j12)*Vec(nu10,q3)*Vec(
      nu9,q3)*Vec(nu14,q3)*Den(p3 - q2 - q3)^2*Deng(p3,xiw,M3)^2*Deng(q2 + q3,
      xiw,M3)^2*p3.p3^2*d*xia*xiw*ufoGC58^2*ufoGC3*ufoGC4
       - 1/4*g_(1,6_,nu10)*g_(2,nu9,q2)*cFT(nu14,XX,i2,iufo11)*cFT(g7,XX,
      iufo11,j11)/(d^3 + d^2 - 2*d)*flavourTag(fmu,j11,j12)*Vec(nu10,q3)*Vec(
      nu9,q3)*Vec(nu14,q3)*Den(p3 - q2 - q3)^2*Deng(p3,xiw,M3)^2*Deng(q2 + q3,
      xiw,M3)^2*p3.p3^2*d*xiw*ufoGC58^2*ufoGC3*ufoGC4
       - 1/4*g_(1,6_,nu10)*g_(2,nu9,q2)*cFT(nu14,XX,i2,iufo11)*cFT(g7,XX,
      iufo11,j11)/(d^3 + d^2 - 2*d)*flavourTag(fmu,j11,j12)*Vec(nu10,q3)*Vec(
      nu9,q3)*Vec(nu14,q3)*Den(p3 - q2 - q3)^2*Deng(p3,xiw,M3)^2*Deng(q2 + q3,
      xiw,M3)^2*p3.p3^2*xia*xiw*ufoGC58^2*ufoGC3*ufoGC4
       + 1/4*g_(1,6_,nu10)*g_(2,nu9,q2)*cFT(nu14,XX,i2,iufo11)*cFT(g7,XX,
      iufo11,j11)/(d^3 + d^2 - 2*d)*flavourTag(fmu,j11,j12)*Vec(nu10,q3)*Vec(
      nu9,q3)*Vec(nu14,q3)*Den(p3 - q2 - q3)^2*Deng(p3,xiw,M3)^2*Deng(q2 + q3,
      xiw,M3)^2*p3.p3^2*xiw*ufoGC58^2*ufoGC3*ufoGC4
       - 1/4*g_(1,6_,nu10)*g_(2,nu14,p3)*cFT(nu13,XX,i2,iufo11)*cFT(g7,XX,
      iufo11,j11)*flavourTag(fmu,j11,j12)*Vec(nu10,q2)*Vec(nu9,q2)*Vecr(nu13,
      p3)*Vecr(nu9,p3)*Vecr(nu14,p3)*Den(p3 - q2 - q3)*Deng(p3,xiw,M3)^2*Deng(
      q2 + q3,xiw,M3)^2*xiw*ufoGC58^2*ufoGC3*ufoGC4
       - 1/4*g_(1,6_,nu10)*g_(2,nu14,p3)*cFT(nu13,XX,i2,iufo11)*cFT(g7,XX,
      iufo11,j11)*flavourTag(fmu,j11,j12)*Vec(nu10,q2)*Vec(nu9,q3)*Vecr(nu13,
      p3)*Vecr(nu9,p3)*Vecr(nu14,p3)*Den(p3 - q2 - q3)*Deng(p3,xiw,M3)^2*Deng(
      q2 + q3,xiw,M3)^2*xiw*ufoGC58^2*ufoGC3*ufoGC4
       + 1/4*g_(1,6_,nu10)*g_(2,nu14,p3)*cFT(nu13,XX,i2,iufo11)*cFT(g7,XX,
      iufo11,j11)*flavourTag(fmu,j11,j12)*Vec(nu10,q2)*Vec(nu9,-p3)*Vec(nu9,q2
      )*Vecr(nu13,p3)*Vecr(nu14,p3)*Den(p3 - q2 - q3)*Deng(p3,xiw,M3)^2*Deng(
      q2 + q3,xiw,M3)^2*xiw*ufoGC58^2*ufoGC3*ufoGC4
       + 1/4*g_(1,6_,nu10)*g_(2,nu14,p3)*cFT(nu13,XX,i2,iufo11)*cFT(g7,XX,
      iufo11,j11)*flavourTag(fmu,j11,j12)*Vec(nu10,q2)*Vec(nu9,-p3)*Vec(nu9,q3
      )*Vecr(nu13,p3)*Vecr(nu14,p3)*Den(p3 - q2 - q3)*Deng(p3,xiw,M3)^2*Deng(
      q2 + q3,xiw,M3)^2*xiw*ufoGC58^2*ufoGC3*ufoGC4
       - 1/4*g_(1,6_,nu10)*g_(2,nu14,p3)*cFT(nu13,XX,i2,iufo11)*cFT(g7,XX,
      iufo11,j11)*flavourTag(fmu,j11,j12)*Vec(nu10,q2)*Vec(nu9,-q2)*Vec(nu9,q2
      )*Vecr(nu13,p3)*Vecr(nu14,p3)*Den(p3 - q2 - q3)*Deng(p3,xiw,M3)^2*Deng(
      q2 + q3,xiw,M3)^2*xiw*ufoGC58^2*ufoGC3*ufoGC4
       - 1/4*g_(1,6_,nu10)*g_(2,nu14,p3)*cFT(nu13,XX,i2,iufo11)*cFT(g7,XX,
      iufo11,j11)*flavourTag(fmu,j11,j12)*Vec(nu10,q2)*Vec(nu9,-q2)*Vec(nu9,q3
      )*Vecr(nu13,p3)*Vecr(nu14,p3)*Den(p3 - q2 - q3)*Deng(p3,xiw,M3)^2*Deng(
      q2 + q3,xiw,M3)^2*xiw*ufoGC58^2*ufoGC3*ufoGC4
       - 1/4*g_(1,6_,nu10)*g_(2,nu14,p3)*cFT(nu13,XX,i2,iufo11)*cFT(g7,XX,
      iufo11,j11)*flavourTag(fmu,j11,j12)*Vec(nu10,q2)*Vec(nu9,-q3)*Vec(nu9,q2
      )*Vecr(nu13,p3)*Vecr(nu14,p3)*Den(p3 - q2 - q3)*Deng(p3,xiw,M3)^2*Deng(
      q2 + q3,xiw,M3)^2*xiw*ufoGC58^2*ufoGC3*ufoGC4
       - 1/4*g_(1,6_,nu10)*g_(2,nu14,p3)*cFT(nu13,XX,i2,iufo11)*cFT(g7,XX,
      iufo11,j11)*flavourTag(fmu,j11,j12)*Vec(nu10,q2)*Vec(nu9,-q3)*Vec(nu9,q3
      )*Vecr(nu13,p3)*Vecr(nu14,p3)*Den(p3 - q2 - q3)*Deng(p3,xiw,M3)^2*Deng(
      q2 + q3,xiw,M3)^2*xiw*ufoGC58^2*ufoGC3*ufoGC4
       - 1/4*g_(1,6_,nu10)*g_(2,nu14,p3)*cFT(nu13,XX,i2,iufo11)*cFT(g7,XX,
      iufo11,j11)*flavourTag(fmu,j11,j12)*Vec(nu10,q3)*Vec(nu9,q2)*Vecr(nu13,
      p3)*Vecr(nu9,p3)*Vecr(nu14,p3)*Den(p3 - q2 - q3)*Deng(p3,xiw,M3)^2*Deng(
      q2 + q3,xiw,M3)^2*xiw*ufoGC58^2*ufoGC3*ufoGC4
       - 1/4*g_(1,6_,nu10)*g_(2,nu14,p3)*cFT(nu13,XX,i2,iufo11)*cFT(g7,XX,
      iufo11,j11)*flavourTag(fmu,j11,j12)*Vec(nu10,q3)*Vec(nu9,q3)*Vecr(nu13,
      p3)*Vecr(nu9,p3)*Vecr(nu14,p3)*Den(p3 - q2 - q3)*Deng(p3,xiw,M3)^2*Deng(
      q2 + q3,xiw,M3)^2*xiw*ufoGC58^2*ufoGC3*ufoGC4
       + 1/4*g_(1,6_,nu10)*g_(2,nu14,p3)*cFT(nu13,XX,i2,iufo11)*cFT(g7,XX,
      iufo11,j11)*flavourTag(fmu,j11,j12)*Vec(nu10,q3)*Vec(nu9,-p3)*Vec(nu9,q2
      )*Vecr(nu13,p3)*Vecr(nu14,p3)*Den(p3 - q2 - q3)*Deng(p3,xiw,M3)^2*Deng(
      q2 + q3,xiw,M3)^2*xiw*ufoGC58^2*ufoGC3*ufoGC4
       + 1/4*g_(1,6_,nu10)*g_(2,nu14,p3)*cFT(nu13,XX,i2,iufo11)*cFT(g7,XX,
      iufo11,j11)*flavourTag(fmu,j11,j12)*Vec(nu10,q3)*Vec(nu9,-p3)*Vec(nu9,q3
      )*Vecr(nu13,p3)*Vecr(nu14,p3)*Den(p3 - q2 - q3)*Deng(p3,xiw,M3)^2*Deng(
      q2 + q3,xiw,M3)^2*xiw*ufoGC58^2*ufoGC3*ufoGC4
       - 1/4*g_(1,6_,nu10)*g_(2,nu14,p3)*cFT(nu13,XX,i2,iufo11)*cFT(g7,XX,
      iufo11,j11)*flavourTag(fmu,j11,j12)*Vec(nu10,q3)*Vec(nu9,-q2)*Vec(nu9,q2
      )*Vecr(nu13,p3)*Vecr(nu14,p3)*Den(p3 - q2 - q3)*Deng(p3,xiw,M3)^2*Deng(
      q2 + q3,xiw,M3)^2*xiw*ufoGC58^2*ufoGC3*ufoGC4
       - 1/4*g_(1,6_,nu10)*g_(2,nu14,p3)*cFT(nu13,XX,i2,iufo11)*cFT(g7,XX,
      iufo11,j11)*flavourTag(fmu,j11,j12)*Vec(nu10,q3)*Vec(nu9,-q2)*Vec(nu9,q3
      )*Vecr(nu13,p3)*Vecr(nu14,p3)*Den(p3 - q2 - q3)*Deng(p3,xiw,M3)^2*Deng(
      q2 + q3,xiw,M3)^2*xiw*ufoGC58^2*ufoGC3*ufoGC4
       - 1/4*g_(1,6_,nu10)*g_(2,nu14,p3)*cFT(nu13,XX,i2,iufo11)*cFT(g7,XX,
      iufo11,j11)*flavourTag(fmu,j11,j12)*Vec(nu10,q3)*Vec(nu9,-q3)*Vec(nu9,q2
      )*Vecr(nu13,p3)*Vecr(nu14,p3)*Den(p3 - q2 - q3)*Deng(p3,xiw,M3)^2*Deng(
      q2 + q3,xiw,M3)^2*xiw*ufoGC58^2*ufoGC3*ufoGC4
       - 1/4*g_(1,6_,nu10)*g_(2,nu14,p3)*cFT(nu13,XX,i2,iufo11)*cFT(g7,XX,
      iufo11,j11)*flavourTag(fmu,j11,j12)*Vec(nu10,q3)*Vec(nu9,-q3)*Vec(nu9,q3
      )*Vecr(nu13,p3)*Vecr(nu14,p3)*Den(p3 - q2 - q3)*Deng(p3,xiw,M3)^2*Deng(
      q2 + q3,xiw,M3)^2*xiw*ufoGC58^2*ufoGC3*ufoGC4
       - 1/4*g_(1,6_,nu10)*g_(2,nu14,p3)*cFT(nu9,XX,i2,iufo11)*cFT(g7,XX,
      iufo11,j11)/(d^3 + d^2 - 2*d)*flavourTag(fmu,j11,j12)*Vec(nu10,q2)*Vec(
      nu9,q2)*Vec(nu14,q2)*Den(p3 - q2 - q3)^2*Deng(p3,xiw,M3)^2*Deng(q2 + q3,
      xiw,M3)^2*p3.p3^2*d*xia*xiw*ufoGC58^2*ufoGC3*ufoGC4
       + 1/4*g_(1,6_,nu10)*g_(2,nu14,p3)*cFT(nu9,XX,i2,iufo11)*cFT(g7,XX,
      iufo11,j11)/(d^3 + d^2 - 2*d)*flavourTag(fmu,j11,j12)*Vec(nu10,q2)*Vec(
      nu9,q2)*Vec(nu14,q2)*Den(p3 - q2 - q3)^2*Deng(p3,xiw,M3)^2*Deng(q2 + q3,
      xiw,M3)^2*p3.p3^2*d*xiw*ufoGC58^2*ufoGC3*ufoGC4
       + 1/4*g_(1,6_,nu10)*g_(2,nu14,p3)*cFT(nu9,XX,i2,iufo11)*cFT(g7,XX,
      iufo11,j11)/(d^3 + d^2 - 2*d)*flavourTag(fmu,j11,j12)*Vec(nu10,q2)*Vec(
      nu9,q2)*Vec(nu14,q2)*Den(p3 - q2 - q3)^2*Deng(p3,xiw,M3)^2*Deng(q2 + q3,
      xiw,M3)^2*p3.p3^2*xia*xiw*ufoGC58^2*ufoGC3*ufoGC4
       - 1/4*g_(1,6_,nu10)*g_(2,nu14,p3)*cFT(nu9,XX,i2,iufo11)*cFT(g7,XX,
      iufo11,j11)/(d^3 + d^2 - 2*d)*flavourTag(fmu,j11,j12)*Vec(nu10,q2)*Vec(
      nu9,q2)*Vec(nu14,q2)*Den(p3 - q2 - q3)^2*Deng(p3,xiw,M3)^2*Deng(q2 + q3,
      xiw,M3)^2*p3.p3^2*xiw*ufoGC58^2*ufoGC3*ufoGC4
       - 1/4*g_(1,6_,nu10)*g_(2,nu14,p3)*cFT(nu9,XX,i2,iufo11)*cFT(g7,XX,
      iufo11,j11)/(d^3 + d^2 - 2*d)*flavourTag(fmu,j11,j12)*Vec(nu10,q2)*Vec(
      nu9,q2)*Vec(nu14,q3)*Den(p3 - q2 - q3)^2*Deng(p3,xiw,M3)^2*Deng(q2 + q3,
      xiw,M3)^2*p3.p3^2*d*xia*xiw*ufoGC58^2*ufoGC3*ufoGC4
       + 1/4*g_(1,6_,nu10)*g_(2,nu14,p3)*cFT(nu9,XX,i2,iufo11)*cFT(g7,XX,
      iufo11,j11)/(d^3 + d^2 - 2*d)*flavourTag(fmu,j11,j12)*Vec(nu10,q2)*Vec(
      nu9,q2)*Vec(nu14,q3)*Den(p3 - q2 - q3)^2*Deng(p3,xiw,M3)^2*Deng(q2 + q3,
      xiw,M3)^2*p3.p3^2*d*xiw*ufoGC58^2*ufoGC3*ufoGC4
       + 1/4*g_(1,6_,nu10)*g_(2,nu14,p3)*cFT(nu9,XX,i2,iufo11)*cFT(g7,XX,
      iufo11,j11)/(d^3 + d^2 - 2*d)*flavourTag(fmu,j11,j12)*Vec(nu10,q2)*Vec(
      nu9,q2)*Vec(nu14,q3)*Den(p3 - q2 - q3)^2*Deng(p3,xiw,M3)^2*Deng(q2 + q3,
      xiw,M3)^2*p3.p3^2*xia*xiw*ufoGC58^2*ufoGC3*ufoGC4
       - 1/4*g_(1,6_,nu10)*g_(2,nu14,p3)*cFT(nu9,XX,i2,iufo11)*cFT(g7,XX,
      iufo11,j11)/(d^3 + d^2 - 2*d)*flavourTag(fmu,j11,j12)*Vec(nu10,q2)*Vec(
      nu9,q2)*Vec(nu14,q3)*Den(p3 - q2 - q3)^2*Deng(p3,xiw,M3)^2*Deng(q2 + q3,
      xiw,M3)^2*p3.p3^2*xiw*ufoGC58^2*ufoGC3*ufoGC4
       - 1/4*g_(1,6_,nu10)*g_(2,nu14,p3)*cFT(nu9,XX,i2,iufo11)*cFT(g7,XX,
      iufo11,j11)/(d^3 + d^2 - 2*d)*flavourTag(fmu,j11,j12)*Vec(nu10,q2)*Vec(
      nu9,q3)*Vec(nu14,q2)*Den(p3 - q2 - q3)^2*Deng(p3,xiw,M3)^2*Deng(q2 + q3,
      xiw,M3)^2*p3.p3^2*d*xia*xiw*ufoGC58^2*ufoGC3*ufoGC4
       + 1/4*g_(1,6_,nu10)*g_(2,nu14,p3)*cFT(nu9,XX,i2,iufo11)*cFT(g7,XX,
      iufo11,j11)/(d^3 + d^2 - 2*d)*flavourTag(fmu,j11,j12)*Vec(nu10,q2)*Vec(
      nu9,q3)*Vec(nu14,q2)*Den(p3 - q2 - q3)^2*Deng(p3,xiw,M3)^2*Deng(q2 + q3,
      xiw,M3)^2*p3.p3^2*d*xiw*ufoGC58^2*ufoGC3*ufoGC4
       + 1/4*g_(1,6_,nu10)*g_(2,nu14,p3)*cFT(nu9,XX,i2,iufo11)*cFT(g7,XX,
      iufo11,j11)/(d^3 + d^2 - 2*d)*flavourTag(fmu,j11,j12)*Vec(nu10,q2)*Vec(
      nu9,q3)*Vec(nu14,q2)*Den(p3 - q2 - q3)^2*Deng(p3,xiw,M3)^2*Deng(q2 + q3,
      xiw,M3)^2*p3.p3^2*xia*xiw*ufoGC58^2*ufoGC3*ufoGC4
       - 1/4*g_(1,6_,nu10)*g_(2,nu14,p3)*cFT(nu9,XX,i2,iufo11)*cFT(g7,XX,
      iufo11,j11)/(d^3 + d^2 - 2*d)*flavourTag(fmu,j11,j12)*Vec(nu10,q2)*Vec(
      nu9,q3)*Vec(nu14,q2)*Den(p3 - q2 - q3)^2*Deng(p3,xiw,M3)^2*Deng(q2 + q3,
      xiw,M3)^2*p3.p3^2*xiw*ufoGC58^2*ufoGC3*ufoGC4
       - 1/4*g_(1,6_,nu10)*g_(2,nu14,p3)*cFT(nu9,XX,i2,iufo11)*cFT(g7,XX,
      iufo11,j11)/(d^3 + d^2 - 2*d)*flavourTag(fmu,j11,j12)*Vec(nu10,q2)*Vec(
      nu9,q3)*Vec(nu14,q3)*Den(p3 - q2 - q3)^2*Deng(p3,xiw,M3)^2*Deng(q2 + q3,
      xiw,M3)^2*p3.p3^2*d*xia*xiw*ufoGC58^2*ufoGC3*ufoGC4
       + 1/4*g_(1,6_,nu10)*g_(2,nu14,p3)*cFT(nu9,XX,i2,iufo11)*cFT(g7,XX,
      iufo11,j11)/(d^3 + d^2 - 2*d)*flavourTag(fmu,j11,j12)*Vec(nu10,q2)*Vec(
      nu9,q3)*Vec(nu14,q3)*Den(p3 - q2 - q3)^2*Deng(p3,xiw,M3)^2*Deng(q2 + q3,
      xiw,M3)^2*p3.p3^2*d*xiw*ufoGC58^2*ufoGC3*ufoGC4
       + 1/4*g_(1,6_,nu10)*g_(2,nu14,p3)*cFT(nu9,XX,i2,iufo11)*cFT(g7,XX,
      iufo11,j11)/(d^3 + d^2 - 2*d)*flavourTag(fmu,j11,j12)*Vec(nu10,q2)*Vec(
      nu9,q3)*Vec(nu14,q3)*Den(p3 - q2 - q3)^2*Deng(p3,xiw,M3)^2*Deng(q2 + q3,
      xiw,M3)^2*p3.p3^2*xia*xiw*ufoGC58^2*ufoGC3*ufoGC4
       - 1/4*g_(1,6_,nu10)*g_(2,nu14,p3)*cFT(nu9,XX,i2,iufo11)*cFT(g7,XX,
      iufo11,j11)/(d^3 + d^2 - 2*d)*flavourTag(fmu,j11,j12)*Vec(nu10,q2)*Vec(
      nu9,q3)*Vec(nu14,q3)*Den(p3 - q2 - q3)^2*Deng(p3,xiw,M3)^2*Deng(q2 + q3,
      xiw,M3)^2*p3.p3^2*xiw*ufoGC58^2*ufoGC3*ufoGC4
       - 1/4*g_(1,6_,nu10)*g_(2,nu14,p3)*cFT(nu9,XX,i2,iufo11)*cFT(g7,XX,
      iufo11,j11)/(d^3 + d^2 - 2*d)*flavourTag(fmu,j11,j12)*Vec(nu10,q3)*Vec(
      nu9,q2)*Vec(nu14,q2)*Den(p3 - q2 - q3)^2*Deng(p3,xiw,M3)^2*Deng(q2 + q3,
      xiw,M3)^2*p3.p3^2*d*xia*xiw*ufoGC58^2*ufoGC3*ufoGC4
       + 1/4*g_(1,6_,nu10)*g_(2,nu14,p3)*cFT(nu9,XX,i2,iufo11)*cFT(g7,XX,
      iufo11,j11)/(d^3 + d^2 - 2*d)*flavourTag(fmu,j11,j12)*Vec(nu10,q3)*Vec(
      nu9,q2)*Vec(nu14,q2)*Den(p3 - q2 - q3)^2*Deng(p3,xiw,M3)^2*Deng(q2 + q3,
      xiw,M3)^2*p3.p3^2*d*xiw*ufoGC58^2*ufoGC3*ufoGC4
       + 1/4*g_(1,6_,nu10)*g_(2,nu14,p3)*cFT(nu9,XX,i2,iufo11)*cFT(g7,XX,
      iufo11,j11)/(d^3 + d^2 - 2*d)*flavourTag(fmu,j11,j12)*Vec(nu10,q3)*Vec(
      nu9,q2)*Vec(nu14,q2)*Den(p3 - q2 - q3)^2*Deng(p3,xiw,M3)^2*Deng(q2 + q3,
      xiw,M3)^2*p3.p3^2*xia*xiw*ufoGC58^2*ufoGC3*ufoGC4
       - 1/4*g_(1,6_,nu10)*g_(2,nu14,p3)*cFT(nu9,XX,i2,iufo11)*cFT(g7,XX,
      iufo11,j11)/(d^3 + d^2 - 2*d)*flavourTag(fmu,j11,j12)*Vec(nu10,q3)*Vec(
      nu9,q2)*Vec(nu14,q2)*Den(p3 - q2 - q3)^2*Deng(p3,xiw,M3)^2*Deng(q2 + q3,
      xiw,M3)^2*p3.p3^2*xiw*ufoGC58^2*ufoGC3*ufoGC4
       - 1/4*g_(1,6_,nu10)*g_(2,nu14,p3)*cFT(nu9,XX,i2,iufo11)*cFT(g7,XX,
      iufo11,j11)/(d^3 + d^2 - 2*d)*flavourTag(fmu,j11,j12)*Vec(nu10,q3)*Vec(
      nu9,q2)*Vec(nu14,q3)*Den(p3 - q2 - q3)^2*Deng(p3,xiw,M3)^2*Deng(q2 + q3,
      xiw,M3)^2*p3.p3^2*d*xia*xiw*ufoGC58^2*ufoGC3*ufoGC4
       + 1/4*g_(1,6_,nu10)*g_(2,nu14,p3)*cFT(nu9,XX,i2,iufo11)*cFT(g7,XX,
      iufo11,j11)/(d^3 + d^2 - 2*d)*flavourTag(fmu,j11,j12)*Vec(nu10,q3)*Vec(
      nu9,q2)*Vec(nu14,q3)*Den(p3 - q2 - q3)^2*Deng(p3,xiw,M3)^2*Deng(q2 + q3,
      xiw,M3)^2*p3.p3^2*d*xiw*ufoGC58^2*ufoGC3*ufoGC4
       + 1/4*g_(1,6_,nu10)*g_(2,nu14,p3)*cFT(nu9,XX,i2,iufo11)*cFT(g7,XX,
      iufo11,j11)/(d^3 + d^2 - 2*d)*flavourTag(fmu,j11,j12)*Vec(nu10,q3)*Vec(
      nu9,q2)*Vec(nu14,q3)*Den(p3 - q2 - q3)^2*Deng(p3,xiw,M3)^2*Deng(q2 + q3,
      xiw,M3)^2*p3.p3^2*xia*xiw*ufoGC58^2*ufoGC3*ufoGC4
       - 1/4*g_(1,6_,nu10)*g_(2,nu14,p3)*cFT(nu9,XX,i2,iufo11)*cFT(g7,XX,
      iufo11,j11)/(d^3 + d^2 - 2*d)*flavourTag(fmu,j11,j12)*Vec(nu10,q3)*Vec(
      nu9,q2)*Vec(nu14,q3)*Den(p3 - q2 - q3)^2*Deng(p3,xiw,M3)^2*Deng(q2 + q3,
      xiw,M3)^2*p3.p3^2*xiw*ufoGC58^2*ufoGC3*ufoGC4
       - 1/4*g_(1,6_,nu10)*g_(2,nu14,p3)*cFT(nu9,XX,i2,iufo11)*cFT(g7,XX,
      iufo11,j11)/(d^3 + d^2 - 2*d)*flavourTag(fmu,j11,j12)*Vec(nu10,q3)*Vec(
      nu9,q3)*Vec(nu14,q2)*Den(p3 - q2 - q3)^2*Deng(p3,xiw,M3)^2*Deng(q2 + q3,
      xiw,M3)^2*p3.p3^2*d*xia*xiw*ufoGC58^2*ufoGC3*ufoGC4
       + 1/4*g_(1,6_,nu10)*g_(2,nu14,p3)*cFT(nu9,XX,i2,iufo11)*cFT(g7,XX,
      iufo11,j11)/(d^3 + d^2 - 2*d)*flavourTag(fmu,j11,j12)*Vec(nu10,q3)*Vec(
      nu9,q3)*Vec(nu14,q2)*Den(p3 - q2 - q3)^2*Deng(p3,xiw,M3)^2*Deng(q2 + q3,
      xiw,M3)^2*p3.p3^2*d*xiw*ufoGC58^2*ufoGC3*ufoGC4
       + 1/4*g_(1,6_,nu10)*g_(2,nu14,p3)*cFT(nu9,XX,i2,iufo11)*cFT(g7,XX,
      iufo11,j11)/(d^3 + d^2 - 2*d)*flavourTag(fmu,j11,j12)*Vec(nu10,q3)*Vec(
      nu9,q3)*Vec(nu14,q2)*Den(p3 - q2 - q3)^2*Deng(p3,xiw,M3)^2*Deng(q2 + q3,
      xiw,M3)^2*p3.p3^2*xia*xiw*ufoGC58^2*ufoGC3*ufoGC4
       - 1/4*g_(1,6_,nu10)*g_(2,nu14,p3)*cFT(nu9,XX,i2,iufo11)*cFT(g7,XX,
      iufo11,j11)/(d^3 + d^2 - 2*d)*flavourTag(fmu,j11,j12)*Vec(nu10,q3)*Vec(
      nu9,q3)*Vec(nu14,q2)*Den(p3 - q2 - q3)^2*Deng(p3,xiw,M3)^2*Deng(q2 + q3,
      xiw,M3)^2*p3.p3^2*xiw*ufoGC58^2*ufoGC3*ufoGC4
       - 1/4*g_(1,6_,nu10)*g_(2,nu14,p3)*cFT(nu9,XX,i2,iufo11)*cFT(g7,XX,
      iufo11,j11)/(d^3 + d^2 - 2*d)*flavourTag(fmu,j11,j12)*Vec(nu10,q3)*Vec(
      nu9,q3)*Vec(nu14,q3)*Den(p3 - q2 - q3)^2*Deng(p3,xiw,M3)^2*Deng(q2 + q3,
      xiw,M3)^2*p3.p3^2*d*xia*xiw*ufoGC58^2*ufoGC3*ufoGC4
       + 1/4*g_(1,6_,nu10)*g_(2,nu14,p3)*cFT(nu9,XX,i2,iufo11)*cFT(g7,XX,
      iufo11,j11)/(d^3 + d^2 - 2*d)*flavourTag(fmu,j11,j12)*Vec(nu10,q3)*Vec(
      nu9,q3)*Vec(nu14,q3)*Den(p3 - q2 - q3)^2*Deng(p3,xiw,M3)^2*Deng(q2 + q3,
      xiw,M3)^2*p3.p3^2*d*xiw*ufoGC58^2*ufoGC3*ufoGC4
       + 1/4*g_(1,6_,nu10)*g_(2,nu14,p3)*cFT(nu9,XX,i2,iufo11)*cFT(g7,XX,
      iufo11,j11)/(d^3 + d^2 - 2*d)*flavourTag(fmu,j11,j12)*Vec(nu10,q3)*Vec(
      nu9,q3)*Vec(nu14,q3)*Den(p3 - q2 - q3)^2*Deng(p3,xiw,M3)^2*Deng(q2 + q3,
      xiw,M3)^2*p3.p3^2*xia*xiw*ufoGC58^2*ufoGC3*ufoGC4
       - 1/4*g_(1,6_,nu10)*g_(2,nu14,p3)*cFT(nu9,XX,i2,iufo11)*cFT(g7,XX,
      iufo11,j11)/(d^3 + d^2 - 2*d)*flavourTag(fmu,j11,j12)*Vec(nu10,q3)*Vec(
      nu9,q3)*Vec(nu14,q3)*Den(p3 - q2 - q3)^2*Deng(p3,xiw,M3)^2*Deng(q2 + q3,
      xiw,M3)^2*p3.p3^2*xiw*ufoGC58^2*ufoGC3*ufoGC4
       + 1/4*g_(1,6_,nu10)*g_(2,nu14,p3)*cFT(nu15,XX,i2,iufo11)*cFT(g7,XX,
      iufo11,j11)/(d^3 + d^2 - 2*d)*flavourTag(fmu,j11,j12)*Vec(nu10,q2)*Vec(
      nu14,q2)*Vec(nu15,q2)*Den(p3 - q2 - q3)^2*Deng(p3,xiw,M3)^2*Deng(q2 + q3
      ,xiw,M3)^2*p3.p3^2*d*xia*xiw*ufoGC58^2*ufoGC3*ufoGC4
       - 1/4*g_(1,6_,nu10)*g_(2,nu14,p3)*cFT(nu15,XX,i2,iufo11)*cFT(g7,XX,
      iufo11,j11)/(d^3 + d^2 - 2*d)*flavourTag(fmu,j11,j12)*Vec(nu10,q2)*Vec(
      nu14,q2)*Vec(nu15,q2)*Den(p3 - q2 - q3)^2*Deng(p3,xiw,M3)^2*Deng(q2 + q3
      ,xiw,M3)^2*p3.p3^2*d*xiw*ufoGC58^2*ufoGC3*ufoGC4
       - 1/4*g_(1,6_,nu10)*g_(2,nu14,p3)*cFT(nu15,XX,i2,iufo11)*cFT(g7,XX,
      iufo11,j11)/(d^3 + d^2 - 2*d)*flavourTag(fmu,j11,j12)*Vec(nu10,q2)*Vec(
      nu14,q2)*Vec(nu15,q2)*Den(p3 - q2 - q3)^2*Deng(p3,xiw,M3)^2*Deng(q2 + q3
      ,xiw,M3)^2*p3.p3^2*xia*xiw*ufoGC58^2*ufoGC3*ufoGC4
       + 1/4*g_(1,6_,nu10)*g_(2,nu14,p3)*cFT(nu15,XX,i2,iufo11)*cFT(g7,XX,
      iufo11,j11)/(d^3 + d^2 - 2*d)*flavourTag(fmu,j11,j12)*Vec(nu10,q2)*Vec(
      nu14,q2)*Vec(nu15,q2)*Den(p3 - q2 - q3)^2*Deng(p3,xiw,M3)^2*Deng(q2 + q3
      ,xiw,M3)^2*p3.p3^2*xiw*ufoGC58^2*ufoGC3*ufoGC4
       + 1/4*g_(1,6_,nu10)*g_(2,nu14,p3)*cFT(nu15,XX,i2,iufo11)*cFT(g7,XX,
      iufo11,j11)/(d^3 + d^2 - 2*d)*flavourTag(fmu,j11,j12)*Vec(nu10,q2)*Vec(
      nu14,q2)*Vec(nu15,q3)*Den(p3 - q2 - q3)^2*Deng(p3,xiw,M3)^2*Deng(q2 + q3
      ,xiw,M3)^2*p3.p3^2*d*xia*xiw*ufoGC58^2*ufoGC3*ufoGC4
       - 1/4*g_(1,6_,nu10)*g_(2,nu14,p3)*cFT(nu15,XX,i2,iufo11)*cFT(g7,XX,
      iufo11,j11)/(d^3 + d^2 - 2*d)*flavourTag(fmu,j11,j12)*Vec(nu10,q2)*Vec(
      nu14,q2)*Vec(nu15,q3)*Den(p3 - q2 - q3)^2*Deng(p3,xiw,M3)^2*Deng(q2 + q3
      ,xiw,M3)^2*p3.p3^2*d*xiw*ufoGC58^2*ufoGC3*ufoGC4
       - 1/4*g_(1,6_,nu10)*g_(2,nu14,p3)*cFT(nu15,XX,i2,iufo11)*cFT(g7,XX,
      iufo11,j11)/(d^3 + d^2 - 2*d)*flavourTag(fmu,j11,j12)*Vec(nu10,q2)*Vec(
      nu14,q2)*Vec(nu15,q3)*Den(p3 - q2 - q3)^2*Deng(p3,xiw,M3)^2*Deng(q2 + q3
      ,xiw,M3)^2*p3.p3^2*xia*xiw*ufoGC58^2*ufoGC3*ufoGC4
       + 1/4*g_(1,6_,nu10)*g_(2,nu14,p3)*cFT(nu15,XX,i2,iufo11)*cFT(g7,XX,
      iufo11,j11)/(d^3 + d^2 - 2*d)*flavourTag(fmu,j11,j12)*Vec(nu10,q2)*Vec(
      nu14,q2)*Vec(nu15,q3)*Den(p3 - q2 - q3)^2*Deng(p3,xiw,M3)^2*Deng(q2 + q3
      ,xiw,M3)^2*p3.p3^2*xiw*ufoGC58^2*ufoGC3*ufoGC4
       - 1/4*g_(1,6_,nu10)*g_(2,nu14,p3)*cFT(nu15,XX,i2,iufo11)*cFT(g7,XX,
      iufo11,j11)/(d^3 + d^2 - 2*d)*flavourTag(fmu,j11,j12)*Vec(nu10,q2)*Vec(
      nu14,q2)*Vec(nu15,-p3)*Den(p3 - q2 - q3)^2*Deng(p3,xiw,M3)^2*Deng(q2 + 
      q3,xiw,M3)^2*p3.p3^2*d*xia*xiw*ufoGC58^2*ufoGC3*ufoGC4
       + 1/4*g_(1,6_,nu10)*g_(2,nu14,p3)*cFT(nu15,XX,i2,iufo11)*cFT(g7,XX,
      iufo11,j11)/(d^3 + d^2 - 2*d)*flavourTag(fmu,j11,j12)*Vec(nu10,q2)*Vec(
      nu14,q2)*Vec(nu15,-p3)*Den(p3 - q2 - q3)^2*Deng(p3,xiw,M3)^2*Deng(q2 + 
      q3,xiw,M3)^2*p3.p3^2*d*xiw*ufoGC58^2*ufoGC3*ufoGC4
       + 1/4*g_(1,6_,nu10)*g_(2,nu14,p3)*cFT(nu15,XX,i2,iufo11)*cFT(g7,XX,
      iufo11,j11)/(d^3 + d^2 - 2*d)*flavourTag(fmu,j11,j12)*Vec(nu10,q2)*Vec(
      nu14,q2)*Vec(nu15,-p3)*Den(p3 - q2 - q3)^2*Deng(p3,xiw,M3)^2*Deng(q2 + 
      q3,xiw,M3)^2*p3.p3^2*xia*xiw*ufoGC58^2*ufoGC3*ufoGC4
       - 1/4*g_(1,6_,nu10)*g_(2,nu14,p3)*cFT(nu15,XX,i2,iufo11)*cFT(g7,XX,
      iufo11,j11)/(d^3 + d^2 - 2*d)*flavourTag(fmu,j11,j12)*Vec(nu10,q2)*Vec(
      nu14,q2)*Vec(nu15,-p3)*Den(p3 - q2 - q3)^2*Deng(p3,xiw,M3)^2*Deng(q2 + 
      q3,xiw,M3)^2*p3.p3^2*xiw*ufoGC58^2*ufoGC3*ufoGC4
       + 1/4*g_(1,6_,nu10)*g_(2,nu14,p3)*cFT(nu15,XX,i2,iufo11)*cFT(g7,XX,
      iufo11,j11)/(d^3 + d^2 - 2*d)*flavourTag(fmu,j11,j12)*Vec(nu10,q2)*Vec(
      nu14,q3)*Vec(nu15,q2)*Den(p3 - q2 - q3)^2*Deng(p3,xiw,M3)^2*Deng(q2 + q3
      ,xiw,M3)^2*p3.p3^2*d*xia*xiw*ufoGC58^2*ufoGC3*ufoGC4
       - 1/4*g_(1,6_,nu10)*g_(2,nu14,p3)*cFT(nu15,XX,i2,iufo11)*cFT(g7,XX,
      iufo11,j11)/(d^3 + d^2 - 2*d)*flavourTag(fmu,j11,j12)*Vec(nu10,q2)*Vec(
      nu14,q3)*Vec(nu15,q2)*Den(p3 - q2 - q3)^2*Deng(p3,xiw,M3)^2*Deng(q2 + q3
      ,xiw,M3)^2*p3.p3^2*d*xiw*ufoGC58^2*ufoGC3*ufoGC4
       - 1/4*g_(1,6_,nu10)*g_(2,nu14,p3)*cFT(nu15,XX,i2,iufo11)*cFT(g7,XX,
      iufo11,j11)/(d^3 + d^2 - 2*d)*flavourTag(fmu,j11,j12)*Vec(nu10,q2)*Vec(
      nu14,q3)*Vec(nu15,q2)*Den(p3 - q2 - q3)^2*Deng(p3,xiw,M3)^2*Deng(q2 + q3
      ,xiw,M3)^2*p3.p3^2*xia*xiw*ufoGC58^2*ufoGC3*ufoGC4
       + 1/4*g_(1,6_,nu10)*g_(2,nu14,p3)*cFT(nu15,XX,i2,iufo11)*cFT(g7,XX,
      iufo11,j11)/(d^3 + d^2 - 2*d)*flavourTag(fmu,j11,j12)*Vec(nu10,q2)*Vec(
      nu14,q3)*Vec(nu15,q2)*Den(p3 - q2 - q3)^2*Deng(p3,xiw,M3)^2*Deng(q2 + q3
      ,xiw,M3)^2*p3.p3^2*xiw*ufoGC58^2*ufoGC3*ufoGC4
       + 1/4*g_(1,6_,nu10)*g_(2,nu14,p3)*cFT(nu15,XX,i2,iufo11)*cFT(g7,XX,
      iufo11,j11)/(d^3 + d^2 - 2*d)*flavourTag(fmu,j11,j12)*Vec(nu10,q2)*Vec(
      nu14,q3)*Vec(nu15,q3)*Den(p3 - q2 - q3)^2*Deng(p3,xiw,M3)^2*Deng(q2 + q3
      ,xiw,M3)^2*p3.p3^2*d*xia*xiw*ufoGC58^2*ufoGC3*ufoGC4
       - 1/4*g_(1,6_,nu10)*g_(2,nu14,p3)*cFT(nu15,XX,i2,iufo11)*cFT(g7,XX,
      iufo11,j11)/(d^3 + d^2 - 2*d)*flavourTag(fmu,j11,j12)*Vec(nu10,q2)*Vec(
      nu14,q3)*Vec(nu15,q3)*Den(p3 - q2 - q3)^2*Deng(p3,xiw,M3)^2*Deng(q2 + q3
      ,xiw,M3)^2*p3.p3^2*d*xiw*ufoGC58^2*ufoGC3*ufoGC4
       - 1/4*g_(1,6_,nu10)*g_(2,nu14,p3)*cFT(nu15,XX,i2,iufo11)*cFT(g7,XX,
      iufo11,j11)/(d^3 + d^2 - 2*d)*flavourTag(fmu,j11,j12)*Vec(nu10,q2)*Vec(
      nu14,q3)*Vec(nu15,q3)*Den(p3 - q2 - q3)^2*Deng(p3,xiw,M3)^2*Deng(q2 + q3
      ,xiw,M3)^2*p3.p3^2*xia*xiw*ufoGC58^2*ufoGC3*ufoGC4
       + 1/4*g_(1,6_,nu10)*g_(2,nu14,p3)*cFT(nu15,XX,i2,iufo11)*cFT(g7,XX,
      iufo11,j11)/(d^3 + d^2 - 2*d)*flavourTag(fmu,j11,j12)*Vec(nu10,q2)*Vec(
      nu14,q3)*Vec(nu15,q3)*Den(p3 - q2 - q3)^2*Deng(p3,xiw,M3)^2*Deng(q2 + q3
      ,xiw,M3)^2*p3.p3^2*xiw*ufoGC58^2*ufoGC3*ufoGC4
       - 1/4*g_(1,6_,nu10)*g_(2,nu14,p3)*cFT(nu15,XX,i2,iufo11)*cFT(g7,XX,
      iufo11,j11)/(d^3 + d^2 - 2*d)*flavourTag(fmu,j11,j12)*Vec(nu10,q2)*Vec(
      nu14,q3)*Vec(nu15,-p3)*Den(p3 - q2 - q3)^2*Deng(p3,xiw,M3)^2*Deng(q2 + 
      q3,xiw,M3)^2*p3.p3^2*d*xia*xiw*ufoGC58^2*ufoGC3*ufoGC4
       + 1/4*g_(1,6_,nu10)*g_(2,nu14,p3)*cFT(nu15,XX,i2,iufo11)*cFT(g7,XX,
      iufo11,j11)/(d^3 + d^2 - 2*d)*flavourTag(fmu,j11,j12)*Vec(nu10,q2)*Vec(
      nu14,q3)*Vec(nu15,-p3)*Den(p3 - q2 - q3)^2*Deng(p3,xiw,M3)^2*Deng(q2 + 
      q3,xiw,M3)^2*p3.p3^2*d*xiw*ufoGC58^2*ufoGC3*ufoGC4
       + 1/4*g_(1,6_,nu10)*g_(2,nu14,p3)*cFT(nu15,XX,i2,iufo11)*cFT(g7,XX,
      iufo11,j11)/(d^3 + d^2 - 2*d)*flavourTag(fmu,j11,j12)*Vec(nu10,q2)*Vec(
      nu14,q3)*Vec(nu15,-p3)*Den(p3 - q2 - q3)^2*Deng(p3,xiw,M3)^2*Deng(q2 + 
      q3,xiw,M3)^2*p3.p3^2*xia*xiw*ufoGC58^2*ufoGC3*ufoGC4
       - 1/4*g_(1,6_,nu10)*g_(2,nu14,p3)*cFT(nu15,XX,i2,iufo11)*cFT(g7,XX,
      iufo11,j11)/(d^3 + d^2 - 2*d)*flavourTag(fmu,j11,j12)*Vec(nu10,q2)*Vec(
      nu14,q3)*Vec(nu15,-p3)*Den(p3 - q2 - q3)^2*Deng(p3,xiw,M3)^2*Deng(q2 + 
      q3,xiw,M3)^2*p3.p3^2*xiw*ufoGC58^2*ufoGC3*ufoGC4
       + 1/4*g_(1,6_,nu10)*g_(2,nu14,p3)*cFT(nu15,XX,i2,iufo11)*cFT(g7,XX,
      iufo11,j11)/(d^3 + d^2 - 2*d)*flavourTag(fmu,j11,j12)*Vec(nu10,q3)*Vec(
      nu14,q2)*Vec(nu15,q2)*Den(p3 - q2 - q3)^2*Deng(p3,xiw,M3)^2*Deng(q2 + q3
      ,xiw,M3)^2*p3.p3^2*d*xia*xiw*ufoGC58^2*ufoGC3*ufoGC4
       - 1/4*g_(1,6_,nu10)*g_(2,nu14,p3)*cFT(nu15,XX,i2,iufo11)*cFT(g7,XX,
      iufo11,j11)/(d^3 + d^2 - 2*d)*flavourTag(fmu,j11,j12)*Vec(nu10,q3)*Vec(
      nu14,q2)*Vec(nu15,q2)*Den(p3 - q2 - q3)^2*Deng(p3,xiw,M3)^2*Deng(q2 + q3
      ,xiw,M3)^2*p3.p3^2*d*xiw*ufoGC58^2*ufoGC3*ufoGC4
       - 1/4*g_(1,6_,nu10)*g_(2,nu14,p3)*cFT(nu15,XX,i2,iufo11)*cFT(g7,XX,
      iufo11,j11)/(d^3 + d^2 - 2*d)*flavourTag(fmu,j11,j12)*Vec(nu10,q3)*Vec(
      nu14,q2)*Vec(nu15,q2)*Den(p3 - q2 - q3)^2*Deng(p3,xiw,M3)^2*Deng(q2 + q3
      ,xiw,M3)^2*p3.p3^2*xia*xiw*ufoGC58^2*ufoGC3*ufoGC4
       + 1/4*g_(1,6_,nu10)*g_(2,nu14,p3)*cFT(nu15,XX,i2,iufo11)*cFT(g7,XX,
      iufo11,j11)/(d^3 + d^2 - 2*d)*flavourTag(fmu,j11,j12)*Vec(nu10,q3)*Vec(
      nu14,q2)*Vec(nu15,q2)*Den(p3 - q2 - q3)^2*Deng(p3,xiw,M3)^2*Deng(q2 + q3
      ,xiw,M3)^2*p3.p3^2*xiw*ufoGC58^2*ufoGC3*ufoGC4
       + 1/4*g_(1,6_,nu10)*g_(2,nu14,p3)*cFT(nu15,XX,i2,iufo11)*cFT(g7,XX,
      iufo11,j11)/(d^3 + d^2 - 2*d)*flavourTag(fmu,j11,j12)*Vec(nu10,q3)*Vec(
      nu14,q2)*Vec(nu15,q3)*Den(p3 - q2 - q3)^2*Deng(p3,xiw,M3)^2*Deng(q2 + q3
      ,xiw,M3)^2*p3.p3^2*d*xia*xiw*ufoGC58^2*ufoGC3*ufoGC4
       - 1/4*g_(1,6_,nu10)*g_(2,nu14,p3)*cFT(nu15,XX,i2,iufo11)*cFT(g7,XX,
      iufo11,j11)/(d^3 + d^2 - 2*d)*flavourTag(fmu,j11,j12)*Vec(nu10,q3)*Vec(
      nu14,q2)*Vec(nu15,q3)*Den(p3 - q2 - q3)^2*Deng(p3,xiw,M3)^2*Deng(q2 + q3
      ,xiw,M3)^2*p3.p3^2*d*xiw*ufoGC58^2*ufoGC3*ufoGC4
       - 1/4*g_(1,6_,nu10)*g_(2,nu14,p3)*cFT(nu15,XX,i2,iufo11)*cFT(g7,XX,
      iufo11,j11)/(d^3 + d^2 - 2*d)*flavourTag(fmu,j11,j12)*Vec(nu10,q3)*Vec(
      nu14,q2)*Vec(nu15,q3)*Den(p3 - q2 - q3)^2*Deng(p3,xiw,M3)^2*Deng(q2 + q3
      ,xiw,M3)^2*p3.p3^2*xia*xiw*ufoGC58^2*ufoGC3*ufoGC4
       + 1/4*g_(1,6_,nu10)*g_(2,nu14,p3)*cFT(nu15,XX,i2,iufo11)*cFT(g7,XX,
      iufo11,j11)/(d^3 + d^2 - 2*d)*flavourTag(fmu,j11,j12)*Vec(nu10,q3)*Vec(
      nu14,q2)*Vec(nu15,q3)*Den(p3 - q2 - q3)^2*Deng(p3,xiw,M3)^2*Deng(q2 + q3
      ,xiw,M3)^2*p3.p3^2*xiw*ufoGC58^2*ufoGC3*ufoGC4
       - 1/4*g_(1,6_,nu10)*g_(2,nu14,p3)*cFT(nu15,XX,i2,iufo11)*cFT(g7,XX,
      iufo11,j11)/(d^3 + d^2 - 2*d)*flavourTag(fmu,j11,j12)*Vec(nu10,q3)*Vec(
      nu14,q2)*Vec(nu15,-p3)*Den(p3 - q2 - q3)^2*Deng(p3,xiw,M3)^2*Deng(q2 + 
      q3,xiw,M3)^2*p3.p3^2*d*xia*xiw*ufoGC58^2*ufoGC3*ufoGC4
       + 1/4*g_(1,6_,nu10)*g_(2,nu14,p3)*cFT(nu15,XX,i2,iufo11)*cFT(g7,XX,
      iufo11,j11)/(d^3 + d^2 - 2*d)*flavourTag(fmu,j11,j12)*Vec(nu10,q3)*Vec(
      nu14,q2)*Vec(nu15,-p3)*Den(p3 - q2 - q3)^2*Deng(p3,xiw,M3)^2*Deng(q2 + 
      q3,xiw,M3)^2*p3.p3^2*d*xiw*ufoGC58^2*ufoGC3*ufoGC4
       + 1/4*g_(1,6_,nu10)*g_(2,nu14,p3)*cFT(nu15,XX,i2,iufo11)*cFT(g7,XX,
      iufo11,j11)/(d^3 + d^2 - 2*d)*flavourTag(fmu,j11,j12)*Vec(nu10,q3)*Vec(
      nu14,q2)*Vec(nu15,-p3)*Den(p3 - q2 - q3)^2*Deng(p3,xiw,M3)^2*Deng(q2 + 
      q3,xiw,M3)^2*p3.p3^2*xia*xiw*ufoGC58^2*ufoGC3*ufoGC4
       - 1/4*g_(1,6_,nu10)*g_(2,nu14,p3)*cFT(nu15,XX,i2,iufo11)*cFT(g7,XX,
      iufo11,j11)/(d^3 + d^2 - 2*d)*flavourTag(fmu,j11,j12)*Vec(nu10,q3)*Vec(
      nu14,q2)*Vec(nu15,-p3)*Den(p3 - q2 - q3)^2*Deng(p3,xiw,M3)^2*Deng(q2 + 
      q3,xiw,M3)^2*p3.p3^2*xiw*ufoGC58^2*ufoGC3*ufoGC4
       + 1/4*g_(1,6_,nu10)*g_(2,nu14,p3)*cFT(nu15,XX,i2,iufo11)*cFT(g7,XX,
      iufo11,j11)/(d^3 + d^2 - 2*d)*flavourTag(fmu,j11,j12)*Vec(nu10,q3)*Vec(
      nu14,q3)*Vec(nu15,q2)*Den(p3 - q2 - q3)^2*Deng(p3,xiw,M3)^2*Deng(q2 + q3
      ,xiw,M3)^2*p3.p3^2*d*xia*xiw*ufoGC58^2*ufoGC3*ufoGC4
       - 1/4*g_(1,6_,nu10)*g_(2,nu14,p3)*cFT(nu15,XX,i2,iufo11)*cFT(g7,XX,
      iufo11,j11)/(d^3 + d^2 - 2*d)*flavourTag(fmu,j11,j12)*Vec(nu10,q3)*Vec(
      nu14,q3)*Vec(nu15,q2)*Den(p3 - q2 - q3)^2*Deng(p3,xiw,M3)^2*Deng(q2 + q3
      ,xiw,M3)^2*p3.p3^2*d*xiw*ufoGC58^2*ufoGC3*ufoGC4
       - 1/4*g_(1,6_,nu10)*g_(2,nu14,p3)*cFT(nu15,XX,i2,iufo11)*cFT(g7,XX,
      iufo11,j11)/(d^3 + d^2 - 2*d)*flavourTag(fmu,j11,j12)*Vec(nu10,q3)*Vec(
      nu14,q3)*Vec(nu15,q2)*Den(p3 - q2 - q3)^2*Deng(p3,xiw,M3)^2*Deng(q2 + q3
      ,xiw,M3)^2*p3.p3^2*xia*xiw*ufoGC58^2*ufoGC3*ufoGC4
       + 1/4*g_(1,6_,nu10)*g_(2,nu14,p3)*cFT(nu15,XX,i2,iufo11)*cFT(g7,XX,
      iufo11,j11)/(d^3 + d^2 - 2*d)*flavourTag(fmu,j11,j12)*Vec(nu10,q3)*Vec(
      nu14,q3)*Vec(nu15,q2)*Den(p3 - q2 - q3)^2*Deng(p3,xiw,M3)^2*Deng(q2 + q3
      ,xiw,M3)^2*p3.p3^2*xiw*ufoGC58^2*ufoGC3*ufoGC4
       + 1/4*g_(1,6_,nu10)*g_(2,nu14,p3)*cFT(nu15,XX,i2,iufo11)*cFT(g7,XX,
      iufo11,j11)/(d^3 + d^2 - 2*d)*flavourTag(fmu,j11,j12)*Vec(nu10,q3)*Vec(
      nu14,q3)*Vec(nu15,q3)*Den(p3 - q2 - q3)^2*Deng(p3,xiw,M3)^2*Deng(q2 + q3
      ,xiw,M3)^2*p3.p3^2*d*xia*xiw*ufoGC58^2*ufoGC3*ufoGC4
       - 1/4*g_(1,6_,nu10)*g_(2,nu14,p3)*cFT(nu15,XX,i2,iufo11)*cFT(g7,XX,
      iufo11,j11)/(d^3 + d^2 - 2*d)*flavourTag(fmu,j11,j12)*Vec(nu10,q3)*Vec(
      nu14,q3)*Vec(nu15,q3)*Den(p3 - q2 - q3)^2*Deng(p3,xiw,M3)^2*Deng(q2 + q3
      ,xiw,M3)^2*p3.p3^2*d*xiw*ufoGC58^2*ufoGC3*ufoGC4
       - 1/4*g_(1,6_,nu10)*g_(2,nu14,p3)*cFT(nu15,XX,i2,iufo11)*cFT(g7,XX,
      iufo11,j11)/(d^3 + d^2 - 2*d)*flavourTag(fmu,j11,j12)*Vec(nu10,q3)*Vec(
      nu14,q3)*Vec(nu15,q3)*Den(p3 - q2 - q3)^2*Deng(p3,xiw,M3)^2*Deng(q2 + q3
      ,xiw,M3)^2*p3.p3^2*xia*xiw*ufoGC58^2*ufoGC3*ufoGC4
       + 1/4*g_(1,6_,nu10)*g_(2,nu14,p3)*cFT(nu15,XX,i2,iufo11)*cFT(g7,XX,
      iufo11,j11)/(d^3 + d^2 - 2*d)*flavourTag(fmu,j11,j12)*Vec(nu10,q3)*Vec(
      nu14,q3)*Vec(nu15,q3)*Den(p3 - q2 - q3)^2*Deng(p3,xiw,M3)^2*Deng(q2 + q3
      ,xiw,M3)^2*p3.p3^2*xiw*ufoGC58^2*ufoGC3*ufoGC4
       - 1/4*g_(1,6_,nu10)*g_(2,nu14,p3)*cFT(nu15,XX,i2,iufo11)*cFT(g7,XX,
      iufo11,j11)/(d^3 + d^2 - 2*d)*flavourTag(fmu,j11,j12)*Vec(nu10,q3)*Vec(
      nu14,q3)*Vec(nu15,-p3)*Den(p3 - q2 - q3)^2*Deng(p3,xiw,M3)^2*Deng(q2 + 
      q3,xiw,M3)^2*p3.p3^2*d*xia*xiw*ufoGC58^2*ufoGC3*ufoGC4
       + 1/4*g_(1,6_,nu10)*g_(2,nu14,p3)*cFT(nu15,XX,i2,iufo11)*cFT(g7,XX,
      iufo11,j11)/(d^3 + d^2 - 2*d)*flavourTag(fmu,j11,j12)*Vec(nu10,q3)*Vec(
      nu14,q3)*Vec(nu15,-p3)*Den(p3 - q2 - q3)^2*Deng(p3,xiw,M3)^2*Deng(q2 + 
      q3,xiw,M3)^2*p3.p3^2*d*xiw*ufoGC58^2*ufoGC3*ufoGC4
       + 1/4*g_(1,6_,nu10)*g_(2,nu14,p3)*cFT(nu15,XX,i2,iufo11)*cFT(g7,XX,
      iufo11,j11)/(d^3 + d^2 - 2*d)*flavourTag(fmu,j11,j12)*Vec(nu10,q3)*Vec(
      nu14,q3)*Vec(nu15,-p3)*Den(p3 - q2 - q3)^2*Deng(p3,xiw,M3)^2*Deng(q2 + 
      q3,xiw,M3)^2*p3.p3^2*xia*xiw*ufoGC58^2*ufoGC3*ufoGC4
       - 1/4*g_(1,6_,nu10)*g_(2,nu14,p3)*cFT(nu15,XX,i2,iufo11)*cFT(g7,XX,
      iufo11,j11)/(d^3 + d^2 - 2*d)*flavourTag(fmu,j11,j12)*Vec(nu10,q3)*Vec(
      nu14,q3)*Vec(nu15,-p3)*Den(p3 - q2 - q3)^2*Deng(p3,xiw,M3)^2*Deng(q2 + 
      q3,xiw,M3)^2*p3.p3^2*xiw*ufoGC58^2*ufoGC3*ufoGC4
       + 1/4*g_(1,6_,nu10)*g_(2,nu14,q2)*cFT(nu13,XX,i2,iufo11)*cFT(g7,XX,
      iufo11,j11)*flavourTag(fmu,j11,j12)*Vec(nu10,q2)*Vec(nu9,q2)*Vecr(nu13,
      p3)*Vecr(nu9,p3)*Vecr(nu14,p3)*Den(p3 - q2 - q3)*Deng(p3,xiw,M3)^2*Deng(
      q2 + q3,xiw,M3)^2*xiw*ufoGC58^2*ufoGC3*ufoGC4
       + 1/4*g_(1,6_,nu10)*g_(2,nu14,q2)*cFT(nu13,XX,i2,iufo11)*cFT(g7,XX,
      iufo11,j11)*flavourTag(fmu,j11,j12)*Vec(nu10,q2)*Vec(nu9,q3)*Vecr(nu13,
      p3)*Vecr(nu9,p3)*Vecr(nu14,p3)*Den(p3 - q2 - q3)*Deng(p3,xiw,M3)^2*Deng(
      q2 + q3,xiw,M3)^2*xiw*ufoGC58^2*ufoGC3*ufoGC4
       - 1/4*g_(1,6_,nu10)*g_(2,nu14,q2)*cFT(nu13,XX,i2,iufo11)*cFT(g7,XX,
      iufo11,j11)*flavourTag(fmu,j11,j12)*Vec(nu10,q2)*Vec(nu9,-p3)*Vec(nu9,q2
      )*Vecr(nu13,p3)*Vecr(nu14,p3)*Den(p3 - q2 - q3)*Deng(p3,xiw,M3)^2*Deng(
      q2 + q3,xiw,M3)^2*xiw*ufoGC58^2*ufoGC3*ufoGC4
       - 1/4*g_(1,6_,nu10)*g_(2,nu14,q2)*cFT(nu13,XX,i2,iufo11)*cFT(g7,XX,
      iufo11,j11)*flavourTag(fmu,j11,j12)*Vec(nu10,q2)*Vec(nu9,-p3)*Vec(nu9,q3
      )*Vecr(nu13,p3)*Vecr(nu14,p3)*Den(p3 - q2 - q3)*Deng(p3,xiw,M3)^2*Deng(
      q2 + q3,xiw,M3)^2*xiw*ufoGC58^2*ufoGC3*ufoGC4
       + 1/4*g_(1,6_,nu10)*g_(2,nu14,q2)*cFT(nu13,XX,i2,iufo11)*cFT(g7,XX,
      iufo11,j11)*flavourTag(fmu,j11,j12)*Vec(nu10,q2)*Vec(nu9,-q2)*Vec(nu9,q2
      )*Vecr(nu13,p3)*Vecr(nu14,p3)*Den(p3 - q2 - q3)*Deng(p3,xiw,M3)^2*Deng(
      q2 + q3,xiw,M3)^2*xiw*ufoGC58^2*ufoGC3*ufoGC4
       + 1/4*g_(1,6_,nu10)*g_(2,nu14,q2)*cFT(nu13,XX,i2,iufo11)*cFT(g7,XX,
      iufo11,j11)*flavourTag(fmu,j11,j12)*Vec(nu10,q2)*Vec(nu9,-q2)*Vec(nu9,q3
      )*Vecr(nu13,p3)*Vecr(nu14,p3)*Den(p3 - q2 - q3)*Deng(p3,xiw,M3)^2*Deng(
      q2 + q3,xiw,M3)^2*xiw*ufoGC58^2*ufoGC3*ufoGC4
       + 1/4*g_(1,6_,nu10)*g_(2,nu14,q2)*cFT(nu13,XX,i2,iufo11)*cFT(g7,XX,
      iufo11,j11)*flavourTag(fmu,j11,j12)*Vec(nu10,q2)*Vec(nu9,-q3)*Vec(nu9,q2
      )*Vecr(nu13,p3)*Vecr(nu14,p3)*Den(p3 - q2 - q3)*Deng(p3,xiw,M3)^2*Deng(
      q2 + q3,xiw,M3)^2*xiw*ufoGC58^2*ufoGC3*ufoGC4
       + 1/4*g_(1,6_,nu10)*g_(2,nu14,q2)*cFT(nu13,XX,i2,iufo11)*cFT(g7,XX,
      iufo11,j11)*flavourTag(fmu,j11,j12)*Vec(nu10,q2)*Vec(nu9,-q3)*Vec(nu9,q3
      )*Vecr(nu13,p3)*Vecr(nu14,p3)*Den(p3 - q2 - q3)*Deng(p3,xiw,M3)^2*Deng(
      q2 + q3,xiw,M3)^2*xiw*ufoGC58^2*ufoGC3*ufoGC4
       + 1/4*g_(1,6_,nu10)*g_(2,nu14,q2)*cFT(nu13,XX,i2,iufo11)*cFT(g7,XX,
      iufo11,j11)*flavourTag(fmu,j11,j12)*Vec(nu10,q3)*Vec(nu9,q2)*Vecr(nu13,
      p3)*Vecr(nu9,p3)*Vecr(nu14,p3)*Den(p3 - q2 - q3)*Deng(p3,xiw,M3)^2*Deng(
      q2 + q3,xiw,M3)^2*xiw*ufoGC58^2*ufoGC3*ufoGC4
       + 1/4*g_(1,6_,nu10)*g_(2,nu14,q2)*cFT(nu13,XX,i2,iufo11)*cFT(g7,XX,
      iufo11,j11)*flavourTag(fmu,j11,j12)*Vec(nu10,q3)*Vec(nu9,q3)*Vecr(nu13,
      p3)*Vecr(nu9,p3)*Vecr(nu14,p3)*Den(p3 - q2 - q3)*Deng(p3,xiw,M3)^2*Deng(
      q2 + q3,xiw,M3)^2*xiw*ufoGC58^2*ufoGC3*ufoGC4
       - 1/4*g_(1,6_,nu10)*g_(2,nu14,q2)*cFT(nu13,XX,i2,iufo11)*cFT(g7,XX,
      iufo11,j11)*flavourTag(fmu,j11,j12)*Vec(nu10,q3)*Vec(nu9,-p3)*Vec(nu9,q2
      )*Vecr(nu13,p3)*Vecr(nu14,p3)*Den(p3 - q2 - q3)*Deng(p3,xiw,M3)^2*Deng(
      q2 + q3,xiw,M3)^2*xiw*ufoGC58^2*ufoGC3*ufoGC4
       - 1/4*g_(1,6_,nu10)*g_(2,nu14,q2)*cFT(nu13,XX,i2,iufo11)*cFT(g7,XX,
      iufo11,j11)*flavourTag(fmu,j11,j12)*Vec(nu10,q3)*Vec(nu9,-p3)*Vec(nu9,q3
      )*Vecr(nu13,p3)*Vecr(nu14,p3)*Den(p3 - q2 - q3)*Deng(p3,xiw,M3)^2*Deng(
      q2 + q3,xiw,M3)^2*xiw*ufoGC58^2*ufoGC3*ufoGC4
       + 1/4*g_(1,6_,nu10)*g_(2,nu14,q2)*cFT(nu13,XX,i2,iufo11)*cFT(g7,XX,
      iufo11,j11)*flavourTag(fmu,j11,j12)*Vec(nu10,q3)*Vec(nu9,-q2)*Vec(nu9,q2
      )*Vecr(nu13,p3)*Vecr(nu14,p3)*Den(p3 - q2 - q3)*Deng(p3,xiw,M3)^2*Deng(
      q2 + q3,xiw,M3)^2*xiw*ufoGC58^2*ufoGC3*ufoGC4
       + 1/4*g_(1,6_,nu10)*g_(2,nu14,q2)*cFT(nu13,XX,i2,iufo11)*cFT(g7,XX,
      iufo11,j11)*flavourTag(fmu,j11,j12)*Vec(nu10,q3)*Vec(nu9,-q2)*Vec(nu9,q3
      )*Vecr(nu13,p3)*Vecr(nu14,p3)*Den(p3 - q2 - q3)*Deng(p3,xiw,M3)^2*Deng(
      q2 + q3,xiw,M3)^2*xiw*ufoGC58^2*ufoGC3*ufoGC4
       + 1/4*g_(1,6_,nu10)*g_(2,nu14,q2)*cFT(nu13,XX,i2,iufo11)*cFT(g7,XX,
      iufo11,j11)*flavourTag(fmu,j11,j12)*Vec(nu10,q3)*Vec(nu9,-q3)*Vec(nu9,q2
      )*Vecr(nu13,p3)*Vecr(nu14,p3)*Den(p3 - q2 - q3)*Deng(p3,xiw,M3)^2*Deng(
      q2 + q3,xiw,M3)^2*xiw*ufoGC58^2*ufoGC3*ufoGC4
       + 1/4*g_(1,6_,nu10)*g_(2,nu14,q2)*cFT(nu13,XX,i2,iufo11)*cFT(g7,XX,
      iufo11,j11)*flavourTag(fmu,j11,j12)*Vec(nu10,q3)*Vec(nu9,-q3)*Vec(nu9,q3
      )*Vecr(nu13,p3)*Vecr(nu14,p3)*Den(p3 - q2 - q3)*Deng(p3,xiw,M3)^2*Deng(
      q2 + q3,xiw,M3)^2*xiw*ufoGC58^2*ufoGC3*ufoGC4
       + 1/4*g_(1,6_,nu10)*g_(2,nu14,q2)*cFT(nu9,XX,i2,iufo11)*cFT(g7,XX,
      iufo11,j11)/(d^3 + d^2 - 2*d)*flavourTag(fmu,j11,j12)*Vec(nu10,q2)*Vec(
      nu9,q2)*Vec(nu14,q2)*Den(p3 - q2 - q3)^2*Deng(p3,xiw,M3)^2*Deng(q2 + q3,
      xiw,M3)^2*p3.p3^2*d*xia*xiw*ufoGC58^2*ufoGC3*ufoGC4
       - 1/4*g_(1,6_,nu10)*g_(2,nu14,q2)*cFT(nu9,XX,i2,iufo11)*cFT(g7,XX,
      iufo11,j11)/(d^3 + d^2 - 2*d)*flavourTag(fmu,j11,j12)*Vec(nu10,q2)*Vec(
      nu9,q2)*Vec(nu14,q2)*Den(p3 - q2 - q3)^2*Deng(p3,xiw,M3)^2*Deng(q2 + q3,
      xiw,M3)^2*p3.p3^2*d*xiw*ufoGC58^2*ufoGC3*ufoGC4
       - 1/4*g_(1,6_,nu10)*g_(2,nu14,q2)*cFT(nu9,XX,i2,iufo11)*cFT(g7,XX,
      iufo11,j11)/(d^3 + d^2 - 2*d)*flavourTag(fmu,j11,j12)*Vec(nu10,q2)*Vec(
      nu9,q2)*Vec(nu14,q2)*Den(p3 - q2 - q3)^2*Deng(p3,xiw,M3)^2*Deng(q2 + q3,
      xiw,M3)^2*p3.p3^2*xia*xiw*ufoGC58^2*ufoGC3*ufoGC4
       + 1/4*g_(1,6_,nu10)*g_(2,nu14,q2)*cFT(nu9,XX,i2,iufo11)*cFT(g7,XX,
      iufo11,j11)/(d^3 + d^2 - 2*d)*flavourTag(fmu,j11,j12)*Vec(nu10,q2)*Vec(
      nu9,q2)*Vec(nu14,q2)*Den(p3 - q2 - q3)^2*Deng(p3,xiw,M3)^2*Deng(q2 + q3,
      xiw,M3)^2*p3.p3^2*xiw*ufoGC58^2*ufoGC3*ufoGC4
       + 1/4*g_(1,6_,nu10)*g_(2,nu14,q2)*cFT(nu9,XX,i2,iufo11)*cFT(g7,XX,
      iufo11,j11)/(d^3 + d^2 - 2*d)*flavourTag(fmu,j11,j12)*Vec(nu10,q2)*Vec(
      nu9,q2)*Vec(nu14,q3)*Den(p3 - q2 - q3)^2*Deng(p3,xiw,M3)^2*Deng(q2 + q3,
      xiw,M3)^2*p3.p3^2*d*xia*xiw*ufoGC58^2*ufoGC3*ufoGC4
       - 1/4*g_(1,6_,nu10)*g_(2,nu14,q2)*cFT(nu9,XX,i2,iufo11)*cFT(g7,XX,
      iufo11,j11)/(d^3 + d^2 - 2*d)*flavourTag(fmu,j11,j12)*Vec(nu10,q2)*Vec(
      nu9,q2)*Vec(nu14,q3)*Den(p3 - q2 - q3)^2*Deng(p3,xiw,M3)^2*Deng(q2 + q3,
      xiw,M3)^2*p3.p3^2*d*xiw*ufoGC58^2*ufoGC3*ufoGC4
       - 1/4*g_(1,6_,nu10)*g_(2,nu14,q2)*cFT(nu9,XX,i2,iufo11)*cFT(g7,XX,
      iufo11,j11)/(d^3 + d^2 - 2*d)*flavourTag(fmu,j11,j12)*Vec(nu10,q2)*Vec(
      nu9,q2)*Vec(nu14,q3)*Den(p3 - q2 - q3)^2*Deng(p3,xiw,M3)^2*Deng(q2 + q3,
      xiw,M3)^2*p3.p3^2*xia*xiw*ufoGC58^2*ufoGC3*ufoGC4
       + 1/4*g_(1,6_,nu10)*g_(2,nu14,q2)*cFT(nu9,XX,i2,iufo11)*cFT(g7,XX,
      iufo11,j11)/(d^3 + d^2 - 2*d)*flavourTag(fmu,j11,j12)*Vec(nu10,q2)*Vec(
      nu9,q2)*Vec(nu14,q3)*Den(p3 - q2 - q3)^2*Deng(p3,xiw,M3)^2*Deng(q2 + q3,
      xiw,M3)^2*p3.p3^2*xiw*ufoGC58^2*ufoGC3*ufoGC4
       + 1/4*g_(1,6_,nu10)*g_(2,nu14,q2)*cFT(nu9,XX,i2,iufo11)*cFT(g7,XX,
      iufo11,j11)/(d^3 + d^2 - 2*d)*flavourTag(fmu,j11,j12)*Vec(nu10,q2)*Vec(
      nu9,q3)*Vec(nu14,q2)*Den(p3 - q2 - q3)^2*Deng(p3,xiw,M3)^2*Deng(q2 + q3,
      xiw,M3)^2*p3.p3^2*d*xia*xiw*ufoGC58^2*ufoGC3*ufoGC4
       - 1/4*g_(1,6_,nu10)*g_(2,nu14,q2)*cFT(nu9,XX,i2,iufo11)*cFT(g7,XX,
      iufo11,j11)/(d^3 + d^2 - 2*d)*flavourTag(fmu,j11,j12)*Vec(nu10,q2)*Vec(
      nu9,q3)*Vec(nu14,q2)*Den(p3 - q2 - q3)^2*Deng(p3,xiw,M3)^2*Deng(q2 + q3,
      xiw,M3)^2*p3.p3^2*d*xiw*ufoGC58^2*ufoGC3*ufoGC4
       - 1/4*g_(1,6_,nu10)*g_(2,nu14,q2)*cFT(nu9,XX,i2,iufo11)*cFT(g7,XX,
      iufo11,j11)/(d^3 + d^2 - 2*d)*flavourTag(fmu,j11,j12)*Vec(nu10,q2)*Vec(
      nu9,q3)*Vec(nu14,q2)*Den(p3 - q2 - q3)^2*Deng(p3,xiw,M3)^2*Deng(q2 + q3,
      xiw,M3)^2*p3.p3^2*xia*xiw*ufoGC58^2*ufoGC3*ufoGC4
       + 1/4*g_(1,6_,nu10)*g_(2,nu14,q2)*cFT(nu9,XX,i2,iufo11)*cFT(g7,XX,
      iufo11,j11)/(d^3 + d^2 - 2*d)*flavourTag(fmu,j11,j12)*Vec(nu10,q2)*Vec(
      nu9,q3)*Vec(nu14,q2)*Den(p3 - q2 - q3)^2*Deng(p3,xiw,M3)^2*Deng(q2 + q3,
      xiw,M3)^2*p3.p3^2*xiw*ufoGC58^2*ufoGC3*ufoGC4
       + 1/4*g_(1,6_,nu10)*g_(2,nu14,q2)*cFT(nu9,XX,i2,iufo11)*cFT(g7,XX,
      iufo11,j11)/(d^3 + d^2 - 2*d)*flavourTag(fmu,j11,j12)*Vec(nu10,q2)*Vec(
      nu9,q3)*Vec(nu14,q3)*Den(p3 - q2 - q3)^2*Deng(p3,xiw,M3)^2*Deng(q2 + q3,
      xiw,M3)^2*p3.p3^2*d*xia*xiw*ufoGC58^2*ufoGC3*ufoGC4
       - 1/4*g_(1,6_,nu10)*g_(2,nu14,q2)*cFT(nu9,XX,i2,iufo11)*cFT(g7,XX,
      iufo11,j11)/(d^3 + d^2 - 2*d)*flavourTag(fmu,j11,j12)*Vec(nu10,q2)*Vec(
      nu9,q3)*Vec(nu14,q3)*Den(p3 - q2 - q3)^2*Deng(p3,xiw,M3)^2*Deng(q2 + q3,
      xiw,M3)^2*p3.p3^2*d*xiw*ufoGC58^2*ufoGC3*ufoGC4
       - 1/4*g_(1,6_,nu10)*g_(2,nu14,q2)*cFT(nu9,XX,i2,iufo11)*cFT(g7,XX,
      iufo11,j11)/(d^3 + d^2 - 2*d)*flavourTag(fmu,j11,j12)*Vec(nu10,q2)*Vec(
      nu9,q3)*Vec(nu14,q3)*Den(p3 - q2 - q3)^2*Deng(p3,xiw,M3)^2*Deng(q2 + q3,
      xiw,M3)^2*p3.p3^2*xia*xiw*ufoGC58^2*ufoGC3*ufoGC4
       + 1/4*g_(1,6_,nu10)*g_(2,nu14,q2)*cFT(nu9,XX,i2,iufo11)*cFT(g7,XX,
      iufo11,j11)/(d^3 + d^2 - 2*d)*flavourTag(fmu,j11,j12)*Vec(nu10,q2)*Vec(
      nu9,q3)*Vec(nu14,q3)*Den(p3 - q2 - q3)^2*Deng(p3,xiw,M3)^2*Deng(q2 + q3,
      xiw,M3)^2*p3.p3^2*xiw*ufoGC58^2*ufoGC3*ufoGC4
       + 1/4*g_(1,6_,nu10)*g_(2,nu14,q2)*cFT(nu9,XX,i2,iufo11)*cFT(g7,XX,
      iufo11,j11)/(d^3 + d^2 - 2*d)*flavourTag(fmu,j11,j12)*Vec(nu10,q3)*Vec(
      nu9,q2)*Vec(nu14,q2)*Den(p3 - q2 - q3)^2*Deng(p3,xiw,M3)^2*Deng(q2 + q3,
      xiw,M3)^2*p3.p3^2*d*xia*xiw*ufoGC58^2*ufoGC3*ufoGC4
       - 1/4*g_(1,6_,nu10)*g_(2,nu14,q2)*cFT(nu9,XX,i2,iufo11)*cFT(g7,XX,
      iufo11,j11)/(d^3 + d^2 - 2*d)*flavourTag(fmu,j11,j12)*Vec(nu10,q3)*Vec(
      nu9,q2)*Vec(nu14,q2)*Den(p3 - q2 - q3)^2*Deng(p3,xiw,M3)^2*Deng(q2 + q3,
      xiw,M3)^2*p3.p3^2*d*xiw*ufoGC58^2*ufoGC3*ufoGC4
       - 1/4*g_(1,6_,nu10)*g_(2,nu14,q2)*cFT(nu9,XX,i2,iufo11)*cFT(g7,XX,
      iufo11,j11)/(d^3 + d^2 - 2*d)*flavourTag(fmu,j11,j12)*Vec(nu10,q3)*Vec(
      nu9,q2)*Vec(nu14,q2)*Den(p3 - q2 - q3)^2*Deng(p3,xiw,M3)^2*Deng(q2 + q3,
      xiw,M3)^2*p3.p3^2*xia*xiw*ufoGC58^2*ufoGC3*ufoGC4
       + 1/4*g_(1,6_,nu10)*g_(2,nu14,q2)*cFT(nu9,XX,i2,iufo11)*cFT(g7,XX,
      iufo11,j11)/(d^3 + d^2 - 2*d)*flavourTag(fmu,j11,j12)*Vec(nu10,q3)*Vec(
      nu9,q2)*Vec(nu14,q2)*Den(p3 - q2 - q3)^2*Deng(p3,xiw,M3)^2*Deng(q2 + q3,
      xiw,M3)^2*p3.p3^2*xiw*ufoGC58^2*ufoGC3*ufoGC4
       + 1/4*g_(1,6_,nu10)*g_(2,nu14,q2)*cFT(nu9,XX,i2,iufo11)*cFT(g7,XX,
      iufo11,j11)/(d^3 + d^2 - 2*d)*flavourTag(fmu,j11,j12)*Vec(nu10,q3)*Vec(
      nu9,q2)*Vec(nu14,q3)*Den(p3 - q2 - q3)^2*Deng(p3,xiw,M3)^2*Deng(q2 + q3,
      xiw,M3)^2*p3.p3^2*d*xia*xiw*ufoGC58^2*ufoGC3*ufoGC4
       - 1/4*g_(1,6_,nu10)*g_(2,nu14,q2)*cFT(nu9,XX,i2,iufo11)*cFT(g7,XX,
      iufo11,j11)/(d^3 + d^2 - 2*d)*flavourTag(fmu,j11,j12)*Vec(nu10,q3)*Vec(
      nu9,q2)*Vec(nu14,q3)*Den(p3 - q2 - q3)^2*Deng(p3,xiw,M3)^2*Deng(q2 + q3,
      xiw,M3)^2*p3.p3^2*d*xiw*ufoGC58^2*ufoGC3*ufoGC4
       - 1/4*g_(1,6_,nu10)*g_(2,nu14,q2)*cFT(nu9,XX,i2,iufo11)*cFT(g7,XX,
      iufo11,j11)/(d^3 + d^2 - 2*d)*flavourTag(fmu,j11,j12)*Vec(nu10,q3)*Vec(
      nu9,q2)*Vec(nu14,q3)*Den(p3 - q2 - q3)^2*Deng(p3,xiw,M3)^2*Deng(q2 + q3,
      xiw,M3)^2*p3.p3^2*xia*xiw*ufoGC58^2*ufoGC3*ufoGC4
       + 1/4*g_(1,6_,nu10)*g_(2,nu14,q2)*cFT(nu9,XX,i2,iufo11)*cFT(g7,XX,
      iufo11,j11)/(d^3 + d^2 - 2*d)*flavourTag(fmu,j11,j12)*Vec(nu10,q3)*Vec(
      nu9,q2)*Vec(nu14,q3)*Den(p3 - q2 - q3)^2*Deng(p3,xiw,M3)^2*Deng(q2 + q3,
      xiw,M3)^2*p3.p3^2*xiw*ufoGC58^2*ufoGC3*ufoGC4
       + 1/4*g_(1,6_,nu10)*g_(2,nu14,q2)*cFT(nu9,XX,i2,iufo11)*cFT(g7,XX,
      iufo11,j11)/(d^3 + d^2 - 2*d)*flavourTag(fmu,j11,j12)*Vec(nu10,q3)*Vec(
      nu9,q3)*Vec(nu14,q2)*Den(p3 - q2 - q3)^2*Deng(p3,xiw,M3)^2*Deng(q2 + q3,
      xiw,M3)^2*p3.p3^2*d*xia*xiw*ufoGC58^2*ufoGC3*ufoGC4
       - 1/4*g_(1,6_,nu10)*g_(2,nu14,q2)*cFT(nu9,XX,i2,iufo11)*cFT(g7,XX,
      iufo11,j11)/(d^3 + d^2 - 2*d)*flavourTag(fmu,j11,j12)*Vec(nu10,q3)*Vec(
      nu9,q3)*Vec(nu14,q2)*Den(p3 - q2 - q3)^2*Deng(p3,xiw,M3)^2*Deng(q2 + q3,
      xiw,M3)^2*p3.p3^2*d*xiw*ufoGC58^2*ufoGC3*ufoGC4
       - 1/4*g_(1,6_,nu10)*g_(2,nu14,q2)*cFT(nu9,XX,i2,iufo11)*cFT(g7,XX,
      iufo11,j11)/(d^3 + d^2 - 2*d)*flavourTag(fmu,j11,j12)*Vec(nu10,q3)*Vec(
      nu9,q3)*Vec(nu14,q2)*Den(p3 - q2 - q3)^2*Deng(p3,xiw,M3)^2*Deng(q2 + q3,
      xiw,M3)^2*p3.p3^2*xia*xiw*ufoGC58^2*ufoGC3*ufoGC4
       + 1/4*g_(1,6_,nu10)*g_(2,nu14,q2)*cFT(nu9,XX,i2,iufo11)*cFT(g7,XX,
      iufo11,j11)/(d^3 + d^2 - 2*d)*flavourTag(fmu,j11,j12)*Vec(nu10,q3)*Vec(
      nu9,q3)*Vec(nu14,q2)*Den(p3 - q2 - q3)^2*Deng(p3,xiw,M3)^2*Deng(q2 + q3,
      xiw,M3)^2*p3.p3^2*xiw*ufoGC58^2*ufoGC3*ufoGC4
       + 1/4*g_(1,6_,nu10)*g_(2,nu14,q2)*cFT(nu9,XX,i2,iufo11)*cFT(g7,XX,
      iufo11,j11)/(d^3 + d^2 - 2*d)*flavourTag(fmu,j11,j12)*Vec(nu10,q3)*Vec(
      nu9,q3)*Vec(nu14,q3)*Den(p3 - q2 - q3)^2*Deng(p3,xiw,M3)^2*Deng(q2 + q3,
      xiw,M3)^2*p3.p3^2*d*xia*xiw*ufoGC58^2*ufoGC3*ufoGC4
       - 1/4*g_(1,6_,nu10)*g_(2,nu14,q2)*cFT(nu9,XX,i2,iufo11)*cFT(g7,XX,
      iufo11,j11)/(d^3 + d^2 - 2*d)*flavourTag(fmu,j11,j12)*Vec(nu10,q3)*Vec(
      nu9,q3)*Vec(nu14,q3)*Den(p3 - q2 - q3)^2*Deng(p3,xiw,M3)^2*Deng(q2 + q3,
      xiw,M3)^2*p3.p3^2*d*xiw*ufoGC58^2*ufoGC3*ufoGC4
       - 1/4*g_(1,6_,nu10)*g_(2,nu14,q2)*cFT(nu9,XX,i2,iufo11)*cFT(g7,XX,
      iufo11,j11)/(d^3 + d^2 - 2*d)*flavourTag(fmu,j11,j12)*Vec(nu10,q3)*Vec(
      nu9,q3)*Vec(nu14,q3)*Den(p3 - q2 - q3)^2*Deng(p3,xiw,M3)^2*Deng(q2 + q3,
      xiw,M3)^2*p3.p3^2*xia*xiw*ufoGC58^2*ufoGC3*ufoGC4
       + 1/4*g_(1,6_,nu10)*g_(2,nu14,q2)*cFT(nu9,XX,i2,iufo11)*cFT(g7,XX,
      iufo11,j11)/(d^3 + d^2 - 2*d)*flavourTag(fmu,j11,j12)*Vec(nu10,q3)*Vec(
      nu9,q3)*Vec(nu14,q3)*Den(p3 - q2 - q3)^2*Deng(p3,xiw,M3)^2*Deng(q2 + q3,
      xiw,M3)^2*p3.p3^2*xiw*ufoGC58^2*ufoGC3*ufoGC4
       - 1/4*g_(1,6_,nu10)*g_(2,nu14,q2)*cFT(nu15,XX,i2,iufo11)*cFT(g7,XX,
      iufo11,j11)/(d^3 + d^2 - 2*d)*flavourTag(fmu,j11,j12)*Vec(nu10,q2)*Vec(
      nu14,q2)*Vec(nu15,q2)*Den(p3 - q2 - q3)^2*Deng(p3,xiw,M3)^2*Deng(q2 + q3
      ,xiw,M3)^2*p3.p3^2*d*xia*xiw*ufoGC58^2*ufoGC3*ufoGC4
       + 1/4*g_(1,6_,nu10)*g_(2,nu14,q2)*cFT(nu15,XX,i2,iufo11)*cFT(g7,XX,
      iufo11,j11)/(d^3 + d^2 - 2*d)*flavourTag(fmu,j11,j12)*Vec(nu10,q2)*Vec(
      nu14,q2)*Vec(nu15,q2)*Den(p3 - q2 - q3)^2*Deng(p3,xiw,M3)^2*Deng(q2 + q3
      ,xiw,M3)^2*p3.p3^2*d*xiw*ufoGC58^2*ufoGC3*ufoGC4
       + 1/4*g_(1,6_,nu10)*g_(2,nu14,q2)*cFT(nu15,XX,i2,iufo11)*cFT(g7,XX,
      iufo11,j11)/(d^3 + d^2 - 2*d)*flavourTag(fmu,j11,j12)*Vec(nu10,q2)*Vec(
      nu14,q2)*Vec(nu15,q2)*Den(p3 - q2 - q3)^2*Deng(p3,xiw,M3)^2*Deng(q2 + q3
      ,xiw,M3)^2*p3.p3^2*xia*xiw*ufoGC58^2*ufoGC3*ufoGC4
       - 1/4*g_(1,6_,nu10)*g_(2,nu14,q2)*cFT(nu15,XX,i2,iufo11)*cFT(g7,XX,
      iufo11,j11)/(d^3 + d^2 - 2*d)*flavourTag(fmu,j11,j12)*Vec(nu10,q2)*Vec(
      nu14,q2)*Vec(nu15,q2)*Den(p3 - q2 - q3)^2*Deng(p3,xiw,M3)^2*Deng(q2 + q3
      ,xiw,M3)^2*p3.p3^2*xiw*ufoGC58^2*ufoGC3*ufoGC4
       - 1/4*g_(1,6_,nu10)*g_(2,nu14,q2)*cFT(nu15,XX,i2,iufo11)*cFT(g7,XX,
      iufo11,j11)/(d^3 + d^2 - 2*d)*flavourTag(fmu,j11,j12)*Vec(nu10,q2)*Vec(
      nu14,q2)*Vec(nu15,q3)*Den(p3 - q2 - q3)^2*Deng(p3,xiw,M3)^2*Deng(q2 + q3
      ,xiw,M3)^2*p3.p3^2*d*xia*xiw*ufoGC58^2*ufoGC3*ufoGC4
       + 1/4*g_(1,6_,nu10)*g_(2,nu14,q2)*cFT(nu15,XX,i2,iufo11)*cFT(g7,XX,
      iufo11,j11)/(d^3 + d^2 - 2*d)*flavourTag(fmu,j11,j12)*Vec(nu10,q2)*Vec(
      nu14,q2)*Vec(nu15,q3)*Den(p3 - q2 - q3)^2*Deng(p3,xiw,M3)^2*Deng(q2 + q3
      ,xiw,M3)^2*p3.p3^2*d*xiw*ufoGC58^2*ufoGC3*ufoGC4
       + 1/4*g_(1,6_,nu10)*g_(2,nu14,q2)*cFT(nu15,XX,i2,iufo11)*cFT(g7,XX,
      iufo11,j11)/(d^3 + d^2 - 2*d)*flavourTag(fmu,j11,j12)*Vec(nu10,q2)*Vec(
      nu14,q2)*Vec(nu15,q3)*Den(p3 - q2 - q3)^2*Deng(p3,xiw,M3)^2*Deng(q2 + q3
      ,xiw,M3)^2*p3.p3^2*xia*xiw*ufoGC58^2*ufoGC3*ufoGC4
       - 1/4*g_(1,6_,nu10)*g_(2,nu14,q2)*cFT(nu15,XX,i2,iufo11)*cFT(g7,XX,
      iufo11,j11)/(d^3 + d^2 - 2*d)*flavourTag(fmu,j11,j12)*Vec(nu10,q2)*Vec(
      nu14,q2)*Vec(nu15,q3)*Den(p3 - q2 - q3)^2*Deng(p3,xiw,M3)^2*Deng(q2 + q3
      ,xiw,M3)^2*p3.p3^2*xiw*ufoGC58^2*ufoGC3*ufoGC4
       + 1/4*g_(1,6_,nu10)*g_(2,nu14,q2)*cFT(nu15,XX,i2,iufo11)*cFT(g7,XX,
      iufo11,j11)/(d^3 + d^2 - 2*d)*flavourTag(fmu,j11,j12)*Vec(nu10,q2)*Vec(
      nu14,q2)*Vec(nu15,-p3)*Den(p3 - q2 - q3)^2*Deng(p3,xiw,M3)^2*Deng(q2 + 
      q3,xiw,M3)^2*p3.p3^2*d*xia*xiw*ufoGC58^2*ufoGC3*ufoGC4
       - 1/4*g_(1,6_,nu10)*g_(2,nu14,q2)*cFT(nu15,XX,i2,iufo11)*cFT(g7,XX,
      iufo11,j11)/(d^3 + d^2 - 2*d)*flavourTag(fmu,j11,j12)*Vec(nu10,q2)*Vec(
      nu14,q2)*Vec(nu15,-p3)*Den(p3 - q2 - q3)^2*Deng(p3,xiw,M3)^2*Deng(q2 + 
      q3,xiw,M3)^2*p3.p3^2*d*xiw*ufoGC58^2*ufoGC3*ufoGC4
       - 1/4*g_(1,6_,nu10)*g_(2,nu14,q2)*cFT(nu15,XX,i2,iufo11)*cFT(g7,XX,
      iufo11,j11)/(d^3 + d^2 - 2*d)*flavourTag(fmu,j11,j12)*Vec(nu10,q2)*Vec(
      nu14,q2)*Vec(nu15,-p3)*Den(p3 - q2 - q3)^2*Deng(p3,xiw,M3)^2*Deng(q2 + 
      q3,xiw,M3)^2*p3.p3^2*xia*xiw*ufoGC58^2*ufoGC3*ufoGC4
       + 1/4*g_(1,6_,nu10)*g_(2,nu14,q2)*cFT(nu15,XX,i2,iufo11)*cFT(g7,XX,
      iufo11,j11)/(d^3 + d^2 - 2*d)*flavourTag(fmu,j11,j12)*Vec(nu10,q2)*Vec(
      nu14,q2)*Vec(nu15,-p3)*Den(p3 - q2 - q3)^2*Deng(p3,xiw,M3)^2*Deng(q2 + 
      q3,xiw,M3)^2*p3.p3^2*xiw*ufoGC58^2*ufoGC3*ufoGC4
       - 1/4*g_(1,6_,nu10)*g_(2,nu14,q2)*cFT(nu15,XX,i2,iufo11)*cFT(g7,XX,
      iufo11,j11)/(d^3 + d^2 - 2*d)*flavourTag(fmu,j11,j12)*Vec(nu10,q2)*Vec(
      nu14,q3)*Vec(nu15,q2)*Den(p3 - q2 - q3)^2*Deng(p3,xiw,M3)^2*Deng(q2 + q3
      ,xiw,M3)^2*p3.p3^2*d*xia*xiw*ufoGC58^2*ufoGC3*ufoGC4
       + 1/4*g_(1,6_,nu10)*g_(2,nu14,q2)*cFT(nu15,XX,i2,iufo11)*cFT(g7,XX,
      iufo11,j11)/(d^3 + d^2 - 2*d)*flavourTag(fmu,j11,j12)*Vec(nu10,q2)*Vec(
      nu14,q3)*Vec(nu15,q2)*Den(p3 - q2 - q3)^2*Deng(p3,xiw,M3)^2*Deng(q2 + q3
      ,xiw,M3)^2*p3.p3^2*d*xiw*ufoGC58^2*ufoGC3*ufoGC4
       + 1/4*g_(1,6_,nu10)*g_(2,nu14,q2)*cFT(nu15,XX,i2,iufo11)*cFT(g7,XX,
      iufo11,j11)/(d^3 + d^2 - 2*d)*flavourTag(fmu,j11,j12)*Vec(nu10,q2)*Vec(
      nu14,q3)*Vec(nu15,q2)*Den(p3 - q2 - q3)^2*Deng(p3,xiw,M3)^2*Deng(q2 + q3
      ,xiw,M3)^2*p3.p3^2*xia*xiw*ufoGC58^2*ufoGC3*ufoGC4
       - 1/4*g_(1,6_,nu10)*g_(2,nu14,q2)*cFT(nu15,XX,i2,iufo11)*cFT(g7,XX,
      iufo11,j11)/(d^3 + d^2 - 2*d)*flavourTag(fmu,j11,j12)*Vec(nu10,q2)*Vec(
      nu14,q3)*Vec(nu15,q2)*Den(p3 - q2 - q3)^2*Deng(p3,xiw,M3)^2*Deng(q2 + q3
      ,xiw,M3)^2*p3.p3^2*xiw*ufoGC58^2*ufoGC3*ufoGC4
       - 1/4*g_(1,6_,nu10)*g_(2,nu14,q2)*cFT(nu15,XX,i2,iufo11)*cFT(g7,XX,
      iufo11,j11)/(d^3 + d^2 - 2*d)*flavourTag(fmu,j11,j12)*Vec(nu10,q2)*Vec(
      nu14,q3)*Vec(nu15,q3)*Den(p3 - q2 - q3)^2*Deng(p3,xiw,M3)^2*Deng(q2 + q3
      ,xiw,M3)^2*p3.p3^2*d*xia*xiw*ufoGC58^2*ufoGC3*ufoGC4
       + 1/4*g_(1,6_,nu10)*g_(2,nu14,q2)*cFT(nu15,XX,i2,iufo11)*cFT(g7,XX,
      iufo11,j11)/(d^3 + d^2 - 2*d)*flavourTag(fmu,j11,j12)*Vec(nu10,q2)*Vec(
      nu14,q3)*Vec(nu15,q3)*Den(p3 - q2 - q3)^2*Deng(p3,xiw,M3)^2*Deng(q2 + q3
      ,xiw,M3)^2*p3.p3^2*d*xiw*ufoGC58^2*ufoGC3*ufoGC4
       + 1/4*g_(1,6_,nu10)*g_(2,nu14,q2)*cFT(nu15,XX,i2,iufo11)*cFT(g7,XX,
      iufo11,j11)/(d^3 + d^2 - 2*d)*flavourTag(fmu,j11,j12)*Vec(nu10,q2)*Vec(
      nu14,q3)*Vec(nu15,q3)*Den(p3 - q2 - q3)^2*Deng(p3,xiw,M3)^2*Deng(q2 + q3
      ,xiw,M3)^2*p3.p3^2*xia*xiw*ufoGC58^2*ufoGC3*ufoGC4
       - 1/4*g_(1,6_,nu10)*g_(2,nu14,q2)*cFT(nu15,XX,i2,iufo11)*cFT(g7,XX,
      iufo11,j11)/(d^3 + d^2 - 2*d)*flavourTag(fmu,j11,j12)*Vec(nu10,q2)*Vec(
      nu14,q3)*Vec(nu15,q3)*Den(p3 - q2 - q3)^2*Deng(p3,xiw,M3)^2*Deng(q2 + q3
      ,xiw,M3)^2*p3.p3^2*xiw*ufoGC58^2*ufoGC3*ufoGC4
       + 1/4*g_(1,6_,nu10)*g_(2,nu14,q2)*cFT(nu15,XX,i2,iufo11)*cFT(g7,XX,
      iufo11,j11)/(d^3 + d^2 - 2*d)*flavourTag(fmu,j11,j12)*Vec(nu10,q2)*Vec(
      nu14,q3)*Vec(nu15,-p3)*Den(p3 - q2 - q3)^2*Deng(p3,xiw,M3)^2*Deng(q2 + 
      q3,xiw,M3)^2*p3.p3^2*d*xia*xiw*ufoGC58^2*ufoGC3*ufoGC4
       - 1/4*g_(1,6_,nu10)*g_(2,nu14,q2)*cFT(nu15,XX,i2,iufo11)*cFT(g7,XX,
      iufo11,j11)/(d^3 + d^2 - 2*d)*flavourTag(fmu,j11,j12)*Vec(nu10,q2)*Vec(
      nu14,q3)*Vec(nu15,-p3)*Den(p3 - q2 - q3)^2*Deng(p3,xiw,M3)^2*Deng(q2 + 
      q3,xiw,M3)^2*p3.p3^2*d*xiw*ufoGC58^2*ufoGC3*ufoGC4
       - 1/4*g_(1,6_,nu10)*g_(2,nu14,q2)*cFT(nu15,XX,i2,iufo11)*cFT(g7,XX,
      iufo11,j11)/(d^3 + d^2 - 2*d)*flavourTag(fmu,j11,j12)*Vec(nu10,q2)*Vec(
      nu14,q3)*Vec(nu15,-p3)*Den(p3 - q2 - q3)^2*Deng(p3,xiw,M3)^2*Deng(q2 + 
      q3,xiw,M3)^2*p3.p3^2*xia*xiw*ufoGC58^2*ufoGC3*ufoGC4
       + 1/4*g_(1,6_,nu10)*g_(2,nu14,q2)*cFT(nu15,XX,i2,iufo11)*cFT(g7,XX,
      iufo11,j11)/(d^3 + d^2 - 2*d)*flavourTag(fmu,j11,j12)*Vec(nu10,q2)*Vec(
      nu14,q3)*Vec(nu15,-p3)*Den(p3 - q2 - q3)^2*Deng(p3,xiw,M3)^2*Deng(q2 + 
      q3,xiw,M3)^2*p3.p3^2*xiw*ufoGC58^2*ufoGC3*ufoGC4
       - 1/4*g_(1,6_,nu10)*g_(2,nu14,q2)*cFT(nu15,XX,i2,iufo11)*cFT(g7,XX,
      iufo11,j11)/(d^3 + d^2 - 2*d)*flavourTag(fmu,j11,j12)*Vec(nu10,q3)*Vec(
      nu14,q2)*Vec(nu15,q2)*Den(p3 - q2 - q3)^2*Deng(p3,xiw,M3)^2*Deng(q2 + q3
      ,xiw,M3)^2*p3.p3^2*d*xia*xiw*ufoGC58^2*ufoGC3*ufoGC4
       + 1/4*g_(1,6_,nu10)*g_(2,nu14,q2)*cFT(nu15,XX,i2,iufo11)*cFT(g7,XX,
      iufo11,j11)/(d^3 + d^2 - 2*d)*flavourTag(fmu,j11,j12)*Vec(nu10,q3)*Vec(
      nu14,q2)*Vec(nu15,q2)*Den(p3 - q2 - q3)^2*Deng(p3,xiw,M3)^2*Deng(q2 + q3
      ,xiw,M3)^2*p3.p3^2*d*xiw*ufoGC58^2*ufoGC3*ufoGC4
       + 1/4*g_(1,6_,nu10)*g_(2,nu14,q2)*cFT(nu15,XX,i2,iufo11)*cFT(g7,XX,
      iufo11,j11)/(d^3 + d^2 - 2*d)*flavourTag(fmu,j11,j12)*Vec(nu10,q3)*Vec(
      nu14,q2)*Vec(nu15,q2)*Den(p3 - q2 - q3)^2*Deng(p3,xiw,M3)^2*Deng(q2 + q3
      ,xiw,M3)^2*p3.p3^2*xia*xiw*ufoGC58^2*ufoGC3*ufoGC4
       - 1/4*g_(1,6_,nu10)*g_(2,nu14,q2)*cFT(nu15,XX,i2,iufo11)*cFT(g7,XX,
      iufo11,j11)/(d^3 + d^2 - 2*d)*flavourTag(fmu,j11,j12)*Vec(nu10,q3)*Vec(
      nu14,q2)*Vec(nu15,q2)*Den(p3 - q2 - q3)^2*Deng(p3,xiw,M3)^2*Deng(q2 + q3
      ,xiw,M3)^2*p3.p3^2*xiw*ufoGC58^2*ufoGC3*ufoGC4
       - 1/4*g_(1,6_,nu10)*g_(2,nu14,q2)*cFT(nu15,XX,i2,iufo11)*cFT(g7,XX,
      iufo11,j11)/(d^3 + d^2 - 2*d)*flavourTag(fmu,j11,j12)*Vec(nu10,q3)*Vec(
      nu14,q2)*Vec(nu15,q3)*Den(p3 - q2 - q3)^2*Deng(p3,xiw,M3)^2*Deng(q2 + q3
      ,xiw,M3)^2*p3.p3^2*d*xia*xiw*ufoGC58^2*ufoGC3*ufoGC4
       + 1/4*g_(1,6_,nu10)*g_(2,nu14,q2)*cFT(nu15,XX,i2,iufo11)*cFT(g7,XX,
      iufo11,j11)/(d^3 + d^2 - 2*d)*flavourTag(fmu,j11,j12)*Vec(nu10,q3)*Vec(
      nu14,q2)*Vec(nu15,q3)*Den(p3 - q2 - q3)^2*Deng(p3,xiw,M3)^2*Deng(q2 + q3
      ,xiw,M3)^2*p3.p3^2*d*xiw*ufoGC58^2*ufoGC3*ufoGC4
       + 1/4*g_(1,6_,nu10)*g_(2,nu14,q2)*cFT(nu15,XX,i2,iufo11)*cFT(g7,XX,
      iufo11,j11)/(d^3 + d^2 - 2*d)*flavourTag(fmu,j11,j12)*Vec(nu10,q3)*Vec(
      nu14,q2)*Vec(nu15,q3)*Den(p3 - q2 - q3)^2*Deng(p3,xiw,M3)^2*Deng(q2 + q3
      ,xiw,M3)^2*p3.p3^2*xia*xiw*ufoGC58^2*ufoGC3*ufoGC4
       - 1/4*g_(1,6_,nu10)*g_(2,nu14,q2)*cFT(nu15,XX,i2,iufo11)*cFT(g7,XX,
      iufo11,j11)/(d^3 + d^2 - 2*d)*flavourTag(fmu,j11,j12)*Vec(nu10,q3)*Vec(
      nu14,q2)*Vec(nu15,q3)*Den(p3 - q2 - q3)^2*Deng(p3,xiw,M3)^2*Deng(q2 + q3
      ,xiw,M3)^2*p3.p3^2*xiw*ufoGC58^2*ufoGC3*ufoGC4
       + 1/4*g_(1,6_,nu10)*g_(2,nu14,q2)*cFT(nu15,XX,i2,iufo11)*cFT(g7,XX,
      iufo11,j11)/(d^3 + d^2 - 2*d)*flavourTag(fmu,j11,j12)*Vec(nu10,q3)*Vec(
      nu14,q2)*Vec(nu15,-p3)*Den(p3 - q2 - q3)^2*Deng(p3,xiw,M3)^2*Deng(q2 + 
      q3,xiw,M3)^2*p3.p3^2*d*xia*xiw*ufoGC58^2*ufoGC3*ufoGC4
       - 1/4*g_(1,6_,nu10)*g_(2,nu14,q2)*cFT(nu15,XX,i2,iufo11)*cFT(g7,XX,
      iufo11,j11)/(d^3 + d^2 - 2*d)*flavourTag(fmu,j11,j12)*Vec(nu10,q3)*Vec(
      nu14,q2)*Vec(nu15,-p3)*Den(p3 - q2 - q3)^2*Deng(p3,xiw,M3)^2*Deng(q2 + 
      q3,xiw,M3)^2*p3.p3^2*d*xiw*ufoGC58^2*ufoGC3*ufoGC4
       - 1/4*g_(1,6_,nu10)*g_(2,nu14,q2)*cFT(nu15,XX,i2,iufo11)*cFT(g7,XX,
      iufo11,j11)/(d^3 + d^2 - 2*d)*flavourTag(fmu,j11,j12)*Vec(nu10,q3)*Vec(
      nu14,q2)*Vec(nu15,-p3)*Den(p3 - q2 - q3)^2*Deng(p3,xiw,M3)^2*Deng(q2 + 
      q3,xiw,M3)^2*p3.p3^2*xia*xiw*ufoGC58^2*ufoGC3*ufoGC4
       + 1/4*g_(1,6_,nu10)*g_(2,nu14,q2)*cFT(nu15,XX,i2,iufo11)*cFT(g7,XX,
      iufo11,j11)/(d^3 + d^2 - 2*d)*flavourTag(fmu,j11,j12)*Vec(nu10,q3)*Vec(
      nu14,q2)*Vec(nu15,-p3)*Den(p3 - q2 - q3)^2*Deng(p3,xiw,M3)^2*Deng(q2 + 
      q3,xiw,M3)^2*p3.p3^2*xiw*ufoGC58^2*ufoGC3*ufoGC4
       - 1/4*g_(1,6_,nu10)*g_(2,nu14,q2)*cFT(nu15,XX,i2,iufo11)*cFT(g7,XX,
      iufo11,j11)/(d^3 + d^2 - 2*d)*flavourTag(fmu,j11,j12)*Vec(nu10,q3)*Vec(
      nu14,q3)*Vec(nu15,q2)*Den(p3 - q2 - q3)^2*Deng(p3,xiw,M3)^2*Deng(q2 + q3
      ,xiw,M3)^2*p3.p3^2*d*xia*xiw*ufoGC58^2*ufoGC3*ufoGC4
       + 1/4*g_(1,6_,nu10)*g_(2,nu14,q2)*cFT(nu15,XX,i2,iufo11)*cFT(g7,XX,
      iufo11,j11)/(d^3 + d^2 - 2*d)*flavourTag(fmu,j11,j12)*Vec(nu10,q3)*Vec(
      nu14,q3)*Vec(nu15,q2)*Den(p3 - q2 - q3)^2*Deng(p3,xiw,M3)^2*Deng(q2 + q3
      ,xiw,M3)^2*p3.p3^2*d*xiw*ufoGC58^2*ufoGC3*ufoGC4
       + 1/4*g_(1,6_,nu10)*g_(2,nu14,q2)*cFT(nu15,XX,i2,iufo11)*cFT(g7,XX,
      iufo11,j11)/(d^3 + d^2 - 2*d)*flavourTag(fmu,j11,j12)*Vec(nu10,q3)*Vec(
      nu14,q3)*Vec(nu15,q2)*Den(p3 - q2 - q3)^2*Deng(p3,xiw,M3)^2*Deng(q2 + q3
      ,xiw,M3)^2*p3.p3^2*xia*xiw*ufoGC58^2*ufoGC3*ufoGC4
       - 1/4*g_(1,6_,nu10)*g_(2,nu14,q2)*cFT(nu15,XX,i2,iufo11)*cFT(g7,XX,
      iufo11,j11)/(d^3 + d^2 - 2*d)*flavourTag(fmu,j11,j12)*Vec(nu10,q3)*Vec(
      nu14,q3)*Vec(nu15,q2)*Den(p3 - q2 - q3)^2*Deng(p3,xiw,M3)^2*Deng(q2 + q3
      ,xiw,M3)^2*p3.p3^2*xiw*ufoGC58^2*ufoGC3*ufoGC4
       - 1/4*g_(1,6_,nu10)*g_(2,nu14,q2)*cFT(nu15,XX,i2,iufo11)*cFT(g7,XX,
      iufo11,j11)/(d^3 + d^2 - 2*d)*flavourTag(fmu,j11,j12)*Vec(nu10,q3)*Vec(
      nu14,q3)*Vec(nu15,q3)*Den(p3 - q2 - q3)^2*Deng(p3,xiw,M3)^2*Deng(q2 + q3
      ,xiw,M3)^2*p3.p3^2*d*xia*xiw*ufoGC58^2*ufoGC3*ufoGC4
       + 1/4*g_(1,6_,nu10)*g_(2,nu14,q2)*cFT(nu15,XX,i2,iufo11)*cFT(g7,XX,
      iufo11,j11)/(d^3 + d^2 - 2*d)*flavourTag(fmu,j11,j12)*Vec(nu10,q3)*Vec(
      nu14,q3)*Vec(nu15,q3)*Den(p3 - q2 - q3)^2*Deng(p3,xiw,M3)^2*Deng(q2 + q3
      ,xiw,M3)^2*p3.p3^2*d*xiw*ufoGC58^2*ufoGC3*ufoGC4
       + 1/4*g_(1,6_,nu10)*g_(2,nu14,q2)*cFT(nu15,XX,i2,iufo11)*cFT(g7,XX,
      iufo11,j11)/(d^3 + d^2 - 2*d)*flavourTag(fmu,j11,j12)*Vec(nu10,q3)*Vec(
      nu14,q3)*Vec(nu15,q3)*Den(p3 - q2 - q3)^2*Deng(p3,xiw,M3)^2*Deng(q2 + q3
      ,xiw,M3)^2*p3.p3^2*xia*xiw*ufoGC58^2*ufoGC3*ufoGC4
       - 1/4*g_(1,6_,nu10)*g_(2,nu14,q2)*cFT(nu15,XX,i2,iufo11)*cFT(g7,XX,
      iufo11,j11)/(d^3 + d^2 - 2*d)*flavourTag(fmu,j11,j12)*Vec(nu10,q3)*Vec(
      nu14,q3)*Vec(nu15,q3)*Den(p3 - q2 - q3)^2*Deng(p3,xiw,M3)^2*Deng(q2 + q3
      ,xiw,M3)^2*p3.p3^2*xiw*ufoGC58^2*ufoGC3*ufoGC4
       + 1/4*g_(1,6_,nu10)*g_(2,nu14,q2)*cFT(nu15,XX,i2,iufo11)*cFT(g7,XX,
      iufo11,j11)/(d^3 + d^2 - 2*d)*flavourTag(fmu,j11,j12)*Vec(nu10,q3)*Vec(
      nu14,q3)*Vec(nu15,-p3)*Den(p3 - q2 - q3)^2*Deng(p3,xiw,M3)^2*Deng(q2 + 
      q3,xiw,M3)^2*p3.p3^2*d*xia*xiw*ufoGC58^2*ufoGC3*ufoGC4
       - 1/4*g_(1,6_,nu10)*g_(2,nu14,q2)*cFT(nu15,XX,i2,iufo11)*cFT(g7,XX,
      iufo11,j11)/(d^3 + d^2 - 2*d)*flavourTag(fmu,j11,j12)*Vec(nu10,q3)*Vec(
      nu14,q3)*Vec(nu15,-p3)*Den(p3 - q2 - q3)^2*Deng(p3,xiw,M3)^2*Deng(q2 + 
      q3,xiw,M3)^2*p3.p3^2*d*xiw*ufoGC58^2*ufoGC3*ufoGC4
       - 1/4*g_(1,6_,nu10)*g_(2,nu14,q2)*cFT(nu15,XX,i2,iufo11)*cFT(g7,XX,
      iufo11,j11)/(d^3 + d^2 - 2*d)*flavourTag(fmu,j11,j12)*Vec(nu10,q3)*Vec(
      nu14,q3)*Vec(nu15,-p3)*Den(p3 - q2 - q3)^2*Deng(p3,xiw,M3)^2*Deng(q2 + 
      q3,xiw,M3)^2*p3.p3^2*xia*xiw*ufoGC58^2*ufoGC3*ufoGC4
       + 1/4*g_(1,6_,nu10)*g_(2,nu14,q2)*cFT(nu15,XX,i2,iufo11)*cFT(g7,XX,
      iufo11,j11)/(d^3 + d^2 - 2*d)*flavourTag(fmu,j11,j12)*Vec(nu10,q3)*Vec(
      nu14,q3)*Vec(nu15,-p3)*Den(p3 - q2 - q3)^2*Deng(p3,xiw,M3)^2*Deng(q2 + 
      q3,xiw,M3)^2*p3.p3^2*xiw*ufoGC58^2*ufoGC3*ufoGC4
       + 1/4*g_(1,6_,nu10)*g_(2,nu15,p3)*cFT(nu13,XX,i2,iufo11)*cFT(g7,XX,
      iufo11,j11)*flavourTag(fmu,j11,j12)*Vec(nu10,q2)*Vec(nu14,q2)*Vec(nu15,
      q2)*Vecr(nu13,p3)*Vecr(nu14,p3)*Den(p3 - q2 - q3)*Deng(p3,xiw,M3)^2*
      Deng(q2 + q3,xiw,M3)^2*xiw*ufoGC58^2*ufoGC3*ufoGC4
       + 1/4*g_(1,6_,nu10)*g_(2,nu15,p3)*cFT(nu13,XX,i2,iufo11)*cFT(g7,XX,
      iufo11,j11)*flavourTag(fmu,j11,j12)*Vec(nu10,q2)*Vec(nu14,q2)*Vec(nu15,
      q3)*Vecr(nu13,p3)*Vecr(nu14,p3)*Den(p3 - q2 - q3)*Deng(p3,xiw,M3)^2*
      Deng(q2 + q3,xiw,M3)^2*xiw*ufoGC58^2*ufoGC3*ufoGC4
       - 1/4*g_(1,6_,nu10)*g_(2,nu15,p3)*cFT(nu13,XX,i2,iufo11)*cFT(g7,XX,
      iufo11,j11)*flavourTag(fmu,j11,j12)*Vec(nu10,q2)*Vec(nu14,q2)*Vec(nu15,
      -p3)*Vecr(nu13,p3)*Vecr(nu14,p3)*Den(p3 - q2 - q3)*Deng(p3,xiw,M3)^2*
      Deng(q2 + q3,xiw,M3)^2*xiw*ufoGC58^2*ufoGC3*ufoGC4
       + 1/4*g_(1,6_,nu10)*g_(2,nu15,p3)*cFT(nu13,XX,i2,iufo11)*cFT(g7,XX,
      iufo11,j11)*flavourTag(fmu,j11,j12)*Vec(nu10,q2)*Vec(nu14,q3)*Vec(nu15,
      q2)*Vecr(nu13,p3)*Vecr(nu14,p3)*Den(p3 - q2 - q3)*Deng(p3,xiw,M3)^2*
      Deng(q2 + q3,xiw,M3)^2*xiw*ufoGC58^2*ufoGC3*ufoGC4
       + 1/4*g_(1,6_,nu10)*g_(2,nu15,p3)*cFT(nu13,XX,i2,iufo11)*cFT(g7,XX,
      iufo11,j11)*flavourTag(fmu,j11,j12)*Vec(nu10,q2)*Vec(nu14,q3)*Vec(nu15,
      q3)*Vecr(nu13,p3)*Vecr(nu14,p3)*Den(p3 - q2 - q3)*Deng(p3,xiw,M3)^2*
      Deng(q2 + q3,xiw,M3)^2*xiw*ufoGC58^2*ufoGC3*ufoGC4
       - 1/4*g_(1,6_,nu10)*g_(2,nu15,p3)*cFT(nu13,XX,i2,iufo11)*cFT(g7,XX,
      iufo11,j11)*flavourTag(fmu,j11,j12)*Vec(nu10,q2)*Vec(nu14,q3)*Vec(nu15,
      -p3)*Vecr(nu13,p3)*Vecr(nu14,p3)*Den(p3 - q2 - q3)*Deng(p3,xiw,M3)^2*
      Deng(q2 + q3,xiw,M3)^2*xiw*ufoGC58^2*ufoGC3*ufoGC4
       + 1/4*g_(1,6_,nu10)*g_(2,nu15,p3)*cFT(nu13,XX,i2,iufo11)*cFT(g7,XX,
      iufo11,j11)*flavourTag(fmu,j11,j12)*Vec(nu10,q3)*Vec(nu14,q2)*Vec(nu15,
      q2)*Vecr(nu13,p3)*Vecr(nu14,p3)*Den(p3 - q2 - q3)*Deng(p3,xiw,M3)^2*
      Deng(q2 + q3,xiw,M3)^2*xiw*ufoGC58^2*ufoGC3*ufoGC4
       + 1/4*g_(1,6_,nu10)*g_(2,nu15,p3)*cFT(nu13,XX,i2,iufo11)*cFT(g7,XX,
      iufo11,j11)*flavourTag(fmu,j11,j12)*Vec(nu10,q3)*Vec(nu14,q2)*Vec(nu15,
      q3)*Vecr(nu13,p3)*Vecr(nu14,p3)*Den(p3 - q2 - q3)*Deng(p3,xiw,M3)^2*
      Deng(q2 + q3,xiw,M3)^2*xiw*ufoGC58^2*ufoGC3*ufoGC4
       - 1/4*g_(1,6_,nu10)*g_(2,nu15,p3)*cFT(nu13,XX,i2,iufo11)*cFT(g7,XX,
      iufo11,j11)*flavourTag(fmu,j11,j12)*Vec(nu10,q3)*Vec(nu14,q2)*Vec(nu15,
      -p3)*Vecr(nu13,p3)*Vecr(nu14,p3)*Den(p3 - q2 - q3)*Deng(p3,xiw,M3)^2*
      Deng(q2 + q3,xiw,M3)^2*xiw*ufoGC58^2*ufoGC3*ufoGC4
       + 1/4*g_(1,6_,nu10)*g_(2,nu15,p3)*cFT(nu13,XX,i2,iufo11)*cFT(g7,XX,
      iufo11,j11)*flavourTag(fmu,j11,j12)*Vec(nu10,q3)*Vec(nu14,q3)*Vec(nu15,
      q2)*Vecr(nu13,p3)*Vecr(nu14,p3)*Den(p3 - q2 - q3)*Deng(p3,xiw,M3)^2*
      Deng(q2 + q3,xiw,M3)^2*xiw*ufoGC58^2*ufoGC3*ufoGC4
       + 1/4*g_(1,6_,nu10)*g_(2,nu15,p3)*cFT(nu13,XX,i2,iufo11)*cFT(g7,XX,
      iufo11,j11)*flavourTag(fmu,j11,j12)*Vec(nu10,q3)*Vec(nu14,q3)*Vec(nu15,
      q3)*Vecr(nu13,p3)*Vecr(nu14,p3)*Den(p3 - q2 - q3)*Deng(p3,xiw,M3)^2*
      Deng(q2 + q3,xiw,M3)^2*xiw*ufoGC58^2*ufoGC3*ufoGC4
       - 1/4*g_(1,6_,nu10)*g_(2,nu15,p3)*cFT(nu13,XX,i2,iufo11)*cFT(g7,XX,
      iufo11,j11)*flavourTag(fmu,j11,j12)*Vec(nu10,q3)*Vec(nu14,q3)*Vec(nu15,
      -p3)*Vecr(nu13,p3)*Vecr(nu14,p3)*Den(p3 - q2 - q3)*Deng(p3,xiw,M3)^2*
      Deng(q2 + q3,xiw,M3)^2*xiw*ufoGC58^2*ufoGC3*ufoGC4
       + 1/4*g_(1,6_,nu10)*g_(2,nu15,p3)*cFT(nu14,XX,i2,iufo11)*cFT(g7,XX,
      iufo11,j11)/(d^3 + d^2 - 2*d)*flavourTag(fmu,j11,j12)*Vec(nu10,q2)*Vec(
      nu14,q2)*Vec(nu15,q2)*Den(p3 - q2 - q3)^2*Deng(p3,xiw,M3)^2*Deng(q2 + q3
      ,xiw,M3)^2*p3.p3^2*d*xia*xiw*ufoGC58^2*ufoGC3*ufoGC4
       - 1/4*g_(1,6_,nu10)*g_(2,nu15,p3)*cFT(nu14,XX,i2,iufo11)*cFT(g7,XX,
      iufo11,j11)/(d^3 + d^2 - 2*d)*flavourTag(fmu,j11,j12)*Vec(nu10,q2)*Vec(
      nu14,q2)*Vec(nu15,q2)*Den(p3 - q2 - q3)^2*Deng(p3,xiw,M3)^2*Deng(q2 + q3
      ,xiw,M3)^2*p3.p3^2*d*xiw*ufoGC58^2*ufoGC3*ufoGC4
       - 1/4*g_(1,6_,nu10)*g_(2,nu15,p3)*cFT(nu14,XX,i2,iufo11)*cFT(g7,XX,
      iufo11,j11)/(d^3 + d^2 - 2*d)*flavourTag(fmu,j11,j12)*Vec(nu10,q2)*Vec(
      nu14,q2)*Vec(nu15,q2)*Den(p3 - q2 - q3)^2*Deng(p3,xiw,M3)^2*Deng(q2 + q3
      ,xiw,M3)^2*p3.p3^2*xia*xiw*ufoGC58^2*ufoGC3*ufoGC4
       + 1/4*g_(1,6_,nu10)*g_(2,nu15,p3)*cFT(nu14,XX,i2,iufo11)*cFT(g7,XX,
      iufo11,j11)/(d^3 + d^2 - 2*d)*flavourTag(fmu,j11,j12)*Vec(nu10,q2)*Vec(
      nu14,q2)*Vec(nu15,q2)*Den(p3 - q2 - q3)^2*Deng(p3,xiw,M3)^2*Deng(q2 + q3
      ,xiw,M3)^2*p3.p3^2*xiw*ufoGC58^2*ufoGC3*ufoGC4
       + 1/4*g_(1,6_,nu10)*g_(2,nu15,p3)*cFT(nu14,XX,i2,iufo11)*cFT(g7,XX,
      iufo11,j11)/(d^3 + d^2 - 2*d)*flavourTag(fmu,j11,j12)*Vec(nu10,q2)*Vec(
      nu14,q2)*Vec(nu15,q3)*Den(p3 - q2 - q3)^2*Deng(p3,xiw,M3)^2*Deng(q2 + q3
      ,xiw,M3)^2*p3.p3^2*d*xia*xiw*ufoGC58^2*ufoGC3*ufoGC4
       - 1/4*g_(1,6_,nu10)*g_(2,nu15,p3)*cFT(nu14,XX,i2,iufo11)*cFT(g7,XX,
      iufo11,j11)/(d^3 + d^2 - 2*d)*flavourTag(fmu,j11,j12)*Vec(nu10,q2)*Vec(
      nu14,q2)*Vec(nu15,q3)*Den(p3 - q2 - q3)^2*Deng(p3,xiw,M3)^2*Deng(q2 + q3
      ,xiw,M3)^2*p3.p3^2*d*xiw*ufoGC58^2*ufoGC3*ufoGC4
       - 1/4*g_(1,6_,nu10)*g_(2,nu15,p3)*cFT(nu14,XX,i2,iufo11)*cFT(g7,XX,
      iufo11,j11)/(d^3 + d^2 - 2*d)*flavourTag(fmu,j11,j12)*Vec(nu10,q2)*Vec(
      nu14,q2)*Vec(nu15,q3)*Den(p3 - q2 - q3)^2*Deng(p3,xiw,M3)^2*Deng(q2 + q3
      ,xiw,M3)^2*p3.p3^2*xia*xiw*ufoGC58^2*ufoGC3*ufoGC4
       + 1/4*g_(1,6_,nu10)*g_(2,nu15,p3)*cFT(nu14,XX,i2,iufo11)*cFT(g7,XX,
      iufo11,j11)/(d^3 + d^2 - 2*d)*flavourTag(fmu,j11,j12)*Vec(nu10,q2)*Vec(
      nu14,q2)*Vec(nu15,q3)*Den(p3 - q2 - q3)^2*Deng(p3,xiw,M3)^2*Deng(q2 + q3
      ,xiw,M3)^2*p3.p3^2*xiw*ufoGC58^2*ufoGC3*ufoGC4
       - 1/4*g_(1,6_,nu10)*g_(2,nu15,p3)*cFT(nu14,XX,i2,iufo11)*cFT(g7,XX,
      iufo11,j11)/(d^3 + d^2 - 2*d)*flavourTag(fmu,j11,j12)*Vec(nu10,q2)*Vec(
      nu14,q2)*Vec(nu15,-p3)*Den(p3 - q2 - q3)^2*Deng(p3,xiw,M3)^2*Deng(q2 + 
      q3,xiw,M3)^2*p3.p3^2*d*xia*xiw*ufoGC58^2*ufoGC3*ufoGC4
       + 1/4*g_(1,6_,nu10)*g_(2,nu15,p3)*cFT(nu14,XX,i2,iufo11)*cFT(g7,XX,
      iufo11,j11)/(d^3 + d^2 - 2*d)*flavourTag(fmu,j11,j12)*Vec(nu10,q2)*Vec(
      nu14,q2)*Vec(nu15,-p3)*Den(p3 - q2 - q3)^2*Deng(p3,xiw,M3)^2*Deng(q2 + 
      q3,xiw,M3)^2*p3.p3^2*d*xiw*ufoGC58^2*ufoGC3*ufoGC4
       + 1/4*g_(1,6_,nu10)*g_(2,nu15,p3)*cFT(nu14,XX,i2,iufo11)*cFT(g7,XX,
      iufo11,j11)/(d^3 + d^2 - 2*d)*flavourTag(fmu,j11,j12)*Vec(nu10,q2)*Vec(
      nu14,q2)*Vec(nu15,-p3)*Den(p3 - q2 - q3)^2*Deng(p3,xiw,M3)^2*Deng(q2 + 
      q3,xiw,M3)^2*p3.p3^2*xia*xiw*ufoGC58^2*ufoGC3*ufoGC4
       - 1/4*g_(1,6_,nu10)*g_(2,nu15,p3)*cFT(nu14,XX,i2,iufo11)*cFT(g7,XX,
      iufo11,j11)/(d^3 + d^2 - 2*d)*flavourTag(fmu,j11,j12)*Vec(nu10,q2)*Vec(
      nu14,q2)*Vec(nu15,-p3)*Den(p3 - q2 - q3)^2*Deng(p3,xiw,M3)^2*Deng(q2 + 
      q3,xiw,M3)^2*p3.p3^2*xiw*ufoGC58^2*ufoGC3*ufoGC4
       + 1/4*g_(1,6_,nu10)*g_(2,nu15,p3)*cFT(nu14,XX,i2,iufo11)*cFT(g7,XX,
      iufo11,j11)/(d^3 + d^2 - 2*d)*flavourTag(fmu,j11,j12)*Vec(nu10,q2)*Vec(
      nu14,q3)*Vec(nu15,q2)*Den(p3 - q2 - q3)^2*Deng(p3,xiw,M3)^2*Deng(q2 + q3
      ,xiw,M3)^2*p3.p3^2*d*xia*xiw*ufoGC58^2*ufoGC3*ufoGC4
       - 1/4*g_(1,6_,nu10)*g_(2,nu15,p3)*cFT(nu14,XX,i2,iufo11)*cFT(g7,XX,
      iufo11,j11)/(d^3 + d^2 - 2*d)*flavourTag(fmu,j11,j12)*Vec(nu10,q2)*Vec(
      nu14,q3)*Vec(nu15,q2)*Den(p3 - q2 - q3)^2*Deng(p3,xiw,M3)^2*Deng(q2 + q3
      ,xiw,M3)^2*p3.p3^2*d*xiw*ufoGC58^2*ufoGC3*ufoGC4
       - 1/4*g_(1,6_,nu10)*g_(2,nu15,p3)*cFT(nu14,XX,i2,iufo11)*cFT(g7,XX,
      iufo11,j11)/(d^3 + d^2 - 2*d)*flavourTag(fmu,j11,j12)*Vec(nu10,q2)*Vec(
      nu14,q3)*Vec(nu15,q2)*Den(p3 - q2 - q3)^2*Deng(p3,xiw,M3)^2*Deng(q2 + q3
      ,xiw,M3)^2*p3.p3^2*xia*xiw*ufoGC58^2*ufoGC3*ufoGC4
       + 1/4*g_(1,6_,nu10)*g_(2,nu15,p3)*cFT(nu14,XX,i2,iufo11)*cFT(g7,XX,
      iufo11,j11)/(d^3 + d^2 - 2*d)*flavourTag(fmu,j11,j12)*Vec(nu10,q2)*Vec(
      nu14,q3)*Vec(nu15,q2)*Den(p3 - q2 - q3)^2*Deng(p3,xiw,M3)^2*Deng(q2 + q3
      ,xiw,M3)^2*p3.p3^2*xiw*ufoGC58^2*ufoGC3*ufoGC4
       + 1/4*g_(1,6_,nu10)*g_(2,nu15,p3)*cFT(nu14,XX,i2,iufo11)*cFT(g7,XX,
      iufo11,j11)/(d^3 + d^2 - 2*d)*flavourTag(fmu,j11,j12)*Vec(nu10,q2)*Vec(
      nu14,q3)*Vec(nu15,q3)*Den(p3 - q2 - q3)^2*Deng(p3,xiw,M3)^2*Deng(q2 + q3
      ,xiw,M3)^2*p3.p3^2*d*xia*xiw*ufoGC58^2*ufoGC3*ufoGC4
       - 1/4*g_(1,6_,nu10)*g_(2,nu15,p3)*cFT(nu14,XX,i2,iufo11)*cFT(g7,XX,
      iufo11,j11)/(d^3 + d^2 - 2*d)*flavourTag(fmu,j11,j12)*Vec(nu10,q2)*Vec(
      nu14,q3)*Vec(nu15,q3)*Den(p3 - q2 - q3)^2*Deng(p3,xiw,M3)^2*Deng(q2 + q3
      ,xiw,M3)^2*p3.p3^2*d*xiw*ufoGC58^2*ufoGC3*ufoGC4
       - 1/4*g_(1,6_,nu10)*g_(2,nu15,p3)*cFT(nu14,XX,i2,iufo11)*cFT(g7,XX,
      iufo11,j11)/(d^3 + d^2 - 2*d)*flavourTag(fmu,j11,j12)*Vec(nu10,q2)*Vec(
      nu14,q3)*Vec(nu15,q3)*Den(p3 - q2 - q3)^2*Deng(p3,xiw,M3)^2*Deng(q2 + q3
      ,xiw,M3)^2*p3.p3^2*xia*xiw*ufoGC58^2*ufoGC3*ufoGC4
       + 1/4*g_(1,6_,nu10)*g_(2,nu15,p3)*cFT(nu14,XX,i2,iufo11)*cFT(g7,XX,
      iufo11,j11)/(d^3 + d^2 - 2*d)*flavourTag(fmu,j11,j12)*Vec(nu10,q2)*Vec(
      nu14,q3)*Vec(nu15,q3)*Den(p3 - q2 - q3)^2*Deng(p3,xiw,M3)^2*Deng(q2 + q3
      ,xiw,M3)^2*p3.p3^2*xiw*ufoGC58^2*ufoGC3*ufoGC4
       - 1/4*g_(1,6_,nu10)*g_(2,nu15,p3)*cFT(nu14,XX,i2,iufo11)*cFT(g7,XX,
      iufo11,j11)/(d^3 + d^2 - 2*d)*flavourTag(fmu,j11,j12)*Vec(nu10,q2)*Vec(
      nu14,q3)*Vec(nu15,-p3)*Den(p3 - q2 - q3)^2*Deng(p3,xiw,M3)^2*Deng(q2 + 
      q3,xiw,M3)^2*p3.p3^2*d*xia*xiw*ufoGC58^2*ufoGC3*ufoGC4
       + 1/4*g_(1,6_,nu10)*g_(2,nu15,p3)*cFT(nu14,XX,i2,iufo11)*cFT(g7,XX,
      iufo11,j11)/(d^3 + d^2 - 2*d)*flavourTag(fmu,j11,j12)*Vec(nu10,q2)*Vec(
      nu14,q3)*Vec(nu15,-p3)*Den(p3 - q2 - q3)^2*Deng(p3,xiw,M3)^2*Deng(q2 + 
      q3,xiw,M3)^2*p3.p3^2*d*xiw*ufoGC58^2*ufoGC3*ufoGC4
       + 1/4*g_(1,6_,nu10)*g_(2,nu15,p3)*cFT(nu14,XX,i2,iufo11)*cFT(g7,XX,
      iufo11,j11)/(d^3 + d^2 - 2*d)*flavourTag(fmu,j11,j12)*Vec(nu10,q2)*Vec(
      nu14,q3)*Vec(nu15,-p3)*Den(p3 - q2 - q3)^2*Deng(p3,xiw,M3)^2*Deng(q2 + 
      q3,xiw,M3)^2*p3.p3^2*xia*xiw*ufoGC58^2*ufoGC3*ufoGC4
       - 1/4*g_(1,6_,nu10)*g_(2,nu15,p3)*cFT(nu14,XX,i2,iufo11)*cFT(g7,XX,
      iufo11,j11)/(d^3 + d^2 - 2*d)*flavourTag(fmu,j11,j12)*Vec(nu10,q2)*Vec(
      nu14,q3)*Vec(nu15,-p3)*Den(p3 - q2 - q3)^2*Deng(p3,xiw,M3)^2*Deng(q2 + 
      q3,xiw,M3)^2*p3.p3^2*xiw*ufoGC58^2*ufoGC3*ufoGC4
       + 1/4*g_(1,6_,nu10)*g_(2,nu15,p3)*cFT(nu14,XX,i2,iufo11)*cFT(g7,XX,
      iufo11,j11)/(d^3 + d^2 - 2*d)*flavourTag(fmu,j11,j12)*Vec(nu10,q3)*Vec(
      nu14,q2)*Vec(nu15,q2)*Den(p3 - q2 - q3)^2*Deng(p3,xiw,M3)^2*Deng(q2 + q3
      ,xiw,M3)^2*p3.p3^2*d*xia*xiw*ufoGC58^2*ufoGC3*ufoGC4
       - 1/4*g_(1,6_,nu10)*g_(2,nu15,p3)*cFT(nu14,XX,i2,iufo11)*cFT(g7,XX,
      iufo11,j11)/(d^3 + d^2 - 2*d)*flavourTag(fmu,j11,j12)*Vec(nu10,q3)*Vec(
      nu14,q2)*Vec(nu15,q2)*Den(p3 - q2 - q3)^2*Deng(p3,xiw,M3)^2*Deng(q2 + q3
      ,xiw,M3)^2*p3.p3^2*d*xiw*ufoGC58^2*ufoGC3*ufoGC4
       - 1/4*g_(1,6_,nu10)*g_(2,nu15,p3)*cFT(nu14,XX,i2,iufo11)*cFT(g7,XX,
      iufo11,j11)/(d^3 + d^2 - 2*d)*flavourTag(fmu,j11,j12)*Vec(nu10,q3)*Vec(
      nu14,q2)*Vec(nu15,q2)*Den(p3 - q2 - q3)^2*Deng(p3,xiw,M3)^2*Deng(q2 + q3
      ,xiw,M3)^2*p3.p3^2*xia*xiw*ufoGC58^2*ufoGC3*ufoGC4
       + 1/4*g_(1,6_,nu10)*g_(2,nu15,p3)*cFT(nu14,XX,i2,iufo11)*cFT(g7,XX,
      iufo11,j11)/(d^3 + d^2 - 2*d)*flavourTag(fmu,j11,j12)*Vec(nu10,q3)*Vec(
      nu14,q2)*Vec(nu15,q2)*Den(p3 - q2 - q3)^2*Deng(p3,xiw,M3)^2*Deng(q2 + q3
      ,xiw,M3)^2*p3.p3^2*xiw*ufoGC58^2*ufoGC3*ufoGC4
       + 1/4*g_(1,6_,nu10)*g_(2,nu15,p3)*cFT(nu14,XX,i2,iufo11)*cFT(g7,XX,
      iufo11,j11)/(d^3 + d^2 - 2*d)*flavourTag(fmu,j11,j12)*Vec(nu10,q3)*Vec(
      nu14,q2)*Vec(nu15,q3)*Den(p3 - q2 - q3)^2*Deng(p3,xiw,M3)^2*Deng(q2 + q3
      ,xiw,M3)^2*p3.p3^2*d*xia*xiw*ufoGC58^2*ufoGC3*ufoGC4
       - 1/4*g_(1,6_,nu10)*g_(2,nu15,p3)*cFT(nu14,XX,i2,iufo11)*cFT(g7,XX,
      iufo11,j11)/(d^3 + d^2 - 2*d)*flavourTag(fmu,j11,j12)*Vec(nu10,q3)*Vec(
      nu14,q2)*Vec(nu15,q3)*Den(p3 - q2 - q3)^2*Deng(p3,xiw,M3)^2*Deng(q2 + q3
      ,xiw,M3)^2*p3.p3^2*d*xiw*ufoGC58^2*ufoGC3*ufoGC4
       - 1/4*g_(1,6_,nu10)*g_(2,nu15,p3)*cFT(nu14,XX,i2,iufo11)*cFT(g7,XX,
      iufo11,j11)/(d^3 + d^2 - 2*d)*flavourTag(fmu,j11,j12)*Vec(nu10,q3)*Vec(
      nu14,q2)*Vec(nu15,q3)*Den(p3 - q2 - q3)^2*Deng(p3,xiw,M3)^2*Deng(q2 + q3
      ,xiw,M3)^2*p3.p3^2*xia*xiw*ufoGC58^2*ufoGC3*ufoGC4
       + 1/4*g_(1,6_,nu10)*g_(2,nu15,p3)*cFT(nu14,XX,i2,iufo11)*cFT(g7,XX,
      iufo11,j11)/(d^3 + d^2 - 2*d)*flavourTag(fmu,j11,j12)*Vec(nu10,q3)*Vec(
      nu14,q2)*Vec(nu15,q3)*Den(p3 - q2 - q3)^2*Deng(p3,xiw,M3)^2*Deng(q2 + q3
      ,xiw,M3)^2*p3.p3^2*xiw*ufoGC58^2*ufoGC3*ufoGC4
       - 1/4*g_(1,6_,nu10)*g_(2,nu15,p3)*cFT(nu14,XX,i2,iufo11)*cFT(g7,XX,
      iufo11,j11)/(d^3 + d^2 - 2*d)*flavourTag(fmu,j11,j12)*Vec(nu10,q3)*Vec(
      nu14,q2)*Vec(nu15,-p3)*Den(p3 - q2 - q3)^2*Deng(p3,xiw,M3)^2*Deng(q2 + 
      q3,xiw,M3)^2*p3.p3^2*d*xia*xiw*ufoGC58^2*ufoGC3*ufoGC4
       + 1/4*g_(1,6_,nu10)*g_(2,nu15,p3)*cFT(nu14,XX,i2,iufo11)*cFT(g7,XX,
      iufo11,j11)/(d^3 + d^2 - 2*d)*flavourTag(fmu,j11,j12)*Vec(nu10,q3)*Vec(
      nu14,q2)*Vec(nu15,-p3)*Den(p3 - q2 - q3)^2*Deng(p3,xiw,M3)^2*Deng(q2 + 
      q3,xiw,M3)^2*p3.p3^2*d*xiw*ufoGC58^2*ufoGC3*ufoGC4
       + 1/4*g_(1,6_,nu10)*g_(2,nu15,p3)*cFT(nu14,XX,i2,iufo11)*cFT(g7,XX,
      iufo11,j11)/(d^3 + d^2 - 2*d)*flavourTag(fmu,j11,j12)*Vec(nu10,q3)*Vec(
      nu14,q2)*Vec(nu15,-p3)*Den(p3 - q2 - q3)^2*Deng(p3,xiw,M3)^2*Deng(q2 + 
      q3,xiw,M3)^2*p3.p3^2*xia*xiw*ufoGC58^2*ufoGC3*ufoGC4
       - 1/4*g_(1,6_,nu10)*g_(2,nu15,p3)*cFT(nu14,XX,i2,iufo11)*cFT(g7,XX,
      iufo11,j11)/(d^3 + d^2 - 2*d)*flavourTag(fmu,j11,j12)*Vec(nu10,q3)*Vec(
      nu14,q2)*Vec(nu15,-p3)*Den(p3 - q2 - q3)^2*Deng(p3,xiw,M3)^2*Deng(q2 + 
      q3,xiw,M3)^2*p3.p3^2*xiw*ufoGC58^2*ufoGC3*ufoGC4
       + 1/4*g_(1,6_,nu10)*g_(2,nu15,p3)*cFT(nu14,XX,i2,iufo11)*cFT(g7,XX,
      iufo11,j11)/(d^3 + d^2 - 2*d)*flavourTag(fmu,j11,j12)*Vec(nu10,q3)*Vec(
      nu14,q3)*Vec(nu15,q2)*Den(p3 - q2 - q3)^2*Deng(p3,xiw,M3)^2*Deng(q2 + q3
      ,xiw,M3)^2*p3.p3^2*d*xia*xiw*ufoGC58^2*ufoGC3*ufoGC4
       - 1/4*g_(1,6_,nu10)*g_(2,nu15,p3)*cFT(nu14,XX,i2,iufo11)*cFT(g7,XX,
      iufo11,j11)/(d^3 + d^2 - 2*d)*flavourTag(fmu,j11,j12)*Vec(nu10,q3)*Vec(
      nu14,q3)*Vec(nu15,q2)*Den(p3 - q2 - q3)^2*Deng(p3,xiw,M3)^2*Deng(q2 + q3
      ,xiw,M3)^2*p3.p3^2*d*xiw*ufoGC58^2*ufoGC3*ufoGC4
       - 1/4*g_(1,6_,nu10)*g_(2,nu15,p3)*cFT(nu14,XX,i2,iufo11)*cFT(g7,XX,
      iufo11,j11)/(d^3 + d^2 - 2*d)*flavourTag(fmu,j11,j12)*Vec(nu10,q3)*Vec(
      nu14,q3)*Vec(nu15,q2)*Den(p3 - q2 - q3)^2*Deng(p3,xiw,M3)^2*Deng(q2 + q3
      ,xiw,M3)^2*p3.p3^2*xia*xiw*ufoGC58^2*ufoGC3*ufoGC4
       + 1/4*g_(1,6_,nu10)*g_(2,nu15,p3)*cFT(nu14,XX,i2,iufo11)*cFT(g7,XX,
      iufo11,j11)/(d^3 + d^2 - 2*d)*flavourTag(fmu,j11,j12)*Vec(nu10,q3)*Vec(
      nu14,q3)*Vec(nu15,q2)*Den(p3 - q2 - q3)^2*Deng(p3,xiw,M3)^2*Deng(q2 + q3
      ,xiw,M3)^2*p3.p3^2*xiw*ufoGC58^2*ufoGC3*ufoGC4
       + 1/4*g_(1,6_,nu10)*g_(2,nu15,p3)*cFT(nu14,XX,i2,iufo11)*cFT(g7,XX,
      iufo11,j11)/(d^3 + d^2 - 2*d)*flavourTag(fmu,j11,j12)*Vec(nu10,q3)*Vec(
      nu14,q3)*Vec(nu15,q3)*Den(p3 - q2 - q3)^2*Deng(p3,xiw,M3)^2*Deng(q2 + q3
      ,xiw,M3)^2*p3.p3^2*d*xia*xiw*ufoGC58^2*ufoGC3*ufoGC4
       - 1/4*g_(1,6_,nu10)*g_(2,nu15,p3)*cFT(nu14,XX,i2,iufo11)*cFT(g7,XX,
      iufo11,j11)/(d^3 + d^2 - 2*d)*flavourTag(fmu,j11,j12)*Vec(nu10,q3)*Vec(
      nu14,q3)*Vec(nu15,q3)*Den(p3 - q2 - q3)^2*Deng(p3,xiw,M3)^2*Deng(q2 + q3
      ,xiw,M3)^2*p3.p3^2*d*xiw*ufoGC58^2*ufoGC3*ufoGC4
       - 1/4*g_(1,6_,nu10)*g_(2,nu15,p3)*cFT(nu14,XX,i2,iufo11)*cFT(g7,XX,
      iufo11,j11)/(d^3 + d^2 - 2*d)*flavourTag(fmu,j11,j12)*Vec(nu10,q3)*Vec(
      nu14,q3)*Vec(nu15,q3)*Den(p3 - q2 - q3)^2*Deng(p3,xiw,M3)^2*Deng(q2 + q3
      ,xiw,M3)^2*p3.p3^2*xia*xiw*ufoGC58^2*ufoGC3*ufoGC4
       + 1/4*g_(1,6_,nu10)*g_(2,nu15,p3)*cFT(nu14,XX,i2,iufo11)*cFT(g7,XX,
      iufo11,j11)/(d^3 + d^2 - 2*d)*flavourTag(fmu,j11,j12)*Vec(nu10,q3)*Vec(
      nu14,q3)*Vec(nu15,q3)*Den(p3 - q2 - q3)^2*Deng(p3,xiw,M3)^2*Deng(q2 + q3
      ,xiw,M3)^2*p3.p3^2*xiw*ufoGC58^2*ufoGC3*ufoGC4
       - 1/4*g_(1,6_,nu10)*g_(2,nu15,p3)*cFT(nu14,XX,i2,iufo11)*cFT(g7,XX,
      iufo11,j11)/(d^3 + d^2 - 2*d)*flavourTag(fmu,j11,j12)*Vec(nu10,q3)*Vec(
      nu14,q3)*Vec(nu15,-p3)*Den(p3 - q2 - q3)^2*Deng(p3,xiw,M3)^2*Deng(q2 + 
      q3,xiw,M3)^2*p3.p3^2*d*xia*xiw*ufoGC58^2*ufoGC3*ufoGC4
       + 1/4*g_(1,6_,nu10)*g_(2,nu15,p3)*cFT(nu14,XX,i2,iufo11)*cFT(g7,XX,
      iufo11,j11)/(d^3 + d^2 - 2*d)*flavourTag(fmu,j11,j12)*Vec(nu10,q3)*Vec(
      nu14,q3)*Vec(nu15,-p3)*Den(p3 - q2 - q3)^2*Deng(p3,xiw,M3)^2*Deng(q2 + 
      q3,xiw,M3)^2*p3.p3^2*d*xiw*ufoGC58^2*ufoGC3*ufoGC4
       + 1/4*g_(1,6_,nu10)*g_(2,nu15,p3)*cFT(nu14,XX,i2,iufo11)*cFT(g7,XX,
      iufo11,j11)/(d^3 + d^2 - 2*d)*flavourTag(fmu,j11,j12)*Vec(nu10,q3)*Vec(
      nu14,q3)*Vec(nu15,-p3)*Den(p3 - q2 - q3)^2*Deng(p3,xiw,M3)^2*Deng(q2 + 
      q3,xiw,M3)^2*p3.p3^2*xia*xiw*ufoGC58^2*ufoGC3*ufoGC4
       - 1/4*g_(1,6_,nu10)*g_(2,nu15,p3)*cFT(nu14,XX,i2,iufo11)*cFT(g7,XX,
      iufo11,j11)/(d^3 + d^2 - 2*d)*flavourTag(fmu,j11,j12)*Vec(nu10,q3)*Vec(
      nu14,q3)*Vec(nu15,-p3)*Den(p3 - q2 - q3)^2*Deng(p3,xiw,M3)^2*Deng(q2 + 
      q3,xiw,M3)^2*p3.p3^2*xiw*ufoGC58^2*ufoGC3*ufoGC4
       - 1/4*g_(1,6_,nu10)*g_(2,nu15,q2)*cFT(nu13,XX,i2,iufo11)*cFT(g7,XX,
      iufo11,j11)*flavourTag(fmu,j11,j12)*Vec(nu10,q2)*Vec(nu14,q2)*Vec(nu15,
      q2)*Vecr(nu13,p3)*Vecr(nu14,p3)*Den(p3 - q2 - q3)*Deng(p3,xiw,M3)^2*
      Deng(q2 + q3,xiw,M3)^2*xiw*ufoGC58^2*ufoGC3*ufoGC4
       - 1/4*g_(1,6_,nu10)*g_(2,nu15,q2)*cFT(nu13,XX,i2,iufo11)*cFT(g7,XX,
      iufo11,j11)*flavourTag(fmu,j11,j12)*Vec(nu10,q2)*Vec(nu14,q2)*Vec(nu15,
      q3)*Vecr(nu13,p3)*Vecr(nu14,p3)*Den(p3 - q2 - q3)*Deng(p3,xiw,M3)^2*
      Deng(q2 + q3,xiw,M3)^2*xiw*ufoGC58^2*ufoGC3*ufoGC4
       + 1/4*g_(1,6_,nu10)*g_(2,nu15,q2)*cFT(nu13,XX,i2,iufo11)*cFT(g7,XX,
      iufo11,j11)*flavourTag(fmu,j11,j12)*Vec(nu10,q2)*Vec(nu14,q2)*Vec(nu15,
      -p3)*Vecr(nu13,p3)*Vecr(nu14,p3)*Den(p3 - q2 - q3)*Deng(p3,xiw,M3)^2*
      Deng(q2 + q3,xiw,M3)^2*xiw*ufoGC58^2*ufoGC3*ufoGC4
       - 1/4*g_(1,6_,nu10)*g_(2,nu15,q2)*cFT(nu13,XX,i2,iufo11)*cFT(g7,XX,
      iufo11,j11)*flavourTag(fmu,j11,j12)*Vec(nu10,q2)*Vec(nu14,q3)*Vec(nu15,
      q2)*Vecr(nu13,p3)*Vecr(nu14,p3)*Den(p3 - q2 - q3)*Deng(p3,xiw,M3)^2*
      Deng(q2 + q3,xiw,M3)^2*xiw*ufoGC58^2*ufoGC3*ufoGC4
       - 1/4*g_(1,6_,nu10)*g_(2,nu15,q2)*cFT(nu13,XX,i2,iufo11)*cFT(g7,XX,
      iufo11,j11)*flavourTag(fmu,j11,j12)*Vec(nu10,q2)*Vec(nu14,q3)*Vec(nu15,
      q3)*Vecr(nu13,p3)*Vecr(nu14,p3)*Den(p3 - q2 - q3)*Deng(p3,xiw,M3)^2*
      Deng(q2 + q3,xiw,M3)^2*xiw*ufoGC58^2*ufoGC3*ufoGC4
       + 1/4*g_(1,6_,nu10)*g_(2,nu15,q2)*cFT(nu13,XX,i2,iufo11)*cFT(g7,XX,
      iufo11,j11)*flavourTag(fmu,j11,j12)*Vec(nu10,q2)*Vec(nu14,q3)*Vec(nu15,
      -p3)*Vecr(nu13,p3)*Vecr(nu14,p3)*Den(p3 - q2 - q3)*Deng(p3,xiw,M3)^2*
      Deng(q2 + q3,xiw,M3)^2*xiw*ufoGC58^2*ufoGC3*ufoGC4
       - 1/4*g_(1,6_,nu10)*g_(2,nu15,q2)*cFT(nu13,XX,i2,iufo11)*cFT(g7,XX,
      iufo11,j11)*flavourTag(fmu,j11,j12)*Vec(nu10,q3)*Vec(nu14,q2)*Vec(nu15,
      q2)*Vecr(nu13,p3)*Vecr(nu14,p3)*Den(p3 - q2 - q3)*Deng(p3,xiw,M3)^2*
      Deng(q2 + q3,xiw,M3)^2*xiw*ufoGC58^2*ufoGC3*ufoGC4
       - 1/4*g_(1,6_,nu10)*g_(2,nu15,q2)*cFT(nu13,XX,i2,iufo11)*cFT(g7,XX,
      iufo11,j11)*flavourTag(fmu,j11,j12)*Vec(nu10,q3)*Vec(nu14,q2)*Vec(nu15,
      q3)*Vecr(nu13,p3)*Vecr(nu14,p3)*Den(p3 - q2 - q3)*Deng(p3,xiw,M3)^2*
      Deng(q2 + q3,xiw,M3)^2*xiw*ufoGC58^2*ufoGC3*ufoGC4
       + 1/4*g_(1,6_,nu10)*g_(2,nu15,q2)*cFT(nu13,XX,i2,iufo11)*cFT(g7,XX,
      iufo11,j11)*flavourTag(fmu,j11,j12)*Vec(nu10,q3)*Vec(nu14,q2)*Vec(nu15,
      -p3)*Vecr(nu13,p3)*Vecr(nu14,p3)*Den(p3 - q2 - q3)*Deng(p3,xiw,M3)^2*
      Deng(q2 + q3,xiw,M3)^2*xiw*ufoGC58^2*ufoGC3*ufoGC4
       - 1/4*g_(1,6_,nu10)*g_(2,nu15,q2)*cFT(nu13,XX,i2,iufo11)*cFT(g7,XX,
      iufo11,j11)*flavourTag(fmu,j11,j12)*Vec(nu10,q3)*Vec(nu14,q3)*Vec(nu15,
      q2)*Vecr(nu13,p3)*Vecr(nu14,p3)*Den(p3 - q2 - q3)*Deng(p3,xiw,M3)^2*
      Deng(q2 + q3,xiw,M3)^2*xiw*ufoGC58^2*ufoGC3*ufoGC4
       - 1/4*g_(1,6_,nu10)*g_(2,nu15,q2)*cFT(nu13,XX,i2,iufo11)*cFT(g7,XX,
      iufo11,j11)*flavourTag(fmu,j11,j12)*Vec(nu10,q3)*Vec(nu14,q3)*Vec(nu15,
      q3)*Vecr(nu13,p3)*Vecr(nu14,p3)*Den(p3 - q2 - q3)*Deng(p3,xiw,M3)^2*
      Deng(q2 + q3,xiw,M3)^2*xiw*ufoGC58^2*ufoGC3*ufoGC4
       + 1/4*g_(1,6_,nu10)*g_(2,nu15,q2)*cFT(nu13,XX,i2,iufo11)*cFT(g7,XX,
      iufo11,j11)*flavourTag(fmu,j11,j12)*Vec(nu10,q3)*Vec(nu14,q3)*Vec(nu15,
      -p3)*Vecr(nu13,p3)*Vecr(nu14,p3)*Den(p3 - q2 - q3)*Deng(p3,xiw,M3)^2*
      Deng(q2 + q3,xiw,M3)^2*xiw*ufoGC58^2*ufoGC3*ufoGC4
       - 1/4*g_(1,6_,nu10)*g_(2,nu15,q2)*cFT(nu14,XX,i2,iufo11)*cFT(g7,XX,
      iufo11,j11)/(d^3 + d^2 - 2*d)*flavourTag(fmu,j11,j12)*Vec(nu10,q2)*Vec(
      nu14,q2)*Vec(nu15,q2)*Den(p3 - q2 - q3)^2*Deng(p3,xiw,M3)^2*Deng(q2 + q3
      ,xiw,M3)^2*p3.p3^2*d*xia*xiw*ufoGC58^2*ufoGC3*ufoGC4
       + 1/4*g_(1,6_,nu10)*g_(2,nu15,q2)*cFT(nu14,XX,i2,iufo11)*cFT(g7,XX,
      iufo11,j11)/(d^3 + d^2 - 2*d)*flavourTag(fmu,j11,j12)*Vec(nu10,q2)*Vec(
      nu14,q2)*Vec(nu15,q2)*Den(p3 - q2 - q3)^2*Deng(p3,xiw,M3)^2*Deng(q2 + q3
      ,xiw,M3)^2*p3.p3^2*d*xiw*ufoGC58^2*ufoGC3*ufoGC4
       + 1/4*g_(1,6_,nu10)*g_(2,nu15,q2)*cFT(nu14,XX,i2,iufo11)*cFT(g7,XX,
      iufo11,j11)/(d^3 + d^2 - 2*d)*flavourTag(fmu,j11,j12)*Vec(nu10,q2)*Vec(
      nu14,q2)*Vec(nu15,q2)*Den(p3 - q2 - q3)^2*Deng(p3,xiw,M3)^2*Deng(q2 + q3
      ,xiw,M3)^2*p3.p3^2*xia*xiw*ufoGC58^2*ufoGC3*ufoGC4
       - 1/4*g_(1,6_,nu10)*g_(2,nu15,q2)*cFT(nu14,XX,i2,iufo11)*cFT(g7,XX,
      iufo11,j11)/(d^3 + d^2 - 2*d)*flavourTag(fmu,j11,j12)*Vec(nu10,q2)*Vec(
      nu14,q2)*Vec(nu15,q2)*Den(p3 - q2 - q3)^2*Deng(p3,xiw,M3)^2*Deng(q2 + q3
      ,xiw,M3)^2*p3.p3^2*xiw*ufoGC58^2*ufoGC3*ufoGC4
       - 1/4*g_(1,6_,nu10)*g_(2,nu15,q2)*cFT(nu14,XX,i2,iufo11)*cFT(g7,XX,
      iufo11,j11)/(d^3 + d^2 - 2*d)*flavourTag(fmu,j11,j12)*Vec(nu10,q2)*Vec(
      nu14,q2)*Vec(nu15,q3)*Den(p3 - q2 - q3)^2*Deng(p3,xiw,M3)^2*Deng(q2 + q3
      ,xiw,M3)^2*p3.p3^2*d*xia*xiw*ufoGC58^2*ufoGC3*ufoGC4
       + 1/4*g_(1,6_,nu10)*g_(2,nu15,q2)*cFT(nu14,XX,i2,iufo11)*cFT(g7,XX,
      iufo11,j11)/(d^3 + d^2 - 2*d)*flavourTag(fmu,j11,j12)*Vec(nu10,q2)*Vec(
      nu14,q2)*Vec(nu15,q3)*Den(p3 - q2 - q3)^2*Deng(p3,xiw,M3)^2*Deng(q2 + q3
      ,xiw,M3)^2*p3.p3^2*d*xiw*ufoGC58^2*ufoGC3*ufoGC4
       + 1/4*g_(1,6_,nu10)*g_(2,nu15,q2)*cFT(nu14,XX,i2,iufo11)*cFT(g7,XX,
      iufo11,j11)/(d^3 + d^2 - 2*d)*flavourTag(fmu,j11,j12)*Vec(nu10,q2)*Vec(
      nu14,q2)*Vec(nu15,q3)*Den(p3 - q2 - q3)^2*Deng(p3,xiw,M3)^2*Deng(q2 + q3
      ,xiw,M3)^2*p3.p3^2*xia*xiw*ufoGC58^2*ufoGC3*ufoGC4
       - 1/4*g_(1,6_,nu10)*g_(2,nu15,q2)*cFT(nu14,XX,i2,iufo11)*cFT(g7,XX,
      iufo11,j11)/(d^3 + d^2 - 2*d)*flavourTag(fmu,j11,j12)*Vec(nu10,q2)*Vec(
      nu14,q2)*Vec(nu15,q3)*Den(p3 - q2 - q3)^2*Deng(p3,xiw,M3)^2*Deng(q2 + q3
      ,xiw,M3)^2*p3.p3^2*xiw*ufoGC58^2*ufoGC3*ufoGC4
       + 1/4*g_(1,6_,nu10)*g_(2,nu15,q2)*cFT(nu14,XX,i2,iufo11)*cFT(g7,XX,
      iufo11,j11)/(d^3 + d^2 - 2*d)*flavourTag(fmu,j11,j12)*Vec(nu10,q2)*Vec(
      nu14,q2)*Vec(nu15,-p3)*Den(p3 - q2 - q3)^2*Deng(p3,xiw,M3)^2*Deng(q2 + 
      q3,xiw,M3)^2*p3.p3^2*d*xia*xiw*ufoGC58^2*ufoGC3*ufoGC4
       - 1/4*g_(1,6_,nu10)*g_(2,nu15,q2)*cFT(nu14,XX,i2,iufo11)*cFT(g7,XX,
      iufo11,j11)/(d^3 + d^2 - 2*d)*flavourTag(fmu,j11,j12)*Vec(nu10,q2)*Vec(
      nu14,q2)*Vec(nu15,-p3)*Den(p3 - q2 - q3)^2*Deng(p3,xiw,M3)^2*Deng(q2 + 
      q3,xiw,M3)^2*p3.p3^2*d*xiw*ufoGC58^2*ufoGC3*ufoGC4
       - 1/4*g_(1,6_,nu10)*g_(2,nu15,q2)*cFT(nu14,XX,i2,iufo11)*cFT(g7,XX,
      iufo11,j11)/(d^3 + d^2 - 2*d)*flavourTag(fmu,j11,j12)*Vec(nu10,q2)*Vec(
      nu14,q2)*Vec(nu15,-p3)*Den(p3 - q2 - q3)^2*Deng(p3,xiw,M3)^2*Deng(q2 + 
      q3,xiw,M3)^2*p3.p3^2*xia*xiw*ufoGC58^2*ufoGC3*ufoGC4
       + 1/4*g_(1,6_,nu10)*g_(2,nu15,q2)*cFT(nu14,XX,i2,iufo11)*cFT(g7,XX,
      iufo11,j11)/(d^3 + d^2 - 2*d)*flavourTag(fmu,j11,j12)*Vec(nu10,q2)*Vec(
      nu14,q2)*Vec(nu15,-p3)*Den(p3 - q2 - q3)^2*Deng(p3,xiw,M3)^2*Deng(q2 + 
      q3,xiw,M3)^2*p3.p3^2*xiw*ufoGC58^2*ufoGC3*ufoGC4
       - 1/4*g_(1,6_,nu10)*g_(2,nu15,q2)*cFT(nu14,XX,i2,iufo11)*cFT(g7,XX,
      iufo11,j11)/(d^3 + d^2 - 2*d)*flavourTag(fmu,j11,j12)*Vec(nu10,q2)*Vec(
      nu14,q3)*Vec(nu15,q2)*Den(p3 - q2 - q3)^2*Deng(p3,xiw,M3)^2*Deng(q2 + q3
      ,xiw,M3)^2*p3.p3^2*d*xia*xiw*ufoGC58^2*ufoGC3*ufoGC4
       + 1/4*g_(1,6_,nu10)*g_(2,nu15,q2)*cFT(nu14,XX,i2,iufo11)*cFT(g7,XX,
      iufo11,j11)/(d^3 + d^2 - 2*d)*flavourTag(fmu,j11,j12)*Vec(nu10,q2)*Vec(
      nu14,q3)*Vec(nu15,q2)*Den(p3 - q2 - q3)^2*Deng(p3,xiw,M3)^2*Deng(q2 + q3
      ,xiw,M3)^2*p3.p3^2*d*xiw*ufoGC58^2*ufoGC3*ufoGC4
       + 1/4*g_(1,6_,nu10)*g_(2,nu15,q2)*cFT(nu14,XX,i2,iufo11)*cFT(g7,XX,
      iufo11,j11)/(d^3 + d^2 - 2*d)*flavourTag(fmu,j11,j12)*Vec(nu10,q2)*Vec(
      nu14,q3)*Vec(nu15,q2)*Den(p3 - q2 - q3)^2*Deng(p3,xiw,M3)^2*Deng(q2 + q3
      ,xiw,M3)^2*p3.p3^2*xia*xiw*ufoGC58^2*ufoGC3*ufoGC4
       - 1/4*g_(1,6_,nu10)*g_(2,nu15,q2)*cFT(nu14,XX,i2,iufo11)*cFT(g7,XX,
      iufo11,j11)/(d^3 + d^2 - 2*d)*flavourTag(fmu,j11,j12)*Vec(nu10,q2)*Vec(
      nu14,q3)*Vec(nu15,q2)*Den(p3 - q2 - q3)^2*Deng(p3,xiw,M3)^2*Deng(q2 + q3
      ,xiw,M3)^2*p3.p3^2*xiw*ufoGC58^2*ufoGC3*ufoGC4
       - 1/4*g_(1,6_,nu10)*g_(2,nu15,q2)*cFT(nu14,XX,i2,iufo11)*cFT(g7,XX,
      iufo11,j11)/(d^3 + d^2 - 2*d)*flavourTag(fmu,j11,j12)*Vec(nu10,q2)*Vec(
      nu14,q3)*Vec(nu15,q3)*Den(p3 - q2 - q3)^2*Deng(p3,xiw,M3)^2*Deng(q2 + q3
      ,xiw,M3)^2*p3.p3^2*d*xia*xiw*ufoGC58^2*ufoGC3*ufoGC4
       + 1/4*g_(1,6_,nu10)*g_(2,nu15,q2)*cFT(nu14,XX,i2,iufo11)*cFT(g7,XX,
      iufo11,j11)/(d^3 + d^2 - 2*d)*flavourTag(fmu,j11,j12)*Vec(nu10,q2)*Vec(
      nu14,q3)*Vec(nu15,q3)*Den(p3 - q2 - q3)^2*Deng(p3,xiw,M3)^2*Deng(q2 + q3
      ,xiw,M3)^2*p3.p3^2*d*xiw*ufoGC58^2*ufoGC3*ufoGC4
       + 1/4*g_(1,6_,nu10)*g_(2,nu15,q2)*cFT(nu14,XX,i2,iufo11)*cFT(g7,XX,
      iufo11,j11)/(d^3 + d^2 - 2*d)*flavourTag(fmu,j11,j12)*Vec(nu10,q2)*Vec(
      nu14,q3)*Vec(nu15,q3)*Den(p3 - q2 - q3)^2*Deng(p3,xiw,M3)^2*Deng(q2 + q3
      ,xiw,M3)^2*p3.p3^2*xia*xiw*ufoGC58^2*ufoGC3*ufoGC4
       - 1/4*g_(1,6_,nu10)*g_(2,nu15,q2)*cFT(nu14,XX,i2,iufo11)*cFT(g7,XX,
      iufo11,j11)/(d^3 + d^2 - 2*d)*flavourTag(fmu,j11,j12)*Vec(nu10,q2)*Vec(
      nu14,q3)*Vec(nu15,q3)*Den(p3 - q2 - q3)^2*Deng(p3,xiw,M3)^2*Deng(q2 + q3
      ,xiw,M3)^2*p3.p3^2*xiw*ufoGC58^2*ufoGC3*ufoGC4
       + 1/4*g_(1,6_,nu10)*g_(2,nu15,q2)*cFT(nu14,XX,i2,iufo11)*cFT(g7,XX,
      iufo11,j11)/(d^3 + d^2 - 2*d)*flavourTag(fmu,j11,j12)*Vec(nu10,q2)*Vec(
      nu14,q3)*Vec(nu15,-p3)*Den(p3 - q2 - q3)^2*Deng(p3,xiw,M3)^2*Deng(q2 + 
      q3,xiw,M3)^2*p3.p3^2*d*xia*xiw*ufoGC58^2*ufoGC3*ufoGC4
       - 1/4*g_(1,6_,nu10)*g_(2,nu15,q2)*cFT(nu14,XX,i2,iufo11)*cFT(g7,XX,
      iufo11,j11)/(d^3 + d^2 - 2*d)*flavourTag(fmu,j11,j12)*Vec(nu10,q2)*Vec(
      nu14,q3)*Vec(nu15,-p3)*Den(p3 - q2 - q3)^2*Deng(p3,xiw,M3)^2*Deng(q2 + 
      q3,xiw,M3)^2*p3.p3^2*d*xiw*ufoGC58^2*ufoGC3*ufoGC4
       - 1/4*g_(1,6_,nu10)*g_(2,nu15,q2)*cFT(nu14,XX,i2,iufo11)*cFT(g7,XX,
      iufo11,j11)/(d^3 + d^2 - 2*d)*flavourTag(fmu,j11,j12)*Vec(nu10,q2)*Vec(
      nu14,q3)*Vec(nu15,-p3)*Den(p3 - q2 - q3)^2*Deng(p3,xiw,M3)^2*Deng(q2 + 
      q3,xiw,M3)^2*p3.p3^2*xia*xiw*ufoGC58^2*ufoGC3*ufoGC4
       + 1/4*g_(1,6_,nu10)*g_(2,nu15,q2)*cFT(nu14,XX,i2,iufo11)*cFT(g7,XX,
      iufo11,j11)/(d^3 + d^2 - 2*d)*flavourTag(fmu,j11,j12)*Vec(nu10,q2)*Vec(
      nu14,q3)*Vec(nu15,-p3)*Den(p3 - q2 - q3)^2*Deng(p3,xiw,M3)^2*Deng(q2 + 
      q3,xiw,M3)^2*p3.p3^2*xiw*ufoGC58^2*ufoGC3*ufoGC4
       - 1/4*g_(1,6_,nu10)*g_(2,nu15,q2)*cFT(nu14,XX,i2,iufo11)*cFT(g7,XX,
      iufo11,j11)/(d^3 + d^2 - 2*d)*flavourTag(fmu,j11,j12)*Vec(nu10,q3)*Vec(
      nu14,q2)*Vec(nu15,q2)*Den(p3 - q2 - q3)^2*Deng(p3,xiw,M3)^2*Deng(q2 + q3
      ,xiw,M3)^2*p3.p3^2*d*xia*xiw*ufoGC58^2*ufoGC3*ufoGC4
       + 1/4*g_(1,6_,nu10)*g_(2,nu15,q2)*cFT(nu14,XX,i2,iufo11)*cFT(g7,XX,
      iufo11,j11)/(d^3 + d^2 - 2*d)*flavourTag(fmu,j11,j12)*Vec(nu10,q3)*Vec(
      nu14,q2)*Vec(nu15,q2)*Den(p3 - q2 - q3)^2*Deng(p3,xiw,M3)^2*Deng(q2 + q3
      ,xiw,M3)^2*p3.p3^2*d*xiw*ufoGC58^2*ufoGC3*ufoGC4
       + 1/4*g_(1,6_,nu10)*g_(2,nu15,q2)*cFT(nu14,XX,i2,iufo11)*cFT(g7,XX,
      iufo11,j11)/(d^3 + d^2 - 2*d)*flavourTag(fmu,j11,j12)*Vec(nu10,q3)*Vec(
      nu14,q2)*Vec(nu15,q2)*Den(p3 - q2 - q3)^2*Deng(p3,xiw,M3)^2*Deng(q2 + q3
      ,xiw,M3)^2*p3.p3^2*xia*xiw*ufoGC58^2*ufoGC3*ufoGC4
       - 1/4*g_(1,6_,nu10)*g_(2,nu15,q2)*cFT(nu14,XX,i2,iufo11)*cFT(g7,XX,
      iufo11,j11)/(d^3 + d^2 - 2*d)*flavourTag(fmu,j11,j12)*Vec(nu10,q3)*Vec(
      nu14,q2)*Vec(nu15,q2)*Den(p3 - q2 - q3)^2*Deng(p3,xiw,M3)^2*Deng(q2 + q3
      ,xiw,M3)^2*p3.p3^2*xiw*ufoGC58^2*ufoGC3*ufoGC4
       - 1/4*g_(1,6_,nu10)*g_(2,nu15,q2)*cFT(nu14,XX,i2,iufo11)*cFT(g7,XX,
      iufo11,j11)/(d^3 + d^2 - 2*d)*flavourTag(fmu,j11,j12)*Vec(nu10,q3)*Vec(
      nu14,q2)*Vec(nu15,q3)*Den(p3 - q2 - q3)^2*Deng(p3,xiw,M3)^2*Deng(q2 + q3
      ,xiw,M3)^2*p3.p3^2*d*xia*xiw*ufoGC58^2*ufoGC3*ufoGC4
       + 1/4*g_(1,6_,nu10)*g_(2,nu15,q2)*cFT(nu14,XX,i2,iufo11)*cFT(g7,XX,
      iufo11,j11)/(d^3 + d^2 - 2*d)*flavourTag(fmu,j11,j12)*Vec(nu10,q3)*Vec(
      nu14,q2)*Vec(nu15,q3)*Den(p3 - q2 - q3)^2*Deng(p3,xiw,M3)^2*Deng(q2 + q3
      ,xiw,M3)^2*p3.p3^2*d*xiw*ufoGC58^2*ufoGC3*ufoGC4
       + 1/4*g_(1,6_,nu10)*g_(2,nu15,q2)*cFT(nu14,XX,i2,iufo11)*cFT(g7,XX,
      iufo11,j11)/(d^3 + d^2 - 2*d)*flavourTag(fmu,j11,j12)*Vec(nu10,q3)*Vec(
      nu14,q2)*Vec(nu15,q3)*Den(p3 - q2 - q3)^2*Deng(p3,xiw,M3)^2*Deng(q2 + q3
      ,xiw,M3)^2*p3.p3^2*xia*xiw*ufoGC58^2*ufoGC3*ufoGC4
       - 1/4*g_(1,6_,nu10)*g_(2,nu15,q2)*cFT(nu14,XX,i2,iufo11)*cFT(g7,XX,
      iufo11,j11)/(d^3 + d^2 - 2*d)*flavourTag(fmu,j11,j12)*Vec(nu10,q3)*Vec(
      nu14,q2)*Vec(nu15,q3)*Den(p3 - q2 - q3)^2*Deng(p3,xiw,M3)^2*Deng(q2 + q3
      ,xiw,M3)^2*p3.p3^2*xiw*ufoGC58^2*ufoGC3*ufoGC4
       + 1/4*g_(1,6_,nu10)*g_(2,nu15,q2)*cFT(nu14,XX,i2,iufo11)*cFT(g7,XX,
      iufo11,j11)/(d^3 + d^2 - 2*d)*flavourTag(fmu,j11,j12)*Vec(nu10,q3)*Vec(
      nu14,q2)*Vec(nu15,-p3)*Den(p3 - q2 - q3)^2*Deng(p3,xiw,M3)^2*Deng(q2 + 
      q3,xiw,M3)^2*p3.p3^2*d*xia*xiw*ufoGC58^2*ufoGC3*ufoGC4
       - 1/4*g_(1,6_,nu10)*g_(2,nu15,q2)*cFT(nu14,XX,i2,iufo11)*cFT(g7,XX,
      iufo11,j11)/(d^3 + d^2 - 2*d)*flavourTag(fmu,j11,j12)*Vec(nu10,q3)*Vec(
      nu14,q2)*Vec(nu15,-p3)*Den(p3 - q2 - q3)^2*Deng(p3,xiw,M3)^2*Deng(q2 + 
      q3,xiw,M3)^2*p3.p3^2*d*xiw*ufoGC58^2*ufoGC3*ufoGC4
       - 1/4*g_(1,6_,nu10)*g_(2,nu15,q2)*cFT(nu14,XX,i2,iufo11)*cFT(g7,XX,
      iufo11,j11)/(d^3 + d^2 - 2*d)*flavourTag(fmu,j11,j12)*Vec(nu10,q3)*Vec(
      nu14,q2)*Vec(nu15,-p3)*Den(p3 - q2 - q3)^2*Deng(p3,xiw,M3)^2*Deng(q2 + 
      q3,xiw,M3)^2*p3.p3^2*xia*xiw*ufoGC58^2*ufoGC3*ufoGC4
       + 1/4*g_(1,6_,nu10)*g_(2,nu15,q2)*cFT(nu14,XX,i2,iufo11)*cFT(g7,XX,
      iufo11,j11)/(d^3 + d^2 - 2*d)*flavourTag(fmu,j11,j12)*Vec(nu10,q3)*Vec(
      nu14,q2)*Vec(nu15,-p3)*Den(p3 - q2 - q3)^2*Deng(p3,xiw,M3)^2*Deng(q2 + 
      q3,xiw,M3)^2*p3.p3^2*xiw*ufoGC58^2*ufoGC3*ufoGC4
       - 1/4*g_(1,6_,nu10)*g_(2,nu15,q2)*cFT(nu14,XX,i2,iufo11)*cFT(g7,XX,
      iufo11,j11)/(d^3 + d^2 - 2*d)*flavourTag(fmu,j11,j12)*Vec(nu10,q3)*Vec(
      nu14,q3)*Vec(nu15,q2)*Den(p3 - q2 - q3)^2*Deng(p3,xiw,M3)^2*Deng(q2 + q3
      ,xiw,M3)^2*p3.p3^2*d*xia*xiw*ufoGC58^2*ufoGC3*ufoGC4
       + 1/4*g_(1,6_,nu10)*g_(2,nu15,q2)*cFT(nu14,XX,i2,iufo11)*cFT(g7,XX,
      iufo11,j11)/(d^3 + d^2 - 2*d)*flavourTag(fmu,j11,j12)*Vec(nu10,q3)*Vec(
      nu14,q3)*Vec(nu15,q2)*Den(p3 - q2 - q3)^2*Deng(p3,xiw,M3)^2*Deng(q2 + q3
      ,xiw,M3)^2*p3.p3^2*d*xiw*ufoGC58^2*ufoGC3*ufoGC4
       + 1/4*g_(1,6_,nu10)*g_(2,nu15,q2)*cFT(nu14,XX,i2,iufo11)*cFT(g7,XX,
      iufo11,j11)/(d^3 + d^2 - 2*d)*flavourTag(fmu,j11,j12)*Vec(nu10,q3)*Vec(
      nu14,q3)*Vec(nu15,q2)*Den(p3 - q2 - q3)^2*Deng(p3,xiw,M3)^2*Deng(q2 + q3
      ,xiw,M3)^2*p3.p3^2*xia*xiw*ufoGC58^2*ufoGC3*ufoGC4
       - 1/4*g_(1,6_,nu10)*g_(2,nu15,q2)*cFT(nu14,XX,i2,iufo11)*cFT(g7,XX,
      iufo11,j11)/(d^3 + d^2 - 2*d)*flavourTag(fmu,j11,j12)*Vec(nu10,q3)*Vec(
      nu14,q3)*Vec(nu15,q2)*Den(p3 - q2 - q3)^2*Deng(p3,xiw,M3)^2*Deng(q2 + q3
      ,xiw,M3)^2*p3.p3^2*xiw*ufoGC58^2*ufoGC3*ufoGC4
       - 1/4*g_(1,6_,nu10)*g_(2,nu15,q2)*cFT(nu14,XX,i2,iufo11)*cFT(g7,XX,
      iufo11,j11)/(d^3 + d^2 - 2*d)*flavourTag(fmu,j11,j12)*Vec(nu10,q3)*Vec(
      nu14,q3)*Vec(nu15,q3)*Den(p3 - q2 - q3)^2*Deng(p3,xiw,M3)^2*Deng(q2 + q3
      ,xiw,M3)^2*p3.p3^2*d*xia*xiw*ufoGC58^2*ufoGC3*ufoGC4
       + 1/4*g_(1,6_,nu10)*g_(2,nu15,q2)*cFT(nu14,XX,i2,iufo11)*cFT(g7,XX,
      iufo11,j11)/(d^3 + d^2 - 2*d)*flavourTag(fmu,j11,j12)*Vec(nu10,q3)*Vec(
      nu14,q3)*Vec(nu15,q3)*Den(p3 - q2 - q3)^2*Deng(p3,xiw,M3)^2*Deng(q2 + q3
      ,xiw,M3)^2*p3.p3^2*d*xiw*ufoGC58^2*ufoGC3*ufoGC4
       + 1/4*g_(1,6_,nu10)*g_(2,nu15,q2)*cFT(nu14,XX,i2,iufo11)*cFT(g7,XX,
      iufo11,j11)/(d^3 + d^2 - 2*d)*flavourTag(fmu,j11,j12)*Vec(nu10,q3)*Vec(
      nu14,q3)*Vec(nu15,q3)*Den(p3 - q2 - q3)^2*Deng(p3,xiw,M3)^2*Deng(q2 + q3
      ,xiw,M3)^2*p3.p3^2*xia*xiw*ufoGC58^2*ufoGC3*ufoGC4
       - 1/4*g_(1,6_,nu10)*g_(2,nu15,q2)*cFT(nu14,XX,i2,iufo11)*cFT(g7,XX,
      iufo11,j11)/(d^3 + d^2 - 2*d)*flavourTag(fmu,j11,j12)*Vec(nu10,q3)*Vec(
      nu14,q3)*Vec(nu15,q3)*Den(p3 - q2 - q3)^2*Deng(p3,xiw,M3)^2*Deng(q2 + q3
      ,xiw,M3)^2*p3.p3^2*xiw*ufoGC58^2*ufoGC3*ufoGC4
       + 1/4*g_(1,6_,nu10)*g_(2,nu15,q2)*cFT(nu14,XX,i2,iufo11)*cFT(g7,XX,
      iufo11,j11)/(d^3 + d^2 - 2*d)*flavourTag(fmu,j11,j12)*Vec(nu10,q3)*Vec(
      nu14,q3)*Vec(nu15,-p3)*Den(p3 - q2 - q3)^2*Deng(p3,xiw,M3)^2*Deng(q2 + 
      q3,xiw,M3)^2*p3.p3^2*d*xia*xiw*ufoGC58^2*ufoGC3*ufoGC4
       - 1/4*g_(1,6_,nu10)*g_(2,nu15,q2)*cFT(nu14,XX,i2,iufo11)*cFT(g7,XX,
      iufo11,j11)/(d^3 + d^2 - 2*d)*flavourTag(fmu,j11,j12)*Vec(nu10,q3)*Vec(
      nu14,q3)*Vec(nu15,-p3)*Den(p3 - q2 - q3)^2*Deng(p3,xiw,M3)^2*Deng(q2 + 
      q3,xiw,M3)^2*p3.p3^2*d*xiw*ufoGC58^2*ufoGC3*ufoGC4
       - 1/4*g_(1,6_,nu10)*g_(2,nu15,q2)*cFT(nu14,XX,i2,iufo11)*cFT(g7,XX,
      iufo11,j11)/(d^3 + d^2 - 2*d)*flavourTag(fmu,j11,j12)*Vec(nu10,q3)*Vec(
      nu14,q3)*Vec(nu15,-p3)*Den(p3 - q2 - q3)^2*Deng(p3,xiw,M3)^2*Deng(q2 + 
      q3,xiw,M3)^2*p3.p3^2*xia*xiw*ufoGC58^2*ufoGC3*ufoGC4
       + 1/4*g_(1,6_,nu10)*g_(2,nu15,q2)*cFT(nu14,XX,i2,iufo11)*cFT(g7,XX,
      iufo11,j11)/(d^3 + d^2 - 2*d)*flavourTag(fmu,j11,j12)*Vec(nu10,q3)*Vec(
      nu14,q3)*Vec(nu15,-p3)*Den(p3 - q2 - q3)^2*Deng(p3,xiw,M3)^2*Deng(q2 + 
      q3,xiw,M3)^2*p3.p3^2*xiw*ufoGC58^2*ufoGC3*ufoGC4
       - 1/4*g_(1,6_,nu9)*g_(2,nu16,p3)*cFT(nu13,XX,i2,iufo11)*cFT(g7,XX,
      iufo11,j11)*flavourTag(fmu,j11,j12)*Vec(nu16,-q2)*Vec(nu9,-p3)*Vec(nu14,
      -q2)*Vecr(nu13,p3)*Vecr(nu14,p3)*Den(p3 - q2 - q3)^2*Deng(p3,xiw,M3)^2*
      Deng(q2 + q3,xiw,M3)*xia*xiw*ufoGC58^2*ufoGC3*ufoGC4
       + 1/4*g_(1,6_,nu9)*g_(2,nu16,p3)*cFT(nu13,XX,i2,iufo11)*cFT(g7,XX,
      iufo11,j11)*flavourTag(fmu,j11,j12)*Vec(nu16,-q2)*Vec(nu9,-p3)*Vec(nu14,
      -q2)*Vecr(nu13,p3)*Vecr(nu14,p3)*Den(p3 - q2 - q3)^2*Deng(p3,xiw,M3)^2*
      Deng(q2 + q3,xiw,M3)*xiw*ufoGC58^2*ufoGC3*ufoGC4
       - 1/4*g_(1,6_,nu9)*g_(2,nu16,p3)*cFT(nu13,XX,i2,iufo11)*cFT(g7,XX,
      iufo11,j11)*flavourTag(fmu,j11,j12)*Vec(nu16,-q2)*Vec(nu9,-p3)*Vec(nu14,
      -q3)*Vecr(nu13,p3)*Vecr(nu14,p3)*Den(p3 - q2 - q3)^2*Deng(p3,xiw,M3)^2*
      Deng(q2 + q3,xiw,M3)*xia*xiw*ufoGC58^2*ufoGC3*ufoGC4
       + 1/4*g_(1,6_,nu9)*g_(2,nu16,p3)*cFT(nu13,XX,i2,iufo11)*cFT(g7,XX,
      iufo11,j11)*flavourTag(fmu,j11,j12)*Vec(nu16,-q2)*Vec(nu9,-p3)*Vec(nu14,
      -q3)*Vecr(nu13,p3)*Vecr(nu14,p3)*Den(p3 - q2 - q3)^2*Deng(p3,xiw,M3)^2*
      Deng(q2 + q3,xiw,M3)*xiw*ufoGC58^2*ufoGC3*ufoGC4
       - 1/4*g_(1,6_,nu9)*g_(2,nu16,p3)*cFT(nu13,XX,i2,iufo11)*cFT(g7,XX,
      iufo11,j11)*flavourTag(fmu,j11,j12)*Vec(nu16,-q2)*Vec(nu9,-p3)*Vecr(nu13
      ,p3)*Den(p3 - q2 - q3)^2*Deng(p3,xiw,M3)^2*Deng(q2 + q3,xiw,M3)*p3.p3*
      xia*xiw*ufoGC58^2*ufoGC3*ufoGC4
       + 1/4*g_(1,6_,nu9)*g_(2,nu16,p3)*cFT(nu13,XX,i2,iufo11)*cFT(g7,XX,
      iufo11,j11)*flavourTag(fmu,j11,j12)*Vec(nu16,-q2)*Vec(nu9,-p3)*Vecr(nu13
      ,p3)*Den(p3 - q2 - q3)^2*Deng(p3,xiw,M3)^2*Deng(q2 + q3,xiw,M3)*p3.p3*
      xiw*ufoGC58^2*ufoGC3*ufoGC4
       + 1/4*g_(1,6_,nu9)*g_(2,nu16,p3)*cFT(nu13,XX,i2,iufo11)*cFT(g7,XX,
      iufo11,j11)*flavourTag(fmu,j11,j12)*Vec(nu16,-q2)*Vec(nu9,-q2)*Vec(nu14,
      q2)*Vecr(nu13,p3)*Vecr(nu14,p3)*Den(p3 - q2 - q3)^2*Deng(p3,xiw,M3)^2*
      Deng(q2 + q3,xiw,M3)*xia*xiw*ufoGC58^2*ufoGC3*ufoGC4
       - 1/4*g_(1,6_,nu9)*g_(2,nu16,p3)*cFT(nu13,XX,i2,iufo11)*cFT(g7,XX,
      iufo11,j11)*flavourTag(fmu,j11,j12)*Vec(nu16,-q2)*Vec(nu9,-q2)*Vec(nu14,
      q2)*Vecr(nu13,p3)*Vecr(nu14,p3)*Den(p3 - q2 - q3)^2*Deng(p3,xiw,M3)^2*
      Deng(q2 + q3,xiw,M3)*xiw*ufoGC58^2*ufoGC3*ufoGC4
       + 1/4*g_(1,6_,nu9)*g_(2,nu16,p3)*cFT(nu13,XX,i2,iufo11)*cFT(g7,XX,
      iufo11,j11)*flavourTag(fmu,j11,j12)*Vec(nu16,-q2)*Vec(nu9,-q2)*Vec(nu14,
      q3)*Vecr(nu13,p3)*Vecr(nu14,p3)*Den(p3 - q2 - q3)^2*Deng(p3,xiw,M3)^2*
      Deng(q2 + q3,xiw,M3)*xia*xiw*ufoGC58^2*ufoGC3*ufoGC4
       - 1/4*g_(1,6_,nu9)*g_(2,nu16,p3)*cFT(nu13,XX,i2,iufo11)*cFT(g7,XX,
      iufo11,j11)*flavourTag(fmu,j11,j12)*Vec(nu16,-q2)*Vec(nu9,-q2)*Vec(nu14,
      q3)*Vecr(nu13,p3)*Vecr(nu14,p3)*Den(p3 - q2 - q3)^2*Deng(p3,xiw,M3)^2*
      Deng(q2 + q3,xiw,M3)*xiw*ufoGC58^2*ufoGC3*ufoGC4
       + 1/4*g_(1,6_,nu9)*g_(2,nu16,p3)*cFT(nu13,XX,i2,iufo11)*cFT(g7,XX,
      iufo11,j11)*flavourTag(fmu,j11,j12)*Vec(nu16,-q2)*Vec(nu9,-q3)*Vec(nu14,
      q2)*Vecr(nu13,p3)*Vecr(nu14,p3)*Den(p3 - q2 - q3)^2*Deng(p3,xiw,M3)^2*
      Deng(q2 + q3,xiw,M3)*xia*xiw*ufoGC58^2*ufoGC3*ufoGC4
       - 1/4*g_(1,6_,nu9)*g_(2,nu16,p3)*cFT(nu13,XX,i2,iufo11)*cFT(g7,XX,
      iufo11,j11)*flavourTag(fmu,j11,j12)*Vec(nu16,-q2)*Vec(nu9,-q3)*Vec(nu14,
      q2)*Vecr(nu13,p3)*Vecr(nu14,p3)*Den(p3 - q2 - q3)^2*Deng(p3,xiw,M3)^2*
      Deng(q2 + q3,xiw,M3)*xiw*ufoGC58^2*ufoGC3*ufoGC4
       + 1/4*g_(1,6_,nu9)*g_(2,nu16,p3)*cFT(nu13,XX,i2,iufo11)*cFT(g7,XX,
      iufo11,j11)*flavourTag(fmu,j11,j12)*Vec(nu16,-q2)*Vec(nu9,-q3)*Vec(nu14,
      q3)*Vecr(nu13,p3)*Vecr(nu14,p3)*Den(p3 - q2 - q3)^2*Deng(p3,xiw,M3)^2*
      Deng(q2 + q3,xiw,M3)*xia*xiw*ufoGC58^2*ufoGC3*ufoGC4
       - 1/4*g_(1,6_,nu9)*g_(2,nu16,p3)*cFT(nu13,XX,i2,iufo11)*cFT(g7,XX,
      iufo11,j11)*flavourTag(fmu,j11,j12)*Vec(nu16,-q2)*Vec(nu9,-q3)*Vec(nu14,
      q3)*Vecr(nu13,p3)*Vecr(nu14,p3)*Den(p3 - q2 - q3)^2*Deng(p3,xiw,M3)^2*
      Deng(q2 + q3,xiw,M3)*xiw*ufoGC58^2*ufoGC3*ufoGC4
       + 1/4*g_(1,6_,nu9)*g_(2,nu16,p3)*cFT(nu13,XX,i2,iufo11)*cFT(g7,XX,
      iufo11,j11)*flavourTag(fmu,j11,j12)*Vec(nu16,-q2)*Vec(nu14,q2)*Vecr(nu13
      ,p3)*Vecr(nu9,p3)*Vecr(nu14,p3)*Den(p3 - q2 - q3)^2*Deng(p3,xiw,M3)^2*
      Deng(q2 + q3,xiw,M3)*xia*xiw*ufoGC58^2*ufoGC3*ufoGC4
       - 1/4*g_(1,6_,nu9)*g_(2,nu16,p3)*cFT(nu13,XX,i2,iufo11)*cFT(g7,XX,
      iufo11,j11)*flavourTag(fmu,j11,j12)*Vec(nu16,-q2)*Vec(nu14,q2)*Vecr(nu13
      ,p3)*Vecr(nu9,p3)*Vecr(nu14,p3)*Den(p3 - q2 - q3)^2*Deng(p3,xiw,M3)^2*
      Deng(q2 + q3,xiw,M3)*xiw*ufoGC58^2*ufoGC3*ufoGC4
       + 1/4*g_(1,6_,nu9)*g_(2,nu16,p3)*cFT(nu13,XX,i2,iufo11)*cFT(g7,XX,
      iufo11,j11)*flavourTag(fmu,j11,j12)*Vec(nu16,-q2)*Vec(nu14,q3)*Vecr(nu13
      ,p3)*Vecr(nu9,p3)*Vecr(nu14,p3)*Den(p3 - q2 - q3)^2*Deng(p3,xiw,M3)^2*
      Deng(q2 + q3,xiw,M3)*xia*xiw*ufoGC58^2*ufoGC3*ufoGC4
       - 1/4*g_(1,6_,nu9)*g_(2,nu16,p3)*cFT(nu13,XX,i2,iufo11)*cFT(g7,XX,
      iufo11,j11)*flavourTag(fmu,j11,j12)*Vec(nu16,-q2)*Vec(nu14,q3)*Vecr(nu13
      ,p3)*Vecr(nu9,p3)*Vecr(nu14,p3)*Den(p3 - q2 - q3)^2*Deng(p3,xiw,M3)^2*
      Deng(q2 + q3,xiw,M3)*xiw*ufoGC58^2*ufoGC3*ufoGC4
       - 1/4*g_(1,6_,nu9)*g_(2,nu16,p3)*cFT(nu13,XX,i2,iufo11)*cFT(g7,XX,
      iufo11,j11)*flavourTag(fmu,j11,j12)*Vec(nu16,-q3)*Vec(nu9,-p3)*Vec(nu14,
      -q2)*Vecr(nu13,p3)*Vecr(nu14,p3)*Den(p3 - q2 - q3)^2*Deng(p3,xiw,M3)^2*
      Deng(q2 + q3,xiw,M3)*xia*xiw*ufoGC58^2*ufoGC3*ufoGC4
       + 1/4*g_(1,6_,nu9)*g_(2,nu16,p3)*cFT(nu13,XX,i2,iufo11)*cFT(g7,XX,
      iufo11,j11)*flavourTag(fmu,j11,j12)*Vec(nu16,-q3)*Vec(nu9,-p3)*Vec(nu14,
      -q2)*Vecr(nu13,p3)*Vecr(nu14,p3)*Den(p3 - q2 - q3)^2*Deng(p3,xiw,M3)^2*
      Deng(q2 + q3,xiw,M3)*xiw*ufoGC58^2*ufoGC3*ufoGC4
       - 1/4*g_(1,6_,nu9)*g_(2,nu16,p3)*cFT(nu13,XX,i2,iufo11)*cFT(g7,XX,
      iufo11,j11)*flavourTag(fmu,j11,j12)*Vec(nu16,-q3)*Vec(nu9,-p3)*Vec(nu14,
      -q3)*Vecr(nu13,p3)*Vecr(nu14,p3)*Den(p3 - q2 - q3)^2*Deng(p3,xiw,M3)^2*
      Deng(q2 + q3,xiw,M3)*xia*xiw*ufoGC58^2*ufoGC3*ufoGC4
       + 1/4*g_(1,6_,nu9)*g_(2,nu16,p3)*cFT(nu13,XX,i2,iufo11)*cFT(g7,XX,
      iufo11,j11)*flavourTag(fmu,j11,j12)*Vec(nu16,-q3)*Vec(nu9,-p3)*Vec(nu14,
      -q3)*Vecr(nu13,p3)*Vecr(nu14,p3)*Den(p3 - q2 - q3)^2*Deng(p3,xiw,M3)^2*
      Deng(q2 + q3,xiw,M3)*xiw*ufoGC58^2*ufoGC3*ufoGC4
       - 1/4*g_(1,6_,nu9)*g_(2,nu16,p3)*cFT(nu13,XX,i2,iufo11)*cFT(g7,XX,
      iufo11,j11)*flavourTag(fmu,j11,j12)*Vec(nu16,-q3)*Vec(nu9,-p3)*Vecr(nu13
      ,p3)*Den(p3 - q2 - q3)^2*Deng(p3,xiw,M3)^2*Deng(q2 + q3,xiw,M3)*p3.p3*
      xia*xiw*ufoGC58^2*ufoGC3*ufoGC4
       + 1/4*g_(1,6_,nu9)*g_(2,nu16,p3)*cFT(nu13,XX,i2,iufo11)*cFT(g7,XX,
      iufo11,j11)*flavourTag(fmu,j11,j12)*Vec(nu16,-q3)*Vec(nu9,-p3)*Vecr(nu13
      ,p3)*Den(p3 - q2 - q3)^2*Deng(p3,xiw,M3)^2*Deng(q2 + q3,xiw,M3)*p3.p3*
      xiw*ufoGC58^2*ufoGC3*ufoGC4
       + 1/4*g_(1,6_,nu9)*g_(2,nu16,p3)*cFT(nu13,XX,i2,iufo11)*cFT(g7,XX,
      iufo11,j11)*flavourTag(fmu,j11,j12)*Vec(nu16,-q3)*Vec(nu9,-q2)*Vec(nu14,
      q2)*Vecr(nu13,p3)*Vecr(nu14,p3)*Den(p3 - q2 - q3)^2*Deng(p3,xiw,M3)^2*
      Deng(q2 + q3,xiw,M3)*xia*xiw*ufoGC58^2*ufoGC3*ufoGC4
       - 1/4*g_(1,6_,nu9)*g_(2,nu16,p3)*cFT(nu13,XX,i2,iufo11)*cFT(g7,XX,
      iufo11,j11)*flavourTag(fmu,j11,j12)*Vec(nu16,-q3)*Vec(nu9,-q2)*Vec(nu14,
      q2)*Vecr(nu13,p3)*Vecr(nu14,p3)*Den(p3 - q2 - q3)^2*Deng(p3,xiw,M3)^2*
      Deng(q2 + q3,xiw,M3)*xiw*ufoGC58^2*ufoGC3*ufoGC4
       + 1/4*g_(1,6_,nu9)*g_(2,nu16,p3)*cFT(nu13,XX,i2,iufo11)*cFT(g7,XX,
      iufo11,j11)*flavourTag(fmu,j11,j12)*Vec(nu16,-q3)*Vec(nu9,-q2)*Vec(nu14,
      q3)*Vecr(nu13,p3)*Vecr(nu14,p3)*Den(p3 - q2 - q3)^2*Deng(p3,xiw,M3)^2*
      Deng(q2 + q3,xiw,M3)*xia*xiw*ufoGC58^2*ufoGC3*ufoGC4
       - 1/4*g_(1,6_,nu9)*g_(2,nu16,p3)*cFT(nu13,XX,i2,iufo11)*cFT(g7,XX,
      iufo11,j11)*flavourTag(fmu,j11,j12)*Vec(nu16,-q3)*Vec(nu9,-q2)*Vec(nu14,
      q3)*Vecr(nu13,p3)*Vecr(nu14,p3)*Den(p3 - q2 - q3)^2*Deng(p3,xiw,M3)^2*
      Deng(q2 + q3,xiw,M3)*xiw*ufoGC58^2*ufoGC3*ufoGC4
       + 1/4*g_(1,6_,nu9)*g_(2,nu16,p3)*cFT(nu13,XX,i2,iufo11)*cFT(g7,XX,
      iufo11,j11)*flavourTag(fmu,j11,j12)*Vec(nu16,-q3)*Vec(nu9,-q3)*Vec(nu14,
      q2)*Vecr(nu13,p3)*Vecr(nu14,p3)*Den(p3 - q2 - q3)^2*Deng(p3,xiw,M3)^2*
      Deng(q2 + q3,xiw,M3)*xia*xiw*ufoGC58^2*ufoGC3*ufoGC4
       - 1/4*g_(1,6_,nu9)*g_(2,nu16,p3)*cFT(nu13,XX,i2,iufo11)*cFT(g7,XX,
      iufo11,j11)*flavourTag(fmu,j11,j12)*Vec(nu16,-q3)*Vec(nu9,-q3)*Vec(nu14,
      q2)*Vecr(nu13,p3)*Vecr(nu14,p3)*Den(p3 - q2 - q3)^2*Deng(p3,xiw,M3)^2*
      Deng(q2 + q3,xiw,M3)*xiw*ufoGC58^2*ufoGC3*ufoGC4
       + 1/4*g_(1,6_,nu9)*g_(2,nu16,p3)*cFT(nu13,XX,i2,iufo11)*cFT(g7,XX,
      iufo11,j11)*flavourTag(fmu,j11,j12)*Vec(nu16,-q3)*Vec(nu9,-q3)*Vec(nu14,
      q3)*Vecr(nu13,p3)*Vecr(nu14,p3)*Den(p3 - q2 - q3)^2*Deng(p3,xiw,M3)^2*
      Deng(q2 + q3,xiw,M3)*xia*xiw*ufoGC58^2*ufoGC3*ufoGC4
       - 1/4*g_(1,6_,nu9)*g_(2,nu16,p3)*cFT(nu13,XX,i2,iufo11)*cFT(g7,XX,
      iufo11,j11)*flavourTag(fmu,j11,j12)*Vec(nu16,-q3)*Vec(nu9,-q3)*Vec(nu14,
      q3)*Vecr(nu13,p3)*Vecr(nu14,p3)*Den(p3 - q2 - q3)^2*Deng(p3,xiw,M3)^2*
      Deng(q2 + q3,xiw,M3)*xiw*ufoGC58^2*ufoGC3*ufoGC4
       + 1/4*g_(1,6_,nu9)*g_(2,nu16,p3)*cFT(nu13,XX,i2,iufo11)*cFT(g7,XX,
      iufo11,j11)*flavourTag(fmu,j11,j12)*Vec(nu16,-q3)*Vec(nu14,q2)*Vecr(nu13
      ,p3)*Vecr(nu9,p3)*Vecr(nu14,p3)*Den(p3 - q2 - q3)^2*Deng(p3,xiw,M3)^2*
      Deng(q2 + q3,xiw,M3)*xia*xiw*ufoGC58^2*ufoGC3*ufoGC4
       - 1/4*g_(1,6_,nu9)*g_(2,nu16,p3)*cFT(nu13,XX,i2,iufo11)*cFT(g7,XX,
      iufo11,j11)*flavourTag(fmu,j11,j12)*Vec(nu16,-q3)*Vec(nu14,q2)*Vecr(nu13
      ,p3)*Vecr(nu9,p3)*Vecr(nu14,p3)*Den(p3 - q2 - q3)^2*Deng(p3,xiw,M3)^2*
      Deng(q2 + q3,xiw,M3)*xiw*ufoGC58^2*ufoGC3*ufoGC4
       + 1/4*g_(1,6_,nu9)*g_(2,nu16,p3)*cFT(nu13,XX,i2,iufo11)*cFT(g7,XX,
      iufo11,j11)*flavourTag(fmu,j11,j12)*Vec(nu16,-q3)*Vec(nu14,q3)*Vecr(nu13
      ,p3)*Vecr(nu9,p3)*Vecr(nu14,p3)*Den(p3 - q2 - q3)^2*Deng(p3,xiw,M3)^2*
      Deng(q2 + q3,xiw,M3)*xia*xiw*ufoGC58^2*ufoGC3*ufoGC4
       - 1/4*g_(1,6_,nu9)*g_(2,nu16,p3)*cFT(nu13,XX,i2,iufo11)*cFT(g7,XX,
      iufo11,j11)*flavourTag(fmu,j11,j12)*Vec(nu16,-q3)*Vec(nu14,q3)*Vecr(nu13
      ,p3)*Vecr(nu9,p3)*Vecr(nu14,p3)*Den(p3 - q2 - q3)^2*Deng(p3,xiw,M3)^2*
      Deng(q2 + q3,xiw,M3)*xiw*ufoGC58^2*ufoGC3*ufoGC4
       - 1/4*g_(1,6_,nu9)*g_(2,nu16,p3)*cFT(nu13,XX,i2,iufo11)*cFT(g7,XX,
      iufo11,j11)*flavourTag(fmu,j11,j12)*Vec(nu9,-p3)*Vec(nu14,-q2)*Vecr(nu16
      ,p3)*Vecr(nu13,p3)*Vecr(nu14,p3)*Den(p3 - q2 - q3)^2*Deng(p3,xiw,M3)^2*
      Deng(q2 + q3,xiw,M3)*xia*xiw*ufoGC58^2*ufoGC3*ufoGC4
       + 1/4*g_(1,6_,nu9)*g_(2,nu16,p3)*cFT(nu13,XX,i2,iufo11)*cFT(g7,XX,
      iufo11,j11)*flavourTag(fmu,j11,j12)*Vec(nu9,-p3)*Vec(nu14,-q2)*Vecr(nu16
      ,p3)*Vecr(nu13,p3)*Vecr(nu14,p3)*Den(p3 - q2 - q3)^2*Deng(p3,xiw,M3)^2*
      Deng(q2 + q3,xiw,M3)*xiw*ufoGC58^2*ufoGC3*ufoGC4
       - 1/4*g_(1,6_,nu9)*g_(2,nu16,p3)*cFT(nu13,XX,i2,iufo11)*cFT(g7,XX,
      iufo11,j11)*flavourTag(fmu,j11,j12)*Vec(nu9,-p3)*Vec(nu14,-q3)*Vecr(nu16
      ,p3)*Vecr(nu13,p3)*Vecr(nu14,p3)*Den(p3 - q2 - q3)^2*Deng(p3,xiw,M3)^2*
      Deng(q2 + q3,xiw,M3)*xia*xiw*ufoGC58^2*ufoGC3*ufoGC4
       + 1/4*g_(1,6_,nu9)*g_(2,nu16,p3)*cFT(nu13,XX,i2,iufo11)*cFT(g7,XX,
      iufo11,j11)*flavourTag(fmu,j11,j12)*Vec(nu9,-p3)*Vec(nu14,-q3)*Vecr(nu16
      ,p3)*Vecr(nu13,p3)*Vecr(nu14,p3)*Den(p3 - q2 - q3)^2*Deng(p3,xiw,M3)^2*
      Deng(q2 + q3,xiw,M3)*xiw*ufoGC58^2*ufoGC3*ufoGC4
       - 1/4*g_(1,6_,nu9)*g_(2,nu16,p3)*cFT(nu13,XX,i2,iufo11)*cFT(g7,XX,
      iufo11,j11)*flavourTag(fmu,j11,j12)*Vec(nu9,-p3)*Vecr(nu16,p3)*Vecr(nu13
      ,p3)*Den(p3 - q2 - q3)^2*Deng(p3,xiw,M3)^2*Deng(q2 + q3,xiw,M3)*p3.p3*
      xia*xiw*ufoGC58^2*ufoGC3*ufoGC4
       + 1/4*g_(1,6_,nu9)*g_(2,nu16,p3)*cFT(nu13,XX,i2,iufo11)*cFT(g7,XX,
      iufo11,j11)*flavourTag(fmu,j11,j12)*Vec(nu9,-p3)*Vecr(nu16,p3)*Vecr(nu13
      ,p3)*Den(p3 - q2 - q3)^2*Deng(p3,xiw,M3)^2*Deng(q2 + q3,xiw,M3)*p3.p3*
      xiw*ufoGC58^2*ufoGC3*ufoGC4
       + 1/4*g_(1,6_,nu9)*g_(2,nu16,p3)*cFT(nu13,XX,i2,iufo11)*cFT(g7,XX,
      iufo11,j11)*flavourTag(fmu,j11,j12)*Vec(nu9,-q2)*Vec(nu14,q2)*Vecr(nu16,
      p3)*Vecr(nu13,p3)*Vecr(nu14,p3)*Den(p3 - q2 - q3)^2*Deng(p3,xiw,M3)^2*
      Deng(q2 + q3,xiw,M3)*xia*xiw*ufoGC58^2*ufoGC3*ufoGC4
       - 1/4*g_(1,6_,nu9)*g_(2,nu16,p3)*cFT(nu13,XX,i2,iufo11)*cFT(g7,XX,
      iufo11,j11)*flavourTag(fmu,j11,j12)*Vec(nu9,-q2)*Vec(nu14,q2)*Vecr(nu16,
      p3)*Vecr(nu13,p3)*Vecr(nu14,p3)*Den(p3 - q2 - q3)^2*Deng(p3,xiw,M3)^2*
      Deng(q2 + q3,xiw,M3)*xiw*ufoGC58^2*ufoGC3*ufoGC4
       + 1/4*g_(1,6_,nu9)*g_(2,nu16,p3)*cFT(nu13,XX,i2,iufo11)*cFT(g7,XX,
      iufo11,j11)*flavourTag(fmu,j11,j12)*Vec(nu9,-q2)*Vec(nu14,q3)*Vecr(nu16,
      p3)*Vecr(nu13,p3)*Vecr(nu14,p3)*Den(p3 - q2 - q3)^2*Deng(p3,xiw,M3)^2*
      Deng(q2 + q3,xiw,M3)*xia*xiw*ufoGC58^2*ufoGC3*ufoGC4
       - 1/4*g_(1,6_,nu9)*g_(2,nu16,p3)*cFT(nu13,XX,i2,iufo11)*cFT(g7,XX,
      iufo11,j11)*flavourTag(fmu,j11,j12)*Vec(nu9,-q2)*Vec(nu14,q3)*Vecr(nu16,
      p3)*Vecr(nu13,p3)*Vecr(nu14,p3)*Den(p3 - q2 - q3)^2*Deng(p3,xiw,M3)^2*
      Deng(q2 + q3,xiw,M3)*xiw*ufoGC58^2*ufoGC3*ufoGC4
       + 1/4*g_(1,6_,nu9)*g_(2,nu16,p3)*cFT(nu13,XX,i2,iufo11)*cFT(g7,XX,
      iufo11,j11)*flavourTag(fmu,j11,j12)*Vec(nu9,-q3)*Vec(nu14,q2)*Vecr(nu16,
      p3)*Vecr(nu13,p3)*Vecr(nu14,p3)*Den(p3 - q2 - q3)^2*Deng(p3,xiw,M3)^2*
      Deng(q2 + q3,xiw,M3)*xia*xiw*ufoGC58^2*ufoGC3*ufoGC4
       - 1/4*g_(1,6_,nu9)*g_(2,nu16,p3)*cFT(nu13,XX,i2,iufo11)*cFT(g7,XX,
      iufo11,j11)*flavourTag(fmu,j11,j12)*Vec(nu9,-q3)*Vec(nu14,q2)*Vecr(nu16,
      p3)*Vecr(nu13,p3)*Vecr(nu14,p3)*Den(p3 - q2 - q3)^2*Deng(p3,xiw,M3)^2*
      Deng(q2 + q3,xiw,M3)*xiw*ufoGC58^2*ufoGC3*ufoGC4
       + 1/4*g_(1,6_,nu9)*g_(2,nu16,p3)*cFT(nu13,XX,i2,iufo11)*cFT(g7,XX,
      iufo11,j11)*flavourTag(fmu,j11,j12)*Vec(nu9,-q3)*Vec(nu14,q3)*Vecr(nu16,
      p3)*Vecr(nu13,p3)*Vecr(nu14,p3)*Den(p3 - q2 - q3)^2*Deng(p3,xiw,M3)^2*
      Deng(q2 + q3,xiw,M3)*xia*xiw*ufoGC58^2*ufoGC3*ufoGC4
       - 1/4*g_(1,6_,nu9)*g_(2,nu16,p3)*cFT(nu13,XX,i2,iufo11)*cFT(g7,XX,
      iufo11,j11)*flavourTag(fmu,j11,j12)*Vec(nu9,-q3)*Vec(nu14,q3)*Vecr(nu16,
      p3)*Vecr(nu13,p3)*Vecr(nu14,p3)*Den(p3 - q2 - q3)^2*Deng(p3,xiw,M3)^2*
      Deng(q2 + q3,xiw,M3)*xiw*ufoGC58^2*ufoGC3*ufoGC4
       + 1/4*g_(1,6_,nu9)*g_(2,nu16,q2)*cFT(nu13,XX,i2,iufo11)*cFT(g7,XX,
      iufo11,j11)*flavourTag(fmu,j11,j12)*Vec(nu16,-q2)*Vec(nu9,-p3)*Vec(nu14,
      -q2)*Vecr(nu13,p3)*Vecr(nu14,p3)*Den(p3 - q2 - q3)^2*Deng(p3,xiw,M3)^2*
      Deng(q2 + q3,xiw,M3)*xia*xiw*ufoGC58^2*ufoGC3*ufoGC4
       - 1/4*g_(1,6_,nu9)*g_(2,nu16,q2)*cFT(nu13,XX,i2,iufo11)*cFT(g7,XX,
      iufo11,j11)*flavourTag(fmu,j11,j12)*Vec(nu16,-q2)*Vec(nu9,-p3)*Vec(nu14,
      -q2)*Vecr(nu13,p3)*Vecr(nu14,p3)*Den(p3 - q2 - q3)^2*Deng(p3,xiw,M3)^2*
      Deng(q2 + q3,xiw,M3)*xiw*ufoGC58^2*ufoGC3*ufoGC4
       + 1/4*g_(1,6_,nu9)*g_(2,nu16,q2)*cFT(nu13,XX,i2,iufo11)*cFT(g7,XX,
      iufo11,j11)*flavourTag(fmu,j11,j12)*Vec(nu16,-q2)*Vec(nu9,-p3)*Vec(nu14,
      -q3)*Vecr(nu13,p3)*Vecr(nu14,p3)*Den(p3 - q2 - q3)^2*Deng(p3,xiw,M3)^2*
      Deng(q2 + q3,xiw,M3)*xia*xiw*ufoGC58^2*ufoGC3*ufoGC4
       - 1/4*g_(1,6_,nu9)*g_(2,nu16,q2)*cFT(nu13,XX,i2,iufo11)*cFT(g7,XX,
      iufo11,j11)*flavourTag(fmu,j11,j12)*Vec(nu16,-q2)*Vec(nu9,-p3)*Vec(nu14,
      -q3)*Vecr(nu13,p3)*Vecr(nu14,p3)*Den(p3 - q2 - q3)^2*Deng(p3,xiw,M3)^2*
      Deng(q2 + q3,xiw,M3)*xiw*ufoGC58^2*ufoGC3*ufoGC4
       + 1/4*g_(1,6_,nu9)*g_(2,nu16,q2)*cFT(nu13,XX,i2,iufo11)*cFT(g7,XX,
      iufo11,j11)*flavourTag(fmu,j11,j12)*Vec(nu16,-q2)*Vec(nu9,-p3)*Vecr(nu13
      ,p3)*Den(p3 - q2 - q3)^2*Deng(p3,xiw,M3)^2*Deng(q2 + q3,xiw,M3)*p3.p3*
      xia*xiw*ufoGC58^2*ufoGC3*ufoGC4
       - 1/4*g_(1,6_,nu9)*g_(2,nu16,q2)*cFT(nu13,XX,i2,iufo11)*cFT(g7,XX,
      iufo11,j11)*flavourTag(fmu,j11,j12)*Vec(nu16,-q2)*Vec(nu9,-p3)*Vecr(nu13
      ,p3)*Den(p3 - q2 - q3)^2*Deng(p3,xiw,M3)^2*Deng(q2 + q3,xiw,M3)*p3.p3*
      xiw*ufoGC58^2*ufoGC3*ufoGC4
       - 1/4*g_(1,6_,nu9)*g_(2,nu16,q2)*cFT(nu13,XX,i2,iufo11)*cFT(g7,XX,
      iufo11,j11)*flavourTag(fmu,j11,j12)*Vec(nu16,-q2)*Vec(nu9,-q2)*Vec(nu14,
      q2)*Vecr(nu13,p3)*Vecr(nu14,p3)*Den(p3 - q2 - q3)^2*Deng(p3,xiw,M3)^2*
      Deng(q2 + q3,xiw,M3)*xia*xiw*ufoGC58^2*ufoGC3*ufoGC4
       + 1/4*g_(1,6_,nu9)*g_(2,nu16,q2)*cFT(nu13,XX,i2,iufo11)*cFT(g7,XX,
      iufo11,j11)*flavourTag(fmu,j11,j12)*Vec(nu16,-q2)*Vec(nu9,-q2)*Vec(nu14,
      q2)*Vecr(nu13,p3)*Vecr(nu14,p3)*Den(p3 - q2 - q3)^2*Deng(p3,xiw,M3)^2*
      Deng(q2 + q3,xiw,M3)*xiw*ufoGC58^2*ufoGC3*ufoGC4
       - 1/4*g_(1,6_,nu9)*g_(2,nu16,q2)*cFT(nu13,XX,i2,iufo11)*cFT(g7,XX,
      iufo11,j11)*flavourTag(fmu,j11,j12)*Vec(nu16,-q2)*Vec(nu9,-q2)*Vec(nu14,
      q3)*Vecr(nu13,p3)*Vecr(nu14,p3)*Den(p3 - q2 - q3)^2*Deng(p3,xiw,M3)^2*
      Deng(q2 + q3,xiw,M3)*xia*xiw*ufoGC58^2*ufoGC3*ufoGC4
       + 1/4*g_(1,6_,nu9)*g_(2,nu16,q2)*cFT(nu13,XX,i2,iufo11)*cFT(g7,XX,
      iufo11,j11)*flavourTag(fmu,j11,j12)*Vec(nu16,-q2)*Vec(nu9,-q2)*Vec(nu14,
      q3)*Vecr(nu13,p3)*Vecr(nu14,p3)*Den(p3 - q2 - q3)^2*Deng(p3,xiw,M3)^2*
      Deng(q2 + q3,xiw,M3)*xiw*ufoGC58^2*ufoGC3*ufoGC4
       - 1/4*g_(1,6_,nu9)*g_(2,nu16,q2)*cFT(nu13,XX,i2,iufo11)*cFT(g7,XX,
      iufo11,j11)*flavourTag(fmu,j11,j12)*Vec(nu16,-q2)*Vec(nu9,-q3)*Vec(nu14,
      q2)*Vecr(nu13,p3)*Vecr(nu14,p3)*Den(p3 - q2 - q3)^2*Deng(p3,xiw,M3)^2*
      Deng(q2 + q3,xiw,M3)*xia*xiw*ufoGC58^2*ufoGC3*ufoGC4
       + 1/4*g_(1,6_,nu9)*g_(2,nu16,q2)*cFT(nu13,XX,i2,iufo11)*cFT(g7,XX,
      iufo11,j11)*flavourTag(fmu,j11,j12)*Vec(nu16,-q2)*Vec(nu9,-q3)*Vec(nu14,
      q2)*Vecr(nu13,p3)*Vecr(nu14,p3)*Den(p3 - q2 - q3)^2*Deng(p3,xiw,M3)^2*
      Deng(q2 + q3,xiw,M3)*xiw*ufoGC58^2*ufoGC3*ufoGC4
       - 1/4*g_(1,6_,nu9)*g_(2,nu16,q2)*cFT(nu13,XX,i2,iufo11)*cFT(g7,XX,
      iufo11,j11)*flavourTag(fmu,j11,j12)*Vec(nu16,-q2)*Vec(nu9,-q3)*Vec(nu14,
      q3)*Vecr(nu13,p3)*Vecr(nu14,p3)*Den(p3 - q2 - q3)^2*Deng(p3,xiw,M3)^2*
      Deng(q2 + q3,xiw,M3)*xia*xiw*ufoGC58^2*ufoGC3*ufoGC4
       + 1/4*g_(1,6_,nu9)*g_(2,nu16,q2)*cFT(nu13,XX,i2,iufo11)*cFT(g7,XX,
      iufo11,j11)*flavourTag(fmu,j11,j12)*Vec(nu16,-q2)*Vec(nu9,-q3)*Vec(nu14,
      q3)*Vecr(nu13,p3)*Vecr(nu14,p3)*Den(p3 - q2 - q3)^2*Deng(p3,xiw,M3)^2*
      Deng(q2 + q3,xiw,M3)*xiw*ufoGC58^2*ufoGC3*ufoGC4
       - 1/4*g_(1,6_,nu9)*g_(2,nu16,q2)*cFT(nu13,XX,i2,iufo11)*cFT(g7,XX,
      iufo11,j11)*flavourTag(fmu,j11,j12)*Vec(nu16,-q2)*Vec(nu14,q2)*Vecr(nu13
      ,p3)*Vecr(nu9,p3)*Vecr(nu14,p3)*Den(p3 - q2 - q3)^2*Deng(p3,xiw,M3)^2*
      Deng(q2 + q3,xiw,M3)*xia*xiw*ufoGC58^2*ufoGC3*ufoGC4
       + 1/4*g_(1,6_,nu9)*g_(2,nu16,q2)*cFT(nu13,XX,i2,iufo11)*cFT(g7,XX,
      iufo11,j11)*flavourTag(fmu,j11,j12)*Vec(nu16,-q2)*Vec(nu14,q2)*Vecr(nu13
      ,p3)*Vecr(nu9,p3)*Vecr(nu14,p3)*Den(p3 - q2 - q3)^2*Deng(p3,xiw,M3)^2*
      Deng(q2 + q3,xiw,M3)*xiw*ufoGC58^2*ufoGC3*ufoGC4
       - 1/4*g_(1,6_,nu9)*g_(2,nu16,q2)*cFT(nu13,XX,i2,iufo11)*cFT(g7,XX,
      iufo11,j11)*flavourTag(fmu,j11,j12)*Vec(nu16,-q2)*Vec(nu14,q3)*Vecr(nu13
      ,p3)*Vecr(nu9,p3)*Vecr(nu14,p3)*Den(p3 - q2 - q3)^2*Deng(p3,xiw,M3)^2*
      Deng(q2 + q3,xiw,M3)*xia*xiw*ufoGC58^2*ufoGC3*ufoGC4
       + 1/4*g_(1,6_,nu9)*g_(2,nu16,q2)*cFT(nu13,XX,i2,iufo11)*cFT(g7,XX,
      iufo11,j11)*flavourTag(fmu,j11,j12)*Vec(nu16,-q2)*Vec(nu14,q3)*Vecr(nu13
      ,p3)*Vecr(nu9,p3)*Vecr(nu14,p3)*Den(p3 - q2 - q3)^2*Deng(p3,xiw,M3)^2*
      Deng(q2 + q3,xiw,M3)*xiw*ufoGC58^2*ufoGC3*ufoGC4
       + 1/4*g_(1,6_,nu9)*g_(2,nu16,q2)*cFT(nu13,XX,i2,iufo11)*cFT(g7,XX,
      iufo11,j11)*flavourTag(fmu,j11,j12)*Vec(nu16,-q3)*Vec(nu9,-p3)*Vec(nu14,
      -q2)*Vecr(nu13,p3)*Vecr(nu14,p3)*Den(p3 - q2 - q3)^2*Deng(p3,xiw,M3)^2*
      Deng(q2 + q3,xiw,M3)*xia*xiw*ufoGC58^2*ufoGC3*ufoGC4
       - 1/4*g_(1,6_,nu9)*g_(2,nu16,q2)*cFT(nu13,XX,i2,iufo11)*cFT(g7,XX,
      iufo11,j11)*flavourTag(fmu,j11,j12)*Vec(nu16,-q3)*Vec(nu9,-p3)*Vec(nu14,
      -q2)*Vecr(nu13,p3)*Vecr(nu14,p3)*Den(p3 - q2 - q3)^2*Deng(p3,xiw,M3)^2*
      Deng(q2 + q3,xiw,M3)*xiw*ufoGC58^2*ufoGC3*ufoGC4
       + 1/4*g_(1,6_,nu9)*g_(2,nu16,q2)*cFT(nu13,XX,i2,iufo11)*cFT(g7,XX,
      iufo11,j11)*flavourTag(fmu,j11,j12)*Vec(nu16,-q3)*Vec(nu9,-p3)*Vec(nu14,
      -q3)*Vecr(nu13,p3)*Vecr(nu14,p3)*Den(p3 - q2 - q3)^2*Deng(p3,xiw,M3)^2*
      Deng(q2 + q3,xiw,M3)*xia*xiw*ufoGC58^2*ufoGC3*ufoGC4
       - 1/4*g_(1,6_,nu9)*g_(2,nu16,q2)*cFT(nu13,XX,i2,iufo11)*cFT(g7,XX,
      iufo11,j11)*flavourTag(fmu,j11,j12)*Vec(nu16,-q3)*Vec(nu9,-p3)*Vec(nu14,
      -q3)*Vecr(nu13,p3)*Vecr(nu14,p3)*Den(p3 - q2 - q3)^2*Deng(p3,xiw,M3)^2*
      Deng(q2 + q3,xiw,M3)*xiw*ufoGC58^2*ufoGC3*ufoGC4
       + 1/4*g_(1,6_,nu9)*g_(2,nu16,q2)*cFT(nu13,XX,i2,iufo11)*cFT(g7,XX,
      iufo11,j11)*flavourTag(fmu,j11,j12)*Vec(nu16,-q3)*Vec(nu9,-p3)*Vecr(nu13
      ,p3)*Den(p3 - q2 - q3)^2*Deng(p3,xiw,M3)^2*Deng(q2 + q3,xiw,M3)*p3.p3*
      xia*xiw*ufoGC58^2*ufoGC3*ufoGC4
       - 1/4*g_(1,6_,nu9)*g_(2,nu16,q2)*cFT(nu13,XX,i2,iufo11)*cFT(g7,XX,
      iufo11,j11)*flavourTag(fmu,j11,j12)*Vec(nu16,-q3)*Vec(nu9,-p3)*Vecr(nu13
      ,p3)*Den(p3 - q2 - q3)^2*Deng(p3,xiw,M3)^2*Deng(q2 + q3,xiw,M3)*p3.p3*
      xiw*ufoGC58^2*ufoGC3*ufoGC4
       - 1/4*g_(1,6_,nu9)*g_(2,nu16,q2)*cFT(nu13,XX,i2,iufo11)*cFT(g7,XX,
      iufo11,j11)*flavourTag(fmu,j11,j12)*Vec(nu16,-q3)*Vec(nu9,-q2)*Vec(nu14,
      q2)*Vecr(nu13,p3)*Vecr(nu14,p3)*Den(p3 - q2 - q3)^2*Deng(p3,xiw,M3)^2*
      Deng(q2 + q3,xiw,M3)*xia*xiw*ufoGC58^2*ufoGC3*ufoGC4
       + 1/4*g_(1,6_,nu9)*g_(2,nu16,q2)*cFT(nu13,XX,i2,iufo11)*cFT(g7,XX,
      iufo11,j11)*flavourTag(fmu,j11,j12)*Vec(nu16,-q3)*Vec(nu9,-q2)*Vec(nu14,
      q2)*Vecr(nu13,p3)*Vecr(nu14,p3)*Den(p3 - q2 - q3)^2*Deng(p3,xiw,M3)^2*
      Deng(q2 + q3,xiw,M3)*xiw*ufoGC58^2*ufoGC3*ufoGC4
       - 1/4*g_(1,6_,nu9)*g_(2,nu16,q2)*cFT(nu13,XX,i2,iufo11)*cFT(g7,XX,
      iufo11,j11)*flavourTag(fmu,j11,j12)*Vec(nu16,-q3)*Vec(nu9,-q2)*Vec(nu14,
      q3)*Vecr(nu13,p3)*Vecr(nu14,p3)*Den(p3 - q2 - q3)^2*Deng(p3,xiw,M3)^2*
      Deng(q2 + q3,xiw,M3)*xia*xiw*ufoGC58^2*ufoGC3*ufoGC4
       + 1/4*g_(1,6_,nu9)*g_(2,nu16,q2)*cFT(nu13,XX,i2,iufo11)*cFT(g7,XX,
      iufo11,j11)*flavourTag(fmu,j11,j12)*Vec(nu16,-q3)*Vec(nu9,-q2)*Vec(nu14,
      q3)*Vecr(nu13,p3)*Vecr(nu14,p3)*Den(p3 - q2 - q3)^2*Deng(p3,xiw,M3)^2*
      Deng(q2 + q3,xiw,M3)*xiw*ufoGC58^2*ufoGC3*ufoGC4
       - 1/4*g_(1,6_,nu9)*g_(2,nu16,q2)*cFT(nu13,XX,i2,iufo11)*cFT(g7,XX,
      iufo11,j11)*flavourTag(fmu,j11,j12)*Vec(nu16,-q3)*Vec(nu9,-q3)*Vec(nu14,
      q2)*Vecr(nu13,p3)*Vecr(nu14,p3)*Den(p3 - q2 - q3)^2*Deng(p3,xiw,M3)^2*
      Deng(q2 + q3,xiw,M3)*xia*xiw*ufoGC58^2*ufoGC3*ufoGC4
       + 1/4*g_(1,6_,nu9)*g_(2,nu16,q2)*cFT(nu13,XX,i2,iufo11)*cFT(g7,XX,
      iufo11,j11)*flavourTag(fmu,j11,j12)*Vec(nu16,-q3)*Vec(nu9,-q3)*Vec(nu14,
      q2)*Vecr(nu13,p3)*Vecr(nu14,p3)*Den(p3 - q2 - q3)^2*Deng(p3,xiw,M3)^2*
      Deng(q2 + q3,xiw,M3)*xiw*ufoGC58^2*ufoGC3*ufoGC4
       - 1/4*g_(1,6_,nu9)*g_(2,nu16,q2)*cFT(nu13,XX,i2,iufo11)*cFT(g7,XX,
      iufo11,j11)*flavourTag(fmu,j11,j12)*Vec(nu16,-q3)*Vec(nu9,-q3)*Vec(nu14,
      q3)*Vecr(nu13,p3)*Vecr(nu14,p3)*Den(p3 - q2 - q3)^2*Deng(p3,xiw,M3)^2*
      Deng(q2 + q3,xiw,M3)*xia*xiw*ufoGC58^2*ufoGC3*ufoGC4
       + 1/4*g_(1,6_,nu9)*g_(2,nu16,q2)*cFT(nu13,XX,i2,iufo11)*cFT(g7,XX,
      iufo11,j11)*flavourTag(fmu,j11,j12)*Vec(nu16,-q3)*Vec(nu9,-q3)*Vec(nu14,
      q3)*Vecr(nu13,p3)*Vecr(nu14,p3)*Den(p3 - q2 - q3)^2*Deng(p3,xiw,M3)^2*
      Deng(q2 + q3,xiw,M3)*xiw*ufoGC58^2*ufoGC3*ufoGC4
       - 1/4*g_(1,6_,nu9)*g_(2,nu16,q2)*cFT(nu13,XX,i2,iufo11)*cFT(g7,XX,
      iufo11,j11)*flavourTag(fmu,j11,j12)*Vec(nu16,-q3)*Vec(nu14,q2)*Vecr(nu13
      ,p3)*Vecr(nu9,p3)*Vecr(nu14,p3)*Den(p3 - q2 - q3)^2*Deng(p3,xiw,M3)^2*
      Deng(q2 + q3,xiw,M3)*xia*xiw*ufoGC58^2*ufoGC3*ufoGC4
       + 1/4*g_(1,6_,nu9)*g_(2,nu16,q2)*cFT(nu13,XX,i2,iufo11)*cFT(g7,XX,
      iufo11,j11)*flavourTag(fmu,j11,j12)*Vec(nu16,-q3)*Vec(nu14,q2)*Vecr(nu13
      ,p3)*Vecr(nu9,p3)*Vecr(nu14,p3)*Den(p3 - q2 - q3)^2*Deng(p3,xiw,M3)^2*
      Deng(q2 + q3,xiw,M3)*xiw*ufoGC58^2*ufoGC3*ufoGC4
       - 1/4*g_(1,6_,nu9)*g_(2,nu16,q2)*cFT(nu13,XX,i2,iufo11)*cFT(g7,XX,
      iufo11,j11)*flavourTag(fmu,j11,j12)*Vec(nu16,-q3)*Vec(nu14,q3)*Vecr(nu13
      ,p3)*Vecr(nu9,p3)*Vecr(nu14,p3)*Den(p3 - q2 - q3)^2*Deng(p3,xiw,M3)^2*
      Deng(q2 + q3,xiw,M3)*xia*xiw*ufoGC58^2*ufoGC3*ufoGC4
       + 1/4*g_(1,6_,nu9)*g_(2,nu16,q2)*cFT(nu13,XX,i2,iufo11)*cFT(g7,XX,
      iufo11,j11)*flavourTag(fmu,j11,j12)*Vec(nu16,-q3)*Vec(nu14,q3)*Vecr(nu13
      ,p3)*Vecr(nu9,p3)*Vecr(nu14,p3)*Den(p3 - q2 - q3)^2*Deng(p3,xiw,M3)^2*
      Deng(q2 + q3,xiw,M3)*xiw*ufoGC58^2*ufoGC3*ufoGC4
       + 1/4*g_(1,6_,nu9)*g_(2,nu16,q2)*cFT(nu13,XX,i2,iufo11)*cFT(g7,XX,
      iufo11,j11)*flavourTag(fmu,j11,j12)*Vec(nu9,-p3)*Vec(nu14,-q2)*Vecr(nu16
      ,p3)*Vecr(nu13,p3)*Vecr(nu14,p3)*Den(p3 - q2 - q3)^2*Deng(p3,xiw,M3)^2*
      Deng(q2 + q3,xiw,M3)*xia*xiw*ufoGC58^2*ufoGC3*ufoGC4
       - 1/4*g_(1,6_,nu9)*g_(2,nu16,q2)*cFT(nu13,XX,i2,iufo11)*cFT(g7,XX,
      iufo11,j11)*flavourTag(fmu,j11,j12)*Vec(nu9,-p3)*Vec(nu14,-q2)*Vecr(nu16
      ,p3)*Vecr(nu13,p3)*Vecr(nu14,p3)*Den(p3 - q2 - q3)^2*Deng(p3,xiw,M3)^2*
      Deng(q2 + q3,xiw,M3)*xiw*ufoGC58^2*ufoGC3*ufoGC4
       + 1/4*g_(1,6_,nu9)*g_(2,nu16,q2)*cFT(nu13,XX,i2,iufo11)*cFT(g7,XX,
      iufo11,j11)*flavourTag(fmu,j11,j12)*Vec(nu9,-p3)*Vec(nu14,-q3)*Vecr(nu16
      ,p3)*Vecr(nu13,p3)*Vecr(nu14,p3)*Den(p3 - q2 - q3)^2*Deng(p3,xiw,M3)^2*
      Deng(q2 + q3,xiw,M3)*xia*xiw*ufoGC58^2*ufoGC3*ufoGC4
       - 1/4*g_(1,6_,nu9)*g_(2,nu16,q2)*cFT(nu13,XX,i2,iufo11)*cFT(g7,XX,
      iufo11,j11)*flavourTag(fmu,j11,j12)*Vec(nu9,-p3)*Vec(nu14,-q3)*Vecr(nu16
      ,p3)*Vecr(nu13,p3)*Vecr(nu14,p3)*Den(p3 - q2 - q3)^2*Deng(p3,xiw,M3)^2*
      Deng(q2 + q3,xiw,M3)*xiw*ufoGC58^2*ufoGC3*ufoGC4
       + 1/4*g_(1,6_,nu9)*g_(2,nu16,q2)*cFT(nu13,XX,i2,iufo11)*cFT(g7,XX,
      iufo11,j11)*flavourTag(fmu,j11,j12)*Vec(nu9,-p3)*Vecr(nu16,p3)*Vecr(nu13
      ,p3)*Den(p3 - q2 - q3)^2*Deng(p3,xiw,M3)^2*Deng(q2 + q3,xiw,M3)*p3.p3*
      xia*xiw*ufoGC58^2*ufoGC3*ufoGC4
       - 1/4*g_(1,6_,nu9)*g_(2,nu16,q2)*cFT(nu13,XX,i2,iufo11)*cFT(g7,XX,
      iufo11,j11)*flavourTag(fmu,j11,j12)*Vec(nu9,-p3)*Vecr(nu16,p3)*Vecr(nu13
      ,p3)*Den(p3 - q2 - q3)^2*Deng(p3,xiw,M3)^2*Deng(q2 + q3,xiw,M3)*p3.p3*
      xiw*ufoGC58^2*ufoGC3*ufoGC4
       - 1/4*g_(1,6_,nu9)*g_(2,nu16,q2)*cFT(nu13,XX,i2,iufo11)*cFT(g7,XX,
      iufo11,j11)*flavourTag(fmu,j11,j12)*Vec(nu9,-q2)*Vec(nu14,q2)*Vecr(nu16,
      p3)*Vecr(nu13,p3)*Vecr(nu14,p3)*Den(p3 - q2 - q3)^2*Deng(p3,xiw,M3)^2*
      Deng(q2 + q3,xiw,M3)*xia*xiw*ufoGC58^2*ufoGC3*ufoGC4
       + 1/4*g_(1,6_,nu9)*g_(2,nu16,q2)*cFT(nu13,XX,i2,iufo11)*cFT(g7,XX,
      iufo11,j11)*flavourTag(fmu,j11,j12)*Vec(nu9,-q2)*Vec(nu14,q2)*Vecr(nu16,
      p3)*Vecr(nu13,p3)*Vecr(nu14,p3)*Den(p3 - q2 - q3)^2*Deng(p3,xiw,M3)^2*
      Deng(q2 + q3,xiw,M3)*xiw*ufoGC58^2*ufoGC3*ufoGC4
       - 1/4*g_(1,6_,nu9)*g_(2,nu16,q2)*cFT(nu13,XX,i2,iufo11)*cFT(g7,XX,
      iufo11,j11)*flavourTag(fmu,j11,j12)*Vec(nu9,-q2)*Vec(nu14,q3)*Vecr(nu16,
      p3)*Vecr(nu13,p3)*Vecr(nu14,p3)*Den(p3 - q2 - q3)^2*Deng(p3,xiw,M3)^2*
      Deng(q2 + q3,xiw,M3)*xia*xiw*ufoGC58^2*ufoGC3*ufoGC4
       + 1/4*g_(1,6_,nu9)*g_(2,nu16,q2)*cFT(nu13,XX,i2,iufo11)*cFT(g7,XX,
      iufo11,j11)*flavourTag(fmu,j11,j12)*Vec(nu9,-q2)*Vec(nu14,q3)*Vecr(nu16,
      p3)*Vecr(nu13,p3)*Vecr(nu14,p3)*Den(p3 - q2 - q3)^2*Deng(p3,xiw,M3)^2*
      Deng(q2 + q3,xiw,M3)*xiw*ufoGC58^2*ufoGC3*ufoGC4
       - 1/4*g_(1,6_,nu9)*g_(2,nu16,q2)*cFT(nu13,XX,i2,iufo11)*cFT(g7,XX,
      iufo11,j11)*flavourTag(fmu,j11,j12)*Vec(nu9,-q3)*Vec(nu14,q2)*Vecr(nu16,
      p3)*Vecr(nu13,p3)*Vecr(nu14,p3)*Den(p3 - q2 - q3)^2*Deng(p3,xiw,M3)^2*
      Deng(q2 + q3,xiw,M3)*xia*xiw*ufoGC58^2*ufoGC3*ufoGC4
       + 1/4*g_(1,6_,nu9)*g_(2,nu16,q2)*cFT(nu13,XX,i2,iufo11)*cFT(g7,XX,
      iufo11,j11)*flavourTag(fmu,j11,j12)*Vec(nu9,-q3)*Vec(nu14,q2)*Vecr(nu16,
      p3)*Vecr(nu13,p3)*Vecr(nu14,p3)*Den(p3 - q2 - q3)^2*Deng(p3,xiw,M3)^2*
      Deng(q2 + q3,xiw,M3)*xiw*ufoGC58^2*ufoGC3*ufoGC4
       - 1/4*g_(1,6_,nu9)*g_(2,nu16,q2)*cFT(nu13,XX,i2,iufo11)*cFT(g7,XX,
      iufo11,j11)*flavourTag(fmu,j11,j12)*Vec(nu9,-q3)*Vec(nu14,q3)*Vecr(nu16,
      p3)*Vecr(nu13,p3)*Vecr(nu14,p3)*Den(p3 - q2 - q3)^2*Deng(p3,xiw,M3)^2*
      Deng(q2 + q3,xiw,M3)*xia*xiw*ufoGC58^2*ufoGC3*ufoGC4
       + 1/4*g_(1,6_,nu9)*g_(2,nu16,q2)*cFT(nu13,XX,i2,iufo11)*cFT(g7,XX,
      iufo11,j11)*flavourTag(fmu,j11,j12)*Vec(nu9,-q3)*Vec(nu14,q3)*Vecr(nu16,
      p3)*Vecr(nu13,p3)*Vecr(nu14,p3)*Den(p3 - q2 - q3)^2*Deng(p3,xiw,M3)^2*
      Deng(q2 + q3,xiw,M3)*xiw*ufoGC58^2*ufoGC3*ufoGC4
       + 1/4*g_(1,6_,nu9)*g_(2,nu9,p3)*cFT(nu13,XX,i2,iufo11)*cFT(g7,XX,iufo11
      ,j11)*flavourTag(fmu,j11,j12)*Vec(nu14,q2)*Vecr(nu13,p3)*Vecr(nu14,p3)*
      Den(p3 - q2 - q3)*Deng(p3,xiw,M3)^2*Deng(q2 + q3,xiw,M3)*xiw*ufoGC58^2*
      ufoGC3*ufoGC4
       + 1/4*g_(1,6_,nu9)*g_(2,nu9,p3)*cFT(nu13,XX,i2,iufo11)*cFT(g7,XX,iufo11
      ,j11)*flavourTag(fmu,j11,j12)*Vec(nu14,q3)*Vecr(nu13,p3)*Vecr(nu14,p3)*
      Den(p3 - q2 - q3)*Deng(p3,xiw,M3)^2*Deng(q2 + q3,xiw,M3)*xiw*ufoGC58^2*
      ufoGC3*ufoGC4
       - 1/4*g_(1,6_,nu9)*g_(2,nu9,p3)*cFT(nu13,XX,i2,iufo11)*cFT(g7,XX,iufo11
      ,j11)*flavourTag(fmu,j11,j12)*Vec(nu14,-q2)*Vecr(nu13,p3)*Vecr(nu14,p3)*
      Den(p3 - q2 - q3)*Deng(p3,xiw,M3)^2*Deng(q2 + q3,xiw,M3)*xiw*ufoGC58^2*
      ufoGC3*ufoGC4
       - 1/4*g_(1,6_,nu9)*g_(2,nu9,p3)*cFT(nu13,XX,i2,iufo11)*cFT(g7,XX,iufo11
      ,j11)*flavourTag(fmu,j11,j12)*Vec(nu14,-q3)*Vecr(nu13,p3)*Vecr(nu14,p3)*
      Den(p3 - q2 - q3)*Deng(p3,xiw,M3)^2*Deng(q2 + q3,xiw,M3)*xiw*ufoGC58^2*
      ufoGC3*ufoGC4
       - 1/4*g_(1,6_,nu9)*g_(2,nu9,p3)*cFT(nu13,XX,i2,iufo11)*cFT(g7,XX,iufo11
      ,j11)*flavourTag(fmu,j11,j12)*Vecr(nu13,p3)*Den(p3 - q2 - q3)*Deng(p3,
      xiw,M3)^2*Deng(q2 + q3,xiw,M3)*p3.p3*xiw*ufoGC58^2*ufoGC3*ufoGC4
       + 1/4*g_(1,6_,nu9)*g_(2,nu9,p3)*cFT(nu14,XX,i2,iufo11)*cFT(g7,XX,iufo11
      ,j11)/(d^3 + d^2 - 2*d)*flavourTag(fmu,j11,j12)*Vec(nu14,q2)*Den(p3 - q2
       - q3)^2*Deng(p3,xiw,M3)^2*Deng(q2 + q3,xiw,M3)*p3.p3^2*d*xia*xiw*
      ufoGC58^2*ufoGC3*ufoGC4
       - 1/4*g_(1,6_,nu9)*g_(2,nu9,p3)*cFT(nu14,XX,i2,iufo11)*cFT(g7,XX,iufo11
      ,j11)/(d^3 + d^2 - 2*d)*flavourTag(fmu,j11,j12)*Vec(nu14,q2)*Den(p3 - q2
       - q3)^2*Deng(p3,xiw,M3)^2*Deng(q2 + q3,xiw,M3)*p3.p3^2*d*xiw*ufoGC58^2*
      ufoGC3*ufoGC4
       - 1/4*g_(1,6_,nu9)*g_(2,nu9,p3)*cFT(nu14,XX,i2,iufo11)*cFT(g7,XX,iufo11
      ,j11)/(d^3 + d^2 - 2*d)*flavourTag(fmu,j11,j12)*Vec(nu14,q2)*Den(p3 - q2
       - q3)^2*Deng(p3,xiw,M3)^2*Deng(q2 + q3,xiw,M3)*p3.p3^2*xia*xiw*
      ufoGC58^2*ufoGC3*ufoGC4
       + 1/4*g_(1,6_,nu9)*g_(2,nu9,p3)*cFT(nu14,XX,i2,iufo11)*cFT(g7,XX,iufo11
      ,j11)/(d^3 + d^2 - 2*d)*flavourTag(fmu,j11,j12)*Vec(nu14,q2)*Den(p3 - q2
       - q3)^2*Deng(p3,xiw,M3)^2*Deng(q2 + q3,xiw,M3)*p3.p3^2*xiw*ufoGC58^2*
      ufoGC3*ufoGC4
       + 1/4*g_(1,6_,nu9)*g_(2,nu9,p3)*cFT(nu14,XX,i2,iufo11)*cFT(g7,XX,iufo11
      ,j11)/(d^3 + d^2 - 2*d)*flavourTag(fmu,j11,j12)*Vec(nu14,q3)*Den(p3 - q2
       - q3)^2*Deng(p3,xiw,M3)^2*Deng(q2 + q3,xiw,M3)*p3.p3^2*d*xia*xiw*
      ufoGC58^2*ufoGC3*ufoGC4
       - 1/4*g_(1,6_,nu9)*g_(2,nu9,p3)*cFT(nu14,XX,i2,iufo11)*cFT(g7,XX,iufo11
      ,j11)/(d^3 + d^2 - 2*d)*flavourTag(fmu,j11,j12)*Vec(nu14,q3)*Den(p3 - q2
       - q3)^2*Deng(p3,xiw,M3)^2*Deng(q2 + q3,xiw,M3)*p3.p3^2*d*xiw*ufoGC58^2*
      ufoGC3*ufoGC4
       - 1/4*g_(1,6_,nu9)*g_(2,nu9,p3)*cFT(nu14,XX,i2,iufo11)*cFT(g7,XX,iufo11
      ,j11)/(d^3 + d^2 - 2*d)*flavourTag(fmu,j11,j12)*Vec(nu14,q3)*Den(p3 - q2
       - q3)^2*Deng(p3,xiw,M3)^2*Deng(q2 + q3,xiw,M3)*p3.p3^2*xia*xiw*
      ufoGC58^2*ufoGC3*ufoGC4
       + 1/4*g_(1,6_,nu9)*g_(2,nu9,p3)*cFT(nu14,XX,i2,iufo11)*cFT(g7,XX,iufo11
      ,j11)/(d^3 + d^2 - 2*d)*flavourTag(fmu,j11,j12)*Vec(nu14,q3)*Den(p3 - q2
       - q3)^2*Deng(p3,xiw,M3)^2*Deng(q2 + q3,xiw,M3)*p3.p3^2*xiw*ufoGC58^2*
      ufoGC3*ufoGC4
       - 1/4*g_(1,6_,nu9)*g_(2,nu9,q2)*cFT(nu13,XX,i2,iufo11)*cFT(g7,XX,iufo11
      ,j11)*flavourTag(fmu,j11,j12)*Vec(nu14,q2)*Vecr(nu13,p3)*Vecr(nu14,p3)*
      Den(p3 - q2 - q3)*Deng(p3,xiw,M3)^2*Deng(q2 + q3,xiw,M3)*xiw*ufoGC58^2*
      ufoGC3*ufoGC4
       - 1/4*g_(1,6_,nu9)*g_(2,nu9,q2)*cFT(nu13,XX,i2,iufo11)*cFT(g7,XX,iufo11
      ,j11)*flavourTag(fmu,j11,j12)*Vec(nu14,q3)*Vecr(nu13,p3)*Vecr(nu14,p3)*
      Den(p3 - q2 - q3)*Deng(p3,xiw,M3)^2*Deng(q2 + q3,xiw,M3)*xiw*ufoGC58^2*
      ufoGC3*ufoGC4
       + 1/4*g_(1,6_,nu9)*g_(2,nu9,q2)*cFT(nu13,XX,i2,iufo11)*cFT(g7,XX,iufo11
      ,j11)*flavourTag(fmu,j11,j12)*Vec(nu14,-q2)*Vecr(nu13,p3)*Vecr(nu14,p3)*
      Den(p3 - q2 - q3)*Deng(p3,xiw,M3)^2*Deng(q2 + q3,xiw,M3)*xiw*ufoGC58^2*
      ufoGC3*ufoGC4
       + 1/4*g_(1,6_,nu9)*g_(2,nu9,q2)*cFT(nu13,XX,i2,iufo11)*cFT(g7,XX,iufo11
      ,j11)*flavourTag(fmu,j11,j12)*Vec(nu14,-q3)*Vecr(nu13,p3)*Vecr(nu14,p3)*
      Den(p3 - q2 - q3)*Deng(p3,xiw,M3)^2*Deng(q2 + q3,xiw,M3)*xiw*ufoGC58^2*
      ufoGC3*ufoGC4
       + 1/4*g_(1,6_,nu9)*g_(2,nu9,q2)*cFT(nu13,XX,i2,iufo11)*cFT(g7,XX,iufo11
      ,j11)*flavourTag(fmu,j11,j12)*Vecr(nu13,p3)*Den(p3 - q2 - q3)*Deng(p3,
      xiw,M3)^2*Deng(q2 + q3,xiw,M3)*p3.p3*xiw*ufoGC58^2*ufoGC3*ufoGC4
       - 1/4*g_(1,6_,nu9)*g_(2,nu9,q2)*cFT(nu14,XX,i2,iufo11)*cFT(g7,XX,iufo11
      ,j11)/(d^3 + d^2 - 2*d)*flavourTag(fmu,j11,j12)*Vec(nu14,q2)*Den(p3 - q2
       - q3)^2*Deng(p3,xiw,M3)^2*Deng(q2 + q3,xiw,M3)*p3.p3^2*d*xia*xiw*
      ufoGC58^2*ufoGC3*ufoGC4
       + 1/4*g_(1,6_,nu9)*g_(2,nu9,q2)*cFT(nu14,XX,i2,iufo11)*cFT(g7,XX,iufo11
      ,j11)/(d^3 + d^2 - 2*d)*flavourTag(fmu,j11,j12)*Vec(nu14,q2)*Den(p3 - q2
       - q3)^2*Deng(p3,xiw,M3)^2*Deng(q2 + q3,xiw,M3)*p3.p3^2*d*xiw*ufoGC58^2*
      ufoGC3*ufoGC4
       + 1/4*g_(1,6_,nu9)*g_(2,nu9,q2)*cFT(nu14,XX,i2,iufo11)*cFT(g7,XX,iufo11
      ,j11)/(d^3 + d^2 - 2*d)*flavourTag(fmu,j11,j12)*Vec(nu14,q2)*Den(p3 - q2
       - q3)^2*Deng(p3,xiw,M3)^2*Deng(q2 + q3,xiw,M3)*p3.p3^2*xia*xiw*
      ufoGC58^2*ufoGC3*ufoGC4
       - 1/4*g_(1,6_,nu9)*g_(2,nu9,q2)*cFT(nu14,XX,i2,iufo11)*cFT(g7,XX,iufo11
      ,j11)/(d^3 + d^2 - 2*d)*flavourTag(fmu,j11,j12)*Vec(nu14,q2)*Den(p3 - q2
       - q3)^2*Deng(p3,xiw,M3)^2*Deng(q2 + q3,xiw,M3)*p3.p3^2*xiw*ufoGC58^2*
      ufoGC3*ufoGC4
       - 1/4*g_(1,6_,nu9)*g_(2,nu9,q2)*cFT(nu14,XX,i2,iufo11)*cFT(g7,XX,iufo11
      ,j11)/(d^3 + d^2 - 2*d)*flavourTag(fmu,j11,j12)*Vec(nu14,q3)*Den(p3 - q2
       - q3)^2*Deng(p3,xiw,M3)^2*Deng(q2 + q3,xiw,M3)*p3.p3^2*d*xia*xiw*
      ufoGC58^2*ufoGC3*ufoGC4
       + 1/4*g_(1,6_,nu9)*g_(2,nu9,q2)*cFT(nu14,XX,i2,iufo11)*cFT(g7,XX,iufo11
      ,j11)/(d^3 + d^2 - 2*d)*flavourTag(fmu,j11,j12)*Vec(nu14,q3)*Den(p3 - q2
       - q3)^2*Deng(p3,xiw,M3)^2*Deng(q2 + q3,xiw,M3)*p3.p3^2*d*xiw*ufoGC58^2*
      ufoGC3*ufoGC4
       + 1/4*g_(1,6_,nu9)*g_(2,nu9,q2)*cFT(nu14,XX,i2,iufo11)*cFT(g7,XX,iufo11
      ,j11)/(d^3 + d^2 - 2*d)*flavourTag(fmu,j11,j12)*Vec(nu14,q3)*Den(p3 - q2
       - q3)^2*Deng(p3,xiw,M3)^2*Deng(q2 + q3,xiw,M3)*p3.p3^2*xia*xiw*
      ufoGC58^2*ufoGC3*ufoGC4
       - 1/4*g_(1,6_,nu9)*g_(2,nu9,q2)*cFT(nu14,XX,i2,iufo11)*cFT(g7,XX,iufo11
      ,j11)/(d^3 + d^2 - 2*d)*flavourTag(fmu,j11,j12)*Vec(nu14,q3)*Den(p3 - q2
       - q3)^2*Deng(p3,xiw,M3)^2*Deng(q2 + q3,xiw,M3)*p3.p3^2*xiw*ufoGC58^2*
      ufoGC3*ufoGC4
       - 1/4*g_(1,6_,nu9)*g_(2,nu14,p3)*cFT(nu13,XX,i2,iufo11)*cFT(g7,XX,
      iufo11,j11)*flavourTag(fmu,j11,j12)*Vec(nu9,-p3)*Vecr(nu13,p3)*Vecr(nu14
      ,p3)*Den(p3 - q2 - q3)*Deng(p3,xiw,M3)^2*Deng(q2 + q3,xiw,M3)*xiw*
      ufoGC58^2*ufoGC3*ufoGC4
       + 1/4*g_(1,6_,nu9)*g_(2,nu14,p3)*cFT(nu13,XX,i2,iufo11)*cFT(g7,XX,
      iufo11,j11)*flavourTag(fmu,j11,j12)*Vec(nu9,-q2)*Vecr(nu13,p3)*Vecr(nu14
      ,p3)*Den(p3 - q2 - q3)*Deng(p3,xiw,M3)^2*Deng(q2 + q3,xiw,M3)*xiw*
      ufoGC58^2*ufoGC3*ufoGC4
       + 1/4*g_(1,6_,nu9)*g_(2,nu14,p3)*cFT(nu13,XX,i2,iufo11)*cFT(g7,XX,
      iufo11,j11)*flavourTag(fmu,j11,j12)*Vec(nu9,-q3)*Vecr(nu13,p3)*Vecr(nu14
      ,p3)*Den(p3 - q2 - q3)*Deng(p3,xiw,M3)^2*Deng(q2 + q3,xiw,M3)*xiw*
      ufoGC58^2*ufoGC3*ufoGC4
       + 1/4*g_(1,6_,nu9)*g_(2,nu14,p3)*cFT(nu13,XX,i2,iufo11)*cFT(g7,XX,
      iufo11,j11)*flavourTag(fmu,j11,j12)*Vecr(nu13,p3)*Vecr(nu9,p3)*Vecr(nu14
      ,p3)*Den(p3 - q2 - q3)*Deng(p3,xiw,M3)^2*Deng(q2 + q3,xiw,M3)*xiw*
      ufoGC58^2*ufoGC3*ufoGC4
       + 1/4*g_(1,6_,nu9)*g_(2,nu14,p3)*cFT(nu9,XX,i2,iufo11)*cFT(g7,XX,iufo11
      ,j11)/(d^3 + d^2 - 2*d)*flavourTag(fmu,j11,j12)*Vec(nu14,q2)*Den(p3 - q2
       - q3)^2*Deng(p3,xiw,M3)^2*Deng(q2 + q3,xiw,M3)*p3.p3^2*d*xia*xiw*
      ufoGC58^2*ufoGC3*ufoGC4
       - 1/4*g_(1,6_,nu9)*g_(2,nu14,p3)*cFT(nu9,XX,i2,iufo11)*cFT(g7,XX,iufo11
      ,j11)/(d^3 + d^2 - 2*d)*flavourTag(fmu,j11,j12)*Vec(nu14,q2)*Den(p3 - q2
       - q3)^2*Deng(p3,xiw,M3)^2*Deng(q2 + q3,xiw,M3)*p3.p3^2*d*xiw*ufoGC58^2*
      ufoGC3*ufoGC4
       - 1/4*g_(1,6_,nu9)*g_(2,nu14,p3)*cFT(nu9,XX,i2,iufo11)*cFT(g7,XX,iufo11
      ,j11)/(d^3 + d^2 - 2*d)*flavourTag(fmu,j11,j12)*Vec(nu14,q2)*Den(p3 - q2
       - q3)^2*Deng(p3,xiw,M3)^2*Deng(q2 + q3,xiw,M3)*p3.p3^2*xia*xiw*
      ufoGC58^2*ufoGC3*ufoGC4
       + 1/4*g_(1,6_,nu9)*g_(2,nu14,p3)*cFT(nu9,XX,i2,iufo11)*cFT(g7,XX,iufo11
      ,j11)/(d^3 + d^2 - 2*d)*flavourTag(fmu,j11,j12)*Vec(nu14,q2)*Den(p3 - q2
       - q3)^2*Deng(p3,xiw,M3)^2*Deng(q2 + q3,xiw,M3)*p3.p3^2*xiw*ufoGC58^2*
      ufoGC3*ufoGC4
       + 1/4*g_(1,6_,nu9)*g_(2,nu14,p3)*cFT(nu9,XX,i2,iufo11)*cFT(g7,XX,iufo11
      ,j11)/(d^3 + d^2 - 2*d)*flavourTag(fmu,j11,j12)*Vec(nu14,q3)*Den(p3 - q2
       - q3)^2*Deng(p3,xiw,M3)^2*Deng(q2 + q3,xiw,M3)*p3.p3^2*d*xia*xiw*
      ufoGC58^2*ufoGC3*ufoGC4
       - 1/4*g_(1,6_,nu9)*g_(2,nu14,p3)*cFT(nu9,XX,i2,iufo11)*cFT(g7,XX,iufo11
      ,j11)/(d^3 + d^2 - 2*d)*flavourTag(fmu,j11,j12)*Vec(nu14,q3)*Den(p3 - q2
       - q3)^2*Deng(p3,xiw,M3)^2*Deng(q2 + q3,xiw,M3)*p3.p3^2*d*xiw*ufoGC58^2*
      ufoGC3*ufoGC4
       - 1/4*g_(1,6_,nu9)*g_(2,nu14,p3)*cFT(nu9,XX,i2,iufo11)*cFT(g7,XX,iufo11
      ,j11)/(d^3 + d^2 - 2*d)*flavourTag(fmu,j11,j12)*Vec(nu14,q3)*Den(p3 - q2
       - q3)^2*Deng(p3,xiw,M3)^2*Deng(q2 + q3,xiw,M3)*p3.p3^2*xia*xiw*
      ufoGC58^2*ufoGC3*ufoGC4
       + 1/4*g_(1,6_,nu9)*g_(2,nu14,p3)*cFT(nu9,XX,i2,iufo11)*cFT(g7,XX,iufo11
      ,j11)/(d^3 + d^2 - 2*d)*flavourTag(fmu,j11,j12)*Vec(nu14,q3)*Den(p3 - q2
       - q3)^2*Deng(p3,xiw,M3)^2*Deng(q2 + q3,xiw,M3)*p3.p3^2*xiw*ufoGC58^2*
      ufoGC3*ufoGC4
       + 1/4*g_(1,6_,nu9)*g_(2,nu14,q2)*cFT(nu13,XX,i2,iufo11)*cFT(g7,XX,
      iufo11,j11)*flavourTag(fmu,j11,j12)*Vec(nu9,-p3)*Vecr(nu13,p3)*Vecr(nu14
      ,p3)*Den(p3 - q2 - q3)*Deng(p3,xiw,M3)^2*Deng(q2 + q3,xiw,M3)*xiw*
      ufoGC58^2*ufoGC3*ufoGC4
       - 1/4*g_(1,6_,nu9)*g_(2,nu14,q2)*cFT(nu13,XX,i2,iufo11)*cFT(g7,XX,
      iufo11,j11)*flavourTag(fmu,j11,j12)*Vec(nu9,-q2)*Vecr(nu13,p3)*Vecr(nu14
      ,p3)*Den(p3 - q2 - q3)*Deng(p3,xiw,M3)^2*Deng(q2 + q3,xiw,M3)*xiw*
      ufoGC58^2*ufoGC3*ufoGC4
       - 1/4*g_(1,6_,nu9)*g_(2,nu14,q2)*cFT(nu13,XX,i2,iufo11)*cFT(g7,XX,
      iufo11,j11)*flavourTag(fmu,j11,j12)*Vec(nu9,-q3)*Vecr(nu13,p3)*Vecr(nu14
      ,p3)*Den(p3 - q2 - q3)*Deng(p3,xiw,M3)^2*Deng(q2 + q3,xiw,M3)*xiw*
      ufoGC58^2*ufoGC3*ufoGC4
       - 1/4*g_(1,6_,nu9)*g_(2,nu14,q2)*cFT(nu13,XX,i2,iufo11)*cFT(g7,XX,
      iufo11,j11)*flavourTag(fmu,j11,j12)*Vecr(nu13,p3)*Vecr(nu9,p3)*Vecr(nu14
      ,p3)*Den(p3 - q2 - q3)*Deng(p3,xiw,M3)^2*Deng(q2 + q3,xiw,M3)*xiw*
      ufoGC58^2*ufoGC3*ufoGC4
       - 1/4*g_(1,6_,nu9)*g_(2,nu14,q2)*cFT(nu9,XX,i2,iufo11)*cFT(g7,XX,iufo11
      ,j11)/(d^3 + d^2 - 2*d)*flavourTag(fmu,j11,j12)*Vec(nu14,q2)*Den(p3 - q2
       - q3)^2*Deng(p3,xiw,M3)^2*Deng(q2 + q3,xiw,M3)*p3.p3^2*d*xia*xiw*
      ufoGC58^2*ufoGC3*ufoGC4
       + 1/4*g_(1,6_,nu9)*g_(2,nu14,q2)*cFT(nu9,XX,i2,iufo11)*cFT(g7,XX,iufo11
      ,j11)/(d^3 + d^2 - 2*d)*flavourTag(fmu,j11,j12)*Vec(nu14,q2)*Den(p3 - q2
       - q3)^2*Deng(p3,xiw,M3)^2*Deng(q2 + q3,xiw,M3)*p3.p3^2*d*xiw*ufoGC58^2*
      ufoGC3*ufoGC4
       + 1/4*g_(1,6_,nu9)*g_(2,nu14,q2)*cFT(nu9,XX,i2,iufo11)*cFT(g7,XX,iufo11
      ,j11)/(d^3 + d^2 - 2*d)*flavourTag(fmu,j11,j12)*Vec(nu14,q2)*Den(p3 - q2
       - q3)^2*Deng(p3,xiw,M3)^2*Deng(q2 + q3,xiw,M3)*p3.p3^2*xia*xiw*
      ufoGC58^2*ufoGC3*ufoGC4
       - 1/4*g_(1,6_,nu9)*g_(2,nu14,q2)*cFT(nu9,XX,i2,iufo11)*cFT(g7,XX,iufo11
      ,j11)/(d^3 + d^2 - 2*d)*flavourTag(fmu,j11,j12)*Vec(nu14,q2)*Den(p3 - q2
       - q3)^2*Deng(p3,xiw,M3)^2*Deng(q2 + q3,xiw,M3)*p3.p3^2*xiw*ufoGC58^2*
      ufoGC3*ufoGC4
       - 1/4*g_(1,6_,nu9)*g_(2,nu14,q2)*cFT(nu9,XX,i2,iufo11)*cFT(g7,XX,iufo11
      ,j11)/(d^3 + d^2 - 2*d)*flavourTag(fmu,j11,j12)*Vec(nu14,q3)*Den(p3 - q2
       - q3)^2*Deng(p3,xiw,M3)^2*Deng(q2 + q3,xiw,M3)*p3.p3^2*d*xia*xiw*
      ufoGC58^2*ufoGC3*ufoGC4
       + 1/4*g_(1,6_,nu9)*g_(2,nu14,q2)*cFT(nu9,XX,i2,iufo11)*cFT(g7,XX,iufo11
      ,j11)/(d^3 + d^2 - 2*d)*flavourTag(fmu,j11,j12)*Vec(nu14,q3)*Den(p3 - q2
       - q3)^2*Deng(p3,xiw,M3)^2*Deng(q2 + q3,xiw,M3)*p3.p3^2*d*xiw*ufoGC58^2*
      ufoGC3*ufoGC4
       + 1/4*g_(1,6_,nu9)*g_(2,nu14,q2)*cFT(nu9,XX,i2,iufo11)*cFT(g7,XX,iufo11
      ,j11)/(d^3 + d^2 - 2*d)*flavourTag(fmu,j11,j12)*Vec(nu14,q3)*Den(p3 - q2
       - q3)^2*Deng(p3,xiw,M3)^2*Deng(q2 + q3,xiw,M3)*p3.p3^2*xia*xiw*
      ufoGC58^2*ufoGC3*ufoGC4
       - 1/4*g_(1,6_,nu9)*g_(2,nu14,q2)*cFT(nu9,XX,i2,iufo11)*cFT(g7,XX,iufo11
      ,j11)/(d^3 + d^2 - 2*d)*flavourTag(fmu,j11,j12)*Vec(nu14,q3)*Den(p3 - q2
       - q3)^2*Deng(p3,xiw,M3)^2*Deng(q2 + q3,xiw,M3)*p3.p3^2*xiw*ufoGC58^2*
      ufoGC3*ufoGC4
       - 1/4*g_(1,6_,nu14)*g_(2,nu16,p3)*cFT(nu13,XX,i2,iufo11)*cFT(g7,XX,
      iufo11,j11)*flavourTag(fmu,j11,j12)*Vec(nu16,-q2)*Vec(nu15,q2)*Vecr(nu13
      ,p3)*Vecr(nu14,p3)*Vecr(nu15,p3)*Den(p3 - q2 - q3)^2*Deng(p3,xiw,M3)^2*
      Deng(q2 + q3,xiw,M3)*xia*xiw*ufoGC58^2*ufoGC3*ufoGC4
       + 1/4*g_(1,6_,nu14)*g_(2,nu16,p3)*cFT(nu13,XX,i2,iufo11)*cFT(g7,XX,
      iufo11,j11)*flavourTag(fmu,j11,j12)*Vec(nu16,-q2)*Vec(nu15,q2)*Vecr(nu13
      ,p3)*Vecr(nu14,p3)*Vecr(nu15,p3)*Den(p3 - q2 - q3)^2*Deng(p3,xiw,M3)^2*
      Deng(q2 + q3,xiw,M3)*xiw*ufoGC58^2*ufoGC3*ufoGC4
       - 1/4*g_(1,6_,nu14)*g_(2,nu16,p3)*cFT(nu13,XX,i2,iufo11)*cFT(g7,XX,
      iufo11,j11)*flavourTag(fmu,j11,j12)*Vec(nu16,-q2)*Vec(nu15,q3)*Vecr(nu13
      ,p3)*Vecr(nu14,p3)*Vecr(nu15,p3)*Den(p3 - q2 - q3)^2*Deng(p3,xiw,M3)^2*
      Deng(q2 + q3,xiw,M3)*xia*xiw*ufoGC58^2*ufoGC3*ufoGC4
       + 1/4*g_(1,6_,nu14)*g_(2,nu16,p3)*cFT(nu13,XX,i2,iufo11)*cFT(g7,XX,
      iufo11,j11)*flavourTag(fmu,j11,j12)*Vec(nu16,-q2)*Vec(nu15,q3)*Vecr(nu13
      ,p3)*Vecr(nu14,p3)*Vecr(nu15,p3)*Den(p3 - q2 - q3)^2*Deng(p3,xiw,M3)^2*
      Deng(q2 + q3,xiw,M3)*xiw*ufoGC58^2*ufoGC3*ufoGC4
       + 1/4*g_(1,6_,nu14)*g_(2,nu16,p3)*cFT(nu13,XX,i2,iufo11)*cFT(g7,XX,
      iufo11,j11)*flavourTag(fmu,j11,j12)*Vec(nu16,-q2)*Vec(nu15,-p3)*Vec(nu15
      ,-q2)*Vecr(nu13,p3)*Vecr(nu14,p3)*Den(p3 - q2 - q3)^2*Deng(p3,xiw,M3)^2*
      Deng(q2 + q3,xiw,M3)*xia*xiw*ufoGC58^2*ufoGC3*ufoGC4
       - 1/4*g_(1,6_,nu14)*g_(2,nu16,p3)*cFT(nu13,XX,i2,iufo11)*cFT(g7,XX,
      iufo11,j11)*flavourTag(fmu,j11,j12)*Vec(nu16,-q2)*Vec(nu15,-p3)*Vec(nu15
      ,-q2)*Vecr(nu13,p3)*Vecr(nu14,p3)*Den(p3 - q2 - q3)^2*Deng(p3,xiw,M3)^2*
      Deng(q2 + q3,xiw,M3)*xiw*ufoGC58^2*ufoGC3*ufoGC4
       + 1/4*g_(1,6_,nu14)*g_(2,nu16,p3)*cFT(nu13,XX,i2,iufo11)*cFT(g7,XX,
      iufo11,j11)*flavourTag(fmu,j11,j12)*Vec(nu16,-q2)*Vec(nu15,-p3)*Vec(nu15
      ,-q3)*Vecr(nu13,p3)*Vecr(nu14,p3)*Den(p3 - q2 - q3)^2*Deng(p3,xiw,M3)^2*
      Deng(q2 + q3,xiw,M3)*xia*xiw*ufoGC58^2*ufoGC3*ufoGC4
       - 1/4*g_(1,6_,nu14)*g_(2,nu16,p3)*cFT(nu13,XX,i2,iufo11)*cFT(g7,XX,
      iufo11,j11)*flavourTag(fmu,j11,j12)*Vec(nu16,-q2)*Vec(nu15,-p3)*Vec(nu15
      ,-q3)*Vecr(nu13,p3)*Vecr(nu14,p3)*Den(p3 - q2 - q3)^2*Deng(p3,xiw,M3)^2*
      Deng(q2 + q3,xiw,M3)*xiw*ufoGC58^2*ufoGC3*ufoGC4
       + 1/4*g_(1,6_,nu14)*g_(2,nu16,p3)*cFT(nu13,XX,i2,iufo11)*cFT(g7,XX,
      iufo11,j11)*flavourTag(fmu,j11,j12)*Vec(nu16,-q2)*Vec(nu15,-p3)*Vecr(
      nu13,p3)*Vecr(nu14,p3)*Vecr(nu15,p3)*Den(p3 - q2 - q3)^2*Deng(p3,xiw,M3)
      ^2*Deng(q2 + q3,xiw,M3)*xia*xiw*ufoGC58^2*ufoGC3*ufoGC4
       - 1/4*g_(1,6_,nu14)*g_(2,nu16,p3)*cFT(nu13,XX,i2,iufo11)*cFT(g7,XX,
      iufo11,j11)*flavourTag(fmu,j11,j12)*Vec(nu16,-q2)*Vec(nu15,-p3)*Vecr(
      nu13,p3)*Vecr(nu14,p3)*Vecr(nu15,p3)*Den(p3 - q2 - q3)^2*Deng(p3,xiw,M3)
      ^2*Deng(q2 + q3,xiw,M3)*xiw*ufoGC58^2*ufoGC3*ufoGC4
       - 1/4*g_(1,6_,nu14)*g_(2,nu16,p3)*cFT(nu13,XX,i2,iufo11)*cFT(g7,XX,
      iufo11,j11)*flavourTag(fmu,j11,j12)*Vec(nu16,-q2)*Vec(nu15,-q2)*Vec(nu15
      ,q2)*Vecr(nu13,p3)*Vecr(nu14,p3)*Den(p3 - q2 - q3)^2*Deng(p3,xiw,M3)^2*
      Deng(q2 + q3,xiw,M3)*xia*xiw*ufoGC58^2*ufoGC3*ufoGC4
       + 1/4*g_(1,6_,nu14)*g_(2,nu16,p3)*cFT(nu13,XX,i2,iufo11)*cFT(g7,XX,
      iufo11,j11)*flavourTag(fmu,j11,j12)*Vec(nu16,-q2)*Vec(nu15,-q2)*Vec(nu15
      ,q2)*Vecr(nu13,p3)*Vecr(nu14,p3)*Den(p3 - q2 - q3)^2*Deng(p3,xiw,M3)^2*
      Deng(q2 + q3,xiw,M3)*xiw*ufoGC58^2*ufoGC3*ufoGC4
       - 1/4*g_(1,6_,nu14)*g_(2,nu16,p3)*cFT(nu13,XX,i2,iufo11)*cFT(g7,XX,
      iufo11,j11)*flavourTag(fmu,j11,j12)*Vec(nu16,-q2)*Vec(nu15,-q2)*Vec(nu15
      ,q3)*Vecr(nu13,p3)*Vecr(nu14,p3)*Den(p3 - q2 - q3)^2*Deng(p3,xiw,M3)^2*
      Deng(q2 + q3,xiw,M3)*xia*xiw*ufoGC58^2*ufoGC3*ufoGC4
       + 1/4*g_(1,6_,nu14)*g_(2,nu16,p3)*cFT(nu13,XX,i2,iufo11)*cFT(g7,XX,
      iufo11,j11)*flavourTag(fmu,j11,j12)*Vec(nu16,-q2)*Vec(nu15,-q2)*Vec(nu15
      ,q3)*Vecr(nu13,p3)*Vecr(nu14,p3)*Den(p3 - q2 - q3)^2*Deng(p3,xiw,M3)^2*
      Deng(q2 + q3,xiw,M3)*xiw*ufoGC58^2*ufoGC3*ufoGC4
       - 1/4*g_(1,6_,nu14)*g_(2,nu16,p3)*cFT(nu13,XX,i2,iufo11)*cFT(g7,XX,
      iufo11,j11)*flavourTag(fmu,j11,j12)*Vec(nu16,-q2)*Vec(nu15,-q3)*Vec(nu15
      ,q2)*Vecr(nu13,p3)*Vecr(nu14,p3)*Den(p3 - q2 - q3)^2*Deng(p3,xiw,M3)^2*
      Deng(q2 + q3,xiw,M3)*xia*xiw*ufoGC58^2*ufoGC3*ufoGC4
       + 1/4*g_(1,6_,nu14)*g_(2,nu16,p3)*cFT(nu13,XX,i2,iufo11)*cFT(g7,XX,
      iufo11,j11)*flavourTag(fmu,j11,j12)*Vec(nu16,-q2)*Vec(nu15,-q3)*Vec(nu15
      ,q2)*Vecr(nu13,p3)*Vecr(nu14,p3)*Den(p3 - q2 - q3)^2*Deng(p3,xiw,M3)^2*
      Deng(q2 + q3,xiw,M3)*xiw*ufoGC58^2*ufoGC3*ufoGC4
       - 1/4*g_(1,6_,nu14)*g_(2,nu16,p3)*cFT(nu13,XX,i2,iufo11)*cFT(g7,XX,
      iufo11,j11)*flavourTag(fmu,j11,j12)*Vec(nu16,-q2)*Vec(nu15,-q3)*Vec(nu15
      ,q3)*Vecr(nu13,p3)*Vecr(nu14,p3)*Den(p3 - q2 - q3)^2*Deng(p3,xiw,M3)^2*
      Deng(q2 + q3,xiw,M3)*xia*xiw*ufoGC58^2*ufoGC3*ufoGC4
       + 1/4*g_(1,6_,nu14)*g_(2,nu16,p3)*cFT(nu13,XX,i2,iufo11)*cFT(g7,XX,
      iufo11,j11)*flavourTag(fmu,j11,j12)*Vec(nu16,-q2)*Vec(nu15,-q3)*Vec(nu15
      ,q3)*Vecr(nu13,p3)*Vecr(nu14,p3)*Den(p3 - q2 - q3)^2*Deng(p3,xiw,M3)^2*
      Deng(q2 + q3,xiw,M3)*xiw*ufoGC58^2*ufoGC3*ufoGC4
       - 1/4*g_(1,6_,nu14)*g_(2,nu16,p3)*cFT(nu13,XX,i2,iufo11)*cFT(g7,XX,
      iufo11,j11)*flavourTag(fmu,j11,j12)*Vec(nu16,-q3)*Vec(nu15,q2)*Vecr(nu13
      ,p3)*Vecr(nu14,p3)*Vecr(nu15,p3)*Den(p3 - q2 - q3)^2*Deng(p3,xiw,M3)^2*
      Deng(q2 + q3,xiw,M3)*xia*xiw*ufoGC58^2*ufoGC3*ufoGC4
       + 1/4*g_(1,6_,nu14)*g_(2,nu16,p3)*cFT(nu13,XX,i2,iufo11)*cFT(g7,XX,
      iufo11,j11)*flavourTag(fmu,j11,j12)*Vec(nu16,-q3)*Vec(nu15,q2)*Vecr(nu13
      ,p3)*Vecr(nu14,p3)*Vecr(nu15,p3)*Den(p3 - q2 - q3)^2*Deng(p3,xiw,M3)^2*
      Deng(q2 + q3,xiw,M3)*xiw*ufoGC58^2*ufoGC3*ufoGC4
       - 1/4*g_(1,6_,nu14)*g_(2,nu16,p3)*cFT(nu13,XX,i2,iufo11)*cFT(g7,XX,
      iufo11,j11)*flavourTag(fmu,j11,j12)*Vec(nu16,-q3)*Vec(nu15,q3)*Vecr(nu13
      ,p3)*Vecr(nu14,p3)*Vecr(nu15,p3)*Den(p3 - q2 - q3)^2*Deng(p3,xiw,M3)^2*
      Deng(q2 + q3,xiw,M3)*xia*xiw*ufoGC58^2*ufoGC3*ufoGC4
       + 1/4*g_(1,6_,nu14)*g_(2,nu16,p3)*cFT(nu13,XX,i2,iufo11)*cFT(g7,XX,
      iufo11,j11)*flavourTag(fmu,j11,j12)*Vec(nu16,-q3)*Vec(nu15,q3)*Vecr(nu13
      ,p3)*Vecr(nu14,p3)*Vecr(nu15,p3)*Den(p3 - q2 - q3)^2*Deng(p3,xiw,M3)^2*
      Deng(q2 + q3,xiw,M3)*xiw*ufoGC58^2*ufoGC3*ufoGC4
       + 1/4*g_(1,6_,nu14)*g_(2,nu16,p3)*cFT(nu13,XX,i2,iufo11)*cFT(g7,XX,
      iufo11,j11)*flavourTag(fmu,j11,j12)*Vec(nu16,-q3)*Vec(nu15,-p3)*Vec(nu15
      ,-q2)*Vecr(nu13,p3)*Vecr(nu14,p3)*Den(p3 - q2 - q3)^2*Deng(p3,xiw,M3)^2*
      Deng(q2 + q3,xiw,M3)*xia*xiw*ufoGC58^2*ufoGC3*ufoGC4
       - 1/4*g_(1,6_,nu14)*g_(2,nu16,p3)*cFT(nu13,XX,i2,iufo11)*cFT(g7,XX,
      iufo11,j11)*flavourTag(fmu,j11,j12)*Vec(nu16,-q3)*Vec(nu15,-p3)*Vec(nu15
      ,-q2)*Vecr(nu13,p3)*Vecr(nu14,p3)*Den(p3 - q2 - q3)^2*Deng(p3,xiw,M3)^2*
      Deng(q2 + q3,xiw,M3)*xiw*ufoGC58^2*ufoGC3*ufoGC4
       + 1/4*g_(1,6_,nu14)*g_(2,nu16,p3)*cFT(nu13,XX,i2,iufo11)*cFT(g7,XX,
      iufo11,j11)*flavourTag(fmu,j11,j12)*Vec(nu16,-q3)*Vec(nu15,-p3)*Vec(nu15
      ,-q3)*Vecr(nu13,p3)*Vecr(nu14,p3)*Den(p3 - q2 - q3)^2*Deng(p3,xiw,M3)^2*
      Deng(q2 + q3,xiw,M3)*xia*xiw*ufoGC58^2*ufoGC3*ufoGC4
       - 1/4*g_(1,6_,nu14)*g_(2,nu16,p3)*cFT(nu13,XX,i2,iufo11)*cFT(g7,XX,
      iufo11,j11)*flavourTag(fmu,j11,j12)*Vec(nu16,-q3)*Vec(nu15,-p3)*Vec(nu15
      ,-q3)*Vecr(nu13,p3)*Vecr(nu14,p3)*Den(p3 - q2 - q3)^2*Deng(p3,xiw,M3)^2*
      Deng(q2 + q3,xiw,M3)*xiw*ufoGC58^2*ufoGC3*ufoGC4
       + 1/4*g_(1,6_,nu14)*g_(2,nu16,p3)*cFT(nu13,XX,i2,iufo11)*cFT(g7,XX,
      iufo11,j11)*flavourTag(fmu,j11,j12)*Vec(nu16,-q3)*Vec(nu15,-p3)*Vecr(
      nu13,p3)*Vecr(nu14,p3)*Vecr(nu15,p3)*Den(p3 - q2 - q3)^2*Deng(p3,xiw,M3)
      ^2*Deng(q2 + q3,xiw,M3)*xia*xiw*ufoGC58^2*ufoGC3*ufoGC4
       - 1/4*g_(1,6_,nu14)*g_(2,nu16,p3)*cFT(nu13,XX,i2,iufo11)*cFT(g7,XX,
      iufo11,j11)*flavourTag(fmu,j11,j12)*Vec(nu16,-q3)*Vec(nu15,-p3)*Vecr(
      nu13,p3)*Vecr(nu14,p3)*Vecr(nu15,p3)*Den(p3 - q2 - q3)^2*Deng(p3,xiw,M3)
      ^2*Deng(q2 + q3,xiw,M3)*xiw*ufoGC58^2*ufoGC3*ufoGC4
       - 1/4*g_(1,6_,nu14)*g_(2,nu16,p3)*cFT(nu13,XX,i2,iufo11)*cFT(g7,XX,
      iufo11,j11)*flavourTag(fmu,j11,j12)*Vec(nu16,-q3)*Vec(nu15,-q2)*Vec(nu15
      ,q2)*Vecr(nu13,p3)*Vecr(nu14,p3)*Den(p3 - q2 - q3)^2*Deng(p3,xiw,M3)^2*
      Deng(q2 + q3,xiw,M3)*xia*xiw*ufoGC58^2*ufoGC3*ufoGC4
       + 1/4*g_(1,6_,nu14)*g_(2,nu16,p3)*cFT(nu13,XX,i2,iufo11)*cFT(g7,XX,
      iufo11,j11)*flavourTag(fmu,j11,j12)*Vec(nu16,-q3)*Vec(nu15,-q2)*Vec(nu15
      ,q2)*Vecr(nu13,p3)*Vecr(nu14,p3)*Den(p3 - q2 - q3)^2*Deng(p3,xiw,M3)^2*
      Deng(q2 + q3,xiw,M3)*xiw*ufoGC58^2*ufoGC3*ufoGC4
       - 1/4*g_(1,6_,nu14)*g_(2,nu16,p3)*cFT(nu13,XX,i2,iufo11)*cFT(g7,XX,
      iufo11,j11)*flavourTag(fmu,j11,j12)*Vec(nu16,-q3)*Vec(nu15,-q2)*Vec(nu15
      ,q3)*Vecr(nu13,p3)*Vecr(nu14,p3)*Den(p3 - q2 - q3)^2*Deng(p3,xiw,M3)^2*
      Deng(q2 + q3,xiw,M3)*xia*xiw*ufoGC58^2*ufoGC3*ufoGC4
       + 1/4*g_(1,6_,nu14)*g_(2,nu16,p3)*cFT(nu13,XX,i2,iufo11)*cFT(g7,XX,
      iufo11,j11)*flavourTag(fmu,j11,j12)*Vec(nu16,-q3)*Vec(nu15,-q2)*Vec(nu15
      ,q3)*Vecr(nu13,p3)*Vecr(nu14,p3)*Den(p3 - q2 - q3)^2*Deng(p3,xiw,M3)^2*
      Deng(q2 + q3,xiw,M3)*xiw*ufoGC58^2*ufoGC3*ufoGC4
       - 1/4*g_(1,6_,nu14)*g_(2,nu16,p3)*cFT(nu13,XX,i2,iufo11)*cFT(g7,XX,
      iufo11,j11)*flavourTag(fmu,j11,j12)*Vec(nu16,-q3)*Vec(nu15,-q3)*Vec(nu15
      ,q2)*Vecr(nu13,p3)*Vecr(nu14,p3)*Den(p3 - q2 - q3)^2*Deng(p3,xiw,M3)^2*
      Deng(q2 + q3,xiw,M3)*xia*xiw*ufoGC58^2*ufoGC3*ufoGC4
       + 1/4*g_(1,6_,nu14)*g_(2,nu16,p3)*cFT(nu13,XX,i2,iufo11)*cFT(g7,XX,
      iufo11,j11)*flavourTag(fmu,j11,j12)*Vec(nu16,-q3)*Vec(nu15,-q3)*Vec(nu15
      ,q2)*Vecr(nu13,p3)*Vecr(nu14,p3)*Den(p3 - q2 - q3)^2*Deng(p3,xiw,M3)^2*
      Deng(q2 + q3,xiw,M3)*xiw*ufoGC58^2*ufoGC3*ufoGC4
       - 1/4*g_(1,6_,nu14)*g_(2,nu16,p3)*cFT(nu13,XX,i2,iufo11)*cFT(g7,XX,
      iufo11,j11)*flavourTag(fmu,j11,j12)*Vec(nu16,-q3)*Vec(nu15,-q3)*Vec(nu15
      ,q3)*Vecr(nu13,p3)*Vecr(nu14,p3)*Den(p3 - q2 - q3)^2*Deng(p3,xiw,M3)^2*
      Deng(q2 + q3,xiw,M3)*xia*xiw*ufoGC58^2*ufoGC3*ufoGC4
       + 1/4*g_(1,6_,nu14)*g_(2,nu16,p3)*cFT(nu13,XX,i2,iufo11)*cFT(g7,XX,
      iufo11,j11)*flavourTag(fmu,j11,j12)*Vec(nu16,-q3)*Vec(nu15,-q3)*Vec(nu15
      ,q3)*Vecr(nu13,p3)*Vecr(nu14,p3)*Den(p3 - q2 - q3)^2*Deng(p3,xiw,M3)^2*
      Deng(q2 + q3,xiw,M3)*xiw*ufoGC58^2*ufoGC3*ufoGC4
       + 1/4*g_(1,6_,nu14)*g_(2,nu16,p3)*cFT(nu13,XX,i2,iufo11)*cFT(g7,XX,
      iufo11,j11)*flavourTag(fmu,j11,j12)*Vec(nu15,-p3)*Vec(nu15,-q2)*Vecr(
      nu16,p3)*Vecr(nu13,p3)*Vecr(nu14,p3)*Den(p3 - q2 - q3)^2*Deng(p3,xiw,M3)
      ^2*Deng(q2 + q3,xiw,M3)*xia*xiw*ufoGC58^2*ufoGC3*ufoGC4
       - 1/4*g_(1,6_,nu14)*g_(2,nu16,p3)*cFT(nu13,XX,i2,iufo11)*cFT(g7,XX,
      iufo11,j11)*flavourTag(fmu,j11,j12)*Vec(nu15,-p3)*Vec(nu15,-q2)*Vecr(
      nu16,p3)*Vecr(nu13,p3)*Vecr(nu14,p3)*Den(p3 - q2 - q3)^2*Deng(p3,xiw,M3)
      ^2*Deng(q2 + q3,xiw,M3)*xiw*ufoGC58^2*ufoGC3*ufoGC4
       + 1/4*g_(1,6_,nu14)*g_(2,nu16,p3)*cFT(nu13,XX,i2,iufo11)*cFT(g7,XX,
      iufo11,j11)*flavourTag(fmu,j11,j12)*Vec(nu15,-p3)*Vec(nu15,-q3)*Vecr(
      nu16,p3)*Vecr(nu13,p3)*Vecr(nu14,p3)*Den(p3 - q2 - q3)^2*Deng(p3,xiw,M3)
      ^2*Deng(q2 + q3,xiw,M3)*xia*xiw*ufoGC58^2*ufoGC3*ufoGC4
       - 1/4*g_(1,6_,nu14)*g_(2,nu16,p3)*cFT(nu13,XX,i2,iufo11)*cFT(g7,XX,
      iufo11,j11)*flavourTag(fmu,j11,j12)*Vec(nu15,-p3)*Vec(nu15,-q3)*Vecr(
      nu16,p3)*Vecr(nu13,p3)*Vecr(nu14,p3)*Den(p3 - q2 - q3)^2*Deng(p3,xiw,M3)
      ^2*Deng(q2 + q3,xiw,M3)*xiw*ufoGC58^2*ufoGC3*ufoGC4
       - 1/4*g_(1,6_,nu14)*g_(2,nu16,p3)*cFT(nu13,XX,i2,iufo11)*cFT(g7,XX,
      iufo11,j11)*flavourTag(fmu,j11,j12)*Vec(nu15,-q2)*Vec(nu15,q2)*Vecr(nu16
      ,p3)*Vecr(nu13,p3)*Vecr(nu14,p3)*Den(p3 - q2 - q3)^2*Deng(p3,xiw,M3)^2*
      Deng(q2 + q3,xiw,M3)*xia*xiw*ufoGC58^2*ufoGC3*ufoGC4
       + 1/4*g_(1,6_,nu14)*g_(2,nu16,p3)*cFT(nu13,XX,i2,iufo11)*cFT(g7,XX,
      iufo11,j11)*flavourTag(fmu,j11,j12)*Vec(nu15,-q2)*Vec(nu15,q2)*Vecr(nu16
      ,p3)*Vecr(nu13,p3)*Vecr(nu14,p3)*Den(p3 - q2 - q3)^2*Deng(p3,xiw,M3)^2*
      Deng(q2 + q3,xiw,M3)*xiw*ufoGC58^2*ufoGC3*ufoGC4
       - 1/4*g_(1,6_,nu14)*g_(2,nu16,p3)*cFT(nu13,XX,i2,iufo11)*cFT(g7,XX,
      iufo11,j11)*flavourTag(fmu,j11,j12)*Vec(nu15,-q2)*Vec(nu15,q3)*Vecr(nu16
      ,p3)*Vecr(nu13,p3)*Vecr(nu14,p3)*Den(p3 - q2 - q3)^2*Deng(p3,xiw,M3)^2*
      Deng(q2 + q3,xiw,M3)*xia*xiw*ufoGC58^2*ufoGC3*ufoGC4
       + 1/4*g_(1,6_,nu14)*g_(2,nu16,p3)*cFT(nu13,XX,i2,iufo11)*cFT(g7,XX,
      iufo11,j11)*flavourTag(fmu,j11,j12)*Vec(nu15,-q2)*Vec(nu15,q3)*Vecr(nu16
      ,p3)*Vecr(nu13,p3)*Vecr(nu14,p3)*Den(p3 - q2 - q3)^2*Deng(p3,xiw,M3)^2*
      Deng(q2 + q3,xiw,M3)*xiw*ufoGC58^2*ufoGC3*ufoGC4
       - 1/4*g_(1,6_,nu14)*g_(2,nu16,p3)*cFT(nu13,XX,i2,iufo11)*cFT(g7,XX,
      iufo11,j11)*flavourTag(fmu,j11,j12)*Vec(nu15,-q3)*Vec(nu15,q2)*Vecr(nu16
      ,p3)*Vecr(nu13,p3)*Vecr(nu14,p3)*Den(p3 - q2 - q3)^2*Deng(p3,xiw,M3)^2*
      Deng(q2 + q3,xiw,M3)*xia*xiw*ufoGC58^2*ufoGC3*ufoGC4
       + 1/4*g_(1,6_,nu14)*g_(2,nu16,p3)*cFT(nu13,XX,i2,iufo11)*cFT(g7,XX,
      iufo11,j11)*flavourTag(fmu,j11,j12)*Vec(nu15,-q3)*Vec(nu15,q2)*Vecr(nu16
      ,p3)*Vecr(nu13,p3)*Vecr(nu14,p3)*Den(p3 - q2 - q3)^2*Deng(p3,xiw,M3)^2*
      Deng(q2 + q3,xiw,M3)*xiw*ufoGC58^2*ufoGC3*ufoGC4
       - 1/4*g_(1,6_,nu14)*g_(2,nu16,p3)*cFT(nu13,XX,i2,iufo11)*cFT(g7,XX,
      iufo11,j11)*flavourTag(fmu,j11,j12)*Vec(nu15,-q3)*Vec(nu15,q3)*Vecr(nu16
      ,p3)*Vecr(nu13,p3)*Vecr(nu14,p3)*Den(p3 - q2 - q3)^2*Deng(p3,xiw,M3)^2*
      Deng(q2 + q3,xiw,M3)*xia*xiw*ufoGC58^2*ufoGC3*ufoGC4
       + 1/4*g_(1,6_,nu14)*g_(2,nu16,p3)*cFT(nu13,XX,i2,iufo11)*cFT(g7,XX,
      iufo11,j11)*flavourTag(fmu,j11,j12)*Vec(nu15,-q3)*Vec(nu15,q3)*Vecr(nu16
      ,p3)*Vecr(nu13,p3)*Vecr(nu14,p3)*Den(p3 - q2 - q3)^2*Deng(p3,xiw,M3)^2*
      Deng(q2 + q3,xiw,M3)*xiw*ufoGC58^2*ufoGC3*ufoGC4
       + 1/4*g_(1,6_,nu14)*g_(2,nu16,q2)*cFT(nu13,XX,i2,iufo11)*cFT(g7,XX,
      iufo11,j11)*flavourTag(fmu,j11,j12)*Vec(nu16,-q2)*Vec(nu15,q2)*Vecr(nu13
      ,p3)*Vecr(nu14,p3)*Vecr(nu15,p3)*Den(p3 - q2 - q3)^2*Deng(p3,xiw,M3)^2*
      Deng(q2 + q3,xiw,M3)*xia*xiw*ufoGC58^2*ufoGC3*ufoGC4
       - 1/4*g_(1,6_,nu14)*g_(2,nu16,q2)*cFT(nu13,XX,i2,iufo11)*cFT(g7,XX,
      iufo11,j11)*flavourTag(fmu,j11,j12)*Vec(nu16,-q2)*Vec(nu15,q2)*Vecr(nu13
      ,p3)*Vecr(nu14,p3)*Vecr(nu15,p3)*Den(p3 - q2 - q3)^2*Deng(p3,xiw,M3)^2*
      Deng(q2 + q3,xiw,M3)*xiw*ufoGC58^2*ufoGC3*ufoGC4
       + 1/4*g_(1,6_,nu14)*g_(2,nu16,q2)*cFT(nu13,XX,i2,iufo11)*cFT(g7,XX,
      iufo11,j11)*flavourTag(fmu,j11,j12)*Vec(nu16,-q2)*Vec(nu15,q3)*Vecr(nu13
      ,p3)*Vecr(nu14,p3)*Vecr(nu15,p3)*Den(p3 - q2 - q3)^2*Deng(p3,xiw,M3)^2*
      Deng(q2 + q3,xiw,M3)*xia*xiw*ufoGC58^2*ufoGC3*ufoGC4
       - 1/4*g_(1,6_,nu14)*g_(2,nu16,q2)*cFT(nu13,XX,i2,iufo11)*cFT(g7,XX,
      iufo11,j11)*flavourTag(fmu,j11,j12)*Vec(nu16,-q2)*Vec(nu15,q3)*Vecr(nu13
      ,p3)*Vecr(nu14,p3)*Vecr(nu15,p3)*Den(p3 - q2 - q3)^2*Deng(p3,xiw,M3)^2*
      Deng(q2 + q3,xiw,M3)*xiw*ufoGC58^2*ufoGC3*ufoGC4
       - 1/4*g_(1,6_,nu14)*g_(2,nu16,q2)*cFT(nu13,XX,i2,iufo11)*cFT(g7,XX,
      iufo11,j11)*flavourTag(fmu,j11,j12)*Vec(nu16,-q2)*Vec(nu15,-p3)*Vec(nu15
      ,-q2)*Vecr(nu13,p3)*Vecr(nu14,p3)*Den(p3 - q2 - q3)^2*Deng(p3,xiw,M3)^2*
      Deng(q2 + q3,xiw,M3)*xia*xiw*ufoGC58^2*ufoGC3*ufoGC4
       + 1/4*g_(1,6_,nu14)*g_(2,nu16,q2)*cFT(nu13,XX,i2,iufo11)*cFT(g7,XX,
      iufo11,j11)*flavourTag(fmu,j11,j12)*Vec(nu16,-q2)*Vec(nu15,-p3)*Vec(nu15
      ,-q2)*Vecr(nu13,p3)*Vecr(nu14,p3)*Den(p3 - q2 - q3)^2*Deng(p3,xiw,M3)^2*
      Deng(q2 + q3,xiw,M3)*xiw*ufoGC58^2*ufoGC3*ufoGC4
       - 1/4*g_(1,6_,nu14)*g_(2,nu16,q2)*cFT(nu13,XX,i2,iufo11)*cFT(g7,XX,
      iufo11,j11)*flavourTag(fmu,j11,j12)*Vec(nu16,-q2)*Vec(nu15,-p3)*Vec(nu15
      ,-q3)*Vecr(nu13,p3)*Vecr(nu14,p3)*Den(p3 - q2 - q3)^2*Deng(p3,xiw,M3)^2*
      Deng(q2 + q3,xiw,M3)*xia*xiw*ufoGC58^2*ufoGC3*ufoGC4
       + 1/4*g_(1,6_,nu14)*g_(2,nu16,q2)*cFT(nu13,XX,i2,iufo11)*cFT(g7,XX,
      iufo11,j11)*flavourTag(fmu,j11,j12)*Vec(nu16,-q2)*Vec(nu15,-p3)*Vec(nu15
      ,-q3)*Vecr(nu13,p3)*Vecr(nu14,p3)*Den(p3 - q2 - q3)^2*Deng(p3,xiw,M3)^2*
      Deng(q2 + q3,xiw,M3)*xiw*ufoGC58^2*ufoGC3*ufoGC4
       - 1/4*g_(1,6_,nu14)*g_(2,nu16,q2)*cFT(nu13,XX,i2,iufo11)*cFT(g7,XX,
      iufo11,j11)*flavourTag(fmu,j11,j12)*Vec(nu16,-q2)*Vec(nu15,-p3)*Vecr(
      nu13,p3)*Vecr(nu14,p3)*Vecr(nu15,p3)*Den(p3 - q2 - q3)^2*Deng(p3,xiw,M3)
      ^2*Deng(q2 + q3,xiw,M3)*xia*xiw*ufoGC58^2*ufoGC3*ufoGC4
       + 1/4*g_(1,6_,nu14)*g_(2,nu16,q2)*cFT(nu13,XX,i2,iufo11)*cFT(g7,XX,
      iufo11,j11)*flavourTag(fmu,j11,j12)*Vec(nu16,-q2)*Vec(nu15,-p3)*Vecr(
      nu13,p3)*Vecr(nu14,p3)*Vecr(nu15,p3)*Den(p3 - q2 - q3)^2*Deng(p3,xiw,M3)
      ^2*Deng(q2 + q3,xiw,M3)*xiw*ufoGC58^2*ufoGC3*ufoGC4
       + 1/4*g_(1,6_,nu14)*g_(2,nu16,q2)*cFT(nu13,XX,i2,iufo11)*cFT(g7,XX,
      iufo11,j11)*flavourTag(fmu,j11,j12)*Vec(nu16,-q2)*Vec(nu15,-q2)*Vec(nu15
      ,q2)*Vecr(nu13,p3)*Vecr(nu14,p3)*Den(p3 - q2 - q3)^2*Deng(p3,xiw,M3)^2*
      Deng(q2 + q3,xiw,M3)*xia*xiw*ufoGC58^2*ufoGC3*ufoGC4
       - 1/4*g_(1,6_,nu14)*g_(2,nu16,q2)*cFT(nu13,XX,i2,iufo11)*cFT(g7,XX,
      iufo11,j11)*flavourTag(fmu,j11,j12)*Vec(nu16,-q2)*Vec(nu15,-q2)*Vec(nu15
      ,q2)*Vecr(nu13,p3)*Vecr(nu14,p3)*Den(p3 - q2 - q3)^2*Deng(p3,xiw,M3)^2*
      Deng(q2 + q3,xiw,M3)*xiw*ufoGC58^2*ufoGC3*ufoGC4
       + 1/4*g_(1,6_,nu14)*g_(2,nu16,q2)*cFT(nu13,XX,i2,iufo11)*cFT(g7,XX,
      iufo11,j11)*flavourTag(fmu,j11,j12)*Vec(nu16,-q2)*Vec(nu15,-q2)*Vec(nu15
      ,q3)*Vecr(nu13,p3)*Vecr(nu14,p3)*Den(p3 - q2 - q3)^2*Deng(p3,xiw,M3)^2*
      Deng(q2 + q3,xiw,M3)*xia*xiw*ufoGC58^2*ufoGC3*ufoGC4
       - 1/4*g_(1,6_,nu14)*g_(2,nu16,q2)*cFT(nu13,XX,i2,iufo11)*cFT(g7,XX,
      iufo11,j11)*flavourTag(fmu,j11,j12)*Vec(nu16,-q2)*Vec(nu15,-q2)*Vec(nu15
      ,q3)*Vecr(nu13,p3)*Vecr(nu14,p3)*Den(p3 - q2 - q3)^2*Deng(p3,xiw,M3)^2*
      Deng(q2 + q3,xiw,M3)*xiw*ufoGC58^2*ufoGC3*ufoGC4
       + 1/4*g_(1,6_,nu14)*g_(2,nu16,q2)*cFT(nu13,XX,i2,iufo11)*cFT(g7,XX,
      iufo11,j11)*flavourTag(fmu,j11,j12)*Vec(nu16,-q2)*Vec(nu15,-q3)*Vec(nu15
      ,q2)*Vecr(nu13,p3)*Vecr(nu14,p3)*Den(p3 - q2 - q3)^2*Deng(p3,xiw,M3)^2*
      Deng(q2 + q3,xiw,M3)*xia*xiw*ufoGC58^2*ufoGC3*ufoGC4
       - 1/4*g_(1,6_,nu14)*g_(2,nu16,q2)*cFT(nu13,XX,i2,iufo11)*cFT(g7,XX,
      iufo11,j11)*flavourTag(fmu,j11,j12)*Vec(nu16,-q2)*Vec(nu15,-q3)*Vec(nu15
      ,q2)*Vecr(nu13,p3)*Vecr(nu14,p3)*Den(p3 - q2 - q3)^2*Deng(p3,xiw,M3)^2*
      Deng(q2 + q3,xiw,M3)*xiw*ufoGC58^2*ufoGC3*ufoGC4
       + 1/4*g_(1,6_,nu14)*g_(2,nu16,q2)*cFT(nu13,XX,i2,iufo11)*cFT(g7,XX,
      iufo11,j11)*flavourTag(fmu,j11,j12)*Vec(nu16,-q2)*Vec(nu15,-q3)*Vec(nu15
      ,q3)*Vecr(nu13,p3)*Vecr(nu14,p3)*Den(p3 - q2 - q3)^2*Deng(p3,xiw,M3)^2*
      Deng(q2 + q3,xiw,M3)*xia*xiw*ufoGC58^2*ufoGC3*ufoGC4
       - 1/4*g_(1,6_,nu14)*g_(2,nu16,q2)*cFT(nu13,XX,i2,iufo11)*cFT(g7,XX,
      iufo11,j11)*flavourTag(fmu,j11,j12)*Vec(nu16,-q2)*Vec(nu15,-q3)*Vec(nu15
      ,q3)*Vecr(nu13,p3)*Vecr(nu14,p3)*Den(p3 - q2 - q3)^2*Deng(p3,xiw,M3)^2*
      Deng(q2 + q3,xiw,M3)*xiw*ufoGC58^2*ufoGC3*ufoGC4
       + 1/4*g_(1,6_,nu14)*g_(2,nu16,q2)*cFT(nu13,XX,i2,iufo11)*cFT(g7,XX,
      iufo11,j11)*flavourTag(fmu,j11,j12)*Vec(nu16,-q3)*Vec(nu15,q2)*Vecr(nu13
      ,p3)*Vecr(nu14,p3)*Vecr(nu15,p3)*Den(p3 - q2 - q3)^2*Deng(p3,xiw,M3)^2*
      Deng(q2 + q3,xiw,M3)*xia*xiw*ufoGC58^2*ufoGC3*ufoGC4
       - 1/4*g_(1,6_,nu14)*g_(2,nu16,q2)*cFT(nu13,XX,i2,iufo11)*cFT(g7,XX,
      iufo11,j11)*flavourTag(fmu,j11,j12)*Vec(nu16,-q3)*Vec(nu15,q2)*Vecr(nu13
      ,p3)*Vecr(nu14,p3)*Vecr(nu15,p3)*Den(p3 - q2 - q3)^2*Deng(p3,xiw,M3)^2*
      Deng(q2 + q3,xiw,M3)*xiw*ufoGC58^2*ufoGC3*ufoGC4
       + 1/4*g_(1,6_,nu14)*g_(2,nu16,q2)*cFT(nu13,XX,i2,iufo11)*cFT(g7,XX,
      iufo11,j11)*flavourTag(fmu,j11,j12)*Vec(nu16,-q3)*Vec(nu15,q3)*Vecr(nu13
      ,p3)*Vecr(nu14,p3)*Vecr(nu15,p3)*Den(p3 - q2 - q3)^2*Deng(p3,xiw,M3)^2*
      Deng(q2 + q3,xiw,M3)*xia*xiw*ufoGC58^2*ufoGC3*ufoGC4
       - 1/4*g_(1,6_,nu14)*g_(2,nu16,q2)*cFT(nu13,XX,i2,iufo11)*cFT(g7,XX,
      iufo11,j11)*flavourTag(fmu,j11,j12)*Vec(nu16,-q3)*Vec(nu15,q3)*Vecr(nu13
      ,p3)*Vecr(nu14,p3)*Vecr(nu15,p3)*Den(p3 - q2 - q3)^2*Deng(p3,xiw,M3)^2*
      Deng(q2 + q3,xiw,M3)*xiw*ufoGC58^2*ufoGC3*ufoGC4
       - 1/4*g_(1,6_,nu14)*g_(2,nu16,q2)*cFT(nu13,XX,i2,iufo11)*cFT(g7,XX,
      iufo11,j11)*flavourTag(fmu,j11,j12)*Vec(nu16,-q3)*Vec(nu15,-p3)*Vec(nu15
      ,-q2)*Vecr(nu13,p3)*Vecr(nu14,p3)*Den(p3 - q2 - q3)^2*Deng(p3,xiw,M3)^2*
      Deng(q2 + q3,xiw,M3)*xia*xiw*ufoGC58^2*ufoGC3*ufoGC4
       + 1/4*g_(1,6_,nu14)*g_(2,nu16,q2)*cFT(nu13,XX,i2,iufo11)*cFT(g7,XX,
      iufo11,j11)*flavourTag(fmu,j11,j12)*Vec(nu16,-q3)*Vec(nu15,-p3)*Vec(nu15
      ,-q2)*Vecr(nu13,p3)*Vecr(nu14,p3)*Den(p3 - q2 - q3)^2*Deng(p3,xiw,M3)^2*
      Deng(q2 + q3,xiw,M3)*xiw*ufoGC58^2*ufoGC3*ufoGC4
       - 1/4*g_(1,6_,nu14)*g_(2,nu16,q2)*cFT(nu13,XX,i2,iufo11)*cFT(g7,XX,
      iufo11,j11)*flavourTag(fmu,j11,j12)*Vec(nu16,-q3)*Vec(nu15,-p3)*Vec(nu15
      ,-q3)*Vecr(nu13,p3)*Vecr(nu14,p3)*Den(p3 - q2 - q3)^2*Deng(p3,xiw,M3)^2*
      Deng(q2 + q3,xiw,M3)*xia*xiw*ufoGC58^2*ufoGC3*ufoGC4
       + 1/4*g_(1,6_,nu14)*g_(2,nu16,q2)*cFT(nu13,XX,i2,iufo11)*cFT(g7,XX,
      iufo11,j11)*flavourTag(fmu,j11,j12)*Vec(nu16,-q3)*Vec(nu15,-p3)*Vec(nu15
      ,-q3)*Vecr(nu13,p3)*Vecr(nu14,p3)*Den(p3 - q2 - q3)^2*Deng(p3,xiw,M3)^2*
      Deng(q2 + q3,xiw,M3)*xiw*ufoGC58^2*ufoGC3*ufoGC4
       - 1/4*g_(1,6_,nu14)*g_(2,nu16,q2)*cFT(nu13,XX,i2,iufo11)*cFT(g7,XX,
      iufo11,j11)*flavourTag(fmu,j11,j12)*Vec(nu16,-q3)*Vec(nu15,-p3)*Vecr(
      nu13,p3)*Vecr(nu14,p3)*Vecr(nu15,p3)*Den(p3 - q2 - q3)^2*Deng(p3,xiw,M3)
      ^2*Deng(q2 + q3,xiw,M3)*xia*xiw*ufoGC58^2*ufoGC3*ufoGC4
       + 1/4*g_(1,6_,nu14)*g_(2,nu16,q2)*cFT(nu13,XX,i2,iufo11)*cFT(g7,XX,
      iufo11,j11)*flavourTag(fmu,j11,j12)*Vec(nu16,-q3)*Vec(nu15,-p3)*Vecr(
      nu13,p3)*Vecr(nu14,p3)*Vecr(nu15,p3)*Den(p3 - q2 - q3)^2*Deng(p3,xiw,M3)
      ^2*Deng(q2 + q3,xiw,M3)*xiw*ufoGC58^2*ufoGC3*ufoGC4
       + 1/4*g_(1,6_,nu14)*g_(2,nu16,q2)*cFT(nu13,XX,i2,iufo11)*cFT(g7,XX,
      iufo11,j11)*flavourTag(fmu,j11,j12)*Vec(nu16,-q3)*Vec(nu15,-q2)*Vec(nu15
      ,q2)*Vecr(nu13,p3)*Vecr(nu14,p3)*Den(p3 - q2 - q3)^2*Deng(p3,xiw,M3)^2*
      Deng(q2 + q3,xiw,M3)*xia*xiw*ufoGC58^2*ufoGC3*ufoGC4
       - 1/4*g_(1,6_,nu14)*g_(2,nu16,q2)*cFT(nu13,XX,i2,iufo11)*cFT(g7,XX,
      iufo11,j11)*flavourTag(fmu,j11,j12)*Vec(nu16,-q3)*Vec(nu15,-q2)*Vec(nu15
      ,q2)*Vecr(nu13,p3)*Vecr(nu14,p3)*Den(p3 - q2 - q3)^2*Deng(p3,xiw,M3)^2*
      Deng(q2 + q3,xiw,M3)*xiw*ufoGC58^2*ufoGC3*ufoGC4
       + 1/4*g_(1,6_,nu14)*g_(2,nu16,q2)*cFT(nu13,XX,i2,iufo11)*cFT(g7,XX,
      iufo11,j11)*flavourTag(fmu,j11,j12)*Vec(nu16,-q3)*Vec(nu15,-q2)*Vec(nu15
      ,q3)*Vecr(nu13,p3)*Vecr(nu14,p3)*Den(p3 - q2 - q3)^2*Deng(p3,xiw,M3)^2*
      Deng(q2 + q3,xiw,M3)*xia*xiw*ufoGC58^2*ufoGC3*ufoGC4
       - 1/4*g_(1,6_,nu14)*g_(2,nu16,q2)*cFT(nu13,XX,i2,iufo11)*cFT(g7,XX,
      iufo11,j11)*flavourTag(fmu,j11,j12)*Vec(nu16,-q3)*Vec(nu15,-q2)*Vec(nu15
      ,q3)*Vecr(nu13,p3)*Vecr(nu14,p3)*Den(p3 - q2 - q3)^2*Deng(p3,xiw,M3)^2*
      Deng(q2 + q3,xiw,M3)*xiw*ufoGC58^2*ufoGC3*ufoGC4
       + 1/4*g_(1,6_,nu14)*g_(2,nu16,q2)*cFT(nu13,XX,i2,iufo11)*cFT(g7,XX,
      iufo11,j11)*flavourTag(fmu,j11,j12)*Vec(nu16,-q3)*Vec(nu15,-q3)*Vec(nu15
      ,q2)*Vecr(nu13,p3)*Vecr(nu14,p3)*Den(p3 - q2 - q3)^2*Deng(p3,xiw,M3)^2*
      Deng(q2 + q3,xiw,M3)*xia*xiw*ufoGC58^2*ufoGC3*ufoGC4
       - 1/4*g_(1,6_,nu14)*g_(2,nu16,q2)*cFT(nu13,XX,i2,iufo11)*cFT(g7,XX,
      iufo11,j11)*flavourTag(fmu,j11,j12)*Vec(nu16,-q3)*Vec(nu15,-q3)*Vec(nu15
      ,q2)*Vecr(nu13,p3)*Vecr(nu14,p3)*Den(p3 - q2 - q3)^2*Deng(p3,xiw,M3)^2*
      Deng(q2 + q3,xiw,M3)*xiw*ufoGC58^2*ufoGC3*ufoGC4
       + 1/4*g_(1,6_,nu14)*g_(2,nu16,q2)*cFT(nu13,XX,i2,iufo11)*cFT(g7,XX,
      iufo11,j11)*flavourTag(fmu,j11,j12)*Vec(nu16,-q3)*Vec(nu15,-q3)*Vec(nu15
      ,q3)*Vecr(nu13,p3)*Vecr(nu14,p3)*Den(p3 - q2 - q3)^2*Deng(p3,xiw,M3)^2*
      Deng(q2 + q3,xiw,M3)*xia*xiw*ufoGC58^2*ufoGC3*ufoGC4
       - 1/4*g_(1,6_,nu14)*g_(2,nu16,q2)*cFT(nu13,XX,i2,iufo11)*cFT(g7,XX,
      iufo11,j11)*flavourTag(fmu,j11,j12)*Vec(nu16,-q3)*Vec(nu15,-q3)*Vec(nu15
      ,q3)*Vecr(nu13,p3)*Vecr(nu14,p3)*Den(p3 - q2 - q3)^2*Deng(p3,xiw,M3)^2*
      Deng(q2 + q3,xiw,M3)*xiw*ufoGC58^2*ufoGC3*ufoGC4
       - 1/4*g_(1,6_,nu14)*g_(2,nu16,q2)*cFT(nu13,XX,i2,iufo11)*cFT(g7,XX,
      iufo11,j11)*flavourTag(fmu,j11,j12)*Vec(nu15,-p3)*Vec(nu15,-q2)*Vecr(
      nu16,p3)*Vecr(nu13,p3)*Vecr(nu14,p3)*Den(p3 - q2 - q3)^2*Deng(p3,xiw,M3)
      ^2*Deng(q2 + q3,xiw,M3)*xia*xiw*ufoGC58^2*ufoGC3*ufoGC4
       + 1/4*g_(1,6_,nu14)*g_(2,nu16,q2)*cFT(nu13,XX,i2,iufo11)*cFT(g7,XX,
      iufo11,j11)*flavourTag(fmu,j11,j12)*Vec(nu15,-p3)*Vec(nu15,-q2)*Vecr(
      nu16,p3)*Vecr(nu13,p3)*Vecr(nu14,p3)*Den(p3 - q2 - q3)^2*Deng(p3,xiw,M3)
      ^2*Deng(q2 + q3,xiw,M3)*xiw*ufoGC58^2*ufoGC3*ufoGC4
       - 1/4*g_(1,6_,nu14)*g_(2,nu16,q2)*cFT(nu13,XX,i2,iufo11)*cFT(g7,XX,
      iufo11,j11)*flavourTag(fmu,j11,j12)*Vec(nu15,-p3)*Vec(nu15,-q3)*Vecr(
      nu16,p3)*Vecr(nu13,p3)*Vecr(nu14,p3)*Den(p3 - q2 - q3)^2*Deng(p3,xiw,M3)
      ^2*Deng(q2 + q3,xiw,M3)*xia*xiw*ufoGC58^2*ufoGC3*ufoGC4
       + 1/4*g_(1,6_,nu14)*g_(2,nu16,q2)*cFT(nu13,XX,i2,iufo11)*cFT(g7,XX,
      iufo11,j11)*flavourTag(fmu,j11,j12)*Vec(nu15,-p3)*Vec(nu15,-q3)*Vecr(
      nu16,p3)*Vecr(nu13,p3)*Vecr(nu14,p3)*Den(p3 - q2 - q3)^2*Deng(p3,xiw,M3)
      ^2*Deng(q2 + q3,xiw,M3)*xiw*ufoGC58^2*ufoGC3*ufoGC4
       + 1/4*g_(1,6_,nu14)*g_(2,nu16,q2)*cFT(nu13,XX,i2,iufo11)*cFT(g7,XX,
      iufo11,j11)*flavourTag(fmu,j11,j12)*Vec(nu15,-q2)*Vec(nu15,q2)*Vecr(nu16
      ,p3)*Vecr(nu13,p3)*Vecr(nu14,p3)*Den(p3 - q2 - q3)^2*Deng(p3,xiw,M3)^2*
      Deng(q2 + q3,xiw,M3)*xia*xiw*ufoGC58^2*ufoGC3*ufoGC4
       - 1/4*g_(1,6_,nu14)*g_(2,nu16,q2)*cFT(nu13,XX,i2,iufo11)*cFT(g7,XX,
      iufo11,j11)*flavourTag(fmu,j11,j12)*Vec(nu15,-q2)*Vec(nu15,q2)*Vecr(nu16
      ,p3)*Vecr(nu13,p3)*Vecr(nu14,p3)*Den(p3 - q2 - q3)^2*Deng(p3,xiw,M3)^2*
      Deng(q2 + q3,xiw,M3)*xiw*ufoGC58^2*ufoGC3*ufoGC4
       + 1/4*g_(1,6_,nu14)*g_(2,nu16,q2)*cFT(nu13,XX,i2,iufo11)*cFT(g7,XX,
      iufo11,j11)*flavourTag(fmu,j11,j12)*Vec(nu15,-q2)*Vec(nu15,q3)*Vecr(nu16
      ,p3)*Vecr(nu13,p3)*Vecr(nu14,p3)*Den(p3 - q2 - q3)^2*Deng(p3,xiw,M3)^2*
      Deng(q2 + q3,xiw,M3)*xia*xiw*ufoGC58^2*ufoGC3*ufoGC4
       - 1/4*g_(1,6_,nu14)*g_(2,nu16,q2)*cFT(nu13,XX,i2,iufo11)*cFT(g7,XX,
      iufo11,j11)*flavourTag(fmu,j11,j12)*Vec(nu15,-q2)*Vec(nu15,q3)*Vecr(nu16
      ,p3)*Vecr(nu13,p3)*Vecr(nu14,p3)*Den(p3 - q2 - q3)^2*Deng(p3,xiw,M3)^2*
      Deng(q2 + q3,xiw,M3)*xiw*ufoGC58^2*ufoGC3*ufoGC4
       + 1/4*g_(1,6_,nu14)*g_(2,nu16,q2)*cFT(nu13,XX,i2,iufo11)*cFT(g7,XX,
      iufo11,j11)*flavourTag(fmu,j11,j12)*Vec(nu15,-q3)*Vec(nu15,q2)*Vecr(nu16
      ,p3)*Vecr(nu13,p3)*Vecr(nu14,p3)*Den(p3 - q2 - q3)^2*Deng(p3,xiw,M3)^2*
      Deng(q2 + q3,xiw,M3)*xia*xiw*ufoGC58^2*ufoGC3*ufoGC4
       - 1/4*g_(1,6_,nu14)*g_(2,nu16,q2)*cFT(nu13,XX,i2,iufo11)*cFT(g7,XX,
      iufo11,j11)*flavourTag(fmu,j11,j12)*Vec(nu15,-q3)*Vec(nu15,q2)*Vecr(nu16
      ,p3)*Vecr(nu13,p3)*Vecr(nu14,p3)*Den(p3 - q2 - q3)^2*Deng(p3,xiw,M3)^2*
      Deng(q2 + q3,xiw,M3)*xiw*ufoGC58^2*ufoGC3*ufoGC4
       + 1/4*g_(1,6_,nu14)*g_(2,nu16,q2)*cFT(nu13,XX,i2,iufo11)*cFT(g7,XX,
      iufo11,j11)*flavourTag(fmu,j11,j12)*Vec(nu15,-q3)*Vec(nu15,q3)*Vecr(nu16
      ,p3)*Vecr(nu13,p3)*Vecr(nu14,p3)*Den(p3 - q2 - q3)^2*Deng(p3,xiw,M3)^2*
      Deng(q2 + q3,xiw,M3)*xia*xiw*ufoGC58^2*ufoGC3*ufoGC4
       - 1/4*g_(1,6_,nu14)*g_(2,nu16,q2)*cFT(nu13,XX,i2,iufo11)*cFT(g7,XX,
      iufo11,j11)*flavourTag(fmu,j11,j12)*Vec(nu15,-q3)*Vec(nu15,q3)*Vecr(nu16
      ,p3)*Vecr(nu13,p3)*Vecr(nu14,p3)*Den(p3 - q2 - q3)^2*Deng(p3,xiw,M3)^2*
      Deng(q2 + q3,xiw,M3)*xiw*ufoGC58^2*ufoGC3*ufoGC4
       - 1/4*g_(1,6_,nu14)*g_(2,nu14,p3)*cFT(nu15,XX,i2,iufo11)*cFT(g7,XX,
      iufo11,j11)/(d^3 + d^2 - 2*d)*flavourTag(fmu,j11,j12)*Vec(nu15,q2)*Den(
      p3 - q2 - q3)^2*Deng(p3,xiw,M3)^2*Deng(q2 + q3,xiw,M3)*p3.p3^2*d*xia*xiw
      *ufoGC58^2*ufoGC3*ufoGC4
       + 1/4*g_(1,6_,nu14)*g_(2,nu14,p3)*cFT(nu15,XX,i2,iufo11)*cFT(g7,XX,
      iufo11,j11)/(d^3 + d^2 - 2*d)*flavourTag(fmu,j11,j12)*Vec(nu15,q2)*Den(
      p3 - q2 - q3)^2*Deng(p3,xiw,M3)^2*Deng(q2 + q3,xiw,M3)*p3.p3^2*d*xiw*
      ufoGC58^2*ufoGC3*ufoGC4
       + 1/4*g_(1,6_,nu14)*g_(2,nu14,p3)*cFT(nu15,XX,i2,iufo11)*cFT(g7,XX,
      iufo11,j11)/(d^3 + d^2 - 2*d)*flavourTag(fmu,j11,j12)*Vec(nu15,q2)*Den(
      p3 - q2 - q3)^2*Deng(p3,xiw,M3)^2*Deng(q2 + q3,xiw,M3)*p3.p3^2*xia*xiw*
      ufoGC58^2*ufoGC3*ufoGC4
       - 1/4*g_(1,6_,nu14)*g_(2,nu14,p3)*cFT(nu15,XX,i2,iufo11)*cFT(g7,XX,
      iufo11,j11)/(d^3 + d^2 - 2*d)*flavourTag(fmu,j11,j12)*Vec(nu15,q2)*Den(
      p3 - q2 - q3)^2*Deng(p3,xiw,M3)^2*Deng(q2 + q3,xiw,M3)*p3.p3^2*xiw*
      ufoGC58^2*ufoGC3*ufoGC4
       - 1/4*g_(1,6_,nu14)*g_(2,nu14,p3)*cFT(nu15,XX,i2,iufo11)*cFT(g7,XX,
      iufo11,j11)/(d^3 + d^2 - 2*d)*flavourTag(fmu,j11,j12)*Vec(nu15,q3)*Den(
      p3 - q2 - q3)^2*Deng(p3,xiw,M3)^2*Deng(q2 + q3,xiw,M3)*p3.p3^2*d*xia*xiw
      *ufoGC58^2*ufoGC3*ufoGC4
       + 1/4*g_(1,6_,nu14)*g_(2,nu14,p3)*cFT(nu15,XX,i2,iufo11)*cFT(g7,XX,
      iufo11,j11)/(d^3 + d^2 - 2*d)*flavourTag(fmu,j11,j12)*Vec(nu15,q3)*Den(
      p3 - q2 - q3)^2*Deng(p3,xiw,M3)^2*Deng(q2 + q3,xiw,M3)*p3.p3^2*d*xiw*
      ufoGC58^2*ufoGC3*ufoGC4
       + 1/4*g_(1,6_,nu14)*g_(2,nu14,p3)*cFT(nu15,XX,i2,iufo11)*cFT(g7,XX,
      iufo11,j11)/(d^3 + d^2 - 2*d)*flavourTag(fmu,j11,j12)*Vec(nu15,q3)*Den(
      p3 - q2 - q3)^2*Deng(p3,xiw,M3)^2*Deng(q2 + q3,xiw,M3)*p3.p3^2*xia*xiw*
      ufoGC58^2*ufoGC3*ufoGC4
       - 1/4*g_(1,6_,nu14)*g_(2,nu14,p3)*cFT(nu15,XX,i2,iufo11)*cFT(g7,XX,
      iufo11,j11)/(d^3 + d^2 - 2*d)*flavourTag(fmu,j11,j12)*Vec(nu15,q3)*Den(
      p3 - q2 - q3)^2*Deng(p3,xiw,M3)^2*Deng(q2 + q3,xiw,M3)*p3.p3^2*xiw*
      ufoGC58^2*ufoGC3*ufoGC4
       + 1/4*g_(1,6_,nu14)*g_(2,nu14,p3)*cFT(nu15,XX,i2,iufo11)*cFT(g7,XX,
      iufo11,j11)/(d^3 + d^2 - 2*d)*flavourTag(fmu,j11,j12)*Vec(nu15,-p3)*Den(
      p3 - q2 - q3)^2*Deng(p3,xiw,M3)^2*Deng(q2 + q3,xiw,M3)*p3.p3^2*d*xia*xiw
      *ufoGC58^2*ufoGC3*ufoGC4
       - 1/4*g_(1,6_,nu14)*g_(2,nu14,p3)*cFT(nu15,XX,i2,iufo11)*cFT(g7,XX,
      iufo11,j11)/(d^3 + d^2 - 2*d)*flavourTag(fmu,j11,j12)*Vec(nu15,-p3)*Den(
      p3 - q2 - q3)^2*Deng(p3,xiw,M3)^2*Deng(q2 + q3,xiw,M3)*p3.p3^2*d*xiw*
      ufoGC58^2*ufoGC3*ufoGC4
       - 1/4*g_(1,6_,nu14)*g_(2,nu14,p3)*cFT(nu15,XX,i2,iufo11)*cFT(g7,XX,
      iufo11,j11)/(d^3 + d^2 - 2*d)*flavourTag(fmu,j11,j12)*Vec(nu15,-p3)*Den(
      p3 - q2 - q3)^2*Deng(p3,xiw,M3)^2*Deng(q2 + q3,xiw,M3)*p3.p3^2*xia*xiw*
      ufoGC58^2*ufoGC3*ufoGC4
       + 1/4*g_(1,6_,nu14)*g_(2,nu14,p3)*cFT(nu15,XX,i2,iufo11)*cFT(g7,XX,
      iufo11,j11)/(d^3 + d^2 - 2*d)*flavourTag(fmu,j11,j12)*Vec(nu15,-p3)*Den(
      p3 - q2 - q3)^2*Deng(p3,xiw,M3)^2*Deng(q2 + q3,xiw,M3)*p3.p3^2*xiw*
      ufoGC58^2*ufoGC3*ufoGC4
       + 1/4*g_(1,6_,nu14)*g_(2,nu14,q2)*cFT(nu15,XX,i2,iufo11)*cFT(g7,XX,
      iufo11,j11)/(d^3 + d^2 - 2*d)*flavourTag(fmu,j11,j12)*Vec(nu15,q2)*Den(
      p3 - q2 - q3)^2*Deng(p3,xiw,M3)^2*Deng(q2 + q3,xiw,M3)*p3.p3^2*d*xia*xiw
      *ufoGC58^2*ufoGC3*ufoGC4
       - 1/4*g_(1,6_,nu14)*g_(2,nu14,q2)*cFT(nu15,XX,i2,iufo11)*cFT(g7,XX,
      iufo11,j11)/(d^3 + d^2 - 2*d)*flavourTag(fmu,j11,j12)*Vec(nu15,q2)*Den(
      p3 - q2 - q3)^2*Deng(p3,xiw,M3)^2*Deng(q2 + q3,xiw,M3)*p3.p3^2*d*xiw*
      ufoGC58^2*ufoGC3*ufoGC4
       - 1/4*g_(1,6_,nu14)*g_(2,nu14,q2)*cFT(nu15,XX,i2,iufo11)*cFT(g7,XX,
      iufo11,j11)/(d^3 + d^2 - 2*d)*flavourTag(fmu,j11,j12)*Vec(nu15,q2)*Den(
      p3 - q2 - q3)^2*Deng(p3,xiw,M3)^2*Deng(q2 + q3,xiw,M3)*p3.p3^2*xia*xiw*
      ufoGC58^2*ufoGC3*ufoGC4
       + 1/4*g_(1,6_,nu14)*g_(2,nu14,q2)*cFT(nu15,XX,i2,iufo11)*cFT(g7,XX,
      iufo11,j11)/(d^3 + d^2 - 2*d)*flavourTag(fmu,j11,j12)*Vec(nu15,q2)*Den(
      p3 - q2 - q3)^2*Deng(p3,xiw,M3)^2*Deng(q2 + q3,xiw,M3)*p3.p3^2*xiw*
      ufoGC58^2*ufoGC3*ufoGC4
       + 1/4*g_(1,6_,nu14)*g_(2,nu14,q2)*cFT(nu15,XX,i2,iufo11)*cFT(g7,XX,
      iufo11,j11)/(d^3 + d^2 - 2*d)*flavourTag(fmu,j11,j12)*Vec(nu15,q3)*Den(
      p3 - q2 - q3)^2*Deng(p3,xiw,M3)^2*Deng(q2 + q3,xiw,M3)*p3.p3^2*d*xia*xiw
      *ufoGC58^2*ufoGC3*ufoGC4
       - 1/4*g_(1,6_,nu14)*g_(2,nu14,q2)*cFT(nu15,XX,i2,iufo11)*cFT(g7,XX,
      iufo11,j11)/(d^3 + d^2 - 2*d)*flavourTag(fmu,j11,j12)*Vec(nu15,q3)*Den(
      p3 - q2 - q3)^2*Deng(p3,xiw,M3)^2*Deng(q2 + q3,xiw,M3)*p3.p3^2*d*xiw*
      ufoGC58^2*ufoGC3*ufoGC4
       - 1/4*g_(1,6_,nu14)*g_(2,nu14,q2)*cFT(nu15,XX,i2,iufo11)*cFT(g7,XX,
      iufo11,j11)/(d^3 + d^2 - 2*d)*flavourTag(fmu,j11,j12)*Vec(nu15,q3)*Den(
      p3 - q2 - q3)^2*Deng(p3,xiw,M3)^2*Deng(q2 + q3,xiw,M3)*p3.p3^2*xia*xiw*
      ufoGC58^2*ufoGC3*ufoGC4
       + 1/4*g_(1,6_,nu14)*g_(2,nu14,q2)*cFT(nu15,XX,i2,iufo11)*cFT(g7,XX,
      iufo11,j11)/(d^3 + d^2 - 2*d)*flavourTag(fmu,j11,j12)*Vec(nu15,q3)*Den(
      p3 - q2 - q3)^2*Deng(p3,xiw,M3)^2*Deng(q2 + q3,xiw,M3)*p3.p3^2*xiw*
      ufoGC58^2*ufoGC3*ufoGC4
       - 1/4*g_(1,6_,nu14)*g_(2,nu14,q2)*cFT(nu15,XX,i2,iufo11)*cFT(g7,XX,
      iufo11,j11)/(d^3 + d^2 - 2*d)*flavourTag(fmu,j11,j12)*Vec(nu15,-p3)*Den(
      p3 - q2 - q3)^2*Deng(p3,xiw,M3)^2*Deng(q2 + q3,xiw,M3)*p3.p3^2*d*xia*xiw
      *ufoGC58^2*ufoGC3*ufoGC4
       + 1/4*g_(1,6_,nu14)*g_(2,nu14,q2)*cFT(nu15,XX,i2,iufo11)*cFT(g7,XX,
      iufo11,j11)/(d^3 + d^2 - 2*d)*flavourTag(fmu,j11,j12)*Vec(nu15,-p3)*Den(
      p3 - q2 - q3)^2*Deng(p3,xiw,M3)^2*Deng(q2 + q3,xiw,M3)*p3.p3^2*d*xiw*
      ufoGC58^2*ufoGC3*ufoGC4
       + 1/4*g_(1,6_,nu14)*g_(2,nu14,q2)*cFT(nu15,XX,i2,iufo11)*cFT(g7,XX,
      iufo11,j11)/(d^3 + d^2 - 2*d)*flavourTag(fmu,j11,j12)*Vec(nu15,-p3)*Den(
      p3 - q2 - q3)^2*Deng(p3,xiw,M3)^2*Deng(q2 + q3,xiw,M3)*p3.p3^2*xia*xiw*
      ufoGC58^2*ufoGC3*ufoGC4
       - 1/4*g_(1,6_,nu14)*g_(2,nu14,q2)*cFT(nu15,XX,i2,iufo11)*cFT(g7,XX,
      iufo11,j11)/(d^3 + d^2 - 2*d)*flavourTag(fmu,j11,j12)*Vec(nu15,-p3)*Den(
      p3 - q2 - q3)^2*Deng(p3,xiw,M3)^2*Deng(q2 + q3,xiw,M3)*p3.p3^2*xiw*
      ufoGC58^2*ufoGC3*ufoGC4
       - 1/4*g_(1,6_,nu14)*g_(2,nu15,p3)*cFT(nu13,XX,i2,iufo11)*cFT(g7,XX,
      iufo11,j11)*flavourTag(fmu,j11,j12)*Vec(nu15,q2)*Vecr(nu13,p3)*Vecr(nu14
      ,p3)*Den(p3 - q2 - q3)*Deng(p3,xiw,M3)^2*Deng(q2 + q3,xiw,M3)*xiw*
      ufoGC58^2*ufoGC3*ufoGC4
       - 1/4*g_(1,6_,nu14)*g_(2,nu15,p3)*cFT(nu13,XX,i2,iufo11)*cFT(g7,XX,
      iufo11,j11)*flavourTag(fmu,j11,j12)*Vec(nu15,q3)*Vecr(nu13,p3)*Vecr(nu14
      ,p3)*Den(p3 - q2 - q3)*Deng(p3,xiw,M3)^2*Deng(q2 + q3,xiw,M3)*xiw*
      ufoGC58^2*ufoGC3*ufoGC4
       + 1/4*g_(1,6_,nu14)*g_(2,nu15,p3)*cFT(nu13,XX,i2,iufo11)*cFT(g7,XX,
      iufo11,j11)*flavourTag(fmu,j11,j12)*Vec(nu15,-p3)*Vecr(nu13,p3)*Vecr(
      nu14,p3)*Den(p3 - q2 - q3)*Deng(p3,xiw,M3)^2*Deng(q2 + q3,xiw,M3)*xiw*
      ufoGC58^2*ufoGC3*ufoGC4
       - 1/4*g_(1,6_,nu14)*g_(2,nu15,p3)*cFT(nu14,XX,i2,iufo11)*cFT(g7,XX,
      iufo11,j11)/(d^3 + d^2 - 2*d)*flavourTag(fmu,j11,j12)*Vec(nu15,q2)*Den(
      p3 - q2 - q3)^2*Deng(p3,xiw,M3)^2*Deng(q2 + q3,xiw,M3)*p3.p3^2*d*xia*xiw
      *ufoGC58^2*ufoGC3*ufoGC4
       + 1/4*g_(1,6_,nu14)*g_(2,nu15,p3)*cFT(nu14,XX,i2,iufo11)*cFT(g7,XX,
      iufo11,j11)/(d^3 + d^2 - 2*d)*flavourTag(fmu,j11,j12)*Vec(nu15,q2)*Den(
      p3 - q2 - q3)^2*Deng(p3,xiw,M3)^2*Deng(q2 + q3,xiw,M3)*p3.p3^2*d*xiw*
      ufoGC58^2*ufoGC3*ufoGC4
       + 1/4*g_(1,6_,nu14)*g_(2,nu15,p3)*cFT(nu14,XX,i2,iufo11)*cFT(g7,XX,
      iufo11,j11)/(d^3 + d^2 - 2*d)*flavourTag(fmu,j11,j12)*Vec(nu15,q2)*Den(
      p3 - q2 - q3)^2*Deng(p3,xiw,M3)^2*Deng(q2 + q3,xiw,M3)*p3.p3^2*xia*xiw*
      ufoGC58^2*ufoGC3*ufoGC4
       - 1/4*g_(1,6_,nu14)*g_(2,nu15,p3)*cFT(nu14,XX,i2,iufo11)*cFT(g7,XX,
      iufo11,j11)/(d^3 + d^2 - 2*d)*flavourTag(fmu,j11,j12)*Vec(nu15,q2)*Den(
      p3 - q2 - q3)^2*Deng(p3,xiw,M3)^2*Deng(q2 + q3,xiw,M3)*p3.p3^2*xiw*
      ufoGC58^2*ufoGC3*ufoGC4
       - 1/4*g_(1,6_,nu14)*g_(2,nu15,p3)*cFT(nu14,XX,i2,iufo11)*cFT(g7,XX,
      iufo11,j11)/(d^3 + d^2 - 2*d)*flavourTag(fmu,j11,j12)*Vec(nu15,q3)*Den(
      p3 - q2 - q3)^2*Deng(p3,xiw,M3)^2*Deng(q2 + q3,xiw,M3)*p3.p3^2*d*xia*xiw
      *ufoGC58^2*ufoGC3*ufoGC4
       + 1/4*g_(1,6_,nu14)*g_(2,nu15,p3)*cFT(nu14,XX,i2,iufo11)*cFT(g7,XX,
      iufo11,j11)/(d^3 + d^2 - 2*d)*flavourTag(fmu,j11,j12)*Vec(nu15,q3)*Den(
      p3 - q2 - q3)^2*Deng(p3,xiw,M3)^2*Deng(q2 + q3,xiw,M3)*p3.p3^2*d*xiw*
      ufoGC58^2*ufoGC3*ufoGC4
       + 1/4*g_(1,6_,nu14)*g_(2,nu15,p3)*cFT(nu14,XX,i2,iufo11)*cFT(g7,XX,
      iufo11,j11)/(d^3 + d^2 - 2*d)*flavourTag(fmu,j11,j12)*Vec(nu15,q3)*Den(
      p3 - q2 - q3)^2*Deng(p3,xiw,M3)^2*Deng(q2 + q3,xiw,M3)*p3.p3^2*xia*xiw*
      ufoGC58^2*ufoGC3*ufoGC4
       - 1/4*g_(1,6_,nu14)*g_(2,nu15,p3)*cFT(nu14,XX,i2,iufo11)*cFT(g7,XX,
      iufo11,j11)/(d^3 + d^2 - 2*d)*flavourTag(fmu,j11,j12)*Vec(nu15,q3)*Den(
      p3 - q2 - q3)^2*Deng(p3,xiw,M3)^2*Deng(q2 + q3,xiw,M3)*p3.p3^2*xiw*
      ufoGC58^2*ufoGC3*ufoGC4
       + 1/4*g_(1,6_,nu14)*g_(2,nu15,p3)*cFT(nu14,XX,i2,iufo11)*cFT(g7,XX,
      iufo11,j11)/(d^3 + d^2 - 2*d)*flavourTag(fmu,j11,j12)*Vec(nu15,-p3)*Den(
      p3 - q2 - q3)^2*Deng(p3,xiw,M3)^2*Deng(q2 + q3,xiw,M3)*p3.p3^2*d*xia*xiw
      *ufoGC58^2*ufoGC3*ufoGC4
       - 1/4*g_(1,6_,nu14)*g_(2,nu15,p3)*cFT(nu14,XX,i2,iufo11)*cFT(g7,XX,
      iufo11,j11)/(d^3 + d^2 - 2*d)*flavourTag(fmu,j11,j12)*Vec(nu15,-p3)*Den(
      p3 - q2 - q3)^2*Deng(p3,xiw,M3)^2*Deng(q2 + q3,xiw,M3)*p3.p3^2*d*xiw*
      ufoGC58^2*ufoGC3*ufoGC4
       - 1/4*g_(1,6_,nu14)*g_(2,nu15,p3)*cFT(nu14,XX,i2,iufo11)*cFT(g7,XX,
      iufo11,j11)/(d^3 + d^2 - 2*d)*flavourTag(fmu,j11,j12)*Vec(nu15,-p3)*Den(
      p3 - q2 - q3)^2*Deng(p3,xiw,M3)^2*Deng(q2 + q3,xiw,M3)*p3.p3^2*xia*xiw*
      ufoGC58^2*ufoGC3*ufoGC4
       + 1/4*g_(1,6_,nu14)*g_(2,nu15,p3)*cFT(nu14,XX,i2,iufo11)*cFT(g7,XX,
      iufo11,j11)/(d^3 + d^2 - 2*d)*flavourTag(fmu,j11,j12)*Vec(nu15,-p3)*Den(
      p3 - q2 - q3)^2*Deng(p3,xiw,M3)^2*Deng(q2 + q3,xiw,M3)*p3.p3^2*xiw*
      ufoGC58^2*ufoGC3*ufoGC4
       + 1/4*g_(1,6_,nu14)*g_(2,nu15,q2)*cFT(nu13,XX,i2,iufo11)*cFT(g7,XX,
      iufo11,j11)*flavourTag(fmu,j11,j12)*Vec(nu15,q2)*Vecr(nu13,p3)*Vecr(nu14
      ,p3)*Den(p3 - q2 - q3)*Deng(p3,xiw,M3)^2*Deng(q2 + q3,xiw,M3)*xiw*
      ufoGC58^2*ufoGC3*ufoGC4
       + 1/4*g_(1,6_,nu14)*g_(2,nu15,q2)*cFT(nu13,XX,i2,iufo11)*cFT(g7,XX,
      iufo11,j11)*flavourTag(fmu,j11,j12)*Vec(nu15,q3)*Vecr(nu13,p3)*Vecr(nu14
      ,p3)*Den(p3 - q2 - q3)*Deng(p3,xiw,M3)^2*Deng(q2 + q3,xiw,M3)*xiw*
      ufoGC58^2*ufoGC3*ufoGC4
       - 1/4*g_(1,6_,nu14)*g_(2,nu15,q2)*cFT(nu13,XX,i2,iufo11)*cFT(g7,XX,
      iufo11,j11)*flavourTag(fmu,j11,j12)*Vec(nu15,-p3)*Vecr(nu13,p3)*Vecr(
      nu14,p3)*Den(p3 - q2 - q3)*Deng(p3,xiw,M3)^2*Deng(q2 + q3,xiw,M3)*xiw*
      ufoGC58^2*ufoGC3*ufoGC4
       + 1/4*g_(1,6_,nu14)*g_(2,nu15,q2)*cFT(nu14,XX,i2,iufo11)*cFT(g7,XX,
      iufo11,j11)/(d^3 + d^2 - 2*d)*flavourTag(fmu,j11,j12)*Vec(nu15,q2)*Den(
      p3 - q2 - q3)^2*Deng(p3,xiw,M3)^2*Deng(q2 + q3,xiw,M3)*p3.p3^2*d*xia*xiw
      *ufoGC58^2*ufoGC3*ufoGC4
       - 1/4*g_(1,6_,nu14)*g_(2,nu15,q2)*cFT(nu14,XX,i2,iufo11)*cFT(g7,XX,
      iufo11,j11)/(d^3 + d^2 - 2*d)*flavourTag(fmu,j11,j12)*Vec(nu15,q2)*Den(
      p3 - q2 - q3)^2*Deng(p3,xiw,M3)^2*Deng(q2 + q3,xiw,M3)*p3.p3^2*d*xiw*
      ufoGC58^2*ufoGC3*ufoGC4
       - 1/4*g_(1,6_,nu14)*g_(2,nu15,q2)*cFT(nu14,XX,i2,iufo11)*cFT(g7,XX,
      iufo11,j11)/(d^3 + d^2 - 2*d)*flavourTag(fmu,j11,j12)*Vec(nu15,q2)*Den(
      p3 - q2 - q3)^2*Deng(p3,xiw,M3)^2*Deng(q2 + q3,xiw,M3)*p3.p3^2*xia*xiw*
      ufoGC58^2*ufoGC3*ufoGC4
       + 1/4*g_(1,6_,nu14)*g_(2,nu15,q2)*cFT(nu14,XX,i2,iufo11)*cFT(g7,XX,
      iufo11,j11)/(d^3 + d^2 - 2*d)*flavourTag(fmu,j11,j12)*Vec(nu15,q2)*Den(
      p3 - q2 - q3)^2*Deng(p3,xiw,M3)^2*Deng(q2 + q3,xiw,M3)*p3.p3^2*xiw*
      ufoGC58^2*ufoGC3*ufoGC4
       + 1/4*g_(1,6_,nu14)*g_(2,nu15,q2)*cFT(nu14,XX,i2,iufo11)*cFT(g7,XX,
      iufo11,j11)/(d^3 + d^2 - 2*d)*flavourTag(fmu,j11,j12)*Vec(nu15,q3)*Den(
      p3 - q2 - q3)^2*Deng(p3,xiw,M3)^2*Deng(q2 + q3,xiw,M3)*p3.p3^2*d*xia*xiw
      *ufoGC58^2*ufoGC3*ufoGC4
       - 1/4*g_(1,6_,nu14)*g_(2,nu15,q2)*cFT(nu14,XX,i2,iufo11)*cFT(g7,XX,
      iufo11,j11)/(d^3 + d^2 - 2*d)*flavourTag(fmu,j11,j12)*Vec(nu15,q3)*Den(
      p3 - q2 - q3)^2*Deng(p3,xiw,M3)^2*Deng(q2 + q3,xiw,M3)*p3.p3^2*d*xiw*
      ufoGC58^2*ufoGC3*ufoGC4
       - 1/4*g_(1,6_,nu14)*g_(2,nu15,q2)*cFT(nu14,XX,i2,iufo11)*cFT(g7,XX,
      iufo11,j11)/(d^3 + d^2 - 2*d)*flavourTag(fmu,j11,j12)*Vec(nu15,q3)*Den(
      p3 - q2 - q3)^2*Deng(p3,xiw,M3)^2*Deng(q2 + q3,xiw,M3)*p3.p3^2*xia*xiw*
      ufoGC58^2*ufoGC3*ufoGC4
       + 1/4*g_(1,6_,nu14)*g_(2,nu15,q2)*cFT(nu14,XX,i2,iufo11)*cFT(g7,XX,
      iufo11,j11)/(d^3 + d^2 - 2*d)*flavourTag(fmu,j11,j12)*Vec(nu15,q3)*Den(
      p3 - q2 - q3)^2*Deng(p3,xiw,M3)^2*Deng(q2 + q3,xiw,M3)*p3.p3^2*xiw*
      ufoGC58^2*ufoGC3*ufoGC4
       - 1/4*g_(1,6_,nu14)*g_(2,nu15,q2)*cFT(nu14,XX,i2,iufo11)*cFT(g7,XX,
      iufo11,j11)/(d^3 + d^2 - 2*d)*flavourTag(fmu,j11,j12)*Vec(nu15,-p3)*Den(
      p3 - q2 - q3)^2*Deng(p3,xiw,M3)^2*Deng(q2 + q3,xiw,M3)*p3.p3^2*d*xia*xiw
      *ufoGC58^2*ufoGC3*ufoGC4
       + 1/4*g_(1,6_,nu14)*g_(2,nu15,q2)*cFT(nu14,XX,i2,iufo11)*cFT(g7,XX,
      iufo11,j11)/(d^3 + d^2 - 2*d)*flavourTag(fmu,j11,j12)*Vec(nu15,-p3)*Den(
      p3 - q2 - q3)^2*Deng(p3,xiw,M3)^2*Deng(q2 + q3,xiw,M3)*p3.p3^2*d*xiw*
      ufoGC58^2*ufoGC3*ufoGC4
       + 1/4*g_(1,6_,nu14)*g_(2,nu15,q2)*cFT(nu14,XX,i2,iufo11)*cFT(g7,XX,
      iufo11,j11)/(d^3 + d^2 - 2*d)*flavourTag(fmu,j11,j12)*Vec(nu15,-p3)*Den(
      p3 - q2 - q3)^2*Deng(p3,xiw,M3)^2*Deng(q2 + q3,xiw,M3)*p3.p3^2*xia*xiw*
      ufoGC58^2*ufoGC3*ufoGC4
       - 1/4*g_(1,6_,nu14)*g_(2,nu15,q2)*cFT(nu14,XX,i2,iufo11)*cFT(g7,XX,
      iufo11,j11)/(d^3 + d^2 - 2*d)*flavourTag(fmu,j11,j12)*Vec(nu15,-p3)*Den(
      p3 - q2 - q3)^2*Deng(p3,xiw,M3)^2*Deng(q2 + q3,xiw,M3)*p3.p3^2*xiw*
      ufoGC58^2*ufoGC3*ufoGC4
      ;

  0.03 sec out of 0.03 sec
