FORM 5.0.0-beta.1 (Jan 15 2026, v5.0.0-beta.1-292-g4341c63)  Run: Fri Mar  6 11:51:54 2026
    #-

   d1l226amp =

       + Vec(nu14,q2)*Vec(nu9,q2)*Vec(nu10,q2)^2*Vec(nu15,q2) * (
          + 1/4*g_(1,6_,nu15)*FT1*g_(1,p4)*g_(2,nu14)*cFT(nu9,XX,i2,iufo3)*
         cFT(g7,XX,iufo3,i3)*flavourTag(fmu,j11,j12)*Den(p4,xiw,M3)*Den(q2 + 
         q3,xiw,M3)^2*Den( - p4 + q2 + q3,0,0)^2*xia*xiw*ufoGC58^2*ufoGC3*
         ufoGC4
          - 1/4*g_(1,6_,nu15)*FT1*g_(1,p4)*g_(2,nu14)*cFT(nu9,XX,i2,iufo3)*
         cFT(g7,XX,iufo3,i3)*flavourTag(fmu,j11,j12)*Den(p4,xiw,M3)*Den(q2 + 
         q3,xiw,M3)^2*Den( - p4 + q2 + q3,0,0)^2*xiw*ufoGC58^2*ufoGC3*ufoGC4
          - 1/4*g_(1,6_,nu15)*FT1*g_(1,p4)*g_(2,nu14)*cFT(nu9,XX,i2,iufo3)*
         cFT(g7,XX,iufo3,i3)*flavourTag(fmu,j11,j12)*Den(p4,xiw,M3)^2*Den(q2
          + q3,xiw,M3)^2*Den( - p4 + q2 + q3,0,0)^2*p4.p4*d^-1*xia*xiw*
         ufoGC58^2*ufoGC3*ufoGC4
          + 1/4*g_(1,6_,nu15)*FT1*g_(1,p4)*g_(2,nu14)*cFT(nu9,XX,i2,iufo3)*
         cFT(g7,XX,iufo3,i3)*flavourTag(fmu,j11,j12)*Den(p4,xiw,M3)^2*Den(q2
          + q3,xiw,M3)^2*Den( - p4 + q2 + q3,0,0)^2*p4.p4*d^-1*xiw*ufoGC58^2*
         ufoGC3*ufoGC4
          - 1/4*g_(1,6_,nu15)*FT1*g_(1,q1)*g_(2,nu14)*cFT(nu9,XX,i2,iufo3)*
         cFT(g7,XX,iufo3,i3)*flavourTag(fmu,j11,j12)*Den(p4,xiw,M3)*Den(q2 + 
         q3,xiw,M3)^2*Den( - p4 + q2 + q3,0,0)^2*xia*xiw*ufoGC58^2*ufoGC3*
         ufoGC4
          + 1/4*g_(1,6_,nu15)*FT1*g_(1,q1)*g_(2,nu14)*cFT(nu9,XX,i2,iufo3)*
         cFT(g7,XX,iufo3,i3)*flavourTag(fmu,j11,j12)*Den(p4,xiw,M3)*Den(q2 + 
         q3,xiw,M3)^2*Den( - p4 + q2 + q3,0,0)^2*xiw*ufoGC58^2*ufoGC3*ufoGC4
          + 1/4*g_(1,6_,nu15)*FT1*g_(1,q1)*g_(2,nu14)*cFT(nu9,XX,i2,iufo3)*
         cFT(g7,XX,iufo3,i3)*flavourTag(fmu,j11,j12)*Den(p4,xiw,M3)^2*Den(q2
          + q3,xiw,M3)^2*Den( - p4 + q2 + q3,0,0)^2*p4.p4*d^-1*xia*xiw*
         ufoGC58^2*ufoGC3*ufoGC4
          - 1/4*g_(1,6_,nu15)*FT1*g_(1,q1)*g_(2,nu14)*cFT(nu9,XX,i2,iufo3)*
         cFT(g7,XX,iufo3,i3)*flavourTag(fmu,j11,j12)*Den(p4,xiw,M3)^2*Den(q2
          + q3,xiw,M3)^2*Den( - p4 + q2 + q3,0,0)^2*p4.p4*d^-1*xiw*ufoGC58^2*
         ufoGC3*ufoGC4
          - 1/4*g_(1,6_,nu15)*FT1*g_(1,q2)*g_(2,nu14)*cFT(nu9,XX,i2,iufo3)*
         cFT(g7,XX,iufo3,i3)*flavourTag(fmu,j11,j12)*Den(p4,xiw,M3)*Den(q2 + 
         q3,xiw,M3)^2*Den( - p4 + q2 + q3,0,0)^2*xia*xiw*ufoGC58^2*ufoGC3*
         ufoGC4
          + 1/4*g_(1,6_,nu15)*FT1*g_(1,q2)*g_(2,nu14)*cFT(nu9,XX,i2,iufo3)*
         cFT(g7,XX,iufo3,i3)*flavourTag(fmu,j11,j12)*Den(p4,xiw,M3)*Den(q2 + 
         q3,xiw,M3)^2*Den( - p4 + q2 + q3,0,0)^2*xiw*ufoGC58^2*ufoGC3*ufoGC4
          + 1/4*g_(1,6_,nu15)*FT1*g_(1,q2)*g_(2,nu14)*cFT(nu9,XX,i2,iufo3)*
         cFT(g7,XX,iufo3,i3)*flavourTag(fmu,j11,j12)*Den(p4,xiw,M3)^2*Den(q2
          + q3,xiw,M3)^2*Den( - p4 + q2 + q3,0,0)^2*p4.p4*d^-1*xia*xiw*
         ufoGC58^2*ufoGC3*ufoGC4
          - 1/4*g_(1,6_,nu15)*FT1*g_(1,q2)*g_(2,nu14)*cFT(nu9,XX,i2,iufo3)*
         cFT(g7,XX,iufo3,i3)*flavourTag(fmu,j11,j12)*Den(p4,xiw,M3)^2*Den(q2
          + q3,xiw,M3)^2*Den( - p4 + q2 + q3,0,0)^2*p4.p4*d^-1*xiw*ufoGC58^2*
         ufoGC3*ufoGC4
          - 1/4*g_(1,6_,nu15)*FT1*g_(1,q3)*g_(2,nu14)*cFT(nu9,XX,i2,iufo3)*
         cFT(g7,XX,iufo3,i3)*flavourTag(fmu,j11,j12)*Den(p4,xiw,M3)*Den(q2 + 
         q3,xiw,M3)^2*Den( - p4 + q2 + q3,0,0)^2*xia*xiw*ufoGC58^2*ufoGC3*
         ufoGC4
          + 1/4*g_(1,6_,nu15)*FT1*g_(1,q3)*g_(2,nu14)*cFT(nu9,XX,i2,iufo3)*
         cFT(g7,XX,iufo3,i3)*flavourTag(fmu,j11,j12)*Den(p4,xiw,M3)*Den(q2 + 
         q3,xiw,M3)^2*Den( - p4 + q2 + q3,0,0)^2*xiw*ufoGC58^2*ufoGC3*ufoGC4
          + 1/4*g_(1,6_,nu15)*FT1*g_(1,q3)*g_(2,nu14)*cFT(nu9,XX,i2,iufo3)*
         cFT(g7,XX,iufo3,i3)*flavourTag(fmu,j11,j12)*Den(p4,xiw,M3)^2*Den(q2
          + q3,xiw,M3)^2*Den( - p4 + q2 + q3,0,0)^2*p4.p4*d^-1*xia*xiw*
         ufoGC58^2*ufoGC3*ufoGC4
          - 1/4*g_(1,6_,nu15)*FT1*g_(1,q3)*g_(2,nu14)*cFT(nu9,XX,i2,iufo3)*
         cFT(g7,XX,iufo3,i3)*flavourTag(fmu,j11,j12)*Den(p4,xiw,M3)^2*Den(q2
          + q3,xiw,M3)^2*Den( - p4 + q2 + q3,0,0)^2*p4.p4*d^-1*xiw*ufoGC58^2*
         ufoGC3*ufoGC4
          )

       + Vec(nu14,q2)*Vec(nu9,q2)*Vec(nu10,q2)^2*Vec(nu15,q3) * (
          + 1/4*g_(1,6_,nu15)*FT1*g_(1,p4)*g_(2,nu14)*cFT(nu9,XX,i2,iufo3)*
         cFT(g7,XX,iufo3,i3)*flavourTag(fmu,j11,j12)*Den(p4,xiw,M3)*Den(q2 + 
         q3,xiw,M3)^2*Den( - p4 + q2 + q3,0,0)^2*xia*xiw*ufoGC58^2*ufoGC3*
         ufoGC4
          - 1/4*g_(1,6_,nu15)*FT1*g_(1,p4)*g_(2,nu14)*cFT(nu9,XX,i2,iufo3)*
         cFT(g7,XX,iufo3,i3)*flavourTag(fmu,j11,j12)*Den(p4,xiw,M3)*Den(q2 + 
         q3,xiw,M3)^2*Den( - p4 + q2 + q3,0,0)^2*xiw*ufoGC58^2*ufoGC3*ufoGC4
          - 1/4*g_(1,6_,nu15)*FT1*g_(1,p4)*g_(2,nu14)*cFT(nu9,XX,i2,iufo3)*
         cFT(g7,XX,iufo3,i3)*flavourTag(fmu,j11,j12)*Den(p4,xiw,M3)^2*Den(q2
          + q3,xiw,M3)^2*Den( - p4 + q2 + q3,0,0)^2*p4.p4*d^-1*xia*xiw*
         ufoGC58^2*ufoGC3*ufoGC4
          + 1/4*g_(1,6_,nu15)*FT1*g_(1,p4)*g_(2,nu14)*cFT(nu9,XX,i2,iufo3)*
         cFT(g7,XX,iufo3,i3)*flavourTag(fmu,j11,j12)*Den(p4,xiw,M3)^2*Den(q2
          + q3,xiw,M3)^2*Den( - p4 + q2 + q3,0,0)^2*p4.p4*d^-1*xiw*ufoGC58^2*
         ufoGC3*ufoGC4
          - 1/4*g_(1,6_,nu15)*FT1*g_(1,q1)*g_(2,nu14)*cFT(nu9,XX,i2,iufo3)*
         cFT(g7,XX,iufo3,i3)*flavourTag(fmu,j11,j12)*Den(p4,xiw,M3)*Den(q2 + 
         q3,xiw,M3)^2*Den( - p4 + q2 + q3,0,0)^2*xia*xiw*ufoGC58^2*ufoGC3*
         ufoGC4
          + 1/4*g_(1,6_,nu15)*FT1*g_(1,q1)*g_(2,nu14)*cFT(nu9,XX,i2,iufo3)*
         cFT(g7,XX,iufo3,i3)*flavourTag(fmu,j11,j12)*Den(p4,xiw,M3)*Den(q2 + 
         q3,xiw,M3)^2*Den( - p4 + q2 + q3,0,0)^2*xiw*ufoGC58^2*ufoGC3*ufoGC4
          + 1/4*g_(1,6_,nu15)*FT1*g_(1,q1)*g_(2,nu14)*cFT(nu9,XX,i2,iufo3)*
         cFT(g7,XX,iufo3,i3)*flavourTag(fmu,j11,j12)*Den(p4,xiw,M3)^2*Den(q2
          + q3,xiw,M3)^2*Den( - p4 + q2 + q3,0,0)^2*p4.p4*d^-1*xia*xiw*
         ufoGC58^2*ufoGC3*ufoGC4
          - 1/4*g_(1,6_,nu15)*FT1*g_(1,q1)*g_(2,nu14)*cFT(nu9,XX,i2,iufo3)*
         cFT(g7,XX,iufo3,i3)*flavourTag(fmu,j11,j12)*Den(p4,xiw,M3)^2*Den(q2
          + q3,xiw,M3)^2*Den( - p4 + q2 + q3,0,0)^2*p4.p4*d^-1*xiw*ufoGC58^2*
         ufoGC3*ufoGC4
          - 1/4*g_(1,6_,nu15)*FT1*g_(1,q2)*g_(2,nu14)*cFT(nu9,XX,i2,iufo3)*
         cFT(g7,XX,iufo3,i3)*flavourTag(fmu,j11,j12)*Den(p4,xiw,M3)*Den(q2 + 
         q3,xiw,M3)^2*Den( - p4 + q2 + q3,0,0)^2*xia*xiw*ufoGC58^2*ufoGC3*
         ufoGC4
          + 1/4*g_(1,6_,nu15)*FT1*g_(1,q2)*g_(2,nu14)*cFT(nu9,XX,i2,iufo3)*
         cFT(g7,XX,iufo3,i3)*flavourTag(fmu,j11,j12)*Den(p4,xiw,M3)*Den(q2 + 
         q3,xiw,M3)^2*Den( - p4 + q2 + q3,0,0)^2*xiw*ufoGC58^2*ufoGC3*ufoGC4
          + 1/4*g_(1,6_,nu15)*FT1*g_(1,q2)*g_(2,nu14)*cFT(nu9,XX,i2,iufo3)*
         cFT(g7,XX,iufo3,i3)*flavourTag(fmu,j11,j12)*Den(p4,xiw,M3)^2*Den(q2
          + q3,xiw,M3)^2*Den( - p4 + q2 + q3,0,0)^2*p4.p4*d^-1*xia*xiw*
         ufoGC58^2*ufoGC3*ufoGC4
          - 1/4*g_(1,6_,nu15)*FT1*g_(1,q2)*g_(2,nu14)*cFT(nu9,XX,i2,iufo3)*
         cFT(g7,XX,iufo3,i3)*flavourTag(fmu,j11,j12)*Den(p4,xiw,M3)^2*Den(q2
          + q3,xiw,M3)^2*Den( - p4 + q2 + q3,0,0)^2*p4.p4*d^-1*xiw*ufoGC58^2*
         ufoGC3*ufoGC4
          - 1/4*g_(1,6_,nu15)*FT1*g_(1,q3)*g_(2,nu14)*cFT(nu9,XX,i2,iufo3)*
         cFT(g7,XX,iufo3,i3)*flavourTag(fmu,j11,j12)*Den(p4,xiw,M3)*Den(q2 + 
         q3,xiw,M3)^2*Den( - p4 + q2 + q3,0,0)^2*xia*xiw*ufoGC58^2*ufoGC3*
         ufoGC4
          + 1/4*g_(1,6_,nu15)*FT1*g_(1,q3)*g_(2,nu14)*cFT(nu9,XX,i2,iufo3)*
         cFT(g7,XX,iufo3,i3)*flavourTag(fmu,j11,j12)*Den(p4,xiw,M3)*Den(q2 + 
         q3,xiw,M3)^2*Den( - p4 + q2 + q3,0,0)^2*xiw*ufoGC58^2*ufoGC3*ufoGC4
          + 1/4*g_(1,6_,nu15)*FT1*g_(1,q3)*g_(2,nu14)*cFT(nu9,XX,i2,iufo3)*
         cFT(g7,XX,iufo3,i3)*flavourTag(fmu,j11,j12)*Den(p4,xiw,M3)^2*Den(q2
          + q3,xiw,M3)^2*Den( - p4 + q2 + q3,0,0)^2*p4.p4*d^-1*xia*xiw*
         ufoGC58^2*ufoGC3*ufoGC4
          - 1/4*g_(1,6_,nu15)*FT1*g_(1,q3)*g_(2,nu14)*cFT(nu9,XX,i2,iufo3)*
         cFT(g7,XX,iufo3,i3)*flavourTag(fmu,j11,j12)*Den(p4,xiw,M3)^2*Den(q2
          + q3,xiw,M3)^2*Den( - p4 + q2 + q3,0,0)^2*p4.p4*d^-1*xiw*ufoGC58^2*
         ufoGC3*ufoGC4
          )

       + Vec(nu14,q2)*Vec(nu9,q2)*Vec(nu10,q2)*Vec(nu10,q3)*Vec(nu15,q2) * (
          + 1/2*g_(1,6_,nu15)*FT1*g_(1,p4)*g_(2,nu14)*cFT(nu9,XX,i2,iufo3)*
         cFT(g7,XX,iufo3,i3)*flavourTag(fmu,j11,j12)*Den(p4,xiw,M3)*Den(q2 + 
         q3,xiw,M3)^2*Den( - p4 + q2 + q3,0,0)^2*xia*xiw*ufoGC58^2*ufoGC3*
         ufoGC4
          - 1/2*g_(1,6_,nu15)*FT1*g_(1,p4)*g_(2,nu14)*cFT(nu9,XX,i2,iufo3)*
         cFT(g7,XX,iufo3,i3)*flavourTag(fmu,j11,j12)*Den(p4,xiw,M3)*Den(q2 + 
         q3,xiw,M3)^2*Den( - p4 + q2 + q3,0,0)^2*xiw*ufoGC58^2*ufoGC3*ufoGC4
          - 1/2*g_(1,6_,nu15)*FT1*g_(1,p4)*g_(2,nu14)*cFT(nu9,XX,i2,iufo3)*
         cFT(g7,XX,iufo3,i3)*flavourTag(fmu,j11,j12)*Den(p4,xiw,M3)^2*Den(q2
          + q3,xiw,M3)^2*Den( - p4 + q2 + q3,0,0)^2*p4.p4*d^-1*xia*xiw*
         ufoGC58^2*ufoGC3*ufoGC4
          + 1/2*g_(1,6_,nu15)*FT1*g_(1,p4)*g_(2,nu14)*cFT(nu9,XX,i2,iufo3)*
         cFT(g7,XX,iufo3,i3)*flavourTag(fmu,j11,j12)*Den(p4,xiw,M3)^2*Den(q2
          + q3,xiw,M3)^2*Den( - p4 + q2 + q3,0,0)^2*p4.p4*d^-1*xiw*ufoGC58^2*
         ufoGC3*ufoGC4
          - 1/2*g_(1,6_,nu15)*FT1*g_(1,q1)*g_(2,nu14)*cFT(nu9,XX,i2,iufo3)*
         cFT(g7,XX,iufo3,i3)*flavourTag(fmu,j11,j12)*Den(p4,xiw,M3)*Den(q2 + 
         q3,xiw,M3)^2*Den( - p4 + q2 + q3,0,0)^2*xia*xiw*ufoGC58^2*ufoGC3*
         ufoGC4
          + 1/2*g_(1,6_,nu15)*FT1*g_(1,q1)*g_(2,nu14)*cFT(nu9,XX,i2,iufo3)*
         cFT(g7,XX,iufo3,i3)*flavourTag(fmu,j11,j12)*Den(p4,xiw,M3)*Den(q2 + 
         q3,xiw,M3)^2*Den( - p4 + q2 + q3,0,0)^2*xiw*ufoGC58^2*ufoGC3*ufoGC4
          + 1/2*g_(1,6_,nu15)*FT1*g_(1,q1)*g_(2,nu14)*cFT(nu9,XX,i2,iufo3)*
         cFT(g7,XX,iufo3,i3)*flavourTag(fmu,j11,j12)*Den(p4,xiw,M3)^2*Den(q2
          + q3,xiw,M3)^2*Den( - p4 + q2 + q3,0,0)^2*p4.p4*d^-1*xia*xiw*
         ufoGC58^2*ufoGC3*ufoGC4
          - 1/2*g_(1,6_,nu15)*FT1*g_(1,q1)*g_(2,nu14)*cFT(nu9,XX,i2,iufo3)*
         cFT(g7,XX,iufo3,i3)*flavourTag(fmu,j11,j12)*Den(p4,xiw,M3)^2*Den(q2
          + q3,xiw,M3)^2*Den( - p4 + q2 + q3,0,0)^2*p4.p4*d^-1*xiw*ufoGC58^2*
         ufoGC3*ufoGC4
          - 1/2*g_(1,6_,nu15)*FT1*g_(1,q2)*g_(2,nu14)*cFT(nu9,XX,i2,iufo3)*
         cFT(g7,XX,iufo3,i3)*flavourTag(fmu,j11,j12)*Den(p4,xiw,M3)*Den(q2 + 
         q3,xiw,M3)^2*Den( - p4 + q2 + q3,0,0)^2*xia*xiw*ufoGC58^2*ufoGC3*
         ufoGC4
          + 1/2*g_(1,6_,nu15)*FT1*g_(1,q2)*g_(2,nu14)*cFT(nu9,XX,i2,iufo3)*
         cFT(g7,XX,iufo3,i3)*flavourTag(fmu,j11,j12)*Den(p4,xiw,M3)*Den(q2 + 
         q3,xiw,M3)^2*Den( - p4 + q2 + q3,0,0)^2*xiw*ufoGC58^2*ufoGC3*ufoGC4
          + 1/2*g_(1,6_,nu15)*FT1*g_(1,q2)*g_(2,nu14)*cFT(nu9,XX,i2,iufo3)*
         cFT(g7,XX,iufo3,i3)*flavourTag(fmu,j11,j12)*Den(p4,xiw,M3)^2*Den(q2
          + q3,xiw,M3)^2*Den( - p4 + q2 + q3,0,0)^2*p4.p4*d^-1*xia*xiw*
         ufoGC58^2*ufoGC3*ufoGC4
          - 1/2*g_(1,6_,nu15)*FT1*g_(1,q2)*g_(2,nu14)*cFT(nu9,XX,i2,iufo3)*
         cFT(g7,XX,iufo3,i3)*flavourTag(fmu,j11,j12)*Den(p4,xiw,M3)^2*Den(q2
          + q3,xiw,M3)^2*Den( - p4 + q2 + q3,0,0)^2*p4.p4*d^-1*xiw*ufoGC58^2*
         ufoGC3*ufoGC4
          - 1/2*g_(1,6_,nu15)*FT1*g_(1,q3)*g_(2,nu14)*cFT(nu9,XX,i2,iufo3)*
         cFT(g7,XX,iufo3,i3)*flavourTag(fmu,j11,j12)*Den(p4,xiw,M3)*Den(q2 + 
         q3,xiw,M3)^2*Den( - p4 + q2 + q3,0,0)^2*xia*xiw*ufoGC58^2*ufoGC3*
         ufoGC4
          + 1/2*g_(1,6_,nu15)*FT1*g_(1,q3)*g_(2,nu14)*cFT(nu9,XX,i2,iufo3)*
         cFT(g7,XX,iufo3,i3)*flavourTag(fmu,j11,j12)*Den(p4,xiw,M3)*Den(q2 + 
         q3,xiw,M3)^2*Den( - p4 + q2 + q3,0,0)^2*xiw*ufoGC58^2*ufoGC3*ufoGC4
          + 1/2*g_(1,6_,nu15)*FT1*g_(1,q3)*g_(2,nu14)*cFT(nu9,XX,i2,iufo3)*
         cFT(g7,XX,iufo3,i3)*flavourTag(fmu,j11,j12)*Den(p4,xiw,M3)^2*Den(q2
          + q3,xiw,M3)^2*Den( - p4 + q2 + q3,0,0)^2*p4.p4*d^-1*xia*xiw*
         ufoGC58^2*ufoGC3*ufoGC4
          - 1/2*g_(1,6_,nu15)*FT1*g_(1,q3)*g_(2,nu14)*cFT(nu9,XX,i2,iufo3)*
         cFT(g7,XX,iufo3,i3)*flavourTag(fmu,j11,j12)*Den(p4,xiw,M3)^2*Den(q2
          + q3,xiw,M3)^2*Den( - p4 + q2 + q3,0,0)^2*p4.p4*d^-1*xiw*ufoGC58^2*
         ufoGC3*ufoGC4
          )

       + Vec(nu14,q2)*Vec(nu9,q2)*Vec(nu10,q2)*Vec(nu10,q3)*Vec(nu15,q3) * (
          + 1/2*g_(1,6_,nu15)*FT1*g_(1,p4)*g_(2,nu14)*cFT(nu9,XX,i2,iufo3)*
         cFT(g7,XX,iufo3,i3)*flavourTag(fmu,j11,j12)*Den(p4,xiw,M3)*Den(q2 + 
         q3,xiw,M3)^2*Den( - p4 + q2 + q3,0,0)^2*xia*xiw*ufoGC58^2*ufoGC3*
         ufoGC4
          - 1/2*g_(1,6_,nu15)*FT1*g_(1,p4)*g_(2,nu14)*cFT(nu9,XX,i2,iufo3)*
         cFT(g7,XX,iufo3,i3)*flavourTag(fmu,j11,j12)*Den(p4,xiw,M3)*Den(q2 + 
         q3,xiw,M3)^2*Den( - p4 + q2 + q3,0,0)^2*xiw*ufoGC58^2*ufoGC3*ufoGC4
          - 1/2*g_(1,6_,nu15)*FT1*g_(1,p4)*g_(2,nu14)*cFT(nu9,XX,i2,iufo3)*
         cFT(g7,XX,iufo3,i3)*flavourTag(fmu,j11,j12)*Den(p4,xiw,M3)^2*Den(q2
          + q3,xiw,M3)^2*Den( - p4 + q2 + q3,0,0)^2*p4.p4*d^-1*xia*xiw*
         ufoGC58^2*ufoGC3*ufoGC4
          + 1/2*g_(1,6_,nu15)*FT1*g_(1,p4)*g_(2,nu14)*cFT(nu9,XX,i2,iufo3)*
         cFT(g7,XX,iufo3,i3)*flavourTag(fmu,j11,j12)*Den(p4,xiw,M3)^2*Den(q2
          + q3,xiw,M3)^2*Den( - p4 + q2 + q3,0,0)^2*p4.p4*d^-1*xiw*ufoGC58^2*
         ufoGC3*ufoGC4
          - 1/2*g_(1,6_,nu15)*FT1*g_(1,q1)*g_(2,nu14)*cFT(nu9,XX,i2,iufo3)*
         cFT(g7,XX,iufo3,i3)*flavourTag(fmu,j11,j12)*Den(p4,xiw,M3)*Den(q2 + 
         q3,xiw,M3)^2*Den( - p4 + q2 + q3,0,0)^2*xia*xiw*ufoGC58^2*ufoGC3*
         ufoGC4
          + 1/2*g_(1,6_,nu15)*FT1*g_(1,q1)*g_(2,nu14)*cFT(nu9,XX,i2,iufo3)*
         cFT(g7,XX,iufo3,i3)*flavourTag(fmu,j11,j12)*Den(p4,xiw,M3)*Den(q2 + 
         q3,xiw,M3)^2*Den( - p4 + q2 + q3,0,0)^2*xiw*ufoGC58^2*ufoGC3*ufoGC4
          + 1/2*g_(1,6_,nu15)*FT1*g_(1,q1)*g_(2,nu14)*cFT(nu9,XX,i2,iufo3)*
         cFT(g7,XX,iufo3,i3)*flavourTag(fmu,j11,j12)*Den(p4,xiw,M3)^2*Den(q2
          + q3,xiw,M3)^2*Den( - p4 + q2 + q3,0,0)^2*p4.p4*d^-1*xia*xiw*
         ufoGC58^2*ufoGC3*ufoGC4
          - 1/2*g_(1,6_,nu15)*FT1*g_(1,q1)*g_(2,nu14)*cFT(nu9,XX,i2,iufo3)*
         cFT(g7,XX,iufo3,i3)*flavourTag(fmu,j11,j12)*Den(p4,xiw,M3)^2*Den(q2
          + q3,xiw,M3)^2*Den( - p4 + q2 + q3,0,0)^2*p4.p4*d^-1*xiw*ufoGC58^2*
         ufoGC3*ufoGC4
          - 1/2*g_(1,6_,nu15)*FT1*g_(1,q2)*g_(2,nu14)*cFT(nu9,XX,i2,iufo3)*
         cFT(g7,XX,iufo3,i3)*flavourTag(fmu,j11,j12)*Den(p4,xiw,M3)*Den(q2 + 
         q3,xiw,M3)^2*Den( - p4 + q2 + q3,0,0)^2*xia*xiw*ufoGC58^2*ufoGC3*
         ufoGC4
          + 1/2*g_(1,6_,nu15)*FT1*g_(1,q2)*g_(2,nu14)*cFT(nu9,XX,i2,iufo3)*
         cFT(g7,XX,iufo3,i3)*flavourTag(fmu,j11,j12)*Den(p4,xiw,M3)*Den(q2 + 
         q3,xiw,M3)^2*Den( - p4 + q2 + q3,0,0)^2*xiw*ufoGC58^2*ufoGC3*ufoGC4
          + 1/2*g_(1,6_,nu15)*FT1*g_(1,q2)*g_(2,nu14)*cFT(nu9,XX,i2,iufo3)*
         cFT(g7,XX,iufo3,i3)*flavourTag(fmu,j11,j12)*Den(p4,xiw,M3)^2*Den(q2
          + q3,xiw,M3)^2*Den( - p4 + q2 + q3,0,0)^2*p4.p4*d^-1*xia*xiw*
         ufoGC58^2*ufoGC3*ufoGC4
          - 1/2*g_(1,6_,nu15)*FT1*g_(1,q2)*g_(2,nu14)*cFT(nu9,XX,i2,iufo3)*
         cFT(g7,XX,iufo3,i3)*flavourTag(fmu,j11,j12)*Den(p4,xiw,M3)^2*Den(q2
          + q3,xiw,M3)^2*Den( - p4 + q2 + q3,0,0)^2*p4.p4*d^-1*xiw*ufoGC58^2*
         ufoGC3*ufoGC4
          - 1/2*g_(1,6_,nu15)*FT1*g_(1,q3)*g_(2,nu14)*cFT(nu9,XX,i2,iufo3)*
         cFT(g7,XX,iufo3,i3)*flavourTag(fmu,j11,j12)*Den(p4,xiw,M3)*Den(q2 + 
         q3,xiw,M3)^2*Den( - p4 + q2 + q3,0,0)^2*xia*xiw*ufoGC58^2*ufoGC3*
         ufoGC4
          + 1/2*g_(1,6_,nu15)*FT1*g_(1,q3)*g_(2,nu14)*cFT(nu9,XX,i2,iufo3)*
         cFT(g7,XX,iufo3,i3)*flavourTag(fmu,j11,j12)*Den(p4,xiw,M3)*Den(q2 + 
         q3,xiw,M3)^2*Den( - p4 + q2 + q3,0,0)^2*xiw*ufoGC58^2*ufoGC3*ufoGC4
          + 1/2*g_(1,6_,nu15)*FT1*g_(1,q3)*g_(2,nu14)*cFT(nu9,XX,i2,iufo3)*
         cFT(g7,XX,iufo3,i3)*flavourTag(fmu,j11,j12)*Den(p4,xiw,M3)^2*Den(q2
          + q3,xiw,M3)^2*Den( - p4 + q2 + q3,0,0)^2*p4.p4*d^-1*xia*xiw*
         ufoGC58^2*ufoGC3*ufoGC4
          - 1/2*g_(1,6_,nu15)*FT1*g_(1,q3)*g_(2,nu14)*cFT(nu9,XX,i2,iufo3)*
         cFT(g7,XX,iufo3,i3)*flavourTag(fmu,j11,j12)*Den(p4,xiw,M3)^2*Den(q2
          + q3,xiw,M3)^2*Den( - p4 + q2 + q3,0,0)^2*p4.p4*d^-1*xiw*ufoGC58^2*
         ufoGC3*ufoGC4
          )

       + Vec(nu14,q2)*Vec(nu9,q2)*Vec(nu10,q2)*Vec(nu13,q2)^2 * (
          - 1/4*g_(1,6_,nu10)*FT1*g_(1,p4)*g_(2,nu14)*cFT(nu9,XX,i2,iufo3)*
         cFT(g7,XX,iufo3,i3)*flavourTag(fmu,j11,j12)*Den(p4,xiw,M3)*Den(q2 + 
         q3,xiw,M3)^2*Den( - p4 + q2 + q3,0,0)^2*xia*xiw*ufoGC58^2*ufoGC3*
         ufoGC4
          + 1/4*g_(1,6_,nu10)*FT1*g_(1,p4)*g_(2,nu14)*cFT(nu9,XX,i2,iufo3)*
         cFT(g7,XX,iufo3,i3)*flavourTag(fmu,j11,j12)*Den(p4,xiw,M3)*Den(q2 + 
         q3,xiw,M3)^2*Den( - p4 + q2 + q3,0,0)^2*xiw*ufoGC58^2*ufoGC3*ufoGC4
          + 1/4*g_(1,6_,nu10)*FT1*g_(1,p4)*g_(2,nu14)*cFT(nu9,XX,i2,iufo3)*
         cFT(g7,XX,iufo3,i3)*flavourTag(fmu,j11,j12)*Den(p4,xiw,M3)^2*Den(q2
          + q3,xiw,M3)^2*Den( - p4 + q2 + q3,0,0)^2*p4.p4*d^-1*xia*xiw*
         ufoGC58^2*ufoGC3*ufoGC4
          - 1/4*g_(1,6_,nu10)*FT1*g_(1,p4)*g_(2,nu14)*cFT(nu9,XX,i2,iufo3)*
         cFT(g7,XX,iufo3,i3)*flavourTag(fmu,j11,j12)*Den(p4,xiw,M3)^2*Den(q2
          + q3,xiw,M3)^2*Den( - p4 + q2 + q3,0,0)^2*p4.p4*d^-1*xiw*ufoGC58^2*
         ufoGC3*ufoGC4
          + 1/4*g_(1,6_,nu10)*FT1*g_(1,q1)*g_(2,nu14)*cFT(nu9,XX,i2,iufo3)*
         cFT(g7,XX,iufo3,i3)*flavourTag(fmu,j11,j12)*Den(p4,xiw,M3)*Den(q2 + 
         q3,xiw,M3)^2*Den( - p4 + q2 + q3,0,0)^2*xia*xiw*ufoGC58^2*ufoGC3*
         ufoGC4
          - 1/4*g_(1,6_,nu10)*FT1*g_(1,q1)*g_(2,nu14)*cFT(nu9,XX,i2,iufo3)*
         cFT(g7,XX,iufo3,i3)*flavourTag(fmu,j11,j12)*Den(p4,xiw,M3)*Den(q2 + 
         q3,xiw,M3)^2*Den( - p4 + q2 + q3,0,0)^2*xiw*ufoGC58^2*ufoGC3*ufoGC4
          - 1/4*g_(1,6_,nu10)*FT1*g_(1,q1)*g_(2,nu14)*cFT(nu9,XX,i2,iufo3)*
         cFT(g7,XX,iufo3,i3)*flavourTag(fmu,j11,j12)*Den(p4,xiw,M3)^2*Den(q2
          + q3,xiw,M3)^2*Den( - p4 + q2 + q3,0,0)^2*p4.p4*d^-1*xia*xiw*
         ufoGC58^2*ufoGC3*ufoGC4
          + 1/4*g_(1,6_,nu10)*FT1*g_(1,q1)*g_(2,nu14)*cFT(nu9,XX,i2,iufo3)*
         cFT(g7,XX,iufo3,i3)*flavourTag(fmu,j11,j12)*Den(p4,xiw,M3)^2*Den(q2
          + q3,xiw,M3)^2*Den( - p4 + q2 + q3,0,0)^2*p4.p4*d^-1*xiw*ufoGC58^2*
         ufoGC3*ufoGC4
          + 1/4*g_(1,6_,nu10)*FT1*g_(1,q2)*g_(2,nu14)*cFT(nu9,XX,i2,iufo3)*
         cFT(g7,XX,iufo3,i3)*flavourTag(fmu,j11,j12)*Den(p4,xiw,M3)*Den(q2 + 
         q3,xiw,M3)^2*Den( - p4 + q2 + q3,0,0)^2*xia*xiw*ufoGC58^2*ufoGC3*
         ufoGC4
          - 1/4*g_(1,6_,nu10)*FT1*g_(1,q2)*g_(2,nu14)*cFT(nu9,XX,i2,iufo3)*
         cFT(g7,XX,iufo3,i3)*flavourTag(fmu,j11,j12)*Den(p4,xiw,M3)*Den(q2 + 
         q3,xiw,M3)^2*Den( - p4 + q2 + q3,0,0)^2*xiw*ufoGC58^2*ufoGC3*ufoGC4
          - 1/4*g_(1,6_,nu10)*FT1*g_(1,q2)*g_(2,nu14)*cFT(nu9,XX,i2,iufo3)*
         cFT(g7,XX,iufo3,i3)*flavourTag(fmu,j11,j12)*Den(p4,xiw,M3)^2*Den(q2
          + q3,xiw,M3)^2*Den( - p4 + q2 + q3,0,0)^2*p4.p4*d^-1*xia*xiw*
         ufoGC58^2*ufoGC3*ufoGC4
          + 1/4*g_(1,6_,nu10)*FT1*g_(1,q2)*g_(2,nu14)*cFT(nu9,XX,i2,iufo3)*
         cFT(g7,XX,iufo3,i3)*flavourTag(fmu,j11,j12)*Den(p4,xiw,M3)^2*Den(q2
          + q3,xiw,M3)^2*Den( - p4 + q2 + q3,0,0)^2*p4.p4*d^-1*xiw*ufoGC58^2*
         ufoGC3*ufoGC4
          + 1/4*g_(1,6_,nu10)*FT1*g_(1,q3)*g_(2,nu14)*cFT(nu9,XX,i2,iufo3)*
         cFT(g7,XX,iufo3,i3)*flavourTag(fmu,j11,j12)*Den(p4,xiw,M3)*Den(q2 + 
         q3,xiw,M3)^2*Den( - p4 + q2 + q3,0,0)^2*xia*xiw*ufoGC58^2*ufoGC3*
         ufoGC4
          - 1/4*g_(1,6_,nu10)*FT1*g_(1,q3)*g_(2,nu14)*cFT(nu9,XX,i2,iufo3)*
         cFT(g7,XX,iufo3,i3)*flavourTag(fmu,j11,j12)*Den(p4,xiw,M3)*Den(q2 + 
         q3,xiw,M3)^2*Den( - p4 + q2 + q3,0,0)^2*xiw*ufoGC58^2*ufoGC3*ufoGC4
          - 1/4*g_(1,6_,nu10)*FT1*g_(1,q3)*g_(2,nu14)*cFT(nu9,XX,i2,iufo3)*
         cFT(g7,XX,iufo3,i3)*flavourTag(fmu,j11,j12)*Den(p4,xiw,M3)^2*Den(q2
          + q3,xiw,M3)^2*Den( - p4 + q2 + q3,0,0)^2*p4.p4*d^-1*xia*xiw*
         ufoGC58^2*ufoGC3*ufoGC4
          + 1/4*g_(1,6_,nu10)*FT1*g_(1,q3)*g_(2,nu14)*cFT(nu9,XX,i2,iufo3)*
         cFT(g7,XX,iufo3,i3)*flavourTag(fmu,j11,j12)*Den(p4,xiw,M3)^2*Den(q2
          + q3,xiw,M3)^2*Den( - p4 + q2 + q3,0,0)^2*p4.p4*d^-1*xiw*ufoGC58^2*
         ufoGC3*ufoGC4
          )

       + Vec(nu14,q2)*Vec(nu9,q2)*Vec(nu10,q2)*Vec(nu13,q2)*Vec(nu13,q3) * (
          - 1/2*g_(1,6_,nu10)*FT1*g_(1,p4)*g_(2,nu14)*cFT(nu9,XX,i2,iufo3)*
         cFT(g7,XX,iufo3,i3)*flavourTag(fmu,j11,j12)*Den(p4,xiw,M3)*Den(q2 + 
         q3,xiw,M3)^2*Den( - p4 + q2 + q3,0,0)^2*xia*xiw*ufoGC58^2*ufoGC3*
         ufoGC4
          + 1/2*g_(1,6_,nu10)*FT1*g_(1,p4)*g_(2,nu14)*cFT(nu9,XX,i2,iufo3)*
         cFT(g7,XX,iufo3,i3)*flavourTag(fmu,j11,j12)*Den(p4,xiw,M3)*Den(q2 + 
         q3,xiw,M3)^2*Den( - p4 + q2 + q3,0,0)^2*xiw*ufoGC58^2*ufoGC3*ufoGC4
          + 1/2*g_(1,6_,nu10)*FT1*g_(1,p4)*g_(2,nu14)*cFT(nu9,XX,i2,iufo3)*
         cFT(g7,XX,iufo3,i3)*flavourTag(fmu,j11,j12)*Den(p4,xiw,M3)^2*Den(q2
          + q3,xiw,M3)^2*Den( - p4 + q2 + q3,0,0)^2*p4.p4*d^-1*xia*xiw*
         ufoGC58^2*ufoGC3*ufoGC4
          - 1/2*g_(1,6_,nu10)*FT1*g_(1,p4)*g_(2,nu14)*cFT(nu9,XX,i2,iufo3)*
         cFT(g7,XX,iufo3,i3)*flavourTag(fmu,j11,j12)*Den(p4,xiw,M3)^2*Den(q2
          + q3,xiw,M3)^2*Den( - p4 + q2 + q3,0,0)^2*p4.p4*d^-1*xiw*ufoGC58^2*
         ufoGC3*ufoGC4
          + 1/2*g_(1,6_,nu10)*FT1*g_(1,q1)*g_(2,nu14)*cFT(nu9,XX,i2,iufo3)*
         cFT(g7,XX,iufo3,i3)*flavourTag(fmu,j11,j12)*Den(p4,xiw,M3)*Den(q2 + 
         q3,xiw,M3)^2*Den( - p4 + q2 + q3,0,0)^2*xia*xiw*ufoGC58^2*ufoGC3*
         ufoGC4
          - 1/2*g_(1,6_,nu10)*FT1*g_(1,q1)*g_(2,nu14)*cFT(nu9,XX,i2,iufo3)*
         cFT(g7,XX,iufo3,i3)*flavourTag(fmu,j11,j12)*Den(p4,xiw,M3)*Den(q2 + 
         q3,xiw,M3)^2*Den( - p4 + q2 + q3,0,0)^2*xiw*ufoGC58^2*ufoGC3*ufoGC4
          - 1/2*g_(1,6_,nu10)*FT1*g_(1,q1)*g_(2,nu14)*cFT(nu9,XX,i2,iufo3)*
         cFT(g7,XX,iufo3,i3)*flavourTag(fmu,j11,j12)*Den(p4,xiw,M3)^2*Den(q2
          + q3,xiw,M3)^2*Den( - p4 + q2 + q3,0,0)^2*p4.p4*d^-1*xia*xiw*
         ufoGC58^2*ufoGC3*ufoGC4
          + 1/2*g_(1,6_,nu10)*FT1*g_(1,q1)*g_(2,nu14)*cFT(nu9,XX,i2,iufo3)*
         cFT(g7,XX,iufo3,i3)*flavourTag(fmu,j11,j12)*Den(p4,xiw,M3)^2*Den(q2
          + q3,xiw,M3)^2*Den( - p4 + q2 + q3,0,0)^2*p4.p4*d^-1*xiw*ufoGC58^2*
         ufoGC3*ufoGC4
          + 1/2*g_(1,6_,nu10)*FT1*g_(1,q2)*g_(2,nu14)*cFT(nu9,XX,i2,iufo3)*
         cFT(g7,XX,iufo3,i3)*flavourTag(fmu,j11,j12)*Den(p4,xiw,M3)*Den(q2 + 
         q3,xiw,M3)^2*Den( - p4 + q2 + q3,0,0)^2*xia*xiw*ufoGC58^2*ufoGC3*
         ufoGC4
          - 1/2*g_(1,6_,nu10)*FT1*g_(1,q2)*g_(2,nu14)*cFT(nu9,XX,i2,iufo3)*
         cFT(g7,XX,iufo3,i3)*flavourTag(fmu,j11,j12)*Den(p4,xiw,M3)*Den(q2 + 
         q3,xiw,M3)^2*Den( - p4 + q2 + q3,0,0)^2*xiw*ufoGC58^2*ufoGC3*ufoGC4
          - 1/2*g_(1,6_,nu10)*FT1*g_(1,q2)*g_(2,nu14)*cFT(nu9,XX,i2,iufo3)*
         cFT(g7,XX,iufo3,i3)*flavourTag(fmu,j11,j12)*Den(p4,xiw,M3)^2*Den(q2
          + q3,xiw,M3)^2*Den( - p4 + q2 + q3,0,0)^2*p4.p4*d^-1*xia*xiw*
         ufoGC58^2*ufoGC3*ufoGC4
          + 1/2*g_(1,6_,nu10)*FT1*g_(1,q2)*g_(2,nu14)*cFT(nu9,XX,i2,iufo3)*
         cFT(g7,XX,iufo3,i3)*flavourTag(fmu,j11,j12)*Den(p4,xiw,M3)^2*Den(q2
          + q3,xiw,M3)^2*Den( - p4 + q2 + q3,0,0)^2*p4.p4*d^-1*xiw*ufoGC58^2*
         ufoGC3*ufoGC4
          + 1/2*g_(1,6_,nu10)*FT1*g_(1,q3)*g_(2,nu14)*cFT(nu9,XX,i2,iufo3)*
         cFT(g7,XX,iufo3,i3)*flavourTag(fmu,j11,j12)*Den(p4,xiw,M3)*Den(q2 + 
         q3,xiw,M3)^2*Den( - p4 + q2 + q3,0,0)^2*xia*xiw*ufoGC58^2*ufoGC3*
         ufoGC4
          - 1/2*g_(1,6_,nu10)*FT1*g_(1,q3)*g_(2,nu14)*cFT(nu9,XX,i2,iufo3)*
         cFT(g7,XX,iufo3,i3)*flavourTag(fmu,j11,j12)*Den(p4,xiw,M3)*Den(q2 + 
         q3,xiw,M3)^2*Den( - p4 + q2 + q3,0,0)^2*xiw*ufoGC58^2*ufoGC3*ufoGC4
          - 1/2*g_(1,6_,nu10)*FT1*g_(1,q3)*g_(2,nu14)*cFT(nu9,XX,i2,iufo3)*
         cFT(g7,XX,iufo3,i3)*flavourTag(fmu,j11,j12)*Den(p4,xiw,M3)^2*Den(q2
          + q3,xiw,M3)^2*Den( - p4 + q2 + q3,0,0)^2*p4.p4*d^-1*xia*xiw*
         ufoGC58^2*ufoGC3*ufoGC4
          + 1/2*g_(1,6_,nu10)*FT1*g_(1,q3)*g_(2,nu14)*cFT(nu9,XX,i2,iufo3)*
         cFT(g7,XX,iufo3,i3)*flavourTag(fmu,j11,j12)*Den(p4,xiw,M3)^2*Den(q2
          + q3,xiw,M3)^2*Den( - p4 + q2 + q3,0,0)^2*p4.p4*d^-1*xiw*ufoGC58^2*
         ufoGC3*ufoGC4
          )

       + Vec(nu14,q2)*Vec(nu9,q2)*Vec(nu10,q2)*Vec(nu13,q3)^2 * (
          - 1/4*g_(1,6_,nu10)*FT1*g_(1,p4)*g_(2,nu14)*cFT(nu9,XX,i2,iufo3)*
         cFT(g7,XX,iufo3,i3)*flavourTag(fmu,j11,j12)*Den(p4,xiw,M3)*Den(q2 + 
         q3,xiw,M3)^2*Den( - p4 + q2 + q3,0,0)^2*xia*xiw*ufoGC58^2*ufoGC3*
         ufoGC4
          + 1/4*g_(1,6_,nu10)*FT1*g_(1,p4)*g_(2,nu14)*cFT(nu9,XX,i2,iufo3)*
         cFT(g7,XX,iufo3,i3)*flavourTag(fmu,j11,j12)*Den(p4,xiw,M3)*Den(q2 + 
         q3,xiw,M3)^2*Den( - p4 + q2 + q3,0,0)^2*xiw*ufoGC58^2*ufoGC3*ufoGC4
          + 1/4*g_(1,6_,nu10)*FT1*g_(1,p4)*g_(2,nu14)*cFT(nu9,XX,i2,iufo3)*
         cFT(g7,XX,iufo3,i3)*flavourTag(fmu,j11,j12)*Den(p4,xiw,M3)^2*Den(q2
          + q3,xiw,M3)^2*Den( - p4 + q2 + q3,0,0)^2*p4.p4*d^-1*xia*xiw*
         ufoGC58^2*ufoGC3*ufoGC4
          - 1/4*g_(1,6_,nu10)*FT1*g_(1,p4)*g_(2,nu14)*cFT(nu9,XX,i2,iufo3)*
         cFT(g7,XX,iufo3,i3)*flavourTag(fmu,j11,j12)*Den(p4,xiw,M3)^2*Den(q2
          + q3,xiw,M3)^2*Den( - p4 + q2 + q3,0,0)^2*p4.p4*d^-1*xiw*ufoGC58^2*
         ufoGC3*ufoGC4
          + 1/4*g_(1,6_,nu10)*FT1*g_(1,q1)*g_(2,nu14)*cFT(nu9,XX,i2,iufo3)*
         cFT(g7,XX,iufo3,i3)*flavourTag(fmu,j11,j12)*Den(p4,xiw,M3)*Den(q2 + 
         q3,xiw,M3)^2*Den( - p4 + q2 + q3,0,0)^2*xia*xiw*ufoGC58^2*ufoGC3*
         ufoGC4
          - 1/4*g_(1,6_,nu10)*FT1*g_(1,q1)*g_(2,nu14)*cFT(nu9,XX,i2,iufo3)*
         cFT(g7,XX,iufo3,i3)*flavourTag(fmu,j11,j12)*Den(p4,xiw,M3)*Den(q2 + 
         q3,xiw,M3)^2*Den( - p4 + q2 + q3,0,0)^2*xiw*ufoGC58^2*ufoGC3*ufoGC4
          - 1/4*g_(1,6_,nu10)*FT1*g_(1,q1)*g_(2,nu14)*cFT(nu9,XX,i2,iufo3)*
         cFT(g7,XX,iufo3,i3)*flavourTag(fmu,j11,j12)*Den(p4,xiw,M3)^2*Den(q2
          + q3,xiw,M3)^2*Den( - p4 + q2 + q3,0,0)^2*p4.p4*d^-1*xia*xiw*
         ufoGC58^2*ufoGC3*ufoGC4
          + 1/4*g_(1,6_,nu10)*FT1*g_(1,q1)*g_(2,nu14)*cFT(nu9,XX,i2,iufo3)*
         cFT(g7,XX,iufo3,i3)*flavourTag(fmu,j11,j12)*Den(p4,xiw,M3)^2*Den(q2
          + q3,xiw,M3)^2*Den( - p4 + q2 + q3,0,0)^2*p4.p4*d^-1*xiw*ufoGC58^2*
         ufoGC3*ufoGC4
          + 1/4*g_(1,6_,nu10)*FT1*g_(1,q2)*g_(2,nu14)*cFT(nu9,XX,i2,iufo3)*
         cFT(g7,XX,iufo3,i3)*flavourTag(fmu,j11,j12)*Den(p4,xiw,M3)*Den(q2 + 
         q3,xiw,M3)^2*Den( - p4 + q2 + q3,0,0)^2*xia*xiw*ufoGC58^2*ufoGC3*
         ufoGC4
          - 1/4*g_(1,6_,nu10)*FT1*g_(1,q2)*g_(2,nu14)*cFT(nu9,XX,i2,iufo3)*
         cFT(g7,XX,iufo3,i3)*flavourTag(fmu,j11,j12)*Den(p4,xiw,M3)*Den(q2 + 
         q3,xiw,M3)^2*Den( - p4 + q2 + q3,0,0)^2*xiw*ufoGC58^2*ufoGC3*ufoGC4
          - 1/4*g_(1,6_,nu10)*FT1*g_(1,q2)*g_(2,nu14)*cFT(nu9,XX,i2,iufo3)*
         cFT(g7,XX,iufo3,i3)*flavourTag(fmu,j11,j12)*Den(p4,xiw,M3)^2*Den(q2
          + q3,xiw,M3)^2*Den( - p4 + q2 + q3,0,0)^2*p4.p4*d^-1*xia*xiw*
         ufoGC58^2*ufoGC3*ufoGC4
          + 1/4*g_(1,6_,nu10)*FT1*g_(1,q2)*g_(2,nu14)*cFT(nu9,XX,i2,iufo3)*
         cFT(g7,XX,iufo3,i3)*flavourTag(fmu,j11,j12)*Den(p4,xiw,M3)^2*Den(q2
          + q3,xiw,M3)^2*Den( - p4 + q2 + q3,0,0)^2*p4.p4*d^-1*xiw*ufoGC58^2*
         ufoGC3*ufoGC4
          + 1/4*g_(1,6_,nu10)*FT1*g_(1,q3)*g_(2,nu14)*cFT(nu9,XX,i2,iufo3)*
         cFT(g7,XX,iufo3,i3)*flavourTag(fmu,j11,j12)*Den(p4,xiw,M3)*Den(q2 + 
         q3,xiw,M3)^2*Den( - p4 + q2 + q3,0,0)^2*xia*xiw*ufoGC58^2*ufoGC3*
         ufoGC4
          - 1/4*g_(1,6_,nu10)*FT1*g_(1,q3)*g_(2,nu14)*cFT(nu9,XX,i2,iufo3)*
         cFT(g7,XX,iufo3,i3)*flavourTag(fmu,j11,j12)*Den(p4,xiw,M3)*Den(q2 + 
         q3,xiw,M3)^2*Den( - p4 + q2 + q3,0,0)^2*xiw*ufoGC58^2*ufoGC3*ufoGC4
          - 1/4*g_(1,6_,nu10)*FT1*g_(1,q3)*g_(2,nu14)*cFT(nu9,XX,i2,iufo3)*
         cFT(g7,XX,iufo3,i3)*flavourTag(fmu,j11,j12)*Den(p4,xiw,M3)^2*Den(q2
          + q3,xiw,M3)^2*Den( - p4 + q2 + q3,0,0)^2*p4.p4*d^-1*xia*xiw*
         ufoGC58^2*ufoGC3*ufoGC4
          + 1/4*g_(1,6_,nu10)*FT1*g_(1,q3)*g_(2,nu14)*cFT(nu9,XX,i2,iufo3)*
         cFT(g7,XX,iufo3,i3)*flavourTag(fmu,j11,j12)*Den(p4,xiw,M3)^2*Den(q2
          + q3,xiw,M3)^2*Den( - p4 + q2 + q3,0,0)^2*p4.p4*d^-1*xiw*ufoGC58^2*
         ufoGC3*ufoGC4
          )

       + Vec(nu14,q2)*Vec(nu9,q2)*Vec(nu10,q2) * (
          + 1/4*g_(1,6_,nu10)*FT1*g_(1,p4)*g_(2,nu14)*cFT(nu9,XX,i2,iufo3)*
         cFT(g7,XX,iufo3,i3)*flavourTag(fmu,j11,j12)*Den(p4,xiw,M3)*Den(q2 + 
         q3,xiw,M3)^2*Den( - p4 + q2 + q3,0,0)^2*p4.p4*xia*xiw*ufoGC58^2*
         ufoGC3*ufoGC4
          - 1/4*g_(1,6_,nu10)*FT1*g_(1,p4)*g_(2,nu14)*cFT(nu9,XX,i2,iufo3)*
         cFT(g7,XX,iufo3,i3)*flavourTag(fmu,j11,j12)*Den(p4,xiw,M3)*Den(q2 + 
         q3,xiw,M3)^2*Den( - p4 + q2 + q3,0,0)^2*p4.p4*xiw*ufoGC58^2*ufoGC3*
         ufoGC4
          - 1/4*g_(1,6_,nu10)*FT1*g_(1,q1)*g_(2,nu14)*cFT(nu9,XX,i2,iufo3)*
         cFT(g7,XX,iufo3,i3)*flavourTag(fmu,j11,j12)*Den(p4,xiw,M3)*Den(q2 + 
         q3,xiw,M3)^2*Den( - p4 + q2 + q3,0,0)^2*p4.p4*xia*xiw*ufoGC58^2*
         ufoGC3*ufoGC4
          + 1/4*g_(1,6_,nu10)*FT1*g_(1,q1)*g_(2,nu14)*cFT(nu9,XX,i2,iufo3)*
         cFT(g7,XX,iufo3,i3)*flavourTag(fmu,j11,j12)*Den(p4,xiw,M3)*Den(q2 + 
         q3,xiw,M3)^2*Den( - p4 + q2 + q3,0,0)^2*p4.p4*xiw*ufoGC58^2*ufoGC3*
         ufoGC4
          - 1/4*g_(1,6_,nu10)*FT1*g_(1,q2)*g_(2,nu14)*cFT(nu9,XX,i2,iufo3)*
         cFT(g7,XX,iufo3,i3)*flavourTag(fmu,j11,j12)*Den(p4,xiw,M3)*Den(q2 + 
         q3,xiw,M3)^2*Den( - p4 + q2 + q3,0,0)^2*p4.p4*xia*xiw*ufoGC58^2*
         ufoGC3*ufoGC4
          + 1/4*g_(1,6_,nu10)*FT1*g_(1,q2)*g_(2,nu14)*cFT(nu9,XX,i2,iufo3)*
         cFT(g7,XX,iufo3,i3)*flavourTag(fmu,j11,j12)*Den(p4,xiw,M3)*Den(q2 + 
         q3,xiw,M3)^2*Den( - p4 + q2 + q3,0,0)^2*p4.p4*xiw*ufoGC58^2*ufoGC3*
         ufoGC4
          - 1/4*g_(1,6_,nu10)*FT1*g_(1,q3)*g_(2,nu14)*cFT(nu9,XX,i2,iufo3)*
         cFT(g7,XX,iufo3,i3)*flavourTag(fmu,j11,j12)*Den(p4,xiw,M3)*Den(q2 + 
         q3,xiw,M3)^2*Den( - p4 + q2 + q3,0,0)^2*p4.p4*xia*xiw*ufoGC58^2*
         ufoGC3*ufoGC4
          + 1/4*g_(1,6_,nu10)*FT1*g_(1,q3)*g_(2,nu14)*cFT(nu9,XX,i2,iufo3)*
         cFT(g7,XX,iufo3,i3)*flavourTag(fmu,j11,j12)*Den(p4,xiw,M3)*Den(q2 + 
         q3,xiw,M3)^2*Den( - p4 + q2 + q3,0,0)^2*p4.p4*xiw*ufoGC58^2*ufoGC3*
         ufoGC4
          )

       + Vec(nu14,q2)*Vec(nu9,q2)*Vec(nu10,q3)^2*Vec(nu15,q2) * (
          + 1/4*g_(1,6_,nu15)*FT1*g_(1,p4)*g_(2,nu14)*cFT(nu9,XX,i2,iufo3)*
         cFT(g7,XX,iufo3,i3)*flavourTag(fmu,j11,j12)*Den(p4,xiw,M3)*Den(q2 + 
         q3,xiw,M3)^2*Den( - p4 + q2 + q3,0,0)^2*xia*xiw*ufoGC58^2*ufoGC3*
         ufoGC4
          - 1/4*g_(1,6_,nu15)*FT1*g_(1,p4)*g_(2,nu14)*cFT(nu9,XX,i2,iufo3)*
         cFT(g7,XX,iufo3,i3)*flavourTag(fmu,j11,j12)*Den(p4,xiw,M3)*Den(q2 + 
         q3,xiw,M3)^2*Den( - p4 + q2 + q3,0,0)^2*xiw*ufoGC58^2*ufoGC3*ufoGC4
          - 1/4*g_(1,6_,nu15)*FT1*g_(1,p4)*g_(2,nu14)*cFT(nu9,XX,i2,iufo3)*
         cFT(g7,XX,iufo3,i3)*flavourTag(fmu,j11,j12)*Den(p4,xiw,M3)^2*Den(q2
          + q3,xiw,M3)^2*Den( - p4 + q2 + q3,0,0)^2*p4.p4*d^-1*xia*xiw*
         ufoGC58^2*ufoGC3*ufoGC4
          + 1/4*g_(1,6_,nu15)*FT1*g_(1,p4)*g_(2,nu14)*cFT(nu9,XX,i2,iufo3)*
         cFT(g7,XX,iufo3,i3)*flavourTag(fmu,j11,j12)*Den(p4,xiw,M3)^2*Den(q2
          + q3,xiw,M3)^2*Den( - p4 + q2 + q3,0,0)^2*p4.p4*d^-1*xiw*ufoGC58^2*
         ufoGC3*ufoGC4
          - 1/4*g_(1,6_,nu15)*FT1*g_(1,q1)*g_(2,nu14)*cFT(nu9,XX,i2,iufo3)*
         cFT(g7,XX,iufo3,i3)*flavourTag(fmu,j11,j12)*Den(p4,xiw,M3)*Den(q2 + 
         q3,xiw,M3)^2*Den( - p4 + q2 + q3,0,0)^2*xia*xiw*ufoGC58^2*ufoGC3*
         ufoGC4
          + 1/4*g_(1,6_,nu15)*FT1*g_(1,q1)*g_(2,nu14)*cFT(nu9,XX,i2,iufo3)*
         cFT(g7,XX,iufo3,i3)*flavourTag(fmu,j11,j12)*Den(p4,xiw,M3)*Den(q2 + 
         q3,xiw,M3)^2*Den( - p4 + q2 + q3,0,0)^2*xiw*ufoGC58^2*ufoGC3*ufoGC4
          + 1/4*g_(1,6_,nu15)*FT1*g_(1,q1)*g_(2,nu14)*cFT(nu9,XX,i2,iufo3)*
         cFT(g7,XX,iufo3,i3)*flavourTag(fmu,j11,j12)*Den(p4,xiw,M3)^2*Den(q2
          + q3,xiw,M3)^2*Den( - p4 + q2 + q3,0,0)^2*p4.p4*d^-1*xia*xiw*
         ufoGC58^2*ufoGC3*ufoGC4
          - 1/4*g_(1,6_,nu15)*FT1*g_(1,q1)*g_(2,nu14)*cFT(nu9,XX,i2,iufo3)*
         cFT(g7,XX,iufo3,i3)*flavourTag(fmu,j11,j12)*Den(p4,xiw,M3)^2*Den(q2
          + q3,xiw,M3)^2*Den( - p4 + q2 + q3,0,0)^2*p4.p4*d^-1*xiw*ufoGC58^2*
         ufoGC3*ufoGC4
          - 1/4*g_(1,6_,nu15)*FT1*g_(1,q2)*g_(2,nu14)*cFT(nu9,XX,i2,iufo3)*
         cFT(g7,XX,iufo3,i3)*flavourTag(fmu,j11,j12)*Den(p4,xiw,M3)*Den(q2 + 
         q3,xiw,M3)^2*Den( - p4 + q2 + q3,0,0)^2*xia*xiw*ufoGC58^2*ufoGC3*
         ufoGC4
          + 1/4*g_(1,6_,nu15)*FT1*g_(1,q2)*g_(2,nu14)*cFT(nu9,XX,i2,iufo3)*
         cFT(g7,XX,iufo3,i3)*flavourTag(fmu,j11,j12)*Den(p4,xiw,M3)*Den(q2 + 
         q3,xiw,M3)^2*Den( - p4 + q2 + q3,0,0)^2*xiw*ufoGC58^2*ufoGC3*ufoGC4
          + 1/4*g_(1,6_,nu15)*FT1*g_(1,q2)*g_(2,nu14)*cFT(nu9,XX,i2,iufo3)*
         cFT(g7,XX,iufo3,i3)*flavourTag(fmu,j11,j12)*Den(p4,xiw,M3)^2*Den(q2
          + q3,xiw,M3)^2*Den( - p4 + q2 + q3,0,0)^2*p4.p4*d^-1*xia*xiw*
         ufoGC58^2*ufoGC3*ufoGC4
          - 1/4*g_(1,6_,nu15)*FT1*g_(1,q2)*g_(2,nu14)*cFT(nu9,XX,i2,iufo3)*
         cFT(g7,XX,iufo3,i3)*flavourTag(fmu,j11,j12)*Den(p4,xiw,M3)^2*Den(q2
          + q3,xiw,M3)^2*Den( - p4 + q2 + q3,0,0)^2*p4.p4*d^-1*xiw*ufoGC58^2*
         ufoGC3*ufoGC4
          - 1/4*g_(1,6_,nu15)*FT1*g_(1,q3)*g_(2,nu14)*cFT(nu9,XX,i2,iufo3)*
         cFT(g7,XX,iufo3,i3)*flavourTag(fmu,j11,j12)*Den(p4,xiw,M3)*Den(q2 + 
         q3,xiw,M3)^2*Den( - p4 + q2 + q3,0,0)^2*xia*xiw*ufoGC58^2*ufoGC3*
         ufoGC4
          + 1/4*g_(1,6_,nu15)*FT1*g_(1,q3)*g_(2,nu14)*cFT(nu9,XX,i2,iufo3)*
         cFT(g7,XX,iufo3,i3)*flavourTag(fmu,j11,j12)*Den(p4,xiw,M3)*Den(q2 + 
         q3,xiw,M3)^2*Den( - p4 + q2 + q3,0,0)^2*xiw*ufoGC58^2*ufoGC3*ufoGC4
          + 1/4*g_(1,6_,nu15)*FT1*g_(1,q3)*g_(2,nu14)*cFT(nu9,XX,i2,iufo3)*
         cFT(g7,XX,iufo3,i3)*flavourTag(fmu,j11,j12)*Den(p4,xiw,M3)^2*Den(q2
          + q3,xiw,M3)^2*Den( - p4 + q2 + q3,0,0)^2*p4.p4*d^-1*xia*xiw*
         ufoGC58^2*ufoGC3*ufoGC4
          - 1/4*g_(1,6_,nu15)*FT1*g_(1,q3)*g_(2,nu14)*cFT(nu9,XX,i2,iufo3)*
         cFT(g7,XX,iufo3,i3)*flavourTag(fmu,j11,j12)*Den(p4,xiw,M3)^2*Den(q2
          + q3,xiw,M3)^2*Den( - p4 + q2 + q3,0,0)^2*p4.p4*d^-1*xiw*ufoGC58^2*
         ufoGC3*ufoGC4
          )

       + Vec(nu14,q2)*Vec(nu9,q2)*Vec(nu10,q3)^2*Vec(nu15,q3) * (
          + 1/4*g_(1,6_,nu15)*FT1*g_(1,p4)*g_(2,nu14)*cFT(nu9,XX,i2,iufo3)*
         cFT(g7,XX,iufo3,i3)*flavourTag(fmu,j11,j12)*Den(p4,xiw,M3)*Den(q2 + 
         q3,xiw,M3)^2*Den( - p4 + q2 + q3,0,0)^2*xia*xiw*ufoGC58^2*ufoGC3*
         ufoGC4
          - 1/4*g_(1,6_,nu15)*FT1*g_(1,p4)*g_(2,nu14)*cFT(nu9,XX,i2,iufo3)*
         cFT(g7,XX,iufo3,i3)*flavourTag(fmu,j11,j12)*Den(p4,xiw,M3)*Den(q2 + 
         q3,xiw,M3)^2*Den( - p4 + q2 + q3,0,0)^2*xiw*ufoGC58^2*ufoGC3*ufoGC4
          - 1/4*g_(1,6_,nu15)*FT1*g_(1,p4)*g_(2,nu14)*cFT(nu9,XX,i2,iufo3)*
         cFT(g7,XX,iufo3,i3)*flavourTag(fmu,j11,j12)*Den(p4,xiw,M3)^2*Den(q2
          + q3,xiw,M3)^2*Den( - p4 + q2 + q3,0,0)^2*p4.p4*d^-1*xia*xiw*
         ufoGC58^2*ufoGC3*ufoGC4
          + 1/4*g_(1,6_,nu15)*FT1*g_(1,p4)*g_(2,nu14)*cFT(nu9,XX,i2,iufo3)*
         cFT(g7,XX,iufo3,i3)*flavourTag(fmu,j11,j12)*Den(p4,xiw,M3)^2*Den(q2
          + q3,xiw,M3)^2*Den( - p4 + q2 + q3,0,0)^2*p4.p4*d^-1*xiw*ufoGC58^2*
         ufoGC3*ufoGC4
          - 1/4*g_(1,6_,nu15)*FT1*g_(1,q1)*g_(2,nu14)*cFT(nu9,XX,i2,iufo3)*
         cFT(g7,XX,iufo3,i3)*flavourTag(fmu,j11,j12)*Den(p4,xiw,M3)*Den(q2 + 
         q3,xiw,M3)^2*Den( - p4 + q2 + q3,0,0)^2*xia*xiw*ufoGC58^2*ufoGC3*
         ufoGC4
          + 1/4*g_(1,6_,nu15)*FT1*g_(1,q1)*g_(2,nu14)*cFT(nu9,XX,i2,iufo3)*
         cFT(g7,XX,iufo3,i3)*flavourTag(fmu,j11,j12)*Den(p4,xiw,M3)*Den(q2 + 
         q3,xiw,M3)^2*Den( - p4 + q2 + q3,0,0)^2*xiw*ufoGC58^2*ufoGC3*ufoGC4
          + 1/4*g_(1,6_,nu15)*FT1*g_(1,q1)*g_(2,nu14)*cFT(nu9,XX,i2,iufo3)*
         cFT(g7,XX,iufo3,i3)*flavourTag(fmu,j11,j12)*Den(p4,xiw,M3)^2*Den(q2
          + q3,xiw,M3)^2*Den( - p4 + q2 + q3,0,0)^2*p4.p4*d^-1*xia*xiw*
         ufoGC58^2*ufoGC3*ufoGC4
          - 1/4*g_(1,6_,nu15)*FT1*g_(1,q1)*g_(2,nu14)*cFT(nu9,XX,i2,iufo3)*
         cFT(g7,XX,iufo3,i3)*flavourTag(fmu,j11,j12)*Den(p4,xiw,M3)^2*Den(q2
          + q3,xiw,M3)^2*Den( - p4 + q2 + q3,0,0)^2*p4.p4*d^-1*xiw*ufoGC58^2*
         ufoGC3*ufoGC4
          - 1/4*g_(1,6_,nu15)*FT1*g_(1,q2)*g_(2,nu14)*cFT(nu9,XX,i2,iufo3)*
         cFT(g7,XX,iufo3,i3)*flavourTag(fmu,j11,j12)*Den(p4,xiw,M3)*Den(q2 + 
         q3,xiw,M3)^2*Den( - p4 + q2 + q3,0,0)^2*xia*xiw*ufoGC58^2*ufoGC3*
         ufoGC4
          + 1/4*g_(1,6_,nu15)*FT1*g_(1,q2)*g_(2,nu14)*cFT(nu9,XX,i2,iufo3)*
         cFT(g7,XX,iufo3,i3)*flavourTag(fmu,j11,j12)*Den(p4,xiw,M3)*Den(q2 + 
         q3,xiw,M3)^2*Den( - p4 + q2 + q3,0,0)^2*xiw*ufoGC58^2*ufoGC3*ufoGC4
          + 1/4*g_(1,6_,nu15)*FT1*g_(1,q2)*g_(2,nu14)*cFT(nu9,XX,i2,iufo3)*
         cFT(g7,XX,iufo3,i3)*flavourTag(fmu,j11,j12)*Den(p4,xiw,M3)^2*Den(q2
          + q3,xiw,M3)^2*Den( - p4 + q2 + q3,0,0)^2*p4.p4*d^-1*xia*xiw*
         ufoGC58^2*ufoGC3*ufoGC4
          - 1/4*g_(1,6_,nu15)*FT1*g_(1,q2)*g_(2,nu14)*cFT(nu9,XX,i2,iufo3)*
         cFT(g7,XX,iufo3,i3)*flavourTag(fmu,j11,j12)*Den(p4,xiw,M3)^2*Den(q2
          + q3,xiw,M3)^2*Den( - p4 + q2 + q3,0,0)^2*p4.p4*d^-1*xiw*ufoGC58^2*
         ufoGC3*ufoGC4
          - 1/4*g_(1,6_,nu15)*FT1*g_(1,q3)*g_(2,nu14)*cFT(nu9,XX,i2,iufo3)*
         cFT(g7,XX,iufo3,i3)*flavourTag(fmu,j11,j12)*Den(p4,xiw,M3)*Den(q2 + 
         q3,xiw,M3)^2*Den( - p4 + q2 + q3,0,0)^2*xia*xiw*ufoGC58^2*ufoGC3*
         ufoGC4
          + 1/4*g_(1,6_,nu15)*FT1*g_(1,q3)*g_(2,nu14)*cFT(nu9,XX,i2,iufo3)*
         cFT(g7,XX,iufo3,i3)*flavourTag(fmu,j11,j12)*Den(p4,xiw,M3)*Den(q2 + 
         q3,xiw,M3)^2*Den( - p4 + q2 + q3,0,0)^2*xiw*ufoGC58^2*ufoGC3*ufoGC4
          + 1/4*g_(1,6_,nu15)*FT1*g_(1,q3)*g_(2,nu14)*cFT(nu9,XX,i2,iufo3)*
         cFT(g7,XX,iufo3,i3)*flavourTag(fmu,j11,j12)*Den(p4,xiw,M3)^2*Den(q2
          + q3,xiw,M3)^2*Den( - p4 + q2 + q3,0,0)^2*p4.p4*d^-1*xia*xiw*
         ufoGC58^2*ufoGC3*ufoGC4
          - 1/4*g_(1,6_,nu15)*FT1*g_(1,q3)*g_(2,nu14)*cFT(nu9,XX,i2,iufo3)*
         cFT(g7,XX,iufo3,i3)*flavourTag(fmu,j11,j12)*Den(p4,xiw,M3)^2*Den(q2
          + q3,xiw,M3)^2*Den( - p4 + q2 + q3,0,0)^2*p4.p4*d^-1*xiw*ufoGC58^2*
         ufoGC3*ufoGC4
          )

       + Vec(nu14,q2)*Vec(nu9,q2)*Vec(nu10,q3)*Vec(nu13,q2)^2 * (
          - 1/4*g_(1,6_,nu10)*FT1*g_(1,p4)*g_(2,nu14)*cFT(nu9,XX,i2,iufo3)*
         cFT(g7,XX,iufo3,i3)*flavourTag(fmu,j11,j12)*Den(p4,xiw,M3)*Den(q2 + 
         q3,xiw,M3)^2*Den( - p4 + q2 + q3,0,0)^2*xia*xiw*ufoGC58^2*ufoGC3*
         ufoGC4
          + 1/4*g_(1,6_,nu10)*FT1*g_(1,p4)*g_(2,nu14)*cFT(nu9,XX,i2,iufo3)*
         cFT(g7,XX,iufo3,i3)*flavourTag(fmu,j11,j12)*Den(p4,xiw,M3)*Den(q2 + 
         q3,xiw,M3)^2*Den( - p4 + q2 + q3,0,0)^2*xiw*ufoGC58^2*ufoGC3*ufoGC4
          + 1/4*g_(1,6_,nu10)*FT1*g_(1,p4)*g_(2,nu14)*cFT(nu9,XX,i2,iufo3)*
         cFT(g7,XX,iufo3,i3)*flavourTag(fmu,j11,j12)*Den(p4,xiw,M3)^2*Den(q2
          + q3,xiw,M3)^2*Den( - p4 + q2 + q3,0,0)^2*p4.p4*d^-1*xia*xiw*
         ufoGC58^2*ufoGC3*ufoGC4
          - 1/4*g_(1,6_,nu10)*FT1*g_(1,p4)*g_(2,nu14)*cFT(nu9,XX,i2,iufo3)*
         cFT(g7,XX,iufo3,i3)*flavourTag(fmu,j11,j12)*Den(p4,xiw,M3)^2*Den(q2
          + q3,xiw,M3)^2*Den( - p4 + q2 + q3,0,0)^2*p4.p4*d^-1*xiw*ufoGC58^2*
         ufoGC3*ufoGC4
          + 1/4*g_(1,6_,nu10)*FT1*g_(1,q1)*g_(2,nu14)*cFT(nu9,XX,i2,iufo3)*
         cFT(g7,XX,iufo3,i3)*flavourTag(fmu,j11,j12)*Den(p4,xiw,M3)*Den(q2 + 
         q3,xiw,M3)^2*Den( - p4 + q2 + q3,0,0)^2*xia*xiw*ufoGC58^2*ufoGC3*
         ufoGC4
          - 1/4*g_(1,6_,nu10)*FT1*g_(1,q1)*g_(2,nu14)*cFT(nu9,XX,i2,iufo3)*
         cFT(g7,XX,iufo3,i3)*flavourTag(fmu,j11,j12)*Den(p4,xiw,M3)*Den(q2 + 
         q3,xiw,M3)^2*Den( - p4 + q2 + q3,0,0)^2*xiw*ufoGC58^2*ufoGC3*ufoGC4
          - 1/4*g_(1,6_,nu10)*FT1*g_(1,q1)*g_(2,nu14)*cFT(nu9,XX,i2,iufo3)*
         cFT(g7,XX,iufo3,i3)*flavourTag(fmu,j11,j12)*Den(p4,xiw,M3)^2*Den(q2
          + q3,xiw,M3)^2*Den( - p4 + q2 + q3,0,0)^2*p4.p4*d^-1*xia*xiw*
         ufoGC58^2*ufoGC3*ufoGC4
          + 1/4*g_(1,6_,nu10)*FT1*g_(1,q1)*g_(2,nu14)*cFT(nu9,XX,i2,iufo3)*
         cFT(g7,XX,iufo3,i3)*flavourTag(fmu,j11,j12)*Den(p4,xiw,M3)^2*Den(q2
          + q3,xiw,M3)^2*Den( - p4 + q2 + q3,0,0)^2*p4.p4*d^-1*xiw*ufoGC58^2*
         ufoGC3*ufoGC4
          + 1/4*g_(1,6_,nu10)*FT1*g_(1,q2)*g_(2,nu14)*cFT(nu9,XX,i2,iufo3)*
         cFT(g7,XX,iufo3,i3)*flavourTag(fmu,j11,j12)*Den(p4,xiw,M3)*Den(q2 + 
         q3,xiw,M3)^2*Den( - p4 + q2 + q3,0,0)^2*xia*xiw*ufoGC58^2*ufoGC3*
         ufoGC4
          - 1/4*g_(1,6_,nu10)*FT1*g_(1,q2)*g_(2,nu14)*cFT(nu9,XX,i2,iufo3)*
         cFT(g7,XX,iufo3,i3)*flavourTag(fmu,j11,j12)*Den(p4,xiw,M3)*Den(q2 + 
         q3,xiw,M3)^2*Den( - p4 + q2 + q3,0,0)^2*xiw*ufoGC58^2*ufoGC3*ufoGC4
          - 1/4*g_(1,6_,nu10)*FT1*g_(1,q2)*g_(2,nu14)*cFT(nu9,XX,i2,iufo3)*
         cFT(g7,XX,iufo3,i3)*flavourTag(fmu,j11,j12)*Den(p4,xiw,M3)^2*Den(q2
          + q3,xiw,M3)^2*Den( - p4 + q2 + q3,0,0)^2*p4.p4*d^-1*xia*xiw*
         ufoGC58^2*ufoGC3*ufoGC4
          + 1/4*g_(1,6_,nu10)*FT1*g_(1,q2)*g_(2,nu14)*cFT(nu9,XX,i2,iufo3)*
         cFT(g7,XX,iufo3,i3)*flavourTag(fmu,j11,j12)*Den(p4,xiw,M3)^2*Den(q2
          + q3,xiw,M3)^2*Den( - p4 + q2 + q3,0,0)^2*p4.p4*d^-1*xiw*ufoGC58^2*
         ufoGC3*ufoGC4
          + 1/4*g_(1,6_,nu10)*FT1*g_(1,q3)*g_(2,nu14)*cFT(nu9,XX,i2,iufo3)*
         cFT(g7,XX,iufo3,i3)*flavourTag(fmu,j11,j12)*Den(p4,xiw,M3)*Den(q2 + 
         q3,xiw,M3)^2*Den( - p4 + q2 + q3,0,0)^2*xia*xiw*ufoGC58^2*ufoGC3*
         ufoGC4
          - 1/4*g_(1,6_,nu10)*FT1*g_(1,q3)*g_(2,nu14)*cFT(nu9,XX,i2,iufo3)*
         cFT(g7,XX,iufo3,i3)*flavourTag(fmu,j11,j12)*Den(p4,xiw,M3)*Den(q2 + 
         q3,xiw,M3)^2*Den( - p4 + q2 + q3,0,0)^2*xiw*ufoGC58^2*ufoGC3*ufoGC4
          - 1/4*g_(1,6_,nu10)*FT1*g_(1,q3)*g_(2,nu14)*cFT(nu9,XX,i2,iufo3)*
         cFT(g7,XX,iufo3,i3)*flavourTag(fmu,j11,j12)*Den(p4,xiw,M3)^2*Den(q2
          + q3,xiw,M3)^2*Den( - p4 + q2 + q3,0,0)^2*p4.p4*d^-1*xia*xiw*
         ufoGC58^2*ufoGC3*ufoGC4
          + 1/4*g_(1,6_,nu10)*FT1*g_(1,q3)*g_(2,nu14)*cFT(nu9,XX,i2,iufo3)*
         cFT(g7,XX,iufo3,i3)*flavourTag(fmu,j11,j12)*Den(p4,xiw,M3)^2*Den(q2
          + q3,xiw,M3)^2*Den( - p4 + q2 + q3,0,0)^2*p4.p4*d^-1*xiw*ufoGC58^2*
         ufoGC3*ufoGC4
          )

       + Vec(nu14,q2)*Vec(nu9,q2)*Vec(nu10,q3)*Vec(nu13,q2)*Vec(nu13,q3) * (
          - 1/2*g_(1,6_,nu10)*FT1*g_(1,p4)*g_(2,nu14)*cFT(nu9,XX,i2,iufo3)*
         cFT(g7,XX,iufo3,i3)*flavourTag(fmu,j11,j12)*Den(p4,xiw,M3)*Den(q2 + 
         q3,xiw,M3)^2*Den( - p4 + q2 + q3,0,0)^2*xia*xiw*ufoGC58^2*ufoGC3*
         ufoGC4
          + 1/2*g_(1,6_,nu10)*FT1*g_(1,p4)*g_(2,nu14)*cFT(nu9,XX,i2,iufo3)*
         cFT(g7,XX,iufo3,i3)*flavourTag(fmu,j11,j12)*Den(p4,xiw,M3)*Den(q2 + 
         q3,xiw,M3)^2*Den( - p4 + q2 + q3,0,0)^2*xiw*ufoGC58^2*ufoGC3*ufoGC4
          + 1/2*g_(1,6_,nu10)*FT1*g_(1,p4)*g_(2,nu14)*cFT(nu9,XX,i2,iufo3)*
         cFT(g7,XX,iufo3,i3)*flavourTag(fmu,j11,j12)*Den(p4,xiw,M3)^2*Den(q2
          + q3,xiw,M3)^2*Den( - p4 + q2 + q3,0,0)^2*p4.p4*d^-1*xia*xiw*
         ufoGC58^2*ufoGC3*ufoGC4
          - 1/2*g_(1,6_,nu10)*FT1*g_(1,p4)*g_(2,nu14)*cFT(nu9,XX,i2,iufo3)*
         cFT(g7,XX,iufo3,i3)*flavourTag(fmu,j11,j12)*Den(p4,xiw,M3)^2*Den(q2
          + q3,xiw,M3)^2*Den( - p4 + q2 + q3,0,0)^2*p4.p4*d^-1*xiw*ufoGC58^2*
         ufoGC3*ufoGC4
          + 1/2*g_(1,6_,nu10)*FT1*g_(1,q1)*g_(2,nu14)*cFT(nu9,XX,i2,iufo3)*
         cFT(g7,XX,iufo3,i3)*flavourTag(fmu,j11,j12)*Den(p4,xiw,M3)*Den(q2 + 
         q3,xiw,M3)^2*Den( - p4 + q2 + q3,0,0)^2*xia*xiw*ufoGC58^2*ufoGC3*
         ufoGC4
          - 1/2*g_(1,6_,nu10)*FT1*g_(1,q1)*g_(2,nu14)*cFT(nu9,XX,i2,iufo3)*
         cFT(g7,XX,iufo3,i3)*flavourTag(fmu,j11,j12)*Den(p4,xiw,M3)*Den(q2 + 
         q3,xiw,M3)^2*Den( - p4 + q2 + q3,0,0)^2*xiw*ufoGC58^2*ufoGC3*ufoGC4
          - 1/2*g_(1,6_,nu10)*FT1*g_(1,q1)*g_(2,nu14)*cFT(nu9,XX,i2,iufo3)*
         cFT(g7,XX,iufo3,i3)*flavourTag(fmu,j11,j12)*Den(p4,xiw,M3)^2*Den(q2
          + q3,xiw,M3)^2*Den( - p4 + q2 + q3,0,0)^2*p4.p4*d^-1*xia*xiw*
         ufoGC58^2*ufoGC3*ufoGC4
          + 1/2*g_(1,6_,nu10)*FT1*g_(1,q1)*g_(2,nu14)*cFT(nu9,XX,i2,iufo3)*
         cFT(g7,XX,iufo3,i3)*flavourTag(fmu,j11,j12)*Den(p4,xiw,M3)^2*Den(q2
          + q3,xiw,M3)^2*Den( - p4 + q2 + q3,0,0)^2*p4.p4*d^-1*xiw*ufoGC58^2*
         ufoGC3*ufoGC4
          + 1/2*g_(1,6_,nu10)*FT1*g_(1,q2)*g_(2,nu14)*cFT(nu9,XX,i2,iufo3)*
         cFT(g7,XX,iufo3,i3)*flavourTag(fmu,j11,j12)*Den(p4,xiw,M3)*Den(q2 + 
         q3,xiw,M3)^2*Den( - p4 + q2 + q3,0,0)^2*xia*xiw*ufoGC58^2*ufoGC3*
         ufoGC4
          - 1/2*g_(1,6_,nu10)*FT1*g_(1,q2)*g_(2,nu14)*cFT(nu9,XX,i2,iufo3)*
         cFT(g7,XX,iufo3,i3)*flavourTag(fmu,j11,j12)*Den(p4,xiw,M3)*Den(q2 + 
         q3,xiw,M3)^2*Den( - p4 + q2 + q3,0,0)^2*xiw*ufoGC58^2*ufoGC3*ufoGC4
          - 1/2*g_(1,6_,nu10)*FT1*g_(1,q2)*g_(2,nu14)*cFT(nu9,XX,i2,iufo3)*
         cFT(g7,XX,iufo3,i3)*flavourTag(fmu,j11,j12)*Den(p4,xiw,M3)^2*Den(q2
          + q3,xiw,M3)^2*Den( - p4 + q2 + q3,0,0)^2*p4.p4*d^-1*xia*xiw*
         ufoGC58^2*ufoGC3*ufoGC4
          + 1/2*g_(1,6_,nu10)*FT1*g_(1,q2)*g_(2,nu14)*cFT(nu9,XX,i2,iufo3)*
         cFT(g7,XX,iufo3,i3)*flavourTag(fmu,j11,j12)*Den(p4,xiw,M3)^2*Den(q2
          + q3,xiw,M3)^2*Den( - p4 + q2 + q3,0,0)^2*p4.p4*d^-1*xiw*ufoGC58^2*
         ufoGC3*ufoGC4
          + 1/2*g_(1,6_,nu10)*FT1*g_(1,q3)*g_(2,nu14)*cFT(nu9,XX,i2,iufo3)*
         cFT(g7,XX,iufo3,i3)*flavourTag(fmu,j11,j12)*Den(p4,xiw,M3)*Den(q2 + 
         q3,xiw,M3)^2*Den( - p4 + q2 + q3,0,0)^2*xia*xiw*ufoGC58^2*ufoGC3*
         ufoGC4
          - 1/2*g_(1,6_,nu10)*FT1*g_(1,q3)*g_(2,nu14)*cFT(nu9,XX,i2,iufo3)*
         cFT(g7,XX,iufo3,i3)*flavourTag(fmu,j11,j12)*Den(p4,xiw,M3)*Den(q2 + 
         q3,xiw,M3)^2*Den( - p4 + q2 + q3,0,0)^2*xiw*ufoGC58^2*ufoGC3*ufoGC4
          - 1/2*g_(1,6_,nu10)*FT1*g_(1,q3)*g_(2,nu14)*cFT(nu9,XX,i2,iufo3)*
         cFT(g7,XX,iufo3,i3)*flavourTag(fmu,j11,j12)*Den(p4,xiw,M3)^2*Den(q2
          + q3,xiw,M3)^2*Den( - p4 + q2 + q3,0,0)^2*p4.p4*d^-1*xia*xiw*
         ufoGC58^2*ufoGC3*ufoGC4
          + 1/2*g_(1,6_,nu10)*FT1*g_(1,q3)*g_(2,nu14)*cFT(nu9,XX,i2,iufo3)*
         cFT(g7,XX,iufo3,i3)*flavourTag(fmu,j11,j12)*Den(p4,xiw,M3)^2*Den(q2
          + q3,xiw,M3)^2*Den( - p4 + q2 + q3,0,0)^2*p4.p4*d^-1*xiw*ufoGC58^2*
         ufoGC3*ufoGC4
          )

       + Vec(nu14,q2)*Vec(nu9,q2)*Vec(nu10,q3)*Vec(nu13,q3)^2 * (
          - 1/4*g_(1,6_,nu10)*FT1*g_(1,p4)*g_(2,nu14)*cFT(nu9,XX,i2,iufo3)*
         cFT(g7,XX,iufo3,i3)*flavourTag(fmu,j11,j12)*Den(p4,xiw,M3)*Den(q2 + 
         q3,xiw,M3)^2*Den( - p4 + q2 + q3,0,0)^2*xia*xiw*ufoGC58^2*ufoGC3*
         ufoGC4
          + 1/4*g_(1,6_,nu10)*FT1*g_(1,p4)*g_(2,nu14)*cFT(nu9,XX,i2,iufo3)*
         cFT(g7,XX,iufo3,i3)*flavourTag(fmu,j11,j12)*Den(p4,xiw,M3)*Den(q2 + 
         q3,xiw,M3)^2*Den( - p4 + q2 + q3,0,0)^2*xiw*ufoGC58^2*ufoGC3*ufoGC4
          + 1/4*g_(1,6_,nu10)*FT1*g_(1,p4)*g_(2,nu14)*cFT(nu9,XX,i2,iufo3)*
         cFT(g7,XX,iufo3,i3)*flavourTag(fmu,j11,j12)*Den(p4,xiw,M3)^2*Den(q2
          + q3,xiw,M3)^2*Den( - p4 + q2 + q3,0,0)^2*p4.p4*d^-1*xia*xiw*
         ufoGC58^2*ufoGC3*ufoGC4
          - 1/4*g_(1,6_,nu10)*FT1*g_(1,p4)*g_(2,nu14)*cFT(nu9,XX,i2,iufo3)*
         cFT(g7,XX,iufo3,i3)*flavourTag(fmu,j11,j12)*Den(p4,xiw,M3)^2*Den(q2
          + q3,xiw,M3)^2*Den( - p4 + q2 + q3,0,0)^2*p4.p4*d^-1*xiw*ufoGC58^2*
         ufoGC3*ufoGC4
          + 1/4*g_(1,6_,nu10)*FT1*g_(1,q1)*g_(2,nu14)*cFT(nu9,XX,i2,iufo3)*
         cFT(g7,XX,iufo3,i3)*flavourTag(fmu,j11,j12)*Den(p4,xiw,M3)*Den(q2 + 
         q3,xiw,M3)^2*Den( - p4 + q2 + q3,0,0)^2*xia*xiw*ufoGC58^2*ufoGC3*
         ufoGC4
          - 1/4*g_(1,6_,nu10)*FT1*g_(1,q1)*g_(2,nu14)*cFT(nu9,XX,i2,iufo3)*
         cFT(g7,XX,iufo3,i3)*flavourTag(fmu,j11,j12)*Den(p4,xiw,M3)*Den(q2 + 
         q3,xiw,M3)^2*Den( - p4 + q2 + q3,0,0)^2*xiw*ufoGC58^2*ufoGC3*ufoGC4
          - 1/4*g_(1,6_,nu10)*FT1*g_(1,q1)*g_(2,nu14)*cFT(nu9,XX,i2,iufo3)*
         cFT(g7,XX,iufo3,i3)*flavourTag(fmu,j11,j12)*Den(p4,xiw,M3)^2*Den(q2
          + q3,xiw,M3)^2*Den( - p4 + q2 + q3,0,0)^2*p4.p4*d^-1*xia*xiw*
         ufoGC58^2*ufoGC3*ufoGC4
          + 1/4*g_(1,6_,nu10)*FT1*g_(1,q1)*g_(2,nu14)*cFT(nu9,XX,i2,iufo3)*
         cFT(g7,XX,iufo3,i3)*flavourTag(fmu,j11,j12)*Den(p4,xiw,M3)^2*Den(q2
          + q3,xiw,M3)^2*Den( - p4 + q2 + q3,0,0)^2*p4.p4*d^-1*xiw*ufoGC58^2*
         ufoGC3*ufoGC4
          + 1/4*g_(1,6_,nu10)*FT1*g_(1,q2)*g_(2,nu14)*cFT(nu9,XX,i2,iufo3)*
         cFT(g7,XX,iufo3,i3)*flavourTag(fmu,j11,j12)*Den(p4,xiw,M3)*Den(q2 + 
         q3,xiw,M3)^2*Den( - p4 + q2 + q3,0,0)^2*xia*xiw*ufoGC58^2*ufoGC3*
         ufoGC4
          - 1/4*g_(1,6_,nu10)*FT1*g_(1,q2)*g_(2,nu14)*cFT(nu9,XX,i2,iufo3)*
         cFT(g7,XX,iufo3,i3)*flavourTag(fmu,j11,j12)*Den(p4,xiw,M3)*Den(q2 + 
         q3,xiw,M3)^2*Den( - p4 + q2 + q3,0,0)^2*xiw*ufoGC58^2*ufoGC3*ufoGC4
          - 1/4*g_(1,6_,nu10)*FT1*g_(1,q2)*g_(2,nu14)*cFT(nu9,XX,i2,iufo3)*
         cFT(g7,XX,iufo3,i3)*flavourTag(fmu,j11,j12)*Den(p4,xiw,M3)^2*Den(q2
          + q3,xiw,M3)^2*Den( - p4 + q2 + q3,0,0)^2*p4.p4*d^-1*xia*xiw*
         ufoGC58^2*ufoGC3*ufoGC4
          + 1/4*g_(1,6_,nu10)*FT1*g_(1,q2)*g_(2,nu14)*cFT(nu9,XX,i2,iufo3)*
         cFT(g7,XX,iufo3,i3)*flavourTag(fmu,j11,j12)*Den(p4,xiw,M3)^2*Den(q2
          + q3,xiw,M3)^2*Den( - p4 + q2 + q3,0,0)^2*p4.p4*d^-1*xiw*ufoGC58^2*
         ufoGC3*ufoGC4
          + 1/4*g_(1,6_,nu10)*FT1*g_(1,q3)*g_(2,nu14)*cFT(nu9,XX,i2,iufo3)*
         cFT(g7,XX,iufo3,i3)*flavourTag(fmu,j11,j12)*Den(p4,xiw,M3)*Den(q2 + 
         q3,xiw,M3)^2*Den( - p4 + q2 + q3,0,0)^2*xia*xiw*ufoGC58^2*ufoGC3*
         ufoGC4
          - 1/4*g_(1,6_,nu10)*FT1*g_(1,q3)*g_(2,nu14)*cFT(nu9,XX,i2,iufo3)*
         cFT(g7,XX,iufo3,i3)*flavourTag(fmu,j11,j12)*Den(p4,xiw,M3)*Den(q2 + 
         q3,xiw,M3)^2*Den( - p4 + q2 + q3,0,0)^2*xiw*ufoGC58^2*ufoGC3*ufoGC4
          - 1/4*g_(1,6_,nu10)*FT1*g_(1,q3)*g_(2,nu14)*cFT(nu9,XX,i2,iufo3)*
         cFT(g7,XX,iufo3,i3)*flavourTag(fmu,j11,j12)*Den(p4,xiw,M3)^2*Den(q2
          + q3,xiw,M3)^2*Den( - p4 + q2 + q3,0,0)^2*p4.p4*d^-1*xia*xiw*
         ufoGC58^2*ufoGC3*ufoGC4
          + 1/4*g_(1,6_,nu10)*FT1*g_(1,q3)*g_(2,nu14)*cFT(nu9,XX,i2,iufo3)*
         cFT(g7,XX,iufo3,i3)*flavourTag(fmu,j11,j12)*Den(p4,xiw,M3)^2*Den(q2
          + q3,xiw,M3)^2*Den( - p4 + q2 + q3,0,0)^2*p4.p4*d^-1*xiw*ufoGC58^2*
         ufoGC3*ufoGC4
          )

       + Vec(nu14,q2)*Vec(nu9,q2)*Vec(nu10,q3) * (
          + 1/4*g_(1,6_,nu10)*FT1*g_(1,p4)*g_(2,nu14)*cFT(nu9,XX,i2,iufo3)*
         cFT(g7,XX,iufo3,i3)*flavourTag(fmu,j11,j12)*Den(p4,xiw,M3)*Den(q2 + 
         q3,xiw,M3)^2*Den( - p4 + q2 + q3,0,0)^2*p4.p4*xia*xiw*ufoGC58^2*
         ufoGC3*ufoGC4
          - 1/4*g_(1,6_,nu10)*FT1*g_(1,p4)*g_(2,nu14)*cFT(nu9,XX,i2,iufo3)*
         cFT(g7,XX,iufo3,i3)*flavourTag(fmu,j11,j12)*Den(p4,xiw,M3)*Den(q2 + 
         q3,xiw,M3)^2*Den( - p4 + q2 + q3,0,0)^2*p4.p4*xiw*ufoGC58^2*ufoGC3*
         ufoGC4
          - 1/4*g_(1,6_,nu10)*FT1*g_(1,q1)*g_(2,nu14)*cFT(nu9,XX,i2,iufo3)*
         cFT(g7,XX,iufo3,i3)*flavourTag(fmu,j11,j12)*Den(p4,xiw,M3)*Den(q2 + 
         q3,xiw,M3)^2*Den( - p4 + q2 + q3,0,0)^2*p4.p4*xia*xiw*ufoGC58^2*
         ufoGC3*ufoGC4
          + 1/4*g_(1,6_,nu10)*FT1*g_(1,q1)*g_(2,nu14)*cFT(nu9,XX,i2,iufo3)*
         cFT(g7,XX,iufo3,i3)*flavourTag(fmu,j11,j12)*Den(p4,xiw,M3)*Den(q2 + 
         q3,xiw,M3)^2*Den( - p4 + q2 + q3,0,0)^2*p4.p4*xiw*ufoGC58^2*ufoGC3*
         ufoGC4
          - 1/4*g_(1,6_,nu10)*FT1*g_(1,q2)*g_(2,nu14)*cFT(nu9,XX,i2,iufo3)*
         cFT(g7,XX,iufo3,i3)*flavourTag(fmu,j11,j12)*Den(p4,xiw,M3)*Den(q2 + 
         q3,xiw,M3)^2*Den( - p4 + q2 + q3,0,0)^2*p4.p4*xia*xiw*ufoGC58^2*
         ufoGC3*ufoGC4
          + 1/4*g_(1,6_,nu10)*FT1*g_(1,q2)*g_(2,nu14)*cFT(nu9,XX,i2,iufo3)*
         cFT(g7,XX,iufo3,i3)*flavourTag(fmu,j11,j12)*Den(p4,xiw,M3)*Den(q2 + 
         q3,xiw,M3)^2*Den( - p4 + q2 + q3,0,0)^2*p4.p4*xiw*ufoGC58^2*ufoGC3*
         ufoGC4
          - 1/4*g_(1,6_,nu10)*FT1*g_(1,q3)*g_(2,nu14)*cFT(nu9,XX,i2,iufo3)*
         cFT(g7,XX,iufo3,i3)*flavourTag(fmu,j11,j12)*Den(p4,xiw,M3)*Den(q2 + 
         q3,xiw,M3)^2*Den( - p4 + q2 + q3,0,0)^2*p4.p4*xia*xiw*ufoGC58^2*
         ufoGC3*ufoGC4
          + 1/4*g_(1,6_,nu10)*FT1*g_(1,q3)*g_(2,nu14)*cFT(nu9,XX,i2,iufo3)*
         cFT(g7,XX,iufo3,i3)*flavourTag(fmu,j11,j12)*Den(p4,xiw,M3)*Den(q2 + 
         q3,xiw,M3)^2*Den( - p4 + q2 + q3,0,0)^2*p4.p4*xiw*ufoGC58^2*ufoGC3*
         ufoGC4
          )

       + Vec(nu14,q2)*Vec(nu9,q2)*Vec(nu15,q2) * (
          - 1/4*g_(1,6_,nu15)*FT1*g_(1,p4)*g_(2,nu14)*cFT(nu9,XX,i2,iufo3)*
         cFT(g7,XX,iufo3,i3)*flavourTag(fmu,j11,j12)*Den(p4,xiw,M3)*Den(q2 + 
         q3,xiw,M3)^2*Den( - p4 + q2 + q3,0,0)^2*p4.p4*d^-1*xia*xiw*ufoGC58^2*
         ufoGC3*ufoGC4
          + 1/4*g_(1,6_,nu15)*FT1*g_(1,p4)*g_(2,nu14)*cFT(nu9,XX,i2,iufo3)*
         cFT(g7,XX,iufo3,i3)*flavourTag(fmu,j11,j12)*Den(p4,xiw,M3)*Den(q2 + 
         q3,xiw,M3)^2*Den( - p4 + q2 + q3,0,0)^2*p4.p4*d^-1*xiw*ufoGC58^2*
         ufoGC3*ufoGC4
          + 1/4*g_(1,6_,nu15)*FT1*g_(1,q1)*g_(2,nu14)*cFT(nu9,XX,i2,iufo3)*
         cFT(g7,XX,iufo3,i3)*flavourTag(fmu,j11,j12)*Den(p4,xiw,M3)*Den(q2 + 
         q3,xiw,M3)^2*Den( - p4 + q2 + q3,0,0)^2*p4.p4*d^-1*xia*xiw*ufoGC58^2*
         ufoGC3*ufoGC4
          - 1/4*g_(1,6_,nu15)*FT1*g_(1,q1)*g_(2,nu14)*cFT(nu9,XX,i2,iufo3)*
         cFT(g7,XX,iufo3,i3)*flavourTag(fmu,j11,j12)*Den(p4,xiw,M3)*Den(q2 + 
         q3,xiw,M3)^2*Den( - p4 + q2 + q3,0,0)^2*p4.p4*d^-1*xiw*ufoGC58^2*
         ufoGC3*ufoGC4
          + 1/4*g_(1,6_,nu15)*FT1*g_(1,q2)*g_(2,nu14)*cFT(nu9,XX,i2,iufo3)*
         cFT(g7,XX,iufo3,i3)*flavourTag(fmu,j11,j12)*Den(p4,xiw,M3)*Den(q2 + 
         q3,xiw,M3)^2*Den( - p4 + q2 + q3,0,0)^2*p4.p4*d^-1*xia*xiw*ufoGC58^2*
         ufoGC3*ufoGC4
          - 1/4*g_(1,6_,nu15)*FT1*g_(1,q2)*g_(2,nu14)*cFT(nu9,XX,i2,iufo3)*
         cFT(g7,XX,iufo3,i3)*flavourTag(fmu,j11,j12)*Den(p4,xiw,M3)*Den(q2 + 
         q3,xiw,M3)^2*Den( - p4 + q2 + q3,0,0)^2*p4.p4*d^-1*xiw*ufoGC58^2*
         ufoGC3*ufoGC4
          + 1/4*g_(1,6_,nu15)*FT1*g_(1,q3)*g_(2,nu14)*cFT(nu9,XX,i2,iufo3)*
         cFT(g7,XX,iufo3,i3)*flavourTag(fmu,j11,j12)*Den(p4,xiw,M3)*Den(q2 + 
         q3,xiw,M3)^2*Den( - p4 + q2 + q3,0,0)^2*p4.p4*d^-1*xia*xiw*ufoGC58^2*
         ufoGC3*ufoGC4
          - 1/4*g_(1,6_,nu15)*FT1*g_(1,q3)*g_(2,nu14)*cFT(nu9,XX,i2,iufo3)*
         cFT(g7,XX,iufo3,i3)*flavourTag(fmu,j11,j12)*Den(p4,xiw,M3)*Den(q2 + 
         q3,xiw,M3)^2*Den( - p4 + q2 + q3,0,0)^2*p4.p4*d^-1*xiw*ufoGC58^2*
         ufoGC3*ufoGC4
          )

       + Vec(nu14,q2)*Vec(nu9,q2)*Vec(nu15,q3) * (
          - 1/4*g_(1,6_,nu15)*FT1*g_(1,p4)*g_(2,nu14)*cFT(nu9,XX,i2,iufo3)*
         cFT(g7,XX,iufo3,i3)*flavourTag(fmu,j11,j12)*Den(p4,xiw,M3)*Den(q2 + 
         q3,xiw,M3)^2*Den( - p4 + q2 + q3,0,0)^2*p4.p4*d^-1*xia*xiw*ufoGC58^2*
         ufoGC3*ufoGC4
          + 1/4*g_(1,6_,nu15)*FT1*g_(1,p4)*g_(2,nu14)*cFT(nu9,XX,i2,iufo3)*
         cFT(g7,XX,iufo3,i3)*flavourTag(fmu,j11,j12)*Den(p4,xiw,M3)*Den(q2 + 
         q3,xiw,M3)^2*Den( - p4 + q2 + q3,0,0)^2*p4.p4*d^-1*xiw*ufoGC58^2*
         ufoGC3*ufoGC4
          + 1/4*g_(1,6_,nu15)*FT1*g_(1,q1)*g_(2,nu14)*cFT(nu9,XX,i2,iufo3)*
         cFT(g7,XX,iufo3,i3)*flavourTag(fmu,j11,j12)*Den(p4,xiw,M3)*Den(q2 + 
         q3,xiw,M3)^2*Den( - p4 + q2 + q3,0,0)^2*p4.p4*d^-1*xia*xiw*ufoGC58^2*
         ufoGC3*ufoGC4
          - 1/4*g_(1,6_,nu15)*FT1*g_(1,q1)*g_(2,nu14)*cFT(nu9,XX,i2,iufo3)*
         cFT(g7,XX,iufo3,i3)*flavourTag(fmu,j11,j12)*Den(p4,xiw,M3)*Den(q2 + 
         q3,xiw,M3)^2*Den( - p4 + q2 + q3,0,0)^2*p4.p4*d^-1*xiw*ufoGC58^2*
         ufoGC3*ufoGC4
          + 1/4*g_(1,6_,nu15)*FT1*g_(1,q2)*g_(2,nu14)*cFT(nu9,XX,i2,iufo3)*
         cFT(g7,XX,iufo3,i3)*flavourTag(fmu,j11,j12)*Den(p4,xiw,M3)*Den(q2 + 
         q3,xiw,M3)^2*Den( - p4 + q2 + q3,0,0)^2*p4.p4*d^-1*xia*xiw*ufoGC58^2*
         ufoGC3*ufoGC4
          - 1/4*g_(1,6_,nu15)*FT1*g_(1,q2)*g_(2,nu14)*cFT(nu9,XX,i2,iufo3)*
         cFT(g7,XX,iufo3,i3)*flavourTag(fmu,j11,j12)*Den(p4,xiw,M3)*Den(q2 + 
         q3,xiw,M3)^2*Den( - p4 + q2 + q3,0,0)^2*p4.p4*d^-1*xiw*ufoGC58^2*
         ufoGC3*ufoGC4
          + 1/4*g_(1,6_,nu15)*FT1*g_(1,q3)*g_(2,nu14)*cFT(nu9,XX,i2,iufo3)*
         cFT(g7,XX,iufo3,i3)*flavourTag(fmu,j11,j12)*Den(p4,xiw,M3)*Den(q2 + 
         q3,xiw,M3)^2*Den( - p4 + q2 + q3,0,0)^2*p4.p4*d^-1*xia*xiw*ufoGC58^2*
         ufoGC3*ufoGC4
          - 1/4*g_(1,6_,nu15)*FT1*g_(1,q3)*g_(2,nu14)*cFT(nu9,XX,i2,iufo3)*
         cFT(g7,XX,iufo3,i3)*flavourTag(fmu,j11,j12)*Den(p4,xiw,M3)*Den(q2 + 
         q3,xiw,M3)^2*Den( - p4 + q2 + q3,0,0)^2*p4.p4*d^-1*xiw*ufoGC58^2*
         ufoGC3*ufoGC4
          )

       + Vec(nu14,q2)*Vec(nu9,q3)*Vec(nu10,q2)^2*Vec(nu15,q2) * (
          + 1/4*g_(1,6_,nu15)*FT1*g_(1,p4)*g_(2,nu14)*cFT(nu9,XX,i2,iufo3)*
         cFT(g7,XX,iufo3,i3)*flavourTag(fmu,j11,j12)*Den(p4,xiw,M3)*Den(q2 + 
         q3,xiw,M3)^2*Den( - p4 + q2 + q3,0,0)^2*xia*xiw*ufoGC58^2*ufoGC3*
         ufoGC4
          - 1/4*g_(1,6_,nu15)*FT1*g_(1,p4)*g_(2,nu14)*cFT(nu9,XX,i2,iufo3)*
         cFT(g7,XX,iufo3,i3)*flavourTag(fmu,j11,j12)*Den(p4,xiw,M3)*Den(q2 + 
         q3,xiw,M3)^2*Den( - p4 + q2 + q3,0,0)^2*xiw*ufoGC58^2*ufoGC3*ufoGC4
          - 1/4*g_(1,6_,nu15)*FT1*g_(1,p4)*g_(2,nu14)*cFT(nu9,XX,i2,iufo3)*
         cFT(g7,XX,iufo3,i3)*flavourTag(fmu,j11,j12)*Den(p4,xiw,M3)^2*Den(q2
          + q3,xiw,M3)^2*Den( - p4 + q2 + q3,0,0)^2*p4.p4*d^-1*xia*xiw*
         ufoGC58^2*ufoGC3*ufoGC4
          + 1/4*g_(1,6_,nu15)*FT1*g_(1,p4)*g_(2,nu14)*cFT(nu9,XX,i2,iufo3)*
         cFT(g7,XX,iufo3,i3)*flavourTag(fmu,j11,j12)*Den(p4,xiw,M3)^2*Den(q2
          + q3,xiw,M3)^2*Den( - p4 + q2 + q3,0,0)^2*p4.p4*d^-1*xiw*ufoGC58^2*
         ufoGC3*ufoGC4
          - 1/4*g_(1,6_,nu15)*FT1*g_(1,q1)*g_(2,nu14)*cFT(nu9,XX,i2,iufo3)*
         cFT(g7,XX,iufo3,i3)*flavourTag(fmu,j11,j12)*Den(p4,xiw,M3)*Den(q2 + 
         q3,xiw,M3)^2*Den( - p4 + q2 + q3,0,0)^2*xia*xiw*ufoGC58^2*ufoGC3*
         ufoGC4
          + 1/4*g_(1,6_,nu15)*FT1*g_(1,q1)*g_(2,nu14)*cFT(nu9,XX,i2,iufo3)*
         cFT(g7,XX,iufo3,i3)*flavourTag(fmu,j11,j12)*Den(p4,xiw,M3)*Den(q2 + 
         q3,xiw,M3)^2*Den( - p4 + q2 + q3,0,0)^2*xiw*ufoGC58^2*ufoGC3*ufoGC4
          + 1/4*g_(1,6_,nu15)*FT1*g_(1,q1)*g_(2,nu14)*cFT(nu9,XX,i2,iufo3)*
         cFT(g7,XX,iufo3,i3)*flavourTag(fmu,j11,j12)*Den(p4,xiw,M3)^2*Den(q2
          + q3,xiw,M3)^2*Den( - p4 + q2 + q3,0,0)^2*p4.p4*d^-1*xia*xiw*
         ufoGC58^2*ufoGC3*ufoGC4
          - 1/4*g_(1,6_,nu15)*FT1*g_(1,q1)*g_(2,nu14)*cFT(nu9,XX,i2,iufo3)*
         cFT(g7,XX,iufo3,i3)*flavourTag(fmu,j11,j12)*Den(p4,xiw,M3)^2*Den(q2
          + q3,xiw,M3)^2*Den( - p4 + q2 + q3,0,0)^2*p4.p4*d^-1*xiw*ufoGC58^2*
         ufoGC3*ufoGC4
          - 1/4*g_(1,6_,nu15)*FT1*g_(1,q2)*g_(2,nu14)*cFT(nu9,XX,i2,iufo3)*
         cFT(g7,XX,iufo3,i3)*flavourTag(fmu,j11,j12)*Den(p4,xiw,M3)*Den(q2 + 
         q3,xiw,M3)^2*Den( - p4 + q2 + q3,0,0)^2*xia*xiw*ufoGC58^2*ufoGC3*
         ufoGC4
          + 1/4*g_(1,6_,nu15)*FT1*g_(1,q2)*g_(2,nu14)*cFT(nu9,XX,i2,iufo3)*
         cFT(g7,XX,iufo3,i3)*flavourTag(fmu,j11,j12)*Den(p4,xiw,M3)*Den(q2 + 
         q3,xiw,M3)^2*Den( - p4 + q2 + q3,0,0)^2*xiw*ufoGC58^2*ufoGC3*ufoGC4
          + 1/4*g_(1,6_,nu15)*FT1*g_(1,q2)*g_(2,nu14)*cFT(nu9,XX,i2,iufo3)*
         cFT(g7,XX,iufo3,i3)*flavourTag(fmu,j11,j12)*Den(p4,xiw,M3)^2*Den(q2
          + q3,xiw,M3)^2*Den( - p4 + q2 + q3,0,0)^2*p4.p4*d^-1*xia*xiw*
         ufoGC58^2*ufoGC3*ufoGC4
          - 1/4*g_(1,6_,nu15)*FT1*g_(1,q2)*g_(2,nu14)*cFT(nu9,XX,i2,iufo3)*
         cFT(g7,XX,iufo3,i3)*flavourTag(fmu,j11,j12)*Den(p4,xiw,M3)^2*Den(q2
          + q3,xiw,M3)^2*Den( - p4 + q2 + q3,0,0)^2*p4.p4*d^-1*xiw*ufoGC58^2*
         ufoGC3*ufoGC4
          - 1/4*g_(1,6_,nu15)*FT1*g_(1,q3)*g_(2,nu14)*cFT(nu9,XX,i2,iufo3)*
         cFT(g7,XX,iufo3,i3)*flavourTag(fmu,j11,j12)*Den(p4,xiw,M3)*Den(q2 + 
         q3,xiw,M3)^2*Den( - p4 + q2 + q3,0,0)^2*xia*xiw*ufoGC58^2*ufoGC3*
         ufoGC4
          + 1/4*g_(1,6_,nu15)*FT1*g_(1,q3)*g_(2,nu14)*cFT(nu9,XX,i2,iufo3)*
         cFT(g7,XX,iufo3,i3)*flavourTag(fmu,j11,j12)*Den(p4,xiw,M3)*Den(q2 + 
         q3,xiw,M3)^2*Den( - p4 + q2 + q3,0,0)^2*xiw*ufoGC58^2*ufoGC3*ufoGC4
          + 1/4*g_(1,6_,nu15)*FT1*g_(1,q3)*g_(2,nu14)*cFT(nu9,XX,i2,iufo3)*
         cFT(g7,XX,iufo3,i3)*flavourTag(fmu,j11,j12)*Den(p4,xiw,M3)^2*Den(q2
          + q3,xiw,M3)^2*Den( - p4 + q2 + q3,0,0)^2*p4.p4*d^-1*xia*xiw*
         ufoGC58^2*ufoGC3*ufoGC4
          - 1/4*g_(1,6_,nu15)*FT1*g_(1,q3)*g_(2,nu14)*cFT(nu9,XX,i2,iufo3)*
         cFT(g7,XX,iufo3,i3)*flavourTag(fmu,j11,j12)*Den(p4,xiw,M3)^2*Den(q2
          + q3,xiw,M3)^2*Den( - p4 + q2 + q3,0,0)^2*p4.p4*d^-1*xiw*ufoGC58^2*
         ufoGC3*ufoGC4
          )

       + Vec(nu14,q2)*Vec(nu9,q3)*Vec(nu10,q2)^2*Vec(nu15,q3) * (
          + 1/4*g_(1,6_,nu15)*FT1*g_(1,p4)*g_(2,nu14)*cFT(nu9,XX,i2,iufo3)*
         cFT(g7,XX,iufo3,i3)*flavourTag(fmu,j11,j12)*Den(p4,xiw,M3)*Den(q2 + 
         q3,xiw,M3)^2*Den( - p4 + q2 + q3,0,0)^2*xia*xiw*ufoGC58^2*ufoGC3*
         ufoGC4
          - 1/4*g_(1,6_,nu15)*FT1*g_(1,p4)*g_(2,nu14)*cFT(nu9,XX,i2,iufo3)*
         cFT(g7,XX,iufo3,i3)*flavourTag(fmu,j11,j12)*Den(p4,xiw,M3)*Den(q2 + 
         q3,xiw,M3)^2*Den( - p4 + q2 + q3,0,0)^2*xiw*ufoGC58^2*ufoGC3*ufoGC4
          - 1/4*g_(1,6_,nu15)*FT1*g_(1,p4)*g_(2,nu14)*cFT(nu9,XX,i2,iufo3)*
         cFT(g7,XX,iufo3,i3)*flavourTag(fmu,j11,j12)*Den(p4,xiw,M3)^2*Den(q2
          + q3,xiw,M3)^2*Den( - p4 + q2 + q3,0,0)^2*p4.p4*d^-1*xia*xiw*
         ufoGC58^2*ufoGC3*ufoGC4
          + 1/4*g_(1,6_,nu15)*FT1*g_(1,p4)*g_(2,nu14)*cFT(nu9,XX,i2,iufo3)*
         cFT(g7,XX,iufo3,i3)*flavourTag(fmu,j11,j12)*Den(p4,xiw,M3)^2*Den(q2
          + q3,xiw,M3)^2*Den( - p4 + q2 + q3,0,0)^2*p4.p4*d^-1*xiw*ufoGC58^2*
         ufoGC3*ufoGC4
          - 1/4*g_(1,6_,nu15)*FT1*g_(1,q1)*g_(2,nu14)*cFT(nu9,XX,i2,iufo3)*
         cFT(g7,XX,iufo3,i3)*flavourTag(fmu,j11,j12)*Den(p4,xiw,M3)*Den(q2 + 
         q3,xiw,M3)^2*Den( - p4 + q2 + q3,0,0)^2*xia*xiw*ufoGC58^2*ufoGC3*
         ufoGC4
          + 1/4*g_(1,6_,nu15)*FT1*g_(1,q1)*g_(2,nu14)*cFT(nu9,XX,i2,iufo3)*
         cFT(g7,XX,iufo3,i3)*flavourTag(fmu,j11,j12)*Den(p4,xiw,M3)*Den(q2 + 
         q3,xiw,M3)^2*Den( - p4 + q2 + q3,0,0)^2*xiw*ufoGC58^2*ufoGC3*ufoGC4
          + 1/4*g_(1,6_,nu15)*FT1*g_(1,q1)*g_(2,nu14)*cFT(nu9,XX,i2,iufo3)*
         cFT(g7,XX,iufo3,i3)*flavourTag(fmu,j11,j12)*Den(p4,xiw,M3)^2*Den(q2
          + q3,xiw,M3)^2*Den( - p4 + q2 + q3,0,0)^2*p4.p4*d^-1*xia*xiw*
         ufoGC58^2*ufoGC3*ufoGC4
          - 1/4*g_(1,6_,nu15)*FT1*g_(1,q1)*g_(2,nu14)*cFT(nu9,XX,i2,iufo3)*
         cFT(g7,XX,iufo3,i3)*flavourTag(fmu,j11,j12)*Den(p4,xiw,M3)^2*Den(q2
          + q3,xiw,M3)^2*Den( - p4 + q2 + q3,0,0)^2*p4.p4*d^-1*xiw*ufoGC58^2*
         ufoGC3*ufoGC4
          - 1/4*g_(1,6_,nu15)*FT1*g_(1,q2)*g_(2,nu14)*cFT(nu9,XX,i2,iufo3)*
         cFT(g7,XX,iufo3,i3)*flavourTag(fmu,j11,j12)*Den(p4,xiw,M3)*Den(q2 + 
         q3,xiw,M3)^2*Den( - p4 + q2 + q3,0,0)^2*xia*xiw*ufoGC58^2*ufoGC3*
         ufoGC4
          + 1/4*g_(1,6_,nu15)*FT1*g_(1,q2)*g_(2,nu14)*cFT(nu9,XX,i2,iufo3)*
         cFT(g7,XX,iufo3,i3)*flavourTag(fmu,j11,j12)*Den(p4,xiw,M3)*Den(q2 + 
         q3,xiw,M3)^2*Den( - p4 + q2 + q3,0,0)^2*xiw*ufoGC58^2*ufoGC3*ufoGC4
          + 1/4*g_(1,6_,nu15)*FT1*g_(1,q2)*g_(2,nu14)*cFT(nu9,XX,i2,iufo3)*
         cFT(g7,XX,iufo3,i3)*flavourTag(fmu,j11,j12)*Den(p4,xiw,M3)^2*Den(q2
          + q3,xiw,M3)^2*Den( - p4 + q2 + q3,0,0)^2*p4.p4*d^-1*xia*xiw*
         ufoGC58^2*ufoGC3*ufoGC4
          - 1/4*g_(1,6_,nu15)*FT1*g_(1,q2)*g_(2,nu14)*cFT(nu9,XX,i2,iufo3)*
         cFT(g7,XX,iufo3,i3)*flavourTag(fmu,j11,j12)*Den(p4,xiw,M3)^2*Den(q2
          + q3,xiw,M3)^2*Den( - p4 + q2 + q3,0,0)^2*p4.p4*d^-1*xiw*ufoGC58^2*
         ufoGC3*ufoGC4
          - 1/4*g_(1,6_,nu15)*FT1*g_(1,q3)*g_(2,nu14)*cFT(nu9,XX,i2,iufo3)*
         cFT(g7,XX,iufo3,i3)*flavourTag(fmu,j11,j12)*Den(p4,xiw,M3)*Den(q2 + 
         q3,xiw,M3)^2*Den( - p4 + q2 + q3,0,0)^2*xia*xiw*ufoGC58^2*ufoGC3*
         ufoGC4
          + 1/4*g_(1,6_,nu15)*FT1*g_(1,q3)*g_(2,nu14)*cFT(nu9,XX,i2,iufo3)*
         cFT(g7,XX,iufo3,i3)*flavourTag(fmu,j11,j12)*Den(p4,xiw,M3)*Den(q2 + 
         q3,xiw,M3)^2*Den( - p4 + q2 + q3,0,0)^2*xiw*ufoGC58^2*ufoGC3*ufoGC4
          + 1/4*g_(1,6_,nu15)*FT1*g_(1,q3)*g_(2,nu14)*cFT(nu9,XX,i2,iufo3)*
         cFT(g7,XX,iufo3,i3)*flavourTag(fmu,j11,j12)*Den(p4,xiw,M3)^2*Den(q2
          + q3,xiw,M3)^2*Den( - p4 + q2 + q3,0,0)^2*p4.p4*d^-1*xia*xiw*
         ufoGC58^2*ufoGC3*ufoGC4
          - 1/4*g_(1,6_,nu15)*FT1*g_(1,q3)*g_(2,nu14)*cFT(nu9,XX,i2,iufo3)*
         cFT(g7,XX,iufo3,i3)*flavourTag(fmu,j11,j12)*Den(p4,xiw,M3)^2*Den(q2
          + q3,xiw,M3)^2*Den( - p4 + q2 + q3,0,0)^2*p4.p4*d^-1*xiw*ufoGC58^2*
         ufoGC3*ufoGC4
          )

       + Vec(nu14,q2)*Vec(nu9,q3)*Vec(nu10,q2)*Vec(nu10,q3)*Vec(nu15,q2) * (
          + 1/2*g_(1,6_,nu15)*FT1*g_(1,p4)*g_(2,nu14)*cFT(nu9,XX,i2,iufo3)*
         cFT(g7,XX,iufo3,i3)*flavourTag(fmu,j11,j12)*Den(p4,xiw,M3)*Den(q2 + 
         q3,xiw,M3)^2*Den( - p4 + q2 + q3,0,0)^2*xia*xiw*ufoGC58^2*ufoGC3*
         ufoGC4
          - 1/2*g_(1,6_,nu15)*FT1*g_(1,p4)*g_(2,nu14)*cFT(nu9,XX,i2,iufo3)*
         cFT(g7,XX,iufo3,i3)*flavourTag(fmu,j11,j12)*Den(p4,xiw,M3)*Den(q2 + 
         q3,xiw,M3)^2*Den( - p4 + q2 + q3,0,0)^2*xiw*ufoGC58^2*ufoGC3*ufoGC4
          - 1/2*g_(1,6_,nu15)*FT1*g_(1,p4)*g_(2,nu14)*cFT(nu9,XX,i2,iufo3)*
         cFT(g7,XX,iufo3,i3)*flavourTag(fmu,j11,j12)*Den(p4,xiw,M3)^2*Den(q2
          + q3,xiw,M3)^2*Den( - p4 + q2 + q3,0,0)^2*p4.p4*d^-1*xia*xiw*
         ufoGC58^2*ufoGC3*ufoGC4
          + 1/2*g_(1,6_,nu15)*FT1*g_(1,p4)*g_(2,nu14)*cFT(nu9,XX,i2,iufo3)*
         cFT(g7,XX,iufo3,i3)*flavourTag(fmu,j11,j12)*Den(p4,xiw,M3)^2*Den(q2
          + q3,xiw,M3)^2*Den( - p4 + q2 + q3,0,0)^2*p4.p4*d^-1*xiw*ufoGC58^2*
         ufoGC3*ufoGC4
          - 1/2*g_(1,6_,nu15)*FT1*g_(1,q1)*g_(2,nu14)*cFT(nu9,XX,i2,iufo3)*
         cFT(g7,XX,iufo3,i3)*flavourTag(fmu,j11,j12)*Den(p4,xiw,M3)*Den(q2 + 
         q3,xiw,M3)^2*Den( - p4 + q2 + q3,0,0)^2*xia*xiw*ufoGC58^2*ufoGC3*
         ufoGC4
          + 1/2*g_(1,6_,nu15)*FT1*g_(1,q1)*g_(2,nu14)*cFT(nu9,XX,i2,iufo3)*
         cFT(g7,XX,iufo3,i3)*flavourTag(fmu,j11,j12)*Den(p4,xiw,M3)*Den(q2 + 
         q3,xiw,M3)^2*Den( - p4 + q2 + q3,0,0)^2*xiw*ufoGC58^2*ufoGC3*ufoGC4
          + 1/2*g_(1,6_,nu15)*FT1*g_(1,q1)*g_(2,nu14)*cFT(nu9,XX,i2,iufo3)*
         cFT(g7,XX,iufo3,i3)*flavourTag(fmu,j11,j12)*Den(p4,xiw,M3)^2*Den(q2
          + q3,xiw,M3)^2*Den( - p4 + q2 + q3,0,0)^2*p4.p4*d^-1*xia*xiw*
         ufoGC58^2*ufoGC3*ufoGC4
          - 1/2*g_(1,6_,nu15)*FT1*g_(1,q1)*g_(2,nu14)*cFT(nu9,XX,i2,iufo3)*
         cFT(g7,XX,iufo3,i3)*flavourTag(fmu,j11,j12)*Den(p4,xiw,M3)^2*Den(q2
          + q3,xiw,M3)^2*Den( - p4 + q2 + q3,0,0)^2*p4.p4*d^-1*xiw*ufoGC58^2*
         ufoGC3*ufoGC4
          - 1/2*g_(1,6_,nu15)*FT1*g_(1,q2)*g_(2,nu14)*cFT(nu9,XX,i2,iufo3)*
         cFT(g7,XX,iufo3,i3)*flavourTag(fmu,j11,j12)*Den(p4,xiw,M3)*Den(q2 + 
         q3,xiw,M3)^2*Den( - p4 + q2 + q3,0,0)^2*xia*xiw*ufoGC58^2*ufoGC3*
         ufoGC4
          + 1/2*g_(1,6_,nu15)*FT1*g_(1,q2)*g_(2,nu14)*cFT(nu9,XX,i2,iufo3)*
         cFT(g7,XX,iufo3,i3)*flavourTag(fmu,j11,j12)*Den(p4,xiw,M3)*Den(q2 + 
         q3,xiw,M3)^2*Den( - p4 + q2 + q3,0,0)^2*xiw*ufoGC58^2*ufoGC3*ufoGC4
          + 1/2*g_(1,6_,nu15)*FT1*g_(1,q2)*g_(2,nu14)*cFT(nu9,XX,i2,iufo3)*
         cFT(g7,XX,iufo3,i3)*flavourTag(fmu,j11,j12)*Den(p4,xiw,M3)^2*Den(q2
          + q3,xiw,M3)^2*Den( - p4 + q2 + q3,0,0)^2*p4.p4*d^-1*xia*xiw*
         ufoGC58^2*ufoGC3*ufoGC4
          - 1/2*g_(1,6_,nu15)*FT1*g_(1,q2)*g_(2,nu14)*cFT(nu9,XX,i2,iufo3)*
         cFT(g7,XX,iufo3,i3)*flavourTag(fmu,j11,j12)*Den(p4,xiw,M3)^2*Den(q2
          + q3,xiw,M3)^2*Den( - p4 + q2 + q3,0,0)^2*p4.p4*d^-1*xiw*ufoGC58^2*
         ufoGC3*ufoGC4
          - 1/2*g_(1,6_,nu15)*FT1*g_(1,q3)*g_(2,nu14)*cFT(nu9,XX,i2,iufo3)*
         cFT(g7,XX,iufo3,i3)*flavourTag(fmu,j11,j12)*Den(p4,xiw,M3)*Den(q2 + 
         q3,xiw,M3)^2*Den( - p4 + q2 + q3,0,0)^2*xia*xiw*ufoGC58^2*ufoGC3*
         ufoGC4
          + 1/2*g_(1,6_,nu15)*FT1*g_(1,q3)*g_(2,nu14)*cFT(nu9,XX,i2,iufo3)*
         cFT(g7,XX,iufo3,i3)*flavourTag(fmu,j11,j12)*Den(p4,xiw,M3)*Den(q2 + 
         q3,xiw,M3)^2*Den( - p4 + q2 + q3,0,0)^2*xiw*ufoGC58^2*ufoGC3*ufoGC4
          + 1/2*g_(1,6_,nu15)*FT1*g_(1,q3)*g_(2,nu14)*cFT(nu9,XX,i2,iufo3)*
         cFT(g7,XX,iufo3,i3)*flavourTag(fmu,j11,j12)*Den(p4,xiw,M3)^2*Den(q2
          + q3,xiw,M3)^2*Den( - p4 + q2 + q3,0,0)^2*p4.p4*d^-1*xia*xiw*
         ufoGC58^2*ufoGC3*ufoGC4
          - 1/2*g_(1,6_,nu15)*FT1*g_(1,q3)*g_(2,nu14)*cFT(nu9,XX,i2,iufo3)*
         cFT(g7,XX,iufo3,i3)*flavourTag(fmu,j11,j12)*Den(p4,xiw,M3)^2*Den(q2
          + q3,xiw,M3)^2*Den( - p4 + q2 + q3,0,0)^2*p4.p4*d^-1*xiw*ufoGC58^2*
         ufoGC3*ufoGC4
          )

       + Vec(nu14,q2)*Vec(nu9,q3)*Vec(nu10,q2)*Vec(nu10,q3)*Vec(nu15,q3) * (
          + 1/2*g_(1,6_,nu15)*FT1*g_(1,p4)*g_(2,nu14)*cFT(nu9,XX,i2,iufo3)*
         cFT(g7,XX,iufo3,i3)*flavourTag(fmu,j11,j12)*Den(p4,xiw,M3)*Den(q2 + 
         q3,xiw,M3)^2*Den( - p4 + q2 + q3,0,0)^2*xia*xiw*ufoGC58^2*ufoGC3*
         ufoGC4
          - 1/2*g_(1,6_,nu15)*FT1*g_(1,p4)*g_(2,nu14)*cFT(nu9,XX,i2,iufo3)*
         cFT(g7,XX,iufo3,i3)*flavourTag(fmu,j11,j12)*Den(p4,xiw,M3)*Den(q2 + 
         q3,xiw,M3)^2*Den( - p4 + q2 + q3,0,0)^2*xiw*ufoGC58^2*ufoGC3*ufoGC4
          - 1/2*g_(1,6_,nu15)*FT1*g_(1,p4)*g_(2,nu14)*cFT(nu9,XX,i2,iufo3)*
         cFT(g7,XX,iufo3,i3)*flavourTag(fmu,j11,j12)*Den(p4,xiw,M3)^2*Den(q2
          + q3,xiw,M3)^2*Den( - p4 + q2 + q3,0,0)^2*p4.p4*d^-1*xia*xiw*
         ufoGC58^2*ufoGC3*ufoGC4
          + 1/2*g_(1,6_,nu15)*FT1*g_(1,p4)*g_(2,nu14)*cFT(nu9,XX,i2,iufo3)*
         cFT(g7,XX,iufo3,i3)*flavourTag(fmu,j11,j12)*Den(p4,xiw,M3)^2*Den(q2
          + q3,xiw,M3)^2*Den( - p4 + q2 + q3,0,0)^2*p4.p4*d^-1*xiw*ufoGC58^2*
         ufoGC3*ufoGC4
          - 1/2*g_(1,6_,nu15)*FT1*g_(1,q1)*g_(2,nu14)*cFT(nu9,XX,i2,iufo3)*
         cFT(g7,XX,iufo3,i3)*flavourTag(fmu,j11,j12)*Den(p4,xiw,M3)*Den(q2 + 
         q3,xiw,M3)^2*Den( - p4 + q2 + q3,0,0)^2*xia*xiw*ufoGC58^2*ufoGC3*
         ufoGC4
          + 1/2*g_(1,6_,nu15)*FT1*g_(1,q1)*g_(2,nu14)*cFT(nu9,XX,i2,iufo3)*
         cFT(g7,XX,iufo3,i3)*flavourTag(fmu,j11,j12)*Den(p4,xiw,M3)*Den(q2 + 
         q3,xiw,M3)^2*Den( - p4 + q2 + q3,0,0)^2*xiw*ufoGC58^2*ufoGC3*ufoGC4
          + 1/2*g_(1,6_,nu15)*FT1*g_(1,q1)*g_(2,nu14)*cFT(nu9,XX,i2,iufo3)*
         cFT(g7,XX,iufo3,i3)*flavourTag(fmu,j11,j12)*Den(p4,xiw,M3)^2*Den(q2
          + q3,xiw,M3)^2*Den( - p4 + q2 + q3,0,0)^2*p4.p4*d^-1*xia*xiw*
         ufoGC58^2*ufoGC3*ufoGC4
          - 1/2*g_(1,6_,nu15)*FT1*g_(1,q1)*g_(2,nu14)*cFT(nu9,XX,i2,iufo3)*
         cFT(g7,XX,iufo3,i3)*flavourTag(fmu,j11,j12)*Den(p4,xiw,M3)^2*Den(q2
          + q3,xiw,M3)^2*Den( - p4 + q2 + q3,0,0)^2*p4.p4*d^-1*xiw*ufoGC58^2*
         ufoGC3*ufoGC4
          - 1/2*g_(1,6_,nu15)*FT1*g_(1,q2)*g_(2,nu14)*cFT(nu9,XX,i2,iufo3)*
         cFT(g7,XX,iufo3,i3)*flavourTag(fmu,j11,j12)*Den(p4,xiw,M3)*Den(q2 + 
         q3,xiw,M3)^2*Den( - p4 + q2 + q3,0,0)^2*xia*xiw*ufoGC58^2*ufoGC3*
         ufoGC4
          + 1/2*g_(1,6_,nu15)*FT1*g_(1,q2)*g_(2,nu14)*cFT(nu9,XX,i2,iufo3)*
         cFT(g7,XX,iufo3,i3)*flavourTag(fmu,j11,j12)*Den(p4,xiw,M3)*Den(q2 + 
         q3,xiw,M3)^2*Den( - p4 + q2 + q3,0,0)^2*xiw*ufoGC58^2*ufoGC3*ufoGC4
          + 1/2*g_(1,6_,nu15)*FT1*g_(1,q2)*g_(2,nu14)*cFT(nu9,XX,i2,iufo3)*
         cFT(g7,XX,iufo3,i3)*flavourTag(fmu,j11,j12)*Den(p4,xiw,M3)^2*Den(q2
          + q3,xiw,M3)^2*Den( - p4 + q2 + q3,0,0)^2*p4.p4*d^-1*xia*xiw*
         ufoGC58^2*ufoGC3*ufoGC4
          - 1/2*g_(1,6_,nu15)*FT1*g_(1,q2)*g_(2,nu14)*cFT(nu9,XX,i2,iufo3)*
         cFT(g7,XX,iufo3,i3)*flavourTag(fmu,j11,j12)*Den(p4,xiw,M3)^2*Den(q2
          + q3,xiw,M3)^2*Den( - p4 + q2 + q3,0,0)^2*p4.p4*d^-1*xiw*ufoGC58^2*
         ufoGC3*ufoGC4
          - 1/2*g_(1,6_,nu15)*FT1*g_(1,q3)*g_(2,nu14)*cFT(nu9,XX,i2,iufo3)*
         cFT(g7,XX,iufo3,i3)*flavourTag(fmu,j11,j12)*Den(p4,xiw,M3)*Den(q2 + 
         q3,xiw,M3)^2*Den( - p4 + q2 + q3,0,0)^2*xia*xiw*ufoGC58^2*ufoGC3*
         ufoGC4
          + 1/2*g_(1,6_,nu15)*FT1*g_(1,q3)*g_(2,nu14)*cFT(nu9,XX,i2,iufo3)*
         cFT(g7,XX,iufo3,i3)*flavourTag(fmu,j11,j12)*Den(p4,xiw,M3)*Den(q2 + 
         q3,xiw,M3)^2*Den( - p4 + q2 + q3,0,0)^2*xiw*ufoGC58^2*ufoGC3*ufoGC4
          + 1/2*g_(1,6_,nu15)*FT1*g_(1,q3)*g_(2,nu14)*cFT(nu9,XX,i2,iufo3)*
         cFT(g7,XX,iufo3,i3)*flavourTag(fmu,j11,j12)*Den(p4,xiw,M3)^2*Den(q2
          + q3,xiw,M3)^2*Den( - p4 + q2 + q3,0,0)^2*p4.p4*d^-1*xia*xiw*
         ufoGC58^2*ufoGC3*ufoGC4
          - 1/2*g_(1,6_,nu15)*FT1*g_(1,q3)*g_(2,nu14)*cFT(nu9,XX,i2,iufo3)*
         cFT(g7,XX,iufo3,i3)*flavourTag(fmu,j11,j12)*Den(p4,xiw,M3)^2*Den(q2
          + q3,xiw,M3)^2*Den( - p4 + q2 + q3,0,0)^2*p4.p4*d^-1*xiw*ufoGC58^2*
         ufoGC3*ufoGC4
          )

       + Vec(nu14,q2)*Vec(nu9,q3)*Vec(nu10,q2)*Vec(nu13,q2)^2 * (
          - 1/4*g_(1,6_,nu10)*FT1*g_(1,p4)*g_(2,nu14)*cFT(nu9,XX,i2,iufo3)*
         cFT(g7,XX,iufo3,i3)*flavourTag(fmu,j11,j12)*Den(p4,xiw,M3)*Den(q2 + 
         q3,xiw,M3)^2*Den( - p4 + q2 + q3,0,0)^2*xia*xiw*ufoGC58^2*ufoGC3*
         ufoGC4
          + 1/4*g_(1,6_,nu10)*FT1*g_(1,p4)*g_(2,nu14)*cFT(nu9,XX,i2,iufo3)*
         cFT(g7,XX,iufo3,i3)*flavourTag(fmu,j11,j12)*Den(p4,xiw,M3)*Den(q2 + 
         q3,xiw,M3)^2*Den( - p4 + q2 + q3,0,0)^2*xiw*ufoGC58^2*ufoGC3*ufoGC4
          + 1/4*g_(1,6_,nu10)*FT1*g_(1,p4)*g_(2,nu14)*cFT(nu9,XX,i2,iufo3)*
         cFT(g7,XX,iufo3,i3)*flavourTag(fmu,j11,j12)*Den(p4,xiw,M3)^2*Den(q2
          + q3,xiw,M3)^2*Den( - p4 + q2 + q3,0,0)^2*p4.p4*d^-1*xia*xiw*
         ufoGC58^2*ufoGC3*ufoGC4
          - 1/4*g_(1,6_,nu10)*FT1*g_(1,p4)*g_(2,nu14)*cFT(nu9,XX,i2,iufo3)*
         cFT(g7,XX,iufo3,i3)*flavourTag(fmu,j11,j12)*Den(p4,xiw,M3)^2*Den(q2
          + q3,xiw,M3)^2*Den( - p4 + q2 + q3,0,0)^2*p4.p4*d^-1*xiw*ufoGC58^2*
         ufoGC3*ufoGC4
          + 1/4*g_(1,6_,nu10)*FT1*g_(1,q1)*g_(2,nu14)*cFT(nu9,XX,i2,iufo3)*
         cFT(g7,XX,iufo3,i3)*flavourTag(fmu,j11,j12)*Den(p4,xiw,M3)*Den(q2 + 
         q3,xiw,M3)^2*Den( - p4 + q2 + q3,0,0)^2*xia*xiw*ufoGC58^2*ufoGC3*
         ufoGC4
          - 1/4*g_(1,6_,nu10)*FT1*g_(1,q1)*g_(2,nu14)*cFT(nu9,XX,i2,iufo3)*
         cFT(g7,XX,iufo3,i3)*flavourTag(fmu,j11,j12)*Den(p4,xiw,M3)*Den(q2 + 
         q3,xiw,M3)^2*Den( - p4 + q2 + q3,0,0)^2*xiw*ufoGC58^2*ufoGC3*ufoGC4
          - 1/4*g_(1,6_,nu10)*FT1*g_(1,q1)*g_(2,nu14)*cFT(nu9,XX,i2,iufo3)*
         cFT(g7,XX,iufo3,i3)*flavourTag(fmu,j11,j12)*Den(p4,xiw,M3)^2*Den(q2
          + q3,xiw,M3)^2*Den( - p4 + q2 + q3,0,0)^2*p4.p4*d^-1*xia*xiw*
         ufoGC58^2*ufoGC3*ufoGC4
          + 1/4*g_(1,6_,nu10)*FT1*g_(1,q1)*g_(2,nu14)*cFT(nu9,XX,i2,iufo3)*
         cFT(g7,XX,iufo3,i3)*flavourTag(fmu,j11,j12)*Den(p4,xiw,M3)^2*Den(q2
          + q3,xiw,M3)^2*Den( - p4 + q2 + q3,0,0)^2*p4.p4*d^-1*xiw*ufoGC58^2*
         ufoGC3*ufoGC4
          + 1/4*g_(1,6_,nu10)*FT1*g_(1,q2)*g_(2,nu14)*cFT(nu9,XX,i2,iufo3)*
         cFT(g7,XX,iufo3,i3)*flavourTag(fmu,j11,j12)*Den(p4,xiw,M3)*Den(q2 + 
         q3,xiw,M3)^2*Den( - p4 + q2 + q3,0,0)^2*xia*xiw*ufoGC58^2*ufoGC3*
         ufoGC4
          - 1/4*g_(1,6_,nu10)*FT1*g_(1,q2)*g_(2,nu14)*cFT(nu9,XX,i2,iufo3)*
         cFT(g7,XX,iufo3,i3)*flavourTag(fmu,j11,j12)*Den(p4,xiw,M3)*Den(q2 + 
         q3,xiw,M3)^2*Den( - p4 + q2 + q3,0,0)^2*xiw*ufoGC58^2*ufoGC3*ufoGC4
          - 1/4*g_(1,6_,nu10)*FT1*g_(1,q2)*g_(2,nu14)*cFT(nu9,XX,i2,iufo3)*
         cFT(g7,XX,iufo3,i3)*flavourTag(fmu,j11,j12)*Den(p4,xiw,M3)^2*Den(q2
          + q3,xiw,M3)^2*Den( - p4 + q2 + q3,0,0)^2*p4.p4*d^-1*xia*xiw*
         ufoGC58^2*ufoGC3*ufoGC4
          + 1/4*g_(1,6_,nu10)*FT1*g_(1,q2)*g_(2,nu14)*cFT(nu9,XX,i2,iufo3)*
         cFT(g7,XX,iufo3,i3)*flavourTag(fmu,j11,j12)*Den(p4,xiw,M3)^2*Den(q2
          + q3,xiw,M3)^2*Den( - p4 + q2 + q3,0,0)^2*p4.p4*d^-1*xiw*ufoGC58^2*
         ufoGC3*ufoGC4
          + 1/4*g_(1,6_,nu10)*FT1*g_(1,q3)*g_(2,nu14)*cFT(nu9,XX,i2,iufo3)*
         cFT(g7,XX,iufo3,i3)*flavourTag(fmu,j11,j12)*Den(p4,xiw,M3)*Den(q2 + 
         q3,xiw,M3)^2*Den( - p4 + q2 + q3,0,0)^2*xia*xiw*ufoGC58^2*ufoGC3*
         ufoGC4
          - 1/4*g_(1,6_,nu10)*FT1*g_(1,q3)*g_(2,nu14)*cFT(nu9,XX,i2,iufo3)*
         cFT(g7,XX,iufo3,i3)*flavourTag(fmu,j11,j12)*Den(p4,xiw,M3)*Den(q2 + 
         q3,xiw,M3)^2*Den( - p4 + q2 + q3,0,0)^2*xiw*ufoGC58^2*ufoGC3*ufoGC4
          - 1/4*g_(1,6_,nu10)*FT1*g_(1,q3)*g_(2,nu14)*cFT(nu9,XX,i2,iufo3)*
         cFT(g7,XX,iufo3,i3)*flavourTag(fmu,j11,j12)*Den(p4,xiw,M3)^2*Den(q2
          + q3,xiw,M3)^2*Den( - p4 + q2 + q3,0,0)^2*p4.p4*d^-1*xia*xiw*
         ufoGC58^2*ufoGC3*ufoGC4
          + 1/4*g_(1,6_,nu10)*FT1*g_(1,q3)*g_(2,nu14)*cFT(nu9,XX,i2,iufo3)*
         cFT(g7,XX,iufo3,i3)*flavourTag(fmu,j11,j12)*Den(p4,xiw,M3)^2*Den(q2
          + q3,xiw,M3)^2*Den( - p4 + q2 + q3,0,0)^2*p4.p4*d^-1*xiw*ufoGC58^2*
         ufoGC3*ufoGC4
          )

       + Vec(nu14,q2)*Vec(nu9,q3)*Vec(nu10,q2)*Vec(nu13,q2)*Vec(nu13,q3) * (
          - 1/2*g_(1,6_,nu10)*FT1*g_(1,p4)*g_(2,nu14)*cFT(nu9,XX,i2,iufo3)*
         cFT(g7,XX,iufo3,i3)*flavourTag(fmu,j11,j12)*Den(p4,xiw,M3)*Den(q2 + 
         q3,xiw,M3)^2*Den( - p4 + q2 + q3,0,0)^2*xia*xiw*ufoGC58^2*ufoGC3*
         ufoGC4
          + 1/2*g_(1,6_,nu10)*FT1*g_(1,p4)*g_(2,nu14)*cFT(nu9,XX,i2,iufo3)*
         cFT(g7,XX,iufo3,i3)*flavourTag(fmu,j11,j12)*Den(p4,xiw,M3)*Den(q2 + 
         q3,xiw,M3)^2*Den( - p4 + q2 + q3,0,0)^2*xiw*ufoGC58^2*ufoGC3*ufoGC4
          + 1/2*g_(1,6_,nu10)*FT1*g_(1,p4)*g_(2,nu14)*cFT(nu9,XX,i2,iufo3)*
         cFT(g7,XX,iufo3,i3)*flavourTag(fmu,j11,j12)*Den(p4,xiw,M3)^2*Den(q2
          + q3,xiw,M3)^2*Den( - p4 + q2 + q3,0,0)^2*p4.p4*d^-1*xia*xiw*
         ufoGC58^2*ufoGC3*ufoGC4
          - 1/2*g_(1,6_,nu10)*FT1*g_(1,p4)*g_(2,nu14)*cFT(nu9,XX,i2,iufo3)*
         cFT(g7,XX,iufo3,i3)*flavourTag(fmu,j11,j12)*Den(p4,xiw,M3)^2*Den(q2
          + q3,xiw,M3)^2*Den( - p4 + q2 + q3,0,0)^2*p4.p4*d^-1*xiw*ufoGC58^2*
         ufoGC3*ufoGC4
          + 1/2*g_(1,6_,nu10)*FT1*g_(1,q1)*g_(2,nu14)*cFT(nu9,XX,i2,iufo3)*
         cFT(g7,XX,iufo3,i3)*flavourTag(fmu,j11,j12)*Den(p4,xiw,M3)*Den(q2 + 
         q3,xiw,M3)^2*Den( - p4 + q2 + q3,0,0)^2*xia*xiw*ufoGC58^2*ufoGC3*
         ufoGC4
          - 1/2*g_(1,6_,nu10)*FT1*g_(1,q1)*g_(2,nu14)*cFT(nu9,XX,i2,iufo3)*
         cFT(g7,XX,iufo3,i3)*flavourTag(fmu,j11,j12)*Den(p4,xiw,M3)*Den(q2 + 
         q3,xiw,M3)^2*Den( - p4 + q2 + q3,0,0)^2*xiw*ufoGC58^2*ufoGC3*ufoGC4
          - 1/2*g_(1,6_,nu10)*FT1*g_(1,q1)*g_(2,nu14)*cFT(nu9,XX,i2,iufo3)*
         cFT(g7,XX,iufo3,i3)*flavourTag(fmu,j11,j12)*Den(p4,xiw,M3)^2*Den(q2
          + q3,xiw,M3)^2*Den( - p4 + q2 + q3,0,0)^2*p4.p4*d^-1*xia*xiw*
         ufoGC58^2*ufoGC3*ufoGC4
          + 1/2*g_(1,6_,nu10)*FT1*g_(1,q1)*g_(2,nu14)*cFT(nu9,XX,i2,iufo3)*
         cFT(g7,XX,iufo3,i3)*flavourTag(fmu,j11,j12)*Den(p4,xiw,M3)^2*Den(q2
          + q3,xiw,M3)^2*Den( - p4 + q2 + q3,0,0)^2*p4.p4*d^-1*xiw*ufoGC58^2*
         ufoGC3*ufoGC4
          + 1/2*g_(1,6_,nu10)*FT1*g_(1,q2)*g_(2,nu14)*cFT(nu9,XX,i2,iufo3)*
         cFT(g7,XX,iufo3,i3)*flavourTag(fmu,j11,j12)*Den(p4,xiw,M3)*Den(q2 + 
         q3,xiw,M3)^2*Den( - p4 + q2 + q3,0,0)^2*xia*xiw*ufoGC58^2*ufoGC3*
         ufoGC4
          - 1/2*g_(1,6_,nu10)*FT1*g_(1,q2)*g_(2,nu14)*cFT(nu9,XX,i2,iufo3)*
         cFT(g7,XX,iufo3,i3)*flavourTag(fmu,j11,j12)*Den(p4,xiw,M3)*Den(q2 + 
         q3,xiw,M3)^2*Den( - p4 + q2 + q3,0,0)^2*xiw*ufoGC58^2*ufoGC3*ufoGC4
          - 1/2*g_(1,6_,nu10)*FT1*g_(1,q2)*g_(2,nu14)*cFT(nu9,XX,i2,iufo3)*
         cFT(g7,XX,iufo3,i3)*flavourTag(fmu,j11,j12)*Den(p4,xiw,M3)^2*Den(q2
          + q3,xiw,M3)^2*Den( - p4 + q2 + q3,0,0)^2*p4.p4*d^-1*xia*xiw*
         ufoGC58^2*ufoGC3*ufoGC4
          + 1/2*g_(1,6_,nu10)*FT1*g_(1,q2)*g_(2,nu14)*cFT(nu9,XX,i2,iufo3)*
         cFT(g7,XX,iufo3,i3)*flavourTag(fmu,j11,j12)*Den(p4,xiw,M3)^2*Den(q2
          + q3,xiw,M3)^2*Den( - p4 + q2 + q3,0,0)^2*p4.p4*d^-1*xiw*ufoGC58^2*
         ufoGC3*ufoGC4
          + 1/2*g_(1,6_,nu10)*FT1*g_(1,q3)*g_(2,nu14)*cFT(nu9,XX,i2,iufo3)*
         cFT(g7,XX,iufo3,i3)*flavourTag(fmu,j11,j12)*Den(p4,xiw,M3)*Den(q2 + 
         q3,xiw,M3)^2*Den( - p4 + q2 + q3,0,0)^2*xia*xiw*ufoGC58^2*ufoGC3*
         ufoGC4
          - 1/2*g_(1,6_,nu10)*FT1*g_(1,q3)*g_(2,nu14)*cFT(nu9,XX,i2,iufo3)*
         cFT(g7,XX,iufo3,i3)*flavourTag(fmu,j11,j12)*Den(p4,xiw,M3)*Den(q2 + 
         q3,xiw,M3)^2*Den( - p4 + q2 + q3,0,0)^2*xiw*ufoGC58^2*ufoGC3*ufoGC4
          - 1/2*g_(1,6_,nu10)*FT1*g_(1,q3)*g_(2,nu14)*cFT(nu9,XX,i2,iufo3)*
         cFT(g7,XX,iufo3,i3)*flavourTag(fmu,j11,j12)*Den(p4,xiw,M3)^2*Den(q2
          + q3,xiw,M3)^2*Den( - p4 + q2 + q3,0,0)^2*p4.p4*d^-1*xia*xiw*
         ufoGC58^2*ufoGC3*ufoGC4
          + 1/2*g_(1,6_,nu10)*FT1*g_(1,q3)*g_(2,nu14)*cFT(nu9,XX,i2,iufo3)*
         cFT(g7,XX,iufo3,i3)*flavourTag(fmu,j11,j12)*Den(p4,xiw,M3)^2*Den(q2
          + q3,xiw,M3)^2*Den( - p4 + q2 + q3,0,0)^2*p4.p4*d^-1*xiw*ufoGC58^2*
         ufoGC3*ufoGC4
          )

       + Vec(nu14,q2)*Vec(nu9,q3)*Vec(nu10,q2)*Vec(nu13,q3)^2 * (
          - 1/4*g_(1,6_,nu10)*FT1*g_(1,p4)*g_(2,nu14)*cFT(nu9,XX,i2,iufo3)*
         cFT(g7,XX,iufo3,i3)*flavourTag(fmu,j11,j12)*Den(p4,xiw,M3)*Den(q2 + 
         q3,xiw,M3)^2*Den( - p4 + q2 + q3,0,0)^2*xia*xiw*ufoGC58^2*ufoGC3*
         ufoGC4
          + 1/4*g_(1,6_,nu10)*FT1*g_(1,p4)*g_(2,nu14)*cFT(nu9,XX,i2,iufo3)*
         cFT(g7,XX,iufo3,i3)*flavourTag(fmu,j11,j12)*Den(p4,xiw,M3)*Den(q2 + 
         q3,xiw,M3)^2*Den( - p4 + q2 + q3,0,0)^2*xiw*ufoGC58^2*ufoGC3*ufoGC4
          + 1/4*g_(1,6_,nu10)*FT1*g_(1,p4)*g_(2,nu14)*cFT(nu9,XX,i2,iufo3)*
         cFT(g7,XX,iufo3,i3)*flavourTag(fmu,j11,j12)*Den(p4,xiw,M3)^2*Den(q2
          + q3,xiw,M3)^2*Den( - p4 + q2 + q3,0,0)^2*p4.p4*d^-1*xia*xiw*
         ufoGC58^2*ufoGC3*ufoGC4
          - 1/4*g_(1,6_,nu10)*FT1*g_(1,p4)*g_(2,nu14)*cFT(nu9,XX,i2,iufo3)*
         cFT(g7,XX,iufo3,i3)*flavourTag(fmu,j11,j12)*Den(p4,xiw,M3)^2*Den(q2
          + q3,xiw,M3)^2*Den( - p4 + q2 + q3,0,0)^2*p4.p4*d^-1*xiw*ufoGC58^2*
         ufoGC3*ufoGC4
          + 1/4*g_(1,6_,nu10)*FT1*g_(1,q1)*g_(2,nu14)*cFT(nu9,XX,i2,iufo3)*
         cFT(g7,XX,iufo3,i3)*flavourTag(fmu,j11,j12)*Den(p4,xiw,M3)*Den(q2 + 
         q3,xiw,M3)^2*Den( - p4 + q2 + q3,0,0)^2*xia*xiw*ufoGC58^2*ufoGC3*
         ufoGC4
          - 1/4*g_(1,6_,nu10)*FT1*g_(1,q1)*g_(2,nu14)*cFT(nu9,XX,i2,iufo3)*
         cFT(g7,XX,iufo3,i3)*flavourTag(fmu,j11,j12)*Den(p4,xiw,M3)*Den(q2 + 
         q3,xiw,M3)^2*Den( - p4 + q2 + q3,0,0)^2*xiw*ufoGC58^2*ufoGC3*ufoGC4
          - 1/4*g_(1,6_,nu10)*FT1*g_(1,q1)*g_(2,nu14)*cFT(nu9,XX,i2,iufo3)*
         cFT(g7,XX,iufo3,i3)*flavourTag(fmu,j11,j12)*Den(p4,xiw,M3)^2*Den(q2
          + q3,xiw,M3)^2*Den( - p4 + q2 + q3,0,0)^2*p4.p4*d^-1*xia*xiw*
         ufoGC58^2*ufoGC3*ufoGC4
          + 1/4*g_(1,6_,nu10)*FT1*g_(1,q1)*g_(2,nu14)*cFT(nu9,XX,i2,iufo3)*
         cFT(g7,XX,iufo3,i3)*flavourTag(fmu,j11,j12)*Den(p4,xiw,M3)^2*Den(q2
          + q3,xiw,M3)^2*Den( - p4 + q2 + q3,0,0)^2*p4.p4*d^-1*xiw*ufoGC58^2*
         ufoGC3*ufoGC4
          + 1/4*g_(1,6_,nu10)*FT1*g_(1,q2)*g_(2,nu14)*cFT(nu9,XX,i2,iufo3)*
         cFT(g7,XX,iufo3,i3)*flavourTag(fmu,j11,j12)*Den(p4,xiw,M3)*Den(q2 + 
         q3,xiw,M3)^2*Den( - p4 + q2 + q3,0,0)^2*xia*xiw*ufoGC58^2*ufoGC3*
         ufoGC4
          - 1/4*g_(1,6_,nu10)*FT1*g_(1,q2)*g_(2,nu14)*cFT(nu9,XX,i2,iufo3)*
         cFT(g7,XX,iufo3,i3)*flavourTag(fmu,j11,j12)*Den(p4,xiw,M3)*Den(q2 + 
         q3,xiw,M3)^2*Den( - p4 + q2 + q3,0,0)^2*xiw*ufoGC58^2*ufoGC3*ufoGC4
          - 1/4*g_(1,6_,nu10)*FT1*g_(1,q2)*g_(2,nu14)*cFT(nu9,XX,i2,iufo3)*
         cFT(g7,XX,iufo3,i3)*flavourTag(fmu,j11,j12)*Den(p4,xiw,M3)^2*Den(q2
          + q3,xiw,M3)^2*Den( - p4 + q2 + q3,0,0)^2*p4.p4*d^-1*xia*xiw*
         ufoGC58^2*ufoGC3*ufoGC4
          + 1/4*g_(1,6_,nu10)*FT1*g_(1,q2)*g_(2,nu14)*cFT(nu9,XX,i2,iufo3)*
         cFT(g7,XX,iufo3,i3)*flavourTag(fmu,j11,j12)*Den(p4,xiw,M3)^2*Den(q2
          + q3,xiw,M3)^2*Den( - p4 + q2 + q3,0,0)^2*p4.p4*d^-1*xiw*ufoGC58^2*
         ufoGC3*ufoGC4
          + 1/4*g_(1,6_,nu10)*FT1*g_(1,q3)*g_(2,nu14)*cFT(nu9,XX,i2,iufo3)*
         cFT(g7,XX,iufo3,i3)*flavourTag(fmu,j11,j12)*Den(p4,xiw,M3)*Den(q2 + 
         q3,xiw,M3)^2*Den( - p4 + q2 + q3,0,0)^2*xia*xiw*ufoGC58^2*ufoGC3*
         ufoGC4
          - 1/4*g_(1,6_,nu10)*FT1*g_(1,q3)*g_(2,nu14)*cFT(nu9,XX,i2,iufo3)*
         cFT(g7,XX,iufo3,i3)*flavourTag(fmu,j11,j12)*Den(p4,xiw,M3)*Den(q2 + 
         q3,xiw,M3)^2*Den( - p4 + q2 + q3,0,0)^2*xiw*ufoGC58^2*ufoGC3*ufoGC4
          - 1/4*g_(1,6_,nu10)*FT1*g_(1,q3)*g_(2,nu14)*cFT(nu9,XX,i2,iufo3)*
         cFT(g7,XX,iufo3,i3)*flavourTag(fmu,j11,j12)*Den(p4,xiw,M3)^2*Den(q2
          + q3,xiw,M3)^2*Den( - p4 + q2 + q3,0,0)^2*p4.p4*d^-1*xia*xiw*
         ufoGC58^2*ufoGC3*ufoGC4
          + 1/4*g_(1,6_,nu10)*FT1*g_(1,q3)*g_(2,nu14)*cFT(nu9,XX,i2,iufo3)*
         cFT(g7,XX,iufo3,i3)*flavourTag(fmu,j11,j12)*Den(p4,xiw,M3)^2*Den(q2
          + q3,xiw,M3)^2*Den( - p4 + q2 + q3,0,0)^2*p4.p4*d^-1*xiw*ufoGC58^2*
         ufoGC3*ufoGC4
          )

       + Vec(nu14,q2)*Vec(nu9,q3)*Vec(nu10,q2) * (
          + 1/4*g_(1,6_,nu10)*FT1*g_(1,p4)*g_(2,nu14)*cFT(nu9,XX,i2,iufo3)*
         cFT(g7,XX,iufo3,i3)*flavourTag(fmu,j11,j12)*Den(p4,xiw,M3)*Den(q2 + 
         q3,xiw,M3)^2*Den( - p4 + q2 + q3,0,0)^2*p4.p4*xia*xiw*ufoGC58^2*
         ufoGC3*ufoGC4
          - 1/4*g_(1,6_,nu10)*FT1*g_(1,p4)*g_(2,nu14)*cFT(nu9,XX,i2,iufo3)*
         cFT(g7,XX,iufo3,i3)*flavourTag(fmu,j11,j12)*Den(p4,xiw,M3)*Den(q2 + 
         q3,xiw,M3)^2*Den( - p4 + q2 + q3,0,0)^2*p4.p4*xiw*ufoGC58^2*ufoGC3*
         ufoGC4
          - 1/4*g_(1,6_,nu10)*FT1*g_(1,q1)*g_(2,nu14)*cFT(nu9,XX,i2,iufo3)*
         cFT(g7,XX,iufo3,i3)*flavourTag(fmu,j11,j12)*Den(p4,xiw,M3)*Den(q2 + 
         q3,xiw,M3)^2*Den( - p4 + q2 + q3,0,0)^2*p4.p4*xia*xiw*ufoGC58^2*
         ufoGC3*ufoGC4
          + 1/4*g_(1,6_,nu10)*FT1*g_(1,q1)*g_(2,nu14)*cFT(nu9,XX,i2,iufo3)*
         cFT(g7,XX,iufo3,i3)*flavourTag(fmu,j11,j12)*Den(p4,xiw,M3)*Den(q2 + 
         q3,xiw,M3)^2*Den( - p4 + q2 + q3,0,0)^2*p4.p4*xiw*ufoGC58^2*ufoGC3*
         ufoGC4
          - 1/4*g_(1,6_,nu10)*FT1*g_(1,q2)*g_(2,nu14)*cFT(nu9,XX,i2,iufo3)*
         cFT(g7,XX,iufo3,i3)*flavourTag(fmu,j11,j12)*Den(p4,xiw,M3)*Den(q2 + 
         q3,xiw,M3)^2*Den( - p4 + q2 + q3,0,0)^2*p4.p4*xia*xiw*ufoGC58^2*
         ufoGC3*ufoGC4
          + 1/4*g_(1,6_,nu10)*FT1*g_(1,q2)*g_(2,nu14)*cFT(nu9,XX,i2,iufo3)*
         cFT(g7,XX,iufo3,i3)*flavourTag(fmu,j11,j12)*Den(p4,xiw,M3)*Den(q2 + 
         q3,xiw,M3)^2*Den( - p4 + q2 + q3,0,0)^2*p4.p4*xiw*ufoGC58^2*ufoGC3*
         ufoGC4
          - 1/4*g_(1,6_,nu10)*FT1*g_(1,q3)*g_(2,nu14)*cFT(nu9,XX,i2,iufo3)*
         cFT(g7,XX,iufo3,i3)*flavourTag(fmu,j11,j12)*Den(p4,xiw,M3)*Den(q2 + 
         q3,xiw,M3)^2*Den( - p4 + q2 + q3,0,0)^2*p4.p4*xia*xiw*ufoGC58^2*
         ufoGC3*ufoGC4
          + 1/4*g_(1,6_,nu10)*FT1*g_(1,q3)*g_(2,nu14)*cFT(nu9,XX,i2,iufo3)*
         cFT(g7,XX,iufo3,i3)*flavourTag(fmu,j11,j12)*Den(p4,xiw,M3)*Den(q2 + 
         q3,xiw,M3)^2*Den( - p4 + q2 + q3,0,0)^2*p4.p4*xiw*ufoGC58^2*ufoGC3*
         ufoGC4
          )

       + Vec(nu14,q2)*Vec(nu9,q3)*Vec(nu10,q3)^2*Vec(nu15,q2) * (
          + 1/4*g_(1,6_,nu15)*FT1*g_(1,p4)*g_(2,nu14)*cFT(nu9,XX,i2,iufo3)*
         cFT(g7,XX,iufo3,i3)*flavourTag(fmu,j11,j12)*Den(p4,xiw,M3)*Den(q2 + 
         q3,xiw,M3)^2*Den( - p4 + q2 + q3,0,0)^2*xia*xiw*ufoGC58^2*ufoGC3*
         ufoGC4
          - 1/4*g_(1,6_,nu15)*FT1*g_(1,p4)*g_(2,nu14)*cFT(nu9,XX,i2,iufo3)*
         cFT(g7,XX,iufo3,i3)*flavourTag(fmu,j11,j12)*Den(p4,xiw,M3)*Den(q2 + 
         q3,xiw,M3)^2*Den( - p4 + q2 + q3,0,0)^2*xiw*ufoGC58^2*ufoGC3*ufoGC4
          - 1/4*g_(1,6_,nu15)*FT1*g_(1,p4)*g_(2,nu14)*cFT(nu9,XX,i2,iufo3)*
         cFT(g7,XX,iufo3,i3)*flavourTag(fmu,j11,j12)*Den(p4,xiw,M3)^2*Den(q2
          + q3,xiw,M3)^2*Den( - p4 + q2 + q3,0,0)^2*p4.p4*d^-1*xia*xiw*
         ufoGC58^2*ufoGC3*ufoGC4
          + 1/4*g_(1,6_,nu15)*FT1*g_(1,p4)*g_(2,nu14)*cFT(nu9,XX,i2,iufo3)*
         cFT(g7,XX,iufo3,i3)*flavourTag(fmu,j11,j12)*Den(p4,xiw,M3)^2*Den(q2
          + q3,xiw,M3)^2*Den( - p4 + q2 + q3,0,0)^2*p4.p4*d^-1*xiw*ufoGC58^2*
         ufoGC3*ufoGC4
          - 1/4*g_(1,6_,nu15)*FT1*g_(1,q1)*g_(2,nu14)*cFT(nu9,XX,i2,iufo3)*
         cFT(g7,XX,iufo3,i3)*flavourTag(fmu,j11,j12)*Den(p4,xiw,M3)*Den(q2 + 
         q3,xiw,M3)^2*Den( - p4 + q2 + q3,0,0)^2*xia*xiw*ufoGC58^2*ufoGC3*
         ufoGC4
          + 1/4*g_(1,6_,nu15)*FT1*g_(1,q1)*g_(2,nu14)*cFT(nu9,XX,i2,iufo3)*
         cFT(g7,XX,iufo3,i3)*flavourTag(fmu,j11,j12)*Den(p4,xiw,M3)*Den(q2 + 
         q3,xiw,M3)^2*Den( - p4 + q2 + q3,0,0)^2*xiw*ufoGC58^2*ufoGC3*ufoGC4
          + 1/4*g_(1,6_,nu15)*FT1*g_(1,q1)*g_(2,nu14)*cFT(nu9,XX,i2,iufo3)*
         cFT(g7,XX,iufo3,i3)*flavourTag(fmu,j11,j12)*Den(p4,xiw,M3)^2*Den(q2
          + q3,xiw,M3)^2*Den( - p4 + q2 + q3,0,0)^2*p4.p4*d^-1*xia*xiw*
         ufoGC58^2*ufoGC3*ufoGC4
          - 1/4*g_(1,6_,nu15)*FT1*g_(1,q1)*g_(2,nu14)*cFT(nu9,XX,i2,iufo3)*
         cFT(g7,XX,iufo3,i3)*flavourTag(fmu,j11,j12)*Den(p4,xiw,M3)^2*Den(q2
          + q3,xiw,M3)^2*Den( - p4 + q2 + q3,0,0)^2*p4.p4*d^-1*xiw*ufoGC58^2*
         ufoGC3*ufoGC4
          - 1/4*g_(1,6_,nu15)*FT1*g_(1,q2)*g_(2,nu14)*cFT(nu9,XX,i2,iufo3)*
         cFT(g7,XX,iufo3,i3)*flavourTag(fmu,j11,j12)*Den(p4,xiw,M3)*Den(q2 + 
         q3,xiw,M3)^2*Den( - p4 + q2 + q3,0,0)^2*xia*xiw*ufoGC58^2*ufoGC3*
         ufoGC4
          + 1/4*g_(1,6_,nu15)*FT1*g_(1,q2)*g_(2,nu14)*cFT(nu9,XX,i2,iufo3)*
         cFT(g7,XX,iufo3,i3)*flavourTag(fmu,j11,j12)*Den(p4,xiw,M3)*Den(q2 + 
         q3,xiw,M3)^2*Den( - p4 + q2 + q3,0,0)^2*xiw*ufoGC58^2*ufoGC3*ufoGC4
          + 1/4*g_(1,6_,nu15)*FT1*g_(1,q2)*g_(2,nu14)*cFT(nu9,XX,i2,iufo3)*
         cFT(g7,XX,iufo3,i3)*flavourTag(fmu,j11,j12)*Den(p4,xiw,M3)^2*Den(q2
          + q3,xiw,M3)^2*Den( - p4 + q2 + q3,0,0)^2*p4.p4*d^-1*xia*xiw*
         ufoGC58^2*ufoGC3*ufoGC4
          - 1/4*g_(1,6_,nu15)*FT1*g_(1,q2)*g_(2,nu14)*cFT(nu9,XX,i2,iufo3)*
         cFT(g7,XX,iufo3,i3)*flavourTag(fmu,j11,j12)*Den(p4,xiw,M3)^2*Den(q2
          + q3,xiw,M3)^2*Den( - p4 + q2 + q3,0,0)^2*p4.p4*d^-1*xiw*ufoGC58^2*
         ufoGC3*ufoGC4
          - 1/4*g_(1,6_,nu15)*FT1*g_(1,q3)*g_(2,nu14)*cFT(nu9,XX,i2,iufo3)*
         cFT(g7,XX,iufo3,i3)*flavourTag(fmu,j11,j12)*Den(p4,xiw,M3)*Den(q2 + 
         q3,xiw,M3)^2*Den( - p4 + q2 + q3,0,0)^2*xia*xiw*ufoGC58^2*ufoGC3*
         ufoGC4
          + 1/4*g_(1,6_,nu15)*FT1*g_(1,q3)*g_(2,nu14)*cFT(nu9,XX,i2,iufo3)*
         cFT(g7,XX,iufo3,i3)*flavourTag(fmu,j11,j12)*Den(p4,xiw,M3)*Den(q2 + 
         q3,xiw,M3)^2*Den( - p4 + q2 + q3,0,0)^2*xiw*ufoGC58^2*ufoGC3*ufoGC4
          + 1/4*g_(1,6_,nu15)*FT1*g_(1,q3)*g_(2,nu14)*cFT(nu9,XX,i2,iufo3)*
         cFT(g7,XX,iufo3,i3)*flavourTag(fmu,j11,j12)*Den(p4,xiw,M3)^2*Den(q2
          + q3,xiw,M3)^2*Den( - p4 + q2 + q3,0,0)^2*p4.p4*d^-1*xia*xiw*
         ufoGC58^2*ufoGC3*ufoGC4
          - 1/4*g_(1,6_,nu15)*FT1*g_(1,q3)*g_(2,nu14)*cFT(nu9,XX,i2,iufo3)*
         cFT(g7,XX,iufo3,i3)*flavourTag(fmu,j11,j12)*Den(p4,xiw,M3)^2*Den(q2
          + q3,xiw,M3)^2*Den( - p4 + q2 + q3,0,0)^2*p4.p4*d^-1*xiw*ufoGC58^2*
         ufoGC3*ufoGC4
          )

       + Vec(nu14,q2)*Vec(nu9,q3)*Vec(nu10,q3)^2*Vec(nu15,q3) * (
          + 1/4*g_(1,6_,nu15)*FT1*g_(1,p4)*g_(2,nu14)*cFT(nu9,XX,i2,iufo3)*
         cFT(g7,XX,iufo3,i3)*flavourTag(fmu,j11,j12)*Den(p4,xiw,M3)*Den(q2 + 
         q3,xiw,M3)^2*Den( - p4 + q2 + q3,0,0)^2*xia*xiw*ufoGC58^2*ufoGC3*
         ufoGC4
          - 1/4*g_(1,6_,nu15)*FT1*g_(1,p4)*g_(2,nu14)*cFT(nu9,XX,i2,iufo3)*
         cFT(g7,XX,iufo3,i3)*flavourTag(fmu,j11,j12)*Den(p4,xiw,M3)*Den(q2 + 
         q3,xiw,M3)^2*Den( - p4 + q2 + q3,0,0)^2*xiw*ufoGC58^2*ufoGC3*ufoGC4
          - 1/4*g_(1,6_,nu15)*FT1*g_(1,p4)*g_(2,nu14)*cFT(nu9,XX,i2,iufo3)*
         cFT(g7,XX,iufo3,i3)*flavourTag(fmu,j11,j12)*Den(p4,xiw,M3)^2*Den(q2
          + q3,xiw,M3)^2*Den( - p4 + q2 + q3,0,0)^2*p4.p4*d^-1*xia*xiw*
         ufoGC58^2*ufoGC3*ufoGC4
          + 1/4*g_(1,6_,nu15)*FT1*g_(1,p4)*g_(2,nu14)*cFT(nu9,XX,i2,iufo3)*
         cFT(g7,XX,iufo3,i3)*flavourTag(fmu,j11,j12)*Den(p4,xiw,M3)^2*Den(q2
          + q3,xiw,M3)^2*Den( - p4 + q2 + q3,0,0)^2*p4.p4*d^-1*xiw*ufoGC58^2*
         ufoGC3*ufoGC4
          - 1/4*g_(1,6_,nu15)*FT1*g_(1,q1)*g_(2,nu14)*cFT(nu9,XX,i2,iufo3)*
         cFT(g7,XX,iufo3,i3)*flavourTag(fmu,j11,j12)*Den(p4,xiw,M3)*Den(q2 + 
         q3,xiw,M3)^2*Den( - p4 + q2 + q3,0,0)^2*xia*xiw*ufoGC58^2*ufoGC3*
         ufoGC4
          + 1/4*g_(1,6_,nu15)*FT1*g_(1,q1)*g_(2,nu14)*cFT(nu9,XX,i2,iufo3)*
         cFT(g7,XX,iufo3,i3)*flavourTag(fmu,j11,j12)*Den(p4,xiw,M3)*Den(q2 + 
         q3,xiw,M3)^2*Den( - p4 + q2 + q3,0,0)^2*xiw*ufoGC58^2*ufoGC3*ufoGC4
          + 1/4*g_(1,6_,nu15)*FT1*g_(1,q1)*g_(2,nu14)*cFT(nu9,XX,i2,iufo3)*
         cFT(g7,XX,iufo3,i3)*flavourTag(fmu,j11,j12)*Den(p4,xiw,M3)^2*Den(q2
          + q3,xiw,M3)^2*Den( - p4 + q2 + q3,0,0)^2*p4.p4*d^-1*xia*xiw*
         ufoGC58^2*ufoGC3*ufoGC4
          - 1/4*g_(1,6_,nu15)*FT1*g_(1,q1)*g_(2,nu14)*cFT(nu9,XX,i2,iufo3)*
         cFT(g7,XX,iufo3,i3)*flavourTag(fmu,j11,j12)*Den(p4,xiw,M3)^2*Den(q2
          + q3,xiw,M3)^2*Den( - p4 + q2 + q3,0,0)^2*p4.p4*d^-1*xiw*ufoGC58^2*
         ufoGC3*ufoGC4
          - 1/4*g_(1,6_,nu15)*FT1*g_(1,q2)*g_(2,nu14)*cFT(nu9,XX,i2,iufo3)*
         cFT(g7,XX,iufo3,i3)*flavourTag(fmu,j11,j12)*Den(p4,xiw,M3)*Den(q2 + 
         q3,xiw,M3)^2*Den( - p4 + q2 + q3,0,0)^2*xia*xiw*ufoGC58^2*ufoGC3*
         ufoGC4
          + 1/4*g_(1,6_,nu15)*FT1*g_(1,q2)*g_(2,nu14)*cFT(nu9,XX,i2,iufo3)*
         cFT(g7,XX,iufo3,i3)*flavourTag(fmu,j11,j12)*Den(p4,xiw,M3)*Den(q2 + 
         q3,xiw,M3)^2*Den( - p4 + q2 + q3,0,0)^2*xiw*ufoGC58^2*ufoGC3*ufoGC4
          + 1/4*g_(1,6_,nu15)*FT1*g_(1,q2)*g_(2,nu14)*cFT(nu9,XX,i2,iufo3)*
         cFT(g7,XX,iufo3,i3)*flavourTag(fmu,j11,j12)*Den(p4,xiw,M3)^2*Den(q2
          + q3,xiw,M3)^2*Den( - p4 + q2 + q3,0,0)^2*p4.p4*d^-1*xia*xiw*
         ufoGC58^2*ufoGC3*ufoGC4
          - 1/4*g_(1,6_,nu15)*FT1*g_(1,q2)*g_(2,nu14)*cFT(nu9,XX,i2,iufo3)*
         cFT(g7,XX,iufo3,i3)*flavourTag(fmu,j11,j12)*Den(p4,xiw,M3)^2*Den(q2
          + q3,xiw,M3)^2*Den( - p4 + q2 + q3,0,0)^2*p4.p4*d^-1*xiw*ufoGC58^2*
         ufoGC3*ufoGC4
          - 1/4*g_(1,6_,nu15)*FT1*g_(1,q3)*g_(2,nu14)*cFT(nu9,XX,i2,iufo3)*
         cFT(g7,XX,iufo3,i3)*flavourTag(fmu,j11,j12)*Den(p4,xiw,M3)*Den(q2 + 
         q3,xiw,M3)^2*Den( - p4 + q2 + q3,0,0)^2*xia*xiw*ufoGC58^2*ufoGC3*
         ufoGC4
          + 1/4*g_(1,6_,nu15)*FT1*g_(1,q3)*g_(2,nu14)*cFT(nu9,XX,i2,iufo3)*
         cFT(g7,XX,iufo3,i3)*flavourTag(fmu,j11,j12)*Den(p4,xiw,M3)*Den(q2 + 
         q3,xiw,M3)^2*Den( - p4 + q2 + q3,0,0)^2*xiw*ufoGC58^2*ufoGC3*ufoGC4
          + 1/4*g_(1,6_,nu15)*FT1*g_(1,q3)*g_(2,nu14)*cFT(nu9,XX,i2,iufo3)*
         cFT(g7,XX,iufo3,i3)*flavourTag(fmu,j11,j12)*Den(p4,xiw,M3)^2*Den(q2
          + q3,xiw,M3)^2*Den( - p4 + q2 + q3,0,0)^2*p4.p4*d^-1*xia*xiw*
         ufoGC58^2*ufoGC3*ufoGC4
          - 1/4*g_(1,6_,nu15)*FT1*g_(1,q3)*g_(2,nu14)*cFT(nu9,XX,i2,iufo3)*
         cFT(g7,XX,iufo3,i3)*flavourTag(fmu,j11,j12)*Den(p4,xiw,M3)^2*Den(q2
          + q3,xiw,M3)^2*Den( - p4 + q2 + q3,0,0)^2*p4.p4*d^-1*xiw*ufoGC58^2*
         ufoGC3*ufoGC4
          )

       + Vec(nu14,q2)*Vec(nu9,q3)*Vec(nu10,q3)*Vec(nu13,q2)^2 * (
          - 1/4*g_(1,6_,nu10)*FT1*g_(1,p4)*g_(2,nu14)*cFT(nu9,XX,i2,iufo3)*
         cFT(g7,XX,iufo3,i3)*flavourTag(fmu,j11,j12)*Den(p4,xiw,M3)*Den(q2 + 
         q3,xiw,M3)^2*Den( - p4 + q2 + q3,0,0)^2*xia*xiw*ufoGC58^2*ufoGC3*
         ufoGC4
          + 1/4*g_(1,6_,nu10)*FT1*g_(1,p4)*g_(2,nu14)*cFT(nu9,XX,i2,iufo3)*
         cFT(g7,XX,iufo3,i3)*flavourTag(fmu,j11,j12)*Den(p4,xiw,M3)*Den(q2 + 
         q3,xiw,M3)^2*Den( - p4 + q2 + q3,0,0)^2*xiw*ufoGC58^2*ufoGC3*ufoGC4
          + 1/4*g_(1,6_,nu10)*FT1*g_(1,p4)*g_(2,nu14)*cFT(nu9,XX,i2,iufo3)*
         cFT(g7,XX,iufo3,i3)*flavourTag(fmu,j11,j12)*Den(p4,xiw,M3)^2*Den(q2
          + q3,xiw,M3)^2*Den( - p4 + q2 + q3,0,0)^2*p4.p4*d^-1*xia*xiw*
         ufoGC58^2*ufoGC3*ufoGC4
          - 1/4*g_(1,6_,nu10)*FT1*g_(1,p4)*g_(2,nu14)*cFT(nu9,XX,i2,iufo3)*
         cFT(g7,XX,iufo3,i3)*flavourTag(fmu,j11,j12)*Den(p4,xiw,M3)^2*Den(q2
          + q3,xiw,M3)^2*Den( - p4 + q2 + q3,0,0)^2*p4.p4*d^-1*xiw*ufoGC58^2*
         ufoGC3*ufoGC4
          + 1/4*g_(1,6_,nu10)*FT1*g_(1,q1)*g_(2,nu14)*cFT(nu9,XX,i2,iufo3)*
         cFT(g7,XX,iufo3,i3)*flavourTag(fmu,j11,j12)*Den(p4,xiw,M3)*Den(q2 + 
         q3,xiw,M3)^2*Den( - p4 + q2 + q3,0,0)^2*xia*xiw*ufoGC58^2*ufoGC3*
         ufoGC4
          - 1/4*g_(1,6_,nu10)*FT1*g_(1,q1)*g_(2,nu14)*cFT(nu9,XX,i2,iufo3)*
         cFT(g7,XX,iufo3,i3)*flavourTag(fmu,j11,j12)*Den(p4,xiw,M3)*Den(q2 + 
         q3,xiw,M3)^2*Den( - p4 + q2 + q3,0,0)^2*xiw*ufoGC58^2*ufoGC3*ufoGC4
          - 1/4*g_(1,6_,nu10)*FT1*g_(1,q1)*g_(2,nu14)*cFT(nu9,XX,i2,iufo3)*
         cFT(g7,XX,iufo3,i3)*flavourTag(fmu,j11,j12)*Den(p4,xiw,M3)^2*Den(q2
          + q3,xiw,M3)^2*Den( - p4 + q2 + q3,0,0)^2*p4.p4*d^-1*xia*xiw*
         ufoGC58^2*ufoGC3*ufoGC4
          + 1/4*g_(1,6_,nu10)*FT1*g_(1,q1)*g_(2,nu14)*cFT(nu9,XX,i2,iufo3)*
         cFT(g7,XX,iufo3,i3)*flavourTag(fmu,j11,j12)*Den(p4,xiw,M3)^2*Den(q2
          + q3,xiw,M3)^2*Den( - p4 + q2 + q3,0,0)^2*p4.p4*d^-1*xiw*ufoGC58^2*
         ufoGC3*ufoGC4
          + 1/4*g_(1,6_,nu10)*FT1*g_(1,q2)*g_(2,nu14)*cFT(nu9,XX,i2,iufo3)*
         cFT(g7,XX,iufo3,i3)*flavourTag(fmu,j11,j12)*Den(p4,xiw,M3)*Den(q2 + 
         q3,xiw,M3)^2*Den( - p4 + q2 + q3,0,0)^2*xia*xiw*ufoGC58^2*ufoGC3*
         ufoGC4
          - 1/4*g_(1,6_,nu10)*FT1*g_(1,q2)*g_(2,nu14)*cFT(nu9,XX,i2,iufo3)*
         cFT(g7,XX,iufo3,i3)*flavourTag(fmu,j11,j12)*Den(p4,xiw,M3)*Den(q2 + 
         q3,xiw,M3)^2*Den( - p4 + q2 + q3,0,0)^2*xiw*ufoGC58^2*ufoGC3*ufoGC4
          - 1/4*g_(1,6_,nu10)*FT1*g_(1,q2)*g_(2,nu14)*cFT(nu9,XX,i2,iufo3)*
         cFT(g7,XX,iufo3,i3)*flavourTag(fmu,j11,j12)*Den(p4,xiw,M3)^2*Den(q2
          + q3,xiw,M3)^2*Den( - p4 + q2 + q3,0,0)^2*p4.p4*d^-1*xia*xiw*
         ufoGC58^2*ufoGC3*ufoGC4
          + 1/4*g_(1,6_,nu10)*FT1*g_(1,q2)*g_(2,nu14)*cFT(nu9,XX,i2,iufo3)*
         cFT(g7,XX,iufo3,i3)*flavourTag(fmu,j11,j12)*Den(p4,xiw,M3)^2*Den(q2
          + q3,xiw,M3)^2*Den( - p4 + q2 + q3,0,0)^2*p4.p4*d^-1*xiw*ufoGC58^2*
         ufoGC3*ufoGC4
          + 1/4*g_(1,6_,nu10)*FT1*g_(1,q3)*g_(2,nu14)*cFT(nu9,XX,i2,iufo3)*
         cFT(g7,XX,iufo3,i3)*flavourTag(fmu,j11,j12)*Den(p4,xiw,M3)*Den(q2 + 
         q3,xiw,M3)^2*Den( - p4 + q2 + q3,0,0)^2*xia*xiw*ufoGC58^2*ufoGC3*
         ufoGC4
          - 1/4*g_(1,6_,nu10)*FT1*g_(1,q3)*g_(2,nu14)*cFT(nu9,XX,i2,iufo3)*
         cFT(g7,XX,iufo3,i3)*flavourTag(fmu,j11,j12)*Den(p4,xiw,M3)*Den(q2 + 
         q3,xiw,M3)^2*Den( - p4 + q2 + q3,0,0)^2*xiw*ufoGC58^2*ufoGC3*ufoGC4
          - 1/4*g_(1,6_,nu10)*FT1*g_(1,q3)*g_(2,nu14)*cFT(nu9,XX,i2,iufo3)*
         cFT(g7,XX,iufo3,i3)*flavourTag(fmu,j11,j12)*Den(p4,xiw,M3)^2*Den(q2
          + q3,xiw,M3)^2*Den( - p4 + q2 + q3,0,0)^2*p4.p4*d^-1*xia*xiw*
         ufoGC58^2*ufoGC3*ufoGC4
          + 1/4*g_(1,6_,nu10)*FT1*g_(1,q3)*g_(2,nu14)*cFT(nu9,XX,i2,iufo3)*
         cFT(g7,XX,iufo3,i3)*flavourTag(fmu,j11,j12)*Den(p4,xiw,M3)^2*Den(q2
          + q3,xiw,M3)^2*Den( - p4 + q2 + q3,0,0)^2*p4.p4*d^-1*xiw*ufoGC58^2*
         ufoGC3*ufoGC4
          )

       + Vec(nu14,q2)*Vec(nu9,q3)*Vec(nu10,q3)*Vec(nu13,q2)*Vec(nu13,q3) * (
          - 1/2*g_(1,6_,nu10)*FT1*g_(1,p4)*g_(2,nu14)*cFT(nu9,XX,i2,iufo3)*
         cFT(g7,XX,iufo3,i3)*flavourTag(fmu,j11,j12)*Den(p4,xiw,M3)*Den(q2 + 
         q3,xiw,M3)^2*Den( - p4 + q2 + q3,0,0)^2*xia*xiw*ufoGC58^2*ufoGC3*
         ufoGC4
          + 1/2*g_(1,6_,nu10)*FT1*g_(1,p4)*g_(2,nu14)*cFT(nu9,XX,i2,iufo3)*
         cFT(g7,XX,iufo3,i3)*flavourTag(fmu,j11,j12)*Den(p4,xiw,M3)*Den(q2 + 
         q3,xiw,M3)^2*Den( - p4 + q2 + q3,0,0)^2*xiw*ufoGC58^2*ufoGC3*ufoGC4
          + 1/2*g_(1,6_,nu10)*FT1*g_(1,p4)*g_(2,nu14)*cFT(nu9,XX,i2,iufo3)*
         cFT(g7,XX,iufo3,i3)*flavourTag(fmu,j11,j12)*Den(p4,xiw,M3)^2*Den(q2
          + q3,xiw,M3)^2*Den( - p4 + q2 + q3,0,0)^2*p4.p4*d^-1*xia*xiw*
         ufoGC58^2*ufoGC3*ufoGC4
          - 1/2*g_(1,6_,nu10)*FT1*g_(1,p4)*g_(2,nu14)*cFT(nu9,XX,i2,iufo3)*
         cFT(g7,XX,iufo3,i3)*flavourTag(fmu,j11,j12)*Den(p4,xiw,M3)^2*Den(q2
          + q3,xiw,M3)^2*Den( - p4 + q2 + q3,0,0)^2*p4.p4*d^-1*xiw*ufoGC58^2*
         ufoGC3*ufoGC4
          + 1/2*g_(1,6_,nu10)*FT1*g_(1,q1)*g_(2,nu14)*cFT(nu9,XX,i2,iufo3)*
         cFT(g7,XX,iufo3,i3)*flavourTag(fmu,j11,j12)*Den(p4,xiw,M3)*Den(q2 + 
         q3,xiw,M3)^2*Den( - p4 + q2 + q3,0,0)^2*xia*xiw*ufoGC58^2*ufoGC3*
         ufoGC4
          - 1/2*g_(1,6_,nu10)*FT1*g_(1,q1)*g_(2,nu14)*cFT(nu9,XX,i2,iufo3)*
         cFT(g7,XX,iufo3,i3)*flavourTag(fmu,j11,j12)*Den(p4,xiw,M3)*Den(q2 + 
         q3,xiw,M3)^2*Den( - p4 + q2 + q3,0,0)^2*xiw*ufoGC58^2*ufoGC3*ufoGC4
          - 1/2*g_(1,6_,nu10)*FT1*g_(1,q1)*g_(2,nu14)*cFT(nu9,XX,i2,iufo3)*
         cFT(g7,XX,iufo3,i3)*flavourTag(fmu,j11,j12)*Den(p4,xiw,M3)^2*Den(q2
          + q3,xiw,M3)^2*Den( - p4 + q2 + q3,0,0)^2*p4.p4*d^-1*xia*xiw*
         ufoGC58^2*ufoGC3*ufoGC4
          + 1/2*g_(1,6_,nu10)*FT1*g_(1,q1)*g_(2,nu14)*cFT(nu9,XX,i2,iufo3)*
         cFT(g7,XX,iufo3,i3)*flavourTag(fmu,j11,j12)*Den(p4,xiw,M3)^2*Den(q2
          + q3,xiw,M3)^2*Den( - p4 + q2 + q3,0,0)^2*p4.p4*d^-1*xiw*ufoGC58^2*
         ufoGC3*ufoGC4
          + 1/2*g_(1,6_,nu10)*FT1*g_(1,q2)*g_(2,nu14)*cFT(nu9,XX,i2,iufo3)*
         cFT(g7,XX,iufo3,i3)*flavourTag(fmu,j11,j12)*Den(p4,xiw,M3)*Den(q2 + 
         q3,xiw,M3)^2*Den( - p4 + q2 + q3,0,0)^2*xia*xiw*ufoGC58^2*ufoGC3*
         ufoGC4
          - 1/2*g_(1,6_,nu10)*FT1*g_(1,q2)*g_(2,nu14)*cFT(nu9,XX,i2,iufo3)*
         cFT(g7,XX,iufo3,i3)*flavourTag(fmu,j11,j12)*Den(p4,xiw,M3)*Den(q2 + 
         q3,xiw,M3)^2*Den( - p4 + q2 + q3,0,0)^2*xiw*ufoGC58^2*ufoGC3*ufoGC4
          - 1/2*g_(1,6_,nu10)*FT1*g_(1,q2)*g_(2,nu14)*cFT(nu9,XX,i2,iufo3)*
         cFT(g7,XX,iufo3,i3)*flavourTag(fmu,j11,j12)*Den(p4,xiw,M3)^2*Den(q2
          + q3,xiw,M3)^2*Den( - p4 + q2 + q3,0,0)^2*p4.p4*d^-1*xia*xiw*
         ufoGC58^2*ufoGC3*ufoGC4
          + 1/2*g_(1,6_,nu10)*FT1*g_(1,q2)*g_(2,nu14)*cFT(nu9,XX,i2,iufo3)*
         cFT(g7,XX,iufo3,i3)*flavourTag(fmu,j11,j12)*Den(p4,xiw,M3)^2*Den(q2
          + q3,xiw,M3)^2*Den( - p4 + q2 + q3,0,0)^2*p4.p4*d^-1*xiw*ufoGC58^2*
         ufoGC3*ufoGC4
          + 1/2*g_(1,6_,nu10)*FT1*g_(1,q3)*g_(2,nu14)*cFT(nu9,XX,i2,iufo3)*
         cFT(g7,XX,iufo3,i3)*flavourTag(fmu,j11,j12)*Den(p4,xiw,M3)*Den(q2 + 
         q3,xiw,M3)^2*Den( - p4 + q2 + q3,0,0)^2*xia*xiw*ufoGC58^2*ufoGC3*
         ufoGC4
          - 1/2*g_(1,6_,nu10)*FT1*g_(1,q3)*g_(2,nu14)*cFT(nu9,XX,i2,iufo3)*
         cFT(g7,XX,iufo3,i3)*flavourTag(fmu,j11,j12)*Den(p4,xiw,M3)*Den(q2 + 
         q3,xiw,M3)^2*Den( - p4 + q2 + q3,0,0)^2*xiw*ufoGC58^2*ufoGC3*ufoGC4
          - 1/2*g_(1,6_,nu10)*FT1*g_(1,q3)*g_(2,nu14)*cFT(nu9,XX,i2,iufo3)*
         cFT(g7,XX,iufo3,i3)*flavourTag(fmu,j11,j12)*Den(p4,xiw,M3)^2*Den(q2
          + q3,xiw,M3)^2*Den( - p4 + q2 + q3,0,0)^2*p4.p4*d^-1*xia*xiw*
         ufoGC58^2*ufoGC3*ufoGC4
          + 1/2*g_(1,6_,nu10)*FT1*g_(1,q3)*g_(2,nu14)*cFT(nu9,XX,i2,iufo3)*
         cFT(g7,XX,iufo3,i3)*flavourTag(fmu,j11,j12)*Den(p4,xiw,M3)^2*Den(q2
          + q3,xiw,M3)^2*Den( - p4 + q2 + q3,0,0)^2*p4.p4*d^-1*xiw*ufoGC58^2*
         ufoGC3*ufoGC4
          )

       + Vec(nu14,q2)*Vec(nu9,q3)*Vec(nu10,q3)*Vec(nu13,q3)^2 * (
          - 1/4*g_(1,6_,nu10)*FT1*g_(1,p4)*g_(2,nu14)*cFT(nu9,XX,i2,iufo3)*
         cFT(g7,XX,iufo3,i3)*flavourTag(fmu,j11,j12)*Den(p4,xiw,M3)*Den(q2 + 
         q3,xiw,M3)^2*Den( - p4 + q2 + q3,0,0)^2*xia*xiw*ufoGC58^2*ufoGC3*
         ufoGC4
          + 1/4*g_(1,6_,nu10)*FT1*g_(1,p4)*g_(2,nu14)*cFT(nu9,XX,i2,iufo3)*
         cFT(g7,XX,iufo3,i3)*flavourTag(fmu,j11,j12)*Den(p4,xiw,M3)*Den(q2 + 
         q3,xiw,M3)^2*Den( - p4 + q2 + q3,0,0)^2*xiw*ufoGC58^2*ufoGC3*ufoGC4
          + 1/4*g_(1,6_,nu10)*FT1*g_(1,p4)*g_(2,nu14)*cFT(nu9,XX,i2,iufo3)*
         cFT(g7,XX,iufo3,i3)*flavourTag(fmu,j11,j12)*Den(p4,xiw,M3)^2*Den(q2
          + q3,xiw,M3)^2*Den( - p4 + q2 + q3,0,0)^2*p4.p4*d^-1*xia*xiw*
         ufoGC58^2*ufoGC3*ufoGC4
          - 1/4*g_(1,6_,nu10)*FT1*g_(1,p4)*g_(2,nu14)*cFT(nu9,XX,i2,iufo3)*
         cFT(g7,XX,iufo3,i3)*flavourTag(fmu,j11,j12)*Den(p4,xiw,M3)^2*Den(q2
          + q3,xiw,M3)^2*Den( - p4 + q2 + q3,0,0)^2*p4.p4*d^-1*xiw*ufoGC58^2*
         ufoGC3*ufoGC4
          + 1/4*g_(1,6_,nu10)*FT1*g_(1,q1)*g_(2,nu14)*cFT(nu9,XX,i2,iufo3)*
         cFT(g7,XX,iufo3,i3)*flavourTag(fmu,j11,j12)*Den(p4,xiw,M3)*Den(q2 + 
         q3,xiw,M3)^2*Den( - p4 + q2 + q3,0,0)^2*xia*xiw*ufoGC58^2*ufoGC3*
         ufoGC4
          - 1/4*g_(1,6_,nu10)*FT1*g_(1,q1)*g_(2,nu14)*cFT(nu9,XX,i2,iufo3)*
         cFT(g7,XX,iufo3,i3)*flavourTag(fmu,j11,j12)*Den(p4,xiw,M3)*Den(q2 + 
         q3,xiw,M3)^2*Den( - p4 + q2 + q3,0,0)^2*xiw*ufoGC58^2*ufoGC3*ufoGC4
          - 1/4*g_(1,6_,nu10)*FT1*g_(1,q1)*g_(2,nu14)*cFT(nu9,XX,i2,iufo3)*
         cFT(g7,XX,iufo3,i3)*flavourTag(fmu,j11,j12)*Den(p4,xiw,M3)^2*Den(q2
          + q3,xiw,M3)^2*Den( - p4 + q2 + q3,0,0)^2*p4.p4*d^-1*xia*xiw*
         ufoGC58^2*ufoGC3*ufoGC4
          + 1/4*g_(1,6_,nu10)*FT1*g_(1,q1)*g_(2,nu14)*cFT(nu9,XX,i2,iufo3)*
         cFT(g7,XX,iufo3,i3)*flavourTag(fmu,j11,j12)*Den(p4,xiw,M3)^2*Den(q2
          + q3,xiw,M3)^2*Den( - p4 + q2 + q3,0,0)^2*p4.p4*d^-1*xiw*ufoGC58^2*
         ufoGC3*ufoGC4
          + 1/4*g_(1,6_,nu10)*FT1*g_(1,q2)*g_(2,nu14)*cFT(nu9,XX,i2,iufo3)*
         cFT(g7,XX,iufo3,i3)*flavourTag(fmu,j11,j12)*Den(p4,xiw,M3)*Den(q2 + 
         q3,xiw,M3)^2*Den( - p4 + q2 + q3,0,0)^2*xia*xiw*ufoGC58^2*ufoGC3*
         ufoGC4
          - 1/4*g_(1,6_,nu10)*FT1*g_(1,q2)*g_(2,nu14)*cFT(nu9,XX,i2,iufo3)*
         cFT(g7,XX,iufo3,i3)*flavourTag(fmu,j11,j12)*Den(p4,xiw,M3)*Den(q2 + 
         q3,xiw,M3)^2*Den( - p4 + q2 + q3,0,0)^2*xiw*ufoGC58^2*ufoGC3*ufoGC4
          - 1/4*g_(1,6_,nu10)*FT1*g_(1,q2)*g_(2,nu14)*cFT(nu9,XX,i2,iufo3)*
         cFT(g7,XX,iufo3,i3)*flavourTag(fmu,j11,j12)*Den(p4,xiw,M3)^2*Den(q2
          + q3,xiw,M3)^2*Den( - p4 + q2 + q3,0,0)^2*p4.p4*d^-1*xia*xiw*
         ufoGC58^2*ufoGC3*ufoGC4
          + 1/4*g_(1,6_,nu10)*FT1*g_(1,q2)*g_(2,nu14)*cFT(nu9,XX,i2,iufo3)*
         cFT(g7,XX,iufo3,i3)*flavourTag(fmu,j11,j12)*Den(p4,xiw,M3)^2*Den(q2
          + q3,xiw,M3)^2*Den( - p4 + q2 + q3,0,0)^2*p4.p4*d^-1*xiw*ufoGC58^2*
         ufoGC3*ufoGC4
          + 1/4*g_(1,6_,nu10)*FT1*g_(1,q3)*g_(2,nu14)*cFT(nu9,XX,i2,iufo3)*
         cFT(g7,XX,iufo3,i3)*flavourTag(fmu,j11,j12)*Den(p4,xiw,M3)*Den(q2 + 
         q3,xiw,M3)^2*Den( - p4 + q2 + q3,0,0)^2*xia*xiw*ufoGC58^2*ufoGC3*
         ufoGC4
          - 1/4*g_(1,6_,nu10)*FT1*g_(1,q3)*g_(2,nu14)*cFT(nu9,XX,i2,iufo3)*
         cFT(g7,XX,iufo3,i3)*flavourTag(fmu,j11,j12)*Den(p4,xiw,M3)*Den(q2 + 
         q3,xiw,M3)^2*Den( - p4 + q2 + q3,0,0)^2*xiw*ufoGC58^2*ufoGC3*ufoGC4
          - 1/4*g_(1,6_,nu10)*FT1*g_(1,q3)*g_(2,nu14)*cFT(nu9,XX,i2,iufo3)*
         cFT(g7,XX,iufo3,i3)*flavourTag(fmu,j11,j12)*Den(p4,xiw,M3)^2*Den(q2
          + q3,xiw,M3)^2*Den( - p4 + q2 + q3,0,0)^2*p4.p4*d^-1*xia*xiw*
         ufoGC58^2*ufoGC3*ufoGC4
          + 1/4*g_(1,6_,nu10)*FT1*g_(1,q3)*g_(2,nu14)*cFT(nu9,XX,i2,iufo3)*
         cFT(g7,XX,iufo3,i3)*flavourTag(fmu,j11,j12)*Den(p4,xiw,M3)^2*Den(q2
          + q3,xiw,M3)^2*Den( - p4 + q2 + q3,0,0)^2*p4.p4*d^-1*xiw*ufoGC58^2*
         ufoGC3*ufoGC4
          )

       + Vec(nu14,q2)*Vec(nu9,q3)*Vec(nu10,q3) * (
          + 1/4*g_(1,6_,nu10)*FT1*g_(1,p4)*g_(2,nu14)*cFT(nu9,XX,i2,iufo3)*
         cFT(g7,XX,iufo3,i3)*flavourTag(fmu,j11,j12)*Den(p4,xiw,M3)*Den(q2 + 
         q3,xiw,M3)^2*Den( - p4 + q2 + q3,0,0)^2*p4.p4*xia*xiw*ufoGC58^2*
         ufoGC3*ufoGC4
          - 1/4*g_(1,6_,nu10)*FT1*g_(1,p4)*g_(2,nu14)*cFT(nu9,XX,i2,iufo3)*
         cFT(g7,XX,iufo3,i3)*flavourTag(fmu,j11,j12)*Den(p4,xiw,M3)*Den(q2 + 
         q3,xiw,M3)^2*Den( - p4 + q2 + q3,0,0)^2*p4.p4*xiw*ufoGC58^2*ufoGC3*
         ufoGC4
          - 1/4*g_(1,6_,nu10)*FT1*g_(1,q1)*g_(2,nu14)*cFT(nu9,XX,i2,iufo3)*
         cFT(g7,XX,iufo3,i3)*flavourTag(fmu,j11,j12)*Den(p4,xiw,M3)*Den(q2 + 
         q3,xiw,M3)^2*Den( - p4 + q2 + q3,0,0)^2*p4.p4*xia*xiw*ufoGC58^2*
         ufoGC3*ufoGC4
          + 1/4*g_(1,6_,nu10)*FT1*g_(1,q1)*g_(2,nu14)*cFT(nu9,XX,i2,iufo3)*
         cFT(g7,XX,iufo3,i3)*flavourTag(fmu,j11,j12)*Den(p4,xiw,M3)*Den(q2 + 
         q3,xiw,M3)^2*Den( - p4 + q2 + q3,0,0)^2*p4.p4*xiw*ufoGC58^2*ufoGC3*
         ufoGC4
          - 1/4*g_(1,6_,nu10)*FT1*g_(1,q2)*g_(2,nu14)*cFT(nu9,XX,i2,iufo3)*
         cFT(g7,XX,iufo3,i3)*flavourTag(fmu,j11,j12)*Den(p4,xiw,M3)*Den(q2 + 
         q3,xiw,M3)^2*Den( - p4 + q2 + q3,0,0)^2*p4.p4*xia*xiw*ufoGC58^2*
         ufoGC3*ufoGC4
          + 1/4*g_(1,6_,nu10)*FT1*g_(1,q2)*g_(2,nu14)*cFT(nu9,XX,i2,iufo3)*
         cFT(g7,XX,iufo3,i3)*flavourTag(fmu,j11,j12)*Den(p4,xiw,M3)*Den(q2 + 
         q3,xiw,M3)^2*Den( - p4 + q2 + q3,0,0)^2*p4.p4*xiw*ufoGC58^2*ufoGC3*
         ufoGC4
          - 1/4*g_(1,6_,nu10)*FT1*g_(1,q3)*g_(2,nu14)*cFT(nu9,XX,i2,iufo3)*
         cFT(g7,XX,iufo3,i3)*flavourTag(fmu,j11,j12)*Den(p4,xiw,M3)*Den(q2 + 
         q3,xiw,M3)^2*Den( - p4 + q2 + q3,0,0)^2*p4.p4*xia*xiw*ufoGC58^2*
         ufoGC3*ufoGC4
          + 1/4*g_(1,6_,nu10)*FT1*g_(1,q3)*g_(2,nu14)*cFT(nu9,XX,i2,iufo3)*
         cFT(g7,XX,iufo3,i3)*flavourTag(fmu,j11,j12)*Den(p4,xiw,M3)*Den(q2 + 
         q3,xiw,M3)^2*Den( - p4 + q2 + q3,0,0)^2*p4.p4*xiw*ufoGC58^2*ufoGC3*
         ufoGC4
          )

       + Vec(nu14,q2)*Vec(nu9,q3)*Vec(nu15,q2) * (
          - 1/4*g_(1,6_,nu15)*FT1*g_(1,p4)*g_(2,nu14)*cFT(nu9,XX,i2,iufo3)*
         cFT(g7,XX,iufo3,i3)*flavourTag(fmu,j11,j12)*Den(p4,xiw,M3)*Den(q2 + 
         q3,xiw,M3)^2*Den( - p4 + q2 + q3,0,0)^2*p4.p4*d^-1*xia*xiw*ufoGC58^2*
         ufoGC3*ufoGC4
          + 1/4*g_(1,6_,nu15)*FT1*g_(1,p4)*g_(2,nu14)*cFT(nu9,XX,i2,iufo3)*
         cFT(g7,XX,iufo3,i3)*flavourTag(fmu,j11,j12)*Den(p4,xiw,M3)*Den(q2 + 
         q3,xiw,M3)^2*Den( - p4 + q2 + q3,0,0)^2*p4.p4*d^-1*xiw*ufoGC58^2*
         ufoGC3*ufoGC4
          + 1/4*g_(1,6_,nu15)*FT1*g_(1,q1)*g_(2,nu14)*cFT(nu9,XX,i2,iufo3)*
         cFT(g7,XX,iufo3,i3)*flavourTag(fmu,j11,j12)*Den(p4,xiw,M3)*Den(q2 + 
         q3,xiw,M3)^2*Den( - p4 + q2 + q3,0,0)^2*p4.p4*d^-1*xia*xiw*ufoGC58^2*
         ufoGC3*ufoGC4
          - 1/4*g_(1,6_,nu15)*FT1*g_(1,q1)*g_(2,nu14)*cFT(nu9,XX,i2,iufo3)*
         cFT(g7,XX,iufo3,i3)*flavourTag(fmu,j11,j12)*Den(p4,xiw,M3)*Den(q2 + 
         q3,xiw,M3)^2*Den( - p4 + q2 + q3,0,0)^2*p4.p4*d^-1*xiw*ufoGC58^2*
         ufoGC3*ufoGC4
          + 1/4*g_(1,6_,nu15)*FT1*g_(1,q2)*g_(2,nu14)*cFT(nu9,XX,i2,iufo3)*
         cFT(g7,XX,iufo3,i3)*flavourTag(fmu,j11,j12)*Den(p4,xiw,M3)*Den(q2 + 
         q3,xiw,M3)^2*Den( - p4 + q2 + q3,0,0)^2*p4.p4*d^-1*xia*xiw*ufoGC58^2*
         ufoGC3*ufoGC4
          - 1/4*g_(1,6_,nu15)*FT1*g_(1,q2)*g_(2,nu14)*cFT(nu9,XX,i2,iufo3)*
         cFT(g7,XX,iufo3,i3)*flavourTag(fmu,j11,j12)*Den(p4,xiw,M3)*Den(q2 + 
         q3,xiw,M3)^2*Den( - p4 + q2 + q3,0,0)^2*p4.p4*d^-1*xiw*ufoGC58^2*
         ufoGC3*ufoGC4
          + 1/4*g_(1,6_,nu15)*FT1*g_(1,q3)*g_(2,nu14)*cFT(nu9,XX,i2,iufo3)*
         cFT(g7,XX,iufo3,i3)*flavourTag(fmu,j11,j12)*Den(p4,xiw,M3)*Den(q2 + 
         q3,xiw,M3)^2*Den( - p4 + q2 + q3,0,0)^2*p4.p4*d^-1*xia*xiw*ufoGC58^2*
         ufoGC3*ufoGC4
          - 1/4*g_(1,6_,nu15)*FT1*g_(1,q3)*g_(2,nu14)*cFT(nu9,XX,i2,iufo3)*
         cFT(g7,XX,iufo3,i3)*flavourTag(fmu,j11,j12)*Den(p4,xiw,M3)*Den(q2 + 
         q3,xiw,M3)^2*Den( - p4 + q2 + q3,0,0)^2*p4.p4*d^-1*xiw*ufoGC58^2*
         ufoGC3*ufoGC4
          )

       + Vec(nu14,q2)*Vec(nu9,q3)*Vec(nu15,q3) * (
          - 1/4*g_(1,6_,nu15)*FT1*g_(1,p4)*g_(2,nu14)*cFT(nu9,XX,i2,iufo3)*
         cFT(g7,XX,iufo3,i3)*flavourTag(fmu,j11,j12)*Den(p4,xiw,M3)*Den(q2 + 
         q3,xiw,M3)^2*Den( - p4 + q2 + q3,0,0)^2*p4.p4*d^-1*xia*xiw*ufoGC58^2*
         ufoGC3*ufoGC4
          + 1/4*g_(1,6_,nu15)*FT1*g_(1,p4)*g_(2,nu14)*cFT(nu9,XX,i2,iufo3)*
         cFT(g7,XX,iufo3,i3)*flavourTag(fmu,j11,j12)*Den(p4,xiw,M3)*Den(q2 + 
         q3,xiw,M3)^2*Den( - p4 + q2 + q3,0,0)^2*p4.p4*d^-1*xiw*ufoGC58^2*
         ufoGC3*ufoGC4
          + 1/4*g_(1,6_,nu15)*FT1*g_(1,q1)*g_(2,nu14)*cFT(nu9,XX,i2,iufo3)*
         cFT(g7,XX,iufo3,i3)*flavourTag(fmu,j11,j12)*Den(p4,xiw,M3)*Den(q2 + 
         q3,xiw,M3)^2*Den( - p4 + q2 + q3,0,0)^2*p4.p4*d^-1*xia*xiw*ufoGC58^2*
         ufoGC3*ufoGC4
          - 1/4*g_(1,6_,nu15)*FT1*g_(1,q1)*g_(2,nu14)*cFT(nu9,XX,i2,iufo3)*
         cFT(g7,XX,iufo3,i3)*flavourTag(fmu,j11,j12)*Den(p4,xiw,M3)*Den(q2 + 
         q3,xiw,M3)^2*Den( - p4 + q2 + q3,0,0)^2*p4.p4*d^-1*xiw*ufoGC58^2*
         ufoGC3*ufoGC4
          + 1/4*g_(1,6_,nu15)*FT1*g_(1,q2)*g_(2,nu14)*cFT(nu9,XX,i2,iufo3)*
         cFT(g7,XX,iufo3,i3)*flavourTag(fmu,j11,j12)*Den(p4,xiw,M3)*Den(q2 + 
         q3,xiw,M3)^2*Den( - p4 + q2 + q3,0,0)^2*p4.p4*d^-1*xia*xiw*ufoGC58^2*
         ufoGC3*ufoGC4
          - 1/4*g_(1,6_,nu15)*FT1*g_(1,q2)*g_(2,nu14)*cFT(nu9,XX,i2,iufo3)*
         cFT(g7,XX,iufo3,i3)*flavourTag(fmu,j11,j12)*Den(p4,xiw,M3)*Den(q2 + 
         q3,xiw,M3)^2*Den( - p4 + q2 + q3,0,0)^2*p4.p4*d^-1*xiw*ufoGC58^2*
         ufoGC3*ufoGC4
          + 1/4*g_(1,6_,nu15)*FT1*g_(1,q3)*g_(2,nu14)*cFT(nu9,XX,i2,iufo3)*
         cFT(g7,XX,iufo3,i3)*flavourTag(fmu,j11,j12)*Den(p4,xiw,M3)*Den(q2 + 
         q3,xiw,M3)^2*Den( - p4 + q2 + q3,0,0)^2*p4.p4*d^-1*xia*xiw*ufoGC58^2*
         ufoGC3*ufoGC4
          - 1/4*g_(1,6_,nu15)*FT1*g_(1,q3)*g_(2,nu14)*cFT(nu9,XX,i2,iufo3)*
         cFT(g7,XX,iufo3,i3)*flavourTag(fmu,j11,j12)*Den(p4,xiw,M3)*Den(q2 + 
         q3,xiw,M3)^2*Den( - p4 + q2 + q3,0,0)^2*p4.p4*d^-1*xiw*ufoGC58^2*
         ufoGC3*ufoGC4
          )

       + Vec(nu14,q3)*Vec(nu9,q2)*Vec(nu10,q2)^2*Vec(nu15,q2) * (
          + 1/4*g_(1,6_,nu15)*FT1*g_(1,p4)*g_(2,nu14)*cFT(nu9,XX,i2,iufo3)*
         cFT(g7,XX,iufo3,i3)*flavourTag(fmu,j11,j12)*Den(p4,xiw,M3)*Den(q2 + 
         q3,xiw,M3)^2*Den( - p4 + q2 + q3,0,0)^2*xia*xiw*ufoGC58^2*ufoGC3*
         ufoGC4
          - 1/4*g_(1,6_,nu15)*FT1*g_(1,p4)*g_(2,nu14)*cFT(nu9,XX,i2,iufo3)*
         cFT(g7,XX,iufo3,i3)*flavourTag(fmu,j11,j12)*Den(p4,xiw,M3)*Den(q2 + 
         q3,xiw,M3)^2*Den( - p4 + q2 + q3,0,0)^2*xiw*ufoGC58^2*ufoGC3*ufoGC4
          - 1/4*g_(1,6_,nu15)*FT1*g_(1,p4)*g_(2,nu14)*cFT(nu9,XX,i2,iufo3)*
         cFT(g7,XX,iufo3,i3)*flavourTag(fmu,j11,j12)*Den(p4,xiw,M3)^2*Den(q2
          + q3,xiw,M3)^2*Den( - p4 + q2 + q3,0,0)^2*p4.p4*d^-1*xia*xiw*
         ufoGC58^2*ufoGC3*ufoGC4
          + 1/4*g_(1,6_,nu15)*FT1*g_(1,p4)*g_(2,nu14)*cFT(nu9,XX,i2,iufo3)*
         cFT(g7,XX,iufo3,i3)*flavourTag(fmu,j11,j12)*Den(p4,xiw,M3)^2*Den(q2
          + q3,xiw,M3)^2*Den( - p4 + q2 + q3,0,0)^2*p4.p4*d^-1*xiw*ufoGC58^2*
         ufoGC3*ufoGC4
          - 1/4*g_(1,6_,nu15)*FT1*g_(1,q1)*g_(2,nu14)*cFT(nu9,XX,i2,iufo3)*
         cFT(g7,XX,iufo3,i3)*flavourTag(fmu,j11,j12)*Den(p4,xiw,M3)*Den(q2 + 
         q3,xiw,M3)^2*Den( - p4 + q2 + q3,0,0)^2*xia*xiw*ufoGC58^2*ufoGC3*
         ufoGC4
          + 1/4*g_(1,6_,nu15)*FT1*g_(1,q1)*g_(2,nu14)*cFT(nu9,XX,i2,iufo3)*
         cFT(g7,XX,iufo3,i3)*flavourTag(fmu,j11,j12)*Den(p4,xiw,M3)*Den(q2 + 
         q3,xiw,M3)^2*Den( - p4 + q2 + q3,0,0)^2*xiw*ufoGC58^2*ufoGC3*ufoGC4
          + 1/4*g_(1,6_,nu15)*FT1*g_(1,q1)*g_(2,nu14)*cFT(nu9,XX,i2,iufo3)*
         cFT(g7,XX,iufo3,i3)*flavourTag(fmu,j11,j12)*Den(p4,xiw,M3)^2*Den(q2
          + q3,xiw,M3)^2*Den( - p4 + q2 + q3,0,0)^2*p4.p4*d^-1*xia*xiw*
         ufoGC58^2*ufoGC3*ufoGC4
          - 1/4*g_(1,6_,nu15)*FT1*g_(1,q1)*g_(2,nu14)*cFT(nu9,XX,i2,iufo3)*
         cFT(g7,XX,iufo3,i3)*flavourTag(fmu,j11,j12)*Den(p4,xiw,M3)^2*Den(q2
          + q3,xiw,M3)^2*Den( - p4 + q2 + q3,0,0)^2*p4.p4*d^-1*xiw*ufoGC58^2*
         ufoGC3*ufoGC4
          - 1/4*g_(1,6_,nu15)*FT1*g_(1,q2)*g_(2,nu14)*cFT(nu9,XX,i2,iufo3)*
         cFT(g7,XX,iufo3,i3)*flavourTag(fmu,j11,j12)*Den(p4,xiw,M3)*Den(q2 + 
         q3,xiw,M3)^2*Den( - p4 + q2 + q3,0,0)^2*xia*xiw*ufoGC58^2*ufoGC3*
         ufoGC4
          + 1/4*g_(1,6_,nu15)*FT1*g_(1,q2)*g_(2,nu14)*cFT(nu9,XX,i2,iufo3)*
         cFT(g7,XX,iufo3,i3)*flavourTag(fmu,j11,j12)*Den(p4,xiw,M3)*Den(q2 + 
         q3,xiw,M3)^2*Den( - p4 + q2 + q3,0,0)^2*xiw*ufoGC58^2*ufoGC3*ufoGC4
          + 1/4*g_(1,6_,nu15)*FT1*g_(1,q2)*g_(2,nu14)*cFT(nu9,XX,i2,iufo3)*
         cFT(g7,XX,iufo3,i3)*flavourTag(fmu,j11,j12)*Den(p4,xiw,M3)^2*Den(q2
          + q3,xiw,M3)^2*Den( - p4 + q2 + q3,0,0)^2*p4.p4*d^-1*xia*xiw*
         ufoGC58^2*ufoGC3*ufoGC4
          - 1/4*g_(1,6_,nu15)*FT1*g_(1,q2)*g_(2,nu14)*cFT(nu9,XX,i2,iufo3)*
         cFT(g7,XX,iufo3,i3)*flavourTag(fmu,j11,j12)*Den(p4,xiw,M3)^2*Den(q2
          + q3,xiw,M3)^2*Den( - p4 + q2 + q3,0,0)^2*p4.p4*d^-1*xiw*ufoGC58^2*
         ufoGC3*ufoGC4
          - 1/4*g_(1,6_,nu15)*FT1*g_(1,q3)*g_(2,nu14)*cFT(nu9,XX,i2,iufo3)*
         cFT(g7,XX,iufo3,i3)*flavourTag(fmu,j11,j12)*Den(p4,xiw,M3)*Den(q2 + 
         q3,xiw,M3)^2*Den( - p4 + q2 + q3,0,0)^2*xia*xiw*ufoGC58^2*ufoGC3*
         ufoGC4
          + 1/4*g_(1,6_,nu15)*FT1*g_(1,q3)*g_(2,nu14)*cFT(nu9,XX,i2,iufo3)*
         cFT(g7,XX,iufo3,i3)*flavourTag(fmu,j11,j12)*Den(p4,xiw,M3)*Den(q2 + 
         q3,xiw,M3)^2*Den( - p4 + q2 + q3,0,0)^2*xiw*ufoGC58^2*ufoGC3*ufoGC4
          + 1/4*g_(1,6_,nu15)*FT1*g_(1,q3)*g_(2,nu14)*cFT(nu9,XX,i2,iufo3)*
         cFT(g7,XX,iufo3,i3)*flavourTag(fmu,j11,j12)*Den(p4,xiw,M3)^2*Den(q2
          + q3,xiw,M3)^2*Den( - p4 + q2 + q3,0,0)^2*p4.p4*d^-1*xia*xiw*
         ufoGC58^2*ufoGC3*ufoGC4
          - 1/4*g_(1,6_,nu15)*FT1*g_(1,q3)*g_(2,nu14)*cFT(nu9,XX,i2,iufo3)*
         cFT(g7,XX,iufo3,i3)*flavourTag(fmu,j11,j12)*Den(p4,xiw,M3)^2*Den(q2
          + q3,xiw,M3)^2*Den( - p4 + q2 + q3,0,0)^2*p4.p4*d^-1*xiw*ufoGC58^2*
         ufoGC3*ufoGC4
          )

       + Vec(nu14,q3)*Vec(nu9,q2)*Vec(nu10,q2)^2*Vec(nu15,q3) * (
          + 1/4*g_(1,6_,nu15)*FT1*g_(1,p4)*g_(2,nu14)*cFT(nu9,XX,i2,iufo3)*
         cFT(g7,XX,iufo3,i3)*flavourTag(fmu,j11,j12)*Den(p4,xiw,M3)*Den(q2 + 
         q3,xiw,M3)^2*Den( - p4 + q2 + q3,0,0)^2*xia*xiw*ufoGC58^2*ufoGC3*
         ufoGC4
          - 1/4*g_(1,6_,nu15)*FT1*g_(1,p4)*g_(2,nu14)*cFT(nu9,XX,i2,iufo3)*
         cFT(g7,XX,iufo3,i3)*flavourTag(fmu,j11,j12)*Den(p4,xiw,M3)*Den(q2 + 
         q3,xiw,M3)^2*Den( - p4 + q2 + q3,0,0)^2*xiw*ufoGC58^2*ufoGC3*ufoGC4
          - 1/4*g_(1,6_,nu15)*FT1*g_(1,p4)*g_(2,nu14)*cFT(nu9,XX,i2,iufo3)*
         cFT(g7,XX,iufo3,i3)*flavourTag(fmu,j11,j12)*Den(p4,xiw,M3)^2*Den(q2
          + q3,xiw,M3)^2*Den( - p4 + q2 + q3,0,0)^2*p4.p4*d^-1*xia*xiw*
         ufoGC58^2*ufoGC3*ufoGC4
          + 1/4*g_(1,6_,nu15)*FT1*g_(1,p4)*g_(2,nu14)*cFT(nu9,XX,i2,iufo3)*
         cFT(g7,XX,iufo3,i3)*flavourTag(fmu,j11,j12)*Den(p4,xiw,M3)^2*Den(q2
          + q3,xiw,M3)^2*Den( - p4 + q2 + q3,0,0)^2*p4.p4*d^-1*xiw*ufoGC58^2*
         ufoGC3*ufoGC4
          - 1/4*g_(1,6_,nu15)*FT1*g_(1,q1)*g_(2,nu14)*cFT(nu9,XX,i2,iufo3)*
         cFT(g7,XX,iufo3,i3)*flavourTag(fmu,j11,j12)*Den(p4,xiw,M3)*Den(q2 + 
         q3,xiw,M3)^2*Den( - p4 + q2 + q3,0,0)^2*xia*xiw*ufoGC58^2*ufoGC3*
         ufoGC4
          + 1/4*g_(1,6_,nu15)*FT1*g_(1,q1)*g_(2,nu14)*cFT(nu9,XX,i2,iufo3)*
         cFT(g7,XX,iufo3,i3)*flavourTag(fmu,j11,j12)*Den(p4,xiw,M3)*Den(q2 + 
         q3,xiw,M3)^2*Den( - p4 + q2 + q3,0,0)^2*xiw*ufoGC58^2*ufoGC3*ufoGC4
          + 1/4*g_(1,6_,nu15)*FT1*g_(1,q1)*g_(2,nu14)*cFT(nu9,XX,i2,iufo3)*
         cFT(g7,XX,iufo3,i3)*flavourTag(fmu,j11,j12)*Den(p4,xiw,M3)^2*Den(q2
          + q3,xiw,M3)^2*Den( - p4 + q2 + q3,0,0)^2*p4.p4*d^-1*xia*xiw*
         ufoGC58^2*ufoGC3*ufoGC4
          - 1/4*g_(1,6_,nu15)*FT1*g_(1,q1)*g_(2,nu14)*cFT(nu9,XX,i2,iufo3)*
         cFT(g7,XX,iufo3,i3)*flavourTag(fmu,j11,j12)*Den(p4,xiw,M3)^2*Den(q2
          + q3,xiw,M3)^2*Den( - p4 + q2 + q3,0,0)^2*p4.p4*d^-1*xiw*ufoGC58^2*
         ufoGC3*ufoGC4
          - 1/4*g_(1,6_,nu15)*FT1*g_(1,q2)*g_(2,nu14)*cFT(nu9,XX,i2,iufo3)*
         cFT(g7,XX,iufo3,i3)*flavourTag(fmu,j11,j12)*Den(p4,xiw,M3)*Den(q2 + 
         q3,xiw,M3)^2*Den( - p4 + q2 + q3,0,0)^2*xia*xiw*ufoGC58^2*ufoGC3*
         ufoGC4
          + 1/4*g_(1,6_,nu15)*FT1*g_(1,q2)*g_(2,nu14)*cFT(nu9,XX,i2,iufo3)*
         cFT(g7,XX,iufo3,i3)*flavourTag(fmu,j11,j12)*Den(p4,xiw,M3)*Den(q2 + 
         q3,xiw,M3)^2*Den( - p4 + q2 + q3,0,0)^2*xiw*ufoGC58^2*ufoGC3*ufoGC4
          + 1/4*g_(1,6_,nu15)*FT1*g_(1,q2)*g_(2,nu14)*cFT(nu9,XX,i2,iufo3)*
         cFT(g7,XX,iufo3,i3)*flavourTag(fmu,j11,j12)*Den(p4,xiw,M3)^2*Den(q2
          + q3,xiw,M3)^2*Den( - p4 + q2 + q3,0,0)^2*p4.p4*d^-1*xia*xiw*
         ufoGC58^2*ufoGC3*ufoGC4
          - 1/4*g_(1,6_,nu15)*FT1*g_(1,q2)*g_(2,nu14)*cFT(nu9,XX,i2,iufo3)*
         cFT(g7,XX,iufo3,i3)*flavourTag(fmu,j11,j12)*Den(p4,xiw,M3)^2*Den(q2
          + q3,xiw,M3)^2*Den( - p4 + q2 + q3,0,0)^2*p4.p4*d^-1*xiw*ufoGC58^2*
         ufoGC3*ufoGC4
          - 1/4*g_(1,6_,nu15)*FT1*g_(1,q3)*g_(2,nu14)*cFT(nu9,XX,i2,iufo3)*
         cFT(g7,XX,iufo3,i3)*flavourTag(fmu,j11,j12)*Den(p4,xiw,M3)*Den(q2 + 
         q3,xiw,M3)^2*Den( - p4 + q2 + q3,0,0)^2*xia*xiw*ufoGC58^2*ufoGC3*
         ufoGC4
          + 1/4*g_(1,6_,nu15)*FT1*g_(1,q3)*g_(2,nu14)*cFT(nu9,XX,i2,iufo3)*
         cFT(g7,XX,iufo3,i3)*flavourTag(fmu,j11,j12)*Den(p4,xiw,M3)*Den(q2 + 
         q3,xiw,M3)^2*Den( - p4 + q2 + q3,0,0)^2*xiw*ufoGC58^2*ufoGC3*ufoGC4
          + 1/4*g_(1,6_,nu15)*FT1*g_(1,q3)*g_(2,nu14)*cFT(nu9,XX,i2,iufo3)*
         cFT(g7,XX,iufo3,i3)*flavourTag(fmu,j11,j12)*Den(p4,xiw,M3)^2*Den(q2
          + q3,xiw,M3)^2*Den( - p4 + q2 + q3,0,0)^2*p4.p4*d^-1*xia*xiw*
         ufoGC58^2*ufoGC3*ufoGC4
          - 1/4*g_(1,6_,nu15)*FT1*g_(1,q3)*g_(2,nu14)*cFT(nu9,XX,i2,iufo3)*
         cFT(g7,XX,iufo3,i3)*flavourTag(fmu,j11,j12)*Den(p4,xiw,M3)^2*Den(q2
          + q3,xiw,M3)^2*Den( - p4 + q2 + q3,0,0)^2*p4.p4*d^-1*xiw*ufoGC58^2*
         ufoGC3*ufoGC4
          )

       + Vec(nu14,q3)*Vec(nu9,q2)*Vec(nu10,q2)*Vec(nu10,q3)*Vec(nu15,q2) * (
          + 1/2*g_(1,6_,nu15)*FT1*g_(1,p4)*g_(2,nu14)*cFT(nu9,XX,i2,iufo3)*
         cFT(g7,XX,iufo3,i3)*flavourTag(fmu,j11,j12)*Den(p4,xiw,M3)*Den(q2 + 
         q3,xiw,M3)^2*Den( - p4 + q2 + q3,0,0)^2*xia*xiw*ufoGC58^2*ufoGC3*
         ufoGC4
          - 1/2*g_(1,6_,nu15)*FT1*g_(1,p4)*g_(2,nu14)*cFT(nu9,XX,i2,iufo3)*
         cFT(g7,XX,iufo3,i3)*flavourTag(fmu,j11,j12)*Den(p4,xiw,M3)*Den(q2 + 
         q3,xiw,M3)^2*Den( - p4 + q2 + q3,0,0)^2*xiw*ufoGC58^2*ufoGC3*ufoGC4
          - 1/2*g_(1,6_,nu15)*FT1*g_(1,p4)*g_(2,nu14)*cFT(nu9,XX,i2,iufo3)*
         cFT(g7,XX,iufo3,i3)*flavourTag(fmu,j11,j12)*Den(p4,xiw,M3)^2*Den(q2
          + q3,xiw,M3)^2*Den( - p4 + q2 + q3,0,0)^2*p4.p4*d^-1*xia*xiw*
         ufoGC58^2*ufoGC3*ufoGC4
          + 1/2*g_(1,6_,nu15)*FT1*g_(1,p4)*g_(2,nu14)*cFT(nu9,XX,i2,iufo3)*
         cFT(g7,XX,iufo3,i3)*flavourTag(fmu,j11,j12)*Den(p4,xiw,M3)^2*Den(q2
          + q3,xiw,M3)^2*Den( - p4 + q2 + q3,0,0)^2*p4.p4*d^-1*xiw*ufoGC58^2*
         ufoGC3*ufoGC4
          - 1/2*g_(1,6_,nu15)*FT1*g_(1,q1)*g_(2,nu14)*cFT(nu9,XX,i2,iufo3)*
         cFT(g7,XX,iufo3,i3)*flavourTag(fmu,j11,j12)*Den(p4,xiw,M3)*Den(q2 + 
         q3,xiw,M3)^2*Den( - p4 + q2 + q3,0,0)^2*xia*xiw*ufoGC58^2*ufoGC3*
         ufoGC4
          + 1/2*g_(1,6_,nu15)*FT1*g_(1,q1)*g_(2,nu14)*cFT(nu9,XX,i2,iufo3)*
         cFT(g7,XX,iufo3,i3)*flavourTag(fmu,j11,j12)*Den(p4,xiw,M3)*Den(q2 + 
         q3,xiw,M3)^2*Den( - p4 + q2 + q3,0,0)^2*xiw*ufoGC58^2*ufoGC3*ufoGC4
          + 1/2*g_(1,6_,nu15)*FT1*g_(1,q1)*g_(2,nu14)*cFT(nu9,XX,i2,iufo3)*
         cFT(g7,XX,iufo3,i3)*flavourTag(fmu,j11,j12)*Den(p4,xiw,M3)^2*Den(q2
          + q3,xiw,M3)^2*Den( - p4 + q2 + q3,0,0)^2*p4.p4*d^-1*xia*xiw*
         ufoGC58^2*ufoGC3*ufoGC4
          - 1/2*g_(1,6_,nu15)*FT1*g_(1,q1)*g_(2,nu14)*cFT(nu9,XX,i2,iufo3)*
         cFT(g7,XX,iufo3,i3)*flavourTag(fmu,j11,j12)*Den(p4,xiw,M3)^2*Den(q2
          + q3,xiw,M3)^2*Den( - p4 + q2 + q3,0,0)^2*p4.p4*d^-1*xiw*ufoGC58^2*
         ufoGC3*ufoGC4
          - 1/2*g_(1,6_,nu15)*FT1*g_(1,q2)*g_(2,nu14)*cFT(nu9,XX,i2,iufo3)*
         cFT(g7,XX,iufo3,i3)*flavourTag(fmu,j11,j12)*Den(p4,xiw,M3)*Den(q2 + 
         q3,xiw,M3)^2*Den( - p4 + q2 + q3,0,0)^2*xia*xiw*ufoGC58^2*ufoGC3*
         ufoGC4
          + 1/2*g_(1,6_,nu15)*FT1*g_(1,q2)*g_(2,nu14)*cFT(nu9,XX,i2,iufo3)*
         cFT(g7,XX,iufo3,i3)*flavourTag(fmu,j11,j12)*Den(p4,xiw,M3)*Den(q2 + 
         q3,xiw,M3)^2*Den( - p4 + q2 + q3,0,0)^2*xiw*ufoGC58^2*ufoGC3*ufoGC4
          + 1/2*g_(1,6_,nu15)*FT1*g_(1,q2)*g_(2,nu14)*cFT(nu9,XX,i2,iufo3)*
         cFT(g7,XX,iufo3,i3)*flavourTag(fmu,j11,j12)*Den(p4,xiw,M3)^2*Den(q2
          + q3,xiw,M3)^2*Den( - p4 + q2 + q3,0,0)^2*p4.p4*d^-1*xia*xiw*
         ufoGC58^2*ufoGC3*ufoGC4
          - 1/2*g_(1,6_,nu15)*FT1*g_(1,q2)*g_(2,nu14)*cFT(nu9,XX,i2,iufo3)*
         cFT(g7,XX,iufo3,i3)*flavourTag(fmu,j11,j12)*Den(p4,xiw,M3)^2*Den(q2
          + q3,xiw,M3)^2*Den( - p4 + q2 + q3,0,0)^2*p4.p4*d^-1*xiw*ufoGC58^2*
         ufoGC3*ufoGC4
          - 1/2*g_(1,6_,nu15)*FT1*g_(1,q3)*g_(2,nu14)*cFT(nu9,XX,i2,iufo3)*
         cFT(g7,XX,iufo3,i3)*flavourTag(fmu,j11,j12)*Den(p4,xiw,M3)*Den(q2 + 
         q3,xiw,M3)^2*Den( - p4 + q2 + q3,0,0)^2*xia*xiw*ufoGC58^2*ufoGC3*
         ufoGC4
          + 1/2*g_(1,6_,nu15)*FT1*g_(1,q3)*g_(2,nu14)*cFT(nu9,XX,i2,iufo3)*
         cFT(g7,XX,iufo3,i3)*flavourTag(fmu,j11,j12)*Den(p4,xiw,M3)*Den(q2 + 
         q3,xiw,M3)^2*Den( - p4 + q2 + q3,0,0)^2*xiw*ufoGC58^2*ufoGC3*ufoGC4
          + 1/2*g_(1,6_,nu15)*FT1*g_(1,q3)*g_(2,nu14)*cFT(nu9,XX,i2,iufo3)*
         cFT(g7,XX,iufo3,i3)*flavourTag(fmu,j11,j12)*Den(p4,xiw,M3)^2*Den(q2
          + q3,xiw,M3)^2*Den( - p4 + q2 + q3,0,0)^2*p4.p4*d^-1*xia*xiw*
         ufoGC58^2*ufoGC3*ufoGC4
          - 1/2*g_(1,6_,nu15)*FT1*g_(1,q3)*g_(2,nu14)*cFT(nu9,XX,i2,iufo3)*
         cFT(g7,XX,iufo3,i3)*flavourTag(fmu,j11,j12)*Den(p4,xiw,M3)^2*Den(q2
          + q3,xiw,M3)^2*Den( - p4 + q2 + q3,0,0)^2*p4.p4*d^-1*xiw*ufoGC58^2*
         ufoGC3*ufoGC4
          )

       + Vec(nu14,q3)*Vec(nu9,q2)*Vec(nu10,q2)*Vec(nu10,q3)*Vec(nu15,q3) * (
          + 1/2*g_(1,6_,nu15)*FT1*g_(1,p4)*g_(2,nu14)*cFT(nu9,XX,i2,iufo3)*
         cFT(g7,XX,iufo3,i3)*flavourTag(fmu,j11,j12)*Den(p4,xiw,M3)*Den(q2 + 
         q3,xiw,M3)^2*Den( - p4 + q2 + q3,0,0)^2*xia*xiw*ufoGC58^2*ufoGC3*
         ufoGC4
          - 1/2*g_(1,6_,nu15)*FT1*g_(1,p4)*g_(2,nu14)*cFT(nu9,XX,i2,iufo3)*
         cFT(g7,XX,iufo3,i3)*flavourTag(fmu,j11,j12)*Den(p4,xiw,M3)*Den(q2 + 
         q3,xiw,M3)^2*Den( - p4 + q2 + q3,0,0)^2*xiw*ufoGC58^2*ufoGC3*ufoGC4
          - 1/2*g_(1,6_,nu15)*FT1*g_(1,p4)*g_(2,nu14)*cFT(nu9,XX,i2,iufo3)*
         cFT(g7,XX,iufo3,i3)*flavourTag(fmu,j11,j12)*Den(p4,xiw,M3)^2*Den(q2
          + q3,xiw,M3)^2*Den( - p4 + q2 + q3,0,0)^2*p4.p4*d^-1*xia*xiw*
         ufoGC58^2*ufoGC3*ufoGC4
          + 1/2*g_(1,6_,nu15)*FT1*g_(1,p4)*g_(2,nu14)*cFT(nu9,XX,i2,iufo3)*
         cFT(g7,XX,iufo3,i3)*flavourTag(fmu,j11,j12)*Den(p4,xiw,M3)^2*Den(q2
          + q3,xiw,M3)^2*Den( - p4 + q2 + q3,0,0)^2*p4.p4*d^-1*xiw*ufoGC58^2*
         ufoGC3*ufoGC4
          - 1/2*g_(1,6_,nu15)*FT1*g_(1,q1)*g_(2,nu14)*cFT(nu9,XX,i2,iufo3)*
         cFT(g7,XX,iufo3,i3)*flavourTag(fmu,j11,j12)*Den(p4,xiw,M3)*Den(q2 + 
         q3,xiw,M3)^2*Den( - p4 + q2 + q3,0,0)^2*xia*xiw*ufoGC58^2*ufoGC3*
         ufoGC4
          + 1/2*g_(1,6_,nu15)*FT1*g_(1,q1)*g_(2,nu14)*cFT(nu9,XX,i2,iufo3)*
         cFT(g7,XX,iufo3,i3)*flavourTag(fmu,j11,j12)*Den(p4,xiw,M3)*Den(q2 + 
         q3,xiw,M3)^2*Den( - p4 + q2 + q3,0,0)^2*xiw*ufoGC58^2*ufoGC3*ufoGC4
          + 1/2*g_(1,6_,nu15)*FT1*g_(1,q1)*g_(2,nu14)*cFT(nu9,XX,i2,iufo3)*
         cFT(g7,XX,iufo3,i3)*flavourTag(fmu,j11,j12)*Den(p4,xiw,M3)^2*Den(q2
          + q3,xiw,M3)^2*Den( - p4 + q2 + q3,0,0)^2*p4.p4*d^-1*xia*xiw*
         ufoGC58^2*ufoGC3*ufoGC4
          - 1/2*g_(1,6_,nu15)*FT1*g_(1,q1)*g_(2,nu14)*cFT(nu9,XX,i2,iufo3)*
         cFT(g7,XX,iufo3,i3)*flavourTag(fmu,j11,j12)*Den(p4,xiw,M3)^2*Den(q2
          + q3,xiw,M3)^2*Den( - p4 + q2 + q3,0,0)^2*p4.p4*d^-1*xiw*ufoGC58^2*
         ufoGC3*ufoGC4
          - 1/2*g_(1,6_,nu15)*FT1*g_(1,q2)*g_(2,nu14)*cFT(nu9,XX,i2,iufo3)*
         cFT(g7,XX,iufo3,i3)*flavourTag(fmu,j11,j12)*Den(p4,xiw,M3)*Den(q2 + 
         q3,xiw,M3)^2*Den( - p4 + q2 + q3,0,0)^2*xia*xiw*ufoGC58^2*ufoGC3*
         ufoGC4
          + 1/2*g_(1,6_,nu15)*FT1*g_(1,q2)*g_(2,nu14)*cFT(nu9,XX,i2,iufo3)*
         cFT(g7,XX,iufo3,i3)*flavourTag(fmu,j11,j12)*Den(p4,xiw,M3)*Den(q2 + 
         q3,xiw,M3)^2*Den( - p4 + q2 + q3,0,0)^2*xiw*ufoGC58^2*ufoGC3*ufoGC4
          + 1/2*g_(1,6_,nu15)*FT1*g_(1,q2)*g_(2,nu14)*cFT(nu9,XX,i2,iufo3)*
         cFT(g7,XX,iufo3,i3)*flavourTag(fmu,j11,j12)*Den(p4,xiw,M3)^2*Den(q2
          + q3,xiw,M3)^2*Den( - p4 + q2 + q3,0,0)^2*p4.p4*d^-1*xia*xiw*
         ufoGC58^2*ufoGC3*ufoGC4
          - 1/2*g_(1,6_,nu15)*FT1*g_(1,q2)*g_(2,nu14)*cFT(nu9,XX,i2,iufo3)*
         cFT(g7,XX,iufo3,i3)*flavourTag(fmu,j11,j12)*Den(p4,xiw,M3)^2*Den(q2
          + q3,xiw,M3)^2*Den( - p4 + q2 + q3,0,0)^2*p4.p4*d^-1*xiw*ufoGC58^2*
         ufoGC3*ufoGC4
          - 1/2*g_(1,6_,nu15)*FT1*g_(1,q3)*g_(2,nu14)*cFT(nu9,XX,i2,iufo3)*
         cFT(g7,XX,iufo3,i3)*flavourTag(fmu,j11,j12)*Den(p4,xiw,M3)*Den(q2 + 
         q3,xiw,M3)^2*Den( - p4 + q2 + q3,0,0)^2*xia*xiw*ufoGC58^2*ufoGC3*
         ufoGC4
          + 1/2*g_(1,6_,nu15)*FT1*g_(1,q3)*g_(2,nu14)*cFT(nu9,XX,i2,iufo3)*
         cFT(g7,XX,iufo3,i3)*flavourTag(fmu,j11,j12)*Den(p4,xiw,M3)*Den(q2 + 
         q3,xiw,M3)^2*Den( - p4 + q2 + q3,0,0)^2*xiw*ufoGC58^2*ufoGC3*ufoGC4
          + 1/2*g_(1,6_,nu15)*FT1*g_(1,q3)*g_(2,nu14)*cFT(nu9,XX,i2,iufo3)*
         cFT(g7,XX,iufo3,i3)*flavourTag(fmu,j11,j12)*Den(p4,xiw,M3)^2*Den(q2
          + q3,xiw,M3)^2*Den( - p4 + q2 + q3,0,0)^2*p4.p4*d^-1*xia*xiw*
         ufoGC58^2*ufoGC3*ufoGC4
          - 1/2*g_(1,6_,nu15)*FT1*g_(1,q3)*g_(2,nu14)*cFT(nu9,XX,i2,iufo3)*
         cFT(g7,XX,iufo3,i3)*flavourTag(fmu,j11,j12)*Den(p4,xiw,M3)^2*Den(q2
          + q3,xiw,M3)^2*Den( - p4 + q2 + q3,0,0)^2*p4.p4*d^-1*xiw*ufoGC58^2*
         ufoGC3*ufoGC4
          )

       + Vec(nu14,q3)*Vec(nu9,q2)*Vec(nu10,q2)*Vec(nu13,q2)^2 * (
          - 1/4*g_(1,6_,nu10)*FT1*g_(1,p4)*g_(2,nu14)*cFT(nu9,XX,i2,iufo3)*
         cFT(g7,XX,iufo3,i3)*flavourTag(fmu,j11,j12)*Den(p4,xiw,M3)*Den(q2 + 
         q3,xiw,M3)^2*Den( - p4 + q2 + q3,0,0)^2*xia*xiw*ufoGC58^2*ufoGC3*
         ufoGC4
          + 1/4*g_(1,6_,nu10)*FT1*g_(1,p4)*g_(2,nu14)*cFT(nu9,XX,i2,iufo3)*
         cFT(g7,XX,iufo3,i3)*flavourTag(fmu,j11,j12)*Den(p4,xiw,M3)*Den(q2 + 
         q3,xiw,M3)^2*Den( - p4 + q2 + q3,0,0)^2*xiw*ufoGC58^2*ufoGC3*ufoGC4
          + 1/4*g_(1,6_,nu10)*FT1*g_(1,p4)*g_(2,nu14)*cFT(nu9,XX,i2,iufo3)*
         cFT(g7,XX,iufo3,i3)*flavourTag(fmu,j11,j12)*Den(p4,xiw,M3)^2*Den(q2
          + q3,xiw,M3)^2*Den( - p4 + q2 + q3,0,0)^2*p4.p4*d^-1*xia*xiw*
         ufoGC58^2*ufoGC3*ufoGC4
          - 1/4*g_(1,6_,nu10)*FT1*g_(1,p4)*g_(2,nu14)*cFT(nu9,XX,i2,iufo3)*
         cFT(g7,XX,iufo3,i3)*flavourTag(fmu,j11,j12)*Den(p4,xiw,M3)^2*Den(q2
          + q3,xiw,M3)^2*Den( - p4 + q2 + q3,0,0)^2*p4.p4*d^-1*xiw*ufoGC58^2*
         ufoGC3*ufoGC4
          + 1/4*g_(1,6_,nu10)*FT1*g_(1,q1)*g_(2,nu14)*cFT(nu9,XX,i2,iufo3)*
         cFT(g7,XX,iufo3,i3)*flavourTag(fmu,j11,j12)*Den(p4,xiw,M3)*Den(q2 + 
         q3,xiw,M3)^2*Den( - p4 + q2 + q3,0,0)^2*xia*xiw*ufoGC58^2*ufoGC3*
         ufoGC4
          - 1/4*g_(1,6_,nu10)*FT1*g_(1,q1)*g_(2,nu14)*cFT(nu9,XX,i2,iufo3)*
         cFT(g7,XX,iufo3,i3)*flavourTag(fmu,j11,j12)*Den(p4,xiw,M3)*Den(q2 + 
         q3,xiw,M3)^2*Den( - p4 + q2 + q3,0,0)^2*xiw*ufoGC58^2*ufoGC3*ufoGC4
          - 1/4*g_(1,6_,nu10)*FT1*g_(1,q1)*g_(2,nu14)*cFT(nu9,XX,i2,iufo3)*
         cFT(g7,XX,iufo3,i3)*flavourTag(fmu,j11,j12)*Den(p4,xiw,M3)^2*Den(q2
          + q3,xiw,M3)^2*Den( - p4 + q2 + q3,0,0)^2*p4.p4*d^-1*xia*xiw*
         ufoGC58^2*ufoGC3*ufoGC4
          + 1/4*g_(1,6_,nu10)*FT1*g_(1,q1)*g_(2,nu14)*cFT(nu9,XX,i2,iufo3)*
         cFT(g7,XX,iufo3,i3)*flavourTag(fmu,j11,j12)*Den(p4,xiw,M3)^2*Den(q2
          + q3,xiw,M3)^2*Den( - p4 + q2 + q3,0,0)^2*p4.p4*d^-1*xiw*ufoGC58^2*
         ufoGC3*ufoGC4
          + 1/4*g_(1,6_,nu10)*FT1*g_(1,q2)*g_(2,nu14)*cFT(nu9,XX,i2,iufo3)*
         cFT(g7,XX,iufo3,i3)*flavourTag(fmu,j11,j12)*Den(p4,xiw,M3)*Den(q2 + 
         q3,xiw,M3)^2*Den( - p4 + q2 + q3,0,0)^2*xia*xiw*ufoGC58^2*ufoGC3*
         ufoGC4
          - 1/4*g_(1,6_,nu10)*FT1*g_(1,q2)*g_(2,nu14)*cFT(nu9,XX,i2,iufo3)*
         cFT(g7,XX,iufo3,i3)*flavourTag(fmu,j11,j12)*Den(p4,xiw,M3)*Den(q2 + 
         q3,xiw,M3)^2*Den( - p4 + q2 + q3,0,0)^2*xiw*ufoGC58^2*ufoGC3*ufoGC4
          - 1/4*g_(1,6_,nu10)*FT1*g_(1,q2)*g_(2,nu14)*cFT(nu9,XX,i2,iufo3)*
         cFT(g7,XX,iufo3,i3)*flavourTag(fmu,j11,j12)*Den(p4,xiw,M3)^2*Den(q2
          + q3,xiw,M3)^2*Den( - p4 + q2 + q3,0,0)^2*p4.p4*d^-1*xia*xiw*
         ufoGC58^2*ufoGC3*ufoGC4
          + 1/4*g_(1,6_,nu10)*FT1*g_(1,q2)*g_(2,nu14)*cFT(nu9,XX,i2,iufo3)*
         cFT(g7,XX,iufo3,i3)*flavourTag(fmu,j11,j12)*Den(p4,xiw,M3)^2*Den(q2
          + q3,xiw,M3)^2*Den( - p4 + q2 + q3,0,0)^2*p4.p4*d^-1*xiw*ufoGC58^2*
         ufoGC3*ufoGC4
          + 1/4*g_(1,6_,nu10)*FT1*g_(1,q3)*g_(2,nu14)*cFT(nu9,XX,i2,iufo3)*
         cFT(g7,XX,iufo3,i3)*flavourTag(fmu,j11,j12)*Den(p4,xiw,M3)*Den(q2 + 
         q3,xiw,M3)^2*Den( - p4 + q2 + q3,0,0)^2*xia*xiw*ufoGC58^2*ufoGC3*
         ufoGC4
          - 1/4*g_(1,6_,nu10)*FT1*g_(1,q3)*g_(2,nu14)*cFT(nu9,XX,i2,iufo3)*
         cFT(g7,XX,iufo3,i3)*flavourTag(fmu,j11,j12)*Den(p4,xiw,M3)*Den(q2 + 
         q3,xiw,M3)^2*Den( - p4 + q2 + q3,0,0)^2*xiw*ufoGC58^2*ufoGC3*ufoGC4
          - 1/4*g_(1,6_,nu10)*FT1*g_(1,q3)*g_(2,nu14)*cFT(nu9,XX,i2,iufo3)*
         cFT(g7,XX,iufo3,i3)*flavourTag(fmu,j11,j12)*Den(p4,xiw,M3)^2*Den(q2
          + q3,xiw,M3)^2*Den( - p4 + q2 + q3,0,0)^2*p4.p4*d^-1*xia*xiw*
         ufoGC58^2*ufoGC3*ufoGC4
          + 1/4*g_(1,6_,nu10)*FT1*g_(1,q3)*g_(2,nu14)*cFT(nu9,XX,i2,iufo3)*
         cFT(g7,XX,iufo3,i3)*flavourTag(fmu,j11,j12)*Den(p4,xiw,M3)^2*Den(q2
          + q3,xiw,M3)^2*Den( - p4 + q2 + q3,0,0)^2*p4.p4*d^-1*xiw*ufoGC58^2*
         ufoGC3*ufoGC4
          )

       + Vec(nu14,q3)*Vec(nu9,q2)*Vec(nu10,q2)*Vec(nu13,q2)*Vec(nu13,q3) * (
          - 1/2*g_(1,6_,nu10)*FT1*g_(1,p4)*g_(2,nu14)*cFT(nu9,XX,i2,iufo3)*
         cFT(g7,XX,iufo3,i3)*flavourTag(fmu,j11,j12)*Den(p4,xiw,M3)*Den(q2 + 
         q3,xiw,M3)^2*Den( - p4 + q2 + q3,0,0)^2*xia*xiw*ufoGC58^2*ufoGC3*
         ufoGC4
          + 1/2*g_(1,6_,nu10)*FT1*g_(1,p4)*g_(2,nu14)*cFT(nu9,XX,i2,iufo3)*
         cFT(g7,XX,iufo3,i3)*flavourTag(fmu,j11,j12)*Den(p4,xiw,M3)*Den(q2 + 
         q3,xiw,M3)^2*Den( - p4 + q2 + q3,0,0)^2*xiw*ufoGC58^2*ufoGC3*ufoGC4
          + 1/2*g_(1,6_,nu10)*FT1*g_(1,p4)*g_(2,nu14)*cFT(nu9,XX,i2,iufo3)*
         cFT(g7,XX,iufo3,i3)*flavourTag(fmu,j11,j12)*Den(p4,xiw,M3)^2*Den(q2
          + q3,xiw,M3)^2*Den( - p4 + q2 + q3,0,0)^2*p4.p4*d^-1*xia*xiw*
         ufoGC58^2*ufoGC3*ufoGC4
          - 1/2*g_(1,6_,nu10)*FT1*g_(1,p4)*g_(2,nu14)*cFT(nu9,XX,i2,iufo3)*
         cFT(g7,XX,iufo3,i3)*flavourTag(fmu,j11,j12)*Den(p4,xiw,M3)^2*Den(q2
          + q3,xiw,M3)^2*Den( - p4 + q2 + q3,0,0)^2*p4.p4*d^-1*xiw*ufoGC58^2*
         ufoGC3*ufoGC4
          + 1/2*g_(1,6_,nu10)*FT1*g_(1,q1)*g_(2,nu14)*cFT(nu9,XX,i2,iufo3)*
         cFT(g7,XX,iufo3,i3)*flavourTag(fmu,j11,j12)*Den(p4,xiw,M3)*Den(q2 + 
         q3,xiw,M3)^2*Den( - p4 + q2 + q3,0,0)^2*xia*xiw*ufoGC58^2*ufoGC3*
         ufoGC4
          - 1/2*g_(1,6_,nu10)*FT1*g_(1,q1)*g_(2,nu14)*cFT(nu9,XX,i2,iufo3)*
         cFT(g7,XX,iufo3,i3)*flavourTag(fmu,j11,j12)*Den(p4,xiw,M3)*Den(q2 + 
         q3,xiw,M3)^2*Den( - p4 + q2 + q3,0,0)^2*xiw*ufoGC58^2*ufoGC3*ufoGC4
          - 1/2*g_(1,6_,nu10)*FT1*g_(1,q1)*g_(2,nu14)*cFT(nu9,XX,i2,iufo3)*
         cFT(g7,XX,iufo3,i3)*flavourTag(fmu,j11,j12)*Den(p4,xiw,M3)^2*Den(q2
          + q3,xiw,M3)^2*Den( - p4 + q2 + q3,0,0)^2*p4.p4*d^-1*xia*xiw*
         ufoGC58^2*ufoGC3*ufoGC4
          + 1/2*g_(1,6_,nu10)*FT1*g_(1,q1)*g_(2,nu14)*cFT(nu9,XX,i2,iufo3)*
         cFT(g7,XX,iufo3,i3)*flavourTag(fmu,j11,j12)*Den(p4,xiw,M3)^2*Den(q2
          + q3,xiw,M3)^2*Den( - p4 + q2 + q3,0,0)^2*p4.p4*d^-1*xiw*ufoGC58^2*
         ufoGC3*ufoGC4
          + 1/2*g_(1,6_,nu10)*FT1*g_(1,q2)*g_(2,nu14)*cFT(nu9,XX,i2,iufo3)*
         cFT(g7,XX,iufo3,i3)*flavourTag(fmu,j11,j12)*Den(p4,xiw,M3)*Den(q2 + 
         q3,xiw,M3)^2*Den( - p4 + q2 + q3,0,0)^2*xia*xiw*ufoGC58^2*ufoGC3*
         ufoGC4
          - 1/2*g_(1,6_,nu10)*FT1*g_(1,q2)*g_(2,nu14)*cFT(nu9,XX,i2,iufo3)*
         cFT(g7,XX,iufo3,i3)*flavourTag(fmu,j11,j12)*Den(p4,xiw,M3)*Den(q2 + 
         q3,xiw,M3)^2*Den( - p4 + q2 + q3,0,0)^2*xiw*ufoGC58^2*ufoGC3*ufoGC4
          - 1/2*g_(1,6_,nu10)*FT1*g_(1,q2)*g_(2,nu14)*cFT(nu9,XX,i2,iufo3)*
         cFT(g7,XX,iufo3,i3)*flavourTag(fmu,j11,j12)*Den(p4,xiw,M3)^2*Den(q2
          + q3,xiw,M3)^2*Den( - p4 + q2 + q3,0,0)^2*p4.p4*d^-1*xia*xiw*
         ufoGC58^2*ufoGC3*ufoGC4
          + 1/2*g_(1,6_,nu10)*FT1*g_(1,q2)*g_(2,nu14)*cFT(nu9,XX,i2,iufo3)*
         cFT(g7,XX,iufo3,i3)*flavourTag(fmu,j11,j12)*Den(p4,xiw,M3)^2*Den(q2
          + q3,xiw,M3)^2*Den( - p4 + q2 + q3,0,0)^2*p4.p4*d^-1*xiw*ufoGC58^2*
         ufoGC3*ufoGC4
          + 1/2*g_(1,6_,nu10)*FT1*g_(1,q3)*g_(2,nu14)*cFT(nu9,XX,i2,iufo3)*
         cFT(g7,XX,iufo3,i3)*flavourTag(fmu,j11,j12)*Den(p4,xiw,M3)*Den(q2 + 
         q3,xiw,M3)^2*Den( - p4 + q2 + q3,0,0)^2*xia*xiw*ufoGC58^2*ufoGC3*
         ufoGC4
          - 1/2*g_(1,6_,nu10)*FT1*g_(1,q3)*g_(2,nu14)*cFT(nu9,XX,i2,iufo3)*
         cFT(g7,XX,iufo3,i3)*flavourTag(fmu,j11,j12)*Den(p4,xiw,M3)*Den(q2 + 
         q3,xiw,M3)^2*Den( - p4 + q2 + q3,0,0)^2*xiw*ufoGC58^2*ufoGC3*ufoGC4
          - 1/2*g_(1,6_,nu10)*FT1*g_(1,q3)*g_(2,nu14)*cFT(nu9,XX,i2,iufo3)*
         cFT(g7,XX,iufo3,i3)*flavourTag(fmu,j11,j12)*Den(p4,xiw,M3)^2*Den(q2
          + q3,xiw,M3)^2*Den( - p4 + q2 + q3,0,0)^2*p4.p4*d^-1*xia*xiw*
         ufoGC58^2*ufoGC3*ufoGC4
          + 1/2*g_(1,6_,nu10)*FT1*g_(1,q3)*g_(2,nu14)*cFT(nu9,XX,i2,iufo3)*
         cFT(g7,XX,iufo3,i3)*flavourTag(fmu,j11,j12)*Den(p4,xiw,M3)^2*Den(q2
          + q3,xiw,M3)^2*Den( - p4 + q2 + q3,0,0)^2*p4.p4*d^-1*xiw*ufoGC58^2*
         ufoGC3*ufoGC4
          )

       + Vec(nu14,q3)*Vec(nu9,q2)*Vec(nu10,q2)*Vec(nu13,q3)^2 * (
          - 1/4*g_(1,6_,nu10)*FT1*g_(1,p4)*g_(2,nu14)*cFT(nu9,XX,i2,iufo3)*
         cFT(g7,XX,iufo3,i3)*flavourTag(fmu,j11,j12)*Den(p4,xiw,M3)*Den(q2 + 
         q3,xiw,M3)^2*Den( - p4 + q2 + q3,0,0)^2*xia*xiw*ufoGC58^2*ufoGC3*
         ufoGC4
          + 1/4*g_(1,6_,nu10)*FT1*g_(1,p4)*g_(2,nu14)*cFT(nu9,XX,i2,iufo3)*
         cFT(g7,XX,iufo3,i3)*flavourTag(fmu,j11,j12)*Den(p4,xiw,M3)*Den(q2 + 
         q3,xiw,M3)^2*Den( - p4 + q2 + q3,0,0)^2*xiw*ufoGC58^2*ufoGC3*ufoGC4
          + 1/4*g_(1,6_,nu10)*FT1*g_(1,p4)*g_(2,nu14)*cFT(nu9,XX,i2,iufo3)*
         cFT(g7,XX,iufo3,i3)*flavourTag(fmu,j11,j12)*Den(p4,xiw,M3)^2*Den(q2
          + q3,xiw,M3)^2*Den( - p4 + q2 + q3,0,0)^2*p4.p4*d^-1*xia*xiw*
         ufoGC58^2*ufoGC3*ufoGC4
          - 1/4*g_(1,6_,nu10)*FT1*g_(1,p4)*g_(2,nu14)*cFT(nu9,XX,i2,iufo3)*
         cFT(g7,XX,iufo3,i3)*flavourTag(fmu,j11,j12)*Den(p4,xiw,M3)^2*Den(q2
          + q3,xiw,M3)^2*Den( - p4 + q2 + q3,0,0)^2*p4.p4*d^-1*xiw*ufoGC58^2*
         ufoGC3*ufoGC4
          + 1/4*g_(1,6_,nu10)*FT1*g_(1,q1)*g_(2,nu14)*cFT(nu9,XX,i2,iufo3)*
         cFT(g7,XX,iufo3,i3)*flavourTag(fmu,j11,j12)*Den(p4,xiw,M3)*Den(q2 + 
         q3,xiw,M3)^2*Den( - p4 + q2 + q3,0,0)^2*xia*xiw*ufoGC58^2*ufoGC3*
         ufoGC4
          - 1/4*g_(1,6_,nu10)*FT1*g_(1,q1)*g_(2,nu14)*cFT(nu9,XX,i2,iufo3)*
         cFT(g7,XX,iufo3,i3)*flavourTag(fmu,j11,j12)*Den(p4,xiw,M3)*Den(q2 + 
         q3,xiw,M3)^2*Den( - p4 + q2 + q3,0,0)^2*xiw*ufoGC58^2*ufoGC3*ufoGC4
          - 1/4*g_(1,6_,nu10)*FT1*g_(1,q1)*g_(2,nu14)*cFT(nu9,XX,i2,iufo3)*
         cFT(g7,XX,iufo3,i3)*flavourTag(fmu,j11,j12)*Den(p4,xiw,M3)^2*Den(q2
          + q3,xiw,M3)^2*Den( - p4 + q2 + q3,0,0)^2*p4.p4*d^-1*xia*xiw*
         ufoGC58^2*ufoGC3*ufoGC4
          + 1/4*g_(1,6_,nu10)*FT1*g_(1,q1)*g_(2,nu14)*cFT(nu9,XX,i2,iufo3)*
         cFT(g7,XX,iufo3,i3)*flavourTag(fmu,j11,j12)*Den(p4,xiw,M3)^2*Den(q2
          + q3,xiw,M3)^2*Den( - p4 + q2 + q3,0,0)^2*p4.p4*d^-1*xiw*ufoGC58^2*
         ufoGC3*ufoGC4
          + 1/4*g_(1,6_,nu10)*FT1*g_(1,q2)*g_(2,nu14)*cFT(nu9,XX,i2,iufo3)*
         cFT(g7,XX,iufo3,i3)*flavourTag(fmu,j11,j12)*Den(p4,xiw,M3)*Den(q2 + 
         q3,xiw,M3)^2*Den( - p4 + q2 + q3,0,0)^2*xia*xiw*ufoGC58^2*ufoGC3*
         ufoGC4
          - 1/4*g_(1,6_,nu10)*FT1*g_(1,q2)*g_(2,nu14)*cFT(nu9,XX,i2,iufo3)*
         cFT(g7,XX,iufo3,i3)*flavourTag(fmu,j11,j12)*Den(p4,xiw,M3)*Den(q2 + 
         q3,xiw,M3)^2*Den( - p4 + q2 + q3,0,0)^2*xiw*ufoGC58^2*ufoGC3*ufoGC4
          - 1/4*g_(1,6_,nu10)*FT1*g_(1,q2)*g_(2,nu14)*cFT(nu9,XX,i2,iufo3)*
         cFT(g7,XX,iufo3,i3)*flavourTag(fmu,j11,j12)*Den(p4,xiw,M3)^2*Den(q2
          + q3,xiw,M3)^2*Den( - p4 + q2 + q3,0,0)^2*p4.p4*d^-1*xia*xiw*
         ufoGC58^2*ufoGC3*ufoGC4
          + 1/4*g_(1,6_,nu10)*FT1*g_(1,q2)*g_(2,nu14)*cFT(nu9,XX,i2,iufo3)*
         cFT(g7,XX,iufo3,i3)*flavourTag(fmu,j11,j12)*Den(p4,xiw,M3)^2*Den(q2
          + q3,xiw,M3)^2*Den( - p4 + q2 + q3,0,0)^2*p4.p4*d^-1*xiw*ufoGC58^2*
         ufoGC3*ufoGC4
          + 1/4*g_(1,6_,nu10)*FT1*g_(1,q3)*g_(2,nu14)*cFT(nu9,XX,i2,iufo3)*
         cFT(g7,XX,iufo3,i3)*flavourTag(fmu,j11,j12)*Den(p4,xiw,M3)*Den(q2 + 
         q3,xiw,M3)^2*Den( - p4 + q2 + q3,0,0)^2*xia*xiw*ufoGC58^2*ufoGC3*
         ufoGC4
          - 1/4*g_(1,6_,nu10)*FT1*g_(1,q3)*g_(2,nu14)*cFT(nu9,XX,i2,iufo3)*
         cFT(g7,XX,iufo3,i3)*flavourTag(fmu,j11,j12)*Den(p4,xiw,M3)*Den(q2 + 
         q3,xiw,M3)^2*Den( - p4 + q2 + q3,0,0)^2*xiw*ufoGC58^2*ufoGC3*ufoGC4
          - 1/4*g_(1,6_,nu10)*FT1*g_(1,q3)*g_(2,nu14)*cFT(nu9,XX,i2,iufo3)*
         cFT(g7,XX,iufo3,i3)*flavourTag(fmu,j11,j12)*Den(p4,xiw,M3)^2*Den(q2
          + q3,xiw,M3)^2*Den( - p4 + q2 + q3,0,0)^2*p4.p4*d^-1*xia*xiw*
         ufoGC58^2*ufoGC3*ufoGC4
          + 1/4*g_(1,6_,nu10)*FT1*g_(1,q3)*g_(2,nu14)*cFT(nu9,XX,i2,iufo3)*
         cFT(g7,XX,iufo3,i3)*flavourTag(fmu,j11,j12)*Den(p4,xiw,M3)^2*Den(q2
          + q3,xiw,M3)^2*Den( - p4 + q2 + q3,0,0)^2*p4.p4*d^-1*xiw*ufoGC58^2*
         ufoGC3*ufoGC4
          )

       + Vec(nu14,q3)*Vec(nu9,q2)*Vec(nu10,q2) * (
          + 1/4*g_(1,6_,nu10)*FT1*g_(1,p4)*g_(2,nu14)*cFT(nu9,XX,i2,iufo3)*
         cFT(g7,XX,iufo3,i3)*flavourTag(fmu,j11,j12)*Den(p4,xiw,M3)*Den(q2 + 
         q3,xiw,M3)^2*Den( - p4 + q2 + q3,0,0)^2*p4.p4*xia*xiw*ufoGC58^2*
         ufoGC3*ufoGC4
          - 1/4*g_(1,6_,nu10)*FT1*g_(1,p4)*g_(2,nu14)*cFT(nu9,XX,i2,iufo3)*
         cFT(g7,XX,iufo3,i3)*flavourTag(fmu,j11,j12)*Den(p4,xiw,M3)*Den(q2 + 
         q3,xiw,M3)^2*Den( - p4 + q2 + q3,0,0)^2*p4.p4*xiw*ufoGC58^2*ufoGC3*
         ufoGC4
          - 1/4*g_(1,6_,nu10)*FT1*g_(1,q1)*g_(2,nu14)*cFT(nu9,XX,i2,iufo3)*
         cFT(g7,XX,iufo3,i3)*flavourTag(fmu,j11,j12)*Den(p4,xiw,M3)*Den(q2 + 
         q3,xiw,M3)^2*Den( - p4 + q2 + q3,0,0)^2*p4.p4*xia*xiw*ufoGC58^2*
         ufoGC3*ufoGC4
          + 1/4*g_(1,6_,nu10)*FT1*g_(1,q1)*g_(2,nu14)*cFT(nu9,XX,i2,iufo3)*
         cFT(g7,XX,iufo3,i3)*flavourTag(fmu,j11,j12)*Den(p4,xiw,M3)*Den(q2 + 
         q3,xiw,M3)^2*Den( - p4 + q2 + q3,0,0)^2*p4.p4*xiw*ufoGC58^2*ufoGC3*
         ufoGC4
          - 1/4*g_(1,6_,nu10)*FT1*g_(1,q2)*g_(2,nu14)*cFT(nu9,XX,i2,iufo3)*
         cFT(g7,XX,iufo3,i3)*flavourTag(fmu,j11,j12)*Den(p4,xiw,M3)*Den(q2 + 
         q3,xiw,M3)^2*Den( - p4 + q2 + q3,0,0)^2*p4.p4*xia*xiw*ufoGC58^2*
         ufoGC3*ufoGC4
          + 1/4*g_(1,6_,nu10)*FT1*g_(1,q2)*g_(2,nu14)*cFT(nu9,XX,i2,iufo3)*
         cFT(g7,XX,iufo3,i3)*flavourTag(fmu,j11,j12)*Den(p4,xiw,M3)*Den(q2 + 
         q3,xiw,M3)^2*Den( - p4 + q2 + q3,0,0)^2*p4.p4*xiw*ufoGC58^2*ufoGC3*
         ufoGC4
          - 1/4*g_(1,6_,nu10)*FT1*g_(1,q3)*g_(2,nu14)*cFT(nu9,XX,i2,iufo3)*
         cFT(g7,XX,iufo3,i3)*flavourTag(fmu,j11,j12)*Den(p4,xiw,M3)*Den(q2 + 
         q3,xiw,M3)^2*Den( - p4 + q2 + q3,0,0)^2*p4.p4*xia*xiw*ufoGC58^2*
         ufoGC3*ufoGC4
          + 1/4*g_(1,6_,nu10)*FT1*g_(1,q3)*g_(2,nu14)*cFT(nu9,XX,i2,iufo3)*
         cFT(g7,XX,iufo3,i3)*flavourTag(fmu,j11,j12)*Den(p4,xiw,M3)*Den(q2 + 
         q3,xiw,M3)^2*Den( - p4 + q2 + q3,0,0)^2*p4.p4*xiw*ufoGC58^2*ufoGC3*
         ufoGC4
          )

       + Vec(nu14,q3)*Vec(nu9,q2)*Vec(nu10,q3)^2*Vec(nu15,q2) * (
          + 1/4*g_(1,6_,nu15)*FT1*g_(1,p4)*g_(2,nu14)*cFT(nu9,XX,i2,iufo3)*
         cFT(g7,XX,iufo3,i3)*flavourTag(fmu,j11,j12)*Den(p4,xiw,M3)*Den(q2 + 
         q3,xiw,M3)^2*Den( - p4 + q2 + q3,0,0)^2*xia*xiw*ufoGC58^2*ufoGC3*
         ufoGC4
          - 1/4*g_(1,6_,nu15)*FT1*g_(1,p4)*g_(2,nu14)*cFT(nu9,XX,i2,iufo3)*
         cFT(g7,XX,iufo3,i3)*flavourTag(fmu,j11,j12)*Den(p4,xiw,M3)*Den(q2 + 
         q3,xiw,M3)^2*Den( - p4 + q2 + q3,0,0)^2*xiw*ufoGC58^2*ufoGC3*ufoGC4
          - 1/4*g_(1,6_,nu15)*FT1*g_(1,p4)*g_(2,nu14)*cFT(nu9,XX,i2,iufo3)*
         cFT(g7,XX,iufo3,i3)*flavourTag(fmu,j11,j12)*Den(p4,xiw,M3)^2*Den(q2
          + q3,xiw,M3)^2*Den( - p4 + q2 + q3,0,0)^2*p4.p4*d^-1*xia*xiw*
         ufoGC58^2*ufoGC3*ufoGC4
          + 1/4*g_(1,6_,nu15)*FT1*g_(1,p4)*g_(2,nu14)*cFT(nu9,XX,i2,iufo3)*
         cFT(g7,XX,iufo3,i3)*flavourTag(fmu,j11,j12)*Den(p4,xiw,M3)^2*Den(q2
          + q3,xiw,M3)^2*Den( - p4 + q2 + q3,0,0)^2*p4.p4*d^-1*xiw*ufoGC58^2*
         ufoGC3*ufoGC4
          - 1/4*g_(1,6_,nu15)*FT1*g_(1,q1)*g_(2,nu14)*cFT(nu9,XX,i2,iufo3)*
         cFT(g7,XX,iufo3,i3)*flavourTag(fmu,j11,j12)*Den(p4,xiw,M3)*Den(q2 + 
         q3,xiw,M3)^2*Den( - p4 + q2 + q3,0,0)^2*xia*xiw*ufoGC58^2*ufoGC3*
         ufoGC4
          + 1/4*g_(1,6_,nu15)*FT1*g_(1,q1)*g_(2,nu14)*cFT(nu9,XX,i2,iufo3)*
         cFT(g7,XX,iufo3,i3)*flavourTag(fmu,j11,j12)*Den(p4,xiw,M3)*Den(q2 + 
         q3,xiw,M3)^2*Den( - p4 + q2 + q3,0,0)^2*xiw*ufoGC58^2*ufoGC3*ufoGC4
          + 1/4*g_(1,6_,nu15)*FT1*g_(1,q1)*g_(2,nu14)*cFT(nu9,XX,i2,iufo3)*
         cFT(g7,XX,iufo3,i3)*flavourTag(fmu,j11,j12)*Den(p4,xiw,M3)^2*Den(q2
          + q3,xiw,M3)^2*Den( - p4 + q2 + q3,0,0)^2*p4.p4*d^-1*xia*xiw*
         ufoGC58^2*ufoGC3*ufoGC4
          - 1/4*g_(1,6_,nu15)*FT1*g_(1,q1)*g_(2,nu14)*cFT(nu9,XX,i2,iufo3)*
         cFT(g7,XX,iufo3,i3)*flavourTag(fmu,j11,j12)*Den(p4,xiw,M3)^2*Den(q2
          + q3,xiw,M3)^2*Den( - p4 + q2 + q3,0,0)^2*p4.p4*d^-1*xiw*ufoGC58^2*
         ufoGC3*ufoGC4
          - 1/4*g_(1,6_,nu15)*FT1*g_(1,q2)*g_(2,nu14)*cFT(nu9,XX,i2,iufo3)*
         cFT(g7,XX,iufo3,i3)*flavourTag(fmu,j11,j12)*Den(p4,xiw,M3)*Den(q2 + 
         q3,xiw,M3)^2*Den( - p4 + q2 + q3,0,0)^2*xia*xiw*ufoGC58^2*ufoGC3*
         ufoGC4
          + 1/4*g_(1,6_,nu15)*FT1*g_(1,q2)*g_(2,nu14)*cFT(nu9,XX,i2,iufo3)*
         cFT(g7,XX,iufo3,i3)*flavourTag(fmu,j11,j12)*Den(p4,xiw,M3)*Den(q2 + 
         q3,xiw,M3)^2*Den( - p4 + q2 + q3,0,0)^2*xiw*ufoGC58^2*ufoGC3*ufoGC4
          + 1/4*g_(1,6_,nu15)*FT1*g_(1,q2)*g_(2,nu14)*cFT(nu9,XX,i2,iufo3)*
         cFT(g7,XX,iufo3,i3)*flavourTag(fmu,j11,j12)*Den(p4,xiw,M3)^2*Den(q2
          + q3,xiw,M3)^2*Den( - p4 + q2 + q3,0,0)^2*p4.p4*d^-1*xia*xiw*
         ufoGC58^2*ufoGC3*ufoGC4
          - 1/4*g_(1,6_,nu15)*FT1*g_(1,q2)*g_(2,nu14)*cFT(nu9,XX,i2,iufo3)*
         cFT(g7,XX,iufo3,i3)*flavourTag(fmu,j11,j12)*Den(p4,xiw,M3)^2*Den(q2
          + q3,xiw,M3)^2*Den( - p4 + q2 + q3,0,0)^2*p4.p4*d^-1*xiw*ufoGC58^2*
         ufoGC3*ufoGC4
          - 1/4*g_(1,6_,nu15)*FT1*g_(1,q3)*g_(2,nu14)*cFT(nu9,XX,i2,iufo3)*
         cFT(g7,XX,iufo3,i3)*flavourTag(fmu,j11,j12)*Den(p4,xiw,M3)*Den(q2 + 
         q3,xiw,M3)^2*Den( - p4 + q2 + q3,0,0)^2*xia*xiw*ufoGC58^2*ufoGC3*
         ufoGC4
          + 1/4*g_(1,6_,nu15)*FT1*g_(1,q3)*g_(2,nu14)*cFT(nu9,XX,i2,iufo3)*
         cFT(g7,XX,iufo3,i3)*flavourTag(fmu,j11,j12)*Den(p4,xiw,M3)*Den(q2 + 
         q3,xiw,M3)^2*Den( - p4 + q2 + q3,0,0)^2*xiw*ufoGC58^2*ufoGC3*ufoGC4
          + 1/4*g_(1,6_,nu15)*FT1*g_(1,q3)*g_(2,nu14)*cFT(nu9,XX,i2,iufo3)*
         cFT(g7,XX,iufo3,i3)*flavourTag(fmu,j11,j12)*Den(p4,xiw,M3)^2*Den(q2
          + q3,xiw,M3)^2*Den( - p4 + q2 + q3,0,0)^2*p4.p4*d^-1*xia*xiw*
         ufoGC58^2*ufoGC3*ufoGC4
          - 1/4*g_(1,6_,nu15)*FT1*g_(1,q3)*g_(2,nu14)*cFT(nu9,XX,i2,iufo3)*
         cFT(g7,XX,iufo3,i3)*flavourTag(fmu,j11,j12)*Den(p4,xiw,M3)^2*Den(q2
          + q3,xiw,M3)^2*Den( - p4 + q2 + q3,0,0)^2*p4.p4*d^-1*xiw*ufoGC58^2*
         ufoGC3*ufoGC4
          )

       + Vec(nu14,q3)*Vec(nu9,q2)*Vec(nu10,q3)^2*Vec(nu15,q3) * (
          + 1/4*g_(1,6_,nu15)*FT1*g_(1,p4)*g_(2,nu14)*cFT(nu9,XX,i2,iufo3)*
         cFT(g7,XX,iufo3,i3)*flavourTag(fmu,j11,j12)*Den(p4,xiw,M3)*Den(q2 + 
         q3,xiw,M3)^2*Den( - p4 + q2 + q3,0,0)^2*xia*xiw*ufoGC58^2*ufoGC3*
         ufoGC4
          - 1/4*g_(1,6_,nu15)*FT1*g_(1,p4)*g_(2,nu14)*cFT(nu9,XX,i2,iufo3)*
         cFT(g7,XX,iufo3,i3)*flavourTag(fmu,j11,j12)*Den(p4,xiw,M3)*Den(q2 + 
         q3,xiw,M3)^2*Den( - p4 + q2 + q3,0,0)^2*xiw*ufoGC58^2*ufoGC3*ufoGC4
          - 1/4*g_(1,6_,nu15)*FT1*g_(1,p4)*g_(2,nu14)*cFT(nu9,XX,i2,iufo3)*
         cFT(g7,XX,iufo3,i3)*flavourTag(fmu,j11,j12)*Den(p4,xiw,M3)^2*Den(q2
          + q3,xiw,M3)^2*Den( - p4 + q2 + q3,0,0)^2*p4.p4*d^-1*xia*xiw*
         ufoGC58^2*ufoGC3*ufoGC4
          + 1/4*g_(1,6_,nu15)*FT1*g_(1,p4)*g_(2,nu14)*cFT(nu9,XX,i2,iufo3)*
         cFT(g7,XX,iufo3,i3)*flavourTag(fmu,j11,j12)*Den(p4,xiw,M3)^2*Den(q2
          + q3,xiw,M3)^2*Den( - p4 + q2 + q3,0,0)^2*p4.p4*d^-1*xiw*ufoGC58^2*
         ufoGC3*ufoGC4
          - 1/4*g_(1,6_,nu15)*FT1*g_(1,q1)*g_(2,nu14)*cFT(nu9,XX,i2,iufo3)*
         cFT(g7,XX,iufo3,i3)*flavourTag(fmu,j11,j12)*Den(p4,xiw,M3)*Den(q2 + 
         q3,xiw,M3)^2*Den( - p4 + q2 + q3,0,0)^2*xia*xiw*ufoGC58^2*ufoGC3*
         ufoGC4
          + 1/4*g_(1,6_,nu15)*FT1*g_(1,q1)*g_(2,nu14)*cFT(nu9,XX,i2,iufo3)*
         cFT(g7,XX,iufo3,i3)*flavourTag(fmu,j11,j12)*Den(p4,xiw,M3)*Den(q2 + 
         q3,xiw,M3)^2*Den( - p4 + q2 + q3,0,0)^2*xiw*ufoGC58^2*ufoGC3*ufoGC4
          + 1/4*g_(1,6_,nu15)*FT1*g_(1,q1)*g_(2,nu14)*cFT(nu9,XX,i2,iufo3)*
         cFT(g7,XX,iufo3,i3)*flavourTag(fmu,j11,j12)*Den(p4,xiw,M3)^2*Den(q2
          + q3,xiw,M3)^2*Den( - p4 + q2 + q3,0,0)^2*p4.p4*d^-1*xia*xiw*
         ufoGC58^2*ufoGC3*ufoGC4
          - 1/4*g_(1,6_,nu15)*FT1*g_(1,q1)*g_(2,nu14)*cFT(nu9,XX,i2,iufo3)*
         cFT(g7,XX,iufo3,i3)*flavourTag(fmu,j11,j12)*Den(p4,xiw,M3)^2*Den(q2
          + q3,xiw,M3)^2*Den( - p4 + q2 + q3,0,0)^2*p4.p4*d^-1*xiw*ufoGC58^2*
         ufoGC3*ufoGC4
          - 1/4*g_(1,6_,nu15)*FT1*g_(1,q2)*g_(2,nu14)*cFT(nu9,XX,i2,iufo3)*
         cFT(g7,XX,iufo3,i3)*flavourTag(fmu,j11,j12)*Den(p4,xiw,M3)*Den(q2 + 
         q3,xiw,M3)^2*Den( - p4 + q2 + q3,0,0)^2*xia*xiw*ufoGC58^2*ufoGC3*
         ufoGC4
          + 1/4*g_(1,6_,nu15)*FT1*g_(1,q2)*g_(2,nu14)*cFT(nu9,XX,i2,iufo3)*
         cFT(g7,XX,iufo3,i3)*flavourTag(fmu,j11,j12)*Den(p4,xiw,M3)*Den(q2 + 
         q3,xiw,M3)^2*Den( - p4 + q2 + q3,0,0)^2*xiw*ufoGC58^2*ufoGC3*ufoGC4
          + 1/4*g_(1,6_,nu15)*FT1*g_(1,q2)*g_(2,nu14)*cFT(nu9,XX,i2,iufo3)*
         cFT(g7,XX,iufo3,i3)*flavourTag(fmu,j11,j12)*Den(p4,xiw,M3)^2*Den(q2
          + q3,xiw,M3)^2*Den( - p4 + q2 + q3,0,0)^2*p4.p4*d^-1*xia*xiw*
         ufoGC58^2*ufoGC3*ufoGC4
          - 1/4*g_(1,6_,nu15)*FT1*g_(1,q2)*g_(2,nu14)*cFT(nu9,XX,i2,iufo3)*
         cFT(g7,XX,iufo3,i3)*flavourTag(fmu,j11,j12)*Den(p4,xiw,M3)^2*Den(q2
          + q3,xiw,M3)^2*Den( - p4 + q2 + q3,0,0)^2*p4.p4*d^-1*xiw*ufoGC58^2*
         ufoGC3*ufoGC4
          - 1/4*g_(1,6_,nu15)*FT1*g_(1,q3)*g_(2,nu14)*cFT(nu9,XX,i2,iufo3)*
         cFT(g7,XX,iufo3,i3)*flavourTag(fmu,j11,j12)*Den(p4,xiw,M3)*Den(q2 + 
         q3,xiw,M3)^2*Den( - p4 + q2 + q3,0,0)^2*xia*xiw*ufoGC58^2*ufoGC3*
         ufoGC4
          + 1/4*g_(1,6_,nu15)*FT1*g_(1,q3)*g_(2,nu14)*cFT(nu9,XX,i2,iufo3)*
         cFT(g7,XX,iufo3,i3)*flavourTag(fmu,j11,j12)*Den(p4,xiw,M3)*Den(q2 + 
         q3,xiw,M3)^2*Den( - p4 + q2 + q3,0,0)^2*xiw*ufoGC58^2*ufoGC3*ufoGC4
          + 1/4*g_(1,6_,nu15)*FT1*g_(1,q3)*g_(2,nu14)*cFT(nu9,XX,i2,iufo3)*
         cFT(g7,XX,iufo3,i3)*flavourTag(fmu,j11,j12)*Den(p4,xiw,M3)^2*Den(q2
          + q3,xiw,M3)^2*Den( - p4 + q2 + q3,0,0)^2*p4.p4*d^-1*xia*xiw*
         ufoGC58^2*ufoGC3*ufoGC4
          - 1/4*g_(1,6_,nu15)*FT1*g_(1,q3)*g_(2,nu14)*cFT(nu9,XX,i2,iufo3)*
         cFT(g7,XX,iufo3,i3)*flavourTag(fmu,j11,j12)*Den(p4,xiw,M3)^2*Den(q2
          + q3,xiw,M3)^2*Den( - p4 + q2 + q3,0,0)^2*p4.p4*d^-1*xiw*ufoGC58^2*
         ufoGC3*ufoGC4
          )

       + Vec(nu14,q3)*Vec(nu9,q2)*Vec(nu10,q3)*Vec(nu13,q2)^2 * (
          - 1/4*g_(1,6_,nu10)*FT1*g_(1,p4)*g_(2,nu14)*cFT(nu9,XX,i2,iufo3)*
         cFT(g7,XX,iufo3,i3)*flavourTag(fmu,j11,j12)*Den(p4,xiw,M3)*Den(q2 + 
         q3,xiw,M3)^2*Den( - p4 + q2 + q3,0,0)^2*xia*xiw*ufoGC58^2*ufoGC3*
         ufoGC4
          + 1/4*g_(1,6_,nu10)*FT1*g_(1,p4)*g_(2,nu14)*cFT(nu9,XX,i2,iufo3)*
         cFT(g7,XX,iufo3,i3)*flavourTag(fmu,j11,j12)*Den(p4,xiw,M3)*Den(q2 + 
         q3,xiw,M3)^2*Den( - p4 + q2 + q3,0,0)^2*xiw*ufoGC58^2*ufoGC3*ufoGC4
          + 1/4*g_(1,6_,nu10)*FT1*g_(1,p4)*g_(2,nu14)*cFT(nu9,XX,i2,iufo3)*
         cFT(g7,XX,iufo3,i3)*flavourTag(fmu,j11,j12)*Den(p4,xiw,M3)^2*Den(q2
          + q3,xiw,M3)^2*Den( - p4 + q2 + q3,0,0)^2*p4.p4*d^-1*xia*xiw*
         ufoGC58^2*ufoGC3*ufoGC4
          - 1/4*g_(1,6_,nu10)*FT1*g_(1,p4)*g_(2,nu14)*cFT(nu9,XX,i2,iufo3)*
         cFT(g7,XX,iufo3,i3)*flavourTag(fmu,j11,j12)*Den(p4,xiw,M3)^2*Den(q2
          + q3,xiw,M3)^2*Den( - p4 + q2 + q3,0,0)^2*p4.p4*d^-1*xiw*ufoGC58^2*
         ufoGC3*ufoGC4
          + 1/4*g_(1,6_,nu10)*FT1*g_(1,q1)*g_(2,nu14)*cFT(nu9,XX,i2,iufo3)*
         cFT(g7,XX,iufo3,i3)*flavourTag(fmu,j11,j12)*Den(p4,xiw,M3)*Den(q2 + 
         q3,xiw,M3)^2*Den( - p4 + q2 + q3,0,0)^2*xia*xiw*ufoGC58^2*ufoGC3*
         ufoGC4
          - 1/4*g_(1,6_,nu10)*FT1*g_(1,q1)*g_(2,nu14)*cFT(nu9,XX,i2,iufo3)*
         cFT(g7,XX,iufo3,i3)*flavourTag(fmu,j11,j12)*Den(p4,xiw,M3)*Den(q2 + 
         q3,xiw,M3)^2*Den( - p4 + q2 + q3,0,0)^2*xiw*ufoGC58^2*ufoGC3*ufoGC4
          - 1/4*g_(1,6_,nu10)*FT1*g_(1,q1)*g_(2,nu14)*cFT(nu9,XX,i2,iufo3)*
         cFT(g7,XX,iufo3,i3)*flavourTag(fmu,j11,j12)*Den(p4,xiw,M3)^2*Den(q2
          + q3,xiw,M3)^2*Den( - p4 + q2 + q3,0,0)^2*p4.p4*d^-1*xia*xiw*
         ufoGC58^2*ufoGC3*ufoGC4
          + 1/4*g_(1,6_,nu10)*FT1*g_(1,q1)*g_(2,nu14)*cFT(nu9,XX,i2,iufo3)*
         cFT(g7,XX,iufo3,i3)*flavourTag(fmu,j11,j12)*Den(p4,xiw,M3)^2*Den(q2
          + q3,xiw,M3)^2*Den( - p4 + q2 + q3,0,0)^2*p4.p4*d^-1*xiw*ufoGC58^2*
         ufoGC3*ufoGC4
          + 1/4*g_(1,6_,nu10)*FT1*g_(1,q2)*g_(2,nu14)*cFT(nu9,XX,i2,iufo3)*
         cFT(g7,XX,iufo3,i3)*flavourTag(fmu,j11,j12)*Den(p4,xiw,M3)*Den(q2 + 
         q3,xiw,M3)^2*Den( - p4 + q2 + q3,0,0)^2*xia*xiw*ufoGC58^2*ufoGC3*
         ufoGC4
          - 1/4*g_(1,6_,nu10)*FT1*g_(1,q2)*g_(2,nu14)*cFT(nu9,XX,i2,iufo3)*
         cFT(g7,XX,iufo3,i3)*flavourTag(fmu,j11,j12)*Den(p4,xiw,M3)*Den(q2 + 
         q3,xiw,M3)^2*Den( - p4 + q2 + q3,0,0)^2*xiw*ufoGC58^2*ufoGC3*ufoGC4
          - 1/4*g_(1,6_,nu10)*FT1*g_(1,q2)*g_(2,nu14)*cFT(nu9,XX,i2,iufo3)*
         cFT(g7,XX,iufo3,i3)*flavourTag(fmu,j11,j12)*Den(p4,xiw,M3)^2*Den(q2
          + q3,xiw,M3)^2*Den( - p4 + q2 + q3,0,0)^2*p4.p4*d^-1*xia*xiw*
         ufoGC58^2*ufoGC3*ufoGC4
          + 1/4*g_(1,6_,nu10)*FT1*g_(1,q2)*g_(2,nu14)*cFT(nu9,XX,i2,iufo3)*
         cFT(g7,XX,iufo3,i3)*flavourTag(fmu,j11,j12)*Den(p4,xiw,M3)^2*Den(q2
          + q3,xiw,M3)^2*Den( - p4 + q2 + q3,0,0)^2*p4.p4*d^-1*xiw*ufoGC58^2*
         ufoGC3*ufoGC4
          + 1/4*g_(1,6_,nu10)*FT1*g_(1,q3)*g_(2,nu14)*cFT(nu9,XX,i2,iufo3)*
         cFT(g7,XX,iufo3,i3)*flavourTag(fmu,j11,j12)*Den(p4,xiw,M3)*Den(q2 + 
         q3,xiw,M3)^2*Den( - p4 + q2 + q3,0,0)^2*xia*xiw*ufoGC58^2*ufoGC3*
         ufoGC4
          - 1/4*g_(1,6_,nu10)*FT1*g_(1,q3)*g_(2,nu14)*cFT(nu9,XX,i2,iufo3)*
         cFT(g7,XX,iufo3,i3)*flavourTag(fmu,j11,j12)*Den(p4,xiw,M3)*Den(q2 + 
         q3,xiw,M3)^2*Den( - p4 + q2 + q3,0,0)^2*xiw*ufoGC58^2*ufoGC3*ufoGC4
          - 1/4*g_(1,6_,nu10)*FT1*g_(1,q3)*g_(2,nu14)*cFT(nu9,XX,i2,iufo3)*
         cFT(g7,XX,iufo3,i3)*flavourTag(fmu,j11,j12)*Den(p4,xiw,M3)^2*Den(q2
          + q3,xiw,M3)^2*Den( - p4 + q2 + q3,0,0)^2*p4.p4*d^-1*xia*xiw*
         ufoGC58^2*ufoGC3*ufoGC4
          + 1/4*g_(1,6_,nu10)*FT1*g_(1,q3)*g_(2,nu14)*cFT(nu9,XX,i2,iufo3)*
         cFT(g7,XX,iufo3,i3)*flavourTag(fmu,j11,j12)*Den(p4,xiw,M3)^2*Den(q2
          + q3,xiw,M3)^2*Den( - p4 + q2 + q3,0,0)^2*p4.p4*d^-1*xiw*ufoGC58^2*
         ufoGC3*ufoGC4
          )

       + Vec(nu14,q3)*Vec(nu9,q2)*Vec(nu10,q3)*Vec(nu13,q2)*Vec(nu13,q3) * (
          - 1/2*g_(1,6_,nu10)*FT1*g_(1,p4)*g_(2,nu14)*cFT(nu9,XX,i2,iufo3)*
         cFT(g7,XX,iufo3,i3)*flavourTag(fmu,j11,j12)*Den(p4,xiw,M3)*Den(q2 + 
         q3,xiw,M3)^2*Den( - p4 + q2 + q3,0,0)^2*xia*xiw*ufoGC58^2*ufoGC3*
         ufoGC4
          + 1/2*g_(1,6_,nu10)*FT1*g_(1,p4)*g_(2,nu14)*cFT(nu9,XX,i2,iufo3)*
         cFT(g7,XX,iufo3,i3)*flavourTag(fmu,j11,j12)*Den(p4,xiw,M3)*Den(q2 + 
         q3,xiw,M3)^2*Den( - p4 + q2 + q3,0,0)^2*xiw*ufoGC58^2*ufoGC3*ufoGC4
          + 1/2*g_(1,6_,nu10)*FT1*g_(1,p4)*g_(2,nu14)*cFT(nu9,XX,i2,iufo3)*
         cFT(g7,XX,iufo3,i3)*flavourTag(fmu,j11,j12)*Den(p4,xiw,M3)^2*Den(q2
          + q3,xiw,M3)^2*Den( - p4 + q2 + q3,0,0)^2*p4.p4*d^-1*xia*xiw*
         ufoGC58^2*ufoGC3*ufoGC4
          - 1/2*g_(1,6_,nu10)*FT1*g_(1,p4)*g_(2,nu14)*cFT(nu9,XX,i2,iufo3)*
         cFT(g7,XX,iufo3,i3)*flavourTag(fmu,j11,j12)*Den(p4,xiw,M3)^2*Den(q2
          + q3,xiw,M3)^2*Den( - p4 + q2 + q3,0,0)^2*p4.p4*d^-1*xiw*ufoGC58^2*
         ufoGC3*ufoGC4
          + 1/2*g_(1,6_,nu10)*FT1*g_(1,q1)*g_(2,nu14)*cFT(nu9,XX,i2,iufo3)*
         cFT(g7,XX,iufo3,i3)*flavourTag(fmu,j11,j12)*Den(p4,xiw,M3)*Den(q2 + 
         q3,xiw,M3)^2*Den( - p4 + q2 + q3,0,0)^2*xia*xiw*ufoGC58^2*ufoGC3*
         ufoGC4
          - 1/2*g_(1,6_,nu10)*FT1*g_(1,q1)*g_(2,nu14)*cFT(nu9,XX,i2,iufo3)*
         cFT(g7,XX,iufo3,i3)*flavourTag(fmu,j11,j12)*Den(p4,xiw,M3)*Den(q2 + 
         q3,xiw,M3)^2*Den( - p4 + q2 + q3,0,0)^2*xiw*ufoGC58^2*ufoGC3*ufoGC4
          - 1/2*g_(1,6_,nu10)*FT1*g_(1,q1)*g_(2,nu14)*cFT(nu9,XX,i2,iufo3)*
         cFT(g7,XX,iufo3,i3)*flavourTag(fmu,j11,j12)*Den(p4,xiw,M3)^2*Den(q2
          + q3,xiw,M3)^2*Den( - p4 + q2 + q3,0,0)^2*p4.p4*d^-1*xia*xiw*
         ufoGC58^2*ufoGC3*ufoGC4
          + 1/2*g_(1,6_,nu10)*FT1*g_(1,q1)*g_(2,nu14)*cFT(nu9,XX,i2,iufo3)*
         cFT(g7,XX,iufo3,i3)*flavourTag(fmu,j11,j12)*Den(p4,xiw,M3)^2*Den(q2
          + q3,xiw,M3)^2*Den( - p4 + q2 + q3,0,0)^2*p4.p4*d^-1*xiw*ufoGC58^2*
         ufoGC3*ufoGC4
          + 1/2*g_(1,6_,nu10)*FT1*g_(1,q2)*g_(2,nu14)*cFT(nu9,XX,i2,iufo3)*
         cFT(g7,XX,iufo3,i3)*flavourTag(fmu,j11,j12)*Den(p4,xiw,M3)*Den(q2 + 
         q3,xiw,M3)^2*Den( - p4 + q2 + q3,0,0)^2*xia*xiw*ufoGC58^2*ufoGC3*
         ufoGC4
          - 1/2*g_(1,6_,nu10)*FT1*g_(1,q2)*g_(2,nu14)*cFT(nu9,XX,i2,iufo3)*
         cFT(g7,XX,iufo3,i3)*flavourTag(fmu,j11,j12)*Den(p4,xiw,M3)*Den(q2 + 
         q3,xiw,M3)^2*Den( - p4 + q2 + q3,0,0)^2*xiw*ufoGC58^2*ufoGC3*ufoGC4
          - 1/2*g_(1,6_,nu10)*FT1*g_(1,q2)*g_(2,nu14)*cFT(nu9,XX,i2,iufo3)*
         cFT(g7,XX,iufo3,i3)*flavourTag(fmu,j11,j12)*Den(p4,xiw,M3)^2*Den(q2
          + q3,xiw,M3)^2*Den( - p4 + q2 + q3,0,0)^2*p4.p4*d^-1*xia*xiw*
         ufoGC58^2*ufoGC3*ufoGC4
          + 1/2*g_(1,6_,nu10)*FT1*g_(1,q2)*g_(2,nu14)*cFT(nu9,XX,i2,iufo3)*
         cFT(g7,XX,iufo3,i3)*flavourTag(fmu,j11,j12)*Den(p4,xiw,M3)^2*Den(q2
          + q3,xiw,M3)^2*Den( - p4 + q2 + q3,0,0)^2*p4.p4*d^-1*xiw*ufoGC58^2*
         ufoGC3*ufoGC4
          + 1/2*g_(1,6_,nu10)*FT1*g_(1,q3)*g_(2,nu14)*cFT(nu9,XX,i2,iufo3)*
         cFT(g7,XX,iufo3,i3)*flavourTag(fmu,j11,j12)*Den(p4,xiw,M3)*Den(q2 + 
         q3,xiw,M3)^2*Den( - p4 + q2 + q3,0,0)^2*xia*xiw*ufoGC58^2*ufoGC3*
         ufoGC4
          - 1/2*g_(1,6_,nu10)*FT1*g_(1,q3)*g_(2,nu14)*cFT(nu9,XX,i2,iufo3)*
         cFT(g7,XX,iufo3,i3)*flavourTag(fmu,j11,j12)*Den(p4,xiw,M3)*Den(q2 + 
         q3,xiw,M3)^2*Den( - p4 + q2 + q3,0,0)^2*xiw*ufoGC58^2*ufoGC3*ufoGC4
          - 1/2*g_(1,6_,nu10)*FT1*g_(1,q3)*g_(2,nu14)*cFT(nu9,XX,i2,iufo3)*
         cFT(g7,XX,iufo3,i3)*flavourTag(fmu,j11,j12)*Den(p4,xiw,M3)^2*Den(q2
          + q3,xiw,M3)^2*Den( - p4 + q2 + q3,0,0)^2*p4.p4*d^-1*xia*xiw*
         ufoGC58^2*ufoGC3*ufoGC4
          + 1/2*g_(1,6_,nu10)*FT1*g_(1,q3)*g_(2,nu14)*cFT(nu9,XX,i2,iufo3)*
         cFT(g7,XX,iufo3,i3)*flavourTag(fmu,j11,j12)*Den(p4,xiw,M3)^2*Den(q2
          + q3,xiw,M3)^2*Den( - p4 + q2 + q3,0,0)^2*p4.p4*d^-1*xiw*ufoGC58^2*
         ufoGC3*ufoGC4
          )

       + Vec(nu14,q3)*Vec(nu9,q2)*Vec(nu10,q3)*Vec(nu13,q3)^2 * (
          - 1/4*g_(1,6_,nu10)*FT1*g_(1,p4)*g_(2,nu14)*cFT(nu9,XX,i2,iufo3)*
         cFT(g7,XX,iufo3,i3)*flavourTag(fmu,j11,j12)*Den(p4,xiw,M3)*Den(q2 + 
         q3,xiw,M3)^2*Den( - p4 + q2 + q3,0,0)^2*xia*xiw*ufoGC58^2*ufoGC3*
         ufoGC4
          + 1/4*g_(1,6_,nu10)*FT1*g_(1,p4)*g_(2,nu14)*cFT(nu9,XX,i2,iufo3)*
         cFT(g7,XX,iufo3,i3)*flavourTag(fmu,j11,j12)*Den(p4,xiw,M3)*Den(q2 + 
         q3,xiw,M3)^2*Den( - p4 + q2 + q3,0,0)^2*xiw*ufoGC58^2*ufoGC3*ufoGC4
          + 1/4*g_(1,6_,nu10)*FT1*g_(1,p4)*g_(2,nu14)*cFT(nu9,XX,i2,iufo3)*
         cFT(g7,XX,iufo3,i3)*flavourTag(fmu,j11,j12)*Den(p4,xiw,M3)^2*Den(q2
          + q3,xiw,M3)^2*Den( - p4 + q2 + q3,0,0)^2*p4.p4*d^-1*xia*xiw*
         ufoGC58^2*ufoGC3*ufoGC4
          - 1/4*g_(1,6_,nu10)*FT1*g_(1,p4)*g_(2,nu14)*cFT(nu9,XX,i2,iufo3)*
         cFT(g7,XX,iufo3,i3)*flavourTag(fmu,j11,j12)*Den(p4,xiw,M3)^2*Den(q2
          + q3,xiw,M3)^2*Den( - p4 + q2 + q3,0,0)^2*p4.p4*d^-1*xiw*ufoGC58^2*
         ufoGC3*ufoGC4
          + 1/4*g_(1,6_,nu10)*FT1*g_(1,q1)*g_(2,nu14)*cFT(nu9,XX,i2,iufo3)*
         cFT(g7,XX,iufo3,i3)*flavourTag(fmu,j11,j12)*Den(p4,xiw,M3)*Den(q2 + 
         q3,xiw,M3)^2*Den( - p4 + q2 + q3,0,0)^2*xia*xiw*ufoGC58^2*ufoGC3*
         ufoGC4
          - 1/4*g_(1,6_,nu10)*FT1*g_(1,q1)*g_(2,nu14)*cFT(nu9,XX,i2,iufo3)*
         cFT(g7,XX,iufo3,i3)*flavourTag(fmu,j11,j12)*Den(p4,xiw,M3)*Den(q2 + 
         q3,xiw,M3)^2*Den( - p4 + q2 + q3,0,0)^2*xiw*ufoGC58^2*ufoGC3*ufoGC4
          - 1/4*g_(1,6_,nu10)*FT1*g_(1,q1)*g_(2,nu14)*cFT(nu9,XX,i2,iufo3)*
         cFT(g7,XX,iufo3,i3)*flavourTag(fmu,j11,j12)*Den(p4,xiw,M3)^2*Den(q2
          + q3,xiw,M3)^2*Den( - p4 + q2 + q3,0,0)^2*p4.p4*d^-1*xia*xiw*
         ufoGC58^2*ufoGC3*ufoGC4
          + 1/4*g_(1,6_,nu10)*FT1*g_(1,q1)*g_(2,nu14)*cFT(nu9,XX,i2,iufo3)*
         cFT(g7,XX,iufo3,i3)*flavourTag(fmu,j11,j12)*Den(p4,xiw,M3)^2*Den(q2
          + q3,xiw,M3)^2*Den( - p4 + q2 + q3,0,0)^2*p4.p4*d^-1*xiw*ufoGC58^2*
         ufoGC3*ufoGC4
          + 1/4*g_(1,6_,nu10)*FT1*g_(1,q2)*g_(2,nu14)*cFT(nu9,XX,i2,iufo3)*
         cFT(g7,XX,iufo3,i3)*flavourTag(fmu,j11,j12)*Den(p4,xiw,M3)*Den(q2 + 
         q3,xiw,M3)^2*Den( - p4 + q2 + q3,0,0)^2*xia*xiw*ufoGC58^2*ufoGC3*
         ufoGC4
          - 1/4*g_(1,6_,nu10)*FT1*g_(1,q2)*g_(2,nu14)*cFT(nu9,XX,i2,iufo3)*
         cFT(g7,XX,iufo3,i3)*flavourTag(fmu,j11,j12)*Den(p4,xiw,M3)*Den(q2 + 
         q3,xiw,M3)^2*Den( - p4 + q2 + q3,0,0)^2*xiw*ufoGC58^2*ufoGC3*ufoGC4
          - 1/4*g_(1,6_,nu10)*FT1*g_(1,q2)*g_(2,nu14)*cFT(nu9,XX,i2,iufo3)*
         cFT(g7,XX,iufo3,i3)*flavourTag(fmu,j11,j12)*Den(p4,xiw,M3)^2*Den(q2
          + q3,xiw,M3)^2*Den( - p4 + q2 + q3,0,0)^2*p4.p4*d^-1*xia*xiw*
         ufoGC58^2*ufoGC3*ufoGC4
          + 1/4*g_(1,6_,nu10)*FT1*g_(1,q2)*g_(2,nu14)*cFT(nu9,XX,i2,iufo3)*
         cFT(g7,XX,iufo3,i3)*flavourTag(fmu,j11,j12)*Den(p4,xiw,M3)^2*Den(q2
          + q3,xiw,M3)^2*Den( - p4 + q2 + q3,0,0)^2*p4.p4*d^-1*xiw*ufoGC58^2*
         ufoGC3*ufoGC4
          + 1/4*g_(1,6_,nu10)*FT1*g_(1,q3)*g_(2,nu14)*cFT(nu9,XX,i2,iufo3)*
         cFT(g7,XX,iufo3,i3)*flavourTag(fmu,j11,j12)*Den(p4,xiw,M3)*Den(q2 + 
         q3,xiw,M3)^2*Den( - p4 + q2 + q3,0,0)^2*xia*xiw*ufoGC58^2*ufoGC3*
         ufoGC4
          - 1/4*g_(1,6_,nu10)*FT1*g_(1,q3)*g_(2,nu14)*cFT(nu9,XX,i2,iufo3)*
         cFT(g7,XX,iufo3,i3)*flavourTag(fmu,j11,j12)*Den(p4,xiw,M3)*Den(q2 + 
         q3,xiw,M3)^2*Den( - p4 + q2 + q3,0,0)^2*xiw*ufoGC58^2*ufoGC3*ufoGC4
          - 1/4*g_(1,6_,nu10)*FT1*g_(1,q3)*g_(2,nu14)*cFT(nu9,XX,i2,iufo3)*
         cFT(g7,XX,iufo3,i3)*flavourTag(fmu,j11,j12)*Den(p4,xiw,M3)^2*Den(q2
          + q3,xiw,M3)^2*Den( - p4 + q2 + q3,0,0)^2*p4.p4*d^-1*xia*xiw*
         ufoGC58^2*ufoGC3*ufoGC4
          + 1/4*g_(1,6_,nu10)*FT1*g_(1,q3)*g_(2,nu14)*cFT(nu9,XX,i2,iufo3)*
         cFT(g7,XX,iufo3,i3)*flavourTag(fmu,j11,j12)*Den(p4,xiw,M3)^2*Den(q2
          + q3,xiw,M3)^2*Den( - p4 + q2 + q3,0,0)^2*p4.p4*d^-1*xiw*ufoGC58^2*
         ufoGC3*ufoGC4
          )

       + Vec(nu14,q3)*Vec(nu9,q2)*Vec(nu10,q3) * (
          + 1/4*g_(1,6_,nu10)*FT1*g_(1,p4)*g_(2,nu14)*cFT(nu9,XX,i2,iufo3)*
         cFT(g7,XX,iufo3,i3)*flavourTag(fmu,j11,j12)*Den(p4,xiw,M3)*Den(q2 + 
         q3,xiw,M3)^2*Den( - p4 + q2 + q3,0,0)^2*p4.p4*xia*xiw*ufoGC58^2*
         ufoGC3*ufoGC4
          - 1/4*g_(1,6_,nu10)*FT1*g_(1,p4)*g_(2,nu14)*cFT(nu9,XX,i2,iufo3)*
         cFT(g7,XX,iufo3,i3)*flavourTag(fmu,j11,j12)*Den(p4,xiw,M3)*Den(q2 + 
         q3,xiw,M3)^2*Den( - p4 + q2 + q3,0,0)^2*p4.p4*xiw*ufoGC58^2*ufoGC3*
         ufoGC4
          - 1/4*g_(1,6_,nu10)*FT1*g_(1,q1)*g_(2,nu14)*cFT(nu9,XX,i2,iufo3)*
         cFT(g7,XX,iufo3,i3)*flavourTag(fmu,j11,j12)*Den(p4,xiw,M3)*Den(q2 + 
         q3,xiw,M3)^2*Den( - p4 + q2 + q3,0,0)^2*p4.p4*xia*xiw*ufoGC58^2*
         ufoGC3*ufoGC4
          + 1/4*g_(1,6_,nu10)*FT1*g_(1,q1)*g_(2,nu14)*cFT(nu9,XX,i2,iufo3)*
         cFT(g7,XX,iufo3,i3)*flavourTag(fmu,j11,j12)*Den(p4,xiw,M3)*Den(q2 + 
         q3,xiw,M3)^2*Den( - p4 + q2 + q3,0,0)^2*p4.p4*xiw*ufoGC58^2*ufoGC3*
         ufoGC4
          - 1/4*g_(1,6_,nu10)*FT1*g_(1,q2)*g_(2,nu14)*cFT(nu9,XX,i2,iufo3)*
         cFT(g7,XX,iufo3,i3)*flavourTag(fmu,j11,j12)*Den(p4,xiw,M3)*Den(q2 + 
         q3,xiw,M3)^2*Den( - p4 + q2 + q3,0,0)^2*p4.p4*xia*xiw*ufoGC58^2*
         ufoGC3*ufoGC4
          + 1/4*g_(1,6_,nu10)*FT1*g_(1,q2)*g_(2,nu14)*cFT(nu9,XX,i2,iufo3)*
         cFT(g7,XX,iufo3,i3)*flavourTag(fmu,j11,j12)*Den(p4,xiw,M3)*Den(q2 + 
         q3,xiw,M3)^2*Den( - p4 + q2 + q3,0,0)^2*p4.p4*xiw*ufoGC58^2*ufoGC3*
         ufoGC4
          - 1/4*g_(1,6_,nu10)*FT1*g_(1,q3)*g_(2,nu14)*cFT(nu9,XX,i2,iufo3)*
         cFT(g7,XX,iufo3,i3)*flavourTag(fmu,j11,j12)*Den(p4,xiw,M3)*Den(q2 + 
         q3,xiw,M3)^2*Den( - p4 + q2 + q3,0,0)^2*p4.p4*xia*xiw*ufoGC58^2*
         ufoGC3*ufoGC4
          + 1/4*g_(1,6_,nu10)*FT1*g_(1,q3)*g_(2,nu14)*cFT(nu9,XX,i2,iufo3)*
         cFT(g7,XX,iufo3,i3)*flavourTag(fmu,j11,j12)*Den(p4,xiw,M3)*Den(q2 + 
         q3,xiw,M3)^2*Den( - p4 + q2 + q3,0,0)^2*p4.p4*xiw*ufoGC58^2*ufoGC3*
         ufoGC4
          )

       + Vec(nu14,q3)*Vec(nu9,q2)*Vec(nu15,q2) * (
          - 1/4*g_(1,6_,nu15)*FT1*g_(1,p4)*g_(2,nu14)*cFT(nu9,XX,i2,iufo3)*
         cFT(g7,XX,iufo3,i3)*flavourTag(fmu,j11,j12)*Den(p4,xiw,M3)*Den(q2 + 
         q3,xiw,M3)^2*Den( - p4 + q2 + q3,0,0)^2*p4.p4*d^-1*xia*xiw*ufoGC58^2*
         ufoGC3*ufoGC4
          + 1/4*g_(1,6_,nu15)*FT1*g_(1,p4)*g_(2,nu14)*cFT(nu9,XX,i2,iufo3)*
         cFT(g7,XX,iufo3,i3)*flavourTag(fmu,j11,j12)*Den(p4,xiw,M3)*Den(q2 + 
         q3,xiw,M3)^2*Den( - p4 + q2 + q3,0,0)^2*p4.p4*d^-1*xiw*ufoGC58^2*
         ufoGC3*ufoGC4
          + 1/4*g_(1,6_,nu15)*FT1*g_(1,q1)*g_(2,nu14)*cFT(nu9,XX,i2,iufo3)*
         cFT(g7,XX,iufo3,i3)*flavourTag(fmu,j11,j12)*Den(p4,xiw,M3)*Den(q2 + 
         q3,xiw,M3)^2*Den( - p4 + q2 + q3,0,0)^2*p4.p4*d^-1*xia*xiw*ufoGC58^2*
         ufoGC3*ufoGC4
          - 1/4*g_(1,6_,nu15)*FT1*g_(1,q1)*g_(2,nu14)*cFT(nu9,XX,i2,iufo3)*
         cFT(g7,XX,iufo3,i3)*flavourTag(fmu,j11,j12)*Den(p4,xiw,M3)*Den(q2 + 
         q3,xiw,M3)^2*Den( - p4 + q2 + q3,0,0)^2*p4.p4*d^-1*xiw*ufoGC58^2*
         ufoGC3*ufoGC4
          + 1/4*g_(1,6_,nu15)*FT1*g_(1,q2)*g_(2,nu14)*cFT(nu9,XX,i2,iufo3)*
         cFT(g7,XX,iufo3,i3)*flavourTag(fmu,j11,j12)*Den(p4,xiw,M3)*Den(q2 + 
         q3,xiw,M3)^2*Den( - p4 + q2 + q3,0,0)^2*p4.p4*d^-1*xia*xiw*ufoGC58^2*
         ufoGC3*ufoGC4
          - 1/4*g_(1,6_,nu15)*FT1*g_(1,q2)*g_(2,nu14)*cFT(nu9,XX,i2,iufo3)*
         cFT(g7,XX,iufo3,i3)*flavourTag(fmu,j11,j12)*Den(p4,xiw,M3)*Den(q2 + 
         q3,xiw,M3)^2*Den( - p4 + q2 + q3,0,0)^2*p4.p4*d^-1*xiw*ufoGC58^2*
         ufoGC3*ufoGC4
          + 1/4*g_(1,6_,nu15)*FT1*g_(1,q3)*g_(2,nu14)*cFT(nu9,XX,i2,iufo3)*
         cFT(g7,XX,iufo3,i3)*flavourTag(fmu,j11,j12)*Den(p4,xiw,M3)*Den(q2 + 
         q3,xiw,M3)^2*Den( - p4 + q2 + q3,0,0)^2*p4.p4*d^-1*xia*xiw*ufoGC58^2*
         ufoGC3*ufoGC4
          - 1/4*g_(1,6_,nu15)*FT1*g_(1,q3)*g_(2,nu14)*cFT(nu9,XX,i2,iufo3)*
         cFT(g7,XX,iufo3,i3)*flavourTag(fmu,j11,j12)*Den(p4,xiw,M3)*Den(q2 + 
         q3,xiw,M3)^2*Den( - p4 + q2 + q3,0,0)^2*p4.p4*d^-1*xiw*ufoGC58^2*
         ufoGC3*ufoGC4
          )

       + Vec(nu14,q3)*Vec(nu9,q2)*Vec(nu15,q3) * (
          - 1/4*g_(1,6_,nu15)*FT1*g_(1,p4)*g_(2,nu14)*cFT(nu9,XX,i2,iufo3)*
         cFT(g7,XX,iufo3,i3)*flavourTag(fmu,j11,j12)*Den(p4,xiw,M3)*Den(q2 + 
         q3,xiw,M3)^2*Den( - p4 + q2 + q3,0,0)^2*p4.p4*d^-1*xia*xiw*ufoGC58^2*
         ufoGC3*ufoGC4
          + 1/4*g_(1,6_,nu15)*FT1*g_(1,p4)*g_(2,nu14)*cFT(nu9,XX,i2,iufo3)*
         cFT(g7,XX,iufo3,i3)*flavourTag(fmu,j11,j12)*Den(p4,xiw,M3)*Den(q2 + 
         q3,xiw,M3)^2*Den( - p4 + q2 + q3,0,0)^2*p4.p4*d^-1*xiw*ufoGC58^2*
         ufoGC3*ufoGC4
          + 1/4*g_(1,6_,nu15)*FT1*g_(1,q1)*g_(2,nu14)*cFT(nu9,XX,i2,iufo3)*
         cFT(g7,XX,iufo3,i3)*flavourTag(fmu,j11,j12)*Den(p4,xiw,M3)*Den(q2 + 
         q3,xiw,M3)^2*Den( - p4 + q2 + q3,0,0)^2*p4.p4*d^-1*xia*xiw*ufoGC58^2*
         ufoGC3*ufoGC4
          - 1/4*g_(1,6_,nu15)*FT1*g_(1,q1)*g_(2,nu14)*cFT(nu9,XX,i2,iufo3)*
         cFT(g7,XX,iufo3,i3)*flavourTag(fmu,j11,j12)*Den(p4,xiw,M3)*Den(q2 + 
         q3,xiw,M3)^2*Den( - p4 + q2 + q3,0,0)^2*p4.p4*d^-1*xiw*ufoGC58^2*
         ufoGC3*ufoGC4
          + 1/4*g_(1,6_,nu15)*FT1*g_(1,q2)*g_(2,nu14)*cFT(nu9,XX,i2,iufo3)*
         cFT(g7,XX,iufo3,i3)*flavourTag(fmu,j11,j12)*Den(p4,xiw,M3)*Den(q2 + 
         q3,xiw,M3)^2*Den( - p4 + q2 + q3,0,0)^2*p4.p4*d^-1*xia*xiw*ufoGC58^2*
         ufoGC3*ufoGC4
          - 1/4*g_(1,6_,nu15)*FT1*g_(1,q2)*g_(2,nu14)*cFT(nu9,XX,i2,iufo3)*
         cFT(g7,XX,iufo3,i3)*flavourTag(fmu,j11,j12)*Den(p4,xiw,M3)*Den(q2 + 
         q3,xiw,M3)^2*Den( - p4 + q2 + q3,0,0)^2*p4.p4*d^-1*xiw*ufoGC58^2*
         ufoGC3*ufoGC4
          + 1/4*g_(1,6_,nu15)*FT1*g_(1,q3)*g_(2,nu14)*cFT(nu9,XX,i2,iufo3)*
         cFT(g7,XX,iufo3,i3)*flavourTag(fmu,j11,j12)*Den(p4,xiw,M3)*Den(q2 + 
         q3,xiw,M3)^2*Den( - p4 + q2 + q3,0,0)^2*p4.p4*d^-1*xia*xiw*ufoGC58^2*
         ufoGC3*ufoGC4
          - 1/4*g_(1,6_,nu15)*FT1*g_(1,q3)*g_(2,nu14)*cFT(nu9,XX,i2,iufo3)*
         cFT(g7,XX,iufo3,i3)*flavourTag(fmu,j11,j12)*Den(p4,xiw,M3)*Den(q2 + 
         q3,xiw,M3)^2*Den( - p4 + q2 + q3,0,0)^2*p4.p4*d^-1*xiw*ufoGC58^2*
         ufoGC3*ufoGC4
          )

       + Vec(nu14,q3)*Vec(nu9,q3)*Vec(nu10,q2)^2*Vec(nu15,q2) * (
          + 1/4*g_(1,6_,nu15)*FT1*g_(1,p4)*g_(2,nu14)*cFT(nu9,XX,i2,iufo3)*
         cFT(g7,XX,iufo3,i3)*flavourTag(fmu,j11,j12)*Den(p4,xiw,M3)*Den(q2 + 
         q3,xiw,M3)^2*Den( - p4 + q2 + q3,0,0)^2*xia*xiw*ufoGC58^2*ufoGC3*
         ufoGC4
          - 1/4*g_(1,6_,nu15)*FT1*g_(1,p4)*g_(2,nu14)*cFT(nu9,XX,i2,iufo3)*
         cFT(g7,XX,iufo3,i3)*flavourTag(fmu,j11,j12)*Den(p4,xiw,M3)*Den(q2 + 
         q3,xiw,M3)^2*Den( - p4 + q2 + q3,0,0)^2*xiw*ufoGC58^2*ufoGC3*ufoGC4
          - 1/4*g_(1,6_,nu15)*FT1*g_(1,p4)*g_(2,nu14)*cFT(nu9,XX,i2,iufo3)*
         cFT(g7,XX,iufo3,i3)*flavourTag(fmu,j11,j12)*Den(p4,xiw,M3)^2*Den(q2
          + q3,xiw,M3)^2*Den( - p4 + q2 + q3,0,0)^2*p4.p4*d^-1*xia*xiw*
         ufoGC58^2*ufoGC3*ufoGC4
          + 1/4*g_(1,6_,nu15)*FT1*g_(1,p4)*g_(2,nu14)*cFT(nu9,XX,i2,iufo3)*
         cFT(g7,XX,iufo3,i3)*flavourTag(fmu,j11,j12)*Den(p4,xiw,M3)^2*Den(q2
          + q3,xiw,M3)^2*Den( - p4 + q2 + q3,0,0)^2*p4.p4*d^-1*xiw*ufoGC58^2*
         ufoGC3*ufoGC4
          - 1/4*g_(1,6_,nu15)*FT1*g_(1,q1)*g_(2,nu14)*cFT(nu9,XX,i2,iufo3)*
         cFT(g7,XX,iufo3,i3)*flavourTag(fmu,j11,j12)*Den(p4,xiw,M3)*Den(q2 + 
         q3,xiw,M3)^2*Den( - p4 + q2 + q3,0,0)^2*xia*xiw*ufoGC58^2*ufoGC3*
         ufoGC4
          + 1/4*g_(1,6_,nu15)*FT1*g_(1,q1)*g_(2,nu14)*cFT(nu9,XX,i2,iufo3)*
         cFT(g7,XX,iufo3,i3)*flavourTag(fmu,j11,j12)*Den(p4,xiw,M3)*Den(q2 + 
         q3,xiw,M3)^2*Den( - p4 + q2 + q3,0,0)^2*xiw*ufoGC58^2*ufoGC3*ufoGC4
          + 1/4*g_(1,6_,nu15)*FT1*g_(1,q1)*g_(2,nu14)*cFT(nu9,XX,i2,iufo3)*
         cFT(g7,XX,iufo3,i3)*flavourTag(fmu,j11,j12)*Den(p4,xiw,M3)^2*Den(q2
          + q3,xiw,M3)^2*Den( - p4 + q2 + q3,0,0)^2*p4.p4*d^-1*xia*xiw*
         ufoGC58^2*ufoGC3*ufoGC4
          - 1/4*g_(1,6_,nu15)*FT1*g_(1,q1)*g_(2,nu14)*cFT(nu9,XX,i2,iufo3)*
         cFT(g7,XX,iufo3,i3)*flavourTag(fmu,j11,j12)*Den(p4,xiw,M3)^2*Den(q2
          + q3,xiw,M3)^2*Den( - p4 + q2 + q3,0,0)^2*p4.p4*d^-1*xiw*ufoGC58^2*
         ufoGC3*ufoGC4
          - 1/4*g_(1,6_,nu15)*FT1*g_(1,q2)*g_(2,nu14)*cFT(nu9,XX,i2,iufo3)*
         cFT(g7,XX,iufo3,i3)*flavourTag(fmu,j11,j12)*Den(p4,xiw,M3)*Den(q2 + 
         q3,xiw,M3)^2*Den( - p4 + q2 + q3,0,0)^2*xia*xiw*ufoGC58^2*ufoGC3*
         ufoGC4
          + 1/4*g_(1,6_,nu15)*FT1*g_(1,q2)*g_(2,nu14)*cFT(nu9,XX,i2,iufo3)*
         cFT(g7,XX,iufo3,i3)*flavourTag(fmu,j11,j12)*Den(p4,xiw,M3)*Den(q2 + 
         q3,xiw,M3)^2*Den( - p4 + q2 + q3,0,0)^2*xiw*ufoGC58^2*ufoGC3*ufoGC4
          + 1/4*g_(1,6_,nu15)*FT1*g_(1,q2)*g_(2,nu14)*cFT(nu9,XX,i2,iufo3)*
         cFT(g7,XX,iufo3,i3)*flavourTag(fmu,j11,j12)*Den(p4,xiw,M3)^2*Den(q2
          + q3,xiw,M3)^2*Den( - p4 + q2 + q3,0,0)^2*p4.p4*d^-1*xia*xiw*
         ufoGC58^2*ufoGC3*ufoGC4
          - 1/4*g_(1,6_,nu15)*FT1*g_(1,q2)*g_(2,nu14)*cFT(nu9,XX,i2,iufo3)*
         cFT(g7,XX,iufo3,i3)*flavourTag(fmu,j11,j12)*Den(p4,xiw,M3)^2*Den(q2
          + q3,xiw,M3)^2*Den( - p4 + q2 + q3,0,0)^2*p4.p4*d^-1*xiw*ufoGC58^2*
         ufoGC3*ufoGC4
          - 1/4*g_(1,6_,nu15)*FT1*g_(1,q3)*g_(2,nu14)*cFT(nu9,XX,i2,iufo3)*
         cFT(g7,XX,iufo3,i3)*flavourTag(fmu,j11,j12)*Den(p4,xiw,M3)*Den(q2 + 
         q3,xiw,M3)^2*Den( - p4 + q2 + q3,0,0)^2*xia*xiw*ufoGC58^2*ufoGC3*
         ufoGC4
          + 1/4*g_(1,6_,nu15)*FT1*g_(1,q3)*g_(2,nu14)*cFT(nu9,XX,i2,iufo3)*
         cFT(g7,XX,iufo3,i3)*flavourTag(fmu,j11,j12)*Den(p4,xiw,M3)*Den(q2 + 
         q3,xiw,M3)^2*Den( - p4 + q2 + q3,0,0)^2*xiw*ufoGC58^2*ufoGC3*ufoGC4
          + 1/4*g_(1,6_,nu15)*FT1*g_(1,q3)*g_(2,nu14)*cFT(nu9,XX,i2,iufo3)*
         cFT(g7,XX,iufo3,i3)*flavourTag(fmu,j11,j12)*Den(p4,xiw,M3)^2*Den(q2
          + q3,xiw,M3)^2*Den( - p4 + q2 + q3,0,0)^2*p4.p4*d^-1*xia*xiw*
         ufoGC58^2*ufoGC3*ufoGC4
          - 1/4*g_(1,6_,nu15)*FT1*g_(1,q3)*g_(2,nu14)*cFT(nu9,XX,i2,iufo3)*
         cFT(g7,XX,iufo3,i3)*flavourTag(fmu,j11,j12)*Den(p4,xiw,M3)^2*Den(q2
          + q3,xiw,M3)^2*Den( - p4 + q2 + q3,0,0)^2*p4.p4*d^-1*xiw*ufoGC58^2*
         ufoGC3*ufoGC4
          )

       + Vec(nu14,q3)*Vec(nu9,q3)*Vec(nu10,q2)^2*Vec(nu15,q3) * (
          + 1/4*g_(1,6_,nu15)*FT1*g_(1,p4)*g_(2,nu14)*cFT(nu9,XX,i2,iufo3)*
         cFT(g7,XX,iufo3,i3)*flavourTag(fmu,j11,j12)*Den(p4,xiw,M3)*Den(q2 + 
         q3,xiw,M3)^2*Den( - p4 + q2 + q3,0,0)^2*xia*xiw*ufoGC58^2*ufoGC3*
         ufoGC4
          - 1/4*g_(1,6_,nu15)*FT1*g_(1,p4)*g_(2,nu14)*cFT(nu9,XX,i2,iufo3)*
         cFT(g7,XX,iufo3,i3)*flavourTag(fmu,j11,j12)*Den(p4,xiw,M3)*Den(q2 + 
         q3,xiw,M3)^2*Den( - p4 + q2 + q3,0,0)^2*xiw*ufoGC58^2*ufoGC3*ufoGC4
          - 1/4*g_(1,6_,nu15)*FT1*g_(1,p4)*g_(2,nu14)*cFT(nu9,XX,i2,iufo3)*
         cFT(g7,XX,iufo3,i3)*flavourTag(fmu,j11,j12)*Den(p4,xiw,M3)^2*Den(q2
          + q3,xiw,M3)^2*Den( - p4 + q2 + q3,0,0)^2*p4.p4*d^-1*xia*xiw*
         ufoGC58^2*ufoGC3*ufoGC4
          + 1/4*g_(1,6_,nu15)*FT1*g_(1,p4)*g_(2,nu14)*cFT(nu9,XX,i2,iufo3)*
         cFT(g7,XX,iufo3,i3)*flavourTag(fmu,j11,j12)*Den(p4,xiw,M3)^2*Den(q2
          + q3,xiw,M3)^2*Den( - p4 + q2 + q3,0,0)^2*p4.p4*d^-1*xiw*ufoGC58^2*
         ufoGC3*ufoGC4
          - 1/4*g_(1,6_,nu15)*FT1*g_(1,q1)*g_(2,nu14)*cFT(nu9,XX,i2,iufo3)*
         cFT(g7,XX,iufo3,i3)*flavourTag(fmu,j11,j12)*Den(p4,xiw,M3)*Den(q2 + 
         q3,xiw,M3)^2*Den( - p4 + q2 + q3,0,0)^2*xia*xiw*ufoGC58^2*ufoGC3*
         ufoGC4
          + 1/4*g_(1,6_,nu15)*FT1*g_(1,q1)*g_(2,nu14)*cFT(nu9,XX,i2,iufo3)*
         cFT(g7,XX,iufo3,i3)*flavourTag(fmu,j11,j12)*Den(p4,xiw,M3)*Den(q2 + 
         q3,xiw,M3)^2*Den( - p4 + q2 + q3,0,0)^2*xiw*ufoGC58^2*ufoGC3*ufoGC4
          + 1/4*g_(1,6_,nu15)*FT1*g_(1,q1)*g_(2,nu14)*cFT(nu9,XX,i2,iufo3)*
         cFT(g7,XX,iufo3,i3)*flavourTag(fmu,j11,j12)*Den(p4,xiw,M3)^2*Den(q2
          + q3,xiw,M3)^2*Den( - p4 + q2 + q3,0,0)^2*p4.p4*d^-1*xia*xiw*
         ufoGC58^2*ufoGC3*ufoGC4
          - 1/4*g_(1,6_,nu15)*FT1*g_(1,q1)*g_(2,nu14)*cFT(nu9,XX,i2,iufo3)*
         cFT(g7,XX,iufo3,i3)*flavourTag(fmu,j11,j12)*Den(p4,xiw,M3)^2*Den(q2
          + q3,xiw,M3)^2*Den( - p4 + q2 + q3,0,0)^2*p4.p4*d^-1*xiw*ufoGC58^2*
         ufoGC3*ufoGC4
          - 1/4*g_(1,6_,nu15)*FT1*g_(1,q2)*g_(2,nu14)*cFT(nu9,XX,i2,iufo3)*
         cFT(g7,XX,iufo3,i3)*flavourTag(fmu,j11,j12)*Den(p4,xiw,M3)*Den(q2 + 
         q3,xiw,M3)^2*Den( - p4 + q2 + q3,0,0)^2*xia*xiw*ufoGC58^2*ufoGC3*
         ufoGC4
          + 1/4*g_(1,6_,nu15)*FT1*g_(1,q2)*g_(2,nu14)*cFT(nu9,XX,i2,iufo3)*
         cFT(g7,XX,iufo3,i3)*flavourTag(fmu,j11,j12)*Den(p4,xiw,M3)*Den(q2 + 
         q3,xiw,M3)^2*Den( - p4 + q2 + q3,0,0)^2*xiw*ufoGC58^2*ufoGC3*ufoGC4
          + 1/4*g_(1,6_,nu15)*FT1*g_(1,q2)*g_(2,nu14)*cFT(nu9,XX,i2,iufo3)*
         cFT(g7,XX,iufo3,i3)*flavourTag(fmu,j11,j12)*Den(p4,xiw,M3)^2*Den(q2
          + q3,xiw,M3)^2*Den( - p4 + q2 + q3,0,0)^2*p4.p4*d^-1*xia*xiw*
         ufoGC58^2*ufoGC3*ufoGC4
          - 1/4*g_(1,6_,nu15)*FT1*g_(1,q2)*g_(2,nu14)*cFT(nu9,XX,i2,iufo3)*
         cFT(g7,XX,iufo3,i3)*flavourTag(fmu,j11,j12)*Den(p4,xiw,M3)^2*Den(q2
          + q3,xiw,M3)^2*Den( - p4 + q2 + q3,0,0)^2*p4.p4*d^-1*xiw*ufoGC58^2*
         ufoGC3*ufoGC4
          - 1/4*g_(1,6_,nu15)*FT1*g_(1,q3)*g_(2,nu14)*cFT(nu9,XX,i2,iufo3)*
         cFT(g7,XX,iufo3,i3)*flavourTag(fmu,j11,j12)*Den(p4,xiw,M3)*Den(q2 + 
         q3,xiw,M3)^2*Den( - p4 + q2 + q3,0,0)^2*xia*xiw*ufoGC58^2*ufoGC3*
         ufoGC4
          + 1/4*g_(1,6_,nu15)*FT1*g_(1,q3)*g_(2,nu14)*cFT(nu9,XX,i2,iufo3)*
         cFT(g7,XX,iufo3,i3)*flavourTag(fmu,j11,j12)*Den(p4,xiw,M3)*Den(q2 + 
         q3,xiw,M3)^2*Den( - p4 + q2 + q3,0,0)^2*xiw*ufoGC58^2*ufoGC3*ufoGC4
          + 1/4*g_(1,6_,nu15)*FT1*g_(1,q3)*g_(2,nu14)*cFT(nu9,XX,i2,iufo3)*
         cFT(g7,XX,iufo3,i3)*flavourTag(fmu,j11,j12)*Den(p4,xiw,M3)^2*Den(q2
          + q3,xiw,M3)^2*Den( - p4 + q2 + q3,0,0)^2*p4.p4*d^-1*xia*xiw*
         ufoGC58^2*ufoGC3*ufoGC4
          - 1/4*g_(1,6_,nu15)*FT1*g_(1,q3)*g_(2,nu14)*cFT(nu9,XX,i2,iufo3)*
         cFT(g7,XX,iufo3,i3)*flavourTag(fmu,j11,j12)*Den(p4,xiw,M3)^2*Den(q2
          + q3,xiw,M3)^2*Den( - p4 + q2 + q3,0,0)^2*p4.p4*d^-1*xiw*ufoGC58^2*
         ufoGC3*ufoGC4
          )

       + Vec(nu14,q3)*Vec(nu9,q3)*Vec(nu10,q2)*Vec(nu10,q3)*Vec(nu15,q2) * (
          + 1/2*g_(1,6_,nu15)*FT1*g_(1,p4)*g_(2,nu14)*cFT(nu9,XX,i2,iufo3)*
         cFT(g7,XX,iufo3,i3)*flavourTag(fmu,j11,j12)*Den(p4,xiw,M3)*Den(q2 + 
         q3,xiw,M3)^2*Den( - p4 + q2 + q3,0,0)^2*xia*xiw*ufoGC58^2*ufoGC3*
         ufoGC4
          - 1/2*g_(1,6_,nu15)*FT1*g_(1,p4)*g_(2,nu14)*cFT(nu9,XX,i2,iufo3)*
         cFT(g7,XX,iufo3,i3)*flavourTag(fmu,j11,j12)*Den(p4,xiw,M3)*Den(q2 + 
         q3,xiw,M3)^2*Den( - p4 + q2 + q3,0,0)^2*xiw*ufoGC58^2*ufoGC3*ufoGC4
          - 1/2*g_(1,6_,nu15)*FT1*g_(1,p4)*g_(2,nu14)*cFT(nu9,XX,i2,iufo3)*
         cFT(g7,XX,iufo3,i3)*flavourTag(fmu,j11,j12)*Den(p4,xiw,M3)^2*Den(q2
          + q3,xiw,M3)^2*Den( - p4 + q2 + q3,0,0)^2*p4.p4*d^-1*xia*xiw*
         ufoGC58^2*ufoGC3*ufoGC4
          + 1/2*g_(1,6_,nu15)*FT1*g_(1,p4)*g_(2,nu14)*cFT(nu9,XX,i2,iufo3)*
         cFT(g7,XX,iufo3,i3)*flavourTag(fmu,j11,j12)*Den(p4,xiw,M3)^2*Den(q2
          + q3,xiw,M3)^2*Den( - p4 + q2 + q3,0,0)^2*p4.p4*d^-1*xiw*ufoGC58^2*
         ufoGC3*ufoGC4
          - 1/2*g_(1,6_,nu15)*FT1*g_(1,q1)*g_(2,nu14)*cFT(nu9,XX,i2,iufo3)*
         cFT(g7,XX,iufo3,i3)*flavourTag(fmu,j11,j12)*Den(p4,xiw,M3)*Den(q2 + 
         q3,xiw,M3)^2*Den( - p4 + q2 + q3,0,0)^2*xia*xiw*ufoGC58^2*ufoGC3*
         ufoGC4
          + 1/2*g_(1,6_,nu15)*FT1*g_(1,q1)*g_(2,nu14)*cFT(nu9,XX,i2,iufo3)*
         cFT(g7,XX,iufo3,i3)*flavourTag(fmu,j11,j12)*Den(p4,xiw,M3)*Den(q2 + 
         q3,xiw,M3)^2*Den( - p4 + q2 + q3,0,0)^2*xiw*ufoGC58^2*ufoGC3*ufoGC4
          + 1/2*g_(1,6_,nu15)*FT1*g_(1,q1)*g_(2,nu14)*cFT(nu9,XX,i2,iufo3)*
         cFT(g7,XX,iufo3,i3)*flavourTag(fmu,j11,j12)*Den(p4,xiw,M3)^2*Den(q2
          + q3,xiw,M3)^2*Den( - p4 + q2 + q3,0,0)^2*p4.p4*d^-1*xia*xiw*
         ufoGC58^2*ufoGC3*ufoGC4
          - 1/2*g_(1,6_,nu15)*FT1*g_(1,q1)*g_(2,nu14)*cFT(nu9,XX,i2,iufo3)*
         cFT(g7,XX,iufo3,i3)*flavourTag(fmu,j11,j12)*Den(p4,xiw,M3)^2*Den(q2
          + q3,xiw,M3)^2*Den( - p4 + q2 + q3,0,0)^2*p4.p4*d^-1*xiw*ufoGC58^2*
         ufoGC3*ufoGC4
          - 1/2*g_(1,6_,nu15)*FT1*g_(1,q2)*g_(2,nu14)*cFT(nu9,XX,i2,iufo3)*
         cFT(g7,XX,iufo3,i3)*flavourTag(fmu,j11,j12)*Den(p4,xiw,M3)*Den(q2 + 
         q3,xiw,M3)^2*Den( - p4 + q2 + q3,0,0)^2*xia*xiw*ufoGC58^2*ufoGC3*
         ufoGC4
          + 1/2*g_(1,6_,nu15)*FT1*g_(1,q2)*g_(2,nu14)*cFT(nu9,XX,i2,iufo3)*
         cFT(g7,XX,iufo3,i3)*flavourTag(fmu,j11,j12)*Den(p4,xiw,M3)*Den(q2 + 
         q3,xiw,M3)^2*Den( - p4 + q2 + q3,0,0)^2*xiw*ufoGC58^2*ufoGC3*ufoGC4
          + 1/2*g_(1,6_,nu15)*FT1*g_(1,q2)*g_(2,nu14)*cFT(nu9,XX,i2,iufo3)*
         cFT(g7,XX,iufo3,i3)*flavourTag(fmu,j11,j12)*Den(p4,xiw,M3)^2*Den(q2
          + q3,xiw,M3)^2*Den( - p4 + q2 + q3,0,0)^2*p4.p4*d^-1*xia*xiw*
         ufoGC58^2*ufoGC3*ufoGC4
          - 1/2*g_(1,6_,nu15)*FT1*g_(1,q2)*g_(2,nu14)*cFT(nu9,XX,i2,iufo3)*
         cFT(g7,XX,iufo3,i3)*flavourTag(fmu,j11,j12)*Den(p4,xiw,M3)^2*Den(q2
          + q3,xiw,M3)^2*Den( - p4 + q2 + q3,0,0)^2*p4.p4*d^-1*xiw*ufoGC58^2*
         ufoGC3*ufoGC4
          - 1/2*g_(1,6_,nu15)*FT1*g_(1,q3)*g_(2,nu14)*cFT(nu9,XX,i2,iufo3)*
         cFT(g7,XX,iufo3,i3)*flavourTag(fmu,j11,j12)*Den(p4,xiw,M3)*Den(q2 + 
         q3,xiw,M3)^2*Den( - p4 + q2 + q3,0,0)^2*xia*xiw*ufoGC58^2*ufoGC3*
         ufoGC4
          + 1/2*g_(1,6_,nu15)*FT1*g_(1,q3)*g_(2,nu14)*cFT(nu9,XX,i2,iufo3)*
         cFT(g7,XX,iufo3,i3)*flavourTag(fmu,j11,j12)*Den(p4,xiw,M3)*Den(q2 + 
         q3,xiw,M3)^2*Den( - p4 + q2 + q3,0,0)^2*xiw*ufoGC58^2*ufoGC3*ufoGC4
          + 1/2*g_(1,6_,nu15)*FT1*g_(1,q3)*g_(2,nu14)*cFT(nu9,XX,i2,iufo3)*
         cFT(g7,XX,iufo3,i3)*flavourTag(fmu,j11,j12)*Den(p4,xiw,M3)^2*Den(q2
          + q3,xiw,M3)^2*Den( - p4 + q2 + q3,0,0)^2*p4.p4*d^-1*xia*xiw*
         ufoGC58^2*ufoGC3*ufoGC4
          - 1/2*g_(1,6_,nu15)*FT1*g_(1,q3)*g_(2,nu14)*cFT(nu9,XX,i2,iufo3)*
         cFT(g7,XX,iufo3,i3)*flavourTag(fmu,j11,j12)*Den(p4,xiw,M3)^2*Den(q2
          + q3,xiw,M3)^2*Den( - p4 + q2 + q3,0,0)^2*p4.p4*d^-1*xiw*ufoGC58^2*
         ufoGC3*ufoGC4
          )

       + Vec(nu14,q3)*Vec(nu9,q3)*Vec(nu10,q2)*Vec(nu10,q3)*Vec(nu15,q3) * (
          + 1/2*g_(1,6_,nu15)*FT1*g_(1,p4)*g_(2,nu14)*cFT(nu9,XX,i2,iufo3)*
         cFT(g7,XX,iufo3,i3)*flavourTag(fmu,j11,j12)*Den(p4,xiw,M3)*Den(q2 + 
         q3,xiw,M3)^2*Den( - p4 + q2 + q3,0,0)^2*xia*xiw*ufoGC58^2*ufoGC3*
         ufoGC4
          - 1/2*g_(1,6_,nu15)*FT1*g_(1,p4)*g_(2,nu14)*cFT(nu9,XX,i2,iufo3)*
         cFT(g7,XX,iufo3,i3)*flavourTag(fmu,j11,j12)*Den(p4,xiw,M3)*Den(q2 + 
         q3,xiw,M3)^2*Den( - p4 + q2 + q3,0,0)^2*xiw*ufoGC58^2*ufoGC3*ufoGC4
          - 1/2*g_(1,6_,nu15)*FT1*g_(1,p4)*g_(2,nu14)*cFT(nu9,XX,i2,iufo3)*
         cFT(g7,XX,iufo3,i3)*flavourTag(fmu,j11,j12)*Den(p4,xiw,M3)^2*Den(q2
          + q3,xiw,M3)^2*Den( - p4 + q2 + q3,0,0)^2*p4.p4*d^-1*xia*xiw*
         ufoGC58^2*ufoGC3*ufoGC4
          + 1/2*g_(1,6_,nu15)*FT1*g_(1,p4)*g_(2,nu14)*cFT(nu9,XX,i2,iufo3)*
         cFT(g7,XX,iufo3,i3)*flavourTag(fmu,j11,j12)*Den(p4,xiw,M3)^2*Den(q2
          + q3,xiw,M3)^2*Den( - p4 + q2 + q3,0,0)^2*p4.p4*d^-1*xiw*ufoGC58^2*
         ufoGC3*ufoGC4
          - 1/2*g_(1,6_,nu15)*FT1*g_(1,q1)*g_(2,nu14)*cFT(nu9,XX,i2,iufo3)*
         cFT(g7,XX,iufo3,i3)*flavourTag(fmu,j11,j12)*Den(p4,xiw,M3)*Den(q2 + 
         q3,xiw,M3)^2*Den( - p4 + q2 + q3,0,0)^2*xia*xiw*ufoGC58^2*ufoGC3*
         ufoGC4
          + 1/2*g_(1,6_,nu15)*FT1*g_(1,q1)*g_(2,nu14)*cFT(nu9,XX,i2,iufo3)*
         cFT(g7,XX,iufo3,i3)*flavourTag(fmu,j11,j12)*Den(p4,xiw,M3)*Den(q2 + 
         q3,xiw,M3)^2*Den( - p4 + q2 + q3,0,0)^2*xiw*ufoGC58^2*ufoGC3*ufoGC4
          + 1/2*g_(1,6_,nu15)*FT1*g_(1,q1)*g_(2,nu14)*cFT(nu9,XX,i2,iufo3)*
         cFT(g7,XX,iufo3,i3)*flavourTag(fmu,j11,j12)*Den(p4,xiw,M3)^2*Den(q2
          + q3,xiw,M3)^2*Den( - p4 + q2 + q3,0,0)^2*p4.p4*d^-1*xia*xiw*
         ufoGC58^2*ufoGC3*ufoGC4
          - 1/2*g_(1,6_,nu15)*FT1*g_(1,q1)*g_(2,nu14)*cFT(nu9,XX,i2,iufo3)*
         cFT(g7,XX,iufo3,i3)*flavourTag(fmu,j11,j12)*Den(p4,xiw,M3)^2*Den(q2
          + q3,xiw,M3)^2*Den( - p4 + q2 + q3,0,0)^2*p4.p4*d^-1*xiw*ufoGC58^2*
         ufoGC3*ufoGC4
          - 1/2*g_(1,6_,nu15)*FT1*g_(1,q2)*g_(2,nu14)*cFT(nu9,XX,i2,iufo3)*
         cFT(g7,XX,iufo3,i3)*flavourTag(fmu,j11,j12)*Den(p4,xiw,M3)*Den(q2 + 
         q3,xiw,M3)^2*Den( - p4 + q2 + q3,0,0)^2*xia*xiw*ufoGC58^2*ufoGC3*
         ufoGC4
          + 1/2*g_(1,6_,nu15)*FT1*g_(1,q2)*g_(2,nu14)*cFT(nu9,XX,i2,iufo3)*
         cFT(g7,XX,iufo3,i3)*flavourTag(fmu,j11,j12)*Den(p4,xiw,M3)*Den(q2 + 
         q3,xiw,M3)^2*Den( - p4 + q2 + q3,0,0)^2*xiw*ufoGC58^2*ufoGC3*ufoGC4
          + 1/2*g_(1,6_,nu15)*FT1*g_(1,q2)*g_(2,nu14)*cFT(nu9,XX,i2,iufo3)*
         cFT(g7,XX,iufo3,i3)*flavourTag(fmu,j11,j12)*Den(p4,xiw,M3)^2*Den(q2
          + q3,xiw,M3)^2*Den( - p4 + q2 + q3,0,0)^2*p4.p4*d^-1*xia*xiw*
         ufoGC58^2*ufoGC3*ufoGC4
          - 1/2*g_(1,6_,nu15)*FT1*g_(1,q2)*g_(2,nu14)*cFT(nu9,XX,i2,iufo3)*
         cFT(g7,XX,iufo3,i3)*flavourTag(fmu,j11,j12)*Den(p4,xiw,M3)^2*Den(q2
          + q3,xiw,M3)^2*Den( - p4 + q2 + q3,0,0)^2*p4.p4*d^-1*xiw*ufoGC58^2*
         ufoGC3*ufoGC4
          - 1/2*g_(1,6_,nu15)*FT1*g_(1,q3)*g_(2,nu14)*cFT(nu9,XX,i2,iufo3)*
         cFT(g7,XX,iufo3,i3)*flavourTag(fmu,j11,j12)*Den(p4,xiw,M3)*Den(q2 + 
         q3,xiw,M3)^2*Den( - p4 + q2 + q3,0,0)^2*xia*xiw*ufoGC58^2*ufoGC3*
         ufoGC4
          + 1/2*g_(1,6_,nu15)*FT1*g_(1,q3)*g_(2,nu14)*cFT(nu9,XX,i2,iufo3)*
         cFT(g7,XX,iufo3,i3)*flavourTag(fmu,j11,j12)*Den(p4,xiw,M3)*Den(q2 + 
         q3,xiw,M3)^2*Den( - p4 + q2 + q3,0,0)^2*xiw*ufoGC58^2*ufoGC3*ufoGC4
          + 1/2*g_(1,6_,nu15)*FT1*g_(1,q3)*g_(2,nu14)*cFT(nu9,XX,i2,iufo3)*
         cFT(g7,XX,iufo3,i3)*flavourTag(fmu,j11,j12)*Den(p4,xiw,M3)^2*Den(q2
          + q3,xiw,M3)^2*Den( - p4 + q2 + q3,0,0)^2*p4.p4*d^-1*xia*xiw*
         ufoGC58^2*ufoGC3*ufoGC4
          - 1/2*g_(1,6_,nu15)*FT1*g_(1,q3)*g_(2,nu14)*cFT(nu9,XX,i2,iufo3)*
         cFT(g7,XX,iufo3,i3)*flavourTag(fmu,j11,j12)*Den(p4,xiw,M3)^2*Den(q2
          + q3,xiw,M3)^2*Den( - p4 + q2 + q3,0,0)^2*p4.p4*d^-1*xiw*ufoGC58^2*
         ufoGC3*ufoGC4
          )

       + Vec(nu14,q3)*Vec(nu9,q3)*Vec(nu10,q2)*Vec(nu13,q2)^2 * (
          - 1/4*g_(1,6_,nu10)*FT1*g_(1,p4)*g_(2,nu14)*cFT(nu9,XX,i2,iufo3)*
         cFT(g7,XX,iufo3,i3)*flavourTag(fmu,j11,j12)*Den(p4,xiw,M3)*Den(q2 + 
         q3,xiw,M3)^2*Den( - p4 + q2 + q3,0,0)^2*xia*xiw*ufoGC58^2*ufoGC3*
         ufoGC4
          + 1/4*g_(1,6_,nu10)*FT1*g_(1,p4)*g_(2,nu14)*cFT(nu9,XX,i2,iufo3)*
         cFT(g7,XX,iufo3,i3)*flavourTag(fmu,j11,j12)*Den(p4,xiw,M3)*Den(q2 + 
         q3,xiw,M3)^2*Den( - p4 + q2 + q3,0,0)^2*xiw*ufoGC58^2*ufoGC3*ufoGC4
          + 1/4*g_(1,6_,nu10)*FT1*g_(1,p4)*g_(2,nu14)*cFT(nu9,XX,i2,iufo3)*
         cFT(g7,XX,iufo3,i3)*flavourTag(fmu,j11,j12)*Den(p4,xiw,M3)^2*Den(q2
          + q3,xiw,M3)^2*Den( - p4 + q2 + q3,0,0)^2*p4.p4*d^-1*xia*xiw*
         ufoGC58^2*ufoGC3*ufoGC4
          - 1/4*g_(1,6_,nu10)*FT1*g_(1,p4)*g_(2,nu14)*cFT(nu9,XX,i2,iufo3)*
         cFT(g7,XX,iufo3,i3)*flavourTag(fmu,j11,j12)*Den(p4,xiw,M3)^2*Den(q2
          + q3,xiw,M3)^2*Den( - p4 + q2 + q3,0,0)^2*p4.p4*d^-1*xiw*ufoGC58^2*
         ufoGC3*ufoGC4
          + 1/4*g_(1,6_,nu10)*FT1*g_(1,q1)*g_(2,nu14)*cFT(nu9,XX,i2,iufo3)*
         cFT(g7,XX,iufo3,i3)*flavourTag(fmu,j11,j12)*Den(p4,xiw,M3)*Den(q2 + 
         q3,xiw,M3)^2*Den( - p4 + q2 + q3,0,0)^2*xia*xiw*ufoGC58^2*ufoGC3*
         ufoGC4
          - 1/4*g_(1,6_,nu10)*FT1*g_(1,q1)*g_(2,nu14)*cFT(nu9,XX,i2,iufo3)*
         cFT(g7,XX,iufo3,i3)*flavourTag(fmu,j11,j12)*Den(p4,xiw,M3)*Den(q2 + 
         q3,xiw,M3)^2*Den( - p4 + q2 + q3,0,0)^2*xiw*ufoGC58^2*ufoGC3*ufoGC4
          - 1/4*g_(1,6_,nu10)*FT1*g_(1,q1)*g_(2,nu14)*cFT(nu9,XX,i2,iufo3)*
         cFT(g7,XX,iufo3,i3)*flavourTag(fmu,j11,j12)*Den(p4,xiw,M3)^2*Den(q2
          + q3,xiw,M3)^2*Den( - p4 + q2 + q3,0,0)^2*p4.p4*d^-1*xia*xiw*
         ufoGC58^2*ufoGC3*ufoGC4
          + 1/4*g_(1,6_,nu10)*FT1*g_(1,q1)*g_(2,nu14)*cFT(nu9,XX,i2,iufo3)*
         cFT(g7,XX,iufo3,i3)*flavourTag(fmu,j11,j12)*Den(p4,xiw,M3)^2*Den(q2
          + q3,xiw,M3)^2*Den( - p4 + q2 + q3,0,0)^2*p4.p4*d^-1*xiw*ufoGC58^2*
         ufoGC3*ufoGC4
          + 1/4*g_(1,6_,nu10)*FT1*g_(1,q2)*g_(2,nu14)*cFT(nu9,XX,i2,iufo3)*
         cFT(g7,XX,iufo3,i3)*flavourTag(fmu,j11,j12)*Den(p4,xiw,M3)*Den(q2 + 
         q3,xiw,M3)^2*Den( - p4 + q2 + q3,0,0)^2*xia*xiw*ufoGC58^2*ufoGC3*
         ufoGC4
          - 1/4*g_(1,6_,nu10)*FT1*g_(1,q2)*g_(2,nu14)*cFT(nu9,XX,i2,iufo3)*
         cFT(g7,XX,iufo3,i3)*flavourTag(fmu,j11,j12)*Den(p4,xiw,M3)*Den(q2 + 
         q3,xiw,M3)^2*Den( - p4 + q2 + q3,0,0)^2*xiw*ufoGC58^2*ufoGC3*ufoGC4
          - 1/4*g_(1,6_,nu10)*FT1*g_(1,q2)*g_(2,nu14)*cFT(nu9,XX,i2,iufo3)*
         cFT(g7,XX,iufo3,i3)*flavourTag(fmu,j11,j12)*Den(p4,xiw,M3)^2*Den(q2
          + q3,xiw,M3)^2*Den( - p4 + q2 + q3,0,0)^2*p4.p4*d^-1*xia*xiw*
         ufoGC58^2*ufoGC3*ufoGC4
          + 1/4*g_(1,6_,nu10)*FT1*g_(1,q2)*g_(2,nu14)*cFT(nu9,XX,i2,iufo3)*
         cFT(g7,XX,iufo3,i3)*flavourTag(fmu,j11,j12)*Den(p4,xiw,M3)^2*Den(q2
          + q3,xiw,M3)^2*Den( - p4 + q2 + q3,0,0)^2*p4.p4*d^-1*xiw*ufoGC58^2*
         ufoGC3*ufoGC4
          + 1/4*g_(1,6_,nu10)*FT1*g_(1,q3)*g_(2,nu14)*cFT(nu9,XX,i2,iufo3)*
         cFT(g7,XX,iufo3,i3)*flavourTag(fmu,j11,j12)*Den(p4,xiw,M3)*Den(q2 + 
         q3,xiw,M3)^2*Den( - p4 + q2 + q3,0,0)^2*xia*xiw*ufoGC58^2*ufoGC3*
         ufoGC4
          - 1/4*g_(1,6_,nu10)*FT1*g_(1,q3)*g_(2,nu14)*cFT(nu9,XX,i2,iufo3)*
         cFT(g7,XX,iufo3,i3)*flavourTag(fmu,j11,j12)*Den(p4,xiw,M3)*Den(q2 + 
         q3,xiw,M3)^2*Den( - p4 + q2 + q3,0,0)^2*xiw*ufoGC58^2*ufoGC3*ufoGC4
          - 1/4*g_(1,6_,nu10)*FT1*g_(1,q3)*g_(2,nu14)*cFT(nu9,XX,i2,iufo3)*
         cFT(g7,XX,iufo3,i3)*flavourTag(fmu,j11,j12)*Den(p4,xiw,M3)^2*Den(q2
          + q3,xiw,M3)^2*Den( - p4 + q2 + q3,0,0)^2*p4.p4*d^-1*xia*xiw*
         ufoGC58^2*ufoGC3*ufoGC4
          + 1/4*g_(1,6_,nu10)*FT1*g_(1,q3)*g_(2,nu14)*cFT(nu9,XX,i2,iufo3)*
         cFT(g7,XX,iufo3,i3)*flavourTag(fmu,j11,j12)*Den(p4,xiw,M3)^2*Den(q2
          + q3,xiw,M3)^2*Den( - p4 + q2 + q3,0,0)^2*p4.p4*d^-1*xiw*ufoGC58^2*
         ufoGC3*ufoGC4
          )

       + Vec(nu14,q3)*Vec(nu9,q3)*Vec(nu10,q2)*Vec(nu13,q2)*Vec(nu13,q3) * (
          - 1/2*g_(1,6_,nu10)*FT1*g_(1,p4)*g_(2,nu14)*cFT(nu9,XX,i2,iufo3)*
         cFT(g7,XX,iufo3,i3)*flavourTag(fmu,j11,j12)*Den(p4,xiw,M3)*Den(q2 + 
         q3,xiw,M3)^2*Den( - p4 + q2 + q3,0,0)^2*xia*xiw*ufoGC58^2*ufoGC3*
         ufoGC4
          + 1/2*g_(1,6_,nu10)*FT1*g_(1,p4)*g_(2,nu14)*cFT(nu9,XX,i2,iufo3)*
         cFT(g7,XX,iufo3,i3)*flavourTag(fmu,j11,j12)*Den(p4,xiw,M3)*Den(q2 + 
         q3,xiw,M3)^2*Den( - p4 + q2 + q3,0,0)^2*xiw*ufoGC58^2*ufoGC3*ufoGC4
          + 1/2*g_(1,6_,nu10)*FT1*g_(1,p4)*g_(2,nu14)*cFT(nu9,XX,i2,iufo3)*
         cFT(g7,XX,iufo3,i3)*flavourTag(fmu,j11,j12)*Den(p4,xiw,M3)^2*Den(q2
          + q3,xiw,M3)^2*Den( - p4 + q2 + q3,0,0)^2*p4.p4*d^-1*xia*xiw*
         ufoGC58^2*ufoGC3*ufoGC4
          - 1/2*g_(1,6_,nu10)*FT1*g_(1,p4)*g_(2,nu14)*cFT(nu9,XX,i2,iufo3)*
         cFT(g7,XX,iufo3,i3)*flavourTag(fmu,j11,j12)*Den(p4,xiw,M3)^2*Den(q2
          + q3,xiw,M3)^2*Den( - p4 + q2 + q3,0,0)^2*p4.p4*d^-1*xiw*ufoGC58^2*
         ufoGC3*ufoGC4
          + 1/2*g_(1,6_,nu10)*FT1*g_(1,q1)*g_(2,nu14)*cFT(nu9,XX,i2,iufo3)*
         cFT(g7,XX,iufo3,i3)*flavourTag(fmu,j11,j12)*Den(p4,xiw,M3)*Den(q2 + 
         q3,xiw,M3)^2*Den( - p4 + q2 + q3,0,0)^2*xia*xiw*ufoGC58^2*ufoGC3*
         ufoGC4
          - 1/2*g_(1,6_,nu10)*FT1*g_(1,q1)*g_(2,nu14)*cFT(nu9,XX,i2,iufo3)*
         cFT(g7,XX,iufo3,i3)*flavourTag(fmu,j11,j12)*Den(p4,xiw,M3)*Den(q2 + 
         q3,xiw,M3)^2*Den( - p4 + q2 + q3,0,0)^2*xiw*ufoGC58^2*ufoGC3*ufoGC4
          - 1/2*g_(1,6_,nu10)*FT1*g_(1,q1)*g_(2,nu14)*cFT(nu9,XX,i2,iufo3)*
         cFT(g7,XX,iufo3,i3)*flavourTag(fmu,j11,j12)*Den(p4,xiw,M3)^2*Den(q2
          + q3,xiw,M3)^2*Den( - p4 + q2 + q3,0,0)^2*p4.p4*d^-1*xia*xiw*
         ufoGC58^2*ufoGC3*ufoGC4
          + 1/2*g_(1,6_,nu10)*FT1*g_(1,q1)*g_(2,nu14)*cFT(nu9,XX,i2,iufo3)*
         cFT(g7,XX,iufo3,i3)*flavourTag(fmu,j11,j12)*Den(p4,xiw,M3)^2*Den(q2
          + q3,xiw,M3)^2*Den( - p4 + q2 + q3,0,0)^2*p4.p4*d^-1*xiw*ufoGC58^2*
         ufoGC3*ufoGC4
          + 1/2*g_(1,6_,nu10)*FT1*g_(1,q2)*g_(2,nu14)*cFT(nu9,XX,i2,iufo3)*
         cFT(g7,XX,iufo3,i3)*flavourTag(fmu,j11,j12)*Den(p4,xiw,M3)*Den(q2 + 
         q3,xiw,M3)^2*Den( - p4 + q2 + q3,0,0)^2*xia*xiw*ufoGC58^2*ufoGC3*
         ufoGC4
          - 1/2*g_(1,6_,nu10)*FT1*g_(1,q2)*g_(2,nu14)*cFT(nu9,XX,i2,iufo3)*
         cFT(g7,XX,iufo3,i3)*flavourTag(fmu,j11,j12)*Den(p4,xiw,M3)*Den(q2 + 
         q3,xiw,M3)^2*Den( - p4 + q2 + q3,0,0)^2*xiw*ufoGC58^2*ufoGC3*ufoGC4
          - 1/2*g_(1,6_,nu10)*FT1*g_(1,q2)*g_(2,nu14)*cFT(nu9,XX,i2,iufo3)*
         cFT(g7,XX,iufo3,i3)*flavourTag(fmu,j11,j12)*Den(p4,xiw,M3)^2*Den(q2
          + q3,xiw,M3)^2*Den( - p4 + q2 + q3,0,0)^2*p4.p4*d^-1*xia*xiw*
         ufoGC58^2*ufoGC3*ufoGC4
          + 1/2*g_(1,6_,nu10)*FT1*g_(1,q2)*g_(2,nu14)*cFT(nu9,XX,i2,iufo3)*
         cFT(g7,XX,iufo3,i3)*flavourTag(fmu,j11,j12)*Den(p4,xiw,M3)^2*Den(q2
          + q3,xiw,M3)^2*Den( - p4 + q2 + q3,0,0)^2*p4.p4*d^-1*xiw*ufoGC58^2*
         ufoGC3*ufoGC4
          + 1/2*g_(1,6_,nu10)*FT1*g_(1,q3)*g_(2,nu14)*cFT(nu9,XX,i2,iufo3)*
         cFT(g7,XX,iufo3,i3)*flavourTag(fmu,j11,j12)*Den(p4,xiw,M3)*Den(q2 + 
         q3,xiw,M3)^2*Den( - p4 + q2 + q3,0,0)^2*xia*xiw*ufoGC58^2*ufoGC3*
         ufoGC4
          - 1/2*g_(1,6_,nu10)*FT1*g_(1,q3)*g_(2,nu14)*cFT(nu9,XX,i2,iufo3)*
         cFT(g7,XX,iufo3,i3)*flavourTag(fmu,j11,j12)*Den(p4,xiw,M3)*Den(q2 + 
         q3,xiw,M3)^2*Den( - p4 + q2 + q3,0,0)^2*xiw*ufoGC58^2*ufoGC3*ufoGC4
          - 1/2*g_(1,6_,nu10)*FT1*g_(1,q3)*g_(2,nu14)*cFT(nu9,XX,i2,iufo3)*
         cFT(g7,XX,iufo3,i3)*flavourTag(fmu,j11,j12)*Den(p4,xiw,M3)^2*Den(q2
          + q3,xiw,M3)^2*Den( - p4 + q2 + q3,0,0)^2*p4.p4*d^-1*xia*xiw*
         ufoGC58^2*ufoGC3*ufoGC4
          + 1/2*g_(1,6_,nu10)*FT1*g_(1,q3)*g_(2,nu14)*cFT(nu9,XX,i2,iufo3)*
         cFT(g7,XX,iufo3,i3)*flavourTag(fmu,j11,j12)*Den(p4,xiw,M3)^2*Den(q2
          + q3,xiw,M3)^2*Den( - p4 + q2 + q3,0,0)^2*p4.p4*d^-1*xiw*ufoGC58^2*
         ufoGC3*ufoGC4
          )

       + Vec(nu14,q3)*Vec(nu9,q3)*Vec(nu10,q2)*Vec(nu13,q3)^2 * (
          - 1/4*g_(1,6_,nu10)*FT1*g_(1,p4)*g_(2,nu14)*cFT(nu9,XX,i2,iufo3)*
         cFT(g7,XX,iufo3,i3)*flavourTag(fmu,j11,j12)*Den(p4,xiw,M3)*Den(q2 + 
         q3,xiw,M3)^2*Den( - p4 + q2 + q3,0,0)^2*xia*xiw*ufoGC58^2*ufoGC3*
         ufoGC4
          + 1/4*g_(1,6_,nu10)*FT1*g_(1,p4)*g_(2,nu14)*cFT(nu9,XX,i2,iufo3)*
         cFT(g7,XX,iufo3,i3)*flavourTag(fmu,j11,j12)*Den(p4,xiw,M3)*Den(q2 + 
         q3,xiw,M3)^2*Den( - p4 + q2 + q3,0,0)^2*xiw*ufoGC58^2*ufoGC3*ufoGC4
          + 1/4*g_(1,6_,nu10)*FT1*g_(1,p4)*g_(2,nu14)*cFT(nu9,XX,i2,iufo3)*
         cFT(g7,XX,iufo3,i3)*flavourTag(fmu,j11,j12)*Den(p4,xiw,M3)^2*Den(q2
          + q3,xiw,M3)^2*Den( - p4 + q2 + q3,0,0)^2*p4.p4*d^-1*xia*xiw*
         ufoGC58^2*ufoGC3*ufoGC4
          - 1/4*g_(1,6_,nu10)*FT1*g_(1,p4)*g_(2,nu14)*cFT(nu9,XX,i2,iufo3)*
         cFT(g7,XX,iufo3,i3)*flavourTag(fmu,j11,j12)*Den(p4,xiw,M3)^2*Den(q2
          + q3,xiw,M3)^2*Den( - p4 + q2 + q3,0,0)^2*p4.p4*d^-1*xiw*ufoGC58^2*
         ufoGC3*ufoGC4
          + 1/4*g_(1,6_,nu10)*FT1*g_(1,q1)*g_(2,nu14)*cFT(nu9,XX,i2,iufo3)*
         cFT(g7,XX,iufo3,i3)*flavourTag(fmu,j11,j12)*Den(p4,xiw,M3)*Den(q2 + 
         q3,xiw,M3)^2*Den( - p4 + q2 + q3,0,0)^2*xia*xiw*ufoGC58^2*ufoGC3*
         ufoGC4
          - 1/4*g_(1,6_,nu10)*FT1*g_(1,q1)*g_(2,nu14)*cFT(nu9,XX,i2,iufo3)*
         cFT(g7,XX,iufo3,i3)*flavourTag(fmu,j11,j12)*Den(p4,xiw,M3)*Den(q2 + 
         q3,xiw,M3)^2*Den( - p4 + q2 + q3,0,0)^2*xiw*ufoGC58^2*ufoGC3*ufoGC4
          - 1/4*g_(1,6_,nu10)*FT1*g_(1,q1)*g_(2,nu14)*cFT(nu9,XX,i2,iufo3)*
         cFT(g7,XX,iufo3,i3)*flavourTag(fmu,j11,j12)*Den(p4,xiw,M3)^2*Den(q2
          + q3,xiw,M3)^2*Den( - p4 + q2 + q3,0,0)^2*p4.p4*d^-1*xia*xiw*
         ufoGC58^2*ufoGC3*ufoGC4
          + 1/4*g_(1,6_,nu10)*FT1*g_(1,q1)*g_(2,nu14)*cFT(nu9,XX,i2,iufo3)*
         cFT(g7,XX,iufo3,i3)*flavourTag(fmu,j11,j12)*Den(p4,xiw,M3)^2*Den(q2
          + q3,xiw,M3)^2*Den( - p4 + q2 + q3,0,0)^2*p4.p4*d^-1*xiw*ufoGC58^2*
         ufoGC3*ufoGC4
          + 1/4*g_(1,6_,nu10)*FT1*g_(1,q2)*g_(2,nu14)*cFT(nu9,XX,i2,iufo3)*
         cFT(g7,XX,iufo3,i3)*flavourTag(fmu,j11,j12)*Den(p4,xiw,M3)*Den(q2 + 
         q3,xiw,M3)^2*Den( - p4 + q2 + q3,0,0)^2*xia*xiw*ufoGC58^2*ufoGC3*
         ufoGC4
          - 1/4*g_(1,6_,nu10)*FT1*g_(1,q2)*g_(2,nu14)*cFT(nu9,XX,i2,iufo3)*
         cFT(g7,XX,iufo3,i3)*flavourTag(fmu,j11,j12)*Den(p4,xiw,M3)*Den(q2 + 
         q3,xiw,M3)^2*Den( - p4 + q2 + q3,0,0)^2*xiw*ufoGC58^2*ufoGC3*ufoGC4
          - 1/4*g_(1,6_,nu10)*FT1*g_(1,q2)*g_(2,nu14)*cFT(nu9,XX,i2,iufo3)*
         cFT(g7,XX,iufo3,i3)*flavourTag(fmu,j11,j12)*Den(p4,xiw,M3)^2*Den(q2
          + q3,xiw,M3)^2*Den( - p4 + q2 + q3,0,0)^2*p4.p4*d^-1*xia*xiw*
         ufoGC58^2*ufoGC3*ufoGC4
          + 1/4*g_(1,6_,nu10)*FT1*g_(1,q2)*g_(2,nu14)*cFT(nu9,XX,i2,iufo3)*
         cFT(g7,XX,iufo3,i3)*flavourTag(fmu,j11,j12)*Den(p4,xiw,M3)^2*Den(q2
          + q3,xiw,M3)^2*Den( - p4 + q2 + q3,0,0)^2*p4.p4*d^-1*xiw*ufoGC58^2*
         ufoGC3*ufoGC4
          + 1/4*g_(1,6_,nu10)*FT1*g_(1,q3)*g_(2,nu14)*cFT(nu9,XX,i2,iufo3)*
         cFT(g7,XX,iufo3,i3)*flavourTag(fmu,j11,j12)*Den(p4,xiw,M3)*Den(q2 + 
         q3,xiw,M3)^2*Den( - p4 + q2 + q3,0,0)^2*xia*xiw*ufoGC58^2*ufoGC3*
         ufoGC4
          - 1/4*g_(1,6_,nu10)*FT1*g_(1,q3)*g_(2,nu14)*cFT(nu9,XX,i2,iufo3)*
         cFT(g7,XX,iufo3,i3)*flavourTag(fmu,j11,j12)*Den(p4,xiw,M3)*Den(q2 + 
         q3,xiw,M3)^2*Den( - p4 + q2 + q3,0,0)^2*xiw*ufoGC58^2*ufoGC3*ufoGC4
          - 1/4*g_(1,6_,nu10)*FT1*g_(1,q3)*g_(2,nu14)*cFT(nu9,XX,i2,iufo3)*
         cFT(g7,XX,iufo3,i3)*flavourTag(fmu,j11,j12)*Den(p4,xiw,M3)^2*Den(q2
          + q3,xiw,M3)^2*Den( - p4 + q2 + q3,0,0)^2*p4.p4*d^-1*xia*xiw*
         ufoGC58^2*ufoGC3*ufoGC4
          + 1/4*g_(1,6_,nu10)*FT1*g_(1,q3)*g_(2,nu14)*cFT(nu9,XX,i2,iufo3)*
         cFT(g7,XX,iufo3,i3)*flavourTag(fmu,j11,j12)*Den(p4,xiw,M3)^2*Den(q2
          + q3,xiw,M3)^2*Den( - p4 + q2 + q3,0,0)^2*p4.p4*d^-1*xiw*ufoGC58^2*
         ufoGC3*ufoGC4
          )

       + Vec(nu14,q3)*Vec(nu9,q3)*Vec(nu10,q2) * (
          + 1/4*g_(1,6_,nu10)*FT1*g_(1,p4)*g_(2,nu14)*cFT(nu9,XX,i2,iufo3)*
         cFT(g7,XX,iufo3,i3)*flavourTag(fmu,j11,j12)*Den(p4,xiw,M3)*Den(q2 + 
         q3,xiw,M3)^2*Den( - p4 + q2 + q3,0,0)^2*p4.p4*xia*xiw*ufoGC58^2*
         ufoGC3*ufoGC4
          - 1/4*g_(1,6_,nu10)*FT1*g_(1,p4)*g_(2,nu14)*cFT(nu9,XX,i2,iufo3)*
         cFT(g7,XX,iufo3,i3)*flavourTag(fmu,j11,j12)*Den(p4,xiw,M3)*Den(q2 + 
         q3,xiw,M3)^2*Den( - p4 + q2 + q3,0,0)^2*p4.p4*xiw*ufoGC58^2*ufoGC3*
         ufoGC4
          - 1/4*g_(1,6_,nu10)*FT1*g_(1,q1)*g_(2,nu14)*cFT(nu9,XX,i2,iufo3)*
         cFT(g7,XX,iufo3,i3)*flavourTag(fmu,j11,j12)*Den(p4,xiw,M3)*Den(q2 + 
         q3,xiw,M3)^2*Den( - p4 + q2 + q3,0,0)^2*p4.p4*xia*xiw*ufoGC58^2*
         ufoGC3*ufoGC4
          + 1/4*g_(1,6_,nu10)*FT1*g_(1,q1)*g_(2,nu14)*cFT(nu9,XX,i2,iufo3)*
         cFT(g7,XX,iufo3,i3)*flavourTag(fmu,j11,j12)*Den(p4,xiw,M3)*Den(q2 + 
         q3,xiw,M3)^2*Den( - p4 + q2 + q3,0,0)^2*p4.p4*xiw*ufoGC58^2*ufoGC3*
         ufoGC4
          - 1/4*g_(1,6_,nu10)*FT1*g_(1,q2)*g_(2,nu14)*cFT(nu9,XX,i2,iufo3)*
         cFT(g7,XX,iufo3,i3)*flavourTag(fmu,j11,j12)*Den(p4,xiw,M3)*Den(q2 + 
         q3,xiw,M3)^2*Den( - p4 + q2 + q3,0,0)^2*p4.p4*xia*xiw*ufoGC58^2*
         ufoGC3*ufoGC4
          + 1/4*g_(1,6_,nu10)*FT1*g_(1,q2)*g_(2,nu14)*cFT(nu9,XX,i2,iufo3)*
         cFT(g7,XX,iufo3,i3)*flavourTag(fmu,j11,j12)*Den(p4,xiw,M3)*Den(q2 + 
         q3,xiw,M3)^2*Den( - p4 + q2 + q3,0,0)^2*p4.p4*xiw*ufoGC58^2*ufoGC3*
         ufoGC4
          - 1/4*g_(1,6_,nu10)*FT1*g_(1,q3)*g_(2,nu14)*cFT(nu9,XX,i2,iufo3)*
         cFT(g7,XX,iufo3,i3)*flavourTag(fmu,j11,j12)*Den(p4,xiw,M3)*Den(q2 + 
         q3,xiw,M3)^2*Den( - p4 + q2 + q3,0,0)^2*p4.p4*xia*xiw*ufoGC58^2*
         ufoGC3*ufoGC4
          + 1/4*g_(1,6_,nu10)*FT1*g_(1,q3)*g_(2,nu14)*cFT(nu9,XX,i2,iufo3)*
         cFT(g7,XX,iufo3,i3)*flavourTag(fmu,j11,j12)*Den(p4,xiw,M3)*Den(q2 + 
         q3,xiw,M3)^2*Den( - p4 + q2 + q3,0,0)^2*p4.p4*xiw*ufoGC58^2*ufoGC3*
         ufoGC4
          )

       + Vec(nu14,q3)*Vec(nu9,q3)*Vec(nu10,q3)^2*Vec(nu15,q2) * (
          + 1/4*g_(1,6_,nu15)*FT1*g_(1,p4)*g_(2,nu14)*cFT(nu9,XX,i2,iufo3)*
         cFT(g7,XX,iufo3,i3)*flavourTag(fmu,j11,j12)*Den(p4,xiw,M3)*Den(q2 + 
         q3,xiw,M3)^2*Den( - p4 + q2 + q3,0,0)^2*xia*xiw*ufoGC58^2*ufoGC3*
         ufoGC4
          - 1/4*g_(1,6_,nu15)*FT1*g_(1,p4)*g_(2,nu14)*cFT(nu9,XX,i2,iufo3)*
         cFT(g7,XX,iufo3,i3)*flavourTag(fmu,j11,j12)*Den(p4,xiw,M3)*Den(q2 + 
         q3,xiw,M3)^2*Den( - p4 + q2 + q3,0,0)^2*xiw*ufoGC58^2*ufoGC3*ufoGC4
          - 1/4*g_(1,6_,nu15)*FT1*g_(1,p4)*g_(2,nu14)*cFT(nu9,XX,i2,iufo3)*
         cFT(g7,XX,iufo3,i3)*flavourTag(fmu,j11,j12)*Den(p4,xiw,M3)^2*Den(q2
          + q3,xiw,M3)^2*Den( - p4 + q2 + q3,0,0)^2*p4.p4*d^-1*xia*xiw*
         ufoGC58^2*ufoGC3*ufoGC4
          + 1/4*g_(1,6_,nu15)*FT1*g_(1,p4)*g_(2,nu14)*cFT(nu9,XX,i2,iufo3)*
         cFT(g7,XX,iufo3,i3)*flavourTag(fmu,j11,j12)*Den(p4,xiw,M3)^2*Den(q2
          + q3,xiw,M3)^2*Den( - p4 + q2 + q3,0,0)^2*p4.p4*d^-1*xiw*ufoGC58^2*
         ufoGC3*ufoGC4
          - 1/4*g_(1,6_,nu15)*FT1*g_(1,q1)*g_(2,nu14)*cFT(nu9,XX,i2,iufo3)*
         cFT(g7,XX,iufo3,i3)*flavourTag(fmu,j11,j12)*Den(p4,xiw,M3)*Den(q2 + 
         q3,xiw,M3)^2*Den( - p4 + q2 + q3,0,0)^2*xia*xiw*ufoGC58^2*ufoGC3*
         ufoGC4
          + 1/4*g_(1,6_,nu15)*FT1*g_(1,q1)*g_(2,nu14)*cFT(nu9,XX,i2,iufo3)*
         cFT(g7,XX,iufo3,i3)*flavourTag(fmu,j11,j12)*Den(p4,xiw,M3)*Den(q2 + 
         q3,xiw,M3)^2*Den( - p4 + q2 + q3,0,0)^2*xiw*ufoGC58^2*ufoGC3*ufoGC4
          + 1/4*g_(1,6_,nu15)*FT1*g_(1,q1)*g_(2,nu14)*cFT(nu9,XX,i2,iufo3)*
         cFT(g7,XX,iufo3,i3)*flavourTag(fmu,j11,j12)*Den(p4,xiw,M3)^2*Den(q2
          + q3,xiw,M3)^2*Den( - p4 + q2 + q3,0,0)^2*p4.p4*d^-1*xia*xiw*
         ufoGC58^2*ufoGC3*ufoGC4
          - 1/4*g_(1,6_,nu15)*FT1*g_(1,q1)*g_(2,nu14)*cFT(nu9,XX,i2,iufo3)*
         cFT(g7,XX,iufo3,i3)*flavourTag(fmu,j11,j12)*Den(p4,xiw,M3)^2*Den(q2
          + q3,xiw,M3)^2*Den( - p4 + q2 + q3,0,0)^2*p4.p4*d^-1*xiw*ufoGC58^2*
         ufoGC3*ufoGC4
          - 1/4*g_(1,6_,nu15)*FT1*g_(1,q2)*g_(2,nu14)*cFT(nu9,XX,i2,iufo3)*
         cFT(g7,XX,iufo3,i3)*flavourTag(fmu,j11,j12)*Den(p4,xiw,M3)*Den(q2 + 
         q3,xiw,M3)^2*Den( - p4 + q2 + q3,0,0)^2*xia*xiw*ufoGC58^2*ufoGC3*
         ufoGC4
          + 1/4*g_(1,6_,nu15)*FT1*g_(1,q2)*g_(2,nu14)*cFT(nu9,XX,i2,iufo3)*
         cFT(g7,XX,iufo3,i3)*flavourTag(fmu,j11,j12)*Den(p4,xiw,M3)*Den(q2 + 
         q3,xiw,M3)^2*Den( - p4 + q2 + q3,0,0)^2*xiw*ufoGC58^2*ufoGC3*ufoGC4
          + 1/4*g_(1,6_,nu15)*FT1*g_(1,q2)*g_(2,nu14)*cFT(nu9,XX,i2,iufo3)*
         cFT(g7,XX,iufo3,i3)*flavourTag(fmu,j11,j12)*Den(p4,xiw,M3)^2*Den(q2
          + q3,xiw,M3)^2*Den( - p4 + q2 + q3,0,0)^2*p4.p4*d^-1*xia*xiw*
         ufoGC58^2*ufoGC3*ufoGC4
          - 1/4*g_(1,6_,nu15)*FT1*g_(1,q2)*g_(2,nu14)*cFT(nu9,XX,i2,iufo3)*
         cFT(g7,XX,iufo3,i3)*flavourTag(fmu,j11,j12)*Den(p4,xiw,M3)^2*Den(q2
          + q3,xiw,M3)^2*Den( - p4 + q2 + q3,0,0)^2*p4.p4*d^-1*xiw*ufoGC58^2*
         ufoGC3*ufoGC4
          - 1/4*g_(1,6_,nu15)*FT1*g_(1,q3)*g_(2,nu14)*cFT(nu9,XX,i2,iufo3)*
         cFT(g7,XX,iufo3,i3)*flavourTag(fmu,j11,j12)*Den(p4,xiw,M3)*Den(q2 + 
         q3,xiw,M3)^2*Den( - p4 + q2 + q3,0,0)^2*xia*xiw*ufoGC58^2*ufoGC3*
         ufoGC4
          + 1/4*g_(1,6_,nu15)*FT1*g_(1,q3)*g_(2,nu14)*cFT(nu9,XX,i2,iufo3)*
         cFT(g7,XX,iufo3,i3)*flavourTag(fmu,j11,j12)*Den(p4,xiw,M3)*Den(q2 + 
         q3,xiw,M3)^2*Den( - p4 + q2 + q3,0,0)^2*xiw*ufoGC58^2*ufoGC3*ufoGC4
          + 1/4*g_(1,6_,nu15)*FT1*g_(1,q3)*g_(2,nu14)*cFT(nu9,XX,i2,iufo3)*
         cFT(g7,XX,iufo3,i3)*flavourTag(fmu,j11,j12)*Den(p4,xiw,M3)^2*Den(q2
          + q3,xiw,M3)^2*Den( - p4 + q2 + q3,0,0)^2*p4.p4*d^-1*xia*xiw*
         ufoGC58^2*ufoGC3*ufoGC4
          - 1/4*g_(1,6_,nu15)*FT1*g_(1,q3)*g_(2,nu14)*cFT(nu9,XX,i2,iufo3)*
         cFT(g7,XX,iufo3,i3)*flavourTag(fmu,j11,j12)*Den(p4,xiw,M3)^2*Den(q2
          + q3,xiw,M3)^2*Den( - p4 + q2 + q3,0,0)^2*p4.p4*d^-1*xiw*ufoGC58^2*
         ufoGC3*ufoGC4
          )

       + Vec(nu14,q3)*Vec(nu9,q3)*Vec(nu10,q3)^2*Vec(nu15,q3) * (
          + 1/4*g_(1,6_,nu15)*FT1*g_(1,p4)*g_(2,nu14)*cFT(nu9,XX,i2,iufo3)*
         cFT(g7,XX,iufo3,i3)*flavourTag(fmu,j11,j12)*Den(p4,xiw,M3)*Den(q2 + 
         q3,xiw,M3)^2*Den( - p4 + q2 + q3,0,0)^2*xia*xiw*ufoGC58^2*ufoGC3*
         ufoGC4
          - 1/4*g_(1,6_,nu15)*FT1*g_(1,p4)*g_(2,nu14)*cFT(nu9,XX,i2,iufo3)*
         cFT(g7,XX,iufo3,i3)*flavourTag(fmu,j11,j12)*Den(p4,xiw,M3)*Den(q2 + 
         q3,xiw,M3)^2*Den( - p4 + q2 + q3,0,0)^2*xiw*ufoGC58^2*ufoGC3*ufoGC4
          - 1/4*g_(1,6_,nu15)*FT1*g_(1,p4)*g_(2,nu14)*cFT(nu9,XX,i2,iufo3)*
         cFT(g7,XX,iufo3,i3)*flavourTag(fmu,j11,j12)*Den(p4,xiw,M3)^2*Den(q2
          + q3,xiw,M3)^2*Den( - p4 + q2 + q3,0,0)^2*p4.p4*d^-1*xia*xiw*
         ufoGC58^2*ufoGC3*ufoGC4
          + 1/4*g_(1,6_,nu15)*FT1*g_(1,p4)*g_(2,nu14)*cFT(nu9,XX,i2,iufo3)*
         cFT(g7,XX,iufo3,i3)*flavourTag(fmu,j11,j12)*Den(p4,xiw,M3)^2*Den(q2
          + q3,xiw,M3)^2*Den( - p4 + q2 + q3,0,0)^2*p4.p4*d^-1*xiw*ufoGC58^2*
         ufoGC3*ufoGC4
          - 1/4*g_(1,6_,nu15)*FT1*g_(1,q1)*g_(2,nu14)*cFT(nu9,XX,i2,iufo3)*
         cFT(g7,XX,iufo3,i3)*flavourTag(fmu,j11,j12)*Den(p4,xiw,M3)*Den(q2 + 
         q3,xiw,M3)^2*Den( - p4 + q2 + q3,0,0)^2*xia*xiw*ufoGC58^2*ufoGC3*
         ufoGC4
          + 1/4*g_(1,6_,nu15)*FT1*g_(1,q1)*g_(2,nu14)*cFT(nu9,XX,i2,iufo3)*
         cFT(g7,XX,iufo3,i3)*flavourTag(fmu,j11,j12)*Den(p4,xiw,M3)*Den(q2 + 
         q3,xiw,M3)^2*Den( - p4 + q2 + q3,0,0)^2*xiw*ufoGC58^2*ufoGC3*ufoGC4
          + 1/4*g_(1,6_,nu15)*FT1*g_(1,q1)*g_(2,nu14)*cFT(nu9,XX,i2,iufo3)*
         cFT(g7,XX,iufo3,i3)*flavourTag(fmu,j11,j12)*Den(p4,xiw,M3)^2*Den(q2
          + q3,xiw,M3)^2*Den( - p4 + q2 + q3,0,0)^2*p4.p4*d^-1*xia*xiw*
         ufoGC58^2*ufoGC3*ufoGC4
          - 1/4*g_(1,6_,nu15)*FT1*g_(1,q1)*g_(2,nu14)*cFT(nu9,XX,i2,iufo3)*
         cFT(g7,XX,iufo3,i3)*flavourTag(fmu,j11,j12)*Den(p4,xiw,M3)^2*Den(q2
          + q3,xiw,M3)^2*Den( - p4 + q2 + q3,0,0)^2*p4.p4*d^-1*xiw*ufoGC58^2*
         ufoGC3*ufoGC4
          - 1/4*g_(1,6_,nu15)*FT1*g_(1,q2)*g_(2,nu14)*cFT(nu9,XX,i2,iufo3)*
         cFT(g7,XX,iufo3,i3)*flavourTag(fmu,j11,j12)*Den(p4,xiw,M3)*Den(q2 + 
         q3,xiw,M3)^2*Den( - p4 + q2 + q3,0,0)^2*xia*xiw*ufoGC58^2*ufoGC3*
         ufoGC4
          + 1/4*g_(1,6_,nu15)*FT1*g_(1,q2)*g_(2,nu14)*cFT(nu9,XX,i2,iufo3)*
         cFT(g7,XX,iufo3,i3)*flavourTag(fmu,j11,j12)*Den(p4,xiw,M3)*Den(q2 + 
         q3,xiw,M3)^2*Den( - p4 + q2 + q3,0,0)^2*xiw*ufoGC58^2*ufoGC3*ufoGC4
          + 1/4*g_(1,6_,nu15)*FT1*g_(1,q2)*g_(2,nu14)*cFT(nu9,XX,i2,iufo3)*
         cFT(g7,XX,iufo3,i3)*flavourTag(fmu,j11,j12)*Den(p4,xiw,M3)^2*Den(q2
          + q3,xiw,M3)^2*Den( - p4 + q2 + q3,0,0)^2*p4.p4*d^-1*xia*xiw*
         ufoGC58^2*ufoGC3*ufoGC4
          - 1/4*g_(1,6_,nu15)*FT1*g_(1,q2)*g_(2,nu14)*cFT(nu9,XX,i2,iufo3)*
         cFT(g7,XX,iufo3,i3)*flavourTag(fmu,j11,j12)*Den(p4,xiw,M3)^2*Den(q2
          + q3,xiw,M3)^2*Den( - p4 + q2 + q3,0,0)^2*p4.p4*d^-1*xiw*ufoGC58^2*
         ufoGC3*ufoGC4
          - 1/4*g_(1,6_,nu15)*FT1*g_(1,q3)*g_(2,nu14)*cFT(nu9,XX,i2,iufo3)*
         cFT(g7,XX,iufo3,i3)*flavourTag(fmu,j11,j12)*Den(p4,xiw,M3)*Den(q2 + 
         q3,xiw,M3)^2*Den( - p4 + q2 + q3,0,0)^2*xia*xiw*ufoGC58^2*ufoGC3*
         ufoGC4
          + 1/4*g_(1,6_,nu15)*FT1*g_(1,q3)*g_(2,nu14)*cFT(nu9,XX,i2,iufo3)*
         cFT(g7,XX,iufo3,i3)*flavourTag(fmu,j11,j12)*Den(p4,xiw,M3)*Den(q2 + 
         q3,xiw,M3)^2*Den( - p4 + q2 + q3,0,0)^2*xiw*ufoGC58^2*ufoGC3*ufoGC4
          + 1/4*g_(1,6_,nu15)*FT1*g_(1,q3)*g_(2,nu14)*cFT(nu9,XX,i2,iufo3)*
         cFT(g7,XX,iufo3,i3)*flavourTag(fmu,j11,j12)*Den(p4,xiw,M3)^2*Den(q2
          + q3,xiw,M3)^2*Den( - p4 + q2 + q3,0,0)^2*p4.p4*d^-1*xia*xiw*
         ufoGC58^2*ufoGC3*ufoGC4
          - 1/4*g_(1,6_,nu15)*FT1*g_(1,q3)*g_(2,nu14)*cFT(nu9,XX,i2,iufo3)*
         cFT(g7,XX,iufo3,i3)*flavourTag(fmu,j11,j12)*Den(p4,xiw,M3)^2*Den(q2
          + q3,xiw,M3)^2*Den( - p4 + q2 + q3,0,0)^2*p4.p4*d^-1*xiw*ufoGC58^2*
         ufoGC3*ufoGC4
          )

       + Vec(nu14,q3)*Vec(nu9,q3)*Vec(nu10,q3)*Vec(nu13,q2)^2 * (
          - 1/4*g_(1,6_,nu10)*FT1*g_(1,p4)*g_(2,nu14)*cFT(nu9,XX,i2,iufo3)*
         cFT(g7,XX,iufo3,i3)*flavourTag(fmu,j11,j12)*Den(p4,xiw,M3)*Den(q2 + 
         q3,xiw,M3)^2*Den( - p4 + q2 + q3,0,0)^2*xia*xiw*ufoGC58^2*ufoGC3*
         ufoGC4
          + 1/4*g_(1,6_,nu10)*FT1*g_(1,p4)*g_(2,nu14)*cFT(nu9,XX,i2,iufo3)*
         cFT(g7,XX,iufo3,i3)*flavourTag(fmu,j11,j12)*Den(p4,xiw,M3)*Den(q2 + 
         q3,xiw,M3)^2*Den( - p4 + q2 + q3,0,0)^2*xiw*ufoGC58^2*ufoGC3*ufoGC4
          + 1/4*g_(1,6_,nu10)*FT1*g_(1,p4)*g_(2,nu14)*cFT(nu9,XX,i2,iufo3)*
         cFT(g7,XX,iufo3,i3)*flavourTag(fmu,j11,j12)*Den(p4,xiw,M3)^2*Den(q2
          + q3,xiw,M3)^2*Den( - p4 + q2 + q3,0,0)^2*p4.p4*d^-1*xia*xiw*
         ufoGC58^2*ufoGC3*ufoGC4
          - 1/4*g_(1,6_,nu10)*FT1*g_(1,p4)*g_(2,nu14)*cFT(nu9,XX,i2,iufo3)*
         cFT(g7,XX,iufo3,i3)*flavourTag(fmu,j11,j12)*Den(p4,xiw,M3)^2*Den(q2
          + q3,xiw,M3)^2*Den( - p4 + q2 + q3,0,0)^2*p4.p4*d^-1*xiw*ufoGC58^2*
         ufoGC3*ufoGC4
          + 1/4*g_(1,6_,nu10)*FT1*g_(1,q1)*g_(2,nu14)*cFT(nu9,XX,i2,iufo3)*
         cFT(g7,XX,iufo3,i3)*flavourTag(fmu,j11,j12)*Den(p4,xiw,M3)*Den(q2 + 
         q3,xiw,M3)^2*Den( - p4 + q2 + q3,0,0)^2*xia*xiw*ufoGC58^2*ufoGC3*
         ufoGC4
          - 1/4*g_(1,6_,nu10)*FT1*g_(1,q1)*g_(2,nu14)*cFT(nu9,XX,i2,iufo3)*
         cFT(g7,XX,iufo3,i3)*flavourTag(fmu,j11,j12)*Den(p4,xiw,M3)*Den(q2 + 
         q3,xiw,M3)^2*Den( - p4 + q2 + q3,0,0)^2*xiw*ufoGC58^2*ufoGC3*ufoGC4
          - 1/4*g_(1,6_,nu10)*FT1*g_(1,q1)*g_(2,nu14)*cFT(nu9,XX,i2,iufo3)*
         cFT(g7,XX,iufo3,i3)*flavourTag(fmu,j11,j12)*Den(p4,xiw,M3)^2*Den(q2
          + q3,xiw,M3)^2*Den( - p4 + q2 + q3,0,0)^2*p4.p4*d^-1*xia*xiw*
         ufoGC58^2*ufoGC3*ufoGC4
          + 1/4*g_(1,6_,nu10)*FT1*g_(1,q1)*g_(2,nu14)*cFT(nu9,XX,i2,iufo3)*
         cFT(g7,XX,iufo3,i3)*flavourTag(fmu,j11,j12)*Den(p4,xiw,M3)^2*Den(q2
          + q3,xiw,M3)^2*Den( - p4 + q2 + q3,0,0)^2*p4.p4*d^-1*xiw*ufoGC58^2*
         ufoGC3*ufoGC4
          + 1/4*g_(1,6_,nu10)*FT1*g_(1,q2)*g_(2,nu14)*cFT(nu9,XX,i2,iufo3)*
         cFT(g7,XX,iufo3,i3)*flavourTag(fmu,j11,j12)*Den(p4,xiw,M3)*Den(q2 + 
         q3,xiw,M3)^2*Den( - p4 + q2 + q3,0,0)^2*xia*xiw*ufoGC58^2*ufoGC3*
         ufoGC4
          - 1/4*g_(1,6_,nu10)*FT1*g_(1,q2)*g_(2,nu14)*cFT(nu9,XX,i2,iufo3)*
         cFT(g7,XX,iufo3,i3)*flavourTag(fmu,j11,j12)*Den(p4,xiw,M3)*Den(q2 + 
         q3,xiw,M3)^2*Den( - p4 + q2 + q3,0,0)^2*xiw*ufoGC58^2*ufoGC3*ufoGC4
          - 1/4*g_(1,6_,nu10)*FT1*g_(1,q2)*g_(2,nu14)*cFT(nu9,XX,i2,iufo3)*
         cFT(g7,XX,iufo3,i3)*flavourTag(fmu,j11,j12)*Den(p4,xiw,M3)^2*Den(q2
          + q3,xiw,M3)^2*Den( - p4 + q2 + q3,0,0)^2*p4.p4*d^-1*xia*xiw*
         ufoGC58^2*ufoGC3*ufoGC4
          + 1/4*g_(1,6_,nu10)*FT1*g_(1,q2)*g_(2,nu14)*cFT(nu9,XX,i2,iufo3)*
         cFT(g7,XX,iufo3,i3)*flavourTag(fmu,j11,j12)*Den(p4,xiw,M3)^2*Den(q2
          + q3,xiw,M3)^2*Den( - p4 + q2 + q3,0,0)^2*p4.p4*d^-1*xiw*ufoGC58^2*
         ufoGC3*ufoGC4
          + 1/4*g_(1,6_,nu10)*FT1*g_(1,q3)*g_(2,nu14)*cFT(nu9,XX,i2,iufo3)*
         cFT(g7,XX,iufo3,i3)*flavourTag(fmu,j11,j12)*Den(p4,xiw,M3)*Den(q2 + 
         q3,xiw,M3)^2*Den( - p4 + q2 + q3,0,0)^2*xia*xiw*ufoGC58^2*ufoGC3*
         ufoGC4
          - 1/4*g_(1,6_,nu10)*FT1*g_(1,q3)*g_(2,nu14)*cFT(nu9,XX,i2,iufo3)*
         cFT(g7,XX,iufo3,i3)*flavourTag(fmu,j11,j12)*Den(p4,xiw,M3)*Den(q2 + 
         q3,xiw,M3)^2*Den( - p4 + q2 + q3,0,0)^2*xiw*ufoGC58^2*ufoGC3*ufoGC4
          - 1/4*g_(1,6_,nu10)*FT1*g_(1,q3)*g_(2,nu14)*cFT(nu9,XX,i2,iufo3)*
         cFT(g7,XX,iufo3,i3)*flavourTag(fmu,j11,j12)*Den(p4,xiw,M3)^2*Den(q2
          + q3,xiw,M3)^2*Den( - p4 + q2 + q3,0,0)^2*p4.p4*d^-1*xia*xiw*
         ufoGC58^2*ufoGC3*ufoGC4
          + 1/4*g_(1,6_,nu10)*FT1*g_(1,q3)*g_(2,nu14)*cFT(nu9,XX,i2,iufo3)*
         cFT(g7,XX,iufo3,i3)*flavourTag(fmu,j11,j12)*Den(p4,xiw,M3)^2*Den(q2
          + q3,xiw,M3)^2*Den( - p4 + q2 + q3,0,0)^2*p4.p4*d^-1*xiw*ufoGC58^2*
         ufoGC3*ufoGC4
          )

       + Vec(nu14,q3)*Vec(nu9,q3)*Vec(nu10,q3)*Vec(nu13,q2)*Vec(nu13,q3) * (
          - 1/2*g_(1,6_,nu10)*FT1*g_(1,p4)*g_(2,nu14)*cFT(nu9,XX,i2,iufo3)*
         cFT(g7,XX,iufo3,i3)*flavourTag(fmu,j11,j12)*Den(p4,xiw,M3)*Den(q2 + 
         q3,xiw,M3)^2*Den( - p4 + q2 + q3,0,0)^2*xia*xiw*ufoGC58^2*ufoGC3*
         ufoGC4
          + 1/2*g_(1,6_,nu10)*FT1*g_(1,p4)*g_(2,nu14)*cFT(nu9,XX,i2,iufo3)*
         cFT(g7,XX,iufo3,i3)*flavourTag(fmu,j11,j12)*Den(p4,xiw,M3)*Den(q2 + 
         q3,xiw,M3)^2*Den( - p4 + q2 + q3,0,0)^2*xiw*ufoGC58^2*ufoGC3*ufoGC4
          + 1/2*g_(1,6_,nu10)*FT1*g_(1,p4)*g_(2,nu14)*cFT(nu9,XX,i2,iufo3)*
         cFT(g7,XX,iufo3,i3)*flavourTag(fmu,j11,j12)*Den(p4,xiw,M3)^2*Den(q2
          + q3,xiw,M3)^2*Den( - p4 + q2 + q3,0,0)^2*p4.p4*d^-1*xia*xiw*
         ufoGC58^2*ufoGC3*ufoGC4
          - 1/2*g_(1,6_,nu10)*FT1*g_(1,p4)*g_(2,nu14)*cFT(nu9,XX,i2,iufo3)*
         cFT(g7,XX,iufo3,i3)*flavourTag(fmu,j11,j12)*Den(p4,xiw,M3)^2*Den(q2
          + q3,xiw,M3)^2*Den( - p4 + q2 + q3,0,0)^2*p4.p4*d^-1*xiw*ufoGC58^2*
         ufoGC3*ufoGC4
          + 1/2*g_(1,6_,nu10)*FT1*g_(1,q1)*g_(2,nu14)*cFT(nu9,XX,i2,iufo3)*
         cFT(g7,XX,iufo3,i3)*flavourTag(fmu,j11,j12)*Den(p4,xiw,M3)*Den(q2 + 
         q3,xiw,M3)^2*Den( - p4 + q2 + q3,0,0)^2*xia*xiw*ufoGC58^2*ufoGC3*
         ufoGC4
          - 1/2*g_(1,6_,nu10)*FT1*g_(1,q1)*g_(2,nu14)*cFT(nu9,XX,i2,iufo3)*
         cFT(g7,XX,iufo3,i3)*flavourTag(fmu,j11,j12)*Den(p4,xiw,M3)*Den(q2 + 
         q3,xiw,M3)^2*Den( - p4 + q2 + q3,0,0)^2*xiw*ufoGC58^2*ufoGC3*ufoGC4
          - 1/2*g_(1,6_,nu10)*FT1*g_(1,q1)*g_(2,nu14)*cFT(nu9,XX,i2,iufo3)*
         cFT(g7,XX,iufo3,i3)*flavourTag(fmu,j11,j12)*Den(p4,xiw,M3)^2*Den(q2
          + q3,xiw,M3)^2*Den( - p4 + q2 + q3,0,0)^2*p4.p4*d^-1*xia*xiw*
         ufoGC58^2*ufoGC3*ufoGC4
          + 1/2*g_(1,6_,nu10)*FT1*g_(1,q1)*g_(2,nu14)*cFT(nu9,XX,i2,iufo3)*
         cFT(g7,XX,iufo3,i3)*flavourTag(fmu,j11,j12)*Den(p4,xiw,M3)^2*Den(q2
          + q3,xiw,M3)^2*Den( - p4 + q2 + q3,0,0)^2*p4.p4*d^-1*xiw*ufoGC58^2*
         ufoGC3*ufoGC4
          + 1/2*g_(1,6_,nu10)*FT1*g_(1,q2)*g_(2,nu14)*cFT(nu9,XX,i2,iufo3)*
         cFT(g7,XX,iufo3,i3)*flavourTag(fmu,j11,j12)*Den(p4,xiw,M3)*Den(q2 + 
         q3,xiw,M3)^2*Den( - p4 + q2 + q3,0,0)^2*xia*xiw*ufoGC58^2*ufoGC3*
         ufoGC4
          - 1/2*g_(1,6_,nu10)*FT1*g_(1,q2)*g_(2,nu14)*cFT(nu9,XX,i2,iufo3)*
         cFT(g7,XX,iufo3,i3)*flavourTag(fmu,j11,j12)*Den(p4,xiw,M3)*Den(q2 + 
         q3,xiw,M3)^2*Den( - p4 + q2 + q3,0,0)^2*xiw*ufoGC58^2*ufoGC3*ufoGC4
          - 1/2*g_(1,6_,nu10)*FT1*g_(1,q2)*g_(2,nu14)*cFT(nu9,XX,i2,iufo3)*
         cFT(g7,XX,iufo3,i3)*flavourTag(fmu,j11,j12)*Den(p4,xiw,M3)^2*Den(q2
          + q3,xiw,M3)^2*Den( - p4 + q2 + q3,0,0)^2*p4.p4*d^-1*xia*xiw*
         ufoGC58^2*ufoGC3*ufoGC4
          + 1/2*g_(1,6_,nu10)*FT1*g_(1,q2)*g_(2,nu14)*cFT(nu9,XX,i2,iufo3)*
         cFT(g7,XX,iufo3,i3)*flavourTag(fmu,j11,j12)*Den(p4,xiw,M3)^2*Den(q2
          + q3,xiw,M3)^2*Den( - p4 + q2 + q3,0,0)^2*p4.p4*d^-1*xiw*ufoGC58^2*
         ufoGC3*ufoGC4
          + 1/2*g_(1,6_,nu10)*FT1*g_(1,q3)*g_(2,nu14)*cFT(nu9,XX,i2,iufo3)*
         cFT(g7,XX,iufo3,i3)*flavourTag(fmu,j11,j12)*Den(p4,xiw,M3)*Den(q2 + 
         q3,xiw,M3)^2*Den( - p4 + q2 + q3,0,0)^2*xia*xiw*ufoGC58^2*ufoGC3*
         ufoGC4
          - 1/2*g_(1,6_,nu10)*FT1*g_(1,q3)*g_(2,nu14)*cFT(nu9,XX,i2,iufo3)*
         cFT(g7,XX,iufo3,i3)*flavourTag(fmu,j11,j12)*Den(p4,xiw,M3)*Den(q2 + 
         q3,xiw,M3)^2*Den( - p4 + q2 + q3,0,0)^2*xiw*ufoGC58^2*ufoGC3*ufoGC4
          - 1/2*g_(1,6_,nu10)*FT1*g_(1,q3)*g_(2,nu14)*cFT(nu9,XX,i2,iufo3)*
         cFT(g7,XX,iufo3,i3)*flavourTag(fmu,j11,j12)*Den(p4,xiw,M3)^2*Den(q2
          + q3,xiw,M3)^2*Den( - p4 + q2 + q3,0,0)^2*p4.p4*d^-1*xia*xiw*
         ufoGC58^2*ufoGC3*ufoGC4
          + 1/2*g_(1,6_,nu10)*FT1*g_(1,q3)*g_(2,nu14)*cFT(nu9,XX,i2,iufo3)*
         cFT(g7,XX,iufo3,i3)*flavourTag(fmu,j11,j12)*Den(p4,xiw,M3)^2*Den(q2
          + q3,xiw,M3)^2*Den( - p4 + q2 + q3,0,0)^2*p4.p4*d^-1*xiw*ufoGC58^2*
         ufoGC3*ufoGC4
          )

       + Vec(nu14,q3)*Vec(nu9,q3)*Vec(nu10,q3)*Vec(nu13,q3)^2 * (
          - 1/4*g_(1,6_,nu10)*FT1*g_(1,p4)*g_(2,nu14)*cFT(nu9,XX,i2,iufo3)*
         cFT(g7,XX,iufo3,i3)*flavourTag(fmu,j11,j12)*Den(p4,xiw,M3)*Den(q2 + 
         q3,xiw,M3)^2*Den( - p4 + q2 + q3,0,0)^2*xia*xiw*ufoGC58^2*ufoGC3*
         ufoGC4
          + 1/4*g_(1,6_,nu10)*FT1*g_(1,p4)*g_(2,nu14)*cFT(nu9,XX,i2,iufo3)*
         cFT(g7,XX,iufo3,i3)*flavourTag(fmu,j11,j12)*Den(p4,xiw,M3)*Den(q2 + 
         q3,xiw,M3)^2*Den( - p4 + q2 + q3,0,0)^2*xiw*ufoGC58^2*ufoGC3*ufoGC4
          + 1/4*g_(1,6_,nu10)*FT1*g_(1,p4)*g_(2,nu14)*cFT(nu9,XX,i2,iufo3)*
         cFT(g7,XX,iufo3,i3)*flavourTag(fmu,j11,j12)*Den(p4,xiw,M3)^2*Den(q2
          + q3,xiw,M3)^2*Den( - p4 + q2 + q3,0,0)^2*p4.p4*d^-1*xia*xiw*
         ufoGC58^2*ufoGC3*ufoGC4
          - 1/4*g_(1,6_,nu10)*FT1*g_(1,p4)*g_(2,nu14)*cFT(nu9,XX,i2,iufo3)*
         cFT(g7,XX,iufo3,i3)*flavourTag(fmu,j11,j12)*Den(p4,xiw,M3)^2*Den(q2
          + q3,xiw,M3)^2*Den( - p4 + q2 + q3,0,0)^2*p4.p4*d^-1*xiw*ufoGC58^2*
         ufoGC3*ufoGC4
          + 1/4*g_(1,6_,nu10)*FT1*g_(1,q1)*g_(2,nu14)*cFT(nu9,XX,i2,iufo3)*
         cFT(g7,XX,iufo3,i3)*flavourTag(fmu,j11,j12)*Den(p4,xiw,M3)*Den(q2 + 
         q3,xiw,M3)^2*Den( - p4 + q2 + q3,0,0)^2*xia*xiw*ufoGC58^2*ufoGC3*
         ufoGC4
          - 1/4*g_(1,6_,nu10)*FT1*g_(1,q1)*g_(2,nu14)*cFT(nu9,XX,i2,iufo3)*
         cFT(g7,XX,iufo3,i3)*flavourTag(fmu,j11,j12)*Den(p4,xiw,M3)*Den(q2 + 
         q3,xiw,M3)^2*Den( - p4 + q2 + q3,0,0)^2*xiw*ufoGC58^2*ufoGC3*ufoGC4
          - 1/4*g_(1,6_,nu10)*FT1*g_(1,q1)*g_(2,nu14)*cFT(nu9,XX,i2,iufo3)*
         cFT(g7,XX,iufo3,i3)*flavourTag(fmu,j11,j12)*Den(p4,xiw,M3)^2*Den(q2
          + q3,xiw,M3)^2*Den( - p4 + q2 + q3,0,0)^2*p4.p4*d^-1*xia*xiw*
         ufoGC58^2*ufoGC3*ufoGC4
          + 1/4*g_(1,6_,nu10)*FT1*g_(1,q1)*g_(2,nu14)*cFT(nu9,XX,i2,iufo3)*
         cFT(g7,XX,iufo3,i3)*flavourTag(fmu,j11,j12)*Den(p4,xiw,M3)^2*Den(q2
          + q3,xiw,M3)^2*Den( - p4 + q2 + q3,0,0)^2*p4.p4*d^-1*xiw*ufoGC58^2*
         ufoGC3*ufoGC4
          + 1/4*g_(1,6_,nu10)*FT1*g_(1,q2)*g_(2,nu14)*cFT(nu9,XX,i2,iufo3)*
         cFT(g7,XX,iufo3,i3)*flavourTag(fmu,j11,j12)*Den(p4,xiw,M3)*Den(q2 + 
         q3,xiw,M3)^2*Den( - p4 + q2 + q3,0,0)^2*xia*xiw*ufoGC58^2*ufoGC3*
         ufoGC4
          - 1/4*g_(1,6_,nu10)*FT1*g_(1,q2)*g_(2,nu14)*cFT(nu9,XX,i2,iufo3)*
         cFT(g7,XX,iufo3,i3)*flavourTag(fmu,j11,j12)*Den(p4,xiw,M3)*Den(q2 + 
         q3,xiw,M3)^2*Den( - p4 + q2 + q3,0,0)^2*xiw*ufoGC58^2*ufoGC3*ufoGC4
          - 1/4*g_(1,6_,nu10)*FT1*g_(1,q2)*g_(2,nu14)*cFT(nu9,XX,i2,iufo3)*
         cFT(g7,XX,iufo3,i3)*flavourTag(fmu,j11,j12)*Den(p4,xiw,M3)^2*Den(q2
          + q3,xiw,M3)^2*Den( - p4 + q2 + q3,0,0)^2*p4.p4*d^-1*xia*xiw*
         ufoGC58^2*ufoGC3*ufoGC4
          + 1/4*g_(1,6_,nu10)*FT1*g_(1,q2)*g_(2,nu14)*cFT(nu9,XX,i2,iufo3)*
         cFT(g7,XX,iufo3,i3)*flavourTag(fmu,j11,j12)*Den(p4,xiw,M3)^2*Den(q2
          + q3,xiw,M3)^2*Den( - p4 + q2 + q3,0,0)^2*p4.p4*d^-1*xiw*ufoGC58^2*
         ufoGC3*ufoGC4
          + 1/4*g_(1,6_,nu10)*FT1*g_(1,q3)*g_(2,nu14)*cFT(nu9,XX,i2,iufo3)*
         cFT(g7,XX,iufo3,i3)*flavourTag(fmu,j11,j12)*Den(p4,xiw,M3)*Den(q2 + 
         q3,xiw,M3)^2*Den( - p4 + q2 + q3,0,0)^2*xia*xiw*ufoGC58^2*ufoGC3*
         ufoGC4
          - 1/4*g_(1,6_,nu10)*FT1*g_(1,q3)*g_(2,nu14)*cFT(nu9,XX,i2,iufo3)*
         cFT(g7,XX,iufo3,i3)*flavourTag(fmu,j11,j12)*Den(p4,xiw,M3)*Den(q2 + 
         q3,xiw,M3)^2*Den( - p4 + q2 + q3,0,0)^2*xiw*ufoGC58^2*ufoGC3*ufoGC4
          - 1/4*g_(1,6_,nu10)*FT1*g_(1,q3)*g_(2,nu14)*cFT(nu9,XX,i2,iufo3)*
         cFT(g7,XX,iufo3,i3)*flavourTag(fmu,j11,j12)*Den(p4,xiw,M3)^2*Den(q2
          + q3,xiw,M3)^2*Den( - p4 + q2 + q3,0,0)^2*p4.p4*d^-1*xia*xiw*
         ufoGC58^2*ufoGC3*ufoGC4
          + 1/4*g_(1,6_,nu10)*FT1*g_(1,q3)*g_(2,nu14)*cFT(nu9,XX,i2,iufo3)*
         cFT(g7,XX,iufo3,i3)*flavourTag(fmu,j11,j12)*Den(p4,xiw,M3)^2*Den(q2
          + q3,xiw,M3)^2*Den( - p4 + q2 + q3,0,0)^2*p4.p4*d^-1*xiw*ufoGC58^2*
         ufoGC3*ufoGC4
          )

       + Vec(nu14,q3)*Vec(nu9,q3)*Vec(nu10,q3) * (
          + 1/4*g_(1,6_,nu10)*FT1*g_(1,p4)*g_(2,nu14)*cFT(nu9,XX,i2,iufo3)*
         cFT(g7,XX,iufo3,i3)*flavourTag(fmu,j11,j12)*Den(p4,xiw,M3)*Den(q2 + 
         q3,xiw,M3)^2*Den( - p4 + q2 + q3,0,0)^2*p4.p4*xia*xiw*ufoGC58^2*
         ufoGC3*ufoGC4
          - 1/4*g_(1,6_,nu10)*FT1*g_(1,p4)*g_(2,nu14)*cFT(nu9,XX,i2,iufo3)*
         cFT(g7,XX,iufo3,i3)*flavourTag(fmu,j11,j12)*Den(p4,xiw,M3)*Den(q2 + 
         q3,xiw,M3)^2*Den( - p4 + q2 + q3,0,0)^2*p4.p4*xiw*ufoGC58^2*ufoGC3*
         ufoGC4
          - 1/4*g_(1,6_,nu10)*FT1*g_(1,q1)*g_(2,nu14)*cFT(nu9,XX,i2,iufo3)*
         cFT(g7,XX,iufo3,i3)*flavourTag(fmu,j11,j12)*Den(p4,xiw,M3)*Den(q2 + 
         q3,xiw,M3)^2*Den( - p4 + q2 + q3,0,0)^2*p4.p4*xia*xiw*ufoGC58^2*
         ufoGC3*ufoGC4
          + 1/4*g_(1,6_,nu10)*FT1*g_(1,q1)*g_(2,nu14)*cFT(nu9,XX,i2,iufo3)*
         cFT(g7,XX,iufo3,i3)*flavourTag(fmu,j11,j12)*Den(p4,xiw,M3)*Den(q2 + 
         q3,xiw,M3)^2*Den( - p4 + q2 + q3,0,0)^2*p4.p4*xiw*ufoGC58^2*ufoGC3*
         ufoGC4
          - 1/4*g_(1,6_,nu10)*FT1*g_(1,q2)*g_(2,nu14)*cFT(nu9,XX,i2,iufo3)*
         cFT(g7,XX,iufo3,i3)*flavourTag(fmu,j11,j12)*Den(p4,xiw,M3)*Den(q2 + 
         q3,xiw,M3)^2*Den( - p4 + q2 + q3,0,0)^2*p4.p4*xia*xiw*ufoGC58^2*
         ufoGC3*ufoGC4
          + 1/4*g_(1,6_,nu10)*FT1*g_(1,q2)*g_(2,nu14)*cFT(nu9,XX,i2,iufo3)*
         cFT(g7,XX,iufo3,i3)*flavourTag(fmu,j11,j12)*Den(p4,xiw,M3)*Den(q2 + 
         q3,xiw,M3)^2*Den( - p4 + q2 + q3,0,0)^2*p4.p4*xiw*ufoGC58^2*ufoGC3*
         ufoGC4
          - 1/4*g_(1,6_,nu10)*FT1*g_(1,q3)*g_(2,nu14)*cFT(nu9,XX,i2,iufo3)*
         cFT(g7,XX,iufo3,i3)*flavourTag(fmu,j11,j12)*Den(p4,xiw,M3)*Den(q2 + 
         q3,xiw,M3)^2*Den( - p4 + q2 + q3,0,0)^2*p4.p4*xia*xiw*ufoGC58^2*
         ufoGC3*ufoGC4
          + 1/4*g_(1,6_,nu10)*FT1*g_(1,q3)*g_(2,nu14)*cFT(nu9,XX,i2,iufo3)*
         cFT(g7,XX,iufo3,i3)*flavourTag(fmu,j11,j12)*Den(p4,xiw,M3)*Den(q2 + 
         q3,xiw,M3)^2*Den( - p4 + q2 + q3,0,0)^2*p4.p4*xiw*ufoGC58^2*ufoGC3*
         ufoGC4
          )

       + Vec(nu14,q3)*Vec(nu9,q3)*Vec(nu15,q2) * (
          - 1/4*g_(1,6_,nu15)*FT1*g_(1,p4)*g_(2,nu14)*cFT(nu9,XX,i2,iufo3)*
         cFT(g7,XX,iufo3,i3)*flavourTag(fmu,j11,j12)*Den(p4,xiw,M3)*Den(q2 + 
         q3,xiw,M3)^2*Den( - p4 + q2 + q3,0,0)^2*p4.p4*d^-1*xia*xiw*ufoGC58^2*
         ufoGC3*ufoGC4
          + 1/4*g_(1,6_,nu15)*FT1*g_(1,p4)*g_(2,nu14)*cFT(nu9,XX,i2,iufo3)*
         cFT(g7,XX,iufo3,i3)*flavourTag(fmu,j11,j12)*Den(p4,xiw,M3)*Den(q2 + 
         q3,xiw,M3)^2*Den( - p4 + q2 + q3,0,0)^2*p4.p4*d^-1*xiw*ufoGC58^2*
         ufoGC3*ufoGC4
          + 1/4*g_(1,6_,nu15)*FT1*g_(1,q1)*g_(2,nu14)*cFT(nu9,XX,i2,iufo3)*
         cFT(g7,XX,iufo3,i3)*flavourTag(fmu,j11,j12)*Den(p4,xiw,M3)*Den(q2 + 
         q3,xiw,M3)^2*Den( - p4 + q2 + q3,0,0)^2*p4.p4*d^-1*xia*xiw*ufoGC58^2*
         ufoGC3*ufoGC4
          - 1/4*g_(1,6_,nu15)*FT1*g_(1,q1)*g_(2,nu14)*cFT(nu9,XX,i2,iufo3)*
         cFT(g7,XX,iufo3,i3)*flavourTag(fmu,j11,j12)*Den(p4,xiw,M3)*Den(q2 + 
         q3,xiw,M3)^2*Den( - p4 + q2 + q3,0,0)^2*p4.p4*d^-1*xiw*ufoGC58^2*
         ufoGC3*ufoGC4
          + 1/4*g_(1,6_,nu15)*FT1*g_(1,q2)*g_(2,nu14)*cFT(nu9,XX,i2,iufo3)*
         cFT(g7,XX,iufo3,i3)*flavourTag(fmu,j11,j12)*Den(p4,xiw,M3)*Den(q2 + 
         q3,xiw,M3)^2*Den( - p4 + q2 + q3,0,0)^2*p4.p4*d^-1*xia*xiw*ufoGC58^2*
         ufoGC3*ufoGC4
          - 1/4*g_(1,6_,nu15)*FT1*g_(1,q2)*g_(2,nu14)*cFT(nu9,XX,i2,iufo3)*
         cFT(g7,XX,iufo3,i3)*flavourTag(fmu,j11,j12)*Den(p4,xiw,M3)*Den(q2 + 
         q3,xiw,M3)^2*Den( - p4 + q2 + q3,0,0)^2*p4.p4*d^-1*xiw*ufoGC58^2*
         ufoGC3*ufoGC4
          + 1/4*g_(1,6_,nu15)*FT1*g_(1,q3)*g_(2,nu14)*cFT(nu9,XX,i2,iufo3)*
         cFT(g7,XX,iufo3,i3)*flavourTag(fmu,j11,j12)*Den(p4,xiw,M3)*Den(q2 + 
         q3,xiw,M3)^2*Den( - p4 + q2 + q3,0,0)^2*p4.p4*d^-1*xia*xiw*ufoGC58^2*
         ufoGC3*ufoGC4
          - 1/4*g_(1,6_,nu15)*FT1*g_(1,q3)*g_(2,nu14)*cFT(nu9,XX,i2,iufo3)*
         cFT(g7,XX,iufo3,i3)*flavourTag(fmu,j11,j12)*Den(p4,xiw,M3)*Den(q2 + 
         q3,xiw,M3)^2*Den( - p4 + q2 + q3,0,0)^2*p4.p4*d^-1*xiw*ufoGC58^2*
         ufoGC3*ufoGC4
          )

       + Vec(nu14,q3)*Vec(nu9,q3)*Vec(nu15,q3) * (
          - 1/4*g_(1,6_,nu15)*FT1*g_(1,p4)*g_(2,nu14)*cFT(nu9,XX,i2,iufo3)*
         cFT(g7,XX,iufo3,i3)*flavourTag(fmu,j11,j12)*Den(p4,xiw,M3)*Den(q2 + 
         q3,xiw,M3)^2*Den( - p4 + q2 + q3,0,0)^2*p4.p4*d^-1*xia*xiw*ufoGC58^2*
         ufoGC3*ufoGC4
          + 1/4*g_(1,6_,nu15)*FT1*g_(1,p4)*g_(2,nu14)*cFT(nu9,XX,i2,iufo3)*
         cFT(g7,XX,iufo3,i3)*flavourTag(fmu,j11,j12)*Den(p4,xiw,M3)*Den(q2 + 
         q3,xiw,M3)^2*Den( - p4 + q2 + q3,0,0)^2*p4.p4*d^-1*xiw*ufoGC58^2*
         ufoGC3*ufoGC4
          + 1/4*g_(1,6_,nu15)*FT1*g_(1,q1)*g_(2,nu14)*cFT(nu9,XX,i2,iufo3)*
         cFT(g7,XX,iufo3,i3)*flavourTag(fmu,j11,j12)*Den(p4,xiw,M3)*Den(q2 + 
         q3,xiw,M3)^2*Den( - p4 + q2 + q3,0,0)^2*p4.p4*d^-1*xia*xiw*ufoGC58^2*
         ufoGC3*ufoGC4
          - 1/4*g_(1,6_,nu15)*FT1*g_(1,q1)*g_(2,nu14)*cFT(nu9,XX,i2,iufo3)*
         cFT(g7,XX,iufo3,i3)*flavourTag(fmu,j11,j12)*Den(p4,xiw,M3)*Den(q2 + 
         q3,xiw,M3)^2*Den( - p4 + q2 + q3,0,0)^2*p4.p4*d^-1*xiw*ufoGC58^2*
         ufoGC3*ufoGC4
          + 1/4*g_(1,6_,nu15)*FT1*g_(1,q2)*g_(2,nu14)*cFT(nu9,XX,i2,iufo3)*
         cFT(g7,XX,iufo3,i3)*flavourTag(fmu,j11,j12)*Den(p4,xiw,M3)*Den(q2 + 
         q3,xiw,M3)^2*Den( - p4 + q2 + q3,0,0)^2*p4.p4*d^-1*xia*xiw*ufoGC58^2*
         ufoGC3*ufoGC4
          - 1/4*g_(1,6_,nu15)*FT1*g_(1,q2)*g_(2,nu14)*cFT(nu9,XX,i2,iufo3)*
         cFT(g7,XX,iufo3,i3)*flavourTag(fmu,j11,j12)*Den(p4,xiw,M3)*Den(q2 + 
         q3,xiw,M3)^2*Den( - p4 + q2 + q3,0,0)^2*p4.p4*d^-1*xiw*ufoGC58^2*
         ufoGC3*ufoGC4
          + 1/4*g_(1,6_,nu15)*FT1*g_(1,q3)*g_(2,nu14)*cFT(nu9,XX,i2,iufo3)*
         cFT(g7,XX,iufo3,i3)*flavourTag(fmu,j11,j12)*Den(p4,xiw,M3)*Den(q2 + 
         q3,xiw,M3)^2*Den( - p4 + q2 + q3,0,0)^2*p4.p4*d^-1*xia*xiw*ufoGC58^2*
         ufoGC3*ufoGC4
          - 1/4*g_(1,6_,nu15)*FT1*g_(1,q3)*g_(2,nu14)*cFT(nu9,XX,i2,iufo3)*
         cFT(g7,XX,iufo3,i3)*flavourTag(fmu,j11,j12)*Den(p4,xiw,M3)*Den(q2 + 
         q3,xiw,M3)^2*Den( - p4 + q2 + q3,0,0)^2*p4.p4*d^-1*xiw*ufoGC58^2*
         ufoGC3*ufoGC4
          )

       + Vec(nu9,q2)*Vec(nu10,q2)^2 * (
          - 1/4*g_(1,6_,nu15)*FT1*g_(1,p4)*g_(2,nu15)*cFT(nu9,XX,i2,iufo3)*
         cFT(g7,XX,iufo3,i3)*flavourTag(fmu,j11,j12)*Den(p4,xiw,M3)*Den(q2 + 
         q3,xiw,M3)^2*Den( - p4 + q2 + q3,0,0)*xiw*ufoGC58^2*ufoGC3*ufoGC4
          + 1/4*g_(1,6_,nu15)*FT1*g_(1,p4)*g_(2,nu15)*cFT(nu9,XX,i2,iufo3)*
         cFT(g7,XX,iufo3,i3)*flavourTag(fmu,j11,j12)*Den(p4,xiw,M3)^2*Den(q2
          + q3,xiw,M3)^2*Den( - p4 + q2 + q3,0,0)*p4.p4*d^-1*xiw*ufoGC58^2*
         ufoGC3*ufoGC4
          + 1/4*g_(1,6_,nu15)*FT1*g_(1,q1)*g_(2,nu15)*cFT(nu9,XX,i2,iufo3)*
         cFT(g7,XX,iufo3,i3)*flavourTag(fmu,j11,j12)*Den(p4,xiw,M3)*Den(q2 + 
         q3,xiw,M3)^2*Den( - p4 + q2 + q3,0,0)*xiw*ufoGC58^2*ufoGC3*ufoGC4
          - 1/4*g_(1,6_,nu15)*FT1*g_(1,q1)*g_(2,nu15)*cFT(nu9,XX,i2,iufo3)*
         cFT(g7,XX,iufo3,i3)*flavourTag(fmu,j11,j12)*Den(p4,xiw,M3)^2*Den(q2
          + q3,xiw,M3)^2*Den( - p4 + q2 + q3,0,0)*p4.p4*d^-1*xiw*ufoGC58^2*
         ufoGC3*ufoGC4
          + 1/4*g_(1,6_,nu15)*FT1*g_(1,q2)*g_(2,nu15)*cFT(nu9,XX,i2,iufo3)*
         cFT(g7,XX,iufo3,i3)*flavourTag(fmu,j11,j12)*Den(p4,xiw,M3)*Den(q2 + 
         q3,xiw,M3)^2*Den( - p4 + q2 + q3,0,0)*xiw*ufoGC58^2*ufoGC3*ufoGC4
          - 1/4*g_(1,6_,nu15)*FT1*g_(1,q2)*g_(2,nu15)*cFT(nu9,XX,i2,iufo3)*
         cFT(g7,XX,iufo3,i3)*flavourTag(fmu,j11,j12)*Den(p4,xiw,M3)^2*Den(q2
          + q3,xiw,M3)^2*Den( - p4 + q2 + q3,0,0)*p4.p4*d^-1*xiw*ufoGC58^2*
         ufoGC3*ufoGC4
          + 1/4*g_(1,6_,nu15)*FT1*g_(1,q3)*g_(2,nu15)*cFT(nu9,XX,i2,iufo3)*
         cFT(g7,XX,iufo3,i3)*flavourTag(fmu,j11,j12)*Den(p4,xiw,M3)*Den(q2 + 
         q3,xiw,M3)^2*Den( - p4 + q2 + q3,0,0)*xiw*ufoGC58^2*ufoGC3*ufoGC4
          - 1/4*g_(1,6_,nu15)*FT1*g_(1,q3)*g_(2,nu15)*cFT(nu9,XX,i2,iufo3)*
         cFT(g7,XX,iufo3,i3)*flavourTag(fmu,j11,j12)*Den(p4,xiw,M3)^2*Den(q2
          + q3,xiw,M3)^2*Den( - p4 + q2 + q3,0,0)*p4.p4*d^-1*xiw*ufoGC58^2*
         ufoGC3*ufoGC4
          )

       + Vec(nu9,q2)*Vec(nu10,q2)*Vec(nu10,q3) * (
          - 1/2*g_(1,6_,nu15)*FT1*g_(1,p4)*g_(2,nu15)*cFT(nu9,XX,i2,iufo3)*
         cFT(g7,XX,iufo3,i3)*flavourTag(fmu,j11,j12)*Den(p4,xiw,M3)*Den(q2 + 
         q3,xiw,M3)^2*Den( - p4 + q2 + q3,0,0)*xiw*ufoGC58^2*ufoGC3*ufoGC4
          + 1/2*g_(1,6_,nu15)*FT1*g_(1,p4)*g_(2,nu15)*cFT(nu9,XX,i2,iufo3)*
         cFT(g7,XX,iufo3,i3)*flavourTag(fmu,j11,j12)*Den(p4,xiw,M3)^2*Den(q2
          + q3,xiw,M3)^2*Den( - p4 + q2 + q3,0,0)*p4.p4*d^-1*xiw*ufoGC58^2*
         ufoGC3*ufoGC4
          + 1/2*g_(1,6_,nu15)*FT1*g_(1,q1)*g_(2,nu15)*cFT(nu9,XX,i2,iufo3)*
         cFT(g7,XX,iufo3,i3)*flavourTag(fmu,j11,j12)*Den(p4,xiw,M3)*Den(q2 + 
         q3,xiw,M3)^2*Den( - p4 + q2 + q3,0,0)*xiw*ufoGC58^2*ufoGC3*ufoGC4
          - 1/2*g_(1,6_,nu15)*FT1*g_(1,q1)*g_(2,nu15)*cFT(nu9,XX,i2,iufo3)*
         cFT(g7,XX,iufo3,i3)*flavourTag(fmu,j11,j12)*Den(p4,xiw,M3)^2*Den(q2
          + q3,xiw,M3)^2*Den( - p4 + q2 + q3,0,0)*p4.p4*d^-1*xiw*ufoGC58^2*
         ufoGC3*ufoGC4
          + 1/2*g_(1,6_,nu15)*FT1*g_(1,q2)*g_(2,nu15)*cFT(nu9,XX,i2,iufo3)*
         cFT(g7,XX,iufo3,i3)*flavourTag(fmu,j11,j12)*Den(p4,xiw,M3)*Den(q2 + 
         q3,xiw,M3)^2*Den( - p4 + q2 + q3,0,0)*xiw*ufoGC58^2*ufoGC3*ufoGC4
          - 1/2*g_(1,6_,nu15)*FT1*g_(1,q2)*g_(2,nu15)*cFT(nu9,XX,i2,iufo3)*
         cFT(g7,XX,iufo3,i3)*flavourTag(fmu,j11,j12)*Den(p4,xiw,M3)^2*Den(q2
          + q3,xiw,M3)^2*Den( - p4 + q2 + q3,0,0)*p4.p4*d^-1*xiw*ufoGC58^2*
         ufoGC3*ufoGC4
          + 1/2*g_(1,6_,nu15)*FT1*g_(1,q3)*g_(2,nu15)*cFT(nu9,XX,i2,iufo3)*
         cFT(g7,XX,iufo3,i3)*flavourTag(fmu,j11,j12)*Den(p4,xiw,M3)*Den(q2 + 
         q3,xiw,M3)^2*Den( - p4 + q2 + q3,0,0)*xiw*ufoGC58^2*ufoGC3*ufoGC4
          - 1/2*g_(1,6_,nu15)*FT1*g_(1,q3)*g_(2,nu15)*cFT(nu9,XX,i2,iufo3)*
         cFT(g7,XX,iufo3,i3)*flavourTag(fmu,j11,j12)*Den(p4,xiw,M3)^2*Den(q2
          + q3,xiw,M3)^2*Den( - p4 + q2 + q3,0,0)*p4.p4*d^-1*xiw*ufoGC58^2*
         ufoGC3*ufoGC4
          )

       + Vec(nu9,q2)*Vec(nu10,q2)*Vec(nu13,q2) * (
          - 1/4*g_(1,6_,nu10)*FT1*g_(1,p4)*g_(2,nu13)*cFT(nu9,XX,i2,iufo3)*
         cFT(g7,XX,iufo3,i3)*flavourTag(fmu,j11,j12)*Den(p4,xiw,M3)*Den(q2 + 
         q3,xiw,M3)^2*Den( - p4 + q2 + q3,0,0)*xiw*ufoGC58^2*ufoGC3*ufoGC4
          + 1/4*g_(1,6_,nu10)*FT1*g_(1,p4)*g_(2,nu13)*cFT(nu9,XX,i2,iufo3)*
         cFT(g7,XX,iufo3,i3)*flavourTag(fmu,j11,j12)*Den(p4,xiw,M3)^2*Den(q2
          + q3,xiw,M3)^2*Den( - p4 + q2 + q3,0,0)*p4.p4*d^-1*xiw*ufoGC58^2*
         ufoGC3*ufoGC4
          + 1/4*g_(1,6_,nu10)*FT1*g_(1,q1)*g_(2,nu13)*cFT(nu9,XX,i2,iufo3)*
         cFT(g7,XX,iufo3,i3)*flavourTag(fmu,j11,j12)*Den(p4,xiw,M3)*Den(q2 + 
         q3,xiw,M3)^2*Den( - p4 + q2 + q3,0,0)*xiw*ufoGC58^2*ufoGC3*ufoGC4
          - 1/4*g_(1,6_,nu10)*FT1*g_(1,q1)*g_(2,nu13)*cFT(nu9,XX,i2,iufo3)*
         cFT(g7,XX,iufo3,i3)*flavourTag(fmu,j11,j12)*Den(p4,xiw,M3)^2*Den(q2
          + q3,xiw,M3)^2*Den( - p4 + q2 + q3,0,0)*p4.p4*d^-1*xiw*ufoGC58^2*
         ufoGC3*ufoGC4
          + 1/4*g_(1,6_,nu10)*FT1*g_(1,q2)*g_(2,nu13)*cFT(nu9,XX,i2,iufo3)*
         cFT(g7,XX,iufo3,i3)*flavourTag(fmu,j11,j12)*Den(p4,xiw,M3)*Den(q2 + 
         q3,xiw,M3)^2*Den( - p4 + q2 + q3,0,0)*xiw*ufoGC58^2*ufoGC3*ufoGC4
          - 1/4*g_(1,6_,nu10)*FT1*g_(1,q2)*g_(2,nu13)*cFT(nu9,XX,i2,iufo3)*
         cFT(g7,XX,iufo3,i3)*flavourTag(fmu,j11,j12)*Den(p4,xiw,M3)^2*Den(q2
          + q3,xiw,M3)^2*Den( - p4 + q2 + q3,0,0)*p4.p4*d^-1*xiw*ufoGC58^2*
         ufoGC3*ufoGC4
          + 1/4*g_(1,6_,nu10)*FT1*g_(1,q3)*g_(2,nu13)*cFT(nu9,XX,i2,iufo3)*
         cFT(g7,XX,iufo3,i3)*flavourTag(fmu,j11,j12)*Den(p4,xiw,M3)*Den(q2 + 
         q3,xiw,M3)^2*Den( - p4 + q2 + q3,0,0)*xiw*ufoGC58^2*ufoGC3*ufoGC4
          - 1/4*g_(1,6_,nu10)*FT1*g_(1,q3)*g_(2,nu13)*cFT(nu9,XX,i2,iufo3)*
         cFT(g7,XX,iufo3,i3)*flavourTag(fmu,j11,j12)*Den(p4,xiw,M3)^2*Den(q2
          + q3,xiw,M3)^2*Den( - p4 + q2 + q3,0,0)*p4.p4*d^-1*xiw*ufoGC58^2*
         ufoGC3*ufoGC4
          )

       + Vec(nu9,q2)*Vec(nu10,q2)*Vec(nu13,q3) * (
          - 1/4*g_(1,6_,nu10)*FT1*g_(1,p4)*g_(2,nu13)*cFT(nu9,XX,i2,iufo3)*
         cFT(g7,XX,iufo3,i3)*flavourTag(fmu,j11,j12)*Den(p4,xiw,M3)*Den(q2 + 
         q3,xiw,M3)^2*Den( - p4 + q2 + q3,0,0)*xiw*ufoGC58^2*ufoGC3*ufoGC4
          + 1/4*g_(1,6_,nu10)*FT1*g_(1,p4)*g_(2,nu13)*cFT(nu9,XX,i2,iufo3)*
         cFT(g7,XX,iufo3,i3)*flavourTag(fmu,j11,j12)*Den(p4,xiw,M3)^2*Den(q2
          + q3,xiw,M3)^2*Den( - p4 + q2 + q3,0,0)*p4.p4*d^-1*xiw*ufoGC58^2*
         ufoGC3*ufoGC4
          + 1/4*g_(1,6_,nu10)*FT1*g_(1,q1)*g_(2,nu13)*cFT(nu9,XX,i2,iufo3)*
         cFT(g7,XX,iufo3,i3)*flavourTag(fmu,j11,j12)*Den(p4,xiw,M3)*Den(q2 + 
         q3,xiw,M3)^2*Den( - p4 + q2 + q3,0,0)*xiw*ufoGC58^2*ufoGC3*ufoGC4
          - 1/4*g_(1,6_,nu10)*FT1*g_(1,q1)*g_(2,nu13)*cFT(nu9,XX,i2,iufo3)*
         cFT(g7,XX,iufo3,i3)*flavourTag(fmu,j11,j12)*Den(p4,xiw,M3)^2*Den(q2
          + q3,xiw,M3)^2*Den( - p4 + q2 + q3,0,0)*p4.p4*d^-1*xiw*ufoGC58^2*
         ufoGC3*ufoGC4
          + 1/4*g_(1,6_,nu10)*FT1*g_(1,q2)*g_(2,nu13)*cFT(nu9,XX,i2,iufo3)*
         cFT(g7,XX,iufo3,i3)*flavourTag(fmu,j11,j12)*Den(p4,xiw,M3)*Den(q2 + 
         q3,xiw,M3)^2*Den( - p4 + q2 + q3,0,0)*xiw*ufoGC58^2*ufoGC3*ufoGC4
          - 1/4*g_(1,6_,nu10)*FT1*g_(1,q2)*g_(2,nu13)*cFT(nu9,XX,i2,iufo3)*
         cFT(g7,XX,iufo3,i3)*flavourTag(fmu,j11,j12)*Den(p4,xiw,M3)^2*Den(q2
          + q3,xiw,M3)^2*Den( - p4 + q2 + q3,0,0)*p4.p4*d^-1*xiw*ufoGC58^2*
         ufoGC3*ufoGC4
          + 1/4*g_(1,6_,nu10)*FT1*g_(1,q3)*g_(2,nu13)*cFT(nu9,XX,i2,iufo3)*
         cFT(g7,XX,iufo3,i3)*flavourTag(fmu,j11,j12)*Den(p4,xiw,M3)*Den(q2 + 
         q3,xiw,M3)^2*Den( - p4 + q2 + q3,0,0)*xiw*ufoGC58^2*ufoGC3*ufoGC4
          - 1/4*g_(1,6_,nu10)*FT1*g_(1,q3)*g_(2,nu13)*cFT(nu9,XX,i2,iufo3)*
         cFT(g7,XX,iufo3,i3)*flavourTag(fmu,j11,j12)*Den(p4,xiw,M3)^2*Den(q2
          + q3,xiw,M3)^2*Den( - p4 + q2 + q3,0,0)*p4.p4*d^-1*xiw*ufoGC58^2*
         ufoGC3*ufoGC4
          )

       + Vec(nu9,q2)*Vec(nu10,q2)*Vec(nu15,q2) * (
          + 1/2*g_(1,6_,nu15)*FT1*g_(1,p4)*g_(2,nu10)*cFT(nu9,XX,i2,iufo3)*
         cFT(g7,XX,iufo3,i3)*flavourTag(fmu,j11,j12)*Den(p4,xiw,M3)*Den(q2 + 
         q3,xiw,M3)^2*Den( - p4 + q2 + q3,0,0)*xiw*ufoGC58^2*ufoGC3*ufoGC4
          - 1/2*g_(1,6_,nu15)*FT1*g_(1,p4)*g_(2,nu10)*cFT(nu9,XX,i2,iufo3)*
         cFT(g7,XX,iufo3,i3)*flavourTag(fmu,j11,j12)*Den(p4,xiw,M3)^2*Den(q2
          + q3,xiw,M3)^2*Den( - p4 + q2 + q3,0,0)*p4.p4*d^-1*xiw*ufoGC58^2*
         ufoGC3*ufoGC4
          - 1/2*g_(1,6_,nu15)*FT1*g_(1,q1)*g_(2,nu10)*cFT(nu9,XX,i2,iufo3)*
         cFT(g7,XX,iufo3,i3)*flavourTag(fmu,j11,j12)*Den(p4,xiw,M3)*Den(q2 + 
         q3,xiw,M3)^2*Den( - p4 + q2 + q3,0,0)*xiw*ufoGC58^2*ufoGC3*ufoGC4
          + 1/2*g_(1,6_,nu15)*FT1*g_(1,q1)*g_(2,nu10)*cFT(nu9,XX,i2,iufo3)*
         cFT(g7,XX,iufo3,i3)*flavourTag(fmu,j11,j12)*Den(p4,xiw,M3)^2*Den(q2
          + q3,xiw,M3)^2*Den( - p4 + q2 + q3,0,0)*p4.p4*d^-1*xiw*ufoGC58^2*
         ufoGC3*ufoGC4
          - 1/2*g_(1,6_,nu15)*FT1*g_(1,q2)*g_(2,nu10)*cFT(nu9,XX,i2,iufo3)*
         cFT(g7,XX,iufo3,i3)*flavourTag(fmu,j11,j12)*Den(p4,xiw,M3)*Den(q2 + 
         q3,xiw,M3)^2*Den( - p4 + q2 + q3,0,0)*xiw*ufoGC58^2*ufoGC3*ufoGC4
          + 1/2*g_(1,6_,nu15)*FT1*g_(1,q2)*g_(2,nu10)*cFT(nu9,XX,i2,iufo3)*
         cFT(g7,XX,iufo3,i3)*flavourTag(fmu,j11,j12)*Den(p4,xiw,M3)^2*Den(q2
          + q3,xiw,M3)^2*Den( - p4 + q2 + q3,0,0)*p4.p4*d^-1*xiw*ufoGC58^2*
         ufoGC3*ufoGC4
          - 1/2*g_(1,6_,nu15)*FT1*g_(1,q3)*g_(2,nu10)*cFT(nu9,XX,i2,iufo3)*
         cFT(g7,XX,iufo3,i3)*flavourTag(fmu,j11,j12)*Den(p4,xiw,M3)*Den(q2 + 
         q3,xiw,M3)^2*Den( - p4 + q2 + q3,0,0)*xiw*ufoGC58^2*ufoGC3*ufoGC4
          + 1/2*g_(1,6_,nu15)*FT1*g_(1,q3)*g_(2,nu10)*cFT(nu9,XX,i2,iufo3)*
         cFT(g7,XX,iufo3,i3)*flavourTag(fmu,j11,j12)*Den(p4,xiw,M3)^2*Den(q2
          + q3,xiw,M3)^2*Den( - p4 + q2 + q3,0,0)*p4.p4*d^-1*xiw*ufoGC58^2*
         ufoGC3*ufoGC4
          )

       + Vec(nu9,q2)*Vec(nu10,q2)*Vec(nu15,q3) * (
          + 1/2*g_(1,6_,nu15)*FT1*g_(1,p4)*g_(2,nu10)*cFT(nu9,XX,i2,iufo3)*
         cFT(g7,XX,iufo3,i3)*flavourTag(fmu,j11,j12)*Den(p4,xiw,M3)*Den(q2 + 
         q3,xiw,M3)^2*Den( - p4 + q2 + q3,0,0)*xiw*ufoGC58^2*ufoGC3*ufoGC4
          - 1/2*g_(1,6_,nu15)*FT1*g_(1,p4)*g_(2,nu10)*cFT(nu9,XX,i2,iufo3)*
         cFT(g7,XX,iufo3,i3)*flavourTag(fmu,j11,j12)*Den(p4,xiw,M3)^2*Den(q2
          + q3,xiw,M3)^2*Den( - p4 + q2 + q3,0,0)*p4.p4*d^-1*xiw*ufoGC58^2*
         ufoGC3*ufoGC4
          - 1/2*g_(1,6_,nu15)*FT1*g_(1,q1)*g_(2,nu10)*cFT(nu9,XX,i2,iufo3)*
         cFT(g7,XX,iufo3,i3)*flavourTag(fmu,j11,j12)*Den(p4,xiw,M3)*Den(q2 + 
         q3,xiw,M3)^2*Den( - p4 + q2 + q3,0,0)*xiw*ufoGC58^2*ufoGC3*ufoGC4
          + 1/2*g_(1,6_,nu15)*FT1*g_(1,q1)*g_(2,nu10)*cFT(nu9,XX,i2,iufo3)*
         cFT(g7,XX,iufo3,i3)*flavourTag(fmu,j11,j12)*Den(p4,xiw,M3)^2*Den(q2
          + q3,xiw,M3)^2*Den( - p4 + q2 + q3,0,0)*p4.p4*d^-1*xiw*ufoGC58^2*
         ufoGC3*ufoGC4
          - 1/2*g_(1,6_,nu15)*FT1*g_(1,q2)*g_(2,nu10)*cFT(nu9,XX,i2,iufo3)*
         cFT(g7,XX,iufo3,i3)*flavourTag(fmu,j11,j12)*Den(p4,xiw,M3)*Den(q2 + 
         q3,xiw,M3)^2*Den( - p4 + q2 + q3,0,0)*xiw*ufoGC58^2*ufoGC3*ufoGC4
          + 1/2*g_(1,6_,nu15)*FT1*g_(1,q2)*g_(2,nu10)*cFT(nu9,XX,i2,iufo3)*
         cFT(g7,XX,iufo3,i3)*flavourTag(fmu,j11,j12)*Den(p4,xiw,M3)^2*Den(q2
          + q3,xiw,M3)^2*Den( - p4 + q2 + q3,0,0)*p4.p4*d^-1*xiw*ufoGC58^2*
         ufoGC3*ufoGC4
          - 1/2*g_(1,6_,nu15)*FT1*g_(1,q3)*g_(2,nu10)*cFT(nu9,XX,i2,iufo3)*
         cFT(g7,XX,iufo3,i3)*flavourTag(fmu,j11,j12)*Den(p4,xiw,M3)*Den(q2 + 
         q3,xiw,M3)^2*Den( - p4 + q2 + q3,0,0)*xiw*ufoGC58^2*ufoGC3*ufoGC4
          + 1/2*g_(1,6_,nu15)*FT1*g_(1,q3)*g_(2,nu10)*cFT(nu9,XX,i2,iufo3)*
         cFT(g7,XX,iufo3,i3)*flavourTag(fmu,j11,j12)*Den(p4,xiw,M3)^2*Den(q2
          + q3,xiw,M3)^2*Den( - p4 + q2 + q3,0,0)*p4.p4*d^-1*xiw*ufoGC58^2*
         ufoGC3*ufoGC4
          )

       + Vec(nu9,q2)*Vec(nu10,q3)^2 * (
          - 1/4*g_(1,6_,nu15)*FT1*g_(1,p4)*g_(2,nu15)*cFT(nu9,XX,i2,iufo3)*
         cFT(g7,XX,iufo3,i3)*flavourTag(fmu,j11,j12)*Den(p4,xiw,M3)*Den(q2 + 
         q3,xiw,M3)^2*Den( - p4 + q2 + q3,0,0)*xiw*ufoGC58^2*ufoGC3*ufoGC4
          + 1/4*g_(1,6_,nu15)*FT1*g_(1,p4)*g_(2,nu15)*cFT(nu9,XX,i2,iufo3)*
         cFT(g7,XX,iufo3,i3)*flavourTag(fmu,j11,j12)*Den(p4,xiw,M3)^2*Den(q2
          + q3,xiw,M3)^2*Den( - p4 + q2 + q3,0,0)*p4.p4*d^-1*xiw*ufoGC58^2*
         ufoGC3*ufoGC4
          + 1/4*g_(1,6_,nu15)*FT1*g_(1,q1)*g_(2,nu15)*cFT(nu9,XX,i2,iufo3)*
         cFT(g7,XX,iufo3,i3)*flavourTag(fmu,j11,j12)*Den(p4,xiw,M3)*Den(q2 + 
         q3,xiw,M3)^2*Den( - p4 + q2 + q3,0,0)*xiw*ufoGC58^2*ufoGC3*ufoGC4
          - 1/4*g_(1,6_,nu15)*FT1*g_(1,q1)*g_(2,nu15)*cFT(nu9,XX,i2,iufo3)*
         cFT(g7,XX,iufo3,i3)*flavourTag(fmu,j11,j12)*Den(p4,xiw,M3)^2*Den(q2
          + q3,xiw,M3)^2*Den( - p4 + q2 + q3,0,0)*p4.p4*d^-1*xiw*ufoGC58^2*
         ufoGC3*ufoGC4
          + 1/4*g_(1,6_,nu15)*FT1*g_(1,q2)*g_(2,nu15)*cFT(nu9,XX,i2,iufo3)*
         cFT(g7,XX,iufo3,i3)*flavourTag(fmu,j11,j12)*Den(p4,xiw,M3)*Den(q2 + 
         q3,xiw,M3)^2*Den( - p4 + q2 + q3,0,0)*xiw*ufoGC58^2*ufoGC3*ufoGC4
          - 1/4*g_(1,6_,nu15)*FT1*g_(1,q2)*g_(2,nu15)*cFT(nu9,XX,i2,iufo3)*
         cFT(g7,XX,iufo3,i3)*flavourTag(fmu,j11,j12)*Den(p4,xiw,M3)^2*Den(q2
          + q3,xiw,M3)^2*Den( - p4 + q2 + q3,0,0)*p4.p4*d^-1*xiw*ufoGC58^2*
         ufoGC3*ufoGC4
          + 1/4*g_(1,6_,nu15)*FT1*g_(1,q3)*g_(2,nu15)*cFT(nu9,XX,i2,iufo3)*
         cFT(g7,XX,iufo3,i3)*flavourTag(fmu,j11,j12)*Den(p4,xiw,M3)*Den(q2 + 
         q3,xiw,M3)^2*Den( - p4 + q2 + q3,0,0)*xiw*ufoGC58^2*ufoGC3*ufoGC4
          - 1/4*g_(1,6_,nu15)*FT1*g_(1,q3)*g_(2,nu15)*cFT(nu9,XX,i2,iufo3)*
         cFT(g7,XX,iufo3,i3)*flavourTag(fmu,j11,j12)*Den(p4,xiw,M3)^2*Den(q2
          + q3,xiw,M3)^2*Den( - p4 + q2 + q3,0,0)*p4.p4*d^-1*xiw*ufoGC58^2*
         ufoGC3*ufoGC4
          )

       + Vec(nu9,q2)*Vec(nu10,q3)*Vec(nu13,q2) * (
          - 1/4*g_(1,6_,nu10)*FT1*g_(1,p4)*g_(2,nu13)*cFT(nu9,XX,i2,iufo3)*
         cFT(g7,XX,iufo3,i3)*flavourTag(fmu,j11,j12)*Den(p4,xiw,M3)*Den(q2 + 
         q3,xiw,M3)^2*Den( - p4 + q2 + q3,0,0)*xiw*ufoGC58^2*ufoGC3*ufoGC4
          + 1/4*g_(1,6_,nu10)*FT1*g_(1,p4)*g_(2,nu13)*cFT(nu9,XX,i2,iufo3)*
         cFT(g7,XX,iufo3,i3)*flavourTag(fmu,j11,j12)*Den(p4,xiw,M3)^2*Den(q2
          + q3,xiw,M3)^2*Den( - p4 + q2 + q3,0,0)*p4.p4*d^-1*xiw*ufoGC58^2*
         ufoGC3*ufoGC4
          + 1/4*g_(1,6_,nu10)*FT1*g_(1,q1)*g_(2,nu13)*cFT(nu9,XX,i2,iufo3)*
         cFT(g7,XX,iufo3,i3)*flavourTag(fmu,j11,j12)*Den(p4,xiw,M3)*Den(q2 + 
         q3,xiw,M3)^2*Den( - p4 + q2 + q3,0,0)*xiw*ufoGC58^2*ufoGC3*ufoGC4
          - 1/4*g_(1,6_,nu10)*FT1*g_(1,q1)*g_(2,nu13)*cFT(nu9,XX,i2,iufo3)*
         cFT(g7,XX,iufo3,i3)*flavourTag(fmu,j11,j12)*Den(p4,xiw,M3)^2*Den(q2
          + q3,xiw,M3)^2*Den( - p4 + q2 + q3,0,0)*p4.p4*d^-1*xiw*ufoGC58^2*
         ufoGC3*ufoGC4
          + 1/4*g_(1,6_,nu10)*FT1*g_(1,q2)*g_(2,nu13)*cFT(nu9,XX,i2,iufo3)*
         cFT(g7,XX,iufo3,i3)*flavourTag(fmu,j11,j12)*Den(p4,xiw,M3)*Den(q2 + 
         q3,xiw,M3)^2*Den( - p4 + q2 + q3,0,0)*xiw*ufoGC58^2*ufoGC3*ufoGC4
          - 1/4*g_(1,6_,nu10)*FT1*g_(1,q2)*g_(2,nu13)*cFT(nu9,XX,i2,iufo3)*
         cFT(g7,XX,iufo3,i3)*flavourTag(fmu,j11,j12)*Den(p4,xiw,M3)^2*Den(q2
          + q3,xiw,M3)^2*Den( - p4 + q2 + q3,0,0)*p4.p4*d^-1*xiw*ufoGC58^2*
         ufoGC3*ufoGC4
          + 1/4*g_(1,6_,nu10)*FT1*g_(1,q3)*g_(2,nu13)*cFT(nu9,XX,i2,iufo3)*
         cFT(g7,XX,iufo3,i3)*flavourTag(fmu,j11,j12)*Den(p4,xiw,M3)*Den(q2 + 
         q3,xiw,M3)^2*Den( - p4 + q2 + q3,0,0)*xiw*ufoGC58^2*ufoGC3*ufoGC4
          - 1/4*g_(1,6_,nu10)*FT1*g_(1,q3)*g_(2,nu13)*cFT(nu9,XX,i2,iufo3)*
         cFT(g7,XX,iufo3,i3)*flavourTag(fmu,j11,j12)*Den(p4,xiw,M3)^2*Den(q2
          + q3,xiw,M3)^2*Den( - p4 + q2 + q3,0,0)*p4.p4*d^-1*xiw*ufoGC58^2*
         ufoGC3*ufoGC4
          )

       + Vec(nu9,q2)*Vec(nu10,q3)*Vec(nu13,q3) * (
          - 1/4*g_(1,6_,nu10)*FT1*g_(1,p4)*g_(2,nu13)*cFT(nu9,XX,i2,iufo3)*
         cFT(g7,XX,iufo3,i3)*flavourTag(fmu,j11,j12)*Den(p4,xiw,M3)*Den(q2 + 
         q3,xiw,M3)^2*Den( - p4 + q2 + q3,0,0)*xiw*ufoGC58^2*ufoGC3*ufoGC4
          + 1/4*g_(1,6_,nu10)*FT1*g_(1,p4)*g_(2,nu13)*cFT(nu9,XX,i2,iufo3)*
         cFT(g7,XX,iufo3,i3)*flavourTag(fmu,j11,j12)*Den(p4,xiw,M3)^2*Den(q2
          + q3,xiw,M3)^2*Den( - p4 + q2 + q3,0,0)*p4.p4*d^-1*xiw*ufoGC58^2*
         ufoGC3*ufoGC4
          + 1/4*g_(1,6_,nu10)*FT1*g_(1,q1)*g_(2,nu13)*cFT(nu9,XX,i2,iufo3)*
         cFT(g7,XX,iufo3,i3)*flavourTag(fmu,j11,j12)*Den(p4,xiw,M3)*Den(q2 + 
         q3,xiw,M3)^2*Den( - p4 + q2 + q3,0,0)*xiw*ufoGC58^2*ufoGC3*ufoGC4
          - 1/4*g_(1,6_,nu10)*FT1*g_(1,q1)*g_(2,nu13)*cFT(nu9,XX,i2,iufo3)*
         cFT(g7,XX,iufo3,i3)*flavourTag(fmu,j11,j12)*Den(p4,xiw,M3)^2*Den(q2
          + q3,xiw,M3)^2*Den( - p4 + q2 + q3,0,0)*p4.p4*d^-1*xiw*ufoGC58^2*
         ufoGC3*ufoGC4
          + 1/4*g_(1,6_,nu10)*FT1*g_(1,q2)*g_(2,nu13)*cFT(nu9,XX,i2,iufo3)*
         cFT(g7,XX,iufo3,i3)*flavourTag(fmu,j11,j12)*Den(p4,xiw,M3)*Den(q2 + 
         q3,xiw,M3)^2*Den( - p4 + q2 + q3,0,0)*xiw*ufoGC58^2*ufoGC3*ufoGC4
          - 1/4*g_(1,6_,nu10)*FT1*g_(1,q2)*g_(2,nu13)*cFT(nu9,XX,i2,iufo3)*
         cFT(g7,XX,iufo3,i3)*flavourTag(fmu,j11,j12)*Den(p4,xiw,M3)^2*Den(q2
          + q3,xiw,M3)^2*Den( - p4 + q2 + q3,0,0)*p4.p4*d^-1*xiw*ufoGC58^2*
         ufoGC3*ufoGC4
          + 1/4*g_(1,6_,nu10)*FT1*g_(1,q3)*g_(2,nu13)*cFT(nu9,XX,i2,iufo3)*
         cFT(g7,XX,iufo3,i3)*flavourTag(fmu,j11,j12)*Den(p4,xiw,M3)*Den(q2 + 
         q3,xiw,M3)^2*Den( - p4 + q2 + q3,0,0)*xiw*ufoGC58^2*ufoGC3*ufoGC4
          - 1/4*g_(1,6_,nu10)*FT1*g_(1,q3)*g_(2,nu13)*cFT(nu9,XX,i2,iufo3)*
         cFT(g7,XX,iufo3,i3)*flavourTag(fmu,j11,j12)*Den(p4,xiw,M3)^2*Den(q2
          + q3,xiw,M3)^2*Den( - p4 + q2 + q3,0,0)*p4.p4*d^-1*xiw*ufoGC58^2*
         ufoGC3*ufoGC4
          )

       + Vec(nu9,q2)*Vec(nu10,q3)*Vec(nu15,q2) * (
          + 1/2*g_(1,6_,nu15)*FT1*g_(1,p4)*g_(2,nu10)*cFT(nu9,XX,i2,iufo3)*
         cFT(g7,XX,iufo3,i3)*flavourTag(fmu,j11,j12)*Den(p4,xiw,M3)*Den(q2 + 
         q3,xiw,M3)^2*Den( - p4 + q2 + q3,0,0)*xiw*ufoGC58^2*ufoGC3*ufoGC4
          - 1/2*g_(1,6_,nu15)*FT1*g_(1,p4)*g_(2,nu10)*cFT(nu9,XX,i2,iufo3)*
         cFT(g7,XX,iufo3,i3)*flavourTag(fmu,j11,j12)*Den(p4,xiw,M3)^2*Den(q2
          + q3,xiw,M3)^2*Den( - p4 + q2 + q3,0,0)*p4.p4*d^-1*xiw*ufoGC58^2*
         ufoGC3*ufoGC4
          - 1/2*g_(1,6_,nu15)*FT1*g_(1,q1)*g_(2,nu10)*cFT(nu9,XX,i2,iufo3)*
         cFT(g7,XX,iufo3,i3)*flavourTag(fmu,j11,j12)*Den(p4,xiw,M3)*Den(q2 + 
         q3,xiw,M3)^2*Den( - p4 + q2 + q3,0,0)*xiw*ufoGC58^2*ufoGC3*ufoGC4
          + 1/2*g_(1,6_,nu15)*FT1*g_(1,q1)*g_(2,nu10)*cFT(nu9,XX,i2,iufo3)*
         cFT(g7,XX,iufo3,i3)*flavourTag(fmu,j11,j12)*Den(p4,xiw,M3)^2*Den(q2
          + q3,xiw,M3)^2*Den( - p4 + q2 + q3,0,0)*p4.p4*d^-1*xiw*ufoGC58^2*
         ufoGC3*ufoGC4
          - 1/2*g_(1,6_,nu15)*FT1*g_(1,q2)*g_(2,nu10)*cFT(nu9,XX,i2,iufo3)*
         cFT(g7,XX,iufo3,i3)*flavourTag(fmu,j11,j12)*Den(p4,xiw,M3)*Den(q2 + 
         q3,xiw,M3)^2*Den( - p4 + q2 + q3,0,0)*xiw*ufoGC58^2*ufoGC3*ufoGC4
          + 1/2*g_(1,6_,nu15)*FT1*g_(1,q2)*g_(2,nu10)*cFT(nu9,XX,i2,iufo3)*
         cFT(g7,XX,iufo3,i3)*flavourTag(fmu,j11,j12)*Den(p4,xiw,M3)^2*Den(q2
          + q3,xiw,M3)^2*Den( - p4 + q2 + q3,0,0)*p4.p4*d^-1*xiw*ufoGC58^2*
         ufoGC3*ufoGC4
          - 1/2*g_(1,6_,nu15)*FT1*g_(1,q3)*g_(2,nu10)*cFT(nu9,XX,i2,iufo3)*
         cFT(g7,XX,iufo3,i3)*flavourTag(fmu,j11,j12)*Den(p4,xiw,M3)*Den(q2 + 
         q3,xiw,M3)^2*Den( - p4 + q2 + q3,0,0)*xiw*ufoGC58^2*ufoGC3*ufoGC4
          + 1/2*g_(1,6_,nu15)*FT1*g_(1,q3)*g_(2,nu10)*cFT(nu9,XX,i2,iufo3)*
         cFT(g7,XX,iufo3,i3)*flavourTag(fmu,j11,j12)*Den(p4,xiw,M3)^2*Den(q2
          + q3,xiw,M3)^2*Den( - p4 + q2 + q3,0,0)*p4.p4*d^-1*xiw*ufoGC58^2*
         ufoGC3*ufoGC4
          )

       + Vec(nu9,q2)*Vec(nu10,q3)*Vec(nu15,q3) * (
          + 1/2*g_(1,6_,nu15)*FT1*g_(1,p4)*g_(2,nu10)*cFT(nu9,XX,i2,iufo3)*
         cFT(g7,XX,iufo3,i3)*flavourTag(fmu,j11,j12)*Den(p4,xiw,M3)*Den(q2 + 
         q3,xiw,M3)^2*Den( - p4 + q2 + q3,0,0)*xiw*ufoGC58^2*ufoGC3*ufoGC4
          - 1/2*g_(1,6_,nu15)*FT1*g_(1,p4)*g_(2,nu10)*cFT(nu9,XX,i2,iufo3)*
         cFT(g7,XX,iufo3,i3)*flavourTag(fmu,j11,j12)*Den(p4,xiw,M3)^2*Den(q2
          + q3,xiw,M3)^2*Den( - p4 + q2 + q3,0,0)*p4.p4*d^-1*xiw*ufoGC58^2*
         ufoGC3*ufoGC4
          - 1/2*g_(1,6_,nu15)*FT1*g_(1,q1)*g_(2,nu10)*cFT(nu9,XX,i2,iufo3)*
         cFT(g7,XX,iufo3,i3)*flavourTag(fmu,j11,j12)*Den(p4,xiw,M3)*Den(q2 + 
         q3,xiw,M3)^2*Den( - p4 + q2 + q3,0,0)*xiw*ufoGC58^2*ufoGC3*ufoGC4
          + 1/2*g_(1,6_,nu15)*FT1*g_(1,q1)*g_(2,nu10)*cFT(nu9,XX,i2,iufo3)*
         cFT(g7,XX,iufo3,i3)*flavourTag(fmu,j11,j12)*Den(p4,xiw,M3)^2*Den(q2
          + q3,xiw,M3)^2*Den( - p4 + q2 + q3,0,0)*p4.p4*d^-1*xiw*ufoGC58^2*
         ufoGC3*ufoGC4
          - 1/2*g_(1,6_,nu15)*FT1*g_(1,q2)*g_(2,nu10)*cFT(nu9,XX,i2,iufo3)*
         cFT(g7,XX,iufo3,i3)*flavourTag(fmu,j11,j12)*Den(p4,xiw,M3)*Den(q2 + 
         q3,xiw,M3)^2*Den( - p4 + q2 + q3,0,0)*xiw*ufoGC58^2*ufoGC3*ufoGC4
          + 1/2*g_(1,6_,nu15)*FT1*g_(1,q2)*g_(2,nu10)*cFT(nu9,XX,i2,iufo3)*
         cFT(g7,XX,iufo3,i3)*flavourTag(fmu,j11,j12)*Den(p4,xiw,M3)^2*Den(q2
          + q3,xiw,M3)^2*Den( - p4 + q2 + q3,0,0)*p4.p4*d^-1*xiw*ufoGC58^2*
         ufoGC3*ufoGC4
          - 1/2*g_(1,6_,nu15)*FT1*g_(1,q3)*g_(2,nu10)*cFT(nu9,XX,i2,iufo3)*
         cFT(g7,XX,iufo3,i3)*flavourTag(fmu,j11,j12)*Den(p4,xiw,M3)*Den(q2 + 
         q3,xiw,M3)^2*Den( - p4 + q2 + q3,0,0)*xiw*ufoGC58^2*ufoGC3*ufoGC4
          + 1/2*g_(1,6_,nu15)*FT1*g_(1,q3)*g_(2,nu10)*cFT(nu9,XX,i2,iufo3)*
         cFT(g7,XX,iufo3,i3)*flavourTag(fmu,j11,j12)*Den(p4,xiw,M3)^2*Den(q2
          + q3,xiw,M3)^2*Den( - p4 + q2 + q3,0,0)*p4.p4*d^-1*xiw*ufoGC58^2*
         ufoGC3*ufoGC4
          )

       + Vec(nu9,q3)*Vec(nu10,q2)^2 * (
          - 1/4*g_(1,6_,nu15)*FT1*g_(1,p4)*g_(2,nu15)*cFT(nu9,XX,i2,iufo3)*
         cFT(g7,XX,iufo3,i3)*flavourTag(fmu,j11,j12)*Den(p4,xiw,M3)*Den(q2 + 
         q3,xiw,M3)^2*Den( - p4 + q2 + q3,0,0)*xiw*ufoGC58^2*ufoGC3*ufoGC4
          + 1/4*g_(1,6_,nu15)*FT1*g_(1,p4)*g_(2,nu15)*cFT(nu9,XX,i2,iufo3)*
         cFT(g7,XX,iufo3,i3)*flavourTag(fmu,j11,j12)*Den(p4,xiw,M3)^2*Den(q2
          + q3,xiw,M3)^2*Den( - p4 + q2 + q3,0,0)*p4.p4*d^-1*xiw*ufoGC58^2*
         ufoGC3*ufoGC4
          + 1/4*g_(1,6_,nu15)*FT1*g_(1,q1)*g_(2,nu15)*cFT(nu9,XX,i2,iufo3)*
         cFT(g7,XX,iufo3,i3)*flavourTag(fmu,j11,j12)*Den(p4,xiw,M3)*Den(q2 + 
         q3,xiw,M3)^2*Den( - p4 + q2 + q3,0,0)*xiw*ufoGC58^2*ufoGC3*ufoGC4
          - 1/4*g_(1,6_,nu15)*FT1*g_(1,q1)*g_(2,nu15)*cFT(nu9,XX,i2,iufo3)*
         cFT(g7,XX,iufo3,i3)*flavourTag(fmu,j11,j12)*Den(p4,xiw,M3)^2*Den(q2
          + q3,xiw,M3)^2*Den( - p4 + q2 + q3,0,0)*p4.p4*d^-1*xiw*ufoGC58^2*
         ufoGC3*ufoGC4
          + 1/4*g_(1,6_,nu15)*FT1*g_(1,q2)*g_(2,nu15)*cFT(nu9,XX,i2,iufo3)*
         cFT(g7,XX,iufo3,i3)*flavourTag(fmu,j11,j12)*Den(p4,xiw,M3)*Den(q2 + 
         q3,xiw,M3)^2*Den( - p4 + q2 + q3,0,0)*xiw*ufoGC58^2*ufoGC3*ufoGC4
          - 1/4*g_(1,6_,nu15)*FT1*g_(1,q2)*g_(2,nu15)*cFT(nu9,XX,i2,iufo3)*
         cFT(g7,XX,iufo3,i3)*flavourTag(fmu,j11,j12)*Den(p4,xiw,M3)^2*Den(q2
          + q3,xiw,M3)^2*Den( - p4 + q2 + q3,0,0)*p4.p4*d^-1*xiw*ufoGC58^2*
         ufoGC3*ufoGC4
          + 1/4*g_(1,6_,nu15)*FT1*g_(1,q3)*g_(2,nu15)*cFT(nu9,XX,i2,iufo3)*
         cFT(g7,XX,iufo3,i3)*flavourTag(fmu,j11,j12)*Den(p4,xiw,M3)*Den(q2 + 
         q3,xiw,M3)^2*Den( - p4 + q2 + q3,0,0)*xiw*ufoGC58^2*ufoGC3*ufoGC4
          - 1/4*g_(1,6_,nu15)*FT1*g_(1,q3)*g_(2,nu15)*cFT(nu9,XX,i2,iufo3)*
         cFT(g7,XX,iufo3,i3)*flavourTag(fmu,j11,j12)*Den(p4,xiw,M3)^2*Den(q2
          + q3,xiw,M3)^2*Den( - p4 + q2 + q3,0,0)*p4.p4*d^-1*xiw*ufoGC58^2*
         ufoGC3*ufoGC4
          )

       + Vec(nu9,q3)*Vec(nu10,q2)*Vec(nu10,q3) * (
          - 1/2*g_(1,6_,nu15)*FT1*g_(1,p4)*g_(2,nu15)*cFT(nu9,XX,i2,iufo3)*
         cFT(g7,XX,iufo3,i3)*flavourTag(fmu,j11,j12)*Den(p4,xiw,M3)*Den(q2 + 
         q3,xiw,M3)^2*Den( - p4 + q2 + q3,0,0)*xiw*ufoGC58^2*ufoGC3*ufoGC4
          + 1/2*g_(1,6_,nu15)*FT1*g_(1,p4)*g_(2,nu15)*cFT(nu9,XX,i2,iufo3)*
         cFT(g7,XX,iufo3,i3)*flavourTag(fmu,j11,j12)*Den(p4,xiw,M3)^2*Den(q2
          + q3,xiw,M3)^2*Den( - p4 + q2 + q3,0,0)*p4.p4*d^-1*xiw*ufoGC58^2*
         ufoGC3*ufoGC4
          + 1/2*g_(1,6_,nu15)*FT1*g_(1,q1)*g_(2,nu15)*cFT(nu9,XX,i2,iufo3)*
         cFT(g7,XX,iufo3,i3)*flavourTag(fmu,j11,j12)*Den(p4,xiw,M3)*Den(q2 + 
         q3,xiw,M3)^2*Den( - p4 + q2 + q3,0,0)*xiw*ufoGC58^2*ufoGC3*ufoGC4
          - 1/2*g_(1,6_,nu15)*FT1*g_(1,q1)*g_(2,nu15)*cFT(nu9,XX,i2,iufo3)*
         cFT(g7,XX,iufo3,i3)*flavourTag(fmu,j11,j12)*Den(p4,xiw,M3)^2*Den(q2
          + q3,xiw,M3)^2*Den( - p4 + q2 + q3,0,0)*p4.p4*d^-1*xiw*ufoGC58^2*
         ufoGC3*ufoGC4
          + 1/2*g_(1,6_,nu15)*FT1*g_(1,q2)*g_(2,nu15)*cFT(nu9,XX,i2,iufo3)*
         cFT(g7,XX,iufo3,i3)*flavourTag(fmu,j11,j12)*Den(p4,xiw,M3)*Den(q2 + 
         q3,xiw,M3)^2*Den( - p4 + q2 + q3,0,0)*xiw*ufoGC58^2*ufoGC3*ufoGC4
          - 1/2*g_(1,6_,nu15)*FT1*g_(1,q2)*g_(2,nu15)*cFT(nu9,XX,i2,iufo3)*
         cFT(g7,XX,iufo3,i3)*flavourTag(fmu,j11,j12)*Den(p4,xiw,M3)^2*Den(q2
          + q3,xiw,M3)^2*Den( - p4 + q2 + q3,0,0)*p4.p4*d^-1*xiw*ufoGC58^2*
         ufoGC3*ufoGC4
          + 1/2*g_(1,6_,nu15)*FT1*g_(1,q3)*g_(2,nu15)*cFT(nu9,XX,i2,iufo3)*
         cFT(g7,XX,iufo3,i3)*flavourTag(fmu,j11,j12)*Den(p4,xiw,M3)*Den(q2 + 
         q3,xiw,M3)^2*Den( - p4 + q2 + q3,0,0)*xiw*ufoGC58^2*ufoGC3*ufoGC4
          - 1/2*g_(1,6_,nu15)*FT1*g_(1,q3)*g_(2,nu15)*cFT(nu9,XX,i2,iufo3)*
         cFT(g7,XX,iufo3,i3)*flavourTag(fmu,j11,j12)*Den(p4,xiw,M3)^2*Den(q2
          + q3,xiw,M3)^2*Den( - p4 + q2 + q3,0,0)*p4.p4*d^-1*xiw*ufoGC58^2*
         ufoGC3*ufoGC4
          )

       + Vec(nu9,q3)*Vec(nu10,q2)*Vec(nu13,q2) * (
          - 1/4*g_(1,6_,nu10)*FT1*g_(1,p4)*g_(2,nu13)*cFT(nu9,XX,i2,iufo3)*
         cFT(g7,XX,iufo3,i3)*flavourTag(fmu,j11,j12)*Den(p4,xiw,M3)*Den(q2 + 
         q3,xiw,M3)^2*Den( - p4 + q2 + q3,0,0)*xiw*ufoGC58^2*ufoGC3*ufoGC4
          + 1/4*g_(1,6_,nu10)*FT1*g_(1,p4)*g_(2,nu13)*cFT(nu9,XX,i2,iufo3)*
         cFT(g7,XX,iufo3,i3)*flavourTag(fmu,j11,j12)*Den(p4,xiw,M3)^2*Den(q2
          + q3,xiw,M3)^2*Den( - p4 + q2 + q3,0,0)*p4.p4*d^-1*xiw*ufoGC58^2*
         ufoGC3*ufoGC4
          + 1/4*g_(1,6_,nu10)*FT1*g_(1,q1)*g_(2,nu13)*cFT(nu9,XX,i2,iufo3)*
         cFT(g7,XX,iufo3,i3)*flavourTag(fmu,j11,j12)*Den(p4,xiw,M3)*Den(q2 + 
         q3,xiw,M3)^2*Den( - p4 + q2 + q3,0,0)*xiw*ufoGC58^2*ufoGC3*ufoGC4
          - 1/4*g_(1,6_,nu10)*FT1*g_(1,q1)*g_(2,nu13)*cFT(nu9,XX,i2,iufo3)*
         cFT(g7,XX,iufo3,i3)*flavourTag(fmu,j11,j12)*Den(p4,xiw,M3)^2*Den(q2
          + q3,xiw,M3)^2*Den( - p4 + q2 + q3,0,0)*p4.p4*d^-1*xiw*ufoGC58^2*
         ufoGC3*ufoGC4
          + 1/4*g_(1,6_,nu10)*FT1*g_(1,q2)*g_(2,nu13)*cFT(nu9,XX,i2,iufo3)*
         cFT(g7,XX,iufo3,i3)*flavourTag(fmu,j11,j12)*Den(p4,xiw,M3)*Den(q2 + 
         q3,xiw,M3)^2*Den( - p4 + q2 + q3,0,0)*xiw*ufoGC58^2*ufoGC3*ufoGC4
          - 1/4*g_(1,6_,nu10)*FT1*g_(1,q2)*g_(2,nu13)*cFT(nu9,XX,i2,iufo3)*
         cFT(g7,XX,iufo3,i3)*flavourTag(fmu,j11,j12)*Den(p4,xiw,M3)^2*Den(q2
          + q3,xiw,M3)^2*Den( - p4 + q2 + q3,0,0)*p4.p4*d^-1*xiw*ufoGC58^2*
         ufoGC3*ufoGC4
          + 1/4*g_(1,6_,nu10)*FT1*g_(1,q3)*g_(2,nu13)*cFT(nu9,XX,i2,iufo3)*
         cFT(g7,XX,iufo3,i3)*flavourTag(fmu,j11,j12)*Den(p4,xiw,M3)*Den(q2 + 
         q3,xiw,M3)^2*Den( - p4 + q2 + q3,0,0)*xiw*ufoGC58^2*ufoGC3*ufoGC4
          - 1/4*g_(1,6_,nu10)*FT1*g_(1,q3)*g_(2,nu13)*cFT(nu9,XX,i2,iufo3)*
         cFT(g7,XX,iufo3,i3)*flavourTag(fmu,j11,j12)*Den(p4,xiw,M3)^2*Den(q2
          + q3,xiw,M3)^2*Den( - p4 + q2 + q3,0,0)*p4.p4*d^-1*xiw*ufoGC58^2*
         ufoGC3*ufoGC4
          )

       + Vec(nu9,q3)*Vec(nu10,q2)*Vec(nu13,q3) * (
          - 1/4*g_(1,6_,nu10)*FT1*g_(1,p4)*g_(2,nu13)*cFT(nu9,XX,i2,iufo3)*
         cFT(g7,XX,iufo3,i3)*flavourTag(fmu,j11,j12)*Den(p4,xiw,M3)*Den(q2 + 
         q3,xiw,M3)^2*Den( - p4 + q2 + q3,0,0)*xiw*ufoGC58^2*ufoGC3*ufoGC4
          + 1/4*g_(1,6_,nu10)*FT1*g_(1,p4)*g_(2,nu13)*cFT(nu9,XX,i2,iufo3)*
         cFT(g7,XX,iufo3,i3)*flavourTag(fmu,j11,j12)*Den(p4,xiw,M3)^2*Den(q2
          + q3,xiw,M3)^2*Den( - p4 + q2 + q3,0,0)*p4.p4*d^-1*xiw*ufoGC58^2*
         ufoGC3*ufoGC4
          + 1/4*g_(1,6_,nu10)*FT1*g_(1,q1)*g_(2,nu13)*cFT(nu9,XX,i2,iufo3)*
         cFT(g7,XX,iufo3,i3)*flavourTag(fmu,j11,j12)*Den(p4,xiw,M3)*Den(q2 + 
         q3,xiw,M3)^2*Den( - p4 + q2 + q3,0,0)*xiw*ufoGC58^2*ufoGC3*ufoGC4
          - 1/4*g_(1,6_,nu10)*FT1*g_(1,q1)*g_(2,nu13)*cFT(nu9,XX,i2,iufo3)*
         cFT(g7,XX,iufo3,i3)*flavourTag(fmu,j11,j12)*Den(p4,xiw,M3)^2*Den(q2
          + q3,xiw,M3)^2*Den( - p4 + q2 + q3,0,0)*p4.p4*d^-1*xiw*ufoGC58^2*
         ufoGC3*ufoGC4
          + 1/4*g_(1,6_,nu10)*FT1*g_(1,q2)*g_(2,nu13)*cFT(nu9,XX,i2,iufo3)*
         cFT(g7,XX,iufo3,i3)*flavourTag(fmu,j11,j12)*Den(p4,xiw,M3)*Den(q2 + 
         q3,xiw,M3)^2*Den( - p4 + q2 + q3,0,0)*xiw*ufoGC58^2*ufoGC3*ufoGC4
          - 1/4*g_(1,6_,nu10)*FT1*g_(1,q2)*g_(2,nu13)*cFT(nu9,XX,i2,iufo3)*
         cFT(g7,XX,iufo3,i3)*flavourTag(fmu,j11,j12)*Den(p4,xiw,M3)^2*Den(q2
          + q3,xiw,M3)^2*Den( - p4 + q2 + q3,0,0)*p4.p4*d^-1*xiw*ufoGC58^2*
         ufoGC3*ufoGC4
          + 1/4*g_(1,6_,nu10)*FT1*g_(1,q3)*g_(2,nu13)*cFT(nu9,XX,i2,iufo3)*
         cFT(g7,XX,iufo3,i3)*flavourTag(fmu,j11,j12)*Den(p4,xiw,M3)*Den(q2 + 
         q3,xiw,M3)^2*Den( - p4 + q2 + q3,0,0)*xiw*ufoGC58^2*ufoGC3*ufoGC4
          - 1/4*g_(1,6_,nu10)*FT1*g_(1,q3)*g_(2,nu13)*cFT(nu9,XX,i2,iufo3)*
         cFT(g7,XX,iufo3,i3)*flavourTag(fmu,j11,j12)*Den(p4,xiw,M3)^2*Den(q2
          + q3,xiw,M3)^2*Den( - p4 + q2 + q3,0,0)*p4.p4*d^-1*xiw*ufoGC58^2*
         ufoGC3*ufoGC4
          )

       + Vec(nu9,q3)*Vec(nu10,q2)*Vec(nu15,q2) * (
          + 1/2*g_(1,6_,nu15)*FT1*g_(1,p4)*g_(2,nu10)*cFT(nu9,XX,i2,iufo3)*
         cFT(g7,XX,iufo3,i3)*flavourTag(fmu,j11,j12)*Den(p4,xiw,M3)*Den(q2 + 
         q3,xiw,M3)^2*Den( - p4 + q2 + q3,0,0)*xiw*ufoGC58^2*ufoGC3*ufoGC4
          - 1/2*g_(1,6_,nu15)*FT1*g_(1,p4)*g_(2,nu10)*cFT(nu9,XX,i2,iufo3)*
         cFT(g7,XX,iufo3,i3)*flavourTag(fmu,j11,j12)*Den(p4,xiw,M3)^2*Den(q2
          + q3,xiw,M3)^2*Den( - p4 + q2 + q3,0,0)*p4.p4*d^-1*xiw*ufoGC58^2*
         ufoGC3*ufoGC4
          - 1/2*g_(1,6_,nu15)*FT1*g_(1,q1)*g_(2,nu10)*cFT(nu9,XX,i2,iufo3)*
         cFT(g7,XX,iufo3,i3)*flavourTag(fmu,j11,j12)*Den(p4,xiw,M3)*Den(q2 + 
         q3,xiw,M3)^2*Den( - p4 + q2 + q3,0,0)*xiw*ufoGC58^2*ufoGC3*ufoGC4
          + 1/2*g_(1,6_,nu15)*FT1*g_(1,q1)*g_(2,nu10)*cFT(nu9,XX,i2,iufo3)*
         cFT(g7,XX,iufo3,i3)*flavourTag(fmu,j11,j12)*Den(p4,xiw,M3)^2*Den(q2
          + q3,xiw,M3)^2*Den( - p4 + q2 + q3,0,0)*p4.p4*d^-1*xiw*ufoGC58^2*
         ufoGC3*ufoGC4
          - 1/2*g_(1,6_,nu15)*FT1*g_(1,q2)*g_(2,nu10)*cFT(nu9,XX,i2,iufo3)*
         cFT(g7,XX,iufo3,i3)*flavourTag(fmu,j11,j12)*Den(p4,xiw,M3)*Den(q2 + 
         q3,xiw,M3)^2*Den( - p4 + q2 + q3,0,0)*xiw*ufoGC58^2*ufoGC3*ufoGC4
          + 1/2*g_(1,6_,nu15)*FT1*g_(1,q2)*g_(2,nu10)*cFT(nu9,XX,i2,iufo3)*
         cFT(g7,XX,iufo3,i3)*flavourTag(fmu,j11,j12)*Den(p4,xiw,M3)^2*Den(q2
          + q3,xiw,M3)^2*Den( - p4 + q2 + q3,0,0)*p4.p4*d^-1*xiw*ufoGC58^2*
         ufoGC3*ufoGC4
          - 1/2*g_(1,6_,nu15)*FT1*g_(1,q3)*g_(2,nu10)*cFT(nu9,XX,i2,iufo3)*
         cFT(g7,XX,iufo3,i3)*flavourTag(fmu,j11,j12)*Den(p4,xiw,M3)*Den(q2 + 
         q3,xiw,M3)^2*Den( - p4 + q2 + q3,0,0)*xiw*ufoGC58^2*ufoGC3*ufoGC4
          + 1/2*g_(1,6_,nu15)*FT1*g_(1,q3)*g_(2,nu10)*cFT(nu9,XX,i2,iufo3)*
         cFT(g7,XX,iufo3,i3)*flavourTag(fmu,j11,j12)*Den(p4,xiw,M3)^2*Den(q2
          + q3,xiw,M3)^2*Den( - p4 + q2 + q3,0,0)*p4.p4*d^-1*xiw*ufoGC58^2*
         ufoGC3*ufoGC4
          )

       + Vec(nu9,q3)*Vec(nu10,q2)*Vec(nu15,q3) * (
          + 1/2*g_(1,6_,nu15)*FT1*g_(1,p4)*g_(2,nu10)*cFT(nu9,XX,i2,iufo3)*
         cFT(g7,XX,iufo3,i3)*flavourTag(fmu,j11,j12)*Den(p4,xiw,M3)*Den(q2 + 
         q3,xiw,M3)^2*Den( - p4 + q2 + q3,0,0)*xiw*ufoGC58^2*ufoGC3*ufoGC4
          - 1/2*g_(1,6_,nu15)*FT1*g_(1,p4)*g_(2,nu10)*cFT(nu9,XX,i2,iufo3)*
         cFT(g7,XX,iufo3,i3)*flavourTag(fmu,j11,j12)*Den(p4,xiw,M3)^2*Den(q2
          + q3,xiw,M3)^2*Den( - p4 + q2 + q3,0,0)*p4.p4*d^-1*xiw*ufoGC58^2*
         ufoGC3*ufoGC4
          - 1/2*g_(1,6_,nu15)*FT1*g_(1,q1)*g_(2,nu10)*cFT(nu9,XX,i2,iufo3)*
         cFT(g7,XX,iufo3,i3)*flavourTag(fmu,j11,j12)*Den(p4,xiw,M3)*Den(q2 + 
         q3,xiw,M3)^2*Den( - p4 + q2 + q3,0,0)*xiw*ufoGC58^2*ufoGC3*ufoGC4
          + 1/2*g_(1,6_,nu15)*FT1*g_(1,q1)*g_(2,nu10)*cFT(nu9,XX,i2,iufo3)*
         cFT(g7,XX,iufo3,i3)*flavourTag(fmu,j11,j12)*Den(p4,xiw,M3)^2*Den(q2
          + q3,xiw,M3)^2*Den( - p4 + q2 + q3,0,0)*p4.p4*d^-1*xiw*ufoGC58^2*
         ufoGC3*ufoGC4
          - 1/2*g_(1,6_,nu15)*FT1*g_(1,q2)*g_(2,nu10)*cFT(nu9,XX,i2,iufo3)*
         cFT(g7,XX,iufo3,i3)*flavourTag(fmu,j11,j12)*Den(p4,xiw,M3)*Den(q2 + 
         q3,xiw,M3)^2*Den( - p4 + q2 + q3,0,0)*xiw*ufoGC58^2*ufoGC3*ufoGC4
          + 1/2*g_(1,6_,nu15)*FT1*g_(1,q2)*g_(2,nu10)*cFT(nu9,XX,i2,iufo3)*
         cFT(g7,XX,iufo3,i3)*flavourTag(fmu,j11,j12)*Den(p4,xiw,M3)^2*Den(q2
          + q3,xiw,M3)^2*Den( - p4 + q2 + q3,0,0)*p4.p4*d^-1*xiw*ufoGC58^2*
         ufoGC3*ufoGC4
          - 1/2*g_(1,6_,nu15)*FT1*g_(1,q3)*g_(2,nu10)*cFT(nu9,XX,i2,iufo3)*
         cFT(g7,XX,iufo3,i3)*flavourTag(fmu,j11,j12)*Den(p4,xiw,M3)*Den(q2 + 
         q3,xiw,M3)^2*Den( - p4 + q2 + q3,0,0)*xiw*ufoGC58^2*ufoGC3*ufoGC4
          + 1/2*g_(1,6_,nu15)*FT1*g_(1,q3)*g_(2,nu10)*cFT(nu9,XX,i2,iufo3)*
         cFT(g7,XX,iufo3,i3)*flavourTag(fmu,j11,j12)*Den(p4,xiw,M3)^2*Den(q2
          + q3,xiw,M3)^2*Den( - p4 + q2 + q3,0,0)*p4.p4*d^-1*xiw*ufoGC58^2*
         ufoGC3*ufoGC4
          )

       + Vec(nu9,q3)*Vec(nu10,q3)^2 * (
          - 1/4*g_(1,6_,nu15)*FT1*g_(1,p4)*g_(2,nu15)*cFT(nu9,XX,i2,iufo3)*
         cFT(g7,XX,iufo3,i3)*flavourTag(fmu,j11,j12)*Den(p4,xiw,M3)*Den(q2 + 
         q3,xiw,M3)^2*Den( - p4 + q2 + q3,0,0)*xiw*ufoGC58^2*ufoGC3*ufoGC4
          + 1/4*g_(1,6_,nu15)*FT1*g_(1,p4)*g_(2,nu15)*cFT(nu9,XX,i2,iufo3)*
         cFT(g7,XX,iufo3,i3)*flavourTag(fmu,j11,j12)*Den(p4,xiw,M3)^2*Den(q2
          + q3,xiw,M3)^2*Den( - p4 + q2 + q3,0,0)*p4.p4*d^-1*xiw*ufoGC58^2*
         ufoGC3*ufoGC4
          + 1/4*g_(1,6_,nu15)*FT1*g_(1,q1)*g_(2,nu15)*cFT(nu9,XX,i2,iufo3)*
         cFT(g7,XX,iufo3,i3)*flavourTag(fmu,j11,j12)*Den(p4,xiw,M3)*Den(q2 + 
         q3,xiw,M3)^2*Den( - p4 + q2 + q3,0,0)*xiw*ufoGC58^2*ufoGC3*ufoGC4
          - 1/4*g_(1,6_,nu15)*FT1*g_(1,q1)*g_(2,nu15)*cFT(nu9,XX,i2,iufo3)*
         cFT(g7,XX,iufo3,i3)*flavourTag(fmu,j11,j12)*Den(p4,xiw,M3)^2*Den(q2
          + q3,xiw,M3)^2*Den( - p4 + q2 + q3,0,0)*p4.p4*d^-1*xiw*ufoGC58^2*
         ufoGC3*ufoGC4
          + 1/4*g_(1,6_,nu15)*FT1*g_(1,q2)*g_(2,nu15)*cFT(nu9,XX,i2,iufo3)*
         cFT(g7,XX,iufo3,i3)*flavourTag(fmu,j11,j12)*Den(p4,xiw,M3)*Den(q2 + 
         q3,xiw,M3)^2*Den( - p4 + q2 + q3,0,0)*xiw*ufoGC58^2*ufoGC3*ufoGC4
          - 1/4*g_(1,6_,nu15)*FT1*g_(1,q2)*g_(2,nu15)*cFT(nu9,XX,i2,iufo3)*
         cFT(g7,XX,iufo3,i3)*flavourTag(fmu,j11,j12)*Den(p4,xiw,M3)^2*Den(q2
          + q3,xiw,M3)^2*Den( - p4 + q2 + q3,0,0)*p4.p4*d^-1*xiw*ufoGC58^2*
         ufoGC3*ufoGC4
          + 1/4*g_(1,6_,nu15)*FT1*g_(1,q3)*g_(2,nu15)*cFT(nu9,XX,i2,iufo3)*
         cFT(g7,XX,iufo3,i3)*flavourTag(fmu,j11,j12)*Den(p4,xiw,M3)*Den(q2 + 
         q3,xiw,M3)^2*Den( - p4 + q2 + q3,0,0)*xiw*ufoGC58^2*ufoGC3*ufoGC4
          - 1/4*g_(1,6_,nu15)*FT1*g_(1,q3)*g_(2,nu15)*cFT(nu9,XX,i2,iufo3)*
         cFT(g7,XX,iufo3,i3)*flavourTag(fmu,j11,j12)*Den(p4,xiw,M3)^2*Den(q2
          + q3,xiw,M3)^2*Den( - p4 + q2 + q3,0,0)*p4.p4*d^-1*xiw*ufoGC58^2*
         ufoGC3*ufoGC4
          )

       + Vec(nu9,q3)*Vec(nu10,q3)*Vec(nu13,q2) * (
          - 1/4*g_(1,6_,nu10)*FT1*g_(1,p4)*g_(2,nu13)*cFT(nu9,XX,i2,iufo3)*
         cFT(g7,XX,iufo3,i3)*flavourTag(fmu,j11,j12)*Den(p4,xiw,M3)*Den(q2 + 
         q3,xiw,M3)^2*Den( - p4 + q2 + q3,0,0)*xiw*ufoGC58^2*ufoGC3*ufoGC4
          + 1/4*g_(1,6_,nu10)*FT1*g_(1,p4)*g_(2,nu13)*cFT(nu9,XX,i2,iufo3)*
         cFT(g7,XX,iufo3,i3)*flavourTag(fmu,j11,j12)*Den(p4,xiw,M3)^2*Den(q2
          + q3,xiw,M3)^2*Den( - p4 + q2 + q3,0,0)*p4.p4*d^-1*xiw*ufoGC58^2*
         ufoGC3*ufoGC4
          + 1/4*g_(1,6_,nu10)*FT1*g_(1,q1)*g_(2,nu13)*cFT(nu9,XX,i2,iufo3)*
         cFT(g7,XX,iufo3,i3)*flavourTag(fmu,j11,j12)*Den(p4,xiw,M3)*Den(q2 + 
         q3,xiw,M3)^2*Den( - p4 + q2 + q3,0,0)*xiw*ufoGC58^2*ufoGC3*ufoGC4
          - 1/4*g_(1,6_,nu10)*FT1*g_(1,q1)*g_(2,nu13)*cFT(nu9,XX,i2,iufo3)*
         cFT(g7,XX,iufo3,i3)*flavourTag(fmu,j11,j12)*Den(p4,xiw,M3)^2*Den(q2
          + q3,xiw,M3)^2*Den( - p4 + q2 + q3,0,0)*p4.p4*d^-1*xiw*ufoGC58^2*
         ufoGC3*ufoGC4
          + 1/4*g_(1,6_,nu10)*FT1*g_(1,q2)*g_(2,nu13)*cFT(nu9,XX,i2,iufo3)*
         cFT(g7,XX,iufo3,i3)*flavourTag(fmu,j11,j12)*Den(p4,xiw,M3)*Den(q2 + 
         q3,xiw,M3)^2*Den( - p4 + q2 + q3,0,0)*xiw*ufoGC58^2*ufoGC3*ufoGC4
          - 1/4*g_(1,6_,nu10)*FT1*g_(1,q2)*g_(2,nu13)*cFT(nu9,XX,i2,iufo3)*
         cFT(g7,XX,iufo3,i3)*flavourTag(fmu,j11,j12)*Den(p4,xiw,M3)^2*Den(q2
          + q3,xiw,M3)^2*Den( - p4 + q2 + q3,0,0)*p4.p4*d^-1*xiw*ufoGC58^2*
         ufoGC3*ufoGC4
          + 1/4*g_(1,6_,nu10)*FT1*g_(1,q3)*g_(2,nu13)*cFT(nu9,XX,i2,iufo3)*
         cFT(g7,XX,iufo3,i3)*flavourTag(fmu,j11,j12)*Den(p4,xiw,M3)*Den(q2 + 
         q3,xiw,M3)^2*Den( - p4 + q2 + q3,0,0)*xiw*ufoGC58^2*ufoGC3*ufoGC4
          - 1/4*g_(1,6_,nu10)*FT1*g_(1,q3)*g_(2,nu13)*cFT(nu9,XX,i2,iufo3)*
         cFT(g7,XX,iufo3,i3)*flavourTag(fmu,j11,j12)*Den(p4,xiw,M3)^2*Den(q2
          + q3,xiw,M3)^2*Den( - p4 + q2 + q3,0,0)*p4.p4*d^-1*xiw*ufoGC58^2*
         ufoGC3*ufoGC4
          )

       + Vec(nu9,q3)*Vec(nu10,q3)*Vec(nu13,q3) * (
          - 1/4*g_(1,6_,nu10)*FT1*g_(1,p4)*g_(2,nu13)*cFT(nu9,XX,i2,iufo3)*
         cFT(g7,XX,iufo3,i3)*flavourTag(fmu,j11,j12)*Den(p4,xiw,M3)*Den(q2 + 
         q3,xiw,M3)^2*Den( - p4 + q2 + q3,0,0)*xiw*ufoGC58^2*ufoGC3*ufoGC4
          + 1/4*g_(1,6_,nu10)*FT1*g_(1,p4)*g_(2,nu13)*cFT(nu9,XX,i2,iufo3)*
         cFT(g7,XX,iufo3,i3)*flavourTag(fmu,j11,j12)*Den(p4,xiw,M3)^2*Den(q2
          + q3,xiw,M3)^2*Den( - p4 + q2 + q3,0,0)*p4.p4*d^-1*xiw*ufoGC58^2*
         ufoGC3*ufoGC4
          + 1/4*g_(1,6_,nu10)*FT1*g_(1,q1)*g_(2,nu13)*cFT(nu9,XX,i2,iufo3)*
         cFT(g7,XX,iufo3,i3)*flavourTag(fmu,j11,j12)*Den(p4,xiw,M3)*Den(q2 + 
         q3,xiw,M3)^2*Den( - p4 + q2 + q3,0,0)*xiw*ufoGC58^2*ufoGC3*ufoGC4
          - 1/4*g_(1,6_,nu10)*FT1*g_(1,q1)*g_(2,nu13)*cFT(nu9,XX,i2,iufo3)*
         cFT(g7,XX,iufo3,i3)*flavourTag(fmu,j11,j12)*Den(p4,xiw,M3)^2*Den(q2
          + q3,xiw,M3)^2*Den( - p4 + q2 + q3,0,0)*p4.p4*d^-1*xiw*ufoGC58^2*
         ufoGC3*ufoGC4
          + 1/4*g_(1,6_,nu10)*FT1*g_(1,q2)*g_(2,nu13)*cFT(nu9,XX,i2,iufo3)*
         cFT(g7,XX,iufo3,i3)*flavourTag(fmu,j11,j12)*Den(p4,xiw,M3)*Den(q2 + 
         q3,xiw,M3)^2*Den( - p4 + q2 + q3,0,0)*xiw*ufoGC58^2*ufoGC3*ufoGC4
          - 1/4*g_(1,6_,nu10)*FT1*g_(1,q2)*g_(2,nu13)*cFT(nu9,XX,i2,iufo3)*
         cFT(g7,XX,iufo3,i3)*flavourTag(fmu,j11,j12)*Den(p4,xiw,M3)^2*Den(q2
          + q3,xiw,M3)^2*Den( - p4 + q2 + q3,0,0)*p4.p4*d^-1*xiw*ufoGC58^2*
         ufoGC3*ufoGC4
          + 1/4*g_(1,6_,nu10)*FT1*g_(1,q3)*g_(2,nu13)*cFT(nu9,XX,i2,iufo3)*
         cFT(g7,XX,iufo3,i3)*flavourTag(fmu,j11,j12)*Den(p4,xiw,M3)*Den(q2 + 
         q3,xiw,M3)^2*Den( - p4 + q2 + q3,0,0)*xiw*ufoGC58^2*ufoGC3*ufoGC4
          - 1/4*g_(1,6_,nu10)*FT1*g_(1,q3)*g_(2,nu13)*cFT(nu9,XX,i2,iufo3)*
         cFT(g7,XX,iufo3,i3)*flavourTag(fmu,j11,j12)*Den(p4,xiw,M3)^2*Den(q2
          + q3,xiw,M3)^2*Den( - p4 + q2 + q3,0,0)*p4.p4*d^-1*xiw*ufoGC58^2*
         ufoGC3*ufoGC4
          )

       + Vec(nu9,q3)*Vec(nu10,q3)*Vec(nu15,q2) * (
          + 1/2*g_(1,6_,nu15)*FT1*g_(1,p4)*g_(2,nu10)*cFT(nu9,XX,i2,iufo3)*
         cFT(g7,XX,iufo3,i3)*flavourTag(fmu,j11,j12)*Den(p4,xiw,M3)*Den(q2 + 
         q3,xiw,M3)^2*Den( - p4 + q2 + q3,0,0)*xiw*ufoGC58^2*ufoGC3*ufoGC4
          - 1/2*g_(1,6_,nu15)*FT1*g_(1,p4)*g_(2,nu10)*cFT(nu9,XX,i2,iufo3)*
         cFT(g7,XX,iufo3,i3)*flavourTag(fmu,j11,j12)*Den(p4,xiw,M3)^2*Den(q2
          + q3,xiw,M3)^2*Den( - p4 + q2 + q3,0,0)*p4.p4*d^-1*xiw*ufoGC58^2*
         ufoGC3*ufoGC4
          - 1/2*g_(1,6_,nu15)*FT1*g_(1,q1)*g_(2,nu10)*cFT(nu9,XX,i2,iufo3)*
         cFT(g7,XX,iufo3,i3)*flavourTag(fmu,j11,j12)*Den(p4,xiw,M3)*Den(q2 + 
         q3,xiw,M3)^2*Den( - p4 + q2 + q3,0,0)*xiw*ufoGC58^2*ufoGC3*ufoGC4
          + 1/2*g_(1,6_,nu15)*FT1*g_(1,q1)*g_(2,nu10)*cFT(nu9,XX,i2,iufo3)*
         cFT(g7,XX,iufo3,i3)*flavourTag(fmu,j11,j12)*Den(p4,xiw,M3)^2*Den(q2
          + q3,xiw,M3)^2*Den( - p4 + q2 + q3,0,0)*p4.p4*d^-1*xiw*ufoGC58^2*
         ufoGC3*ufoGC4
          - 1/2*g_(1,6_,nu15)*FT1*g_(1,q2)*g_(2,nu10)*cFT(nu9,XX,i2,iufo3)*
         cFT(g7,XX,iufo3,i3)*flavourTag(fmu,j11,j12)*Den(p4,xiw,M3)*Den(q2 + 
         q3,xiw,M3)^2*Den( - p4 + q2 + q3,0,0)*xiw*ufoGC58^2*ufoGC3*ufoGC4
          + 1/2*g_(1,6_,nu15)*FT1*g_(1,q2)*g_(2,nu10)*cFT(nu9,XX,i2,iufo3)*
         cFT(g7,XX,iufo3,i3)*flavourTag(fmu,j11,j12)*Den(p4,xiw,M3)^2*Den(q2
          + q3,xiw,M3)^2*Den( - p4 + q2 + q3,0,0)*p4.p4*d^-1*xiw*ufoGC58^2*
         ufoGC3*ufoGC4
          - 1/2*g_(1,6_,nu15)*FT1*g_(1,q3)*g_(2,nu10)*cFT(nu9,XX,i2,iufo3)*
         cFT(g7,XX,iufo3,i3)*flavourTag(fmu,j11,j12)*Den(p4,xiw,M3)*Den(q2 + 
         q3,xiw,M3)^2*Den( - p4 + q2 + q3,0,0)*xiw*ufoGC58^2*ufoGC3*ufoGC4
          + 1/2*g_(1,6_,nu15)*FT1*g_(1,q3)*g_(2,nu10)*cFT(nu9,XX,i2,iufo3)*
         cFT(g7,XX,iufo3,i3)*flavourTag(fmu,j11,j12)*Den(p4,xiw,M3)^2*Den(q2
          + q3,xiw,M3)^2*Den( - p4 + q2 + q3,0,0)*p4.p4*d^-1*xiw*ufoGC58^2*
         ufoGC3*ufoGC4
          )

       + Vec(nu9,q3)*Vec(nu10,q3)*Vec(nu15,q3) * (
          + 1/2*g_(1,6_,nu15)*FT1*g_(1,p4)*g_(2,nu10)*cFT(nu9,XX,i2,iufo3)*
         cFT(g7,XX,iufo3,i3)*flavourTag(fmu,j11,j12)*Den(p4,xiw,M3)*Den(q2 + 
         q3,xiw,M3)^2*Den( - p4 + q2 + q3,0,0)*xiw*ufoGC58^2*ufoGC3*ufoGC4
          - 1/2*g_(1,6_,nu15)*FT1*g_(1,p4)*g_(2,nu10)*cFT(nu9,XX,i2,iufo3)*
         cFT(g7,XX,iufo3,i3)*flavourTag(fmu,j11,j12)*Den(p4,xiw,M3)^2*Den(q2
          + q3,xiw,M3)^2*Den( - p4 + q2 + q3,0,0)*p4.p4*d^-1*xiw*ufoGC58^2*
         ufoGC3*ufoGC4
          - 1/2*g_(1,6_,nu15)*FT1*g_(1,q1)*g_(2,nu10)*cFT(nu9,XX,i2,iufo3)*
         cFT(g7,XX,iufo3,i3)*flavourTag(fmu,j11,j12)*Den(p4,xiw,M3)*Den(q2 + 
         q3,xiw,M3)^2*Den( - p4 + q2 + q3,0,0)*xiw*ufoGC58^2*ufoGC3*ufoGC4
          + 1/2*g_(1,6_,nu15)*FT1*g_(1,q1)*g_(2,nu10)*cFT(nu9,XX,i2,iufo3)*
         cFT(g7,XX,iufo3,i3)*flavourTag(fmu,j11,j12)*Den(p4,xiw,M3)^2*Den(q2
          + q3,xiw,M3)^2*Den( - p4 + q2 + q3,0,0)*p4.p4*d^-1*xiw*ufoGC58^2*
         ufoGC3*ufoGC4
          - 1/2*g_(1,6_,nu15)*FT1*g_(1,q2)*g_(2,nu10)*cFT(nu9,XX,i2,iufo3)*
         cFT(g7,XX,iufo3,i3)*flavourTag(fmu,j11,j12)*Den(p4,xiw,M3)*Den(q2 + 
         q3,xiw,M3)^2*Den( - p4 + q2 + q3,0,0)*xiw*ufoGC58^2*ufoGC3*ufoGC4
          + 1/2*g_(1,6_,nu15)*FT1*g_(1,q2)*g_(2,nu10)*cFT(nu9,XX,i2,iufo3)*
         cFT(g7,XX,iufo3,i3)*flavourTag(fmu,j11,j12)*Den(p4,xiw,M3)^2*Den(q2
          + q3,xiw,M3)^2*Den( - p4 + q2 + q3,0,0)*p4.p4*d^-1*xiw*ufoGC58^2*
         ufoGC3*ufoGC4
          - 1/2*g_(1,6_,nu15)*FT1*g_(1,q3)*g_(2,nu10)*cFT(nu9,XX,i2,iufo3)*
         cFT(g7,XX,iufo3,i3)*flavourTag(fmu,j11,j12)*Den(p4,xiw,M3)*Den(q2 + 
         q3,xiw,M3)^2*Den( - p4 + q2 + q3,0,0)*xiw*ufoGC58^2*ufoGC3*ufoGC4
          + 1/2*g_(1,6_,nu15)*FT1*g_(1,q3)*g_(2,nu10)*cFT(nu9,XX,i2,iufo3)*
         cFT(g7,XX,iufo3,i3)*flavourTag(fmu,j11,j12)*Den(p4,xiw,M3)^2*Den(q2
          + q3,xiw,M3)^2*Den( - p4 + q2 + q3,0,0)*p4.p4*d^-1*xiw*ufoGC58^2*
         ufoGC3*ufoGC4
          );

  0.14 sec out of 0.14 sec
