FORM 5.0.0-beta.1 (Jan 15 2026, v5.0.0-beta.1-292-g4341c63)  Run: Thu Mar  5 16:57:07 2026
    #-

   d1l215amp =

       + Den(p4,xiz,M4)*Den(q2 + q3,xiw,M3)*Den(p4 + q2 + q3,xiw,M3)^2 * (
          + 1/8*g_(1,6_,nu16)*g_(2,6_,nu16)*FT2*cFT(nu13,XX,i2,iufo11)*cFT(g7,
         XX,iufo11,j11)*flavourTag(fmu,j11,j12)*Vec(nu13,q2)*p4.p4*ufoGC58^2*
         ufoGC80*ufoGC69
          - 1/8*g_(1,6_,nu16)*g_(2,6_,nu16)*FT2*cFT(nu13,XX,i2,iufo11)*cFT(g7,
         XX,iufo11,j11)*flavourTag(fmu,j11,j12)*Vec(nu13,q2)*Vec(nu14,q2)^2*
         ufoGC58^2*ufoGC80*ufoGC69
          - 1/4*g_(1,6_,nu16)*g_(2,6_,nu16)*FT2*cFT(nu13,XX,i2,iufo11)*cFT(g7,
         XX,iufo11,j11)*flavourTag(fmu,j11,j12)*Vec(nu13,q2)*Vec(nu14,q2)*Vec(
         nu14,q3)*ufoGC58^2*ufoGC80*ufoGC69
          - 1/8*g_(1,6_,nu16)*g_(2,6_,nu16)*FT2*cFT(nu13,XX,i2,iufo11)*cFT(g7,
         XX,iufo11,j11)*flavourTag(fmu,j11,j12)*Vec(nu13,q2)*Vec(nu14,q3)^2*
         ufoGC58^2*ufoGC80*ufoGC69
          + 1/8*g_(1,6_,nu16)*g_(2,6_,nu16)*FT2*cFT(nu13,XX,i2,iufo11)*cFT(g7,
         XX,iufo11,j11)*flavourTag(fmu,j11,j12)*Vec(nu13,q3)*p4.p4*ufoGC58^2*
         ufoGC80*ufoGC69
          - 1/8*g_(1,6_,nu16)*g_(2,6_,nu16)*FT2*cFT(nu13,XX,i2,iufo11)*cFT(g7,
         XX,iufo11,j11)*flavourTag(fmu,j11,j12)*Vec(nu13,q3)*Vec(nu14,q2)^2*
         ufoGC58^2*ufoGC80*ufoGC69
          - 1/4*g_(1,6_,nu16)*g_(2,6_,nu16)*FT2*cFT(nu13,XX,i2,iufo11)*cFT(g7,
         XX,iufo11,j11)*flavourTag(fmu,j11,j12)*Vec(nu13,q3)*Vec(nu14,q2)*Vec(
         nu14,q3)*ufoGC58^2*ufoGC80*ufoGC69
          - 1/8*g_(1,6_,nu16)*g_(2,6_,nu16)*FT2*cFT(nu13,XX,i2,iufo11)*cFT(g7,
         XX,iufo11,j11)*flavourTag(fmu,j11,j12)*Vec(nu13,q3)*Vec(nu14,q3)^2*
         ufoGC58^2*ufoGC80*ufoGC69
          + 1/8*g_(1,6_,nu16)*g_(2,nu16)*FT2(g6)*FT2*cFT(nu13,XX,i2,iufo11)*
         cFT(g7,XX,iufo11,j11)*flavourTag(fmu,j11,j12)*Vec(nu13,q2)*p4.p4*
         ufoGC58^2*ufoGC76*ufoGC69
          - 1/8*g_(1,6_,nu16)*g_(2,nu16)*FT2(g6)*FT2*cFT(nu13,XX,i2,iufo11)*
         cFT(g7,XX,iufo11,j11)*flavourTag(fmu,j11,j12)*Vec(nu13,q2)*Vec(nu14,
         q2)^2*ufoGC58^2*ufoGC76*ufoGC69
          - 1/4*g_(1,6_,nu16)*g_(2,nu16)*FT2(g6)*FT2*cFT(nu13,XX,i2,iufo11)*
         cFT(g7,XX,iufo11,j11)*flavourTag(fmu,j11,j12)*Vec(nu13,q2)*Vec(nu14,
         q2)*Vec(nu14,q3)*ufoGC58^2*ufoGC76*ufoGC69
          - 1/8*g_(1,6_,nu16)*g_(2,nu16)*FT2(g6)*FT2*cFT(nu13,XX,i2,iufo11)*
         cFT(g7,XX,iufo11,j11)*flavourTag(fmu,j11,j12)*Vec(nu13,q2)*Vec(nu14,
         q3)^2*ufoGC58^2*ufoGC76*ufoGC69
          + 1/8*g_(1,6_,nu16)*g_(2,nu16)*FT2(g6)*FT2*cFT(nu13,XX,i2,iufo11)*
         cFT(g7,XX,iufo11,j11)*flavourTag(fmu,j11,j12)*Vec(nu13,q3)*p4.p4*
         ufoGC58^2*ufoGC76*ufoGC69
          - 1/8*g_(1,6_,nu16)*g_(2,nu16)*FT2(g6)*FT2*cFT(nu13,XX,i2,iufo11)*
         cFT(g7,XX,iufo11,j11)*flavourTag(fmu,j11,j12)*Vec(nu13,q3)*Vec(nu14,
         q2)^2*ufoGC58^2*ufoGC76*ufoGC69
          - 1/4*g_(1,6_,nu16)*g_(2,nu16)*FT2(g6)*FT2*cFT(nu13,XX,i2,iufo11)*
         cFT(g7,XX,iufo11,j11)*flavourTag(fmu,j11,j12)*Vec(nu13,q3)*Vec(nu14,
         q2)*Vec(nu14,q3)*ufoGC58^2*ufoGC76*ufoGC69
          - 1/8*g_(1,6_,nu16)*g_(2,nu16)*FT2(g6)*FT2*cFT(nu13,XX,i2,iufo11)*
         cFT(g7,XX,iufo11,j11)*flavourTag(fmu,j11,j12)*Vec(nu13,q3)*Vec(nu14,
         q3)^2*ufoGC58^2*ufoGC76*ufoGC69
          - 1/8*g_(1,6_,nu9)*g_(2,6_,nu16)*FT2*cFT(nu13,XX,i2,iufo11)*cFT(g7,
         XX,iufo11,j11)*flavourTag(fmu,j11,j12)*Vec(nu16,q2)*Vec(nu13,q2)*Vec(
         nu9,q2)*ufoGC58^2*ufoGC80*ufoGC69
          - 1/8*g_(1,6_,nu9)*g_(2,6_,nu16)*FT2*cFT(nu13,XX,i2,iufo11)*cFT(g7,
         XX,iufo11,j11)*flavourTag(fmu,j11,j12)*Vec(nu16,q2)*Vec(nu13,q2)*Vec(
         nu9,q3)*ufoGC58^2*ufoGC80*ufoGC69
          - 1/8*g_(1,6_,nu9)*g_(2,6_,nu16)*FT2*cFT(nu13,XX,i2,iufo11)*cFT(g7,
         XX,iufo11,j11)*flavourTag(fmu,j11,j12)*Vec(nu16,q2)*Vec(nu13,q3)*Vec(
         nu9,q2)*ufoGC58^2*ufoGC80*ufoGC69
          - 1/8*g_(1,6_,nu9)*g_(2,6_,nu16)*FT2*cFT(nu13,XX,i2,iufo11)*cFT(g7,
         XX,iufo11,j11)*flavourTag(fmu,j11,j12)*Vec(nu16,q2)*Vec(nu13,q3)*Vec(
         nu9,q3)*ufoGC58^2*ufoGC80*ufoGC69
          - 1/8*g_(1,6_,nu9)*g_(2,6_,nu16)*FT2*cFT(nu13,XX,i2,iufo11)*cFT(g7,
         XX,iufo11,j11)*flavourTag(fmu,j11,j12)*Vec(nu16,q3)*Vec(nu13,q2)*Vec(
         nu9,q2)*ufoGC58^2*ufoGC80*ufoGC69
          - 1/8*g_(1,6_,nu9)*g_(2,6_,nu16)*FT2*cFT(nu13,XX,i2,iufo11)*cFT(g7,
         XX,iufo11,j11)*flavourTag(fmu,j11,j12)*Vec(nu16,q3)*Vec(nu13,q2)*Vec(
         nu9,q3)*ufoGC58^2*ufoGC80*ufoGC69
          - 1/8*g_(1,6_,nu9)*g_(2,6_,nu16)*FT2*cFT(nu13,XX,i2,iufo11)*cFT(g7,
         XX,iufo11,j11)*flavourTag(fmu,j11,j12)*Vec(nu16,q3)*Vec(nu13,q3)*Vec(
         nu9,q2)*ufoGC58^2*ufoGC80*ufoGC69
          - 1/8*g_(1,6_,nu9)*g_(2,6_,nu16)*FT2*cFT(nu13,XX,i2,iufo11)*cFT(g7,
         XX,iufo11,j11)*flavourTag(fmu,j11,j12)*Vec(nu16,q3)*Vec(nu13,q3)*Vec(
         nu9,q3)*ufoGC58^2*ufoGC80*ufoGC69
          - 1/4*g_(1,6_,nu9)*g_(2,6_,nu16)*FT2*cFT(nu9,XX,i2,iufo11)*cFT(g7,XX
         ,iufo11,j11)*flavourTag(fmu,j11,j12)*Vec(nu16,q2)*p4.p4*d^-1*
         ufoGC58^2*ufoGC80*ufoGC69
          - 1/4*g_(1,6_,nu9)*g_(2,6_,nu16)*FT2*cFT(nu9,XX,i2,iufo11)*cFT(g7,XX
         ,iufo11,j11)*flavourTag(fmu,j11,j12)*Vec(nu16,q3)*p4.p4*d^-1*
         ufoGC58^2*ufoGC80*ufoGC69
          - 1/8*g_(1,6_,nu9)*g_(2,6_,nu13)*FT2*cFT(nu13,XX,i2,iufo11)*cFT(g7,
         XX,iufo11,j11)*flavourTag(fmu,j11,j12)*Vec(nu9,q2)*p4.p4*d^-1*
         ufoGC58^2*ufoGC80*ufoGC69
          - 1/8*g_(1,6_,nu9)*g_(2,6_,nu13)*FT2*cFT(nu13,XX,i2,iufo11)*cFT(g7,
         XX,iufo11,j11)*flavourTag(fmu,j11,j12)*Vec(nu9,q3)*p4.p4*d^-1*
         ufoGC58^2*ufoGC80*ufoGC69
          - 1/4*g_(1,6_,nu9)*g_(2,6_,nu9)*FT2*cFT(nu13,XX,i2,iufo11)*cFT(g7,XX
         ,iufo11,j11)*flavourTag(fmu,j11,j12)*Vec(nu13,q2)*p4.p4*d^-1*
         ufoGC58^2*ufoGC80*ufoGC69
          - 1/4*g_(1,6_,nu9)*g_(2,6_,nu9)*FT2*cFT(nu13,XX,i2,iufo11)*cFT(g7,XX
         ,iufo11,j11)*flavourTag(fmu,j11,j12)*Vec(nu13,q3)*p4.p4*d^-1*
         ufoGC58^2*ufoGC80*ufoGC69
          - 1/8*g_(1,6_,nu9)*g_(2,nu16)*FT2(g6)*FT2*cFT(nu13,XX,i2,iufo11)*
         cFT(g7,XX,iufo11,j11)*flavourTag(fmu,j11,j12)*Vec(nu16,q2)*Vec(nu13,
         q2)*Vec(nu9,q2)*ufoGC58^2*ufoGC76*ufoGC69
          - 1/8*g_(1,6_,nu9)*g_(2,nu16)*FT2(g6)*FT2*cFT(nu13,XX,i2,iufo11)*
         cFT(g7,XX,iufo11,j11)*flavourTag(fmu,j11,j12)*Vec(nu16,q2)*Vec(nu13,
         q2)*Vec(nu9,q3)*ufoGC58^2*ufoGC76*ufoGC69
          - 1/8*g_(1,6_,nu9)*g_(2,nu16)*FT2(g6)*FT2*cFT(nu13,XX,i2,iufo11)*
         cFT(g7,XX,iufo11,j11)*flavourTag(fmu,j11,j12)*Vec(nu16,q2)*Vec(nu13,
         q3)*Vec(nu9,q2)*ufoGC58^2*ufoGC76*ufoGC69
          - 1/8*g_(1,6_,nu9)*g_(2,nu16)*FT2(g6)*FT2*cFT(nu13,XX,i2,iufo11)*
         cFT(g7,XX,iufo11,j11)*flavourTag(fmu,j11,j12)*Vec(nu16,q2)*Vec(nu13,
         q3)*Vec(nu9,q3)*ufoGC58^2*ufoGC76*ufoGC69
          - 1/8*g_(1,6_,nu9)*g_(2,nu16)*FT2(g6)*FT2*cFT(nu13,XX,i2,iufo11)*
         cFT(g7,XX,iufo11,j11)*flavourTag(fmu,j11,j12)*Vec(nu16,q3)*Vec(nu13,
         q2)*Vec(nu9,q2)*ufoGC58^2*ufoGC76*ufoGC69
          - 1/8*g_(1,6_,nu9)*g_(2,nu16)*FT2(g6)*FT2*cFT(nu13,XX,i2,iufo11)*
         cFT(g7,XX,iufo11,j11)*flavourTag(fmu,j11,j12)*Vec(nu16,q3)*Vec(nu13,
         q2)*Vec(nu9,q3)*ufoGC58^2*ufoGC76*ufoGC69
          - 1/8*g_(1,6_,nu9)*g_(2,nu16)*FT2(g6)*FT2*cFT(nu13,XX,i2,iufo11)*
         cFT(g7,XX,iufo11,j11)*flavourTag(fmu,j11,j12)*Vec(nu16,q3)*Vec(nu13,
         q3)*Vec(nu9,q2)*ufoGC58^2*ufoGC76*ufoGC69
          - 1/8*g_(1,6_,nu9)*g_(2,nu16)*FT2(g6)*FT2*cFT(nu13,XX,i2,iufo11)*
         cFT(g7,XX,iufo11,j11)*flavourTag(fmu,j11,j12)*Vec(nu16,q3)*Vec(nu13,
         q3)*Vec(nu9,q3)*ufoGC58^2*ufoGC76*ufoGC69
          - 1/4*g_(1,6_,nu9)*g_(2,nu16)*FT2(g6)*FT2*cFT(nu9,XX,i2,iufo11)*cFT(
         g7,XX,iufo11,j11)*flavourTag(fmu,j11,j12)*Vec(nu16,q2)*p4.p4*d^-1*
         ufoGC58^2*ufoGC76*ufoGC69
          - 1/4*g_(1,6_,nu9)*g_(2,nu16)*FT2(g6)*FT2*cFT(nu9,XX,i2,iufo11)*cFT(
         g7,XX,iufo11,j11)*flavourTag(fmu,j11,j12)*Vec(nu16,q3)*p4.p4*d^-1*
         ufoGC58^2*ufoGC76*ufoGC69
          - 1/8*g_(1,6_,nu9)*g_(2,nu13)*FT2(g6)*FT2*cFT(nu13,XX,i2,iufo11)*
         cFT(g7,XX,iufo11,j11)*flavourTag(fmu,j11,j12)*Vec(nu9,q2)*p4.p4*d^-1*
         ufoGC58^2*ufoGC76*ufoGC69
          - 1/8*g_(1,6_,nu9)*g_(2,nu13)*FT2(g6)*FT2*cFT(nu13,XX,i2,iufo11)*
         cFT(g7,XX,iufo11,j11)*flavourTag(fmu,j11,j12)*Vec(nu9,q3)*p4.p4*d^-1*
         ufoGC58^2*ufoGC76*ufoGC69
          - 1/4*g_(1,6_,nu9)*g_(2,nu9)*FT2(g6)*FT2*cFT(nu13,XX,i2,iufo11)*cFT(
         g7,XX,iufo11,j11)*flavourTag(fmu,j11,j12)*Vec(nu13,q2)*p4.p4*d^-1*
         ufoGC58^2*ufoGC76*ufoGC69
          - 1/4*g_(1,6_,nu9)*g_(2,nu9)*FT2(g6)*FT2*cFT(nu13,XX,i2,iufo11)*cFT(
         g7,XX,iufo11,j11)*flavourTag(fmu,j11,j12)*Vec(nu13,q3)*p4.p4*d^-1*
         ufoGC58^2*ufoGC76*ufoGC69
          + 1/4*g_(1,6_,nu14)*g_(2,6_,nu16)*FT2*cFT(nu13,XX,i2,iufo11)*cFT(g7,
         XX,iufo11,j11)*flavourTag(fmu,j11,j12)*Vec(nu16,q2)*Vec(nu13,q2)*Vec(
         nu14,q2)*ufoGC58^2*ufoGC80*ufoGC69
          + 1/4*g_(1,6_,nu14)*g_(2,6_,nu16)*FT2*cFT(nu13,XX,i2,iufo11)*cFT(g7,
         XX,iufo11,j11)*flavourTag(fmu,j11,j12)*Vec(nu16,q2)*Vec(nu13,q2)*Vec(
         nu14,q3)*ufoGC58^2*ufoGC80*ufoGC69
          + 1/4*g_(1,6_,nu14)*g_(2,6_,nu16)*FT2*cFT(nu13,XX,i2,iufo11)*cFT(g7,
         XX,iufo11,j11)*flavourTag(fmu,j11,j12)*Vec(nu16,q2)*Vec(nu13,q3)*Vec(
         nu14,q2)*ufoGC58^2*ufoGC80*ufoGC69
          + 1/4*g_(1,6_,nu14)*g_(2,6_,nu16)*FT2*cFT(nu13,XX,i2,iufo11)*cFT(g7,
         XX,iufo11,j11)*flavourTag(fmu,j11,j12)*Vec(nu16,q2)*Vec(nu13,q3)*Vec(
         nu14,q3)*ufoGC58^2*ufoGC80*ufoGC69
          + 1/4*g_(1,6_,nu14)*g_(2,6_,nu16)*FT2*cFT(nu13,XX,i2,iufo11)*cFT(g7,
         XX,iufo11,j11)*flavourTag(fmu,j11,j12)*Vec(nu16,q3)*Vec(nu13,q2)*Vec(
         nu14,q2)*ufoGC58^2*ufoGC80*ufoGC69
          + 1/4*g_(1,6_,nu14)*g_(2,6_,nu16)*FT2*cFT(nu13,XX,i2,iufo11)*cFT(g7,
         XX,iufo11,j11)*flavourTag(fmu,j11,j12)*Vec(nu16,q3)*Vec(nu13,q2)*Vec(
         nu14,q3)*ufoGC58^2*ufoGC80*ufoGC69
          + 1/4*g_(1,6_,nu14)*g_(2,6_,nu16)*FT2*cFT(nu13,XX,i2,iufo11)*cFT(g7,
         XX,iufo11,j11)*flavourTag(fmu,j11,j12)*Vec(nu16,q3)*Vec(nu13,q3)*Vec(
         nu14,q2)*ufoGC58^2*ufoGC80*ufoGC69
          + 1/4*g_(1,6_,nu14)*g_(2,6_,nu16)*FT2*cFT(nu13,XX,i2,iufo11)*cFT(g7,
         XX,iufo11,j11)*flavourTag(fmu,j11,j12)*Vec(nu16,q3)*Vec(nu13,q3)*Vec(
         nu14,q3)*ufoGC58^2*ufoGC80*ufoGC69
          + 1/4*g_(1,6_,nu14)*g_(2,6_,nu16)*FT2*cFT(nu14,XX,i2,iufo11)*cFT(g7,
         XX,iufo11,j11)*flavourTag(fmu,j11,j12)*Vec(nu16,q2)*p4.p4*d^-1*
         ufoGC58^2*ufoGC80*ufoGC69
          + 1/4*g_(1,6_,nu14)*g_(2,6_,nu16)*FT2*cFT(nu14,XX,i2,iufo11)*cFT(g7,
         XX,iufo11,j11)*flavourTag(fmu,j11,j12)*Vec(nu16,q3)*p4.p4*d^-1*
         ufoGC58^2*ufoGC80*ufoGC69
          + 1/8*g_(1,6_,nu14)*g_(2,6_,nu13)*FT2*cFT(nu13,XX,i2,iufo11)*cFT(g7,
         XX,iufo11,j11)*flavourTag(fmu,j11,j12)*Vec(nu14,q2)*p4.p4*d^-1*
         ufoGC58^2*ufoGC80*ufoGC69
          + 1/8*g_(1,6_,nu14)*g_(2,6_,nu13)*FT2*cFT(nu13,XX,i2,iufo11)*cFT(g7,
         XX,iufo11,j11)*flavourTag(fmu,j11,j12)*Vec(nu14,q3)*p4.p4*d^-1*
         ufoGC58^2*ufoGC80*ufoGC69
          + 1/8*g_(1,6_,nu14)*g_(2,6_,nu14)*FT2*cFT(nu13,XX,i2,iufo11)*cFT(g7,
         XX,iufo11,j11)*flavourTag(fmu,j11,j12)*Vec(nu13,q2)*p4.p4*d^-1*
         ufoGC58^2*ufoGC80*ufoGC69
          + 1/8*g_(1,6_,nu14)*g_(2,6_,nu14)*FT2*cFT(nu13,XX,i2,iufo11)*cFT(g7,
         XX,iufo11,j11)*flavourTag(fmu,j11,j12)*Vec(nu13,q3)*p4.p4*d^-1*
         ufoGC58^2*ufoGC80*ufoGC69
          + 1/4*g_(1,6_,nu14)*g_(2,nu16)*FT2(g6)*FT2*cFT(nu13,XX,i2,iufo11)*
         cFT(g7,XX,iufo11,j11)*flavourTag(fmu,j11,j12)*Vec(nu16,q2)*Vec(nu13,
         q2)*Vec(nu14,q2)*ufoGC58^2*ufoGC76*ufoGC69
          + 1/4*g_(1,6_,nu14)*g_(2,nu16)*FT2(g6)*FT2*cFT(nu13,XX,i2,iufo11)*
         cFT(g7,XX,iufo11,j11)*flavourTag(fmu,j11,j12)*Vec(nu16,q2)*Vec(nu13,
         q2)*Vec(nu14,q3)*ufoGC58^2*ufoGC76*ufoGC69
          + 1/4*g_(1,6_,nu14)*g_(2,nu16)*FT2(g6)*FT2*cFT(nu13,XX,i2,iufo11)*
         cFT(g7,XX,iufo11,j11)*flavourTag(fmu,j11,j12)*Vec(nu16,q2)*Vec(nu13,
         q3)*Vec(nu14,q2)*ufoGC58^2*ufoGC76*ufoGC69
          + 1/4*g_(1,6_,nu14)*g_(2,nu16)*FT2(g6)*FT2*cFT(nu13,XX,i2,iufo11)*
         cFT(g7,XX,iufo11,j11)*flavourTag(fmu,j11,j12)*Vec(nu16,q2)*Vec(nu13,
         q3)*Vec(nu14,q3)*ufoGC58^2*ufoGC76*ufoGC69
          + 1/4*g_(1,6_,nu14)*g_(2,nu16)*FT2(g6)*FT2*cFT(nu13,XX,i2,iufo11)*
         cFT(g7,XX,iufo11,j11)*flavourTag(fmu,j11,j12)*Vec(nu16,q3)*Vec(nu13,
         q2)*Vec(nu14,q2)*ufoGC58^2*ufoGC76*ufoGC69
          + 1/4*g_(1,6_,nu14)*g_(2,nu16)*FT2(g6)*FT2*cFT(nu13,XX,i2,iufo11)*
         cFT(g7,XX,iufo11,j11)*flavourTag(fmu,j11,j12)*Vec(nu16,q3)*Vec(nu13,
         q2)*Vec(nu14,q3)*ufoGC58^2*ufoGC76*ufoGC69
          + 1/4*g_(1,6_,nu14)*g_(2,nu16)*FT2(g6)*FT2*cFT(nu13,XX,i2,iufo11)*
         cFT(g7,XX,iufo11,j11)*flavourTag(fmu,j11,j12)*Vec(nu16,q3)*Vec(nu13,
         q3)*Vec(nu14,q2)*ufoGC58^2*ufoGC76*ufoGC69
          + 1/4*g_(1,6_,nu14)*g_(2,nu16)*FT2(g6)*FT2*cFT(nu13,XX,i2,iufo11)*
         cFT(g7,XX,iufo11,j11)*flavourTag(fmu,j11,j12)*Vec(nu16,q3)*Vec(nu13,
         q3)*Vec(nu14,q3)*ufoGC58^2*ufoGC76*ufoGC69
          + 1/4*g_(1,6_,nu14)*g_(2,nu16)*FT2(g6)*FT2*cFT(nu14,XX,i2,iufo11)*
         cFT(g7,XX,iufo11,j11)*flavourTag(fmu,j11,j12)*Vec(nu16,q2)*p4.p4*d^-1
         *ufoGC58^2*ufoGC76*ufoGC69
          + 1/4*g_(1,6_,nu14)*g_(2,nu16)*FT2(g6)*FT2*cFT(nu14,XX,i2,iufo11)*
         cFT(g7,XX,iufo11,j11)*flavourTag(fmu,j11,j12)*Vec(nu16,q3)*p4.p4*d^-1
         *ufoGC58^2*ufoGC76*ufoGC69
          + 1/8*g_(1,6_,nu14)*g_(2,nu13)*FT2(g6)*FT2*cFT(nu13,XX,i2,iufo11)*
         cFT(g7,XX,iufo11,j11)*flavourTag(fmu,j11,j12)*Vec(nu14,q2)*p4.p4*d^-1
         *ufoGC58^2*ufoGC76*ufoGC69
          + 1/8*g_(1,6_,nu14)*g_(2,nu13)*FT2(g6)*FT2*cFT(nu13,XX,i2,iufo11)*
         cFT(g7,XX,iufo11,j11)*flavourTag(fmu,j11,j12)*Vec(nu14,q3)*p4.p4*d^-1
         *ufoGC58^2*ufoGC76*ufoGC69
          + 1/8*g_(1,6_,nu14)*g_(2,nu14)*FT2(g6)*FT2*cFT(nu13,XX,i2,iufo11)*
         cFT(g7,XX,iufo11,j11)*flavourTag(fmu,j11,j12)*Vec(nu13,q2)*p4.p4*d^-1
         *ufoGC58^2*ufoGC76*ufoGC69
          + 1/8*g_(1,6_,nu14)*g_(2,nu14)*FT2(g6)*FT2*cFT(nu13,XX,i2,iufo11)*
         cFT(g7,XX,iufo11,j11)*flavourTag(fmu,j11,j12)*Vec(nu13,q3)*p4.p4*d^-1
         *ufoGC58^2*ufoGC76*ufoGC69
          )

       + Den(p4,xiz,M4)*Den(q2 + q3,xiw,M3)*Den(p4 + q2 + q3,xiw,M3) * (
          + 1/8*g_(1,6_,nu16)*g_(2,6_,nu16)*FT2*cFT(nu13,XX,i2,iufo11)*cFT(g7,
         XX,iufo11,j11)*flavourTag(fmu,j11,j12)*Vec(nu13,q2)*ufoGC58^2*ufoGC80
         *ufoGC69
          + 1/8*g_(1,6_,nu16)*g_(2,6_,nu16)*FT2*cFT(nu13,XX,i2,iufo11)*cFT(g7,
         XX,iufo11,j11)*flavourTag(fmu,j11,j12)*Vec(nu13,q3)*ufoGC58^2*ufoGC80
         *ufoGC69
          + 1/8*g_(1,6_,nu16)*g_(2,nu16)*FT2(g6)*FT2*cFT(nu13,XX,i2,iufo11)*
         cFT(g7,XX,iufo11,j11)*flavourTag(fmu,j11,j12)*Vec(nu13,q2)*ufoGC58^2*
         ufoGC76*ufoGC69
          + 1/8*g_(1,6_,nu16)*g_(2,nu16)*FT2(g6)*FT2*cFT(nu13,XX,i2,iufo11)*
         cFT(g7,XX,iufo11,j11)*flavourTag(fmu,j11,j12)*Vec(nu13,q3)*ufoGC58^2*
         ufoGC76*ufoGC69
          - 1/4*g_(1,6_,nu13)*g_(2,6_,nu16)*FT2*cFT(nu13,XX,i2,iufo11)*cFT(g7,
         XX,iufo11,j11)*flavourTag(fmu,j11,j12)*Vec(nu16,q2)*ufoGC58^2*ufoGC80
         *ufoGC69
          - 1/4*g_(1,6_,nu13)*g_(2,6_,nu16)*FT2*cFT(nu13,XX,i2,iufo11)*cFT(g7,
         XX,iufo11,j11)*flavourTag(fmu,j11,j12)*Vec(nu16,q3)*ufoGC58^2*ufoGC80
         *ufoGC69
          - 1/4*g_(1,6_,nu13)*g_(2,nu16)*FT2(g6)*FT2*cFT(nu13,XX,i2,iufo11)*
         cFT(g7,XX,iufo11,j11)*flavourTag(fmu,j11,j12)*Vec(nu16,q2)*ufoGC58^2*
         ufoGC76*ufoGC69
          - 1/4*g_(1,6_,nu13)*g_(2,nu16)*FT2(g6)*FT2*cFT(nu13,XX,i2,iufo11)*
         cFT(g7,XX,iufo11,j11)*flavourTag(fmu,j11,j12)*Vec(nu16,q3)*ufoGC58^2*
         ufoGC76*ufoGC69
          + 1/8*g_(1,6_,nu9)*g_(2,6_,nu16)*FT2*cFT(nu16,XX,i2,iufo11)*cFT(g7,
         XX,iufo11,j11)*flavourTag(fmu,j11,j12)*Vec(nu9,q2)*ufoGC58^2*ufoGC80*
         ufoGC69
          + 1/8*g_(1,6_,nu9)*g_(2,6_,nu16)*FT2*cFT(nu16,XX,i2,iufo11)*cFT(g7,
         XX,iufo11,j11)*flavourTag(fmu,j11,j12)*Vec(nu9,q3)*ufoGC58^2*ufoGC80*
         ufoGC69
          + 1/8*g_(1,6_,nu9)*g_(2,nu16)*FT2(g6)*FT2*cFT(nu16,XX,i2,iufo11)*
         cFT(g7,XX,iufo11,j11)*flavourTag(fmu,j11,j12)*Vec(nu9,q2)*ufoGC58^2*
         ufoGC76*ufoGC69
          + 1/8*g_(1,6_,nu9)*g_(2,nu16)*FT2(g6)*FT2*cFT(nu16,XX,i2,iufo11)*
         cFT(g7,XX,iufo11,j11)*flavourTag(fmu,j11,j12)*Vec(nu9,q3)*ufoGC58^2*
         ufoGC76*ufoGC69
          )

       + Den(p4,xiz,M4)*Den(q2 + q3,xiw,M3)^2*Den(p4 + q2 + q3,xiw,M3)^2 * (
          - 1/8*g_(1,6_,nu10)*g_(2,6_,nu16)*FT2*cFT(nu13,XX,i2,iufo11)*cFT(g7,
         XX,iufo11,j11)*flavourTag(fmu,j11,j12)*Vec(nu10,q2)*Vec(nu16,q2)*Vec(
         nu13,q2)*p4.p4*ufoGC58^2*ufoGC80*ufoGC69
          + 1/8*g_(1,6_,nu10)*g_(2,6_,nu16)*FT2*cFT(nu13,XX,i2,iufo11)*cFT(g7,
         XX,iufo11,j11)*flavourTag(fmu,j11,j12)*Vec(nu10,q2)*Vec(nu16,q2)*Vec(
         nu13,q2)*Vec(nu9,q2)^2*ufoGC58^2*ufoGC80*ufoGC69
          + 1/4*g_(1,6_,nu10)*g_(2,6_,nu16)*FT2*cFT(nu13,XX,i2,iufo11)*cFT(g7,
         XX,iufo11,j11)*flavourTag(fmu,j11,j12)*Vec(nu10,q2)*Vec(nu16,q2)*Vec(
         nu13,q2)*Vec(nu9,q2)*Vec(nu9,q3)*ufoGC58^2*ufoGC80*ufoGC69
          + 1/8*g_(1,6_,nu10)*g_(2,6_,nu16)*FT2*cFT(nu13,XX,i2,iufo11)*cFT(g7,
         XX,iufo11,j11)*flavourTag(fmu,j11,j12)*Vec(nu10,q2)*Vec(nu16,q2)*Vec(
         nu13,q2)*Vec(nu9,q3)^2*ufoGC58^2*ufoGC80*ufoGC69
          - 1/8*g_(1,6_,nu10)*g_(2,6_,nu16)*FT2*cFT(nu13,XX,i2,iufo11)*cFT(g7,
         XX,iufo11,j11)*flavourTag(fmu,j11,j12)*Vec(nu10,q2)*Vec(nu16,q2)*Vec(
         nu13,q2)*Vec(nu14,q2)^2*ufoGC58^2*ufoGC80*ufoGC69
          - 1/4*g_(1,6_,nu10)*g_(2,6_,nu16)*FT2*cFT(nu13,XX,i2,iufo11)*cFT(g7,
         XX,iufo11,j11)*flavourTag(fmu,j11,j12)*Vec(nu10,q2)*Vec(nu16,q2)*Vec(
         nu13,q2)*Vec(nu14,q2)*Vec(nu14,q3)*ufoGC58^2*ufoGC80*ufoGC69
          - 1/8*g_(1,6_,nu10)*g_(2,6_,nu16)*FT2*cFT(nu13,XX,i2,iufo11)*cFT(g7,
         XX,iufo11,j11)*flavourTag(fmu,j11,j12)*Vec(nu10,q2)*Vec(nu16,q2)*Vec(
         nu13,q2)*Vec(nu14,q3)^2*ufoGC58^2*ufoGC80*ufoGC69
          - 1/8*g_(1,6_,nu10)*g_(2,6_,nu16)*FT2*cFT(nu13,XX,i2,iufo11)*cFT(g7,
         XX,iufo11,j11)*flavourTag(fmu,j11,j12)*Vec(nu10,q2)*Vec(nu16,q2)*Vec(
         nu13,q3)*p4.p4*ufoGC58^2*ufoGC80*ufoGC69
          + 1/8*g_(1,6_,nu10)*g_(2,6_,nu16)*FT2*cFT(nu13,XX,i2,iufo11)*cFT(g7,
         XX,iufo11,j11)*flavourTag(fmu,j11,j12)*Vec(nu10,q2)*Vec(nu16,q2)*Vec(
         nu13,q3)*Vec(nu9,q2)^2*ufoGC58^2*ufoGC80*ufoGC69
          + 1/4*g_(1,6_,nu10)*g_(2,6_,nu16)*FT2*cFT(nu13,XX,i2,iufo11)*cFT(g7,
         XX,iufo11,j11)*flavourTag(fmu,j11,j12)*Vec(nu10,q2)*Vec(nu16,q2)*Vec(
         nu13,q3)*Vec(nu9,q2)*Vec(nu9,q3)*ufoGC58^2*ufoGC80*ufoGC69
          + 1/8*g_(1,6_,nu10)*g_(2,6_,nu16)*FT2*cFT(nu13,XX,i2,iufo11)*cFT(g7,
         XX,iufo11,j11)*flavourTag(fmu,j11,j12)*Vec(nu10,q2)*Vec(nu16,q2)*Vec(
         nu13,q3)*Vec(nu9,q3)^2*ufoGC58^2*ufoGC80*ufoGC69
          - 1/8*g_(1,6_,nu10)*g_(2,6_,nu16)*FT2*cFT(nu13,XX,i2,iufo11)*cFT(g7,
         XX,iufo11,j11)*flavourTag(fmu,j11,j12)*Vec(nu10,q2)*Vec(nu16,q2)*Vec(
         nu13,q3)*Vec(nu14,q2)^2*ufoGC58^2*ufoGC80*ufoGC69
          - 1/4*g_(1,6_,nu10)*g_(2,6_,nu16)*FT2*cFT(nu13,XX,i2,iufo11)*cFT(g7,
         XX,iufo11,j11)*flavourTag(fmu,j11,j12)*Vec(nu10,q2)*Vec(nu16,q2)*Vec(
         nu13,q3)*Vec(nu14,q2)*Vec(nu14,q3)*ufoGC58^2*ufoGC80*ufoGC69
          - 1/8*g_(1,6_,nu10)*g_(2,6_,nu16)*FT2*cFT(nu13,XX,i2,iufo11)*cFT(g7,
         XX,iufo11,j11)*flavourTag(fmu,j11,j12)*Vec(nu10,q2)*Vec(nu16,q2)*Vec(
         nu13,q3)*Vec(nu14,q3)^2*ufoGC58^2*ufoGC80*ufoGC69
          - 1/8*g_(1,6_,nu10)*g_(2,6_,nu16)*FT2*cFT(nu13,XX,i2,iufo11)*cFT(g7,
         XX,iufo11,j11)*flavourTag(fmu,j11,j12)*Vec(nu10,q2)*Vec(nu16,q3)*Vec(
         nu13,q2)*p4.p4*ufoGC58^2*ufoGC80*ufoGC69
          + 1/8*g_(1,6_,nu10)*g_(2,6_,nu16)*FT2*cFT(nu13,XX,i2,iufo11)*cFT(g7,
         XX,iufo11,j11)*flavourTag(fmu,j11,j12)*Vec(nu10,q2)*Vec(nu16,q3)*Vec(
         nu13,q2)*Vec(nu9,q2)^2*ufoGC58^2*ufoGC80*ufoGC69
          + 1/4*g_(1,6_,nu10)*g_(2,6_,nu16)*FT2*cFT(nu13,XX,i2,iufo11)*cFT(g7,
         XX,iufo11,j11)*flavourTag(fmu,j11,j12)*Vec(nu10,q2)*Vec(nu16,q3)*Vec(
         nu13,q2)*Vec(nu9,q2)*Vec(nu9,q3)*ufoGC58^2*ufoGC80*ufoGC69
          + 1/8*g_(1,6_,nu10)*g_(2,6_,nu16)*FT2*cFT(nu13,XX,i2,iufo11)*cFT(g7,
         XX,iufo11,j11)*flavourTag(fmu,j11,j12)*Vec(nu10,q2)*Vec(nu16,q3)*Vec(
         nu13,q2)*Vec(nu9,q3)^2*ufoGC58^2*ufoGC80*ufoGC69
          - 1/8*g_(1,6_,nu10)*g_(2,6_,nu16)*FT2*cFT(nu13,XX,i2,iufo11)*cFT(g7,
         XX,iufo11,j11)*flavourTag(fmu,j11,j12)*Vec(nu10,q2)*Vec(nu16,q3)*Vec(
         nu13,q2)*Vec(nu14,q2)^2*ufoGC58^2*ufoGC80*ufoGC69
          - 1/4*g_(1,6_,nu10)*g_(2,6_,nu16)*FT2*cFT(nu13,XX,i2,iufo11)*cFT(g7,
         XX,iufo11,j11)*flavourTag(fmu,j11,j12)*Vec(nu10,q2)*Vec(nu16,q3)*Vec(
         nu13,q2)*Vec(nu14,q2)*Vec(nu14,q3)*ufoGC58^2*ufoGC80*ufoGC69
          - 1/8*g_(1,6_,nu10)*g_(2,6_,nu16)*FT2*cFT(nu13,XX,i2,iufo11)*cFT(g7,
         XX,iufo11,j11)*flavourTag(fmu,j11,j12)*Vec(nu10,q2)*Vec(nu16,q3)*Vec(
         nu13,q2)*Vec(nu14,q3)^2*ufoGC58^2*ufoGC80*ufoGC69
          - 1/8*g_(1,6_,nu10)*g_(2,6_,nu16)*FT2*cFT(nu13,XX,i2,iufo11)*cFT(g7,
         XX,iufo11,j11)*flavourTag(fmu,j11,j12)*Vec(nu10,q2)*Vec(nu16,q3)*Vec(
         nu13,q3)*p4.p4*ufoGC58^2*ufoGC80*ufoGC69
          + 1/8*g_(1,6_,nu10)*g_(2,6_,nu16)*FT2*cFT(nu13,XX,i2,iufo11)*cFT(g7,
         XX,iufo11,j11)*flavourTag(fmu,j11,j12)*Vec(nu10,q2)*Vec(nu16,q3)*Vec(
         nu13,q3)*Vec(nu9,q2)^2*ufoGC58^2*ufoGC80*ufoGC69
          + 1/4*g_(1,6_,nu10)*g_(2,6_,nu16)*FT2*cFT(nu13,XX,i2,iufo11)*cFT(g7,
         XX,iufo11,j11)*flavourTag(fmu,j11,j12)*Vec(nu10,q2)*Vec(nu16,q3)*Vec(
         nu13,q3)*Vec(nu9,q2)*Vec(nu9,q3)*ufoGC58^2*ufoGC80*ufoGC69
          + 1/8*g_(1,6_,nu10)*g_(2,6_,nu16)*FT2*cFT(nu13,XX,i2,iufo11)*cFT(g7,
         XX,iufo11,j11)*flavourTag(fmu,j11,j12)*Vec(nu10,q2)*Vec(nu16,q3)*Vec(
         nu13,q3)*Vec(nu9,q3)^2*ufoGC58^2*ufoGC80*ufoGC69
          - 1/8*g_(1,6_,nu10)*g_(2,6_,nu16)*FT2*cFT(nu13,XX,i2,iufo11)*cFT(g7,
         XX,iufo11,j11)*flavourTag(fmu,j11,j12)*Vec(nu10,q2)*Vec(nu16,q3)*Vec(
         nu13,q3)*Vec(nu14,q2)^2*ufoGC58^2*ufoGC80*ufoGC69
          - 1/4*g_(1,6_,nu10)*g_(2,6_,nu16)*FT2*cFT(nu13,XX,i2,iufo11)*cFT(g7,
         XX,iufo11,j11)*flavourTag(fmu,j11,j12)*Vec(nu10,q2)*Vec(nu16,q3)*Vec(
         nu13,q3)*Vec(nu14,q2)*Vec(nu14,q3)*ufoGC58^2*ufoGC80*ufoGC69
          - 1/8*g_(1,6_,nu10)*g_(2,6_,nu16)*FT2*cFT(nu13,XX,i2,iufo11)*cFT(g7,
         XX,iufo11,j11)*flavourTag(fmu,j11,j12)*Vec(nu10,q2)*Vec(nu16,q3)*Vec(
         nu13,q3)*Vec(nu14,q3)^2*ufoGC58^2*ufoGC80*ufoGC69
          - 1/8*g_(1,6_,nu10)*g_(2,6_,nu16)*FT2*cFT(nu13,XX,i2,iufo11)*cFT(g7,
         XX,iufo11,j11)*flavourTag(fmu,j11,j12)*Vec(nu10,q3)*Vec(nu16,q2)*Vec(
         nu13,q2)*p4.p4*ufoGC58^2*ufoGC80*ufoGC69
          + 1/8*g_(1,6_,nu10)*g_(2,6_,nu16)*FT2*cFT(nu13,XX,i2,iufo11)*cFT(g7,
         XX,iufo11,j11)*flavourTag(fmu,j11,j12)*Vec(nu10,q3)*Vec(nu16,q2)*Vec(
         nu13,q2)*Vec(nu9,q2)^2*ufoGC58^2*ufoGC80*ufoGC69
          + 1/4*g_(1,6_,nu10)*g_(2,6_,nu16)*FT2*cFT(nu13,XX,i2,iufo11)*cFT(g7,
         XX,iufo11,j11)*flavourTag(fmu,j11,j12)*Vec(nu10,q3)*Vec(nu16,q2)*Vec(
         nu13,q2)*Vec(nu9,q2)*Vec(nu9,q3)*ufoGC58^2*ufoGC80*ufoGC69
          + 1/8*g_(1,6_,nu10)*g_(2,6_,nu16)*FT2*cFT(nu13,XX,i2,iufo11)*cFT(g7,
         XX,iufo11,j11)*flavourTag(fmu,j11,j12)*Vec(nu10,q3)*Vec(nu16,q2)*Vec(
         nu13,q2)*Vec(nu9,q3)^2*ufoGC58^2*ufoGC80*ufoGC69
          - 1/8*g_(1,6_,nu10)*g_(2,6_,nu16)*FT2*cFT(nu13,XX,i2,iufo11)*cFT(g7,
         XX,iufo11,j11)*flavourTag(fmu,j11,j12)*Vec(nu10,q3)*Vec(nu16,q2)*Vec(
         nu13,q2)*Vec(nu14,q2)^2*ufoGC58^2*ufoGC80*ufoGC69
          - 1/4*g_(1,6_,nu10)*g_(2,6_,nu16)*FT2*cFT(nu13,XX,i2,iufo11)*cFT(g7,
         XX,iufo11,j11)*flavourTag(fmu,j11,j12)*Vec(nu10,q3)*Vec(nu16,q2)*Vec(
         nu13,q2)*Vec(nu14,q2)*Vec(nu14,q3)*ufoGC58^2*ufoGC80*ufoGC69
          - 1/8*g_(1,6_,nu10)*g_(2,6_,nu16)*FT2*cFT(nu13,XX,i2,iufo11)*cFT(g7,
         XX,iufo11,j11)*flavourTag(fmu,j11,j12)*Vec(nu10,q3)*Vec(nu16,q2)*Vec(
         nu13,q2)*Vec(nu14,q3)^2*ufoGC58^2*ufoGC80*ufoGC69
          - 1/8*g_(1,6_,nu10)*g_(2,6_,nu16)*FT2*cFT(nu13,XX,i2,iufo11)*cFT(g7,
         XX,iufo11,j11)*flavourTag(fmu,j11,j12)*Vec(nu10,q3)*Vec(nu16,q2)*Vec(
         nu13,q3)*p4.p4*ufoGC58^2*ufoGC80*ufoGC69
          + 1/8*g_(1,6_,nu10)*g_(2,6_,nu16)*FT2*cFT(nu13,XX,i2,iufo11)*cFT(g7,
         XX,iufo11,j11)*flavourTag(fmu,j11,j12)*Vec(nu10,q3)*Vec(nu16,q2)*Vec(
         nu13,q3)*Vec(nu9,q2)^2*ufoGC58^2*ufoGC80*ufoGC69
          + 1/4*g_(1,6_,nu10)*g_(2,6_,nu16)*FT2*cFT(nu13,XX,i2,iufo11)*cFT(g7,
         XX,iufo11,j11)*flavourTag(fmu,j11,j12)*Vec(nu10,q3)*Vec(nu16,q2)*Vec(
         nu13,q3)*Vec(nu9,q2)*Vec(nu9,q3)*ufoGC58^2*ufoGC80*ufoGC69
          + 1/8*g_(1,6_,nu10)*g_(2,6_,nu16)*FT2*cFT(nu13,XX,i2,iufo11)*cFT(g7,
         XX,iufo11,j11)*flavourTag(fmu,j11,j12)*Vec(nu10,q3)*Vec(nu16,q2)*Vec(
         nu13,q3)*Vec(nu9,q3)^2*ufoGC58^2*ufoGC80*ufoGC69
          - 1/8*g_(1,6_,nu10)*g_(2,6_,nu16)*FT2*cFT(nu13,XX,i2,iufo11)*cFT(g7,
         XX,iufo11,j11)*flavourTag(fmu,j11,j12)*Vec(nu10,q3)*Vec(nu16,q2)*Vec(
         nu13,q3)*Vec(nu14,q2)^2*ufoGC58^2*ufoGC80*ufoGC69
          - 1/4*g_(1,6_,nu10)*g_(2,6_,nu16)*FT2*cFT(nu13,XX,i2,iufo11)*cFT(g7,
         XX,iufo11,j11)*flavourTag(fmu,j11,j12)*Vec(nu10,q3)*Vec(nu16,q2)*Vec(
         nu13,q3)*Vec(nu14,q2)*Vec(nu14,q3)*ufoGC58^2*ufoGC80*ufoGC69
          - 1/8*g_(1,6_,nu10)*g_(2,6_,nu16)*FT2*cFT(nu13,XX,i2,iufo11)*cFT(g7,
         XX,iufo11,j11)*flavourTag(fmu,j11,j12)*Vec(nu10,q3)*Vec(nu16,q2)*Vec(
         nu13,q3)*Vec(nu14,q3)^2*ufoGC58^2*ufoGC80*ufoGC69
          - 1/8*g_(1,6_,nu10)*g_(2,6_,nu16)*FT2*cFT(nu13,XX,i2,iufo11)*cFT(g7,
         XX,iufo11,j11)*flavourTag(fmu,j11,j12)*Vec(nu10,q3)*Vec(nu16,q3)*Vec(
         nu13,q2)*p4.p4*ufoGC58^2*ufoGC80*ufoGC69
          + 1/8*g_(1,6_,nu10)*g_(2,6_,nu16)*FT2*cFT(nu13,XX,i2,iufo11)*cFT(g7,
         XX,iufo11,j11)*flavourTag(fmu,j11,j12)*Vec(nu10,q3)*Vec(nu16,q3)*Vec(
         nu13,q2)*Vec(nu9,q2)^2*ufoGC58^2*ufoGC80*ufoGC69
          + 1/4*g_(1,6_,nu10)*g_(2,6_,nu16)*FT2*cFT(nu13,XX,i2,iufo11)*cFT(g7,
         XX,iufo11,j11)*flavourTag(fmu,j11,j12)*Vec(nu10,q3)*Vec(nu16,q3)*Vec(
         nu13,q2)*Vec(nu9,q2)*Vec(nu9,q3)*ufoGC58^2*ufoGC80*ufoGC69
          + 1/8*g_(1,6_,nu10)*g_(2,6_,nu16)*FT2*cFT(nu13,XX,i2,iufo11)*cFT(g7,
         XX,iufo11,j11)*flavourTag(fmu,j11,j12)*Vec(nu10,q3)*Vec(nu16,q3)*Vec(
         nu13,q2)*Vec(nu9,q3)^2*ufoGC58^2*ufoGC80*ufoGC69
          - 1/8*g_(1,6_,nu10)*g_(2,6_,nu16)*FT2*cFT(nu13,XX,i2,iufo11)*cFT(g7,
         XX,iufo11,j11)*flavourTag(fmu,j11,j12)*Vec(nu10,q3)*Vec(nu16,q3)*Vec(
         nu13,q2)*Vec(nu14,q2)^2*ufoGC58^2*ufoGC80*ufoGC69
          - 1/4*g_(1,6_,nu10)*g_(2,6_,nu16)*FT2*cFT(nu13,XX,i2,iufo11)*cFT(g7,
         XX,iufo11,j11)*flavourTag(fmu,j11,j12)*Vec(nu10,q3)*Vec(nu16,q3)*Vec(
         nu13,q2)*Vec(nu14,q2)*Vec(nu14,q3)*ufoGC58^2*ufoGC80*ufoGC69
          - 1/8*g_(1,6_,nu10)*g_(2,6_,nu16)*FT2*cFT(nu13,XX,i2,iufo11)*cFT(g7,
         XX,iufo11,j11)*flavourTag(fmu,j11,j12)*Vec(nu10,q3)*Vec(nu16,q3)*Vec(
         nu13,q2)*Vec(nu14,q3)^2*ufoGC58^2*ufoGC80*ufoGC69
          - 1/8*g_(1,6_,nu10)*g_(2,6_,nu16)*FT2*cFT(nu13,XX,i2,iufo11)*cFT(g7,
         XX,iufo11,j11)*flavourTag(fmu,j11,j12)*Vec(nu10,q3)*Vec(nu16,q3)*Vec(
         nu13,q3)*p4.p4*ufoGC58^2*ufoGC80*ufoGC69
          + 1/8*g_(1,6_,nu10)*g_(2,6_,nu16)*FT2*cFT(nu13,XX,i2,iufo11)*cFT(g7,
         XX,iufo11,j11)*flavourTag(fmu,j11,j12)*Vec(nu10,q3)*Vec(nu16,q3)*Vec(
         nu13,q3)*Vec(nu9,q2)^2*ufoGC58^2*ufoGC80*ufoGC69
          + 1/4*g_(1,6_,nu10)*g_(2,6_,nu16)*FT2*cFT(nu13,XX,i2,iufo11)*cFT(g7,
         XX,iufo11,j11)*flavourTag(fmu,j11,j12)*Vec(nu10,q3)*Vec(nu16,q3)*Vec(
         nu13,q3)*Vec(nu9,q2)*Vec(nu9,q3)*ufoGC58^2*ufoGC80*ufoGC69
          + 1/8*g_(1,6_,nu10)*g_(2,6_,nu16)*FT2*cFT(nu13,XX,i2,iufo11)*cFT(g7,
         XX,iufo11,j11)*flavourTag(fmu,j11,j12)*Vec(nu10,q3)*Vec(nu16,q3)*Vec(
         nu13,q3)*Vec(nu9,q3)^2*ufoGC58^2*ufoGC80*ufoGC69
          - 1/8*g_(1,6_,nu10)*g_(2,6_,nu16)*FT2*cFT(nu13,XX,i2,iufo11)*cFT(g7,
         XX,iufo11,j11)*flavourTag(fmu,j11,j12)*Vec(nu10,q3)*Vec(nu16,q3)*Vec(
         nu13,q3)*Vec(nu14,q2)^2*ufoGC58^2*ufoGC80*ufoGC69
          - 1/4*g_(1,6_,nu10)*g_(2,6_,nu16)*FT2*cFT(nu13,XX,i2,iufo11)*cFT(g7,
         XX,iufo11,j11)*flavourTag(fmu,j11,j12)*Vec(nu10,q3)*Vec(nu16,q3)*Vec(
         nu13,q3)*Vec(nu14,q2)*Vec(nu14,q3)*ufoGC58^2*ufoGC80*ufoGC69
          - 1/8*g_(1,6_,nu10)*g_(2,6_,nu16)*FT2*cFT(nu13,XX,i2,iufo11)*cFT(g7,
         XX,iufo11,j11)*flavourTag(fmu,j11,j12)*Vec(nu10,q3)*Vec(nu16,q3)*Vec(
         nu13,q3)*Vec(nu14,q3)^2*ufoGC58^2*ufoGC80*ufoGC69
          + 1/4*g_(1,6_,nu10)*g_(2,6_,nu16)*FT2*cFT(nu9,XX,i2,iufo11)*cFT(g7,
         XX,iufo11,j11)*flavourTag(fmu,j11,j12)*Vec(nu10,q2)*Vec(nu16,q2)*Vec(
         nu9,q2)*p4.p4*d^-1*ufoGC58^2*ufoGC80*ufoGC69
          + 1/4*g_(1,6_,nu10)*g_(2,6_,nu16)*FT2*cFT(nu9,XX,i2,iufo11)*cFT(g7,
         XX,iufo11,j11)*flavourTag(fmu,j11,j12)*Vec(nu10,q2)*Vec(nu16,q2)*Vec(
         nu9,q3)*p4.p4*d^-1*ufoGC58^2*ufoGC80*ufoGC69
          + 1/4*g_(1,6_,nu10)*g_(2,6_,nu16)*FT2*cFT(nu9,XX,i2,iufo11)*cFT(g7,
         XX,iufo11,j11)*flavourTag(fmu,j11,j12)*Vec(nu10,q2)*Vec(nu16,q3)*Vec(
         nu9,q2)*p4.p4*d^-1*ufoGC58^2*ufoGC80*ufoGC69
          + 1/4*g_(1,6_,nu10)*g_(2,6_,nu16)*FT2*cFT(nu9,XX,i2,iufo11)*cFT(g7,
         XX,iufo11,j11)*flavourTag(fmu,j11,j12)*Vec(nu10,q2)*Vec(nu16,q3)*Vec(
         nu9,q3)*p4.p4*d^-1*ufoGC58^2*ufoGC80*ufoGC69
          + 1/4*g_(1,6_,nu10)*g_(2,6_,nu16)*FT2*cFT(nu9,XX,i2,iufo11)*cFT(g7,
         XX,iufo11,j11)*flavourTag(fmu,j11,j12)*Vec(nu10,q3)*Vec(nu16,q2)*Vec(
         nu9,q2)*p4.p4*d^-1*ufoGC58^2*ufoGC80*ufoGC69
          + 1/4*g_(1,6_,nu10)*g_(2,6_,nu16)*FT2*cFT(nu9,XX,i2,iufo11)*cFT(g7,
         XX,iufo11,j11)*flavourTag(fmu,j11,j12)*Vec(nu10,q3)*Vec(nu16,q2)*Vec(
         nu9,q3)*p4.p4*d^-1*ufoGC58^2*ufoGC80*ufoGC69
          + 1/4*g_(1,6_,nu10)*g_(2,6_,nu16)*FT2*cFT(nu9,XX,i2,iufo11)*cFT(g7,
         XX,iufo11,j11)*flavourTag(fmu,j11,j12)*Vec(nu10,q3)*Vec(nu16,q3)*Vec(
         nu9,q2)*p4.p4*d^-1*ufoGC58^2*ufoGC80*ufoGC69
          + 1/4*g_(1,6_,nu10)*g_(2,6_,nu16)*FT2*cFT(nu9,XX,i2,iufo11)*cFT(g7,
         XX,iufo11,j11)*flavourTag(fmu,j11,j12)*Vec(nu10,q3)*Vec(nu16,q3)*Vec(
         nu9,q3)*p4.p4*d^-1*ufoGC58^2*ufoGC80*ufoGC69
          - 1/4*g_(1,6_,nu10)*g_(2,6_,nu16)*FT2*cFT(nu14,XX,i2,iufo11)*cFT(g7,
         XX,iufo11,j11)*flavourTag(fmu,j11,j12)*Vec(nu10,q2)*Vec(nu16,q2)*Vec(
         nu14,q2)*p4.p4*d^-1*ufoGC58^2*ufoGC80*ufoGC69
          - 1/4*g_(1,6_,nu10)*g_(2,6_,nu16)*FT2*cFT(nu14,XX,i2,iufo11)*cFT(g7,
         XX,iufo11,j11)*flavourTag(fmu,j11,j12)*Vec(nu10,q2)*Vec(nu16,q2)*Vec(
         nu14,q3)*p4.p4*d^-1*ufoGC58^2*ufoGC80*ufoGC69
          - 1/4*g_(1,6_,nu10)*g_(2,6_,nu16)*FT2*cFT(nu14,XX,i2,iufo11)*cFT(g7,
         XX,iufo11,j11)*flavourTag(fmu,j11,j12)*Vec(nu10,q2)*Vec(nu16,q3)*Vec(
         nu14,q2)*p4.p4*d^-1*ufoGC58^2*ufoGC80*ufoGC69
          - 1/4*g_(1,6_,nu10)*g_(2,6_,nu16)*FT2*cFT(nu14,XX,i2,iufo11)*cFT(g7,
         XX,iufo11,j11)*flavourTag(fmu,j11,j12)*Vec(nu10,q2)*Vec(nu16,q3)*Vec(
         nu14,q3)*p4.p4*d^-1*ufoGC58^2*ufoGC80*ufoGC69
          - 1/4*g_(1,6_,nu10)*g_(2,6_,nu16)*FT2*cFT(nu14,XX,i2,iufo11)*cFT(g7,
         XX,iufo11,j11)*flavourTag(fmu,j11,j12)*Vec(nu10,q3)*Vec(nu16,q2)*Vec(
         nu14,q2)*p4.p4*d^-1*ufoGC58^2*ufoGC80*ufoGC69
          - 1/4*g_(1,6_,nu10)*g_(2,6_,nu16)*FT2*cFT(nu14,XX,i2,iufo11)*cFT(g7,
         XX,iufo11,j11)*flavourTag(fmu,j11,j12)*Vec(nu10,q3)*Vec(nu16,q2)*Vec(
         nu14,q3)*p4.p4*d^-1*ufoGC58^2*ufoGC80*ufoGC69
          - 1/4*g_(1,6_,nu10)*g_(2,6_,nu16)*FT2*cFT(nu14,XX,i2,iufo11)*cFT(g7,
         XX,iufo11,j11)*flavourTag(fmu,j11,j12)*Vec(nu10,q3)*Vec(nu16,q3)*Vec(
         nu14,q2)*p4.p4*d^-1*ufoGC58^2*ufoGC80*ufoGC69
          - 1/4*g_(1,6_,nu10)*g_(2,6_,nu16)*FT2*cFT(nu14,XX,i2,iufo11)*cFT(g7,
         XX,iufo11,j11)*flavourTag(fmu,j11,j12)*Vec(nu10,q3)*Vec(nu16,q3)*Vec(
         nu14,q3)*p4.p4*d^-1*ufoGC58^2*ufoGC80*ufoGC69
          + 1/8*g_(1,6_,nu10)*g_(2,6_,nu13)*FT2*cFT(nu13,XX,i2,iufo11)*cFT(g7,
         XX,iufo11,j11)*flavourTag(fmu,j11,j12)*Vec(nu10,q2)*Vec(nu9,q2)^2*
         p4.p4*d^-1*ufoGC58^2*ufoGC80*ufoGC69
          + 1/4*g_(1,6_,nu10)*g_(2,6_,nu13)*FT2*cFT(nu13,XX,i2,iufo11)*cFT(g7,
         XX,iufo11,j11)*flavourTag(fmu,j11,j12)*Vec(nu10,q2)*Vec(nu9,q2)*Vec(
         nu9,q3)*p4.p4*d^-1*ufoGC58^2*ufoGC80*ufoGC69
          + 1/8*g_(1,6_,nu10)*g_(2,6_,nu13)*FT2*cFT(nu13,XX,i2,iufo11)*cFT(g7,
         XX,iufo11,j11)*flavourTag(fmu,j11,j12)*Vec(nu10,q2)*Vec(nu9,q3)^2*
         p4.p4*d^-1*ufoGC58^2*ufoGC80*ufoGC69
          - 1/8*g_(1,6_,nu10)*g_(2,6_,nu13)*FT2*cFT(nu13,XX,i2,iufo11)*cFT(g7,
         XX,iufo11,j11)*flavourTag(fmu,j11,j12)*Vec(nu10,q2)*Vec(nu14,q2)^2*
         p4.p4*d^-1*ufoGC58^2*ufoGC80*ufoGC69
          - 1/4*g_(1,6_,nu10)*g_(2,6_,nu13)*FT2*cFT(nu13,XX,i2,iufo11)*cFT(g7,
         XX,iufo11,j11)*flavourTag(fmu,j11,j12)*Vec(nu10,q2)*Vec(nu14,q2)*Vec(
         nu14,q3)*p4.p4*d^-1*ufoGC58^2*ufoGC80*ufoGC69
          - 1/8*g_(1,6_,nu10)*g_(2,6_,nu13)*FT2*cFT(nu13,XX,i2,iufo11)*cFT(g7,
         XX,iufo11,j11)*flavourTag(fmu,j11,j12)*Vec(nu10,q2)*Vec(nu14,q3)^2*
         p4.p4*d^-1*ufoGC58^2*ufoGC80*ufoGC69
          + 1/8*g_(1,6_,nu10)*g_(2,6_,nu13)*FT2*cFT(nu13,XX,i2,iufo11)*cFT(g7,
         XX,iufo11,j11)*flavourTag(fmu,j11,j12)*Vec(nu10,q3)*Vec(nu9,q2)^2*
         p4.p4*d^-1*ufoGC58^2*ufoGC80*ufoGC69
          + 1/4*g_(1,6_,nu10)*g_(2,6_,nu13)*FT2*cFT(nu13,XX,i2,iufo11)*cFT(g7,
         XX,iufo11,j11)*flavourTag(fmu,j11,j12)*Vec(nu10,q3)*Vec(nu9,q2)*Vec(
         nu9,q3)*p4.p4*d^-1*ufoGC58^2*ufoGC80*ufoGC69
          + 1/8*g_(1,6_,nu10)*g_(2,6_,nu13)*FT2*cFT(nu13,XX,i2,iufo11)*cFT(g7,
         XX,iufo11,j11)*flavourTag(fmu,j11,j12)*Vec(nu10,q3)*Vec(nu9,q3)^2*
         p4.p4*d^-1*ufoGC58^2*ufoGC80*ufoGC69
          - 1/8*g_(1,6_,nu10)*g_(2,6_,nu13)*FT2*cFT(nu13,XX,i2,iufo11)*cFT(g7,
         XX,iufo11,j11)*flavourTag(fmu,j11,j12)*Vec(nu10,q3)*Vec(nu14,q2)^2*
         p4.p4*d^-1*ufoGC58^2*ufoGC80*ufoGC69
          - 1/4*g_(1,6_,nu10)*g_(2,6_,nu13)*FT2*cFT(nu13,XX,i2,iufo11)*cFT(g7,
         XX,iufo11,j11)*flavourTag(fmu,j11,j12)*Vec(nu10,q3)*Vec(nu14,q2)*Vec(
         nu14,q3)*p4.p4*d^-1*ufoGC58^2*ufoGC80*ufoGC69
          - 1/8*g_(1,6_,nu10)*g_(2,6_,nu13)*FT2*cFT(nu13,XX,i2,iufo11)*cFT(g7,
         XX,iufo11,j11)*flavourTag(fmu,j11,j12)*Vec(nu10,q3)*Vec(nu14,q3)^2*
         p4.p4*d^-1*ufoGC58^2*ufoGC80*ufoGC69
          + 1/4*g_(1,6_,nu10)*g_(2,6_,nu9)*FT2*cFT(nu13,XX,i2,iufo11)*cFT(g7,
         XX,iufo11,j11)*flavourTag(fmu,j11,j12)*Vec(nu10,q2)*Vec(nu13,q2)*Vec(
         nu9,q2)*p4.p4*d^-1*ufoGC58^2*ufoGC80*ufoGC69
          + 1/4*g_(1,6_,nu10)*g_(2,6_,nu9)*FT2*cFT(nu13,XX,i2,iufo11)*cFT(g7,
         XX,iufo11,j11)*flavourTag(fmu,j11,j12)*Vec(nu10,q2)*Vec(nu13,q2)*Vec(
         nu9,q3)*p4.p4*d^-1*ufoGC58^2*ufoGC80*ufoGC69
          + 1/4*g_(1,6_,nu10)*g_(2,6_,nu9)*FT2*cFT(nu13,XX,i2,iufo11)*cFT(g7,
         XX,iufo11,j11)*flavourTag(fmu,j11,j12)*Vec(nu10,q2)*Vec(nu13,q3)*Vec(
         nu9,q2)*p4.p4*d^-1*ufoGC58^2*ufoGC80*ufoGC69
          + 1/4*g_(1,6_,nu10)*g_(2,6_,nu9)*FT2*cFT(nu13,XX,i2,iufo11)*cFT(g7,
         XX,iufo11,j11)*flavourTag(fmu,j11,j12)*Vec(nu10,q2)*Vec(nu13,q3)*Vec(
         nu9,q3)*p4.p4*d^-1*ufoGC58^2*ufoGC80*ufoGC69
          + 1/4*g_(1,6_,nu10)*g_(2,6_,nu9)*FT2*cFT(nu13,XX,i2,iufo11)*cFT(g7,
         XX,iufo11,j11)*flavourTag(fmu,j11,j12)*Vec(nu10,q3)*Vec(nu13,q2)*Vec(
         nu9,q2)*p4.p4*d^-1*ufoGC58^2*ufoGC80*ufoGC69
          + 1/4*g_(1,6_,nu10)*g_(2,6_,nu9)*FT2*cFT(nu13,XX,i2,iufo11)*cFT(g7,
         XX,iufo11,j11)*flavourTag(fmu,j11,j12)*Vec(nu10,q3)*Vec(nu13,q2)*Vec(
         nu9,q3)*p4.p4*d^-1*ufoGC58^2*ufoGC80*ufoGC69
          + 1/4*g_(1,6_,nu10)*g_(2,6_,nu9)*FT2*cFT(nu13,XX,i2,iufo11)*cFT(g7,
         XX,iufo11,j11)*flavourTag(fmu,j11,j12)*Vec(nu10,q3)*Vec(nu13,q3)*Vec(
         nu9,q2)*p4.p4*d^-1*ufoGC58^2*ufoGC80*ufoGC69
          + 1/4*g_(1,6_,nu10)*g_(2,6_,nu9)*FT2*cFT(nu13,XX,i2,iufo11)*cFT(g7,
         XX,iufo11,j11)*flavourTag(fmu,j11,j12)*Vec(nu10,q3)*Vec(nu13,q3)*Vec(
         nu9,q3)*p4.p4*d^-1*ufoGC58^2*ufoGC80*ufoGC69
          - 1/8*g_(1,6_,nu10)*g_(2,6_,nu14)*FT2*cFT(nu13,XX,i2,iufo11)*cFT(g7,
         XX,iufo11,j11)*flavourTag(fmu,j11,j12)*Vec(nu10,q2)*Vec(nu13,q2)*Vec(
         nu14,q2)*p4.p4*d^-1*ufoGC58^2*ufoGC80*ufoGC69
          - 1/8*g_(1,6_,nu10)*g_(2,6_,nu14)*FT2*cFT(nu13,XX,i2,iufo11)*cFT(g7,
         XX,iufo11,j11)*flavourTag(fmu,j11,j12)*Vec(nu10,q2)*Vec(nu13,q2)*Vec(
         nu14,q3)*p4.p4*d^-1*ufoGC58^2*ufoGC80*ufoGC69
          - 1/8*g_(1,6_,nu10)*g_(2,6_,nu14)*FT2*cFT(nu13,XX,i2,iufo11)*cFT(g7,
         XX,iufo11,j11)*flavourTag(fmu,j11,j12)*Vec(nu10,q2)*Vec(nu13,q3)*Vec(
         nu14,q2)*p4.p4*d^-1*ufoGC58^2*ufoGC80*ufoGC69
          - 1/8*g_(1,6_,nu10)*g_(2,6_,nu14)*FT2*cFT(nu13,XX,i2,iufo11)*cFT(g7,
         XX,iufo11,j11)*flavourTag(fmu,j11,j12)*Vec(nu10,q2)*Vec(nu13,q3)*Vec(
         nu14,q3)*p4.p4*d^-1*ufoGC58^2*ufoGC80*ufoGC69
          - 1/8*g_(1,6_,nu10)*g_(2,6_,nu14)*FT2*cFT(nu13,XX,i2,iufo11)*cFT(g7,
         XX,iufo11,j11)*flavourTag(fmu,j11,j12)*Vec(nu10,q3)*Vec(nu13,q2)*Vec(
         nu14,q2)*p4.p4*d^-1*ufoGC58^2*ufoGC80*ufoGC69
          - 1/8*g_(1,6_,nu10)*g_(2,6_,nu14)*FT2*cFT(nu13,XX,i2,iufo11)*cFT(g7,
         XX,iufo11,j11)*flavourTag(fmu,j11,j12)*Vec(nu10,q3)*Vec(nu13,q2)*Vec(
         nu14,q3)*p4.p4*d^-1*ufoGC58^2*ufoGC80*ufoGC69
          - 1/8*g_(1,6_,nu10)*g_(2,6_,nu14)*FT2*cFT(nu13,XX,i2,iufo11)*cFT(g7,
         XX,iufo11,j11)*flavourTag(fmu,j11,j12)*Vec(nu10,q3)*Vec(nu13,q3)*Vec(
         nu14,q2)*p4.p4*d^-1*ufoGC58^2*ufoGC80*ufoGC69
          - 1/8*g_(1,6_,nu10)*g_(2,6_,nu14)*FT2*cFT(nu13,XX,i2,iufo11)*cFT(g7,
         XX,iufo11,j11)*flavourTag(fmu,j11,j12)*Vec(nu10,q3)*Vec(nu13,q3)*Vec(
         nu14,q3)*p4.p4*d^-1*ufoGC58^2*ufoGC80*ufoGC69
          - 1/8*g_(1,6_,nu10)*g_(2,nu16)*FT2(g6)*FT2*cFT(nu13,XX,i2,iufo11)*
         cFT(g7,XX,iufo11,j11)*flavourTag(fmu,j11,j12)*Vec(nu10,q2)*Vec(nu16,
         q2)*Vec(nu13,q2)*p4.p4*ufoGC58^2*ufoGC76*ufoGC69
          + 1/8*g_(1,6_,nu10)*g_(2,nu16)*FT2(g6)*FT2*cFT(nu13,XX,i2,iufo11)*
         cFT(g7,XX,iufo11,j11)*flavourTag(fmu,j11,j12)*Vec(nu10,q2)*Vec(nu16,
         q2)*Vec(nu13,q2)*Vec(nu9,q2)^2*ufoGC58^2*ufoGC76*ufoGC69
          + 1/4*g_(1,6_,nu10)*g_(2,nu16)*FT2(g6)*FT2*cFT(nu13,XX,i2,iufo11)*
         cFT(g7,XX,iufo11,j11)*flavourTag(fmu,j11,j12)*Vec(nu10,q2)*Vec(nu16,
         q2)*Vec(nu13,q2)*Vec(nu9,q2)*Vec(nu9,q3)*ufoGC58^2*ufoGC76*ufoGC69
          + 1/8*g_(1,6_,nu10)*g_(2,nu16)*FT2(g6)*FT2*cFT(nu13,XX,i2,iufo11)*
         cFT(g7,XX,iufo11,j11)*flavourTag(fmu,j11,j12)*Vec(nu10,q2)*Vec(nu16,
         q2)*Vec(nu13,q2)*Vec(nu9,q3)^2*ufoGC58^2*ufoGC76*ufoGC69
          - 1/8*g_(1,6_,nu10)*g_(2,nu16)*FT2(g6)*FT2*cFT(nu13,XX,i2,iufo11)*
         cFT(g7,XX,iufo11,j11)*flavourTag(fmu,j11,j12)*Vec(nu10,q2)*Vec(nu16,
         q2)*Vec(nu13,q2)*Vec(nu14,q2)^2*ufoGC58^2*ufoGC76*ufoGC69
          - 1/4*g_(1,6_,nu10)*g_(2,nu16)*FT2(g6)*FT2*cFT(nu13,XX,i2,iufo11)*
         cFT(g7,XX,iufo11,j11)*flavourTag(fmu,j11,j12)*Vec(nu10,q2)*Vec(nu16,
         q2)*Vec(nu13,q2)*Vec(nu14,q2)*Vec(nu14,q3)*ufoGC58^2*ufoGC76*ufoGC69
          - 1/8*g_(1,6_,nu10)*g_(2,nu16)*FT2(g6)*FT2*cFT(nu13,XX,i2,iufo11)*
         cFT(g7,XX,iufo11,j11)*flavourTag(fmu,j11,j12)*Vec(nu10,q2)*Vec(nu16,
         q2)*Vec(nu13,q2)*Vec(nu14,q3)^2*ufoGC58^2*ufoGC76*ufoGC69
          - 1/8*g_(1,6_,nu10)*g_(2,nu16)*FT2(g6)*FT2*cFT(nu13,XX,i2,iufo11)*
         cFT(g7,XX,iufo11,j11)*flavourTag(fmu,j11,j12)*Vec(nu10,q2)*Vec(nu16,
         q2)*Vec(nu13,q3)*p4.p4*ufoGC58^2*ufoGC76*ufoGC69
          + 1/8*g_(1,6_,nu10)*g_(2,nu16)*FT2(g6)*FT2*cFT(nu13,XX,i2,iufo11)*
         cFT(g7,XX,iufo11,j11)*flavourTag(fmu,j11,j12)*Vec(nu10,q2)*Vec(nu16,
         q2)*Vec(nu13,q3)*Vec(nu9,q2)^2*ufoGC58^2*ufoGC76*ufoGC69
          + 1/4*g_(1,6_,nu10)*g_(2,nu16)*FT2(g6)*FT2*cFT(nu13,XX,i2,iufo11)*
         cFT(g7,XX,iufo11,j11)*flavourTag(fmu,j11,j12)*Vec(nu10,q2)*Vec(nu16,
         q2)*Vec(nu13,q3)*Vec(nu9,q2)*Vec(nu9,q3)*ufoGC58^2*ufoGC76*ufoGC69
          + 1/8*g_(1,6_,nu10)*g_(2,nu16)*FT2(g6)*FT2*cFT(nu13,XX,i2,iufo11)*
         cFT(g7,XX,iufo11,j11)*flavourTag(fmu,j11,j12)*Vec(nu10,q2)*Vec(nu16,
         q2)*Vec(nu13,q3)*Vec(nu9,q3)^2*ufoGC58^2*ufoGC76*ufoGC69
          - 1/8*g_(1,6_,nu10)*g_(2,nu16)*FT2(g6)*FT2*cFT(nu13,XX,i2,iufo11)*
         cFT(g7,XX,iufo11,j11)*flavourTag(fmu,j11,j12)*Vec(nu10,q2)*Vec(nu16,
         q2)*Vec(nu13,q3)*Vec(nu14,q2)^2*ufoGC58^2*ufoGC76*ufoGC69
          - 1/4*g_(1,6_,nu10)*g_(2,nu16)*FT2(g6)*FT2*cFT(nu13,XX,i2,iufo11)*
         cFT(g7,XX,iufo11,j11)*flavourTag(fmu,j11,j12)*Vec(nu10,q2)*Vec(nu16,
         q2)*Vec(nu13,q3)*Vec(nu14,q2)*Vec(nu14,q3)*ufoGC58^2*ufoGC76*ufoGC69
          - 1/8*g_(1,6_,nu10)*g_(2,nu16)*FT2(g6)*FT2*cFT(nu13,XX,i2,iufo11)*
         cFT(g7,XX,iufo11,j11)*flavourTag(fmu,j11,j12)*Vec(nu10,q2)*Vec(nu16,
         q2)*Vec(nu13,q3)*Vec(nu14,q3)^2*ufoGC58^2*ufoGC76*ufoGC69
          - 1/8*g_(1,6_,nu10)*g_(2,nu16)*FT2(g6)*FT2*cFT(nu13,XX,i2,iufo11)*
         cFT(g7,XX,iufo11,j11)*flavourTag(fmu,j11,j12)*Vec(nu10,q2)*Vec(nu16,
         q3)*Vec(nu13,q2)*p4.p4*ufoGC58^2*ufoGC76*ufoGC69
          + 1/8*g_(1,6_,nu10)*g_(2,nu16)*FT2(g6)*FT2*cFT(nu13,XX,i2,iufo11)*
         cFT(g7,XX,iufo11,j11)*flavourTag(fmu,j11,j12)*Vec(nu10,q2)*Vec(nu16,
         q3)*Vec(nu13,q2)*Vec(nu9,q2)^2*ufoGC58^2*ufoGC76*ufoGC69
          + 1/4*g_(1,6_,nu10)*g_(2,nu16)*FT2(g6)*FT2*cFT(nu13,XX,i2,iufo11)*
         cFT(g7,XX,iufo11,j11)*flavourTag(fmu,j11,j12)*Vec(nu10,q2)*Vec(nu16,
         q3)*Vec(nu13,q2)*Vec(nu9,q2)*Vec(nu9,q3)*ufoGC58^2*ufoGC76*ufoGC69
          + 1/8*g_(1,6_,nu10)*g_(2,nu16)*FT2(g6)*FT2*cFT(nu13,XX,i2,iufo11)*
         cFT(g7,XX,iufo11,j11)*flavourTag(fmu,j11,j12)*Vec(nu10,q2)*Vec(nu16,
         q3)*Vec(nu13,q2)*Vec(nu9,q3)^2*ufoGC58^2*ufoGC76*ufoGC69
          - 1/8*g_(1,6_,nu10)*g_(2,nu16)*FT2(g6)*FT2*cFT(nu13,XX,i2,iufo11)*
         cFT(g7,XX,iufo11,j11)*flavourTag(fmu,j11,j12)*Vec(nu10,q2)*Vec(nu16,
         q3)*Vec(nu13,q2)*Vec(nu14,q2)^2*ufoGC58^2*ufoGC76*ufoGC69
          - 1/4*g_(1,6_,nu10)*g_(2,nu16)*FT2(g6)*FT2*cFT(nu13,XX,i2,iufo11)*
         cFT(g7,XX,iufo11,j11)*flavourTag(fmu,j11,j12)*Vec(nu10,q2)*Vec(nu16,
         q3)*Vec(nu13,q2)*Vec(nu14,q2)*Vec(nu14,q3)*ufoGC58^2*ufoGC76*ufoGC69
          - 1/8*g_(1,6_,nu10)*g_(2,nu16)*FT2(g6)*FT2*cFT(nu13,XX,i2,iufo11)*
         cFT(g7,XX,iufo11,j11)*flavourTag(fmu,j11,j12)*Vec(nu10,q2)*Vec(nu16,
         q3)*Vec(nu13,q2)*Vec(nu14,q3)^2*ufoGC58^2*ufoGC76*ufoGC69
          - 1/8*g_(1,6_,nu10)*g_(2,nu16)*FT2(g6)*FT2*cFT(nu13,XX,i2,iufo11)*
         cFT(g7,XX,iufo11,j11)*flavourTag(fmu,j11,j12)*Vec(nu10,q2)*Vec(nu16,
         q3)*Vec(nu13,q3)*p4.p4*ufoGC58^2*ufoGC76*ufoGC69
          + 1/8*g_(1,6_,nu10)*g_(2,nu16)*FT2(g6)*FT2*cFT(nu13,XX,i2,iufo11)*
         cFT(g7,XX,iufo11,j11)*flavourTag(fmu,j11,j12)*Vec(nu10,q2)*Vec(nu16,
         q3)*Vec(nu13,q3)*Vec(nu9,q2)^2*ufoGC58^2*ufoGC76*ufoGC69
          + 1/4*g_(1,6_,nu10)*g_(2,nu16)*FT2(g6)*FT2*cFT(nu13,XX,i2,iufo11)*
         cFT(g7,XX,iufo11,j11)*flavourTag(fmu,j11,j12)*Vec(nu10,q2)*Vec(nu16,
         q3)*Vec(nu13,q3)*Vec(nu9,q2)*Vec(nu9,q3)*ufoGC58^2*ufoGC76*ufoGC69
          + 1/8*g_(1,6_,nu10)*g_(2,nu16)*FT2(g6)*FT2*cFT(nu13,XX,i2,iufo11)*
         cFT(g7,XX,iufo11,j11)*flavourTag(fmu,j11,j12)*Vec(nu10,q2)*Vec(nu16,
         q3)*Vec(nu13,q3)*Vec(nu9,q3)^2*ufoGC58^2*ufoGC76*ufoGC69
          - 1/8*g_(1,6_,nu10)*g_(2,nu16)*FT2(g6)*FT2*cFT(nu13,XX,i2,iufo11)*
         cFT(g7,XX,iufo11,j11)*flavourTag(fmu,j11,j12)*Vec(nu10,q2)*Vec(nu16,
         q3)*Vec(nu13,q3)*Vec(nu14,q2)^2*ufoGC58^2*ufoGC76*ufoGC69
          - 1/4*g_(1,6_,nu10)*g_(2,nu16)*FT2(g6)*FT2*cFT(nu13,XX,i2,iufo11)*
         cFT(g7,XX,iufo11,j11)*flavourTag(fmu,j11,j12)*Vec(nu10,q2)*Vec(nu16,
         q3)*Vec(nu13,q3)*Vec(nu14,q2)*Vec(nu14,q3)*ufoGC58^2*ufoGC76*ufoGC69
          - 1/8*g_(1,6_,nu10)*g_(2,nu16)*FT2(g6)*FT2*cFT(nu13,XX,i2,iufo11)*
         cFT(g7,XX,iufo11,j11)*flavourTag(fmu,j11,j12)*Vec(nu10,q2)*Vec(nu16,
         q3)*Vec(nu13,q3)*Vec(nu14,q3)^2*ufoGC58^2*ufoGC76*ufoGC69
          - 1/8*g_(1,6_,nu10)*g_(2,nu16)*FT2(g6)*FT2*cFT(nu13,XX,i2,iufo11)*
         cFT(g7,XX,iufo11,j11)*flavourTag(fmu,j11,j12)*Vec(nu10,q3)*Vec(nu16,
         q2)*Vec(nu13,q2)*p4.p4*ufoGC58^2*ufoGC76*ufoGC69
          + 1/8*g_(1,6_,nu10)*g_(2,nu16)*FT2(g6)*FT2*cFT(nu13,XX,i2,iufo11)*
         cFT(g7,XX,iufo11,j11)*flavourTag(fmu,j11,j12)*Vec(nu10,q3)*Vec(nu16,
         q2)*Vec(nu13,q2)*Vec(nu9,q2)^2*ufoGC58^2*ufoGC76*ufoGC69
          + 1/4*g_(1,6_,nu10)*g_(2,nu16)*FT2(g6)*FT2*cFT(nu13,XX,i2,iufo11)*
         cFT(g7,XX,iufo11,j11)*flavourTag(fmu,j11,j12)*Vec(nu10,q3)*Vec(nu16,
         q2)*Vec(nu13,q2)*Vec(nu9,q2)*Vec(nu9,q3)*ufoGC58^2*ufoGC76*ufoGC69
          + 1/8*g_(1,6_,nu10)*g_(2,nu16)*FT2(g6)*FT2*cFT(nu13,XX,i2,iufo11)*
         cFT(g7,XX,iufo11,j11)*flavourTag(fmu,j11,j12)*Vec(nu10,q3)*Vec(nu16,
         q2)*Vec(nu13,q2)*Vec(nu9,q3)^2*ufoGC58^2*ufoGC76*ufoGC69
          - 1/8*g_(1,6_,nu10)*g_(2,nu16)*FT2(g6)*FT2*cFT(nu13,XX,i2,iufo11)*
         cFT(g7,XX,iufo11,j11)*flavourTag(fmu,j11,j12)*Vec(nu10,q3)*Vec(nu16,
         q2)*Vec(nu13,q2)*Vec(nu14,q2)^2*ufoGC58^2*ufoGC76*ufoGC69
          - 1/4*g_(1,6_,nu10)*g_(2,nu16)*FT2(g6)*FT2*cFT(nu13,XX,i2,iufo11)*
         cFT(g7,XX,iufo11,j11)*flavourTag(fmu,j11,j12)*Vec(nu10,q3)*Vec(nu16,
         q2)*Vec(nu13,q2)*Vec(nu14,q2)*Vec(nu14,q3)*ufoGC58^2*ufoGC76*ufoGC69
          - 1/8*g_(1,6_,nu10)*g_(2,nu16)*FT2(g6)*FT2*cFT(nu13,XX,i2,iufo11)*
         cFT(g7,XX,iufo11,j11)*flavourTag(fmu,j11,j12)*Vec(nu10,q3)*Vec(nu16,
         q2)*Vec(nu13,q2)*Vec(nu14,q3)^2*ufoGC58^2*ufoGC76*ufoGC69
          - 1/8*g_(1,6_,nu10)*g_(2,nu16)*FT2(g6)*FT2*cFT(nu13,XX,i2,iufo11)*
         cFT(g7,XX,iufo11,j11)*flavourTag(fmu,j11,j12)*Vec(nu10,q3)*Vec(nu16,
         q2)*Vec(nu13,q3)*p4.p4*ufoGC58^2*ufoGC76*ufoGC69
          + 1/8*g_(1,6_,nu10)*g_(2,nu16)*FT2(g6)*FT2*cFT(nu13,XX,i2,iufo11)*
         cFT(g7,XX,iufo11,j11)*flavourTag(fmu,j11,j12)*Vec(nu10,q3)*Vec(nu16,
         q2)*Vec(nu13,q3)*Vec(nu9,q2)^2*ufoGC58^2*ufoGC76*ufoGC69
          + 1/4*g_(1,6_,nu10)*g_(2,nu16)*FT2(g6)*FT2*cFT(nu13,XX,i2,iufo11)*
         cFT(g7,XX,iufo11,j11)*flavourTag(fmu,j11,j12)*Vec(nu10,q3)*Vec(nu16,
         q2)*Vec(nu13,q3)*Vec(nu9,q2)*Vec(nu9,q3)*ufoGC58^2*ufoGC76*ufoGC69
          + 1/8*g_(1,6_,nu10)*g_(2,nu16)*FT2(g6)*FT2*cFT(nu13,XX,i2,iufo11)*
         cFT(g7,XX,iufo11,j11)*flavourTag(fmu,j11,j12)*Vec(nu10,q3)*Vec(nu16,
         q2)*Vec(nu13,q3)*Vec(nu9,q3)^2*ufoGC58^2*ufoGC76*ufoGC69
          - 1/8*g_(1,6_,nu10)*g_(2,nu16)*FT2(g6)*FT2*cFT(nu13,XX,i2,iufo11)*
         cFT(g7,XX,iufo11,j11)*flavourTag(fmu,j11,j12)*Vec(nu10,q3)*Vec(nu16,
         q2)*Vec(nu13,q3)*Vec(nu14,q2)^2*ufoGC58^2*ufoGC76*ufoGC69
          - 1/4*g_(1,6_,nu10)*g_(2,nu16)*FT2(g6)*FT2*cFT(nu13,XX,i2,iufo11)*
         cFT(g7,XX,iufo11,j11)*flavourTag(fmu,j11,j12)*Vec(nu10,q3)*Vec(nu16,
         q2)*Vec(nu13,q3)*Vec(nu14,q2)*Vec(nu14,q3)*ufoGC58^2*ufoGC76*ufoGC69
          - 1/8*g_(1,6_,nu10)*g_(2,nu16)*FT2(g6)*FT2*cFT(nu13,XX,i2,iufo11)*
         cFT(g7,XX,iufo11,j11)*flavourTag(fmu,j11,j12)*Vec(nu10,q3)*Vec(nu16,
         q2)*Vec(nu13,q3)*Vec(nu14,q3)^2*ufoGC58^2*ufoGC76*ufoGC69
          - 1/8*g_(1,6_,nu10)*g_(2,nu16)*FT2(g6)*FT2*cFT(nu13,XX,i2,iufo11)*
         cFT(g7,XX,iufo11,j11)*flavourTag(fmu,j11,j12)*Vec(nu10,q3)*Vec(nu16,
         q3)*Vec(nu13,q2)*p4.p4*ufoGC58^2*ufoGC76*ufoGC69
          + 1/8*g_(1,6_,nu10)*g_(2,nu16)*FT2(g6)*FT2*cFT(nu13,XX,i2,iufo11)*
         cFT(g7,XX,iufo11,j11)*flavourTag(fmu,j11,j12)*Vec(nu10,q3)*Vec(nu16,
         q3)*Vec(nu13,q2)*Vec(nu9,q2)^2*ufoGC58^2*ufoGC76*ufoGC69
          + 1/4*g_(1,6_,nu10)*g_(2,nu16)*FT2(g6)*FT2*cFT(nu13,XX,i2,iufo11)*
         cFT(g7,XX,iufo11,j11)*flavourTag(fmu,j11,j12)*Vec(nu10,q3)*Vec(nu16,
         q3)*Vec(nu13,q2)*Vec(nu9,q2)*Vec(nu9,q3)*ufoGC58^2*ufoGC76*ufoGC69
          + 1/8*g_(1,6_,nu10)*g_(2,nu16)*FT2(g6)*FT2*cFT(nu13,XX,i2,iufo11)*
         cFT(g7,XX,iufo11,j11)*flavourTag(fmu,j11,j12)*Vec(nu10,q3)*Vec(nu16,
         q3)*Vec(nu13,q2)*Vec(nu9,q3)^2*ufoGC58^2*ufoGC76*ufoGC69
          - 1/8*g_(1,6_,nu10)*g_(2,nu16)*FT2(g6)*FT2*cFT(nu13,XX,i2,iufo11)*
         cFT(g7,XX,iufo11,j11)*flavourTag(fmu,j11,j12)*Vec(nu10,q3)*Vec(nu16,
         q3)*Vec(nu13,q2)*Vec(nu14,q2)^2*ufoGC58^2*ufoGC76*ufoGC69
          - 1/4*g_(1,6_,nu10)*g_(2,nu16)*FT2(g6)*FT2*cFT(nu13,XX,i2,iufo11)*
         cFT(g7,XX,iufo11,j11)*flavourTag(fmu,j11,j12)*Vec(nu10,q3)*Vec(nu16,
         q3)*Vec(nu13,q2)*Vec(nu14,q2)*Vec(nu14,q3)*ufoGC58^2*ufoGC76*ufoGC69
          - 1/8*g_(1,6_,nu10)*g_(2,nu16)*FT2(g6)*FT2*cFT(nu13,XX,i2,iufo11)*
         cFT(g7,XX,iufo11,j11)*flavourTag(fmu,j11,j12)*Vec(nu10,q3)*Vec(nu16,
         q3)*Vec(nu13,q2)*Vec(nu14,q3)^2*ufoGC58^2*ufoGC76*ufoGC69
          - 1/8*g_(1,6_,nu10)*g_(2,nu16)*FT2(g6)*FT2*cFT(nu13,XX,i2,iufo11)*
         cFT(g7,XX,iufo11,j11)*flavourTag(fmu,j11,j12)*Vec(nu10,q3)*Vec(nu16,
         q3)*Vec(nu13,q3)*p4.p4*ufoGC58^2*ufoGC76*ufoGC69
          + 1/8*g_(1,6_,nu10)*g_(2,nu16)*FT2(g6)*FT2*cFT(nu13,XX,i2,iufo11)*
         cFT(g7,XX,iufo11,j11)*flavourTag(fmu,j11,j12)*Vec(nu10,q3)*Vec(nu16,
         q3)*Vec(nu13,q3)*Vec(nu9,q2)^2*ufoGC58^2*ufoGC76*ufoGC69
          + 1/4*g_(1,6_,nu10)*g_(2,nu16)*FT2(g6)*FT2*cFT(nu13,XX,i2,iufo11)*
         cFT(g7,XX,iufo11,j11)*flavourTag(fmu,j11,j12)*Vec(nu10,q3)*Vec(nu16,
         q3)*Vec(nu13,q3)*Vec(nu9,q2)*Vec(nu9,q3)*ufoGC58^2*ufoGC76*ufoGC69
          + 1/8*g_(1,6_,nu10)*g_(2,nu16)*FT2(g6)*FT2*cFT(nu13,XX,i2,iufo11)*
         cFT(g7,XX,iufo11,j11)*flavourTag(fmu,j11,j12)*Vec(nu10,q3)*Vec(nu16,
         q3)*Vec(nu13,q3)*Vec(nu9,q3)^2*ufoGC58^2*ufoGC76*ufoGC69
          - 1/8*g_(1,6_,nu10)*g_(2,nu16)*FT2(g6)*FT2*cFT(nu13,XX,i2,iufo11)*
         cFT(g7,XX,iufo11,j11)*flavourTag(fmu,j11,j12)*Vec(nu10,q3)*Vec(nu16,
         q3)*Vec(nu13,q3)*Vec(nu14,q2)^2*ufoGC58^2*ufoGC76*ufoGC69
          - 1/4*g_(1,6_,nu10)*g_(2,nu16)*FT2(g6)*FT2*cFT(nu13,XX,i2,iufo11)*
         cFT(g7,XX,iufo11,j11)*flavourTag(fmu,j11,j12)*Vec(nu10,q3)*Vec(nu16,
         q3)*Vec(nu13,q3)*Vec(nu14,q2)*Vec(nu14,q3)*ufoGC58^2*ufoGC76*ufoGC69
          - 1/8*g_(1,6_,nu10)*g_(2,nu16)*FT2(g6)*FT2*cFT(nu13,XX,i2,iufo11)*
         cFT(g7,XX,iufo11,j11)*flavourTag(fmu,j11,j12)*Vec(nu10,q3)*Vec(nu16,
         q3)*Vec(nu13,q3)*Vec(nu14,q3)^2*ufoGC58^2*ufoGC76*ufoGC69
          + 1/4*g_(1,6_,nu10)*g_(2,nu16)*FT2(g6)*FT2*cFT(nu9,XX,i2,iufo11)*
         cFT(g7,XX,iufo11,j11)*flavourTag(fmu,j11,j12)*Vec(nu10,q2)*Vec(nu16,
         q2)*Vec(nu9,q2)*p4.p4*d^-1*ufoGC58^2*ufoGC76*ufoGC69
          + 1/4*g_(1,6_,nu10)*g_(2,nu16)*FT2(g6)*FT2*cFT(nu9,XX,i2,iufo11)*
         cFT(g7,XX,iufo11,j11)*flavourTag(fmu,j11,j12)*Vec(nu10,q2)*Vec(nu16,
         q2)*Vec(nu9,q3)*p4.p4*d^-1*ufoGC58^2*ufoGC76*ufoGC69
          + 1/4*g_(1,6_,nu10)*g_(2,nu16)*FT2(g6)*FT2*cFT(nu9,XX,i2,iufo11)*
         cFT(g7,XX,iufo11,j11)*flavourTag(fmu,j11,j12)*Vec(nu10,q2)*Vec(nu16,
         q3)*Vec(nu9,q2)*p4.p4*d^-1*ufoGC58^2*ufoGC76*ufoGC69
          + 1/4*g_(1,6_,nu10)*g_(2,nu16)*FT2(g6)*FT2*cFT(nu9,XX,i2,iufo11)*
         cFT(g7,XX,iufo11,j11)*flavourTag(fmu,j11,j12)*Vec(nu10,q2)*Vec(nu16,
         q3)*Vec(nu9,q3)*p4.p4*d^-1*ufoGC58^2*ufoGC76*ufoGC69
          + 1/4*g_(1,6_,nu10)*g_(2,nu16)*FT2(g6)*FT2*cFT(nu9,XX,i2,iufo11)*
         cFT(g7,XX,iufo11,j11)*flavourTag(fmu,j11,j12)*Vec(nu10,q3)*Vec(nu16,
         q2)*Vec(nu9,q2)*p4.p4*d^-1*ufoGC58^2*ufoGC76*ufoGC69
          + 1/4*g_(1,6_,nu10)*g_(2,nu16)*FT2(g6)*FT2*cFT(nu9,XX,i2,iufo11)*
         cFT(g7,XX,iufo11,j11)*flavourTag(fmu,j11,j12)*Vec(nu10,q3)*Vec(nu16,
         q2)*Vec(nu9,q3)*p4.p4*d^-1*ufoGC58^2*ufoGC76*ufoGC69
          + 1/4*g_(1,6_,nu10)*g_(2,nu16)*FT2(g6)*FT2*cFT(nu9,XX,i2,iufo11)*
         cFT(g7,XX,iufo11,j11)*flavourTag(fmu,j11,j12)*Vec(nu10,q3)*Vec(nu16,
         q3)*Vec(nu9,q2)*p4.p4*d^-1*ufoGC58^2*ufoGC76*ufoGC69
          + 1/4*g_(1,6_,nu10)*g_(2,nu16)*FT2(g6)*FT2*cFT(nu9,XX,i2,iufo11)*
         cFT(g7,XX,iufo11,j11)*flavourTag(fmu,j11,j12)*Vec(nu10,q3)*Vec(nu16,
         q3)*Vec(nu9,q3)*p4.p4*d^-1*ufoGC58^2*ufoGC76*ufoGC69
          - 1/4*g_(1,6_,nu10)*g_(2,nu16)*FT2(g6)*FT2*cFT(nu14,XX,i2,iufo11)*
         cFT(g7,XX,iufo11,j11)*flavourTag(fmu,j11,j12)*Vec(nu10,q2)*Vec(nu16,
         q2)*Vec(nu14,q2)*p4.p4*d^-1*ufoGC58^2*ufoGC76*ufoGC69
          - 1/4*g_(1,6_,nu10)*g_(2,nu16)*FT2(g6)*FT2*cFT(nu14,XX,i2,iufo11)*
         cFT(g7,XX,iufo11,j11)*flavourTag(fmu,j11,j12)*Vec(nu10,q2)*Vec(nu16,
         q2)*Vec(nu14,q3)*p4.p4*d^-1*ufoGC58^2*ufoGC76*ufoGC69
          - 1/4*g_(1,6_,nu10)*g_(2,nu16)*FT2(g6)*FT2*cFT(nu14,XX,i2,iufo11)*
         cFT(g7,XX,iufo11,j11)*flavourTag(fmu,j11,j12)*Vec(nu10,q2)*Vec(nu16,
         q3)*Vec(nu14,q2)*p4.p4*d^-1*ufoGC58^2*ufoGC76*ufoGC69
          - 1/4*g_(1,6_,nu10)*g_(2,nu16)*FT2(g6)*FT2*cFT(nu14,XX,i2,iufo11)*
         cFT(g7,XX,iufo11,j11)*flavourTag(fmu,j11,j12)*Vec(nu10,q2)*Vec(nu16,
         q3)*Vec(nu14,q3)*p4.p4*d^-1*ufoGC58^2*ufoGC76*ufoGC69
          - 1/4*g_(1,6_,nu10)*g_(2,nu16)*FT2(g6)*FT2*cFT(nu14,XX,i2,iufo11)*
         cFT(g7,XX,iufo11,j11)*flavourTag(fmu,j11,j12)*Vec(nu10,q3)*Vec(nu16,
         q2)*Vec(nu14,q2)*p4.p4*d^-1*ufoGC58^2*ufoGC76*ufoGC69
          - 1/4*g_(1,6_,nu10)*g_(2,nu16)*FT2(g6)*FT2*cFT(nu14,XX,i2,iufo11)*
         cFT(g7,XX,iufo11,j11)*flavourTag(fmu,j11,j12)*Vec(nu10,q3)*Vec(nu16,
         q2)*Vec(nu14,q3)*p4.p4*d^-1*ufoGC58^2*ufoGC76*ufoGC69
          - 1/4*g_(1,6_,nu10)*g_(2,nu16)*FT2(g6)*FT2*cFT(nu14,XX,i2,iufo11)*
         cFT(g7,XX,iufo11,j11)*flavourTag(fmu,j11,j12)*Vec(nu10,q3)*Vec(nu16,
         q3)*Vec(nu14,q2)*p4.p4*d^-1*ufoGC58^2*ufoGC76*ufoGC69
          - 1/4*g_(1,6_,nu10)*g_(2,nu16)*FT2(g6)*FT2*cFT(nu14,XX,i2,iufo11)*
         cFT(g7,XX,iufo11,j11)*flavourTag(fmu,j11,j12)*Vec(nu10,q3)*Vec(nu16,
         q3)*Vec(nu14,q3)*p4.p4*d^-1*ufoGC58^2*ufoGC76*ufoGC69
          + 1/8*g_(1,6_,nu10)*g_(2,nu13)*FT2(g6)*FT2*cFT(nu13,XX,i2,iufo11)*
         cFT(g7,XX,iufo11,j11)*flavourTag(fmu,j11,j12)*Vec(nu10,q2)*Vec(nu9,q2
         )^2*p4.p4*d^-1*ufoGC58^2*ufoGC76*ufoGC69
          + 1/4*g_(1,6_,nu10)*g_(2,nu13)*FT2(g6)*FT2*cFT(nu13,XX,i2,iufo11)*
         cFT(g7,XX,iufo11,j11)*flavourTag(fmu,j11,j12)*Vec(nu10,q2)*Vec(nu9,q2
         )*Vec(nu9,q3)*p4.p4*d^-1*ufoGC58^2*ufoGC76*ufoGC69
          + 1/8*g_(1,6_,nu10)*g_(2,nu13)*FT2(g6)*FT2*cFT(nu13,XX,i2,iufo11)*
         cFT(g7,XX,iufo11,j11)*flavourTag(fmu,j11,j12)*Vec(nu10,q2)*Vec(nu9,q3
         )^2*p4.p4*d^-1*ufoGC58^2*ufoGC76*ufoGC69
          - 1/8*g_(1,6_,nu10)*g_(2,nu13)*FT2(g6)*FT2*cFT(nu13,XX,i2,iufo11)*
         cFT(g7,XX,iufo11,j11)*flavourTag(fmu,j11,j12)*Vec(nu10,q2)*Vec(nu14,
         q2)^2*p4.p4*d^-1*ufoGC58^2*ufoGC76*ufoGC69
          - 1/4*g_(1,6_,nu10)*g_(2,nu13)*FT2(g6)*FT2*cFT(nu13,XX,i2,iufo11)*
         cFT(g7,XX,iufo11,j11)*flavourTag(fmu,j11,j12)*Vec(nu10,q2)*Vec(nu14,
         q2)*Vec(nu14,q3)*p4.p4*d^-1*ufoGC58^2*ufoGC76*ufoGC69
          - 1/8*g_(1,6_,nu10)*g_(2,nu13)*FT2(g6)*FT2*cFT(nu13,XX,i2,iufo11)*
         cFT(g7,XX,iufo11,j11)*flavourTag(fmu,j11,j12)*Vec(nu10,q2)*Vec(nu14,
         q3)^2*p4.p4*d^-1*ufoGC58^2*ufoGC76*ufoGC69
          + 1/8*g_(1,6_,nu10)*g_(2,nu13)*FT2(g6)*FT2*cFT(nu13,XX,i2,iufo11)*
         cFT(g7,XX,iufo11,j11)*flavourTag(fmu,j11,j12)*Vec(nu10,q3)*Vec(nu9,q2
         )^2*p4.p4*d^-1*ufoGC58^2*ufoGC76*ufoGC69
          + 1/4*g_(1,6_,nu10)*g_(2,nu13)*FT2(g6)*FT2*cFT(nu13,XX,i2,iufo11)*
         cFT(g7,XX,iufo11,j11)*flavourTag(fmu,j11,j12)*Vec(nu10,q3)*Vec(nu9,q2
         )*Vec(nu9,q3)*p4.p4*d^-1*ufoGC58^2*ufoGC76*ufoGC69
          + 1/8*g_(1,6_,nu10)*g_(2,nu13)*FT2(g6)*FT2*cFT(nu13,XX,i2,iufo11)*
         cFT(g7,XX,iufo11,j11)*flavourTag(fmu,j11,j12)*Vec(nu10,q3)*Vec(nu9,q3
         )^2*p4.p4*d^-1*ufoGC58^2*ufoGC76*ufoGC69
          - 1/8*g_(1,6_,nu10)*g_(2,nu13)*FT2(g6)*FT2*cFT(nu13,XX,i2,iufo11)*
         cFT(g7,XX,iufo11,j11)*flavourTag(fmu,j11,j12)*Vec(nu10,q3)*Vec(nu14,
         q2)^2*p4.p4*d^-1*ufoGC58^2*ufoGC76*ufoGC69
          - 1/4*g_(1,6_,nu10)*g_(2,nu13)*FT2(g6)*FT2*cFT(nu13,XX,i2,iufo11)*
         cFT(g7,XX,iufo11,j11)*flavourTag(fmu,j11,j12)*Vec(nu10,q3)*Vec(nu14,
         q2)*Vec(nu14,q3)*p4.p4*d^-1*ufoGC58^2*ufoGC76*ufoGC69
          - 1/8*g_(1,6_,nu10)*g_(2,nu13)*FT2(g6)*FT2*cFT(nu13,XX,i2,iufo11)*
         cFT(g7,XX,iufo11,j11)*flavourTag(fmu,j11,j12)*Vec(nu10,q3)*Vec(nu14,
         q3)^2*p4.p4*d^-1*ufoGC58^2*ufoGC76*ufoGC69
          + 1/4*g_(1,6_,nu10)*g_(2,nu9)*FT2(g6)*FT2*cFT(nu13,XX,i2,iufo11)*
         cFT(g7,XX,iufo11,j11)*flavourTag(fmu,j11,j12)*Vec(nu10,q2)*Vec(nu13,
         q2)*Vec(nu9,q2)*p4.p4*d^-1*ufoGC58^2*ufoGC76*ufoGC69
          + 1/4*g_(1,6_,nu10)*g_(2,nu9)*FT2(g6)*FT2*cFT(nu13,XX,i2,iufo11)*
         cFT(g7,XX,iufo11,j11)*flavourTag(fmu,j11,j12)*Vec(nu10,q2)*Vec(nu13,
         q2)*Vec(nu9,q3)*p4.p4*d^-1*ufoGC58^2*ufoGC76*ufoGC69
          + 1/4*g_(1,6_,nu10)*g_(2,nu9)*FT2(g6)*FT2*cFT(nu13,XX,i2,iufo11)*
         cFT(g7,XX,iufo11,j11)*flavourTag(fmu,j11,j12)*Vec(nu10,q2)*Vec(nu13,
         q3)*Vec(nu9,q2)*p4.p4*d^-1*ufoGC58^2*ufoGC76*ufoGC69
          + 1/4*g_(1,6_,nu10)*g_(2,nu9)*FT2(g6)*FT2*cFT(nu13,XX,i2,iufo11)*
         cFT(g7,XX,iufo11,j11)*flavourTag(fmu,j11,j12)*Vec(nu10,q2)*Vec(nu13,
         q3)*Vec(nu9,q3)*p4.p4*d^-1*ufoGC58^2*ufoGC76*ufoGC69
          + 1/4*g_(1,6_,nu10)*g_(2,nu9)*FT2(g6)*FT2*cFT(nu13,XX,i2,iufo11)*
         cFT(g7,XX,iufo11,j11)*flavourTag(fmu,j11,j12)*Vec(nu10,q3)*Vec(nu13,
         q2)*Vec(nu9,q2)*p4.p4*d^-1*ufoGC58^2*ufoGC76*ufoGC69
          + 1/4*g_(1,6_,nu10)*g_(2,nu9)*FT2(g6)*FT2*cFT(nu13,XX,i2,iufo11)*
         cFT(g7,XX,iufo11,j11)*flavourTag(fmu,j11,j12)*Vec(nu10,q3)*Vec(nu13,
         q2)*Vec(nu9,q3)*p4.p4*d^-1*ufoGC58^2*ufoGC76*ufoGC69
          + 1/4*g_(1,6_,nu10)*g_(2,nu9)*FT2(g6)*FT2*cFT(nu13,XX,i2,iufo11)*
         cFT(g7,XX,iufo11,j11)*flavourTag(fmu,j11,j12)*Vec(nu10,q3)*Vec(nu13,
         q3)*Vec(nu9,q2)*p4.p4*d^-1*ufoGC58^2*ufoGC76*ufoGC69
          + 1/4*g_(1,6_,nu10)*g_(2,nu9)*FT2(g6)*FT2*cFT(nu13,XX,i2,iufo11)*
         cFT(g7,XX,iufo11,j11)*flavourTag(fmu,j11,j12)*Vec(nu10,q3)*Vec(nu13,
         q3)*Vec(nu9,q3)*p4.p4*d^-1*ufoGC58^2*ufoGC76*ufoGC69
          - 1/8*g_(1,6_,nu10)*g_(2,nu14)*FT2(g6)*FT2*cFT(nu13,XX,i2,iufo11)*
         cFT(g7,XX,iufo11,j11)*flavourTag(fmu,j11,j12)*Vec(nu10,q2)*Vec(nu13,
         q2)*Vec(nu14,q2)*p4.p4*d^-1*ufoGC58^2*ufoGC76*ufoGC69
          - 1/8*g_(1,6_,nu10)*g_(2,nu14)*FT2(g6)*FT2*cFT(nu13,XX,i2,iufo11)*
         cFT(g7,XX,iufo11,j11)*flavourTag(fmu,j11,j12)*Vec(nu10,q2)*Vec(nu13,
         q2)*Vec(nu14,q3)*p4.p4*d^-1*ufoGC58^2*ufoGC76*ufoGC69
          - 1/8*g_(1,6_,nu10)*g_(2,nu14)*FT2(g6)*FT2*cFT(nu13,XX,i2,iufo11)*
         cFT(g7,XX,iufo11,j11)*flavourTag(fmu,j11,j12)*Vec(nu10,q2)*Vec(nu13,
         q3)*Vec(nu14,q2)*p4.p4*d^-1*ufoGC58^2*ufoGC76*ufoGC69
          - 1/8*g_(1,6_,nu10)*g_(2,nu14)*FT2(g6)*FT2*cFT(nu13,XX,i2,iufo11)*
         cFT(g7,XX,iufo11,j11)*flavourTag(fmu,j11,j12)*Vec(nu10,q2)*Vec(nu13,
         q3)*Vec(nu14,q3)*p4.p4*d^-1*ufoGC58^2*ufoGC76*ufoGC69
          - 1/8*g_(1,6_,nu10)*g_(2,nu14)*FT2(g6)*FT2*cFT(nu13,XX,i2,iufo11)*
         cFT(g7,XX,iufo11,j11)*flavourTag(fmu,j11,j12)*Vec(nu10,q3)*Vec(nu13,
         q2)*Vec(nu14,q2)*p4.p4*d^-1*ufoGC58^2*ufoGC76*ufoGC69
          - 1/8*g_(1,6_,nu10)*g_(2,nu14)*FT2(g6)*FT2*cFT(nu13,XX,i2,iufo11)*
         cFT(g7,XX,iufo11,j11)*flavourTag(fmu,j11,j12)*Vec(nu10,q3)*Vec(nu13,
         q2)*Vec(nu14,q3)*p4.p4*d^-1*ufoGC58^2*ufoGC76*ufoGC69
          - 1/8*g_(1,6_,nu10)*g_(2,nu14)*FT2(g6)*FT2*cFT(nu13,XX,i2,iufo11)*
         cFT(g7,XX,iufo11,j11)*flavourTag(fmu,j11,j12)*Vec(nu10,q3)*Vec(nu13,
         q3)*Vec(nu14,q2)*p4.p4*d^-1*ufoGC58^2*ufoGC76*ufoGC69
          - 1/8*g_(1,6_,nu10)*g_(2,nu14)*FT2(g6)*FT2*cFT(nu13,XX,i2,iufo11)*
         cFT(g7,XX,iufo11,j11)*flavourTag(fmu,j11,j12)*Vec(nu10,q3)*Vec(nu13,
         q3)*Vec(nu14,q3)*p4.p4*d^-1*ufoGC58^2*ufoGC76*ufoGC69
          )

       + Den(p4,xiz,M4)*Den(q2 + q3,xiw,M3)^2*Den(p4 + q2 + q3,xiw,M3) * (
          - 1/8*g_(1,6_,nu10)*g_(2,6_,nu16)*FT2*cFT(nu16,XX,i2,iufo11)*cFT(g7,
         XX,iufo11,j11)*flavourTag(fmu,j11,j12)*Vec(nu10,q2)*Vec(nu9,q2)^2*
         ufoGC58^2*ufoGC80*ufoGC69
          - 1/4*g_(1,6_,nu10)*g_(2,6_,nu16)*FT2*cFT(nu16,XX,i2,iufo11)*cFT(g7,
         XX,iufo11,j11)*flavourTag(fmu,j11,j12)*Vec(nu10,q2)*Vec(nu9,q2)*Vec(
         nu9,q3)*ufoGC58^2*ufoGC80*ufoGC69
          - 1/8*g_(1,6_,nu10)*g_(2,6_,nu16)*FT2*cFT(nu16,XX,i2,iufo11)*cFT(g7,
         XX,iufo11,j11)*flavourTag(fmu,j11,j12)*Vec(nu10,q2)*Vec(nu9,q3)^2*
         ufoGC58^2*ufoGC80*ufoGC69
          - 1/8*g_(1,6_,nu10)*g_(2,6_,nu16)*FT2*cFT(nu16,XX,i2,iufo11)*cFT(g7,
         XX,iufo11,j11)*flavourTag(fmu,j11,j12)*Vec(nu10,q3)*Vec(nu9,q2)^2*
         ufoGC58^2*ufoGC80*ufoGC69
          - 1/4*g_(1,6_,nu10)*g_(2,6_,nu16)*FT2*cFT(nu16,XX,i2,iufo11)*cFT(g7,
         XX,iufo11,j11)*flavourTag(fmu,j11,j12)*Vec(nu10,q3)*Vec(nu9,q2)*Vec(
         nu9,q3)*ufoGC58^2*ufoGC80*ufoGC69
          - 1/8*g_(1,6_,nu10)*g_(2,6_,nu16)*FT2*cFT(nu16,XX,i2,iufo11)*cFT(g7,
         XX,iufo11,j11)*flavourTag(fmu,j11,j12)*Vec(nu10,q3)*Vec(nu9,q3)^2*
         ufoGC58^2*ufoGC80*ufoGC69
          + 1/8*g_(1,6_,nu10)*g_(2,6_,nu16)*FT2*cFT(nu13,XX,i2,iufo11)*cFT(g7,
         XX,iufo11,j11)*flavourTag(fmu,j11,j12)*Vec(nu10,q2)*Vec(nu16,q2)*Vec(
         nu13,q2)*ufoGC58^2*ufoGC80*ufoGC69
          + 1/8*g_(1,6_,nu10)*g_(2,6_,nu16)*FT2*cFT(nu13,XX,i2,iufo11)*cFT(g7,
         XX,iufo11,j11)*flavourTag(fmu,j11,j12)*Vec(nu10,q2)*Vec(nu16,q2)*Vec(
         nu13,q3)*ufoGC58^2*ufoGC80*ufoGC69
          + 1/8*g_(1,6_,nu10)*g_(2,6_,nu16)*FT2*cFT(nu13,XX,i2,iufo11)*cFT(g7,
         XX,iufo11,j11)*flavourTag(fmu,j11,j12)*Vec(nu10,q2)*Vec(nu16,q3)*Vec(
         nu13,q2)*ufoGC58^2*ufoGC80*ufoGC69
          + 1/8*g_(1,6_,nu10)*g_(2,6_,nu16)*FT2*cFT(nu13,XX,i2,iufo11)*cFT(g7,
         XX,iufo11,j11)*flavourTag(fmu,j11,j12)*Vec(nu10,q2)*Vec(nu16,q3)*Vec(
         nu13,q3)*ufoGC58^2*ufoGC80*ufoGC69
          + 1/8*g_(1,6_,nu10)*g_(2,6_,nu16)*FT2*cFT(nu13,XX,i2,iufo11)*cFT(g7,
         XX,iufo11,j11)*flavourTag(fmu,j11,j12)*Vec(nu10,q3)*Vec(nu16,q2)*Vec(
         nu13,q2)*ufoGC58^2*ufoGC80*ufoGC69
          + 1/8*g_(1,6_,nu10)*g_(2,6_,nu16)*FT2*cFT(nu13,XX,i2,iufo11)*cFT(g7,
         XX,iufo11,j11)*flavourTag(fmu,j11,j12)*Vec(nu10,q3)*Vec(nu16,q2)*Vec(
         nu13,q3)*ufoGC58^2*ufoGC80*ufoGC69
          + 1/8*g_(1,6_,nu10)*g_(2,6_,nu16)*FT2*cFT(nu13,XX,i2,iufo11)*cFT(g7,
         XX,iufo11,j11)*flavourTag(fmu,j11,j12)*Vec(nu10,q3)*Vec(nu16,q3)*Vec(
         nu13,q2)*ufoGC58^2*ufoGC80*ufoGC69
          + 1/8*g_(1,6_,nu10)*g_(2,6_,nu16)*FT2*cFT(nu13,XX,i2,iufo11)*cFT(g7,
         XX,iufo11,j11)*flavourTag(fmu,j11,j12)*Vec(nu10,q3)*Vec(nu16,q3)*Vec(
         nu13,q3)*ufoGC58^2*ufoGC80*ufoGC69
          - 1/8*g_(1,6_,nu10)*g_(2,nu16)*FT2(g6)*FT2*cFT(nu16,XX,i2,iufo11)*
         cFT(g7,XX,iufo11,j11)*flavourTag(fmu,j11,j12)*Vec(nu10,q2)*Vec(nu9,q2
         )^2*ufoGC58^2*ufoGC76*ufoGC69
          - 1/4*g_(1,6_,nu10)*g_(2,nu16)*FT2(g6)*FT2*cFT(nu16,XX,i2,iufo11)*
         cFT(g7,XX,iufo11,j11)*flavourTag(fmu,j11,j12)*Vec(nu10,q2)*Vec(nu9,q2
         )*Vec(nu9,q3)*ufoGC58^2*ufoGC76*ufoGC69
          - 1/8*g_(1,6_,nu10)*g_(2,nu16)*FT2(g6)*FT2*cFT(nu16,XX,i2,iufo11)*
         cFT(g7,XX,iufo11,j11)*flavourTag(fmu,j11,j12)*Vec(nu10,q2)*Vec(nu9,q3
         )^2*ufoGC58^2*ufoGC76*ufoGC69
          - 1/8*g_(1,6_,nu10)*g_(2,nu16)*FT2(g6)*FT2*cFT(nu16,XX,i2,iufo11)*
         cFT(g7,XX,iufo11,j11)*flavourTag(fmu,j11,j12)*Vec(nu10,q3)*Vec(nu9,q2
         )^2*ufoGC58^2*ufoGC76*ufoGC69
          - 1/4*g_(1,6_,nu10)*g_(2,nu16)*FT2(g6)*FT2*cFT(nu16,XX,i2,iufo11)*
         cFT(g7,XX,iufo11,j11)*flavourTag(fmu,j11,j12)*Vec(nu10,q3)*Vec(nu9,q2
         )*Vec(nu9,q3)*ufoGC58^2*ufoGC76*ufoGC69
          - 1/8*g_(1,6_,nu10)*g_(2,nu16)*FT2(g6)*FT2*cFT(nu16,XX,i2,iufo11)*
         cFT(g7,XX,iufo11,j11)*flavourTag(fmu,j11,j12)*Vec(nu10,q3)*Vec(nu9,q3
         )^2*ufoGC58^2*ufoGC76*ufoGC69
          + 1/8*g_(1,6_,nu10)*g_(2,nu16)*FT2(g6)*FT2*cFT(nu13,XX,i2,iufo11)*
         cFT(g7,XX,iufo11,j11)*flavourTag(fmu,j11,j12)*Vec(nu10,q2)*Vec(nu16,
         q2)*Vec(nu13,q2)*ufoGC58^2*ufoGC76*ufoGC69
          + 1/8*g_(1,6_,nu10)*g_(2,nu16)*FT2(g6)*FT2*cFT(nu13,XX,i2,iufo11)*
         cFT(g7,XX,iufo11,j11)*flavourTag(fmu,j11,j12)*Vec(nu10,q2)*Vec(nu16,
         q2)*Vec(nu13,q3)*ufoGC58^2*ufoGC76*ufoGC69
          + 1/8*g_(1,6_,nu10)*g_(2,nu16)*FT2(g6)*FT2*cFT(nu13,XX,i2,iufo11)*
         cFT(g7,XX,iufo11,j11)*flavourTag(fmu,j11,j12)*Vec(nu10,q2)*Vec(nu16,
         q3)*Vec(nu13,q2)*ufoGC58^2*ufoGC76*ufoGC69
          + 1/8*g_(1,6_,nu10)*g_(2,nu16)*FT2(g6)*FT2*cFT(nu13,XX,i2,iufo11)*
         cFT(g7,XX,iufo11,j11)*flavourTag(fmu,j11,j12)*Vec(nu10,q2)*Vec(nu16,
         q3)*Vec(nu13,q3)*ufoGC58^2*ufoGC76*ufoGC69
          + 1/8*g_(1,6_,nu10)*g_(2,nu16)*FT2(g6)*FT2*cFT(nu13,XX,i2,iufo11)*
         cFT(g7,XX,iufo11,j11)*flavourTag(fmu,j11,j12)*Vec(nu10,q3)*Vec(nu16,
         q2)*Vec(nu13,q2)*ufoGC58^2*ufoGC76*ufoGC69
          + 1/8*g_(1,6_,nu10)*g_(2,nu16)*FT2(g6)*FT2*cFT(nu13,XX,i2,iufo11)*
         cFT(g7,XX,iufo11,j11)*flavourTag(fmu,j11,j12)*Vec(nu10,q3)*Vec(nu16,
         q2)*Vec(nu13,q3)*ufoGC58^2*ufoGC76*ufoGC69
          + 1/8*g_(1,6_,nu10)*g_(2,nu16)*FT2(g6)*FT2*cFT(nu13,XX,i2,iufo11)*
         cFT(g7,XX,iufo11,j11)*flavourTag(fmu,j11,j12)*Vec(nu10,q3)*Vec(nu16,
         q3)*Vec(nu13,q2)*ufoGC58^2*ufoGC76*ufoGC69
          + 1/8*g_(1,6_,nu10)*g_(2,nu16)*FT2(g6)*FT2*cFT(nu13,XX,i2,iufo11)*
         cFT(g7,XX,iufo11,j11)*flavourTag(fmu,j11,j12)*Vec(nu10,q3)*Vec(nu16,
         q3)*Vec(nu13,q3)*ufoGC58^2*ufoGC76*ufoGC69
          )

       + Den(p4,xiz,M4)^2*Den(q2 + q3,xiw,M3)*Den(p4 + q2 + q3,xiw,M3)^2 * (
          + 1/8*g_(1,6_,nu9)*g_(2,6_,nu13)*FT2*cFT(nu13,XX,i2,iufo11)*cFT(g7,
         XX,iufo11,j11)*flavourTag(fmu,j11,j12)*Vec(nu9,q2)*p4.p4^2*d^-1*
         ufoGC58^2*ufoGC80*ufoGC69
          + 1/8*g_(1,6_,nu9)*g_(2,6_,nu13)*FT2*cFT(nu13,XX,i2,iufo11)*cFT(g7,
         XX,iufo11,j11)*flavourTag(fmu,j11,j12)*Vec(nu9,q3)*p4.p4^2*d^-1*
         ufoGC58^2*ufoGC80*ufoGC69
          + 1/4*g_(1,6_,nu9)*g_(2,6_,nu9)*FT2*cFT(nu13,XX,i2,iufo11)*cFT(g7,XX
         ,iufo11,j11)*flavourTag(fmu,j11,j12)*Vec(nu13,q2)*p4.p4^2*d^-1*
         ufoGC58^2*ufoGC80*ufoGC69
          + 1/4*g_(1,6_,nu9)*g_(2,6_,nu9)*FT2*cFT(nu13,XX,i2,iufo11)*cFT(g7,XX
         ,iufo11,j11)*flavourTag(fmu,j11,j12)*Vec(nu13,q3)*p4.p4^2*d^-1*
         ufoGC58^2*ufoGC80*ufoGC69
          + 1/4*g_(1,6_,nu9)*g_(2,6_,nu9)*FT2*cFT(nu15,XX,i2,iufo11)*cFT(g7,XX
         ,iufo11,j11)/(d^3 + d^2 - 2*d)*flavourTag(fmu,j11,j12)*Vec(nu15,q2)*
         p4.p4^2*d*ufoGC58^2*ufoGC80*ufoGC69
          - 1/4*g_(1,6_,nu9)*g_(2,6_,nu9)*FT2*cFT(nu15,XX,i2,iufo11)*cFT(g7,XX
         ,iufo11,j11)/(d^3 + d^2 - 2*d)*flavourTag(fmu,j11,j12)*Vec(nu15,q2)*
         p4.p4^2*ufoGC58^2*ufoGC80*ufoGC69
          + 1/4*g_(1,6_,nu9)*g_(2,6_,nu9)*FT2*cFT(nu15,XX,i2,iufo11)*cFT(g7,XX
         ,iufo11,j11)/(d^3 + d^2 - 2*d)*flavourTag(fmu,j11,j12)*Vec(nu15,q3)*
         p4.p4^2*d*ufoGC58^2*ufoGC80*ufoGC69
          - 1/4*g_(1,6_,nu9)*g_(2,6_,nu9)*FT2*cFT(nu15,XX,i2,iufo11)*cFT(g7,XX
         ,iufo11,j11)/(d^3 + d^2 - 2*d)*flavourTag(fmu,j11,j12)*Vec(nu15,q3)*
         p4.p4^2*ufoGC58^2*ufoGC80*ufoGC69
          + 1/8*g_(1,6_,nu9)*g_(2,6_,nu15)*FT2*cFT(nu13,XX,i2,iufo11)*cFT(g7,
         XX,iufo11,j11)*flavourTag(fmu,j11,j12)*Vec(nu13,q2)*Vec(nu9,q2)*Vec(
         nu15,q2)*p4.p4*d^-1*ufoGC58^2*ufoGC80*ufoGC69
          + 1/8*g_(1,6_,nu9)*g_(2,6_,nu15)*FT2*cFT(nu13,XX,i2,iufo11)*cFT(g7,
         XX,iufo11,j11)*flavourTag(fmu,j11,j12)*Vec(nu13,q2)*Vec(nu9,q2)*Vec(
         nu15,q3)*p4.p4*d^-1*ufoGC58^2*ufoGC80*ufoGC69
          + 1/8*g_(1,6_,nu9)*g_(2,6_,nu15)*FT2*cFT(nu13,XX,i2,iufo11)*cFT(g7,
         XX,iufo11,j11)*flavourTag(fmu,j11,j12)*Vec(nu13,q2)*Vec(nu9,q3)*Vec(
         nu15,q2)*p4.p4*d^-1*ufoGC58^2*ufoGC80*ufoGC69
          + 1/8*g_(1,6_,nu9)*g_(2,6_,nu15)*FT2*cFT(nu13,XX,i2,iufo11)*cFT(g7,
         XX,iufo11,j11)*flavourTag(fmu,j11,j12)*Vec(nu13,q2)*Vec(nu9,q3)*Vec(
         nu15,q3)*p4.p4*d^-1*ufoGC58^2*ufoGC80*ufoGC69
          + 1/8*g_(1,6_,nu9)*g_(2,6_,nu15)*FT2*cFT(nu13,XX,i2,iufo11)*cFT(g7,
         XX,iufo11,j11)*flavourTag(fmu,j11,j12)*Vec(nu13,q3)*Vec(nu9,q2)*Vec(
         nu15,q2)*p4.p4*d^-1*ufoGC58^2*ufoGC80*ufoGC69
          + 1/8*g_(1,6_,nu9)*g_(2,6_,nu15)*FT2*cFT(nu13,XX,i2,iufo11)*cFT(g7,
         XX,iufo11,j11)*flavourTag(fmu,j11,j12)*Vec(nu13,q3)*Vec(nu9,q2)*Vec(
         nu15,q3)*p4.p4*d^-1*ufoGC58^2*ufoGC80*ufoGC69
          + 1/8*g_(1,6_,nu9)*g_(2,6_,nu15)*FT2*cFT(nu13,XX,i2,iufo11)*cFT(g7,
         XX,iufo11,j11)*flavourTag(fmu,j11,j12)*Vec(nu13,q3)*Vec(nu9,q3)*Vec(
         nu15,q2)*p4.p4*d^-1*ufoGC58^2*ufoGC80*ufoGC69
          + 1/8*g_(1,6_,nu9)*g_(2,6_,nu15)*FT2*cFT(nu13,XX,i2,iufo11)*cFT(g7,
         XX,iufo11,j11)*flavourTag(fmu,j11,j12)*Vec(nu13,q3)*Vec(nu9,q3)*Vec(
         nu15,q3)*p4.p4*d^-1*ufoGC58^2*ufoGC80*ufoGC69
          + 1/4*g_(1,6_,nu9)*g_(2,6_,nu15)*FT2*cFT(nu9,XX,i2,iufo11)*cFT(g7,XX
         ,iufo11,j11)/(d^3 + d^2 - 2*d)*flavourTag(fmu,j11,j12)*Vec(nu15,q2)*
         p4.p4^2*d*ufoGC58^2*ufoGC80*ufoGC69
          - 1/4*g_(1,6_,nu9)*g_(2,6_,nu15)*FT2*cFT(nu9,XX,i2,iufo11)*cFT(g7,XX
         ,iufo11,j11)/(d^3 + d^2 - 2*d)*flavourTag(fmu,j11,j12)*Vec(nu15,q2)*
         p4.p4^2*ufoGC58^2*ufoGC80*ufoGC69
          + 1/4*g_(1,6_,nu9)*g_(2,6_,nu15)*FT2*cFT(nu9,XX,i2,iufo11)*cFT(g7,XX
         ,iufo11,j11)/(d^3 + d^2 - 2*d)*flavourTag(fmu,j11,j12)*Vec(nu15,q3)*
         p4.p4^2*d*ufoGC58^2*ufoGC80*ufoGC69
          - 1/4*g_(1,6_,nu9)*g_(2,6_,nu15)*FT2*cFT(nu9,XX,i2,iufo11)*cFT(g7,XX
         ,iufo11,j11)/(d^3 + d^2 - 2*d)*flavourTag(fmu,j11,j12)*Vec(nu15,q3)*
         p4.p4^2*ufoGC58^2*ufoGC80*ufoGC69
          + 1/8*g_(1,6_,nu9)*g_(2,nu13)*FT2(g6)*FT2*cFT(nu13,XX,i2,iufo11)*
         cFT(g7,XX,iufo11,j11)*flavourTag(fmu,j11,j12)*Vec(nu9,q2)*p4.p4^2*
         d^-1*ufoGC58^2*ufoGC76*ufoGC69
          + 1/8*g_(1,6_,nu9)*g_(2,nu13)*FT2(g6)*FT2*cFT(nu13,XX,i2,iufo11)*
         cFT(g7,XX,iufo11,j11)*flavourTag(fmu,j11,j12)*Vec(nu9,q3)*p4.p4^2*
         d^-1*ufoGC58^2*ufoGC76*ufoGC69
          + 1/4*g_(1,6_,nu9)*g_(2,nu9)*FT2(g6)*FT2*cFT(nu13,XX,i2,iufo11)*cFT(
         g7,XX,iufo11,j11)*flavourTag(fmu,j11,j12)*Vec(nu13,q2)*p4.p4^2*d^-1*
         ufoGC58^2*ufoGC76*ufoGC69
          + 1/4*g_(1,6_,nu9)*g_(2,nu9)*FT2(g6)*FT2*cFT(nu13,XX,i2,iufo11)*cFT(
         g7,XX,iufo11,j11)*flavourTag(fmu,j11,j12)*Vec(nu13,q3)*p4.p4^2*d^-1*
         ufoGC58^2*ufoGC76*ufoGC69
          + 1/4*g_(1,6_,nu9)*g_(2,nu9)*FT2(g6)*FT2*cFT(nu15,XX,i2,iufo11)*cFT(
         g7,XX,iufo11,j11)/(d^3 + d^2 - 2*d)*flavourTag(fmu,j11,j12)*Vec(nu15,
         q2)*p4.p4^2*d*ufoGC58^2*ufoGC76*ufoGC69
          - 1/4*g_(1,6_,nu9)*g_(2,nu9)*FT2(g6)*FT2*cFT(nu15,XX,i2,iufo11)*cFT(
         g7,XX,iufo11,j11)/(d^3 + d^2 - 2*d)*flavourTag(fmu,j11,j12)*Vec(nu15,
         q2)*p4.p4^2*ufoGC58^2*ufoGC76*ufoGC69
          + 1/4*g_(1,6_,nu9)*g_(2,nu9)*FT2(g6)*FT2*cFT(nu15,XX,i2,iufo11)*cFT(
         g7,XX,iufo11,j11)/(d^3 + d^2 - 2*d)*flavourTag(fmu,j11,j12)*Vec(nu15,
         q3)*p4.p4^2*d*ufoGC58^2*ufoGC76*ufoGC69
          - 1/4*g_(1,6_,nu9)*g_(2,nu9)*FT2(g6)*FT2*cFT(nu15,XX,i2,iufo11)*cFT(
         g7,XX,iufo11,j11)/(d^3 + d^2 - 2*d)*flavourTag(fmu,j11,j12)*Vec(nu15,
         q3)*p4.p4^2*ufoGC58^2*ufoGC76*ufoGC69
          + 1/8*g_(1,6_,nu9)*g_(2,nu15)*FT2(g6)*FT2*cFT(nu13,XX,i2,iufo11)*
         cFT(g7,XX,iufo11,j11)*flavourTag(fmu,j11,j12)*Vec(nu13,q2)*Vec(nu9,q2
         )*Vec(nu15,q2)*p4.p4*d^-1*ufoGC58^2*ufoGC76*ufoGC69
          + 1/8*g_(1,6_,nu9)*g_(2,nu15)*FT2(g6)*FT2*cFT(nu13,XX,i2,iufo11)*
         cFT(g7,XX,iufo11,j11)*flavourTag(fmu,j11,j12)*Vec(nu13,q2)*Vec(nu9,q2
         )*Vec(nu15,q3)*p4.p4*d^-1*ufoGC58^2*ufoGC76*ufoGC69
          + 1/8*g_(1,6_,nu9)*g_(2,nu15)*FT2(g6)*FT2*cFT(nu13,XX,i2,iufo11)*
         cFT(g7,XX,iufo11,j11)*flavourTag(fmu,j11,j12)*Vec(nu13,q2)*Vec(nu9,q3
         )*Vec(nu15,q2)*p4.p4*d^-1*ufoGC58^2*ufoGC76*ufoGC69
          + 1/8*g_(1,6_,nu9)*g_(2,nu15)*FT2(g6)*FT2*cFT(nu13,XX,i2,iufo11)*
         cFT(g7,XX,iufo11,j11)*flavourTag(fmu,j11,j12)*Vec(nu13,q2)*Vec(nu9,q3
         )*Vec(nu15,q3)*p4.p4*d^-1*ufoGC58^2*ufoGC76*ufoGC69
          + 1/8*g_(1,6_,nu9)*g_(2,nu15)*FT2(g6)*FT2*cFT(nu13,XX,i2,iufo11)*
         cFT(g7,XX,iufo11,j11)*flavourTag(fmu,j11,j12)*Vec(nu13,q3)*Vec(nu9,q2
         )*Vec(nu15,q2)*p4.p4*d^-1*ufoGC58^2*ufoGC76*ufoGC69
          + 1/8*g_(1,6_,nu9)*g_(2,nu15)*FT2(g6)*FT2*cFT(nu13,XX,i2,iufo11)*
         cFT(g7,XX,iufo11,j11)*flavourTag(fmu,j11,j12)*Vec(nu13,q3)*Vec(nu9,q2
         )*Vec(nu15,q3)*p4.p4*d^-1*ufoGC58^2*ufoGC76*ufoGC69
          + 1/8*g_(1,6_,nu9)*g_(2,nu15)*FT2(g6)*FT2*cFT(nu13,XX,i2,iufo11)*
         cFT(g7,XX,iufo11,j11)*flavourTag(fmu,j11,j12)*Vec(nu13,q3)*Vec(nu9,q3
         )*Vec(nu15,q2)*p4.p4*d^-1*ufoGC58^2*ufoGC76*ufoGC69
          + 1/8*g_(1,6_,nu9)*g_(2,nu15)*FT2(g6)*FT2*cFT(nu13,XX,i2,iufo11)*
         cFT(g7,XX,iufo11,j11)*flavourTag(fmu,j11,j12)*Vec(nu13,q3)*Vec(nu9,q3
         )*Vec(nu15,q3)*p4.p4*d^-1*ufoGC58^2*ufoGC76*ufoGC69
          + 1/4*g_(1,6_,nu9)*g_(2,nu15)*FT2(g6)*FT2*cFT(nu9,XX,i2,iufo11)*cFT(
         g7,XX,iufo11,j11)/(d^3 + d^2 - 2*d)*flavourTag(fmu,j11,j12)*Vec(nu15,
         q2)*p4.p4^2*d*ufoGC58^2*ufoGC76*ufoGC69
          - 1/4*g_(1,6_,nu9)*g_(2,nu15)*FT2(g6)*FT2*cFT(nu9,XX,i2,iufo11)*cFT(
         g7,XX,iufo11,j11)/(d^3 + d^2 - 2*d)*flavourTag(fmu,j11,j12)*Vec(nu15,
         q2)*p4.p4^2*ufoGC58^2*ufoGC76*ufoGC69
          + 1/4*g_(1,6_,nu9)*g_(2,nu15)*FT2(g6)*FT2*cFT(nu9,XX,i2,iufo11)*cFT(
         g7,XX,iufo11,j11)/(d^3 + d^2 - 2*d)*flavourTag(fmu,j11,j12)*Vec(nu15,
         q3)*p4.p4^2*d*ufoGC58^2*ufoGC76*ufoGC69
          - 1/4*g_(1,6_,nu9)*g_(2,nu15)*FT2(g6)*FT2*cFT(nu9,XX,i2,iufo11)*cFT(
         g7,XX,iufo11,j11)/(d^3 + d^2 - 2*d)*flavourTag(fmu,j11,j12)*Vec(nu15,
         q3)*p4.p4^2*ufoGC58^2*ufoGC76*ufoGC69
          - 1/8*g_(1,6_,nu14)*g_(2,6_,nu13)*FT2*cFT(nu13,XX,i2,iufo11)*cFT(g7,
         XX,iufo11,j11)*flavourTag(fmu,j11,j12)*Vec(nu14,q2)*p4.p4^2*d^-1*
         ufoGC58^2*ufoGC80*ufoGC69
          - 1/8*g_(1,6_,nu14)*g_(2,6_,nu13)*FT2*cFT(nu13,XX,i2,iufo11)*cFT(g7,
         XX,iufo11,j11)*flavourTag(fmu,j11,j12)*Vec(nu14,q3)*p4.p4^2*d^-1*
         ufoGC58^2*ufoGC80*ufoGC69
          - 1/8*g_(1,6_,nu14)*g_(2,6_,nu14)*FT2*cFT(nu13,XX,i2,iufo11)*cFT(g7,
         XX,iufo11,j11)*flavourTag(fmu,j11,j12)*Vec(nu13,q2)*p4.p4^2*d^-1*
         ufoGC58^2*ufoGC80*ufoGC69
          - 1/8*g_(1,6_,nu14)*g_(2,6_,nu14)*FT2*cFT(nu13,XX,i2,iufo11)*cFT(g7,
         XX,iufo11,j11)*flavourTag(fmu,j11,j12)*Vec(nu13,q3)*p4.p4^2*d^-1*
         ufoGC58^2*ufoGC80*ufoGC69
          - 1/4*g_(1,6_,nu14)*g_(2,6_,nu14)*FT2*cFT(nu15,XX,i2,iufo11)*cFT(g7,
         XX,iufo11,j11)/(d^3 + d^2 - 2*d)*flavourTag(fmu,j11,j12)*Vec(nu15,q2)
         *p4.p4^2*d*ufoGC58^2*ufoGC80*ufoGC69
          + 1/4*g_(1,6_,nu14)*g_(2,6_,nu14)*FT2*cFT(nu15,XX,i2,iufo11)*cFT(g7,
         XX,iufo11,j11)/(d^3 + d^2 - 2*d)*flavourTag(fmu,j11,j12)*Vec(nu15,q2)
         *p4.p4^2*ufoGC58^2*ufoGC80*ufoGC69
          - 1/4*g_(1,6_,nu14)*g_(2,6_,nu14)*FT2*cFT(nu15,XX,i2,iufo11)*cFT(g7,
         XX,iufo11,j11)/(d^3 + d^2 - 2*d)*flavourTag(fmu,j11,j12)*Vec(nu15,q3)
         *p4.p4^2*d*ufoGC58^2*ufoGC80*ufoGC69
          + 1/4*g_(1,6_,nu14)*g_(2,6_,nu14)*FT2*cFT(nu15,XX,i2,iufo11)*cFT(g7,
         XX,iufo11,j11)/(d^3 + d^2 - 2*d)*flavourTag(fmu,j11,j12)*Vec(nu15,q3)
         *p4.p4^2*ufoGC58^2*ufoGC80*ufoGC69
          - 1/4*g_(1,6_,nu14)*g_(2,6_,nu15)*FT2*cFT(nu13,XX,i2,iufo11)*cFT(g7,
         XX,iufo11,j11)*flavourTag(fmu,j11,j12)*Vec(nu13,q2)*Vec(nu14,q2)*Vec(
         nu15,q2)*p4.p4*d^-1*ufoGC58^2*ufoGC80*ufoGC69
          - 1/4*g_(1,6_,nu14)*g_(2,6_,nu15)*FT2*cFT(nu13,XX,i2,iufo11)*cFT(g7,
         XX,iufo11,j11)*flavourTag(fmu,j11,j12)*Vec(nu13,q2)*Vec(nu14,q2)*Vec(
         nu15,q3)*p4.p4*d^-1*ufoGC58^2*ufoGC80*ufoGC69
          - 1/4*g_(1,6_,nu14)*g_(2,6_,nu15)*FT2*cFT(nu13,XX,i2,iufo11)*cFT(g7,
         XX,iufo11,j11)*flavourTag(fmu,j11,j12)*Vec(nu13,q2)*Vec(nu14,q3)*Vec(
         nu15,q2)*p4.p4*d^-1*ufoGC58^2*ufoGC80*ufoGC69
          - 1/4*g_(1,6_,nu14)*g_(2,6_,nu15)*FT2*cFT(nu13,XX,i2,iufo11)*cFT(g7,
         XX,iufo11,j11)*flavourTag(fmu,j11,j12)*Vec(nu13,q2)*Vec(nu14,q3)*Vec(
         nu15,q3)*p4.p4*d^-1*ufoGC58^2*ufoGC80*ufoGC69
          - 1/4*g_(1,6_,nu14)*g_(2,6_,nu15)*FT2*cFT(nu13,XX,i2,iufo11)*cFT(g7,
         XX,iufo11,j11)*flavourTag(fmu,j11,j12)*Vec(nu13,q3)*Vec(nu14,q2)*Vec(
         nu15,q2)*p4.p4*d^-1*ufoGC58^2*ufoGC80*ufoGC69
          - 1/4*g_(1,6_,nu14)*g_(2,6_,nu15)*FT2*cFT(nu13,XX,i2,iufo11)*cFT(g7,
         XX,iufo11,j11)*flavourTag(fmu,j11,j12)*Vec(nu13,q3)*Vec(nu14,q2)*Vec(
         nu15,q3)*p4.p4*d^-1*ufoGC58^2*ufoGC80*ufoGC69
          - 1/4*g_(1,6_,nu14)*g_(2,6_,nu15)*FT2*cFT(nu13,XX,i2,iufo11)*cFT(g7,
         XX,iufo11,j11)*flavourTag(fmu,j11,j12)*Vec(nu13,q3)*Vec(nu14,q3)*Vec(
         nu15,q2)*p4.p4*d^-1*ufoGC58^2*ufoGC80*ufoGC69
          - 1/4*g_(1,6_,nu14)*g_(2,6_,nu15)*FT2*cFT(nu13,XX,i2,iufo11)*cFT(g7,
         XX,iufo11,j11)*flavourTag(fmu,j11,j12)*Vec(nu13,q3)*Vec(nu14,q3)*Vec(
         nu15,q3)*p4.p4*d^-1*ufoGC58^2*ufoGC80*ufoGC69
          - 1/4*g_(1,6_,nu14)*g_(2,6_,nu15)*FT2*cFT(nu14,XX,i2,iufo11)*cFT(g7,
         XX,iufo11,j11)/(d^3 + d^2 - 2*d)*flavourTag(fmu,j11,j12)*Vec(nu15,q2)
         *p4.p4^2*d*ufoGC58^2*ufoGC80*ufoGC69
          + 1/4*g_(1,6_,nu14)*g_(2,6_,nu15)*FT2*cFT(nu14,XX,i2,iufo11)*cFT(g7,
         XX,iufo11,j11)/(d^3 + d^2 - 2*d)*flavourTag(fmu,j11,j12)*Vec(nu15,q2)
         *p4.p4^2*ufoGC58^2*ufoGC80*ufoGC69
          - 1/4*g_(1,6_,nu14)*g_(2,6_,nu15)*FT2*cFT(nu14,XX,i2,iufo11)*cFT(g7,
         XX,iufo11,j11)/(d^3 + d^2 - 2*d)*flavourTag(fmu,j11,j12)*Vec(nu15,q3)
         *p4.p4^2*d*ufoGC58^2*ufoGC80*ufoGC69
          + 1/4*g_(1,6_,nu14)*g_(2,6_,nu15)*FT2*cFT(nu14,XX,i2,iufo11)*cFT(g7,
         XX,iufo11,j11)/(d^3 + d^2 - 2*d)*flavourTag(fmu,j11,j12)*Vec(nu15,q3)
         *p4.p4^2*ufoGC58^2*ufoGC80*ufoGC69
          - 1/8*g_(1,6_,nu14)*g_(2,nu13)*FT2(g6)*FT2*cFT(nu13,XX,i2,iufo11)*
         cFT(g7,XX,iufo11,j11)*flavourTag(fmu,j11,j12)*Vec(nu14,q2)*p4.p4^2*
         d^-1*ufoGC58^2*ufoGC76*ufoGC69
          - 1/8*g_(1,6_,nu14)*g_(2,nu13)*FT2(g6)*FT2*cFT(nu13,XX,i2,iufo11)*
         cFT(g7,XX,iufo11,j11)*flavourTag(fmu,j11,j12)*Vec(nu14,q3)*p4.p4^2*
         d^-1*ufoGC58^2*ufoGC76*ufoGC69
          - 1/8*g_(1,6_,nu14)*g_(2,nu14)*FT2(g6)*FT2*cFT(nu13,XX,i2,iufo11)*
         cFT(g7,XX,iufo11,j11)*flavourTag(fmu,j11,j12)*Vec(nu13,q2)*p4.p4^2*
         d^-1*ufoGC58^2*ufoGC76*ufoGC69
          - 1/8*g_(1,6_,nu14)*g_(2,nu14)*FT2(g6)*FT2*cFT(nu13,XX,i2,iufo11)*
         cFT(g7,XX,iufo11,j11)*flavourTag(fmu,j11,j12)*Vec(nu13,q3)*p4.p4^2*
         d^-1*ufoGC58^2*ufoGC76*ufoGC69
          - 1/4*g_(1,6_,nu14)*g_(2,nu14)*FT2(g6)*FT2*cFT(nu15,XX,i2,iufo11)*
         cFT(g7,XX,iufo11,j11)/(d^3 + d^2 - 2*d)*flavourTag(fmu,j11,j12)*Vec(
         nu15,q2)*p4.p4^2*d*ufoGC58^2*ufoGC76*ufoGC69
          + 1/4*g_(1,6_,nu14)*g_(2,nu14)*FT2(g6)*FT2*cFT(nu15,XX,i2,iufo11)*
         cFT(g7,XX,iufo11,j11)/(d^3 + d^2 - 2*d)*flavourTag(fmu,j11,j12)*Vec(
         nu15,q2)*p4.p4^2*ufoGC58^2*ufoGC76*ufoGC69
          - 1/4*g_(1,6_,nu14)*g_(2,nu14)*FT2(g6)*FT2*cFT(nu15,XX,i2,iufo11)*
         cFT(g7,XX,iufo11,j11)/(d^3 + d^2 - 2*d)*flavourTag(fmu,j11,j12)*Vec(
         nu15,q3)*p4.p4^2*d*ufoGC58^2*ufoGC76*ufoGC69
          + 1/4*g_(1,6_,nu14)*g_(2,nu14)*FT2(g6)*FT2*cFT(nu15,XX,i2,iufo11)*
         cFT(g7,XX,iufo11,j11)/(d^3 + d^2 - 2*d)*flavourTag(fmu,j11,j12)*Vec(
         nu15,q3)*p4.p4^2*ufoGC58^2*ufoGC76*ufoGC69
          - 1/4*g_(1,6_,nu14)*g_(2,nu15)*FT2(g6)*FT2*cFT(nu13,XX,i2,iufo11)*
         cFT(g7,XX,iufo11,j11)*flavourTag(fmu,j11,j12)*Vec(nu13,q2)*Vec(nu14,
         q2)*Vec(nu15,q2)*p4.p4*d^-1*ufoGC58^2*ufoGC76*ufoGC69
          - 1/4*g_(1,6_,nu14)*g_(2,nu15)*FT2(g6)*FT2*cFT(nu13,XX,i2,iufo11)*
         cFT(g7,XX,iufo11,j11)*flavourTag(fmu,j11,j12)*Vec(nu13,q2)*Vec(nu14,
         q2)*Vec(nu15,q3)*p4.p4*d^-1*ufoGC58^2*ufoGC76*ufoGC69
          - 1/4*g_(1,6_,nu14)*g_(2,nu15)*FT2(g6)*FT2*cFT(nu13,XX,i2,iufo11)*
         cFT(g7,XX,iufo11,j11)*flavourTag(fmu,j11,j12)*Vec(nu13,q2)*Vec(nu14,
         q3)*Vec(nu15,q2)*p4.p4*d^-1*ufoGC58^2*ufoGC76*ufoGC69
          - 1/4*g_(1,6_,nu14)*g_(2,nu15)*FT2(g6)*FT2*cFT(nu13,XX,i2,iufo11)*
         cFT(g7,XX,iufo11,j11)*flavourTag(fmu,j11,j12)*Vec(nu13,q2)*Vec(nu14,
         q3)*Vec(nu15,q3)*p4.p4*d^-1*ufoGC58^2*ufoGC76*ufoGC69
          - 1/4*g_(1,6_,nu14)*g_(2,nu15)*FT2(g6)*FT2*cFT(nu13,XX,i2,iufo11)*
         cFT(g7,XX,iufo11,j11)*flavourTag(fmu,j11,j12)*Vec(nu13,q3)*Vec(nu14,
         q2)*Vec(nu15,q2)*p4.p4*d^-1*ufoGC58^2*ufoGC76*ufoGC69
          - 1/4*g_(1,6_,nu14)*g_(2,nu15)*FT2(g6)*FT2*cFT(nu13,XX,i2,iufo11)*
         cFT(g7,XX,iufo11,j11)*flavourTag(fmu,j11,j12)*Vec(nu13,q3)*Vec(nu14,
         q2)*Vec(nu15,q3)*p4.p4*d^-1*ufoGC58^2*ufoGC76*ufoGC69
          - 1/4*g_(1,6_,nu14)*g_(2,nu15)*FT2(g6)*FT2*cFT(nu13,XX,i2,iufo11)*
         cFT(g7,XX,iufo11,j11)*flavourTag(fmu,j11,j12)*Vec(nu13,q3)*Vec(nu14,
         q3)*Vec(nu15,q2)*p4.p4*d^-1*ufoGC58^2*ufoGC76*ufoGC69
          - 1/4*g_(1,6_,nu14)*g_(2,nu15)*FT2(g6)*FT2*cFT(nu13,XX,i2,iufo11)*
         cFT(g7,XX,iufo11,j11)*flavourTag(fmu,j11,j12)*Vec(nu13,q3)*Vec(nu14,
         q3)*Vec(nu15,q3)*p4.p4*d^-1*ufoGC58^2*ufoGC76*ufoGC69
          - 1/4*g_(1,6_,nu14)*g_(2,nu15)*FT2(g6)*FT2*cFT(nu14,XX,i2,iufo11)*
         cFT(g7,XX,iufo11,j11)/(d^3 + d^2 - 2*d)*flavourTag(fmu,j11,j12)*Vec(
         nu15,q2)*p4.p4^2*d*ufoGC58^2*ufoGC76*ufoGC69
          + 1/4*g_(1,6_,nu14)*g_(2,nu15)*FT2(g6)*FT2*cFT(nu14,XX,i2,iufo11)*
         cFT(g7,XX,iufo11,j11)/(d^3 + d^2 - 2*d)*flavourTag(fmu,j11,j12)*Vec(
         nu15,q2)*p4.p4^2*ufoGC58^2*ufoGC76*ufoGC69
          - 1/4*g_(1,6_,nu14)*g_(2,nu15)*FT2(g6)*FT2*cFT(nu14,XX,i2,iufo11)*
         cFT(g7,XX,iufo11,j11)/(d^3 + d^2 - 2*d)*flavourTag(fmu,j11,j12)*Vec(
         nu15,q3)*p4.p4^2*d*ufoGC58^2*ufoGC76*ufoGC69
          + 1/4*g_(1,6_,nu14)*g_(2,nu15)*FT2(g6)*FT2*cFT(nu14,XX,i2,iufo11)*
         cFT(g7,XX,iufo11,j11)/(d^3 + d^2 - 2*d)*flavourTag(fmu,j11,j12)*Vec(
         nu15,q3)*p4.p4^2*ufoGC58^2*ufoGC76*ufoGC69
          - 1/8*g_(1,6_,nu15)*g_(2,6_,nu15)*FT2*cFT(nu13,XX,i2,iufo11)*cFT(g7,
         XX,iufo11,j11)*flavourTag(fmu,j11,j12)*Vec(nu13,q2)*p4.p4^2*d^-1*
         ufoGC58^2*ufoGC80*ufoGC69
          + 1/8*g_(1,6_,nu15)*g_(2,6_,nu15)*FT2*cFT(nu13,XX,i2,iufo11)*cFT(g7,
         XX,iufo11,j11)*flavourTag(fmu,j11,j12)*Vec(nu13,q2)*Vec(nu14,q2)^2*
         p4.p4*d^-1*ufoGC58^2*ufoGC80*ufoGC69
          + 1/4*g_(1,6_,nu15)*g_(2,6_,nu15)*FT2*cFT(nu13,XX,i2,iufo11)*cFT(g7,
         XX,iufo11,j11)*flavourTag(fmu,j11,j12)*Vec(nu13,q2)*Vec(nu14,q2)*Vec(
         nu14,q3)*p4.p4*d^-1*ufoGC58^2*ufoGC80*ufoGC69
          + 1/8*g_(1,6_,nu15)*g_(2,6_,nu15)*FT2*cFT(nu13,XX,i2,iufo11)*cFT(g7,
         XX,iufo11,j11)*flavourTag(fmu,j11,j12)*Vec(nu13,q2)*Vec(nu14,q3)^2*
         p4.p4*d^-1*ufoGC58^2*ufoGC80*ufoGC69
          - 1/8*g_(1,6_,nu15)*g_(2,6_,nu15)*FT2*cFT(nu13,XX,i2,iufo11)*cFT(g7,
         XX,iufo11,j11)*flavourTag(fmu,j11,j12)*Vec(nu13,q3)*p4.p4^2*d^-1*
         ufoGC58^2*ufoGC80*ufoGC69
          + 1/8*g_(1,6_,nu15)*g_(2,6_,nu15)*FT2*cFT(nu13,XX,i2,iufo11)*cFT(g7,
         XX,iufo11,j11)*flavourTag(fmu,j11,j12)*Vec(nu13,q3)*Vec(nu14,q2)^2*
         p4.p4*d^-1*ufoGC58^2*ufoGC80*ufoGC69
          + 1/4*g_(1,6_,nu15)*g_(2,6_,nu15)*FT2*cFT(nu13,XX,i2,iufo11)*cFT(g7,
         XX,iufo11,j11)*flavourTag(fmu,j11,j12)*Vec(nu13,q3)*Vec(nu14,q2)*Vec(
         nu14,q3)*p4.p4*d^-1*ufoGC58^2*ufoGC80*ufoGC69
          + 1/8*g_(1,6_,nu15)*g_(2,6_,nu15)*FT2*cFT(nu13,XX,i2,iufo11)*cFT(g7,
         XX,iufo11,j11)*flavourTag(fmu,j11,j12)*Vec(nu13,q3)*Vec(nu14,q3)^2*
         p4.p4*d^-1*ufoGC58^2*ufoGC80*ufoGC69
          - 1/8*g_(1,6_,nu15)*g_(2,nu15)*FT2(g6)*FT2*cFT(nu13,XX,i2,iufo11)*
         cFT(g7,XX,iufo11,j11)*flavourTag(fmu,j11,j12)*Vec(nu13,q2)*p4.p4^2*
         d^-1*ufoGC58^2*ufoGC76*ufoGC69
          + 1/8*g_(1,6_,nu15)*g_(2,nu15)*FT2(g6)*FT2*cFT(nu13,XX,i2,iufo11)*
         cFT(g7,XX,iufo11,j11)*flavourTag(fmu,j11,j12)*Vec(nu13,q2)*Vec(nu14,
         q2)^2*p4.p4*d^-1*ufoGC58^2*ufoGC76*ufoGC69
          + 1/4*g_(1,6_,nu15)*g_(2,nu15)*FT2(g6)*FT2*cFT(nu13,XX,i2,iufo11)*
         cFT(g7,XX,iufo11,j11)*flavourTag(fmu,j11,j12)*Vec(nu13,q2)*Vec(nu14,
         q2)*Vec(nu14,q3)*p4.p4*d^-1*ufoGC58^2*ufoGC76*ufoGC69
          + 1/8*g_(1,6_,nu15)*g_(2,nu15)*FT2(g6)*FT2*cFT(nu13,XX,i2,iufo11)*
         cFT(g7,XX,iufo11,j11)*flavourTag(fmu,j11,j12)*Vec(nu13,q2)*Vec(nu14,
         q3)^2*p4.p4*d^-1*ufoGC58^2*ufoGC76*ufoGC69
          - 1/8*g_(1,6_,nu15)*g_(2,nu15)*FT2(g6)*FT2*cFT(nu13,XX,i2,iufo11)*
         cFT(g7,XX,iufo11,j11)*flavourTag(fmu,j11,j12)*Vec(nu13,q3)*p4.p4^2*
         d^-1*ufoGC58^2*ufoGC76*ufoGC69
          + 1/8*g_(1,6_,nu15)*g_(2,nu15)*FT2(g6)*FT2*cFT(nu13,XX,i2,iufo11)*
         cFT(g7,XX,iufo11,j11)*flavourTag(fmu,j11,j12)*Vec(nu13,q3)*Vec(nu14,
         q2)^2*p4.p4*d^-1*ufoGC58^2*ufoGC76*ufoGC69
          + 1/4*g_(1,6_,nu15)*g_(2,nu15)*FT2(g6)*FT2*cFT(nu13,XX,i2,iufo11)*
         cFT(g7,XX,iufo11,j11)*flavourTag(fmu,j11,j12)*Vec(nu13,q3)*Vec(nu14,
         q2)*Vec(nu14,q3)*p4.p4*d^-1*ufoGC58^2*ufoGC76*ufoGC69
          + 1/8*g_(1,6_,nu15)*g_(2,nu15)*FT2(g6)*FT2*cFT(nu13,XX,i2,iufo11)*
         cFT(g7,XX,iufo11,j11)*flavourTag(fmu,j11,j12)*Vec(nu13,q3)*Vec(nu14,
         q3)^2*p4.p4*d^-1*ufoGC58^2*ufoGC76*ufoGC69
          )

       + Den(p4,xiz,M4)^2*Den(q2 + q3,xiw,M3)*Den(p4 + q2 + q3,xiw,M3) * (
          + 1/4*g_(1,6_,nu13)*g_(2,6_,nu15)*FT2*cFT(nu13,XX,i2,iufo11)*cFT(g7,
         XX,iufo11,j11)*flavourTag(fmu,j11,j12)*Vec(nu15,q2)*p4.p4*d^-1*
         ufoGC58^2*ufoGC80*ufoGC69
          + 1/4*g_(1,6_,nu13)*g_(2,6_,nu15)*FT2*cFT(nu13,XX,i2,iufo11)*cFT(g7,
         XX,iufo11,j11)*flavourTag(fmu,j11,j12)*Vec(nu15,q3)*p4.p4*d^-1*
         ufoGC58^2*ufoGC80*ufoGC69
          + 1/4*g_(1,6_,nu13)*g_(2,nu15)*FT2(g6)*FT2*cFT(nu13,XX,i2,iufo11)*
         cFT(g7,XX,iufo11,j11)*flavourTag(fmu,j11,j12)*Vec(nu15,q2)*p4.p4*d^-1
         *ufoGC58^2*ufoGC76*ufoGC69
          + 1/4*g_(1,6_,nu13)*g_(2,nu15)*FT2(g6)*FT2*cFT(nu13,XX,i2,iufo11)*
         cFT(g7,XX,iufo11,j11)*flavourTag(fmu,j11,j12)*Vec(nu15,q3)*p4.p4*d^-1
         *ufoGC58^2*ufoGC76*ufoGC69
          - 1/8*g_(1,6_,nu9)*g_(2,6_,nu13)*FT2*cFT(nu13,XX,i2,iufo11)*cFT(g7,
         XX,iufo11,j11)*flavourTag(fmu,j11,j12)*Vec(nu9,q2)*p4.p4*d^-1*
         ufoGC58^2*ufoGC80*ufoGC69
          - 1/8*g_(1,6_,nu9)*g_(2,6_,nu13)*FT2*cFT(nu13,XX,i2,iufo11)*cFT(g7,
         XX,iufo11,j11)*flavourTag(fmu,j11,j12)*Vec(nu9,q3)*p4.p4*d^-1*
         ufoGC58^2*ufoGC80*ufoGC69
          - 1/8*g_(1,6_,nu9)*g_(2,nu13)*FT2(g6)*FT2*cFT(nu13,XX,i2,iufo11)*
         cFT(g7,XX,iufo11,j11)*flavourTag(fmu,j11,j12)*Vec(nu9,q2)*p4.p4*d^-1*
         ufoGC58^2*ufoGC76*ufoGC69
          - 1/8*g_(1,6_,nu9)*g_(2,nu13)*FT2(g6)*FT2*cFT(nu13,XX,i2,iufo11)*
         cFT(g7,XX,iufo11,j11)*flavourTag(fmu,j11,j12)*Vec(nu9,q3)*p4.p4*d^-1*
         ufoGC58^2*ufoGC76*ufoGC69
          - 1/8*g_(1,6_,nu15)*g_(2,6_,nu15)*FT2*cFT(nu13,XX,i2,iufo11)*cFT(g7,
         XX,iufo11,j11)*flavourTag(fmu,j11,j12)*Vec(nu13,q2)*p4.p4*d^-1*
         ufoGC58^2*ufoGC80*ufoGC69
          - 1/8*g_(1,6_,nu15)*g_(2,6_,nu15)*FT2*cFT(nu13,XX,i2,iufo11)*cFT(g7,
         XX,iufo11,j11)*flavourTag(fmu,j11,j12)*Vec(nu13,q3)*p4.p4*d^-1*
         ufoGC58^2*ufoGC80*ufoGC69
          - 1/8*g_(1,6_,nu15)*g_(2,nu15)*FT2(g6)*FT2*cFT(nu13,XX,i2,iufo11)*
         cFT(g7,XX,iufo11,j11)*flavourTag(fmu,j11,j12)*Vec(nu13,q2)*p4.p4*d^-1
         *ufoGC58^2*ufoGC76*ufoGC69
          - 1/8*g_(1,6_,nu15)*g_(2,nu15)*FT2(g6)*FT2*cFT(nu13,XX,i2,iufo11)*
         cFT(g7,XX,iufo11,j11)*flavourTag(fmu,j11,j12)*Vec(nu13,q3)*p4.p4*d^-1
         *ufoGC58^2*ufoGC76*ufoGC69
          )

       + Den(p4,xiz,M4)^2*Den(q2 + q3,xiw,M3)^2*Den(p4 + q2 + q3,xiw,M3)^2
       * (
          - 1/8*g_(1,6_,nu10)*g_(2,6_,nu13)*FT2*cFT(nu13,XX,i2,iufo11)*cFT(g7,
         XX,iufo11,j11)*flavourTag(fmu,j11,j12)*Vec(nu10,q2)*Vec(nu9,q2)^2*
         p4.p4^2*d^-1*ufoGC58^2*ufoGC80*ufoGC69
          - 1/4*g_(1,6_,nu10)*g_(2,6_,nu13)*FT2*cFT(nu13,XX,i2,iufo11)*cFT(g7,
         XX,iufo11,j11)*flavourTag(fmu,j11,j12)*Vec(nu10,q2)*Vec(nu9,q2)*Vec(
         nu9,q3)*p4.p4^2*d^-1*ufoGC58^2*ufoGC80*ufoGC69
          - 1/8*g_(1,6_,nu10)*g_(2,6_,nu13)*FT2*cFT(nu13,XX,i2,iufo11)*cFT(g7,
         XX,iufo11,j11)*flavourTag(fmu,j11,j12)*Vec(nu10,q2)*Vec(nu9,q3)^2*
         p4.p4^2*d^-1*ufoGC58^2*ufoGC80*ufoGC69
          + 1/8*g_(1,6_,nu10)*g_(2,6_,nu13)*FT2*cFT(nu13,XX,i2,iufo11)*cFT(g7,
         XX,iufo11,j11)*flavourTag(fmu,j11,j12)*Vec(nu10,q2)*Vec(nu14,q2)^2*
         p4.p4^2*d^-1*ufoGC58^2*ufoGC80*ufoGC69
          + 1/4*g_(1,6_,nu10)*g_(2,6_,nu13)*FT2*cFT(nu13,XX,i2,iufo11)*cFT(g7,
         XX,iufo11,j11)*flavourTag(fmu,j11,j12)*Vec(nu10,q2)*Vec(nu14,q2)*Vec(
         nu14,q3)*p4.p4^2*d^-1*ufoGC58^2*ufoGC80*ufoGC69
          + 1/8*g_(1,6_,nu10)*g_(2,6_,nu13)*FT2*cFT(nu13,XX,i2,iufo11)*cFT(g7,
         XX,iufo11,j11)*flavourTag(fmu,j11,j12)*Vec(nu10,q2)*Vec(nu14,q3)^2*
         p4.p4^2*d^-1*ufoGC58^2*ufoGC80*ufoGC69
          - 1/8*g_(1,6_,nu10)*g_(2,6_,nu13)*FT2*cFT(nu13,XX,i2,iufo11)*cFT(g7,
         XX,iufo11,j11)*flavourTag(fmu,j11,j12)*Vec(nu10,q3)*Vec(nu9,q2)^2*
         p4.p4^2*d^-1*ufoGC58^2*ufoGC80*ufoGC69
          - 1/4*g_(1,6_,nu10)*g_(2,6_,nu13)*FT2*cFT(nu13,XX,i2,iufo11)*cFT(g7,
         XX,iufo11,j11)*flavourTag(fmu,j11,j12)*Vec(nu10,q3)*Vec(nu9,q2)*Vec(
         nu9,q3)*p4.p4^2*d^-1*ufoGC58^2*ufoGC80*ufoGC69
          - 1/8*g_(1,6_,nu10)*g_(2,6_,nu13)*FT2*cFT(nu13,XX,i2,iufo11)*cFT(g7,
         XX,iufo11,j11)*flavourTag(fmu,j11,j12)*Vec(nu10,q3)*Vec(nu9,q3)^2*
         p4.p4^2*d^-1*ufoGC58^2*ufoGC80*ufoGC69
          + 1/8*g_(1,6_,nu10)*g_(2,6_,nu13)*FT2*cFT(nu13,XX,i2,iufo11)*cFT(g7,
         XX,iufo11,j11)*flavourTag(fmu,j11,j12)*Vec(nu10,q3)*Vec(nu14,q2)^2*
         p4.p4^2*d^-1*ufoGC58^2*ufoGC80*ufoGC69
          + 1/4*g_(1,6_,nu10)*g_(2,6_,nu13)*FT2*cFT(nu13,XX,i2,iufo11)*cFT(g7,
         XX,iufo11,j11)*flavourTag(fmu,j11,j12)*Vec(nu10,q3)*Vec(nu14,q2)*Vec(
         nu14,q3)*p4.p4^2*d^-1*ufoGC58^2*ufoGC80*ufoGC69
          + 1/8*g_(1,6_,nu10)*g_(2,6_,nu13)*FT2*cFT(nu13,XX,i2,iufo11)*cFT(g7,
         XX,iufo11,j11)*flavourTag(fmu,j11,j12)*Vec(nu10,q3)*Vec(nu14,q3)^2*
         p4.p4^2*d^-1*ufoGC58^2*ufoGC80*ufoGC69
          - 1/4*g_(1,6_,nu10)*g_(2,6_,nu9)*FT2*cFT(nu13,XX,i2,iufo11)*cFT(g7,
         XX,iufo11,j11)*flavourTag(fmu,j11,j12)*Vec(nu10,q2)*Vec(nu13,q2)*Vec(
         nu9,q2)*p4.p4^2*d^-1*ufoGC58^2*ufoGC80*ufoGC69
          - 1/4*g_(1,6_,nu10)*g_(2,6_,nu9)*FT2*cFT(nu13,XX,i2,iufo11)*cFT(g7,
         XX,iufo11,j11)*flavourTag(fmu,j11,j12)*Vec(nu10,q2)*Vec(nu13,q2)*Vec(
         nu9,q3)*p4.p4^2*d^-1*ufoGC58^2*ufoGC80*ufoGC69
          - 1/4*g_(1,6_,nu10)*g_(2,6_,nu9)*FT2*cFT(nu13,XX,i2,iufo11)*cFT(g7,
         XX,iufo11,j11)*flavourTag(fmu,j11,j12)*Vec(nu10,q2)*Vec(nu13,q3)*Vec(
         nu9,q2)*p4.p4^2*d^-1*ufoGC58^2*ufoGC80*ufoGC69
          - 1/4*g_(1,6_,nu10)*g_(2,6_,nu9)*FT2*cFT(nu13,XX,i2,iufo11)*cFT(g7,
         XX,iufo11,j11)*flavourTag(fmu,j11,j12)*Vec(nu10,q2)*Vec(nu13,q3)*Vec(
         nu9,q3)*p4.p4^2*d^-1*ufoGC58^2*ufoGC80*ufoGC69
          - 1/4*g_(1,6_,nu10)*g_(2,6_,nu9)*FT2*cFT(nu13,XX,i2,iufo11)*cFT(g7,
         XX,iufo11,j11)*flavourTag(fmu,j11,j12)*Vec(nu10,q3)*Vec(nu13,q2)*Vec(
         nu9,q2)*p4.p4^2*d^-1*ufoGC58^2*ufoGC80*ufoGC69
          - 1/4*g_(1,6_,nu10)*g_(2,6_,nu9)*FT2*cFT(nu13,XX,i2,iufo11)*cFT(g7,
         XX,iufo11,j11)*flavourTag(fmu,j11,j12)*Vec(nu10,q3)*Vec(nu13,q2)*Vec(
         nu9,q3)*p4.p4^2*d^-1*ufoGC58^2*ufoGC80*ufoGC69
          - 1/4*g_(1,6_,nu10)*g_(2,6_,nu9)*FT2*cFT(nu13,XX,i2,iufo11)*cFT(g7,
         XX,iufo11,j11)*flavourTag(fmu,j11,j12)*Vec(nu10,q3)*Vec(nu13,q3)*Vec(
         nu9,q2)*p4.p4^2*d^-1*ufoGC58^2*ufoGC80*ufoGC69
          - 1/4*g_(1,6_,nu10)*g_(2,6_,nu9)*FT2*cFT(nu13,XX,i2,iufo11)*cFT(g7,
         XX,iufo11,j11)*flavourTag(fmu,j11,j12)*Vec(nu10,q3)*Vec(nu13,q3)*Vec(
         nu9,q3)*p4.p4^2*d^-1*ufoGC58^2*ufoGC80*ufoGC69
          - 1/4*g_(1,6_,nu10)*g_(2,6_,nu9)*FT2*cFT(nu15,XX,i2,iufo11)*cFT(g7,
         XX,iufo11,j11)/(d^3 + d^2 - 2*d)*flavourTag(fmu,j11,j12)*Vec(nu10,q2)
         *Vec(nu9,q2)*Vec(nu15,q2)*p4.p4^2*d*ufoGC58^2*ufoGC80*ufoGC69
          + 1/4*g_(1,6_,nu10)*g_(2,6_,nu9)*FT2*cFT(nu15,XX,i2,iufo11)*cFT(g7,
         XX,iufo11,j11)/(d^3 + d^2 - 2*d)*flavourTag(fmu,j11,j12)*Vec(nu10,q2)
         *Vec(nu9,q2)*Vec(nu15,q2)*p4.p4^2*ufoGC58^2*ufoGC80*ufoGC69
          - 1/4*g_(1,6_,nu10)*g_(2,6_,nu9)*FT2*cFT(nu15,XX,i2,iufo11)*cFT(g7,
         XX,iufo11,j11)/(d^3 + d^2 - 2*d)*flavourTag(fmu,j11,j12)*Vec(nu10,q2)
         *Vec(nu9,q2)*Vec(nu15,q3)*p4.p4^2*d*ufoGC58^2*ufoGC80*ufoGC69
          + 1/4*g_(1,6_,nu10)*g_(2,6_,nu9)*FT2*cFT(nu15,XX,i2,iufo11)*cFT(g7,
         XX,iufo11,j11)/(d^3 + d^2 - 2*d)*flavourTag(fmu,j11,j12)*Vec(nu10,q2)
         *Vec(nu9,q2)*Vec(nu15,q3)*p4.p4^2*ufoGC58^2*ufoGC80*ufoGC69
          - 1/4*g_(1,6_,nu10)*g_(2,6_,nu9)*FT2*cFT(nu15,XX,i2,iufo11)*cFT(g7,
         XX,iufo11,j11)/(d^3 + d^2 - 2*d)*flavourTag(fmu,j11,j12)*Vec(nu10,q2)
         *Vec(nu9,q3)*Vec(nu15,q2)*p4.p4^2*d*ufoGC58^2*ufoGC80*ufoGC69
          + 1/4*g_(1,6_,nu10)*g_(2,6_,nu9)*FT2*cFT(nu15,XX,i2,iufo11)*cFT(g7,
         XX,iufo11,j11)/(d^3 + d^2 - 2*d)*flavourTag(fmu,j11,j12)*Vec(nu10,q2)
         *Vec(nu9,q3)*Vec(nu15,q2)*p4.p4^2*ufoGC58^2*ufoGC80*ufoGC69
          - 1/4*g_(1,6_,nu10)*g_(2,6_,nu9)*FT2*cFT(nu15,XX,i2,iufo11)*cFT(g7,
         XX,iufo11,j11)/(d^3 + d^2 - 2*d)*flavourTag(fmu,j11,j12)*Vec(nu10,q2)
         *Vec(nu9,q3)*Vec(nu15,q3)*p4.p4^2*d*ufoGC58^2*ufoGC80*ufoGC69
          + 1/4*g_(1,6_,nu10)*g_(2,6_,nu9)*FT2*cFT(nu15,XX,i2,iufo11)*cFT(g7,
         XX,iufo11,j11)/(d^3 + d^2 - 2*d)*flavourTag(fmu,j11,j12)*Vec(nu10,q2)
         *Vec(nu9,q3)*Vec(nu15,q3)*p4.p4^2*ufoGC58^2*ufoGC80*ufoGC69
          - 1/4*g_(1,6_,nu10)*g_(2,6_,nu9)*FT2*cFT(nu15,XX,i2,iufo11)*cFT(g7,
         XX,iufo11,j11)/(d^3 + d^2 - 2*d)*flavourTag(fmu,j11,j12)*Vec(nu10,q3)
         *Vec(nu9,q2)*Vec(nu15,q2)*p4.p4^2*d*ufoGC58^2*ufoGC80*ufoGC69
          + 1/4*g_(1,6_,nu10)*g_(2,6_,nu9)*FT2*cFT(nu15,XX,i2,iufo11)*cFT(g7,
         XX,iufo11,j11)/(d^3 + d^2 - 2*d)*flavourTag(fmu,j11,j12)*Vec(nu10,q3)
         *Vec(nu9,q2)*Vec(nu15,q2)*p4.p4^2*ufoGC58^2*ufoGC80*ufoGC69
          - 1/4*g_(1,6_,nu10)*g_(2,6_,nu9)*FT2*cFT(nu15,XX,i2,iufo11)*cFT(g7,
         XX,iufo11,j11)/(d^3 + d^2 - 2*d)*flavourTag(fmu,j11,j12)*Vec(nu10,q3)
         *Vec(nu9,q2)*Vec(nu15,q3)*p4.p4^2*d*ufoGC58^2*ufoGC80*ufoGC69
          + 1/4*g_(1,6_,nu10)*g_(2,6_,nu9)*FT2*cFT(nu15,XX,i2,iufo11)*cFT(g7,
         XX,iufo11,j11)/(d^3 + d^2 - 2*d)*flavourTag(fmu,j11,j12)*Vec(nu10,q3)
         *Vec(nu9,q2)*Vec(nu15,q3)*p4.p4^2*ufoGC58^2*ufoGC80*ufoGC69
          - 1/4*g_(1,6_,nu10)*g_(2,6_,nu9)*FT2*cFT(nu15,XX,i2,iufo11)*cFT(g7,
         XX,iufo11,j11)/(d^3 + d^2 - 2*d)*flavourTag(fmu,j11,j12)*Vec(nu10,q3)
         *Vec(nu9,q3)*Vec(nu15,q2)*p4.p4^2*d*ufoGC58^2*ufoGC80*ufoGC69
          + 1/4*g_(1,6_,nu10)*g_(2,6_,nu9)*FT2*cFT(nu15,XX,i2,iufo11)*cFT(g7,
         XX,iufo11,j11)/(d^3 + d^2 - 2*d)*flavourTag(fmu,j11,j12)*Vec(nu10,q3)
         *Vec(nu9,q3)*Vec(nu15,q2)*p4.p4^2*ufoGC58^2*ufoGC80*ufoGC69
          - 1/4*g_(1,6_,nu10)*g_(2,6_,nu9)*FT2*cFT(nu15,XX,i2,iufo11)*cFT(g7,
         XX,iufo11,j11)/(d^3 + d^2 - 2*d)*flavourTag(fmu,j11,j12)*Vec(nu10,q3)
         *Vec(nu9,q3)*Vec(nu15,q3)*p4.p4^2*d*ufoGC58^2*ufoGC80*ufoGC69
          + 1/4*g_(1,6_,nu10)*g_(2,6_,nu9)*FT2*cFT(nu15,XX,i2,iufo11)*cFT(g7,
         XX,iufo11,j11)/(d^3 + d^2 - 2*d)*flavourTag(fmu,j11,j12)*Vec(nu10,q3)
         *Vec(nu9,q3)*Vec(nu15,q3)*p4.p4^2*ufoGC58^2*ufoGC80*ufoGC69
          + 1/8*g_(1,6_,nu10)*g_(2,6_,nu14)*FT2*cFT(nu13,XX,i2,iufo11)*cFT(g7,
         XX,iufo11,j11)*flavourTag(fmu,j11,j12)*Vec(nu10,q2)*Vec(nu13,q2)*Vec(
         nu14,q2)*p4.p4^2*d^-1*ufoGC58^2*ufoGC80*ufoGC69
          + 1/8*g_(1,6_,nu10)*g_(2,6_,nu14)*FT2*cFT(nu13,XX,i2,iufo11)*cFT(g7,
         XX,iufo11,j11)*flavourTag(fmu,j11,j12)*Vec(nu10,q2)*Vec(nu13,q2)*Vec(
         nu14,q3)*p4.p4^2*d^-1*ufoGC58^2*ufoGC80*ufoGC69
          + 1/8*g_(1,6_,nu10)*g_(2,6_,nu14)*FT2*cFT(nu13,XX,i2,iufo11)*cFT(g7,
         XX,iufo11,j11)*flavourTag(fmu,j11,j12)*Vec(nu10,q2)*Vec(nu13,q3)*Vec(
         nu14,q2)*p4.p4^2*d^-1*ufoGC58^2*ufoGC80*ufoGC69
          + 1/8*g_(1,6_,nu10)*g_(2,6_,nu14)*FT2*cFT(nu13,XX,i2,iufo11)*cFT(g7,
         XX,iufo11,j11)*flavourTag(fmu,j11,j12)*Vec(nu10,q2)*Vec(nu13,q3)*Vec(
         nu14,q3)*p4.p4^2*d^-1*ufoGC58^2*ufoGC80*ufoGC69
          + 1/8*g_(1,6_,nu10)*g_(2,6_,nu14)*FT2*cFT(nu13,XX,i2,iufo11)*cFT(g7,
         XX,iufo11,j11)*flavourTag(fmu,j11,j12)*Vec(nu10,q3)*Vec(nu13,q2)*Vec(
         nu14,q2)*p4.p4^2*d^-1*ufoGC58^2*ufoGC80*ufoGC69
          + 1/8*g_(1,6_,nu10)*g_(2,6_,nu14)*FT2*cFT(nu13,XX,i2,iufo11)*cFT(g7,
         XX,iufo11,j11)*flavourTag(fmu,j11,j12)*Vec(nu10,q3)*Vec(nu13,q2)*Vec(
         nu14,q3)*p4.p4^2*d^-1*ufoGC58^2*ufoGC80*ufoGC69
          + 1/8*g_(1,6_,nu10)*g_(2,6_,nu14)*FT2*cFT(nu13,XX,i2,iufo11)*cFT(g7,
         XX,iufo11,j11)*flavourTag(fmu,j11,j12)*Vec(nu10,q3)*Vec(nu13,q3)*Vec(
         nu14,q2)*p4.p4^2*d^-1*ufoGC58^2*ufoGC80*ufoGC69
          + 1/8*g_(1,6_,nu10)*g_(2,6_,nu14)*FT2*cFT(nu13,XX,i2,iufo11)*cFT(g7,
         XX,iufo11,j11)*flavourTag(fmu,j11,j12)*Vec(nu10,q3)*Vec(nu13,q3)*Vec(
         nu14,q3)*p4.p4^2*d^-1*ufoGC58^2*ufoGC80*ufoGC69
          + 1/4*g_(1,6_,nu10)*g_(2,6_,nu14)*FT2*cFT(nu15,XX,i2,iufo11)*cFT(g7,
         XX,iufo11,j11)/(d^3 + d^2 - 2*d)*flavourTag(fmu,j11,j12)*Vec(nu10,q2)
         *Vec(nu14,q2)*Vec(nu15,q2)*p4.p4^2*d*ufoGC58^2*ufoGC80*ufoGC69
          - 1/4*g_(1,6_,nu10)*g_(2,6_,nu14)*FT2*cFT(nu15,XX,i2,iufo11)*cFT(g7,
         XX,iufo11,j11)/(d^3 + d^2 - 2*d)*flavourTag(fmu,j11,j12)*Vec(nu10,q2)
         *Vec(nu14,q2)*Vec(nu15,q2)*p4.p4^2*ufoGC58^2*ufoGC80*ufoGC69
          + 1/4*g_(1,6_,nu10)*g_(2,6_,nu14)*FT2*cFT(nu15,XX,i2,iufo11)*cFT(g7,
         XX,iufo11,j11)/(d^3 + d^2 - 2*d)*flavourTag(fmu,j11,j12)*Vec(nu10,q2)
         *Vec(nu14,q2)*Vec(nu15,q3)*p4.p4^2*d*ufoGC58^2*ufoGC80*ufoGC69
          - 1/4*g_(1,6_,nu10)*g_(2,6_,nu14)*FT2*cFT(nu15,XX,i2,iufo11)*cFT(g7,
         XX,iufo11,j11)/(d^3 + d^2 - 2*d)*flavourTag(fmu,j11,j12)*Vec(nu10,q2)
         *Vec(nu14,q2)*Vec(nu15,q3)*p4.p4^2*ufoGC58^2*ufoGC80*ufoGC69
          + 1/4*g_(1,6_,nu10)*g_(2,6_,nu14)*FT2*cFT(nu15,XX,i2,iufo11)*cFT(g7,
         XX,iufo11,j11)/(d^3 + d^2 - 2*d)*flavourTag(fmu,j11,j12)*Vec(nu10,q2)
         *Vec(nu14,q3)*Vec(nu15,q2)*p4.p4^2*d*ufoGC58^2*ufoGC80*ufoGC69
          - 1/4*g_(1,6_,nu10)*g_(2,6_,nu14)*FT2*cFT(nu15,XX,i2,iufo11)*cFT(g7,
         XX,iufo11,j11)/(d^3 + d^2 - 2*d)*flavourTag(fmu,j11,j12)*Vec(nu10,q2)
         *Vec(nu14,q3)*Vec(nu15,q2)*p4.p4^2*ufoGC58^2*ufoGC80*ufoGC69
          + 1/4*g_(1,6_,nu10)*g_(2,6_,nu14)*FT2*cFT(nu15,XX,i2,iufo11)*cFT(g7,
         XX,iufo11,j11)/(d^3 + d^2 - 2*d)*flavourTag(fmu,j11,j12)*Vec(nu10,q2)
         *Vec(nu14,q3)*Vec(nu15,q3)*p4.p4^2*d*ufoGC58^2*ufoGC80*ufoGC69
          - 1/4*g_(1,6_,nu10)*g_(2,6_,nu14)*FT2*cFT(nu15,XX,i2,iufo11)*cFT(g7,
         XX,iufo11,j11)/(d^3 + d^2 - 2*d)*flavourTag(fmu,j11,j12)*Vec(nu10,q2)
         *Vec(nu14,q3)*Vec(nu15,q3)*p4.p4^2*ufoGC58^2*ufoGC80*ufoGC69
          + 1/4*g_(1,6_,nu10)*g_(2,6_,nu14)*FT2*cFT(nu15,XX,i2,iufo11)*cFT(g7,
         XX,iufo11,j11)/(d^3 + d^2 - 2*d)*flavourTag(fmu,j11,j12)*Vec(nu10,q3)
         *Vec(nu14,q2)*Vec(nu15,q2)*p4.p4^2*d*ufoGC58^2*ufoGC80*ufoGC69
          - 1/4*g_(1,6_,nu10)*g_(2,6_,nu14)*FT2*cFT(nu15,XX,i2,iufo11)*cFT(g7,
         XX,iufo11,j11)/(d^3 + d^2 - 2*d)*flavourTag(fmu,j11,j12)*Vec(nu10,q3)
         *Vec(nu14,q2)*Vec(nu15,q2)*p4.p4^2*ufoGC58^2*ufoGC80*ufoGC69
          + 1/4*g_(1,6_,nu10)*g_(2,6_,nu14)*FT2*cFT(nu15,XX,i2,iufo11)*cFT(g7,
         XX,iufo11,j11)/(d^3 + d^2 - 2*d)*flavourTag(fmu,j11,j12)*Vec(nu10,q3)
         *Vec(nu14,q2)*Vec(nu15,q3)*p4.p4^2*d*ufoGC58^2*ufoGC80*ufoGC69
          - 1/4*g_(1,6_,nu10)*g_(2,6_,nu14)*FT2*cFT(nu15,XX,i2,iufo11)*cFT(g7,
         XX,iufo11,j11)/(d^3 + d^2 - 2*d)*flavourTag(fmu,j11,j12)*Vec(nu10,q3)
         *Vec(nu14,q2)*Vec(nu15,q3)*p4.p4^2*ufoGC58^2*ufoGC80*ufoGC69
          + 1/4*g_(1,6_,nu10)*g_(2,6_,nu14)*FT2*cFT(nu15,XX,i2,iufo11)*cFT(g7,
         XX,iufo11,j11)/(d^3 + d^2 - 2*d)*flavourTag(fmu,j11,j12)*Vec(nu10,q3)
         *Vec(nu14,q3)*Vec(nu15,q2)*p4.p4^2*d*ufoGC58^2*ufoGC80*ufoGC69
          - 1/4*g_(1,6_,nu10)*g_(2,6_,nu14)*FT2*cFT(nu15,XX,i2,iufo11)*cFT(g7,
         XX,iufo11,j11)/(d^3 + d^2 - 2*d)*flavourTag(fmu,j11,j12)*Vec(nu10,q3)
         *Vec(nu14,q3)*Vec(nu15,q2)*p4.p4^2*ufoGC58^2*ufoGC80*ufoGC69
          + 1/4*g_(1,6_,nu10)*g_(2,6_,nu14)*FT2*cFT(nu15,XX,i2,iufo11)*cFT(g7,
         XX,iufo11,j11)/(d^3 + d^2 - 2*d)*flavourTag(fmu,j11,j12)*Vec(nu10,q3)
         *Vec(nu14,q3)*Vec(nu15,q3)*p4.p4^2*d*ufoGC58^2*ufoGC80*ufoGC69
          - 1/4*g_(1,6_,nu10)*g_(2,6_,nu14)*FT2*cFT(nu15,XX,i2,iufo11)*cFT(g7,
         XX,iufo11,j11)/(d^3 + d^2 - 2*d)*flavourTag(fmu,j11,j12)*Vec(nu10,q3)
         *Vec(nu14,q3)*Vec(nu15,q3)*p4.p4^2*ufoGC58^2*ufoGC80*ufoGC69
          - 1/8*g_(1,6_,nu10)*g_(2,6_,nu15)*FT2*cFT(nu13,XX,i2,iufo11)*cFT(g7,
         XX,iufo11,j11)*flavourTag(fmu,j11,j12)*Vec(nu10,q2)*Vec(nu13,q2)*Vec(
         nu9,q2)^2*Vec(nu15,q2)*p4.p4*d^-1*ufoGC58^2*ufoGC80*ufoGC69
          - 1/8*g_(1,6_,nu10)*g_(2,6_,nu15)*FT2*cFT(nu13,XX,i2,iufo11)*cFT(g7,
         XX,iufo11,j11)*flavourTag(fmu,j11,j12)*Vec(nu10,q2)*Vec(nu13,q2)*Vec(
         nu9,q2)^2*Vec(nu15,q3)*p4.p4*d^-1*ufoGC58^2*ufoGC80*ufoGC69
          - 1/4*g_(1,6_,nu10)*g_(2,6_,nu15)*FT2*cFT(nu13,XX,i2,iufo11)*cFT(g7,
         XX,iufo11,j11)*flavourTag(fmu,j11,j12)*Vec(nu10,q2)*Vec(nu13,q2)*Vec(
         nu9,q2)*Vec(nu9,q3)*Vec(nu15,q2)*p4.p4*d^-1*ufoGC58^2*ufoGC80*ufoGC69
          - 1/4*g_(1,6_,nu10)*g_(2,6_,nu15)*FT2*cFT(nu13,XX,i2,iufo11)*cFT(g7,
         XX,iufo11,j11)*flavourTag(fmu,j11,j12)*Vec(nu10,q2)*Vec(nu13,q2)*Vec(
         nu9,q2)*Vec(nu9,q3)*Vec(nu15,q3)*p4.p4*d^-1*ufoGC58^2*ufoGC80*ufoGC69
          - 1/8*g_(1,6_,nu10)*g_(2,6_,nu15)*FT2*cFT(nu13,XX,i2,iufo11)*cFT(g7,
         XX,iufo11,j11)*flavourTag(fmu,j11,j12)*Vec(nu10,q2)*Vec(nu13,q2)*Vec(
         nu9,q3)^2*Vec(nu15,q2)*p4.p4*d^-1*ufoGC58^2*ufoGC80*ufoGC69
          - 1/8*g_(1,6_,nu10)*g_(2,6_,nu15)*FT2*cFT(nu13,XX,i2,iufo11)*cFT(g7,
         XX,iufo11,j11)*flavourTag(fmu,j11,j12)*Vec(nu10,q2)*Vec(nu13,q2)*Vec(
         nu9,q3)^2*Vec(nu15,q3)*p4.p4*d^-1*ufoGC58^2*ufoGC80*ufoGC69
          + 1/8*g_(1,6_,nu10)*g_(2,6_,nu15)*FT2*cFT(nu13,XX,i2,iufo11)*cFT(g7,
         XX,iufo11,j11)*flavourTag(fmu,j11,j12)*Vec(nu10,q2)*Vec(nu13,q2)*Vec(
         nu14,q2)^2*Vec(nu15,q2)*p4.p4*d^-1*ufoGC58^2*ufoGC80*ufoGC69
          + 1/8*g_(1,6_,nu10)*g_(2,6_,nu15)*FT2*cFT(nu13,XX,i2,iufo11)*cFT(g7,
         XX,iufo11,j11)*flavourTag(fmu,j11,j12)*Vec(nu10,q2)*Vec(nu13,q2)*Vec(
         nu14,q2)^2*Vec(nu15,q3)*p4.p4*d^-1*ufoGC58^2*ufoGC80*ufoGC69
          + 1/4*g_(1,6_,nu10)*g_(2,6_,nu15)*FT2*cFT(nu13,XX,i2,iufo11)*cFT(g7,
         XX,iufo11,j11)*flavourTag(fmu,j11,j12)*Vec(nu10,q2)*Vec(nu13,q2)*Vec(
         nu14,q2)*Vec(nu14,q3)*Vec(nu15,q2)*p4.p4*d^-1*ufoGC58^2*ufoGC80*
         ufoGC69
          + 1/4*g_(1,6_,nu10)*g_(2,6_,nu15)*FT2*cFT(nu13,XX,i2,iufo11)*cFT(g7,
         XX,iufo11,j11)*flavourTag(fmu,j11,j12)*Vec(nu10,q2)*Vec(nu13,q2)*Vec(
         nu14,q2)*Vec(nu14,q3)*Vec(nu15,q3)*p4.p4*d^-1*ufoGC58^2*ufoGC80*
         ufoGC69
          + 1/8*g_(1,6_,nu10)*g_(2,6_,nu15)*FT2*cFT(nu13,XX,i2,iufo11)*cFT(g7,
         XX,iufo11,j11)*flavourTag(fmu,j11,j12)*Vec(nu10,q2)*Vec(nu13,q2)*Vec(
         nu14,q3)^2*Vec(nu15,q2)*p4.p4*d^-1*ufoGC58^2*ufoGC80*ufoGC69
          + 1/8*g_(1,6_,nu10)*g_(2,6_,nu15)*FT2*cFT(nu13,XX,i2,iufo11)*cFT(g7,
         XX,iufo11,j11)*flavourTag(fmu,j11,j12)*Vec(nu10,q2)*Vec(nu13,q2)*Vec(
         nu14,q3)^2*Vec(nu15,q3)*p4.p4*d^-1*ufoGC58^2*ufoGC80*ufoGC69
          + 1/8*g_(1,6_,nu10)*g_(2,6_,nu15)*FT2*cFT(nu13,XX,i2,iufo11)*cFT(g7,
         XX,iufo11,j11)*flavourTag(fmu,j11,j12)*Vec(nu10,q2)*Vec(nu13,q2)*Vec(
         nu15,q2)*p4.p4^2*d^-1*ufoGC58^2*ufoGC80*ufoGC69
          + 1/8*g_(1,6_,nu10)*g_(2,6_,nu15)*FT2*cFT(nu13,XX,i2,iufo11)*cFT(g7,
         XX,iufo11,j11)*flavourTag(fmu,j11,j12)*Vec(nu10,q2)*Vec(nu13,q2)*Vec(
         nu15,q3)*p4.p4^2*d^-1*ufoGC58^2*ufoGC80*ufoGC69
          - 1/8*g_(1,6_,nu10)*g_(2,6_,nu15)*FT2*cFT(nu13,XX,i2,iufo11)*cFT(g7,
         XX,iufo11,j11)*flavourTag(fmu,j11,j12)*Vec(nu10,q2)*Vec(nu13,q3)*Vec(
         nu9,q2)^2*Vec(nu15,q2)*p4.p4*d^-1*ufoGC58^2*ufoGC80*ufoGC69
          - 1/8*g_(1,6_,nu10)*g_(2,6_,nu15)*FT2*cFT(nu13,XX,i2,iufo11)*cFT(g7,
         XX,iufo11,j11)*flavourTag(fmu,j11,j12)*Vec(nu10,q2)*Vec(nu13,q3)*Vec(
         nu9,q2)^2*Vec(nu15,q3)*p4.p4*d^-1*ufoGC58^2*ufoGC80*ufoGC69
          - 1/4*g_(1,6_,nu10)*g_(2,6_,nu15)*FT2*cFT(nu13,XX,i2,iufo11)*cFT(g7,
         XX,iufo11,j11)*flavourTag(fmu,j11,j12)*Vec(nu10,q2)*Vec(nu13,q3)*Vec(
         nu9,q2)*Vec(nu9,q3)*Vec(nu15,q2)*p4.p4*d^-1*ufoGC58^2*ufoGC80*ufoGC69
          - 1/4*g_(1,6_,nu10)*g_(2,6_,nu15)*FT2*cFT(nu13,XX,i2,iufo11)*cFT(g7,
         XX,iufo11,j11)*flavourTag(fmu,j11,j12)*Vec(nu10,q2)*Vec(nu13,q3)*Vec(
         nu9,q2)*Vec(nu9,q3)*Vec(nu15,q3)*p4.p4*d^-1*ufoGC58^2*ufoGC80*ufoGC69
          - 1/8*g_(1,6_,nu10)*g_(2,6_,nu15)*FT2*cFT(nu13,XX,i2,iufo11)*cFT(g7,
         XX,iufo11,j11)*flavourTag(fmu,j11,j12)*Vec(nu10,q2)*Vec(nu13,q3)*Vec(
         nu9,q3)^2*Vec(nu15,q2)*p4.p4*d^-1*ufoGC58^2*ufoGC80*ufoGC69
          - 1/8*g_(1,6_,nu10)*g_(2,6_,nu15)*FT2*cFT(nu13,XX,i2,iufo11)*cFT(g7,
         XX,iufo11,j11)*flavourTag(fmu,j11,j12)*Vec(nu10,q2)*Vec(nu13,q3)*Vec(
         nu9,q3)^2*Vec(nu15,q3)*p4.p4*d^-1*ufoGC58^2*ufoGC80*ufoGC69
          + 1/8*g_(1,6_,nu10)*g_(2,6_,nu15)*FT2*cFT(nu13,XX,i2,iufo11)*cFT(g7,
         XX,iufo11,j11)*flavourTag(fmu,j11,j12)*Vec(nu10,q2)*Vec(nu13,q3)*Vec(
         nu14,q2)^2*Vec(nu15,q2)*p4.p4*d^-1*ufoGC58^2*ufoGC80*ufoGC69
          + 1/8*g_(1,6_,nu10)*g_(2,6_,nu15)*FT2*cFT(nu13,XX,i2,iufo11)*cFT(g7,
         XX,iufo11,j11)*flavourTag(fmu,j11,j12)*Vec(nu10,q2)*Vec(nu13,q3)*Vec(
         nu14,q2)^2*Vec(nu15,q3)*p4.p4*d^-1*ufoGC58^2*ufoGC80*ufoGC69
          + 1/4*g_(1,6_,nu10)*g_(2,6_,nu15)*FT2*cFT(nu13,XX,i2,iufo11)*cFT(g7,
         XX,iufo11,j11)*flavourTag(fmu,j11,j12)*Vec(nu10,q2)*Vec(nu13,q3)*Vec(
         nu14,q2)*Vec(nu14,q3)*Vec(nu15,q2)*p4.p4*d^-1*ufoGC58^2*ufoGC80*
         ufoGC69
          + 1/4*g_(1,6_,nu10)*g_(2,6_,nu15)*FT2*cFT(nu13,XX,i2,iufo11)*cFT(g7,
         XX,iufo11,j11)*flavourTag(fmu,j11,j12)*Vec(nu10,q2)*Vec(nu13,q3)*Vec(
         nu14,q2)*Vec(nu14,q3)*Vec(nu15,q3)*p4.p4*d^-1*ufoGC58^2*ufoGC80*
         ufoGC69
          + 1/8*g_(1,6_,nu10)*g_(2,6_,nu15)*FT2*cFT(nu13,XX,i2,iufo11)*cFT(g7,
         XX,iufo11,j11)*flavourTag(fmu,j11,j12)*Vec(nu10,q2)*Vec(nu13,q3)*Vec(
         nu14,q3)^2*Vec(nu15,q2)*p4.p4*d^-1*ufoGC58^2*ufoGC80*ufoGC69
          + 1/8*g_(1,6_,nu10)*g_(2,6_,nu15)*FT2*cFT(nu13,XX,i2,iufo11)*cFT(g7,
         XX,iufo11,j11)*flavourTag(fmu,j11,j12)*Vec(nu10,q2)*Vec(nu13,q3)*Vec(
         nu14,q3)^2*Vec(nu15,q3)*p4.p4*d^-1*ufoGC58^2*ufoGC80*ufoGC69
          + 1/8*g_(1,6_,nu10)*g_(2,6_,nu15)*FT2*cFT(nu13,XX,i2,iufo11)*cFT(g7,
         XX,iufo11,j11)*flavourTag(fmu,j11,j12)*Vec(nu10,q2)*Vec(nu13,q3)*Vec(
         nu15,q2)*p4.p4^2*d^-1*ufoGC58^2*ufoGC80*ufoGC69
          + 1/8*g_(1,6_,nu10)*g_(2,6_,nu15)*FT2*cFT(nu13,XX,i2,iufo11)*cFT(g7,
         XX,iufo11,j11)*flavourTag(fmu,j11,j12)*Vec(nu10,q2)*Vec(nu13,q3)*Vec(
         nu15,q3)*p4.p4^2*d^-1*ufoGC58^2*ufoGC80*ufoGC69
          - 1/8*g_(1,6_,nu10)*g_(2,6_,nu15)*FT2*cFT(nu13,XX,i2,iufo11)*cFT(g7,
         XX,iufo11,j11)*flavourTag(fmu,j11,j12)*Vec(nu10,q3)*Vec(nu13,q2)*Vec(
         nu9,q2)^2*Vec(nu15,q2)*p4.p4*d^-1*ufoGC58^2*ufoGC80*ufoGC69
          - 1/8*g_(1,6_,nu10)*g_(2,6_,nu15)*FT2*cFT(nu13,XX,i2,iufo11)*cFT(g7,
         XX,iufo11,j11)*flavourTag(fmu,j11,j12)*Vec(nu10,q3)*Vec(nu13,q2)*Vec(
         nu9,q2)^2*Vec(nu15,q3)*p4.p4*d^-1*ufoGC58^2*ufoGC80*ufoGC69
          - 1/4*g_(1,6_,nu10)*g_(2,6_,nu15)*FT2*cFT(nu13,XX,i2,iufo11)*cFT(g7,
         XX,iufo11,j11)*flavourTag(fmu,j11,j12)*Vec(nu10,q3)*Vec(nu13,q2)*Vec(
         nu9,q2)*Vec(nu9,q3)*Vec(nu15,q2)*p4.p4*d^-1*ufoGC58^2*ufoGC80*ufoGC69
          - 1/4*g_(1,6_,nu10)*g_(2,6_,nu15)*FT2*cFT(nu13,XX,i2,iufo11)*cFT(g7,
         XX,iufo11,j11)*flavourTag(fmu,j11,j12)*Vec(nu10,q3)*Vec(nu13,q2)*Vec(
         nu9,q2)*Vec(nu9,q3)*Vec(nu15,q3)*p4.p4*d^-1*ufoGC58^2*ufoGC80*ufoGC69
          - 1/8*g_(1,6_,nu10)*g_(2,6_,nu15)*FT2*cFT(nu13,XX,i2,iufo11)*cFT(g7,
         XX,iufo11,j11)*flavourTag(fmu,j11,j12)*Vec(nu10,q3)*Vec(nu13,q2)*Vec(
         nu9,q3)^2*Vec(nu15,q2)*p4.p4*d^-1*ufoGC58^2*ufoGC80*ufoGC69
          - 1/8*g_(1,6_,nu10)*g_(2,6_,nu15)*FT2*cFT(nu13,XX,i2,iufo11)*cFT(g7,
         XX,iufo11,j11)*flavourTag(fmu,j11,j12)*Vec(nu10,q3)*Vec(nu13,q2)*Vec(
         nu9,q3)^2*Vec(nu15,q3)*p4.p4*d^-1*ufoGC58^2*ufoGC80*ufoGC69
          + 1/8*g_(1,6_,nu10)*g_(2,6_,nu15)*FT2*cFT(nu13,XX,i2,iufo11)*cFT(g7,
         XX,iufo11,j11)*flavourTag(fmu,j11,j12)*Vec(nu10,q3)*Vec(nu13,q2)*Vec(
         nu14,q2)^2*Vec(nu15,q2)*p4.p4*d^-1*ufoGC58^2*ufoGC80*ufoGC69
          + 1/8*g_(1,6_,nu10)*g_(2,6_,nu15)*FT2*cFT(nu13,XX,i2,iufo11)*cFT(g7,
         XX,iufo11,j11)*flavourTag(fmu,j11,j12)*Vec(nu10,q3)*Vec(nu13,q2)*Vec(
         nu14,q2)^2*Vec(nu15,q3)*p4.p4*d^-1*ufoGC58^2*ufoGC80*ufoGC69
          + 1/4*g_(1,6_,nu10)*g_(2,6_,nu15)*FT2*cFT(nu13,XX,i2,iufo11)*cFT(g7,
         XX,iufo11,j11)*flavourTag(fmu,j11,j12)*Vec(nu10,q3)*Vec(nu13,q2)*Vec(
         nu14,q2)*Vec(nu14,q3)*Vec(nu15,q2)*p4.p4*d^-1*ufoGC58^2*ufoGC80*
         ufoGC69
          + 1/4*g_(1,6_,nu10)*g_(2,6_,nu15)*FT2*cFT(nu13,XX,i2,iufo11)*cFT(g7,
         XX,iufo11,j11)*flavourTag(fmu,j11,j12)*Vec(nu10,q3)*Vec(nu13,q2)*Vec(
         nu14,q2)*Vec(nu14,q3)*Vec(nu15,q3)*p4.p4*d^-1*ufoGC58^2*ufoGC80*
         ufoGC69
          + 1/8*g_(1,6_,nu10)*g_(2,6_,nu15)*FT2*cFT(nu13,XX,i2,iufo11)*cFT(g7,
         XX,iufo11,j11)*flavourTag(fmu,j11,j12)*Vec(nu10,q3)*Vec(nu13,q2)*Vec(
         nu14,q3)^2*Vec(nu15,q2)*p4.p4*d^-1*ufoGC58^2*ufoGC80*ufoGC69
          + 1/8*g_(1,6_,nu10)*g_(2,6_,nu15)*FT2*cFT(nu13,XX,i2,iufo11)*cFT(g7,
         XX,iufo11,j11)*flavourTag(fmu,j11,j12)*Vec(nu10,q3)*Vec(nu13,q2)*Vec(
         nu14,q3)^2*Vec(nu15,q3)*p4.p4*d^-1*ufoGC58^2*ufoGC80*ufoGC69
          + 1/8*g_(1,6_,nu10)*g_(2,6_,nu15)*FT2*cFT(nu13,XX,i2,iufo11)*cFT(g7,
         XX,iufo11,j11)*flavourTag(fmu,j11,j12)*Vec(nu10,q3)*Vec(nu13,q2)*Vec(
         nu15,q2)*p4.p4^2*d^-1*ufoGC58^2*ufoGC80*ufoGC69
          + 1/8*g_(1,6_,nu10)*g_(2,6_,nu15)*FT2*cFT(nu13,XX,i2,iufo11)*cFT(g7,
         XX,iufo11,j11)*flavourTag(fmu,j11,j12)*Vec(nu10,q3)*Vec(nu13,q2)*Vec(
         nu15,q3)*p4.p4^2*d^-1*ufoGC58^2*ufoGC80*ufoGC69
          - 1/8*g_(1,6_,nu10)*g_(2,6_,nu15)*FT2*cFT(nu13,XX,i2,iufo11)*cFT(g7,
         XX,iufo11,j11)*flavourTag(fmu,j11,j12)*Vec(nu10,q3)*Vec(nu13,q3)*Vec(
         nu9,q2)^2*Vec(nu15,q2)*p4.p4*d^-1*ufoGC58^2*ufoGC80*ufoGC69
          - 1/8*g_(1,6_,nu10)*g_(2,6_,nu15)*FT2*cFT(nu13,XX,i2,iufo11)*cFT(g7,
         XX,iufo11,j11)*flavourTag(fmu,j11,j12)*Vec(nu10,q3)*Vec(nu13,q3)*Vec(
         nu9,q2)^2*Vec(nu15,q3)*p4.p4*d^-1*ufoGC58^2*ufoGC80*ufoGC69
          - 1/4*g_(1,6_,nu10)*g_(2,6_,nu15)*FT2*cFT(nu13,XX,i2,iufo11)*cFT(g7,
         XX,iufo11,j11)*flavourTag(fmu,j11,j12)*Vec(nu10,q3)*Vec(nu13,q3)*Vec(
         nu9,q2)*Vec(nu9,q3)*Vec(nu15,q2)*p4.p4*d^-1*ufoGC58^2*ufoGC80*ufoGC69
          - 1/4*g_(1,6_,nu10)*g_(2,6_,nu15)*FT2*cFT(nu13,XX,i2,iufo11)*cFT(g7,
         XX,iufo11,j11)*flavourTag(fmu,j11,j12)*Vec(nu10,q3)*Vec(nu13,q3)*Vec(
         nu9,q2)*Vec(nu9,q3)*Vec(nu15,q3)*p4.p4*d^-1*ufoGC58^2*ufoGC80*ufoGC69
          - 1/8*g_(1,6_,nu10)*g_(2,6_,nu15)*FT2*cFT(nu13,XX,i2,iufo11)*cFT(g7,
         XX,iufo11,j11)*flavourTag(fmu,j11,j12)*Vec(nu10,q3)*Vec(nu13,q3)*Vec(
         nu9,q3)^2*Vec(nu15,q2)*p4.p4*d^-1*ufoGC58^2*ufoGC80*ufoGC69
          - 1/8*g_(1,6_,nu10)*g_(2,6_,nu15)*FT2*cFT(nu13,XX,i2,iufo11)*cFT(g7,
         XX,iufo11,j11)*flavourTag(fmu,j11,j12)*Vec(nu10,q3)*Vec(nu13,q3)*Vec(
         nu9,q3)^2*Vec(nu15,q3)*p4.p4*d^-1*ufoGC58^2*ufoGC80*ufoGC69
          + 1/8*g_(1,6_,nu10)*g_(2,6_,nu15)*FT2*cFT(nu13,XX,i2,iufo11)*cFT(g7,
         XX,iufo11,j11)*flavourTag(fmu,j11,j12)*Vec(nu10,q3)*Vec(nu13,q3)*Vec(
         nu14,q2)^2*Vec(nu15,q2)*p4.p4*d^-1*ufoGC58^2*ufoGC80*ufoGC69
          + 1/8*g_(1,6_,nu10)*g_(2,6_,nu15)*FT2*cFT(nu13,XX,i2,iufo11)*cFT(g7,
         XX,iufo11,j11)*flavourTag(fmu,j11,j12)*Vec(nu10,q3)*Vec(nu13,q3)*Vec(
         nu14,q2)^2*Vec(nu15,q3)*p4.p4*d^-1*ufoGC58^2*ufoGC80*ufoGC69
          + 1/4*g_(1,6_,nu10)*g_(2,6_,nu15)*FT2*cFT(nu13,XX,i2,iufo11)*cFT(g7,
         XX,iufo11,j11)*flavourTag(fmu,j11,j12)*Vec(nu10,q3)*Vec(nu13,q3)*Vec(
         nu14,q2)*Vec(nu14,q3)*Vec(nu15,q2)*p4.p4*d^-1*ufoGC58^2*ufoGC80*
         ufoGC69
          + 1/4*g_(1,6_,nu10)*g_(2,6_,nu15)*FT2*cFT(nu13,XX,i2,iufo11)*cFT(g7,
         XX,iufo11,j11)*flavourTag(fmu,j11,j12)*Vec(nu10,q3)*Vec(nu13,q3)*Vec(
         nu14,q2)*Vec(nu14,q3)*Vec(nu15,q3)*p4.p4*d^-1*ufoGC58^2*ufoGC80*
         ufoGC69
          + 1/8*g_(1,6_,nu10)*g_(2,6_,nu15)*FT2*cFT(nu13,XX,i2,iufo11)*cFT(g7,
         XX,iufo11,j11)*flavourTag(fmu,j11,j12)*Vec(nu10,q3)*Vec(nu13,q3)*Vec(
         nu14,q3)^2*Vec(nu15,q2)*p4.p4*d^-1*ufoGC58^2*ufoGC80*ufoGC69
          + 1/8*g_(1,6_,nu10)*g_(2,6_,nu15)*FT2*cFT(nu13,XX,i2,iufo11)*cFT(g7,
         XX,iufo11,j11)*flavourTag(fmu,j11,j12)*Vec(nu10,q3)*Vec(nu13,q3)*Vec(
         nu14,q3)^2*Vec(nu15,q3)*p4.p4*d^-1*ufoGC58^2*ufoGC80*ufoGC69
          + 1/8*g_(1,6_,nu10)*g_(2,6_,nu15)*FT2*cFT(nu13,XX,i2,iufo11)*cFT(g7,
         XX,iufo11,j11)*flavourTag(fmu,j11,j12)*Vec(nu10,q3)*Vec(nu13,q3)*Vec(
         nu15,q2)*p4.p4^2*d^-1*ufoGC58^2*ufoGC80*ufoGC69
          + 1/8*g_(1,6_,nu10)*g_(2,6_,nu15)*FT2*cFT(nu13,XX,i2,iufo11)*cFT(g7,
         XX,iufo11,j11)*flavourTag(fmu,j11,j12)*Vec(nu10,q3)*Vec(nu13,q3)*Vec(
         nu15,q3)*p4.p4^2*d^-1*ufoGC58^2*ufoGC80*ufoGC69
          - 1/4*g_(1,6_,nu10)*g_(2,6_,nu15)*FT2*cFT(nu9,XX,i2,iufo11)*cFT(g7,
         XX,iufo11,j11)/(d^3 + d^2 - 2*d)*flavourTag(fmu,j11,j12)*Vec(nu10,q2)
         *Vec(nu9,q2)*Vec(nu15,q2)*p4.p4^2*d*ufoGC58^2*ufoGC80*ufoGC69
          + 1/4*g_(1,6_,nu10)*g_(2,6_,nu15)*FT2*cFT(nu9,XX,i2,iufo11)*cFT(g7,
         XX,iufo11,j11)/(d^3 + d^2 - 2*d)*flavourTag(fmu,j11,j12)*Vec(nu10,q2)
         *Vec(nu9,q2)*Vec(nu15,q2)*p4.p4^2*ufoGC58^2*ufoGC80*ufoGC69
          - 1/4*g_(1,6_,nu10)*g_(2,6_,nu15)*FT2*cFT(nu9,XX,i2,iufo11)*cFT(g7,
         XX,iufo11,j11)/(d^3 + d^2 - 2*d)*flavourTag(fmu,j11,j12)*Vec(nu10,q2)
         *Vec(nu9,q2)*Vec(nu15,q3)*p4.p4^2*d*ufoGC58^2*ufoGC80*ufoGC69
          + 1/4*g_(1,6_,nu10)*g_(2,6_,nu15)*FT2*cFT(nu9,XX,i2,iufo11)*cFT(g7,
         XX,iufo11,j11)/(d^3 + d^2 - 2*d)*flavourTag(fmu,j11,j12)*Vec(nu10,q2)
         *Vec(nu9,q2)*Vec(nu15,q3)*p4.p4^2*ufoGC58^2*ufoGC80*ufoGC69
          - 1/4*g_(1,6_,nu10)*g_(2,6_,nu15)*FT2*cFT(nu9,XX,i2,iufo11)*cFT(g7,
         XX,iufo11,j11)/(d^3 + d^2 - 2*d)*flavourTag(fmu,j11,j12)*Vec(nu10,q2)
         *Vec(nu9,q3)*Vec(nu15,q2)*p4.p4^2*d*ufoGC58^2*ufoGC80*ufoGC69
          + 1/4*g_(1,6_,nu10)*g_(2,6_,nu15)*FT2*cFT(nu9,XX,i2,iufo11)*cFT(g7,
         XX,iufo11,j11)/(d^3 + d^2 - 2*d)*flavourTag(fmu,j11,j12)*Vec(nu10,q2)
         *Vec(nu9,q3)*Vec(nu15,q2)*p4.p4^2*ufoGC58^2*ufoGC80*ufoGC69
          - 1/4*g_(1,6_,nu10)*g_(2,6_,nu15)*FT2*cFT(nu9,XX,i2,iufo11)*cFT(g7,
         XX,iufo11,j11)/(d^3 + d^2 - 2*d)*flavourTag(fmu,j11,j12)*Vec(nu10,q2)
         *Vec(nu9,q3)*Vec(nu15,q3)*p4.p4^2*d*ufoGC58^2*ufoGC80*ufoGC69
          + 1/4*g_(1,6_,nu10)*g_(2,6_,nu15)*FT2*cFT(nu9,XX,i2,iufo11)*cFT(g7,
         XX,iufo11,j11)/(d^3 + d^2 - 2*d)*flavourTag(fmu,j11,j12)*Vec(nu10,q2)
         *Vec(nu9,q3)*Vec(nu15,q3)*p4.p4^2*ufoGC58^2*ufoGC80*ufoGC69
          - 1/4*g_(1,6_,nu10)*g_(2,6_,nu15)*FT2*cFT(nu9,XX,i2,iufo11)*cFT(g7,
         XX,iufo11,j11)/(d^3 + d^2 - 2*d)*flavourTag(fmu,j11,j12)*Vec(nu10,q3)
         *Vec(nu9,q2)*Vec(nu15,q2)*p4.p4^2*d*ufoGC58^2*ufoGC80*ufoGC69
          + 1/4*g_(1,6_,nu10)*g_(2,6_,nu15)*FT2*cFT(nu9,XX,i2,iufo11)*cFT(g7,
         XX,iufo11,j11)/(d^3 + d^2 - 2*d)*flavourTag(fmu,j11,j12)*Vec(nu10,q3)
         *Vec(nu9,q2)*Vec(nu15,q2)*p4.p4^2*ufoGC58^2*ufoGC80*ufoGC69
          - 1/4*g_(1,6_,nu10)*g_(2,6_,nu15)*FT2*cFT(nu9,XX,i2,iufo11)*cFT(g7,
         XX,iufo11,j11)/(d^3 + d^2 - 2*d)*flavourTag(fmu,j11,j12)*Vec(nu10,q3)
         *Vec(nu9,q2)*Vec(nu15,q3)*p4.p4^2*d*ufoGC58^2*ufoGC80*ufoGC69
          + 1/4*g_(1,6_,nu10)*g_(2,6_,nu15)*FT2*cFT(nu9,XX,i2,iufo11)*cFT(g7,
         XX,iufo11,j11)/(d^3 + d^2 - 2*d)*flavourTag(fmu,j11,j12)*Vec(nu10,q3)
         *Vec(nu9,q2)*Vec(nu15,q3)*p4.p4^2*ufoGC58^2*ufoGC80*ufoGC69
          - 1/4*g_(1,6_,nu10)*g_(2,6_,nu15)*FT2*cFT(nu9,XX,i2,iufo11)*cFT(g7,
         XX,iufo11,j11)/(d^3 + d^2 - 2*d)*flavourTag(fmu,j11,j12)*Vec(nu10,q3)
         *Vec(nu9,q3)*Vec(nu15,q2)*p4.p4^2*d*ufoGC58^2*ufoGC80*ufoGC69
          + 1/4*g_(1,6_,nu10)*g_(2,6_,nu15)*FT2*cFT(nu9,XX,i2,iufo11)*cFT(g7,
         XX,iufo11,j11)/(d^3 + d^2 - 2*d)*flavourTag(fmu,j11,j12)*Vec(nu10,q3)
         *Vec(nu9,q3)*Vec(nu15,q2)*p4.p4^2*ufoGC58^2*ufoGC80*ufoGC69
          - 1/4*g_(1,6_,nu10)*g_(2,6_,nu15)*FT2*cFT(nu9,XX,i2,iufo11)*cFT(g7,
         XX,iufo11,j11)/(d^3 + d^2 - 2*d)*flavourTag(fmu,j11,j12)*Vec(nu10,q3)
         *Vec(nu9,q3)*Vec(nu15,q3)*p4.p4^2*d*ufoGC58^2*ufoGC80*ufoGC69
          + 1/4*g_(1,6_,nu10)*g_(2,6_,nu15)*FT2*cFT(nu9,XX,i2,iufo11)*cFT(g7,
         XX,iufo11,j11)/(d^3 + d^2 - 2*d)*flavourTag(fmu,j11,j12)*Vec(nu10,q3)
         *Vec(nu9,q3)*Vec(nu15,q3)*p4.p4^2*ufoGC58^2*ufoGC80*ufoGC69
          + 1/4*g_(1,6_,nu10)*g_(2,6_,nu15)*FT2*cFT(nu14,XX,i2,iufo11)*cFT(g7,
         XX,iufo11,j11)/(d^3 + d^2 - 2*d)*flavourTag(fmu,j11,j12)*Vec(nu10,q2)
         *Vec(nu14,q2)*Vec(nu15,q2)*p4.p4^2*d*ufoGC58^2*ufoGC80*ufoGC69
          - 1/4*g_(1,6_,nu10)*g_(2,6_,nu15)*FT2*cFT(nu14,XX,i2,iufo11)*cFT(g7,
         XX,iufo11,j11)/(d^3 + d^2 - 2*d)*flavourTag(fmu,j11,j12)*Vec(nu10,q2)
         *Vec(nu14,q2)*Vec(nu15,q2)*p4.p4^2*ufoGC58^2*ufoGC80*ufoGC69
          + 1/4*g_(1,6_,nu10)*g_(2,6_,nu15)*FT2*cFT(nu14,XX,i2,iufo11)*cFT(g7,
         XX,iufo11,j11)/(d^3 + d^2 - 2*d)*flavourTag(fmu,j11,j12)*Vec(nu10,q2)
         *Vec(nu14,q2)*Vec(nu15,q3)*p4.p4^2*d*ufoGC58^2*ufoGC80*ufoGC69
          - 1/4*g_(1,6_,nu10)*g_(2,6_,nu15)*FT2*cFT(nu14,XX,i2,iufo11)*cFT(g7,
         XX,iufo11,j11)/(d^3 + d^2 - 2*d)*flavourTag(fmu,j11,j12)*Vec(nu10,q2)
         *Vec(nu14,q2)*Vec(nu15,q3)*p4.p4^2*ufoGC58^2*ufoGC80*ufoGC69
          + 1/4*g_(1,6_,nu10)*g_(2,6_,nu15)*FT2*cFT(nu14,XX,i2,iufo11)*cFT(g7,
         XX,iufo11,j11)/(d^3 + d^2 - 2*d)*flavourTag(fmu,j11,j12)*Vec(nu10,q2)
         *Vec(nu14,q3)*Vec(nu15,q2)*p4.p4^2*d*ufoGC58^2*ufoGC80*ufoGC69
          - 1/4*g_(1,6_,nu10)*g_(2,6_,nu15)*FT2*cFT(nu14,XX,i2,iufo11)*cFT(g7,
         XX,iufo11,j11)/(d^3 + d^2 - 2*d)*flavourTag(fmu,j11,j12)*Vec(nu10,q2)
         *Vec(nu14,q3)*Vec(nu15,q2)*p4.p4^2*ufoGC58^2*ufoGC80*ufoGC69
          + 1/4*g_(1,6_,nu10)*g_(2,6_,nu15)*FT2*cFT(nu14,XX,i2,iufo11)*cFT(g7,
         XX,iufo11,j11)/(d^3 + d^2 - 2*d)*flavourTag(fmu,j11,j12)*Vec(nu10,q2)
         *Vec(nu14,q3)*Vec(nu15,q3)*p4.p4^2*d*ufoGC58^2*ufoGC80*ufoGC69
          - 1/4*g_(1,6_,nu10)*g_(2,6_,nu15)*FT2*cFT(nu14,XX,i2,iufo11)*cFT(g7,
         XX,iufo11,j11)/(d^3 + d^2 - 2*d)*flavourTag(fmu,j11,j12)*Vec(nu10,q2)
         *Vec(nu14,q3)*Vec(nu15,q3)*p4.p4^2*ufoGC58^2*ufoGC80*ufoGC69
          + 1/4*g_(1,6_,nu10)*g_(2,6_,nu15)*FT2*cFT(nu14,XX,i2,iufo11)*cFT(g7,
         XX,iufo11,j11)/(d^3 + d^2 - 2*d)*flavourTag(fmu,j11,j12)*Vec(nu10,q3)
         *Vec(nu14,q2)*Vec(nu15,q2)*p4.p4^2*d*ufoGC58^2*ufoGC80*ufoGC69
          - 1/4*g_(1,6_,nu10)*g_(2,6_,nu15)*FT2*cFT(nu14,XX,i2,iufo11)*cFT(g7,
         XX,iufo11,j11)/(d^3 + d^2 - 2*d)*flavourTag(fmu,j11,j12)*Vec(nu10,q3)
         *Vec(nu14,q2)*Vec(nu15,q2)*p4.p4^2*ufoGC58^2*ufoGC80*ufoGC69
          + 1/4*g_(1,6_,nu10)*g_(2,6_,nu15)*FT2*cFT(nu14,XX,i2,iufo11)*cFT(g7,
         XX,iufo11,j11)/(d^3 + d^2 - 2*d)*flavourTag(fmu,j11,j12)*Vec(nu10,q3)
         *Vec(nu14,q2)*Vec(nu15,q3)*p4.p4^2*d*ufoGC58^2*ufoGC80*ufoGC69
          - 1/4*g_(1,6_,nu10)*g_(2,6_,nu15)*FT2*cFT(nu14,XX,i2,iufo11)*cFT(g7,
         XX,iufo11,j11)/(d^3 + d^2 - 2*d)*flavourTag(fmu,j11,j12)*Vec(nu10,q3)
         *Vec(nu14,q2)*Vec(nu15,q3)*p4.p4^2*ufoGC58^2*ufoGC80*ufoGC69
          + 1/4*g_(1,6_,nu10)*g_(2,6_,nu15)*FT2*cFT(nu14,XX,i2,iufo11)*cFT(g7,
         XX,iufo11,j11)/(d^3 + d^2 - 2*d)*flavourTag(fmu,j11,j12)*Vec(nu10,q3)
         *Vec(nu14,q3)*Vec(nu15,q2)*p4.p4^2*d*ufoGC58^2*ufoGC80*ufoGC69
          - 1/4*g_(1,6_,nu10)*g_(2,6_,nu15)*FT2*cFT(nu14,XX,i2,iufo11)*cFT(g7,
         XX,iufo11,j11)/(d^3 + d^2 - 2*d)*flavourTag(fmu,j11,j12)*Vec(nu10,q3)
         *Vec(nu14,q3)*Vec(nu15,q2)*p4.p4^2*ufoGC58^2*ufoGC80*ufoGC69
          + 1/4*g_(1,6_,nu10)*g_(2,6_,nu15)*FT2*cFT(nu14,XX,i2,iufo11)*cFT(g7,
         XX,iufo11,j11)/(d^3 + d^2 - 2*d)*flavourTag(fmu,j11,j12)*Vec(nu10,q3)
         *Vec(nu14,q3)*Vec(nu15,q3)*p4.p4^2*d*ufoGC58^2*ufoGC80*ufoGC69
          - 1/4*g_(1,6_,nu10)*g_(2,6_,nu15)*FT2*cFT(nu14,XX,i2,iufo11)*cFT(g7,
         XX,iufo11,j11)/(d^3 + d^2 - 2*d)*flavourTag(fmu,j11,j12)*Vec(nu10,q3)
         *Vec(nu14,q3)*Vec(nu15,q3)*p4.p4^2*ufoGC58^2*ufoGC80*ufoGC69
          - 1/8*g_(1,6_,nu10)*g_(2,nu13)*FT2(g6)*FT2*cFT(nu13,XX,i2,iufo11)*
         cFT(g7,XX,iufo11,j11)*flavourTag(fmu,j11,j12)*Vec(nu10,q2)*Vec(nu9,q2
         )^2*p4.p4^2*d^-1*ufoGC58^2*ufoGC76*ufoGC69
          - 1/4*g_(1,6_,nu10)*g_(2,nu13)*FT2(g6)*FT2*cFT(nu13,XX,i2,iufo11)*
         cFT(g7,XX,iufo11,j11)*flavourTag(fmu,j11,j12)*Vec(nu10,q2)*Vec(nu9,q2
         )*Vec(nu9,q3)*p4.p4^2*d^-1*ufoGC58^2*ufoGC76*ufoGC69
          - 1/8*g_(1,6_,nu10)*g_(2,nu13)*FT2(g6)*FT2*cFT(nu13,XX,i2,iufo11)*
         cFT(g7,XX,iufo11,j11)*flavourTag(fmu,j11,j12)*Vec(nu10,q2)*Vec(nu9,q3
         )^2*p4.p4^2*d^-1*ufoGC58^2*ufoGC76*ufoGC69
          + 1/8*g_(1,6_,nu10)*g_(2,nu13)*FT2(g6)*FT2*cFT(nu13,XX,i2,iufo11)*
         cFT(g7,XX,iufo11,j11)*flavourTag(fmu,j11,j12)*Vec(nu10,q2)*Vec(nu14,
         q2)^2*p4.p4^2*d^-1*ufoGC58^2*ufoGC76*ufoGC69
          + 1/4*g_(1,6_,nu10)*g_(2,nu13)*FT2(g6)*FT2*cFT(nu13,XX,i2,iufo11)*
         cFT(g7,XX,iufo11,j11)*flavourTag(fmu,j11,j12)*Vec(nu10,q2)*Vec(nu14,
         q2)*Vec(nu14,q3)*p4.p4^2*d^-1*ufoGC58^2*ufoGC76*ufoGC69
          + 1/8*g_(1,6_,nu10)*g_(2,nu13)*FT2(g6)*FT2*cFT(nu13,XX,i2,iufo11)*
         cFT(g7,XX,iufo11,j11)*flavourTag(fmu,j11,j12)*Vec(nu10,q2)*Vec(nu14,
         q3)^2*p4.p4^2*d^-1*ufoGC58^2*ufoGC76*ufoGC69
          - 1/8*g_(1,6_,nu10)*g_(2,nu13)*FT2(g6)*FT2*cFT(nu13,XX,i2,iufo11)*
         cFT(g7,XX,iufo11,j11)*flavourTag(fmu,j11,j12)*Vec(nu10,q3)*Vec(nu9,q2
         )^2*p4.p4^2*d^-1*ufoGC58^2*ufoGC76*ufoGC69
          - 1/4*g_(1,6_,nu10)*g_(2,nu13)*FT2(g6)*FT2*cFT(nu13,XX,i2,iufo11)*
         cFT(g7,XX,iufo11,j11)*flavourTag(fmu,j11,j12)*Vec(nu10,q3)*Vec(nu9,q2
         )*Vec(nu9,q3)*p4.p4^2*d^-1*ufoGC58^2*ufoGC76*ufoGC69
          - 1/8*g_(1,6_,nu10)*g_(2,nu13)*FT2(g6)*FT2*cFT(nu13,XX,i2,iufo11)*
         cFT(g7,XX,iufo11,j11)*flavourTag(fmu,j11,j12)*Vec(nu10,q3)*Vec(nu9,q3
         )^2*p4.p4^2*d^-1*ufoGC58^2*ufoGC76*ufoGC69
          + 1/8*g_(1,6_,nu10)*g_(2,nu13)*FT2(g6)*FT2*cFT(nu13,XX,i2,iufo11)*
         cFT(g7,XX,iufo11,j11)*flavourTag(fmu,j11,j12)*Vec(nu10,q3)*Vec(nu14,
         q2)^2*p4.p4^2*d^-1*ufoGC58^2*ufoGC76*ufoGC69
          + 1/4*g_(1,6_,nu10)*g_(2,nu13)*FT2(g6)*FT2*cFT(nu13,XX,i2,iufo11)*
         cFT(g7,XX,iufo11,j11)*flavourTag(fmu,j11,j12)*Vec(nu10,q3)*Vec(nu14,
         q2)*Vec(nu14,q3)*p4.p4^2*d^-1*ufoGC58^2*ufoGC76*ufoGC69
          + 1/8*g_(1,6_,nu10)*g_(2,nu13)*FT2(g6)*FT2*cFT(nu13,XX,i2,iufo11)*
         cFT(g7,XX,iufo11,j11)*flavourTag(fmu,j11,j12)*Vec(nu10,q3)*Vec(nu14,
         q3)^2*p4.p4^2*d^-1*ufoGC58^2*ufoGC76*ufoGC69
          - 1/4*g_(1,6_,nu10)*g_(2,nu9)*FT2(g6)*FT2*cFT(nu13,XX,i2,iufo11)*
         cFT(g7,XX,iufo11,j11)*flavourTag(fmu,j11,j12)*Vec(nu10,q2)*Vec(nu13,
         q2)*Vec(nu9,q2)*p4.p4^2*d^-1*ufoGC58^2*ufoGC76*ufoGC69
          - 1/4*g_(1,6_,nu10)*g_(2,nu9)*FT2(g6)*FT2*cFT(nu13,XX,i2,iufo11)*
         cFT(g7,XX,iufo11,j11)*flavourTag(fmu,j11,j12)*Vec(nu10,q2)*Vec(nu13,
         q2)*Vec(nu9,q3)*p4.p4^2*d^-1*ufoGC58^2*ufoGC76*ufoGC69
          - 1/4*g_(1,6_,nu10)*g_(2,nu9)*FT2(g6)*FT2*cFT(nu13,XX,i2,iufo11)*
         cFT(g7,XX,iufo11,j11)*flavourTag(fmu,j11,j12)*Vec(nu10,q2)*Vec(nu13,
         q3)*Vec(nu9,q2)*p4.p4^2*d^-1*ufoGC58^2*ufoGC76*ufoGC69
          - 1/4*g_(1,6_,nu10)*g_(2,nu9)*FT2(g6)*FT2*cFT(nu13,XX,i2,iufo11)*
         cFT(g7,XX,iufo11,j11)*flavourTag(fmu,j11,j12)*Vec(nu10,q2)*Vec(nu13,
         q3)*Vec(nu9,q3)*p4.p4^2*d^-1*ufoGC58^2*ufoGC76*ufoGC69
          - 1/4*g_(1,6_,nu10)*g_(2,nu9)*FT2(g6)*FT2*cFT(nu13,XX,i2,iufo11)*
         cFT(g7,XX,iufo11,j11)*flavourTag(fmu,j11,j12)*Vec(nu10,q3)*Vec(nu13,
         q2)*Vec(nu9,q2)*p4.p4^2*d^-1*ufoGC58^2*ufoGC76*ufoGC69
          - 1/4*g_(1,6_,nu10)*g_(2,nu9)*FT2(g6)*FT2*cFT(nu13,XX,i2,iufo11)*
         cFT(g7,XX,iufo11,j11)*flavourTag(fmu,j11,j12)*Vec(nu10,q3)*Vec(nu13,
         q2)*Vec(nu9,q3)*p4.p4^2*d^-1*ufoGC58^2*ufoGC76*ufoGC69
          - 1/4*g_(1,6_,nu10)*g_(2,nu9)*FT2(g6)*FT2*cFT(nu13,XX,i2,iufo11)*
         cFT(g7,XX,iufo11,j11)*flavourTag(fmu,j11,j12)*Vec(nu10,q3)*Vec(nu13,
         q3)*Vec(nu9,q2)*p4.p4^2*d^-1*ufoGC58^2*ufoGC76*ufoGC69
          - 1/4*g_(1,6_,nu10)*g_(2,nu9)*FT2(g6)*FT2*cFT(nu13,XX,i2,iufo11)*
         cFT(g7,XX,iufo11,j11)*flavourTag(fmu,j11,j12)*Vec(nu10,q3)*Vec(nu13,
         q3)*Vec(nu9,q3)*p4.p4^2*d^-1*ufoGC58^2*ufoGC76*ufoGC69
          - 1/4*g_(1,6_,nu10)*g_(2,nu9)*FT2(g6)*FT2*cFT(nu15,XX,i2,iufo11)*
         cFT(g7,XX,iufo11,j11)/(d^3 + d^2 - 2*d)*flavourTag(fmu,j11,j12)*Vec(
         nu10,q2)*Vec(nu9,q2)*Vec(nu15,q2)*p4.p4^2*d*ufoGC58^2*ufoGC76*ufoGC69
          + 1/4*g_(1,6_,nu10)*g_(2,nu9)*FT2(g6)*FT2*cFT(nu15,XX,i2,iufo11)*
         cFT(g7,XX,iufo11,j11)/(d^3 + d^2 - 2*d)*flavourTag(fmu,j11,j12)*Vec(
         nu10,q2)*Vec(nu9,q2)*Vec(nu15,q2)*p4.p4^2*ufoGC58^2*ufoGC76*ufoGC69
          - 1/4*g_(1,6_,nu10)*g_(2,nu9)*FT2(g6)*FT2*cFT(nu15,XX,i2,iufo11)*
         cFT(g7,XX,iufo11,j11)/(d^3 + d^2 - 2*d)*flavourTag(fmu,j11,j12)*Vec(
         nu10,q2)*Vec(nu9,q2)*Vec(nu15,q3)*p4.p4^2*d*ufoGC58^2*ufoGC76*ufoGC69
          + 1/4*g_(1,6_,nu10)*g_(2,nu9)*FT2(g6)*FT2*cFT(nu15,XX,i2,iufo11)*
         cFT(g7,XX,iufo11,j11)/(d^3 + d^2 - 2*d)*flavourTag(fmu,j11,j12)*Vec(
         nu10,q2)*Vec(nu9,q2)*Vec(nu15,q3)*p4.p4^2*ufoGC58^2*ufoGC76*ufoGC69
          - 1/4*g_(1,6_,nu10)*g_(2,nu9)*FT2(g6)*FT2*cFT(nu15,XX,i2,iufo11)*
         cFT(g7,XX,iufo11,j11)/(d^3 + d^2 - 2*d)*flavourTag(fmu,j11,j12)*Vec(
         nu10,q2)*Vec(nu9,q3)*Vec(nu15,q2)*p4.p4^2*d*ufoGC58^2*ufoGC76*ufoGC69
          + 1/4*g_(1,6_,nu10)*g_(2,nu9)*FT2(g6)*FT2*cFT(nu15,XX,i2,iufo11)*
         cFT(g7,XX,iufo11,j11)/(d^3 + d^2 - 2*d)*flavourTag(fmu,j11,j12)*Vec(
         nu10,q2)*Vec(nu9,q3)*Vec(nu15,q2)*p4.p4^2*ufoGC58^2*ufoGC76*ufoGC69
          - 1/4*g_(1,6_,nu10)*g_(2,nu9)*FT2(g6)*FT2*cFT(nu15,XX,i2,iufo11)*
         cFT(g7,XX,iufo11,j11)/(d^3 + d^2 - 2*d)*flavourTag(fmu,j11,j12)*Vec(
         nu10,q2)*Vec(nu9,q3)*Vec(nu15,q3)*p4.p4^2*d*ufoGC58^2*ufoGC76*ufoGC69
          + 1/4*g_(1,6_,nu10)*g_(2,nu9)*FT2(g6)*FT2*cFT(nu15,XX,i2,iufo11)*
         cFT(g7,XX,iufo11,j11)/(d^3 + d^2 - 2*d)*flavourTag(fmu,j11,j12)*Vec(
         nu10,q2)*Vec(nu9,q3)*Vec(nu15,q3)*p4.p4^2*ufoGC58^2*ufoGC76*ufoGC69
          - 1/4*g_(1,6_,nu10)*g_(2,nu9)*FT2(g6)*FT2*cFT(nu15,XX,i2,iufo11)*
         cFT(g7,XX,iufo11,j11)/(d^3 + d^2 - 2*d)*flavourTag(fmu,j11,j12)*Vec(
         nu10,q3)*Vec(nu9,q2)*Vec(nu15,q2)*p4.p4^2*d*ufoGC58^2*ufoGC76*ufoGC69
          + 1/4*g_(1,6_,nu10)*g_(2,nu9)*FT2(g6)*FT2*cFT(nu15,XX,i2,iufo11)*
         cFT(g7,XX,iufo11,j11)/(d^3 + d^2 - 2*d)*flavourTag(fmu,j11,j12)*Vec(
         nu10,q3)*Vec(nu9,q2)*Vec(nu15,q2)*p4.p4^2*ufoGC58^2*ufoGC76*ufoGC69
          - 1/4*g_(1,6_,nu10)*g_(2,nu9)*FT2(g6)*FT2*cFT(nu15,XX,i2,iufo11)*
         cFT(g7,XX,iufo11,j11)/(d^3 + d^2 - 2*d)*flavourTag(fmu,j11,j12)*Vec(
         nu10,q3)*Vec(nu9,q2)*Vec(nu15,q3)*p4.p4^2*d*ufoGC58^2*ufoGC76*ufoGC69
          + 1/4*g_(1,6_,nu10)*g_(2,nu9)*FT2(g6)*FT2*cFT(nu15,XX,i2,iufo11)*
         cFT(g7,XX,iufo11,j11)/(d^3 + d^2 - 2*d)*flavourTag(fmu,j11,j12)*Vec(
         nu10,q3)*Vec(nu9,q2)*Vec(nu15,q3)*p4.p4^2*ufoGC58^2*ufoGC76*ufoGC69
          - 1/4*g_(1,6_,nu10)*g_(2,nu9)*FT2(g6)*FT2*cFT(nu15,XX,i2,iufo11)*
         cFT(g7,XX,iufo11,j11)/(d^3 + d^2 - 2*d)*flavourTag(fmu,j11,j12)*Vec(
         nu10,q3)*Vec(nu9,q3)*Vec(nu15,q2)*p4.p4^2*d*ufoGC58^2*ufoGC76*ufoGC69
          + 1/4*g_(1,6_,nu10)*g_(2,nu9)*FT2(g6)*FT2*cFT(nu15,XX,i2,iufo11)*
         cFT(g7,XX,iufo11,j11)/(d^3 + d^2 - 2*d)*flavourTag(fmu,j11,j12)*Vec(
         nu10,q3)*Vec(nu9,q3)*Vec(nu15,q2)*p4.p4^2*ufoGC58^2*ufoGC76*ufoGC69
          - 1/4*g_(1,6_,nu10)*g_(2,nu9)*FT2(g6)*FT2*cFT(nu15,XX,i2,iufo11)*
         cFT(g7,XX,iufo11,j11)/(d^3 + d^2 - 2*d)*flavourTag(fmu,j11,j12)*Vec(
         nu10,q3)*Vec(nu9,q3)*Vec(nu15,q3)*p4.p4^2*d*ufoGC58^2*ufoGC76*ufoGC69
          + 1/4*g_(1,6_,nu10)*g_(2,nu9)*FT2(g6)*FT2*cFT(nu15,XX,i2,iufo11)*
         cFT(g7,XX,iufo11,j11)/(d^3 + d^2 - 2*d)*flavourTag(fmu,j11,j12)*Vec(
         nu10,q3)*Vec(nu9,q3)*Vec(nu15,q3)*p4.p4^2*ufoGC58^2*ufoGC76*ufoGC69
          + 1/8*g_(1,6_,nu10)*g_(2,nu14)*FT2(g6)*FT2*cFT(nu13,XX,i2,iufo11)*
         cFT(g7,XX,iufo11,j11)*flavourTag(fmu,j11,j12)*Vec(nu10,q2)*Vec(nu13,
         q2)*Vec(nu14,q2)*p4.p4^2*d^-1*ufoGC58^2*ufoGC76*ufoGC69
          + 1/8*g_(1,6_,nu10)*g_(2,nu14)*FT2(g6)*FT2*cFT(nu13,XX,i2,iufo11)*
         cFT(g7,XX,iufo11,j11)*flavourTag(fmu,j11,j12)*Vec(nu10,q2)*Vec(nu13,
         q2)*Vec(nu14,q3)*p4.p4^2*d^-1*ufoGC58^2*ufoGC76*ufoGC69
          + 1/8*g_(1,6_,nu10)*g_(2,nu14)*FT2(g6)*FT2*cFT(nu13,XX,i2,iufo11)*
         cFT(g7,XX,iufo11,j11)*flavourTag(fmu,j11,j12)*Vec(nu10,q2)*Vec(nu13,
         q3)*Vec(nu14,q2)*p4.p4^2*d^-1*ufoGC58^2*ufoGC76*ufoGC69
          + 1/8*g_(1,6_,nu10)*g_(2,nu14)*FT2(g6)*FT2*cFT(nu13,XX,i2,iufo11)*
         cFT(g7,XX,iufo11,j11)*flavourTag(fmu,j11,j12)*Vec(nu10,q2)*Vec(nu13,
         q3)*Vec(nu14,q3)*p4.p4^2*d^-1*ufoGC58^2*ufoGC76*ufoGC69
          + 1/8*g_(1,6_,nu10)*g_(2,nu14)*FT2(g6)*FT2*cFT(nu13,XX,i2,iufo11)*
         cFT(g7,XX,iufo11,j11)*flavourTag(fmu,j11,j12)*Vec(nu10,q3)*Vec(nu13,
         q2)*Vec(nu14,q2)*p4.p4^2*d^-1*ufoGC58^2*ufoGC76*ufoGC69
          + 1/8*g_(1,6_,nu10)*g_(2,nu14)*FT2(g6)*FT2*cFT(nu13,XX,i2,iufo11)*
         cFT(g7,XX,iufo11,j11)*flavourTag(fmu,j11,j12)*Vec(nu10,q3)*Vec(nu13,
         q2)*Vec(nu14,q3)*p4.p4^2*d^-1*ufoGC58^2*ufoGC76*ufoGC69
          + 1/8*g_(1,6_,nu10)*g_(2,nu14)*FT2(g6)*FT2*cFT(nu13,XX,i2,iufo11)*
         cFT(g7,XX,iufo11,j11)*flavourTag(fmu,j11,j12)*Vec(nu10,q3)*Vec(nu13,
         q3)*Vec(nu14,q2)*p4.p4^2*d^-1*ufoGC58^2*ufoGC76*ufoGC69
          + 1/8*g_(1,6_,nu10)*g_(2,nu14)*FT2(g6)*FT2*cFT(nu13,XX,i2,iufo11)*
         cFT(g7,XX,iufo11,j11)*flavourTag(fmu,j11,j12)*Vec(nu10,q3)*Vec(nu13,
         q3)*Vec(nu14,q3)*p4.p4^2*d^-1*ufoGC58^2*ufoGC76*ufoGC69
          + 1/4*g_(1,6_,nu10)*g_(2,nu14)*FT2(g6)*FT2*cFT(nu15,XX,i2,iufo11)*
         cFT(g7,XX,iufo11,j11)/(d^3 + d^2 - 2*d)*flavourTag(fmu,j11,j12)*Vec(
         nu10,q2)*Vec(nu14,q2)*Vec(nu15,q2)*p4.p4^2*d*ufoGC58^2*ufoGC76*
         ufoGC69
          - 1/4*g_(1,6_,nu10)*g_(2,nu14)*FT2(g6)*FT2*cFT(nu15,XX,i2,iufo11)*
         cFT(g7,XX,iufo11,j11)/(d^3 + d^2 - 2*d)*flavourTag(fmu,j11,j12)*Vec(
         nu10,q2)*Vec(nu14,q2)*Vec(nu15,q2)*p4.p4^2*ufoGC58^2*ufoGC76*ufoGC69
          + 1/4*g_(1,6_,nu10)*g_(2,nu14)*FT2(g6)*FT2*cFT(nu15,XX,i2,iufo11)*
         cFT(g7,XX,iufo11,j11)/(d^3 + d^2 - 2*d)*flavourTag(fmu,j11,j12)*Vec(
         nu10,q2)*Vec(nu14,q2)*Vec(nu15,q3)*p4.p4^2*d*ufoGC58^2*ufoGC76*
         ufoGC69
          - 1/4*g_(1,6_,nu10)*g_(2,nu14)*FT2(g6)*FT2*cFT(nu15,XX,i2,iufo11)*
         cFT(g7,XX,iufo11,j11)/(d^3 + d^2 - 2*d)*flavourTag(fmu,j11,j12)*Vec(
         nu10,q2)*Vec(nu14,q2)*Vec(nu15,q3)*p4.p4^2*ufoGC58^2*ufoGC76*ufoGC69
          + 1/4*g_(1,6_,nu10)*g_(2,nu14)*FT2(g6)*FT2*cFT(nu15,XX,i2,iufo11)*
         cFT(g7,XX,iufo11,j11)/(d^3 + d^2 - 2*d)*flavourTag(fmu,j11,j12)*Vec(
         nu10,q2)*Vec(nu14,q3)*Vec(nu15,q2)*p4.p4^2*d*ufoGC58^2*ufoGC76*
         ufoGC69
          - 1/4*g_(1,6_,nu10)*g_(2,nu14)*FT2(g6)*FT2*cFT(nu15,XX,i2,iufo11)*
         cFT(g7,XX,iufo11,j11)/(d^3 + d^2 - 2*d)*flavourTag(fmu,j11,j12)*Vec(
         nu10,q2)*Vec(nu14,q3)*Vec(nu15,q2)*p4.p4^2*ufoGC58^2*ufoGC76*ufoGC69
          + 1/4*g_(1,6_,nu10)*g_(2,nu14)*FT2(g6)*FT2*cFT(nu15,XX,i2,iufo11)*
         cFT(g7,XX,iufo11,j11)/(d^3 + d^2 - 2*d)*flavourTag(fmu,j11,j12)*Vec(
         nu10,q2)*Vec(nu14,q3)*Vec(nu15,q3)*p4.p4^2*d*ufoGC58^2*ufoGC76*
         ufoGC69
          - 1/4*g_(1,6_,nu10)*g_(2,nu14)*FT2(g6)*FT2*cFT(nu15,XX,i2,iufo11)*
         cFT(g7,XX,iufo11,j11)/(d^3 + d^2 - 2*d)*flavourTag(fmu,j11,j12)*Vec(
         nu10,q2)*Vec(nu14,q3)*Vec(nu15,q3)*p4.p4^2*ufoGC58^2*ufoGC76*ufoGC69
          + 1/4*g_(1,6_,nu10)*g_(2,nu14)*FT2(g6)*FT2*cFT(nu15,XX,i2,iufo11)*
         cFT(g7,XX,iufo11,j11)/(d^3 + d^2 - 2*d)*flavourTag(fmu,j11,j12)*Vec(
         nu10,q3)*Vec(nu14,q2)*Vec(nu15,q2)*p4.p4^2*d*ufoGC58^2*ufoGC76*
         ufoGC69
          - 1/4*g_(1,6_,nu10)*g_(2,nu14)*FT2(g6)*FT2*cFT(nu15,XX,i2,iufo11)*
         cFT(g7,XX,iufo11,j11)/(d^3 + d^2 - 2*d)*flavourTag(fmu,j11,j12)*Vec(
         nu10,q3)*Vec(nu14,q2)*Vec(nu15,q2)*p4.p4^2*ufoGC58^2*ufoGC76*ufoGC69
          + 1/4*g_(1,6_,nu10)*g_(2,nu14)*FT2(g6)*FT2*cFT(nu15,XX,i2,iufo11)*
         cFT(g7,XX,iufo11,j11)/(d^3 + d^2 - 2*d)*flavourTag(fmu,j11,j12)*Vec(
         nu10,q3)*Vec(nu14,q2)*Vec(nu15,q3)*p4.p4^2*d*ufoGC58^2*ufoGC76*
         ufoGC69
          - 1/4*g_(1,6_,nu10)*g_(2,nu14)*FT2(g6)*FT2*cFT(nu15,XX,i2,iufo11)*
         cFT(g7,XX,iufo11,j11)/(d^3 + d^2 - 2*d)*flavourTag(fmu,j11,j12)*Vec(
         nu10,q3)*Vec(nu14,q2)*Vec(nu15,q3)*p4.p4^2*ufoGC58^2*ufoGC76*ufoGC69
          + 1/4*g_(1,6_,nu10)*g_(2,nu14)*FT2(g6)*FT2*cFT(nu15,XX,i2,iufo11)*
         cFT(g7,XX,iufo11,j11)/(d^3 + d^2 - 2*d)*flavourTag(fmu,j11,j12)*Vec(
         nu10,q3)*Vec(nu14,q3)*Vec(nu15,q2)*p4.p4^2*d*ufoGC58^2*ufoGC76*
         ufoGC69
          - 1/4*g_(1,6_,nu10)*g_(2,nu14)*FT2(g6)*FT2*cFT(nu15,XX,i2,iufo11)*
         cFT(g7,XX,iufo11,j11)/(d^3 + d^2 - 2*d)*flavourTag(fmu,j11,j12)*Vec(
         nu10,q3)*Vec(nu14,q3)*Vec(nu15,q2)*p4.p4^2*ufoGC58^2*ufoGC76*ufoGC69
          + 1/4*g_(1,6_,nu10)*g_(2,nu14)*FT2(g6)*FT2*cFT(nu15,XX,i2,iufo11)*
         cFT(g7,XX,iufo11,j11)/(d^3 + d^2 - 2*d)*flavourTag(fmu,j11,j12)*Vec(
         nu10,q3)*Vec(nu14,q3)*Vec(nu15,q3)*p4.p4^2*d*ufoGC58^2*ufoGC76*
         ufoGC69
          - 1/4*g_(1,6_,nu10)*g_(2,nu14)*FT2(g6)*FT2*cFT(nu15,XX,i2,iufo11)*
         cFT(g7,XX,iufo11,j11)/(d^3 + d^2 - 2*d)*flavourTag(fmu,j11,j12)*Vec(
         nu10,q3)*Vec(nu14,q3)*Vec(nu15,q3)*p4.p4^2*ufoGC58^2*ufoGC76*ufoGC69
          - 1/8*g_(1,6_,nu10)*g_(2,nu15)*FT2(g6)*FT2*cFT(nu13,XX,i2,iufo11)*
         cFT(g7,XX,iufo11,j11)*flavourTag(fmu,j11,j12)*Vec(nu10,q2)*Vec(nu13,
         q2)*Vec(nu9,q2)^2*Vec(nu15,q2)*p4.p4*d^-1*ufoGC58^2*ufoGC76*ufoGC69
          - 1/8*g_(1,6_,nu10)*g_(2,nu15)*FT2(g6)*FT2*cFT(nu13,XX,i2,iufo11)*
         cFT(g7,XX,iufo11,j11)*flavourTag(fmu,j11,j12)*Vec(nu10,q2)*Vec(nu13,
         q2)*Vec(nu9,q2)^2*Vec(nu15,q3)*p4.p4*d^-1*ufoGC58^2*ufoGC76*ufoGC69
          - 1/4*g_(1,6_,nu10)*g_(2,nu15)*FT2(g6)*FT2*cFT(nu13,XX,i2,iufo11)*
         cFT(g7,XX,iufo11,j11)*flavourTag(fmu,j11,j12)*Vec(nu10,q2)*Vec(nu13,
         q2)*Vec(nu9,q2)*Vec(nu9,q3)*Vec(nu15,q2)*p4.p4*d^-1*ufoGC58^2*ufoGC76
         *ufoGC69
          - 1/4*g_(1,6_,nu10)*g_(2,nu15)*FT2(g6)*FT2*cFT(nu13,XX,i2,iufo11)*
         cFT(g7,XX,iufo11,j11)*flavourTag(fmu,j11,j12)*Vec(nu10,q2)*Vec(nu13,
         q2)*Vec(nu9,q2)*Vec(nu9,q3)*Vec(nu15,q3)*p4.p4*d^-1*ufoGC58^2*ufoGC76
         *ufoGC69
          - 1/8*g_(1,6_,nu10)*g_(2,nu15)*FT2(g6)*FT2*cFT(nu13,XX,i2,iufo11)*
         cFT(g7,XX,iufo11,j11)*flavourTag(fmu,j11,j12)*Vec(nu10,q2)*Vec(nu13,
         q2)*Vec(nu9,q3)^2*Vec(nu15,q2)*p4.p4*d^-1*ufoGC58^2*ufoGC76*ufoGC69
          - 1/8*g_(1,6_,nu10)*g_(2,nu15)*FT2(g6)*FT2*cFT(nu13,XX,i2,iufo11)*
         cFT(g7,XX,iufo11,j11)*flavourTag(fmu,j11,j12)*Vec(nu10,q2)*Vec(nu13,
         q2)*Vec(nu9,q3)^2*Vec(nu15,q3)*p4.p4*d^-1*ufoGC58^2*ufoGC76*ufoGC69
          + 1/8*g_(1,6_,nu10)*g_(2,nu15)*FT2(g6)*FT2*cFT(nu13,XX,i2,iufo11)*
         cFT(g7,XX,iufo11,j11)*flavourTag(fmu,j11,j12)*Vec(nu10,q2)*Vec(nu13,
         q2)*Vec(nu14,q2)^2*Vec(nu15,q2)*p4.p4*d^-1*ufoGC58^2*ufoGC76*ufoGC69
          + 1/8*g_(1,6_,nu10)*g_(2,nu15)*FT2(g6)*FT2*cFT(nu13,XX,i2,iufo11)*
         cFT(g7,XX,iufo11,j11)*flavourTag(fmu,j11,j12)*Vec(nu10,q2)*Vec(nu13,
         q2)*Vec(nu14,q2)^2*Vec(nu15,q3)*p4.p4*d^-1*ufoGC58^2*ufoGC76*ufoGC69
          + 1/4*g_(1,6_,nu10)*g_(2,nu15)*FT2(g6)*FT2*cFT(nu13,XX,i2,iufo11)*
         cFT(g7,XX,iufo11,j11)*flavourTag(fmu,j11,j12)*Vec(nu10,q2)*Vec(nu13,
         q2)*Vec(nu14,q2)*Vec(nu14,q3)*Vec(nu15,q2)*p4.p4*d^-1*ufoGC58^2*
         ufoGC76*ufoGC69
          + 1/4*g_(1,6_,nu10)*g_(2,nu15)*FT2(g6)*FT2*cFT(nu13,XX,i2,iufo11)*
         cFT(g7,XX,iufo11,j11)*flavourTag(fmu,j11,j12)*Vec(nu10,q2)*Vec(nu13,
         q2)*Vec(nu14,q2)*Vec(nu14,q3)*Vec(nu15,q3)*p4.p4*d^-1*ufoGC58^2*
         ufoGC76*ufoGC69
          + 1/8*g_(1,6_,nu10)*g_(2,nu15)*FT2(g6)*FT2*cFT(nu13,XX,i2,iufo11)*
         cFT(g7,XX,iufo11,j11)*flavourTag(fmu,j11,j12)*Vec(nu10,q2)*Vec(nu13,
         q2)*Vec(nu14,q3)^2*Vec(nu15,q2)*p4.p4*d^-1*ufoGC58^2*ufoGC76*ufoGC69
          + 1/8*g_(1,6_,nu10)*g_(2,nu15)*FT2(g6)*FT2*cFT(nu13,XX,i2,iufo11)*
         cFT(g7,XX,iufo11,j11)*flavourTag(fmu,j11,j12)*Vec(nu10,q2)*Vec(nu13,
         q2)*Vec(nu14,q3)^2*Vec(nu15,q3)*p4.p4*d^-1*ufoGC58^2*ufoGC76*ufoGC69
          + 1/8*g_(1,6_,nu10)*g_(2,nu15)*FT2(g6)*FT2*cFT(nu13,XX,i2,iufo11)*
         cFT(g7,XX,iufo11,j11)*flavourTag(fmu,j11,j12)*Vec(nu10,q2)*Vec(nu13,
         q2)*Vec(nu15,q2)*p4.p4^2*d^-1*ufoGC58^2*ufoGC76*ufoGC69
          + 1/8*g_(1,6_,nu10)*g_(2,nu15)*FT2(g6)*FT2*cFT(nu13,XX,i2,iufo11)*
         cFT(g7,XX,iufo11,j11)*flavourTag(fmu,j11,j12)*Vec(nu10,q2)*Vec(nu13,
         q2)*Vec(nu15,q3)*p4.p4^2*d^-1*ufoGC58^2*ufoGC76*ufoGC69
          - 1/8*g_(1,6_,nu10)*g_(2,nu15)*FT2(g6)*FT2*cFT(nu13,XX,i2,iufo11)*
         cFT(g7,XX,iufo11,j11)*flavourTag(fmu,j11,j12)*Vec(nu10,q2)*Vec(nu13,
         q3)*Vec(nu9,q2)^2*Vec(nu15,q2)*p4.p4*d^-1*ufoGC58^2*ufoGC76*ufoGC69
          - 1/8*g_(1,6_,nu10)*g_(2,nu15)*FT2(g6)*FT2*cFT(nu13,XX,i2,iufo11)*
         cFT(g7,XX,iufo11,j11)*flavourTag(fmu,j11,j12)*Vec(nu10,q2)*Vec(nu13,
         q3)*Vec(nu9,q2)^2*Vec(nu15,q3)*p4.p4*d^-1*ufoGC58^2*ufoGC76*ufoGC69
          - 1/4*g_(1,6_,nu10)*g_(2,nu15)*FT2(g6)*FT2*cFT(nu13,XX,i2,iufo11)*
         cFT(g7,XX,iufo11,j11)*flavourTag(fmu,j11,j12)*Vec(nu10,q2)*Vec(nu13,
         q3)*Vec(nu9,q2)*Vec(nu9,q3)*Vec(nu15,q2)*p4.p4*d^-1*ufoGC58^2*ufoGC76
         *ufoGC69
          - 1/4*g_(1,6_,nu10)*g_(2,nu15)*FT2(g6)*FT2*cFT(nu13,XX,i2,iufo11)*
         cFT(g7,XX,iufo11,j11)*flavourTag(fmu,j11,j12)*Vec(nu10,q2)*Vec(nu13,
         q3)*Vec(nu9,q2)*Vec(nu9,q3)*Vec(nu15,q3)*p4.p4*d^-1*ufoGC58^2*ufoGC76
         *ufoGC69
          - 1/8*g_(1,6_,nu10)*g_(2,nu15)*FT2(g6)*FT2*cFT(nu13,XX,i2,iufo11)*
         cFT(g7,XX,iufo11,j11)*flavourTag(fmu,j11,j12)*Vec(nu10,q2)*Vec(nu13,
         q3)*Vec(nu9,q3)^2*Vec(nu15,q2)*p4.p4*d^-1*ufoGC58^2*ufoGC76*ufoGC69
          - 1/8*g_(1,6_,nu10)*g_(2,nu15)*FT2(g6)*FT2*cFT(nu13,XX,i2,iufo11)*
         cFT(g7,XX,iufo11,j11)*flavourTag(fmu,j11,j12)*Vec(nu10,q2)*Vec(nu13,
         q3)*Vec(nu9,q3)^2*Vec(nu15,q3)*p4.p4*d^-1*ufoGC58^2*ufoGC76*ufoGC69
          + 1/8*g_(1,6_,nu10)*g_(2,nu15)*FT2(g6)*FT2*cFT(nu13,XX,i2,iufo11)*
         cFT(g7,XX,iufo11,j11)*flavourTag(fmu,j11,j12)*Vec(nu10,q2)*Vec(nu13,
         q3)*Vec(nu14,q2)^2*Vec(nu15,q2)*p4.p4*d^-1*ufoGC58^2*ufoGC76*ufoGC69
          + 1/8*g_(1,6_,nu10)*g_(2,nu15)*FT2(g6)*FT2*cFT(nu13,XX,i2,iufo11)*
         cFT(g7,XX,iufo11,j11)*flavourTag(fmu,j11,j12)*Vec(nu10,q2)*Vec(nu13,
         q3)*Vec(nu14,q2)^2*Vec(nu15,q3)*p4.p4*d^-1*ufoGC58^2*ufoGC76*ufoGC69
          + 1/4*g_(1,6_,nu10)*g_(2,nu15)*FT2(g6)*FT2*cFT(nu13,XX,i2,iufo11)*
         cFT(g7,XX,iufo11,j11)*flavourTag(fmu,j11,j12)*Vec(nu10,q2)*Vec(nu13,
         q3)*Vec(nu14,q2)*Vec(nu14,q3)*Vec(nu15,q2)*p4.p4*d^-1*ufoGC58^2*
         ufoGC76*ufoGC69
          + 1/4*g_(1,6_,nu10)*g_(2,nu15)*FT2(g6)*FT2*cFT(nu13,XX,i2,iufo11)*
         cFT(g7,XX,iufo11,j11)*flavourTag(fmu,j11,j12)*Vec(nu10,q2)*Vec(nu13,
         q3)*Vec(nu14,q2)*Vec(nu14,q3)*Vec(nu15,q3)*p4.p4*d^-1*ufoGC58^2*
         ufoGC76*ufoGC69
          + 1/8*g_(1,6_,nu10)*g_(2,nu15)*FT2(g6)*FT2*cFT(nu13,XX,i2,iufo11)*
         cFT(g7,XX,iufo11,j11)*flavourTag(fmu,j11,j12)*Vec(nu10,q2)*Vec(nu13,
         q3)*Vec(nu14,q3)^2*Vec(nu15,q2)*p4.p4*d^-1*ufoGC58^2*ufoGC76*ufoGC69
          + 1/8*g_(1,6_,nu10)*g_(2,nu15)*FT2(g6)*FT2*cFT(nu13,XX,i2,iufo11)*
         cFT(g7,XX,iufo11,j11)*flavourTag(fmu,j11,j12)*Vec(nu10,q2)*Vec(nu13,
         q3)*Vec(nu14,q3)^2*Vec(nu15,q3)*p4.p4*d^-1*ufoGC58^2*ufoGC76*ufoGC69
          + 1/8*g_(1,6_,nu10)*g_(2,nu15)*FT2(g6)*FT2*cFT(nu13,XX,i2,iufo11)*
         cFT(g7,XX,iufo11,j11)*flavourTag(fmu,j11,j12)*Vec(nu10,q2)*Vec(nu13,
         q3)*Vec(nu15,q2)*p4.p4^2*d^-1*ufoGC58^2*ufoGC76*ufoGC69
          + 1/8*g_(1,6_,nu10)*g_(2,nu15)*FT2(g6)*FT2*cFT(nu13,XX,i2,iufo11)*
         cFT(g7,XX,iufo11,j11)*flavourTag(fmu,j11,j12)*Vec(nu10,q2)*Vec(nu13,
         q3)*Vec(nu15,q3)*p4.p4^2*d^-1*ufoGC58^2*ufoGC76*ufoGC69
          - 1/8*g_(1,6_,nu10)*g_(2,nu15)*FT2(g6)*FT2*cFT(nu13,XX,i2,iufo11)*
         cFT(g7,XX,iufo11,j11)*flavourTag(fmu,j11,j12)*Vec(nu10,q3)*Vec(nu13,
         q2)*Vec(nu9,q2)^2*Vec(nu15,q2)*p4.p4*d^-1*ufoGC58^2*ufoGC76*ufoGC69
          - 1/8*g_(1,6_,nu10)*g_(2,nu15)*FT2(g6)*FT2*cFT(nu13,XX,i2,iufo11)*
         cFT(g7,XX,iufo11,j11)*flavourTag(fmu,j11,j12)*Vec(nu10,q3)*Vec(nu13,
         q2)*Vec(nu9,q2)^2*Vec(nu15,q3)*p4.p4*d^-1*ufoGC58^2*ufoGC76*ufoGC69
          - 1/4*g_(1,6_,nu10)*g_(2,nu15)*FT2(g6)*FT2*cFT(nu13,XX,i2,iufo11)*
         cFT(g7,XX,iufo11,j11)*flavourTag(fmu,j11,j12)*Vec(nu10,q3)*Vec(nu13,
         q2)*Vec(nu9,q2)*Vec(nu9,q3)*Vec(nu15,q2)*p4.p4*d^-1*ufoGC58^2*ufoGC76
         *ufoGC69
          - 1/4*g_(1,6_,nu10)*g_(2,nu15)*FT2(g6)*FT2*cFT(nu13,XX,i2,iufo11)*
         cFT(g7,XX,iufo11,j11)*flavourTag(fmu,j11,j12)*Vec(nu10,q3)*Vec(nu13,
         q2)*Vec(nu9,q2)*Vec(nu9,q3)*Vec(nu15,q3)*p4.p4*d^-1*ufoGC58^2*ufoGC76
         *ufoGC69
          - 1/8*g_(1,6_,nu10)*g_(2,nu15)*FT2(g6)*FT2*cFT(nu13,XX,i2,iufo11)*
         cFT(g7,XX,iufo11,j11)*flavourTag(fmu,j11,j12)*Vec(nu10,q3)*Vec(nu13,
         q2)*Vec(nu9,q3)^2*Vec(nu15,q2)*p4.p4*d^-1*ufoGC58^2*ufoGC76*ufoGC69
          - 1/8*g_(1,6_,nu10)*g_(2,nu15)*FT2(g6)*FT2*cFT(nu13,XX,i2,iufo11)*
         cFT(g7,XX,iufo11,j11)*flavourTag(fmu,j11,j12)*Vec(nu10,q3)*Vec(nu13,
         q2)*Vec(nu9,q3)^2*Vec(nu15,q3)*p4.p4*d^-1*ufoGC58^2*ufoGC76*ufoGC69
          + 1/8*g_(1,6_,nu10)*g_(2,nu15)*FT2(g6)*FT2*cFT(nu13,XX,i2,iufo11)*
         cFT(g7,XX,iufo11,j11)*flavourTag(fmu,j11,j12)*Vec(nu10,q3)*Vec(nu13,
         q2)*Vec(nu14,q2)^2*Vec(nu15,q2)*p4.p4*d^-1*ufoGC58^2*ufoGC76*ufoGC69
          + 1/8*g_(1,6_,nu10)*g_(2,nu15)*FT2(g6)*FT2*cFT(nu13,XX,i2,iufo11)*
         cFT(g7,XX,iufo11,j11)*flavourTag(fmu,j11,j12)*Vec(nu10,q3)*Vec(nu13,
         q2)*Vec(nu14,q2)^2*Vec(nu15,q3)*p4.p4*d^-1*ufoGC58^2*ufoGC76*ufoGC69
          + 1/4*g_(1,6_,nu10)*g_(2,nu15)*FT2(g6)*FT2*cFT(nu13,XX,i2,iufo11)*
         cFT(g7,XX,iufo11,j11)*flavourTag(fmu,j11,j12)*Vec(nu10,q3)*Vec(nu13,
         q2)*Vec(nu14,q2)*Vec(nu14,q3)*Vec(nu15,q2)*p4.p4*d^-1*ufoGC58^2*
         ufoGC76*ufoGC69
          + 1/4*g_(1,6_,nu10)*g_(2,nu15)*FT2(g6)*FT2*cFT(nu13,XX,i2,iufo11)*
         cFT(g7,XX,iufo11,j11)*flavourTag(fmu,j11,j12)*Vec(nu10,q3)*Vec(nu13,
         q2)*Vec(nu14,q2)*Vec(nu14,q3)*Vec(nu15,q3)*p4.p4*d^-1*ufoGC58^2*
         ufoGC76*ufoGC69
          + 1/8*g_(1,6_,nu10)*g_(2,nu15)*FT2(g6)*FT2*cFT(nu13,XX,i2,iufo11)*
         cFT(g7,XX,iufo11,j11)*flavourTag(fmu,j11,j12)*Vec(nu10,q3)*Vec(nu13,
         q2)*Vec(nu14,q3)^2*Vec(nu15,q2)*p4.p4*d^-1*ufoGC58^2*ufoGC76*ufoGC69
          + 1/8*g_(1,6_,nu10)*g_(2,nu15)*FT2(g6)*FT2*cFT(nu13,XX,i2,iufo11)*
         cFT(g7,XX,iufo11,j11)*flavourTag(fmu,j11,j12)*Vec(nu10,q3)*Vec(nu13,
         q2)*Vec(nu14,q3)^2*Vec(nu15,q3)*p4.p4*d^-1*ufoGC58^2*ufoGC76*ufoGC69
          + 1/8*g_(1,6_,nu10)*g_(2,nu15)*FT2(g6)*FT2*cFT(nu13,XX,i2,iufo11)*
         cFT(g7,XX,iufo11,j11)*flavourTag(fmu,j11,j12)*Vec(nu10,q3)*Vec(nu13,
         q2)*Vec(nu15,q2)*p4.p4^2*d^-1*ufoGC58^2*ufoGC76*ufoGC69
          + 1/8*g_(1,6_,nu10)*g_(2,nu15)*FT2(g6)*FT2*cFT(nu13,XX,i2,iufo11)*
         cFT(g7,XX,iufo11,j11)*flavourTag(fmu,j11,j12)*Vec(nu10,q3)*Vec(nu13,
         q2)*Vec(nu15,q3)*p4.p4^2*d^-1*ufoGC58^2*ufoGC76*ufoGC69
          - 1/8*g_(1,6_,nu10)*g_(2,nu15)*FT2(g6)*FT2*cFT(nu13,XX,i2,iufo11)*
         cFT(g7,XX,iufo11,j11)*flavourTag(fmu,j11,j12)*Vec(nu10,q3)*Vec(nu13,
         q3)*Vec(nu9,q2)^2*Vec(nu15,q2)*p4.p4*d^-1*ufoGC58^2*ufoGC76*ufoGC69
          - 1/8*g_(1,6_,nu10)*g_(2,nu15)*FT2(g6)*FT2*cFT(nu13,XX,i2,iufo11)*
         cFT(g7,XX,iufo11,j11)*flavourTag(fmu,j11,j12)*Vec(nu10,q3)*Vec(nu13,
         q3)*Vec(nu9,q2)^2*Vec(nu15,q3)*p4.p4*d^-1*ufoGC58^2*ufoGC76*ufoGC69
          - 1/4*g_(1,6_,nu10)*g_(2,nu15)*FT2(g6)*FT2*cFT(nu13,XX,i2,iufo11)*
         cFT(g7,XX,iufo11,j11)*flavourTag(fmu,j11,j12)*Vec(nu10,q3)*Vec(nu13,
         q3)*Vec(nu9,q2)*Vec(nu9,q3)*Vec(nu15,q2)*p4.p4*d^-1*ufoGC58^2*ufoGC76
         *ufoGC69
          - 1/4*g_(1,6_,nu10)*g_(2,nu15)*FT2(g6)*FT2*cFT(nu13,XX,i2,iufo11)*
         cFT(g7,XX,iufo11,j11)*flavourTag(fmu,j11,j12)*Vec(nu10,q3)*Vec(nu13,
         q3)*Vec(nu9,q2)*Vec(nu9,q3)*Vec(nu15,q3)*p4.p4*d^-1*ufoGC58^2*ufoGC76
         *ufoGC69
          - 1/8*g_(1,6_,nu10)*g_(2,nu15)*FT2(g6)*FT2*cFT(nu13,XX,i2,iufo11)*
         cFT(g7,XX,iufo11,j11)*flavourTag(fmu,j11,j12)*Vec(nu10,q3)*Vec(nu13,
         q3)*Vec(nu9,q3)^2*Vec(nu15,q2)*p4.p4*d^-1*ufoGC58^2*ufoGC76*ufoGC69
          - 1/8*g_(1,6_,nu10)*g_(2,nu15)*FT2(g6)*FT2*cFT(nu13,XX,i2,iufo11)*
         cFT(g7,XX,iufo11,j11)*flavourTag(fmu,j11,j12)*Vec(nu10,q3)*Vec(nu13,
         q3)*Vec(nu9,q3)^2*Vec(nu15,q3)*p4.p4*d^-1*ufoGC58^2*ufoGC76*ufoGC69
          + 1/8*g_(1,6_,nu10)*g_(2,nu15)*FT2(g6)*FT2*cFT(nu13,XX,i2,iufo11)*
         cFT(g7,XX,iufo11,j11)*flavourTag(fmu,j11,j12)*Vec(nu10,q3)*Vec(nu13,
         q3)*Vec(nu14,q2)^2*Vec(nu15,q2)*p4.p4*d^-1*ufoGC58^2*ufoGC76*ufoGC69
          + 1/8*g_(1,6_,nu10)*g_(2,nu15)*FT2(g6)*FT2*cFT(nu13,XX,i2,iufo11)*
         cFT(g7,XX,iufo11,j11)*flavourTag(fmu,j11,j12)*Vec(nu10,q3)*Vec(nu13,
         q3)*Vec(nu14,q2)^2*Vec(nu15,q3)*p4.p4*d^-1*ufoGC58^2*ufoGC76*ufoGC69
          + 1/4*g_(1,6_,nu10)*g_(2,nu15)*FT2(g6)*FT2*cFT(nu13,XX,i2,iufo11)*
         cFT(g7,XX,iufo11,j11)*flavourTag(fmu,j11,j12)*Vec(nu10,q3)*Vec(nu13,
         q3)*Vec(nu14,q2)*Vec(nu14,q3)*Vec(nu15,q2)*p4.p4*d^-1*ufoGC58^2*
         ufoGC76*ufoGC69
          + 1/4*g_(1,6_,nu10)*g_(2,nu15)*FT2(g6)*FT2*cFT(nu13,XX,i2,iufo11)*
         cFT(g7,XX,iufo11,j11)*flavourTag(fmu,j11,j12)*Vec(nu10,q3)*Vec(nu13,
         q3)*Vec(nu14,q2)*Vec(nu14,q3)*Vec(nu15,q3)*p4.p4*d^-1*ufoGC58^2*
         ufoGC76*ufoGC69
          + 1/8*g_(1,6_,nu10)*g_(2,nu15)*FT2(g6)*FT2*cFT(nu13,XX,i2,iufo11)*
         cFT(g7,XX,iufo11,j11)*flavourTag(fmu,j11,j12)*Vec(nu10,q3)*Vec(nu13,
         q3)*Vec(nu14,q3)^2*Vec(nu15,q2)*p4.p4*d^-1*ufoGC58^2*ufoGC76*ufoGC69
          + 1/8*g_(1,6_,nu10)*g_(2,nu15)*FT2(g6)*FT2*cFT(nu13,XX,i2,iufo11)*
         cFT(g7,XX,iufo11,j11)*flavourTag(fmu,j11,j12)*Vec(nu10,q3)*Vec(nu13,
         q3)*Vec(nu14,q3)^2*Vec(nu15,q3)*p4.p4*d^-1*ufoGC58^2*ufoGC76*ufoGC69
          + 1/8*g_(1,6_,nu10)*g_(2,nu15)*FT2(g6)*FT2*cFT(nu13,XX,i2,iufo11)*
         cFT(g7,XX,iufo11,j11)*flavourTag(fmu,j11,j12)*Vec(nu10,q3)*Vec(nu13,
         q3)*Vec(nu15,q2)*p4.p4^2*d^-1*ufoGC58^2*ufoGC76*ufoGC69
          + 1/8*g_(1,6_,nu10)*g_(2,nu15)*FT2(g6)*FT2*cFT(nu13,XX,i2,iufo11)*
         cFT(g7,XX,iufo11,j11)*flavourTag(fmu,j11,j12)*Vec(nu10,q3)*Vec(nu13,
         q3)*Vec(nu15,q3)*p4.p4^2*d^-1*ufoGC58^2*ufoGC76*ufoGC69
          - 1/4*g_(1,6_,nu10)*g_(2,nu15)*FT2(g6)*FT2*cFT(nu9,XX,i2,iufo11)*
         cFT(g7,XX,iufo11,j11)/(d^3 + d^2 - 2*d)*flavourTag(fmu,j11,j12)*Vec(
         nu10,q2)*Vec(nu9,q2)*Vec(nu15,q2)*p4.p4^2*d*ufoGC58^2*ufoGC76*ufoGC69
          + 1/4*g_(1,6_,nu10)*g_(2,nu15)*FT2(g6)*FT2*cFT(nu9,XX,i2,iufo11)*
         cFT(g7,XX,iufo11,j11)/(d^3 + d^2 - 2*d)*flavourTag(fmu,j11,j12)*Vec(
         nu10,q2)*Vec(nu9,q2)*Vec(nu15,q2)*p4.p4^2*ufoGC58^2*ufoGC76*ufoGC69
          - 1/4*g_(1,6_,nu10)*g_(2,nu15)*FT2(g6)*FT2*cFT(nu9,XX,i2,iufo11)*
         cFT(g7,XX,iufo11,j11)/(d^3 + d^2 - 2*d)*flavourTag(fmu,j11,j12)*Vec(
         nu10,q2)*Vec(nu9,q2)*Vec(nu15,q3)*p4.p4^2*d*ufoGC58^2*ufoGC76*ufoGC69
          + 1/4*g_(1,6_,nu10)*g_(2,nu15)*FT2(g6)*FT2*cFT(nu9,XX,i2,iufo11)*
         cFT(g7,XX,iufo11,j11)/(d^3 + d^2 - 2*d)*flavourTag(fmu,j11,j12)*Vec(
         nu10,q2)*Vec(nu9,q2)*Vec(nu15,q3)*p4.p4^2*ufoGC58^2*ufoGC76*ufoGC69
          - 1/4*g_(1,6_,nu10)*g_(2,nu15)*FT2(g6)*FT2*cFT(nu9,XX,i2,iufo11)*
         cFT(g7,XX,iufo11,j11)/(d^3 + d^2 - 2*d)*flavourTag(fmu,j11,j12)*Vec(
         nu10,q2)*Vec(nu9,q3)*Vec(nu15,q2)*p4.p4^2*d*ufoGC58^2*ufoGC76*ufoGC69
          + 1/4*g_(1,6_,nu10)*g_(2,nu15)*FT2(g6)*FT2*cFT(nu9,XX,i2,iufo11)*
         cFT(g7,XX,iufo11,j11)/(d^3 + d^2 - 2*d)*flavourTag(fmu,j11,j12)*Vec(
         nu10,q2)*Vec(nu9,q3)*Vec(nu15,q2)*p4.p4^2*ufoGC58^2*ufoGC76*ufoGC69
          - 1/4*g_(1,6_,nu10)*g_(2,nu15)*FT2(g6)*FT2*cFT(nu9,XX,i2,iufo11)*
         cFT(g7,XX,iufo11,j11)/(d^3 + d^2 - 2*d)*flavourTag(fmu,j11,j12)*Vec(
         nu10,q2)*Vec(nu9,q3)*Vec(nu15,q3)*p4.p4^2*d*ufoGC58^2*ufoGC76*ufoGC69
          + 1/4*g_(1,6_,nu10)*g_(2,nu15)*FT2(g6)*FT2*cFT(nu9,XX,i2,iufo11)*
         cFT(g7,XX,iufo11,j11)/(d^3 + d^2 - 2*d)*flavourTag(fmu,j11,j12)*Vec(
         nu10,q2)*Vec(nu9,q3)*Vec(nu15,q3)*p4.p4^2*ufoGC58^2*ufoGC76*ufoGC69
          - 1/4*g_(1,6_,nu10)*g_(2,nu15)*FT2(g6)*FT2*cFT(nu9,XX,i2,iufo11)*
         cFT(g7,XX,iufo11,j11)/(d^3 + d^2 - 2*d)*flavourTag(fmu,j11,j12)*Vec(
         nu10,q3)*Vec(nu9,q2)*Vec(nu15,q2)*p4.p4^2*d*ufoGC58^2*ufoGC76*ufoGC69
          + 1/4*g_(1,6_,nu10)*g_(2,nu15)*FT2(g6)*FT2*cFT(nu9,XX,i2,iufo11)*
         cFT(g7,XX,iufo11,j11)/(d^3 + d^2 - 2*d)*flavourTag(fmu,j11,j12)*Vec(
         nu10,q3)*Vec(nu9,q2)*Vec(nu15,q2)*p4.p4^2*ufoGC58^2*ufoGC76*ufoGC69
          - 1/4*g_(1,6_,nu10)*g_(2,nu15)*FT2(g6)*FT2*cFT(nu9,XX,i2,iufo11)*
         cFT(g7,XX,iufo11,j11)/(d^3 + d^2 - 2*d)*flavourTag(fmu,j11,j12)*Vec(
         nu10,q3)*Vec(nu9,q2)*Vec(nu15,q3)*p4.p4^2*d*ufoGC58^2*ufoGC76*ufoGC69
          + 1/4*g_(1,6_,nu10)*g_(2,nu15)*FT2(g6)*FT2*cFT(nu9,XX,i2,iufo11)*
         cFT(g7,XX,iufo11,j11)/(d^3 + d^2 - 2*d)*flavourTag(fmu,j11,j12)*Vec(
         nu10,q3)*Vec(nu9,q2)*Vec(nu15,q3)*p4.p4^2*ufoGC58^2*ufoGC76*ufoGC69
          - 1/4*g_(1,6_,nu10)*g_(2,nu15)*FT2(g6)*FT2*cFT(nu9,XX,i2,iufo11)*
         cFT(g7,XX,iufo11,j11)/(d^3 + d^2 - 2*d)*flavourTag(fmu,j11,j12)*Vec(
         nu10,q3)*Vec(nu9,q3)*Vec(nu15,q2)*p4.p4^2*d*ufoGC58^2*ufoGC76*ufoGC69
          + 1/4*g_(1,6_,nu10)*g_(2,nu15)*FT2(g6)*FT2*cFT(nu9,XX,i2,iufo11)*
         cFT(g7,XX,iufo11,j11)/(d^3 + d^2 - 2*d)*flavourTag(fmu,j11,j12)*Vec(
         nu10,q3)*Vec(nu9,q3)*Vec(nu15,q2)*p4.p4^2*ufoGC58^2*ufoGC76*ufoGC69
          - 1/4*g_(1,6_,nu10)*g_(2,nu15)*FT2(g6)*FT2*cFT(nu9,XX,i2,iufo11)*
         cFT(g7,XX,iufo11,j11)/(d^3 + d^2 - 2*d)*flavourTag(fmu,j11,j12)*Vec(
         nu10,q3)*Vec(nu9,q3)*Vec(nu15,q3)*p4.p4^2*d*ufoGC58^2*ufoGC76*ufoGC69
          + 1/4*g_(1,6_,nu10)*g_(2,nu15)*FT2(g6)*FT2*cFT(nu9,XX,i2,iufo11)*
         cFT(g7,XX,iufo11,j11)/(d^3 + d^2 - 2*d)*flavourTag(fmu,j11,j12)*Vec(
         nu10,q3)*Vec(nu9,q3)*Vec(nu15,q3)*p4.p4^2*ufoGC58^2*ufoGC76*ufoGC69
          + 1/4*g_(1,6_,nu10)*g_(2,nu15)*FT2(g6)*FT2*cFT(nu14,XX,i2,iufo11)*
         cFT(g7,XX,iufo11,j11)/(d^3 + d^2 - 2*d)*flavourTag(fmu,j11,j12)*Vec(
         nu10,q2)*Vec(nu14,q2)*Vec(nu15,q2)*p4.p4^2*d*ufoGC58^2*ufoGC76*
         ufoGC69
          - 1/4*g_(1,6_,nu10)*g_(2,nu15)*FT2(g6)*FT2*cFT(nu14,XX,i2,iufo11)*
         cFT(g7,XX,iufo11,j11)/(d^3 + d^2 - 2*d)*flavourTag(fmu,j11,j12)*Vec(
         nu10,q2)*Vec(nu14,q2)*Vec(nu15,q2)*p4.p4^2*ufoGC58^2*ufoGC76*ufoGC69
          + 1/4*g_(1,6_,nu10)*g_(2,nu15)*FT2(g6)*FT2*cFT(nu14,XX,i2,iufo11)*
         cFT(g7,XX,iufo11,j11)/(d^3 + d^2 - 2*d)*flavourTag(fmu,j11,j12)*Vec(
         nu10,q2)*Vec(nu14,q2)*Vec(nu15,q3)*p4.p4^2*d*ufoGC58^2*ufoGC76*
         ufoGC69
          - 1/4*g_(1,6_,nu10)*g_(2,nu15)*FT2(g6)*FT2*cFT(nu14,XX,i2,iufo11)*
         cFT(g7,XX,iufo11,j11)/(d^3 + d^2 - 2*d)*flavourTag(fmu,j11,j12)*Vec(
         nu10,q2)*Vec(nu14,q2)*Vec(nu15,q3)*p4.p4^2*ufoGC58^2*ufoGC76*ufoGC69
          + 1/4*g_(1,6_,nu10)*g_(2,nu15)*FT2(g6)*FT2*cFT(nu14,XX,i2,iufo11)*
         cFT(g7,XX,iufo11,j11)/(d^3 + d^2 - 2*d)*flavourTag(fmu,j11,j12)*Vec(
         nu10,q2)*Vec(nu14,q3)*Vec(nu15,q2)*p4.p4^2*d*ufoGC58^2*ufoGC76*
         ufoGC69
          - 1/4*g_(1,6_,nu10)*g_(2,nu15)*FT2(g6)*FT2*cFT(nu14,XX,i2,iufo11)*
         cFT(g7,XX,iufo11,j11)/(d^3 + d^2 - 2*d)*flavourTag(fmu,j11,j12)*Vec(
         nu10,q2)*Vec(nu14,q3)*Vec(nu15,q2)*p4.p4^2*ufoGC58^2*ufoGC76*ufoGC69
          + 1/4*g_(1,6_,nu10)*g_(2,nu15)*FT2(g6)*FT2*cFT(nu14,XX,i2,iufo11)*
         cFT(g7,XX,iufo11,j11)/(d^3 + d^2 - 2*d)*flavourTag(fmu,j11,j12)*Vec(
         nu10,q2)*Vec(nu14,q3)*Vec(nu15,q3)*p4.p4^2*d*ufoGC58^2*ufoGC76*
         ufoGC69
          - 1/4*g_(1,6_,nu10)*g_(2,nu15)*FT2(g6)*FT2*cFT(nu14,XX,i2,iufo11)*
         cFT(g7,XX,iufo11,j11)/(d^3 + d^2 - 2*d)*flavourTag(fmu,j11,j12)*Vec(
         nu10,q2)*Vec(nu14,q3)*Vec(nu15,q3)*p4.p4^2*ufoGC58^2*ufoGC76*ufoGC69
          + 1/4*g_(1,6_,nu10)*g_(2,nu15)*FT2(g6)*FT2*cFT(nu14,XX,i2,iufo11)*
         cFT(g7,XX,iufo11,j11)/(d^3 + d^2 - 2*d)*flavourTag(fmu,j11,j12)*Vec(
         nu10,q3)*Vec(nu14,q2)*Vec(nu15,q2)*p4.p4^2*d*ufoGC58^2*ufoGC76*
         ufoGC69
          - 1/4*g_(1,6_,nu10)*g_(2,nu15)*FT2(g6)*FT2*cFT(nu14,XX,i2,iufo11)*
         cFT(g7,XX,iufo11,j11)/(d^3 + d^2 - 2*d)*flavourTag(fmu,j11,j12)*Vec(
         nu10,q3)*Vec(nu14,q2)*Vec(nu15,q2)*p4.p4^2*ufoGC58^2*ufoGC76*ufoGC69
          + 1/4*g_(1,6_,nu10)*g_(2,nu15)*FT2(g6)*FT2*cFT(nu14,XX,i2,iufo11)*
         cFT(g7,XX,iufo11,j11)/(d^3 + d^2 - 2*d)*flavourTag(fmu,j11,j12)*Vec(
         nu10,q3)*Vec(nu14,q2)*Vec(nu15,q3)*p4.p4^2*d*ufoGC58^2*ufoGC76*
         ufoGC69
          - 1/4*g_(1,6_,nu10)*g_(2,nu15)*FT2(g6)*FT2*cFT(nu14,XX,i2,iufo11)*
         cFT(g7,XX,iufo11,j11)/(d^3 + d^2 - 2*d)*flavourTag(fmu,j11,j12)*Vec(
         nu10,q3)*Vec(nu14,q2)*Vec(nu15,q3)*p4.p4^2*ufoGC58^2*ufoGC76*ufoGC69
          + 1/4*g_(1,6_,nu10)*g_(2,nu15)*FT2(g6)*FT2*cFT(nu14,XX,i2,iufo11)*
         cFT(g7,XX,iufo11,j11)/(d^3 + d^2 - 2*d)*flavourTag(fmu,j11,j12)*Vec(
         nu10,q3)*Vec(nu14,q3)*Vec(nu15,q2)*p4.p4^2*d*ufoGC58^2*ufoGC76*
         ufoGC69
          - 1/4*g_(1,6_,nu10)*g_(2,nu15)*FT2(g6)*FT2*cFT(nu14,XX,i2,iufo11)*
         cFT(g7,XX,iufo11,j11)/(d^3 + d^2 - 2*d)*flavourTag(fmu,j11,j12)*Vec(
         nu10,q3)*Vec(nu14,q3)*Vec(nu15,q2)*p4.p4^2*ufoGC58^2*ufoGC76*ufoGC69
          + 1/4*g_(1,6_,nu10)*g_(2,nu15)*FT2(g6)*FT2*cFT(nu14,XX,i2,iufo11)*
         cFT(g7,XX,iufo11,j11)/(d^3 + d^2 - 2*d)*flavourTag(fmu,j11,j12)*Vec(
         nu10,q3)*Vec(nu14,q3)*Vec(nu15,q3)*p4.p4^2*d*ufoGC58^2*ufoGC76*
         ufoGC69
          - 1/4*g_(1,6_,nu10)*g_(2,nu15)*FT2(g6)*FT2*cFT(nu14,XX,i2,iufo11)*
         cFT(g7,XX,iufo11,j11)/(d^3 + d^2 - 2*d)*flavourTag(fmu,j11,j12)*Vec(
         nu10,q3)*Vec(nu14,q3)*Vec(nu15,q3)*p4.p4^2*ufoGC58^2*ufoGC76*ufoGC69
          )

       + Den(p4,xiz,M4)^2*Den(q2 + q3,xiw,M3)^2*Den(p4 + q2 + q3,xiw,M3) * (
          + 1/8*g_(1,6_,nu10)*g_(2,6_,nu13)*FT2*cFT(nu13,XX,i2,iufo11)*cFT(g7,
         XX,iufo11,j11)*flavourTag(fmu,j11,j12)*Vec(nu10,q2)*Vec(nu9,q2)^2*
         p4.p4*d^-1*ufoGC58^2*ufoGC80*ufoGC69
          + 1/4*g_(1,6_,nu10)*g_(2,6_,nu13)*FT2*cFT(nu13,XX,i2,iufo11)*cFT(g7,
         XX,iufo11,j11)*flavourTag(fmu,j11,j12)*Vec(nu10,q2)*Vec(nu9,q2)*Vec(
         nu9,q3)*p4.p4*d^-1*ufoGC58^2*ufoGC80*ufoGC69
          + 1/8*g_(1,6_,nu10)*g_(2,6_,nu13)*FT2*cFT(nu13,XX,i2,iufo11)*cFT(g7,
         XX,iufo11,j11)*flavourTag(fmu,j11,j12)*Vec(nu10,q2)*Vec(nu9,q3)^2*
         p4.p4*d^-1*ufoGC58^2*ufoGC80*ufoGC69
          + 1/8*g_(1,6_,nu10)*g_(2,6_,nu13)*FT2*cFT(nu13,XX,i2,iufo11)*cFT(g7,
         XX,iufo11,j11)*flavourTag(fmu,j11,j12)*Vec(nu10,q3)*Vec(nu9,q2)^2*
         p4.p4*d^-1*ufoGC58^2*ufoGC80*ufoGC69
          + 1/4*g_(1,6_,nu10)*g_(2,6_,nu13)*FT2*cFT(nu13,XX,i2,iufo11)*cFT(g7,
         XX,iufo11,j11)*flavourTag(fmu,j11,j12)*Vec(nu10,q3)*Vec(nu9,q2)*Vec(
         nu9,q3)*p4.p4*d^-1*ufoGC58^2*ufoGC80*ufoGC69
          + 1/8*g_(1,6_,nu10)*g_(2,6_,nu13)*FT2*cFT(nu13,XX,i2,iufo11)*cFT(g7,
         XX,iufo11,j11)*flavourTag(fmu,j11,j12)*Vec(nu10,q3)*Vec(nu9,q3)^2*
         p4.p4*d^-1*ufoGC58^2*ufoGC80*ufoGC69
          - 1/8*g_(1,6_,nu10)*g_(2,6_,nu15)*FT2*cFT(nu13,XX,i2,iufo11)*cFT(g7,
         XX,iufo11,j11)*flavourTag(fmu,j11,j12)*Vec(nu10,q2)*Vec(nu13,q2)*Vec(
         nu15,q2)*p4.p4*d^-1*ufoGC58^2*ufoGC80*ufoGC69
          - 1/8*g_(1,6_,nu10)*g_(2,6_,nu15)*FT2*cFT(nu13,XX,i2,iufo11)*cFT(g7,
         XX,iufo11,j11)*flavourTag(fmu,j11,j12)*Vec(nu10,q2)*Vec(nu13,q2)*Vec(
         nu15,q3)*p4.p4*d^-1*ufoGC58^2*ufoGC80*ufoGC69
          - 1/8*g_(1,6_,nu10)*g_(2,6_,nu15)*FT2*cFT(nu13,XX,i2,iufo11)*cFT(g7,
         XX,iufo11,j11)*flavourTag(fmu,j11,j12)*Vec(nu10,q2)*Vec(nu13,q3)*Vec(
         nu15,q2)*p4.p4*d^-1*ufoGC58^2*ufoGC80*ufoGC69
          - 1/8*g_(1,6_,nu10)*g_(2,6_,nu15)*FT2*cFT(nu13,XX,i2,iufo11)*cFT(g7,
         XX,iufo11,j11)*flavourTag(fmu,j11,j12)*Vec(nu10,q2)*Vec(nu13,q3)*Vec(
         nu15,q3)*p4.p4*d^-1*ufoGC58^2*ufoGC80*ufoGC69
          - 1/8*g_(1,6_,nu10)*g_(2,6_,nu15)*FT2*cFT(nu13,XX,i2,iufo11)*cFT(g7,
         XX,iufo11,j11)*flavourTag(fmu,j11,j12)*Vec(nu10,q3)*Vec(nu13,q2)*Vec(
         nu15,q2)*p4.p4*d^-1*ufoGC58^2*ufoGC80*ufoGC69
          - 1/8*g_(1,6_,nu10)*g_(2,6_,nu15)*FT2*cFT(nu13,XX,i2,iufo11)*cFT(g7,
         XX,iufo11,j11)*flavourTag(fmu,j11,j12)*Vec(nu10,q3)*Vec(nu13,q2)*Vec(
         nu15,q3)*p4.p4*d^-1*ufoGC58^2*ufoGC80*ufoGC69
          - 1/8*g_(1,6_,nu10)*g_(2,6_,nu15)*FT2*cFT(nu13,XX,i2,iufo11)*cFT(g7,
         XX,iufo11,j11)*flavourTag(fmu,j11,j12)*Vec(nu10,q3)*Vec(nu13,q3)*Vec(
         nu15,q2)*p4.p4*d^-1*ufoGC58^2*ufoGC80*ufoGC69
          - 1/8*g_(1,6_,nu10)*g_(2,6_,nu15)*FT2*cFT(nu13,XX,i2,iufo11)*cFT(g7,
         XX,iufo11,j11)*flavourTag(fmu,j11,j12)*Vec(nu10,q3)*Vec(nu13,q3)*Vec(
         nu15,q3)*p4.p4*d^-1*ufoGC58^2*ufoGC80*ufoGC69
          + 1/8*g_(1,6_,nu10)*g_(2,nu13)*FT2(g6)*FT2*cFT(nu13,XX,i2,iufo11)*
         cFT(g7,XX,iufo11,j11)*flavourTag(fmu,j11,j12)*Vec(nu10,q2)*Vec(nu9,q2
         )^2*p4.p4*d^-1*ufoGC58^2*ufoGC76*ufoGC69
          + 1/4*g_(1,6_,nu10)*g_(2,nu13)*FT2(g6)*FT2*cFT(nu13,XX,i2,iufo11)*
         cFT(g7,XX,iufo11,j11)*flavourTag(fmu,j11,j12)*Vec(nu10,q2)*Vec(nu9,q2
         )*Vec(nu9,q3)*p4.p4*d^-1*ufoGC58^2*ufoGC76*ufoGC69
          + 1/8*g_(1,6_,nu10)*g_(2,nu13)*FT2(g6)*FT2*cFT(nu13,XX,i2,iufo11)*
         cFT(g7,XX,iufo11,j11)*flavourTag(fmu,j11,j12)*Vec(nu10,q2)*Vec(nu9,q3
         )^2*p4.p4*d^-1*ufoGC58^2*ufoGC76*ufoGC69
          + 1/8*g_(1,6_,nu10)*g_(2,nu13)*FT2(g6)*FT2*cFT(nu13,XX,i2,iufo11)*
         cFT(g7,XX,iufo11,j11)*flavourTag(fmu,j11,j12)*Vec(nu10,q3)*Vec(nu9,q2
         )^2*p4.p4*d^-1*ufoGC58^2*ufoGC76*ufoGC69
          + 1/4*g_(1,6_,nu10)*g_(2,nu13)*FT2(g6)*FT2*cFT(nu13,XX,i2,iufo11)*
         cFT(g7,XX,iufo11,j11)*flavourTag(fmu,j11,j12)*Vec(nu10,q3)*Vec(nu9,q2
         )*Vec(nu9,q3)*p4.p4*d^-1*ufoGC58^2*ufoGC76*ufoGC69
          + 1/8*g_(1,6_,nu10)*g_(2,nu13)*FT2(g6)*FT2*cFT(nu13,XX,i2,iufo11)*
         cFT(g7,XX,iufo11,j11)*flavourTag(fmu,j11,j12)*Vec(nu10,q3)*Vec(nu9,q3
         )^2*p4.p4*d^-1*ufoGC58^2*ufoGC76*ufoGC69
          - 1/8*g_(1,6_,nu10)*g_(2,nu15)*FT2(g6)*FT2*cFT(nu13,XX,i2,iufo11)*
         cFT(g7,XX,iufo11,j11)*flavourTag(fmu,j11,j12)*Vec(nu10,q2)*Vec(nu13,
         q2)*Vec(nu15,q2)*p4.p4*d^-1*ufoGC58^2*ufoGC76*ufoGC69
          - 1/8*g_(1,6_,nu10)*g_(2,nu15)*FT2(g6)*FT2*cFT(nu13,XX,i2,iufo11)*
         cFT(g7,XX,iufo11,j11)*flavourTag(fmu,j11,j12)*Vec(nu10,q2)*Vec(nu13,
         q2)*Vec(nu15,q3)*p4.p4*d^-1*ufoGC58^2*ufoGC76*ufoGC69
          - 1/8*g_(1,6_,nu10)*g_(2,nu15)*FT2(g6)*FT2*cFT(nu13,XX,i2,iufo11)*
         cFT(g7,XX,iufo11,j11)*flavourTag(fmu,j11,j12)*Vec(nu10,q2)*Vec(nu13,
         q3)*Vec(nu15,q2)*p4.p4*d^-1*ufoGC58^2*ufoGC76*ufoGC69
          - 1/8*g_(1,6_,nu10)*g_(2,nu15)*FT2(g6)*FT2*cFT(nu13,XX,i2,iufo11)*
         cFT(g7,XX,iufo11,j11)*flavourTag(fmu,j11,j12)*Vec(nu10,q2)*Vec(nu13,
         q3)*Vec(nu15,q3)*p4.p4*d^-1*ufoGC58^2*ufoGC76*ufoGC69
          - 1/8*g_(1,6_,nu10)*g_(2,nu15)*FT2(g6)*FT2*cFT(nu13,XX,i2,iufo11)*
         cFT(g7,XX,iufo11,j11)*flavourTag(fmu,j11,j12)*Vec(nu10,q3)*Vec(nu13,
         q2)*Vec(nu15,q2)*p4.p4*d^-1*ufoGC58^2*ufoGC76*ufoGC69
          - 1/8*g_(1,6_,nu10)*g_(2,nu15)*FT2(g6)*FT2*cFT(nu13,XX,i2,iufo11)*
         cFT(g7,XX,iufo11,j11)*flavourTag(fmu,j11,j12)*Vec(nu10,q3)*Vec(nu13,
         q2)*Vec(nu15,q3)*p4.p4*d^-1*ufoGC58^2*ufoGC76*ufoGC69
          - 1/8*g_(1,6_,nu10)*g_(2,nu15)*FT2(g6)*FT2*cFT(nu13,XX,i2,iufo11)*
         cFT(g7,XX,iufo11,j11)*flavourTag(fmu,j11,j12)*Vec(nu10,q3)*Vec(nu13,
         q3)*Vec(nu15,q2)*p4.p4*d^-1*ufoGC58^2*ufoGC76*ufoGC69
          - 1/8*g_(1,6_,nu10)*g_(2,nu15)*FT2(g6)*FT2*cFT(nu13,XX,i2,iufo11)*
         cFT(g7,XX,iufo11,j11)*flavourTag(fmu,j11,j12)*Vec(nu10,q3)*Vec(nu13,
         q3)*Vec(nu15,q3)*p4.p4*d^-1*ufoGC58^2*ufoGC76*ufoGC69
          );

  0.04 sec out of 0.05 sec
