FORM 5.0.0-beta.1 (Jan 15 2026, v5.0.0-beta.1-292-g4341c63)  Run: Thu Mar  5 11:47:23 2026
    #-

   d1l228amp =

       + Den(p4,xiw,M3)^2*Den(p4,xiz,M4)^2*Den(xiw,M3)^2 * (
          + 1/8*g_(1,6_,nu14)*FT1*g_(1,p4)*g_(2,6_,nu14)*cFT(nu9,XX,i2,iufo3)*
         cFT(g7,XX,iufo3,i3)*flavourTag(fe,j11,j12)*Vec(nu9,q2)*Vec(nu10,q2)^2
         *p4.p4^2*d^-1*xiw*xiz*ufoGC58^2*ufoGC80*ufoGC69
          + 1/4*g_(1,6_,nu14)*FT1*g_(1,p4)*g_(2,6_,nu14)*cFT(nu9,XX,i2,iufo3)*
         cFT(g7,XX,iufo3,i3)*flavourTag(fe,j11,j12)*Vec(nu9,q2)*Vec(nu10,q2)*
         Vec(nu10,q3)*p4.p4^2*d^-1*xiw*xiz*ufoGC58^2*ufoGC80*ufoGC69
          + 1/8*g_(1,6_,nu14)*FT1*g_(1,p4)*g_(2,6_,nu14)*cFT(nu9,XX,i2,iufo3)*
         cFT(g7,XX,iufo3,i3)*flavourTag(fe,j11,j12)*Vec(nu9,q2)*Vec(nu10,q3)^2
         *p4.p4^2*d^-1*xiw*xiz*ufoGC58^2*ufoGC80*ufoGC69
          - 1/8*g_(1,6_,nu14)*FT1*g_(1,p4)*g_(2,6_,nu14)*cFT(nu9,XX,i2,iufo3)*
         cFT(g7,XX,iufo3,i3)*flavourTag(fe,j11,j12)*Vec(nu9,q2)*Vec(nu13,q2)^2
         *p4.p4^2*d^-1*xiw*xiz*ufoGC58^2*ufoGC80*ufoGC69
          - 1/4*g_(1,6_,nu14)*FT1*g_(1,p4)*g_(2,6_,nu14)*cFT(nu9,XX,i2,iufo3)*
         cFT(g7,XX,iufo3,i3)*flavourTag(fe,j11,j12)*Vec(nu9,q2)*Vec(nu13,q2)*
         Vec(nu13,q3)*p4.p4^2*d^-1*xiw*xiz*ufoGC58^2*ufoGC80*ufoGC69
          - 1/8*g_(1,6_,nu14)*FT1*g_(1,p4)*g_(2,6_,nu14)*cFT(nu9,XX,i2,iufo3)*
         cFT(g7,XX,iufo3,i3)*flavourTag(fe,j11,j12)*Vec(nu9,q2)*Vec(nu13,q3)^2
         *p4.p4^2*d^-1*xiw*xiz*ufoGC58^2*ufoGC80*ufoGC69
          + 1/8*g_(1,6_,nu14)*FT1*g_(1,p4)*g_(2,6_,nu14)*cFT(nu9,XX,i2,iufo3)*
         cFT(g7,XX,iufo3,i3)*flavourTag(fe,j11,j12)*Vec(nu9,q3)*Vec(nu10,q2)^2
         *p4.p4^2*d^-1*xiw*xiz*ufoGC58^2*ufoGC80*ufoGC69
          + 1/4*g_(1,6_,nu14)*FT1*g_(1,p4)*g_(2,6_,nu14)*cFT(nu9,XX,i2,iufo3)*
         cFT(g7,XX,iufo3,i3)*flavourTag(fe,j11,j12)*Vec(nu9,q3)*Vec(nu10,q2)*
         Vec(nu10,q3)*p4.p4^2*d^-1*xiw*xiz*ufoGC58^2*ufoGC80*ufoGC69
          + 1/8*g_(1,6_,nu14)*FT1*g_(1,p4)*g_(2,6_,nu14)*cFT(nu9,XX,i2,iufo3)*
         cFT(g7,XX,iufo3,i3)*flavourTag(fe,j11,j12)*Vec(nu9,q3)*Vec(nu10,q3)^2
         *p4.p4^2*d^-1*xiw*xiz*ufoGC58^2*ufoGC80*ufoGC69
          - 1/8*g_(1,6_,nu14)*FT1*g_(1,p4)*g_(2,6_,nu14)*cFT(nu9,XX,i2,iufo3)*
         cFT(g7,XX,iufo3,i3)*flavourTag(fe,j11,j12)*Vec(nu9,q3)*Vec(nu13,q2)^2
         *p4.p4^2*d^-1*xiw*xiz*ufoGC58^2*ufoGC80*ufoGC69
          - 1/4*g_(1,6_,nu14)*FT1*g_(1,p4)*g_(2,6_,nu14)*cFT(nu9,XX,i2,iufo3)*
         cFT(g7,XX,iufo3,i3)*flavourTag(fe,j11,j12)*Vec(nu9,q3)*Vec(nu13,q2)*
         Vec(nu13,q3)*p4.p4^2*d^-1*xiw*xiz*ufoGC58^2*ufoGC80*ufoGC69
          - 1/8*g_(1,6_,nu14)*FT1*g_(1,p4)*g_(2,6_,nu14)*cFT(nu9,XX,i2,iufo3)*
         cFT(g7,XX,iufo3,i3)*flavourTag(fe,j11,j12)*Vec(nu9,q3)*Vec(nu13,q3)^2
         *p4.p4^2*d^-1*xiw*xiz*ufoGC58^2*ufoGC80*ufoGC69
          + 1/8*g_(1,6_,nu14)*FT1*g_(1,p4)*g_(2,nu14)*FT2(g6)*cFT(nu9,XX,i2,
         iufo3)*cFT(g7,XX,iufo3,i3)*flavourTag(fe,j11,j12)*Vec(nu9,q2)*Vec(
         nu10,q2)^2*p4.p4^2*d^-1*xiw*xiz*ufoGC58^2*ufoGC76*ufoGC69
          + 1/4*g_(1,6_,nu14)*FT1*g_(1,p4)*g_(2,nu14)*FT2(g6)*cFT(nu9,XX,i2,
         iufo3)*cFT(g7,XX,iufo3,i3)*flavourTag(fe,j11,j12)*Vec(nu9,q2)*Vec(
         nu10,q2)*Vec(nu10,q3)*p4.p4^2*d^-1*xiw*xiz*ufoGC58^2*ufoGC76*ufoGC69
          + 1/8*g_(1,6_,nu14)*FT1*g_(1,p4)*g_(2,nu14)*FT2(g6)*cFT(nu9,XX,i2,
         iufo3)*cFT(g7,XX,iufo3,i3)*flavourTag(fe,j11,j12)*Vec(nu9,q2)*Vec(
         nu10,q3)^2*p4.p4^2*d^-1*xiw*xiz*ufoGC58^2*ufoGC76*ufoGC69
          - 1/8*g_(1,6_,nu14)*FT1*g_(1,p4)*g_(2,nu14)*FT2(g6)*cFT(nu9,XX,i2,
         iufo3)*cFT(g7,XX,iufo3,i3)*flavourTag(fe,j11,j12)*Vec(nu9,q2)*Vec(
         nu13,q2)^2*p4.p4^2*d^-1*xiw*xiz*ufoGC58^2*ufoGC76*ufoGC69
          - 1/4*g_(1,6_,nu14)*FT1*g_(1,p4)*g_(2,nu14)*FT2(g6)*cFT(nu9,XX,i2,
         iufo3)*cFT(g7,XX,iufo3,i3)*flavourTag(fe,j11,j12)*Vec(nu9,q2)*Vec(
         nu13,q2)*Vec(nu13,q3)*p4.p4^2*d^-1*xiw*xiz*ufoGC58^2*ufoGC76*ufoGC69
          - 1/8*g_(1,6_,nu14)*FT1*g_(1,p4)*g_(2,nu14)*FT2(g6)*cFT(nu9,XX,i2,
         iufo3)*cFT(g7,XX,iufo3,i3)*flavourTag(fe,j11,j12)*Vec(nu9,q2)*Vec(
         nu13,q3)^2*p4.p4^2*d^-1*xiw*xiz*ufoGC58^2*ufoGC76*ufoGC69
          + 1/8*g_(1,6_,nu14)*FT1*g_(1,p4)*g_(2,nu14)*FT2(g6)*cFT(nu9,XX,i2,
         iufo3)*cFT(g7,XX,iufo3,i3)*flavourTag(fe,j11,j12)*Vec(nu9,q3)*Vec(
         nu10,q2)^2*p4.p4^2*d^-1*xiw*xiz*ufoGC58^2*ufoGC76*ufoGC69
          + 1/4*g_(1,6_,nu14)*FT1*g_(1,p4)*g_(2,nu14)*FT2(g6)*cFT(nu9,XX,i2,
         iufo3)*cFT(g7,XX,iufo3,i3)*flavourTag(fe,j11,j12)*Vec(nu9,q3)*Vec(
         nu10,q2)*Vec(nu10,q3)*p4.p4^2*d^-1*xiw*xiz*ufoGC58^2*ufoGC76*ufoGC69
          + 1/8*g_(1,6_,nu14)*FT1*g_(1,p4)*g_(2,nu14)*FT2(g6)*cFT(nu9,XX,i2,
         iufo3)*cFT(g7,XX,iufo3,i3)*flavourTag(fe,j11,j12)*Vec(nu9,q3)*Vec(
         nu10,q3)^2*p4.p4^2*d^-1*xiw*xiz*ufoGC58^2*ufoGC76*ufoGC69
          - 1/8*g_(1,6_,nu14)*FT1*g_(1,p4)*g_(2,nu14)*FT2(g6)*cFT(nu9,XX,i2,
         iufo3)*cFT(g7,XX,iufo3,i3)*flavourTag(fe,j11,j12)*Vec(nu9,q3)*Vec(
         nu13,q2)^2*p4.p4^2*d^-1*xiw*xiz*ufoGC58^2*ufoGC76*ufoGC69
          - 1/4*g_(1,6_,nu14)*FT1*g_(1,p4)*g_(2,nu14)*FT2(g6)*cFT(nu9,XX,i2,
         iufo3)*cFT(g7,XX,iufo3,i3)*flavourTag(fe,j11,j12)*Vec(nu9,q3)*Vec(
         nu13,q2)*Vec(nu13,q3)*p4.p4^2*d^-1*xiw*xiz*ufoGC58^2*ufoGC76*ufoGC69
          - 1/8*g_(1,6_,nu14)*FT1*g_(1,p4)*g_(2,nu14)*FT2(g6)*cFT(nu9,XX,i2,
         iufo3)*cFT(g7,XX,iufo3,i3)*flavourTag(fe,j11,j12)*Vec(nu9,q3)*Vec(
         nu13,q3)^2*p4.p4^2*d^-1*xiw*xiz*ufoGC58^2*ufoGC76*ufoGC69
          - 1/8*g_(1,6_,nu14)*FT1*g_(1,q1)*g_(2,6_,nu14)*cFT(nu9,XX,i2,iufo3)*
         cFT(g7,XX,iufo3,i3)*flavourTag(fe,j11,j12)*Vec(nu9,q2)*Vec(nu10,q2)^2
         *p4.p4^2*d^-1*xiw*xiz*ufoGC58^2*ufoGC80*ufoGC69
          - 1/4*g_(1,6_,nu14)*FT1*g_(1,q1)*g_(2,6_,nu14)*cFT(nu9,XX,i2,iufo3)*
         cFT(g7,XX,iufo3,i3)*flavourTag(fe,j11,j12)*Vec(nu9,q2)*Vec(nu10,q2)*
         Vec(nu10,q3)*p4.p4^2*d^-1*xiw*xiz*ufoGC58^2*ufoGC80*ufoGC69
          - 1/8*g_(1,6_,nu14)*FT1*g_(1,q1)*g_(2,6_,nu14)*cFT(nu9,XX,i2,iufo3)*
         cFT(g7,XX,iufo3,i3)*flavourTag(fe,j11,j12)*Vec(nu9,q2)*Vec(nu10,q3)^2
         *p4.p4^2*d^-1*xiw*xiz*ufoGC58^2*ufoGC80*ufoGC69
          + 1/8*g_(1,6_,nu14)*FT1*g_(1,q1)*g_(2,6_,nu14)*cFT(nu9,XX,i2,iufo3)*
         cFT(g7,XX,iufo3,i3)*flavourTag(fe,j11,j12)*Vec(nu9,q2)*Vec(nu13,q2)^2
         *p4.p4^2*d^-1*xiw*xiz*ufoGC58^2*ufoGC80*ufoGC69
          + 1/4*g_(1,6_,nu14)*FT1*g_(1,q1)*g_(2,6_,nu14)*cFT(nu9,XX,i2,iufo3)*
         cFT(g7,XX,iufo3,i3)*flavourTag(fe,j11,j12)*Vec(nu9,q2)*Vec(nu13,q2)*
         Vec(nu13,q3)*p4.p4^2*d^-1*xiw*xiz*ufoGC58^2*ufoGC80*ufoGC69
          + 1/8*g_(1,6_,nu14)*FT1*g_(1,q1)*g_(2,6_,nu14)*cFT(nu9,XX,i2,iufo3)*
         cFT(g7,XX,iufo3,i3)*flavourTag(fe,j11,j12)*Vec(nu9,q2)*Vec(nu13,q3)^2
         *p4.p4^2*d^-1*xiw*xiz*ufoGC58^2*ufoGC80*ufoGC69
          - 1/8*g_(1,6_,nu14)*FT1*g_(1,q1)*g_(2,6_,nu14)*cFT(nu9,XX,i2,iufo3)*
         cFT(g7,XX,iufo3,i3)*flavourTag(fe,j11,j12)*Vec(nu9,q3)*Vec(nu10,q2)^2
         *p4.p4^2*d^-1*xiw*xiz*ufoGC58^2*ufoGC80*ufoGC69
          - 1/4*g_(1,6_,nu14)*FT1*g_(1,q1)*g_(2,6_,nu14)*cFT(nu9,XX,i2,iufo3)*
         cFT(g7,XX,iufo3,i3)*flavourTag(fe,j11,j12)*Vec(nu9,q3)*Vec(nu10,q2)*
         Vec(nu10,q3)*p4.p4^2*d^-1*xiw*xiz*ufoGC58^2*ufoGC80*ufoGC69
          - 1/8*g_(1,6_,nu14)*FT1*g_(1,q1)*g_(2,6_,nu14)*cFT(nu9,XX,i2,iufo3)*
         cFT(g7,XX,iufo3,i3)*flavourTag(fe,j11,j12)*Vec(nu9,q3)*Vec(nu10,q3)^2
         *p4.p4^2*d^-1*xiw*xiz*ufoGC58^2*ufoGC80*ufoGC69
          + 1/8*g_(1,6_,nu14)*FT1*g_(1,q1)*g_(2,6_,nu14)*cFT(nu9,XX,i2,iufo3)*
         cFT(g7,XX,iufo3,i3)*flavourTag(fe,j11,j12)*Vec(nu9,q3)*Vec(nu13,q2)^2
         *p4.p4^2*d^-1*xiw*xiz*ufoGC58^2*ufoGC80*ufoGC69
          + 1/4*g_(1,6_,nu14)*FT1*g_(1,q1)*g_(2,6_,nu14)*cFT(nu9,XX,i2,iufo3)*
         cFT(g7,XX,iufo3,i3)*flavourTag(fe,j11,j12)*Vec(nu9,q3)*Vec(nu13,q2)*
         Vec(nu13,q3)*p4.p4^2*d^-1*xiw*xiz*ufoGC58^2*ufoGC80*ufoGC69
          + 1/8*g_(1,6_,nu14)*FT1*g_(1,q1)*g_(2,6_,nu14)*cFT(nu9,XX,i2,iufo3)*
         cFT(g7,XX,iufo3,i3)*flavourTag(fe,j11,j12)*Vec(nu9,q3)*Vec(nu13,q3)^2
         *p4.p4^2*d^-1*xiw*xiz*ufoGC58^2*ufoGC80*ufoGC69
          - 1/8*g_(1,6_,nu14)*FT1*g_(1,q1)*g_(2,nu14)*FT2(g6)*cFT(nu9,XX,i2,
         iufo3)*cFT(g7,XX,iufo3,i3)*flavourTag(fe,j11,j12)*Vec(nu9,q2)*Vec(
         nu10,q2)^2*p4.p4^2*d^-1*xiw*xiz*ufoGC58^2*ufoGC76*ufoGC69
          - 1/4*g_(1,6_,nu14)*FT1*g_(1,q1)*g_(2,nu14)*FT2(g6)*cFT(nu9,XX,i2,
         iufo3)*cFT(g7,XX,iufo3,i3)*flavourTag(fe,j11,j12)*Vec(nu9,q2)*Vec(
         nu10,q2)*Vec(nu10,q3)*p4.p4^2*d^-1*xiw*xiz*ufoGC58^2*ufoGC76*ufoGC69
          - 1/8*g_(1,6_,nu14)*FT1*g_(1,q1)*g_(2,nu14)*FT2(g6)*cFT(nu9,XX,i2,
         iufo3)*cFT(g7,XX,iufo3,i3)*flavourTag(fe,j11,j12)*Vec(nu9,q2)*Vec(
         nu10,q3)^2*p4.p4^2*d^-1*xiw*xiz*ufoGC58^2*ufoGC76*ufoGC69
          + 1/8*g_(1,6_,nu14)*FT1*g_(1,q1)*g_(2,nu14)*FT2(g6)*cFT(nu9,XX,i2,
         iufo3)*cFT(g7,XX,iufo3,i3)*flavourTag(fe,j11,j12)*Vec(nu9,q2)*Vec(
         nu13,q2)^2*p4.p4^2*d^-1*xiw*xiz*ufoGC58^2*ufoGC76*ufoGC69
          + 1/4*g_(1,6_,nu14)*FT1*g_(1,q1)*g_(2,nu14)*FT2(g6)*cFT(nu9,XX,i2,
         iufo3)*cFT(g7,XX,iufo3,i3)*flavourTag(fe,j11,j12)*Vec(nu9,q2)*Vec(
         nu13,q2)*Vec(nu13,q3)*p4.p4^2*d^-1*xiw*xiz*ufoGC58^2*ufoGC76*ufoGC69
          + 1/8*g_(1,6_,nu14)*FT1*g_(1,q1)*g_(2,nu14)*FT2(g6)*cFT(nu9,XX,i2,
         iufo3)*cFT(g7,XX,iufo3,i3)*flavourTag(fe,j11,j12)*Vec(nu9,q2)*Vec(
         nu13,q3)^2*p4.p4^2*d^-1*xiw*xiz*ufoGC58^2*ufoGC76*ufoGC69
          - 1/8*g_(1,6_,nu14)*FT1*g_(1,q1)*g_(2,nu14)*FT2(g6)*cFT(nu9,XX,i2,
         iufo3)*cFT(g7,XX,iufo3,i3)*flavourTag(fe,j11,j12)*Vec(nu9,q3)*Vec(
         nu10,q2)^2*p4.p4^2*d^-1*xiw*xiz*ufoGC58^2*ufoGC76*ufoGC69
          - 1/4*g_(1,6_,nu14)*FT1*g_(1,q1)*g_(2,nu14)*FT2(g6)*cFT(nu9,XX,i2,
         iufo3)*cFT(g7,XX,iufo3,i3)*flavourTag(fe,j11,j12)*Vec(nu9,q3)*Vec(
         nu10,q2)*Vec(nu10,q3)*p4.p4^2*d^-1*xiw*xiz*ufoGC58^2*ufoGC76*ufoGC69
          - 1/8*g_(1,6_,nu14)*FT1*g_(1,q1)*g_(2,nu14)*FT2(g6)*cFT(nu9,XX,i2,
         iufo3)*cFT(g7,XX,iufo3,i3)*flavourTag(fe,j11,j12)*Vec(nu9,q3)*Vec(
         nu10,q3)^2*p4.p4^2*d^-1*xiw*xiz*ufoGC58^2*ufoGC76*ufoGC69
          + 1/8*g_(1,6_,nu14)*FT1*g_(1,q1)*g_(2,nu14)*FT2(g6)*cFT(nu9,XX,i2,
         iufo3)*cFT(g7,XX,iufo3,i3)*flavourTag(fe,j11,j12)*Vec(nu9,q3)*Vec(
         nu13,q2)^2*p4.p4^2*d^-1*xiw*xiz*ufoGC58^2*ufoGC76*ufoGC69
          + 1/4*g_(1,6_,nu14)*FT1*g_(1,q1)*g_(2,nu14)*FT2(g6)*cFT(nu9,XX,i2,
         iufo3)*cFT(g7,XX,iufo3,i3)*flavourTag(fe,j11,j12)*Vec(nu9,q3)*Vec(
         nu13,q2)*Vec(nu13,q3)*p4.p4^2*d^-1*xiw*xiz*ufoGC58^2*ufoGC76*ufoGC69
          + 1/8*g_(1,6_,nu14)*FT1*g_(1,q1)*g_(2,nu14)*FT2(g6)*cFT(nu9,XX,i2,
         iufo3)*cFT(g7,XX,iufo3,i3)*flavourTag(fe,j11,j12)*Vec(nu9,q3)*Vec(
         nu13,q3)^2*p4.p4^2*d^-1*xiw*xiz*ufoGC58^2*ufoGC76*ufoGC69
          - 1/8*g_(1,6_,nu14)*FT1*g_(1,q2)*g_(2,6_,nu14)*cFT(nu9,XX,i2,iufo3)*
         cFT(g7,XX,iufo3,i3)*flavourTag(fe,j11,j12)*Vec(nu9,q2)*Vec(nu10,q2)^2
         *p4.p4^2*d^-1*xiw*xiz*ufoGC58^2*ufoGC80*ufoGC69
          - 1/4*g_(1,6_,nu14)*FT1*g_(1,q2)*g_(2,6_,nu14)*cFT(nu9,XX,i2,iufo3)*
         cFT(g7,XX,iufo3,i3)*flavourTag(fe,j11,j12)*Vec(nu9,q2)*Vec(nu10,q2)*
         Vec(nu10,q3)*p4.p4^2*d^-1*xiw*xiz*ufoGC58^2*ufoGC80*ufoGC69
          - 1/8*g_(1,6_,nu14)*FT1*g_(1,q2)*g_(2,6_,nu14)*cFT(nu9,XX,i2,iufo3)*
         cFT(g7,XX,iufo3,i3)*flavourTag(fe,j11,j12)*Vec(nu9,q2)*Vec(nu10,q3)^2
         *p4.p4^2*d^-1*xiw*xiz*ufoGC58^2*ufoGC80*ufoGC69
          + 1/8*g_(1,6_,nu14)*FT1*g_(1,q2)*g_(2,6_,nu14)*cFT(nu9,XX,i2,iufo3)*
         cFT(g7,XX,iufo3,i3)*flavourTag(fe,j11,j12)*Vec(nu9,q2)*Vec(nu13,q2)^2
         *p4.p4^2*d^-1*xiw*xiz*ufoGC58^2*ufoGC80*ufoGC69
          + 1/4*g_(1,6_,nu14)*FT1*g_(1,q2)*g_(2,6_,nu14)*cFT(nu9,XX,i2,iufo3)*
         cFT(g7,XX,iufo3,i3)*flavourTag(fe,j11,j12)*Vec(nu9,q2)*Vec(nu13,q2)*
         Vec(nu13,q3)*p4.p4^2*d^-1*xiw*xiz*ufoGC58^2*ufoGC80*ufoGC69
          + 1/8*g_(1,6_,nu14)*FT1*g_(1,q2)*g_(2,6_,nu14)*cFT(nu9,XX,i2,iufo3)*
         cFT(g7,XX,iufo3,i3)*flavourTag(fe,j11,j12)*Vec(nu9,q2)*Vec(nu13,q3)^2
         *p4.p4^2*d^-1*xiw*xiz*ufoGC58^2*ufoGC80*ufoGC69
          - 1/8*g_(1,6_,nu14)*FT1*g_(1,q2)*g_(2,6_,nu14)*cFT(nu9,XX,i2,iufo3)*
         cFT(g7,XX,iufo3,i3)*flavourTag(fe,j11,j12)*Vec(nu9,q3)*Vec(nu10,q2)^2
         *p4.p4^2*d^-1*xiw*xiz*ufoGC58^2*ufoGC80*ufoGC69
          - 1/4*g_(1,6_,nu14)*FT1*g_(1,q2)*g_(2,6_,nu14)*cFT(nu9,XX,i2,iufo3)*
         cFT(g7,XX,iufo3,i3)*flavourTag(fe,j11,j12)*Vec(nu9,q3)*Vec(nu10,q2)*
         Vec(nu10,q3)*p4.p4^2*d^-1*xiw*xiz*ufoGC58^2*ufoGC80*ufoGC69
          - 1/8*g_(1,6_,nu14)*FT1*g_(1,q2)*g_(2,6_,nu14)*cFT(nu9,XX,i2,iufo3)*
         cFT(g7,XX,iufo3,i3)*flavourTag(fe,j11,j12)*Vec(nu9,q3)*Vec(nu10,q3)^2
         *p4.p4^2*d^-1*xiw*xiz*ufoGC58^2*ufoGC80*ufoGC69
          + 1/8*g_(1,6_,nu14)*FT1*g_(1,q2)*g_(2,6_,nu14)*cFT(nu9,XX,i2,iufo3)*
         cFT(g7,XX,iufo3,i3)*flavourTag(fe,j11,j12)*Vec(nu9,q3)*Vec(nu13,q2)^2
         *p4.p4^2*d^-1*xiw*xiz*ufoGC58^2*ufoGC80*ufoGC69
          + 1/4*g_(1,6_,nu14)*FT1*g_(1,q2)*g_(2,6_,nu14)*cFT(nu9,XX,i2,iufo3)*
         cFT(g7,XX,iufo3,i3)*flavourTag(fe,j11,j12)*Vec(nu9,q3)*Vec(nu13,q2)*
         Vec(nu13,q3)*p4.p4^2*d^-1*xiw*xiz*ufoGC58^2*ufoGC80*ufoGC69
          + 1/8*g_(1,6_,nu14)*FT1*g_(1,q2)*g_(2,6_,nu14)*cFT(nu9,XX,i2,iufo3)*
         cFT(g7,XX,iufo3,i3)*flavourTag(fe,j11,j12)*Vec(nu9,q3)*Vec(nu13,q3)^2
         *p4.p4^2*d^-1*xiw*xiz*ufoGC58^2*ufoGC80*ufoGC69
          - 1/8*g_(1,6_,nu14)*FT1*g_(1,q2)*g_(2,nu14)*FT2(g6)*cFT(nu9,XX,i2,
         iufo3)*cFT(g7,XX,iufo3,i3)*flavourTag(fe,j11,j12)*Vec(nu9,q2)*Vec(
         nu10,q2)^2*p4.p4^2*d^-1*xiw*xiz*ufoGC58^2*ufoGC76*ufoGC69
          - 1/4*g_(1,6_,nu14)*FT1*g_(1,q2)*g_(2,nu14)*FT2(g6)*cFT(nu9,XX,i2,
         iufo3)*cFT(g7,XX,iufo3,i3)*flavourTag(fe,j11,j12)*Vec(nu9,q2)*Vec(
         nu10,q2)*Vec(nu10,q3)*p4.p4^2*d^-1*xiw*xiz*ufoGC58^2*ufoGC76*ufoGC69
          - 1/8*g_(1,6_,nu14)*FT1*g_(1,q2)*g_(2,nu14)*FT2(g6)*cFT(nu9,XX,i2,
         iufo3)*cFT(g7,XX,iufo3,i3)*flavourTag(fe,j11,j12)*Vec(nu9,q2)*Vec(
         nu10,q3)^2*p4.p4^2*d^-1*xiw*xiz*ufoGC58^2*ufoGC76*ufoGC69
          + 1/8*g_(1,6_,nu14)*FT1*g_(1,q2)*g_(2,nu14)*FT2(g6)*cFT(nu9,XX,i2,
         iufo3)*cFT(g7,XX,iufo3,i3)*flavourTag(fe,j11,j12)*Vec(nu9,q2)*Vec(
         nu13,q2)^2*p4.p4^2*d^-1*xiw*xiz*ufoGC58^2*ufoGC76*ufoGC69
          + 1/4*g_(1,6_,nu14)*FT1*g_(1,q2)*g_(2,nu14)*FT2(g6)*cFT(nu9,XX,i2,
         iufo3)*cFT(g7,XX,iufo3,i3)*flavourTag(fe,j11,j12)*Vec(nu9,q2)*Vec(
         nu13,q2)*Vec(nu13,q3)*p4.p4^2*d^-1*xiw*xiz*ufoGC58^2*ufoGC76*ufoGC69
          + 1/8*g_(1,6_,nu14)*FT1*g_(1,q2)*g_(2,nu14)*FT2(g6)*cFT(nu9,XX,i2,
         iufo3)*cFT(g7,XX,iufo3,i3)*flavourTag(fe,j11,j12)*Vec(nu9,q2)*Vec(
         nu13,q3)^2*p4.p4^2*d^-1*xiw*xiz*ufoGC58^2*ufoGC76*ufoGC69
          - 1/8*g_(1,6_,nu14)*FT1*g_(1,q2)*g_(2,nu14)*FT2(g6)*cFT(nu9,XX,i2,
         iufo3)*cFT(g7,XX,iufo3,i3)*flavourTag(fe,j11,j12)*Vec(nu9,q3)*Vec(
         nu10,q2)^2*p4.p4^2*d^-1*xiw*xiz*ufoGC58^2*ufoGC76*ufoGC69
          - 1/4*g_(1,6_,nu14)*FT1*g_(1,q2)*g_(2,nu14)*FT2(g6)*cFT(nu9,XX,i2,
         iufo3)*cFT(g7,XX,iufo3,i3)*flavourTag(fe,j11,j12)*Vec(nu9,q3)*Vec(
         nu10,q2)*Vec(nu10,q3)*p4.p4^2*d^-1*xiw*xiz*ufoGC58^2*ufoGC76*ufoGC69
          - 1/8*g_(1,6_,nu14)*FT1*g_(1,q2)*g_(2,nu14)*FT2(g6)*cFT(nu9,XX,i2,
         iufo3)*cFT(g7,XX,iufo3,i3)*flavourTag(fe,j11,j12)*Vec(nu9,q3)*Vec(
         nu10,q3)^2*p4.p4^2*d^-1*xiw*xiz*ufoGC58^2*ufoGC76*ufoGC69
          + 1/8*g_(1,6_,nu14)*FT1*g_(1,q2)*g_(2,nu14)*FT2(g6)*cFT(nu9,XX,i2,
         iufo3)*cFT(g7,XX,iufo3,i3)*flavourTag(fe,j11,j12)*Vec(nu9,q3)*Vec(
         nu13,q2)^2*p4.p4^2*d^-1*xiw*xiz*ufoGC58^2*ufoGC76*ufoGC69
          + 1/4*g_(1,6_,nu14)*FT1*g_(1,q2)*g_(2,nu14)*FT2(g6)*cFT(nu9,XX,i2,
         iufo3)*cFT(g7,XX,iufo3,i3)*flavourTag(fe,j11,j12)*Vec(nu9,q3)*Vec(
         nu13,q2)*Vec(nu13,q3)*p4.p4^2*d^-1*xiw*xiz*ufoGC58^2*ufoGC76*ufoGC69
          + 1/8*g_(1,6_,nu14)*FT1*g_(1,q2)*g_(2,nu14)*FT2(g6)*cFT(nu9,XX,i2,
         iufo3)*cFT(g7,XX,iufo3,i3)*flavourTag(fe,j11,j12)*Vec(nu9,q3)*Vec(
         nu13,q3)^2*p4.p4^2*d^-1*xiw*xiz*ufoGC58^2*ufoGC76*ufoGC69
          - 1/8*g_(1,6_,nu14)*FT1*g_(1,q3)*g_(2,6_,nu14)*cFT(nu9,XX,i2,iufo3)*
         cFT(g7,XX,iufo3,i3)*flavourTag(fe,j11,j12)*Vec(nu9,q2)*Vec(nu10,q2)^2
         *p4.p4^2*d^-1*xiw*xiz*ufoGC58^2*ufoGC80*ufoGC69
          - 1/4*g_(1,6_,nu14)*FT1*g_(1,q3)*g_(2,6_,nu14)*cFT(nu9,XX,i2,iufo3)*
         cFT(g7,XX,iufo3,i3)*flavourTag(fe,j11,j12)*Vec(nu9,q2)*Vec(nu10,q2)*
         Vec(nu10,q3)*p4.p4^2*d^-1*xiw*xiz*ufoGC58^2*ufoGC80*ufoGC69
          - 1/8*g_(1,6_,nu14)*FT1*g_(1,q3)*g_(2,6_,nu14)*cFT(nu9,XX,i2,iufo3)*
         cFT(g7,XX,iufo3,i3)*flavourTag(fe,j11,j12)*Vec(nu9,q2)*Vec(nu10,q3)^2
         *p4.p4^2*d^-1*xiw*xiz*ufoGC58^2*ufoGC80*ufoGC69
          + 1/8*g_(1,6_,nu14)*FT1*g_(1,q3)*g_(2,6_,nu14)*cFT(nu9,XX,i2,iufo3)*
         cFT(g7,XX,iufo3,i3)*flavourTag(fe,j11,j12)*Vec(nu9,q2)*Vec(nu13,q2)^2
         *p4.p4^2*d^-1*xiw*xiz*ufoGC58^2*ufoGC80*ufoGC69
          + 1/4*g_(1,6_,nu14)*FT1*g_(1,q3)*g_(2,6_,nu14)*cFT(nu9,XX,i2,iufo3)*
         cFT(g7,XX,iufo3,i3)*flavourTag(fe,j11,j12)*Vec(nu9,q2)*Vec(nu13,q2)*
         Vec(nu13,q3)*p4.p4^2*d^-1*xiw*xiz*ufoGC58^2*ufoGC80*ufoGC69
          + 1/8*g_(1,6_,nu14)*FT1*g_(1,q3)*g_(2,6_,nu14)*cFT(nu9,XX,i2,iufo3)*
         cFT(g7,XX,iufo3,i3)*flavourTag(fe,j11,j12)*Vec(nu9,q2)*Vec(nu13,q3)^2
         *p4.p4^2*d^-1*xiw*xiz*ufoGC58^2*ufoGC80*ufoGC69
          - 1/8*g_(1,6_,nu14)*FT1*g_(1,q3)*g_(2,6_,nu14)*cFT(nu9,XX,i2,iufo3)*
         cFT(g7,XX,iufo3,i3)*flavourTag(fe,j11,j12)*Vec(nu9,q3)*Vec(nu10,q2)^2
         *p4.p4^2*d^-1*xiw*xiz*ufoGC58^2*ufoGC80*ufoGC69
          - 1/4*g_(1,6_,nu14)*FT1*g_(1,q3)*g_(2,6_,nu14)*cFT(nu9,XX,i2,iufo3)*
         cFT(g7,XX,iufo3,i3)*flavourTag(fe,j11,j12)*Vec(nu9,q3)*Vec(nu10,q2)*
         Vec(nu10,q3)*p4.p4^2*d^-1*xiw*xiz*ufoGC58^2*ufoGC80*ufoGC69
          - 1/8*g_(1,6_,nu14)*FT1*g_(1,q3)*g_(2,6_,nu14)*cFT(nu9,XX,i2,iufo3)*
         cFT(g7,XX,iufo3,i3)*flavourTag(fe,j11,j12)*Vec(nu9,q3)*Vec(nu10,q3)^2
         *p4.p4^2*d^-1*xiw*xiz*ufoGC58^2*ufoGC80*ufoGC69
          + 1/8*g_(1,6_,nu14)*FT1*g_(1,q3)*g_(2,6_,nu14)*cFT(nu9,XX,i2,iufo3)*
         cFT(g7,XX,iufo3,i3)*flavourTag(fe,j11,j12)*Vec(nu9,q3)*Vec(nu13,q2)^2
         *p4.p4^2*d^-1*xiw*xiz*ufoGC58^2*ufoGC80*ufoGC69
          + 1/4*g_(1,6_,nu14)*FT1*g_(1,q3)*g_(2,6_,nu14)*cFT(nu9,XX,i2,iufo3)*
         cFT(g7,XX,iufo3,i3)*flavourTag(fe,j11,j12)*Vec(nu9,q3)*Vec(nu13,q2)*
         Vec(nu13,q3)*p4.p4^2*d^-1*xiw*xiz*ufoGC58^2*ufoGC80*ufoGC69
          + 1/8*g_(1,6_,nu14)*FT1*g_(1,q3)*g_(2,6_,nu14)*cFT(nu9,XX,i2,iufo3)*
         cFT(g7,XX,iufo3,i3)*flavourTag(fe,j11,j12)*Vec(nu9,q3)*Vec(nu13,q3)^2
         *p4.p4^2*d^-1*xiw*xiz*ufoGC58^2*ufoGC80*ufoGC69
          - 1/8*g_(1,6_,nu14)*FT1*g_(1,q3)*g_(2,nu14)*FT2(g6)*cFT(nu9,XX,i2,
         iufo3)*cFT(g7,XX,iufo3,i3)*flavourTag(fe,j11,j12)*Vec(nu9,q2)*Vec(
         nu10,q2)^2*p4.p4^2*d^-1*xiw*xiz*ufoGC58^2*ufoGC76*ufoGC69
          - 1/4*g_(1,6_,nu14)*FT1*g_(1,q3)*g_(2,nu14)*FT2(g6)*cFT(nu9,XX,i2,
         iufo3)*cFT(g7,XX,iufo3,i3)*flavourTag(fe,j11,j12)*Vec(nu9,q2)*Vec(
         nu10,q2)*Vec(nu10,q3)*p4.p4^2*d^-1*xiw*xiz*ufoGC58^2*ufoGC76*ufoGC69
          - 1/8*g_(1,6_,nu14)*FT1*g_(1,q3)*g_(2,nu14)*FT2(g6)*cFT(nu9,XX,i2,
         iufo3)*cFT(g7,XX,iufo3,i3)*flavourTag(fe,j11,j12)*Vec(nu9,q2)*Vec(
         nu10,q3)^2*p4.p4^2*d^-1*xiw*xiz*ufoGC58^2*ufoGC76*ufoGC69
          + 1/8*g_(1,6_,nu14)*FT1*g_(1,q3)*g_(2,nu14)*FT2(g6)*cFT(nu9,XX,i2,
         iufo3)*cFT(g7,XX,iufo3,i3)*flavourTag(fe,j11,j12)*Vec(nu9,q2)*Vec(
         nu13,q2)^2*p4.p4^2*d^-1*xiw*xiz*ufoGC58^2*ufoGC76*ufoGC69
          + 1/4*g_(1,6_,nu14)*FT1*g_(1,q3)*g_(2,nu14)*FT2(g6)*cFT(nu9,XX,i2,
         iufo3)*cFT(g7,XX,iufo3,i3)*flavourTag(fe,j11,j12)*Vec(nu9,q2)*Vec(
         nu13,q2)*Vec(nu13,q3)*p4.p4^2*d^-1*xiw*xiz*ufoGC58^2*ufoGC76*ufoGC69
          + 1/8*g_(1,6_,nu14)*FT1*g_(1,q3)*g_(2,nu14)*FT2(g6)*cFT(nu9,XX,i2,
         iufo3)*cFT(g7,XX,iufo3,i3)*flavourTag(fe,j11,j12)*Vec(nu9,q2)*Vec(
         nu13,q3)^2*p4.p4^2*d^-1*xiw*xiz*ufoGC58^2*ufoGC76*ufoGC69
          - 1/8*g_(1,6_,nu14)*FT1*g_(1,q3)*g_(2,nu14)*FT2(g6)*cFT(nu9,XX,i2,
         iufo3)*cFT(g7,XX,iufo3,i3)*flavourTag(fe,j11,j12)*Vec(nu9,q3)*Vec(
         nu10,q2)^2*p4.p4^2*d^-1*xiw*xiz*ufoGC58^2*ufoGC76*ufoGC69
          - 1/4*g_(1,6_,nu14)*FT1*g_(1,q3)*g_(2,nu14)*FT2(g6)*cFT(nu9,XX,i2,
         iufo3)*cFT(g7,XX,iufo3,i3)*flavourTag(fe,j11,j12)*Vec(nu9,q3)*Vec(
         nu10,q2)*Vec(nu10,q3)*p4.p4^2*d^-1*xiw*xiz*ufoGC58^2*ufoGC76*ufoGC69
          - 1/8*g_(1,6_,nu14)*FT1*g_(1,q3)*g_(2,nu14)*FT2(g6)*cFT(nu9,XX,i2,
         iufo3)*cFT(g7,XX,iufo3,i3)*flavourTag(fe,j11,j12)*Vec(nu9,q3)*Vec(
         nu10,q3)^2*p4.p4^2*d^-1*xiw*xiz*ufoGC58^2*ufoGC76*ufoGC69
          + 1/8*g_(1,6_,nu14)*FT1*g_(1,q3)*g_(2,nu14)*FT2(g6)*cFT(nu9,XX,i2,
         iufo3)*cFT(g7,XX,iufo3,i3)*flavourTag(fe,j11,j12)*Vec(nu9,q3)*Vec(
         nu13,q2)^2*p4.p4^2*d^-1*xiw*xiz*ufoGC58^2*ufoGC76*ufoGC69
          + 1/4*g_(1,6_,nu14)*FT1*g_(1,q3)*g_(2,nu14)*FT2(g6)*cFT(nu9,XX,i2,
         iufo3)*cFT(g7,XX,iufo3,i3)*flavourTag(fe,j11,j12)*Vec(nu9,q3)*Vec(
         nu13,q2)*Vec(nu13,q3)*p4.p4^2*d^-1*xiw*xiz*ufoGC58^2*ufoGC76*ufoGC69
          + 1/8*g_(1,6_,nu14)*FT1*g_(1,q3)*g_(2,nu14)*FT2(g6)*cFT(nu9,XX,i2,
         iufo3)*cFT(g7,XX,iufo3,i3)*flavourTag(fe,j11,j12)*Vec(nu9,q3)*Vec(
         nu13,q3)^2*p4.p4^2*d^-1*xiw*xiz*ufoGC58^2*ufoGC76*ufoGC69
          + 1/8*g_(1,6_,nu10)*FT1*g_(1,p4)*g_(2,6_,nu14)*cFT(nu9,XX,i2,iufo3)*
         cFT(g7,XX,iufo3,i3)*flavourTag(fe,j11,j12)*Vec(nu14,q2)*Vec(nu9,q2)*
         Vec(nu10,q2)*p4.p4^2*d^-1*xiw*xiz*ufoGC58^2*ufoGC80*ufoGC69
          + 1/8*g_(1,6_,nu10)*FT1*g_(1,p4)*g_(2,6_,nu14)*cFT(nu9,XX,i2,iufo3)*
         cFT(g7,XX,iufo3,i3)*flavourTag(fe,j11,j12)*Vec(nu14,q2)*Vec(nu9,q2)*
         Vec(nu10,q2)*Vec(nu13,q2)^2*p4.p4*d^-1*xiw*xiz*ufoGC58^2*ufoGC80*
         ufoGC69
          + 1/4*g_(1,6_,nu10)*FT1*g_(1,p4)*g_(2,6_,nu14)*cFT(nu9,XX,i2,iufo3)*
         cFT(g7,XX,iufo3,i3)*flavourTag(fe,j11,j12)*Vec(nu14,q2)*Vec(nu9,q2)*
         Vec(nu10,q2)*Vec(nu13,q2)*Vec(nu13,q3)*p4.p4*d^-1*xiw*xiz*ufoGC58^2*
         ufoGC80*ufoGC69
          + 1/8*g_(1,6_,nu10)*FT1*g_(1,p4)*g_(2,6_,nu14)*cFT(nu9,XX,i2,iufo3)*
         cFT(g7,XX,iufo3,i3)*flavourTag(fe,j11,j12)*Vec(nu14,q2)*Vec(nu9,q2)*
         Vec(nu10,q2)*Vec(nu13,q3)^2*p4.p4*d^-1*xiw*xiz*ufoGC58^2*ufoGC80*
         ufoGC69
          + 1/8*g_(1,6_,nu10)*FT1*g_(1,p4)*g_(2,6_,nu14)*cFT(nu9,XX,i2,iufo3)*
         cFT(g7,XX,iufo3,i3)*flavourTag(fe,j11,j12)*Vec(nu14,q2)*Vec(nu9,q2)*
         Vec(nu10,q3)*p4.p4^2*d^-1*xiw*xiz*ufoGC58^2*ufoGC80*ufoGC69
          + 1/8*g_(1,6_,nu10)*FT1*g_(1,p4)*g_(2,6_,nu14)*cFT(nu9,XX,i2,iufo3)*
         cFT(g7,XX,iufo3,i3)*flavourTag(fe,j11,j12)*Vec(nu14,q2)*Vec(nu9,q2)*
         Vec(nu10,q3)*Vec(nu13,q2)^2*p4.p4*d^-1*xiw*xiz*ufoGC58^2*ufoGC80*
         ufoGC69
          + 1/4*g_(1,6_,nu10)*FT1*g_(1,p4)*g_(2,6_,nu14)*cFT(nu9,XX,i2,iufo3)*
         cFT(g7,XX,iufo3,i3)*flavourTag(fe,j11,j12)*Vec(nu14,q2)*Vec(nu9,q2)*
         Vec(nu10,q3)*Vec(nu13,q2)*Vec(nu13,q3)*p4.p4*d^-1*xiw*xiz*ufoGC58^2*
         ufoGC80*ufoGC69
          + 1/8*g_(1,6_,nu10)*FT1*g_(1,p4)*g_(2,6_,nu14)*cFT(nu9,XX,i2,iufo3)*
         cFT(g7,XX,iufo3,i3)*flavourTag(fe,j11,j12)*Vec(nu14,q2)*Vec(nu9,q2)*
         Vec(nu10,q3)*Vec(nu13,q3)^2*p4.p4*d^-1*xiw*xiz*ufoGC58^2*ufoGC80*
         ufoGC69
          + 1/8*g_(1,6_,nu10)*FT1*g_(1,p4)*g_(2,6_,nu14)*cFT(nu9,XX,i2,iufo3)*
         cFT(g7,XX,iufo3,i3)*flavourTag(fe,j11,j12)*Vec(nu14,q2)*Vec(nu9,q3)*
         Vec(nu10,q2)*p4.p4^2*d^-1*xiw*xiz*ufoGC58^2*ufoGC80*ufoGC69
          + 1/8*g_(1,6_,nu10)*FT1*g_(1,p4)*g_(2,6_,nu14)*cFT(nu9,XX,i2,iufo3)*
         cFT(g7,XX,iufo3,i3)*flavourTag(fe,j11,j12)*Vec(nu14,q2)*Vec(nu9,q3)*
         Vec(nu10,q2)*Vec(nu13,q2)^2*p4.p4*d^-1*xiw*xiz*ufoGC58^2*ufoGC80*
         ufoGC69
          + 1/4*g_(1,6_,nu10)*FT1*g_(1,p4)*g_(2,6_,nu14)*cFT(nu9,XX,i2,iufo3)*
         cFT(g7,XX,iufo3,i3)*flavourTag(fe,j11,j12)*Vec(nu14,q2)*Vec(nu9,q3)*
         Vec(nu10,q2)*Vec(nu13,q2)*Vec(nu13,q3)*p4.p4*d^-1*xiw*xiz*ufoGC58^2*
         ufoGC80*ufoGC69
          + 1/8*g_(1,6_,nu10)*FT1*g_(1,p4)*g_(2,6_,nu14)*cFT(nu9,XX,i2,iufo3)*
         cFT(g7,XX,iufo3,i3)*flavourTag(fe,j11,j12)*Vec(nu14,q2)*Vec(nu9,q3)*
         Vec(nu10,q2)*Vec(nu13,q3)^2*p4.p4*d^-1*xiw*xiz*ufoGC58^2*ufoGC80*
         ufoGC69
          + 1/8*g_(1,6_,nu10)*FT1*g_(1,p4)*g_(2,6_,nu14)*cFT(nu9,XX,i2,iufo3)*
         cFT(g7,XX,iufo3,i3)*flavourTag(fe,j11,j12)*Vec(nu14,q2)*Vec(nu9,q3)*
         Vec(nu10,q3)*p4.p4^2*d^-1*xiw*xiz*ufoGC58^2*ufoGC80*ufoGC69
          + 1/8*g_(1,6_,nu10)*FT1*g_(1,p4)*g_(2,6_,nu14)*cFT(nu9,XX,i2,iufo3)*
         cFT(g7,XX,iufo3,i3)*flavourTag(fe,j11,j12)*Vec(nu14,q2)*Vec(nu9,q3)*
         Vec(nu10,q3)*Vec(nu13,q2)^2*p4.p4*d^-1*xiw*xiz*ufoGC58^2*ufoGC80*
         ufoGC69
          + 1/4*g_(1,6_,nu10)*FT1*g_(1,p4)*g_(2,6_,nu14)*cFT(nu9,XX,i2,iufo3)*
         cFT(g7,XX,iufo3,i3)*flavourTag(fe,j11,j12)*Vec(nu14,q2)*Vec(nu9,q3)*
         Vec(nu10,q3)*Vec(nu13,q2)*Vec(nu13,q3)*p4.p4*d^-1*xiw*xiz*ufoGC58^2*
         ufoGC80*ufoGC69
          + 1/8*g_(1,6_,nu10)*FT1*g_(1,p4)*g_(2,6_,nu14)*cFT(nu9,XX,i2,iufo3)*
         cFT(g7,XX,iufo3,i3)*flavourTag(fe,j11,j12)*Vec(nu14,q2)*Vec(nu9,q3)*
         Vec(nu10,q3)*Vec(nu13,q3)^2*p4.p4*d^-1*xiw*xiz*ufoGC58^2*ufoGC80*
         ufoGC69
          + 1/8*g_(1,6_,nu10)*FT1*g_(1,p4)*g_(2,6_,nu14)*cFT(nu9,XX,i2,iufo3)*
         cFT(g7,XX,iufo3,i3)*flavourTag(fe,j11,j12)*Vec(nu14,q3)*Vec(nu9,q2)*
         Vec(nu10,q2)*p4.p4^2*d^-1*xiw*xiz*ufoGC58^2*ufoGC80*ufoGC69
          + 1/8*g_(1,6_,nu10)*FT1*g_(1,p4)*g_(2,6_,nu14)*cFT(nu9,XX,i2,iufo3)*
         cFT(g7,XX,iufo3,i3)*flavourTag(fe,j11,j12)*Vec(nu14,q3)*Vec(nu9,q2)*
         Vec(nu10,q2)*Vec(nu13,q2)^2*p4.p4*d^-1*xiw*xiz*ufoGC58^2*ufoGC80*
         ufoGC69
          + 1/4*g_(1,6_,nu10)*FT1*g_(1,p4)*g_(2,6_,nu14)*cFT(nu9,XX,i2,iufo3)*
         cFT(g7,XX,iufo3,i3)*flavourTag(fe,j11,j12)*Vec(nu14,q3)*Vec(nu9,q2)*
         Vec(nu10,q2)*Vec(nu13,q2)*Vec(nu13,q3)*p4.p4*d^-1*xiw*xiz*ufoGC58^2*
         ufoGC80*ufoGC69
          + 1/8*g_(1,6_,nu10)*FT1*g_(1,p4)*g_(2,6_,nu14)*cFT(nu9,XX,i2,iufo3)*
         cFT(g7,XX,iufo3,i3)*flavourTag(fe,j11,j12)*Vec(nu14,q3)*Vec(nu9,q2)*
         Vec(nu10,q2)*Vec(nu13,q3)^2*p4.p4*d^-1*xiw*xiz*ufoGC58^2*ufoGC80*
         ufoGC69
          + 1/8*g_(1,6_,nu10)*FT1*g_(1,p4)*g_(2,6_,nu14)*cFT(nu9,XX,i2,iufo3)*
         cFT(g7,XX,iufo3,i3)*flavourTag(fe,j11,j12)*Vec(nu14,q3)*Vec(nu9,q2)*
         Vec(nu10,q3)*p4.p4^2*d^-1*xiw*xiz*ufoGC58^2*ufoGC80*ufoGC69
          + 1/8*g_(1,6_,nu10)*FT1*g_(1,p4)*g_(2,6_,nu14)*cFT(nu9,XX,i2,iufo3)*
         cFT(g7,XX,iufo3,i3)*flavourTag(fe,j11,j12)*Vec(nu14,q3)*Vec(nu9,q2)*
         Vec(nu10,q3)*Vec(nu13,q2)^2*p4.p4*d^-1*xiw*xiz*ufoGC58^2*ufoGC80*
         ufoGC69
          + 1/4*g_(1,6_,nu10)*FT1*g_(1,p4)*g_(2,6_,nu14)*cFT(nu9,XX,i2,iufo3)*
         cFT(g7,XX,iufo3,i3)*flavourTag(fe,j11,j12)*Vec(nu14,q3)*Vec(nu9,q2)*
         Vec(nu10,q3)*Vec(nu13,q2)*Vec(nu13,q3)*p4.p4*d^-1*xiw*xiz*ufoGC58^2*
         ufoGC80*ufoGC69
          + 1/8*g_(1,6_,nu10)*FT1*g_(1,p4)*g_(2,6_,nu14)*cFT(nu9,XX,i2,iufo3)*
         cFT(g7,XX,iufo3,i3)*flavourTag(fe,j11,j12)*Vec(nu14,q3)*Vec(nu9,q2)*
         Vec(nu10,q3)*Vec(nu13,q3)^2*p4.p4*d^-1*xiw*xiz*ufoGC58^2*ufoGC80*
         ufoGC69
          + 1/8*g_(1,6_,nu10)*FT1*g_(1,p4)*g_(2,6_,nu14)*cFT(nu9,XX,i2,iufo3)*
         cFT(g7,XX,iufo3,i3)*flavourTag(fe,j11,j12)*Vec(nu14,q3)*Vec(nu9,q3)*
         Vec(nu10,q2)*p4.p4^2*d^-1*xiw*xiz*ufoGC58^2*ufoGC80*ufoGC69
          + 1/8*g_(1,6_,nu10)*FT1*g_(1,p4)*g_(2,6_,nu14)*cFT(nu9,XX,i2,iufo3)*
         cFT(g7,XX,iufo3,i3)*flavourTag(fe,j11,j12)*Vec(nu14,q3)*Vec(nu9,q3)*
         Vec(nu10,q2)*Vec(nu13,q2)^2*p4.p4*d^-1*xiw*xiz*ufoGC58^2*ufoGC80*
         ufoGC69
          + 1/4*g_(1,6_,nu10)*FT1*g_(1,p4)*g_(2,6_,nu14)*cFT(nu9,XX,i2,iufo3)*
         cFT(g7,XX,iufo3,i3)*flavourTag(fe,j11,j12)*Vec(nu14,q3)*Vec(nu9,q3)*
         Vec(nu10,q2)*Vec(nu13,q2)*Vec(nu13,q3)*p4.p4*d^-1*xiw*xiz*ufoGC58^2*
         ufoGC80*ufoGC69
          + 1/8*g_(1,6_,nu10)*FT1*g_(1,p4)*g_(2,6_,nu14)*cFT(nu9,XX,i2,iufo3)*
         cFT(g7,XX,iufo3,i3)*flavourTag(fe,j11,j12)*Vec(nu14,q3)*Vec(nu9,q3)*
         Vec(nu10,q2)*Vec(nu13,q3)^2*p4.p4*d^-1*xiw*xiz*ufoGC58^2*ufoGC80*
         ufoGC69
          + 1/8*g_(1,6_,nu10)*FT1*g_(1,p4)*g_(2,6_,nu14)*cFT(nu9,XX,i2,iufo3)*
         cFT(g7,XX,iufo3,i3)*flavourTag(fe,j11,j12)*Vec(nu14,q3)*Vec(nu9,q3)*
         Vec(nu10,q3)*p4.p4^2*d^-1*xiw*xiz*ufoGC58^2*ufoGC80*ufoGC69
          + 1/8*g_(1,6_,nu10)*FT1*g_(1,p4)*g_(2,6_,nu14)*cFT(nu9,XX,i2,iufo3)*
         cFT(g7,XX,iufo3,i3)*flavourTag(fe,j11,j12)*Vec(nu14,q3)*Vec(nu9,q3)*
         Vec(nu10,q3)*Vec(nu13,q2)^2*p4.p4*d^-1*xiw*xiz*ufoGC58^2*ufoGC80*
         ufoGC69
          + 1/4*g_(1,6_,nu10)*FT1*g_(1,p4)*g_(2,6_,nu14)*cFT(nu9,XX,i2,iufo3)*
         cFT(g7,XX,iufo3,i3)*flavourTag(fe,j11,j12)*Vec(nu14,q3)*Vec(nu9,q3)*
         Vec(nu10,q3)*Vec(nu13,q2)*Vec(nu13,q3)*p4.p4*d^-1*xiw*xiz*ufoGC58^2*
         ufoGC80*ufoGC69
          + 1/8*g_(1,6_,nu10)*FT1*g_(1,p4)*g_(2,6_,nu14)*cFT(nu9,XX,i2,iufo3)*
         cFT(g7,XX,iufo3,i3)*flavourTag(fe,j11,j12)*Vec(nu14,q3)*Vec(nu9,q3)*
         Vec(nu10,q3)*Vec(nu13,q3)^2*p4.p4*d^-1*xiw*xiz*ufoGC58^2*ufoGC80*
         ufoGC69
          + 1/4*g_(1,6_,nu10)*FT1*g_(1,p4)*g_(2,6_,nu13)*cFT(nu9,XX,i2,iufo3)*
         cFT(g7,XX,iufo3,i3)/(d^3 + d^2 - 2*d)*flavourTag(fe,j11,j12)*Vec(nu9,
         q2)*Vec(nu10,q2)*Vec(nu13,q2)*p4.p4^2*d*xiw*xiz*ufoGC58^2*ufoGC80*
         ufoGC69
          - 1/4*g_(1,6_,nu10)*FT1*g_(1,p4)*g_(2,6_,nu13)*cFT(nu9,XX,i2,iufo3)*
         cFT(g7,XX,iufo3,i3)/(d^3 + d^2 - 2*d)*flavourTag(fe,j11,j12)*Vec(nu9,
         q2)*Vec(nu10,q2)*Vec(nu13,q2)*p4.p4^2*xiw*xiz*ufoGC58^2*ufoGC80*
         ufoGC69
          + 1/4*g_(1,6_,nu10)*FT1*g_(1,p4)*g_(2,6_,nu13)*cFT(nu9,XX,i2,iufo3)*
         cFT(g7,XX,iufo3,i3)/(d^3 + d^2 - 2*d)*flavourTag(fe,j11,j12)*Vec(nu9,
         q2)*Vec(nu10,q2)*Vec(nu13,q3)*p4.p4^2*d*xiw*xiz*ufoGC58^2*ufoGC80*
         ufoGC69
          - 1/4*g_(1,6_,nu10)*FT1*g_(1,p4)*g_(2,6_,nu13)*cFT(nu9,XX,i2,iufo3)*
         cFT(g7,XX,iufo3,i3)/(d^3 + d^2 - 2*d)*flavourTag(fe,j11,j12)*Vec(nu9,
         q2)*Vec(nu10,q2)*Vec(nu13,q3)*p4.p4^2*xiw*xiz*ufoGC58^2*ufoGC80*
         ufoGC69
          + 1/4*g_(1,6_,nu10)*FT1*g_(1,p4)*g_(2,6_,nu13)*cFT(nu9,XX,i2,iufo3)*
         cFT(g7,XX,iufo3,i3)/(d^3 + d^2 - 2*d)*flavourTag(fe,j11,j12)*Vec(nu9,
         q2)*Vec(nu10,q3)*Vec(nu13,q2)*p4.p4^2*d*xiw*xiz*ufoGC58^2*ufoGC80*
         ufoGC69
          - 1/4*g_(1,6_,nu10)*FT1*g_(1,p4)*g_(2,6_,nu13)*cFT(nu9,XX,i2,iufo3)*
         cFT(g7,XX,iufo3,i3)/(d^3 + d^2 - 2*d)*flavourTag(fe,j11,j12)*Vec(nu9,
         q2)*Vec(nu10,q3)*Vec(nu13,q2)*p4.p4^2*xiw*xiz*ufoGC58^2*ufoGC80*
         ufoGC69
          + 1/4*g_(1,6_,nu10)*FT1*g_(1,p4)*g_(2,6_,nu13)*cFT(nu9,XX,i2,iufo3)*
         cFT(g7,XX,iufo3,i3)/(d^3 + d^2 - 2*d)*flavourTag(fe,j11,j12)*Vec(nu9,
         q2)*Vec(nu10,q3)*Vec(nu13,q3)*p4.p4^2*d*xiw*xiz*ufoGC58^2*ufoGC80*
         ufoGC69
          - 1/4*g_(1,6_,nu10)*FT1*g_(1,p4)*g_(2,6_,nu13)*cFT(nu9,XX,i2,iufo3)*
         cFT(g7,XX,iufo3,i3)/(d^3 + d^2 - 2*d)*flavourTag(fe,j11,j12)*Vec(nu9,
         q2)*Vec(nu10,q3)*Vec(nu13,q3)*p4.p4^2*xiw*xiz*ufoGC58^2*ufoGC80*
         ufoGC69
          + 1/4*g_(1,6_,nu10)*FT1*g_(1,p4)*g_(2,6_,nu13)*cFT(nu9,XX,i2,iufo3)*
         cFT(g7,XX,iufo3,i3)/(d^3 + d^2 - 2*d)*flavourTag(fe,j11,j12)*Vec(nu9,
         q3)*Vec(nu10,q2)*Vec(nu13,q2)*p4.p4^2*d*xiw*xiz*ufoGC58^2*ufoGC80*
         ufoGC69
          - 1/4*g_(1,6_,nu10)*FT1*g_(1,p4)*g_(2,6_,nu13)*cFT(nu9,XX,i2,iufo3)*
         cFT(g7,XX,iufo3,i3)/(d^3 + d^2 - 2*d)*flavourTag(fe,j11,j12)*Vec(nu9,
         q3)*Vec(nu10,q2)*Vec(nu13,q2)*p4.p4^2*xiw*xiz*ufoGC58^2*ufoGC80*
         ufoGC69
          + 1/4*g_(1,6_,nu10)*FT1*g_(1,p4)*g_(2,6_,nu13)*cFT(nu9,XX,i2,iufo3)*
         cFT(g7,XX,iufo3,i3)/(d^3 + d^2 - 2*d)*flavourTag(fe,j11,j12)*Vec(nu9,
         q3)*Vec(nu10,q2)*Vec(nu13,q3)*p4.p4^2*d*xiw*xiz*ufoGC58^2*ufoGC80*
         ufoGC69
          - 1/4*g_(1,6_,nu10)*FT1*g_(1,p4)*g_(2,6_,nu13)*cFT(nu9,XX,i2,iufo3)*
         cFT(g7,XX,iufo3,i3)/(d^3 + d^2 - 2*d)*flavourTag(fe,j11,j12)*Vec(nu9,
         q3)*Vec(nu10,q2)*Vec(nu13,q3)*p4.p4^2*xiw*xiz*ufoGC58^2*ufoGC80*
         ufoGC69
          + 1/4*g_(1,6_,nu10)*FT1*g_(1,p4)*g_(2,6_,nu13)*cFT(nu9,XX,i2,iufo3)*
         cFT(g7,XX,iufo3,i3)/(d^3 + d^2 - 2*d)*flavourTag(fe,j11,j12)*Vec(nu9,
         q3)*Vec(nu10,q3)*Vec(nu13,q2)*p4.p4^2*d*xiw*xiz*ufoGC58^2*ufoGC80*
         ufoGC69
          - 1/4*g_(1,6_,nu10)*FT1*g_(1,p4)*g_(2,6_,nu13)*cFT(nu9,XX,i2,iufo3)*
         cFT(g7,XX,iufo3,i3)/(d^3 + d^2 - 2*d)*flavourTag(fe,j11,j12)*Vec(nu9,
         q3)*Vec(nu10,q3)*Vec(nu13,q2)*p4.p4^2*xiw*xiz*ufoGC58^2*ufoGC80*
         ufoGC69
          + 1/4*g_(1,6_,nu10)*FT1*g_(1,p4)*g_(2,6_,nu13)*cFT(nu9,XX,i2,iufo3)*
         cFT(g7,XX,iufo3,i3)/(d^3 + d^2 - 2*d)*flavourTag(fe,j11,j12)*Vec(nu9,
         q3)*Vec(nu10,q3)*Vec(nu13,q3)*p4.p4^2*d*xiw*xiz*ufoGC58^2*ufoGC80*
         ufoGC69
          - 1/4*g_(1,6_,nu10)*FT1*g_(1,p4)*g_(2,6_,nu13)*cFT(nu9,XX,i2,iufo3)*
         cFT(g7,XX,iufo3,i3)/(d^3 + d^2 - 2*d)*flavourTag(fe,j11,j12)*Vec(nu9,
         q3)*Vec(nu10,q3)*Vec(nu13,q3)*p4.p4^2*xiw*xiz*ufoGC58^2*ufoGC80*
         ufoGC69
          + 1/8*g_(1,6_,nu10)*FT1*g_(1,p4)*g_(2,nu14)*FT2(g6)*cFT(nu9,XX,i2,
         iufo3)*cFT(g7,XX,iufo3,i3)*flavourTag(fe,j11,j12)*Vec(nu14,q2)*Vec(
         nu9,q2)*Vec(nu10,q2)*p4.p4^2*d^-1*xiw*xiz*ufoGC58^2*ufoGC76*ufoGC69
          + 1/8*g_(1,6_,nu10)*FT1*g_(1,p4)*g_(2,nu14)*FT2(g6)*cFT(nu9,XX,i2,
         iufo3)*cFT(g7,XX,iufo3,i3)*flavourTag(fe,j11,j12)*Vec(nu14,q2)*Vec(
         nu9,q2)*Vec(nu10,q2)*Vec(nu13,q2)^2*p4.p4*d^-1*xiw*xiz*ufoGC58^2*
         ufoGC76*ufoGC69
          + 1/4*g_(1,6_,nu10)*FT1*g_(1,p4)*g_(2,nu14)*FT2(g6)*cFT(nu9,XX,i2,
         iufo3)*cFT(g7,XX,iufo3,i3)*flavourTag(fe,j11,j12)*Vec(nu14,q2)*Vec(
         nu9,q2)*Vec(nu10,q2)*Vec(nu13,q2)*Vec(nu13,q3)*p4.p4*d^-1*xiw*xiz*
         ufoGC58^2*ufoGC76*ufoGC69
          + 1/8*g_(1,6_,nu10)*FT1*g_(1,p4)*g_(2,nu14)*FT2(g6)*cFT(nu9,XX,i2,
         iufo3)*cFT(g7,XX,iufo3,i3)*flavourTag(fe,j11,j12)*Vec(nu14,q2)*Vec(
         nu9,q2)*Vec(nu10,q2)*Vec(nu13,q3)^2*p4.p4*d^-1*xiw*xiz*ufoGC58^2*
         ufoGC76*ufoGC69
          + 1/8*g_(1,6_,nu10)*FT1*g_(1,p4)*g_(2,nu14)*FT2(g6)*cFT(nu9,XX,i2,
         iufo3)*cFT(g7,XX,iufo3,i3)*flavourTag(fe,j11,j12)*Vec(nu14,q2)*Vec(
         nu9,q2)*Vec(nu10,q3)*p4.p4^2*d^-1*xiw*xiz*ufoGC58^2*ufoGC76*ufoGC69
          + 1/8*g_(1,6_,nu10)*FT1*g_(1,p4)*g_(2,nu14)*FT2(g6)*cFT(nu9,XX,i2,
         iufo3)*cFT(g7,XX,iufo3,i3)*flavourTag(fe,j11,j12)*Vec(nu14,q2)*Vec(
         nu9,q2)*Vec(nu10,q3)*Vec(nu13,q2)^2*p4.p4*d^-1*xiw*xiz*ufoGC58^2*
         ufoGC76*ufoGC69
          + 1/4*g_(1,6_,nu10)*FT1*g_(1,p4)*g_(2,nu14)*FT2(g6)*cFT(nu9,XX,i2,
         iufo3)*cFT(g7,XX,iufo3,i3)*flavourTag(fe,j11,j12)*Vec(nu14,q2)*Vec(
         nu9,q2)*Vec(nu10,q3)*Vec(nu13,q2)*Vec(nu13,q3)*p4.p4*d^-1*xiw*xiz*
         ufoGC58^2*ufoGC76*ufoGC69
          + 1/8*g_(1,6_,nu10)*FT1*g_(1,p4)*g_(2,nu14)*FT2(g6)*cFT(nu9,XX,i2,
         iufo3)*cFT(g7,XX,iufo3,i3)*flavourTag(fe,j11,j12)*Vec(nu14,q2)*Vec(
         nu9,q2)*Vec(nu10,q3)*Vec(nu13,q3)^2*p4.p4*d^-1*xiw*xiz*ufoGC58^2*
         ufoGC76*ufoGC69
          + 1/8*g_(1,6_,nu10)*FT1*g_(1,p4)*g_(2,nu14)*FT2(g6)*cFT(nu9,XX,i2,
         iufo3)*cFT(g7,XX,iufo3,i3)*flavourTag(fe,j11,j12)*Vec(nu14,q2)*Vec(
         nu9,q3)*Vec(nu10,q2)*p4.p4^2*d^-1*xiw*xiz*ufoGC58^2*ufoGC76*ufoGC69
          + 1/8*g_(1,6_,nu10)*FT1*g_(1,p4)*g_(2,nu14)*FT2(g6)*cFT(nu9,XX,i2,
         iufo3)*cFT(g7,XX,iufo3,i3)*flavourTag(fe,j11,j12)*Vec(nu14,q2)*Vec(
         nu9,q3)*Vec(nu10,q2)*Vec(nu13,q2)^2*p4.p4*d^-1*xiw*xiz*ufoGC58^2*
         ufoGC76*ufoGC69
          + 1/4*g_(1,6_,nu10)*FT1*g_(1,p4)*g_(2,nu14)*FT2(g6)*cFT(nu9,XX,i2,
         iufo3)*cFT(g7,XX,iufo3,i3)*flavourTag(fe,j11,j12)*Vec(nu14,q2)*Vec(
         nu9,q3)*Vec(nu10,q2)*Vec(nu13,q2)*Vec(nu13,q3)*p4.p4*d^-1*xiw*xiz*
         ufoGC58^2*ufoGC76*ufoGC69
          + 1/8*g_(1,6_,nu10)*FT1*g_(1,p4)*g_(2,nu14)*FT2(g6)*cFT(nu9,XX,i2,
         iufo3)*cFT(g7,XX,iufo3,i3)*flavourTag(fe,j11,j12)*Vec(nu14,q2)*Vec(
         nu9,q3)*Vec(nu10,q2)*Vec(nu13,q3)^2*p4.p4*d^-1*xiw*xiz*ufoGC58^2*
         ufoGC76*ufoGC69
          + 1/8*g_(1,6_,nu10)*FT1*g_(1,p4)*g_(2,nu14)*FT2(g6)*cFT(nu9,XX,i2,
         iufo3)*cFT(g7,XX,iufo3,i3)*flavourTag(fe,j11,j12)*Vec(nu14,q2)*Vec(
         nu9,q3)*Vec(nu10,q3)*p4.p4^2*d^-1*xiw*xiz*ufoGC58^2*ufoGC76*ufoGC69
          + 1/8*g_(1,6_,nu10)*FT1*g_(1,p4)*g_(2,nu14)*FT2(g6)*cFT(nu9,XX,i2,
         iufo3)*cFT(g7,XX,iufo3,i3)*flavourTag(fe,j11,j12)*Vec(nu14,q2)*Vec(
         nu9,q3)*Vec(nu10,q3)*Vec(nu13,q2)^2*p4.p4*d^-1*xiw*xiz*ufoGC58^2*
         ufoGC76*ufoGC69
          + 1/4*g_(1,6_,nu10)*FT1*g_(1,p4)*g_(2,nu14)*FT2(g6)*cFT(nu9,XX,i2,
         iufo3)*cFT(g7,XX,iufo3,i3)*flavourTag(fe,j11,j12)*Vec(nu14,q2)*Vec(
         nu9,q3)*Vec(nu10,q3)*Vec(nu13,q2)*Vec(nu13,q3)*p4.p4*d^-1*xiw*xiz*
         ufoGC58^2*ufoGC76*ufoGC69
          + 1/8*g_(1,6_,nu10)*FT1*g_(1,p4)*g_(2,nu14)*FT2(g6)*cFT(nu9,XX,i2,
         iufo3)*cFT(g7,XX,iufo3,i3)*flavourTag(fe,j11,j12)*Vec(nu14,q2)*Vec(
         nu9,q3)*Vec(nu10,q3)*Vec(nu13,q3)^2*p4.p4*d^-1*xiw*xiz*ufoGC58^2*
         ufoGC76*ufoGC69
          + 1/8*g_(1,6_,nu10)*FT1*g_(1,p4)*g_(2,nu14)*FT2(g6)*cFT(nu9,XX,i2,
         iufo3)*cFT(g7,XX,iufo3,i3)*flavourTag(fe,j11,j12)*Vec(nu14,q3)*Vec(
         nu9,q2)*Vec(nu10,q2)*p4.p4^2*d^-1*xiw*xiz*ufoGC58^2*ufoGC76*ufoGC69
          + 1/8*g_(1,6_,nu10)*FT1*g_(1,p4)*g_(2,nu14)*FT2(g6)*cFT(nu9,XX,i2,
         iufo3)*cFT(g7,XX,iufo3,i3)*flavourTag(fe,j11,j12)*Vec(nu14,q3)*Vec(
         nu9,q2)*Vec(nu10,q2)*Vec(nu13,q2)^2*p4.p4*d^-1*xiw*xiz*ufoGC58^2*
         ufoGC76*ufoGC69
          + 1/4*g_(1,6_,nu10)*FT1*g_(1,p4)*g_(2,nu14)*FT2(g6)*cFT(nu9,XX,i2,
         iufo3)*cFT(g7,XX,iufo3,i3)*flavourTag(fe,j11,j12)*Vec(nu14,q3)*Vec(
         nu9,q2)*Vec(nu10,q2)*Vec(nu13,q2)*Vec(nu13,q3)*p4.p4*d^-1*xiw*xiz*
         ufoGC58^2*ufoGC76*ufoGC69
          + 1/8*g_(1,6_,nu10)*FT1*g_(1,p4)*g_(2,nu14)*FT2(g6)*cFT(nu9,XX,i2,
         iufo3)*cFT(g7,XX,iufo3,i3)*flavourTag(fe,j11,j12)*Vec(nu14,q3)*Vec(
         nu9,q2)*Vec(nu10,q2)*Vec(nu13,q3)^2*p4.p4*d^-1*xiw*xiz*ufoGC58^2*
         ufoGC76*ufoGC69
          + 1/8*g_(1,6_,nu10)*FT1*g_(1,p4)*g_(2,nu14)*FT2(g6)*cFT(nu9,XX,i2,
         iufo3)*cFT(g7,XX,iufo3,i3)*flavourTag(fe,j11,j12)*Vec(nu14,q3)*Vec(
         nu9,q2)*Vec(nu10,q3)*p4.p4^2*d^-1*xiw*xiz*ufoGC58^2*ufoGC76*ufoGC69
          + 1/8*g_(1,6_,nu10)*FT1*g_(1,p4)*g_(2,nu14)*FT2(g6)*cFT(nu9,XX,i2,
         iufo3)*cFT(g7,XX,iufo3,i3)*flavourTag(fe,j11,j12)*Vec(nu14,q3)*Vec(
         nu9,q2)*Vec(nu10,q3)*Vec(nu13,q2)^2*p4.p4*d^-1*xiw*xiz*ufoGC58^2*
         ufoGC76*ufoGC69
          + 1/4*g_(1,6_,nu10)*FT1*g_(1,p4)*g_(2,nu14)*FT2(g6)*cFT(nu9,XX,i2,
         iufo3)*cFT(g7,XX,iufo3,i3)*flavourTag(fe,j11,j12)*Vec(nu14,q3)*Vec(
         nu9,q2)*Vec(nu10,q3)*Vec(nu13,q2)*Vec(nu13,q3)*p4.p4*d^-1*xiw*xiz*
         ufoGC58^2*ufoGC76*ufoGC69
          + 1/8*g_(1,6_,nu10)*FT1*g_(1,p4)*g_(2,nu14)*FT2(g6)*cFT(nu9,XX,i2,
         iufo3)*cFT(g7,XX,iufo3,i3)*flavourTag(fe,j11,j12)*Vec(nu14,q3)*Vec(
         nu9,q2)*Vec(nu10,q3)*Vec(nu13,q3)^2*p4.p4*d^-1*xiw*xiz*ufoGC58^2*
         ufoGC76*ufoGC69
          + 1/8*g_(1,6_,nu10)*FT1*g_(1,p4)*g_(2,nu14)*FT2(g6)*cFT(nu9,XX,i2,
         iufo3)*cFT(g7,XX,iufo3,i3)*flavourTag(fe,j11,j12)*Vec(nu14,q3)*Vec(
         nu9,q3)*Vec(nu10,q2)*p4.p4^2*d^-1*xiw*xiz*ufoGC58^2*ufoGC76*ufoGC69
          + 1/8*g_(1,6_,nu10)*FT1*g_(1,p4)*g_(2,nu14)*FT2(g6)*cFT(nu9,XX,i2,
         iufo3)*cFT(g7,XX,iufo3,i3)*flavourTag(fe,j11,j12)*Vec(nu14,q3)*Vec(
         nu9,q3)*Vec(nu10,q2)*Vec(nu13,q2)^2*p4.p4*d^-1*xiw*xiz*ufoGC58^2*
         ufoGC76*ufoGC69
          + 1/4*g_(1,6_,nu10)*FT1*g_(1,p4)*g_(2,nu14)*FT2(g6)*cFT(nu9,XX,i2,
         iufo3)*cFT(g7,XX,iufo3,i3)*flavourTag(fe,j11,j12)*Vec(nu14,q3)*Vec(
         nu9,q3)*Vec(nu10,q2)*Vec(nu13,q2)*Vec(nu13,q3)*p4.p4*d^-1*xiw*xiz*
         ufoGC58^2*ufoGC76*ufoGC69
          + 1/8*g_(1,6_,nu10)*FT1*g_(1,p4)*g_(2,nu14)*FT2(g6)*cFT(nu9,XX,i2,
         iufo3)*cFT(g7,XX,iufo3,i3)*flavourTag(fe,j11,j12)*Vec(nu14,q3)*Vec(
         nu9,q3)*Vec(nu10,q2)*Vec(nu13,q3)^2*p4.p4*d^-1*xiw*xiz*ufoGC58^2*
         ufoGC76*ufoGC69
          + 1/8*g_(1,6_,nu10)*FT1*g_(1,p4)*g_(2,nu14)*FT2(g6)*cFT(nu9,XX,i2,
         iufo3)*cFT(g7,XX,iufo3,i3)*flavourTag(fe,j11,j12)*Vec(nu14,q3)*Vec(
         nu9,q3)*Vec(nu10,q3)*p4.p4^2*d^-1*xiw*xiz*ufoGC58^2*ufoGC76*ufoGC69
          + 1/8*g_(1,6_,nu10)*FT1*g_(1,p4)*g_(2,nu14)*FT2(g6)*cFT(nu9,XX,i2,
         iufo3)*cFT(g7,XX,iufo3,i3)*flavourTag(fe,j11,j12)*Vec(nu14,q3)*Vec(
         nu9,q3)*Vec(nu10,q3)*Vec(nu13,q2)^2*p4.p4*d^-1*xiw*xiz*ufoGC58^2*
         ufoGC76*ufoGC69
          + 1/4*g_(1,6_,nu10)*FT1*g_(1,p4)*g_(2,nu14)*FT2(g6)*cFT(nu9,XX,i2,
         iufo3)*cFT(g7,XX,iufo3,i3)*flavourTag(fe,j11,j12)*Vec(nu14,q3)*Vec(
         nu9,q3)*Vec(nu10,q3)*Vec(nu13,q2)*Vec(nu13,q3)*p4.p4*d^-1*xiw*xiz*
         ufoGC58^2*ufoGC76*ufoGC69
          + 1/8*g_(1,6_,nu10)*FT1*g_(1,p4)*g_(2,nu14)*FT2(g6)*cFT(nu9,XX,i2,
         iufo3)*cFT(g7,XX,iufo3,i3)*flavourTag(fe,j11,j12)*Vec(nu14,q3)*Vec(
         nu9,q3)*Vec(nu10,q3)*Vec(nu13,q3)^2*p4.p4*d^-1*xiw*xiz*ufoGC58^2*
         ufoGC76*ufoGC69
          + 1/4*g_(1,6_,nu10)*FT1*g_(1,p4)*g_(2,nu13)*FT2(g6)*cFT(nu9,XX,i2,
         iufo3)*cFT(g7,XX,iufo3,i3)/(d^3 + d^2 - 2*d)*flavourTag(fe,j11,j12)*
         Vec(nu9,q2)*Vec(nu10,q2)*Vec(nu13,q2)*p4.p4^2*d*xiw*xiz*ufoGC58^2*
         ufoGC76*ufoGC69
          - 1/4*g_(1,6_,nu10)*FT1*g_(1,p4)*g_(2,nu13)*FT2(g6)*cFT(nu9,XX,i2,
         iufo3)*cFT(g7,XX,iufo3,i3)/(d^3 + d^2 - 2*d)*flavourTag(fe,j11,j12)*
         Vec(nu9,q2)*Vec(nu10,q2)*Vec(nu13,q2)*p4.p4^2*xiw*xiz*ufoGC58^2*
         ufoGC76*ufoGC69
          + 1/4*g_(1,6_,nu10)*FT1*g_(1,p4)*g_(2,nu13)*FT2(g6)*cFT(nu9,XX,i2,
         iufo3)*cFT(g7,XX,iufo3,i3)/(d^3 + d^2 - 2*d)*flavourTag(fe,j11,j12)*
         Vec(nu9,q2)*Vec(nu10,q2)*Vec(nu13,q3)*p4.p4^2*d*xiw*xiz*ufoGC58^2*
         ufoGC76*ufoGC69
          - 1/4*g_(1,6_,nu10)*FT1*g_(1,p4)*g_(2,nu13)*FT2(g6)*cFT(nu9,XX,i2,
         iufo3)*cFT(g7,XX,iufo3,i3)/(d^3 + d^2 - 2*d)*flavourTag(fe,j11,j12)*
         Vec(nu9,q2)*Vec(nu10,q2)*Vec(nu13,q3)*p4.p4^2*xiw*xiz*ufoGC58^2*
         ufoGC76*ufoGC69
          + 1/4*g_(1,6_,nu10)*FT1*g_(1,p4)*g_(2,nu13)*FT2(g6)*cFT(nu9,XX,i2,
         iufo3)*cFT(g7,XX,iufo3,i3)/(d^3 + d^2 - 2*d)*flavourTag(fe,j11,j12)*
         Vec(nu9,q2)*Vec(nu10,q3)*Vec(nu13,q2)*p4.p4^2*d*xiw*xiz*ufoGC58^2*
         ufoGC76*ufoGC69
          - 1/4*g_(1,6_,nu10)*FT1*g_(1,p4)*g_(2,nu13)*FT2(g6)*cFT(nu9,XX,i2,
         iufo3)*cFT(g7,XX,iufo3,i3)/(d^3 + d^2 - 2*d)*flavourTag(fe,j11,j12)*
         Vec(nu9,q2)*Vec(nu10,q3)*Vec(nu13,q2)*p4.p4^2*xiw*xiz*ufoGC58^2*
         ufoGC76*ufoGC69
          + 1/4*g_(1,6_,nu10)*FT1*g_(1,p4)*g_(2,nu13)*FT2(g6)*cFT(nu9,XX,i2,
         iufo3)*cFT(g7,XX,iufo3,i3)/(d^3 + d^2 - 2*d)*flavourTag(fe,j11,j12)*
         Vec(nu9,q2)*Vec(nu10,q3)*Vec(nu13,q3)*p4.p4^2*d*xiw*xiz*ufoGC58^2*
         ufoGC76*ufoGC69
          - 1/4*g_(1,6_,nu10)*FT1*g_(1,p4)*g_(2,nu13)*FT2(g6)*cFT(nu9,XX,i2,
         iufo3)*cFT(g7,XX,iufo3,i3)/(d^3 + d^2 - 2*d)*flavourTag(fe,j11,j12)*
         Vec(nu9,q2)*Vec(nu10,q3)*Vec(nu13,q3)*p4.p4^2*xiw*xiz*ufoGC58^2*
         ufoGC76*ufoGC69
          + 1/4*g_(1,6_,nu10)*FT1*g_(1,p4)*g_(2,nu13)*FT2(g6)*cFT(nu9,XX,i2,
         iufo3)*cFT(g7,XX,iufo3,i3)/(d^3 + d^2 - 2*d)*flavourTag(fe,j11,j12)*
         Vec(nu9,q3)*Vec(nu10,q2)*Vec(nu13,q2)*p4.p4^2*d*xiw*xiz*ufoGC58^2*
         ufoGC76*ufoGC69
          - 1/4*g_(1,6_,nu10)*FT1*g_(1,p4)*g_(2,nu13)*FT2(g6)*cFT(nu9,XX,i2,
         iufo3)*cFT(g7,XX,iufo3,i3)/(d^3 + d^2 - 2*d)*flavourTag(fe,j11,j12)*
         Vec(nu9,q3)*Vec(nu10,q2)*Vec(nu13,q2)*p4.p4^2*xiw*xiz*ufoGC58^2*
         ufoGC76*ufoGC69
          + 1/4*g_(1,6_,nu10)*FT1*g_(1,p4)*g_(2,nu13)*FT2(g6)*cFT(nu9,XX,i2,
         iufo3)*cFT(g7,XX,iufo3,i3)/(d^3 + d^2 - 2*d)*flavourTag(fe,j11,j12)*
         Vec(nu9,q3)*Vec(nu10,q2)*Vec(nu13,q3)*p4.p4^2*d*xiw*xiz*ufoGC58^2*
         ufoGC76*ufoGC69
          - 1/4*g_(1,6_,nu10)*FT1*g_(1,p4)*g_(2,nu13)*FT2(g6)*cFT(nu9,XX,i2,
         iufo3)*cFT(g7,XX,iufo3,i3)/(d^3 + d^2 - 2*d)*flavourTag(fe,j11,j12)*
         Vec(nu9,q3)*Vec(nu10,q2)*Vec(nu13,q3)*p4.p4^2*xiw*xiz*ufoGC58^2*
         ufoGC76*ufoGC69
          + 1/4*g_(1,6_,nu10)*FT1*g_(1,p4)*g_(2,nu13)*FT2(g6)*cFT(nu9,XX,i2,
         iufo3)*cFT(g7,XX,iufo3,i3)/(d^3 + d^2 - 2*d)*flavourTag(fe,j11,j12)*
         Vec(nu9,q3)*Vec(nu10,q3)*Vec(nu13,q2)*p4.p4^2*d*xiw*xiz*ufoGC58^2*
         ufoGC76*ufoGC69
          - 1/4*g_(1,6_,nu10)*FT1*g_(1,p4)*g_(2,nu13)*FT2(g6)*cFT(nu9,XX,i2,
         iufo3)*cFT(g7,XX,iufo3,i3)/(d^3 + d^2 - 2*d)*flavourTag(fe,j11,j12)*
         Vec(nu9,q3)*Vec(nu10,q3)*Vec(nu13,q2)*p4.p4^2*xiw*xiz*ufoGC58^2*
         ufoGC76*ufoGC69
          + 1/4*g_(1,6_,nu10)*FT1*g_(1,p4)*g_(2,nu13)*FT2(g6)*cFT(nu9,XX,i2,
         iufo3)*cFT(g7,XX,iufo3,i3)/(d^3 + d^2 - 2*d)*flavourTag(fe,j11,j12)*
         Vec(nu9,q3)*Vec(nu10,q3)*Vec(nu13,q3)*p4.p4^2*d*xiw*xiz*ufoGC58^2*
         ufoGC76*ufoGC69
          - 1/4*g_(1,6_,nu10)*FT1*g_(1,p4)*g_(2,nu13)*FT2(g6)*cFT(nu9,XX,i2,
         iufo3)*cFT(g7,XX,iufo3,i3)/(d^3 + d^2 - 2*d)*flavourTag(fe,j11,j12)*
         Vec(nu9,q3)*Vec(nu10,q3)*Vec(nu13,q3)*p4.p4^2*xiw*xiz*ufoGC58^2*
         ufoGC76*ufoGC69
          - 1/8*g_(1,6_,nu10)*FT1*g_(1,q1)*g_(2,6_,nu14)*cFT(nu9,XX,i2,iufo3)*
         cFT(g7,XX,iufo3,i3)*flavourTag(fe,j11,j12)*Vec(nu14,q2)*Vec(nu9,q2)*
         Vec(nu10,q2)*p4.p4^2*d^-1*xiw*xiz*ufoGC58^2*ufoGC80*ufoGC69
          - 1/8*g_(1,6_,nu10)*FT1*g_(1,q1)*g_(2,6_,nu14)*cFT(nu9,XX,i2,iufo3)*
         cFT(g7,XX,iufo3,i3)*flavourTag(fe,j11,j12)*Vec(nu14,q2)*Vec(nu9,q2)*
         Vec(nu10,q2)*Vec(nu13,q2)^2*p4.p4*d^-1*xiw*xiz*ufoGC58^2*ufoGC80*
         ufoGC69
          - 1/4*g_(1,6_,nu10)*FT1*g_(1,q1)*g_(2,6_,nu14)*cFT(nu9,XX,i2,iufo3)*
         cFT(g7,XX,iufo3,i3)*flavourTag(fe,j11,j12)*Vec(nu14,q2)*Vec(nu9,q2)*
         Vec(nu10,q2)*Vec(nu13,q2)*Vec(nu13,q3)*p4.p4*d^-1*xiw*xiz*ufoGC58^2*
         ufoGC80*ufoGC69
          - 1/8*g_(1,6_,nu10)*FT1*g_(1,q1)*g_(2,6_,nu14)*cFT(nu9,XX,i2,iufo3)*
         cFT(g7,XX,iufo3,i3)*flavourTag(fe,j11,j12)*Vec(nu14,q2)*Vec(nu9,q2)*
         Vec(nu10,q2)*Vec(nu13,q3)^2*p4.p4*d^-1*xiw*xiz*ufoGC58^2*ufoGC80*
         ufoGC69
          - 1/8*g_(1,6_,nu10)*FT1*g_(1,q1)*g_(2,6_,nu14)*cFT(nu9,XX,i2,iufo3)*
         cFT(g7,XX,iufo3,i3)*flavourTag(fe,j11,j12)*Vec(nu14,q2)*Vec(nu9,q2)*
         Vec(nu10,q3)*p4.p4^2*d^-1*xiw*xiz*ufoGC58^2*ufoGC80*ufoGC69
          - 1/8*g_(1,6_,nu10)*FT1*g_(1,q1)*g_(2,6_,nu14)*cFT(nu9,XX,i2,iufo3)*
         cFT(g7,XX,iufo3,i3)*flavourTag(fe,j11,j12)*Vec(nu14,q2)*Vec(nu9,q2)*
         Vec(nu10,q3)*Vec(nu13,q2)^2*p4.p4*d^-1*xiw*xiz*ufoGC58^2*ufoGC80*
         ufoGC69
          - 1/4*g_(1,6_,nu10)*FT1*g_(1,q1)*g_(2,6_,nu14)*cFT(nu9,XX,i2,iufo3)*
         cFT(g7,XX,iufo3,i3)*flavourTag(fe,j11,j12)*Vec(nu14,q2)*Vec(nu9,q2)*
         Vec(nu10,q3)*Vec(nu13,q2)*Vec(nu13,q3)*p4.p4*d^-1*xiw*xiz*ufoGC58^2*
         ufoGC80*ufoGC69
          - 1/8*g_(1,6_,nu10)*FT1*g_(1,q1)*g_(2,6_,nu14)*cFT(nu9,XX,i2,iufo3)*
         cFT(g7,XX,iufo3,i3)*flavourTag(fe,j11,j12)*Vec(nu14,q2)*Vec(nu9,q2)*
         Vec(nu10,q3)*Vec(nu13,q3)^2*p4.p4*d^-1*xiw*xiz*ufoGC58^2*ufoGC80*
         ufoGC69
          - 1/8*g_(1,6_,nu10)*FT1*g_(1,q1)*g_(2,6_,nu14)*cFT(nu9,XX,i2,iufo3)*
         cFT(g7,XX,iufo3,i3)*flavourTag(fe,j11,j12)*Vec(nu14,q2)*Vec(nu9,q3)*
         Vec(nu10,q2)*p4.p4^2*d^-1*xiw*xiz*ufoGC58^2*ufoGC80*ufoGC69
          - 1/8*g_(1,6_,nu10)*FT1*g_(1,q1)*g_(2,6_,nu14)*cFT(nu9,XX,i2,iufo3)*
         cFT(g7,XX,iufo3,i3)*flavourTag(fe,j11,j12)*Vec(nu14,q2)*Vec(nu9,q3)*
         Vec(nu10,q2)*Vec(nu13,q2)^2*p4.p4*d^-1*xiw*xiz*ufoGC58^2*ufoGC80*
         ufoGC69
          - 1/4*g_(1,6_,nu10)*FT1*g_(1,q1)*g_(2,6_,nu14)*cFT(nu9,XX,i2,iufo3)*
         cFT(g7,XX,iufo3,i3)*flavourTag(fe,j11,j12)*Vec(nu14,q2)*Vec(nu9,q3)*
         Vec(nu10,q2)*Vec(nu13,q2)*Vec(nu13,q3)*p4.p4*d^-1*xiw*xiz*ufoGC58^2*
         ufoGC80*ufoGC69
          - 1/8*g_(1,6_,nu10)*FT1*g_(1,q1)*g_(2,6_,nu14)*cFT(nu9,XX,i2,iufo3)*
         cFT(g7,XX,iufo3,i3)*flavourTag(fe,j11,j12)*Vec(nu14,q2)*Vec(nu9,q3)*
         Vec(nu10,q2)*Vec(nu13,q3)^2*p4.p4*d^-1*xiw*xiz*ufoGC58^2*ufoGC80*
         ufoGC69
          - 1/8*g_(1,6_,nu10)*FT1*g_(1,q1)*g_(2,6_,nu14)*cFT(nu9,XX,i2,iufo3)*
         cFT(g7,XX,iufo3,i3)*flavourTag(fe,j11,j12)*Vec(nu14,q2)*Vec(nu9,q3)*
         Vec(nu10,q3)*p4.p4^2*d^-1*xiw*xiz*ufoGC58^2*ufoGC80*ufoGC69
          - 1/8*g_(1,6_,nu10)*FT1*g_(1,q1)*g_(2,6_,nu14)*cFT(nu9,XX,i2,iufo3)*
         cFT(g7,XX,iufo3,i3)*flavourTag(fe,j11,j12)*Vec(nu14,q2)*Vec(nu9,q3)*
         Vec(nu10,q3)*Vec(nu13,q2)^2*p4.p4*d^-1*xiw*xiz*ufoGC58^2*ufoGC80*
         ufoGC69
          - 1/4*g_(1,6_,nu10)*FT1*g_(1,q1)*g_(2,6_,nu14)*cFT(nu9,XX,i2,iufo3)*
         cFT(g7,XX,iufo3,i3)*flavourTag(fe,j11,j12)*Vec(nu14,q2)*Vec(nu9,q3)*
         Vec(nu10,q3)*Vec(nu13,q2)*Vec(nu13,q3)*p4.p4*d^-1*xiw*xiz*ufoGC58^2*
         ufoGC80*ufoGC69
          - 1/8*g_(1,6_,nu10)*FT1*g_(1,q1)*g_(2,6_,nu14)*cFT(nu9,XX,i2,iufo3)*
         cFT(g7,XX,iufo3,i3)*flavourTag(fe,j11,j12)*Vec(nu14,q2)*Vec(nu9,q3)*
         Vec(nu10,q3)*Vec(nu13,q3)^2*p4.p4*d^-1*xiw*xiz*ufoGC58^2*ufoGC80*
         ufoGC69
          - 1/8*g_(1,6_,nu10)*FT1*g_(1,q1)*g_(2,6_,nu14)*cFT(nu9,XX,i2,iufo3)*
         cFT(g7,XX,iufo3,i3)*flavourTag(fe,j11,j12)*Vec(nu14,q3)*Vec(nu9,q2)*
         Vec(nu10,q2)*p4.p4^2*d^-1*xiw*xiz*ufoGC58^2*ufoGC80*ufoGC69
          - 1/8*g_(1,6_,nu10)*FT1*g_(1,q1)*g_(2,6_,nu14)*cFT(nu9,XX,i2,iufo3)*
         cFT(g7,XX,iufo3,i3)*flavourTag(fe,j11,j12)*Vec(nu14,q3)*Vec(nu9,q2)*
         Vec(nu10,q2)*Vec(nu13,q2)^2*p4.p4*d^-1*xiw*xiz*ufoGC58^2*ufoGC80*
         ufoGC69
          - 1/4*g_(1,6_,nu10)*FT1*g_(1,q1)*g_(2,6_,nu14)*cFT(nu9,XX,i2,iufo3)*
         cFT(g7,XX,iufo3,i3)*flavourTag(fe,j11,j12)*Vec(nu14,q3)*Vec(nu9,q2)*
         Vec(nu10,q2)*Vec(nu13,q2)*Vec(nu13,q3)*p4.p4*d^-1*xiw*xiz*ufoGC58^2*
         ufoGC80*ufoGC69
          - 1/8*g_(1,6_,nu10)*FT1*g_(1,q1)*g_(2,6_,nu14)*cFT(nu9,XX,i2,iufo3)*
         cFT(g7,XX,iufo3,i3)*flavourTag(fe,j11,j12)*Vec(nu14,q3)*Vec(nu9,q2)*
         Vec(nu10,q2)*Vec(nu13,q3)^2*p4.p4*d^-1*xiw*xiz*ufoGC58^2*ufoGC80*
         ufoGC69
          - 1/8*g_(1,6_,nu10)*FT1*g_(1,q1)*g_(2,6_,nu14)*cFT(nu9,XX,i2,iufo3)*
         cFT(g7,XX,iufo3,i3)*flavourTag(fe,j11,j12)*Vec(nu14,q3)*Vec(nu9,q2)*
         Vec(nu10,q3)*p4.p4^2*d^-1*xiw*xiz*ufoGC58^2*ufoGC80*ufoGC69
          - 1/8*g_(1,6_,nu10)*FT1*g_(1,q1)*g_(2,6_,nu14)*cFT(nu9,XX,i2,iufo3)*
         cFT(g7,XX,iufo3,i3)*flavourTag(fe,j11,j12)*Vec(nu14,q3)*Vec(nu9,q2)*
         Vec(nu10,q3)*Vec(nu13,q2)^2*p4.p4*d^-1*xiw*xiz*ufoGC58^2*ufoGC80*
         ufoGC69
          - 1/4*g_(1,6_,nu10)*FT1*g_(1,q1)*g_(2,6_,nu14)*cFT(nu9,XX,i2,iufo3)*
         cFT(g7,XX,iufo3,i3)*flavourTag(fe,j11,j12)*Vec(nu14,q3)*Vec(nu9,q2)*
         Vec(nu10,q3)*Vec(nu13,q2)*Vec(nu13,q3)*p4.p4*d^-1*xiw*xiz*ufoGC58^2*
         ufoGC80*ufoGC69
          - 1/8*g_(1,6_,nu10)*FT1*g_(1,q1)*g_(2,6_,nu14)*cFT(nu9,XX,i2,iufo3)*
         cFT(g7,XX,iufo3,i3)*flavourTag(fe,j11,j12)*Vec(nu14,q3)*Vec(nu9,q2)*
         Vec(nu10,q3)*Vec(nu13,q3)^2*p4.p4*d^-1*xiw*xiz*ufoGC58^2*ufoGC80*
         ufoGC69
          - 1/8*g_(1,6_,nu10)*FT1*g_(1,q1)*g_(2,6_,nu14)*cFT(nu9,XX,i2,iufo3)*
         cFT(g7,XX,iufo3,i3)*flavourTag(fe,j11,j12)*Vec(nu14,q3)*Vec(nu9,q3)*
         Vec(nu10,q2)*p4.p4^2*d^-1*xiw*xiz*ufoGC58^2*ufoGC80*ufoGC69
          - 1/8*g_(1,6_,nu10)*FT1*g_(1,q1)*g_(2,6_,nu14)*cFT(nu9,XX,i2,iufo3)*
         cFT(g7,XX,iufo3,i3)*flavourTag(fe,j11,j12)*Vec(nu14,q3)*Vec(nu9,q3)*
         Vec(nu10,q2)*Vec(nu13,q2)^2*p4.p4*d^-1*xiw*xiz*ufoGC58^2*ufoGC80*
         ufoGC69
          - 1/4*g_(1,6_,nu10)*FT1*g_(1,q1)*g_(2,6_,nu14)*cFT(nu9,XX,i2,iufo3)*
         cFT(g7,XX,iufo3,i3)*flavourTag(fe,j11,j12)*Vec(nu14,q3)*Vec(nu9,q3)*
         Vec(nu10,q2)*Vec(nu13,q2)*Vec(nu13,q3)*p4.p4*d^-1*xiw*xiz*ufoGC58^2*
         ufoGC80*ufoGC69
          - 1/8*g_(1,6_,nu10)*FT1*g_(1,q1)*g_(2,6_,nu14)*cFT(nu9,XX,i2,iufo3)*
         cFT(g7,XX,iufo3,i3)*flavourTag(fe,j11,j12)*Vec(nu14,q3)*Vec(nu9,q3)*
         Vec(nu10,q2)*Vec(nu13,q3)^2*p4.p4*d^-1*xiw*xiz*ufoGC58^2*ufoGC80*
         ufoGC69
          - 1/8*g_(1,6_,nu10)*FT1*g_(1,q1)*g_(2,6_,nu14)*cFT(nu9,XX,i2,iufo3)*
         cFT(g7,XX,iufo3,i3)*flavourTag(fe,j11,j12)*Vec(nu14,q3)*Vec(nu9,q3)*
         Vec(nu10,q3)*p4.p4^2*d^-1*xiw*xiz*ufoGC58^2*ufoGC80*ufoGC69
          - 1/8*g_(1,6_,nu10)*FT1*g_(1,q1)*g_(2,6_,nu14)*cFT(nu9,XX,i2,iufo3)*
         cFT(g7,XX,iufo3,i3)*flavourTag(fe,j11,j12)*Vec(nu14,q3)*Vec(nu9,q3)*
         Vec(nu10,q3)*Vec(nu13,q2)^2*p4.p4*d^-1*xiw*xiz*ufoGC58^2*ufoGC80*
         ufoGC69
          - 1/4*g_(1,6_,nu10)*FT1*g_(1,q1)*g_(2,6_,nu14)*cFT(nu9,XX,i2,iufo3)*
         cFT(g7,XX,iufo3,i3)*flavourTag(fe,j11,j12)*Vec(nu14,q3)*Vec(nu9,q3)*
         Vec(nu10,q3)*Vec(nu13,q2)*Vec(nu13,q3)*p4.p4*d^-1*xiw*xiz*ufoGC58^2*
         ufoGC80*ufoGC69
          - 1/8*g_(1,6_,nu10)*FT1*g_(1,q1)*g_(2,6_,nu14)*cFT(nu9,XX,i2,iufo3)*
         cFT(g7,XX,iufo3,i3)*flavourTag(fe,j11,j12)*Vec(nu14,q3)*Vec(nu9,q3)*
         Vec(nu10,q3)*Vec(nu13,q3)^2*p4.p4*d^-1*xiw*xiz*ufoGC58^2*ufoGC80*
         ufoGC69
          - 1/4*g_(1,6_,nu10)*FT1*g_(1,q1)*g_(2,6_,nu13)*cFT(nu9,XX,i2,iufo3)*
         cFT(g7,XX,iufo3,i3)/(d^3 + d^2 - 2*d)*flavourTag(fe,j11,j12)*Vec(nu9,
         q2)*Vec(nu10,q2)*Vec(nu13,q2)*p4.p4^2*d*xiw*xiz*ufoGC58^2*ufoGC80*
         ufoGC69
          + 1/4*g_(1,6_,nu10)*FT1*g_(1,q1)*g_(2,6_,nu13)*cFT(nu9,XX,i2,iufo3)*
         cFT(g7,XX,iufo3,i3)/(d^3 + d^2 - 2*d)*flavourTag(fe,j11,j12)*Vec(nu9,
         q2)*Vec(nu10,q2)*Vec(nu13,q2)*p4.p4^2*xiw*xiz*ufoGC58^2*ufoGC80*
         ufoGC69
          - 1/4*g_(1,6_,nu10)*FT1*g_(1,q1)*g_(2,6_,nu13)*cFT(nu9,XX,i2,iufo3)*
         cFT(g7,XX,iufo3,i3)/(d^3 + d^2 - 2*d)*flavourTag(fe,j11,j12)*Vec(nu9,
         q2)*Vec(nu10,q2)*Vec(nu13,q3)*p4.p4^2*d*xiw*xiz*ufoGC58^2*ufoGC80*
         ufoGC69
          + 1/4*g_(1,6_,nu10)*FT1*g_(1,q1)*g_(2,6_,nu13)*cFT(nu9,XX,i2,iufo3)*
         cFT(g7,XX,iufo3,i3)/(d^3 + d^2 - 2*d)*flavourTag(fe,j11,j12)*Vec(nu9,
         q2)*Vec(nu10,q2)*Vec(nu13,q3)*p4.p4^2*xiw*xiz*ufoGC58^2*ufoGC80*
         ufoGC69
          - 1/4*g_(1,6_,nu10)*FT1*g_(1,q1)*g_(2,6_,nu13)*cFT(nu9,XX,i2,iufo3)*
         cFT(g7,XX,iufo3,i3)/(d^3 + d^2 - 2*d)*flavourTag(fe,j11,j12)*Vec(nu9,
         q2)*Vec(nu10,q3)*Vec(nu13,q2)*p4.p4^2*d*xiw*xiz*ufoGC58^2*ufoGC80*
         ufoGC69
          + 1/4*g_(1,6_,nu10)*FT1*g_(1,q1)*g_(2,6_,nu13)*cFT(nu9,XX,i2,iufo3)*
         cFT(g7,XX,iufo3,i3)/(d^3 + d^2 - 2*d)*flavourTag(fe,j11,j12)*Vec(nu9,
         q2)*Vec(nu10,q3)*Vec(nu13,q2)*p4.p4^2*xiw*xiz*ufoGC58^2*ufoGC80*
         ufoGC69
          - 1/4*g_(1,6_,nu10)*FT1*g_(1,q1)*g_(2,6_,nu13)*cFT(nu9,XX,i2,iufo3)*
         cFT(g7,XX,iufo3,i3)/(d^3 + d^2 - 2*d)*flavourTag(fe,j11,j12)*Vec(nu9,
         q2)*Vec(nu10,q3)*Vec(nu13,q3)*p4.p4^2*d*xiw*xiz*ufoGC58^2*ufoGC80*
         ufoGC69
          + 1/4*g_(1,6_,nu10)*FT1*g_(1,q1)*g_(2,6_,nu13)*cFT(nu9,XX,i2,iufo3)*
         cFT(g7,XX,iufo3,i3)/(d^3 + d^2 - 2*d)*flavourTag(fe,j11,j12)*Vec(nu9,
         q2)*Vec(nu10,q3)*Vec(nu13,q3)*p4.p4^2*xiw*xiz*ufoGC58^2*ufoGC80*
         ufoGC69
          - 1/4*g_(1,6_,nu10)*FT1*g_(1,q1)*g_(2,6_,nu13)*cFT(nu9,XX,i2,iufo3)*
         cFT(g7,XX,iufo3,i3)/(d^3 + d^2 - 2*d)*flavourTag(fe,j11,j12)*Vec(nu9,
         q3)*Vec(nu10,q2)*Vec(nu13,q2)*p4.p4^2*d*xiw*xiz*ufoGC58^2*ufoGC80*
         ufoGC69
          + 1/4*g_(1,6_,nu10)*FT1*g_(1,q1)*g_(2,6_,nu13)*cFT(nu9,XX,i2,iufo3)*
         cFT(g7,XX,iufo3,i3)/(d^3 + d^2 - 2*d)*flavourTag(fe,j11,j12)*Vec(nu9,
         q3)*Vec(nu10,q2)*Vec(nu13,q2)*p4.p4^2*xiw*xiz*ufoGC58^2*ufoGC80*
         ufoGC69
          - 1/4*g_(1,6_,nu10)*FT1*g_(1,q1)*g_(2,6_,nu13)*cFT(nu9,XX,i2,iufo3)*
         cFT(g7,XX,iufo3,i3)/(d^3 + d^2 - 2*d)*flavourTag(fe,j11,j12)*Vec(nu9,
         q3)*Vec(nu10,q2)*Vec(nu13,q3)*p4.p4^2*d*xiw*xiz*ufoGC58^2*ufoGC80*
         ufoGC69
          + 1/4*g_(1,6_,nu10)*FT1*g_(1,q1)*g_(2,6_,nu13)*cFT(nu9,XX,i2,iufo3)*
         cFT(g7,XX,iufo3,i3)/(d^3 + d^2 - 2*d)*flavourTag(fe,j11,j12)*Vec(nu9,
         q3)*Vec(nu10,q2)*Vec(nu13,q3)*p4.p4^2*xiw*xiz*ufoGC58^2*ufoGC80*
         ufoGC69
          - 1/4*g_(1,6_,nu10)*FT1*g_(1,q1)*g_(2,6_,nu13)*cFT(nu9,XX,i2,iufo3)*
         cFT(g7,XX,iufo3,i3)/(d^3 + d^2 - 2*d)*flavourTag(fe,j11,j12)*Vec(nu9,
         q3)*Vec(nu10,q3)*Vec(nu13,q2)*p4.p4^2*d*xiw*xiz*ufoGC58^2*ufoGC80*
         ufoGC69
          + 1/4*g_(1,6_,nu10)*FT1*g_(1,q1)*g_(2,6_,nu13)*cFT(nu9,XX,i2,iufo3)*
         cFT(g7,XX,iufo3,i3)/(d^3 + d^2 - 2*d)*flavourTag(fe,j11,j12)*Vec(nu9,
         q3)*Vec(nu10,q3)*Vec(nu13,q2)*p4.p4^2*xiw*xiz*ufoGC58^2*ufoGC80*
         ufoGC69
          - 1/4*g_(1,6_,nu10)*FT1*g_(1,q1)*g_(2,6_,nu13)*cFT(nu9,XX,i2,iufo3)*
         cFT(g7,XX,iufo3,i3)/(d^3 + d^2 - 2*d)*flavourTag(fe,j11,j12)*Vec(nu9,
         q3)*Vec(nu10,q3)*Vec(nu13,q3)*p4.p4^2*d*xiw*xiz*ufoGC58^2*ufoGC80*
         ufoGC69
          + 1/4*g_(1,6_,nu10)*FT1*g_(1,q1)*g_(2,6_,nu13)*cFT(nu9,XX,i2,iufo3)*
         cFT(g7,XX,iufo3,i3)/(d^3 + d^2 - 2*d)*flavourTag(fe,j11,j12)*Vec(nu9,
         q3)*Vec(nu10,q3)*Vec(nu13,q3)*p4.p4^2*xiw*xiz*ufoGC58^2*ufoGC80*
         ufoGC69
          - 1/8*g_(1,6_,nu10)*FT1*g_(1,q1)*g_(2,nu14)*FT2(g6)*cFT(nu9,XX,i2,
         iufo3)*cFT(g7,XX,iufo3,i3)*flavourTag(fe,j11,j12)*Vec(nu14,q2)*Vec(
         nu9,q2)*Vec(nu10,q2)*p4.p4^2*d^-1*xiw*xiz*ufoGC58^2*ufoGC76*ufoGC69
          - 1/8*g_(1,6_,nu10)*FT1*g_(1,q1)*g_(2,nu14)*FT2(g6)*cFT(nu9,XX,i2,
         iufo3)*cFT(g7,XX,iufo3,i3)*flavourTag(fe,j11,j12)*Vec(nu14,q2)*Vec(
         nu9,q2)*Vec(nu10,q2)*Vec(nu13,q2)^2*p4.p4*d^-1*xiw*xiz*ufoGC58^2*
         ufoGC76*ufoGC69
          - 1/4*g_(1,6_,nu10)*FT1*g_(1,q1)*g_(2,nu14)*FT2(g6)*cFT(nu9,XX,i2,
         iufo3)*cFT(g7,XX,iufo3,i3)*flavourTag(fe,j11,j12)*Vec(nu14,q2)*Vec(
         nu9,q2)*Vec(nu10,q2)*Vec(nu13,q2)*Vec(nu13,q3)*p4.p4*d^-1*xiw*xiz*
         ufoGC58^2*ufoGC76*ufoGC69
          - 1/8*g_(1,6_,nu10)*FT1*g_(1,q1)*g_(2,nu14)*FT2(g6)*cFT(nu9,XX,i2,
         iufo3)*cFT(g7,XX,iufo3,i3)*flavourTag(fe,j11,j12)*Vec(nu14,q2)*Vec(
         nu9,q2)*Vec(nu10,q2)*Vec(nu13,q3)^2*p4.p4*d^-1*xiw*xiz*ufoGC58^2*
         ufoGC76*ufoGC69
          - 1/8*g_(1,6_,nu10)*FT1*g_(1,q1)*g_(2,nu14)*FT2(g6)*cFT(nu9,XX,i2,
         iufo3)*cFT(g7,XX,iufo3,i3)*flavourTag(fe,j11,j12)*Vec(nu14,q2)*Vec(
         nu9,q2)*Vec(nu10,q3)*p4.p4^2*d^-1*xiw*xiz*ufoGC58^2*ufoGC76*ufoGC69
          - 1/8*g_(1,6_,nu10)*FT1*g_(1,q1)*g_(2,nu14)*FT2(g6)*cFT(nu9,XX,i2,
         iufo3)*cFT(g7,XX,iufo3,i3)*flavourTag(fe,j11,j12)*Vec(nu14,q2)*Vec(
         nu9,q2)*Vec(nu10,q3)*Vec(nu13,q2)^2*p4.p4*d^-1*xiw*xiz*ufoGC58^2*
         ufoGC76*ufoGC69
          - 1/4*g_(1,6_,nu10)*FT1*g_(1,q1)*g_(2,nu14)*FT2(g6)*cFT(nu9,XX,i2,
         iufo3)*cFT(g7,XX,iufo3,i3)*flavourTag(fe,j11,j12)*Vec(nu14,q2)*Vec(
         nu9,q2)*Vec(nu10,q3)*Vec(nu13,q2)*Vec(nu13,q3)*p4.p4*d^-1*xiw*xiz*
         ufoGC58^2*ufoGC76*ufoGC69
          - 1/8*g_(1,6_,nu10)*FT1*g_(1,q1)*g_(2,nu14)*FT2(g6)*cFT(nu9,XX,i2,
         iufo3)*cFT(g7,XX,iufo3,i3)*flavourTag(fe,j11,j12)*Vec(nu14,q2)*Vec(
         nu9,q2)*Vec(nu10,q3)*Vec(nu13,q3)^2*p4.p4*d^-1*xiw*xiz*ufoGC58^2*
         ufoGC76*ufoGC69
          - 1/8*g_(1,6_,nu10)*FT1*g_(1,q1)*g_(2,nu14)*FT2(g6)*cFT(nu9,XX,i2,
         iufo3)*cFT(g7,XX,iufo3,i3)*flavourTag(fe,j11,j12)*Vec(nu14,q2)*Vec(
         nu9,q3)*Vec(nu10,q2)*p4.p4^2*d^-1*xiw*xiz*ufoGC58^2*ufoGC76*ufoGC69
          - 1/8*g_(1,6_,nu10)*FT1*g_(1,q1)*g_(2,nu14)*FT2(g6)*cFT(nu9,XX,i2,
         iufo3)*cFT(g7,XX,iufo3,i3)*flavourTag(fe,j11,j12)*Vec(nu14,q2)*Vec(
         nu9,q3)*Vec(nu10,q2)*Vec(nu13,q2)^2*p4.p4*d^-1*xiw*xiz*ufoGC58^2*
         ufoGC76*ufoGC69
          - 1/4*g_(1,6_,nu10)*FT1*g_(1,q1)*g_(2,nu14)*FT2(g6)*cFT(nu9,XX,i2,
         iufo3)*cFT(g7,XX,iufo3,i3)*flavourTag(fe,j11,j12)*Vec(nu14,q2)*Vec(
         nu9,q3)*Vec(nu10,q2)*Vec(nu13,q2)*Vec(nu13,q3)*p4.p4*d^-1*xiw*xiz*
         ufoGC58^2*ufoGC76*ufoGC69
          - 1/8*g_(1,6_,nu10)*FT1*g_(1,q1)*g_(2,nu14)*FT2(g6)*cFT(nu9,XX,i2,
         iufo3)*cFT(g7,XX,iufo3,i3)*flavourTag(fe,j11,j12)*Vec(nu14,q2)*Vec(
         nu9,q3)*Vec(nu10,q2)*Vec(nu13,q3)^2*p4.p4*d^-1*xiw*xiz*ufoGC58^2*
         ufoGC76*ufoGC69
          - 1/8*g_(1,6_,nu10)*FT1*g_(1,q1)*g_(2,nu14)*FT2(g6)*cFT(nu9,XX,i2,
         iufo3)*cFT(g7,XX,iufo3,i3)*flavourTag(fe,j11,j12)*Vec(nu14,q2)*Vec(
         nu9,q3)*Vec(nu10,q3)*p4.p4^2*d^-1*xiw*xiz*ufoGC58^2*ufoGC76*ufoGC69
          - 1/8*g_(1,6_,nu10)*FT1*g_(1,q1)*g_(2,nu14)*FT2(g6)*cFT(nu9,XX,i2,
         iufo3)*cFT(g7,XX,iufo3,i3)*flavourTag(fe,j11,j12)*Vec(nu14,q2)*Vec(
         nu9,q3)*Vec(nu10,q3)*Vec(nu13,q2)^2*p4.p4*d^-1*xiw*xiz*ufoGC58^2*
         ufoGC76*ufoGC69
          - 1/4*g_(1,6_,nu10)*FT1*g_(1,q1)*g_(2,nu14)*FT2(g6)*cFT(nu9,XX,i2,
         iufo3)*cFT(g7,XX,iufo3,i3)*flavourTag(fe,j11,j12)*Vec(nu14,q2)*Vec(
         nu9,q3)*Vec(nu10,q3)*Vec(nu13,q2)*Vec(nu13,q3)*p4.p4*d^-1*xiw*xiz*
         ufoGC58^2*ufoGC76*ufoGC69
          - 1/8*g_(1,6_,nu10)*FT1*g_(1,q1)*g_(2,nu14)*FT2(g6)*cFT(nu9,XX,i2,
         iufo3)*cFT(g7,XX,iufo3,i3)*flavourTag(fe,j11,j12)*Vec(nu14,q2)*Vec(
         nu9,q3)*Vec(nu10,q3)*Vec(nu13,q3)^2*p4.p4*d^-1*xiw*xiz*ufoGC58^2*
         ufoGC76*ufoGC69
          - 1/8*g_(1,6_,nu10)*FT1*g_(1,q1)*g_(2,nu14)*FT2(g6)*cFT(nu9,XX,i2,
         iufo3)*cFT(g7,XX,iufo3,i3)*flavourTag(fe,j11,j12)*Vec(nu14,q3)*Vec(
         nu9,q2)*Vec(nu10,q2)*p4.p4^2*d^-1*xiw*xiz*ufoGC58^2*ufoGC76*ufoGC69
          - 1/8*g_(1,6_,nu10)*FT1*g_(1,q1)*g_(2,nu14)*FT2(g6)*cFT(nu9,XX,i2,
         iufo3)*cFT(g7,XX,iufo3,i3)*flavourTag(fe,j11,j12)*Vec(nu14,q3)*Vec(
         nu9,q2)*Vec(nu10,q2)*Vec(nu13,q2)^2*p4.p4*d^-1*xiw*xiz*ufoGC58^2*
         ufoGC76*ufoGC69
          - 1/4*g_(1,6_,nu10)*FT1*g_(1,q1)*g_(2,nu14)*FT2(g6)*cFT(nu9,XX,i2,
         iufo3)*cFT(g7,XX,iufo3,i3)*flavourTag(fe,j11,j12)*Vec(nu14,q3)*Vec(
         nu9,q2)*Vec(nu10,q2)*Vec(nu13,q2)*Vec(nu13,q3)*p4.p4*d^-1*xiw*xiz*
         ufoGC58^2*ufoGC76*ufoGC69
          - 1/8*g_(1,6_,nu10)*FT1*g_(1,q1)*g_(2,nu14)*FT2(g6)*cFT(nu9,XX,i2,
         iufo3)*cFT(g7,XX,iufo3,i3)*flavourTag(fe,j11,j12)*Vec(nu14,q3)*Vec(
         nu9,q2)*Vec(nu10,q2)*Vec(nu13,q3)^2*p4.p4*d^-1*xiw*xiz*ufoGC58^2*
         ufoGC76*ufoGC69
          - 1/8*g_(1,6_,nu10)*FT1*g_(1,q1)*g_(2,nu14)*FT2(g6)*cFT(nu9,XX,i2,
         iufo3)*cFT(g7,XX,iufo3,i3)*flavourTag(fe,j11,j12)*Vec(nu14,q3)*Vec(
         nu9,q2)*Vec(nu10,q3)*p4.p4^2*d^-1*xiw*xiz*ufoGC58^2*ufoGC76*ufoGC69
          - 1/8*g_(1,6_,nu10)*FT1*g_(1,q1)*g_(2,nu14)*FT2(g6)*cFT(nu9,XX,i2,
         iufo3)*cFT(g7,XX,iufo3,i3)*flavourTag(fe,j11,j12)*Vec(nu14,q3)*Vec(
         nu9,q2)*Vec(nu10,q3)*Vec(nu13,q2)^2*p4.p4*d^-1*xiw*xiz*ufoGC58^2*
         ufoGC76*ufoGC69
          - 1/4*g_(1,6_,nu10)*FT1*g_(1,q1)*g_(2,nu14)*FT2(g6)*cFT(nu9,XX,i2,
         iufo3)*cFT(g7,XX,iufo3,i3)*flavourTag(fe,j11,j12)*Vec(nu14,q3)*Vec(
         nu9,q2)*Vec(nu10,q3)*Vec(nu13,q2)*Vec(nu13,q3)*p4.p4*d^-1*xiw*xiz*
         ufoGC58^2*ufoGC76*ufoGC69
          - 1/8*g_(1,6_,nu10)*FT1*g_(1,q1)*g_(2,nu14)*FT2(g6)*cFT(nu9,XX,i2,
         iufo3)*cFT(g7,XX,iufo3,i3)*flavourTag(fe,j11,j12)*Vec(nu14,q3)*Vec(
         nu9,q2)*Vec(nu10,q3)*Vec(nu13,q3)^2*p4.p4*d^-1*xiw*xiz*ufoGC58^2*
         ufoGC76*ufoGC69
          - 1/8*g_(1,6_,nu10)*FT1*g_(1,q1)*g_(2,nu14)*FT2(g6)*cFT(nu9,XX,i2,
         iufo3)*cFT(g7,XX,iufo3,i3)*flavourTag(fe,j11,j12)*Vec(nu14,q3)*Vec(
         nu9,q3)*Vec(nu10,q2)*p4.p4^2*d^-1*xiw*xiz*ufoGC58^2*ufoGC76*ufoGC69
          - 1/8*g_(1,6_,nu10)*FT1*g_(1,q1)*g_(2,nu14)*FT2(g6)*cFT(nu9,XX,i2,
         iufo3)*cFT(g7,XX,iufo3,i3)*flavourTag(fe,j11,j12)*Vec(nu14,q3)*Vec(
         nu9,q3)*Vec(nu10,q2)*Vec(nu13,q2)^2*p4.p4*d^-1*xiw*xiz*ufoGC58^2*
         ufoGC76*ufoGC69
          - 1/4*g_(1,6_,nu10)*FT1*g_(1,q1)*g_(2,nu14)*FT2(g6)*cFT(nu9,XX,i2,
         iufo3)*cFT(g7,XX,iufo3,i3)*flavourTag(fe,j11,j12)*Vec(nu14,q3)*Vec(
         nu9,q3)*Vec(nu10,q2)*Vec(nu13,q2)*Vec(nu13,q3)*p4.p4*d^-1*xiw*xiz*
         ufoGC58^2*ufoGC76*ufoGC69
          - 1/8*g_(1,6_,nu10)*FT1*g_(1,q1)*g_(2,nu14)*FT2(g6)*cFT(nu9,XX,i2,
         iufo3)*cFT(g7,XX,iufo3,i3)*flavourTag(fe,j11,j12)*Vec(nu14,q3)*Vec(
         nu9,q3)*Vec(nu10,q2)*Vec(nu13,q3)^2*p4.p4*d^-1*xiw*xiz*ufoGC58^2*
         ufoGC76*ufoGC69
          - 1/8*g_(1,6_,nu10)*FT1*g_(1,q1)*g_(2,nu14)*FT2(g6)*cFT(nu9,XX,i2,
         iufo3)*cFT(g7,XX,iufo3,i3)*flavourTag(fe,j11,j12)*Vec(nu14,q3)*Vec(
         nu9,q3)*Vec(nu10,q3)*p4.p4^2*d^-1*xiw*xiz*ufoGC58^2*ufoGC76*ufoGC69
          - 1/8*g_(1,6_,nu10)*FT1*g_(1,q1)*g_(2,nu14)*FT2(g6)*cFT(nu9,XX,i2,
         iufo3)*cFT(g7,XX,iufo3,i3)*flavourTag(fe,j11,j12)*Vec(nu14,q3)*Vec(
         nu9,q3)*Vec(nu10,q3)*Vec(nu13,q2)^2*p4.p4*d^-1*xiw*xiz*ufoGC58^2*
         ufoGC76*ufoGC69
          - 1/4*g_(1,6_,nu10)*FT1*g_(1,q1)*g_(2,nu14)*FT2(g6)*cFT(nu9,XX,i2,
         iufo3)*cFT(g7,XX,iufo3,i3)*flavourTag(fe,j11,j12)*Vec(nu14,q3)*Vec(
         nu9,q3)*Vec(nu10,q3)*Vec(nu13,q2)*Vec(nu13,q3)*p4.p4*d^-1*xiw*xiz*
         ufoGC58^2*ufoGC76*ufoGC69
          - 1/8*g_(1,6_,nu10)*FT1*g_(1,q1)*g_(2,nu14)*FT2(g6)*cFT(nu9,XX,i2,
         iufo3)*cFT(g7,XX,iufo3,i3)*flavourTag(fe,j11,j12)*Vec(nu14,q3)*Vec(
         nu9,q3)*Vec(nu10,q3)*Vec(nu13,q3)^2*p4.p4*d^-1*xiw*xiz*ufoGC58^2*
         ufoGC76*ufoGC69
          - 1/4*g_(1,6_,nu10)*FT1*g_(1,q1)*g_(2,nu13)*FT2(g6)*cFT(nu9,XX,i2,
         iufo3)*cFT(g7,XX,iufo3,i3)/(d^3 + d^2 - 2*d)*flavourTag(fe,j11,j12)*
         Vec(nu9,q2)*Vec(nu10,q2)*Vec(nu13,q2)*p4.p4^2*d*xiw*xiz*ufoGC58^2*
         ufoGC76*ufoGC69
          + 1/4*g_(1,6_,nu10)*FT1*g_(1,q1)*g_(2,nu13)*FT2(g6)*cFT(nu9,XX,i2,
         iufo3)*cFT(g7,XX,iufo3,i3)/(d^3 + d^2 - 2*d)*flavourTag(fe,j11,j12)*
         Vec(nu9,q2)*Vec(nu10,q2)*Vec(nu13,q2)*p4.p4^2*xiw*xiz*ufoGC58^2*
         ufoGC76*ufoGC69
          - 1/4*g_(1,6_,nu10)*FT1*g_(1,q1)*g_(2,nu13)*FT2(g6)*cFT(nu9,XX,i2,
         iufo3)*cFT(g7,XX,iufo3,i3)/(d^3 + d^2 - 2*d)*flavourTag(fe,j11,j12)*
         Vec(nu9,q2)*Vec(nu10,q2)*Vec(nu13,q3)*p4.p4^2*d*xiw*xiz*ufoGC58^2*
         ufoGC76*ufoGC69
          + 1/4*g_(1,6_,nu10)*FT1*g_(1,q1)*g_(2,nu13)*FT2(g6)*cFT(nu9,XX,i2,
         iufo3)*cFT(g7,XX,iufo3,i3)/(d^3 + d^2 - 2*d)*flavourTag(fe,j11,j12)*
         Vec(nu9,q2)*Vec(nu10,q2)*Vec(nu13,q3)*p4.p4^2*xiw*xiz*ufoGC58^2*
         ufoGC76*ufoGC69
          - 1/4*g_(1,6_,nu10)*FT1*g_(1,q1)*g_(2,nu13)*FT2(g6)*cFT(nu9,XX,i2,
         iufo3)*cFT(g7,XX,iufo3,i3)/(d^3 + d^2 - 2*d)*flavourTag(fe,j11,j12)*
         Vec(nu9,q2)*Vec(nu10,q3)*Vec(nu13,q2)*p4.p4^2*d*xiw*xiz*ufoGC58^2*
         ufoGC76*ufoGC69
          + 1/4*g_(1,6_,nu10)*FT1*g_(1,q1)*g_(2,nu13)*FT2(g6)*cFT(nu9,XX,i2,
         iufo3)*cFT(g7,XX,iufo3,i3)/(d^3 + d^2 - 2*d)*flavourTag(fe,j11,j12)*
         Vec(nu9,q2)*Vec(nu10,q3)*Vec(nu13,q2)*p4.p4^2*xiw*xiz*ufoGC58^2*
         ufoGC76*ufoGC69
          - 1/4*g_(1,6_,nu10)*FT1*g_(1,q1)*g_(2,nu13)*FT2(g6)*cFT(nu9,XX,i2,
         iufo3)*cFT(g7,XX,iufo3,i3)/(d^3 + d^2 - 2*d)*flavourTag(fe,j11,j12)*
         Vec(nu9,q2)*Vec(nu10,q3)*Vec(nu13,q3)*p4.p4^2*d*xiw*xiz*ufoGC58^2*
         ufoGC76*ufoGC69
          + 1/4*g_(1,6_,nu10)*FT1*g_(1,q1)*g_(2,nu13)*FT2(g6)*cFT(nu9,XX,i2,
         iufo3)*cFT(g7,XX,iufo3,i3)/(d^3 + d^2 - 2*d)*flavourTag(fe,j11,j12)*
         Vec(nu9,q2)*Vec(nu10,q3)*Vec(nu13,q3)*p4.p4^2*xiw*xiz*ufoGC58^2*
         ufoGC76*ufoGC69
          - 1/4*g_(1,6_,nu10)*FT1*g_(1,q1)*g_(2,nu13)*FT2(g6)*cFT(nu9,XX,i2,
         iufo3)*cFT(g7,XX,iufo3,i3)/(d^3 + d^2 - 2*d)*flavourTag(fe,j11,j12)*
         Vec(nu9,q3)*Vec(nu10,q2)*Vec(nu13,q2)*p4.p4^2*d*xiw*xiz*ufoGC58^2*
         ufoGC76*ufoGC69
          + 1/4*g_(1,6_,nu10)*FT1*g_(1,q1)*g_(2,nu13)*FT2(g6)*cFT(nu9,XX,i2,
         iufo3)*cFT(g7,XX,iufo3,i3)/(d^3 + d^2 - 2*d)*flavourTag(fe,j11,j12)*
         Vec(nu9,q3)*Vec(nu10,q2)*Vec(nu13,q2)*p4.p4^2*xiw*xiz*ufoGC58^2*
         ufoGC76*ufoGC69
          - 1/4*g_(1,6_,nu10)*FT1*g_(1,q1)*g_(2,nu13)*FT2(g6)*cFT(nu9,XX,i2,
         iufo3)*cFT(g7,XX,iufo3,i3)/(d^3 + d^2 - 2*d)*flavourTag(fe,j11,j12)*
         Vec(nu9,q3)*Vec(nu10,q2)*Vec(nu13,q3)*p4.p4^2*d*xiw*xiz*ufoGC58^2*
         ufoGC76*ufoGC69
          + 1/4*g_(1,6_,nu10)*FT1*g_(1,q1)*g_(2,nu13)*FT2(g6)*cFT(nu9,XX,i2,
         iufo3)*cFT(g7,XX,iufo3,i3)/(d^3 + d^2 - 2*d)*flavourTag(fe,j11,j12)*
         Vec(nu9,q3)*Vec(nu10,q2)*Vec(nu13,q3)*p4.p4^2*xiw*xiz*ufoGC58^2*
         ufoGC76*ufoGC69
          - 1/4*g_(1,6_,nu10)*FT1*g_(1,q1)*g_(2,nu13)*FT2(g6)*cFT(nu9,XX,i2,
         iufo3)*cFT(g7,XX,iufo3,i3)/(d^3 + d^2 - 2*d)*flavourTag(fe,j11,j12)*
         Vec(nu9,q3)*Vec(nu10,q3)*Vec(nu13,q2)*p4.p4^2*d*xiw*xiz*ufoGC58^2*
         ufoGC76*ufoGC69
          + 1/4*g_(1,6_,nu10)*FT1*g_(1,q1)*g_(2,nu13)*FT2(g6)*cFT(nu9,XX,i2,
         iufo3)*cFT(g7,XX,iufo3,i3)/(d^3 + d^2 - 2*d)*flavourTag(fe,j11,j12)*
         Vec(nu9,q3)*Vec(nu10,q3)*Vec(nu13,q2)*p4.p4^2*xiw*xiz*ufoGC58^2*
         ufoGC76*ufoGC69
          - 1/4*g_(1,6_,nu10)*FT1*g_(1,q1)*g_(2,nu13)*FT2(g6)*cFT(nu9,XX,i2,
         iufo3)*cFT(g7,XX,iufo3,i3)/(d^3 + d^2 - 2*d)*flavourTag(fe,j11,j12)*
         Vec(nu9,q3)*Vec(nu10,q3)*Vec(nu13,q3)*p4.p4^2*d*xiw*xiz*ufoGC58^2*
         ufoGC76*ufoGC69
          + 1/4*g_(1,6_,nu10)*FT1*g_(1,q1)*g_(2,nu13)*FT2(g6)*cFT(nu9,XX,i2,
         iufo3)*cFT(g7,XX,iufo3,i3)/(d^3 + d^2 - 2*d)*flavourTag(fe,j11,j12)*
         Vec(nu9,q3)*Vec(nu10,q3)*Vec(nu13,q3)*p4.p4^2*xiw*xiz*ufoGC58^2*
         ufoGC76*ufoGC69
          - 1/8*g_(1,6_,nu10)*FT1*g_(1,q2)*g_(2,6_,nu14)*cFT(nu9,XX,i2,iufo3)*
         cFT(g7,XX,iufo3,i3)*flavourTag(fe,j11,j12)*Vec(nu14,q2)*Vec(nu9,q2)*
         Vec(nu10,q2)*p4.p4^2*d^-1*xiw*xiz*ufoGC58^2*ufoGC80*ufoGC69
          - 1/8*g_(1,6_,nu10)*FT1*g_(1,q2)*g_(2,6_,nu14)*cFT(nu9,XX,i2,iufo3)*
         cFT(g7,XX,iufo3,i3)*flavourTag(fe,j11,j12)*Vec(nu14,q2)*Vec(nu9,q2)*
         Vec(nu10,q2)*Vec(nu13,q2)^2*p4.p4*d^-1*xiw*xiz*ufoGC58^2*ufoGC80*
         ufoGC69
          - 1/4*g_(1,6_,nu10)*FT1*g_(1,q2)*g_(2,6_,nu14)*cFT(nu9,XX,i2,iufo3)*
         cFT(g7,XX,iufo3,i3)*flavourTag(fe,j11,j12)*Vec(nu14,q2)*Vec(nu9,q2)*
         Vec(nu10,q2)*Vec(nu13,q2)*Vec(nu13,q3)*p4.p4*d^-1*xiw*xiz*ufoGC58^2*
         ufoGC80*ufoGC69
          - 1/8*g_(1,6_,nu10)*FT1*g_(1,q2)*g_(2,6_,nu14)*cFT(nu9,XX,i2,iufo3)*
         cFT(g7,XX,iufo3,i3)*flavourTag(fe,j11,j12)*Vec(nu14,q2)*Vec(nu9,q2)*
         Vec(nu10,q2)*Vec(nu13,q3)^2*p4.p4*d^-1*xiw*xiz*ufoGC58^2*ufoGC80*
         ufoGC69
          - 1/8*g_(1,6_,nu10)*FT1*g_(1,q2)*g_(2,6_,nu14)*cFT(nu9,XX,i2,iufo3)*
         cFT(g7,XX,iufo3,i3)*flavourTag(fe,j11,j12)*Vec(nu14,q2)*Vec(nu9,q2)*
         Vec(nu10,q3)*p4.p4^2*d^-1*xiw*xiz*ufoGC58^2*ufoGC80*ufoGC69
          - 1/8*g_(1,6_,nu10)*FT1*g_(1,q2)*g_(2,6_,nu14)*cFT(nu9,XX,i2,iufo3)*
         cFT(g7,XX,iufo3,i3)*flavourTag(fe,j11,j12)*Vec(nu14,q2)*Vec(nu9,q2)*
         Vec(nu10,q3)*Vec(nu13,q2)^2*p4.p4*d^-1*xiw*xiz*ufoGC58^2*ufoGC80*
         ufoGC69
          - 1/4*g_(1,6_,nu10)*FT1*g_(1,q2)*g_(2,6_,nu14)*cFT(nu9,XX,i2,iufo3)*
         cFT(g7,XX,iufo3,i3)*flavourTag(fe,j11,j12)*Vec(nu14,q2)*Vec(nu9,q2)*
         Vec(nu10,q3)*Vec(nu13,q2)*Vec(nu13,q3)*p4.p4*d^-1*xiw*xiz*ufoGC58^2*
         ufoGC80*ufoGC69
          - 1/8*g_(1,6_,nu10)*FT1*g_(1,q2)*g_(2,6_,nu14)*cFT(nu9,XX,i2,iufo3)*
         cFT(g7,XX,iufo3,i3)*flavourTag(fe,j11,j12)*Vec(nu14,q2)*Vec(nu9,q2)*
         Vec(nu10,q3)*Vec(nu13,q3)^2*p4.p4*d^-1*xiw*xiz*ufoGC58^2*ufoGC80*
         ufoGC69
          - 1/8*g_(1,6_,nu10)*FT1*g_(1,q2)*g_(2,6_,nu14)*cFT(nu9,XX,i2,iufo3)*
         cFT(g7,XX,iufo3,i3)*flavourTag(fe,j11,j12)*Vec(nu14,q2)*Vec(nu9,q3)*
         Vec(nu10,q2)*p4.p4^2*d^-1*xiw*xiz*ufoGC58^2*ufoGC80*ufoGC69
          - 1/8*g_(1,6_,nu10)*FT1*g_(1,q2)*g_(2,6_,nu14)*cFT(nu9,XX,i2,iufo3)*
         cFT(g7,XX,iufo3,i3)*flavourTag(fe,j11,j12)*Vec(nu14,q2)*Vec(nu9,q3)*
         Vec(nu10,q2)*Vec(nu13,q2)^2*p4.p4*d^-1*xiw*xiz*ufoGC58^2*ufoGC80*
         ufoGC69
          - 1/4*g_(1,6_,nu10)*FT1*g_(1,q2)*g_(2,6_,nu14)*cFT(nu9,XX,i2,iufo3)*
         cFT(g7,XX,iufo3,i3)*flavourTag(fe,j11,j12)*Vec(nu14,q2)*Vec(nu9,q3)*
         Vec(nu10,q2)*Vec(nu13,q2)*Vec(nu13,q3)*p4.p4*d^-1*xiw*xiz*ufoGC58^2*
         ufoGC80*ufoGC69
          - 1/8*g_(1,6_,nu10)*FT1*g_(1,q2)*g_(2,6_,nu14)*cFT(nu9,XX,i2,iufo3)*
         cFT(g7,XX,iufo3,i3)*flavourTag(fe,j11,j12)*Vec(nu14,q2)*Vec(nu9,q3)*
         Vec(nu10,q2)*Vec(nu13,q3)^2*p4.p4*d^-1*xiw*xiz*ufoGC58^2*ufoGC80*
         ufoGC69
          - 1/8*g_(1,6_,nu10)*FT1*g_(1,q2)*g_(2,6_,nu14)*cFT(nu9,XX,i2,iufo3)*
         cFT(g7,XX,iufo3,i3)*flavourTag(fe,j11,j12)*Vec(nu14,q2)*Vec(nu9,q3)*
         Vec(nu10,q3)*p4.p4^2*d^-1*xiw*xiz*ufoGC58^2*ufoGC80*ufoGC69
          - 1/8*g_(1,6_,nu10)*FT1*g_(1,q2)*g_(2,6_,nu14)*cFT(nu9,XX,i2,iufo3)*
         cFT(g7,XX,iufo3,i3)*flavourTag(fe,j11,j12)*Vec(nu14,q2)*Vec(nu9,q3)*
         Vec(nu10,q3)*Vec(nu13,q2)^2*p4.p4*d^-1*xiw*xiz*ufoGC58^2*ufoGC80*
         ufoGC69
          - 1/4*g_(1,6_,nu10)*FT1*g_(1,q2)*g_(2,6_,nu14)*cFT(nu9,XX,i2,iufo3)*
         cFT(g7,XX,iufo3,i3)*flavourTag(fe,j11,j12)*Vec(nu14,q2)*Vec(nu9,q3)*
         Vec(nu10,q3)*Vec(nu13,q2)*Vec(nu13,q3)*p4.p4*d^-1*xiw*xiz*ufoGC58^2*
         ufoGC80*ufoGC69
          - 1/8*g_(1,6_,nu10)*FT1*g_(1,q2)*g_(2,6_,nu14)*cFT(nu9,XX,i2,iufo3)*
         cFT(g7,XX,iufo3,i3)*flavourTag(fe,j11,j12)*Vec(nu14,q2)*Vec(nu9,q3)*
         Vec(nu10,q3)*Vec(nu13,q3)^2*p4.p4*d^-1*xiw*xiz*ufoGC58^2*ufoGC80*
         ufoGC69
          - 1/8*g_(1,6_,nu10)*FT1*g_(1,q2)*g_(2,6_,nu14)*cFT(nu9,XX,i2,iufo3)*
         cFT(g7,XX,iufo3,i3)*flavourTag(fe,j11,j12)*Vec(nu14,q3)*Vec(nu9,q2)*
         Vec(nu10,q2)*p4.p4^2*d^-1*xiw*xiz*ufoGC58^2*ufoGC80*ufoGC69
          - 1/8*g_(1,6_,nu10)*FT1*g_(1,q2)*g_(2,6_,nu14)*cFT(nu9,XX,i2,iufo3)*
         cFT(g7,XX,iufo3,i3)*flavourTag(fe,j11,j12)*Vec(nu14,q3)*Vec(nu9,q2)*
         Vec(nu10,q2)*Vec(nu13,q2)^2*p4.p4*d^-1*xiw*xiz*ufoGC58^2*ufoGC80*
         ufoGC69
          - 1/4*g_(1,6_,nu10)*FT1*g_(1,q2)*g_(2,6_,nu14)*cFT(nu9,XX,i2,iufo3)*
         cFT(g7,XX,iufo3,i3)*flavourTag(fe,j11,j12)*Vec(nu14,q3)*Vec(nu9,q2)*
         Vec(nu10,q2)*Vec(nu13,q2)*Vec(nu13,q3)*p4.p4*d^-1*xiw*xiz*ufoGC58^2*
         ufoGC80*ufoGC69
          - 1/8*g_(1,6_,nu10)*FT1*g_(1,q2)*g_(2,6_,nu14)*cFT(nu9,XX,i2,iufo3)*
         cFT(g7,XX,iufo3,i3)*flavourTag(fe,j11,j12)*Vec(nu14,q3)*Vec(nu9,q2)*
         Vec(nu10,q2)*Vec(nu13,q3)^2*p4.p4*d^-1*xiw*xiz*ufoGC58^2*ufoGC80*
         ufoGC69
          - 1/8*g_(1,6_,nu10)*FT1*g_(1,q2)*g_(2,6_,nu14)*cFT(nu9,XX,i2,iufo3)*
         cFT(g7,XX,iufo3,i3)*flavourTag(fe,j11,j12)*Vec(nu14,q3)*Vec(nu9,q2)*
         Vec(nu10,q3)*p4.p4^2*d^-1*xiw*xiz*ufoGC58^2*ufoGC80*ufoGC69
          - 1/8*g_(1,6_,nu10)*FT1*g_(1,q2)*g_(2,6_,nu14)*cFT(nu9,XX,i2,iufo3)*
         cFT(g7,XX,iufo3,i3)*flavourTag(fe,j11,j12)*Vec(nu14,q3)*Vec(nu9,q2)*
         Vec(nu10,q3)*Vec(nu13,q2)^2*p4.p4*d^-1*xiw*xiz*ufoGC58^2*ufoGC80*
         ufoGC69
          - 1/4*g_(1,6_,nu10)*FT1*g_(1,q2)*g_(2,6_,nu14)*cFT(nu9,XX,i2,iufo3)*
         cFT(g7,XX,iufo3,i3)*flavourTag(fe,j11,j12)*Vec(nu14,q3)*Vec(nu9,q2)*
         Vec(nu10,q3)*Vec(nu13,q2)*Vec(nu13,q3)*p4.p4*d^-1*xiw*xiz*ufoGC58^2*
         ufoGC80*ufoGC69
          - 1/8*g_(1,6_,nu10)*FT1*g_(1,q2)*g_(2,6_,nu14)*cFT(nu9,XX,i2,iufo3)*
         cFT(g7,XX,iufo3,i3)*flavourTag(fe,j11,j12)*Vec(nu14,q3)*Vec(nu9,q2)*
         Vec(nu10,q3)*Vec(nu13,q3)^2*p4.p4*d^-1*xiw*xiz*ufoGC58^2*ufoGC80*
         ufoGC69
          - 1/8*g_(1,6_,nu10)*FT1*g_(1,q2)*g_(2,6_,nu14)*cFT(nu9,XX,i2,iufo3)*
         cFT(g7,XX,iufo3,i3)*flavourTag(fe,j11,j12)*Vec(nu14,q3)*Vec(nu9,q3)*
         Vec(nu10,q2)*p4.p4^2*d^-1*xiw*xiz*ufoGC58^2*ufoGC80*ufoGC69
          - 1/8*g_(1,6_,nu10)*FT1*g_(1,q2)*g_(2,6_,nu14)*cFT(nu9,XX,i2,iufo3)*
         cFT(g7,XX,iufo3,i3)*flavourTag(fe,j11,j12)*Vec(nu14,q3)*Vec(nu9,q3)*
         Vec(nu10,q2)*Vec(nu13,q2)^2*p4.p4*d^-1*xiw*xiz*ufoGC58^2*ufoGC80*
         ufoGC69
          - 1/4*g_(1,6_,nu10)*FT1*g_(1,q2)*g_(2,6_,nu14)*cFT(nu9,XX,i2,iufo3)*
         cFT(g7,XX,iufo3,i3)*flavourTag(fe,j11,j12)*Vec(nu14,q3)*Vec(nu9,q3)*
         Vec(nu10,q2)*Vec(nu13,q2)*Vec(nu13,q3)*p4.p4*d^-1*xiw*xiz*ufoGC58^2*
         ufoGC80*ufoGC69
          - 1/8*g_(1,6_,nu10)*FT1*g_(1,q2)*g_(2,6_,nu14)*cFT(nu9,XX,i2,iufo3)*
         cFT(g7,XX,iufo3,i3)*flavourTag(fe,j11,j12)*Vec(nu14,q3)*Vec(nu9,q3)*
         Vec(nu10,q2)*Vec(nu13,q3)^2*p4.p4*d^-1*xiw*xiz*ufoGC58^2*ufoGC80*
         ufoGC69
          - 1/8*g_(1,6_,nu10)*FT1*g_(1,q2)*g_(2,6_,nu14)*cFT(nu9,XX,i2,iufo3)*
         cFT(g7,XX,iufo3,i3)*flavourTag(fe,j11,j12)*Vec(nu14,q3)*Vec(nu9,q3)*
         Vec(nu10,q3)*p4.p4^2*d^-1*xiw*xiz*ufoGC58^2*ufoGC80*ufoGC69
          - 1/8*g_(1,6_,nu10)*FT1*g_(1,q2)*g_(2,6_,nu14)*cFT(nu9,XX,i2,iufo3)*
         cFT(g7,XX,iufo3,i3)*flavourTag(fe,j11,j12)*Vec(nu14,q3)*Vec(nu9,q3)*
         Vec(nu10,q3)*Vec(nu13,q2)^2*p4.p4*d^-1*xiw*xiz*ufoGC58^2*ufoGC80*
         ufoGC69
          - 1/4*g_(1,6_,nu10)*FT1*g_(1,q2)*g_(2,6_,nu14)*cFT(nu9,XX,i2,iufo3)*
         cFT(g7,XX,iufo3,i3)*flavourTag(fe,j11,j12)*Vec(nu14,q3)*Vec(nu9,q3)*
         Vec(nu10,q3)*Vec(nu13,q2)*Vec(nu13,q3)*p4.p4*d^-1*xiw*xiz*ufoGC58^2*
         ufoGC80*ufoGC69
          - 1/8*g_(1,6_,nu10)*FT1*g_(1,q2)*g_(2,6_,nu14)*cFT(nu9,XX,i2,iufo3)*
         cFT(g7,XX,iufo3,i3)*flavourTag(fe,j11,j12)*Vec(nu14,q3)*Vec(nu9,q3)*
         Vec(nu10,q3)*Vec(nu13,q3)^2*p4.p4*d^-1*xiw*xiz*ufoGC58^2*ufoGC80*
         ufoGC69
          - 1/4*g_(1,6_,nu10)*FT1*g_(1,q2)*g_(2,6_,nu13)*cFT(nu9,XX,i2,iufo3)*
         cFT(g7,XX,iufo3,i3)/(d^3 + d^2 - 2*d)*flavourTag(fe,j11,j12)*Vec(nu9,
         q2)*Vec(nu10,q2)*Vec(nu13,q2)*p4.p4^2*d*xiw*xiz*ufoGC58^2*ufoGC80*
         ufoGC69
          + 1/4*g_(1,6_,nu10)*FT1*g_(1,q2)*g_(2,6_,nu13)*cFT(nu9,XX,i2,iufo3)*
         cFT(g7,XX,iufo3,i3)/(d^3 + d^2 - 2*d)*flavourTag(fe,j11,j12)*Vec(nu9,
         q2)*Vec(nu10,q2)*Vec(nu13,q2)*p4.p4^2*xiw*xiz*ufoGC58^2*ufoGC80*
         ufoGC69
          - 1/4*g_(1,6_,nu10)*FT1*g_(1,q2)*g_(2,6_,nu13)*cFT(nu9,XX,i2,iufo3)*
         cFT(g7,XX,iufo3,i3)/(d^3 + d^2 - 2*d)*flavourTag(fe,j11,j12)*Vec(nu9,
         q2)*Vec(nu10,q2)*Vec(nu13,q3)*p4.p4^2*d*xiw*xiz*ufoGC58^2*ufoGC80*
         ufoGC69
          + 1/4*g_(1,6_,nu10)*FT1*g_(1,q2)*g_(2,6_,nu13)*cFT(nu9,XX,i2,iufo3)*
         cFT(g7,XX,iufo3,i3)/(d^3 + d^2 - 2*d)*flavourTag(fe,j11,j12)*Vec(nu9,
         q2)*Vec(nu10,q2)*Vec(nu13,q3)*p4.p4^2*xiw*xiz*ufoGC58^2*ufoGC80*
         ufoGC69
          - 1/4*g_(1,6_,nu10)*FT1*g_(1,q2)*g_(2,6_,nu13)*cFT(nu9,XX,i2,iufo3)*
         cFT(g7,XX,iufo3,i3)/(d^3 + d^2 - 2*d)*flavourTag(fe,j11,j12)*Vec(nu9,
         q2)*Vec(nu10,q3)*Vec(nu13,q2)*p4.p4^2*d*xiw*xiz*ufoGC58^2*ufoGC80*
         ufoGC69
          + 1/4*g_(1,6_,nu10)*FT1*g_(1,q2)*g_(2,6_,nu13)*cFT(nu9,XX,i2,iufo3)*
         cFT(g7,XX,iufo3,i3)/(d^3 + d^2 - 2*d)*flavourTag(fe,j11,j12)*Vec(nu9,
         q2)*Vec(nu10,q3)*Vec(nu13,q2)*p4.p4^2*xiw*xiz*ufoGC58^2*ufoGC80*
         ufoGC69
          - 1/4*g_(1,6_,nu10)*FT1*g_(1,q2)*g_(2,6_,nu13)*cFT(nu9,XX,i2,iufo3)*
         cFT(g7,XX,iufo3,i3)/(d^3 + d^2 - 2*d)*flavourTag(fe,j11,j12)*Vec(nu9,
         q2)*Vec(nu10,q3)*Vec(nu13,q3)*p4.p4^2*d*xiw*xiz*ufoGC58^2*ufoGC80*
         ufoGC69
          + 1/4*g_(1,6_,nu10)*FT1*g_(1,q2)*g_(2,6_,nu13)*cFT(nu9,XX,i2,iufo3)*
         cFT(g7,XX,iufo3,i3)/(d^3 + d^2 - 2*d)*flavourTag(fe,j11,j12)*Vec(nu9,
         q2)*Vec(nu10,q3)*Vec(nu13,q3)*p4.p4^2*xiw*xiz*ufoGC58^2*ufoGC80*
         ufoGC69
          - 1/4*g_(1,6_,nu10)*FT1*g_(1,q2)*g_(2,6_,nu13)*cFT(nu9,XX,i2,iufo3)*
         cFT(g7,XX,iufo3,i3)/(d^3 + d^2 - 2*d)*flavourTag(fe,j11,j12)*Vec(nu9,
         q3)*Vec(nu10,q2)*Vec(nu13,q2)*p4.p4^2*d*xiw*xiz*ufoGC58^2*ufoGC80*
         ufoGC69
          + 1/4*g_(1,6_,nu10)*FT1*g_(1,q2)*g_(2,6_,nu13)*cFT(nu9,XX,i2,iufo3)*
         cFT(g7,XX,iufo3,i3)/(d^3 + d^2 - 2*d)*flavourTag(fe,j11,j12)*Vec(nu9,
         q3)*Vec(nu10,q2)*Vec(nu13,q2)*p4.p4^2*xiw*xiz*ufoGC58^2*ufoGC80*
         ufoGC69
          - 1/4*g_(1,6_,nu10)*FT1*g_(1,q2)*g_(2,6_,nu13)*cFT(nu9,XX,i2,iufo3)*
         cFT(g7,XX,iufo3,i3)/(d^3 + d^2 - 2*d)*flavourTag(fe,j11,j12)*Vec(nu9,
         q3)*Vec(nu10,q2)*Vec(nu13,q3)*p4.p4^2*d*xiw*xiz*ufoGC58^2*ufoGC80*
         ufoGC69
          + 1/4*g_(1,6_,nu10)*FT1*g_(1,q2)*g_(2,6_,nu13)*cFT(nu9,XX,i2,iufo3)*
         cFT(g7,XX,iufo3,i3)/(d^3 + d^2 - 2*d)*flavourTag(fe,j11,j12)*Vec(nu9,
         q3)*Vec(nu10,q2)*Vec(nu13,q3)*p4.p4^2*xiw*xiz*ufoGC58^2*ufoGC80*
         ufoGC69
          - 1/4*g_(1,6_,nu10)*FT1*g_(1,q2)*g_(2,6_,nu13)*cFT(nu9,XX,i2,iufo3)*
         cFT(g7,XX,iufo3,i3)/(d^3 + d^2 - 2*d)*flavourTag(fe,j11,j12)*Vec(nu9,
         q3)*Vec(nu10,q3)*Vec(nu13,q2)*p4.p4^2*d*xiw*xiz*ufoGC58^2*ufoGC80*
         ufoGC69
          + 1/4*g_(1,6_,nu10)*FT1*g_(1,q2)*g_(2,6_,nu13)*cFT(nu9,XX,i2,iufo3)*
         cFT(g7,XX,iufo3,i3)/(d^3 + d^2 - 2*d)*flavourTag(fe,j11,j12)*Vec(nu9,
         q3)*Vec(nu10,q3)*Vec(nu13,q2)*p4.p4^2*xiw*xiz*ufoGC58^2*ufoGC80*
         ufoGC69
          - 1/4*g_(1,6_,nu10)*FT1*g_(1,q2)*g_(2,6_,nu13)*cFT(nu9,XX,i2,iufo3)*
         cFT(g7,XX,iufo3,i3)/(d^3 + d^2 - 2*d)*flavourTag(fe,j11,j12)*Vec(nu9,
         q3)*Vec(nu10,q3)*Vec(nu13,q3)*p4.p4^2*d*xiw*xiz*ufoGC58^2*ufoGC80*
         ufoGC69
          + 1/4*g_(1,6_,nu10)*FT1*g_(1,q2)*g_(2,6_,nu13)*cFT(nu9,XX,i2,iufo3)*
         cFT(g7,XX,iufo3,i3)/(d^3 + d^2 - 2*d)*flavourTag(fe,j11,j12)*Vec(nu9,
         q3)*Vec(nu10,q3)*Vec(nu13,q3)*p4.p4^2*xiw*xiz*ufoGC58^2*ufoGC80*
         ufoGC69
          - 1/8*g_(1,6_,nu10)*FT1*g_(1,q2)*g_(2,nu14)*FT2(g6)*cFT(nu9,XX,i2,
         iufo3)*cFT(g7,XX,iufo3,i3)*flavourTag(fe,j11,j12)*Vec(nu14,q2)*Vec(
         nu9,q2)*Vec(nu10,q2)*p4.p4^2*d^-1*xiw*xiz*ufoGC58^2*ufoGC76*ufoGC69
          - 1/8*g_(1,6_,nu10)*FT1*g_(1,q2)*g_(2,nu14)*FT2(g6)*cFT(nu9,XX,i2,
         iufo3)*cFT(g7,XX,iufo3,i3)*flavourTag(fe,j11,j12)*Vec(nu14,q2)*Vec(
         nu9,q2)*Vec(nu10,q2)*Vec(nu13,q2)^2*p4.p4*d^-1*xiw*xiz*ufoGC58^2*
         ufoGC76*ufoGC69
          - 1/4*g_(1,6_,nu10)*FT1*g_(1,q2)*g_(2,nu14)*FT2(g6)*cFT(nu9,XX,i2,
         iufo3)*cFT(g7,XX,iufo3,i3)*flavourTag(fe,j11,j12)*Vec(nu14,q2)*Vec(
         nu9,q2)*Vec(nu10,q2)*Vec(nu13,q2)*Vec(nu13,q3)*p4.p4*d^-1*xiw*xiz*
         ufoGC58^2*ufoGC76*ufoGC69
          - 1/8*g_(1,6_,nu10)*FT1*g_(1,q2)*g_(2,nu14)*FT2(g6)*cFT(nu9,XX,i2,
         iufo3)*cFT(g7,XX,iufo3,i3)*flavourTag(fe,j11,j12)*Vec(nu14,q2)*Vec(
         nu9,q2)*Vec(nu10,q2)*Vec(nu13,q3)^2*p4.p4*d^-1*xiw*xiz*ufoGC58^2*
         ufoGC76*ufoGC69
          - 1/8*g_(1,6_,nu10)*FT1*g_(1,q2)*g_(2,nu14)*FT2(g6)*cFT(nu9,XX,i2,
         iufo3)*cFT(g7,XX,iufo3,i3)*flavourTag(fe,j11,j12)*Vec(nu14,q2)*Vec(
         nu9,q2)*Vec(nu10,q3)*p4.p4^2*d^-1*xiw*xiz*ufoGC58^2*ufoGC76*ufoGC69
          - 1/8*g_(1,6_,nu10)*FT1*g_(1,q2)*g_(2,nu14)*FT2(g6)*cFT(nu9,XX,i2,
         iufo3)*cFT(g7,XX,iufo3,i3)*flavourTag(fe,j11,j12)*Vec(nu14,q2)*Vec(
         nu9,q2)*Vec(nu10,q3)*Vec(nu13,q2)^2*p4.p4*d^-1*xiw*xiz*ufoGC58^2*
         ufoGC76*ufoGC69
          - 1/4*g_(1,6_,nu10)*FT1*g_(1,q2)*g_(2,nu14)*FT2(g6)*cFT(nu9,XX,i2,
         iufo3)*cFT(g7,XX,iufo3,i3)*flavourTag(fe,j11,j12)*Vec(nu14,q2)*Vec(
         nu9,q2)*Vec(nu10,q3)*Vec(nu13,q2)*Vec(nu13,q3)*p4.p4*d^-1*xiw*xiz*
         ufoGC58^2*ufoGC76*ufoGC69
          - 1/8*g_(1,6_,nu10)*FT1*g_(1,q2)*g_(2,nu14)*FT2(g6)*cFT(nu9,XX,i2,
         iufo3)*cFT(g7,XX,iufo3,i3)*flavourTag(fe,j11,j12)*Vec(nu14,q2)*Vec(
         nu9,q2)*Vec(nu10,q3)*Vec(nu13,q3)^2*p4.p4*d^-1*xiw*xiz*ufoGC58^2*
         ufoGC76*ufoGC69
          - 1/8*g_(1,6_,nu10)*FT1*g_(1,q2)*g_(2,nu14)*FT2(g6)*cFT(nu9,XX,i2,
         iufo3)*cFT(g7,XX,iufo3,i3)*flavourTag(fe,j11,j12)*Vec(nu14,q2)*Vec(
         nu9,q3)*Vec(nu10,q2)*p4.p4^2*d^-1*xiw*xiz*ufoGC58^2*ufoGC76*ufoGC69
          - 1/8*g_(1,6_,nu10)*FT1*g_(1,q2)*g_(2,nu14)*FT2(g6)*cFT(nu9,XX,i2,
         iufo3)*cFT(g7,XX,iufo3,i3)*flavourTag(fe,j11,j12)*Vec(nu14,q2)*Vec(
         nu9,q3)*Vec(nu10,q2)*Vec(nu13,q2)^2*p4.p4*d^-1*xiw*xiz*ufoGC58^2*
         ufoGC76*ufoGC69
          - 1/4*g_(1,6_,nu10)*FT1*g_(1,q2)*g_(2,nu14)*FT2(g6)*cFT(nu9,XX,i2,
         iufo3)*cFT(g7,XX,iufo3,i3)*flavourTag(fe,j11,j12)*Vec(nu14,q2)*Vec(
         nu9,q3)*Vec(nu10,q2)*Vec(nu13,q2)*Vec(nu13,q3)*p4.p4*d^-1*xiw*xiz*
         ufoGC58^2*ufoGC76*ufoGC69
          - 1/8*g_(1,6_,nu10)*FT1*g_(1,q2)*g_(2,nu14)*FT2(g6)*cFT(nu9,XX,i2,
         iufo3)*cFT(g7,XX,iufo3,i3)*flavourTag(fe,j11,j12)*Vec(nu14,q2)*Vec(
         nu9,q3)*Vec(nu10,q2)*Vec(nu13,q3)^2*p4.p4*d^-1*xiw*xiz*ufoGC58^2*
         ufoGC76*ufoGC69
          - 1/8*g_(1,6_,nu10)*FT1*g_(1,q2)*g_(2,nu14)*FT2(g6)*cFT(nu9,XX,i2,
         iufo3)*cFT(g7,XX,iufo3,i3)*flavourTag(fe,j11,j12)*Vec(nu14,q2)*Vec(
         nu9,q3)*Vec(nu10,q3)*p4.p4^2*d^-1*xiw*xiz*ufoGC58^2*ufoGC76*ufoGC69
          - 1/8*g_(1,6_,nu10)*FT1*g_(1,q2)*g_(2,nu14)*FT2(g6)*cFT(nu9,XX,i2,
         iufo3)*cFT(g7,XX,iufo3,i3)*flavourTag(fe,j11,j12)*Vec(nu14,q2)*Vec(
         nu9,q3)*Vec(nu10,q3)*Vec(nu13,q2)^2*p4.p4*d^-1*xiw*xiz*ufoGC58^2*
         ufoGC76*ufoGC69
          - 1/4*g_(1,6_,nu10)*FT1*g_(1,q2)*g_(2,nu14)*FT2(g6)*cFT(nu9,XX,i2,
         iufo3)*cFT(g7,XX,iufo3,i3)*flavourTag(fe,j11,j12)*Vec(nu14,q2)*Vec(
         nu9,q3)*Vec(nu10,q3)*Vec(nu13,q2)*Vec(nu13,q3)*p4.p4*d^-1*xiw*xiz*
         ufoGC58^2*ufoGC76*ufoGC69
          - 1/8*g_(1,6_,nu10)*FT1*g_(1,q2)*g_(2,nu14)*FT2(g6)*cFT(nu9,XX,i2,
         iufo3)*cFT(g7,XX,iufo3,i3)*flavourTag(fe,j11,j12)*Vec(nu14,q2)*Vec(
         nu9,q3)*Vec(nu10,q3)*Vec(nu13,q3)^2*p4.p4*d^-1*xiw*xiz*ufoGC58^2*
         ufoGC76*ufoGC69
          - 1/8*g_(1,6_,nu10)*FT1*g_(1,q2)*g_(2,nu14)*FT2(g6)*cFT(nu9,XX,i2,
         iufo3)*cFT(g7,XX,iufo3,i3)*flavourTag(fe,j11,j12)*Vec(nu14,q3)*Vec(
         nu9,q2)*Vec(nu10,q2)*p4.p4^2*d^-1*xiw*xiz*ufoGC58^2*ufoGC76*ufoGC69
          - 1/8*g_(1,6_,nu10)*FT1*g_(1,q2)*g_(2,nu14)*FT2(g6)*cFT(nu9,XX,i2,
         iufo3)*cFT(g7,XX,iufo3,i3)*flavourTag(fe,j11,j12)*Vec(nu14,q3)*Vec(
         nu9,q2)*Vec(nu10,q2)*Vec(nu13,q2)^2*p4.p4*d^-1*xiw*xiz*ufoGC58^2*
         ufoGC76*ufoGC69
          - 1/4*g_(1,6_,nu10)*FT1*g_(1,q2)*g_(2,nu14)*FT2(g6)*cFT(nu9,XX,i2,
         iufo3)*cFT(g7,XX,iufo3,i3)*flavourTag(fe,j11,j12)*Vec(nu14,q3)*Vec(
         nu9,q2)*Vec(nu10,q2)*Vec(nu13,q2)*Vec(nu13,q3)*p4.p4*d^-1*xiw*xiz*
         ufoGC58^2*ufoGC76*ufoGC69
          - 1/8*g_(1,6_,nu10)*FT1*g_(1,q2)*g_(2,nu14)*FT2(g6)*cFT(nu9,XX,i2,
         iufo3)*cFT(g7,XX,iufo3,i3)*flavourTag(fe,j11,j12)*Vec(nu14,q3)*Vec(
         nu9,q2)*Vec(nu10,q2)*Vec(nu13,q3)^2*p4.p4*d^-1*xiw*xiz*ufoGC58^2*
         ufoGC76*ufoGC69
          - 1/8*g_(1,6_,nu10)*FT1*g_(1,q2)*g_(2,nu14)*FT2(g6)*cFT(nu9,XX,i2,
         iufo3)*cFT(g7,XX,iufo3,i3)*flavourTag(fe,j11,j12)*Vec(nu14,q3)*Vec(
         nu9,q2)*Vec(nu10,q3)*p4.p4^2*d^-1*xiw*xiz*ufoGC58^2*ufoGC76*ufoGC69
          - 1/8*g_(1,6_,nu10)*FT1*g_(1,q2)*g_(2,nu14)*FT2(g6)*cFT(nu9,XX,i2,
         iufo3)*cFT(g7,XX,iufo3,i3)*flavourTag(fe,j11,j12)*Vec(nu14,q3)*Vec(
         nu9,q2)*Vec(nu10,q3)*Vec(nu13,q2)^2*p4.p4*d^-1*xiw*xiz*ufoGC58^2*
         ufoGC76*ufoGC69
          - 1/4*g_(1,6_,nu10)*FT1*g_(1,q2)*g_(2,nu14)*FT2(g6)*cFT(nu9,XX,i2,
         iufo3)*cFT(g7,XX,iufo3,i3)*flavourTag(fe,j11,j12)*Vec(nu14,q3)*Vec(
         nu9,q2)*Vec(nu10,q3)*Vec(nu13,q2)*Vec(nu13,q3)*p4.p4*d^-1*xiw*xiz*
         ufoGC58^2*ufoGC76*ufoGC69
          - 1/8*g_(1,6_,nu10)*FT1*g_(1,q2)*g_(2,nu14)*FT2(g6)*cFT(nu9,XX,i2,
         iufo3)*cFT(g7,XX,iufo3,i3)*flavourTag(fe,j11,j12)*Vec(nu14,q3)*Vec(
         nu9,q2)*Vec(nu10,q3)*Vec(nu13,q3)^2*p4.p4*d^-1*xiw*xiz*ufoGC58^2*
         ufoGC76*ufoGC69
          - 1/8*g_(1,6_,nu10)*FT1*g_(1,q2)*g_(2,nu14)*FT2(g6)*cFT(nu9,XX,i2,
         iufo3)*cFT(g7,XX,iufo3,i3)*flavourTag(fe,j11,j12)*Vec(nu14,q3)*Vec(
         nu9,q3)*Vec(nu10,q2)*p4.p4^2*d^-1*xiw*xiz*ufoGC58^2*ufoGC76*ufoGC69
          - 1/8*g_(1,6_,nu10)*FT1*g_(1,q2)*g_(2,nu14)*FT2(g6)*cFT(nu9,XX,i2,
         iufo3)*cFT(g7,XX,iufo3,i3)*flavourTag(fe,j11,j12)*Vec(nu14,q3)*Vec(
         nu9,q3)*Vec(nu10,q2)*Vec(nu13,q2)^2*p4.p4*d^-1*xiw*xiz*ufoGC58^2*
         ufoGC76*ufoGC69
          - 1/4*g_(1,6_,nu10)*FT1*g_(1,q2)*g_(2,nu14)*FT2(g6)*cFT(nu9,XX,i2,
         iufo3)*cFT(g7,XX,iufo3,i3)*flavourTag(fe,j11,j12)*Vec(nu14,q3)*Vec(
         nu9,q3)*Vec(nu10,q2)*Vec(nu13,q2)*Vec(nu13,q3)*p4.p4*d^-1*xiw*xiz*
         ufoGC58^2*ufoGC76*ufoGC69
          - 1/8*g_(1,6_,nu10)*FT1*g_(1,q2)*g_(2,nu14)*FT2(g6)*cFT(nu9,XX,i2,
         iufo3)*cFT(g7,XX,iufo3,i3)*flavourTag(fe,j11,j12)*Vec(nu14,q3)*Vec(
         nu9,q3)*Vec(nu10,q2)*Vec(nu13,q3)^2*p4.p4*d^-1*xiw*xiz*ufoGC58^2*
         ufoGC76*ufoGC69
          - 1/8*g_(1,6_,nu10)*FT1*g_(1,q2)*g_(2,nu14)*FT2(g6)*cFT(nu9,XX,i2,
         iufo3)*cFT(g7,XX,iufo3,i3)*flavourTag(fe,j11,j12)*Vec(nu14,q3)*Vec(
         nu9,q3)*Vec(nu10,q3)*p4.p4^2*d^-1*xiw*xiz*ufoGC58^2*ufoGC76*ufoGC69
          - 1/8*g_(1,6_,nu10)*FT1*g_(1,q2)*g_(2,nu14)*FT2(g6)*cFT(nu9,XX,i2,
         iufo3)*cFT(g7,XX,iufo3,i3)*flavourTag(fe,j11,j12)*Vec(nu14,q3)*Vec(
         nu9,q3)*Vec(nu10,q3)*Vec(nu13,q2)^2*p4.p4*d^-1*xiw*xiz*ufoGC58^2*
         ufoGC76*ufoGC69
          - 1/4*g_(1,6_,nu10)*FT1*g_(1,q2)*g_(2,nu14)*FT2(g6)*cFT(nu9,XX,i2,
         iufo3)*cFT(g7,XX,iufo3,i3)*flavourTag(fe,j11,j12)*Vec(nu14,q3)*Vec(
         nu9,q3)*Vec(nu10,q3)*Vec(nu13,q2)*Vec(nu13,q3)*p4.p4*d^-1*xiw*xiz*
         ufoGC58^2*ufoGC76*ufoGC69
          - 1/8*g_(1,6_,nu10)*FT1*g_(1,q2)*g_(2,nu14)*FT2(g6)*cFT(nu9,XX,i2,
         iufo3)*cFT(g7,XX,iufo3,i3)*flavourTag(fe,j11,j12)*Vec(nu14,q3)*Vec(
         nu9,q3)*Vec(nu10,q3)*Vec(nu13,q3)^2*p4.p4*d^-1*xiw*xiz*ufoGC58^2*
         ufoGC76*ufoGC69
          - 1/4*g_(1,6_,nu10)*FT1*g_(1,q2)*g_(2,nu13)*FT2(g6)*cFT(nu9,XX,i2,
         iufo3)*cFT(g7,XX,iufo3,i3)/(d^3 + d^2 - 2*d)*flavourTag(fe,j11,j12)*
         Vec(nu9,q2)*Vec(nu10,q2)*Vec(nu13,q2)*p4.p4^2*d*xiw*xiz*ufoGC58^2*
         ufoGC76*ufoGC69
          + 1/4*g_(1,6_,nu10)*FT1*g_(1,q2)*g_(2,nu13)*FT2(g6)*cFT(nu9,XX,i2,
         iufo3)*cFT(g7,XX,iufo3,i3)/(d^3 + d^2 - 2*d)*flavourTag(fe,j11,j12)*
         Vec(nu9,q2)*Vec(nu10,q2)*Vec(nu13,q2)*p4.p4^2*xiw*xiz*ufoGC58^2*
         ufoGC76*ufoGC69
          - 1/4*g_(1,6_,nu10)*FT1*g_(1,q2)*g_(2,nu13)*FT2(g6)*cFT(nu9,XX,i2,
         iufo3)*cFT(g7,XX,iufo3,i3)/(d^3 + d^2 - 2*d)*flavourTag(fe,j11,j12)*
         Vec(nu9,q2)*Vec(nu10,q2)*Vec(nu13,q3)*p4.p4^2*d*xiw*xiz*ufoGC58^2*
         ufoGC76*ufoGC69
          + 1/4*g_(1,6_,nu10)*FT1*g_(1,q2)*g_(2,nu13)*FT2(g6)*cFT(nu9,XX,i2,
         iufo3)*cFT(g7,XX,iufo3,i3)/(d^3 + d^2 - 2*d)*flavourTag(fe,j11,j12)*
         Vec(nu9,q2)*Vec(nu10,q2)*Vec(nu13,q3)*p4.p4^2*xiw*xiz*ufoGC58^2*
         ufoGC76*ufoGC69
          - 1/4*g_(1,6_,nu10)*FT1*g_(1,q2)*g_(2,nu13)*FT2(g6)*cFT(nu9,XX,i2,
         iufo3)*cFT(g7,XX,iufo3,i3)/(d^3 + d^2 - 2*d)*flavourTag(fe,j11,j12)*
         Vec(nu9,q2)*Vec(nu10,q3)*Vec(nu13,q2)*p4.p4^2*d*xiw*xiz*ufoGC58^2*
         ufoGC76*ufoGC69
          + 1/4*g_(1,6_,nu10)*FT1*g_(1,q2)*g_(2,nu13)*FT2(g6)*cFT(nu9,XX,i2,
         iufo3)*cFT(g7,XX,iufo3,i3)/(d^3 + d^2 - 2*d)*flavourTag(fe,j11,j12)*
         Vec(nu9,q2)*Vec(nu10,q3)*Vec(nu13,q2)*p4.p4^2*xiw*xiz*ufoGC58^2*
         ufoGC76*ufoGC69
          - 1/4*g_(1,6_,nu10)*FT1*g_(1,q2)*g_(2,nu13)*FT2(g6)*cFT(nu9,XX,i2,
         iufo3)*cFT(g7,XX,iufo3,i3)/(d^3 + d^2 - 2*d)*flavourTag(fe,j11,j12)*
         Vec(nu9,q2)*Vec(nu10,q3)*Vec(nu13,q3)*p4.p4^2*d*xiw*xiz*ufoGC58^2*
         ufoGC76*ufoGC69
          + 1/4*g_(1,6_,nu10)*FT1*g_(1,q2)*g_(2,nu13)*FT2(g6)*cFT(nu9,XX,i2,
         iufo3)*cFT(g7,XX,iufo3,i3)/(d^3 + d^2 - 2*d)*flavourTag(fe,j11,j12)*
         Vec(nu9,q2)*Vec(nu10,q3)*Vec(nu13,q3)*p4.p4^2*xiw*xiz*ufoGC58^2*
         ufoGC76*ufoGC69
          - 1/4*g_(1,6_,nu10)*FT1*g_(1,q2)*g_(2,nu13)*FT2(g6)*cFT(nu9,XX,i2,
         iufo3)*cFT(g7,XX,iufo3,i3)/(d^3 + d^2 - 2*d)*flavourTag(fe,j11,j12)*
         Vec(nu9,q3)*Vec(nu10,q2)*Vec(nu13,q2)*p4.p4^2*d*xiw*xiz*ufoGC58^2*
         ufoGC76*ufoGC69
          + 1/4*g_(1,6_,nu10)*FT1*g_(1,q2)*g_(2,nu13)*FT2(g6)*cFT(nu9,XX,i2,
         iufo3)*cFT(g7,XX,iufo3,i3)/(d^3 + d^2 - 2*d)*flavourTag(fe,j11,j12)*
         Vec(nu9,q3)*Vec(nu10,q2)*Vec(nu13,q2)*p4.p4^2*xiw*xiz*ufoGC58^2*
         ufoGC76*ufoGC69
          - 1/4*g_(1,6_,nu10)*FT1*g_(1,q2)*g_(2,nu13)*FT2(g6)*cFT(nu9,XX,i2,
         iufo3)*cFT(g7,XX,iufo3,i3)/(d^3 + d^2 - 2*d)*flavourTag(fe,j11,j12)*
         Vec(nu9,q3)*Vec(nu10,q2)*Vec(nu13,q3)*p4.p4^2*d*xiw*xiz*ufoGC58^2*
         ufoGC76*ufoGC69
          + 1/4*g_(1,6_,nu10)*FT1*g_(1,q2)*g_(2,nu13)*FT2(g6)*cFT(nu9,XX,i2,
         iufo3)*cFT(g7,XX,iufo3,i3)/(d^3 + d^2 - 2*d)*flavourTag(fe,j11,j12)*
         Vec(nu9,q3)*Vec(nu10,q2)*Vec(nu13,q3)*p4.p4^2*xiw*xiz*ufoGC58^2*
         ufoGC76*ufoGC69
          - 1/4*g_(1,6_,nu10)*FT1*g_(1,q2)*g_(2,nu13)*FT2(g6)*cFT(nu9,XX,i2,
         iufo3)*cFT(g7,XX,iufo3,i3)/(d^3 + d^2 - 2*d)*flavourTag(fe,j11,j12)*
         Vec(nu9,q3)*Vec(nu10,q3)*Vec(nu13,q2)*p4.p4^2*d*xiw*xiz*ufoGC58^2*
         ufoGC76*ufoGC69
          + 1/4*g_(1,6_,nu10)*FT1*g_(1,q2)*g_(2,nu13)*FT2(g6)*cFT(nu9,XX,i2,
         iufo3)*cFT(g7,XX,iufo3,i3)/(d^3 + d^2 - 2*d)*flavourTag(fe,j11,j12)*
         Vec(nu9,q3)*Vec(nu10,q3)*Vec(nu13,q2)*p4.p4^2*xiw*xiz*ufoGC58^2*
         ufoGC76*ufoGC69
          - 1/4*g_(1,6_,nu10)*FT1*g_(1,q2)*g_(2,nu13)*FT2(g6)*cFT(nu9,XX,i2,
         iufo3)*cFT(g7,XX,iufo3,i3)/(d^3 + d^2 - 2*d)*flavourTag(fe,j11,j12)*
         Vec(nu9,q3)*Vec(nu10,q3)*Vec(nu13,q3)*p4.p4^2*d*xiw*xiz*ufoGC58^2*
         ufoGC76*ufoGC69
          + 1/4*g_(1,6_,nu10)*FT1*g_(1,q2)*g_(2,nu13)*FT2(g6)*cFT(nu9,XX,i2,
         iufo3)*cFT(g7,XX,iufo3,i3)/(d^3 + d^2 - 2*d)*flavourTag(fe,j11,j12)*
         Vec(nu9,q3)*Vec(nu10,q3)*Vec(nu13,q3)*p4.p4^2*xiw*xiz*ufoGC58^2*
         ufoGC76*ufoGC69
          - 1/8*g_(1,6_,nu10)*FT1*g_(1,q3)*g_(2,6_,nu14)*cFT(nu9,XX,i2,iufo3)*
         cFT(g7,XX,iufo3,i3)*flavourTag(fe,j11,j12)*Vec(nu14,q2)*Vec(nu9,q2)*
         Vec(nu10,q2)*p4.p4^2*d^-1*xiw*xiz*ufoGC58^2*ufoGC80*ufoGC69
          - 1/8*g_(1,6_,nu10)*FT1*g_(1,q3)*g_(2,6_,nu14)*cFT(nu9,XX,i2,iufo3)*
         cFT(g7,XX,iufo3,i3)*flavourTag(fe,j11,j12)*Vec(nu14,q2)*Vec(nu9,q2)*
         Vec(nu10,q2)*Vec(nu13,q2)^2*p4.p4*d^-1*xiw*xiz*ufoGC58^2*ufoGC80*
         ufoGC69
          - 1/4*g_(1,6_,nu10)*FT1*g_(1,q3)*g_(2,6_,nu14)*cFT(nu9,XX,i2,iufo3)*
         cFT(g7,XX,iufo3,i3)*flavourTag(fe,j11,j12)*Vec(nu14,q2)*Vec(nu9,q2)*
         Vec(nu10,q2)*Vec(nu13,q2)*Vec(nu13,q3)*p4.p4*d^-1*xiw*xiz*ufoGC58^2*
         ufoGC80*ufoGC69
          - 1/8*g_(1,6_,nu10)*FT1*g_(1,q3)*g_(2,6_,nu14)*cFT(nu9,XX,i2,iufo3)*
         cFT(g7,XX,iufo3,i3)*flavourTag(fe,j11,j12)*Vec(nu14,q2)*Vec(nu9,q2)*
         Vec(nu10,q2)*Vec(nu13,q3)^2*p4.p4*d^-1*xiw*xiz*ufoGC58^2*ufoGC80*
         ufoGC69
          - 1/8*g_(1,6_,nu10)*FT1*g_(1,q3)*g_(2,6_,nu14)*cFT(nu9,XX,i2,iufo3)*
         cFT(g7,XX,iufo3,i3)*flavourTag(fe,j11,j12)*Vec(nu14,q2)*Vec(nu9,q2)*
         Vec(nu10,q3)*p4.p4^2*d^-1*xiw*xiz*ufoGC58^2*ufoGC80*ufoGC69
          - 1/8*g_(1,6_,nu10)*FT1*g_(1,q3)*g_(2,6_,nu14)*cFT(nu9,XX,i2,iufo3)*
         cFT(g7,XX,iufo3,i3)*flavourTag(fe,j11,j12)*Vec(nu14,q2)*Vec(nu9,q2)*
         Vec(nu10,q3)*Vec(nu13,q2)^2*p4.p4*d^-1*xiw*xiz*ufoGC58^2*ufoGC80*
         ufoGC69
          - 1/4*g_(1,6_,nu10)*FT1*g_(1,q3)*g_(2,6_,nu14)*cFT(nu9,XX,i2,iufo3)*
         cFT(g7,XX,iufo3,i3)*flavourTag(fe,j11,j12)*Vec(nu14,q2)*Vec(nu9,q2)*
         Vec(nu10,q3)*Vec(nu13,q2)*Vec(nu13,q3)*p4.p4*d^-1*xiw*xiz*ufoGC58^2*
         ufoGC80*ufoGC69
          - 1/8*g_(1,6_,nu10)*FT1*g_(1,q3)*g_(2,6_,nu14)*cFT(nu9,XX,i2,iufo3)*
         cFT(g7,XX,iufo3,i3)*flavourTag(fe,j11,j12)*Vec(nu14,q2)*Vec(nu9,q2)*
         Vec(nu10,q3)*Vec(nu13,q3)^2*p4.p4*d^-1*xiw*xiz*ufoGC58^2*ufoGC80*
         ufoGC69
          - 1/8*g_(1,6_,nu10)*FT1*g_(1,q3)*g_(2,6_,nu14)*cFT(nu9,XX,i2,iufo3)*
         cFT(g7,XX,iufo3,i3)*flavourTag(fe,j11,j12)*Vec(nu14,q2)*Vec(nu9,q3)*
         Vec(nu10,q2)*p4.p4^2*d^-1*xiw*xiz*ufoGC58^2*ufoGC80*ufoGC69
          - 1/8*g_(1,6_,nu10)*FT1*g_(1,q3)*g_(2,6_,nu14)*cFT(nu9,XX,i2,iufo3)*
         cFT(g7,XX,iufo3,i3)*flavourTag(fe,j11,j12)*Vec(nu14,q2)*Vec(nu9,q3)*
         Vec(nu10,q2)*Vec(nu13,q2)^2*p4.p4*d^-1*xiw*xiz*ufoGC58^2*ufoGC80*
         ufoGC69
          - 1/4*g_(1,6_,nu10)*FT1*g_(1,q3)*g_(2,6_,nu14)*cFT(nu9,XX,i2,iufo3)*
         cFT(g7,XX,iufo3,i3)*flavourTag(fe,j11,j12)*Vec(nu14,q2)*Vec(nu9,q3)*
         Vec(nu10,q2)*Vec(nu13,q2)*Vec(nu13,q3)*p4.p4*d^-1*xiw*xiz*ufoGC58^2*
         ufoGC80*ufoGC69
          - 1/8*g_(1,6_,nu10)*FT1*g_(1,q3)*g_(2,6_,nu14)*cFT(nu9,XX,i2,iufo3)*
         cFT(g7,XX,iufo3,i3)*flavourTag(fe,j11,j12)*Vec(nu14,q2)*Vec(nu9,q3)*
         Vec(nu10,q2)*Vec(nu13,q3)^2*p4.p4*d^-1*xiw*xiz*ufoGC58^2*ufoGC80*
         ufoGC69
          - 1/8*g_(1,6_,nu10)*FT1*g_(1,q3)*g_(2,6_,nu14)*cFT(nu9,XX,i2,iufo3)*
         cFT(g7,XX,iufo3,i3)*flavourTag(fe,j11,j12)*Vec(nu14,q2)*Vec(nu9,q3)*
         Vec(nu10,q3)*p4.p4^2*d^-1*xiw*xiz*ufoGC58^2*ufoGC80*ufoGC69
          - 1/8*g_(1,6_,nu10)*FT1*g_(1,q3)*g_(2,6_,nu14)*cFT(nu9,XX,i2,iufo3)*
         cFT(g7,XX,iufo3,i3)*flavourTag(fe,j11,j12)*Vec(nu14,q2)*Vec(nu9,q3)*
         Vec(nu10,q3)*Vec(nu13,q2)^2*p4.p4*d^-1*xiw*xiz*ufoGC58^2*ufoGC80*
         ufoGC69
          - 1/4*g_(1,6_,nu10)*FT1*g_(1,q3)*g_(2,6_,nu14)*cFT(nu9,XX,i2,iufo3)*
         cFT(g7,XX,iufo3,i3)*flavourTag(fe,j11,j12)*Vec(nu14,q2)*Vec(nu9,q3)*
         Vec(nu10,q3)*Vec(nu13,q2)*Vec(nu13,q3)*p4.p4*d^-1*xiw*xiz*ufoGC58^2*
         ufoGC80*ufoGC69
          - 1/8*g_(1,6_,nu10)*FT1*g_(1,q3)*g_(2,6_,nu14)*cFT(nu9,XX,i2,iufo3)*
         cFT(g7,XX,iufo3,i3)*flavourTag(fe,j11,j12)*Vec(nu14,q2)*Vec(nu9,q3)*
         Vec(nu10,q3)*Vec(nu13,q3)^2*p4.p4*d^-1*xiw*xiz*ufoGC58^2*ufoGC80*
         ufoGC69
          - 1/8*g_(1,6_,nu10)*FT1*g_(1,q3)*g_(2,6_,nu14)*cFT(nu9,XX,i2,iufo3)*
         cFT(g7,XX,iufo3,i3)*flavourTag(fe,j11,j12)*Vec(nu14,q3)*Vec(nu9,q2)*
         Vec(nu10,q2)*p4.p4^2*d^-1*xiw*xiz*ufoGC58^2*ufoGC80*ufoGC69
          - 1/8*g_(1,6_,nu10)*FT1*g_(1,q3)*g_(2,6_,nu14)*cFT(nu9,XX,i2,iufo3)*
         cFT(g7,XX,iufo3,i3)*flavourTag(fe,j11,j12)*Vec(nu14,q3)*Vec(nu9,q2)*
         Vec(nu10,q2)*Vec(nu13,q2)^2*p4.p4*d^-1*xiw*xiz*ufoGC58^2*ufoGC80*
         ufoGC69
          - 1/4*g_(1,6_,nu10)*FT1*g_(1,q3)*g_(2,6_,nu14)*cFT(nu9,XX,i2,iufo3)*
         cFT(g7,XX,iufo3,i3)*flavourTag(fe,j11,j12)*Vec(nu14,q3)*Vec(nu9,q2)*
         Vec(nu10,q2)*Vec(nu13,q2)*Vec(nu13,q3)*p4.p4*d^-1*xiw*xiz*ufoGC58^2*
         ufoGC80*ufoGC69
          - 1/8*g_(1,6_,nu10)*FT1*g_(1,q3)*g_(2,6_,nu14)*cFT(nu9,XX,i2,iufo3)*
         cFT(g7,XX,iufo3,i3)*flavourTag(fe,j11,j12)*Vec(nu14,q3)*Vec(nu9,q2)*
         Vec(nu10,q2)*Vec(nu13,q3)^2*p4.p4*d^-1*xiw*xiz*ufoGC58^2*ufoGC80*
         ufoGC69
          - 1/8*g_(1,6_,nu10)*FT1*g_(1,q3)*g_(2,6_,nu14)*cFT(nu9,XX,i2,iufo3)*
         cFT(g7,XX,iufo3,i3)*flavourTag(fe,j11,j12)*Vec(nu14,q3)*Vec(nu9,q2)*
         Vec(nu10,q3)*p4.p4^2*d^-1*xiw*xiz*ufoGC58^2*ufoGC80*ufoGC69
          - 1/8*g_(1,6_,nu10)*FT1*g_(1,q3)*g_(2,6_,nu14)*cFT(nu9,XX,i2,iufo3)*
         cFT(g7,XX,iufo3,i3)*flavourTag(fe,j11,j12)*Vec(nu14,q3)*Vec(nu9,q2)*
         Vec(nu10,q3)*Vec(nu13,q2)^2*p4.p4*d^-1*xiw*xiz*ufoGC58^2*ufoGC80*
         ufoGC69
          - 1/4*g_(1,6_,nu10)*FT1*g_(1,q3)*g_(2,6_,nu14)*cFT(nu9,XX,i2,iufo3)*
         cFT(g7,XX,iufo3,i3)*flavourTag(fe,j11,j12)*Vec(nu14,q3)*Vec(nu9,q2)*
         Vec(nu10,q3)*Vec(nu13,q2)*Vec(nu13,q3)*p4.p4*d^-1*xiw*xiz*ufoGC58^2*
         ufoGC80*ufoGC69
          - 1/8*g_(1,6_,nu10)*FT1*g_(1,q3)*g_(2,6_,nu14)*cFT(nu9,XX,i2,iufo3)*
         cFT(g7,XX,iufo3,i3)*flavourTag(fe,j11,j12)*Vec(nu14,q3)*Vec(nu9,q2)*
         Vec(nu10,q3)*Vec(nu13,q3)^2*p4.p4*d^-1*xiw*xiz*ufoGC58^2*ufoGC80*
         ufoGC69
          - 1/8*g_(1,6_,nu10)*FT1*g_(1,q3)*g_(2,6_,nu14)*cFT(nu9,XX,i2,iufo3)*
         cFT(g7,XX,iufo3,i3)*flavourTag(fe,j11,j12)*Vec(nu14,q3)*Vec(nu9,q3)*
         Vec(nu10,q2)*p4.p4^2*d^-1*xiw*xiz*ufoGC58^2*ufoGC80*ufoGC69
          - 1/8*g_(1,6_,nu10)*FT1*g_(1,q3)*g_(2,6_,nu14)*cFT(nu9,XX,i2,iufo3)*
         cFT(g7,XX,iufo3,i3)*flavourTag(fe,j11,j12)*Vec(nu14,q3)*Vec(nu9,q3)*
         Vec(nu10,q2)*Vec(nu13,q2)^2*p4.p4*d^-1*xiw*xiz*ufoGC58^2*ufoGC80*
         ufoGC69
          - 1/4*g_(1,6_,nu10)*FT1*g_(1,q3)*g_(2,6_,nu14)*cFT(nu9,XX,i2,iufo3)*
         cFT(g7,XX,iufo3,i3)*flavourTag(fe,j11,j12)*Vec(nu14,q3)*Vec(nu9,q3)*
         Vec(nu10,q2)*Vec(nu13,q2)*Vec(nu13,q3)*p4.p4*d^-1*xiw*xiz*ufoGC58^2*
         ufoGC80*ufoGC69
          - 1/8*g_(1,6_,nu10)*FT1*g_(1,q3)*g_(2,6_,nu14)*cFT(nu9,XX,i2,iufo3)*
         cFT(g7,XX,iufo3,i3)*flavourTag(fe,j11,j12)*Vec(nu14,q3)*Vec(nu9,q3)*
         Vec(nu10,q2)*Vec(nu13,q3)^2*p4.p4*d^-1*xiw*xiz*ufoGC58^2*ufoGC80*
         ufoGC69
          - 1/8*g_(1,6_,nu10)*FT1*g_(1,q3)*g_(2,6_,nu14)*cFT(nu9,XX,i2,iufo3)*
         cFT(g7,XX,iufo3,i3)*flavourTag(fe,j11,j12)*Vec(nu14,q3)*Vec(nu9,q3)*
         Vec(nu10,q3)*p4.p4^2*d^-1*xiw*xiz*ufoGC58^2*ufoGC80*ufoGC69
          - 1/8*g_(1,6_,nu10)*FT1*g_(1,q3)*g_(2,6_,nu14)*cFT(nu9,XX,i2,iufo3)*
         cFT(g7,XX,iufo3,i3)*flavourTag(fe,j11,j12)*Vec(nu14,q3)*Vec(nu9,q3)*
         Vec(nu10,q3)*Vec(nu13,q2)^2*p4.p4*d^-1*xiw*xiz*ufoGC58^2*ufoGC80*
         ufoGC69
          - 1/4*g_(1,6_,nu10)*FT1*g_(1,q3)*g_(2,6_,nu14)*cFT(nu9,XX,i2,iufo3)*
         cFT(g7,XX,iufo3,i3)*flavourTag(fe,j11,j12)*Vec(nu14,q3)*Vec(nu9,q3)*
         Vec(nu10,q3)*Vec(nu13,q2)*Vec(nu13,q3)*p4.p4*d^-1*xiw*xiz*ufoGC58^2*
         ufoGC80*ufoGC69
          - 1/8*g_(1,6_,nu10)*FT1*g_(1,q3)*g_(2,6_,nu14)*cFT(nu9,XX,i2,iufo3)*
         cFT(g7,XX,iufo3,i3)*flavourTag(fe,j11,j12)*Vec(nu14,q3)*Vec(nu9,q3)*
         Vec(nu10,q3)*Vec(nu13,q3)^2*p4.p4*d^-1*xiw*xiz*ufoGC58^2*ufoGC80*
         ufoGC69
          - 1/4*g_(1,6_,nu10)*FT1*g_(1,q3)*g_(2,6_,nu13)*cFT(nu9,XX,i2,iufo3)*
         cFT(g7,XX,iufo3,i3)/(d^3 + d^2 - 2*d)*flavourTag(fe,j11,j12)*Vec(nu9,
         q2)*Vec(nu10,q2)*Vec(nu13,q2)*p4.p4^2*d*xiw*xiz*ufoGC58^2*ufoGC80*
         ufoGC69
          + 1/4*g_(1,6_,nu10)*FT1*g_(1,q3)*g_(2,6_,nu13)*cFT(nu9,XX,i2,iufo3)*
         cFT(g7,XX,iufo3,i3)/(d^3 + d^2 - 2*d)*flavourTag(fe,j11,j12)*Vec(nu9,
         q2)*Vec(nu10,q2)*Vec(nu13,q2)*p4.p4^2*xiw*xiz*ufoGC58^2*ufoGC80*
         ufoGC69
          - 1/4*g_(1,6_,nu10)*FT1*g_(1,q3)*g_(2,6_,nu13)*cFT(nu9,XX,i2,iufo3)*
         cFT(g7,XX,iufo3,i3)/(d^3 + d^2 - 2*d)*flavourTag(fe,j11,j12)*Vec(nu9,
         q2)*Vec(nu10,q2)*Vec(nu13,q3)*p4.p4^2*d*xiw*xiz*ufoGC58^2*ufoGC80*
         ufoGC69
          + 1/4*g_(1,6_,nu10)*FT1*g_(1,q3)*g_(2,6_,nu13)*cFT(nu9,XX,i2,iufo3)*
         cFT(g7,XX,iufo3,i3)/(d^3 + d^2 - 2*d)*flavourTag(fe,j11,j12)*Vec(nu9,
         q2)*Vec(nu10,q2)*Vec(nu13,q3)*p4.p4^2*xiw*xiz*ufoGC58^2*ufoGC80*
         ufoGC69
          - 1/4*g_(1,6_,nu10)*FT1*g_(1,q3)*g_(2,6_,nu13)*cFT(nu9,XX,i2,iufo3)*
         cFT(g7,XX,iufo3,i3)/(d^3 + d^2 - 2*d)*flavourTag(fe,j11,j12)*Vec(nu9,
         q2)*Vec(nu10,q3)*Vec(nu13,q2)*p4.p4^2*d*xiw*xiz*ufoGC58^2*ufoGC80*
         ufoGC69
          + 1/4*g_(1,6_,nu10)*FT1*g_(1,q3)*g_(2,6_,nu13)*cFT(nu9,XX,i2,iufo3)*
         cFT(g7,XX,iufo3,i3)/(d^3 + d^2 - 2*d)*flavourTag(fe,j11,j12)*Vec(nu9,
         q2)*Vec(nu10,q3)*Vec(nu13,q2)*p4.p4^2*xiw*xiz*ufoGC58^2*ufoGC80*
         ufoGC69
          - 1/4*g_(1,6_,nu10)*FT1*g_(1,q3)*g_(2,6_,nu13)*cFT(nu9,XX,i2,iufo3)*
         cFT(g7,XX,iufo3,i3)/(d^3 + d^2 - 2*d)*flavourTag(fe,j11,j12)*Vec(nu9,
         q2)*Vec(nu10,q3)*Vec(nu13,q3)*p4.p4^2*d*xiw*xiz*ufoGC58^2*ufoGC80*
         ufoGC69
          + 1/4*g_(1,6_,nu10)*FT1*g_(1,q3)*g_(2,6_,nu13)*cFT(nu9,XX,i2,iufo3)*
         cFT(g7,XX,iufo3,i3)/(d^3 + d^2 - 2*d)*flavourTag(fe,j11,j12)*Vec(nu9,
         q2)*Vec(nu10,q3)*Vec(nu13,q3)*p4.p4^2*xiw*xiz*ufoGC58^2*ufoGC80*
         ufoGC69
          - 1/4*g_(1,6_,nu10)*FT1*g_(1,q3)*g_(2,6_,nu13)*cFT(nu9,XX,i2,iufo3)*
         cFT(g7,XX,iufo3,i3)/(d^3 + d^2 - 2*d)*flavourTag(fe,j11,j12)*Vec(nu9,
         q3)*Vec(nu10,q2)*Vec(nu13,q2)*p4.p4^2*d*xiw*xiz*ufoGC58^2*ufoGC80*
         ufoGC69
          + 1/4*g_(1,6_,nu10)*FT1*g_(1,q3)*g_(2,6_,nu13)*cFT(nu9,XX,i2,iufo3)*
         cFT(g7,XX,iufo3,i3)/(d^3 + d^2 - 2*d)*flavourTag(fe,j11,j12)*Vec(nu9,
         q3)*Vec(nu10,q2)*Vec(nu13,q2)*p4.p4^2*xiw*xiz*ufoGC58^2*ufoGC80*
         ufoGC69
          - 1/4*g_(1,6_,nu10)*FT1*g_(1,q3)*g_(2,6_,nu13)*cFT(nu9,XX,i2,iufo3)*
         cFT(g7,XX,iufo3,i3)/(d^3 + d^2 - 2*d)*flavourTag(fe,j11,j12)*Vec(nu9,
         q3)*Vec(nu10,q2)*Vec(nu13,q3)*p4.p4^2*d*xiw*xiz*ufoGC58^2*ufoGC80*
         ufoGC69
          + 1/4*g_(1,6_,nu10)*FT1*g_(1,q3)*g_(2,6_,nu13)*cFT(nu9,XX,i2,iufo3)*
         cFT(g7,XX,iufo3,i3)/(d^3 + d^2 - 2*d)*flavourTag(fe,j11,j12)*Vec(nu9,
         q3)*Vec(nu10,q2)*Vec(nu13,q3)*p4.p4^2*xiw*xiz*ufoGC58^2*ufoGC80*
         ufoGC69
          - 1/4*g_(1,6_,nu10)*FT1*g_(1,q3)*g_(2,6_,nu13)*cFT(nu9,XX,i2,iufo3)*
         cFT(g7,XX,iufo3,i3)/(d^3 + d^2 - 2*d)*flavourTag(fe,j11,j12)*Vec(nu9,
         q3)*Vec(nu10,q3)*Vec(nu13,q2)*p4.p4^2*d*xiw*xiz*ufoGC58^2*ufoGC80*
         ufoGC69
          + 1/4*g_(1,6_,nu10)*FT1*g_(1,q3)*g_(2,6_,nu13)*cFT(nu9,XX,i2,iufo3)*
         cFT(g7,XX,iufo3,i3)/(d^3 + d^2 - 2*d)*flavourTag(fe,j11,j12)*Vec(nu9,
         q3)*Vec(nu10,q3)*Vec(nu13,q2)*p4.p4^2*xiw*xiz*ufoGC58^2*ufoGC80*
         ufoGC69
          - 1/4*g_(1,6_,nu10)*FT1*g_(1,q3)*g_(2,6_,nu13)*cFT(nu9,XX,i2,iufo3)*
         cFT(g7,XX,iufo3,i3)/(d^3 + d^2 - 2*d)*flavourTag(fe,j11,j12)*Vec(nu9,
         q3)*Vec(nu10,q3)*Vec(nu13,q3)*p4.p4^2*d*xiw*xiz*ufoGC58^2*ufoGC80*
         ufoGC69
          + 1/4*g_(1,6_,nu10)*FT1*g_(1,q3)*g_(2,6_,nu13)*cFT(nu9,XX,i2,iufo3)*
         cFT(g7,XX,iufo3,i3)/(d^3 + d^2 - 2*d)*flavourTag(fe,j11,j12)*Vec(nu9,
         q3)*Vec(nu10,q3)*Vec(nu13,q3)*p4.p4^2*xiw*xiz*ufoGC58^2*ufoGC80*
         ufoGC69
          - 1/8*g_(1,6_,nu10)*FT1*g_(1,q3)*g_(2,nu14)*FT2(g6)*cFT(nu9,XX,i2,
         iufo3)*cFT(g7,XX,iufo3,i3)*flavourTag(fe,j11,j12)*Vec(nu14,q2)*Vec(
         nu9,q2)*Vec(nu10,q2)*p4.p4^2*d^-1*xiw*xiz*ufoGC58^2*ufoGC76*ufoGC69
          - 1/8*g_(1,6_,nu10)*FT1*g_(1,q3)*g_(2,nu14)*FT2(g6)*cFT(nu9,XX,i2,
         iufo3)*cFT(g7,XX,iufo3,i3)*flavourTag(fe,j11,j12)*Vec(nu14,q2)*Vec(
         nu9,q2)*Vec(nu10,q2)*Vec(nu13,q2)^2*p4.p4*d^-1*xiw*xiz*ufoGC58^2*
         ufoGC76*ufoGC69
          - 1/4*g_(1,6_,nu10)*FT1*g_(1,q3)*g_(2,nu14)*FT2(g6)*cFT(nu9,XX,i2,
         iufo3)*cFT(g7,XX,iufo3,i3)*flavourTag(fe,j11,j12)*Vec(nu14,q2)*Vec(
         nu9,q2)*Vec(nu10,q2)*Vec(nu13,q2)*Vec(nu13,q3)*p4.p4*d^-1*xiw*xiz*
         ufoGC58^2*ufoGC76*ufoGC69
          - 1/8*g_(1,6_,nu10)*FT1*g_(1,q3)*g_(2,nu14)*FT2(g6)*cFT(nu9,XX,i2,
         iufo3)*cFT(g7,XX,iufo3,i3)*flavourTag(fe,j11,j12)*Vec(nu14,q2)*Vec(
         nu9,q2)*Vec(nu10,q2)*Vec(nu13,q3)^2*p4.p4*d^-1*xiw*xiz*ufoGC58^2*
         ufoGC76*ufoGC69
          - 1/8*g_(1,6_,nu10)*FT1*g_(1,q3)*g_(2,nu14)*FT2(g6)*cFT(nu9,XX,i2,
         iufo3)*cFT(g7,XX,iufo3,i3)*flavourTag(fe,j11,j12)*Vec(nu14,q2)*Vec(
         nu9,q2)*Vec(nu10,q3)*p4.p4^2*d^-1*xiw*xiz*ufoGC58^2*ufoGC76*ufoGC69
          - 1/8*g_(1,6_,nu10)*FT1*g_(1,q3)*g_(2,nu14)*FT2(g6)*cFT(nu9,XX,i2,
         iufo3)*cFT(g7,XX,iufo3,i3)*flavourTag(fe,j11,j12)*Vec(nu14,q2)*Vec(
         nu9,q2)*Vec(nu10,q3)*Vec(nu13,q2)^2*p4.p4*d^-1*xiw*xiz*ufoGC58^2*
         ufoGC76*ufoGC69
          - 1/4*g_(1,6_,nu10)*FT1*g_(1,q3)*g_(2,nu14)*FT2(g6)*cFT(nu9,XX,i2,
         iufo3)*cFT(g7,XX,iufo3,i3)*flavourTag(fe,j11,j12)*Vec(nu14,q2)*Vec(
         nu9,q2)*Vec(nu10,q3)*Vec(nu13,q2)*Vec(nu13,q3)*p4.p4*d^-1*xiw*xiz*
         ufoGC58^2*ufoGC76*ufoGC69
          - 1/8*g_(1,6_,nu10)*FT1*g_(1,q3)*g_(2,nu14)*FT2(g6)*cFT(nu9,XX,i2,
         iufo3)*cFT(g7,XX,iufo3,i3)*flavourTag(fe,j11,j12)*Vec(nu14,q2)*Vec(
         nu9,q2)*Vec(nu10,q3)*Vec(nu13,q3)^2*p4.p4*d^-1*xiw*xiz*ufoGC58^2*
         ufoGC76*ufoGC69
          - 1/8*g_(1,6_,nu10)*FT1*g_(1,q3)*g_(2,nu14)*FT2(g6)*cFT(nu9,XX,i2,
         iufo3)*cFT(g7,XX,iufo3,i3)*flavourTag(fe,j11,j12)*Vec(nu14,q2)*Vec(
         nu9,q3)*Vec(nu10,q2)*p4.p4^2*d^-1*xiw*xiz*ufoGC58^2*ufoGC76*ufoGC69
          - 1/8*g_(1,6_,nu10)*FT1*g_(1,q3)*g_(2,nu14)*FT2(g6)*cFT(nu9,XX,i2,
         iufo3)*cFT(g7,XX,iufo3,i3)*flavourTag(fe,j11,j12)*Vec(nu14,q2)*Vec(
         nu9,q3)*Vec(nu10,q2)*Vec(nu13,q2)^2*p4.p4*d^-1*xiw*xiz*ufoGC58^2*
         ufoGC76*ufoGC69
          - 1/4*g_(1,6_,nu10)*FT1*g_(1,q3)*g_(2,nu14)*FT2(g6)*cFT(nu9,XX,i2,
         iufo3)*cFT(g7,XX,iufo3,i3)*flavourTag(fe,j11,j12)*Vec(nu14,q2)*Vec(
         nu9,q3)*Vec(nu10,q2)*Vec(nu13,q2)*Vec(nu13,q3)*p4.p4*d^-1*xiw*xiz*
         ufoGC58^2*ufoGC76*ufoGC69
          - 1/8*g_(1,6_,nu10)*FT1*g_(1,q3)*g_(2,nu14)*FT2(g6)*cFT(nu9,XX,i2,
         iufo3)*cFT(g7,XX,iufo3,i3)*flavourTag(fe,j11,j12)*Vec(nu14,q2)*Vec(
         nu9,q3)*Vec(nu10,q2)*Vec(nu13,q3)^2*p4.p4*d^-1*xiw*xiz*ufoGC58^2*
         ufoGC76*ufoGC69
          - 1/8*g_(1,6_,nu10)*FT1*g_(1,q3)*g_(2,nu14)*FT2(g6)*cFT(nu9,XX,i2,
         iufo3)*cFT(g7,XX,iufo3,i3)*flavourTag(fe,j11,j12)*Vec(nu14,q2)*Vec(
         nu9,q3)*Vec(nu10,q3)*p4.p4^2*d^-1*xiw*xiz*ufoGC58^2*ufoGC76*ufoGC69
          - 1/8*g_(1,6_,nu10)*FT1*g_(1,q3)*g_(2,nu14)*FT2(g6)*cFT(nu9,XX,i2,
         iufo3)*cFT(g7,XX,iufo3,i3)*flavourTag(fe,j11,j12)*Vec(nu14,q2)*Vec(
         nu9,q3)*Vec(nu10,q3)*Vec(nu13,q2)^2*p4.p4*d^-1*xiw*xiz*ufoGC58^2*
         ufoGC76*ufoGC69
          - 1/4*g_(1,6_,nu10)*FT1*g_(1,q3)*g_(2,nu14)*FT2(g6)*cFT(nu9,XX,i2,
         iufo3)*cFT(g7,XX,iufo3,i3)*flavourTag(fe,j11,j12)*Vec(nu14,q2)*Vec(
         nu9,q3)*Vec(nu10,q3)*Vec(nu13,q2)*Vec(nu13,q3)*p4.p4*d^-1*xiw*xiz*
         ufoGC58^2*ufoGC76*ufoGC69
          - 1/8*g_(1,6_,nu10)*FT1*g_(1,q3)*g_(2,nu14)*FT2(g6)*cFT(nu9,XX,i2,
         iufo3)*cFT(g7,XX,iufo3,i3)*flavourTag(fe,j11,j12)*Vec(nu14,q2)*Vec(
         nu9,q3)*Vec(nu10,q3)*Vec(nu13,q3)^2*p4.p4*d^-1*xiw*xiz*ufoGC58^2*
         ufoGC76*ufoGC69
          - 1/8*g_(1,6_,nu10)*FT1*g_(1,q3)*g_(2,nu14)*FT2(g6)*cFT(nu9,XX,i2,
         iufo3)*cFT(g7,XX,iufo3,i3)*flavourTag(fe,j11,j12)*Vec(nu14,q3)*Vec(
         nu9,q2)*Vec(nu10,q2)*p4.p4^2*d^-1*xiw*xiz*ufoGC58^2*ufoGC76*ufoGC69
          - 1/8*g_(1,6_,nu10)*FT1*g_(1,q3)*g_(2,nu14)*FT2(g6)*cFT(nu9,XX,i2,
         iufo3)*cFT(g7,XX,iufo3,i3)*flavourTag(fe,j11,j12)*Vec(nu14,q3)*Vec(
         nu9,q2)*Vec(nu10,q2)*Vec(nu13,q2)^2*p4.p4*d^-1*xiw*xiz*ufoGC58^2*
         ufoGC76*ufoGC69
          - 1/4*g_(1,6_,nu10)*FT1*g_(1,q3)*g_(2,nu14)*FT2(g6)*cFT(nu9,XX,i2,
         iufo3)*cFT(g7,XX,iufo3,i3)*flavourTag(fe,j11,j12)*Vec(nu14,q3)*Vec(
         nu9,q2)*Vec(nu10,q2)*Vec(nu13,q2)*Vec(nu13,q3)*p4.p4*d^-1*xiw*xiz*
         ufoGC58^2*ufoGC76*ufoGC69
          - 1/8*g_(1,6_,nu10)*FT1*g_(1,q3)*g_(2,nu14)*FT2(g6)*cFT(nu9,XX,i2,
         iufo3)*cFT(g7,XX,iufo3,i3)*flavourTag(fe,j11,j12)*Vec(nu14,q3)*Vec(
         nu9,q2)*Vec(nu10,q2)*Vec(nu13,q3)^2*p4.p4*d^-1*xiw*xiz*ufoGC58^2*
         ufoGC76*ufoGC69
          - 1/8*g_(1,6_,nu10)*FT1*g_(1,q3)*g_(2,nu14)*FT2(g6)*cFT(nu9,XX,i2,
         iufo3)*cFT(g7,XX,iufo3,i3)*flavourTag(fe,j11,j12)*Vec(nu14,q3)*Vec(
         nu9,q2)*Vec(nu10,q3)*p4.p4^2*d^-1*xiw*xiz*ufoGC58^2*ufoGC76*ufoGC69
          - 1/8*g_(1,6_,nu10)*FT1*g_(1,q3)*g_(2,nu14)*FT2(g6)*cFT(nu9,XX,i2,
         iufo3)*cFT(g7,XX,iufo3,i3)*flavourTag(fe,j11,j12)*Vec(nu14,q3)*Vec(
         nu9,q2)*Vec(nu10,q3)*Vec(nu13,q2)^2*p4.p4*d^-1*xiw*xiz*ufoGC58^2*
         ufoGC76*ufoGC69
          - 1/4*g_(1,6_,nu10)*FT1*g_(1,q3)*g_(2,nu14)*FT2(g6)*cFT(nu9,XX,i2,
         iufo3)*cFT(g7,XX,iufo3,i3)*flavourTag(fe,j11,j12)*Vec(nu14,q3)*Vec(
         nu9,q2)*Vec(nu10,q3)*Vec(nu13,q2)*Vec(nu13,q3)*p4.p4*d^-1*xiw*xiz*
         ufoGC58^2*ufoGC76*ufoGC69
          - 1/8*g_(1,6_,nu10)*FT1*g_(1,q3)*g_(2,nu14)*FT2(g6)*cFT(nu9,XX,i2,
         iufo3)*cFT(g7,XX,iufo3,i3)*flavourTag(fe,j11,j12)*Vec(nu14,q3)*Vec(
         nu9,q2)*Vec(nu10,q3)*Vec(nu13,q3)^2*p4.p4*d^-1*xiw*xiz*ufoGC58^2*
         ufoGC76*ufoGC69
          - 1/8*g_(1,6_,nu10)*FT1*g_(1,q3)*g_(2,nu14)*FT2(g6)*cFT(nu9,XX,i2,
         iufo3)*cFT(g7,XX,iufo3,i3)*flavourTag(fe,j11,j12)*Vec(nu14,q3)*Vec(
         nu9,q3)*Vec(nu10,q2)*p4.p4^2*d^-1*xiw*xiz*ufoGC58^2*ufoGC76*ufoGC69
          - 1/8*g_(1,6_,nu10)*FT1*g_(1,q3)*g_(2,nu14)*FT2(g6)*cFT(nu9,XX,i2,
         iufo3)*cFT(g7,XX,iufo3,i3)*flavourTag(fe,j11,j12)*Vec(nu14,q3)*Vec(
         nu9,q3)*Vec(nu10,q2)*Vec(nu13,q2)^2*p4.p4*d^-1*xiw*xiz*ufoGC58^2*
         ufoGC76*ufoGC69
          - 1/4*g_(1,6_,nu10)*FT1*g_(1,q3)*g_(2,nu14)*FT2(g6)*cFT(nu9,XX,i2,
         iufo3)*cFT(g7,XX,iufo3,i3)*flavourTag(fe,j11,j12)*Vec(nu14,q3)*Vec(
         nu9,q3)*Vec(nu10,q2)*Vec(nu13,q2)*Vec(nu13,q3)*p4.p4*d^-1*xiw*xiz*
         ufoGC58^2*ufoGC76*ufoGC69
          - 1/8*g_(1,6_,nu10)*FT1*g_(1,q3)*g_(2,nu14)*FT2(g6)*cFT(nu9,XX,i2,
         iufo3)*cFT(g7,XX,iufo3,i3)*flavourTag(fe,j11,j12)*Vec(nu14,q3)*Vec(
         nu9,q3)*Vec(nu10,q2)*Vec(nu13,q3)^2*p4.p4*d^-1*xiw*xiz*ufoGC58^2*
         ufoGC76*ufoGC69
          - 1/8*g_(1,6_,nu10)*FT1*g_(1,q3)*g_(2,nu14)*FT2(g6)*cFT(nu9,XX,i2,
         iufo3)*cFT(g7,XX,iufo3,i3)*flavourTag(fe,j11,j12)*Vec(nu14,q3)*Vec(
         nu9,q3)*Vec(nu10,q3)*p4.p4^2*d^-1*xiw*xiz*ufoGC58^2*ufoGC76*ufoGC69
          - 1/8*g_(1,6_,nu10)*FT1*g_(1,q3)*g_(2,nu14)*FT2(g6)*cFT(nu9,XX,i2,
         iufo3)*cFT(g7,XX,iufo3,i3)*flavourTag(fe,j11,j12)*Vec(nu14,q3)*Vec(
         nu9,q3)*Vec(nu10,q3)*Vec(nu13,q2)^2*p4.p4*d^-1*xiw*xiz*ufoGC58^2*
         ufoGC76*ufoGC69
          - 1/4*g_(1,6_,nu10)*FT1*g_(1,q3)*g_(2,nu14)*FT2(g6)*cFT(nu9,XX,i2,
         iufo3)*cFT(g7,XX,iufo3,i3)*flavourTag(fe,j11,j12)*Vec(nu14,q3)*Vec(
         nu9,q3)*Vec(nu10,q3)*Vec(nu13,q2)*Vec(nu13,q3)*p4.p4*d^-1*xiw*xiz*
         ufoGC58^2*ufoGC76*ufoGC69
          - 1/8*g_(1,6_,nu10)*FT1*g_(1,q3)*g_(2,nu14)*FT2(g6)*cFT(nu9,XX,i2,
         iufo3)*cFT(g7,XX,iufo3,i3)*flavourTag(fe,j11,j12)*Vec(nu14,q3)*Vec(
         nu9,q3)*Vec(nu10,q3)*Vec(nu13,q3)^2*p4.p4*d^-1*xiw*xiz*ufoGC58^2*
         ufoGC76*ufoGC69
          - 1/4*g_(1,6_,nu10)*FT1*g_(1,q3)*g_(2,nu13)*FT2(g6)*cFT(nu9,XX,i2,
         iufo3)*cFT(g7,XX,iufo3,i3)/(d^3 + d^2 - 2*d)*flavourTag(fe,j11,j12)*
         Vec(nu9,q2)*Vec(nu10,q2)*Vec(nu13,q2)*p4.p4^2*d*xiw*xiz*ufoGC58^2*
         ufoGC76*ufoGC69
          + 1/4*g_(1,6_,nu10)*FT1*g_(1,q3)*g_(2,nu13)*FT2(g6)*cFT(nu9,XX,i2,
         iufo3)*cFT(g7,XX,iufo3,i3)/(d^3 + d^2 - 2*d)*flavourTag(fe,j11,j12)*
         Vec(nu9,q2)*Vec(nu10,q2)*Vec(nu13,q2)*p4.p4^2*xiw*xiz*ufoGC58^2*
         ufoGC76*ufoGC69
          - 1/4*g_(1,6_,nu10)*FT1*g_(1,q3)*g_(2,nu13)*FT2(g6)*cFT(nu9,XX,i2,
         iufo3)*cFT(g7,XX,iufo3,i3)/(d^3 + d^2 - 2*d)*flavourTag(fe,j11,j12)*
         Vec(nu9,q2)*Vec(nu10,q2)*Vec(nu13,q3)*p4.p4^2*d*xiw*xiz*ufoGC58^2*
         ufoGC76*ufoGC69
          + 1/4*g_(1,6_,nu10)*FT1*g_(1,q3)*g_(2,nu13)*FT2(g6)*cFT(nu9,XX,i2,
         iufo3)*cFT(g7,XX,iufo3,i3)/(d^3 + d^2 - 2*d)*flavourTag(fe,j11,j12)*
         Vec(nu9,q2)*Vec(nu10,q2)*Vec(nu13,q3)*p4.p4^2*xiw*xiz*ufoGC58^2*
         ufoGC76*ufoGC69
          - 1/4*g_(1,6_,nu10)*FT1*g_(1,q3)*g_(2,nu13)*FT2(g6)*cFT(nu9,XX,i2,
         iufo3)*cFT(g7,XX,iufo3,i3)/(d^3 + d^2 - 2*d)*flavourTag(fe,j11,j12)*
         Vec(nu9,q2)*Vec(nu10,q3)*Vec(nu13,q2)*p4.p4^2*d*xiw*xiz*ufoGC58^2*
         ufoGC76*ufoGC69
          + 1/4*g_(1,6_,nu10)*FT1*g_(1,q3)*g_(2,nu13)*FT2(g6)*cFT(nu9,XX,i2,
         iufo3)*cFT(g7,XX,iufo3,i3)/(d^3 + d^2 - 2*d)*flavourTag(fe,j11,j12)*
         Vec(nu9,q2)*Vec(nu10,q3)*Vec(nu13,q2)*p4.p4^2*xiw*xiz*ufoGC58^2*
         ufoGC76*ufoGC69
          - 1/4*g_(1,6_,nu10)*FT1*g_(1,q3)*g_(2,nu13)*FT2(g6)*cFT(nu9,XX,i2,
         iufo3)*cFT(g7,XX,iufo3,i3)/(d^3 + d^2 - 2*d)*flavourTag(fe,j11,j12)*
         Vec(nu9,q2)*Vec(nu10,q3)*Vec(nu13,q3)*p4.p4^2*d*xiw*xiz*ufoGC58^2*
         ufoGC76*ufoGC69
          + 1/4*g_(1,6_,nu10)*FT1*g_(1,q3)*g_(2,nu13)*FT2(g6)*cFT(nu9,XX,i2,
         iufo3)*cFT(g7,XX,iufo3,i3)/(d^3 + d^2 - 2*d)*flavourTag(fe,j11,j12)*
         Vec(nu9,q2)*Vec(nu10,q3)*Vec(nu13,q3)*p4.p4^2*xiw*xiz*ufoGC58^2*
         ufoGC76*ufoGC69
          - 1/4*g_(1,6_,nu10)*FT1*g_(1,q3)*g_(2,nu13)*FT2(g6)*cFT(nu9,XX,i2,
         iufo3)*cFT(g7,XX,iufo3,i3)/(d^3 + d^2 - 2*d)*flavourTag(fe,j11,j12)*
         Vec(nu9,q3)*Vec(nu10,q2)*Vec(nu13,q2)*p4.p4^2*d*xiw*xiz*ufoGC58^2*
         ufoGC76*ufoGC69
          + 1/4*g_(1,6_,nu10)*FT1*g_(1,q3)*g_(2,nu13)*FT2(g6)*cFT(nu9,XX,i2,
         iufo3)*cFT(g7,XX,iufo3,i3)/(d^3 + d^2 - 2*d)*flavourTag(fe,j11,j12)*
         Vec(nu9,q3)*Vec(nu10,q2)*Vec(nu13,q2)*p4.p4^2*xiw*xiz*ufoGC58^2*
         ufoGC76*ufoGC69
          - 1/4*g_(1,6_,nu10)*FT1*g_(1,q3)*g_(2,nu13)*FT2(g6)*cFT(nu9,XX,i2,
         iufo3)*cFT(g7,XX,iufo3,i3)/(d^3 + d^2 - 2*d)*flavourTag(fe,j11,j12)*
         Vec(nu9,q3)*Vec(nu10,q2)*Vec(nu13,q3)*p4.p4^2*d*xiw*xiz*ufoGC58^2*
         ufoGC76*ufoGC69
          + 1/4*g_(1,6_,nu10)*FT1*g_(1,q3)*g_(2,nu13)*FT2(g6)*cFT(nu9,XX,i2,
         iufo3)*cFT(g7,XX,iufo3,i3)/(d^3 + d^2 - 2*d)*flavourTag(fe,j11,j12)*
         Vec(nu9,q3)*Vec(nu10,q2)*Vec(nu13,q3)*p4.p4^2*xiw*xiz*ufoGC58^2*
         ufoGC76*ufoGC69
          - 1/4*g_(1,6_,nu10)*FT1*g_(1,q3)*g_(2,nu13)*FT2(g6)*cFT(nu9,XX,i2,
         iufo3)*cFT(g7,XX,iufo3,i3)/(d^3 + d^2 - 2*d)*flavourTag(fe,j11,j12)*
         Vec(nu9,q3)*Vec(nu10,q3)*Vec(nu13,q2)*p4.p4^2*d*xiw*xiz*ufoGC58^2*
         ufoGC76*ufoGC69
          + 1/4*g_(1,6_,nu10)*FT1*g_(1,q3)*g_(2,nu13)*FT2(g6)*cFT(nu9,XX,i2,
         iufo3)*cFT(g7,XX,iufo3,i3)/(d^3 + d^2 - 2*d)*flavourTag(fe,j11,j12)*
         Vec(nu9,q3)*Vec(nu10,q3)*Vec(nu13,q2)*p4.p4^2*xiw*xiz*ufoGC58^2*
         ufoGC76*ufoGC69
          - 1/4*g_(1,6_,nu10)*FT1*g_(1,q3)*g_(2,nu13)*FT2(g6)*cFT(nu9,XX,i2,
         iufo3)*cFT(g7,XX,iufo3,i3)/(d^3 + d^2 - 2*d)*flavourTag(fe,j11,j12)*
         Vec(nu9,q3)*Vec(nu10,q3)*Vec(nu13,q3)*p4.p4^2*d*xiw*xiz*ufoGC58^2*
         ufoGC76*ufoGC69
          + 1/4*g_(1,6_,nu10)*FT1*g_(1,q3)*g_(2,nu13)*FT2(g6)*cFT(nu9,XX,i2,
         iufo3)*cFT(g7,XX,iufo3,i3)/(d^3 + d^2 - 2*d)*flavourTag(fe,j11,j12)*
         Vec(nu9,q3)*Vec(nu10,q3)*Vec(nu13,q3)*p4.p4^2*xiw*xiz*ufoGC58^2*
         ufoGC76*ufoGC69
          + 1/8*g_(1,6_,nu13)*FT1*g_(1,p4)*g_(2,6_,nu14)*cFT(nu9,XX,i2,iufo3)*
         cFT(g7,XX,iufo3,i3)*flavourTag(fe,j11,j12)*Vec(nu14,q2)*Vec(nu9,q2)*
         Vec(nu10,q2)^2*Vec(nu13,q2)*p4.p4*d^-1*xiw*xiz*ufoGC58^2*ufoGC80*
         ufoGC69
          + 1/8*g_(1,6_,nu13)*FT1*g_(1,p4)*g_(2,6_,nu14)*cFT(nu9,XX,i2,iufo3)*
         cFT(g7,XX,iufo3,i3)*flavourTag(fe,j11,j12)*Vec(nu14,q2)*Vec(nu9,q2)*
         Vec(nu10,q2)^2*Vec(nu13,q3)*p4.p4*d^-1*xiw*xiz*ufoGC58^2*ufoGC80*
         ufoGC69
          + 1/4*g_(1,6_,nu13)*FT1*g_(1,p4)*g_(2,6_,nu14)*cFT(nu9,XX,i2,iufo3)*
         cFT(g7,XX,iufo3,i3)*flavourTag(fe,j11,j12)*Vec(nu14,q2)*Vec(nu9,q2)*
         Vec(nu10,q2)*Vec(nu10,q3)*Vec(nu13,q2)*p4.p4*d^-1*xiw*xiz*ufoGC58^2*
         ufoGC80*ufoGC69
          + 1/4*g_(1,6_,nu13)*FT1*g_(1,p4)*g_(2,6_,nu14)*cFT(nu9,XX,i2,iufo3)*
         cFT(g7,XX,iufo3,i3)*flavourTag(fe,j11,j12)*Vec(nu14,q2)*Vec(nu9,q2)*
         Vec(nu10,q2)*Vec(nu10,q3)*Vec(nu13,q3)*p4.p4*d^-1*xiw*xiz*ufoGC58^2*
         ufoGC80*ufoGC69
          + 1/8*g_(1,6_,nu13)*FT1*g_(1,p4)*g_(2,6_,nu14)*cFT(nu9,XX,i2,iufo3)*
         cFT(g7,XX,iufo3,i3)*flavourTag(fe,j11,j12)*Vec(nu14,q2)*Vec(nu9,q2)*
         Vec(nu10,q3)^2*Vec(nu13,q2)*p4.p4*d^-1*xiw*xiz*ufoGC58^2*ufoGC80*
         ufoGC69
          + 1/8*g_(1,6_,nu13)*FT1*g_(1,p4)*g_(2,6_,nu14)*cFT(nu9,XX,i2,iufo3)*
         cFT(g7,XX,iufo3,i3)*flavourTag(fe,j11,j12)*Vec(nu14,q2)*Vec(nu9,q2)*
         Vec(nu10,q3)^2*Vec(nu13,q3)*p4.p4*d^-1*xiw*xiz*ufoGC58^2*ufoGC80*
         ufoGC69
          - 1/8*g_(1,6_,nu13)*FT1*g_(1,p4)*g_(2,6_,nu14)*cFT(nu9,XX,i2,iufo3)*
         cFT(g7,XX,iufo3,i3)*flavourTag(fe,j11,j12)*Vec(nu14,q2)*Vec(nu9,q2)*
         Vec(nu13,q2)*p4.p4^2*d^-1*xiw*xiz*ufoGC58^2*ufoGC80*ufoGC69
          - 1/8*g_(1,6_,nu13)*FT1*g_(1,p4)*g_(2,6_,nu14)*cFT(nu9,XX,i2,iufo3)*
         cFT(g7,XX,iufo3,i3)*flavourTag(fe,j11,j12)*Vec(nu14,q2)*Vec(nu9,q2)*
         Vec(nu13,q3)*p4.p4^2*d^-1*xiw*xiz*ufoGC58^2*ufoGC80*ufoGC69
          + 1/8*g_(1,6_,nu13)*FT1*g_(1,p4)*g_(2,6_,nu14)*cFT(nu9,XX,i2,iufo3)*
         cFT(g7,XX,iufo3,i3)*flavourTag(fe,j11,j12)*Vec(nu14,q2)*Vec(nu9,q3)*
         Vec(nu10,q2)^2*Vec(nu13,q2)*p4.p4*d^-1*xiw*xiz*ufoGC58^2*ufoGC80*
         ufoGC69
          + 1/8*g_(1,6_,nu13)*FT1*g_(1,p4)*g_(2,6_,nu14)*cFT(nu9,XX,i2,iufo3)*
         cFT(g7,XX,iufo3,i3)*flavourTag(fe,j11,j12)*Vec(nu14,q2)*Vec(nu9,q3)*
         Vec(nu10,q2)^2*Vec(nu13,q3)*p4.p4*d^-1*xiw*xiz*ufoGC58^2*ufoGC80*
         ufoGC69
          + 1/4*g_(1,6_,nu13)*FT1*g_(1,p4)*g_(2,6_,nu14)*cFT(nu9,XX,i2,iufo3)*
         cFT(g7,XX,iufo3,i3)*flavourTag(fe,j11,j12)*Vec(nu14,q2)*Vec(nu9,q3)*
         Vec(nu10,q2)*Vec(nu10,q3)*Vec(nu13,q2)*p4.p4*d^-1*xiw*xiz*ufoGC58^2*
         ufoGC80*ufoGC69
          + 1/4*g_(1,6_,nu13)*FT1*g_(1,p4)*g_(2,6_,nu14)*cFT(nu9,XX,i2,iufo3)*
         cFT(g7,XX,iufo3,i3)*flavourTag(fe,j11,j12)*Vec(nu14,q2)*Vec(nu9,q3)*
         Vec(nu10,q2)*Vec(nu10,q3)*Vec(nu13,q3)*p4.p4*d^-1*xiw*xiz*ufoGC58^2*
         ufoGC80*ufoGC69
          + 1/8*g_(1,6_,nu13)*FT1*g_(1,p4)*g_(2,6_,nu14)*cFT(nu9,XX,i2,iufo3)*
         cFT(g7,XX,iufo3,i3)*flavourTag(fe,j11,j12)*Vec(nu14,q2)*Vec(nu9,q3)*
         Vec(nu10,q3)^2*Vec(nu13,q2)*p4.p4*d^-1*xiw*xiz*ufoGC58^2*ufoGC80*
         ufoGC69
          + 1/8*g_(1,6_,nu13)*FT1*g_(1,p4)*g_(2,6_,nu14)*cFT(nu9,XX,i2,iufo3)*
         cFT(g7,XX,iufo3,i3)*flavourTag(fe,j11,j12)*Vec(nu14,q2)*Vec(nu9,q3)*
         Vec(nu10,q3)^2*Vec(nu13,q3)*p4.p4*d^-1*xiw*xiz*ufoGC58^2*ufoGC80*
         ufoGC69
          - 1/8*g_(1,6_,nu13)*FT1*g_(1,p4)*g_(2,6_,nu14)*cFT(nu9,XX,i2,iufo3)*
         cFT(g7,XX,iufo3,i3)*flavourTag(fe,j11,j12)*Vec(nu14,q2)*Vec(nu9,q3)*
         Vec(nu13,q2)*p4.p4^2*d^-1*xiw*xiz*ufoGC58^2*ufoGC80*ufoGC69
          - 1/8*g_(1,6_,nu13)*FT1*g_(1,p4)*g_(2,6_,nu14)*cFT(nu9,XX,i2,iufo3)*
         cFT(g7,XX,iufo3,i3)*flavourTag(fe,j11,j12)*Vec(nu14,q2)*Vec(nu9,q3)*
         Vec(nu13,q3)*p4.p4^2*d^-1*xiw*xiz*ufoGC58^2*ufoGC80*ufoGC69
          + 1/8*g_(1,6_,nu13)*FT1*g_(1,p4)*g_(2,6_,nu14)*cFT(nu9,XX,i2,iufo3)*
         cFT(g7,XX,iufo3,i3)*flavourTag(fe,j11,j12)*Vec(nu14,q3)*Vec(nu9,q2)*
         Vec(nu10,q2)^2*Vec(nu13,q2)*p4.p4*d^-1*xiw*xiz*ufoGC58^2*ufoGC80*
         ufoGC69
          + 1/8*g_(1,6_,nu13)*FT1*g_(1,p4)*g_(2,6_,nu14)*cFT(nu9,XX,i2,iufo3)*
         cFT(g7,XX,iufo3,i3)*flavourTag(fe,j11,j12)*Vec(nu14,q3)*Vec(nu9,q2)*
         Vec(nu10,q2)^2*Vec(nu13,q3)*p4.p4*d^-1*xiw*xiz*ufoGC58^2*ufoGC80*
         ufoGC69
          + 1/4*g_(1,6_,nu13)*FT1*g_(1,p4)*g_(2,6_,nu14)*cFT(nu9,XX,i2,iufo3)*
         cFT(g7,XX,iufo3,i3)*flavourTag(fe,j11,j12)*Vec(nu14,q3)*Vec(nu9,q2)*
         Vec(nu10,q2)*Vec(nu10,q3)*Vec(nu13,q2)*p4.p4*d^-1*xiw*xiz*ufoGC58^2*
         ufoGC80*ufoGC69
          + 1/4*g_(1,6_,nu13)*FT1*g_(1,p4)*g_(2,6_,nu14)*cFT(nu9,XX,i2,iufo3)*
         cFT(g7,XX,iufo3,i3)*flavourTag(fe,j11,j12)*Vec(nu14,q3)*Vec(nu9,q2)*
         Vec(nu10,q2)*Vec(nu10,q3)*Vec(nu13,q3)*p4.p4*d^-1*xiw*xiz*ufoGC58^2*
         ufoGC80*ufoGC69
          + 1/8*g_(1,6_,nu13)*FT1*g_(1,p4)*g_(2,6_,nu14)*cFT(nu9,XX,i2,iufo3)*
         cFT(g7,XX,iufo3,i3)*flavourTag(fe,j11,j12)*Vec(nu14,q3)*Vec(nu9,q2)*
         Vec(nu10,q3)^2*Vec(nu13,q2)*p4.p4*d^-1*xiw*xiz*ufoGC58^2*ufoGC80*
         ufoGC69
          + 1/8*g_(1,6_,nu13)*FT1*g_(1,p4)*g_(2,6_,nu14)*cFT(nu9,XX,i2,iufo3)*
         cFT(g7,XX,iufo3,i3)*flavourTag(fe,j11,j12)*Vec(nu14,q3)*Vec(nu9,q2)*
         Vec(nu10,q3)^2*Vec(nu13,q3)*p4.p4*d^-1*xiw*xiz*ufoGC58^2*ufoGC80*
         ufoGC69
          - 1/8*g_(1,6_,nu13)*FT1*g_(1,p4)*g_(2,6_,nu14)*cFT(nu9,XX,i2,iufo3)*
         cFT(g7,XX,iufo3,i3)*flavourTag(fe,j11,j12)*Vec(nu14,q3)*Vec(nu9,q2)*
         Vec(nu13,q2)*p4.p4^2*d^-1*xiw*xiz*ufoGC58^2*ufoGC80*ufoGC69
          - 1/8*g_(1,6_,nu13)*FT1*g_(1,p4)*g_(2,6_,nu14)*cFT(nu9,XX,i2,iufo3)*
         cFT(g7,XX,iufo3,i3)*flavourTag(fe,j11,j12)*Vec(nu14,q3)*Vec(nu9,q2)*
         Vec(nu13,q3)*p4.p4^2*d^-1*xiw*xiz*ufoGC58^2*ufoGC80*ufoGC69
          + 1/8*g_(1,6_,nu13)*FT1*g_(1,p4)*g_(2,6_,nu14)*cFT(nu9,XX,i2,iufo3)*
         cFT(g7,XX,iufo3,i3)*flavourTag(fe,j11,j12)*Vec(nu14,q3)*Vec(nu9,q3)*
         Vec(nu10,q2)^2*Vec(nu13,q2)*p4.p4*d^-1*xiw*xiz*ufoGC58^2*ufoGC80*
         ufoGC69
          + 1/8*g_(1,6_,nu13)*FT1*g_(1,p4)*g_(2,6_,nu14)*cFT(nu9,XX,i2,iufo3)*
         cFT(g7,XX,iufo3,i3)*flavourTag(fe,j11,j12)*Vec(nu14,q3)*Vec(nu9,q3)*
         Vec(nu10,q2)^2*Vec(nu13,q3)*p4.p4*d^-1*xiw*xiz*ufoGC58^2*ufoGC80*
         ufoGC69
          + 1/4*g_(1,6_,nu13)*FT1*g_(1,p4)*g_(2,6_,nu14)*cFT(nu9,XX,i2,iufo3)*
         cFT(g7,XX,iufo3,i3)*flavourTag(fe,j11,j12)*Vec(nu14,q3)*Vec(nu9,q3)*
         Vec(nu10,q2)*Vec(nu10,q3)*Vec(nu13,q2)*p4.p4*d^-1*xiw*xiz*ufoGC58^2*
         ufoGC80*ufoGC69
          + 1/4*g_(1,6_,nu13)*FT1*g_(1,p4)*g_(2,6_,nu14)*cFT(nu9,XX,i2,iufo3)*
         cFT(g7,XX,iufo3,i3)*flavourTag(fe,j11,j12)*Vec(nu14,q3)*Vec(nu9,q3)*
         Vec(nu10,q2)*Vec(nu10,q3)*Vec(nu13,q3)*p4.p4*d^-1*xiw*xiz*ufoGC58^2*
         ufoGC80*ufoGC69
          + 1/8*g_(1,6_,nu13)*FT1*g_(1,p4)*g_(2,6_,nu14)*cFT(nu9,XX,i2,iufo3)*
         cFT(g7,XX,iufo3,i3)*flavourTag(fe,j11,j12)*Vec(nu14,q3)*Vec(nu9,q3)*
         Vec(nu10,q3)^2*Vec(nu13,q2)*p4.p4*d^-1*xiw*xiz*ufoGC58^2*ufoGC80*
         ufoGC69
          + 1/8*g_(1,6_,nu13)*FT1*g_(1,p4)*g_(2,6_,nu14)*cFT(nu9,XX,i2,iufo3)*
         cFT(g7,XX,iufo3,i3)*flavourTag(fe,j11,j12)*Vec(nu14,q3)*Vec(nu9,q3)*
         Vec(nu10,q3)^2*Vec(nu13,q3)*p4.p4*d^-1*xiw*xiz*ufoGC58^2*ufoGC80*
         ufoGC69
          - 1/8*g_(1,6_,nu13)*FT1*g_(1,p4)*g_(2,6_,nu14)*cFT(nu9,XX,i2,iufo3)*
         cFT(g7,XX,iufo3,i3)*flavourTag(fe,j11,j12)*Vec(nu14,q3)*Vec(nu9,q3)*
         Vec(nu13,q2)*p4.p4^2*d^-1*xiw*xiz*ufoGC58^2*ufoGC80*ufoGC69
          - 1/8*g_(1,6_,nu13)*FT1*g_(1,p4)*g_(2,6_,nu14)*cFT(nu9,XX,i2,iufo3)*
         cFT(g7,XX,iufo3,i3)*flavourTag(fe,j11,j12)*Vec(nu14,q3)*Vec(nu9,q3)*
         Vec(nu13,q3)*p4.p4^2*d^-1*xiw*xiz*ufoGC58^2*ufoGC80*ufoGC69
          + 1/4*g_(1,6_,nu13)*FT1*g_(1,p4)*g_(2,6_,nu10)*cFT(nu9,XX,i2,iufo3)*
         cFT(g7,XX,iufo3,i3)/(d^3 + d^2 - 2*d)*flavourTag(fe,j11,j12)*Vec(nu9,
         q2)*Vec(nu10,q2)*Vec(nu13,q2)*p4.p4^2*d*xiw*xiz*ufoGC58^2*ufoGC80*
         ufoGC69
          - 1/4*g_(1,6_,nu13)*FT1*g_(1,p4)*g_(2,6_,nu10)*cFT(nu9,XX,i2,iufo3)*
         cFT(g7,XX,iufo3,i3)/(d^3 + d^2 - 2*d)*flavourTag(fe,j11,j12)*Vec(nu9,
         q2)*Vec(nu10,q2)*Vec(nu13,q2)*p4.p4^2*xiw*xiz*ufoGC58^2*ufoGC80*
         ufoGC69
          + 1/4*g_(1,6_,nu13)*FT1*g_(1,p4)*g_(2,6_,nu10)*cFT(nu9,XX,i2,iufo3)*
         cFT(g7,XX,iufo3,i3)/(d^3 + d^2 - 2*d)*flavourTag(fe,j11,j12)*Vec(nu9,
         q2)*Vec(nu10,q2)*Vec(nu13,q3)*p4.p4^2*d*xiw*xiz*ufoGC58^2*ufoGC80*
         ufoGC69
          - 1/4*g_(1,6_,nu13)*FT1*g_(1,p4)*g_(2,6_,nu10)*cFT(nu9,XX,i2,iufo3)*
         cFT(g7,XX,iufo3,i3)/(d^3 + d^2 - 2*d)*flavourTag(fe,j11,j12)*Vec(nu9,
         q2)*Vec(nu10,q2)*Vec(nu13,q3)*p4.p4^2*xiw*xiz*ufoGC58^2*ufoGC80*
         ufoGC69
          + 1/4*g_(1,6_,nu13)*FT1*g_(1,p4)*g_(2,6_,nu10)*cFT(nu9,XX,i2,iufo3)*
         cFT(g7,XX,iufo3,i3)/(d^3 + d^2 - 2*d)*flavourTag(fe,j11,j12)*Vec(nu9,
         q2)*Vec(nu10,q3)*Vec(nu13,q2)*p4.p4^2*d*xiw*xiz*ufoGC58^2*ufoGC80*
         ufoGC69
          - 1/4*g_(1,6_,nu13)*FT1*g_(1,p4)*g_(2,6_,nu10)*cFT(nu9,XX,i2,iufo3)*
         cFT(g7,XX,iufo3,i3)/(d^3 + d^2 - 2*d)*flavourTag(fe,j11,j12)*Vec(nu9,
         q2)*Vec(nu10,q3)*Vec(nu13,q2)*p4.p4^2*xiw*xiz*ufoGC58^2*ufoGC80*
         ufoGC69
          + 1/4*g_(1,6_,nu13)*FT1*g_(1,p4)*g_(2,6_,nu10)*cFT(nu9,XX,i2,iufo3)*
         cFT(g7,XX,iufo3,i3)/(d^3 + d^2 - 2*d)*flavourTag(fe,j11,j12)*Vec(nu9,
         q2)*Vec(nu10,q3)*Vec(nu13,q3)*p4.p4^2*d*xiw*xiz*ufoGC58^2*ufoGC80*
         ufoGC69
          - 1/4*g_(1,6_,nu13)*FT1*g_(1,p4)*g_(2,6_,nu10)*cFT(nu9,XX,i2,iufo3)*
         cFT(g7,XX,iufo3,i3)/(d^3 + d^2 - 2*d)*flavourTag(fe,j11,j12)*Vec(nu9,
         q2)*Vec(nu10,q3)*Vec(nu13,q3)*p4.p4^2*xiw*xiz*ufoGC58^2*ufoGC80*
         ufoGC69
          + 1/4*g_(1,6_,nu13)*FT1*g_(1,p4)*g_(2,6_,nu10)*cFT(nu9,XX,i2,iufo3)*
         cFT(g7,XX,iufo3,i3)/(d^3 + d^2 - 2*d)*flavourTag(fe,j11,j12)*Vec(nu9,
         q3)*Vec(nu10,q2)*Vec(nu13,q2)*p4.p4^2*d*xiw*xiz*ufoGC58^2*ufoGC80*
         ufoGC69
          - 1/4*g_(1,6_,nu13)*FT1*g_(1,p4)*g_(2,6_,nu10)*cFT(nu9,XX,i2,iufo3)*
         cFT(g7,XX,iufo3,i3)/(d^3 + d^2 - 2*d)*flavourTag(fe,j11,j12)*Vec(nu9,
         q3)*Vec(nu10,q2)*Vec(nu13,q2)*p4.p4^2*xiw*xiz*ufoGC58^2*ufoGC80*
         ufoGC69
          + 1/4*g_(1,6_,nu13)*FT1*g_(1,p4)*g_(2,6_,nu10)*cFT(nu9,XX,i2,iufo3)*
         cFT(g7,XX,iufo3,i3)/(d^3 + d^2 - 2*d)*flavourTag(fe,j11,j12)*Vec(nu9,
         q3)*Vec(nu10,q2)*Vec(nu13,q3)*p4.p4^2*d*xiw*xiz*ufoGC58^2*ufoGC80*
         ufoGC69
          - 1/4*g_(1,6_,nu13)*FT1*g_(1,p4)*g_(2,6_,nu10)*cFT(nu9,XX,i2,iufo3)*
         cFT(g7,XX,iufo3,i3)/(d^3 + d^2 - 2*d)*flavourTag(fe,j11,j12)*Vec(nu9,
         q3)*Vec(nu10,q2)*Vec(nu13,q3)*p4.p4^2*xiw*xiz*ufoGC58^2*ufoGC80*
         ufoGC69
          + 1/4*g_(1,6_,nu13)*FT1*g_(1,p4)*g_(2,6_,nu10)*cFT(nu9,XX,i2,iufo3)*
         cFT(g7,XX,iufo3,i3)/(d^3 + d^2 - 2*d)*flavourTag(fe,j11,j12)*Vec(nu9,
         q3)*Vec(nu10,q3)*Vec(nu13,q2)*p4.p4^2*d*xiw*xiz*ufoGC58^2*ufoGC80*
         ufoGC69
          - 1/4*g_(1,6_,nu13)*FT1*g_(1,p4)*g_(2,6_,nu10)*cFT(nu9,XX,i2,iufo3)*
         cFT(g7,XX,iufo3,i3)/(d^3 + d^2 - 2*d)*flavourTag(fe,j11,j12)*Vec(nu9,
         q3)*Vec(nu10,q3)*Vec(nu13,q2)*p4.p4^2*xiw*xiz*ufoGC58^2*ufoGC80*
         ufoGC69
          + 1/4*g_(1,6_,nu13)*FT1*g_(1,p4)*g_(2,6_,nu10)*cFT(nu9,XX,i2,iufo3)*
         cFT(g7,XX,iufo3,i3)/(d^3 + d^2 - 2*d)*flavourTag(fe,j11,j12)*Vec(nu9,
         q3)*Vec(nu10,q3)*Vec(nu13,q3)*p4.p4^2*d*xiw*xiz*ufoGC58^2*ufoGC80*
         ufoGC69
          - 1/4*g_(1,6_,nu13)*FT1*g_(1,p4)*g_(2,6_,nu10)*cFT(nu9,XX,i2,iufo3)*
         cFT(g7,XX,iufo3,i3)/(d^3 + d^2 - 2*d)*flavourTag(fe,j11,j12)*Vec(nu9,
         q3)*Vec(nu10,q3)*Vec(nu13,q3)*p4.p4^2*xiw*xiz*ufoGC58^2*ufoGC80*
         ufoGC69
          - 1/4*g_(1,6_,nu13)*FT1*g_(1,p4)*g_(2,6_,nu15)*cFT(nu9,XX,i2,iufo3)*
         cFT(g7,XX,iufo3,i3)/(d^3 + d^2 - 2*d)*flavourTag(fe,j11,j12)*Vec(nu9,
         q2)*Vec(nu13,q2)*Vec(nu15,q2)*p4.p4^2*d*xiw*xiz*ufoGC58^2*ufoGC80*
         ufoGC69
          + 1/4*g_(1,6_,nu13)*FT1*g_(1,p4)*g_(2,6_,nu15)*cFT(nu9,XX,i2,iufo3)*
         cFT(g7,XX,iufo3,i3)/(d^3 + d^2 - 2*d)*flavourTag(fe,j11,j12)*Vec(nu9,
         q2)*Vec(nu13,q2)*Vec(nu15,q2)*p4.p4^2*xiw*xiz*ufoGC58^2*ufoGC80*
         ufoGC69
          - 1/4*g_(1,6_,nu13)*FT1*g_(1,p4)*g_(2,6_,nu15)*cFT(nu9,XX,i2,iufo3)*
         cFT(g7,XX,iufo3,i3)/(d^3 + d^2 - 2*d)*flavourTag(fe,j11,j12)*Vec(nu9,
         q2)*Vec(nu13,q2)*Vec(nu15,q3)*p4.p4^2*d*xiw*xiz*ufoGC58^2*ufoGC80*
         ufoGC69
          + 1/4*g_(1,6_,nu13)*FT1*g_(1,p4)*g_(2,6_,nu15)*cFT(nu9,XX,i2,iufo3)*
         cFT(g7,XX,iufo3,i3)/(d^3 + d^2 - 2*d)*flavourTag(fe,j11,j12)*Vec(nu9,
         q2)*Vec(nu13,q2)*Vec(nu15,q3)*p4.p4^2*xiw*xiz*ufoGC58^2*ufoGC80*
         ufoGC69
          - 1/4*g_(1,6_,nu13)*FT1*g_(1,p4)*g_(2,6_,nu15)*cFT(nu9,XX,i2,iufo3)*
         cFT(g7,XX,iufo3,i3)/(d^3 + d^2 - 2*d)*flavourTag(fe,j11,j12)*Vec(nu9,
         q2)*Vec(nu13,q3)*Vec(nu15,q2)*p4.p4^2*d*xiw*xiz*ufoGC58^2*ufoGC80*
         ufoGC69
          + 1/4*g_(1,6_,nu13)*FT1*g_(1,p4)*g_(2,6_,nu15)*cFT(nu9,XX,i2,iufo3)*
         cFT(g7,XX,iufo3,i3)/(d^3 + d^2 - 2*d)*flavourTag(fe,j11,j12)*Vec(nu9,
         q2)*Vec(nu13,q3)*Vec(nu15,q2)*p4.p4^2*xiw*xiz*ufoGC58^2*ufoGC80*
         ufoGC69
          - 1/4*g_(1,6_,nu13)*FT1*g_(1,p4)*g_(2,6_,nu15)*cFT(nu9,XX,i2,iufo3)*
         cFT(g7,XX,iufo3,i3)/(d^3 + d^2 - 2*d)*flavourTag(fe,j11,j12)*Vec(nu9,
         q2)*Vec(nu13,q3)*Vec(nu15,q3)*p4.p4^2*d*xiw*xiz*ufoGC58^2*ufoGC80*
         ufoGC69
          + 1/4*g_(1,6_,nu13)*FT1*g_(1,p4)*g_(2,6_,nu15)*cFT(nu9,XX,i2,iufo3)*
         cFT(g7,XX,iufo3,i3)/(d^3 + d^2 - 2*d)*flavourTag(fe,j11,j12)*Vec(nu9,
         q2)*Vec(nu13,q3)*Vec(nu15,q3)*p4.p4^2*xiw*xiz*ufoGC58^2*ufoGC80*
         ufoGC69
          - 1/4*g_(1,6_,nu13)*FT1*g_(1,p4)*g_(2,6_,nu15)*cFT(nu9,XX,i2,iufo3)*
         cFT(g7,XX,iufo3,i3)/(d^3 + d^2 - 2*d)*flavourTag(fe,j11,j12)*Vec(nu9,
         q3)*Vec(nu13,q2)*Vec(nu15,q2)*p4.p4^2*d*xiw*xiz*ufoGC58^2*ufoGC80*
         ufoGC69
          + 1/4*g_(1,6_,nu13)*FT1*g_(1,p4)*g_(2,6_,nu15)*cFT(nu9,XX,i2,iufo3)*
         cFT(g7,XX,iufo3,i3)/(d^3 + d^2 - 2*d)*flavourTag(fe,j11,j12)*Vec(nu9,
         q3)*Vec(nu13,q2)*Vec(nu15,q2)*p4.p4^2*xiw*xiz*ufoGC58^2*ufoGC80*
         ufoGC69
          - 1/4*g_(1,6_,nu13)*FT1*g_(1,p4)*g_(2,6_,nu15)*cFT(nu9,XX,i2,iufo3)*
         cFT(g7,XX,iufo3,i3)/(d^3 + d^2 - 2*d)*flavourTag(fe,j11,j12)*Vec(nu9,
         q3)*Vec(nu13,q2)*Vec(nu15,q3)*p4.p4^2*d*xiw*xiz*ufoGC58^2*ufoGC80*
         ufoGC69
          + 1/4*g_(1,6_,nu13)*FT1*g_(1,p4)*g_(2,6_,nu15)*cFT(nu9,XX,i2,iufo3)*
         cFT(g7,XX,iufo3,i3)/(d^3 + d^2 - 2*d)*flavourTag(fe,j11,j12)*Vec(nu9,
         q3)*Vec(nu13,q2)*Vec(nu15,q3)*p4.p4^2*xiw*xiz*ufoGC58^2*ufoGC80*
         ufoGC69
          - 1/4*g_(1,6_,nu13)*FT1*g_(1,p4)*g_(2,6_,nu15)*cFT(nu9,XX,i2,iufo3)*
         cFT(g7,XX,iufo3,i3)/(d^3 + d^2 - 2*d)*flavourTag(fe,j11,j12)*Vec(nu9,
         q3)*Vec(nu13,q3)*Vec(nu15,q2)*p4.p4^2*d*xiw*xiz*ufoGC58^2*ufoGC80*
         ufoGC69
          + 1/4*g_(1,6_,nu13)*FT1*g_(1,p4)*g_(2,6_,nu15)*cFT(nu9,XX,i2,iufo3)*
         cFT(g7,XX,iufo3,i3)/(d^3 + d^2 - 2*d)*flavourTag(fe,j11,j12)*Vec(nu9,
         q3)*Vec(nu13,q3)*Vec(nu15,q2)*p4.p4^2*xiw*xiz*ufoGC58^2*ufoGC80*
         ufoGC69
          - 1/4*g_(1,6_,nu13)*FT1*g_(1,p4)*g_(2,6_,nu15)*cFT(nu9,XX,i2,iufo3)*
         cFT(g7,XX,iufo3,i3)/(d^3 + d^2 - 2*d)*flavourTag(fe,j11,j12)*Vec(nu9,
         q3)*Vec(nu13,q3)*Vec(nu15,q3)*p4.p4^2*d*xiw*xiz*ufoGC58^2*ufoGC80*
         ufoGC69
          + 1/4*g_(1,6_,nu13)*FT1*g_(1,p4)*g_(2,6_,nu15)*cFT(nu9,XX,i2,iufo3)*
         cFT(g7,XX,iufo3,i3)/(d^3 + d^2 - 2*d)*flavourTag(fe,j11,j12)*Vec(nu9,
         q3)*Vec(nu13,q3)*Vec(nu15,q3)*p4.p4^2*xiw*xiz*ufoGC58^2*ufoGC80*
         ufoGC69
          + 1/8*g_(1,6_,nu13)*FT1*g_(1,p4)*g_(2,nu14)*FT2(g6)*cFT(nu9,XX,i2,
         iufo3)*cFT(g7,XX,iufo3,i3)*flavourTag(fe,j11,j12)*Vec(nu14,q2)*Vec(
         nu9,q2)*Vec(nu10,q2)^2*Vec(nu13,q2)*p4.p4*d^-1*xiw*xiz*ufoGC58^2*
         ufoGC76*ufoGC69
          + 1/8*g_(1,6_,nu13)*FT1*g_(1,p4)*g_(2,nu14)*FT2(g6)*cFT(nu9,XX,i2,
         iufo3)*cFT(g7,XX,iufo3,i3)*flavourTag(fe,j11,j12)*Vec(nu14,q2)*Vec(
         nu9,q2)*Vec(nu10,q2)^2*Vec(nu13,q3)*p4.p4*d^-1*xiw*xiz*ufoGC58^2*
         ufoGC76*ufoGC69
          + 1/4*g_(1,6_,nu13)*FT1*g_(1,p4)*g_(2,nu14)*FT2(g6)*cFT(nu9,XX,i2,
         iufo3)*cFT(g7,XX,iufo3,i3)*flavourTag(fe,j11,j12)*Vec(nu14,q2)*Vec(
         nu9,q2)*Vec(nu10,q2)*Vec(nu10,q3)*Vec(nu13,q2)*p4.p4*d^-1*xiw*xiz*
         ufoGC58^2*ufoGC76*ufoGC69
          + 1/4*g_(1,6_,nu13)*FT1*g_(1,p4)*g_(2,nu14)*FT2(g6)*cFT(nu9,XX,i2,
         iufo3)*cFT(g7,XX,iufo3,i3)*flavourTag(fe,j11,j12)*Vec(nu14,q2)*Vec(
         nu9,q2)*Vec(nu10,q2)*Vec(nu10,q3)*Vec(nu13,q3)*p4.p4*d^-1*xiw*xiz*
         ufoGC58^2*ufoGC76*ufoGC69
          + 1/8*g_(1,6_,nu13)*FT1*g_(1,p4)*g_(2,nu14)*FT2(g6)*cFT(nu9,XX,i2,
         iufo3)*cFT(g7,XX,iufo3,i3)*flavourTag(fe,j11,j12)*Vec(nu14,q2)*Vec(
         nu9,q2)*Vec(nu10,q3)^2*Vec(nu13,q2)*p4.p4*d^-1*xiw*xiz*ufoGC58^2*
         ufoGC76*ufoGC69
          + 1/8*g_(1,6_,nu13)*FT1*g_(1,p4)*g_(2,nu14)*FT2(g6)*cFT(nu9,XX,i2,
         iufo3)*cFT(g7,XX,iufo3,i3)*flavourTag(fe,j11,j12)*Vec(nu14,q2)*Vec(
         nu9,q2)*Vec(nu10,q3)^2*Vec(nu13,q3)*p4.p4*d^-1*xiw*xiz*ufoGC58^2*
         ufoGC76*ufoGC69
          - 1/8*g_(1,6_,nu13)*FT1*g_(1,p4)*g_(2,nu14)*FT2(g6)*cFT(nu9,XX,i2,
         iufo3)*cFT(g7,XX,iufo3,i3)*flavourTag(fe,j11,j12)*Vec(nu14,q2)*Vec(
         nu9,q2)*Vec(nu13,q2)*p4.p4^2*d^-1*xiw*xiz*ufoGC58^2*ufoGC76*ufoGC69
          - 1/8*g_(1,6_,nu13)*FT1*g_(1,p4)*g_(2,nu14)*FT2(g6)*cFT(nu9,XX,i2,
         iufo3)*cFT(g7,XX,iufo3,i3)*flavourTag(fe,j11,j12)*Vec(nu14,q2)*Vec(
         nu9,q2)*Vec(nu13,q3)*p4.p4^2*d^-1*xiw*xiz*ufoGC58^2*ufoGC76*ufoGC69
          + 1/8*g_(1,6_,nu13)*FT1*g_(1,p4)*g_(2,nu14)*FT2(g6)*cFT(nu9,XX,i2,
         iufo3)*cFT(g7,XX,iufo3,i3)*flavourTag(fe,j11,j12)*Vec(nu14,q2)*Vec(
         nu9,q3)*Vec(nu10,q2)^2*Vec(nu13,q2)*p4.p4*d^-1*xiw*xiz*ufoGC58^2*
         ufoGC76*ufoGC69
          + 1/8*g_(1,6_,nu13)*FT1*g_(1,p4)*g_(2,nu14)*FT2(g6)*cFT(nu9,XX,i2,
         iufo3)*cFT(g7,XX,iufo3,i3)*flavourTag(fe,j11,j12)*Vec(nu14,q2)*Vec(
         nu9,q3)*Vec(nu10,q2)^2*Vec(nu13,q3)*p4.p4*d^-1*xiw*xiz*ufoGC58^2*
         ufoGC76*ufoGC69
          + 1/4*g_(1,6_,nu13)*FT1*g_(1,p4)*g_(2,nu14)*FT2(g6)*cFT(nu9,XX,i2,
         iufo3)*cFT(g7,XX,iufo3,i3)*flavourTag(fe,j11,j12)*Vec(nu14,q2)*Vec(
         nu9,q3)*Vec(nu10,q2)*Vec(nu10,q3)*Vec(nu13,q2)*p4.p4*d^-1*xiw*xiz*
         ufoGC58^2*ufoGC76*ufoGC69
          + 1/4*g_(1,6_,nu13)*FT1*g_(1,p4)*g_(2,nu14)*FT2(g6)*cFT(nu9,XX,i2,
         iufo3)*cFT(g7,XX,iufo3,i3)*flavourTag(fe,j11,j12)*Vec(nu14,q2)*Vec(
         nu9,q3)*Vec(nu10,q2)*Vec(nu10,q3)*Vec(nu13,q3)*p4.p4*d^-1*xiw*xiz*
         ufoGC58^2*ufoGC76*ufoGC69
          + 1/8*g_(1,6_,nu13)*FT1*g_(1,p4)*g_(2,nu14)*FT2(g6)*cFT(nu9,XX,i2,
         iufo3)*cFT(g7,XX,iufo3,i3)*flavourTag(fe,j11,j12)*Vec(nu14,q2)*Vec(
         nu9,q3)*Vec(nu10,q3)^2*Vec(nu13,q2)*p4.p4*d^-1*xiw*xiz*ufoGC58^2*
         ufoGC76*ufoGC69
          + 1/8*g_(1,6_,nu13)*FT1*g_(1,p4)*g_(2,nu14)*FT2(g6)*cFT(nu9,XX,i2,
         iufo3)*cFT(g7,XX,iufo3,i3)*flavourTag(fe,j11,j12)*Vec(nu14,q2)*Vec(
         nu9,q3)*Vec(nu10,q3)^2*Vec(nu13,q3)*p4.p4*d^-1*xiw*xiz*ufoGC58^2*
         ufoGC76*ufoGC69
          - 1/8*g_(1,6_,nu13)*FT1*g_(1,p4)*g_(2,nu14)*FT2(g6)*cFT(nu9,XX,i2,
         iufo3)*cFT(g7,XX,iufo3,i3)*flavourTag(fe,j11,j12)*Vec(nu14,q2)*Vec(
         nu9,q3)*Vec(nu13,q2)*p4.p4^2*d^-1*xiw*xiz*ufoGC58^2*ufoGC76*ufoGC69
          - 1/8*g_(1,6_,nu13)*FT1*g_(1,p4)*g_(2,nu14)*FT2(g6)*cFT(nu9,XX,i2,
         iufo3)*cFT(g7,XX,iufo3,i3)*flavourTag(fe,j11,j12)*Vec(nu14,q2)*Vec(
         nu9,q3)*Vec(nu13,q3)*p4.p4^2*d^-1*xiw*xiz*ufoGC58^2*ufoGC76*ufoGC69
          + 1/8*g_(1,6_,nu13)*FT1*g_(1,p4)*g_(2,nu14)*FT2(g6)*cFT(nu9,XX,i2,
         iufo3)*cFT(g7,XX,iufo3,i3)*flavourTag(fe,j11,j12)*Vec(nu14,q3)*Vec(
         nu9,q2)*Vec(nu10,q2)^2*Vec(nu13,q2)*p4.p4*d^-1*xiw*xiz*ufoGC58^2*
         ufoGC76*ufoGC69
          + 1/8*g_(1,6_,nu13)*FT1*g_(1,p4)*g_(2,nu14)*FT2(g6)*cFT(nu9,XX,i2,
         iufo3)*cFT(g7,XX,iufo3,i3)*flavourTag(fe,j11,j12)*Vec(nu14,q3)*Vec(
         nu9,q2)*Vec(nu10,q2)^2*Vec(nu13,q3)*p4.p4*d^-1*xiw*xiz*ufoGC58^2*
         ufoGC76*ufoGC69
          + 1/4*g_(1,6_,nu13)*FT1*g_(1,p4)*g_(2,nu14)*FT2(g6)*cFT(nu9,XX,i2,
         iufo3)*cFT(g7,XX,iufo3,i3)*flavourTag(fe,j11,j12)*Vec(nu14,q3)*Vec(
         nu9,q2)*Vec(nu10,q2)*Vec(nu10,q3)*Vec(nu13,q2)*p4.p4*d^-1*xiw*xiz*
         ufoGC58^2*ufoGC76*ufoGC69
          + 1/4*g_(1,6_,nu13)*FT1*g_(1,p4)*g_(2,nu14)*FT2(g6)*cFT(nu9,XX,i2,
         iufo3)*cFT(g7,XX,iufo3,i3)*flavourTag(fe,j11,j12)*Vec(nu14,q3)*Vec(
         nu9,q2)*Vec(nu10,q2)*Vec(nu10,q3)*Vec(nu13,q3)*p4.p4*d^-1*xiw*xiz*
         ufoGC58^2*ufoGC76*ufoGC69
          + 1/8*g_(1,6_,nu13)*FT1*g_(1,p4)*g_(2,nu14)*FT2(g6)*cFT(nu9,XX,i2,
         iufo3)*cFT(g7,XX,iufo3,i3)*flavourTag(fe,j11,j12)*Vec(nu14,q3)*Vec(
         nu9,q2)*Vec(nu10,q3)^2*Vec(nu13,q2)*p4.p4*d^-1*xiw*xiz*ufoGC58^2*
         ufoGC76*ufoGC69
          + 1/8*g_(1,6_,nu13)*FT1*g_(1,p4)*g_(2,nu14)*FT2(g6)*cFT(nu9,XX,i2,
         iufo3)*cFT(g7,XX,iufo3,i3)*flavourTag(fe,j11,j12)*Vec(nu14,q3)*Vec(
         nu9,q2)*Vec(nu10,q3)^2*Vec(nu13,q3)*p4.p4*d^-1*xiw*xiz*ufoGC58^2*
         ufoGC76*ufoGC69
          - 1/8*g_(1,6_,nu13)*FT1*g_(1,p4)*g_(2,nu14)*FT2(g6)*cFT(nu9,XX,i2,
         iufo3)*cFT(g7,XX,iufo3,i3)*flavourTag(fe,j11,j12)*Vec(nu14,q3)*Vec(
         nu9,q2)*Vec(nu13,q2)*p4.p4^2*d^-1*xiw*xiz*ufoGC58^2*ufoGC76*ufoGC69
          - 1/8*g_(1,6_,nu13)*FT1*g_(1,p4)*g_(2,nu14)*FT2(g6)*cFT(nu9,XX,i2,
         iufo3)*cFT(g7,XX,iufo3,i3)*flavourTag(fe,j11,j12)*Vec(nu14,q3)*Vec(
         nu9,q2)*Vec(nu13,q3)*p4.p4^2*d^-1*xiw*xiz*ufoGC58^2*ufoGC76*ufoGC69
          + 1/8*g_(1,6_,nu13)*FT1*g_(1,p4)*g_(2,nu14)*FT2(g6)*cFT(nu9,XX,i2,
         iufo3)*cFT(g7,XX,iufo3,i3)*flavourTag(fe,j11,j12)*Vec(nu14,q3)*Vec(
         nu9,q3)*Vec(nu10,q2)^2*Vec(nu13,q2)*p4.p4*d^-1*xiw*xiz*ufoGC58^2*
         ufoGC76*ufoGC69
          + 1/8*g_(1,6_,nu13)*FT1*g_(1,p4)*g_(2,nu14)*FT2(g6)*cFT(nu9,XX,i2,
         iufo3)*cFT(g7,XX,iufo3,i3)*flavourTag(fe,j11,j12)*Vec(nu14,q3)*Vec(
         nu9,q3)*Vec(nu10,q2)^2*Vec(nu13,q3)*p4.p4*d^-1*xiw*xiz*ufoGC58^2*
         ufoGC76*ufoGC69
          + 1/4*g_(1,6_,nu13)*FT1*g_(1,p4)*g_(2,nu14)*FT2(g6)*cFT(nu9,XX,i2,
         iufo3)*cFT(g7,XX,iufo3,i3)*flavourTag(fe,j11,j12)*Vec(nu14,q3)*Vec(
         nu9,q3)*Vec(nu10,q2)*Vec(nu10,q3)*Vec(nu13,q2)*p4.p4*d^-1*xiw*xiz*
         ufoGC58^2*ufoGC76*ufoGC69
          + 1/4*g_(1,6_,nu13)*FT1*g_(1,p4)*g_(2,nu14)*FT2(g6)*cFT(nu9,XX,i2,
         iufo3)*cFT(g7,XX,iufo3,i3)*flavourTag(fe,j11,j12)*Vec(nu14,q3)*Vec(
         nu9,q3)*Vec(nu10,q2)*Vec(nu10,q3)*Vec(nu13,q3)*p4.p4*d^-1*xiw*xiz*
         ufoGC58^2*ufoGC76*ufoGC69
          + 1/8*g_(1,6_,nu13)*FT1*g_(1,p4)*g_(2,nu14)*FT2(g6)*cFT(nu9,XX,i2,
         iufo3)*cFT(g7,XX,iufo3,i3)*flavourTag(fe,j11,j12)*Vec(nu14,q3)*Vec(
         nu9,q3)*Vec(nu10,q3)^2*Vec(nu13,q2)*p4.p4*d^-1*xiw*xiz*ufoGC58^2*
         ufoGC76*ufoGC69
          + 1/8*g_(1,6_,nu13)*FT1*g_(1,p4)*g_(2,nu14)*FT2(g6)*cFT(nu9,XX,i2,
         iufo3)*cFT(g7,XX,iufo3,i3)*flavourTag(fe,j11,j12)*Vec(nu14,q3)*Vec(
         nu9,q3)*Vec(nu10,q3)^2*Vec(nu13,q3)*p4.p4*d^-1*xiw*xiz*ufoGC58^2*
         ufoGC76*ufoGC69
          - 1/8*g_(1,6_,nu13)*FT1*g_(1,p4)*g_(2,nu14)*FT2(g6)*cFT(nu9,XX,i2,
         iufo3)*cFT(g7,XX,iufo3,i3)*flavourTag(fe,j11,j12)*Vec(nu14,q3)*Vec(
         nu9,q3)*Vec(nu13,q2)*p4.p4^2*d^-1*xiw*xiz*ufoGC58^2*ufoGC76*ufoGC69
          - 1/8*g_(1,6_,nu13)*FT1*g_(1,p4)*g_(2,nu14)*FT2(g6)*cFT(nu9,XX,i2,
         iufo3)*cFT(g7,XX,iufo3,i3)*flavourTag(fe,j11,j12)*Vec(nu14,q3)*Vec(
         nu9,q3)*Vec(nu13,q3)*p4.p4^2*d^-1*xiw*xiz*ufoGC58^2*ufoGC76*ufoGC69
          + 1/4*g_(1,6_,nu13)*FT1*g_(1,p4)*g_(2,nu10)*FT2(g6)*cFT(nu9,XX,i2,
         iufo3)*cFT(g7,XX,iufo3,i3)/(d^3 + d^2 - 2*d)*flavourTag(fe,j11,j12)*
         Vec(nu9,q2)*Vec(nu10,q2)*Vec(nu13,q2)*p4.p4^2*d*xiw*xiz*ufoGC58^2*
         ufoGC76*ufoGC69
          - 1/4*g_(1,6_,nu13)*FT1*g_(1,p4)*g_(2,nu10)*FT2(g6)*cFT(nu9,XX,i2,
         iufo3)*cFT(g7,XX,iufo3,i3)/(d^3 + d^2 - 2*d)*flavourTag(fe,j11,j12)*
         Vec(nu9,q2)*Vec(nu10,q2)*Vec(nu13,q2)*p4.p4^2*xiw*xiz*ufoGC58^2*
         ufoGC76*ufoGC69
          + 1/4*g_(1,6_,nu13)*FT1*g_(1,p4)*g_(2,nu10)*FT2(g6)*cFT(nu9,XX,i2,
         iufo3)*cFT(g7,XX,iufo3,i3)/(d^3 + d^2 - 2*d)*flavourTag(fe,j11,j12)*
         Vec(nu9,q2)*Vec(nu10,q2)*Vec(nu13,q3)*p4.p4^2*d*xiw*xiz*ufoGC58^2*
         ufoGC76*ufoGC69
          - 1/4*g_(1,6_,nu13)*FT1*g_(1,p4)*g_(2,nu10)*FT2(g6)*cFT(nu9,XX,i2,
         iufo3)*cFT(g7,XX,iufo3,i3)/(d^3 + d^2 - 2*d)*flavourTag(fe,j11,j12)*
         Vec(nu9,q2)*Vec(nu10,q2)*Vec(nu13,q3)*p4.p4^2*xiw*xiz*ufoGC58^2*
         ufoGC76*ufoGC69
          + 1/4*g_(1,6_,nu13)*FT1*g_(1,p4)*g_(2,nu10)*FT2(g6)*cFT(nu9,XX,i2,
         iufo3)*cFT(g7,XX,iufo3,i3)/(d^3 + d^2 - 2*d)*flavourTag(fe,j11,j12)*
         Vec(nu9,q2)*Vec(nu10,q3)*Vec(nu13,q2)*p4.p4^2*d*xiw*xiz*ufoGC58^2*
         ufoGC76*ufoGC69
          - 1/4*g_(1,6_,nu13)*FT1*g_(1,p4)*g_(2,nu10)*FT2(g6)*cFT(nu9,XX,i2,
         iufo3)*cFT(g7,XX,iufo3,i3)/(d^3 + d^2 - 2*d)*flavourTag(fe,j11,j12)*
         Vec(nu9,q2)*Vec(nu10,q3)*Vec(nu13,q2)*p4.p4^2*xiw*xiz*ufoGC58^2*
         ufoGC76*ufoGC69
          + 1/4*g_(1,6_,nu13)*FT1*g_(1,p4)*g_(2,nu10)*FT2(g6)*cFT(nu9,XX,i2,
         iufo3)*cFT(g7,XX,iufo3,i3)/(d^3 + d^2 - 2*d)*flavourTag(fe,j11,j12)*
         Vec(nu9,q2)*Vec(nu10,q3)*Vec(nu13,q3)*p4.p4^2*d*xiw*xiz*ufoGC58^2*
         ufoGC76*ufoGC69
          - 1/4*g_(1,6_,nu13)*FT1*g_(1,p4)*g_(2,nu10)*FT2(g6)*cFT(nu9,XX,i2,
         iufo3)*cFT(g7,XX,iufo3,i3)/(d^3 + d^2 - 2*d)*flavourTag(fe,j11,j12)*
         Vec(nu9,q2)*Vec(nu10,q3)*Vec(nu13,q3)*p4.p4^2*xiw*xiz*ufoGC58^2*
         ufoGC76*ufoGC69
          + 1/4*g_(1,6_,nu13)*FT1*g_(1,p4)*g_(2,nu10)*FT2(g6)*cFT(nu9,XX,i2,
         iufo3)*cFT(g7,XX,iufo3,i3)/(d^3 + d^2 - 2*d)*flavourTag(fe,j11,j12)*
         Vec(nu9,q3)*Vec(nu10,q2)*Vec(nu13,q2)*p4.p4^2*d*xiw*xiz*ufoGC58^2*
         ufoGC76*ufoGC69
          - 1/4*g_(1,6_,nu13)*FT1*g_(1,p4)*g_(2,nu10)*FT2(g6)*cFT(nu9,XX,i2,
         iufo3)*cFT(g7,XX,iufo3,i3)/(d^3 + d^2 - 2*d)*flavourTag(fe,j11,j12)*
         Vec(nu9,q3)*Vec(nu10,q2)*Vec(nu13,q2)*p4.p4^2*xiw*xiz*ufoGC58^2*
         ufoGC76*ufoGC69
          + 1/4*g_(1,6_,nu13)*FT1*g_(1,p4)*g_(2,nu10)*FT2(g6)*cFT(nu9,XX,i2,
         iufo3)*cFT(g7,XX,iufo3,i3)/(d^3 + d^2 - 2*d)*flavourTag(fe,j11,j12)*
         Vec(nu9,q3)*Vec(nu10,q2)*Vec(nu13,q3)*p4.p4^2*d*xiw*xiz*ufoGC58^2*
         ufoGC76*ufoGC69
          - 1/4*g_(1,6_,nu13)*FT1*g_(1,p4)*g_(2,nu10)*FT2(g6)*cFT(nu9,XX,i2,
         iufo3)*cFT(g7,XX,iufo3,i3)/(d^3 + d^2 - 2*d)*flavourTag(fe,j11,j12)*
         Vec(nu9,q3)*Vec(nu10,q2)*Vec(nu13,q3)*p4.p4^2*xiw*xiz*ufoGC58^2*
         ufoGC76*ufoGC69
          + 1/4*g_(1,6_,nu13)*FT1*g_(1,p4)*g_(2,nu10)*FT2(g6)*cFT(nu9,XX,i2,
         iufo3)*cFT(g7,XX,iufo3,i3)/(d^3 + d^2 - 2*d)*flavourTag(fe,j11,j12)*
         Vec(nu9,q3)*Vec(nu10,q3)*Vec(nu13,q2)*p4.p4^2*d*xiw*xiz*ufoGC58^2*
         ufoGC76*ufoGC69
          - 1/4*g_(1,6_,nu13)*FT1*g_(1,p4)*g_(2,nu10)*FT2(g6)*cFT(nu9,XX,i2,
         iufo3)*cFT(g7,XX,iufo3,i3)/(d^3 + d^2 - 2*d)*flavourTag(fe,j11,j12)*
         Vec(nu9,q3)*Vec(nu10,q3)*Vec(nu13,q2)*p4.p4^2*xiw*xiz*ufoGC58^2*
         ufoGC76*ufoGC69
          + 1/4*g_(1,6_,nu13)*FT1*g_(1,p4)*g_(2,nu10)*FT2(g6)*cFT(nu9,XX,i2,
         iufo3)*cFT(g7,XX,iufo3,i3)/(d^3 + d^2 - 2*d)*flavourTag(fe,j11,j12)*
         Vec(nu9,q3)*Vec(nu10,q3)*Vec(nu13,q3)*p4.p4^2*d*xiw*xiz*ufoGC58^2*
         ufoGC76*ufoGC69
          - 1/4*g_(1,6_,nu13)*FT1*g_(1,p4)*g_(2,nu10)*FT2(g6)*cFT(nu9,XX,i2,
         iufo3)*cFT(g7,XX,iufo3,i3)/(d^3 + d^2 - 2*d)*flavourTag(fe,j11,j12)*
         Vec(nu9,q3)*Vec(nu10,q3)*Vec(nu13,q3)*p4.p4^2*xiw*xiz*ufoGC58^2*
         ufoGC76*ufoGC69
          - 1/4*g_(1,6_,nu13)*FT1*g_(1,p4)*g_(2,nu15)*FT2(g6)*cFT(nu9,XX,i2,
         iufo3)*cFT(g7,XX,iufo3,i3)/(d^3 + d^2 - 2*d)*flavourTag(fe,j11,j12)*
         Vec(nu9,q2)*Vec(nu13,q2)*Vec(nu15,q2)*p4.p4^2*d*xiw*xiz*ufoGC58^2*
         ufoGC76*ufoGC69
          + 1/4*g_(1,6_,nu13)*FT1*g_(1,p4)*g_(2,nu15)*FT2(g6)*cFT(nu9,XX,i2,
         iufo3)*cFT(g7,XX,iufo3,i3)/(d^3 + d^2 - 2*d)*flavourTag(fe,j11,j12)*
         Vec(nu9,q2)*Vec(nu13,q2)*Vec(nu15,q2)*p4.p4^2*xiw*xiz*ufoGC58^2*
         ufoGC76*ufoGC69
          - 1/4*g_(1,6_,nu13)*FT1*g_(1,p4)*g_(2,nu15)*FT2(g6)*cFT(nu9,XX,i2,
         iufo3)*cFT(g7,XX,iufo3,i3)/(d^3 + d^2 - 2*d)*flavourTag(fe,j11,j12)*
         Vec(nu9,q2)*Vec(nu13,q2)*Vec(nu15,q3)*p4.p4^2*d*xiw*xiz*ufoGC58^2*
         ufoGC76*ufoGC69
          + 1/4*g_(1,6_,nu13)*FT1*g_(1,p4)*g_(2,nu15)*FT2(g6)*cFT(nu9,XX,i2,
         iufo3)*cFT(g7,XX,iufo3,i3)/(d^3 + d^2 - 2*d)*flavourTag(fe,j11,j12)*
         Vec(nu9,q2)*Vec(nu13,q2)*Vec(nu15,q3)*p4.p4^2*xiw*xiz*ufoGC58^2*
         ufoGC76*ufoGC69
          - 1/4*g_(1,6_,nu13)*FT1*g_(1,p4)*g_(2,nu15)*FT2(g6)*cFT(nu9,XX,i2,
         iufo3)*cFT(g7,XX,iufo3,i3)/(d^3 + d^2 - 2*d)*flavourTag(fe,j11,j12)*
         Vec(nu9,q2)*Vec(nu13,q3)*Vec(nu15,q2)*p4.p4^2*d*xiw*xiz*ufoGC58^2*
         ufoGC76*ufoGC69
          + 1/4*g_(1,6_,nu13)*FT1*g_(1,p4)*g_(2,nu15)*FT2(g6)*cFT(nu9,XX,i2,
         iufo3)*cFT(g7,XX,iufo3,i3)/(d^3 + d^2 - 2*d)*flavourTag(fe,j11,j12)*
         Vec(nu9,q2)*Vec(nu13,q3)*Vec(nu15,q2)*p4.p4^2*xiw*xiz*ufoGC58^2*
         ufoGC76*ufoGC69
          - 1/4*g_(1,6_,nu13)*FT1*g_(1,p4)*g_(2,nu15)*FT2(g6)*cFT(nu9,XX,i2,
         iufo3)*cFT(g7,XX,iufo3,i3)/(d^3 + d^2 - 2*d)*flavourTag(fe,j11,j12)*
         Vec(nu9,q2)*Vec(nu13,q3)*Vec(nu15,q3)*p4.p4^2*d*xiw*xiz*ufoGC58^2*
         ufoGC76*ufoGC69
          + 1/4*g_(1,6_,nu13)*FT1*g_(1,p4)*g_(2,nu15)*FT2(g6)*cFT(nu9,XX,i2,
         iufo3)*cFT(g7,XX,iufo3,i3)/(d^3 + d^2 - 2*d)*flavourTag(fe,j11,j12)*
         Vec(nu9,q2)*Vec(nu13,q3)*Vec(nu15,q3)*p4.p4^2*xiw*xiz*ufoGC58^2*
         ufoGC76*ufoGC69
          - 1/4*g_(1,6_,nu13)*FT1*g_(1,p4)*g_(2,nu15)*FT2(g6)*cFT(nu9,XX,i2,
         iufo3)*cFT(g7,XX,iufo3,i3)/(d^3 + d^2 - 2*d)*flavourTag(fe,j11,j12)*
         Vec(nu9,q3)*Vec(nu13,q2)*Vec(nu15,q2)*p4.p4^2*d*xiw*xiz*ufoGC58^2*
         ufoGC76*ufoGC69
          + 1/4*g_(1,6_,nu13)*FT1*g_(1,p4)*g_(2,nu15)*FT2(g6)*cFT(nu9,XX,i2,
         iufo3)*cFT(g7,XX,iufo3,i3)/(d^3 + d^2 - 2*d)*flavourTag(fe,j11,j12)*
         Vec(nu9,q3)*Vec(nu13,q2)*Vec(nu15,q2)*p4.p4^2*xiw*xiz*ufoGC58^2*
         ufoGC76*ufoGC69
          - 1/4*g_(1,6_,nu13)*FT1*g_(1,p4)*g_(2,nu15)*FT2(g6)*cFT(nu9,XX,i2,
         iufo3)*cFT(g7,XX,iufo3,i3)/(d^3 + d^2 - 2*d)*flavourTag(fe,j11,j12)*
         Vec(nu9,q3)*Vec(nu13,q2)*Vec(nu15,q3)*p4.p4^2*d*xiw*xiz*ufoGC58^2*
         ufoGC76*ufoGC69
          + 1/4*g_(1,6_,nu13)*FT1*g_(1,p4)*g_(2,nu15)*FT2(g6)*cFT(nu9,XX,i2,
         iufo3)*cFT(g7,XX,iufo3,i3)/(d^3 + d^2 - 2*d)*flavourTag(fe,j11,j12)*
         Vec(nu9,q3)*Vec(nu13,q2)*Vec(nu15,q3)*p4.p4^2*xiw*xiz*ufoGC58^2*
         ufoGC76*ufoGC69
          - 1/4*g_(1,6_,nu13)*FT1*g_(1,p4)*g_(2,nu15)*FT2(g6)*cFT(nu9,XX,i2,
         iufo3)*cFT(g7,XX,iufo3,i3)/(d^3 + d^2 - 2*d)*flavourTag(fe,j11,j12)*
         Vec(nu9,q3)*Vec(nu13,q3)*Vec(nu15,q2)*p4.p4^2*d*xiw*xiz*ufoGC58^2*
         ufoGC76*ufoGC69
          + 1/4*g_(1,6_,nu13)*FT1*g_(1,p4)*g_(2,nu15)*FT2(g6)*cFT(nu9,XX,i2,
         iufo3)*cFT(g7,XX,iufo3,i3)/(d^3 + d^2 - 2*d)*flavourTag(fe,j11,j12)*
         Vec(nu9,q3)*Vec(nu13,q3)*Vec(nu15,q2)*p4.p4^2*xiw*xiz*ufoGC58^2*
         ufoGC76*ufoGC69
          - 1/4*g_(1,6_,nu13)*FT1*g_(1,p4)*g_(2,nu15)*FT2(g6)*cFT(nu9,XX,i2,
         iufo3)*cFT(g7,XX,iufo3,i3)/(d^3 + d^2 - 2*d)*flavourTag(fe,j11,j12)*
         Vec(nu9,q3)*Vec(nu13,q3)*Vec(nu15,q3)*p4.p4^2*d*xiw*xiz*ufoGC58^2*
         ufoGC76*ufoGC69
          + 1/4*g_(1,6_,nu13)*FT1*g_(1,p4)*g_(2,nu15)*FT2(g6)*cFT(nu9,XX,i2,
         iufo3)*cFT(g7,XX,iufo3,i3)/(d^3 + d^2 - 2*d)*flavourTag(fe,j11,j12)*
         Vec(nu9,q3)*Vec(nu13,q3)*Vec(nu15,q3)*p4.p4^2*xiw*xiz*ufoGC58^2*
         ufoGC76*ufoGC69
          - 1/8*g_(1,6_,nu13)*FT1*g_(1,q1)*g_(2,6_,nu14)*cFT(nu9,XX,i2,iufo3)*
         cFT(g7,XX,iufo3,i3)*flavourTag(fe,j11,j12)*Vec(nu14,q2)*Vec(nu9,q2)*
         Vec(nu10,q2)^2*Vec(nu13,q2)*p4.p4*d^-1*xiw*xiz*ufoGC58^2*ufoGC80*
         ufoGC69
          - 1/8*g_(1,6_,nu13)*FT1*g_(1,q1)*g_(2,6_,nu14)*cFT(nu9,XX,i2,iufo3)*
         cFT(g7,XX,iufo3,i3)*flavourTag(fe,j11,j12)*Vec(nu14,q2)*Vec(nu9,q2)*
         Vec(nu10,q2)^2*Vec(nu13,q3)*p4.p4*d^-1*xiw*xiz*ufoGC58^2*ufoGC80*
         ufoGC69
          - 1/4*g_(1,6_,nu13)*FT1*g_(1,q1)*g_(2,6_,nu14)*cFT(nu9,XX,i2,iufo3)*
         cFT(g7,XX,iufo3,i3)*flavourTag(fe,j11,j12)*Vec(nu14,q2)*Vec(nu9,q2)*
         Vec(nu10,q2)*Vec(nu10,q3)*Vec(nu13,q2)*p4.p4*d^-1*xiw*xiz*ufoGC58^2*
         ufoGC80*ufoGC69
          - 1/4*g_(1,6_,nu13)*FT1*g_(1,q1)*g_(2,6_,nu14)*cFT(nu9,XX,i2,iufo3)*
         cFT(g7,XX,iufo3,i3)*flavourTag(fe,j11,j12)*Vec(nu14,q2)*Vec(nu9,q2)*
         Vec(nu10,q2)*Vec(nu10,q3)*Vec(nu13,q3)*p4.p4*d^-1*xiw*xiz*ufoGC58^2*
         ufoGC80*ufoGC69
          - 1/8*g_(1,6_,nu13)*FT1*g_(1,q1)*g_(2,6_,nu14)*cFT(nu9,XX,i2,iufo3)*
         cFT(g7,XX,iufo3,i3)*flavourTag(fe,j11,j12)*Vec(nu14,q2)*Vec(nu9,q2)*
         Vec(nu10,q3)^2*Vec(nu13,q2)*p4.p4*d^-1*xiw*xiz*ufoGC58^2*ufoGC80*
         ufoGC69
          - 1/8*g_(1,6_,nu13)*FT1*g_(1,q1)*g_(2,6_,nu14)*cFT(nu9,XX,i2,iufo3)*
         cFT(g7,XX,iufo3,i3)*flavourTag(fe,j11,j12)*Vec(nu14,q2)*Vec(nu9,q2)*
         Vec(nu10,q3)^2*Vec(nu13,q3)*p4.p4*d^-1*xiw*xiz*ufoGC58^2*ufoGC80*
         ufoGC69
          + 1/8*g_(1,6_,nu13)*FT1*g_(1,q1)*g_(2,6_,nu14)*cFT(nu9,XX,i2,iufo3)*
         cFT(g7,XX,iufo3,i3)*flavourTag(fe,j11,j12)*Vec(nu14,q2)*Vec(nu9,q2)*
         Vec(nu13,q2)*p4.p4^2*d^-1*xiw*xiz*ufoGC58^2*ufoGC80*ufoGC69
          + 1/8*g_(1,6_,nu13)*FT1*g_(1,q1)*g_(2,6_,nu14)*cFT(nu9,XX,i2,iufo3)*
         cFT(g7,XX,iufo3,i3)*flavourTag(fe,j11,j12)*Vec(nu14,q2)*Vec(nu9,q2)*
         Vec(nu13,q3)*p4.p4^2*d^-1*xiw*xiz*ufoGC58^2*ufoGC80*ufoGC69
          - 1/8*g_(1,6_,nu13)*FT1*g_(1,q1)*g_(2,6_,nu14)*cFT(nu9,XX,i2,iufo3)*
         cFT(g7,XX,iufo3,i3)*flavourTag(fe,j11,j12)*Vec(nu14,q2)*Vec(nu9,q3)*
         Vec(nu10,q2)^2*Vec(nu13,q2)*p4.p4*d^-1*xiw*xiz*ufoGC58^2*ufoGC80*
         ufoGC69
          - 1/8*g_(1,6_,nu13)*FT1*g_(1,q1)*g_(2,6_,nu14)*cFT(nu9,XX,i2,iufo3)*
         cFT(g7,XX,iufo3,i3)*flavourTag(fe,j11,j12)*Vec(nu14,q2)*Vec(nu9,q3)*
         Vec(nu10,q2)^2*Vec(nu13,q3)*p4.p4*d^-1*xiw*xiz*ufoGC58^2*ufoGC80*
         ufoGC69
          - 1/4*g_(1,6_,nu13)*FT1*g_(1,q1)*g_(2,6_,nu14)*cFT(nu9,XX,i2,iufo3)*
         cFT(g7,XX,iufo3,i3)*flavourTag(fe,j11,j12)*Vec(nu14,q2)*Vec(nu9,q3)*
         Vec(nu10,q2)*Vec(nu10,q3)*Vec(nu13,q2)*p4.p4*d^-1*xiw*xiz*ufoGC58^2*
         ufoGC80*ufoGC69
          - 1/4*g_(1,6_,nu13)*FT1*g_(1,q1)*g_(2,6_,nu14)*cFT(nu9,XX,i2,iufo3)*
         cFT(g7,XX,iufo3,i3)*flavourTag(fe,j11,j12)*Vec(nu14,q2)*Vec(nu9,q3)*
         Vec(nu10,q2)*Vec(nu10,q3)*Vec(nu13,q3)*p4.p4*d^-1*xiw*xiz*ufoGC58^2*
         ufoGC80*ufoGC69
          - 1/8*g_(1,6_,nu13)*FT1*g_(1,q1)*g_(2,6_,nu14)*cFT(nu9,XX,i2,iufo3)*
         cFT(g7,XX,iufo3,i3)*flavourTag(fe,j11,j12)*Vec(nu14,q2)*Vec(nu9,q3)*
         Vec(nu10,q3)^2*Vec(nu13,q2)*p4.p4*d^-1*xiw*xiz*ufoGC58^2*ufoGC80*
         ufoGC69
          - 1/8*g_(1,6_,nu13)*FT1*g_(1,q1)*g_(2,6_,nu14)*cFT(nu9,XX,i2,iufo3)*
         cFT(g7,XX,iufo3,i3)*flavourTag(fe,j11,j12)*Vec(nu14,q2)*Vec(nu9,q3)*
         Vec(nu10,q3)^2*Vec(nu13,q3)*p4.p4*d^-1*xiw*xiz*ufoGC58^2*ufoGC80*
         ufoGC69
          + 1/8*g_(1,6_,nu13)*FT1*g_(1,q1)*g_(2,6_,nu14)*cFT(nu9,XX,i2,iufo3)*
         cFT(g7,XX,iufo3,i3)*flavourTag(fe,j11,j12)*Vec(nu14,q2)*Vec(nu9,q3)*
         Vec(nu13,q2)*p4.p4^2*d^-1*xiw*xiz*ufoGC58^2*ufoGC80*ufoGC69
          + 1/8*g_(1,6_,nu13)*FT1*g_(1,q1)*g_(2,6_,nu14)*cFT(nu9,XX,i2,iufo3)*
         cFT(g7,XX,iufo3,i3)*flavourTag(fe,j11,j12)*Vec(nu14,q2)*Vec(nu9,q3)*
         Vec(nu13,q3)*p4.p4^2*d^-1*xiw*xiz*ufoGC58^2*ufoGC80*ufoGC69
          - 1/8*g_(1,6_,nu13)*FT1*g_(1,q1)*g_(2,6_,nu14)*cFT(nu9,XX,i2,iufo3)*
         cFT(g7,XX,iufo3,i3)*flavourTag(fe,j11,j12)*Vec(nu14,q3)*Vec(nu9,q2)*
         Vec(nu10,q2)^2*Vec(nu13,q2)*p4.p4*d^-1*xiw*xiz*ufoGC58^2*ufoGC80*
         ufoGC69
          - 1/8*g_(1,6_,nu13)*FT1*g_(1,q1)*g_(2,6_,nu14)*cFT(nu9,XX,i2,iufo3)*
         cFT(g7,XX,iufo3,i3)*flavourTag(fe,j11,j12)*Vec(nu14,q3)*Vec(nu9,q2)*
         Vec(nu10,q2)^2*Vec(nu13,q3)*p4.p4*d^-1*xiw*xiz*ufoGC58^2*ufoGC80*
         ufoGC69
          - 1/4*g_(1,6_,nu13)*FT1*g_(1,q1)*g_(2,6_,nu14)*cFT(nu9,XX,i2,iufo3)*
         cFT(g7,XX,iufo3,i3)*flavourTag(fe,j11,j12)*Vec(nu14,q3)*Vec(nu9,q2)*
         Vec(nu10,q2)*Vec(nu10,q3)*Vec(nu13,q2)*p4.p4*d^-1*xiw*xiz*ufoGC58^2*
         ufoGC80*ufoGC69
          - 1/4*g_(1,6_,nu13)*FT1*g_(1,q1)*g_(2,6_,nu14)*cFT(nu9,XX,i2,iufo3)*
         cFT(g7,XX,iufo3,i3)*flavourTag(fe,j11,j12)*Vec(nu14,q3)*Vec(nu9,q2)*
         Vec(nu10,q2)*Vec(nu10,q3)*Vec(nu13,q3)*p4.p4*d^-1*xiw*xiz*ufoGC58^2*
         ufoGC80*ufoGC69
          - 1/8*g_(1,6_,nu13)*FT1*g_(1,q1)*g_(2,6_,nu14)*cFT(nu9,XX,i2,iufo3)*
         cFT(g7,XX,iufo3,i3)*flavourTag(fe,j11,j12)*Vec(nu14,q3)*Vec(nu9,q2)*
         Vec(nu10,q3)^2*Vec(nu13,q2)*p4.p4*d^-1*xiw*xiz*ufoGC58^2*ufoGC80*
         ufoGC69
          - 1/8*g_(1,6_,nu13)*FT1*g_(1,q1)*g_(2,6_,nu14)*cFT(nu9,XX,i2,iufo3)*
         cFT(g7,XX,iufo3,i3)*flavourTag(fe,j11,j12)*Vec(nu14,q3)*Vec(nu9,q2)*
         Vec(nu10,q3)^2*Vec(nu13,q3)*p4.p4*d^-1*xiw*xiz*ufoGC58^2*ufoGC80*
         ufoGC69
          + 1/8*g_(1,6_,nu13)*FT1*g_(1,q1)*g_(2,6_,nu14)*cFT(nu9,XX,i2,iufo3)*
         cFT(g7,XX,iufo3,i3)*flavourTag(fe,j11,j12)*Vec(nu14,q3)*Vec(nu9,q2)*
         Vec(nu13,q2)*p4.p4^2*d^-1*xiw*xiz*ufoGC58^2*ufoGC80*ufoGC69
          + 1/8*g_(1,6_,nu13)*FT1*g_(1,q1)*g_(2,6_,nu14)*cFT(nu9,XX,i2,iufo3)*
         cFT(g7,XX,iufo3,i3)*flavourTag(fe,j11,j12)*Vec(nu14,q3)*Vec(nu9,q2)*
         Vec(nu13,q3)*p4.p4^2*d^-1*xiw*xiz*ufoGC58^2*ufoGC80*ufoGC69
          - 1/8*g_(1,6_,nu13)*FT1*g_(1,q1)*g_(2,6_,nu14)*cFT(nu9,XX,i2,iufo3)*
         cFT(g7,XX,iufo3,i3)*flavourTag(fe,j11,j12)*Vec(nu14,q3)*Vec(nu9,q3)*
         Vec(nu10,q2)^2*Vec(nu13,q2)*p4.p4*d^-1*xiw*xiz*ufoGC58^2*ufoGC80*
         ufoGC69
          - 1/8*g_(1,6_,nu13)*FT1*g_(1,q1)*g_(2,6_,nu14)*cFT(nu9,XX,i2,iufo3)*
         cFT(g7,XX,iufo3,i3)*flavourTag(fe,j11,j12)*Vec(nu14,q3)*Vec(nu9,q3)*
         Vec(nu10,q2)^2*Vec(nu13,q3)*p4.p4*d^-1*xiw*xiz*ufoGC58^2*ufoGC80*
         ufoGC69
          - 1/4*g_(1,6_,nu13)*FT1*g_(1,q1)*g_(2,6_,nu14)*cFT(nu9,XX,i2,iufo3)*
         cFT(g7,XX,iufo3,i3)*flavourTag(fe,j11,j12)*Vec(nu14,q3)*Vec(nu9,q3)*
         Vec(nu10,q2)*Vec(nu10,q3)*Vec(nu13,q2)*p4.p4*d^-1*xiw*xiz*ufoGC58^2*
         ufoGC80*ufoGC69
          - 1/4*g_(1,6_,nu13)*FT1*g_(1,q1)*g_(2,6_,nu14)*cFT(nu9,XX,i2,iufo3)*
         cFT(g7,XX,iufo3,i3)*flavourTag(fe,j11,j12)*Vec(nu14,q3)*Vec(nu9,q3)*
         Vec(nu10,q2)*Vec(nu10,q3)*Vec(nu13,q3)*p4.p4*d^-1*xiw*xiz*ufoGC58^2*
         ufoGC80*ufoGC69
          - 1/8*g_(1,6_,nu13)*FT1*g_(1,q1)*g_(2,6_,nu14)*cFT(nu9,XX,i2,iufo3)*
         cFT(g7,XX,iufo3,i3)*flavourTag(fe,j11,j12)*Vec(nu14,q3)*Vec(nu9,q3)*
         Vec(nu10,q3)^2*Vec(nu13,q2)*p4.p4*d^-1*xiw*xiz*ufoGC58^2*ufoGC80*
         ufoGC69
          - 1/8*g_(1,6_,nu13)*FT1*g_(1,q1)*g_(2,6_,nu14)*cFT(nu9,XX,i2,iufo3)*
         cFT(g7,XX,iufo3,i3)*flavourTag(fe,j11,j12)*Vec(nu14,q3)*Vec(nu9,q3)*
         Vec(nu10,q3)^2*Vec(nu13,q3)*p4.p4*d^-1*xiw*xiz*ufoGC58^2*ufoGC80*
         ufoGC69
          + 1/8*g_(1,6_,nu13)*FT1*g_(1,q1)*g_(2,6_,nu14)*cFT(nu9,XX,i2,iufo3)*
         cFT(g7,XX,iufo3,i3)*flavourTag(fe,j11,j12)*Vec(nu14,q3)*Vec(nu9,q3)*
         Vec(nu13,q2)*p4.p4^2*d^-1*xiw*xiz*ufoGC58^2*ufoGC80*ufoGC69
          + 1/8*g_(1,6_,nu13)*FT1*g_(1,q1)*g_(2,6_,nu14)*cFT(nu9,XX,i2,iufo3)*
         cFT(g7,XX,iufo3,i3)*flavourTag(fe,j11,j12)*Vec(nu14,q3)*Vec(nu9,q3)*
         Vec(nu13,q3)*p4.p4^2*d^-1*xiw*xiz*ufoGC58^2*ufoGC80*ufoGC69
          - 1/4*g_(1,6_,nu13)*FT1*g_(1,q1)*g_(2,6_,nu10)*cFT(nu9,XX,i2,iufo3)*
         cFT(g7,XX,iufo3,i3)/(d^3 + d^2 - 2*d)*flavourTag(fe,j11,j12)*Vec(nu9,
         q2)*Vec(nu10,q2)*Vec(nu13,q2)*p4.p4^2*d*xiw*xiz*ufoGC58^2*ufoGC80*
         ufoGC69
          + 1/4*g_(1,6_,nu13)*FT1*g_(1,q1)*g_(2,6_,nu10)*cFT(nu9,XX,i2,iufo3)*
         cFT(g7,XX,iufo3,i3)/(d^3 + d^2 - 2*d)*flavourTag(fe,j11,j12)*Vec(nu9,
         q2)*Vec(nu10,q2)*Vec(nu13,q2)*p4.p4^2*xiw*xiz*ufoGC58^2*ufoGC80*
         ufoGC69
          - 1/4*g_(1,6_,nu13)*FT1*g_(1,q1)*g_(2,6_,nu10)*cFT(nu9,XX,i2,iufo3)*
         cFT(g7,XX,iufo3,i3)/(d^3 + d^2 - 2*d)*flavourTag(fe,j11,j12)*Vec(nu9,
         q2)*Vec(nu10,q2)*Vec(nu13,q3)*p4.p4^2*d*xiw*xiz*ufoGC58^2*ufoGC80*
         ufoGC69
          + 1/4*g_(1,6_,nu13)*FT1*g_(1,q1)*g_(2,6_,nu10)*cFT(nu9,XX,i2,iufo3)*
         cFT(g7,XX,iufo3,i3)/(d^3 + d^2 - 2*d)*flavourTag(fe,j11,j12)*Vec(nu9,
         q2)*Vec(nu10,q2)*Vec(nu13,q3)*p4.p4^2*xiw*xiz*ufoGC58^2*ufoGC80*
         ufoGC69
          - 1/4*g_(1,6_,nu13)*FT1*g_(1,q1)*g_(2,6_,nu10)*cFT(nu9,XX,i2,iufo3)*
         cFT(g7,XX,iufo3,i3)/(d^3 + d^2 - 2*d)*flavourTag(fe,j11,j12)*Vec(nu9,
         q2)*Vec(nu10,q3)*Vec(nu13,q2)*p4.p4^2*d*xiw*xiz*ufoGC58^2*ufoGC80*
         ufoGC69
          + 1/4*g_(1,6_,nu13)*FT1*g_(1,q1)*g_(2,6_,nu10)*cFT(nu9,XX,i2,iufo3)*
         cFT(g7,XX,iufo3,i3)/(d^3 + d^2 - 2*d)*flavourTag(fe,j11,j12)*Vec(nu9,
         q2)*Vec(nu10,q3)*Vec(nu13,q2)*p4.p4^2*xiw*xiz*ufoGC58^2*ufoGC80*
         ufoGC69
          - 1/4*g_(1,6_,nu13)*FT1*g_(1,q1)*g_(2,6_,nu10)*cFT(nu9,XX,i2,iufo3)*
         cFT(g7,XX,iufo3,i3)/(d^3 + d^2 - 2*d)*flavourTag(fe,j11,j12)*Vec(nu9,
         q2)*Vec(nu10,q3)*Vec(nu13,q3)*p4.p4^2*d*xiw*xiz*ufoGC58^2*ufoGC80*
         ufoGC69
          + 1/4*g_(1,6_,nu13)*FT1*g_(1,q1)*g_(2,6_,nu10)*cFT(nu9,XX,i2,iufo3)*
         cFT(g7,XX,iufo3,i3)/(d^3 + d^2 - 2*d)*flavourTag(fe,j11,j12)*Vec(nu9,
         q2)*Vec(nu10,q3)*Vec(nu13,q3)*p4.p4^2*xiw*xiz*ufoGC58^2*ufoGC80*
         ufoGC69
          - 1/4*g_(1,6_,nu13)*FT1*g_(1,q1)*g_(2,6_,nu10)*cFT(nu9,XX,i2,iufo3)*
         cFT(g7,XX,iufo3,i3)/(d^3 + d^2 - 2*d)*flavourTag(fe,j11,j12)*Vec(nu9,
         q3)*Vec(nu10,q2)*Vec(nu13,q2)*p4.p4^2*d*xiw*xiz*ufoGC58^2*ufoGC80*
         ufoGC69
          + 1/4*g_(1,6_,nu13)*FT1*g_(1,q1)*g_(2,6_,nu10)*cFT(nu9,XX,i2,iufo3)*
         cFT(g7,XX,iufo3,i3)/(d^3 + d^2 - 2*d)*flavourTag(fe,j11,j12)*Vec(nu9,
         q3)*Vec(nu10,q2)*Vec(nu13,q2)*p4.p4^2*xiw*xiz*ufoGC58^2*ufoGC80*
         ufoGC69
          - 1/4*g_(1,6_,nu13)*FT1*g_(1,q1)*g_(2,6_,nu10)*cFT(nu9,XX,i2,iufo3)*
         cFT(g7,XX,iufo3,i3)/(d^3 + d^2 - 2*d)*flavourTag(fe,j11,j12)*Vec(nu9,
         q3)*Vec(nu10,q2)*Vec(nu13,q3)*p4.p4^2*d*xiw*xiz*ufoGC58^2*ufoGC80*
         ufoGC69
          + 1/4*g_(1,6_,nu13)*FT1*g_(1,q1)*g_(2,6_,nu10)*cFT(nu9,XX,i2,iufo3)*
         cFT(g7,XX,iufo3,i3)/(d^3 + d^2 - 2*d)*flavourTag(fe,j11,j12)*Vec(nu9,
         q3)*Vec(nu10,q2)*Vec(nu13,q3)*p4.p4^2*xiw*xiz*ufoGC58^2*ufoGC80*
         ufoGC69
          - 1/4*g_(1,6_,nu13)*FT1*g_(1,q1)*g_(2,6_,nu10)*cFT(nu9,XX,i2,iufo3)*
         cFT(g7,XX,iufo3,i3)/(d^3 + d^2 - 2*d)*flavourTag(fe,j11,j12)*Vec(nu9,
         q3)*Vec(nu10,q3)*Vec(nu13,q2)*p4.p4^2*d*xiw*xiz*ufoGC58^2*ufoGC80*
         ufoGC69
          + 1/4*g_(1,6_,nu13)*FT1*g_(1,q1)*g_(2,6_,nu10)*cFT(nu9,XX,i2,iufo3)*
         cFT(g7,XX,iufo3,i3)/(d^3 + d^2 - 2*d)*flavourTag(fe,j11,j12)*Vec(nu9,
         q3)*Vec(nu10,q3)*Vec(nu13,q2)*p4.p4^2*xiw*xiz*ufoGC58^2*ufoGC80*
         ufoGC69
          - 1/4*g_(1,6_,nu13)*FT1*g_(1,q1)*g_(2,6_,nu10)*cFT(nu9,XX,i2,iufo3)*
         cFT(g7,XX,iufo3,i3)/(d^3 + d^2 - 2*d)*flavourTag(fe,j11,j12)*Vec(nu9,
         q3)*Vec(nu10,q3)*Vec(nu13,q3)*p4.p4^2*d*xiw*xiz*ufoGC58^2*ufoGC80*
         ufoGC69
          + 1/4*g_(1,6_,nu13)*FT1*g_(1,q1)*g_(2,6_,nu10)*cFT(nu9,XX,i2,iufo3)*
         cFT(g7,XX,iufo3,i3)/(d^3 + d^2 - 2*d)*flavourTag(fe,j11,j12)*Vec(nu9,
         q3)*Vec(nu10,q3)*Vec(nu13,q3)*p4.p4^2*xiw*xiz*ufoGC58^2*ufoGC80*
         ufoGC69
          + 1/4*g_(1,6_,nu13)*FT1*g_(1,q1)*g_(2,6_,nu15)*cFT(nu9,XX,i2,iufo3)*
         cFT(g7,XX,iufo3,i3)/(d^3 + d^2 - 2*d)*flavourTag(fe,j11,j12)*Vec(nu9,
         q2)*Vec(nu13,q2)*Vec(nu15,q2)*p4.p4^2*d*xiw*xiz*ufoGC58^2*ufoGC80*
         ufoGC69
          - 1/4*g_(1,6_,nu13)*FT1*g_(1,q1)*g_(2,6_,nu15)*cFT(nu9,XX,i2,iufo3)*
         cFT(g7,XX,iufo3,i3)/(d^3 + d^2 - 2*d)*flavourTag(fe,j11,j12)*Vec(nu9,
         q2)*Vec(nu13,q2)*Vec(nu15,q2)*p4.p4^2*xiw*xiz*ufoGC58^2*ufoGC80*
         ufoGC69
          + 1/4*g_(1,6_,nu13)*FT1*g_(1,q1)*g_(2,6_,nu15)*cFT(nu9,XX,i2,iufo3)*
         cFT(g7,XX,iufo3,i3)/(d^3 + d^2 - 2*d)*flavourTag(fe,j11,j12)*Vec(nu9,
         q2)*Vec(nu13,q2)*Vec(nu15,q3)*p4.p4^2*d*xiw*xiz*ufoGC58^2*ufoGC80*
         ufoGC69
          - 1/4*g_(1,6_,nu13)*FT1*g_(1,q1)*g_(2,6_,nu15)*cFT(nu9,XX,i2,iufo3)*
         cFT(g7,XX,iufo3,i3)/(d^3 + d^2 - 2*d)*flavourTag(fe,j11,j12)*Vec(nu9,
         q2)*Vec(nu13,q2)*Vec(nu15,q3)*p4.p4^2*xiw*xiz*ufoGC58^2*ufoGC80*
         ufoGC69
          + 1/4*g_(1,6_,nu13)*FT1*g_(1,q1)*g_(2,6_,nu15)*cFT(nu9,XX,i2,iufo3)*
         cFT(g7,XX,iufo3,i3)/(d^3 + d^2 - 2*d)*flavourTag(fe,j11,j12)*Vec(nu9,
         q2)*Vec(nu13,q3)*Vec(nu15,q2)*p4.p4^2*d*xiw*xiz*ufoGC58^2*ufoGC80*
         ufoGC69
          - 1/4*g_(1,6_,nu13)*FT1*g_(1,q1)*g_(2,6_,nu15)*cFT(nu9,XX,i2,iufo3)*
         cFT(g7,XX,iufo3,i3)/(d^3 + d^2 - 2*d)*flavourTag(fe,j11,j12)*Vec(nu9,
         q2)*Vec(nu13,q3)*Vec(nu15,q2)*p4.p4^2*xiw*xiz*ufoGC58^2*ufoGC80*
         ufoGC69
          + 1/4*g_(1,6_,nu13)*FT1*g_(1,q1)*g_(2,6_,nu15)*cFT(nu9,XX,i2,iufo3)*
         cFT(g7,XX,iufo3,i3)/(d^3 + d^2 - 2*d)*flavourTag(fe,j11,j12)*Vec(nu9,
         q2)*Vec(nu13,q3)*Vec(nu15,q3)*p4.p4^2*d*xiw*xiz*ufoGC58^2*ufoGC80*
         ufoGC69
          - 1/4*g_(1,6_,nu13)*FT1*g_(1,q1)*g_(2,6_,nu15)*cFT(nu9,XX,i2,iufo3)*
         cFT(g7,XX,iufo3,i3)/(d^3 + d^2 - 2*d)*flavourTag(fe,j11,j12)*Vec(nu9,
         q2)*Vec(nu13,q3)*Vec(nu15,q3)*p4.p4^2*xiw*xiz*ufoGC58^2*ufoGC80*
         ufoGC69
          + 1/4*g_(1,6_,nu13)*FT1*g_(1,q1)*g_(2,6_,nu15)*cFT(nu9,XX,i2,iufo3)*
         cFT(g7,XX,iufo3,i3)/(d^3 + d^2 - 2*d)*flavourTag(fe,j11,j12)*Vec(nu9,
         q3)*Vec(nu13,q2)*Vec(nu15,q2)*p4.p4^2*d*xiw*xiz*ufoGC58^2*ufoGC80*
         ufoGC69
          - 1/4*g_(1,6_,nu13)*FT1*g_(1,q1)*g_(2,6_,nu15)*cFT(nu9,XX,i2,iufo3)*
         cFT(g7,XX,iufo3,i3)/(d^3 + d^2 - 2*d)*flavourTag(fe,j11,j12)*Vec(nu9,
         q3)*Vec(nu13,q2)*Vec(nu15,q2)*p4.p4^2*xiw*xiz*ufoGC58^2*ufoGC80*
         ufoGC69
          + 1/4*g_(1,6_,nu13)*FT1*g_(1,q1)*g_(2,6_,nu15)*cFT(nu9,XX,i2,iufo3)*
         cFT(g7,XX,iufo3,i3)/(d^3 + d^2 - 2*d)*flavourTag(fe,j11,j12)*Vec(nu9,
         q3)*Vec(nu13,q2)*Vec(nu15,q3)*p4.p4^2*d*xiw*xiz*ufoGC58^2*ufoGC80*
         ufoGC69
          - 1/4*g_(1,6_,nu13)*FT1*g_(1,q1)*g_(2,6_,nu15)*cFT(nu9,XX,i2,iufo3)*
         cFT(g7,XX,iufo3,i3)/(d^3 + d^2 - 2*d)*flavourTag(fe,j11,j12)*Vec(nu9,
         q3)*Vec(nu13,q2)*Vec(nu15,q3)*p4.p4^2*xiw*xiz*ufoGC58^2*ufoGC80*
         ufoGC69
          + 1/4*g_(1,6_,nu13)*FT1*g_(1,q1)*g_(2,6_,nu15)*cFT(nu9,XX,i2,iufo3)*
         cFT(g7,XX,iufo3,i3)/(d^3 + d^2 - 2*d)*flavourTag(fe,j11,j12)*Vec(nu9,
         q3)*Vec(nu13,q3)*Vec(nu15,q2)*p4.p4^2*d*xiw*xiz*ufoGC58^2*ufoGC80*
         ufoGC69
          - 1/4*g_(1,6_,nu13)*FT1*g_(1,q1)*g_(2,6_,nu15)*cFT(nu9,XX,i2,iufo3)*
         cFT(g7,XX,iufo3,i3)/(d^3 + d^2 - 2*d)*flavourTag(fe,j11,j12)*Vec(nu9,
         q3)*Vec(nu13,q3)*Vec(nu15,q2)*p4.p4^2*xiw*xiz*ufoGC58^2*ufoGC80*
         ufoGC69
          + 1/4*g_(1,6_,nu13)*FT1*g_(1,q1)*g_(2,6_,nu15)*cFT(nu9,XX,i2,iufo3)*
         cFT(g7,XX,iufo3,i3)/(d^3 + d^2 - 2*d)*flavourTag(fe,j11,j12)*Vec(nu9,
         q3)*Vec(nu13,q3)*Vec(nu15,q3)*p4.p4^2*d*xiw*xiz*ufoGC58^2*ufoGC80*
         ufoGC69
          - 1/4*g_(1,6_,nu13)*FT1*g_(1,q1)*g_(2,6_,nu15)*cFT(nu9,XX,i2,iufo3)*
         cFT(g7,XX,iufo3,i3)/(d^3 + d^2 - 2*d)*flavourTag(fe,j11,j12)*Vec(nu9,
         q3)*Vec(nu13,q3)*Vec(nu15,q3)*p4.p4^2*xiw*xiz*ufoGC58^2*ufoGC80*
         ufoGC69
          - 1/8*g_(1,6_,nu13)*FT1*g_(1,q1)*g_(2,nu14)*FT2(g6)*cFT(nu9,XX,i2,
         iufo3)*cFT(g7,XX,iufo3,i3)*flavourTag(fe,j11,j12)*Vec(nu14,q2)*Vec(
         nu9,q2)*Vec(nu10,q2)^2*Vec(nu13,q2)*p4.p4*d^-1*xiw*xiz*ufoGC58^2*
         ufoGC76*ufoGC69
          - 1/8*g_(1,6_,nu13)*FT1*g_(1,q1)*g_(2,nu14)*FT2(g6)*cFT(nu9,XX,i2,
         iufo3)*cFT(g7,XX,iufo3,i3)*flavourTag(fe,j11,j12)*Vec(nu14,q2)*Vec(
         nu9,q2)*Vec(nu10,q2)^2*Vec(nu13,q3)*p4.p4*d^-1*xiw*xiz*ufoGC58^2*
         ufoGC76*ufoGC69
          - 1/4*g_(1,6_,nu13)*FT1*g_(1,q1)*g_(2,nu14)*FT2(g6)*cFT(nu9,XX,i2,
         iufo3)*cFT(g7,XX,iufo3,i3)*flavourTag(fe,j11,j12)*Vec(nu14,q2)*Vec(
         nu9,q2)*Vec(nu10,q2)*Vec(nu10,q3)*Vec(nu13,q2)*p4.p4*d^-1*xiw*xiz*
         ufoGC58^2*ufoGC76*ufoGC69
          - 1/4*g_(1,6_,nu13)*FT1*g_(1,q1)*g_(2,nu14)*FT2(g6)*cFT(nu9,XX,i2,
         iufo3)*cFT(g7,XX,iufo3,i3)*flavourTag(fe,j11,j12)*Vec(nu14,q2)*Vec(
         nu9,q2)*Vec(nu10,q2)*Vec(nu10,q3)*Vec(nu13,q3)*p4.p4*d^-1*xiw*xiz*
         ufoGC58^2*ufoGC76*ufoGC69
          - 1/8*g_(1,6_,nu13)*FT1*g_(1,q1)*g_(2,nu14)*FT2(g6)*cFT(nu9,XX,i2,
         iufo3)*cFT(g7,XX,iufo3,i3)*flavourTag(fe,j11,j12)*Vec(nu14,q2)*Vec(
         nu9,q2)*Vec(nu10,q3)^2*Vec(nu13,q2)*p4.p4*d^-1*xiw*xiz*ufoGC58^2*
         ufoGC76*ufoGC69
          - 1/8*g_(1,6_,nu13)*FT1*g_(1,q1)*g_(2,nu14)*FT2(g6)*cFT(nu9,XX,i2,
         iufo3)*cFT(g7,XX,iufo3,i3)*flavourTag(fe,j11,j12)*Vec(nu14,q2)*Vec(
         nu9,q2)*Vec(nu10,q3)^2*Vec(nu13,q3)*p4.p4*d^-1*xiw*xiz*ufoGC58^2*
         ufoGC76*ufoGC69
          + 1/8*g_(1,6_,nu13)*FT1*g_(1,q1)*g_(2,nu14)*FT2(g6)*cFT(nu9,XX,i2,
         iufo3)*cFT(g7,XX,iufo3,i3)*flavourTag(fe,j11,j12)*Vec(nu14,q2)*Vec(
         nu9,q2)*Vec(nu13,q2)*p4.p4^2*d^-1*xiw*xiz*ufoGC58^2*ufoGC76*ufoGC69
          + 1/8*g_(1,6_,nu13)*FT1*g_(1,q1)*g_(2,nu14)*FT2(g6)*cFT(nu9,XX,i2,
         iufo3)*cFT(g7,XX,iufo3,i3)*flavourTag(fe,j11,j12)*Vec(nu14,q2)*Vec(
         nu9,q2)*Vec(nu13,q3)*p4.p4^2*d^-1*xiw*xiz*ufoGC58^2*ufoGC76*ufoGC69
          - 1/8*g_(1,6_,nu13)*FT1*g_(1,q1)*g_(2,nu14)*FT2(g6)*cFT(nu9,XX,i2,
         iufo3)*cFT(g7,XX,iufo3,i3)*flavourTag(fe,j11,j12)*Vec(nu14,q2)*Vec(
         nu9,q3)*Vec(nu10,q2)^2*Vec(nu13,q2)*p4.p4*d^-1*xiw*xiz*ufoGC58^2*
         ufoGC76*ufoGC69
          - 1/8*g_(1,6_,nu13)*FT1*g_(1,q1)*g_(2,nu14)*FT2(g6)*cFT(nu9,XX,i2,
         iufo3)*cFT(g7,XX,iufo3,i3)*flavourTag(fe,j11,j12)*Vec(nu14,q2)*Vec(
         nu9,q3)*Vec(nu10,q2)^2*Vec(nu13,q3)*p4.p4*d^-1*xiw*xiz*ufoGC58^2*
         ufoGC76*ufoGC69
          - 1/4*g_(1,6_,nu13)*FT1*g_(1,q1)*g_(2,nu14)*FT2(g6)*cFT(nu9,XX,i2,
         iufo3)*cFT(g7,XX,iufo3,i3)*flavourTag(fe,j11,j12)*Vec(nu14,q2)*Vec(
         nu9,q3)*Vec(nu10,q2)*Vec(nu10,q3)*Vec(nu13,q2)*p4.p4*d^-1*xiw*xiz*
         ufoGC58^2*ufoGC76*ufoGC69
          - 1/4*g_(1,6_,nu13)*FT1*g_(1,q1)*g_(2,nu14)*FT2(g6)*cFT(nu9,XX,i2,
         iufo3)*cFT(g7,XX,iufo3,i3)*flavourTag(fe,j11,j12)*Vec(nu14,q2)*Vec(
         nu9,q3)*Vec(nu10,q2)*Vec(nu10,q3)*Vec(nu13,q3)*p4.p4*d^-1*xiw*xiz*
         ufoGC58^2*ufoGC76*ufoGC69
          - 1/8*g_(1,6_,nu13)*FT1*g_(1,q1)*g_(2,nu14)*FT2(g6)*cFT(nu9,XX,i2,
         iufo3)*cFT(g7,XX,iufo3,i3)*flavourTag(fe,j11,j12)*Vec(nu14,q2)*Vec(
         nu9,q3)*Vec(nu10,q3)^2*Vec(nu13,q2)*p4.p4*d^-1*xiw*xiz*ufoGC58^2*
         ufoGC76*ufoGC69
          - 1/8*g_(1,6_,nu13)*FT1*g_(1,q1)*g_(2,nu14)*FT2(g6)*cFT(nu9,XX,i2,
         iufo3)*cFT(g7,XX,iufo3,i3)*flavourTag(fe,j11,j12)*Vec(nu14,q2)*Vec(
         nu9,q3)*Vec(nu10,q3)^2*Vec(nu13,q3)*p4.p4*d^-1*xiw*xiz*ufoGC58^2*
         ufoGC76*ufoGC69
          + 1/8*g_(1,6_,nu13)*FT1*g_(1,q1)*g_(2,nu14)*FT2(g6)*cFT(nu9,XX,i2,
         iufo3)*cFT(g7,XX,iufo3,i3)*flavourTag(fe,j11,j12)*Vec(nu14,q2)*Vec(
         nu9,q3)*Vec(nu13,q2)*p4.p4^2*d^-1*xiw*xiz*ufoGC58^2*ufoGC76*ufoGC69
          + 1/8*g_(1,6_,nu13)*FT1*g_(1,q1)*g_(2,nu14)*FT2(g6)*cFT(nu9,XX,i2,
         iufo3)*cFT(g7,XX,iufo3,i3)*flavourTag(fe,j11,j12)*Vec(nu14,q2)*Vec(
         nu9,q3)*Vec(nu13,q3)*p4.p4^2*d^-1*xiw*xiz*ufoGC58^2*ufoGC76*ufoGC69
          - 1/8*g_(1,6_,nu13)*FT1*g_(1,q1)*g_(2,nu14)*FT2(g6)*cFT(nu9,XX,i2,
         iufo3)*cFT(g7,XX,iufo3,i3)*flavourTag(fe,j11,j12)*Vec(nu14,q3)*Vec(
         nu9,q2)*Vec(nu10,q2)^2*Vec(nu13,q2)*p4.p4*d^-1*xiw*xiz*ufoGC58^2*
         ufoGC76*ufoGC69
          - 1/8*g_(1,6_,nu13)*FT1*g_(1,q1)*g_(2,nu14)*FT2(g6)*cFT(nu9,XX,i2,
         iufo3)*cFT(g7,XX,iufo3,i3)*flavourTag(fe,j11,j12)*Vec(nu14,q3)*Vec(
         nu9,q2)*Vec(nu10,q2)^2*Vec(nu13,q3)*p4.p4*d^-1*xiw*xiz*ufoGC58^2*
         ufoGC76*ufoGC69
          - 1/4*g_(1,6_,nu13)*FT1*g_(1,q1)*g_(2,nu14)*FT2(g6)*cFT(nu9,XX,i2,
         iufo3)*cFT(g7,XX,iufo3,i3)*flavourTag(fe,j11,j12)*Vec(nu14,q3)*Vec(
         nu9,q2)*Vec(nu10,q2)*Vec(nu10,q3)*Vec(nu13,q2)*p4.p4*d^-1*xiw*xiz*
         ufoGC58^2*ufoGC76*ufoGC69
          - 1/4*g_(1,6_,nu13)*FT1*g_(1,q1)*g_(2,nu14)*FT2(g6)*cFT(nu9,XX,i2,
         iufo3)*cFT(g7,XX,iufo3,i3)*flavourTag(fe,j11,j12)*Vec(nu14,q3)*Vec(
         nu9,q2)*Vec(nu10,q2)*Vec(nu10,q3)*Vec(nu13,q3)*p4.p4*d^-1*xiw*xiz*
         ufoGC58^2*ufoGC76*ufoGC69
          - 1/8*g_(1,6_,nu13)*FT1*g_(1,q1)*g_(2,nu14)*FT2(g6)*cFT(nu9,XX,i2,
         iufo3)*cFT(g7,XX,iufo3,i3)*flavourTag(fe,j11,j12)*Vec(nu14,q3)*Vec(
         nu9,q2)*Vec(nu10,q3)^2*Vec(nu13,q2)*p4.p4*d^-1*xiw*xiz*ufoGC58^2*
         ufoGC76*ufoGC69
          - 1/8*g_(1,6_,nu13)*FT1*g_(1,q1)*g_(2,nu14)*FT2(g6)*cFT(nu9,XX,i2,
         iufo3)*cFT(g7,XX,iufo3,i3)*flavourTag(fe,j11,j12)*Vec(nu14,q3)*Vec(
         nu9,q2)*Vec(nu10,q3)^2*Vec(nu13,q3)*p4.p4*d^-1*xiw*xiz*ufoGC58^2*
         ufoGC76*ufoGC69
          + 1/8*g_(1,6_,nu13)*FT1*g_(1,q1)*g_(2,nu14)*FT2(g6)*cFT(nu9,XX,i2,
         iufo3)*cFT(g7,XX,iufo3,i3)*flavourTag(fe,j11,j12)*Vec(nu14,q3)*Vec(
         nu9,q2)*Vec(nu13,q2)*p4.p4^2*d^-1*xiw*xiz*ufoGC58^2*ufoGC76*ufoGC69
          + 1/8*g_(1,6_,nu13)*FT1*g_(1,q1)*g_(2,nu14)*FT2(g6)*cFT(nu9,XX,i2,
         iufo3)*cFT(g7,XX,iufo3,i3)*flavourTag(fe,j11,j12)*Vec(nu14,q3)*Vec(
         nu9,q2)*Vec(nu13,q3)*p4.p4^2*d^-1*xiw*xiz*ufoGC58^2*ufoGC76*ufoGC69
          - 1/8*g_(1,6_,nu13)*FT1*g_(1,q1)*g_(2,nu14)*FT2(g6)*cFT(nu9,XX,i2,
         iufo3)*cFT(g7,XX,iufo3,i3)*flavourTag(fe,j11,j12)*Vec(nu14,q3)*Vec(
         nu9,q3)*Vec(nu10,q2)^2*Vec(nu13,q2)*p4.p4*d^-1*xiw*xiz*ufoGC58^2*
         ufoGC76*ufoGC69
          - 1/8*g_(1,6_,nu13)*FT1*g_(1,q1)*g_(2,nu14)*FT2(g6)*cFT(nu9,XX,i2,
         iufo3)*cFT(g7,XX,iufo3,i3)*flavourTag(fe,j11,j12)*Vec(nu14,q3)*Vec(
         nu9,q3)*Vec(nu10,q2)^2*Vec(nu13,q3)*p4.p4*d^-1*xiw*xiz*ufoGC58^2*
         ufoGC76*ufoGC69
          - 1/4*g_(1,6_,nu13)*FT1*g_(1,q1)*g_(2,nu14)*FT2(g6)*cFT(nu9,XX,i2,
         iufo3)*cFT(g7,XX,iufo3,i3)*flavourTag(fe,j11,j12)*Vec(nu14,q3)*Vec(
         nu9,q3)*Vec(nu10,q2)*Vec(nu10,q3)*Vec(nu13,q2)*p4.p4*d^-1*xiw*xiz*
         ufoGC58^2*ufoGC76*ufoGC69
          - 1/4*g_(1,6_,nu13)*FT1*g_(1,q1)*g_(2,nu14)*FT2(g6)*cFT(nu9,XX,i2,
         iufo3)*cFT(g7,XX,iufo3,i3)*flavourTag(fe,j11,j12)*Vec(nu14,q3)*Vec(
         nu9,q3)*Vec(nu10,q2)*Vec(nu10,q3)*Vec(nu13,q3)*p4.p4*d^-1*xiw*xiz*
         ufoGC58^2*ufoGC76*ufoGC69
          - 1/8*g_(1,6_,nu13)*FT1*g_(1,q1)*g_(2,nu14)*FT2(g6)*cFT(nu9,XX,i2,
         iufo3)*cFT(g7,XX,iufo3,i3)*flavourTag(fe,j11,j12)*Vec(nu14,q3)*Vec(
         nu9,q3)*Vec(nu10,q3)^2*Vec(nu13,q2)*p4.p4*d^-1*xiw*xiz*ufoGC58^2*
         ufoGC76*ufoGC69
          - 1/8*g_(1,6_,nu13)*FT1*g_(1,q1)*g_(2,nu14)*FT2(g6)*cFT(nu9,XX,i2,
         iufo3)*cFT(g7,XX,iufo3,i3)*flavourTag(fe,j11,j12)*Vec(nu14,q3)*Vec(
         nu9,q3)*Vec(nu10,q3)^2*Vec(nu13,q3)*p4.p4*d^-1*xiw*xiz*ufoGC58^2*
         ufoGC76*ufoGC69
          + 1/8*g_(1,6_,nu13)*FT1*g_(1,q1)*g_(2,nu14)*FT2(g6)*cFT(nu9,XX,i2,
         iufo3)*cFT(g7,XX,iufo3,i3)*flavourTag(fe,j11,j12)*Vec(nu14,q3)*Vec(
         nu9,q3)*Vec(nu13,q2)*p4.p4^2*d^-1*xiw*xiz*ufoGC58^2*ufoGC76*ufoGC69
          + 1/8*g_(1,6_,nu13)*FT1*g_(1,q1)*g_(2,nu14)*FT2(g6)*cFT(nu9,XX,i2,
         iufo3)*cFT(g7,XX,iufo3,i3)*flavourTag(fe,j11,j12)*Vec(nu14,q3)*Vec(
         nu9,q3)*Vec(nu13,q3)*p4.p4^2*d^-1*xiw*xiz*ufoGC58^2*ufoGC76*ufoGC69
          - 1/4*g_(1,6_,nu13)*FT1*g_(1,q1)*g_(2,nu10)*FT2(g6)*cFT(nu9,XX,i2,
         iufo3)*cFT(g7,XX,iufo3,i3)/(d^3 + d^2 - 2*d)*flavourTag(fe,j11,j12)*
         Vec(nu9,q2)*Vec(nu10,q2)*Vec(nu13,q2)*p4.p4^2*d*xiw*xiz*ufoGC58^2*
         ufoGC76*ufoGC69
          + 1/4*g_(1,6_,nu13)*FT1*g_(1,q1)*g_(2,nu10)*FT2(g6)*cFT(nu9,XX,i2,
         iufo3)*cFT(g7,XX,iufo3,i3)/(d^3 + d^2 - 2*d)*flavourTag(fe,j11,j12)*
         Vec(nu9,q2)*Vec(nu10,q2)*Vec(nu13,q2)*p4.p4^2*xiw*xiz*ufoGC58^2*
         ufoGC76*ufoGC69
          - 1/4*g_(1,6_,nu13)*FT1*g_(1,q1)*g_(2,nu10)*FT2(g6)*cFT(nu9,XX,i2,
         iufo3)*cFT(g7,XX,iufo3,i3)/(d^3 + d^2 - 2*d)*flavourTag(fe,j11,j12)*
         Vec(nu9,q2)*Vec(nu10,q2)*Vec(nu13,q3)*p4.p4^2*d*xiw*xiz*ufoGC58^2*
         ufoGC76*ufoGC69
          + 1/4*g_(1,6_,nu13)*FT1*g_(1,q1)*g_(2,nu10)*FT2(g6)*cFT(nu9,XX,i2,
         iufo3)*cFT(g7,XX,iufo3,i3)/(d^3 + d^2 - 2*d)*flavourTag(fe,j11,j12)*
         Vec(nu9,q2)*Vec(nu10,q2)*Vec(nu13,q3)*p4.p4^2*xiw*xiz*ufoGC58^2*
         ufoGC76*ufoGC69
          - 1/4*g_(1,6_,nu13)*FT1*g_(1,q1)*g_(2,nu10)*FT2(g6)*cFT(nu9,XX,i2,
         iufo3)*cFT(g7,XX,iufo3,i3)/(d^3 + d^2 - 2*d)*flavourTag(fe,j11,j12)*
         Vec(nu9,q2)*Vec(nu10,q3)*Vec(nu13,q2)*p4.p4^2*d*xiw*xiz*ufoGC58^2*
         ufoGC76*ufoGC69
          + 1/4*g_(1,6_,nu13)*FT1*g_(1,q1)*g_(2,nu10)*FT2(g6)*cFT(nu9,XX,i2,
         iufo3)*cFT(g7,XX,iufo3,i3)/(d^3 + d^2 - 2*d)*flavourTag(fe,j11,j12)*
         Vec(nu9,q2)*Vec(nu10,q3)*Vec(nu13,q2)*p4.p4^2*xiw*xiz*ufoGC58^2*
         ufoGC76*ufoGC69
          - 1/4*g_(1,6_,nu13)*FT1*g_(1,q1)*g_(2,nu10)*FT2(g6)*cFT(nu9,XX,i2,
         iufo3)*cFT(g7,XX,iufo3,i3)/(d^3 + d^2 - 2*d)*flavourTag(fe,j11,j12)*
         Vec(nu9,q2)*Vec(nu10,q3)*Vec(nu13,q3)*p4.p4^2*d*xiw*xiz*ufoGC58^2*
         ufoGC76*ufoGC69
          + 1/4*g_(1,6_,nu13)*FT1*g_(1,q1)*g_(2,nu10)*FT2(g6)*cFT(nu9,XX,i2,
         iufo3)*cFT(g7,XX,iufo3,i3)/(d^3 + d^2 - 2*d)*flavourTag(fe,j11,j12)*
         Vec(nu9,q2)*Vec(nu10,q3)*Vec(nu13,q3)*p4.p4^2*xiw*xiz*ufoGC58^2*
         ufoGC76*ufoGC69
          - 1/4*g_(1,6_,nu13)*FT1*g_(1,q1)*g_(2,nu10)*FT2(g6)*cFT(nu9,XX,i2,
         iufo3)*cFT(g7,XX,iufo3,i3)/(d^3 + d^2 - 2*d)*flavourTag(fe,j11,j12)*
         Vec(nu9,q3)*Vec(nu10,q2)*Vec(nu13,q2)*p4.p4^2*d*xiw*xiz*ufoGC58^2*
         ufoGC76*ufoGC69
          + 1/4*g_(1,6_,nu13)*FT1*g_(1,q1)*g_(2,nu10)*FT2(g6)*cFT(nu9,XX,i2,
         iufo3)*cFT(g7,XX,iufo3,i3)/(d^3 + d^2 - 2*d)*flavourTag(fe,j11,j12)*
         Vec(nu9,q3)*Vec(nu10,q2)*Vec(nu13,q2)*p4.p4^2*xiw*xiz*ufoGC58^2*
         ufoGC76*ufoGC69
          - 1/4*g_(1,6_,nu13)*FT1*g_(1,q1)*g_(2,nu10)*FT2(g6)*cFT(nu9,XX,i2,
         iufo3)*cFT(g7,XX,iufo3,i3)/(d^3 + d^2 - 2*d)*flavourTag(fe,j11,j12)*
         Vec(nu9,q3)*Vec(nu10,q2)*Vec(nu13,q3)*p4.p4^2*d*xiw*xiz*ufoGC58^2*
         ufoGC76*ufoGC69
          + 1/4*g_(1,6_,nu13)*FT1*g_(1,q1)*g_(2,nu10)*FT2(g6)*cFT(nu9,XX,i2,
         iufo3)*cFT(g7,XX,iufo3,i3)/(d^3 + d^2 - 2*d)*flavourTag(fe,j11,j12)*
         Vec(nu9,q3)*Vec(nu10,q2)*Vec(nu13,q3)*p4.p4^2*xiw*xiz*ufoGC58^2*
         ufoGC76*ufoGC69
          - 1/4*g_(1,6_,nu13)*FT1*g_(1,q1)*g_(2,nu10)*FT2(g6)*cFT(nu9,XX,i2,
         iufo3)*cFT(g7,XX,iufo3,i3)/(d^3 + d^2 - 2*d)*flavourTag(fe,j11,j12)*
         Vec(nu9,q3)*Vec(nu10,q3)*Vec(nu13,q2)*p4.p4^2*d*xiw*xiz*ufoGC58^2*
         ufoGC76*ufoGC69
          + 1/4*g_(1,6_,nu13)*FT1*g_(1,q1)*g_(2,nu10)*FT2(g6)*cFT(nu9,XX,i2,
         iufo3)*cFT(g7,XX,iufo3,i3)/(d^3 + d^2 - 2*d)*flavourTag(fe,j11,j12)*
         Vec(nu9,q3)*Vec(nu10,q3)*Vec(nu13,q2)*p4.p4^2*xiw*xiz*ufoGC58^2*
         ufoGC76*ufoGC69
          - 1/4*g_(1,6_,nu13)*FT1*g_(1,q1)*g_(2,nu10)*FT2(g6)*cFT(nu9,XX,i2,
         iufo3)*cFT(g7,XX,iufo3,i3)/(d^3 + d^2 - 2*d)*flavourTag(fe,j11,j12)*
         Vec(nu9,q3)*Vec(nu10,q3)*Vec(nu13,q3)*p4.p4^2*d*xiw*xiz*ufoGC58^2*
         ufoGC76*ufoGC69
          + 1/4*g_(1,6_,nu13)*FT1*g_(1,q1)*g_(2,nu10)*FT2(g6)*cFT(nu9,XX,i2,
         iufo3)*cFT(g7,XX,iufo3,i3)/(d^3 + d^2 - 2*d)*flavourTag(fe,j11,j12)*
         Vec(nu9,q3)*Vec(nu10,q3)*Vec(nu13,q3)*p4.p4^2*xiw*xiz*ufoGC58^2*
         ufoGC76*ufoGC69
          + 1/4*g_(1,6_,nu13)*FT1*g_(1,q1)*g_(2,nu15)*FT2(g6)*cFT(nu9,XX,i2,
         iufo3)*cFT(g7,XX,iufo3,i3)/(d^3 + d^2 - 2*d)*flavourTag(fe,j11,j12)*
         Vec(nu9,q2)*Vec(nu13,q2)*Vec(nu15,q2)*p4.p4^2*d*xiw*xiz*ufoGC58^2*
         ufoGC76*ufoGC69
          - 1/4*g_(1,6_,nu13)*FT1*g_(1,q1)*g_(2,nu15)*FT2(g6)*cFT(nu9,XX,i2,
         iufo3)*cFT(g7,XX,iufo3,i3)/(d^3 + d^2 - 2*d)*flavourTag(fe,j11,j12)*
         Vec(nu9,q2)*Vec(nu13,q2)*Vec(nu15,q2)*p4.p4^2*xiw*xiz*ufoGC58^2*
         ufoGC76*ufoGC69
          + 1/4*g_(1,6_,nu13)*FT1*g_(1,q1)*g_(2,nu15)*FT2(g6)*cFT(nu9,XX,i2,
         iufo3)*cFT(g7,XX,iufo3,i3)/(d^3 + d^2 - 2*d)*flavourTag(fe,j11,j12)*
         Vec(nu9,q2)*Vec(nu13,q2)*Vec(nu15,q3)*p4.p4^2*d*xiw*xiz*ufoGC58^2*
         ufoGC76*ufoGC69
          - 1/4*g_(1,6_,nu13)*FT1*g_(1,q1)*g_(2,nu15)*FT2(g6)*cFT(nu9,XX,i2,
         iufo3)*cFT(g7,XX,iufo3,i3)/(d^3 + d^2 - 2*d)*flavourTag(fe,j11,j12)*
         Vec(nu9,q2)*Vec(nu13,q2)*Vec(nu15,q3)*p4.p4^2*xiw*xiz*ufoGC58^2*
         ufoGC76*ufoGC69
          + 1/4*g_(1,6_,nu13)*FT1*g_(1,q1)*g_(2,nu15)*FT2(g6)*cFT(nu9,XX,i2,
         iufo3)*cFT(g7,XX,iufo3,i3)/(d^3 + d^2 - 2*d)*flavourTag(fe,j11,j12)*
         Vec(nu9,q2)*Vec(nu13,q3)*Vec(nu15,q2)*p4.p4^2*d*xiw*xiz*ufoGC58^2*
         ufoGC76*ufoGC69
          - 1/4*g_(1,6_,nu13)*FT1*g_(1,q1)*g_(2,nu15)*FT2(g6)*cFT(nu9,XX,i2,
         iufo3)*cFT(g7,XX,iufo3,i3)/(d^3 + d^2 - 2*d)*flavourTag(fe,j11,j12)*
         Vec(nu9,q2)*Vec(nu13,q3)*Vec(nu15,q2)*p4.p4^2*xiw*xiz*ufoGC58^2*
         ufoGC76*ufoGC69
          + 1/4*g_(1,6_,nu13)*FT1*g_(1,q1)*g_(2,nu15)*FT2(g6)*cFT(nu9,XX,i2,
         iufo3)*cFT(g7,XX,iufo3,i3)/(d^3 + d^2 - 2*d)*flavourTag(fe,j11,j12)*
         Vec(nu9,q2)*Vec(nu13,q3)*Vec(nu15,q3)*p4.p4^2*d*xiw*xiz*ufoGC58^2*
         ufoGC76*ufoGC69
          - 1/4*g_(1,6_,nu13)*FT1*g_(1,q1)*g_(2,nu15)*FT2(g6)*cFT(nu9,XX,i2,
         iufo3)*cFT(g7,XX,iufo3,i3)/(d^3 + d^2 - 2*d)*flavourTag(fe,j11,j12)*
         Vec(nu9,q2)*Vec(nu13,q3)*Vec(nu15,q3)*p4.p4^2*xiw*xiz*ufoGC58^2*
         ufoGC76*ufoGC69
          + 1/4*g_(1,6_,nu13)*FT1*g_(1,q1)*g_(2,nu15)*FT2(g6)*cFT(nu9,XX,i2,
         iufo3)*cFT(g7,XX,iufo3,i3)/(d^3 + d^2 - 2*d)*flavourTag(fe,j11,j12)*
         Vec(nu9,q3)*Vec(nu13,q2)*Vec(nu15,q2)*p4.p4^2*d*xiw*xiz*ufoGC58^2*
         ufoGC76*ufoGC69
          - 1/4*g_(1,6_,nu13)*FT1*g_(1,q1)*g_(2,nu15)*FT2(g6)*cFT(nu9,XX,i2,
         iufo3)*cFT(g7,XX,iufo3,i3)/(d^3 + d^2 - 2*d)*flavourTag(fe,j11,j12)*
         Vec(nu9,q3)*Vec(nu13,q2)*Vec(nu15,q2)*p4.p4^2*xiw*xiz*ufoGC58^2*
         ufoGC76*ufoGC69
          + 1/4*g_(1,6_,nu13)*FT1*g_(1,q1)*g_(2,nu15)*FT2(g6)*cFT(nu9,XX,i2,
         iufo3)*cFT(g7,XX,iufo3,i3)/(d^3 + d^2 - 2*d)*flavourTag(fe,j11,j12)*
         Vec(nu9,q3)*Vec(nu13,q2)*Vec(nu15,q3)*p4.p4^2*d*xiw*xiz*ufoGC58^2*
         ufoGC76*ufoGC69
          - 1/4*g_(1,6_,nu13)*FT1*g_(1,q1)*g_(2,nu15)*FT2(g6)*cFT(nu9,XX,i2,
         iufo3)*cFT(g7,XX,iufo3,i3)/(d^3 + d^2 - 2*d)*flavourTag(fe,j11,j12)*
         Vec(nu9,q3)*Vec(nu13,q2)*Vec(nu15,q3)*p4.p4^2*xiw*xiz*ufoGC58^2*
         ufoGC76*ufoGC69
          + 1/4*g_(1,6_,nu13)*FT1*g_(1,q1)*g_(2,nu15)*FT2(g6)*cFT(nu9,XX,i2,
         iufo3)*cFT(g7,XX,iufo3,i3)/(d^3 + d^2 - 2*d)*flavourTag(fe,j11,j12)*
         Vec(nu9,q3)*Vec(nu13,q3)*Vec(nu15,q2)*p4.p4^2*d*xiw*xiz*ufoGC58^2*
         ufoGC76*ufoGC69
          - 1/4*g_(1,6_,nu13)*FT1*g_(1,q1)*g_(2,nu15)*FT2(g6)*cFT(nu9,XX,i2,
         iufo3)*cFT(g7,XX,iufo3,i3)/(d^3 + d^2 - 2*d)*flavourTag(fe,j11,j12)*
         Vec(nu9,q3)*Vec(nu13,q3)*Vec(nu15,q2)*p4.p4^2*xiw*xiz*ufoGC58^2*
         ufoGC76*ufoGC69
          + 1/4*g_(1,6_,nu13)*FT1*g_(1,q1)*g_(2,nu15)*FT2(g6)*cFT(nu9,XX,i2,
         iufo3)*cFT(g7,XX,iufo3,i3)/(d^3 + d^2 - 2*d)*flavourTag(fe,j11,j12)*
         Vec(nu9,q3)*Vec(nu13,q3)*Vec(nu15,q3)*p4.p4^2*d*xiw*xiz*ufoGC58^2*
         ufoGC76*ufoGC69
          - 1/4*g_(1,6_,nu13)*FT1*g_(1,q1)*g_(2,nu15)*FT2(g6)*cFT(nu9,XX,i2,
         iufo3)*cFT(g7,XX,iufo3,i3)/(d^3 + d^2 - 2*d)*flavourTag(fe,j11,j12)*
         Vec(nu9,q3)*Vec(nu13,q3)*Vec(nu15,q3)*p4.p4^2*xiw*xiz*ufoGC58^2*
         ufoGC76*ufoGC69
          - 1/8*g_(1,6_,nu13)*FT1*g_(1,q2)*g_(2,6_,nu14)*cFT(nu9,XX,i2,iufo3)*
         cFT(g7,XX,iufo3,i3)*flavourTag(fe,j11,j12)*Vec(nu14,q2)*Vec(nu9,q2)*
         Vec(nu10,q2)^2*Vec(nu13,q2)*p4.p4*d^-1*xiw*xiz*ufoGC58^2*ufoGC80*
         ufoGC69
          - 1/8*g_(1,6_,nu13)*FT1*g_(1,q2)*g_(2,6_,nu14)*cFT(nu9,XX,i2,iufo3)*
         cFT(g7,XX,iufo3,i3)*flavourTag(fe,j11,j12)*Vec(nu14,q2)*Vec(nu9,q2)*
         Vec(nu10,q2)^2*Vec(nu13,q3)*p4.p4*d^-1*xiw*xiz*ufoGC58^2*ufoGC80*
         ufoGC69
          - 1/4*g_(1,6_,nu13)*FT1*g_(1,q2)*g_(2,6_,nu14)*cFT(nu9,XX,i2,iufo3)*
         cFT(g7,XX,iufo3,i3)*flavourTag(fe,j11,j12)*Vec(nu14,q2)*Vec(nu9,q2)*
         Vec(nu10,q2)*Vec(nu10,q3)*Vec(nu13,q2)*p4.p4*d^-1*xiw*xiz*ufoGC58^2*
         ufoGC80*ufoGC69
          - 1/4*g_(1,6_,nu13)*FT1*g_(1,q2)*g_(2,6_,nu14)*cFT(nu9,XX,i2,iufo3)*
         cFT(g7,XX,iufo3,i3)*flavourTag(fe,j11,j12)*Vec(nu14,q2)*Vec(nu9,q2)*
         Vec(nu10,q2)*Vec(nu10,q3)*Vec(nu13,q3)*p4.p4*d^-1*xiw*xiz*ufoGC58^2*
         ufoGC80*ufoGC69
          - 1/8*g_(1,6_,nu13)*FT1*g_(1,q2)*g_(2,6_,nu14)*cFT(nu9,XX,i2,iufo3)*
         cFT(g7,XX,iufo3,i3)*flavourTag(fe,j11,j12)*Vec(nu14,q2)*Vec(nu9,q2)*
         Vec(nu10,q3)^2*Vec(nu13,q2)*p4.p4*d^-1*xiw*xiz*ufoGC58^2*ufoGC80*
         ufoGC69
          - 1/8*g_(1,6_,nu13)*FT1*g_(1,q2)*g_(2,6_,nu14)*cFT(nu9,XX,i2,iufo3)*
         cFT(g7,XX,iufo3,i3)*flavourTag(fe,j11,j12)*Vec(nu14,q2)*Vec(nu9,q2)*
         Vec(nu10,q3)^2*Vec(nu13,q3)*p4.p4*d^-1*xiw*xiz*ufoGC58^2*ufoGC80*
         ufoGC69
          + 1/8*g_(1,6_,nu13)*FT1*g_(1,q2)*g_(2,6_,nu14)*cFT(nu9,XX,i2,iufo3)*
         cFT(g7,XX,iufo3,i3)*flavourTag(fe,j11,j12)*Vec(nu14,q2)*Vec(nu9,q2)*
         Vec(nu13,q2)*p4.p4^2*d^-1*xiw*xiz*ufoGC58^2*ufoGC80*ufoGC69
          + 1/8*g_(1,6_,nu13)*FT1*g_(1,q2)*g_(2,6_,nu14)*cFT(nu9,XX,i2,iufo3)*
         cFT(g7,XX,iufo3,i3)*flavourTag(fe,j11,j12)*Vec(nu14,q2)*Vec(nu9,q2)*
         Vec(nu13,q3)*p4.p4^2*d^-1*xiw*xiz*ufoGC58^2*ufoGC80*ufoGC69
          - 1/8*g_(1,6_,nu13)*FT1*g_(1,q2)*g_(2,6_,nu14)*cFT(nu9,XX,i2,iufo3)*
         cFT(g7,XX,iufo3,i3)*flavourTag(fe,j11,j12)*Vec(nu14,q2)*Vec(nu9,q3)*
         Vec(nu10,q2)^2*Vec(nu13,q2)*p4.p4*d^-1*xiw*xiz*ufoGC58^2*ufoGC80*
         ufoGC69
          - 1/8*g_(1,6_,nu13)*FT1*g_(1,q2)*g_(2,6_,nu14)*cFT(nu9,XX,i2,iufo3)*
         cFT(g7,XX,iufo3,i3)*flavourTag(fe,j11,j12)*Vec(nu14,q2)*Vec(nu9,q3)*
         Vec(nu10,q2)^2*Vec(nu13,q3)*p4.p4*d^-1*xiw*xiz*ufoGC58^2*ufoGC80*
         ufoGC69
          - 1/4*g_(1,6_,nu13)*FT1*g_(1,q2)*g_(2,6_,nu14)*cFT(nu9,XX,i2,iufo3)*
         cFT(g7,XX,iufo3,i3)*flavourTag(fe,j11,j12)*Vec(nu14,q2)*Vec(nu9,q3)*
         Vec(nu10,q2)*Vec(nu10,q3)*Vec(nu13,q2)*p4.p4*d^-1*xiw*xiz*ufoGC58^2*
         ufoGC80*ufoGC69
          - 1/4*g_(1,6_,nu13)*FT1*g_(1,q2)*g_(2,6_,nu14)*cFT(nu9,XX,i2,iufo3)*
         cFT(g7,XX,iufo3,i3)*flavourTag(fe,j11,j12)*Vec(nu14,q2)*Vec(nu9,q3)*
         Vec(nu10,q2)*Vec(nu10,q3)*Vec(nu13,q3)*p4.p4*d^-1*xiw*xiz*ufoGC58^2*
         ufoGC80*ufoGC69
          - 1/8*g_(1,6_,nu13)*FT1*g_(1,q2)*g_(2,6_,nu14)*cFT(nu9,XX,i2,iufo3)*
         cFT(g7,XX,iufo3,i3)*flavourTag(fe,j11,j12)*Vec(nu14,q2)*Vec(nu9,q3)*
         Vec(nu10,q3)^2*Vec(nu13,q2)*p4.p4*d^-1*xiw*xiz*ufoGC58^2*ufoGC80*
         ufoGC69
          - 1/8*g_(1,6_,nu13)*FT1*g_(1,q2)*g_(2,6_,nu14)*cFT(nu9,XX,i2,iufo3)*
         cFT(g7,XX,iufo3,i3)*flavourTag(fe,j11,j12)*Vec(nu14,q2)*Vec(nu9,q3)*
         Vec(nu10,q3)^2*Vec(nu13,q3)*p4.p4*d^-1*xiw*xiz*ufoGC58^2*ufoGC80*
         ufoGC69
          + 1/8*g_(1,6_,nu13)*FT1*g_(1,q2)*g_(2,6_,nu14)*cFT(nu9,XX,i2,iufo3)*
         cFT(g7,XX,iufo3,i3)*flavourTag(fe,j11,j12)*Vec(nu14,q2)*Vec(nu9,q3)*
         Vec(nu13,q2)*p4.p4^2*d^-1*xiw*xiz*ufoGC58^2*ufoGC80*ufoGC69
          + 1/8*g_(1,6_,nu13)*FT1*g_(1,q2)*g_(2,6_,nu14)*cFT(nu9,XX,i2,iufo3)*
         cFT(g7,XX,iufo3,i3)*flavourTag(fe,j11,j12)*Vec(nu14,q2)*Vec(nu9,q3)*
         Vec(nu13,q3)*p4.p4^2*d^-1*xiw*xiz*ufoGC58^2*ufoGC80*ufoGC69
          - 1/8*g_(1,6_,nu13)*FT1*g_(1,q2)*g_(2,6_,nu14)*cFT(nu9,XX,i2,iufo3)*
         cFT(g7,XX,iufo3,i3)*flavourTag(fe,j11,j12)*Vec(nu14,q3)*Vec(nu9,q2)*
         Vec(nu10,q2)^2*Vec(nu13,q2)*p4.p4*d^-1*xiw*xiz*ufoGC58^2*ufoGC80*
         ufoGC69
          - 1/8*g_(1,6_,nu13)*FT1*g_(1,q2)*g_(2,6_,nu14)*cFT(nu9,XX,i2,iufo3)*
         cFT(g7,XX,iufo3,i3)*flavourTag(fe,j11,j12)*Vec(nu14,q3)*Vec(nu9,q2)*
         Vec(nu10,q2)^2*Vec(nu13,q3)*p4.p4*d^-1*xiw*xiz*ufoGC58^2*ufoGC80*
         ufoGC69
          - 1/4*g_(1,6_,nu13)*FT1*g_(1,q2)*g_(2,6_,nu14)*cFT(nu9,XX,i2,iufo3)*
         cFT(g7,XX,iufo3,i3)*flavourTag(fe,j11,j12)*Vec(nu14,q3)*Vec(nu9,q2)*
         Vec(nu10,q2)*Vec(nu10,q3)*Vec(nu13,q2)*p4.p4*d^-1*xiw*xiz*ufoGC58^2*
         ufoGC80*ufoGC69
          - 1/4*g_(1,6_,nu13)*FT1*g_(1,q2)*g_(2,6_,nu14)*cFT(nu9,XX,i2,iufo3)*
         cFT(g7,XX,iufo3,i3)*flavourTag(fe,j11,j12)*Vec(nu14,q3)*Vec(nu9,q2)*
         Vec(nu10,q2)*Vec(nu10,q3)*Vec(nu13,q3)*p4.p4*d^-1*xiw*xiz*ufoGC58^2*
         ufoGC80*ufoGC69
          - 1/8*g_(1,6_,nu13)*FT1*g_(1,q2)*g_(2,6_,nu14)*cFT(nu9,XX,i2,iufo3)*
         cFT(g7,XX,iufo3,i3)*flavourTag(fe,j11,j12)*Vec(nu14,q3)*Vec(nu9,q2)*
         Vec(nu10,q3)^2*Vec(nu13,q2)*p4.p4*d^-1*xiw*xiz*ufoGC58^2*ufoGC80*
         ufoGC69
          - 1/8*g_(1,6_,nu13)*FT1*g_(1,q2)*g_(2,6_,nu14)*cFT(nu9,XX,i2,iufo3)*
         cFT(g7,XX,iufo3,i3)*flavourTag(fe,j11,j12)*Vec(nu14,q3)*Vec(nu9,q2)*
         Vec(nu10,q3)^2*Vec(nu13,q3)*p4.p4*d^-1*xiw*xiz*ufoGC58^2*ufoGC80*
         ufoGC69
          + 1/8*g_(1,6_,nu13)*FT1*g_(1,q2)*g_(2,6_,nu14)*cFT(nu9,XX,i2,iufo3)*
         cFT(g7,XX,iufo3,i3)*flavourTag(fe,j11,j12)*Vec(nu14,q3)*Vec(nu9,q2)*
         Vec(nu13,q2)*p4.p4^2*d^-1*xiw*xiz*ufoGC58^2*ufoGC80*ufoGC69
          + 1/8*g_(1,6_,nu13)*FT1*g_(1,q2)*g_(2,6_,nu14)*cFT(nu9,XX,i2,iufo3)*
         cFT(g7,XX,iufo3,i3)*flavourTag(fe,j11,j12)*Vec(nu14,q3)*Vec(nu9,q2)*
         Vec(nu13,q3)*p4.p4^2*d^-1*xiw*xiz*ufoGC58^2*ufoGC80*ufoGC69
          - 1/8*g_(1,6_,nu13)*FT1*g_(1,q2)*g_(2,6_,nu14)*cFT(nu9,XX,i2,iufo3)*
         cFT(g7,XX,iufo3,i3)*flavourTag(fe,j11,j12)*Vec(nu14,q3)*Vec(nu9,q3)*
         Vec(nu10,q2)^2*Vec(nu13,q2)*p4.p4*d^-1*xiw*xiz*ufoGC58^2*ufoGC80*
         ufoGC69
          - 1/8*g_(1,6_,nu13)*FT1*g_(1,q2)*g_(2,6_,nu14)*cFT(nu9,XX,i2,iufo3)*
         cFT(g7,XX,iufo3,i3)*flavourTag(fe,j11,j12)*Vec(nu14,q3)*Vec(nu9,q3)*
         Vec(nu10,q2)^2*Vec(nu13,q3)*p4.p4*d^-1*xiw*xiz*ufoGC58^2*ufoGC80*
         ufoGC69
          - 1/4*g_(1,6_,nu13)*FT1*g_(1,q2)*g_(2,6_,nu14)*cFT(nu9,XX,i2,iufo3)*
         cFT(g7,XX,iufo3,i3)*flavourTag(fe,j11,j12)*Vec(nu14,q3)*Vec(nu9,q3)*
         Vec(nu10,q2)*Vec(nu10,q3)*Vec(nu13,q2)*p4.p4*d^-1*xiw*xiz*ufoGC58^2*
         ufoGC80*ufoGC69
          - 1/4*g_(1,6_,nu13)*FT1*g_(1,q2)*g_(2,6_,nu14)*cFT(nu9,XX,i2,iufo3)*
         cFT(g7,XX,iufo3,i3)*flavourTag(fe,j11,j12)*Vec(nu14,q3)*Vec(nu9,q3)*
         Vec(nu10,q2)*Vec(nu10,q3)*Vec(nu13,q3)*p4.p4*d^-1*xiw*xiz*ufoGC58^2*
         ufoGC80*ufoGC69
          - 1/8*g_(1,6_,nu13)*FT1*g_(1,q2)*g_(2,6_,nu14)*cFT(nu9,XX,i2,iufo3)*
         cFT(g7,XX,iufo3,i3)*flavourTag(fe,j11,j12)*Vec(nu14,q3)*Vec(nu9,q3)*
         Vec(nu10,q3)^2*Vec(nu13,q2)*p4.p4*d^-1*xiw*xiz*ufoGC58^2*ufoGC80*
         ufoGC69
          - 1/8*g_(1,6_,nu13)*FT1*g_(1,q2)*g_(2,6_,nu14)*cFT(nu9,XX,i2,iufo3)*
         cFT(g7,XX,iufo3,i3)*flavourTag(fe,j11,j12)*Vec(nu14,q3)*Vec(nu9,q3)*
         Vec(nu10,q3)^2*Vec(nu13,q3)*p4.p4*d^-1*xiw*xiz*ufoGC58^2*ufoGC80*
         ufoGC69
          + 1/8*g_(1,6_,nu13)*FT1*g_(1,q2)*g_(2,6_,nu14)*cFT(nu9,XX,i2,iufo3)*
         cFT(g7,XX,iufo3,i3)*flavourTag(fe,j11,j12)*Vec(nu14,q3)*Vec(nu9,q3)*
         Vec(nu13,q2)*p4.p4^2*d^-1*xiw*xiz*ufoGC58^2*ufoGC80*ufoGC69
          + 1/8*g_(1,6_,nu13)*FT1*g_(1,q2)*g_(2,6_,nu14)*cFT(nu9,XX,i2,iufo3)*
         cFT(g7,XX,iufo3,i3)*flavourTag(fe,j11,j12)*Vec(nu14,q3)*Vec(nu9,q3)*
         Vec(nu13,q3)*p4.p4^2*d^-1*xiw*xiz*ufoGC58^2*ufoGC80*ufoGC69
          - 1/4*g_(1,6_,nu13)*FT1*g_(1,q2)*g_(2,6_,nu10)*cFT(nu9,XX,i2,iufo3)*
         cFT(g7,XX,iufo3,i3)/(d^3 + d^2 - 2*d)*flavourTag(fe,j11,j12)*Vec(nu9,
         q2)*Vec(nu10,q2)*Vec(nu13,q2)*p4.p4^2*d*xiw*xiz*ufoGC58^2*ufoGC80*
         ufoGC69
          + 1/4*g_(1,6_,nu13)*FT1*g_(1,q2)*g_(2,6_,nu10)*cFT(nu9,XX,i2,iufo3)*
         cFT(g7,XX,iufo3,i3)/(d^3 + d^2 - 2*d)*flavourTag(fe,j11,j12)*Vec(nu9,
         q2)*Vec(nu10,q2)*Vec(nu13,q2)*p4.p4^2*xiw*xiz*ufoGC58^2*ufoGC80*
         ufoGC69
          - 1/4*g_(1,6_,nu13)*FT1*g_(1,q2)*g_(2,6_,nu10)*cFT(nu9,XX,i2,iufo3)*
         cFT(g7,XX,iufo3,i3)/(d^3 + d^2 - 2*d)*flavourTag(fe,j11,j12)*Vec(nu9,
         q2)*Vec(nu10,q2)*Vec(nu13,q3)*p4.p4^2*d*xiw*xiz*ufoGC58^2*ufoGC80*
         ufoGC69
          + 1/4*g_(1,6_,nu13)*FT1*g_(1,q2)*g_(2,6_,nu10)*cFT(nu9,XX,i2,iufo3)*
         cFT(g7,XX,iufo3,i3)/(d^3 + d^2 - 2*d)*flavourTag(fe,j11,j12)*Vec(nu9,
         q2)*Vec(nu10,q2)*Vec(nu13,q3)*p4.p4^2*xiw*xiz*ufoGC58^2*ufoGC80*
         ufoGC69
          - 1/4*g_(1,6_,nu13)*FT1*g_(1,q2)*g_(2,6_,nu10)*cFT(nu9,XX,i2,iufo3)*
         cFT(g7,XX,iufo3,i3)/(d^3 + d^2 - 2*d)*flavourTag(fe,j11,j12)*Vec(nu9,
         q2)*Vec(nu10,q3)*Vec(nu13,q2)*p4.p4^2*d*xiw*xiz*ufoGC58^2*ufoGC80*
         ufoGC69
          + 1/4*g_(1,6_,nu13)*FT1*g_(1,q2)*g_(2,6_,nu10)*cFT(nu9,XX,i2,iufo3)*
         cFT(g7,XX,iufo3,i3)/(d^3 + d^2 - 2*d)*flavourTag(fe,j11,j12)*Vec(nu9,
         q2)*Vec(nu10,q3)*Vec(nu13,q2)*p4.p4^2*xiw*xiz*ufoGC58^2*ufoGC80*
         ufoGC69
          - 1/4*g_(1,6_,nu13)*FT1*g_(1,q2)*g_(2,6_,nu10)*cFT(nu9,XX,i2,iufo3)*
         cFT(g7,XX,iufo3,i3)/(d^3 + d^2 - 2*d)*flavourTag(fe,j11,j12)*Vec(nu9,
         q2)*Vec(nu10,q3)*Vec(nu13,q3)*p4.p4^2*d*xiw*xiz*ufoGC58^2*ufoGC80*
         ufoGC69
          + 1/4*g_(1,6_,nu13)*FT1*g_(1,q2)*g_(2,6_,nu10)*cFT(nu9,XX,i2,iufo3)*
         cFT(g7,XX,iufo3,i3)/(d^3 + d^2 - 2*d)*flavourTag(fe,j11,j12)*Vec(nu9,
         q2)*Vec(nu10,q3)*Vec(nu13,q3)*p4.p4^2*xiw*xiz*ufoGC58^2*ufoGC80*
         ufoGC69
          - 1/4*g_(1,6_,nu13)*FT1*g_(1,q2)*g_(2,6_,nu10)*cFT(nu9,XX,i2,iufo3)*
         cFT(g7,XX,iufo3,i3)/(d^3 + d^2 - 2*d)*flavourTag(fe,j11,j12)*Vec(nu9,
         q3)*Vec(nu10,q2)*Vec(nu13,q2)*p4.p4^2*d*xiw*xiz*ufoGC58^2*ufoGC80*
         ufoGC69
          + 1/4*g_(1,6_,nu13)*FT1*g_(1,q2)*g_(2,6_,nu10)*cFT(nu9,XX,i2,iufo3)*
         cFT(g7,XX,iufo3,i3)/(d^3 + d^2 - 2*d)*flavourTag(fe,j11,j12)*Vec(nu9,
         q3)*Vec(nu10,q2)*Vec(nu13,q2)*p4.p4^2*xiw*xiz*ufoGC58^2*ufoGC80*
         ufoGC69
          - 1/4*g_(1,6_,nu13)*FT1*g_(1,q2)*g_(2,6_,nu10)*cFT(nu9,XX,i2,iufo3)*
         cFT(g7,XX,iufo3,i3)/(d^3 + d^2 - 2*d)*flavourTag(fe,j11,j12)*Vec(nu9,
         q3)*Vec(nu10,q2)*Vec(nu13,q3)*p4.p4^2*d*xiw*xiz*ufoGC58^2*ufoGC80*
         ufoGC69
          + 1/4*g_(1,6_,nu13)*FT1*g_(1,q2)*g_(2,6_,nu10)*cFT(nu9,XX,i2,iufo3)*
         cFT(g7,XX,iufo3,i3)/(d^3 + d^2 - 2*d)*flavourTag(fe,j11,j12)*Vec(nu9,
         q3)*Vec(nu10,q2)*Vec(nu13,q3)*p4.p4^2*xiw*xiz*ufoGC58^2*ufoGC80*
         ufoGC69
          - 1/4*g_(1,6_,nu13)*FT1*g_(1,q2)*g_(2,6_,nu10)*cFT(nu9,XX,i2,iufo3)*
         cFT(g7,XX,iufo3,i3)/(d^3 + d^2 - 2*d)*flavourTag(fe,j11,j12)*Vec(nu9,
         q3)*Vec(nu10,q3)*Vec(nu13,q2)*p4.p4^2*d*xiw*xiz*ufoGC58^2*ufoGC80*
         ufoGC69
          + 1/4*g_(1,6_,nu13)*FT1*g_(1,q2)*g_(2,6_,nu10)*cFT(nu9,XX,i2,iufo3)*
         cFT(g7,XX,iufo3,i3)/(d^3 + d^2 - 2*d)*flavourTag(fe,j11,j12)*Vec(nu9,
         q3)*Vec(nu10,q3)*Vec(nu13,q2)*p4.p4^2*xiw*xiz*ufoGC58^2*ufoGC80*
         ufoGC69
          - 1/4*g_(1,6_,nu13)*FT1*g_(1,q2)*g_(2,6_,nu10)*cFT(nu9,XX,i2,iufo3)*
         cFT(g7,XX,iufo3,i3)/(d^3 + d^2 - 2*d)*flavourTag(fe,j11,j12)*Vec(nu9,
         q3)*Vec(nu10,q3)*Vec(nu13,q3)*p4.p4^2*d*xiw*xiz*ufoGC58^2*ufoGC80*
         ufoGC69
          + 1/4*g_(1,6_,nu13)*FT1*g_(1,q2)*g_(2,6_,nu10)*cFT(nu9,XX,i2,iufo3)*
         cFT(g7,XX,iufo3,i3)/(d^3 + d^2 - 2*d)*flavourTag(fe,j11,j12)*Vec(nu9,
         q3)*Vec(nu10,q3)*Vec(nu13,q3)*p4.p4^2*xiw*xiz*ufoGC58^2*ufoGC80*
         ufoGC69
          + 1/4*g_(1,6_,nu13)*FT1*g_(1,q2)*g_(2,6_,nu15)*cFT(nu9,XX,i2,iufo3)*
         cFT(g7,XX,iufo3,i3)/(d^3 + d^2 - 2*d)*flavourTag(fe,j11,j12)*Vec(nu9,
         q2)*Vec(nu13,q2)*Vec(nu15,q2)*p4.p4^2*d*xiw*xiz*ufoGC58^2*ufoGC80*
         ufoGC69
          - 1/4*g_(1,6_,nu13)*FT1*g_(1,q2)*g_(2,6_,nu15)*cFT(nu9,XX,i2,iufo3)*
         cFT(g7,XX,iufo3,i3)/(d^3 + d^2 - 2*d)*flavourTag(fe,j11,j12)*Vec(nu9,
         q2)*Vec(nu13,q2)*Vec(nu15,q2)*p4.p4^2*xiw*xiz*ufoGC58^2*ufoGC80*
         ufoGC69
          + 1/4*g_(1,6_,nu13)*FT1*g_(1,q2)*g_(2,6_,nu15)*cFT(nu9,XX,i2,iufo3)*
         cFT(g7,XX,iufo3,i3)/(d^3 + d^2 - 2*d)*flavourTag(fe,j11,j12)*Vec(nu9,
         q2)*Vec(nu13,q2)*Vec(nu15,q3)*p4.p4^2*d*xiw*xiz*ufoGC58^2*ufoGC80*
         ufoGC69
          - 1/4*g_(1,6_,nu13)*FT1*g_(1,q2)*g_(2,6_,nu15)*cFT(nu9,XX,i2,iufo3)*
         cFT(g7,XX,iufo3,i3)/(d^3 + d^2 - 2*d)*flavourTag(fe,j11,j12)*Vec(nu9,
         q2)*Vec(nu13,q2)*Vec(nu15,q3)*p4.p4^2*xiw*xiz*ufoGC58^2*ufoGC80*
         ufoGC69
          + 1/4*g_(1,6_,nu13)*FT1*g_(1,q2)*g_(2,6_,nu15)*cFT(nu9,XX,i2,iufo3)*
         cFT(g7,XX,iufo3,i3)/(d^3 + d^2 - 2*d)*flavourTag(fe,j11,j12)*Vec(nu9,
         q2)*Vec(nu13,q3)*Vec(nu15,q2)*p4.p4^2*d*xiw*xiz*ufoGC58^2*ufoGC80*
         ufoGC69
          - 1/4*g_(1,6_,nu13)*FT1*g_(1,q2)*g_(2,6_,nu15)*cFT(nu9,XX,i2,iufo3)*
         cFT(g7,XX,iufo3,i3)/(d^3 + d^2 - 2*d)*flavourTag(fe,j11,j12)*Vec(nu9,
         q2)*Vec(nu13,q3)*Vec(nu15,q2)*p4.p4^2*xiw*xiz*ufoGC58^2*ufoGC80*
         ufoGC69
          + 1/4*g_(1,6_,nu13)*FT1*g_(1,q2)*g_(2,6_,nu15)*cFT(nu9,XX,i2,iufo3)*
         cFT(g7,XX,iufo3,i3)/(d^3 + d^2 - 2*d)*flavourTag(fe,j11,j12)*Vec(nu9,
         q2)*Vec(nu13,q3)*Vec(nu15,q3)*p4.p4^2*d*xiw*xiz*ufoGC58^2*ufoGC80*
         ufoGC69
          - 1/4*g_(1,6_,nu13)*FT1*g_(1,q2)*g_(2,6_,nu15)*cFT(nu9,XX,i2,iufo3)*
         cFT(g7,XX,iufo3,i3)/(d^3 + d^2 - 2*d)*flavourTag(fe,j11,j12)*Vec(nu9,
         q2)*Vec(nu13,q3)*Vec(nu15,q3)*p4.p4^2*xiw*xiz*ufoGC58^2*ufoGC80*
         ufoGC69
          + 1/4*g_(1,6_,nu13)*FT1*g_(1,q2)*g_(2,6_,nu15)*cFT(nu9,XX,i2,iufo3)*
         cFT(g7,XX,iufo3,i3)/(d^3 + d^2 - 2*d)*flavourTag(fe,j11,j12)*Vec(nu9,
         q3)*Vec(nu13,q2)*Vec(nu15,q2)*p4.p4^2*d*xiw*xiz*ufoGC58^2*ufoGC80*
         ufoGC69
          - 1/4*g_(1,6_,nu13)*FT1*g_(1,q2)*g_(2,6_,nu15)*cFT(nu9,XX,i2,iufo3)*
         cFT(g7,XX,iufo3,i3)/(d^3 + d^2 - 2*d)*flavourTag(fe,j11,j12)*Vec(nu9,
         q3)*Vec(nu13,q2)*Vec(nu15,q2)*p4.p4^2*xiw*xiz*ufoGC58^2*ufoGC80*
         ufoGC69
          + 1/4*g_(1,6_,nu13)*FT1*g_(1,q2)*g_(2,6_,nu15)*cFT(nu9,XX,i2,iufo3)*
         cFT(g7,XX,iufo3,i3)/(d^3 + d^2 - 2*d)*flavourTag(fe,j11,j12)*Vec(nu9,
         q3)*Vec(nu13,q2)*Vec(nu15,q3)*p4.p4^2*d*xiw*xiz*ufoGC58^2*ufoGC80*
         ufoGC69
          - 1/4*g_(1,6_,nu13)*FT1*g_(1,q2)*g_(2,6_,nu15)*cFT(nu9,XX,i2,iufo3)*
         cFT(g7,XX,iufo3,i3)/(d^3 + d^2 - 2*d)*flavourTag(fe,j11,j12)*Vec(nu9,
         q3)*Vec(nu13,q2)*Vec(nu15,q3)*p4.p4^2*xiw*xiz*ufoGC58^2*ufoGC80*
         ufoGC69
          + 1/4*g_(1,6_,nu13)*FT1*g_(1,q2)*g_(2,6_,nu15)*cFT(nu9,XX,i2,iufo3)*
         cFT(g7,XX,iufo3,i3)/(d^3 + d^2 - 2*d)*flavourTag(fe,j11,j12)*Vec(nu9,
         q3)*Vec(nu13,q3)*Vec(nu15,q2)*p4.p4^2*d*xiw*xiz*ufoGC58^2*ufoGC80*
         ufoGC69
          - 1/4*g_(1,6_,nu13)*FT1*g_(1,q2)*g_(2,6_,nu15)*cFT(nu9,XX,i2,iufo3)*
         cFT(g7,XX,iufo3,i3)/(d^3 + d^2 - 2*d)*flavourTag(fe,j11,j12)*Vec(nu9,
         q3)*Vec(nu13,q3)*Vec(nu15,q2)*p4.p4^2*xiw*xiz*ufoGC58^2*ufoGC80*
         ufoGC69
          + 1/4*g_(1,6_,nu13)*FT1*g_(1,q2)*g_(2,6_,nu15)*cFT(nu9,XX,i2,iufo3)*
         cFT(g7,XX,iufo3,i3)/(d^3 + d^2 - 2*d)*flavourTag(fe,j11,j12)*Vec(nu9,
         q3)*Vec(nu13,q3)*Vec(nu15,q3)*p4.p4^2*d*xiw*xiz*ufoGC58^2*ufoGC80*
         ufoGC69
          - 1/4*g_(1,6_,nu13)*FT1*g_(1,q2)*g_(2,6_,nu15)*cFT(nu9,XX,i2,iufo3)*
         cFT(g7,XX,iufo3,i3)/(d^3 + d^2 - 2*d)*flavourTag(fe,j11,j12)*Vec(nu9,
         q3)*Vec(nu13,q3)*Vec(nu15,q3)*p4.p4^2*xiw*xiz*ufoGC58^2*ufoGC80*
         ufoGC69
          - 1/8*g_(1,6_,nu13)*FT1*g_(1,q2)*g_(2,nu14)*FT2(g6)*cFT(nu9,XX,i2,
         iufo3)*cFT(g7,XX,iufo3,i3)*flavourTag(fe,j11,j12)*Vec(nu14,q2)*Vec(
         nu9,q2)*Vec(nu10,q2)^2*Vec(nu13,q2)*p4.p4*d^-1*xiw*xiz*ufoGC58^2*
         ufoGC76*ufoGC69
          - 1/8*g_(1,6_,nu13)*FT1*g_(1,q2)*g_(2,nu14)*FT2(g6)*cFT(nu9,XX,i2,
         iufo3)*cFT(g7,XX,iufo3,i3)*flavourTag(fe,j11,j12)*Vec(nu14,q2)*Vec(
         nu9,q2)*Vec(nu10,q2)^2*Vec(nu13,q3)*p4.p4*d^-1*xiw*xiz*ufoGC58^2*
         ufoGC76*ufoGC69
          - 1/4*g_(1,6_,nu13)*FT1*g_(1,q2)*g_(2,nu14)*FT2(g6)*cFT(nu9,XX,i2,
         iufo3)*cFT(g7,XX,iufo3,i3)*flavourTag(fe,j11,j12)*Vec(nu14,q2)*Vec(
         nu9,q2)*Vec(nu10,q2)*Vec(nu10,q3)*Vec(nu13,q2)*p4.p4*d^-1*xiw*xiz*
         ufoGC58^2*ufoGC76*ufoGC69
          - 1/4*g_(1,6_,nu13)*FT1*g_(1,q2)*g_(2,nu14)*FT2(g6)*cFT(nu9,XX,i2,
         iufo3)*cFT(g7,XX,iufo3,i3)*flavourTag(fe,j11,j12)*Vec(nu14,q2)*Vec(
         nu9,q2)*Vec(nu10,q2)*Vec(nu10,q3)*Vec(nu13,q3)*p4.p4*d^-1*xiw*xiz*
         ufoGC58^2*ufoGC76*ufoGC69
          - 1/8*g_(1,6_,nu13)*FT1*g_(1,q2)*g_(2,nu14)*FT2(g6)*cFT(nu9,XX,i2,
         iufo3)*cFT(g7,XX,iufo3,i3)*flavourTag(fe,j11,j12)*Vec(nu14,q2)*Vec(
         nu9,q2)*Vec(nu10,q3)^2*Vec(nu13,q2)*p4.p4*d^-1*xiw*xiz*ufoGC58^2*
         ufoGC76*ufoGC69
          - 1/8*g_(1,6_,nu13)*FT1*g_(1,q2)*g_(2,nu14)*FT2(g6)*cFT(nu9,XX,i2,
         iufo3)*cFT(g7,XX,iufo3,i3)*flavourTag(fe,j11,j12)*Vec(nu14,q2)*Vec(
         nu9,q2)*Vec(nu10,q3)^2*Vec(nu13,q3)*p4.p4*d^-1*xiw*xiz*ufoGC58^2*
         ufoGC76*ufoGC69
          + 1/8*g_(1,6_,nu13)*FT1*g_(1,q2)*g_(2,nu14)*FT2(g6)*cFT(nu9,XX,i2,
         iufo3)*cFT(g7,XX,iufo3,i3)*flavourTag(fe,j11,j12)*Vec(nu14,q2)*Vec(
         nu9,q2)*Vec(nu13,q2)*p4.p4^2*d^-1*xiw*xiz*ufoGC58^2*ufoGC76*ufoGC69
          + 1/8*g_(1,6_,nu13)*FT1*g_(1,q2)*g_(2,nu14)*FT2(g6)*cFT(nu9,XX,i2,
         iufo3)*cFT(g7,XX,iufo3,i3)*flavourTag(fe,j11,j12)*Vec(nu14,q2)*Vec(
         nu9,q2)*Vec(nu13,q3)*p4.p4^2*d^-1*xiw*xiz*ufoGC58^2*ufoGC76*ufoGC69
          - 1/8*g_(1,6_,nu13)*FT1*g_(1,q2)*g_(2,nu14)*FT2(g6)*cFT(nu9,XX,i2,
         iufo3)*cFT(g7,XX,iufo3,i3)*flavourTag(fe,j11,j12)*Vec(nu14,q2)*Vec(
         nu9,q3)*Vec(nu10,q2)^2*Vec(nu13,q2)*p4.p4*d^-1*xiw*xiz*ufoGC58^2*
         ufoGC76*ufoGC69
          - 1/8*g_(1,6_,nu13)*FT1*g_(1,q2)*g_(2,nu14)*FT2(g6)*cFT(nu9,XX,i2,
         iufo3)*cFT(g7,XX,iufo3,i3)*flavourTag(fe,j11,j12)*Vec(nu14,q2)*Vec(
         nu9,q3)*Vec(nu10,q2)^2*Vec(nu13,q3)*p4.p4*d^-1*xiw*xiz*ufoGC58^2*
         ufoGC76*ufoGC69
          - 1/4*g_(1,6_,nu13)*FT1*g_(1,q2)*g_(2,nu14)*FT2(g6)*cFT(nu9,XX,i2,
         iufo3)*cFT(g7,XX,iufo3,i3)*flavourTag(fe,j11,j12)*Vec(nu14,q2)*Vec(
         nu9,q3)*Vec(nu10,q2)*Vec(nu10,q3)*Vec(nu13,q2)*p4.p4*d^-1*xiw*xiz*
         ufoGC58^2*ufoGC76*ufoGC69
          - 1/4*g_(1,6_,nu13)*FT1*g_(1,q2)*g_(2,nu14)*FT2(g6)*cFT(nu9,XX,i2,
         iufo3)*cFT(g7,XX,iufo3,i3)*flavourTag(fe,j11,j12)*Vec(nu14,q2)*Vec(
         nu9,q3)*Vec(nu10,q2)*Vec(nu10,q3)*Vec(nu13,q3)*p4.p4*d^-1*xiw*xiz*
         ufoGC58^2*ufoGC76*ufoGC69
          - 1/8*g_(1,6_,nu13)*FT1*g_(1,q2)*g_(2,nu14)*FT2(g6)*cFT(nu9,XX,i2,
         iufo3)*cFT(g7,XX,iufo3,i3)*flavourTag(fe,j11,j12)*Vec(nu14,q2)*Vec(
         nu9,q3)*Vec(nu10,q3)^2*Vec(nu13,q2)*p4.p4*d^-1*xiw*xiz*ufoGC58^2*
         ufoGC76*ufoGC69
          - 1/8*g_(1,6_,nu13)*FT1*g_(1,q2)*g_(2,nu14)*FT2(g6)*cFT(nu9,XX,i2,
         iufo3)*cFT(g7,XX,iufo3,i3)*flavourTag(fe,j11,j12)*Vec(nu14,q2)*Vec(
         nu9,q3)*Vec(nu10,q3)^2*Vec(nu13,q3)*p4.p4*d^-1*xiw*xiz*ufoGC58^2*
         ufoGC76*ufoGC69
          + 1/8*g_(1,6_,nu13)*FT1*g_(1,q2)*g_(2,nu14)*FT2(g6)*cFT(nu9,XX,i2,
         iufo3)*cFT(g7,XX,iufo3,i3)*flavourTag(fe,j11,j12)*Vec(nu14,q2)*Vec(
         nu9,q3)*Vec(nu13,q2)*p4.p4^2*d^-1*xiw*xiz*ufoGC58^2*ufoGC76*ufoGC69
          + 1/8*g_(1,6_,nu13)*FT1*g_(1,q2)*g_(2,nu14)*FT2(g6)*cFT(nu9,XX,i2,
         iufo3)*cFT(g7,XX,iufo3,i3)*flavourTag(fe,j11,j12)*Vec(nu14,q2)*Vec(
         nu9,q3)*Vec(nu13,q3)*p4.p4^2*d^-1*xiw*xiz*ufoGC58^2*ufoGC76*ufoGC69
          - 1/8*g_(1,6_,nu13)*FT1*g_(1,q2)*g_(2,nu14)*FT2(g6)*cFT(nu9,XX,i2,
         iufo3)*cFT(g7,XX,iufo3,i3)*flavourTag(fe,j11,j12)*Vec(nu14,q3)*Vec(
         nu9,q2)*Vec(nu10,q2)^2*Vec(nu13,q2)*p4.p4*d^-1*xiw*xiz*ufoGC58^2*
         ufoGC76*ufoGC69
          - 1/8*g_(1,6_,nu13)*FT1*g_(1,q2)*g_(2,nu14)*FT2(g6)*cFT(nu9,XX,i2,
         iufo3)*cFT(g7,XX,iufo3,i3)*flavourTag(fe,j11,j12)*Vec(nu14,q3)*Vec(
         nu9,q2)*Vec(nu10,q2)^2*Vec(nu13,q3)*p4.p4*d^-1*xiw*xiz*ufoGC58^2*
         ufoGC76*ufoGC69
          - 1/4*g_(1,6_,nu13)*FT1*g_(1,q2)*g_(2,nu14)*FT2(g6)*cFT(nu9,XX,i2,
         iufo3)*cFT(g7,XX,iufo3,i3)*flavourTag(fe,j11,j12)*Vec(nu14,q3)*Vec(
         nu9,q2)*Vec(nu10,q2)*Vec(nu10,q3)*Vec(nu13,q2)*p4.p4*d^-1*xiw*xiz*
         ufoGC58^2*ufoGC76*ufoGC69
          - 1/4*g_(1,6_,nu13)*FT1*g_(1,q2)*g_(2,nu14)*FT2(g6)*cFT(nu9,XX,i2,
         iufo3)*cFT(g7,XX,iufo3,i3)*flavourTag(fe,j11,j12)*Vec(nu14,q3)*Vec(
         nu9,q2)*Vec(nu10,q2)*Vec(nu10,q3)*Vec(nu13,q3)*p4.p4*d^-1*xiw*xiz*
         ufoGC58^2*ufoGC76*ufoGC69
          - 1/8*g_(1,6_,nu13)*FT1*g_(1,q2)*g_(2,nu14)*FT2(g6)*cFT(nu9,XX,i2,
         iufo3)*cFT(g7,XX,iufo3,i3)*flavourTag(fe,j11,j12)*Vec(nu14,q3)*Vec(
         nu9,q2)*Vec(nu10,q3)^2*Vec(nu13,q2)*p4.p4*d^-1*xiw*xiz*ufoGC58^2*
         ufoGC76*ufoGC69
          - 1/8*g_(1,6_,nu13)*FT1*g_(1,q2)*g_(2,nu14)*FT2(g6)*cFT(nu9,XX,i2,
         iufo3)*cFT(g7,XX,iufo3,i3)*flavourTag(fe,j11,j12)*Vec(nu14,q3)*Vec(
         nu9,q2)*Vec(nu10,q3)^2*Vec(nu13,q3)*p4.p4*d^-1*xiw*xiz*ufoGC58^2*
         ufoGC76*ufoGC69
          + 1/8*g_(1,6_,nu13)*FT1*g_(1,q2)*g_(2,nu14)*FT2(g6)*cFT(nu9,XX,i2,
         iufo3)*cFT(g7,XX,iufo3,i3)*flavourTag(fe,j11,j12)*Vec(nu14,q3)*Vec(
         nu9,q2)*Vec(nu13,q2)*p4.p4^2*d^-1*xiw*xiz*ufoGC58^2*ufoGC76*ufoGC69
          + 1/8*g_(1,6_,nu13)*FT1*g_(1,q2)*g_(2,nu14)*FT2(g6)*cFT(nu9,XX,i2,
         iufo3)*cFT(g7,XX,iufo3,i3)*flavourTag(fe,j11,j12)*Vec(nu14,q3)*Vec(
         nu9,q2)*Vec(nu13,q3)*p4.p4^2*d^-1*xiw*xiz*ufoGC58^2*ufoGC76*ufoGC69
          - 1/8*g_(1,6_,nu13)*FT1*g_(1,q2)*g_(2,nu14)*FT2(g6)*cFT(nu9,XX,i2,
         iufo3)*cFT(g7,XX,iufo3,i3)*flavourTag(fe,j11,j12)*Vec(nu14,q3)*Vec(
         nu9,q3)*Vec(nu10,q2)^2*Vec(nu13,q2)*p4.p4*d^-1*xiw*xiz*ufoGC58^2*
         ufoGC76*ufoGC69
          - 1/8*g_(1,6_,nu13)*FT1*g_(1,q2)*g_(2,nu14)*FT2(g6)*cFT(nu9,XX,i2,
         iufo3)*cFT(g7,XX,iufo3,i3)*flavourTag(fe,j11,j12)*Vec(nu14,q3)*Vec(
         nu9,q3)*Vec(nu10,q2)^2*Vec(nu13,q3)*p4.p4*d^-1*xiw*xiz*ufoGC58^2*
         ufoGC76*ufoGC69
          - 1/4*g_(1,6_,nu13)*FT1*g_(1,q2)*g_(2,nu14)*FT2(g6)*cFT(nu9,XX,i2,
         iufo3)*cFT(g7,XX,iufo3,i3)*flavourTag(fe,j11,j12)*Vec(nu14,q3)*Vec(
         nu9,q3)*Vec(nu10,q2)*Vec(nu10,q3)*Vec(nu13,q2)*p4.p4*d^-1*xiw*xiz*
         ufoGC58^2*ufoGC76*ufoGC69
          - 1/4*g_(1,6_,nu13)*FT1*g_(1,q2)*g_(2,nu14)*FT2(g6)*cFT(nu9,XX,i2,
         iufo3)*cFT(g7,XX,iufo3,i3)*flavourTag(fe,j11,j12)*Vec(nu14,q3)*Vec(
         nu9,q3)*Vec(nu10,q2)*Vec(nu10,q3)*Vec(nu13,q3)*p4.p4*d^-1*xiw*xiz*
         ufoGC58^2*ufoGC76*ufoGC69
          - 1/8*g_(1,6_,nu13)*FT1*g_(1,q2)*g_(2,nu14)*FT2(g6)*cFT(nu9,XX,i2,
         iufo3)*cFT(g7,XX,iufo3,i3)*flavourTag(fe,j11,j12)*Vec(nu14,q3)*Vec(
         nu9,q3)*Vec(nu10,q3)^2*Vec(nu13,q2)*p4.p4*d^-1*xiw*xiz*ufoGC58^2*
         ufoGC76*ufoGC69
          - 1/8*g_(1,6_,nu13)*FT1*g_(1,q2)*g_(2,nu14)*FT2(g6)*cFT(nu9,XX,i2,
         iufo3)*cFT(g7,XX,iufo3,i3)*flavourTag(fe,j11,j12)*Vec(nu14,q3)*Vec(
         nu9,q3)*Vec(nu10,q3)^2*Vec(nu13,q3)*p4.p4*d^-1*xiw*xiz*ufoGC58^2*
         ufoGC76*ufoGC69
          + 1/8*g_(1,6_,nu13)*FT1*g_(1,q2)*g_(2,nu14)*FT2(g6)*cFT(nu9,XX,i2,
         iufo3)*cFT(g7,XX,iufo3,i3)*flavourTag(fe,j11,j12)*Vec(nu14,q3)*Vec(
         nu9,q3)*Vec(nu13,q2)*p4.p4^2*d^-1*xiw*xiz*ufoGC58^2*ufoGC76*ufoGC69
          + 1/8*g_(1,6_,nu13)*FT1*g_(1,q2)*g_(2,nu14)*FT2(g6)*cFT(nu9,XX,i2,
         iufo3)*cFT(g7,XX,iufo3,i3)*flavourTag(fe,j11,j12)*Vec(nu14,q3)*Vec(
         nu9,q3)*Vec(nu13,q3)*p4.p4^2*d^-1*xiw*xiz*ufoGC58^2*ufoGC76*ufoGC69
          - 1/4*g_(1,6_,nu13)*FT1*g_(1,q2)*g_(2,nu10)*FT2(g6)*cFT(nu9,XX,i2,
         iufo3)*cFT(g7,XX,iufo3,i3)/(d^3 + d^2 - 2*d)*flavourTag(fe,j11,j12)*
         Vec(nu9,q2)*Vec(nu10,q2)*Vec(nu13,q2)*p4.p4^2*d*xiw*xiz*ufoGC58^2*
         ufoGC76*ufoGC69
          + 1/4*g_(1,6_,nu13)*FT1*g_(1,q2)*g_(2,nu10)*FT2(g6)*cFT(nu9,XX,i2,
         iufo3)*cFT(g7,XX,iufo3,i3)/(d^3 + d^2 - 2*d)*flavourTag(fe,j11,j12)*
         Vec(nu9,q2)*Vec(nu10,q2)*Vec(nu13,q2)*p4.p4^2*xiw*xiz*ufoGC58^2*
         ufoGC76*ufoGC69
          - 1/4*g_(1,6_,nu13)*FT1*g_(1,q2)*g_(2,nu10)*FT2(g6)*cFT(nu9,XX,i2,
         iufo3)*cFT(g7,XX,iufo3,i3)/(d^3 + d^2 - 2*d)*flavourTag(fe,j11,j12)*
         Vec(nu9,q2)*Vec(nu10,q2)*Vec(nu13,q3)*p4.p4^2*d*xiw*xiz*ufoGC58^2*
         ufoGC76*ufoGC69
          + 1/4*g_(1,6_,nu13)*FT1*g_(1,q2)*g_(2,nu10)*FT2(g6)*cFT(nu9,XX,i2,
         iufo3)*cFT(g7,XX,iufo3,i3)/(d^3 + d^2 - 2*d)*flavourTag(fe,j11,j12)*
         Vec(nu9,q2)*Vec(nu10,q2)*Vec(nu13,q3)*p4.p4^2*xiw*xiz*ufoGC58^2*
         ufoGC76*ufoGC69
          - 1/4*g_(1,6_,nu13)*FT1*g_(1,q2)*g_(2,nu10)*FT2(g6)*cFT(nu9,XX,i2,
         iufo3)*cFT(g7,XX,iufo3,i3)/(d^3 + d^2 - 2*d)*flavourTag(fe,j11,j12)*
         Vec(nu9,q2)*Vec(nu10,q3)*Vec(nu13,q2)*p4.p4^2*d*xiw*xiz*ufoGC58^2*
         ufoGC76*ufoGC69
          + 1/4*g_(1,6_,nu13)*FT1*g_(1,q2)*g_(2,nu10)*FT2(g6)*cFT(nu9,XX,i2,
         iufo3)*cFT(g7,XX,iufo3,i3)/(d^3 + d^2 - 2*d)*flavourTag(fe,j11,j12)*
         Vec(nu9,q2)*Vec(nu10,q3)*Vec(nu13,q2)*p4.p4^2*xiw*xiz*ufoGC58^2*
         ufoGC76*ufoGC69
          - 1/4*g_(1,6_,nu13)*FT1*g_(1,q2)*g_(2,nu10)*FT2(g6)*cFT(nu9,XX,i2,
         iufo3)*cFT(g7,XX,iufo3,i3)/(d^3 + d^2 - 2*d)*flavourTag(fe,j11,j12)*
         Vec(nu9,q2)*Vec(nu10,q3)*Vec(nu13,q3)*p4.p4^2*d*xiw*xiz*ufoGC58^2*
         ufoGC76*ufoGC69
          + 1/4*g_(1,6_,nu13)*FT1*g_(1,q2)*g_(2,nu10)*FT2(g6)*cFT(nu9,XX,i2,
         iufo3)*cFT(g7,XX,iufo3,i3)/(d^3 + d^2 - 2*d)*flavourTag(fe,j11,j12)*
         Vec(nu9,q2)*Vec(nu10,q3)*Vec(nu13,q3)*p4.p4^2*xiw*xiz*ufoGC58^2*
         ufoGC76*ufoGC69
          - 1/4*g_(1,6_,nu13)*FT1*g_(1,q2)*g_(2,nu10)*FT2(g6)*cFT(nu9,XX,i2,
         iufo3)*cFT(g7,XX,iufo3,i3)/(d^3 + d^2 - 2*d)*flavourTag(fe,j11,j12)*
         Vec(nu9,q3)*Vec(nu10,q2)*Vec(nu13,q2)*p4.p4^2*d*xiw*xiz*ufoGC58^2*
         ufoGC76*ufoGC69
          + 1/4*g_(1,6_,nu13)*FT1*g_(1,q2)*g_(2,nu10)*FT2(g6)*cFT(nu9,XX,i2,
         iufo3)*cFT(g7,XX,iufo3,i3)/(d^3 + d^2 - 2*d)*flavourTag(fe,j11,j12)*
         Vec(nu9,q3)*Vec(nu10,q2)*Vec(nu13,q2)*p4.p4^2*xiw*xiz*ufoGC58^2*
         ufoGC76*ufoGC69
          - 1/4*g_(1,6_,nu13)*FT1*g_(1,q2)*g_(2,nu10)*FT2(g6)*cFT(nu9,XX,i2,
         iufo3)*cFT(g7,XX,iufo3,i3)/(d^3 + d^2 - 2*d)*flavourTag(fe,j11,j12)*
         Vec(nu9,q3)*Vec(nu10,q2)*Vec(nu13,q3)*p4.p4^2*d*xiw*xiz*ufoGC58^2*
         ufoGC76*ufoGC69
          + 1/4*g_(1,6_,nu13)*FT1*g_(1,q2)*g_(2,nu10)*FT2(g6)*cFT(nu9,XX,i2,
         iufo3)*cFT(g7,XX,iufo3,i3)/(d^3 + d^2 - 2*d)*flavourTag(fe,j11,j12)*
         Vec(nu9,q3)*Vec(nu10,q2)*Vec(nu13,q3)*p4.p4^2*xiw*xiz*ufoGC58^2*
         ufoGC76*ufoGC69
          - 1/4*g_(1,6_,nu13)*FT1*g_(1,q2)*g_(2,nu10)*FT2(g6)*cFT(nu9,XX,i2,
         iufo3)*cFT(g7,XX,iufo3,i3)/(d^3 + d^2 - 2*d)*flavourTag(fe,j11,j12)*
         Vec(nu9,q3)*Vec(nu10,q3)*Vec(nu13,q2)*p4.p4^2*d*xiw*xiz*ufoGC58^2*
         ufoGC76*ufoGC69
          + 1/4*g_(1,6_,nu13)*FT1*g_(1,q2)*g_(2,nu10)*FT2(g6)*cFT(nu9,XX,i2,
         iufo3)*cFT(g7,XX,iufo3,i3)/(d^3 + d^2 - 2*d)*flavourTag(fe,j11,j12)*
         Vec(nu9,q3)*Vec(nu10,q3)*Vec(nu13,q2)*p4.p4^2*xiw*xiz*ufoGC58^2*
         ufoGC76*ufoGC69
          - 1/4*g_(1,6_,nu13)*FT1*g_(1,q2)*g_(2,nu10)*FT2(g6)*cFT(nu9,XX,i2,
         iufo3)*cFT(g7,XX,iufo3,i3)/(d^3 + d^2 - 2*d)*flavourTag(fe,j11,j12)*
         Vec(nu9,q3)*Vec(nu10,q3)*Vec(nu13,q3)*p4.p4^2*d*xiw*xiz*ufoGC58^2*
         ufoGC76*ufoGC69
          + 1/4*g_(1,6_,nu13)*FT1*g_(1,q2)*g_(2,nu10)*FT2(g6)*cFT(nu9,XX,i2,
         iufo3)*cFT(g7,XX,iufo3,i3)/(d^3 + d^2 - 2*d)*flavourTag(fe,j11,j12)*
         Vec(nu9,q3)*Vec(nu10,q3)*Vec(nu13,q3)*p4.p4^2*xiw*xiz*ufoGC58^2*
         ufoGC76*ufoGC69
          + 1/4*g_(1,6_,nu13)*FT1*g_(1,q2)*g_(2,nu15)*FT2(g6)*cFT(nu9,XX,i2,
         iufo3)*cFT(g7,XX,iufo3,i3)/(d^3 + d^2 - 2*d)*flavourTag(fe,j11,j12)*
         Vec(nu9,q2)*Vec(nu13,q2)*Vec(nu15,q2)*p4.p4^2*d*xiw*xiz*ufoGC58^2*
         ufoGC76*ufoGC69
          - 1/4*g_(1,6_,nu13)*FT1*g_(1,q2)*g_(2,nu15)*FT2(g6)*cFT(nu9,XX,i2,
         iufo3)*cFT(g7,XX,iufo3,i3)/(d^3 + d^2 - 2*d)*flavourTag(fe,j11,j12)*
         Vec(nu9,q2)*Vec(nu13,q2)*Vec(nu15,q2)*p4.p4^2*xiw*xiz*ufoGC58^2*
         ufoGC76*ufoGC69
          + 1/4*g_(1,6_,nu13)*FT1*g_(1,q2)*g_(2,nu15)*FT2(g6)*cFT(nu9,XX,i2,
         iufo3)*cFT(g7,XX,iufo3,i3)/(d^3 + d^2 - 2*d)*flavourTag(fe,j11,j12)*
         Vec(nu9,q2)*Vec(nu13,q2)*Vec(nu15,q3)*p4.p4^2*d*xiw*xiz*ufoGC58^2*
         ufoGC76*ufoGC69
          - 1/4*g_(1,6_,nu13)*FT1*g_(1,q2)*g_(2,nu15)*FT2(g6)*cFT(nu9,XX,i2,
         iufo3)*cFT(g7,XX,iufo3,i3)/(d^3 + d^2 - 2*d)*flavourTag(fe,j11,j12)*
         Vec(nu9,q2)*Vec(nu13,q2)*Vec(nu15,q3)*p4.p4^2*xiw*xiz*ufoGC58^2*
         ufoGC76*ufoGC69
          + 1/4*g_(1,6_,nu13)*FT1*g_(1,q2)*g_(2,nu15)*FT2(g6)*cFT(nu9,XX,i2,
         iufo3)*cFT(g7,XX,iufo3,i3)/(d^3 + d^2 - 2*d)*flavourTag(fe,j11,j12)*
         Vec(nu9,q2)*Vec(nu13,q3)*Vec(nu15,q2)*p4.p4^2*d*xiw*xiz*ufoGC58^2*
         ufoGC76*ufoGC69
          - 1/4*g_(1,6_,nu13)*FT1*g_(1,q2)*g_(2,nu15)*FT2(g6)*cFT(nu9,XX,i2,
         iufo3)*cFT(g7,XX,iufo3,i3)/(d^3 + d^2 - 2*d)*flavourTag(fe,j11,j12)*
         Vec(nu9,q2)*Vec(nu13,q3)*Vec(nu15,q2)*p4.p4^2*xiw*xiz*ufoGC58^2*
         ufoGC76*ufoGC69
          + 1/4*g_(1,6_,nu13)*FT1*g_(1,q2)*g_(2,nu15)*FT2(g6)*cFT(nu9,XX,i2,
         iufo3)*cFT(g7,XX,iufo3,i3)/(d^3 + d^2 - 2*d)*flavourTag(fe,j11,j12)*
         Vec(nu9,q2)*Vec(nu13,q3)*Vec(nu15,q3)*p4.p4^2*d*xiw*xiz*ufoGC58^2*
         ufoGC76*ufoGC69
          - 1/4*g_(1,6_,nu13)*FT1*g_(1,q2)*g_(2,nu15)*FT2(g6)*cFT(nu9,XX,i2,
         iufo3)*cFT(g7,XX,iufo3,i3)/(d^3 + d^2 - 2*d)*flavourTag(fe,j11,j12)*
         Vec(nu9,q2)*Vec(nu13,q3)*Vec(nu15,q3)*p4.p4^2*xiw*xiz*ufoGC58^2*
         ufoGC76*ufoGC69
          + 1/4*g_(1,6_,nu13)*FT1*g_(1,q2)*g_(2,nu15)*FT2(g6)*cFT(nu9,XX,i2,
         iufo3)*cFT(g7,XX,iufo3,i3)/(d^3 + d^2 - 2*d)*flavourTag(fe,j11,j12)*
         Vec(nu9,q3)*Vec(nu13,q2)*Vec(nu15,q2)*p4.p4^2*d*xiw*xiz*ufoGC58^2*
         ufoGC76*ufoGC69
          - 1/4*g_(1,6_,nu13)*FT1*g_(1,q2)*g_(2,nu15)*FT2(g6)*cFT(nu9,XX,i2,
         iufo3)*cFT(g7,XX,iufo3,i3)/(d^3 + d^2 - 2*d)*flavourTag(fe,j11,j12)*
         Vec(nu9,q3)*Vec(nu13,q2)*Vec(nu15,q2)*p4.p4^2*xiw*xiz*ufoGC58^2*
         ufoGC76*ufoGC69
          + 1/4*g_(1,6_,nu13)*FT1*g_(1,q2)*g_(2,nu15)*FT2(g6)*cFT(nu9,XX,i2,
         iufo3)*cFT(g7,XX,iufo3,i3)/(d^3 + d^2 - 2*d)*flavourTag(fe,j11,j12)*
         Vec(nu9,q3)*Vec(nu13,q2)*Vec(nu15,q3)*p4.p4^2*d*xiw*xiz*ufoGC58^2*
         ufoGC76*ufoGC69
          - 1/4*g_(1,6_,nu13)*FT1*g_(1,q2)*g_(2,nu15)*FT2(g6)*cFT(nu9,XX,i2,
         iufo3)*cFT(g7,XX,iufo3,i3)/(d^3 + d^2 - 2*d)*flavourTag(fe,j11,j12)*
         Vec(nu9,q3)*Vec(nu13,q2)*Vec(nu15,q3)*p4.p4^2*xiw*xiz*ufoGC58^2*
         ufoGC76*ufoGC69
          + 1/4*g_(1,6_,nu13)*FT1*g_(1,q2)*g_(2,nu15)*FT2(g6)*cFT(nu9,XX,i2,
         iufo3)*cFT(g7,XX,iufo3,i3)/(d^3 + d^2 - 2*d)*flavourTag(fe,j11,j12)*
         Vec(nu9,q3)*Vec(nu13,q3)*Vec(nu15,q2)*p4.p4^2*d*xiw*xiz*ufoGC58^2*
         ufoGC76*ufoGC69
          - 1/4*g_(1,6_,nu13)*FT1*g_(1,q2)*g_(2,nu15)*FT2(g6)*cFT(nu9,XX,i2,
         iufo3)*cFT(g7,XX,iufo3,i3)/(d^3 + d^2 - 2*d)*flavourTag(fe,j11,j12)*
         Vec(nu9,q3)*Vec(nu13,q3)*Vec(nu15,q2)*p4.p4^2*xiw*xiz*ufoGC58^2*
         ufoGC76*ufoGC69
          + 1/4*g_(1,6_,nu13)*FT1*g_(1,q2)*g_(2,nu15)*FT2(g6)*cFT(nu9,XX,i2,
         iufo3)*cFT(g7,XX,iufo3,i3)/(d^3 + d^2 - 2*d)*flavourTag(fe,j11,j12)*
         Vec(nu9,q3)*Vec(nu13,q3)*Vec(nu15,q3)*p4.p4^2*d*xiw*xiz*ufoGC58^2*
         ufoGC76*ufoGC69
          - 1/4*g_(1,6_,nu13)*FT1*g_(1,q2)*g_(2,nu15)*FT2(g6)*cFT(nu9,XX,i2,
         iufo3)*cFT(g7,XX,iufo3,i3)/(d^3 + d^2 - 2*d)*flavourTag(fe,j11,j12)*
         Vec(nu9,q3)*Vec(nu13,q3)*Vec(nu15,q3)*p4.p4^2*xiw*xiz*ufoGC58^2*
         ufoGC76*ufoGC69
          - 1/8*g_(1,6_,nu13)*FT1*g_(1,q3)*g_(2,6_,nu14)*cFT(nu9,XX,i2,iufo3)*
         cFT(g7,XX,iufo3,i3)*flavourTag(fe,j11,j12)*Vec(nu14,q2)*Vec(nu9,q2)*
         Vec(nu10,q2)^2*Vec(nu13,q2)*p4.p4*d^-1*xiw*xiz*ufoGC58^2*ufoGC80*
         ufoGC69
          - 1/8*g_(1,6_,nu13)*FT1*g_(1,q3)*g_(2,6_,nu14)*cFT(nu9,XX,i2,iufo3)*
         cFT(g7,XX,iufo3,i3)*flavourTag(fe,j11,j12)*Vec(nu14,q2)*Vec(nu9,q2)*
         Vec(nu10,q2)^2*Vec(nu13,q3)*p4.p4*d^-1*xiw*xiz*ufoGC58^2*ufoGC80*
         ufoGC69
          - 1/4*g_(1,6_,nu13)*FT1*g_(1,q3)*g_(2,6_,nu14)*cFT(nu9,XX,i2,iufo3)*
         cFT(g7,XX,iufo3,i3)*flavourTag(fe,j11,j12)*Vec(nu14,q2)*Vec(nu9,q2)*
         Vec(nu10,q2)*Vec(nu10,q3)*Vec(nu13,q2)*p4.p4*d^-1*xiw*xiz*ufoGC58^2*
         ufoGC80*ufoGC69
          - 1/4*g_(1,6_,nu13)*FT1*g_(1,q3)*g_(2,6_,nu14)*cFT(nu9,XX,i2,iufo3)*
         cFT(g7,XX,iufo3,i3)*flavourTag(fe,j11,j12)*Vec(nu14,q2)*Vec(nu9,q2)*
         Vec(nu10,q2)*Vec(nu10,q3)*Vec(nu13,q3)*p4.p4*d^-1*xiw*xiz*ufoGC58^2*
         ufoGC80*ufoGC69
          - 1/8*g_(1,6_,nu13)*FT1*g_(1,q3)*g_(2,6_,nu14)*cFT(nu9,XX,i2,iufo3)*
         cFT(g7,XX,iufo3,i3)*flavourTag(fe,j11,j12)*Vec(nu14,q2)*Vec(nu9,q2)*
         Vec(nu10,q3)^2*Vec(nu13,q2)*p4.p4*d^-1*xiw*xiz*ufoGC58^2*ufoGC80*
         ufoGC69
          - 1/8*g_(1,6_,nu13)*FT1*g_(1,q3)*g_(2,6_,nu14)*cFT(nu9,XX,i2,iufo3)*
         cFT(g7,XX,iufo3,i3)*flavourTag(fe,j11,j12)*Vec(nu14,q2)*Vec(nu9,q2)*
         Vec(nu10,q3)^2*Vec(nu13,q3)*p4.p4*d^-1*xiw*xiz*ufoGC58^2*ufoGC80*
         ufoGC69
          + 1/8*g_(1,6_,nu13)*FT1*g_(1,q3)*g_(2,6_,nu14)*cFT(nu9,XX,i2,iufo3)*
         cFT(g7,XX,iufo3,i3)*flavourTag(fe,j11,j12)*Vec(nu14,q2)*Vec(nu9,q2)*
         Vec(nu13,q2)*p4.p4^2*d^-1*xiw*xiz*ufoGC58^2*ufoGC80*ufoGC69
          + 1/8*g_(1,6_,nu13)*FT1*g_(1,q3)*g_(2,6_,nu14)*cFT(nu9,XX,i2,iufo3)*
         cFT(g7,XX,iufo3,i3)*flavourTag(fe,j11,j12)*Vec(nu14,q2)*Vec(nu9,q2)*
         Vec(nu13,q3)*p4.p4^2*d^-1*xiw*xiz*ufoGC58^2*ufoGC80*ufoGC69
          - 1/8*g_(1,6_,nu13)*FT1*g_(1,q3)*g_(2,6_,nu14)*cFT(nu9,XX,i2,iufo3)*
         cFT(g7,XX,iufo3,i3)*flavourTag(fe,j11,j12)*Vec(nu14,q2)*Vec(nu9,q3)*
         Vec(nu10,q2)^2*Vec(nu13,q2)*p4.p4*d^-1*xiw*xiz*ufoGC58^2*ufoGC80*
         ufoGC69
          - 1/8*g_(1,6_,nu13)*FT1*g_(1,q3)*g_(2,6_,nu14)*cFT(nu9,XX,i2,iufo3)*
         cFT(g7,XX,iufo3,i3)*flavourTag(fe,j11,j12)*Vec(nu14,q2)*Vec(nu9,q3)*
         Vec(nu10,q2)^2*Vec(nu13,q3)*p4.p4*d^-1*xiw*xiz*ufoGC58^2*ufoGC80*
         ufoGC69
          - 1/4*g_(1,6_,nu13)*FT1*g_(1,q3)*g_(2,6_,nu14)*cFT(nu9,XX,i2,iufo3)*
         cFT(g7,XX,iufo3,i3)*flavourTag(fe,j11,j12)*Vec(nu14,q2)*Vec(nu9,q3)*
         Vec(nu10,q2)*Vec(nu10,q3)*Vec(nu13,q2)*p4.p4*d^-1*xiw*xiz*ufoGC58^2*
         ufoGC80*ufoGC69
          - 1/4*g_(1,6_,nu13)*FT1*g_(1,q3)*g_(2,6_,nu14)*cFT(nu9,XX,i2,iufo3)*
         cFT(g7,XX,iufo3,i3)*flavourTag(fe,j11,j12)*Vec(nu14,q2)*Vec(nu9,q3)*
         Vec(nu10,q2)*Vec(nu10,q3)*Vec(nu13,q3)*p4.p4*d^-1*xiw*xiz*ufoGC58^2*
         ufoGC80*ufoGC69
          - 1/8*g_(1,6_,nu13)*FT1*g_(1,q3)*g_(2,6_,nu14)*cFT(nu9,XX,i2,iufo3)*
         cFT(g7,XX,iufo3,i3)*flavourTag(fe,j11,j12)*Vec(nu14,q2)*Vec(nu9,q3)*
         Vec(nu10,q3)^2*Vec(nu13,q2)*p4.p4*d^-1*xiw*xiz*ufoGC58^2*ufoGC80*
         ufoGC69
          - 1/8*g_(1,6_,nu13)*FT1*g_(1,q3)*g_(2,6_,nu14)*cFT(nu9,XX,i2,iufo3)*
         cFT(g7,XX,iufo3,i3)*flavourTag(fe,j11,j12)*Vec(nu14,q2)*Vec(nu9,q3)*
         Vec(nu10,q3)^2*Vec(nu13,q3)*p4.p4*d^-1*xiw*xiz*ufoGC58^2*ufoGC80*
         ufoGC69
          + 1/8*g_(1,6_,nu13)*FT1*g_(1,q3)*g_(2,6_,nu14)*cFT(nu9,XX,i2,iufo3)*
         cFT(g7,XX,iufo3,i3)*flavourTag(fe,j11,j12)*Vec(nu14,q2)*Vec(nu9,q3)*
         Vec(nu13,q2)*p4.p4^2*d^-1*xiw*xiz*ufoGC58^2*ufoGC80*ufoGC69
          + 1/8*g_(1,6_,nu13)*FT1*g_(1,q3)*g_(2,6_,nu14)*cFT(nu9,XX,i2,iufo3)*
         cFT(g7,XX,iufo3,i3)*flavourTag(fe,j11,j12)*Vec(nu14,q2)*Vec(nu9,q3)*
         Vec(nu13,q3)*p4.p4^2*d^-1*xiw*xiz*ufoGC58^2*ufoGC80*ufoGC69
          - 1/8*g_(1,6_,nu13)*FT1*g_(1,q3)*g_(2,6_,nu14)*cFT(nu9,XX,i2,iufo3)*
         cFT(g7,XX,iufo3,i3)*flavourTag(fe,j11,j12)*Vec(nu14,q3)*Vec(nu9,q2)*
         Vec(nu10,q2)^2*Vec(nu13,q2)*p4.p4*d^-1*xiw*xiz*ufoGC58^2*ufoGC80*
         ufoGC69
          - 1/8*g_(1,6_,nu13)*FT1*g_(1,q3)*g_(2,6_,nu14)*cFT(nu9,XX,i2,iufo3)*
         cFT(g7,XX,iufo3,i3)*flavourTag(fe,j11,j12)*Vec(nu14,q3)*Vec(nu9,q2)*
         Vec(nu10,q2)^2*Vec(nu13,q3)*p4.p4*d^-1*xiw*xiz*ufoGC58^2*ufoGC80*
         ufoGC69
          - 1/4*g_(1,6_,nu13)*FT1*g_(1,q3)*g_(2,6_,nu14)*cFT(nu9,XX,i2,iufo3)*
         cFT(g7,XX,iufo3,i3)*flavourTag(fe,j11,j12)*Vec(nu14,q3)*Vec(nu9,q2)*
         Vec(nu10,q2)*Vec(nu10,q3)*Vec(nu13,q2)*p4.p4*d^-1*xiw*xiz*ufoGC58^2*
         ufoGC80*ufoGC69
          - 1/4*g_(1,6_,nu13)*FT1*g_(1,q3)*g_(2,6_,nu14)*cFT(nu9,XX,i2,iufo3)*
         cFT(g7,XX,iufo3,i3)*flavourTag(fe,j11,j12)*Vec(nu14,q3)*Vec(nu9,q2)*
         Vec(nu10,q2)*Vec(nu10,q3)*Vec(nu13,q3)*p4.p4*d^-1*xiw*xiz*ufoGC58^2*
         ufoGC80*ufoGC69
          - 1/8*g_(1,6_,nu13)*FT1*g_(1,q3)*g_(2,6_,nu14)*cFT(nu9,XX,i2,iufo3)*
         cFT(g7,XX,iufo3,i3)*flavourTag(fe,j11,j12)*Vec(nu14,q3)*Vec(nu9,q2)*
         Vec(nu10,q3)^2*Vec(nu13,q2)*p4.p4*d^-1*xiw*xiz*ufoGC58^2*ufoGC80*
         ufoGC69
          - 1/8*g_(1,6_,nu13)*FT1*g_(1,q3)*g_(2,6_,nu14)*cFT(nu9,XX,i2,iufo3)*
         cFT(g7,XX,iufo3,i3)*flavourTag(fe,j11,j12)*Vec(nu14,q3)*Vec(nu9,q2)*
         Vec(nu10,q3)^2*Vec(nu13,q3)*p4.p4*d^-1*xiw*xiz*ufoGC58^2*ufoGC80*
         ufoGC69
          + 1/8*g_(1,6_,nu13)*FT1*g_(1,q3)*g_(2,6_,nu14)*cFT(nu9,XX,i2,iufo3)*
         cFT(g7,XX,iufo3,i3)*flavourTag(fe,j11,j12)*Vec(nu14,q3)*Vec(nu9,q2)*
         Vec(nu13,q2)*p4.p4^2*d^-1*xiw*xiz*ufoGC58^2*ufoGC80*ufoGC69
          + 1/8*g_(1,6_,nu13)*FT1*g_(1,q3)*g_(2,6_,nu14)*cFT(nu9,XX,i2,iufo3)*
         cFT(g7,XX,iufo3,i3)*flavourTag(fe,j11,j12)*Vec(nu14,q3)*Vec(nu9,q2)*
         Vec(nu13,q3)*p4.p4^2*d^-1*xiw*xiz*ufoGC58^2*ufoGC80*ufoGC69
          - 1/8*g_(1,6_,nu13)*FT1*g_(1,q3)*g_(2,6_,nu14)*cFT(nu9,XX,i2,iufo3)*
         cFT(g7,XX,iufo3,i3)*flavourTag(fe,j11,j12)*Vec(nu14,q3)*Vec(nu9,q3)*
         Vec(nu10,q2)^2*Vec(nu13,q2)*p4.p4*d^-1*xiw*xiz*ufoGC58^2*ufoGC80*
         ufoGC69
          - 1/8*g_(1,6_,nu13)*FT1*g_(1,q3)*g_(2,6_,nu14)*cFT(nu9,XX,i2,iufo3)*
         cFT(g7,XX,iufo3,i3)*flavourTag(fe,j11,j12)*Vec(nu14,q3)*Vec(nu9,q3)*
         Vec(nu10,q2)^2*Vec(nu13,q3)*p4.p4*d^-1*xiw*xiz*ufoGC58^2*ufoGC80*
         ufoGC69
          - 1/4*g_(1,6_,nu13)*FT1*g_(1,q3)*g_(2,6_,nu14)*cFT(nu9,XX,i2,iufo3)*
         cFT(g7,XX,iufo3,i3)*flavourTag(fe,j11,j12)*Vec(nu14,q3)*Vec(nu9,q3)*
         Vec(nu10,q2)*Vec(nu10,q3)*Vec(nu13,q2)*p4.p4*d^-1*xiw*xiz*ufoGC58^2*
         ufoGC80*ufoGC69
          - 1/4*g_(1,6_,nu13)*FT1*g_(1,q3)*g_(2,6_,nu14)*cFT(nu9,XX,i2,iufo3)*
         cFT(g7,XX,iufo3,i3)*flavourTag(fe,j11,j12)*Vec(nu14,q3)*Vec(nu9,q3)*
         Vec(nu10,q2)*Vec(nu10,q3)*Vec(nu13,q3)*p4.p4*d^-1*xiw*xiz*ufoGC58^2*
         ufoGC80*ufoGC69
          - 1/8*g_(1,6_,nu13)*FT1*g_(1,q3)*g_(2,6_,nu14)*cFT(nu9,XX,i2,iufo3)*
         cFT(g7,XX,iufo3,i3)*flavourTag(fe,j11,j12)*Vec(nu14,q3)*Vec(nu9,q3)*
         Vec(nu10,q3)^2*Vec(nu13,q2)*p4.p4*d^-1*xiw*xiz*ufoGC58^2*ufoGC80*
         ufoGC69
          - 1/8*g_(1,6_,nu13)*FT1*g_(1,q3)*g_(2,6_,nu14)*cFT(nu9,XX,i2,iufo3)*
         cFT(g7,XX,iufo3,i3)*flavourTag(fe,j11,j12)*Vec(nu14,q3)*Vec(nu9,q3)*
         Vec(nu10,q3)^2*Vec(nu13,q3)*p4.p4*d^-1*xiw*xiz*ufoGC58^2*ufoGC80*
         ufoGC69
          + 1/8*g_(1,6_,nu13)*FT1*g_(1,q3)*g_(2,6_,nu14)*cFT(nu9,XX,i2,iufo3)*
         cFT(g7,XX,iufo3,i3)*flavourTag(fe,j11,j12)*Vec(nu14,q3)*Vec(nu9,q3)*
         Vec(nu13,q2)*p4.p4^2*d^-1*xiw*xiz*ufoGC58^2*ufoGC80*ufoGC69
          + 1/8*g_(1,6_,nu13)*FT1*g_(1,q3)*g_(2,6_,nu14)*cFT(nu9,XX,i2,iufo3)*
         cFT(g7,XX,iufo3,i3)*flavourTag(fe,j11,j12)*Vec(nu14,q3)*Vec(nu9,q3)*
         Vec(nu13,q3)*p4.p4^2*d^-1*xiw*xiz*ufoGC58^2*ufoGC80*ufoGC69
          - 1/4*g_(1,6_,nu13)*FT1*g_(1,q3)*g_(2,6_,nu10)*cFT(nu9,XX,i2,iufo3)*
         cFT(g7,XX,iufo3,i3)/(d^3 + d^2 - 2*d)*flavourTag(fe,j11,j12)*Vec(nu9,
         q2)*Vec(nu10,q2)*Vec(nu13,q2)*p4.p4^2*d*xiw*xiz*ufoGC58^2*ufoGC80*
         ufoGC69
          + 1/4*g_(1,6_,nu13)*FT1*g_(1,q3)*g_(2,6_,nu10)*cFT(nu9,XX,i2,iufo3)*
         cFT(g7,XX,iufo3,i3)/(d^3 + d^2 - 2*d)*flavourTag(fe,j11,j12)*Vec(nu9,
         q2)*Vec(nu10,q2)*Vec(nu13,q2)*p4.p4^2*xiw*xiz*ufoGC58^2*ufoGC80*
         ufoGC69
          - 1/4*g_(1,6_,nu13)*FT1*g_(1,q3)*g_(2,6_,nu10)*cFT(nu9,XX,i2,iufo3)*
         cFT(g7,XX,iufo3,i3)/(d^3 + d^2 - 2*d)*flavourTag(fe,j11,j12)*Vec(nu9,
         q2)*Vec(nu10,q2)*Vec(nu13,q3)*p4.p4^2*d*xiw*xiz*ufoGC58^2*ufoGC80*
         ufoGC69
          + 1/4*g_(1,6_,nu13)*FT1*g_(1,q3)*g_(2,6_,nu10)*cFT(nu9,XX,i2,iufo3)*
         cFT(g7,XX,iufo3,i3)/(d^3 + d^2 - 2*d)*flavourTag(fe,j11,j12)*Vec(nu9,
         q2)*Vec(nu10,q2)*Vec(nu13,q3)*p4.p4^2*xiw*xiz*ufoGC58^2*ufoGC80*
         ufoGC69
          - 1/4*g_(1,6_,nu13)*FT1*g_(1,q3)*g_(2,6_,nu10)*cFT(nu9,XX,i2,iufo3)*
         cFT(g7,XX,iufo3,i3)/(d^3 + d^2 - 2*d)*flavourTag(fe,j11,j12)*Vec(nu9,
         q2)*Vec(nu10,q3)*Vec(nu13,q2)*p4.p4^2*d*xiw*xiz*ufoGC58^2*ufoGC80*
         ufoGC69
          + 1/4*g_(1,6_,nu13)*FT1*g_(1,q3)*g_(2,6_,nu10)*cFT(nu9,XX,i2,iufo3)*
         cFT(g7,XX,iufo3,i3)/(d^3 + d^2 - 2*d)*flavourTag(fe,j11,j12)*Vec(nu9,
         q2)*Vec(nu10,q3)*Vec(nu13,q2)*p4.p4^2*xiw*xiz*ufoGC58^2*ufoGC80*
         ufoGC69
          - 1/4*g_(1,6_,nu13)*FT1*g_(1,q3)*g_(2,6_,nu10)*cFT(nu9,XX,i2,iufo3)*
         cFT(g7,XX,iufo3,i3)/(d^3 + d^2 - 2*d)*flavourTag(fe,j11,j12)*Vec(nu9,
         q2)*Vec(nu10,q3)*Vec(nu13,q3)*p4.p4^2*d*xiw*xiz*ufoGC58^2*ufoGC80*
         ufoGC69
          + 1/4*g_(1,6_,nu13)*FT1*g_(1,q3)*g_(2,6_,nu10)*cFT(nu9,XX,i2,iufo3)*
         cFT(g7,XX,iufo3,i3)/(d^3 + d^2 - 2*d)*flavourTag(fe,j11,j12)*Vec(nu9,
         q2)*Vec(nu10,q3)*Vec(nu13,q3)*p4.p4^2*xiw*xiz*ufoGC58^2*ufoGC80*
         ufoGC69
          - 1/4*g_(1,6_,nu13)*FT1*g_(1,q3)*g_(2,6_,nu10)*cFT(nu9,XX,i2,iufo3)*
         cFT(g7,XX,iufo3,i3)/(d^3 + d^2 - 2*d)*flavourTag(fe,j11,j12)*Vec(nu9,
         q3)*Vec(nu10,q2)*Vec(nu13,q2)*p4.p4^2*d*xiw*xiz*ufoGC58^2*ufoGC80*
         ufoGC69
          + 1/4*g_(1,6_,nu13)*FT1*g_(1,q3)*g_(2,6_,nu10)*cFT(nu9,XX,i2,iufo3)*
         cFT(g7,XX,iufo3,i3)/(d^3 + d^2 - 2*d)*flavourTag(fe,j11,j12)*Vec(nu9,
         q3)*Vec(nu10,q2)*Vec(nu13,q2)*p4.p4^2*xiw*xiz*ufoGC58^2*ufoGC80*
         ufoGC69
          - 1/4*g_(1,6_,nu13)*FT1*g_(1,q3)*g_(2,6_,nu10)*cFT(nu9,XX,i2,iufo3)*
         cFT(g7,XX,iufo3,i3)/(d^3 + d^2 - 2*d)*flavourTag(fe,j11,j12)*Vec(nu9,
         q3)*Vec(nu10,q2)*Vec(nu13,q3)*p4.p4^2*d*xiw*xiz*ufoGC58^2*ufoGC80*
         ufoGC69
          + 1/4*g_(1,6_,nu13)*FT1*g_(1,q3)*g_(2,6_,nu10)*cFT(nu9,XX,i2,iufo3)*
         cFT(g7,XX,iufo3,i3)/(d^3 + d^2 - 2*d)*flavourTag(fe,j11,j12)*Vec(nu9,
         q3)*Vec(nu10,q2)*Vec(nu13,q3)*p4.p4^2*xiw*xiz*ufoGC58^2*ufoGC80*
         ufoGC69
          - 1/4*g_(1,6_,nu13)*FT1*g_(1,q3)*g_(2,6_,nu10)*cFT(nu9,XX,i2,iufo3)*
         cFT(g7,XX,iufo3,i3)/(d^3 + d^2 - 2*d)*flavourTag(fe,j11,j12)*Vec(nu9,
         q3)*Vec(nu10,q3)*Vec(nu13,q2)*p4.p4^2*d*xiw*xiz*ufoGC58^2*ufoGC80*
         ufoGC69
          + 1/4*g_(1,6_,nu13)*FT1*g_(1,q3)*g_(2,6_,nu10)*cFT(nu9,XX,i2,iufo3)*
         cFT(g7,XX,iufo3,i3)/(d^3 + d^2 - 2*d)*flavourTag(fe,j11,j12)*Vec(nu9,
         q3)*Vec(nu10,q3)*Vec(nu13,q2)*p4.p4^2*xiw*xiz*ufoGC58^2*ufoGC80*
         ufoGC69
          - 1/4*g_(1,6_,nu13)*FT1*g_(1,q3)*g_(2,6_,nu10)*cFT(nu9,XX,i2,iufo3)*
         cFT(g7,XX,iufo3,i3)/(d^3 + d^2 - 2*d)*flavourTag(fe,j11,j12)*Vec(nu9,
         q3)*Vec(nu10,q3)*Vec(nu13,q3)*p4.p4^2*d*xiw*xiz*ufoGC58^2*ufoGC80*
         ufoGC69
          + 1/4*g_(1,6_,nu13)*FT1*g_(1,q3)*g_(2,6_,nu10)*cFT(nu9,XX,i2,iufo3)*
         cFT(g7,XX,iufo3,i3)/(d^3 + d^2 - 2*d)*flavourTag(fe,j11,j12)*Vec(nu9,
         q3)*Vec(nu10,q3)*Vec(nu13,q3)*p4.p4^2*xiw*xiz*ufoGC58^2*ufoGC80*
         ufoGC69
          + 1/4*g_(1,6_,nu13)*FT1*g_(1,q3)*g_(2,6_,nu15)*cFT(nu9,XX,i2,iufo3)*
         cFT(g7,XX,iufo3,i3)/(d^3 + d^2 - 2*d)*flavourTag(fe,j11,j12)*Vec(nu9,
         q2)*Vec(nu13,q2)*Vec(nu15,q2)*p4.p4^2*d*xiw*xiz*ufoGC58^2*ufoGC80*
         ufoGC69
          - 1/4*g_(1,6_,nu13)*FT1*g_(1,q3)*g_(2,6_,nu15)*cFT(nu9,XX,i2,iufo3)*
         cFT(g7,XX,iufo3,i3)/(d^3 + d^2 - 2*d)*flavourTag(fe,j11,j12)*Vec(nu9,
         q2)*Vec(nu13,q2)*Vec(nu15,q2)*p4.p4^2*xiw*xiz*ufoGC58^2*ufoGC80*
         ufoGC69
          + 1/4*g_(1,6_,nu13)*FT1*g_(1,q3)*g_(2,6_,nu15)*cFT(nu9,XX,i2,iufo3)*
         cFT(g7,XX,iufo3,i3)/(d^3 + d^2 - 2*d)*flavourTag(fe,j11,j12)*Vec(nu9,
         q2)*Vec(nu13,q2)*Vec(nu15,q3)*p4.p4^2*d*xiw*xiz*ufoGC58^2*ufoGC80*
         ufoGC69
          - 1/4*g_(1,6_,nu13)*FT1*g_(1,q3)*g_(2,6_,nu15)*cFT(nu9,XX,i2,iufo3)*
         cFT(g7,XX,iufo3,i3)/(d^3 + d^2 - 2*d)*flavourTag(fe,j11,j12)*Vec(nu9,
         q2)*Vec(nu13,q2)*Vec(nu15,q3)*p4.p4^2*xiw*xiz*ufoGC58^2*ufoGC80*
         ufoGC69
          + 1/4*g_(1,6_,nu13)*FT1*g_(1,q3)*g_(2,6_,nu15)*cFT(nu9,XX,i2,iufo3)*
         cFT(g7,XX,iufo3,i3)/(d^3 + d^2 - 2*d)*flavourTag(fe,j11,j12)*Vec(nu9,
         q2)*Vec(nu13,q3)*Vec(nu15,q2)*p4.p4^2*d*xiw*xiz*ufoGC58^2*ufoGC80*
         ufoGC69
          - 1/4*g_(1,6_,nu13)*FT1*g_(1,q3)*g_(2,6_,nu15)*cFT(nu9,XX,i2,iufo3)*
         cFT(g7,XX,iufo3,i3)/(d^3 + d^2 - 2*d)*flavourTag(fe,j11,j12)*Vec(nu9,
         q2)*Vec(nu13,q3)*Vec(nu15,q2)*p4.p4^2*xiw*xiz*ufoGC58^2*ufoGC80*
         ufoGC69
          + 1/4*g_(1,6_,nu13)*FT1*g_(1,q3)*g_(2,6_,nu15)*cFT(nu9,XX,i2,iufo3)*
         cFT(g7,XX,iufo3,i3)/(d^3 + d^2 - 2*d)*flavourTag(fe,j11,j12)*Vec(nu9,
         q2)*Vec(nu13,q3)*Vec(nu15,q3)*p4.p4^2*d*xiw*xiz*ufoGC58^2*ufoGC80*
         ufoGC69
          - 1/4*g_(1,6_,nu13)*FT1*g_(1,q3)*g_(2,6_,nu15)*cFT(nu9,XX,i2,iufo3)*
         cFT(g7,XX,iufo3,i3)/(d^3 + d^2 - 2*d)*flavourTag(fe,j11,j12)*Vec(nu9,
         q2)*Vec(nu13,q3)*Vec(nu15,q3)*p4.p4^2*xiw*xiz*ufoGC58^2*ufoGC80*
         ufoGC69
          + 1/4*g_(1,6_,nu13)*FT1*g_(1,q3)*g_(2,6_,nu15)*cFT(nu9,XX,i2,iufo3)*
         cFT(g7,XX,iufo3,i3)/(d^3 + d^2 - 2*d)*flavourTag(fe,j11,j12)*Vec(nu9,
         q3)*Vec(nu13,q2)*Vec(nu15,q2)*p4.p4^2*d*xiw*xiz*ufoGC58^2*ufoGC80*
         ufoGC69
          - 1/4*g_(1,6_,nu13)*FT1*g_(1,q3)*g_(2,6_,nu15)*cFT(nu9,XX,i2,iufo3)*
         cFT(g7,XX,iufo3,i3)/(d^3 + d^2 - 2*d)*flavourTag(fe,j11,j12)*Vec(nu9,
         q3)*Vec(nu13,q2)*Vec(nu15,q2)*p4.p4^2*xiw*xiz*ufoGC58^2*ufoGC80*
         ufoGC69
          + 1/4*g_(1,6_,nu13)*FT1*g_(1,q3)*g_(2,6_,nu15)*cFT(nu9,XX,i2,iufo3)*
         cFT(g7,XX,iufo3,i3)/(d^3 + d^2 - 2*d)*flavourTag(fe,j11,j12)*Vec(nu9,
         q3)*Vec(nu13,q2)*Vec(nu15,q3)*p4.p4^2*d*xiw*xiz*ufoGC58^2*ufoGC80*
         ufoGC69
          - 1/4*g_(1,6_,nu13)*FT1*g_(1,q3)*g_(2,6_,nu15)*cFT(nu9,XX,i2,iufo3)*
         cFT(g7,XX,iufo3,i3)/(d^3 + d^2 - 2*d)*flavourTag(fe,j11,j12)*Vec(nu9,
         q3)*Vec(nu13,q2)*Vec(nu15,q3)*p4.p4^2*xiw*xiz*ufoGC58^2*ufoGC80*
         ufoGC69
          + 1/4*g_(1,6_,nu13)*FT1*g_(1,q3)*g_(2,6_,nu15)*cFT(nu9,XX,i2,iufo3)*
         cFT(g7,XX,iufo3,i3)/(d^3 + d^2 - 2*d)*flavourTag(fe,j11,j12)*Vec(nu9,
         q3)*Vec(nu13,q3)*Vec(nu15,q2)*p4.p4^2*d*xiw*xiz*ufoGC58^2*ufoGC80*
         ufoGC69
          - 1/4*g_(1,6_,nu13)*FT1*g_(1,q3)*g_(2,6_,nu15)*cFT(nu9,XX,i2,iufo3)*
         cFT(g7,XX,iufo3,i3)/(d^3 + d^2 - 2*d)*flavourTag(fe,j11,j12)*Vec(nu9,
         q3)*Vec(nu13,q3)*Vec(nu15,q2)*p4.p4^2*xiw*xiz*ufoGC58^2*ufoGC80*
         ufoGC69
          + 1/4*g_(1,6_,nu13)*FT1*g_(1,q3)*g_(2,6_,nu15)*cFT(nu9,XX,i2,iufo3)*
         cFT(g7,XX,iufo3,i3)/(d^3 + d^2 - 2*d)*flavourTag(fe,j11,j12)*Vec(nu9,
         q3)*Vec(nu13,q3)*Vec(nu15,q3)*p4.p4^2*d*xiw*xiz*ufoGC58^2*ufoGC80*
         ufoGC69
          - 1/4*g_(1,6_,nu13)*FT1*g_(1,q3)*g_(2,6_,nu15)*cFT(nu9,XX,i2,iufo3)*
         cFT(g7,XX,iufo3,i3)/(d^3 + d^2 - 2*d)*flavourTag(fe,j11,j12)*Vec(nu9,
         q3)*Vec(nu13,q3)*Vec(nu15,q3)*p4.p4^2*xiw*xiz*ufoGC58^2*ufoGC80*
         ufoGC69
          - 1/8*g_(1,6_,nu13)*FT1*g_(1,q3)*g_(2,nu14)*FT2(g6)*cFT(nu9,XX,i2,
         iufo3)*cFT(g7,XX,iufo3,i3)*flavourTag(fe,j11,j12)*Vec(nu14,q2)*Vec(
         nu9,q2)*Vec(nu10,q2)^2*Vec(nu13,q2)*p4.p4*d^-1*xiw*xiz*ufoGC58^2*
         ufoGC76*ufoGC69
          - 1/8*g_(1,6_,nu13)*FT1*g_(1,q3)*g_(2,nu14)*FT2(g6)*cFT(nu9,XX,i2,
         iufo3)*cFT(g7,XX,iufo3,i3)*flavourTag(fe,j11,j12)*Vec(nu14,q2)*Vec(
         nu9,q2)*Vec(nu10,q2)^2*Vec(nu13,q3)*p4.p4*d^-1*xiw*xiz*ufoGC58^2*
         ufoGC76*ufoGC69
          - 1/4*g_(1,6_,nu13)*FT1*g_(1,q3)*g_(2,nu14)*FT2(g6)*cFT(nu9,XX,i2,
         iufo3)*cFT(g7,XX,iufo3,i3)*flavourTag(fe,j11,j12)*Vec(nu14,q2)*Vec(
         nu9,q2)*Vec(nu10,q2)*Vec(nu10,q3)*Vec(nu13,q2)*p4.p4*d^-1*xiw*xiz*
         ufoGC58^2*ufoGC76*ufoGC69
          - 1/4*g_(1,6_,nu13)*FT1*g_(1,q3)*g_(2,nu14)*FT2(g6)*cFT(nu9,XX,i2,
         iufo3)*cFT(g7,XX,iufo3,i3)*flavourTag(fe,j11,j12)*Vec(nu14,q2)*Vec(
         nu9,q2)*Vec(nu10,q2)*Vec(nu10,q3)*Vec(nu13,q3)*p4.p4*d^-1*xiw*xiz*
         ufoGC58^2*ufoGC76*ufoGC69
          - 1/8*g_(1,6_,nu13)*FT1*g_(1,q3)*g_(2,nu14)*FT2(g6)*cFT(nu9,XX,i2,
         iufo3)*cFT(g7,XX,iufo3,i3)*flavourTag(fe,j11,j12)*Vec(nu14,q2)*Vec(
         nu9,q2)*Vec(nu10,q3)^2*Vec(nu13,q2)*p4.p4*d^-1*xiw*xiz*ufoGC58^2*
         ufoGC76*ufoGC69
          - 1/8*g_(1,6_,nu13)*FT1*g_(1,q3)*g_(2,nu14)*FT2(g6)*cFT(nu9,XX,i2,
         iufo3)*cFT(g7,XX,iufo3,i3)*flavourTag(fe,j11,j12)*Vec(nu14,q2)*Vec(
         nu9,q2)*Vec(nu10,q3)^2*Vec(nu13,q3)*p4.p4*d^-1*xiw*xiz*ufoGC58^2*
         ufoGC76*ufoGC69
          + 1/8*g_(1,6_,nu13)*FT1*g_(1,q3)*g_(2,nu14)*FT2(g6)*cFT(nu9,XX,i2,
         iufo3)*cFT(g7,XX,iufo3,i3)*flavourTag(fe,j11,j12)*Vec(nu14,q2)*Vec(
         nu9,q2)*Vec(nu13,q2)*p4.p4^2*d^-1*xiw*xiz*ufoGC58^2*ufoGC76*ufoGC69
          + 1/8*g_(1,6_,nu13)*FT1*g_(1,q3)*g_(2,nu14)*FT2(g6)*cFT(nu9,XX,i2,
         iufo3)*cFT(g7,XX,iufo3,i3)*flavourTag(fe,j11,j12)*Vec(nu14,q2)*Vec(
         nu9,q2)*Vec(nu13,q3)*p4.p4^2*d^-1*xiw*xiz*ufoGC58^2*ufoGC76*ufoGC69
          - 1/8*g_(1,6_,nu13)*FT1*g_(1,q3)*g_(2,nu14)*FT2(g6)*cFT(nu9,XX,i2,
         iufo3)*cFT(g7,XX,iufo3,i3)*flavourTag(fe,j11,j12)*Vec(nu14,q2)*Vec(
         nu9,q3)*Vec(nu10,q2)^2*Vec(nu13,q2)*p4.p4*d^-1*xiw*xiz*ufoGC58^2*
         ufoGC76*ufoGC69
          - 1/8*g_(1,6_,nu13)*FT1*g_(1,q3)*g_(2,nu14)*FT2(g6)*cFT(nu9,XX,i2,
         iufo3)*cFT(g7,XX,iufo3,i3)*flavourTag(fe,j11,j12)*Vec(nu14,q2)*Vec(
         nu9,q3)*Vec(nu10,q2)^2*Vec(nu13,q3)*p4.p4*d^-1*xiw*xiz*ufoGC58^2*
         ufoGC76*ufoGC69
          - 1/4*g_(1,6_,nu13)*FT1*g_(1,q3)*g_(2,nu14)*FT2(g6)*cFT(nu9,XX,i2,
         iufo3)*cFT(g7,XX,iufo3,i3)*flavourTag(fe,j11,j12)*Vec(nu14,q2)*Vec(
         nu9,q3)*Vec(nu10,q2)*Vec(nu10,q3)*Vec(nu13,q2)*p4.p4*d^-1*xiw*xiz*
         ufoGC58^2*ufoGC76*ufoGC69
          - 1/4*g_(1,6_,nu13)*FT1*g_(1,q3)*g_(2,nu14)*FT2(g6)*cFT(nu9,XX,i2,
         iufo3)*cFT(g7,XX,iufo3,i3)*flavourTag(fe,j11,j12)*Vec(nu14,q2)*Vec(
         nu9,q3)*Vec(nu10,q2)*Vec(nu10,q3)*Vec(nu13,q3)*p4.p4*d^-1*xiw*xiz*
         ufoGC58^2*ufoGC76*ufoGC69
          - 1/8*g_(1,6_,nu13)*FT1*g_(1,q3)*g_(2,nu14)*FT2(g6)*cFT(nu9,XX,i2,
         iufo3)*cFT(g7,XX,iufo3,i3)*flavourTag(fe,j11,j12)*Vec(nu14,q2)*Vec(
         nu9,q3)*Vec(nu10,q3)^2*Vec(nu13,q2)*p4.p4*d^-1*xiw*xiz*ufoGC58^2*
         ufoGC76*ufoGC69
          - 1/8*g_(1,6_,nu13)*FT1*g_(1,q3)*g_(2,nu14)*FT2(g6)*cFT(nu9,XX,i2,
         iufo3)*cFT(g7,XX,iufo3,i3)*flavourTag(fe,j11,j12)*Vec(nu14,q2)*Vec(
         nu9,q3)*Vec(nu10,q3)^2*Vec(nu13,q3)*p4.p4*d^-1*xiw*xiz*ufoGC58^2*
         ufoGC76*ufoGC69
          + 1/8*g_(1,6_,nu13)*FT1*g_(1,q3)*g_(2,nu14)*FT2(g6)*cFT(nu9,XX,i2,
         iufo3)*cFT(g7,XX,iufo3,i3)*flavourTag(fe,j11,j12)*Vec(nu14,q2)*Vec(
         nu9,q3)*Vec(nu13,q2)*p4.p4^2*d^-1*xiw*xiz*ufoGC58^2*ufoGC76*ufoGC69
          + 1/8*g_(1,6_,nu13)*FT1*g_(1,q3)*g_(2,nu14)*FT2(g6)*cFT(nu9,XX,i2,
         iufo3)*cFT(g7,XX,iufo3,i3)*flavourTag(fe,j11,j12)*Vec(nu14,q2)*Vec(
         nu9,q3)*Vec(nu13,q3)*p4.p4^2*d^-1*xiw*xiz*ufoGC58^2*ufoGC76*ufoGC69
          - 1/8*g_(1,6_,nu13)*FT1*g_(1,q3)*g_(2,nu14)*FT2(g6)*cFT(nu9,XX,i2,
         iufo3)*cFT(g7,XX,iufo3,i3)*flavourTag(fe,j11,j12)*Vec(nu14,q3)*Vec(
         nu9,q2)*Vec(nu10,q2)^2*Vec(nu13,q2)*p4.p4*d^-1*xiw*xiz*ufoGC58^2*
         ufoGC76*ufoGC69
          - 1/8*g_(1,6_,nu13)*FT1*g_(1,q3)*g_(2,nu14)*FT2(g6)*cFT(nu9,XX,i2,
         iufo3)*cFT(g7,XX,iufo3,i3)*flavourTag(fe,j11,j12)*Vec(nu14,q3)*Vec(
         nu9,q2)*Vec(nu10,q2)^2*Vec(nu13,q3)*p4.p4*d^-1*xiw*xiz*ufoGC58^2*
         ufoGC76*ufoGC69
          - 1/4*g_(1,6_,nu13)*FT1*g_(1,q3)*g_(2,nu14)*FT2(g6)*cFT(nu9,XX,i2,
         iufo3)*cFT(g7,XX,iufo3,i3)*flavourTag(fe,j11,j12)*Vec(nu14,q3)*Vec(
         nu9,q2)*Vec(nu10,q2)*Vec(nu10,q3)*Vec(nu13,q2)*p4.p4*d^-1*xiw*xiz*
         ufoGC58^2*ufoGC76*ufoGC69
          - 1/4*g_(1,6_,nu13)*FT1*g_(1,q3)*g_(2,nu14)*FT2(g6)*cFT(nu9,XX,i2,
         iufo3)*cFT(g7,XX,iufo3,i3)*flavourTag(fe,j11,j12)*Vec(nu14,q3)*Vec(
         nu9,q2)*Vec(nu10,q2)*Vec(nu10,q3)*Vec(nu13,q3)*p4.p4*d^-1*xiw*xiz*
         ufoGC58^2*ufoGC76*ufoGC69
          - 1/8*g_(1,6_,nu13)*FT1*g_(1,q3)*g_(2,nu14)*FT2(g6)*cFT(nu9,XX,i2,
         iufo3)*cFT(g7,XX,iufo3,i3)*flavourTag(fe,j11,j12)*Vec(nu14,q3)*Vec(
         nu9,q2)*Vec(nu10,q3)^2*Vec(nu13,q2)*p4.p4*d^-1*xiw*xiz*ufoGC58^2*
         ufoGC76*ufoGC69
          - 1/8*g_(1,6_,nu13)*FT1*g_(1,q3)*g_(2,nu14)*FT2(g6)*cFT(nu9,XX,i2,
         iufo3)*cFT(g7,XX,iufo3,i3)*flavourTag(fe,j11,j12)*Vec(nu14,q3)*Vec(
         nu9,q2)*Vec(nu10,q3)^2*Vec(nu13,q3)*p4.p4*d^-1*xiw*xiz*ufoGC58^2*
         ufoGC76*ufoGC69
          + 1/8*g_(1,6_,nu13)*FT1*g_(1,q3)*g_(2,nu14)*FT2(g6)*cFT(nu9,XX,i2,
         iufo3)*cFT(g7,XX,iufo3,i3)*flavourTag(fe,j11,j12)*Vec(nu14,q3)*Vec(
         nu9,q2)*Vec(nu13,q2)*p4.p4^2*d^-1*xiw*xiz*ufoGC58^2*ufoGC76*ufoGC69
          + 1/8*g_(1,6_,nu13)*FT1*g_(1,q3)*g_(2,nu14)*FT2(g6)*cFT(nu9,XX,i2,
         iufo3)*cFT(g7,XX,iufo3,i3)*flavourTag(fe,j11,j12)*Vec(nu14,q3)*Vec(
         nu9,q2)*Vec(nu13,q3)*p4.p4^2*d^-1*xiw*xiz*ufoGC58^2*ufoGC76*ufoGC69
          - 1/8*g_(1,6_,nu13)*FT1*g_(1,q3)*g_(2,nu14)*FT2(g6)*cFT(nu9,XX,i2,
         iufo3)*cFT(g7,XX,iufo3,i3)*flavourTag(fe,j11,j12)*Vec(nu14,q3)*Vec(
         nu9,q3)*Vec(nu10,q2)^2*Vec(nu13,q2)*p4.p4*d^-1*xiw*xiz*ufoGC58^2*
         ufoGC76*ufoGC69
          - 1/8*g_(1,6_,nu13)*FT1*g_(1,q3)*g_(2,nu14)*FT2(g6)*cFT(nu9,XX,i2,
         iufo3)*cFT(g7,XX,iufo3,i3)*flavourTag(fe,j11,j12)*Vec(nu14,q3)*Vec(
         nu9,q3)*Vec(nu10,q2)^2*Vec(nu13,q3)*p4.p4*d^-1*xiw*xiz*ufoGC58^2*
         ufoGC76*ufoGC69
          - 1/4*g_(1,6_,nu13)*FT1*g_(1,q3)*g_(2,nu14)*FT2(g6)*cFT(nu9,XX,i2,
         iufo3)*cFT(g7,XX,iufo3,i3)*flavourTag(fe,j11,j12)*Vec(nu14,q3)*Vec(
         nu9,q3)*Vec(nu10,q2)*Vec(nu10,q3)*Vec(nu13,q2)*p4.p4*d^-1*xiw*xiz*
         ufoGC58^2*ufoGC76*ufoGC69
          - 1/4*g_(1,6_,nu13)*FT1*g_(1,q3)*g_(2,nu14)*FT2(g6)*cFT(nu9,XX,i2,
         iufo3)*cFT(g7,XX,iufo3,i3)*flavourTag(fe,j11,j12)*Vec(nu14,q3)*Vec(
         nu9,q3)*Vec(nu10,q2)*Vec(nu10,q3)*Vec(nu13,q3)*p4.p4*d^-1*xiw*xiz*
         ufoGC58^2*ufoGC76*ufoGC69
          - 1/8*g_(1,6_,nu13)*FT1*g_(1,q3)*g_(2,nu14)*FT2(g6)*cFT(nu9,XX,i2,
         iufo3)*cFT(g7,XX,iufo3,i3)*flavourTag(fe,j11,j12)*Vec(nu14,q3)*Vec(
         nu9,q3)*Vec(nu10,q3)^2*Vec(nu13,q2)*p4.p4*d^-1*xiw*xiz*ufoGC58^2*
         ufoGC76*ufoGC69
          - 1/8*g_(1,6_,nu13)*FT1*g_(1,q3)*g_(2,nu14)*FT2(g6)*cFT(nu9,XX,i2,
         iufo3)*cFT(g7,XX,iufo3,i3)*flavourTag(fe,j11,j12)*Vec(nu14,q3)*Vec(
         nu9,q3)*Vec(nu10,q3)^2*Vec(nu13,q3)*p4.p4*d^-1*xiw*xiz*ufoGC58^2*
         ufoGC76*ufoGC69
          + 1/8*g_(1,6_,nu13)*FT1*g_(1,q3)*g_(2,nu14)*FT2(g6)*cFT(nu9,XX,i2,
         iufo3)*cFT(g7,XX,iufo3,i3)*flavourTag(fe,j11,j12)*Vec(nu14,q3)*Vec(
         nu9,q3)*Vec(nu13,q2)*p4.p4^2*d^-1*xiw*xiz*ufoGC58^2*ufoGC76*ufoGC69
          + 1/8*g_(1,6_,nu13)*FT1*g_(1,q3)*g_(2,nu14)*FT2(g6)*cFT(nu9,XX,i2,
         iufo3)*cFT(g7,XX,iufo3,i3)*flavourTag(fe,j11,j12)*Vec(nu14,q3)*Vec(
         nu9,q3)*Vec(nu13,q3)*p4.p4^2*d^-1*xiw*xiz*ufoGC58^2*ufoGC76*ufoGC69
          - 1/4*g_(1,6_,nu13)*FT1*g_(1,q3)*g_(2,nu10)*FT2(g6)*cFT(nu9,XX,i2,
         iufo3)*cFT(g7,XX,iufo3,i3)/(d^3 + d^2 - 2*d)*flavourTag(fe,j11,j12)*
         Vec(nu9,q2)*Vec(nu10,q2)*Vec(nu13,q2)*p4.p4^2*d*xiw*xiz*ufoGC58^2*
         ufoGC76*ufoGC69
          + 1/4*g_(1,6_,nu13)*FT1*g_(1,q3)*g_(2,nu10)*FT2(g6)*cFT(nu9,XX,i2,
         iufo3)*cFT(g7,XX,iufo3,i3)/(d^3 + d^2 - 2*d)*flavourTag(fe,j11,j12)*
         Vec(nu9,q2)*Vec(nu10,q2)*Vec(nu13,q2)*p4.p4^2*xiw*xiz*ufoGC58^2*
         ufoGC76*ufoGC69
          - 1/4*g_(1,6_,nu13)*FT1*g_(1,q3)*g_(2,nu10)*FT2(g6)*cFT(nu9,XX,i2,
         iufo3)*cFT(g7,XX,iufo3,i3)/(d^3 + d^2 - 2*d)*flavourTag(fe,j11,j12)*
         Vec(nu9,q2)*Vec(nu10,q2)*Vec(nu13,q3)*p4.p4^2*d*xiw*xiz*ufoGC58^2*
         ufoGC76*ufoGC69
          + 1/4*g_(1,6_,nu13)*FT1*g_(1,q3)*g_(2,nu10)*FT2(g6)*cFT(nu9,XX,i2,
         iufo3)*cFT(g7,XX,iufo3,i3)/(d^3 + d^2 - 2*d)*flavourTag(fe,j11,j12)*
         Vec(nu9,q2)*Vec(nu10,q2)*Vec(nu13,q3)*p4.p4^2*xiw*xiz*ufoGC58^2*
         ufoGC76*ufoGC69
          - 1/4*g_(1,6_,nu13)*FT1*g_(1,q3)*g_(2,nu10)*FT2(g6)*cFT(nu9,XX,i2,
         iufo3)*cFT(g7,XX,iufo3,i3)/(d^3 + d^2 - 2*d)*flavourTag(fe,j11,j12)*
         Vec(nu9,q2)*Vec(nu10,q3)*Vec(nu13,q2)*p4.p4^2*d*xiw*xiz*ufoGC58^2*
         ufoGC76*ufoGC69
          + 1/4*g_(1,6_,nu13)*FT1*g_(1,q3)*g_(2,nu10)*FT2(g6)*cFT(nu9,XX,i2,
         iufo3)*cFT(g7,XX,iufo3,i3)/(d^3 + d^2 - 2*d)*flavourTag(fe,j11,j12)*
         Vec(nu9,q2)*Vec(nu10,q3)*Vec(nu13,q2)*p4.p4^2*xiw*xiz*ufoGC58^2*
         ufoGC76*ufoGC69
          - 1/4*g_(1,6_,nu13)*FT1*g_(1,q3)*g_(2,nu10)*FT2(g6)*cFT(nu9,XX,i2,
         iufo3)*cFT(g7,XX,iufo3,i3)/(d^3 + d^2 - 2*d)*flavourTag(fe,j11,j12)*
         Vec(nu9,q2)*Vec(nu10,q3)*Vec(nu13,q3)*p4.p4^2*d*xiw*xiz*ufoGC58^2*
         ufoGC76*ufoGC69
          + 1/4*g_(1,6_,nu13)*FT1*g_(1,q3)*g_(2,nu10)*FT2(g6)*cFT(nu9,XX,i2,
         iufo3)*cFT(g7,XX,iufo3,i3)/(d^3 + d^2 - 2*d)*flavourTag(fe,j11,j12)*
         Vec(nu9,q2)*Vec(nu10,q3)*Vec(nu13,q3)*p4.p4^2*xiw*xiz*ufoGC58^2*
         ufoGC76*ufoGC69
          - 1/4*g_(1,6_,nu13)*FT1*g_(1,q3)*g_(2,nu10)*FT2(g6)*cFT(nu9,XX,i2,
         iufo3)*cFT(g7,XX,iufo3,i3)/(d^3 + d^2 - 2*d)*flavourTag(fe,j11,j12)*
         Vec(nu9,q3)*Vec(nu10,q2)*Vec(nu13,q2)*p4.p4^2*d*xiw*xiz*ufoGC58^2*
         ufoGC76*ufoGC69
          + 1/4*g_(1,6_,nu13)*FT1*g_(1,q3)*g_(2,nu10)*FT2(g6)*cFT(nu9,XX,i2,
         iufo3)*cFT(g7,XX,iufo3,i3)/(d^3 + d^2 - 2*d)*flavourTag(fe,j11,j12)*
         Vec(nu9,q3)*Vec(nu10,q2)*Vec(nu13,q2)*p4.p4^2*xiw*xiz*ufoGC58^2*
         ufoGC76*ufoGC69
          - 1/4*g_(1,6_,nu13)*FT1*g_(1,q3)*g_(2,nu10)*FT2(g6)*cFT(nu9,XX,i2,
         iufo3)*cFT(g7,XX,iufo3,i3)/(d^3 + d^2 - 2*d)*flavourTag(fe,j11,j12)*
         Vec(nu9,q3)*Vec(nu10,q2)*Vec(nu13,q3)*p4.p4^2*d*xiw*xiz*ufoGC58^2*
         ufoGC76*ufoGC69
          + 1/4*g_(1,6_,nu13)*FT1*g_(1,q3)*g_(2,nu10)*FT2(g6)*cFT(nu9,XX,i2,
         iufo3)*cFT(g7,XX,iufo3,i3)/(d^3 + d^2 - 2*d)*flavourTag(fe,j11,j12)*
         Vec(nu9,q3)*Vec(nu10,q2)*Vec(nu13,q3)*p4.p4^2*xiw*xiz*ufoGC58^2*
         ufoGC76*ufoGC69
          - 1/4*g_(1,6_,nu13)*FT1*g_(1,q3)*g_(2,nu10)*FT2(g6)*cFT(nu9,XX,i2,
         iufo3)*cFT(g7,XX,iufo3,i3)/(d^3 + d^2 - 2*d)*flavourTag(fe,j11,j12)*
         Vec(nu9,q3)*Vec(nu10,q3)*Vec(nu13,q2)*p4.p4^2*d*xiw*xiz*ufoGC58^2*
         ufoGC76*ufoGC69
          + 1/4*g_(1,6_,nu13)*FT1*g_(1,q3)*g_(2,nu10)*FT2(g6)*cFT(nu9,XX,i2,
         iufo3)*cFT(g7,XX,iufo3,i3)/(d^3 + d^2 - 2*d)*flavourTag(fe,j11,j12)*
         Vec(nu9,q3)*Vec(nu10,q3)*Vec(nu13,q2)*p4.p4^2*xiw*xiz*ufoGC58^2*
         ufoGC76*ufoGC69
          - 1/4*g_(1,6_,nu13)*FT1*g_(1,q3)*g_(2,nu10)*FT2(g6)*cFT(nu9,XX,i2,
         iufo3)*cFT(g7,XX,iufo3,i3)/(d^3 + d^2 - 2*d)*flavourTag(fe,j11,j12)*
         Vec(nu9,q3)*Vec(nu10,q3)*Vec(nu13,q3)*p4.p4^2*d*xiw*xiz*ufoGC58^2*
         ufoGC76*ufoGC69
          + 1/4*g_(1,6_,nu13)*FT1*g_(1,q3)*g_(2,nu10)*FT2(g6)*cFT(nu9,XX,i2,
         iufo3)*cFT(g7,XX,iufo3,i3)/(d^3 + d^2 - 2*d)*flavourTag(fe,j11,j12)*
         Vec(nu9,q3)*Vec(nu10,q3)*Vec(nu13,q3)*p4.p4^2*xiw*xiz*ufoGC58^2*
         ufoGC76*ufoGC69
          + 1/4*g_(1,6_,nu13)*FT1*g_(1,q3)*g_(2,nu15)*FT2(g6)*cFT(nu9,XX,i2,
         iufo3)*cFT(g7,XX,iufo3,i3)/(d^3 + d^2 - 2*d)*flavourTag(fe,j11,j12)*
         Vec(nu9,q2)*Vec(nu13,q2)*Vec(nu15,q2)*p4.p4^2*d*xiw*xiz*ufoGC58^2*
         ufoGC76*ufoGC69
          - 1/4*g_(1,6_,nu13)*FT1*g_(1,q3)*g_(2,nu15)*FT2(g6)*cFT(nu9,XX,i2,
         iufo3)*cFT(g7,XX,iufo3,i3)/(d^3 + d^2 - 2*d)*flavourTag(fe,j11,j12)*
         Vec(nu9,q2)*Vec(nu13,q2)*Vec(nu15,q2)*p4.p4^2*xiw*xiz*ufoGC58^2*
         ufoGC76*ufoGC69
          + 1/4*g_(1,6_,nu13)*FT1*g_(1,q3)*g_(2,nu15)*FT2(g6)*cFT(nu9,XX,i2,
         iufo3)*cFT(g7,XX,iufo3,i3)/(d^3 + d^2 - 2*d)*flavourTag(fe,j11,j12)*
         Vec(nu9,q2)*Vec(nu13,q2)*Vec(nu15,q3)*p4.p4^2*d*xiw*xiz*ufoGC58^2*
         ufoGC76*ufoGC69
          - 1/4*g_(1,6_,nu13)*FT1*g_(1,q3)*g_(2,nu15)*FT2(g6)*cFT(nu9,XX,i2,
         iufo3)*cFT(g7,XX,iufo3,i3)/(d^3 + d^2 - 2*d)*flavourTag(fe,j11,j12)*
         Vec(nu9,q2)*Vec(nu13,q2)*Vec(nu15,q3)*p4.p4^2*xiw*xiz*ufoGC58^2*
         ufoGC76*ufoGC69
          + 1/4*g_(1,6_,nu13)*FT1*g_(1,q3)*g_(2,nu15)*FT2(g6)*cFT(nu9,XX,i2,
         iufo3)*cFT(g7,XX,iufo3,i3)/(d^3 + d^2 - 2*d)*flavourTag(fe,j11,j12)*
         Vec(nu9,q2)*Vec(nu13,q3)*Vec(nu15,q2)*p4.p4^2*d*xiw*xiz*ufoGC58^2*
         ufoGC76*ufoGC69
          - 1/4*g_(1,6_,nu13)*FT1*g_(1,q3)*g_(2,nu15)*FT2(g6)*cFT(nu9,XX,i2,
         iufo3)*cFT(g7,XX,iufo3,i3)/(d^3 + d^2 - 2*d)*flavourTag(fe,j11,j12)*
         Vec(nu9,q2)*Vec(nu13,q3)*Vec(nu15,q2)*p4.p4^2*xiw*xiz*ufoGC58^2*
         ufoGC76*ufoGC69
          + 1/4*g_(1,6_,nu13)*FT1*g_(1,q3)*g_(2,nu15)*FT2(g6)*cFT(nu9,XX,i2,
         iufo3)*cFT(g7,XX,iufo3,i3)/(d^3 + d^2 - 2*d)*flavourTag(fe,j11,j12)*
         Vec(nu9,q2)*Vec(nu13,q3)*Vec(nu15,q3)*p4.p4^2*d*xiw*xiz*ufoGC58^2*
         ufoGC76*ufoGC69
          - 1/4*g_(1,6_,nu13)*FT1*g_(1,q3)*g_(2,nu15)*FT2(g6)*cFT(nu9,XX,i2,
         iufo3)*cFT(g7,XX,iufo3,i3)/(d^3 + d^2 - 2*d)*flavourTag(fe,j11,j12)*
         Vec(nu9,q2)*Vec(nu13,q3)*Vec(nu15,q3)*p4.p4^2*xiw*xiz*ufoGC58^2*
         ufoGC76*ufoGC69
          + 1/4*g_(1,6_,nu13)*FT1*g_(1,q3)*g_(2,nu15)*FT2(g6)*cFT(nu9,XX,i2,
         iufo3)*cFT(g7,XX,iufo3,i3)/(d^3 + d^2 - 2*d)*flavourTag(fe,j11,j12)*
         Vec(nu9,q3)*Vec(nu13,q2)*Vec(nu15,q2)*p4.p4^2*d*xiw*xiz*ufoGC58^2*
         ufoGC76*ufoGC69
          - 1/4*g_(1,6_,nu13)*FT1*g_(1,q3)*g_(2,nu15)*FT2(g6)*cFT(nu9,XX,i2,
         iufo3)*cFT(g7,XX,iufo3,i3)/(d^3 + d^2 - 2*d)*flavourTag(fe,j11,j12)*
         Vec(nu9,q3)*Vec(nu13,q2)*Vec(nu15,q2)*p4.p4^2*xiw*xiz*ufoGC58^2*
         ufoGC76*ufoGC69
          + 1/4*g_(1,6_,nu13)*FT1*g_(1,q3)*g_(2,nu15)*FT2(g6)*cFT(nu9,XX,i2,
         iufo3)*cFT(g7,XX,iufo3,i3)/(d^3 + d^2 - 2*d)*flavourTag(fe,j11,j12)*
         Vec(nu9,q3)*Vec(nu13,q2)*Vec(nu15,q3)*p4.p4^2*d*xiw*xiz*ufoGC58^2*
         ufoGC76*ufoGC69
          - 1/4*g_(1,6_,nu13)*FT1*g_(1,q3)*g_(2,nu15)*FT2(g6)*cFT(nu9,XX,i2,
         iufo3)*cFT(g7,XX,iufo3,i3)/(d^3 + d^2 - 2*d)*flavourTag(fe,j11,j12)*
         Vec(nu9,q3)*Vec(nu13,q2)*Vec(nu15,q3)*p4.p4^2*xiw*xiz*ufoGC58^2*
         ufoGC76*ufoGC69
          + 1/4*g_(1,6_,nu13)*FT1*g_(1,q3)*g_(2,nu15)*FT2(g6)*cFT(nu9,XX,i2,
         iufo3)*cFT(g7,XX,iufo3,i3)/(d^3 + d^2 - 2*d)*flavourTag(fe,j11,j12)*
         Vec(nu9,q3)*Vec(nu13,q3)*Vec(nu15,q2)*p4.p4^2*d*xiw*xiz*ufoGC58^2*
         ufoGC76*ufoGC69
          - 1/4*g_(1,6_,nu13)*FT1*g_(1,q3)*g_(2,nu15)*FT2(g6)*cFT(nu9,XX,i2,
         iufo3)*cFT(g7,XX,iufo3,i3)/(d^3 + d^2 - 2*d)*flavourTag(fe,j11,j12)*
         Vec(nu9,q3)*Vec(nu13,q3)*Vec(nu15,q2)*p4.p4^2*xiw*xiz*ufoGC58^2*
         ufoGC76*ufoGC69
          + 1/4*g_(1,6_,nu13)*FT1*g_(1,q3)*g_(2,nu15)*FT2(g6)*cFT(nu9,XX,i2,
         iufo3)*cFT(g7,XX,iufo3,i3)/(d^3 + d^2 - 2*d)*flavourTag(fe,j11,j12)*
         Vec(nu9,q3)*Vec(nu13,q3)*Vec(nu15,q3)*p4.p4^2*d*xiw*xiz*ufoGC58^2*
         ufoGC76*ufoGC69
          - 1/4*g_(1,6_,nu13)*FT1*g_(1,q3)*g_(2,nu15)*FT2(g6)*cFT(nu9,XX,i2,
         iufo3)*cFT(g7,XX,iufo3,i3)/(d^3 + d^2 - 2*d)*flavourTag(fe,j11,j12)*
         Vec(nu9,q3)*Vec(nu13,q3)*Vec(nu15,q3)*p4.p4^2*xiw*xiz*ufoGC58^2*
         ufoGC76*ufoGC69
          - 1/4*g_(1,6_,nu15)*FT1*g_(1,p4)*g_(2,6_,nu14)*cFT(nu9,XX,i2,iufo3)*
         cFT(g7,XX,iufo3,i3)*flavourTag(fe,j11,j12)*Vec(nu14,q2)*Vec(nu9,q2)*
         Vec(nu13,q2)^2*Vec(nu15,q2)*p4.p4*d^-1*xiw*xiz*ufoGC58^2*ufoGC80*
         ufoGC69
          - 1/4*g_(1,6_,nu15)*FT1*g_(1,p4)*g_(2,6_,nu14)*cFT(nu9,XX,i2,iufo3)*
         cFT(g7,XX,iufo3,i3)*flavourTag(fe,j11,j12)*Vec(nu14,q2)*Vec(nu9,q2)*
         Vec(nu13,q2)^2*Vec(nu15,q3)*p4.p4*d^-1*xiw*xiz*ufoGC58^2*ufoGC80*
         ufoGC69
          - 1/2*g_(1,6_,nu15)*FT1*g_(1,p4)*g_(2,6_,nu14)*cFT(nu9,XX,i2,iufo3)*
         cFT(g7,XX,iufo3,i3)*flavourTag(fe,j11,j12)*Vec(nu14,q2)*Vec(nu9,q2)*
         Vec(nu13,q2)*Vec(nu13,q3)*Vec(nu15,q2)*p4.p4*d^-1*xiw*xiz*ufoGC58^2*
         ufoGC80*ufoGC69
          - 1/2*g_(1,6_,nu15)*FT1*g_(1,p4)*g_(2,6_,nu14)*cFT(nu9,XX,i2,iufo3)*
         cFT(g7,XX,iufo3,i3)*flavourTag(fe,j11,j12)*Vec(nu14,q2)*Vec(nu9,q2)*
         Vec(nu13,q2)*Vec(nu13,q3)*Vec(nu15,q3)*p4.p4*d^-1*xiw*xiz*ufoGC58^2*
         ufoGC80*ufoGC69
          - 1/4*g_(1,6_,nu15)*FT1*g_(1,p4)*g_(2,6_,nu14)*cFT(nu9,XX,i2,iufo3)*
         cFT(g7,XX,iufo3,i3)*flavourTag(fe,j11,j12)*Vec(nu14,q2)*Vec(nu9,q2)*
         Vec(nu13,q3)^2*Vec(nu15,q2)*p4.p4*d^-1*xiw*xiz*ufoGC58^2*ufoGC80*
         ufoGC69
          - 1/4*g_(1,6_,nu15)*FT1*g_(1,p4)*g_(2,6_,nu14)*cFT(nu9,XX,i2,iufo3)*
         cFT(g7,XX,iufo3,i3)*flavourTag(fe,j11,j12)*Vec(nu14,q2)*Vec(nu9,q2)*
         Vec(nu13,q3)^2*Vec(nu15,q3)*p4.p4*d^-1*xiw*xiz*ufoGC58^2*ufoGC80*
         ufoGC69
          - 1/4*g_(1,6_,nu15)*FT1*g_(1,p4)*g_(2,6_,nu14)*cFT(nu9,XX,i2,iufo3)*
         cFT(g7,XX,iufo3,i3)*flavourTag(fe,j11,j12)*Vec(nu14,q2)*Vec(nu9,q3)*
         Vec(nu13,q2)^2*Vec(nu15,q2)*p4.p4*d^-1*xiw*xiz*ufoGC58^2*ufoGC80*
         ufoGC69
          - 1/4*g_(1,6_,nu15)*FT1*g_(1,p4)*g_(2,6_,nu14)*cFT(nu9,XX,i2,iufo3)*
         cFT(g7,XX,iufo3,i3)*flavourTag(fe,j11,j12)*Vec(nu14,q2)*Vec(nu9,q3)*
         Vec(nu13,q2)^2*Vec(nu15,q3)*p4.p4*d^-1*xiw*xiz*ufoGC58^2*ufoGC80*
         ufoGC69
          - 1/2*g_(1,6_,nu15)*FT1*g_(1,p4)*g_(2,6_,nu14)*cFT(nu9,XX,i2,iufo3)*
         cFT(g7,XX,iufo3,i3)*flavourTag(fe,j11,j12)*Vec(nu14,q2)*Vec(nu9,q3)*
         Vec(nu13,q2)*Vec(nu13,q3)*Vec(nu15,q2)*p4.p4*d^-1*xiw*xiz*ufoGC58^2*
         ufoGC80*ufoGC69
          - 1/2*g_(1,6_,nu15)*FT1*g_(1,p4)*g_(2,6_,nu14)*cFT(nu9,XX,i2,iufo3)*
         cFT(g7,XX,iufo3,i3)*flavourTag(fe,j11,j12)*Vec(nu14,q2)*Vec(nu9,q3)*
         Vec(nu13,q2)*Vec(nu13,q3)*Vec(nu15,q3)*p4.p4*d^-1*xiw*xiz*ufoGC58^2*
         ufoGC80*ufoGC69
          - 1/4*g_(1,6_,nu15)*FT1*g_(1,p4)*g_(2,6_,nu14)*cFT(nu9,XX,i2,iufo3)*
         cFT(g7,XX,iufo3,i3)*flavourTag(fe,j11,j12)*Vec(nu14,q2)*Vec(nu9,q3)*
         Vec(nu13,q3)^2*Vec(nu15,q2)*p4.p4*d^-1*xiw*xiz*ufoGC58^2*ufoGC80*
         ufoGC69
          - 1/4*g_(1,6_,nu15)*FT1*g_(1,p4)*g_(2,6_,nu14)*cFT(nu9,XX,i2,iufo3)*
         cFT(g7,XX,iufo3,i3)*flavourTag(fe,j11,j12)*Vec(nu14,q2)*Vec(nu9,q3)*
         Vec(nu13,q3)^2*Vec(nu15,q3)*p4.p4*d^-1*xiw*xiz*ufoGC58^2*ufoGC80*
         ufoGC69
          - 1/4*g_(1,6_,nu15)*FT1*g_(1,p4)*g_(2,6_,nu14)*cFT(nu9,XX,i2,iufo3)*
         cFT(g7,XX,iufo3,i3)*flavourTag(fe,j11,j12)*Vec(nu14,q3)*Vec(nu9,q2)*
         Vec(nu13,q2)^2*Vec(nu15,q2)*p4.p4*d^-1*xiw*xiz*ufoGC58^2*ufoGC80*
         ufoGC69
          - 1/4*g_(1,6_,nu15)*FT1*g_(1,p4)*g_(2,6_,nu14)*cFT(nu9,XX,i2,iufo3)*
         cFT(g7,XX,iufo3,i3)*flavourTag(fe,j11,j12)*Vec(nu14,q3)*Vec(nu9,q2)*
         Vec(nu13,q2)^2*Vec(nu15,q3)*p4.p4*d^-1*xiw*xiz*ufoGC58^2*ufoGC80*
         ufoGC69
          - 1/2*g_(1,6_,nu15)*FT1*g_(1,p4)*g_(2,6_,nu14)*cFT(nu9,XX,i2,iufo3)*
         cFT(g7,XX,iufo3,i3)*flavourTag(fe,j11,j12)*Vec(nu14,q3)*Vec(nu9,q2)*
         Vec(nu13,q2)*Vec(nu13,q3)*Vec(nu15,q2)*p4.p4*d^-1*xiw*xiz*ufoGC58^2*
         ufoGC80*ufoGC69
          - 1/2*g_(1,6_,nu15)*FT1*g_(1,p4)*g_(2,6_,nu14)*cFT(nu9,XX,i2,iufo3)*
         cFT(g7,XX,iufo3,i3)*flavourTag(fe,j11,j12)*Vec(nu14,q3)*Vec(nu9,q2)*
         Vec(nu13,q2)*Vec(nu13,q3)*Vec(nu15,q3)*p4.p4*d^-1*xiw*xiz*ufoGC58^2*
         ufoGC80*ufoGC69
          - 1/4*g_(1,6_,nu15)*FT1*g_(1,p4)*g_(2,6_,nu14)*cFT(nu9,XX,i2,iufo3)*
         cFT(g7,XX,iufo3,i3)*flavourTag(fe,j11,j12)*Vec(nu14,q3)*Vec(nu9,q2)*
         Vec(nu13,q3)^2*Vec(nu15,q2)*p4.p4*d^-1*xiw*xiz*ufoGC58^2*ufoGC80*
         ufoGC69
          - 1/4*g_(1,6_,nu15)*FT1*g_(1,p4)*g_(2,6_,nu14)*cFT(nu9,XX,i2,iufo3)*
         cFT(g7,XX,iufo3,i3)*flavourTag(fe,j11,j12)*Vec(nu14,q3)*Vec(nu9,q2)*
         Vec(nu13,q3)^2*Vec(nu15,q3)*p4.p4*d^-1*xiw*xiz*ufoGC58^2*ufoGC80*
         ufoGC69
          - 1/4*g_(1,6_,nu15)*FT1*g_(1,p4)*g_(2,6_,nu14)*cFT(nu9,XX,i2,iufo3)*
         cFT(g7,XX,iufo3,i3)*flavourTag(fe,j11,j12)*Vec(nu14,q3)*Vec(nu9,q3)*
         Vec(nu13,q2)^2*Vec(nu15,q2)*p4.p4*d^-1*xiw*xiz*ufoGC58^2*ufoGC80*
         ufoGC69
          - 1/4*g_(1,6_,nu15)*FT1*g_(1,p4)*g_(2,6_,nu14)*cFT(nu9,XX,i2,iufo3)*
         cFT(g7,XX,iufo3,i3)*flavourTag(fe,j11,j12)*Vec(nu14,q3)*Vec(nu9,q3)*
         Vec(nu13,q2)^2*Vec(nu15,q3)*p4.p4*d^-1*xiw*xiz*ufoGC58^2*ufoGC80*
         ufoGC69
          - 1/2*g_(1,6_,nu15)*FT1*g_(1,p4)*g_(2,6_,nu14)*cFT(nu9,XX,i2,iufo3)*
         cFT(g7,XX,iufo3,i3)*flavourTag(fe,j11,j12)*Vec(nu14,q3)*Vec(nu9,q3)*
         Vec(nu13,q2)*Vec(nu13,q3)*Vec(nu15,q2)*p4.p4*d^-1*xiw*xiz*ufoGC58^2*
         ufoGC80*ufoGC69
          - 1/2*g_(1,6_,nu15)*FT1*g_(1,p4)*g_(2,6_,nu14)*cFT(nu9,XX,i2,iufo3)*
         cFT(g7,XX,iufo3,i3)*flavourTag(fe,j11,j12)*Vec(nu14,q3)*Vec(nu9,q3)*
         Vec(nu13,q2)*Vec(nu13,q3)*Vec(nu15,q3)*p4.p4*d^-1*xiw*xiz*ufoGC58^2*
         ufoGC80*ufoGC69
          - 1/4*g_(1,6_,nu15)*FT1*g_(1,p4)*g_(2,6_,nu14)*cFT(nu9,XX,i2,iufo3)*
         cFT(g7,XX,iufo3,i3)*flavourTag(fe,j11,j12)*Vec(nu14,q3)*Vec(nu9,q3)*
         Vec(nu13,q3)^2*Vec(nu15,q2)*p4.p4*d^-1*xiw*xiz*ufoGC58^2*ufoGC80*
         ufoGC69
          - 1/4*g_(1,6_,nu15)*FT1*g_(1,p4)*g_(2,6_,nu14)*cFT(nu9,XX,i2,iufo3)*
         cFT(g7,XX,iufo3,i3)*flavourTag(fe,j11,j12)*Vec(nu14,q3)*Vec(nu9,q3)*
         Vec(nu13,q3)^2*Vec(nu15,q3)*p4.p4*d^-1*xiw*xiz*ufoGC58^2*ufoGC80*
         ufoGC69
          - 1/4*g_(1,6_,nu15)*FT1*g_(1,p4)*g_(2,6_,nu13)*cFT(nu9,XX,i2,iufo3)*
         cFT(g7,XX,iufo3,i3)/(d^3 + d^2 - 2*d)*flavourTag(fe,j11,j12)*Vec(nu9,
         q2)*Vec(nu13,q2)*Vec(nu15,q2)*p4.p4^2*d*xiw*xiz*ufoGC58^2*ufoGC80*
         ufoGC69
          + 1/4*g_(1,6_,nu15)*FT1*g_(1,p4)*g_(2,6_,nu13)*cFT(nu9,XX,i2,iufo3)*
         cFT(g7,XX,iufo3,i3)/(d^3 + d^2 - 2*d)*flavourTag(fe,j11,j12)*Vec(nu9,
         q2)*Vec(nu13,q2)*Vec(nu15,q2)*p4.p4^2*xiw*xiz*ufoGC58^2*ufoGC80*
         ufoGC69
          - 1/4*g_(1,6_,nu15)*FT1*g_(1,p4)*g_(2,6_,nu13)*cFT(nu9,XX,i2,iufo3)*
         cFT(g7,XX,iufo3,i3)/(d^3 + d^2 - 2*d)*flavourTag(fe,j11,j12)*Vec(nu9,
         q2)*Vec(nu13,q2)*Vec(nu15,q3)*p4.p4^2*d*xiw*xiz*ufoGC58^2*ufoGC80*
         ufoGC69
          + 1/4*g_(1,6_,nu15)*FT1*g_(1,p4)*g_(2,6_,nu13)*cFT(nu9,XX,i2,iufo3)*
         cFT(g7,XX,iufo3,i3)/(d^3 + d^2 - 2*d)*flavourTag(fe,j11,j12)*Vec(nu9,
         q2)*Vec(nu13,q2)*Vec(nu15,q3)*p4.p4^2*xiw*xiz*ufoGC58^2*ufoGC80*
         ufoGC69
          - 1/4*g_(1,6_,nu15)*FT1*g_(1,p4)*g_(2,6_,nu13)*cFT(nu9,XX,i2,iufo3)*
         cFT(g7,XX,iufo3,i3)/(d^3 + d^2 - 2*d)*flavourTag(fe,j11,j12)*Vec(nu9,
         q2)*Vec(nu13,q3)*Vec(nu15,q2)*p4.p4^2*d*xiw*xiz*ufoGC58^2*ufoGC80*
         ufoGC69
          + 1/4*g_(1,6_,nu15)*FT1*g_(1,p4)*g_(2,6_,nu13)*cFT(nu9,XX,i2,iufo3)*
         cFT(g7,XX,iufo3,i3)/(d^3 + d^2 - 2*d)*flavourTag(fe,j11,j12)*Vec(nu9,
         q2)*Vec(nu13,q3)*Vec(nu15,q2)*p4.p4^2*xiw*xiz*ufoGC58^2*ufoGC80*
         ufoGC69
          - 1/4*g_(1,6_,nu15)*FT1*g_(1,p4)*g_(2,6_,nu13)*cFT(nu9,XX,i2,iufo3)*
         cFT(g7,XX,iufo3,i3)/(d^3 + d^2 - 2*d)*flavourTag(fe,j11,j12)*Vec(nu9,
         q2)*Vec(nu13,q3)*Vec(nu15,q3)*p4.p4^2*d*xiw*xiz*ufoGC58^2*ufoGC80*
         ufoGC69
          + 1/4*g_(1,6_,nu15)*FT1*g_(1,p4)*g_(2,6_,nu13)*cFT(nu9,XX,i2,iufo3)*
         cFT(g7,XX,iufo3,i3)/(d^3 + d^2 - 2*d)*flavourTag(fe,j11,j12)*Vec(nu9,
         q2)*Vec(nu13,q3)*Vec(nu15,q3)*p4.p4^2*xiw*xiz*ufoGC58^2*ufoGC80*
         ufoGC69
          - 1/4*g_(1,6_,nu15)*FT1*g_(1,p4)*g_(2,6_,nu13)*cFT(nu9,XX,i2,iufo3)*
         cFT(g7,XX,iufo3,i3)/(d^3 + d^2 - 2*d)*flavourTag(fe,j11,j12)*Vec(nu9,
         q3)*Vec(nu13,q2)*Vec(nu15,q2)*p4.p4^2*d*xiw*xiz*ufoGC58^2*ufoGC80*
         ufoGC69
          + 1/4*g_(1,6_,nu15)*FT1*g_(1,p4)*g_(2,6_,nu13)*cFT(nu9,XX,i2,iufo3)*
         cFT(g7,XX,iufo3,i3)/(d^3 + d^2 - 2*d)*flavourTag(fe,j11,j12)*Vec(nu9,
         q3)*Vec(nu13,q2)*Vec(nu15,q2)*p4.p4^2*xiw*xiz*ufoGC58^2*ufoGC80*
         ufoGC69
          - 1/4*g_(1,6_,nu15)*FT1*g_(1,p4)*g_(2,6_,nu13)*cFT(nu9,XX,i2,iufo3)*
         cFT(g7,XX,iufo3,i3)/(d^3 + d^2 - 2*d)*flavourTag(fe,j11,j12)*Vec(nu9,
         q3)*Vec(nu13,q2)*Vec(nu15,q3)*p4.p4^2*d*xiw*xiz*ufoGC58^2*ufoGC80*
         ufoGC69
          + 1/4*g_(1,6_,nu15)*FT1*g_(1,p4)*g_(2,6_,nu13)*cFT(nu9,XX,i2,iufo3)*
         cFT(g7,XX,iufo3,i3)/(d^3 + d^2 - 2*d)*flavourTag(fe,j11,j12)*Vec(nu9,
         q3)*Vec(nu13,q2)*Vec(nu15,q3)*p4.p4^2*xiw*xiz*ufoGC58^2*ufoGC80*
         ufoGC69
          - 1/4*g_(1,6_,nu15)*FT1*g_(1,p4)*g_(2,6_,nu13)*cFT(nu9,XX,i2,iufo3)*
         cFT(g7,XX,iufo3,i3)/(d^3 + d^2 - 2*d)*flavourTag(fe,j11,j12)*Vec(nu9,
         q3)*Vec(nu13,q3)*Vec(nu15,q2)*p4.p4^2*d*xiw*xiz*ufoGC58^2*ufoGC80*
         ufoGC69
          + 1/4*g_(1,6_,nu15)*FT1*g_(1,p4)*g_(2,6_,nu13)*cFT(nu9,XX,i2,iufo3)*
         cFT(g7,XX,iufo3,i3)/(d^3 + d^2 - 2*d)*flavourTag(fe,j11,j12)*Vec(nu9,
         q3)*Vec(nu13,q3)*Vec(nu15,q2)*p4.p4^2*xiw*xiz*ufoGC58^2*ufoGC80*
         ufoGC69
          - 1/4*g_(1,6_,nu15)*FT1*g_(1,p4)*g_(2,6_,nu13)*cFT(nu9,XX,i2,iufo3)*
         cFT(g7,XX,iufo3,i3)/(d^3 + d^2 - 2*d)*flavourTag(fe,j11,j12)*Vec(nu9,
         q3)*Vec(nu13,q3)*Vec(nu15,q3)*p4.p4^2*d*xiw*xiz*ufoGC58^2*ufoGC80*
         ufoGC69
          + 1/4*g_(1,6_,nu15)*FT1*g_(1,p4)*g_(2,6_,nu13)*cFT(nu9,XX,i2,iufo3)*
         cFT(g7,XX,iufo3,i3)/(d^3 + d^2 - 2*d)*flavourTag(fe,j11,j12)*Vec(nu9,
         q3)*Vec(nu13,q3)*Vec(nu15,q3)*p4.p4^2*xiw*xiz*ufoGC58^2*ufoGC80*
         ufoGC69
          - 1/4*g_(1,6_,nu15)*FT1*g_(1,p4)*g_(2,nu14)*FT2(g6)*cFT(nu9,XX,i2,
         iufo3)*cFT(g7,XX,iufo3,i3)*flavourTag(fe,j11,j12)*Vec(nu14,q2)*Vec(
         nu9,q2)*Vec(nu13,q2)^2*Vec(nu15,q2)*p4.p4*d^-1*xiw*xiz*ufoGC58^2*
         ufoGC76*ufoGC69
          - 1/4*g_(1,6_,nu15)*FT1*g_(1,p4)*g_(2,nu14)*FT2(g6)*cFT(nu9,XX,i2,
         iufo3)*cFT(g7,XX,iufo3,i3)*flavourTag(fe,j11,j12)*Vec(nu14,q2)*Vec(
         nu9,q2)*Vec(nu13,q2)^2*Vec(nu15,q3)*p4.p4*d^-1*xiw*xiz*ufoGC58^2*
         ufoGC76*ufoGC69
          - 1/2*g_(1,6_,nu15)*FT1*g_(1,p4)*g_(2,nu14)*FT2(g6)*cFT(nu9,XX,i2,
         iufo3)*cFT(g7,XX,iufo3,i3)*flavourTag(fe,j11,j12)*Vec(nu14,q2)*Vec(
         nu9,q2)*Vec(nu13,q2)*Vec(nu13,q3)*Vec(nu15,q2)*p4.p4*d^-1*xiw*xiz*
         ufoGC58^2*ufoGC76*ufoGC69
          - 1/2*g_(1,6_,nu15)*FT1*g_(1,p4)*g_(2,nu14)*FT2(g6)*cFT(nu9,XX,i2,
         iufo3)*cFT(g7,XX,iufo3,i3)*flavourTag(fe,j11,j12)*Vec(nu14,q2)*Vec(
         nu9,q2)*Vec(nu13,q2)*Vec(nu13,q3)*Vec(nu15,q3)*p4.p4*d^-1*xiw*xiz*
         ufoGC58^2*ufoGC76*ufoGC69
          - 1/4*g_(1,6_,nu15)*FT1*g_(1,p4)*g_(2,nu14)*FT2(g6)*cFT(nu9,XX,i2,
         iufo3)*cFT(g7,XX,iufo3,i3)*flavourTag(fe,j11,j12)*Vec(nu14,q2)*Vec(
         nu9,q2)*Vec(nu13,q3)^2*Vec(nu15,q2)*p4.p4*d^-1*xiw*xiz*ufoGC58^2*
         ufoGC76*ufoGC69
          - 1/4*g_(1,6_,nu15)*FT1*g_(1,p4)*g_(2,nu14)*FT2(g6)*cFT(nu9,XX,i2,
         iufo3)*cFT(g7,XX,iufo3,i3)*flavourTag(fe,j11,j12)*Vec(nu14,q2)*Vec(
         nu9,q2)*Vec(nu13,q3)^2*Vec(nu15,q3)*p4.p4*d^-1*xiw*xiz*ufoGC58^2*
         ufoGC76*ufoGC69
          - 1/4*g_(1,6_,nu15)*FT1*g_(1,p4)*g_(2,nu14)*FT2(g6)*cFT(nu9,XX,i2,
         iufo3)*cFT(g7,XX,iufo3,i3)*flavourTag(fe,j11,j12)*Vec(nu14,q2)*Vec(
         nu9,q3)*Vec(nu13,q2)^2*Vec(nu15,q2)*p4.p4*d^-1*xiw*xiz*ufoGC58^2*
         ufoGC76*ufoGC69
          - 1/4*g_(1,6_,nu15)*FT1*g_(1,p4)*g_(2,nu14)*FT2(g6)*cFT(nu9,XX,i2,
         iufo3)*cFT(g7,XX,iufo3,i3)*flavourTag(fe,j11,j12)*Vec(nu14,q2)*Vec(
         nu9,q3)*Vec(nu13,q2)^2*Vec(nu15,q3)*p4.p4*d^-1*xiw*xiz*ufoGC58^2*
         ufoGC76*ufoGC69
          - 1/2*g_(1,6_,nu15)*FT1*g_(1,p4)*g_(2,nu14)*FT2(g6)*cFT(nu9,XX,i2,
         iufo3)*cFT(g7,XX,iufo3,i3)*flavourTag(fe,j11,j12)*Vec(nu14,q2)*Vec(
         nu9,q3)*Vec(nu13,q2)*Vec(nu13,q3)*Vec(nu15,q2)*p4.p4*d^-1*xiw*xiz*
         ufoGC58^2*ufoGC76*ufoGC69
          - 1/2*g_(1,6_,nu15)*FT1*g_(1,p4)*g_(2,nu14)*FT2(g6)*cFT(nu9,XX,i2,
         iufo3)*cFT(g7,XX,iufo3,i3)*flavourTag(fe,j11,j12)*Vec(nu14,q2)*Vec(
         nu9,q3)*Vec(nu13,q2)*Vec(nu13,q3)*Vec(nu15,q3)*p4.p4*d^-1*xiw*xiz*
         ufoGC58^2*ufoGC76*ufoGC69
          - 1/4*g_(1,6_,nu15)*FT1*g_(1,p4)*g_(2,nu14)*FT2(g6)*cFT(nu9,XX,i2,
         iufo3)*cFT(g7,XX,iufo3,i3)*flavourTag(fe,j11,j12)*Vec(nu14,q2)*Vec(
         nu9,q3)*Vec(nu13,q3)^2*Vec(nu15,q2)*p4.p4*d^-1*xiw*xiz*ufoGC58^2*
         ufoGC76*ufoGC69
          - 1/4*g_(1,6_,nu15)*FT1*g_(1,p4)*g_(2,nu14)*FT2(g6)*cFT(nu9,XX,i2,
         iufo3)*cFT(g7,XX,iufo3,i3)*flavourTag(fe,j11,j12)*Vec(nu14,q2)*Vec(
         nu9,q3)*Vec(nu13,q3)^2*Vec(nu15,q3)*p4.p4*d^-1*xiw*xiz*ufoGC58^2*
         ufoGC76*ufoGC69
          - 1/4*g_(1,6_,nu15)*FT1*g_(1,p4)*g_(2,nu14)*FT2(g6)*cFT(nu9,XX,i2,
         iufo3)*cFT(g7,XX,iufo3,i3)*flavourTag(fe,j11,j12)*Vec(nu14,q3)*Vec(
         nu9,q2)*Vec(nu13,q2)^2*Vec(nu15,q2)*p4.p4*d^-1*xiw*xiz*ufoGC58^2*
         ufoGC76*ufoGC69
          - 1/4*g_(1,6_,nu15)*FT1*g_(1,p4)*g_(2,nu14)*FT2(g6)*cFT(nu9,XX,i2,
         iufo3)*cFT(g7,XX,iufo3,i3)*flavourTag(fe,j11,j12)*Vec(nu14,q3)*Vec(
         nu9,q2)*Vec(nu13,q2)^2*Vec(nu15,q3)*p4.p4*d^-1*xiw*xiz*ufoGC58^2*
         ufoGC76*ufoGC69
          - 1/2*g_(1,6_,nu15)*FT1*g_(1,p4)*g_(2,nu14)*FT2(g6)*cFT(nu9,XX,i2,
         iufo3)*cFT(g7,XX,iufo3,i3)*flavourTag(fe,j11,j12)*Vec(nu14,q3)*Vec(
         nu9,q2)*Vec(nu13,q2)*Vec(nu13,q3)*Vec(nu15,q2)*p4.p4*d^-1*xiw*xiz*
         ufoGC58^2*ufoGC76*ufoGC69
          - 1/2*g_(1,6_,nu15)*FT1*g_(1,p4)*g_(2,nu14)*FT2(g6)*cFT(nu9,XX,i2,
         iufo3)*cFT(g7,XX,iufo3,i3)*flavourTag(fe,j11,j12)*Vec(nu14,q3)*Vec(
         nu9,q2)*Vec(nu13,q2)*Vec(nu13,q3)*Vec(nu15,q3)*p4.p4*d^-1*xiw*xiz*
         ufoGC58^2*ufoGC76*ufoGC69
          - 1/4*g_(1,6_,nu15)*FT1*g_(1,p4)*g_(2,nu14)*FT2(g6)*cFT(nu9,XX,i2,
         iufo3)*cFT(g7,XX,iufo3,i3)*flavourTag(fe,j11,j12)*Vec(nu14,q3)*Vec(
         nu9,q2)*Vec(nu13,q3)^2*Vec(nu15,q2)*p4.p4*d^-1*xiw*xiz*ufoGC58^2*
         ufoGC76*ufoGC69
          - 1/4*g_(1,6_,nu15)*FT1*g_(1,p4)*g_(2,nu14)*FT2(g6)*cFT(nu9,XX,i2,
         iufo3)*cFT(g7,XX,iufo3,i3)*flavourTag(fe,j11,j12)*Vec(nu14,q3)*Vec(
         nu9,q2)*Vec(nu13,q3)^2*Vec(nu15,q3)*p4.p4*d^-1*xiw*xiz*ufoGC58^2*
         ufoGC76*ufoGC69
          - 1/4*g_(1,6_,nu15)*FT1*g_(1,p4)*g_(2,nu14)*FT2(g6)*cFT(nu9,XX,i2,
         iufo3)*cFT(g7,XX,iufo3,i3)*flavourTag(fe,j11,j12)*Vec(nu14,q3)*Vec(
         nu9,q3)*Vec(nu13,q2)^2*Vec(nu15,q2)*p4.p4*d^-1*xiw*xiz*ufoGC58^2*
         ufoGC76*ufoGC69
          - 1/4*g_(1,6_,nu15)*FT1*g_(1,p4)*g_(2,nu14)*FT2(g6)*cFT(nu9,XX,i2,
         iufo3)*cFT(g7,XX,iufo3,i3)*flavourTag(fe,j11,j12)*Vec(nu14,q3)*Vec(
         nu9,q3)*Vec(nu13,q2)^2*Vec(nu15,q3)*p4.p4*d^-1*xiw*xiz*ufoGC58^2*
         ufoGC76*ufoGC69
          - 1/2*g_(1,6_,nu15)*FT1*g_(1,p4)*g_(2,nu14)*FT2(g6)*cFT(nu9,XX,i2,
         iufo3)*cFT(g7,XX,iufo3,i3)*flavourTag(fe,j11,j12)*Vec(nu14,q3)*Vec(
         nu9,q3)*Vec(nu13,q2)*Vec(nu13,q3)*Vec(nu15,q2)*p4.p4*d^-1*xiw*xiz*
         ufoGC58^2*ufoGC76*ufoGC69
          - 1/2*g_(1,6_,nu15)*FT1*g_(1,p4)*g_(2,nu14)*FT2(g6)*cFT(nu9,XX,i2,
         iufo3)*cFT(g7,XX,iufo3,i3)*flavourTag(fe,j11,j12)*Vec(nu14,q3)*Vec(
         nu9,q3)*Vec(nu13,q2)*Vec(nu13,q3)*Vec(nu15,q3)*p4.p4*d^-1*xiw*xiz*
         ufoGC58^2*ufoGC76*ufoGC69
          - 1/4*g_(1,6_,nu15)*FT1*g_(1,p4)*g_(2,nu14)*FT2(g6)*cFT(nu9,XX,i2,
         iufo3)*cFT(g7,XX,iufo3,i3)*flavourTag(fe,j11,j12)*Vec(nu14,q3)*Vec(
         nu9,q3)*Vec(nu13,q3)^2*Vec(nu15,q2)*p4.p4*d^-1*xiw*xiz*ufoGC58^2*
         ufoGC76*ufoGC69
          - 1/4*g_(1,6_,nu15)*FT1*g_(1,p4)*g_(2,nu14)*FT2(g6)*cFT(nu9,XX,i2,
         iufo3)*cFT(g7,XX,iufo3,i3)*flavourTag(fe,j11,j12)*Vec(nu14,q3)*Vec(
         nu9,q3)*Vec(nu13,q3)^2*Vec(nu15,q3)*p4.p4*d^-1*xiw*xiz*ufoGC58^2*
         ufoGC76*ufoGC69
          - 1/4*g_(1,6_,nu15)*FT1*g_(1,p4)*g_(2,nu13)*FT2(g6)*cFT(nu9,XX,i2,
         iufo3)*cFT(g7,XX,iufo3,i3)/(d^3 + d^2 - 2*d)*flavourTag(fe,j11,j12)*
         Vec(nu9,q2)*Vec(nu13,q2)*Vec(nu15,q2)*p4.p4^2*d*xiw*xiz*ufoGC58^2*
         ufoGC76*ufoGC69
          + 1/4*g_(1,6_,nu15)*FT1*g_(1,p4)*g_(2,nu13)*FT2(g6)*cFT(nu9,XX,i2,
         iufo3)*cFT(g7,XX,iufo3,i3)/(d^3 + d^2 - 2*d)*flavourTag(fe,j11,j12)*
         Vec(nu9,q2)*Vec(nu13,q2)*Vec(nu15,q2)*p4.p4^2*xiw*xiz*ufoGC58^2*
         ufoGC76*ufoGC69
          - 1/4*g_(1,6_,nu15)*FT1*g_(1,p4)*g_(2,nu13)*FT2(g6)*cFT(nu9,XX,i2,
         iufo3)*cFT(g7,XX,iufo3,i3)/(d^3 + d^2 - 2*d)*flavourTag(fe,j11,j12)*
         Vec(nu9,q2)*Vec(nu13,q2)*Vec(nu15,q3)*p4.p4^2*d*xiw*xiz*ufoGC58^2*
         ufoGC76*ufoGC69
          + 1/4*g_(1,6_,nu15)*FT1*g_(1,p4)*g_(2,nu13)*FT2(g6)*cFT(nu9,XX,i2,
         iufo3)*cFT(g7,XX,iufo3,i3)/(d^3 + d^2 - 2*d)*flavourTag(fe,j11,j12)*
         Vec(nu9,q2)*Vec(nu13,q2)*Vec(nu15,q3)*p4.p4^2*xiw*xiz*ufoGC58^2*
         ufoGC76*ufoGC69
          - 1/4*g_(1,6_,nu15)*FT1*g_(1,p4)*g_(2,nu13)*FT2(g6)*cFT(nu9,XX,i2,
         iufo3)*cFT(g7,XX,iufo3,i3)/(d^3 + d^2 - 2*d)*flavourTag(fe,j11,j12)*
         Vec(nu9,q2)*Vec(nu13,q3)*Vec(nu15,q2)*p4.p4^2*d*xiw*xiz*ufoGC58^2*
         ufoGC76*ufoGC69
          + 1/4*g_(1,6_,nu15)*FT1*g_(1,p4)*g_(2,nu13)*FT2(g6)*cFT(nu9,XX,i2,
         iufo3)*cFT(g7,XX,iufo3,i3)/(d^3 + d^2 - 2*d)*flavourTag(fe,j11,j12)*
         Vec(nu9,q2)*Vec(nu13,q3)*Vec(nu15,q2)*p4.p4^2*xiw*xiz*ufoGC58^2*
         ufoGC76*ufoGC69
          - 1/4*g_(1,6_,nu15)*FT1*g_(1,p4)*g_(2,nu13)*FT2(g6)*cFT(nu9,XX,i2,
         iufo3)*cFT(g7,XX,iufo3,i3)/(d^3 + d^2 - 2*d)*flavourTag(fe,j11,j12)*
         Vec(nu9,q2)*Vec(nu13,q3)*Vec(nu15,q3)*p4.p4^2*d*xiw*xiz*ufoGC58^2*
         ufoGC76*ufoGC69
          + 1/4*g_(1,6_,nu15)*FT1*g_(1,p4)*g_(2,nu13)*FT2(g6)*cFT(nu9,XX,i2,
         iufo3)*cFT(g7,XX,iufo3,i3)/(d^3 + d^2 - 2*d)*flavourTag(fe,j11,j12)*
         Vec(nu9,q2)*Vec(nu13,q3)*Vec(nu15,q3)*p4.p4^2*xiw*xiz*ufoGC58^2*
         ufoGC76*ufoGC69
          - 1/4*g_(1,6_,nu15)*FT1*g_(1,p4)*g_(2,nu13)*FT2(g6)*cFT(nu9,XX,i2,
         iufo3)*cFT(g7,XX,iufo3,i3)/(d^3 + d^2 - 2*d)*flavourTag(fe,j11,j12)*
         Vec(nu9,q3)*Vec(nu13,q2)*Vec(nu15,q2)*p4.p4^2*d*xiw*xiz*ufoGC58^2*
         ufoGC76*ufoGC69
          + 1/4*g_(1,6_,nu15)*FT1*g_(1,p4)*g_(2,nu13)*FT2(g6)*cFT(nu9,XX,i2,
         iufo3)*cFT(g7,XX,iufo3,i3)/(d^3 + d^2 - 2*d)*flavourTag(fe,j11,j12)*
         Vec(nu9,q3)*Vec(nu13,q2)*Vec(nu15,q2)*p4.p4^2*xiw*xiz*ufoGC58^2*
         ufoGC76*ufoGC69
          - 1/4*g_(1,6_,nu15)*FT1*g_(1,p4)*g_(2,nu13)*FT2(g6)*cFT(nu9,XX,i2,
         iufo3)*cFT(g7,XX,iufo3,i3)/(d^3 + d^2 - 2*d)*flavourTag(fe,j11,j12)*
         Vec(nu9,q3)*Vec(nu13,q2)*Vec(nu15,q3)*p4.p4^2*d*xiw*xiz*ufoGC58^2*
         ufoGC76*ufoGC69
          + 1/4*g_(1,6_,nu15)*FT1*g_(1,p4)*g_(2,nu13)*FT2(g6)*cFT(nu9,XX,i2,
         iufo3)*cFT(g7,XX,iufo3,i3)/(d^3 + d^2 - 2*d)*flavourTag(fe,j11,j12)*
         Vec(nu9,q3)*Vec(nu13,q2)*Vec(nu15,q3)*p4.p4^2*xiw*xiz*ufoGC58^2*
         ufoGC76*ufoGC69
          - 1/4*g_(1,6_,nu15)*FT1*g_(1,p4)*g_(2,nu13)*FT2(g6)*cFT(nu9,XX,i2,
         iufo3)*cFT(g7,XX,iufo3,i3)/(d^3 + d^2 - 2*d)*flavourTag(fe,j11,j12)*
         Vec(nu9,q3)*Vec(nu13,q3)*Vec(nu15,q2)*p4.p4^2*d*xiw*xiz*ufoGC58^2*
         ufoGC76*ufoGC69
          + 1/4*g_(1,6_,nu15)*FT1*g_(1,p4)*g_(2,nu13)*FT2(g6)*cFT(nu9,XX,i2,
         iufo3)*cFT(g7,XX,iufo3,i3)/(d^3 + d^2 - 2*d)*flavourTag(fe,j11,j12)*
         Vec(nu9,q3)*Vec(nu13,q3)*Vec(nu15,q2)*p4.p4^2*xiw*xiz*ufoGC58^2*
         ufoGC76*ufoGC69
          - 1/4*g_(1,6_,nu15)*FT1*g_(1,p4)*g_(2,nu13)*FT2(g6)*cFT(nu9,XX,i2,
         iufo3)*cFT(g7,XX,iufo3,i3)/(d^3 + d^2 - 2*d)*flavourTag(fe,j11,j12)*
         Vec(nu9,q3)*Vec(nu13,q3)*Vec(nu15,q3)*p4.p4^2*d*xiw*xiz*ufoGC58^2*
         ufoGC76*ufoGC69
          + 1/4*g_(1,6_,nu15)*FT1*g_(1,p4)*g_(2,nu13)*FT2(g6)*cFT(nu9,XX,i2,
         iufo3)*cFT(g7,XX,iufo3,i3)/(d^3 + d^2 - 2*d)*flavourTag(fe,j11,j12)*
         Vec(nu9,q3)*Vec(nu13,q3)*Vec(nu15,q3)*p4.p4^2*xiw*xiz*ufoGC58^2*
         ufoGC76*ufoGC69
          + 1/4*g_(1,6_,nu15)*FT1*g_(1,q1)*g_(2,6_,nu14)*cFT(nu9,XX,i2,iufo3)*
         cFT(g7,XX,iufo3,i3)*flavourTag(fe,j11,j12)*Vec(nu14,q2)*Vec(nu9,q2)*
         Vec(nu13,q2)^2*Vec(nu15,q2)*p4.p4*d^-1*xiw*xiz*ufoGC58^2*ufoGC80*
         ufoGC69
          + 1/4*g_(1,6_,nu15)*FT1*g_(1,q1)*g_(2,6_,nu14)*cFT(nu9,XX,i2,iufo3)*
         cFT(g7,XX,iufo3,i3)*flavourTag(fe,j11,j12)*Vec(nu14,q2)*Vec(nu9,q2)*
         Vec(nu13,q2)^2*Vec(nu15,q3)*p4.p4*d^-1*xiw*xiz*ufoGC58^2*ufoGC80*
         ufoGC69
          + 1/2*g_(1,6_,nu15)*FT1*g_(1,q1)*g_(2,6_,nu14)*cFT(nu9,XX,i2,iufo3)*
         cFT(g7,XX,iufo3,i3)*flavourTag(fe,j11,j12)*Vec(nu14,q2)*Vec(nu9,q2)*
         Vec(nu13,q2)*Vec(nu13,q3)*Vec(nu15,q2)*p4.p4*d^-1*xiw*xiz*ufoGC58^2*
         ufoGC80*ufoGC69
          + 1/2*g_(1,6_,nu15)*FT1*g_(1,q1)*g_(2,6_,nu14)*cFT(nu9,XX,i2,iufo3)*
         cFT(g7,XX,iufo3,i3)*flavourTag(fe,j11,j12)*Vec(nu14,q2)*Vec(nu9,q2)*
         Vec(nu13,q2)*Vec(nu13,q3)*Vec(nu15,q3)*p4.p4*d^-1*xiw*xiz*ufoGC58^2*
         ufoGC80*ufoGC69
          + 1/4*g_(1,6_,nu15)*FT1*g_(1,q1)*g_(2,6_,nu14)*cFT(nu9,XX,i2,iufo3)*
         cFT(g7,XX,iufo3,i3)*flavourTag(fe,j11,j12)*Vec(nu14,q2)*Vec(nu9,q2)*
         Vec(nu13,q3)^2*Vec(nu15,q2)*p4.p4*d^-1*xiw*xiz*ufoGC58^2*ufoGC80*
         ufoGC69
          + 1/4*g_(1,6_,nu15)*FT1*g_(1,q1)*g_(2,6_,nu14)*cFT(nu9,XX,i2,iufo3)*
         cFT(g7,XX,iufo3,i3)*flavourTag(fe,j11,j12)*Vec(nu14,q2)*Vec(nu9,q2)*
         Vec(nu13,q3)^2*Vec(nu15,q3)*p4.p4*d^-1*xiw*xiz*ufoGC58^2*ufoGC80*
         ufoGC69
          + 1/4*g_(1,6_,nu15)*FT1*g_(1,q1)*g_(2,6_,nu14)*cFT(nu9,XX,i2,iufo3)*
         cFT(g7,XX,iufo3,i3)*flavourTag(fe,j11,j12)*Vec(nu14,q2)*Vec(nu9,q3)*
         Vec(nu13,q2)^2*Vec(nu15,q2)*p4.p4*d^-1*xiw*xiz*ufoGC58^2*ufoGC80*
         ufoGC69
          + 1/4*g_(1,6_,nu15)*FT1*g_(1,q1)*g_(2,6_,nu14)*cFT(nu9,XX,i2,iufo3)*
         cFT(g7,XX,iufo3,i3)*flavourTag(fe,j11,j12)*Vec(nu14,q2)*Vec(nu9,q3)*
         Vec(nu13,q2)^2*Vec(nu15,q3)*p4.p4*d^-1*xiw*xiz*ufoGC58^2*ufoGC80*
         ufoGC69
          + 1/2*g_(1,6_,nu15)*FT1*g_(1,q1)*g_(2,6_,nu14)*cFT(nu9,XX,i2,iufo3)*
         cFT(g7,XX,iufo3,i3)*flavourTag(fe,j11,j12)*Vec(nu14,q2)*Vec(nu9,q3)*
         Vec(nu13,q2)*Vec(nu13,q3)*Vec(nu15,q2)*p4.p4*d^-1*xiw*xiz*ufoGC58^2*
         ufoGC80*ufoGC69
          + 1/2*g_(1,6_,nu15)*FT1*g_(1,q1)*g_(2,6_,nu14)*cFT(nu9,XX,i2,iufo3)*
         cFT(g7,XX,iufo3,i3)*flavourTag(fe,j11,j12)*Vec(nu14,q2)*Vec(nu9,q3)*
         Vec(nu13,q2)*Vec(nu13,q3)*Vec(nu15,q3)*p4.p4*d^-1*xiw*xiz*ufoGC58^2*
         ufoGC80*ufoGC69
          + 1/4*g_(1,6_,nu15)*FT1*g_(1,q1)*g_(2,6_,nu14)*cFT(nu9,XX,i2,iufo3)*
         cFT(g7,XX,iufo3,i3)*flavourTag(fe,j11,j12)*Vec(nu14,q2)*Vec(nu9,q3)*
         Vec(nu13,q3)^2*Vec(nu15,q2)*p4.p4*d^-1*xiw*xiz*ufoGC58^2*ufoGC80*
         ufoGC69
          + 1/4*g_(1,6_,nu15)*FT1*g_(1,q1)*g_(2,6_,nu14)*cFT(nu9,XX,i2,iufo3)*
         cFT(g7,XX,iufo3,i3)*flavourTag(fe,j11,j12)*Vec(nu14,q2)*Vec(nu9,q3)*
         Vec(nu13,q3)^2*Vec(nu15,q3)*p4.p4*d^-1*xiw*xiz*ufoGC58^2*ufoGC80*
         ufoGC69
          + 1/4*g_(1,6_,nu15)*FT1*g_(1,q1)*g_(2,6_,nu14)*cFT(nu9,XX,i2,iufo3)*
         cFT(g7,XX,iufo3,i3)*flavourTag(fe,j11,j12)*Vec(nu14,q3)*Vec(nu9,q2)*
         Vec(nu13,q2)^2*Vec(nu15,q2)*p4.p4*d^-1*xiw*xiz*ufoGC58^2*ufoGC80*
         ufoGC69
          + 1/4*g_(1,6_,nu15)*FT1*g_(1,q1)*g_(2,6_,nu14)*cFT(nu9,XX,i2,iufo3)*
         cFT(g7,XX,iufo3,i3)*flavourTag(fe,j11,j12)*Vec(nu14,q3)*Vec(nu9,q2)*
         Vec(nu13,q2)^2*Vec(nu15,q3)*p4.p4*d^-1*xiw*xiz*ufoGC58^2*ufoGC80*
         ufoGC69
          + 1/2*g_(1,6_,nu15)*FT1*g_(1,q1)*g_(2,6_,nu14)*cFT(nu9,XX,i2,iufo3)*
         cFT(g7,XX,iufo3,i3)*flavourTag(fe,j11,j12)*Vec(nu14,q3)*Vec(nu9,q2)*
         Vec(nu13,q2)*Vec(nu13,q3)*Vec(nu15,q2)*p4.p4*d^-1*xiw*xiz*ufoGC58^2*
         ufoGC80*ufoGC69
          + 1/2*g_(1,6_,nu15)*FT1*g_(1,q1)*g_(2,6_,nu14)*cFT(nu9,XX,i2,iufo3)*
         cFT(g7,XX,iufo3,i3)*flavourTag(fe,j11,j12)*Vec(nu14,q3)*Vec(nu9,q2)*
         Vec(nu13,q2)*Vec(nu13,q3)*Vec(nu15,q3)*p4.p4*d^-1*xiw*xiz*ufoGC58^2*
         ufoGC80*ufoGC69
          + 1/4*g_(1,6_,nu15)*FT1*g_(1,q1)*g_(2,6_,nu14)*cFT(nu9,XX,i2,iufo3)*
         cFT(g7,XX,iufo3,i3)*flavourTag(fe,j11,j12)*Vec(nu14,q3)*Vec(nu9,q2)*
         Vec(nu13,q3)^2*Vec(nu15,q2)*p4.p4*d^-1*xiw*xiz*ufoGC58^2*ufoGC80*
         ufoGC69
          + 1/4*g_(1,6_,nu15)*FT1*g_(1,q1)*g_(2,6_,nu14)*cFT(nu9,XX,i2,iufo3)*
         cFT(g7,XX,iufo3,i3)*flavourTag(fe,j11,j12)*Vec(nu14,q3)*Vec(nu9,q2)*
         Vec(nu13,q3)^2*Vec(nu15,q3)*p4.p4*d^-1*xiw*xiz*ufoGC58^2*ufoGC80*
         ufoGC69
          + 1/4*g_(1,6_,nu15)*FT1*g_(1,q1)*g_(2,6_,nu14)*cFT(nu9,XX,i2,iufo3)*
         cFT(g7,XX,iufo3,i3)*flavourTag(fe,j11,j12)*Vec(nu14,q3)*Vec(nu9,q3)*
         Vec(nu13,q2)^2*Vec(nu15,q2)*p4.p4*d^-1*xiw*xiz*ufoGC58^2*ufoGC80*
         ufoGC69
          + 1/4*g_(1,6_,nu15)*FT1*g_(1,q1)*g_(2,6_,nu14)*cFT(nu9,XX,i2,iufo3)*
         cFT(g7,XX,iufo3,i3)*flavourTag(fe,j11,j12)*Vec(nu14,q3)*Vec(nu9,q3)*
         Vec(nu13,q2)^2*Vec(nu15,q3)*p4.p4*d^-1*xiw*xiz*ufoGC58^2*ufoGC80*
         ufoGC69
          + 1/2*g_(1,6_,nu15)*FT1*g_(1,q1)*g_(2,6_,nu14)*cFT(nu9,XX,i2,iufo3)*
         cFT(g7,XX,iufo3,i3)*flavourTag(fe,j11,j12)*Vec(nu14,q3)*Vec(nu9,q3)*
         Vec(nu13,q2)*Vec(nu13,q3)*Vec(nu15,q2)*p4.p4*d^-1*xiw*xiz*ufoGC58^2*
         ufoGC80*ufoGC69
          + 1/2*g_(1,6_,nu15)*FT1*g_(1,q1)*g_(2,6_,nu14)*cFT(nu9,XX,i2,iufo3)*
         cFT(g7,XX,iufo3,i3)*flavourTag(fe,j11,j12)*Vec(nu14,q3)*Vec(nu9,q3)*
         Vec(nu13,q2)*Vec(nu13,q3)*Vec(nu15,q3)*p4.p4*d^-1*xiw*xiz*ufoGC58^2*
         ufoGC80*ufoGC69
          + 1/4*g_(1,6_,nu15)*FT1*g_(1,q1)*g_(2,6_,nu14)*cFT(nu9,XX,i2,iufo3)*
         cFT(g7,XX,iufo3,i3)*flavourTag(fe,j11,j12)*Vec(nu14,q3)*Vec(nu9,q3)*
         Vec(nu13,q3)^2*Vec(nu15,q2)*p4.p4*d^-1*xiw*xiz*ufoGC58^2*ufoGC80*
         ufoGC69
          + 1/4*g_(1,6_,nu15)*FT1*g_(1,q1)*g_(2,6_,nu14)*cFT(nu9,XX,i2,iufo3)*
         cFT(g7,XX,iufo3,i3)*flavourTag(fe,j11,j12)*Vec(nu14,q3)*Vec(nu9,q3)*
         Vec(nu13,q3)^2*Vec(nu15,q3)*p4.p4*d^-1*xiw*xiz*ufoGC58^2*ufoGC80*
         ufoGC69
          + 1/4*g_(1,6_,nu15)*FT1*g_(1,q1)*g_(2,6_,nu13)*cFT(nu9,XX,i2,iufo3)*
         cFT(g7,XX,iufo3,i3)/(d^3 + d^2 - 2*d)*flavourTag(fe,j11,j12)*Vec(nu9,
         q2)*Vec(nu13,q2)*Vec(nu15,q2)*p4.p4^2*d*xiw*xiz*ufoGC58^2*ufoGC80*
         ufoGC69
          - 1/4*g_(1,6_,nu15)*FT1*g_(1,q1)*g_(2,6_,nu13)*cFT(nu9,XX,i2,iufo3)*
         cFT(g7,XX,iufo3,i3)/(d^3 + d^2 - 2*d)*flavourTag(fe,j11,j12)*Vec(nu9,
         q2)*Vec(nu13,q2)*Vec(nu15,q2)*p4.p4^2*xiw*xiz*ufoGC58^2*ufoGC80*
         ufoGC69
          + 1/4*g_(1,6_,nu15)*FT1*g_(1,q1)*g_(2,6_,nu13)*cFT(nu9,XX,i2,iufo3)*
         cFT(g7,XX,iufo3,i3)/(d^3 + d^2 - 2*d)*flavourTag(fe,j11,j12)*Vec(nu9,
         q2)*Vec(nu13,q2)*Vec(nu15,q3)*p4.p4^2*d*xiw*xiz*ufoGC58^2*ufoGC80*
         ufoGC69
          - 1/4*g_(1,6_,nu15)*FT1*g_(1,q1)*g_(2,6_,nu13)*cFT(nu9,XX,i2,iufo3)*
         cFT(g7,XX,iufo3,i3)/(d^3 + d^2 - 2*d)*flavourTag(fe,j11,j12)*Vec(nu9,
         q2)*Vec(nu13,q2)*Vec(nu15,q3)*p4.p4^2*xiw*xiz*ufoGC58^2*ufoGC80*
         ufoGC69
          + 1/4*g_(1,6_,nu15)*FT1*g_(1,q1)*g_(2,6_,nu13)*cFT(nu9,XX,i2,iufo3)*
         cFT(g7,XX,iufo3,i3)/(d^3 + d^2 - 2*d)*flavourTag(fe,j11,j12)*Vec(nu9,
         q2)*Vec(nu13,q3)*Vec(nu15,q2)*p4.p4^2*d*xiw*xiz*ufoGC58^2*ufoGC80*
         ufoGC69
          - 1/4*g_(1,6_,nu15)*FT1*g_(1,q1)*g_(2,6_,nu13)*cFT(nu9,XX,i2,iufo3)*
         cFT(g7,XX,iufo3,i3)/(d^3 + d^2 - 2*d)*flavourTag(fe,j11,j12)*Vec(nu9,
         q2)*Vec(nu13,q3)*Vec(nu15,q2)*p4.p4^2*xiw*xiz*ufoGC58^2*ufoGC80*
         ufoGC69
          + 1/4*g_(1,6_,nu15)*FT1*g_(1,q1)*g_(2,6_,nu13)*cFT(nu9,XX,i2,iufo3)*
         cFT(g7,XX,iufo3,i3)/(d^3 + d^2 - 2*d)*flavourTag(fe,j11,j12)*Vec(nu9,
         q2)*Vec(nu13,q3)*Vec(nu15,q3)*p4.p4^2*d*xiw*xiz*ufoGC58^2*ufoGC80*
         ufoGC69
          - 1/4*g_(1,6_,nu15)*FT1*g_(1,q1)*g_(2,6_,nu13)*cFT(nu9,XX,i2,iufo3)*
         cFT(g7,XX,iufo3,i3)/(d^3 + d^2 - 2*d)*flavourTag(fe,j11,j12)*Vec(nu9,
         q2)*Vec(nu13,q3)*Vec(nu15,q3)*p4.p4^2*xiw*xiz*ufoGC58^2*ufoGC80*
         ufoGC69
          + 1/4*g_(1,6_,nu15)*FT1*g_(1,q1)*g_(2,6_,nu13)*cFT(nu9,XX,i2,iufo3)*
         cFT(g7,XX,iufo3,i3)/(d^3 + d^2 - 2*d)*flavourTag(fe,j11,j12)*Vec(nu9,
         q3)*Vec(nu13,q2)*Vec(nu15,q2)*p4.p4^2*d*xiw*xiz*ufoGC58^2*ufoGC80*
         ufoGC69
          - 1/4*g_(1,6_,nu15)*FT1*g_(1,q1)*g_(2,6_,nu13)*cFT(nu9,XX,i2,iufo3)*
         cFT(g7,XX,iufo3,i3)/(d^3 + d^2 - 2*d)*flavourTag(fe,j11,j12)*Vec(nu9,
         q3)*Vec(nu13,q2)*Vec(nu15,q2)*p4.p4^2*xiw*xiz*ufoGC58^2*ufoGC80*
         ufoGC69
          + 1/4*g_(1,6_,nu15)*FT1*g_(1,q1)*g_(2,6_,nu13)*cFT(nu9,XX,i2,iufo3)*
         cFT(g7,XX,iufo3,i3)/(d^3 + d^2 - 2*d)*flavourTag(fe,j11,j12)*Vec(nu9,
         q3)*Vec(nu13,q2)*Vec(nu15,q3)*p4.p4^2*d*xiw*xiz*ufoGC58^2*ufoGC80*
         ufoGC69
          - 1/4*g_(1,6_,nu15)*FT1*g_(1,q1)*g_(2,6_,nu13)*cFT(nu9,XX,i2,iufo3)*
         cFT(g7,XX,iufo3,i3)/(d^3 + d^2 - 2*d)*flavourTag(fe,j11,j12)*Vec(nu9,
         q3)*Vec(nu13,q2)*Vec(nu15,q3)*p4.p4^2*xiw*xiz*ufoGC58^2*ufoGC80*
         ufoGC69
          + 1/4*g_(1,6_,nu15)*FT1*g_(1,q1)*g_(2,6_,nu13)*cFT(nu9,XX,i2,iufo3)*
         cFT(g7,XX,iufo3,i3)/(d^3 + d^2 - 2*d)*flavourTag(fe,j11,j12)*Vec(nu9,
         q3)*Vec(nu13,q3)*Vec(nu15,q2)*p4.p4^2*d*xiw*xiz*ufoGC58^2*ufoGC80*
         ufoGC69
          - 1/4*g_(1,6_,nu15)*FT1*g_(1,q1)*g_(2,6_,nu13)*cFT(nu9,XX,i2,iufo3)*
         cFT(g7,XX,iufo3,i3)/(d^3 + d^2 - 2*d)*flavourTag(fe,j11,j12)*Vec(nu9,
         q3)*Vec(nu13,q3)*Vec(nu15,q2)*p4.p4^2*xiw*xiz*ufoGC58^2*ufoGC80*
         ufoGC69
          + 1/4*g_(1,6_,nu15)*FT1*g_(1,q1)*g_(2,6_,nu13)*cFT(nu9,XX,i2,iufo3)*
         cFT(g7,XX,iufo3,i3)/(d^3 + d^2 - 2*d)*flavourTag(fe,j11,j12)*Vec(nu9,
         q3)*Vec(nu13,q3)*Vec(nu15,q3)*p4.p4^2*d*xiw*xiz*ufoGC58^2*ufoGC80*
         ufoGC69
          - 1/4*g_(1,6_,nu15)*FT1*g_(1,q1)*g_(2,6_,nu13)*cFT(nu9,XX,i2,iufo3)*
         cFT(g7,XX,iufo3,i3)/(d^3 + d^2 - 2*d)*flavourTag(fe,j11,j12)*Vec(nu9,
         q3)*Vec(nu13,q3)*Vec(nu15,q3)*p4.p4^2*xiw*xiz*ufoGC58^2*ufoGC80*
         ufoGC69
          + 1/4*g_(1,6_,nu15)*FT1*g_(1,q1)*g_(2,nu14)*FT2(g6)*cFT(nu9,XX,i2,
         iufo3)*cFT(g7,XX,iufo3,i3)*flavourTag(fe,j11,j12)*Vec(nu14,q2)*Vec(
         nu9,q2)*Vec(nu13,q2)^2*Vec(nu15,q2)*p4.p4*d^-1*xiw*xiz*ufoGC58^2*
         ufoGC76*ufoGC69
          + 1/4*g_(1,6_,nu15)*FT1*g_(1,q1)*g_(2,nu14)*FT2(g6)*cFT(nu9,XX,i2,
         iufo3)*cFT(g7,XX,iufo3,i3)*flavourTag(fe,j11,j12)*Vec(nu14,q2)*Vec(
         nu9,q2)*Vec(nu13,q2)^2*Vec(nu15,q3)*p4.p4*d^-1*xiw*xiz*ufoGC58^2*
         ufoGC76*ufoGC69
          + 1/2*g_(1,6_,nu15)*FT1*g_(1,q1)*g_(2,nu14)*FT2(g6)*cFT(nu9,XX,i2,
         iufo3)*cFT(g7,XX,iufo3,i3)*flavourTag(fe,j11,j12)*Vec(nu14,q2)*Vec(
         nu9,q2)*Vec(nu13,q2)*Vec(nu13,q3)*Vec(nu15,q2)*p4.p4*d^-1*xiw*xiz*
         ufoGC58^2*ufoGC76*ufoGC69
          + 1/2*g_(1,6_,nu15)*FT1*g_(1,q1)*g_(2,nu14)*FT2(g6)*cFT(nu9,XX,i2,
         iufo3)*cFT(g7,XX,iufo3,i3)*flavourTag(fe,j11,j12)*Vec(nu14,q2)*Vec(
         nu9,q2)*Vec(nu13,q2)*Vec(nu13,q3)*Vec(nu15,q3)*p4.p4*d^-1*xiw*xiz*
         ufoGC58^2*ufoGC76*ufoGC69
          + 1/4*g_(1,6_,nu15)*FT1*g_(1,q1)*g_(2,nu14)*FT2(g6)*cFT(nu9,XX,i2,
         iufo3)*cFT(g7,XX,iufo3,i3)*flavourTag(fe,j11,j12)*Vec(nu14,q2)*Vec(
         nu9,q2)*Vec(nu13,q3)^2*Vec(nu15,q2)*p4.p4*d^-1*xiw*xiz*ufoGC58^2*
         ufoGC76*ufoGC69
          + 1/4*g_(1,6_,nu15)*FT1*g_(1,q1)*g_(2,nu14)*FT2(g6)*cFT(nu9,XX,i2,
         iufo3)*cFT(g7,XX,iufo3,i3)*flavourTag(fe,j11,j12)*Vec(nu14,q2)*Vec(
         nu9,q2)*Vec(nu13,q3)^2*Vec(nu15,q3)*p4.p4*d^-1*xiw*xiz*ufoGC58^2*
         ufoGC76*ufoGC69
          + 1/4*g_(1,6_,nu15)*FT1*g_(1,q1)*g_(2,nu14)*FT2(g6)*cFT(nu9,XX,i2,
         iufo3)*cFT(g7,XX,iufo3,i3)*flavourTag(fe,j11,j12)*Vec(nu14,q2)*Vec(
         nu9,q3)*Vec(nu13,q2)^2*Vec(nu15,q2)*p4.p4*d^-1*xiw*xiz*ufoGC58^2*
         ufoGC76*ufoGC69
          + 1/4*g_(1,6_,nu15)*FT1*g_(1,q1)*g_(2,nu14)*FT2(g6)*cFT(nu9,XX,i2,
         iufo3)*cFT(g7,XX,iufo3,i3)*flavourTag(fe,j11,j12)*Vec(nu14,q2)*Vec(
         nu9,q3)*Vec(nu13,q2)^2*Vec(nu15,q3)*p4.p4*d^-1*xiw*xiz*ufoGC58^2*
         ufoGC76*ufoGC69
          + 1/2*g_(1,6_,nu15)*FT1*g_(1,q1)*g_(2,nu14)*FT2(g6)*cFT(nu9,XX,i2,
         iufo3)*cFT(g7,XX,iufo3,i3)*flavourTag(fe,j11,j12)*Vec(nu14,q2)*Vec(
         nu9,q3)*Vec(nu13,q2)*Vec(nu13,q3)*Vec(nu15,q2)*p4.p4*d^-1*xiw*xiz*
         ufoGC58^2*ufoGC76*ufoGC69
          + 1/2*g_(1,6_,nu15)*FT1*g_(1,q1)*g_(2,nu14)*FT2(g6)*cFT(nu9,XX,i2,
         iufo3)*cFT(g7,XX,iufo3,i3)*flavourTag(fe,j11,j12)*Vec(nu14,q2)*Vec(
         nu9,q3)*Vec(nu13,q2)*Vec(nu13,q3)*Vec(nu15,q3)*p4.p4*d^-1*xiw*xiz*
         ufoGC58^2*ufoGC76*ufoGC69
          + 1/4*g_(1,6_,nu15)*FT1*g_(1,q1)*g_(2,nu14)*FT2(g6)*cFT(nu9,XX,i2,
         iufo3)*cFT(g7,XX,iufo3,i3)*flavourTag(fe,j11,j12)*Vec(nu14,q2)*Vec(
         nu9,q3)*Vec(nu13,q3)^2*Vec(nu15,q2)*p4.p4*d^-1*xiw*xiz*ufoGC58^2*
         ufoGC76*ufoGC69
          + 1/4*g_(1,6_,nu15)*FT1*g_(1,q1)*g_(2,nu14)*FT2(g6)*cFT(nu9,XX,i2,
         iufo3)*cFT(g7,XX,iufo3,i3)*flavourTag(fe,j11,j12)*Vec(nu14,q2)*Vec(
         nu9,q3)*Vec(nu13,q3)^2*Vec(nu15,q3)*p4.p4*d^-1*xiw*xiz*ufoGC58^2*
         ufoGC76*ufoGC69
          + 1/4*g_(1,6_,nu15)*FT1*g_(1,q1)*g_(2,nu14)*FT2(g6)*cFT(nu9,XX,i2,
         iufo3)*cFT(g7,XX,iufo3,i3)*flavourTag(fe,j11,j12)*Vec(nu14,q3)*Vec(
         nu9,q2)*Vec(nu13,q2)^2*Vec(nu15,q2)*p4.p4*d^-1*xiw*xiz*ufoGC58^2*
         ufoGC76*ufoGC69
          + 1/4*g_(1,6_,nu15)*FT1*g_(1,q1)*g_(2,nu14)*FT2(g6)*cFT(nu9,XX,i2,
         iufo3)*cFT(g7,XX,iufo3,i3)*flavourTag(fe,j11,j12)*Vec(nu14,q3)*Vec(
         nu9,q2)*Vec(nu13,q2)^2*Vec(nu15,q3)*p4.p4*d^-1*xiw*xiz*ufoGC58^2*
         ufoGC76*ufoGC69
          + 1/2*g_(1,6_,nu15)*FT1*g_(1,q1)*g_(2,nu14)*FT2(g6)*cFT(nu9,XX,i2,
         iufo3)*cFT(g7,XX,iufo3,i3)*flavourTag(fe,j11,j12)*Vec(nu14,q3)*Vec(
         nu9,q2)*Vec(nu13,q2)*Vec(nu13,q3)*Vec(nu15,q2)*p4.p4*d^-1*xiw*xiz*
         ufoGC58^2*ufoGC76*ufoGC69
          + 1/2*g_(1,6_,nu15)*FT1*g_(1,q1)*g_(2,nu14)*FT2(g6)*cFT(nu9,XX,i2,
         iufo3)*cFT(g7,XX,iufo3,i3)*flavourTag(fe,j11,j12)*Vec(nu14,q3)*Vec(
         nu9,q2)*Vec(nu13,q2)*Vec(nu13,q3)*Vec(nu15,q3)*p4.p4*d^-1*xiw*xiz*
         ufoGC58^2*ufoGC76*ufoGC69
          + 1/4*g_(1,6_,nu15)*FT1*g_(1,q1)*g_(2,nu14)*FT2(g6)*cFT(nu9,XX,i2,
         iufo3)*cFT(g7,XX,iufo3,i3)*flavourTag(fe,j11,j12)*Vec(nu14,q3)*Vec(
         nu9,q2)*Vec(nu13,q3)^2*Vec(nu15,q2)*p4.p4*d^-1*xiw*xiz*ufoGC58^2*
         ufoGC76*ufoGC69
          + 1/4*g_(1,6_,nu15)*FT1*g_(1,q1)*g_(2,nu14)*FT2(g6)*cFT(nu9,XX,i2,
         iufo3)*cFT(g7,XX,iufo3,i3)*flavourTag(fe,j11,j12)*Vec(nu14,q3)*Vec(
         nu9,q2)*Vec(nu13,q3)^2*Vec(nu15,q3)*p4.p4*d^-1*xiw*xiz*ufoGC58^2*
         ufoGC76*ufoGC69
          + 1/4*g_(1,6_,nu15)*FT1*g_(1,q1)*g_(2,nu14)*FT2(g6)*cFT(nu9,XX,i2,
         iufo3)*cFT(g7,XX,iufo3,i3)*flavourTag(fe,j11,j12)*Vec(nu14,q3)*Vec(
         nu9,q3)*Vec(nu13,q2)^2*Vec(nu15,q2)*p4.p4*d^-1*xiw*xiz*ufoGC58^2*
         ufoGC76*ufoGC69
          + 1/4*g_(1,6_,nu15)*FT1*g_(1,q1)*g_(2,nu14)*FT2(g6)*cFT(nu9,XX,i2,
         iufo3)*cFT(g7,XX,iufo3,i3)*flavourTag(fe,j11,j12)*Vec(nu14,q3)*Vec(
         nu9,q3)*Vec(nu13,q2)^2*Vec(nu15,q3)*p4.p4*d^-1*xiw*xiz*ufoGC58^2*
         ufoGC76*ufoGC69
          + 1/2*g_(1,6_,nu15)*FT1*g_(1,q1)*g_(2,nu14)*FT2(g6)*cFT(nu9,XX,i2,
         iufo3)*cFT(g7,XX,iufo3,i3)*flavourTag(fe,j11,j12)*Vec(nu14,q3)*Vec(
         nu9,q3)*Vec(nu13,q2)*Vec(nu13,q3)*Vec(nu15,q2)*p4.p4*d^-1*xiw*xiz*
         ufoGC58^2*ufoGC76*ufoGC69
          + 1/2*g_(1,6_,nu15)*FT1*g_(1,q1)*g_(2,nu14)*FT2(g6)*cFT(nu9,XX,i2,
         iufo3)*cFT(g7,XX,iufo3,i3)*flavourTag(fe,j11,j12)*Vec(nu14,q3)*Vec(
         nu9,q3)*Vec(nu13,q2)*Vec(nu13,q3)*Vec(nu15,q3)*p4.p4*d^-1*xiw*xiz*
         ufoGC58^2*ufoGC76*ufoGC69
          + 1/4*g_(1,6_,nu15)*FT1*g_(1,q1)*g_(2,nu14)*FT2(g6)*cFT(nu9,XX,i2,
         iufo3)*cFT(g7,XX,iufo3,i3)*flavourTag(fe,j11,j12)*Vec(nu14,q3)*Vec(
         nu9,q3)*Vec(nu13,q3)^2*Vec(nu15,q2)*p4.p4*d^-1*xiw*xiz*ufoGC58^2*
         ufoGC76*ufoGC69
          + 1/4*g_(1,6_,nu15)*FT1*g_(1,q1)*g_(2,nu14)*FT2(g6)*cFT(nu9,XX,i2,
         iufo3)*cFT(g7,XX,iufo3,i3)*flavourTag(fe,j11,j12)*Vec(nu14,q3)*Vec(
         nu9,q3)*Vec(nu13,q3)^2*Vec(nu15,q3)*p4.p4*d^-1*xiw*xiz*ufoGC58^2*
         ufoGC76*ufoGC69
          + 1/4*g_(1,6_,nu15)*FT1*g_(1,q1)*g_(2,nu13)*FT2(g6)*cFT(nu9,XX,i2,
         iufo3)*cFT(g7,XX,iufo3,i3)/(d^3 + d^2 - 2*d)*flavourTag(fe,j11,j12)*
         Vec(nu9,q2)*Vec(nu13,q2)*Vec(nu15,q2)*p4.p4^2*d*xiw*xiz*ufoGC58^2*
         ufoGC76*ufoGC69
          - 1/4*g_(1,6_,nu15)*FT1*g_(1,q1)*g_(2,nu13)*FT2(g6)*cFT(nu9,XX,i2,
         iufo3)*cFT(g7,XX,iufo3,i3)/(d^3 + d^2 - 2*d)*flavourTag(fe,j11,j12)*
         Vec(nu9,q2)*Vec(nu13,q2)*Vec(nu15,q2)*p4.p4^2*xiw*xiz*ufoGC58^2*
         ufoGC76*ufoGC69
          + 1/4*g_(1,6_,nu15)*FT1*g_(1,q1)*g_(2,nu13)*FT2(g6)*cFT(nu9,XX,i2,
         iufo3)*cFT(g7,XX,iufo3,i3)/(d^3 + d^2 - 2*d)*flavourTag(fe,j11,j12)*
         Vec(nu9,q2)*Vec(nu13,q2)*Vec(nu15,q3)*p4.p4^2*d*xiw*xiz*ufoGC58^2*
         ufoGC76*ufoGC69
          - 1/4*g_(1,6_,nu15)*FT1*g_(1,q1)*g_(2,nu13)*FT2(g6)*cFT(nu9,XX,i2,
         iufo3)*cFT(g7,XX,iufo3,i3)/(d^3 + d^2 - 2*d)*flavourTag(fe,j11,j12)*
         Vec(nu9,q2)*Vec(nu13,q2)*Vec(nu15,q3)*p4.p4^2*xiw*xiz*ufoGC58^2*
         ufoGC76*ufoGC69
          + 1/4*g_(1,6_,nu15)*FT1*g_(1,q1)*g_(2,nu13)*FT2(g6)*cFT(nu9,XX,i2,
         iufo3)*cFT(g7,XX,iufo3,i3)/(d^3 + d^2 - 2*d)*flavourTag(fe,j11,j12)*
         Vec(nu9,q2)*Vec(nu13,q3)*Vec(nu15,q2)*p4.p4^2*d*xiw*xiz*ufoGC58^2*
         ufoGC76*ufoGC69
          - 1/4*g_(1,6_,nu15)*FT1*g_(1,q1)*g_(2,nu13)*FT2(g6)*cFT(nu9,XX,i2,
         iufo3)*cFT(g7,XX,iufo3,i3)/(d^3 + d^2 - 2*d)*flavourTag(fe,j11,j12)*
         Vec(nu9,q2)*Vec(nu13,q3)*Vec(nu15,q2)*p4.p4^2*xiw*xiz*ufoGC58^2*
         ufoGC76*ufoGC69
          + 1/4*g_(1,6_,nu15)*FT1*g_(1,q1)*g_(2,nu13)*FT2(g6)*cFT(nu9,XX,i2,
         iufo3)*cFT(g7,XX,iufo3,i3)/(d^3 + d^2 - 2*d)*flavourTag(fe,j11,j12)*
         Vec(nu9,q2)*Vec(nu13,q3)*Vec(nu15,q3)*p4.p4^2*d*xiw*xiz*ufoGC58^2*
         ufoGC76*ufoGC69
          - 1/4*g_(1,6_,nu15)*FT1*g_(1,q1)*g_(2,nu13)*FT2(g6)*cFT(nu9,XX,i2,
         iufo3)*cFT(g7,XX,iufo3,i3)/(d^3 + d^2 - 2*d)*flavourTag(fe,j11,j12)*
         Vec(nu9,q2)*Vec(nu13,q3)*Vec(nu15,q3)*p4.p4^2*xiw*xiz*ufoGC58^2*
         ufoGC76*ufoGC69
          + 1/4*g_(1,6_,nu15)*FT1*g_(1,q1)*g_(2,nu13)*FT2(g6)*cFT(nu9,XX,i2,
         iufo3)*cFT(g7,XX,iufo3,i3)/(d^3 + d^2 - 2*d)*flavourTag(fe,j11,j12)*
         Vec(nu9,q3)*Vec(nu13,q2)*Vec(nu15,q2)*p4.p4^2*d*xiw*xiz*ufoGC58^2*
         ufoGC76*ufoGC69
          - 1/4*g_(1,6_,nu15)*FT1*g_(1,q1)*g_(2,nu13)*FT2(g6)*cFT(nu9,XX,i2,
         iufo3)*cFT(g7,XX,iufo3,i3)/(d^3 + d^2 - 2*d)*flavourTag(fe,j11,j12)*
         Vec(nu9,q3)*Vec(nu13,q2)*Vec(nu15,q2)*p4.p4^2*xiw*xiz*ufoGC58^2*
         ufoGC76*ufoGC69
          + 1/4*g_(1,6_,nu15)*FT1*g_(1,q1)*g_(2,nu13)*FT2(g6)*cFT(nu9,XX,i2,
         iufo3)*cFT(g7,XX,iufo3,i3)/(d^3 + d^2 - 2*d)*flavourTag(fe,j11,j12)*
         Vec(nu9,q3)*Vec(nu13,q2)*Vec(nu15,q3)*p4.p4^2*d*xiw*xiz*ufoGC58^2*
         ufoGC76*ufoGC69
          - 1/4*g_(1,6_,nu15)*FT1*g_(1,q1)*g_(2,nu13)*FT2(g6)*cFT(nu9,XX,i2,
         iufo3)*cFT(g7,XX,iufo3,i3)/(d^3 + d^2 - 2*d)*flavourTag(fe,j11,j12)*
         Vec(nu9,q3)*Vec(nu13,q2)*Vec(nu15,q3)*p4.p4^2*xiw*xiz*ufoGC58^2*
         ufoGC76*ufoGC69
          + 1/4*g_(1,6_,nu15)*FT1*g_(1,q1)*g_(2,nu13)*FT2(g6)*cFT(nu9,XX,i2,
         iufo3)*cFT(g7,XX,iufo3,i3)/(d^3 + d^2 - 2*d)*flavourTag(fe,j11,j12)*
         Vec(nu9,q3)*Vec(nu13,q3)*Vec(nu15,q2)*p4.p4^2*d*xiw*xiz*ufoGC58^2*
         ufoGC76*ufoGC69
          - 1/4*g_(1,6_,nu15)*FT1*g_(1,q1)*g_(2,nu13)*FT2(g6)*cFT(nu9,XX,i2,
         iufo3)*cFT(g7,XX,iufo3,i3)/(d^3 + d^2 - 2*d)*flavourTag(fe,j11,j12)*
         Vec(nu9,q3)*Vec(nu13,q3)*Vec(nu15,q2)*p4.p4^2*xiw*xiz*ufoGC58^2*
         ufoGC76*ufoGC69
          + 1/4*g_(1,6_,nu15)*FT1*g_(1,q1)*g_(2,nu13)*FT2(g6)*cFT(nu9,XX,i2,
         iufo3)*cFT(g7,XX,iufo3,i3)/(d^3 + d^2 - 2*d)*flavourTag(fe,j11,j12)*
         Vec(nu9,q3)*Vec(nu13,q3)*Vec(nu15,q3)*p4.p4^2*d*xiw*xiz*ufoGC58^2*
         ufoGC76*ufoGC69
          - 1/4*g_(1,6_,nu15)*FT1*g_(1,q1)*g_(2,nu13)*FT2(g6)*cFT(nu9,XX,i2,
         iufo3)*cFT(g7,XX,iufo3,i3)/(d^3 + d^2 - 2*d)*flavourTag(fe,j11,j12)*
         Vec(nu9,q3)*Vec(nu13,q3)*Vec(nu15,q3)*p4.p4^2*xiw*xiz*ufoGC58^2*
         ufoGC76*ufoGC69
          + 1/4*g_(1,6_,nu15)*FT1*g_(1,q2)*g_(2,6_,nu14)*cFT(nu9,XX,i2,iufo3)*
         cFT(g7,XX,iufo3,i3)*flavourTag(fe,j11,j12)*Vec(nu14,q2)*Vec(nu9,q2)*
         Vec(nu13,q2)^2*Vec(nu15,q2)*p4.p4*d^-1*xiw*xiz*ufoGC58^2*ufoGC80*
         ufoGC69
          + 1/4*g_(1,6_,nu15)*FT1*g_(1,q2)*g_(2,6_,nu14)*cFT(nu9,XX,i2,iufo3)*
         cFT(g7,XX,iufo3,i3)*flavourTag(fe,j11,j12)*Vec(nu14,q2)*Vec(nu9,q2)*
         Vec(nu13,q2)^2*Vec(nu15,q3)*p4.p4*d^-1*xiw*xiz*ufoGC58^2*ufoGC80*
         ufoGC69
          + 1/2*g_(1,6_,nu15)*FT1*g_(1,q2)*g_(2,6_,nu14)*cFT(nu9,XX,i2,iufo3)*
         cFT(g7,XX,iufo3,i3)*flavourTag(fe,j11,j12)*Vec(nu14,q2)*Vec(nu9,q2)*
         Vec(nu13,q2)*Vec(nu13,q3)*Vec(nu15,q2)*p4.p4*d^-1*xiw*xiz*ufoGC58^2*
         ufoGC80*ufoGC69
          + 1/2*g_(1,6_,nu15)*FT1*g_(1,q2)*g_(2,6_,nu14)*cFT(nu9,XX,i2,iufo3)*
         cFT(g7,XX,iufo3,i3)*flavourTag(fe,j11,j12)*Vec(nu14,q2)*Vec(nu9,q2)*
         Vec(nu13,q2)*Vec(nu13,q3)*Vec(nu15,q3)*p4.p4*d^-1*xiw*xiz*ufoGC58^2*
         ufoGC80*ufoGC69
          + 1/4*g_(1,6_,nu15)*FT1*g_(1,q2)*g_(2,6_,nu14)*cFT(nu9,XX,i2,iufo3)*
         cFT(g7,XX,iufo3,i3)*flavourTag(fe,j11,j12)*Vec(nu14,q2)*Vec(nu9,q2)*
         Vec(nu13,q3)^2*Vec(nu15,q2)*p4.p4*d^-1*xiw*xiz*ufoGC58^2*ufoGC80*
         ufoGC69
          + 1/4*g_(1,6_,nu15)*FT1*g_(1,q2)*g_(2,6_,nu14)*cFT(nu9,XX,i2,iufo3)*
         cFT(g7,XX,iufo3,i3)*flavourTag(fe,j11,j12)*Vec(nu14,q2)*Vec(nu9,q2)*
         Vec(nu13,q3)^2*Vec(nu15,q3)*p4.p4*d^-1*xiw*xiz*ufoGC58^2*ufoGC80*
         ufoGC69
          + 1/4*g_(1,6_,nu15)*FT1*g_(1,q2)*g_(2,6_,nu14)*cFT(nu9,XX,i2,iufo3)*
         cFT(g7,XX,iufo3,i3)*flavourTag(fe,j11,j12)*Vec(nu14,q2)*Vec(nu9,q3)*
         Vec(nu13,q2)^2*Vec(nu15,q2)*p4.p4*d^-1*xiw*xiz*ufoGC58^2*ufoGC80*
         ufoGC69
          + 1/4*g_(1,6_,nu15)*FT1*g_(1,q2)*g_(2,6_,nu14)*cFT(nu9,XX,i2,iufo3)*
         cFT(g7,XX,iufo3,i3)*flavourTag(fe,j11,j12)*Vec(nu14,q2)*Vec(nu9,q3)*
         Vec(nu13,q2)^2*Vec(nu15,q3)*p4.p4*d^-1*xiw*xiz*ufoGC58^2*ufoGC80*
         ufoGC69
          + 1/2*g_(1,6_,nu15)*FT1*g_(1,q2)*g_(2,6_,nu14)*cFT(nu9,XX,i2,iufo3)*
         cFT(g7,XX,iufo3,i3)*flavourTag(fe,j11,j12)*Vec(nu14,q2)*Vec(nu9,q3)*
         Vec(nu13,q2)*Vec(nu13,q3)*Vec(nu15,q2)*p4.p4*d^-1*xiw*xiz*ufoGC58^2*
         ufoGC80*ufoGC69
          + 1/2*g_(1,6_,nu15)*FT1*g_(1,q2)*g_(2,6_,nu14)*cFT(nu9,XX,i2,iufo3)*
         cFT(g7,XX,iufo3,i3)*flavourTag(fe,j11,j12)*Vec(nu14,q2)*Vec(nu9,q3)*
         Vec(nu13,q2)*Vec(nu13,q3)*Vec(nu15,q3)*p4.p4*d^-1*xiw*xiz*ufoGC58^2*
         ufoGC80*ufoGC69
          + 1/4*g_(1,6_,nu15)*FT1*g_(1,q2)*g_(2,6_,nu14)*cFT(nu9,XX,i2,iufo3)*
         cFT(g7,XX,iufo3,i3)*flavourTag(fe,j11,j12)*Vec(nu14,q2)*Vec(nu9,q3)*
         Vec(nu13,q3)^2*Vec(nu15,q2)*p4.p4*d^-1*xiw*xiz*ufoGC58^2*ufoGC80*
         ufoGC69
          + 1/4*g_(1,6_,nu15)*FT1*g_(1,q2)*g_(2,6_,nu14)*cFT(nu9,XX,i2,iufo3)*
         cFT(g7,XX,iufo3,i3)*flavourTag(fe,j11,j12)*Vec(nu14,q2)*Vec(nu9,q3)*
         Vec(nu13,q3)^2*Vec(nu15,q3)*p4.p4*d^-1*xiw*xiz*ufoGC58^2*ufoGC80*
         ufoGC69
          + 1/4*g_(1,6_,nu15)*FT1*g_(1,q2)*g_(2,6_,nu14)*cFT(nu9,XX,i2,iufo3)*
         cFT(g7,XX,iufo3,i3)*flavourTag(fe,j11,j12)*Vec(nu14,q3)*Vec(nu9,q2)*
         Vec(nu13,q2)^2*Vec(nu15,q2)*p4.p4*d^-1*xiw*xiz*ufoGC58^2*ufoGC80*
         ufoGC69
          + 1/4*g_(1,6_,nu15)*FT1*g_(1,q2)*g_(2,6_,nu14)*cFT(nu9,XX,i2,iufo3)*
         cFT(g7,XX,iufo3,i3)*flavourTag(fe,j11,j12)*Vec(nu14,q3)*Vec(nu9,q2)*
         Vec(nu13,q2)^2*Vec(nu15,q3)*p4.p4*d^-1*xiw*xiz*ufoGC58^2*ufoGC80*
         ufoGC69
          + 1/2*g_(1,6_,nu15)*FT1*g_(1,q2)*g_(2,6_,nu14)*cFT(nu9,XX,i2,iufo3)*
         cFT(g7,XX,iufo3,i3)*flavourTag(fe,j11,j12)*Vec(nu14,q3)*Vec(nu9,q2)*
         Vec(nu13,q2)*Vec(nu13,q3)*Vec(nu15,q2)*p4.p4*d^-1*xiw*xiz*ufoGC58^2*
         ufoGC80*ufoGC69
          + 1/2*g_(1,6_,nu15)*FT1*g_(1,q2)*g_(2,6_,nu14)*cFT(nu9,XX,i2,iufo3)*
         cFT(g7,XX,iufo3,i3)*flavourTag(fe,j11,j12)*Vec(nu14,q3)*Vec(nu9,q2)*
         Vec(nu13,q2)*Vec(nu13,q3)*Vec(nu15,q3)*p4.p4*d^-1*xiw*xiz*ufoGC58^2*
         ufoGC80*ufoGC69
          + 1/4*g_(1,6_,nu15)*FT1*g_(1,q2)*g_(2,6_,nu14)*cFT(nu9,XX,i2,iufo3)*
         cFT(g7,XX,iufo3,i3)*flavourTag(fe,j11,j12)*Vec(nu14,q3)*Vec(nu9,q2)*
         Vec(nu13,q3)^2*Vec(nu15,q2)*p4.p4*d^-1*xiw*xiz*ufoGC58^2*ufoGC80*
         ufoGC69
          + 1/4*g_(1,6_,nu15)*FT1*g_(1,q2)*g_(2,6_,nu14)*cFT(nu9,XX,i2,iufo3)*
         cFT(g7,XX,iufo3,i3)*flavourTag(fe,j11,j12)*Vec(nu14,q3)*Vec(nu9,q2)*
         Vec(nu13,q3)^2*Vec(nu15,q3)*p4.p4*d^-1*xiw*xiz*ufoGC58^2*ufoGC80*
         ufoGC69
          + 1/4*g_(1,6_,nu15)*FT1*g_(1,q2)*g_(2,6_,nu14)*cFT(nu9,XX,i2,iufo3)*
         cFT(g7,XX,iufo3,i3)*flavourTag(fe,j11,j12)*Vec(nu14,q3)*Vec(nu9,q3)*
         Vec(nu13,q2)^2*Vec(nu15,q2)*p4.p4*d^-1*xiw*xiz*ufoGC58^2*ufoGC80*
         ufoGC69
          + 1/4*g_(1,6_,nu15)*FT1*g_(1,q2)*g_(2,6_,nu14)*cFT(nu9,XX,i2,iufo3)*
         cFT(g7,XX,iufo3,i3)*flavourTag(fe,j11,j12)*Vec(nu14,q3)*Vec(nu9,q3)*
         Vec(nu13,q2)^2*Vec(nu15,q3)*p4.p4*d^-1*xiw*xiz*ufoGC58^2*ufoGC80*
         ufoGC69
          + 1/2*g_(1,6_,nu15)*FT1*g_(1,q2)*g_(2,6_,nu14)*cFT(nu9,XX,i2,iufo3)*
         cFT(g7,XX,iufo3,i3)*flavourTag(fe,j11,j12)*Vec(nu14,q3)*Vec(nu9,q3)*
         Vec(nu13,q2)*Vec(nu13,q3)*Vec(nu15,q2)*p4.p4*d^-1*xiw*xiz*ufoGC58^2*
         ufoGC80*ufoGC69
          + 1/2*g_(1,6_,nu15)*FT1*g_(1,q2)*g_(2,6_,nu14)*cFT(nu9,XX,i2,iufo3)*
         cFT(g7,XX,iufo3,i3)*flavourTag(fe,j11,j12)*Vec(nu14,q3)*Vec(nu9,q3)*
         Vec(nu13,q2)*Vec(nu13,q3)*Vec(nu15,q3)*p4.p4*d^-1*xiw*xiz*ufoGC58^2*
         ufoGC80*ufoGC69
          + 1/4*g_(1,6_,nu15)*FT1*g_(1,q2)*g_(2,6_,nu14)*cFT(nu9,XX,i2,iufo3)*
         cFT(g7,XX,iufo3,i3)*flavourTag(fe,j11,j12)*Vec(nu14,q3)*Vec(nu9,q3)*
         Vec(nu13,q3)^2*Vec(nu15,q2)*p4.p4*d^-1*xiw*xiz*ufoGC58^2*ufoGC80*
         ufoGC69
          + 1/4*g_(1,6_,nu15)*FT1*g_(1,q2)*g_(2,6_,nu14)*cFT(nu9,XX,i2,iufo3)*
         cFT(g7,XX,iufo3,i3)*flavourTag(fe,j11,j12)*Vec(nu14,q3)*Vec(nu9,q3)*
         Vec(nu13,q3)^2*Vec(nu15,q3)*p4.p4*d^-1*xiw*xiz*ufoGC58^2*ufoGC80*
         ufoGC69
          + 1/4*g_(1,6_,nu15)*FT1*g_(1,q2)*g_(2,6_,nu13)*cFT(nu9,XX,i2,iufo3)*
         cFT(g7,XX,iufo3,i3)/(d^3 + d^2 - 2*d)*flavourTag(fe,j11,j12)*Vec(nu9,
         q2)*Vec(nu13,q2)*Vec(nu15,q2)*p4.p4^2*d*xiw*xiz*ufoGC58^2*ufoGC80*
         ufoGC69
          - 1/4*g_(1,6_,nu15)*FT1*g_(1,q2)*g_(2,6_,nu13)*cFT(nu9,XX,i2,iufo3)*
         cFT(g7,XX,iufo3,i3)/(d^3 + d^2 - 2*d)*flavourTag(fe,j11,j12)*Vec(nu9,
         q2)*Vec(nu13,q2)*Vec(nu15,q2)*p4.p4^2*xiw*xiz*ufoGC58^2*ufoGC80*
         ufoGC69
          + 1/4*g_(1,6_,nu15)*FT1*g_(1,q2)*g_(2,6_,nu13)*cFT(nu9,XX,i2,iufo3)*
         cFT(g7,XX,iufo3,i3)/(d^3 + d^2 - 2*d)*flavourTag(fe,j11,j12)*Vec(nu9,
         q2)*Vec(nu13,q2)*Vec(nu15,q3)*p4.p4^2*d*xiw*xiz*ufoGC58^2*ufoGC80*
         ufoGC69
          - 1/4*g_(1,6_,nu15)*FT1*g_(1,q2)*g_(2,6_,nu13)*cFT(nu9,XX,i2,iufo3)*
         cFT(g7,XX,iufo3,i3)/(d^3 + d^2 - 2*d)*flavourTag(fe,j11,j12)*Vec(nu9,
         q2)*Vec(nu13,q2)*Vec(nu15,q3)*p4.p4^2*xiw*xiz*ufoGC58^2*ufoGC80*
         ufoGC69
          + 1/4*g_(1,6_,nu15)*FT1*g_(1,q2)*g_(2,6_,nu13)*cFT(nu9,XX,i2,iufo3)*
         cFT(g7,XX,iufo3,i3)/(d^3 + d^2 - 2*d)*flavourTag(fe,j11,j12)*Vec(nu9,
         q2)*Vec(nu13,q3)*Vec(nu15,q2)*p4.p4^2*d*xiw*xiz*ufoGC58^2*ufoGC80*
         ufoGC69
          - 1/4*g_(1,6_,nu15)*FT1*g_(1,q2)*g_(2,6_,nu13)*cFT(nu9,XX,i2,iufo3)*
         cFT(g7,XX,iufo3,i3)/(d^3 + d^2 - 2*d)*flavourTag(fe,j11,j12)*Vec(nu9,
         q2)*Vec(nu13,q3)*Vec(nu15,q2)*p4.p4^2*xiw*xiz*ufoGC58^2*ufoGC80*
         ufoGC69
          + 1/4*g_(1,6_,nu15)*FT1*g_(1,q2)*g_(2,6_,nu13)*cFT(nu9,XX,i2,iufo3)*
         cFT(g7,XX,iufo3,i3)/(d^3 + d^2 - 2*d)*flavourTag(fe,j11,j12)*Vec(nu9,
         q2)*Vec(nu13,q3)*Vec(nu15,q3)*p4.p4^2*d*xiw*xiz*ufoGC58^2*ufoGC80*
         ufoGC69
          - 1/4*g_(1,6_,nu15)*FT1*g_(1,q2)*g_(2,6_,nu13)*cFT(nu9,XX,i2,iufo3)*
         cFT(g7,XX,iufo3,i3)/(d^3 + d^2 - 2*d)*flavourTag(fe,j11,j12)*Vec(nu9,
         q2)*Vec(nu13,q3)*Vec(nu15,q3)*p4.p4^2*xiw*xiz*ufoGC58^2*ufoGC80*
         ufoGC69
          + 1/4*g_(1,6_,nu15)*FT1*g_(1,q2)*g_(2,6_,nu13)*cFT(nu9,XX,i2,iufo3)*
         cFT(g7,XX,iufo3,i3)/(d^3 + d^2 - 2*d)*flavourTag(fe,j11,j12)*Vec(nu9,
         q3)*Vec(nu13,q2)*Vec(nu15,q2)*p4.p4^2*d*xiw*xiz*ufoGC58^2*ufoGC80*
         ufoGC69
          - 1/4*g_(1,6_,nu15)*FT1*g_(1,q2)*g_(2,6_,nu13)*cFT(nu9,XX,i2,iufo3)*
         cFT(g7,XX,iufo3,i3)/(d^3 + d^2 - 2*d)*flavourTag(fe,j11,j12)*Vec(nu9,
         q3)*Vec(nu13,q2)*Vec(nu15,q2)*p4.p4^2*xiw*xiz*ufoGC58^2*ufoGC80*
         ufoGC69
          + 1/4*g_(1,6_,nu15)*FT1*g_(1,q2)*g_(2,6_,nu13)*cFT(nu9,XX,i2,iufo3)*
         cFT(g7,XX,iufo3,i3)/(d^3 + d^2 - 2*d)*flavourTag(fe,j11,j12)*Vec(nu9,
         q3)*Vec(nu13,q2)*Vec(nu15,q3)*p4.p4^2*d*xiw*xiz*ufoGC58^2*ufoGC80*
         ufoGC69
          - 1/4*g_(1,6_,nu15)*FT1*g_(1,q2)*g_(2,6_,nu13)*cFT(nu9,XX,i2,iufo3)*
         cFT(g7,XX,iufo3,i3)/(d^3 + d^2 - 2*d)*flavourTag(fe,j11,j12)*Vec(nu9,
         q3)*Vec(nu13,q2)*Vec(nu15,q3)*p4.p4^2*xiw*xiz*ufoGC58^2*ufoGC80*
         ufoGC69
          + 1/4*g_(1,6_,nu15)*FT1*g_(1,q2)*g_(2,6_,nu13)*cFT(nu9,XX,i2,iufo3)*
         cFT(g7,XX,iufo3,i3)/(d^3 + d^2 - 2*d)*flavourTag(fe,j11,j12)*Vec(nu9,
         q3)*Vec(nu13,q3)*Vec(nu15,q2)*p4.p4^2*d*xiw*xiz*ufoGC58^2*ufoGC80*
         ufoGC69
          - 1/4*g_(1,6_,nu15)*FT1*g_(1,q2)*g_(2,6_,nu13)*cFT(nu9,XX,i2,iufo3)*
         cFT(g7,XX,iufo3,i3)/(d^3 + d^2 - 2*d)*flavourTag(fe,j11,j12)*Vec(nu9,
         q3)*Vec(nu13,q3)*Vec(nu15,q2)*p4.p4^2*xiw*xiz*ufoGC58^2*ufoGC80*
         ufoGC69
          + 1/4*g_(1,6_,nu15)*FT1*g_(1,q2)*g_(2,6_,nu13)*cFT(nu9,XX,i2,iufo3)*
         cFT(g7,XX,iufo3,i3)/(d^3 + d^2 - 2*d)*flavourTag(fe,j11,j12)*Vec(nu9,
         q3)*Vec(nu13,q3)*Vec(nu15,q3)*p4.p4^2*d*xiw*xiz*ufoGC58^2*ufoGC80*
         ufoGC69
          - 1/4*g_(1,6_,nu15)*FT1*g_(1,q2)*g_(2,6_,nu13)*cFT(nu9,XX,i2,iufo3)*
         cFT(g7,XX,iufo3,i3)/(d^3 + d^2 - 2*d)*flavourTag(fe,j11,j12)*Vec(nu9,
         q3)*Vec(nu13,q3)*Vec(nu15,q3)*p4.p4^2*xiw*xiz*ufoGC58^2*ufoGC80*
         ufoGC69
          + 1/4*g_(1,6_,nu15)*FT1*g_(1,q2)*g_(2,nu14)*FT2(g6)*cFT(nu9,XX,i2,
         iufo3)*cFT(g7,XX,iufo3,i3)*flavourTag(fe,j11,j12)*Vec(nu14,q2)*Vec(
         nu9,q2)*Vec(nu13,q2)^2*Vec(nu15,q2)*p4.p4*d^-1*xiw*xiz*ufoGC58^2*
         ufoGC76*ufoGC69
          + 1/4*g_(1,6_,nu15)*FT1*g_(1,q2)*g_(2,nu14)*FT2(g6)*cFT(nu9,XX,i2,
         iufo3)*cFT(g7,XX,iufo3,i3)*flavourTag(fe,j11,j12)*Vec(nu14,q2)*Vec(
         nu9,q2)*Vec(nu13,q2)^2*Vec(nu15,q3)*p4.p4*d^-1*xiw*xiz*ufoGC58^2*
         ufoGC76*ufoGC69
          + 1/2*g_(1,6_,nu15)*FT1*g_(1,q2)*g_(2,nu14)*FT2(g6)*cFT(nu9,XX,i2,
         iufo3)*cFT(g7,XX,iufo3,i3)*flavourTag(fe,j11,j12)*Vec(nu14,q2)*Vec(
         nu9,q2)*Vec(nu13,q2)*Vec(nu13,q3)*Vec(nu15,q2)*p4.p4*d^-1*xiw*xiz*
         ufoGC58^2*ufoGC76*ufoGC69
          + 1/2*g_(1,6_,nu15)*FT1*g_(1,q2)*g_(2,nu14)*FT2(g6)*cFT(nu9,XX,i2,
         iufo3)*cFT(g7,XX,iufo3,i3)*flavourTag(fe,j11,j12)*Vec(nu14,q2)*Vec(
         nu9,q2)*Vec(nu13,q2)*Vec(nu13,q3)*Vec(nu15,q3)*p4.p4*d^-1*xiw*xiz*
         ufoGC58^2*ufoGC76*ufoGC69
          + 1/4*g_(1,6_,nu15)*FT1*g_(1,q2)*g_(2,nu14)*FT2(g6)*cFT(nu9,XX,i2,
         iufo3)*cFT(g7,XX,iufo3,i3)*flavourTag(fe,j11,j12)*Vec(nu14,q2)*Vec(
         nu9,q2)*Vec(nu13,q3)^2*Vec(nu15,q2)*p4.p4*d^-1*xiw*xiz*ufoGC58^2*
         ufoGC76*ufoGC69
          + 1/4*g_(1,6_,nu15)*FT1*g_(1,q2)*g_(2,nu14)*FT2(g6)*cFT(nu9,XX,i2,
         iufo3)*cFT(g7,XX,iufo3,i3)*flavourTag(fe,j11,j12)*Vec(nu14,q2)*Vec(
         nu9,q2)*Vec(nu13,q3)^2*Vec(nu15,q3)*p4.p4*d^-1*xiw*xiz*ufoGC58^2*
         ufoGC76*ufoGC69
          + 1/4*g_(1,6_,nu15)*FT1*g_(1,q2)*g_(2,nu14)*FT2(g6)*cFT(nu9,XX,i2,
         iufo3)*cFT(g7,XX,iufo3,i3)*flavourTag(fe,j11,j12)*Vec(nu14,q2)*Vec(
         nu9,q3)*Vec(nu13,q2)^2*Vec(nu15,q2)*p4.p4*d^-1*xiw*xiz*ufoGC58^2*
         ufoGC76*ufoGC69
          + 1/4*g_(1,6_,nu15)*FT1*g_(1,q2)*g_(2,nu14)*FT2(g6)*cFT(nu9,XX,i2,
         iufo3)*cFT(g7,XX,iufo3,i3)*flavourTag(fe,j11,j12)*Vec(nu14,q2)*Vec(
         nu9,q3)*Vec(nu13,q2)^2*Vec(nu15,q3)*p4.p4*d^-1*xiw*xiz*ufoGC58^2*
         ufoGC76*ufoGC69
          + 1/2*g_(1,6_,nu15)*FT1*g_(1,q2)*g_(2,nu14)*FT2(g6)*cFT(nu9,XX,i2,
         iufo3)*cFT(g7,XX,iufo3,i3)*flavourTag(fe,j11,j12)*Vec(nu14,q2)*Vec(
         nu9,q3)*Vec(nu13,q2)*Vec(nu13,q3)*Vec(nu15,q2)*p4.p4*d^-1*xiw*xiz*
         ufoGC58^2*ufoGC76*ufoGC69
          + 1/2*g_(1,6_,nu15)*FT1*g_(1,q2)*g_(2,nu14)*FT2(g6)*cFT(nu9,XX,i2,
         iufo3)*cFT(g7,XX,iufo3,i3)*flavourTag(fe,j11,j12)*Vec(nu14,q2)*Vec(
         nu9,q3)*Vec(nu13,q2)*Vec(nu13,q3)*Vec(nu15,q3)*p4.p4*d^-1*xiw*xiz*
         ufoGC58^2*ufoGC76*ufoGC69
          + 1/4*g_(1,6_,nu15)*FT1*g_(1,q2)*g_(2,nu14)*FT2(g6)*cFT(nu9,XX,i2,
         iufo3)*cFT(g7,XX,iufo3,i3)*flavourTag(fe,j11,j12)*Vec(nu14,q2)*Vec(
         nu9,q3)*Vec(nu13,q3)^2*Vec(nu15,q2)*p4.p4*d^-1*xiw*xiz*ufoGC58^2*
         ufoGC76*ufoGC69
          + 1/4*g_(1,6_,nu15)*FT1*g_(1,q2)*g_(2,nu14)*FT2(g6)*cFT(nu9,XX,i2,
         iufo3)*cFT(g7,XX,iufo3,i3)*flavourTag(fe,j11,j12)*Vec(nu14,q2)*Vec(
         nu9,q3)*Vec(nu13,q3)^2*Vec(nu15,q3)*p4.p4*d^-1*xiw*xiz*ufoGC58^2*
         ufoGC76*ufoGC69
          + 1/4*g_(1,6_,nu15)*FT1*g_(1,q2)*g_(2,nu14)*FT2(g6)*cFT(nu9,XX,i2,
         iufo3)*cFT(g7,XX,iufo3,i3)*flavourTag(fe,j11,j12)*Vec(nu14,q3)*Vec(
         nu9,q2)*Vec(nu13,q2)^2*Vec(nu15,q2)*p4.p4*d^-1*xiw*xiz*ufoGC58^2*
         ufoGC76*ufoGC69
          + 1/4*g_(1,6_,nu15)*FT1*g_(1,q2)*g_(2,nu14)*FT2(g6)*cFT(nu9,XX,i2,
         iufo3)*cFT(g7,XX,iufo3,i3)*flavourTag(fe,j11,j12)*Vec(nu14,q3)*Vec(
         nu9,q2)*Vec(nu13,q2)^2*Vec(nu15,q3)*p4.p4*d^-1*xiw*xiz*ufoGC58^2*
         ufoGC76*ufoGC69
          + 1/2*g_(1,6_,nu15)*FT1*g_(1,q2)*g_(2,nu14)*FT2(g6)*cFT(nu9,XX,i2,
         iufo3)*cFT(g7,XX,iufo3,i3)*flavourTag(fe,j11,j12)*Vec(nu14,q3)*Vec(
         nu9,q2)*Vec(nu13,q2)*Vec(nu13,q3)*Vec(nu15,q2)*p4.p4*d^-1*xiw*xiz*
         ufoGC58^2*ufoGC76*ufoGC69
          + 1/2*g_(1,6_,nu15)*FT1*g_(1,q2)*g_(2,nu14)*FT2(g6)*cFT(nu9,XX,i2,
         iufo3)*cFT(g7,XX,iufo3,i3)*flavourTag(fe,j11,j12)*Vec(nu14,q3)*Vec(
         nu9,q2)*Vec(nu13,q2)*Vec(nu13,q3)*Vec(nu15,q3)*p4.p4*d^-1*xiw*xiz*
         ufoGC58^2*ufoGC76*ufoGC69
          + 1/4*g_(1,6_,nu15)*FT1*g_(1,q2)*g_(2,nu14)*FT2(g6)*cFT(nu9,XX,i2,
         iufo3)*cFT(g7,XX,iufo3,i3)*flavourTag(fe,j11,j12)*Vec(nu14,q3)*Vec(
         nu9,q2)*Vec(nu13,q3)^2*Vec(nu15,q2)*p4.p4*d^-1*xiw*xiz*ufoGC58^2*
         ufoGC76*ufoGC69
          + 1/4*g_(1,6_,nu15)*FT1*g_(1,q2)*g_(2,nu14)*FT2(g6)*cFT(nu9,XX,i2,
         iufo3)*cFT(g7,XX,iufo3,i3)*flavourTag(fe,j11,j12)*Vec(nu14,q3)*Vec(
         nu9,q2)*Vec(nu13,q3)^2*Vec(nu15,q3)*p4.p4*d^-1*xiw*xiz*ufoGC58^2*
         ufoGC76*ufoGC69
          + 1/4*g_(1,6_,nu15)*FT1*g_(1,q2)*g_(2,nu14)*FT2(g6)*cFT(nu9,XX,i2,
         iufo3)*cFT(g7,XX,iufo3,i3)*flavourTag(fe,j11,j12)*Vec(nu14,q3)*Vec(
         nu9,q3)*Vec(nu13,q2)^2*Vec(nu15,q2)*p4.p4*d^-1*xiw*xiz*ufoGC58^2*
         ufoGC76*ufoGC69
          + 1/4*g_(1,6_,nu15)*FT1*g_(1,q2)*g_(2,nu14)*FT2(g6)*cFT(nu9,XX,i2,
         iufo3)*cFT(g7,XX,iufo3,i3)*flavourTag(fe,j11,j12)*Vec(nu14,q3)*Vec(
         nu9,q3)*Vec(nu13,q2)^2*Vec(nu15,q3)*p4.p4*d^-1*xiw*xiz*ufoGC58^2*
         ufoGC76*ufoGC69
          + 1/2*g_(1,6_,nu15)*FT1*g_(1,q2)*g_(2,nu14)*FT2(g6)*cFT(nu9,XX,i2,
         iufo3)*cFT(g7,XX,iufo3,i3)*flavourTag(fe,j11,j12)*Vec(nu14,q3)*Vec(
         nu9,q3)*Vec(nu13,q2)*Vec(nu13,q3)*Vec(nu15,q2)*p4.p4*d^-1*xiw*xiz*
         ufoGC58^2*ufoGC76*ufoGC69
          + 1/2*g_(1,6_,nu15)*FT1*g_(1,q2)*g_(2,nu14)*FT2(g6)*cFT(nu9,XX,i2,
         iufo3)*cFT(g7,XX,iufo3,i3)*flavourTag(fe,j11,j12)*Vec(nu14,q3)*Vec(
         nu9,q3)*Vec(nu13,q2)*Vec(nu13,q3)*Vec(nu15,q3)*p4.p4*d^-1*xiw*xiz*
         ufoGC58^2*ufoGC76*ufoGC69
          + 1/4*g_(1,6_,nu15)*FT1*g_(1,q2)*g_(2,nu14)*FT2(g6)*cFT(nu9,XX,i2,
         iufo3)*cFT(g7,XX,iufo3,i3)*flavourTag(fe,j11,j12)*Vec(nu14,q3)*Vec(
         nu9,q3)*Vec(nu13,q3)^2*Vec(nu15,q2)*p4.p4*d^-1*xiw*xiz*ufoGC58^2*
         ufoGC76*ufoGC69
          + 1/4*g_(1,6_,nu15)*FT1*g_(1,q2)*g_(2,nu14)*FT2(g6)*cFT(nu9,XX,i2,
         iufo3)*cFT(g7,XX,iufo3,i3)*flavourTag(fe,j11,j12)*Vec(nu14,q3)*Vec(
         nu9,q3)*Vec(nu13,q3)^2*Vec(nu15,q3)*p4.p4*d^-1*xiw*xiz*ufoGC58^2*
         ufoGC76*ufoGC69
          + 1/4*g_(1,6_,nu15)*FT1*g_(1,q2)*g_(2,nu13)*FT2(g6)*cFT(nu9,XX,i2,
         iufo3)*cFT(g7,XX,iufo3,i3)/(d^3 + d^2 - 2*d)*flavourTag(fe,j11,j12)*
         Vec(nu9,q2)*Vec(nu13,q2)*Vec(nu15,q2)*p4.p4^2*d*xiw*xiz*ufoGC58^2*
         ufoGC76*ufoGC69
          - 1/4*g_(1,6_,nu15)*FT1*g_(1,q2)*g_(2,nu13)*FT2(g6)*cFT(nu9,XX,i2,
         iufo3)*cFT(g7,XX,iufo3,i3)/(d^3 + d^2 - 2*d)*flavourTag(fe,j11,j12)*
         Vec(nu9,q2)*Vec(nu13,q2)*Vec(nu15,q2)*p4.p4^2*xiw*xiz*ufoGC58^2*
         ufoGC76*ufoGC69
          + 1/4*g_(1,6_,nu15)*FT1*g_(1,q2)*g_(2,nu13)*FT2(g6)*cFT(nu9,XX,i2,
         iufo3)*cFT(g7,XX,iufo3,i3)/(d^3 + d^2 - 2*d)*flavourTag(fe,j11,j12)*
         Vec(nu9,q2)*Vec(nu13,q2)*Vec(nu15,q3)*p4.p4^2*d*xiw*xiz*ufoGC58^2*
         ufoGC76*ufoGC69
          - 1/4*g_(1,6_,nu15)*FT1*g_(1,q2)*g_(2,nu13)*FT2(g6)*cFT(nu9,XX,i2,
         iufo3)*cFT(g7,XX,iufo3,i3)/(d^3 + d^2 - 2*d)*flavourTag(fe,j11,j12)*
         Vec(nu9,q2)*Vec(nu13,q2)*Vec(nu15,q3)*p4.p4^2*xiw*xiz*ufoGC58^2*
         ufoGC76*ufoGC69
          + 1/4*g_(1,6_,nu15)*FT1*g_(1,q2)*g_(2,nu13)*FT2(g6)*cFT(nu9,XX,i2,
         iufo3)*cFT(g7,XX,iufo3,i3)/(d^3 + d^2 - 2*d)*flavourTag(fe,j11,j12)*
         Vec(nu9,q2)*Vec(nu13,q3)*Vec(nu15,q2)*p4.p4^2*d*xiw*xiz*ufoGC58^2*
         ufoGC76*ufoGC69
          - 1/4*g_(1,6_,nu15)*FT1*g_(1,q2)*g_(2,nu13)*FT2(g6)*cFT(nu9,XX,i2,
         iufo3)*cFT(g7,XX,iufo3,i3)/(d^3 + d^2 - 2*d)*flavourTag(fe,j11,j12)*
         Vec(nu9,q2)*Vec(nu13,q3)*Vec(nu15,q2)*p4.p4^2*xiw*xiz*ufoGC58^2*
         ufoGC76*ufoGC69
          + 1/4*g_(1,6_,nu15)*FT1*g_(1,q2)*g_(2,nu13)*FT2(g6)*cFT(nu9,XX,i2,
         iufo3)*cFT(g7,XX,iufo3,i3)/(d^3 + d^2 - 2*d)*flavourTag(fe,j11,j12)*
         Vec(nu9,q2)*Vec(nu13,q3)*Vec(nu15,q3)*p4.p4^2*d*xiw*xiz*ufoGC58^2*
         ufoGC76*ufoGC69
          - 1/4*g_(1,6_,nu15)*FT1*g_(1,q2)*g_(2,nu13)*FT2(g6)*cFT(nu9,XX,i2,
         iufo3)*cFT(g7,XX,iufo3,i3)/(d^3 + d^2 - 2*d)*flavourTag(fe,j11,j12)*
         Vec(nu9,q2)*Vec(nu13,q3)*Vec(nu15,q3)*p4.p4^2*xiw*xiz*ufoGC58^2*
         ufoGC76*ufoGC69
          + 1/4*g_(1,6_,nu15)*FT1*g_(1,q2)*g_(2,nu13)*FT2(g6)*cFT(nu9,XX,i2,
         iufo3)*cFT(g7,XX,iufo3,i3)/(d^3 + d^2 - 2*d)*flavourTag(fe,j11,j12)*
         Vec(nu9,q3)*Vec(nu13,q2)*Vec(nu15,q2)*p4.p4^2*d*xiw*xiz*ufoGC58^2*
         ufoGC76*ufoGC69
          - 1/4*g_(1,6_,nu15)*FT1*g_(1,q2)*g_(2,nu13)*FT2(g6)*cFT(nu9,XX,i2,
         iufo3)*cFT(g7,XX,iufo3,i3)/(d^3 + d^2 - 2*d)*flavourTag(fe,j11,j12)*
         Vec(nu9,q3)*Vec(nu13,q2)*Vec(nu15,q2)*p4.p4^2*xiw*xiz*ufoGC58^2*
         ufoGC76*ufoGC69
          + 1/4*g_(1,6_,nu15)*FT1*g_(1,q2)*g_(2,nu13)*FT2(g6)*cFT(nu9,XX,i2,
         iufo3)*cFT(g7,XX,iufo3,i3)/(d^3 + d^2 - 2*d)*flavourTag(fe,j11,j12)*
         Vec(nu9,q3)*Vec(nu13,q2)*Vec(nu15,q3)*p4.p4^2*d*xiw*xiz*ufoGC58^2*
         ufoGC76*ufoGC69
          - 1/4*g_(1,6_,nu15)*FT1*g_(1,q2)*g_(2,nu13)*FT2(g6)*cFT(nu9,XX,i2,
         iufo3)*cFT(g7,XX,iufo3,i3)/(d^3 + d^2 - 2*d)*flavourTag(fe,j11,j12)*
         Vec(nu9,q3)*Vec(nu13,q2)*Vec(nu15,q3)*p4.p4^2*xiw*xiz*ufoGC58^2*
         ufoGC76*ufoGC69
          + 1/4*g_(1,6_,nu15)*FT1*g_(1,q2)*g_(2,nu13)*FT2(g6)*cFT(nu9,XX,i2,
         iufo3)*cFT(g7,XX,iufo3,i3)/(d^3 + d^2 - 2*d)*flavourTag(fe,j11,j12)*
         Vec(nu9,q3)*Vec(nu13,q3)*Vec(nu15,q2)*p4.p4^2*d*xiw*xiz*ufoGC58^2*
         ufoGC76*ufoGC69
          - 1/4*g_(1,6_,nu15)*FT1*g_(1,q2)*g_(2,nu13)*FT2(g6)*cFT(nu9,XX,i2,
         iufo3)*cFT(g7,XX,iufo3,i3)/(d^3 + d^2 - 2*d)*flavourTag(fe,j11,j12)*
         Vec(nu9,q3)*Vec(nu13,q3)*Vec(nu15,q2)*p4.p4^2*xiw*xiz*ufoGC58^2*
         ufoGC76*ufoGC69
          + 1/4*g_(1,6_,nu15)*FT1*g_(1,q2)*g_(2,nu13)*FT2(g6)*cFT(nu9,XX,i2,
         iufo3)*cFT(g7,XX,iufo3,i3)/(d^3 + d^2 - 2*d)*flavourTag(fe,j11,j12)*
         Vec(nu9,q3)*Vec(nu13,q3)*Vec(nu15,q3)*p4.p4^2*d*xiw*xiz*ufoGC58^2*
         ufoGC76*ufoGC69
          - 1/4*g_(1,6_,nu15)*FT1*g_(1,q2)*g_(2,nu13)*FT2(g6)*cFT(nu9,XX,i2,
         iufo3)*cFT(g7,XX,iufo3,i3)/(d^3 + d^2 - 2*d)*flavourTag(fe,j11,j12)*
         Vec(nu9,q3)*Vec(nu13,q3)*Vec(nu15,q3)*p4.p4^2*xiw*xiz*ufoGC58^2*
         ufoGC76*ufoGC69
          + 1/4*g_(1,6_,nu15)*FT1*g_(1,q3)*g_(2,6_,nu14)*cFT(nu9,XX,i2,iufo3)*
         cFT(g7,XX,iufo3,i3)*flavourTag(fe,j11,j12)*Vec(nu14,q2)*Vec(nu9,q2)*
         Vec(nu13,q2)^2*Vec(nu15,q2)*p4.p4*d^-1*xiw*xiz*ufoGC58^2*ufoGC80*
         ufoGC69
          + 1/4*g_(1,6_,nu15)*FT1*g_(1,q3)*g_(2,6_,nu14)*cFT(nu9,XX,i2,iufo3)*
         cFT(g7,XX,iufo3,i3)*flavourTag(fe,j11,j12)*Vec(nu14,q2)*Vec(nu9,q2)*
         Vec(nu13,q2)^2*Vec(nu15,q3)*p4.p4*d^-1*xiw*xiz*ufoGC58^2*ufoGC80*
         ufoGC69
          + 1/2*g_(1,6_,nu15)*FT1*g_(1,q3)*g_(2,6_,nu14)*cFT(nu9,XX,i2,iufo3)*
         cFT(g7,XX,iufo3,i3)*flavourTag(fe,j11,j12)*Vec(nu14,q2)*Vec(nu9,q2)*
         Vec(nu13,q2)*Vec(nu13,q3)*Vec(nu15,q2)*p4.p4*d^-1*xiw*xiz*ufoGC58^2*
         ufoGC80*ufoGC69
          + 1/2*g_(1,6_,nu15)*FT1*g_(1,q3)*g_(2,6_,nu14)*cFT(nu9,XX,i2,iufo3)*
         cFT(g7,XX,iufo3,i3)*flavourTag(fe,j11,j12)*Vec(nu14,q2)*Vec(nu9,q2)*
         Vec(nu13,q2)*Vec(nu13,q3)*Vec(nu15,q3)*p4.p4*d^-1*xiw*xiz*ufoGC58^2*
         ufoGC80*ufoGC69
          + 1/4*g_(1,6_,nu15)*FT1*g_(1,q3)*g_(2,6_,nu14)*cFT(nu9,XX,i2,iufo3)*
         cFT(g7,XX,iufo3,i3)*flavourTag(fe,j11,j12)*Vec(nu14,q2)*Vec(nu9,q2)*
         Vec(nu13,q3)^2*Vec(nu15,q2)*p4.p4*d^-1*xiw*xiz*ufoGC58^2*ufoGC80*
         ufoGC69
          + 1/4*g_(1,6_,nu15)*FT1*g_(1,q3)*g_(2,6_,nu14)*cFT(nu9,XX,i2,iufo3)*
         cFT(g7,XX,iufo3,i3)*flavourTag(fe,j11,j12)*Vec(nu14,q2)*Vec(nu9,q2)*
         Vec(nu13,q3)^2*Vec(nu15,q3)*p4.p4*d^-1*xiw*xiz*ufoGC58^2*ufoGC80*
         ufoGC69
          + 1/4*g_(1,6_,nu15)*FT1*g_(1,q3)*g_(2,6_,nu14)*cFT(nu9,XX,i2,iufo3)*
         cFT(g7,XX,iufo3,i3)*flavourTag(fe,j11,j12)*Vec(nu14,q2)*Vec(nu9,q3)*
         Vec(nu13,q2)^2*Vec(nu15,q2)*p4.p4*d^-1*xiw*xiz*ufoGC58^2*ufoGC80*
         ufoGC69
          + 1/4*g_(1,6_,nu15)*FT1*g_(1,q3)*g_(2,6_,nu14)*cFT(nu9,XX,i2,iufo3)*
         cFT(g7,XX,iufo3,i3)*flavourTag(fe,j11,j12)*Vec(nu14,q2)*Vec(nu9,q3)*
         Vec(nu13,q2)^2*Vec(nu15,q3)*p4.p4*d^-1*xiw*xiz*ufoGC58^2*ufoGC80*
         ufoGC69
          + 1/2*g_(1,6_,nu15)*FT1*g_(1,q3)*g_(2,6_,nu14)*cFT(nu9,XX,i2,iufo3)*
         cFT(g7,XX,iufo3,i3)*flavourTag(fe,j11,j12)*Vec(nu14,q2)*Vec(nu9,q3)*
         Vec(nu13,q2)*Vec(nu13,q3)*Vec(nu15,q2)*p4.p4*d^-1*xiw*xiz*ufoGC58^2*
         ufoGC80*ufoGC69
          + 1/2*g_(1,6_,nu15)*FT1*g_(1,q3)*g_(2,6_,nu14)*cFT(nu9,XX,i2,iufo3)*
         cFT(g7,XX,iufo3,i3)*flavourTag(fe,j11,j12)*Vec(nu14,q2)*Vec(nu9,q3)*
         Vec(nu13,q2)*Vec(nu13,q3)*Vec(nu15,q3)*p4.p4*d^-1*xiw*xiz*ufoGC58^2*
         ufoGC80*ufoGC69
          + 1/4*g_(1,6_,nu15)*FT1*g_(1,q3)*g_(2,6_,nu14)*cFT(nu9,XX,i2,iufo3)*
         cFT(g7,XX,iufo3,i3)*flavourTag(fe,j11,j12)*Vec(nu14,q2)*Vec(nu9,q3)*
         Vec(nu13,q3)^2*Vec(nu15,q2)*p4.p4*d^-1*xiw*xiz*ufoGC58^2*ufoGC80*
         ufoGC69
          + 1/4*g_(1,6_,nu15)*FT1*g_(1,q3)*g_(2,6_,nu14)*cFT(nu9,XX,i2,iufo3)*
         cFT(g7,XX,iufo3,i3)*flavourTag(fe,j11,j12)*Vec(nu14,q2)*Vec(nu9,q3)*
         Vec(nu13,q3)^2*Vec(nu15,q3)*p4.p4*d^-1*xiw*xiz*ufoGC58^2*ufoGC80*
         ufoGC69
          + 1/4*g_(1,6_,nu15)*FT1*g_(1,q3)*g_(2,6_,nu14)*cFT(nu9,XX,i2,iufo3)*
         cFT(g7,XX,iufo3,i3)*flavourTag(fe,j11,j12)*Vec(nu14,q3)*Vec(nu9,q2)*
         Vec(nu13,q2)^2*Vec(nu15,q2)*p4.p4*d^-1*xiw*xiz*ufoGC58^2*ufoGC80*
         ufoGC69
          + 1/4*g_(1,6_,nu15)*FT1*g_(1,q3)*g_(2,6_,nu14)*cFT(nu9,XX,i2,iufo3)*
         cFT(g7,XX,iufo3,i3)*flavourTag(fe,j11,j12)*Vec(nu14,q3)*Vec(nu9,q2)*
         Vec(nu13,q2)^2*Vec(nu15,q3)*p4.p4*d^-1*xiw*xiz*ufoGC58^2*ufoGC80*
         ufoGC69
          + 1/2*g_(1,6_,nu15)*FT1*g_(1,q3)*g_(2,6_,nu14)*cFT(nu9,XX,i2,iufo3)*
         cFT(g7,XX,iufo3,i3)*flavourTag(fe,j11,j12)*Vec(nu14,q3)*Vec(nu9,q2)*
         Vec(nu13,q2)*Vec(nu13,q3)*Vec(nu15,q2)*p4.p4*d^-1*xiw*xiz*ufoGC58^2*
         ufoGC80*ufoGC69
          + 1/2*g_(1,6_,nu15)*FT1*g_(1,q3)*g_(2,6_,nu14)*cFT(nu9,XX,i2,iufo3)*
         cFT(g7,XX,iufo3,i3)*flavourTag(fe,j11,j12)*Vec(nu14,q3)*Vec(nu9,q2)*
         Vec(nu13,q2)*Vec(nu13,q3)*Vec(nu15,q3)*p4.p4*d^-1*xiw*xiz*ufoGC58^2*
         ufoGC80*ufoGC69
          + 1/4*g_(1,6_,nu15)*FT1*g_(1,q3)*g_(2,6_,nu14)*cFT(nu9,XX,i2,iufo3)*
         cFT(g7,XX,iufo3,i3)*flavourTag(fe,j11,j12)*Vec(nu14,q3)*Vec(nu9,q2)*
         Vec(nu13,q3)^2*Vec(nu15,q2)*p4.p4*d^-1*xiw*xiz*ufoGC58^2*ufoGC80*
         ufoGC69
          + 1/4*g_(1,6_,nu15)*FT1*g_(1,q3)*g_(2,6_,nu14)*cFT(nu9,XX,i2,iufo3)*
         cFT(g7,XX,iufo3,i3)*flavourTag(fe,j11,j12)*Vec(nu14,q3)*Vec(nu9,q2)*
         Vec(nu13,q3)^2*Vec(nu15,q3)*p4.p4*d^-1*xiw*xiz*ufoGC58^2*ufoGC80*
         ufoGC69
          + 1/4*g_(1,6_,nu15)*FT1*g_(1,q3)*g_(2,6_,nu14)*cFT(nu9,XX,i2,iufo3)*
         cFT(g7,XX,iufo3,i3)*flavourTag(fe,j11,j12)*Vec(nu14,q3)*Vec(nu9,q3)*
         Vec(nu13,q2)^2*Vec(nu15,q2)*p4.p4*d^-1*xiw*xiz*ufoGC58^2*ufoGC80*
         ufoGC69
          + 1/4*g_(1,6_,nu15)*FT1*g_(1,q3)*g_(2,6_,nu14)*cFT(nu9,XX,i2,iufo3)*
         cFT(g7,XX,iufo3,i3)*flavourTag(fe,j11,j12)*Vec(nu14,q3)*Vec(nu9,q3)*
         Vec(nu13,q2)^2*Vec(nu15,q3)*p4.p4*d^-1*xiw*xiz*ufoGC58^2*ufoGC80*
         ufoGC69
          + 1/2*g_(1,6_,nu15)*FT1*g_(1,q3)*g_(2,6_,nu14)*cFT(nu9,XX,i2,iufo3)*
         cFT(g7,XX,iufo3,i3)*flavourTag(fe,j11,j12)*Vec(nu14,q3)*Vec(nu9,q3)*
         Vec(nu13,q2)*Vec(nu13,q3)*Vec(nu15,q2)*p4.p4*d^-1*xiw*xiz*ufoGC58^2*
         ufoGC80*ufoGC69
          + 1/2*g_(1,6_,nu15)*FT1*g_(1,q3)*g_(2,6_,nu14)*cFT(nu9,XX,i2,iufo3)*
         cFT(g7,XX,iufo3,i3)*flavourTag(fe,j11,j12)*Vec(nu14,q3)*Vec(nu9,q3)*
         Vec(nu13,q2)*Vec(nu13,q3)*Vec(nu15,q3)*p4.p4*d^-1*xiw*xiz*ufoGC58^2*
         ufoGC80*ufoGC69
          + 1/4*g_(1,6_,nu15)*FT1*g_(1,q3)*g_(2,6_,nu14)*cFT(nu9,XX,i2,iufo3)*
         cFT(g7,XX,iufo3,i3)*flavourTag(fe,j11,j12)*Vec(nu14,q3)*Vec(nu9,q3)*
         Vec(nu13,q3)^2*Vec(nu15,q2)*p4.p4*d^-1*xiw*xiz*ufoGC58^2*ufoGC80*
         ufoGC69
          + 1/4*g_(1,6_,nu15)*FT1*g_(1,q3)*g_(2,6_,nu14)*cFT(nu9,XX,i2,iufo3)*
         cFT(g7,XX,iufo3,i3)*flavourTag(fe,j11,j12)*Vec(nu14,q3)*Vec(nu9,q3)*
         Vec(nu13,q3)^2*Vec(nu15,q3)*p4.p4*d^-1*xiw*xiz*ufoGC58^2*ufoGC80*
         ufoGC69
          + 1/4*g_(1,6_,nu15)*FT1*g_(1,q3)*g_(2,6_,nu13)*cFT(nu9,XX,i2,iufo3)*
         cFT(g7,XX,iufo3,i3)/(d^3 + d^2 - 2*d)*flavourTag(fe,j11,j12)*Vec(nu9,
         q2)*Vec(nu13,q2)*Vec(nu15,q2)*p4.p4^2*d*xiw*xiz*ufoGC58^2*ufoGC80*
         ufoGC69
          - 1/4*g_(1,6_,nu15)*FT1*g_(1,q3)*g_(2,6_,nu13)*cFT(nu9,XX,i2,iufo3)*
         cFT(g7,XX,iufo3,i3)/(d^3 + d^2 - 2*d)*flavourTag(fe,j11,j12)*Vec(nu9,
         q2)*Vec(nu13,q2)*Vec(nu15,q2)*p4.p4^2*xiw*xiz*ufoGC58^2*ufoGC80*
         ufoGC69
          + 1/4*g_(1,6_,nu15)*FT1*g_(1,q3)*g_(2,6_,nu13)*cFT(nu9,XX,i2,iufo3)*
         cFT(g7,XX,iufo3,i3)/(d^3 + d^2 - 2*d)*flavourTag(fe,j11,j12)*Vec(nu9,
         q2)*Vec(nu13,q2)*Vec(nu15,q3)*p4.p4^2*d*xiw*xiz*ufoGC58^2*ufoGC80*
         ufoGC69
          - 1/4*g_(1,6_,nu15)*FT1*g_(1,q3)*g_(2,6_,nu13)*cFT(nu9,XX,i2,iufo3)*
         cFT(g7,XX,iufo3,i3)/(d^3 + d^2 - 2*d)*flavourTag(fe,j11,j12)*Vec(nu9,
         q2)*Vec(nu13,q2)*Vec(nu15,q3)*p4.p4^2*xiw*xiz*ufoGC58^2*ufoGC80*
         ufoGC69
          + 1/4*g_(1,6_,nu15)*FT1*g_(1,q3)*g_(2,6_,nu13)*cFT(nu9,XX,i2,iufo3)*
         cFT(g7,XX,iufo3,i3)/(d^3 + d^2 - 2*d)*flavourTag(fe,j11,j12)*Vec(nu9,
         q2)*Vec(nu13,q3)*Vec(nu15,q2)*p4.p4^2*d*xiw*xiz*ufoGC58^2*ufoGC80*
         ufoGC69
          - 1/4*g_(1,6_,nu15)*FT1*g_(1,q3)*g_(2,6_,nu13)*cFT(nu9,XX,i2,iufo3)*
         cFT(g7,XX,iufo3,i3)/(d^3 + d^2 - 2*d)*flavourTag(fe,j11,j12)*Vec(nu9,
         q2)*Vec(nu13,q3)*Vec(nu15,q2)*p4.p4^2*xiw*xiz*ufoGC58^2*ufoGC80*
         ufoGC69
          + 1/4*g_(1,6_,nu15)*FT1*g_(1,q3)*g_(2,6_,nu13)*cFT(nu9,XX,i2,iufo3)*
         cFT(g7,XX,iufo3,i3)/(d^3 + d^2 - 2*d)*flavourTag(fe,j11,j12)*Vec(nu9,
         q2)*Vec(nu13,q3)*Vec(nu15,q3)*p4.p4^2*d*xiw*xiz*ufoGC58^2*ufoGC80*
         ufoGC69
          - 1/4*g_(1,6_,nu15)*FT1*g_(1,q3)*g_(2,6_,nu13)*cFT(nu9,XX,i2,iufo3)*
         cFT(g7,XX,iufo3,i3)/(d^3 + d^2 - 2*d)*flavourTag(fe,j11,j12)*Vec(nu9,
         q2)*Vec(nu13,q3)*Vec(nu15,q3)*p4.p4^2*xiw*xiz*ufoGC58^2*ufoGC80*
         ufoGC69
          + 1/4*g_(1,6_,nu15)*FT1*g_(1,q3)*g_(2,6_,nu13)*cFT(nu9,XX,i2,iufo3)*
         cFT(g7,XX,iufo3,i3)/(d^3 + d^2 - 2*d)*flavourTag(fe,j11,j12)*Vec(nu9,
         q3)*Vec(nu13,q2)*Vec(nu15,q2)*p4.p4^2*d*xiw*xiz*ufoGC58^2*ufoGC80*
         ufoGC69
          - 1/4*g_(1,6_,nu15)*FT1*g_(1,q3)*g_(2,6_,nu13)*cFT(nu9,XX,i2,iufo3)*
         cFT(g7,XX,iufo3,i3)/(d^3 + d^2 - 2*d)*flavourTag(fe,j11,j12)*Vec(nu9,
         q3)*Vec(nu13,q2)*Vec(nu15,q2)*p4.p4^2*xiw*xiz*ufoGC58^2*ufoGC80*
         ufoGC69
          + 1/4*g_(1,6_,nu15)*FT1*g_(1,q3)*g_(2,6_,nu13)*cFT(nu9,XX,i2,iufo3)*
         cFT(g7,XX,iufo3,i3)/(d^3 + d^2 - 2*d)*flavourTag(fe,j11,j12)*Vec(nu9,
         q3)*Vec(nu13,q2)*Vec(nu15,q3)*p4.p4^2*d*xiw*xiz*ufoGC58^2*ufoGC80*
         ufoGC69
          - 1/4*g_(1,6_,nu15)*FT1*g_(1,q3)*g_(2,6_,nu13)*cFT(nu9,XX,i2,iufo3)*
         cFT(g7,XX,iufo3,i3)/(d^3 + d^2 - 2*d)*flavourTag(fe,j11,j12)*Vec(nu9,
         q3)*Vec(nu13,q2)*Vec(nu15,q3)*p4.p4^2*xiw*xiz*ufoGC58^2*ufoGC80*
         ufoGC69
          + 1/4*g_(1,6_,nu15)*FT1*g_(1,q3)*g_(2,6_,nu13)*cFT(nu9,XX,i2,iufo3)*
         cFT(g7,XX,iufo3,i3)/(d^3 + d^2 - 2*d)*flavourTag(fe,j11,j12)*Vec(nu9,
         q3)*Vec(nu13,q3)*Vec(nu15,q2)*p4.p4^2*d*xiw*xiz*ufoGC58^2*ufoGC80*
         ufoGC69
          - 1/4*g_(1,6_,nu15)*FT1*g_(1,q3)*g_(2,6_,nu13)*cFT(nu9,XX,i2,iufo3)*
         cFT(g7,XX,iufo3,i3)/(d^3 + d^2 - 2*d)*flavourTag(fe,j11,j12)*Vec(nu9,
         q3)*Vec(nu13,q3)*Vec(nu15,q2)*p4.p4^2*xiw*xiz*ufoGC58^2*ufoGC80*
         ufoGC69
          + 1/4*g_(1,6_,nu15)*FT1*g_(1,q3)*g_(2,6_,nu13)*cFT(nu9,XX,i2,iufo3)*
         cFT(g7,XX,iufo3,i3)/(d^3 + d^2 - 2*d)*flavourTag(fe,j11,j12)*Vec(nu9,
         q3)*Vec(nu13,q3)*Vec(nu15,q3)*p4.p4^2*d*xiw*xiz*ufoGC58^2*ufoGC80*
         ufoGC69
          - 1/4*g_(1,6_,nu15)*FT1*g_(1,q3)*g_(2,6_,nu13)*cFT(nu9,XX,i2,iufo3)*
         cFT(g7,XX,iufo3,i3)/(d^3 + d^2 - 2*d)*flavourTag(fe,j11,j12)*Vec(nu9,
         q3)*Vec(nu13,q3)*Vec(nu15,q3)*p4.p4^2*xiw*xiz*ufoGC58^2*ufoGC80*
         ufoGC69
          + 1/4*g_(1,6_,nu15)*FT1*g_(1,q3)*g_(2,nu14)*FT2(g6)*cFT(nu9,XX,i2,
         iufo3)*cFT(g7,XX,iufo3,i3)*flavourTag(fe,j11,j12)*Vec(nu14,q2)*Vec(
         nu9,q2)*Vec(nu13,q2)^2*Vec(nu15,q2)*p4.p4*d^-1*xiw*xiz*ufoGC58^2*
         ufoGC76*ufoGC69
          + 1/4*g_(1,6_,nu15)*FT1*g_(1,q3)*g_(2,nu14)*FT2(g6)*cFT(nu9,XX,i2,
         iufo3)*cFT(g7,XX,iufo3,i3)*flavourTag(fe,j11,j12)*Vec(nu14,q2)*Vec(
         nu9,q2)*Vec(nu13,q2)^2*Vec(nu15,q3)*p4.p4*d^-1*xiw*xiz*ufoGC58^2*
         ufoGC76*ufoGC69
          + 1/2*g_(1,6_,nu15)*FT1*g_(1,q3)*g_(2,nu14)*FT2(g6)*cFT(nu9,XX,i2,
         iufo3)*cFT(g7,XX,iufo3,i3)*flavourTag(fe,j11,j12)*Vec(nu14,q2)*Vec(
         nu9,q2)*Vec(nu13,q2)*Vec(nu13,q3)*Vec(nu15,q2)*p4.p4*d^-1*xiw*xiz*
         ufoGC58^2*ufoGC76*ufoGC69
          + 1/2*g_(1,6_,nu15)*FT1*g_(1,q3)*g_(2,nu14)*FT2(g6)*cFT(nu9,XX,i2,
         iufo3)*cFT(g7,XX,iufo3,i3)*flavourTag(fe,j11,j12)*Vec(nu14,q2)*Vec(
         nu9,q2)*Vec(nu13,q2)*Vec(nu13,q3)*Vec(nu15,q3)*p4.p4*d^-1*xiw*xiz*
         ufoGC58^2*ufoGC76*ufoGC69
          + 1/4*g_(1,6_,nu15)*FT1*g_(1,q3)*g_(2,nu14)*FT2(g6)*cFT(nu9,XX,i2,
         iufo3)*cFT(g7,XX,iufo3,i3)*flavourTag(fe,j11,j12)*Vec(nu14,q2)*Vec(
         nu9,q2)*Vec(nu13,q3)^2*Vec(nu15,q2)*p4.p4*d^-1*xiw*xiz*ufoGC58^2*
         ufoGC76*ufoGC69
          + 1/4*g_(1,6_,nu15)*FT1*g_(1,q3)*g_(2,nu14)*FT2(g6)*cFT(nu9,XX,i2,
         iufo3)*cFT(g7,XX,iufo3,i3)*flavourTag(fe,j11,j12)*Vec(nu14,q2)*Vec(
         nu9,q2)*Vec(nu13,q3)^2*Vec(nu15,q3)*p4.p4*d^-1*xiw*xiz*ufoGC58^2*
         ufoGC76*ufoGC69
          + 1/4*g_(1,6_,nu15)*FT1*g_(1,q3)*g_(2,nu14)*FT2(g6)*cFT(nu9,XX,i2,
         iufo3)*cFT(g7,XX,iufo3,i3)*flavourTag(fe,j11,j12)*Vec(nu14,q2)*Vec(
         nu9,q3)*Vec(nu13,q2)^2*Vec(nu15,q2)*p4.p4*d^-1*xiw*xiz*ufoGC58^2*
         ufoGC76*ufoGC69
          + 1/4*g_(1,6_,nu15)*FT1*g_(1,q3)*g_(2,nu14)*FT2(g6)*cFT(nu9,XX,i2,
         iufo3)*cFT(g7,XX,iufo3,i3)*flavourTag(fe,j11,j12)*Vec(nu14,q2)*Vec(
         nu9,q3)*Vec(nu13,q2)^2*Vec(nu15,q3)*p4.p4*d^-1*xiw*xiz*ufoGC58^2*
         ufoGC76*ufoGC69
          + 1/2*g_(1,6_,nu15)*FT1*g_(1,q3)*g_(2,nu14)*FT2(g6)*cFT(nu9,XX,i2,
         iufo3)*cFT(g7,XX,iufo3,i3)*flavourTag(fe,j11,j12)*Vec(nu14,q2)*Vec(
         nu9,q3)*Vec(nu13,q2)*Vec(nu13,q3)*Vec(nu15,q2)*p4.p4*d^-1*xiw*xiz*
         ufoGC58^2*ufoGC76*ufoGC69
          + 1/2*g_(1,6_,nu15)*FT1*g_(1,q3)*g_(2,nu14)*FT2(g6)*cFT(nu9,XX,i2,
         iufo3)*cFT(g7,XX,iufo3,i3)*flavourTag(fe,j11,j12)*Vec(nu14,q2)*Vec(
         nu9,q3)*Vec(nu13,q2)*Vec(nu13,q3)*Vec(nu15,q3)*p4.p4*d^-1*xiw*xiz*
         ufoGC58^2*ufoGC76*ufoGC69
          + 1/4*g_(1,6_,nu15)*FT1*g_(1,q3)*g_(2,nu14)*FT2(g6)*cFT(nu9,XX,i2,
         iufo3)*cFT(g7,XX,iufo3,i3)*flavourTag(fe,j11,j12)*Vec(nu14,q2)*Vec(
         nu9,q3)*Vec(nu13,q3)^2*Vec(nu15,q2)*p4.p4*d^-1*xiw*xiz*ufoGC58^2*
         ufoGC76*ufoGC69
          + 1/4*g_(1,6_,nu15)*FT1*g_(1,q3)*g_(2,nu14)*FT2(g6)*cFT(nu9,XX,i2,
         iufo3)*cFT(g7,XX,iufo3,i3)*flavourTag(fe,j11,j12)*Vec(nu14,q2)*Vec(
         nu9,q3)*Vec(nu13,q3)^2*Vec(nu15,q3)*p4.p4*d^-1*xiw*xiz*ufoGC58^2*
         ufoGC76*ufoGC69
          + 1/4*g_(1,6_,nu15)*FT1*g_(1,q3)*g_(2,nu14)*FT2(g6)*cFT(nu9,XX,i2,
         iufo3)*cFT(g7,XX,iufo3,i3)*flavourTag(fe,j11,j12)*Vec(nu14,q3)*Vec(
         nu9,q2)*Vec(nu13,q2)^2*Vec(nu15,q2)*p4.p4*d^-1*xiw*xiz*ufoGC58^2*
         ufoGC76*ufoGC69
          + 1/4*g_(1,6_,nu15)*FT1*g_(1,q3)*g_(2,nu14)*FT2(g6)*cFT(nu9,XX,i2,
         iufo3)*cFT(g7,XX,iufo3,i3)*flavourTag(fe,j11,j12)*Vec(nu14,q3)*Vec(
         nu9,q2)*Vec(nu13,q2)^2*Vec(nu15,q3)*p4.p4*d^-1*xiw*xiz*ufoGC58^2*
         ufoGC76*ufoGC69
          + 1/2*g_(1,6_,nu15)*FT1*g_(1,q3)*g_(2,nu14)*FT2(g6)*cFT(nu9,XX,i2,
         iufo3)*cFT(g7,XX,iufo3,i3)*flavourTag(fe,j11,j12)*Vec(nu14,q3)*Vec(
         nu9,q2)*Vec(nu13,q2)*Vec(nu13,q3)*Vec(nu15,q2)*p4.p4*d^-1*xiw*xiz*
         ufoGC58^2*ufoGC76*ufoGC69
          + 1/2*g_(1,6_,nu15)*FT1*g_(1,q3)*g_(2,nu14)*FT2(g6)*cFT(nu9,XX,i2,
         iufo3)*cFT(g7,XX,iufo3,i3)*flavourTag(fe,j11,j12)*Vec(nu14,q3)*Vec(
         nu9,q2)*Vec(nu13,q2)*Vec(nu13,q3)*Vec(nu15,q3)*p4.p4*d^-1*xiw*xiz*
         ufoGC58^2*ufoGC76*ufoGC69
          + 1/4*g_(1,6_,nu15)*FT1*g_(1,q3)*g_(2,nu14)*FT2(g6)*cFT(nu9,XX,i2,
         iufo3)*cFT(g7,XX,iufo3,i3)*flavourTag(fe,j11,j12)*Vec(nu14,q3)*Vec(
         nu9,q2)*Vec(nu13,q3)^2*Vec(nu15,q2)*p4.p4*d^-1*xiw*xiz*ufoGC58^2*
         ufoGC76*ufoGC69
          + 1/4*g_(1,6_,nu15)*FT1*g_(1,q3)*g_(2,nu14)*FT2(g6)*cFT(nu9,XX,i2,
         iufo3)*cFT(g7,XX,iufo3,i3)*flavourTag(fe,j11,j12)*Vec(nu14,q3)*Vec(
         nu9,q2)*Vec(nu13,q3)^2*Vec(nu15,q3)*p4.p4*d^-1*xiw*xiz*ufoGC58^2*
         ufoGC76*ufoGC69
          + 1/4*g_(1,6_,nu15)*FT1*g_(1,q3)*g_(2,nu14)*FT2(g6)*cFT(nu9,XX,i2,
         iufo3)*cFT(g7,XX,iufo3,i3)*flavourTag(fe,j11,j12)*Vec(nu14,q3)*Vec(
         nu9,q3)*Vec(nu13,q2)^2*Vec(nu15,q2)*p4.p4*d^-1*xiw*xiz*ufoGC58^2*
         ufoGC76*ufoGC69
          + 1/4*g_(1,6_,nu15)*FT1*g_(1,q3)*g_(2,nu14)*FT2(g6)*cFT(nu9,XX,i2,
         iufo3)*cFT(g7,XX,iufo3,i3)*flavourTag(fe,j11,j12)*Vec(nu14,q3)*Vec(
         nu9,q3)*Vec(nu13,q2)^2*Vec(nu15,q3)*p4.p4*d^-1*xiw*xiz*ufoGC58^2*
         ufoGC76*ufoGC69
          + 1/2*g_(1,6_,nu15)*FT1*g_(1,q3)*g_(2,nu14)*FT2(g6)*cFT(nu9,XX,i2,
         iufo3)*cFT(g7,XX,iufo3,i3)*flavourTag(fe,j11,j12)*Vec(nu14,q3)*Vec(
         nu9,q3)*Vec(nu13,q2)*Vec(nu13,q3)*Vec(nu15,q2)*p4.p4*d^-1*xiw*xiz*
         ufoGC58^2*ufoGC76*ufoGC69
          + 1/2*g_(1,6_,nu15)*FT1*g_(1,q3)*g_(2,nu14)*FT2(g6)*cFT(nu9,XX,i2,
         iufo3)*cFT(g7,XX,iufo3,i3)*flavourTag(fe,j11,j12)*Vec(nu14,q3)*Vec(
         nu9,q3)*Vec(nu13,q2)*Vec(nu13,q3)*Vec(nu15,q3)*p4.p4*d^-1*xiw*xiz*
         ufoGC58^2*ufoGC76*ufoGC69
          + 1/4*g_(1,6_,nu15)*FT1*g_(1,q3)*g_(2,nu14)*FT2(g6)*cFT(nu9,XX,i2,
         iufo3)*cFT(g7,XX,iufo3,i3)*flavourTag(fe,j11,j12)*Vec(nu14,q3)*Vec(
         nu9,q3)*Vec(nu13,q3)^2*Vec(nu15,q2)*p4.p4*d^-1*xiw*xiz*ufoGC58^2*
         ufoGC76*ufoGC69
          + 1/4*g_(1,6_,nu15)*FT1*g_(1,q3)*g_(2,nu14)*FT2(g6)*cFT(nu9,XX,i2,
         iufo3)*cFT(g7,XX,iufo3,i3)*flavourTag(fe,j11,j12)*Vec(nu14,q3)*Vec(
         nu9,q3)*Vec(nu13,q3)^2*Vec(nu15,q3)*p4.p4*d^-1*xiw*xiz*ufoGC58^2*
         ufoGC76*ufoGC69
          + 1/4*g_(1,6_,nu15)*FT1*g_(1,q3)*g_(2,nu13)*FT2(g6)*cFT(nu9,XX,i2,
         iufo3)*cFT(g7,XX,iufo3,i3)/(d^3 + d^2 - 2*d)*flavourTag(fe,j11,j12)*
         Vec(nu9,q2)*Vec(nu13,q2)*Vec(nu15,q2)*p4.p4^2*d*xiw*xiz*ufoGC58^2*
         ufoGC76*ufoGC69
          - 1/4*g_(1,6_,nu15)*FT1*g_(1,q3)*g_(2,nu13)*FT2(g6)*cFT(nu9,XX,i2,
         iufo3)*cFT(g7,XX,iufo3,i3)/(d^3 + d^2 - 2*d)*flavourTag(fe,j11,j12)*
         Vec(nu9,q2)*Vec(nu13,q2)*Vec(nu15,q2)*p4.p4^2*xiw*xiz*ufoGC58^2*
         ufoGC76*ufoGC69
          + 1/4*g_(1,6_,nu15)*FT1*g_(1,q3)*g_(2,nu13)*FT2(g6)*cFT(nu9,XX,i2,
         iufo3)*cFT(g7,XX,iufo3,i3)/(d^3 + d^2 - 2*d)*flavourTag(fe,j11,j12)*
         Vec(nu9,q2)*Vec(nu13,q2)*Vec(nu15,q3)*p4.p4^2*d*xiw*xiz*ufoGC58^2*
         ufoGC76*ufoGC69
          - 1/4*g_(1,6_,nu15)*FT1*g_(1,q3)*g_(2,nu13)*FT2(g6)*cFT(nu9,XX,i2,
         iufo3)*cFT(g7,XX,iufo3,i3)/(d^3 + d^2 - 2*d)*flavourTag(fe,j11,j12)*
         Vec(nu9,q2)*Vec(nu13,q2)*Vec(nu15,q3)*p4.p4^2*xiw*xiz*ufoGC58^2*
         ufoGC76*ufoGC69
          + 1/4*g_(1,6_,nu15)*FT1*g_(1,q3)*g_(2,nu13)*FT2(g6)*cFT(nu9,XX,i2,
         iufo3)*cFT(g7,XX,iufo3,i3)/(d^3 + d^2 - 2*d)*flavourTag(fe,j11,j12)*
         Vec(nu9,q2)*Vec(nu13,q3)*Vec(nu15,q2)*p4.p4^2*d*xiw*xiz*ufoGC58^2*
         ufoGC76*ufoGC69
          - 1/4*g_(1,6_,nu15)*FT1*g_(1,q3)*g_(2,nu13)*FT2(g6)*cFT(nu9,XX,i2,
         iufo3)*cFT(g7,XX,iufo3,i3)/(d^3 + d^2 - 2*d)*flavourTag(fe,j11,j12)*
         Vec(nu9,q2)*Vec(nu13,q3)*Vec(nu15,q2)*p4.p4^2*xiw*xiz*ufoGC58^2*
         ufoGC76*ufoGC69
          + 1/4*g_(1,6_,nu15)*FT1*g_(1,q3)*g_(2,nu13)*FT2(g6)*cFT(nu9,XX,i2,
         iufo3)*cFT(g7,XX,iufo3,i3)/(d^3 + d^2 - 2*d)*flavourTag(fe,j11,j12)*
         Vec(nu9,q2)*Vec(nu13,q3)*Vec(nu15,q3)*p4.p4^2*d*xiw*xiz*ufoGC58^2*
         ufoGC76*ufoGC69
          - 1/4*g_(1,6_,nu15)*FT1*g_(1,q3)*g_(2,nu13)*FT2(g6)*cFT(nu9,XX,i2,
         iufo3)*cFT(g7,XX,iufo3,i3)/(d^3 + d^2 - 2*d)*flavourTag(fe,j11,j12)*
         Vec(nu9,q2)*Vec(nu13,q3)*Vec(nu15,q3)*p4.p4^2*xiw*xiz*ufoGC58^2*
         ufoGC76*ufoGC69
          + 1/4*g_(1,6_,nu15)*FT1*g_(1,q3)*g_(2,nu13)*FT2(g6)*cFT(nu9,XX,i2,
         iufo3)*cFT(g7,XX,iufo3,i3)/(d^3 + d^2 - 2*d)*flavourTag(fe,j11,j12)*
         Vec(nu9,q3)*Vec(nu13,q2)*Vec(nu15,q2)*p4.p4^2*d*xiw*xiz*ufoGC58^2*
         ufoGC76*ufoGC69
          - 1/4*g_(1,6_,nu15)*FT1*g_(1,q3)*g_(2,nu13)*FT2(g6)*cFT(nu9,XX,i2,
         iufo3)*cFT(g7,XX,iufo3,i3)/(d^3 + d^2 - 2*d)*flavourTag(fe,j11,j12)*
         Vec(nu9,q3)*Vec(nu13,q2)*Vec(nu15,q2)*p4.p4^2*xiw*xiz*ufoGC58^2*
         ufoGC76*ufoGC69
          + 1/4*g_(1,6_,nu15)*FT1*g_(1,q3)*g_(2,nu13)*FT2(g6)*cFT(nu9,XX,i2,
         iufo3)*cFT(g7,XX,iufo3,i3)/(d^3 + d^2 - 2*d)*flavourTag(fe,j11,j12)*
         Vec(nu9,q3)*Vec(nu13,q2)*Vec(nu15,q3)*p4.p4^2*d*xiw*xiz*ufoGC58^2*
         ufoGC76*ufoGC69
          - 1/4*g_(1,6_,nu15)*FT1*g_(1,q3)*g_(2,nu13)*FT2(g6)*cFT(nu9,XX,i2,
         iufo3)*cFT(g7,XX,iufo3,i3)/(d^3 + d^2 - 2*d)*flavourTag(fe,j11,j12)*
         Vec(nu9,q3)*Vec(nu13,q2)*Vec(nu15,q3)*p4.p4^2*xiw*xiz*ufoGC58^2*
         ufoGC76*ufoGC69
          + 1/4*g_(1,6_,nu15)*FT1*g_(1,q3)*g_(2,nu13)*FT2(g6)*cFT(nu9,XX,i2,
         iufo3)*cFT(g7,XX,iufo3,i3)/(d^3 + d^2 - 2*d)*flavourTag(fe,j11,j12)*
         Vec(nu9,q3)*Vec(nu13,q3)*Vec(nu15,q2)*p4.p4^2*d*xiw*xiz*ufoGC58^2*
         ufoGC76*ufoGC69
          - 1/4*g_(1,6_,nu15)*FT1*g_(1,q3)*g_(2,nu13)*FT2(g6)*cFT(nu9,XX,i2,
         iufo3)*cFT(g7,XX,iufo3,i3)/(d^3 + d^2 - 2*d)*flavourTag(fe,j11,j12)*
         Vec(nu9,q3)*Vec(nu13,q3)*Vec(nu15,q2)*p4.p4^2*xiw*xiz*ufoGC58^2*
         ufoGC76*ufoGC69
          + 1/4*g_(1,6_,nu15)*FT1*g_(1,q3)*g_(2,nu13)*FT2(g6)*cFT(nu9,XX,i2,
         iufo3)*cFT(g7,XX,iufo3,i3)/(d^3 + d^2 - 2*d)*flavourTag(fe,j11,j12)*
         Vec(nu9,q3)*Vec(nu13,q3)*Vec(nu15,q3)*p4.p4^2*d*xiw*xiz*ufoGC58^2*
         ufoGC76*ufoGC69
          - 1/4*g_(1,6_,nu15)*FT1*g_(1,q3)*g_(2,nu13)*FT2(g6)*cFT(nu9,XX,i2,
         iufo3)*cFT(g7,XX,iufo3,i3)/(d^3 + d^2 - 2*d)*flavourTag(fe,j11,j12)*
         Vec(nu9,q3)*Vec(nu13,q3)*Vec(nu15,q3)*p4.p4^2*xiw*xiz*ufoGC58^2*
         ufoGC76*ufoGC69
          )

       + Den(p4,xiw,M3)*Den(p4,xiz,M4)^2*Den(xiw,M3)^2 * (
          + 1/8*g_(1,6_,nu10)*FT1*g_(1,p4)*g_(2,6_,nu14)*cFT(nu9,XX,i2,iufo3)*
         cFT(g7,XX,iufo3,i3)*flavourTag(fe,j11,j12)*Vec(nu14,q2)*Vec(nu9,q2)*
         Vec(nu10,q2)*p4.p4*xiw*xiz*ufoGC58^2*ufoGC80*ufoGC69
          - 1/8*g_(1,6_,nu10)*FT1*g_(1,p4)*g_(2,6_,nu14)*cFT(nu9,XX,i2,iufo3)*
         cFT(g7,XX,iufo3,i3)*flavourTag(fe,j11,j12)*Vec(nu14,q2)*Vec(nu9,q2)*
         Vec(nu10,q2)*Vec(nu13,q2)^2*xiw*xiz*ufoGC58^2*ufoGC80*ufoGC69
          - 1/4*g_(1,6_,nu10)*FT1*g_(1,p4)*g_(2,6_,nu14)*cFT(nu9,XX,i2,iufo3)*
         cFT(g7,XX,iufo3,i3)*flavourTag(fe,j11,j12)*Vec(nu14,q2)*Vec(nu9,q2)*
         Vec(nu10,q2)*Vec(nu13,q2)*Vec(nu13,q3)*xiw*xiz*ufoGC58^2*ufoGC80*
         ufoGC69
          - 1/8*g_(1,6_,nu10)*FT1*g_(1,p4)*g_(2,6_,nu14)*cFT(nu9,XX,i2,iufo3)*
         cFT(g7,XX,iufo3,i3)*flavourTag(fe,j11,j12)*Vec(nu14,q2)*Vec(nu9,q2)*
         Vec(nu10,q2)*Vec(nu13,q3)^2*xiw*xiz*ufoGC58^2*ufoGC80*ufoGC69
          + 1/8*g_(1,6_,nu10)*FT1*g_(1,p4)*g_(2,6_,nu14)*cFT(nu9,XX,i2,iufo3)*
         cFT(g7,XX,iufo3,i3)*flavourTag(fe,j11,j12)*Vec(nu14,q2)*Vec(nu9,q2)*
         Vec(nu10,q3)*p4.p4*xiw*xiz*ufoGC58^2*ufoGC80*ufoGC69
          - 1/8*g_(1,6_,nu10)*FT1*g_(1,p4)*g_(2,6_,nu14)*cFT(nu9,XX,i2,iufo3)*
         cFT(g7,XX,iufo3,i3)*flavourTag(fe,j11,j12)*Vec(nu14,q2)*Vec(nu9,q2)*
         Vec(nu10,q3)*Vec(nu13,q2)^2*xiw*xiz*ufoGC58^2*ufoGC80*ufoGC69
          - 1/4*g_(1,6_,nu10)*FT1*g_(1,p4)*g_(2,6_,nu14)*cFT(nu9,XX,i2,iufo3)*
         cFT(g7,XX,iufo3,i3)*flavourTag(fe,j11,j12)*Vec(nu14,q2)*Vec(nu9,q2)*
         Vec(nu10,q3)*Vec(nu13,q2)*Vec(nu13,q3)*xiw*xiz*ufoGC58^2*ufoGC80*
         ufoGC69
          - 1/8*g_(1,6_,nu10)*FT1*g_(1,p4)*g_(2,6_,nu14)*cFT(nu9,XX,i2,iufo3)*
         cFT(g7,XX,iufo3,i3)*flavourTag(fe,j11,j12)*Vec(nu14,q2)*Vec(nu9,q2)*
         Vec(nu10,q3)*Vec(nu13,q3)^2*xiw*xiz*ufoGC58^2*ufoGC80*ufoGC69
          + 1/8*g_(1,6_,nu10)*FT1*g_(1,p4)*g_(2,6_,nu14)*cFT(nu9,XX,i2,iufo3)*
         cFT(g7,XX,iufo3,i3)*flavourTag(fe,j11,j12)*Vec(nu14,q2)*Vec(nu9,q3)*
         Vec(nu10,q2)*p4.p4*xiw*xiz*ufoGC58^2*ufoGC80*ufoGC69
          - 1/8*g_(1,6_,nu10)*FT1*g_(1,p4)*g_(2,6_,nu14)*cFT(nu9,XX,i2,iufo3)*
         cFT(g7,XX,iufo3,i3)*flavourTag(fe,j11,j12)*Vec(nu14,q2)*Vec(nu9,q3)*
         Vec(nu10,q2)*Vec(nu13,q2)^2*xiw*xiz*ufoGC58^2*ufoGC80*ufoGC69
          - 1/4*g_(1,6_,nu10)*FT1*g_(1,p4)*g_(2,6_,nu14)*cFT(nu9,XX,i2,iufo3)*
         cFT(g7,XX,iufo3,i3)*flavourTag(fe,j11,j12)*Vec(nu14,q2)*Vec(nu9,q3)*
         Vec(nu10,q2)*Vec(nu13,q2)*Vec(nu13,q3)*xiw*xiz*ufoGC58^2*ufoGC80*
         ufoGC69
          - 1/8*g_(1,6_,nu10)*FT1*g_(1,p4)*g_(2,6_,nu14)*cFT(nu9,XX,i2,iufo3)*
         cFT(g7,XX,iufo3,i3)*flavourTag(fe,j11,j12)*Vec(nu14,q2)*Vec(nu9,q3)*
         Vec(nu10,q2)*Vec(nu13,q3)^2*xiw*xiz*ufoGC58^2*ufoGC80*ufoGC69
          + 1/8*g_(1,6_,nu10)*FT1*g_(1,p4)*g_(2,6_,nu14)*cFT(nu9,XX,i2,iufo3)*
         cFT(g7,XX,iufo3,i3)*flavourTag(fe,j11,j12)*Vec(nu14,q2)*Vec(nu9,q3)*
         Vec(nu10,q3)*p4.p4*xiw*xiz*ufoGC58^2*ufoGC80*ufoGC69
          - 1/8*g_(1,6_,nu10)*FT1*g_(1,p4)*g_(2,6_,nu14)*cFT(nu9,XX,i2,iufo3)*
         cFT(g7,XX,iufo3,i3)*flavourTag(fe,j11,j12)*Vec(nu14,q2)*Vec(nu9,q3)*
         Vec(nu10,q3)*Vec(nu13,q2)^2*xiw*xiz*ufoGC58^2*ufoGC80*ufoGC69
          - 1/4*g_(1,6_,nu10)*FT1*g_(1,p4)*g_(2,6_,nu14)*cFT(nu9,XX,i2,iufo3)*
         cFT(g7,XX,iufo3,i3)*flavourTag(fe,j11,j12)*Vec(nu14,q2)*Vec(nu9,q3)*
         Vec(nu10,q3)*Vec(nu13,q2)*Vec(nu13,q3)*xiw*xiz*ufoGC58^2*ufoGC80*
         ufoGC69
          - 1/8*g_(1,6_,nu10)*FT1*g_(1,p4)*g_(2,6_,nu14)*cFT(nu9,XX,i2,iufo3)*
         cFT(g7,XX,iufo3,i3)*flavourTag(fe,j11,j12)*Vec(nu14,q2)*Vec(nu9,q3)*
         Vec(nu10,q3)*Vec(nu13,q3)^2*xiw*xiz*ufoGC58^2*ufoGC80*ufoGC69
          + 1/8*g_(1,6_,nu10)*FT1*g_(1,p4)*g_(2,6_,nu14)*cFT(nu9,XX,i2,iufo3)*
         cFT(g7,XX,iufo3,i3)*flavourTag(fe,j11,j12)*Vec(nu14,q3)*Vec(nu9,q2)*
         Vec(nu10,q2)*p4.p4*xiw*xiz*ufoGC58^2*ufoGC80*ufoGC69
          - 1/8*g_(1,6_,nu10)*FT1*g_(1,p4)*g_(2,6_,nu14)*cFT(nu9,XX,i2,iufo3)*
         cFT(g7,XX,iufo3,i3)*flavourTag(fe,j11,j12)*Vec(nu14,q3)*Vec(nu9,q2)*
         Vec(nu10,q2)*Vec(nu13,q2)^2*xiw*xiz*ufoGC58^2*ufoGC80*ufoGC69
          - 1/4*g_(1,6_,nu10)*FT1*g_(1,p4)*g_(2,6_,nu14)*cFT(nu9,XX,i2,iufo3)*
         cFT(g7,XX,iufo3,i3)*flavourTag(fe,j11,j12)*Vec(nu14,q3)*Vec(nu9,q2)*
         Vec(nu10,q2)*Vec(nu13,q2)*Vec(nu13,q3)*xiw*xiz*ufoGC58^2*ufoGC80*
         ufoGC69
          - 1/8*g_(1,6_,nu10)*FT1*g_(1,p4)*g_(2,6_,nu14)*cFT(nu9,XX,i2,iufo3)*
         cFT(g7,XX,iufo3,i3)*flavourTag(fe,j11,j12)*Vec(nu14,q3)*Vec(nu9,q2)*
         Vec(nu10,q2)*Vec(nu13,q3)^2*xiw*xiz*ufoGC58^2*ufoGC80*ufoGC69
          + 1/8*g_(1,6_,nu10)*FT1*g_(1,p4)*g_(2,6_,nu14)*cFT(nu9,XX,i2,iufo3)*
         cFT(g7,XX,iufo3,i3)*flavourTag(fe,j11,j12)*Vec(nu14,q3)*Vec(nu9,q2)*
         Vec(nu10,q3)*p4.p4*xiw*xiz*ufoGC58^2*ufoGC80*ufoGC69
          - 1/8*g_(1,6_,nu10)*FT1*g_(1,p4)*g_(2,6_,nu14)*cFT(nu9,XX,i2,iufo3)*
         cFT(g7,XX,iufo3,i3)*flavourTag(fe,j11,j12)*Vec(nu14,q3)*Vec(nu9,q2)*
         Vec(nu10,q3)*Vec(nu13,q2)^2*xiw*xiz*ufoGC58^2*ufoGC80*ufoGC69
          - 1/4*g_(1,6_,nu10)*FT1*g_(1,p4)*g_(2,6_,nu14)*cFT(nu9,XX,i2,iufo3)*
         cFT(g7,XX,iufo3,i3)*flavourTag(fe,j11,j12)*Vec(nu14,q3)*Vec(nu9,q2)*
         Vec(nu10,q3)*Vec(nu13,q2)*Vec(nu13,q3)*xiw*xiz*ufoGC58^2*ufoGC80*
         ufoGC69
          - 1/8*g_(1,6_,nu10)*FT1*g_(1,p4)*g_(2,6_,nu14)*cFT(nu9,XX,i2,iufo3)*
         cFT(g7,XX,iufo3,i3)*flavourTag(fe,j11,j12)*Vec(nu14,q3)*Vec(nu9,q2)*
         Vec(nu10,q3)*Vec(nu13,q3)^2*xiw*xiz*ufoGC58^2*ufoGC80*ufoGC69
          + 1/8*g_(1,6_,nu10)*FT1*g_(1,p4)*g_(2,6_,nu14)*cFT(nu9,XX,i2,iufo3)*
         cFT(g7,XX,iufo3,i3)*flavourTag(fe,j11,j12)*Vec(nu14,q3)*Vec(nu9,q3)*
         Vec(nu10,q2)*p4.p4*xiw*xiz*ufoGC58^2*ufoGC80*ufoGC69
          - 1/8*g_(1,6_,nu10)*FT1*g_(1,p4)*g_(2,6_,nu14)*cFT(nu9,XX,i2,iufo3)*
         cFT(g7,XX,iufo3,i3)*flavourTag(fe,j11,j12)*Vec(nu14,q3)*Vec(nu9,q3)*
         Vec(nu10,q2)*Vec(nu13,q2)^2*xiw*xiz*ufoGC58^2*ufoGC80*ufoGC69
          - 1/4*g_(1,6_,nu10)*FT1*g_(1,p4)*g_(2,6_,nu14)*cFT(nu9,XX,i2,iufo3)*
         cFT(g7,XX,iufo3,i3)*flavourTag(fe,j11,j12)*Vec(nu14,q3)*Vec(nu9,q3)*
         Vec(nu10,q2)*Vec(nu13,q2)*Vec(nu13,q3)*xiw*xiz*ufoGC58^2*ufoGC80*
         ufoGC69
          - 1/8*g_(1,6_,nu10)*FT1*g_(1,p4)*g_(2,6_,nu14)*cFT(nu9,XX,i2,iufo3)*
         cFT(g7,XX,iufo3,i3)*flavourTag(fe,j11,j12)*Vec(nu14,q3)*Vec(nu9,q3)*
         Vec(nu10,q2)*Vec(nu13,q3)^2*xiw*xiz*ufoGC58^2*ufoGC80*ufoGC69
          + 1/8*g_(1,6_,nu10)*FT1*g_(1,p4)*g_(2,6_,nu14)*cFT(nu9,XX,i2,iufo3)*
         cFT(g7,XX,iufo3,i3)*flavourTag(fe,j11,j12)*Vec(nu14,q3)*Vec(nu9,q3)*
         Vec(nu10,q3)*p4.p4*xiw*xiz*ufoGC58^2*ufoGC80*ufoGC69
          - 1/8*g_(1,6_,nu10)*FT1*g_(1,p4)*g_(2,6_,nu14)*cFT(nu9,XX,i2,iufo3)*
         cFT(g7,XX,iufo3,i3)*flavourTag(fe,j11,j12)*Vec(nu14,q3)*Vec(nu9,q3)*
         Vec(nu10,q3)*Vec(nu13,q2)^2*xiw*xiz*ufoGC58^2*ufoGC80*ufoGC69
          - 1/4*g_(1,6_,nu10)*FT1*g_(1,p4)*g_(2,6_,nu14)*cFT(nu9,XX,i2,iufo3)*
         cFT(g7,XX,iufo3,i3)*flavourTag(fe,j11,j12)*Vec(nu14,q3)*Vec(nu9,q3)*
         Vec(nu10,q3)*Vec(nu13,q2)*Vec(nu13,q3)*xiw*xiz*ufoGC58^2*ufoGC80*
         ufoGC69
          - 1/8*g_(1,6_,nu10)*FT1*g_(1,p4)*g_(2,6_,nu14)*cFT(nu9,XX,i2,iufo3)*
         cFT(g7,XX,iufo3,i3)*flavourTag(fe,j11,j12)*Vec(nu14,q3)*Vec(nu9,q3)*
         Vec(nu10,q3)*Vec(nu13,q3)^2*xiw*xiz*ufoGC58^2*ufoGC80*ufoGC69
          + 1/8*g_(1,6_,nu10)*FT1*g_(1,p4)*g_(2,nu14)*FT2(g6)*cFT(nu9,XX,i2,
         iufo3)*cFT(g7,XX,iufo3,i3)*flavourTag(fe,j11,j12)*Vec(nu14,q2)*Vec(
         nu9,q2)*Vec(nu10,q2)*p4.p4*xiw*xiz*ufoGC58^2*ufoGC76*ufoGC69
          - 1/8*g_(1,6_,nu10)*FT1*g_(1,p4)*g_(2,nu14)*FT2(g6)*cFT(nu9,XX,i2,
         iufo3)*cFT(g7,XX,iufo3,i3)*flavourTag(fe,j11,j12)*Vec(nu14,q2)*Vec(
         nu9,q2)*Vec(nu10,q2)*Vec(nu13,q2)^2*xiw*xiz*ufoGC58^2*ufoGC76*ufoGC69
          - 1/4*g_(1,6_,nu10)*FT1*g_(1,p4)*g_(2,nu14)*FT2(g6)*cFT(nu9,XX,i2,
         iufo3)*cFT(g7,XX,iufo3,i3)*flavourTag(fe,j11,j12)*Vec(nu14,q2)*Vec(
         nu9,q2)*Vec(nu10,q2)*Vec(nu13,q2)*Vec(nu13,q3)*xiw*xiz*ufoGC58^2*
         ufoGC76*ufoGC69
          - 1/8*g_(1,6_,nu10)*FT1*g_(1,p4)*g_(2,nu14)*FT2(g6)*cFT(nu9,XX,i2,
         iufo3)*cFT(g7,XX,iufo3,i3)*flavourTag(fe,j11,j12)*Vec(nu14,q2)*Vec(
         nu9,q2)*Vec(nu10,q2)*Vec(nu13,q3)^2*xiw*xiz*ufoGC58^2*ufoGC76*ufoGC69
          + 1/8*g_(1,6_,nu10)*FT1*g_(1,p4)*g_(2,nu14)*FT2(g6)*cFT(nu9,XX,i2,
         iufo3)*cFT(g7,XX,iufo3,i3)*flavourTag(fe,j11,j12)*Vec(nu14,q2)*Vec(
         nu9,q2)*Vec(nu10,q3)*p4.p4*xiw*xiz*ufoGC58^2*ufoGC76*ufoGC69
          - 1/8*g_(1,6_,nu10)*FT1*g_(1,p4)*g_(2,nu14)*FT2(g6)*cFT(nu9,XX,i2,
         iufo3)*cFT(g7,XX,iufo3,i3)*flavourTag(fe,j11,j12)*Vec(nu14,q2)*Vec(
         nu9,q2)*Vec(nu10,q3)*Vec(nu13,q2)^2*xiw*xiz*ufoGC58^2*ufoGC76*ufoGC69
          - 1/4*g_(1,6_,nu10)*FT1*g_(1,p4)*g_(2,nu14)*FT2(g6)*cFT(nu9,XX,i2,
         iufo3)*cFT(g7,XX,iufo3,i3)*flavourTag(fe,j11,j12)*Vec(nu14,q2)*Vec(
         nu9,q2)*Vec(nu10,q3)*Vec(nu13,q2)*Vec(nu13,q3)*xiw*xiz*ufoGC58^2*
         ufoGC76*ufoGC69
          - 1/8*g_(1,6_,nu10)*FT1*g_(1,p4)*g_(2,nu14)*FT2(g6)*cFT(nu9,XX,i2,
         iufo3)*cFT(g7,XX,iufo3,i3)*flavourTag(fe,j11,j12)*Vec(nu14,q2)*Vec(
         nu9,q2)*Vec(nu10,q3)*Vec(nu13,q3)^2*xiw*xiz*ufoGC58^2*ufoGC76*ufoGC69
          + 1/8*g_(1,6_,nu10)*FT1*g_(1,p4)*g_(2,nu14)*FT2(g6)*cFT(nu9,XX,i2,
         iufo3)*cFT(g7,XX,iufo3,i3)*flavourTag(fe,j11,j12)*Vec(nu14,q2)*Vec(
         nu9,q3)*Vec(nu10,q2)*p4.p4*xiw*xiz*ufoGC58^2*ufoGC76*ufoGC69
          - 1/8*g_(1,6_,nu10)*FT1*g_(1,p4)*g_(2,nu14)*FT2(g6)*cFT(nu9,XX,i2,
         iufo3)*cFT(g7,XX,iufo3,i3)*flavourTag(fe,j11,j12)*Vec(nu14,q2)*Vec(
         nu9,q3)*Vec(nu10,q2)*Vec(nu13,q2)^2*xiw*xiz*ufoGC58^2*ufoGC76*ufoGC69
          - 1/4*g_(1,6_,nu10)*FT1*g_(1,p4)*g_(2,nu14)*FT2(g6)*cFT(nu9,XX,i2,
         iufo3)*cFT(g7,XX,iufo3,i3)*flavourTag(fe,j11,j12)*Vec(nu14,q2)*Vec(
         nu9,q3)*Vec(nu10,q2)*Vec(nu13,q2)*Vec(nu13,q3)*xiw*xiz*ufoGC58^2*
         ufoGC76*ufoGC69
          - 1/8*g_(1,6_,nu10)*FT1*g_(1,p4)*g_(2,nu14)*FT2(g6)*cFT(nu9,XX,i2,
         iufo3)*cFT(g7,XX,iufo3,i3)*flavourTag(fe,j11,j12)*Vec(nu14,q2)*Vec(
         nu9,q3)*Vec(nu10,q2)*Vec(nu13,q3)^2*xiw*xiz*ufoGC58^2*ufoGC76*ufoGC69
          + 1/8*g_(1,6_,nu10)*FT1*g_(1,p4)*g_(2,nu14)*FT2(g6)*cFT(nu9,XX,i2,
         iufo3)*cFT(g7,XX,iufo3,i3)*flavourTag(fe,j11,j12)*Vec(nu14,q2)*Vec(
         nu9,q3)*Vec(nu10,q3)*p4.p4*xiw*xiz*ufoGC58^2*ufoGC76*ufoGC69
          - 1/8*g_(1,6_,nu10)*FT1*g_(1,p4)*g_(2,nu14)*FT2(g6)*cFT(nu9,XX,i2,
         iufo3)*cFT(g7,XX,iufo3,i3)*flavourTag(fe,j11,j12)*Vec(nu14,q2)*Vec(
         nu9,q3)*Vec(nu10,q3)*Vec(nu13,q2)^2*xiw*xiz*ufoGC58^2*ufoGC76*ufoGC69
          - 1/4*g_(1,6_,nu10)*FT1*g_(1,p4)*g_(2,nu14)*FT2(g6)*cFT(nu9,XX,i2,
         iufo3)*cFT(g7,XX,iufo3,i3)*flavourTag(fe,j11,j12)*Vec(nu14,q2)*Vec(
         nu9,q3)*Vec(nu10,q3)*Vec(nu13,q2)*Vec(nu13,q3)*xiw*xiz*ufoGC58^2*
         ufoGC76*ufoGC69
          - 1/8*g_(1,6_,nu10)*FT1*g_(1,p4)*g_(2,nu14)*FT2(g6)*cFT(nu9,XX,i2,
         iufo3)*cFT(g7,XX,iufo3,i3)*flavourTag(fe,j11,j12)*Vec(nu14,q2)*Vec(
         nu9,q3)*Vec(nu10,q3)*Vec(nu13,q3)^2*xiw*xiz*ufoGC58^2*ufoGC76*ufoGC69
          + 1/8*g_(1,6_,nu10)*FT1*g_(1,p4)*g_(2,nu14)*FT2(g6)*cFT(nu9,XX,i2,
         iufo3)*cFT(g7,XX,iufo3,i3)*flavourTag(fe,j11,j12)*Vec(nu14,q3)*Vec(
         nu9,q2)*Vec(nu10,q2)*p4.p4*xiw*xiz*ufoGC58^2*ufoGC76*ufoGC69
          - 1/8*g_(1,6_,nu10)*FT1*g_(1,p4)*g_(2,nu14)*FT2(g6)*cFT(nu9,XX,i2,
         iufo3)*cFT(g7,XX,iufo3,i3)*flavourTag(fe,j11,j12)*Vec(nu14,q3)*Vec(
         nu9,q2)*Vec(nu10,q2)*Vec(nu13,q2)^2*xiw*xiz*ufoGC58^2*ufoGC76*ufoGC69
          - 1/4*g_(1,6_,nu10)*FT1*g_(1,p4)*g_(2,nu14)*FT2(g6)*cFT(nu9,XX,i2,
         iufo3)*cFT(g7,XX,iufo3,i3)*flavourTag(fe,j11,j12)*Vec(nu14,q3)*Vec(
         nu9,q2)*Vec(nu10,q2)*Vec(nu13,q2)*Vec(nu13,q3)*xiw*xiz*ufoGC58^2*
         ufoGC76*ufoGC69
          - 1/8*g_(1,6_,nu10)*FT1*g_(1,p4)*g_(2,nu14)*FT2(g6)*cFT(nu9,XX,i2,
         iufo3)*cFT(g7,XX,iufo3,i3)*flavourTag(fe,j11,j12)*Vec(nu14,q3)*Vec(
         nu9,q2)*Vec(nu10,q2)*Vec(nu13,q3)^2*xiw*xiz*ufoGC58^2*ufoGC76*ufoGC69
          + 1/8*g_(1,6_,nu10)*FT1*g_(1,p4)*g_(2,nu14)*FT2(g6)*cFT(nu9,XX,i2,
         iufo3)*cFT(g7,XX,iufo3,i3)*flavourTag(fe,j11,j12)*Vec(nu14,q3)*Vec(
         nu9,q2)*Vec(nu10,q3)*p4.p4*xiw*xiz*ufoGC58^2*ufoGC76*ufoGC69
          - 1/8*g_(1,6_,nu10)*FT1*g_(1,p4)*g_(2,nu14)*FT2(g6)*cFT(nu9,XX,i2,
         iufo3)*cFT(g7,XX,iufo3,i3)*flavourTag(fe,j11,j12)*Vec(nu14,q3)*Vec(
         nu9,q2)*Vec(nu10,q3)*Vec(nu13,q2)^2*xiw*xiz*ufoGC58^2*ufoGC76*ufoGC69
          - 1/4*g_(1,6_,nu10)*FT1*g_(1,p4)*g_(2,nu14)*FT2(g6)*cFT(nu9,XX,i2,
         iufo3)*cFT(g7,XX,iufo3,i3)*flavourTag(fe,j11,j12)*Vec(nu14,q3)*Vec(
         nu9,q2)*Vec(nu10,q3)*Vec(nu13,q2)*Vec(nu13,q3)*xiw*xiz*ufoGC58^2*
         ufoGC76*ufoGC69
          - 1/8*g_(1,6_,nu10)*FT1*g_(1,p4)*g_(2,nu14)*FT2(g6)*cFT(nu9,XX,i2,
         iufo3)*cFT(g7,XX,iufo3,i3)*flavourTag(fe,j11,j12)*Vec(nu14,q3)*Vec(
         nu9,q2)*Vec(nu10,q3)*Vec(nu13,q3)^2*xiw*xiz*ufoGC58^2*ufoGC76*ufoGC69
          + 1/8*g_(1,6_,nu10)*FT1*g_(1,p4)*g_(2,nu14)*FT2(g6)*cFT(nu9,XX,i2,
         iufo3)*cFT(g7,XX,iufo3,i3)*flavourTag(fe,j11,j12)*Vec(nu14,q3)*Vec(
         nu9,q3)*Vec(nu10,q2)*p4.p4*xiw*xiz*ufoGC58^2*ufoGC76*ufoGC69
          - 1/8*g_(1,6_,nu10)*FT1*g_(1,p4)*g_(2,nu14)*FT2(g6)*cFT(nu9,XX,i2,
         iufo3)*cFT(g7,XX,iufo3,i3)*flavourTag(fe,j11,j12)*Vec(nu14,q3)*Vec(
         nu9,q3)*Vec(nu10,q2)*Vec(nu13,q2)^2*xiw*xiz*ufoGC58^2*ufoGC76*ufoGC69
          - 1/4*g_(1,6_,nu10)*FT1*g_(1,p4)*g_(2,nu14)*FT2(g6)*cFT(nu9,XX,i2,
         iufo3)*cFT(g7,XX,iufo3,i3)*flavourTag(fe,j11,j12)*Vec(nu14,q3)*Vec(
         nu9,q3)*Vec(nu10,q2)*Vec(nu13,q2)*Vec(nu13,q3)*xiw*xiz*ufoGC58^2*
         ufoGC76*ufoGC69
          - 1/8*g_(1,6_,nu10)*FT1*g_(1,p4)*g_(2,nu14)*FT2(g6)*cFT(nu9,XX,i2,
         iufo3)*cFT(g7,XX,iufo3,i3)*flavourTag(fe,j11,j12)*Vec(nu14,q3)*Vec(
         nu9,q3)*Vec(nu10,q2)*Vec(nu13,q3)^2*xiw*xiz*ufoGC58^2*ufoGC76*ufoGC69
          + 1/8*g_(1,6_,nu10)*FT1*g_(1,p4)*g_(2,nu14)*FT2(g6)*cFT(nu9,XX,i2,
         iufo3)*cFT(g7,XX,iufo3,i3)*flavourTag(fe,j11,j12)*Vec(nu14,q3)*Vec(
         nu9,q3)*Vec(nu10,q3)*p4.p4*xiw*xiz*ufoGC58^2*ufoGC76*ufoGC69
          - 1/8*g_(1,6_,nu10)*FT1*g_(1,p4)*g_(2,nu14)*FT2(g6)*cFT(nu9,XX,i2,
         iufo3)*cFT(g7,XX,iufo3,i3)*flavourTag(fe,j11,j12)*Vec(nu14,q3)*Vec(
         nu9,q3)*Vec(nu10,q3)*Vec(nu13,q2)^2*xiw*xiz*ufoGC58^2*ufoGC76*ufoGC69
          - 1/4*g_(1,6_,nu10)*FT1*g_(1,p4)*g_(2,nu14)*FT2(g6)*cFT(nu9,XX,i2,
         iufo3)*cFT(g7,XX,iufo3,i3)*flavourTag(fe,j11,j12)*Vec(nu14,q3)*Vec(
         nu9,q3)*Vec(nu10,q3)*Vec(nu13,q2)*Vec(nu13,q3)*xiw*xiz*ufoGC58^2*
         ufoGC76*ufoGC69
          - 1/8*g_(1,6_,nu10)*FT1*g_(1,p4)*g_(2,nu14)*FT2(g6)*cFT(nu9,XX,i2,
         iufo3)*cFT(g7,XX,iufo3,i3)*flavourTag(fe,j11,j12)*Vec(nu14,q3)*Vec(
         nu9,q3)*Vec(nu10,q3)*Vec(nu13,q3)^2*xiw*xiz*ufoGC58^2*ufoGC76*ufoGC69
          - 1/8*g_(1,6_,nu10)*FT1*g_(1,q1)*g_(2,6_,nu14)*cFT(nu9,XX,i2,iufo3)*
         cFT(g7,XX,iufo3,i3)*flavourTag(fe,j11,j12)*Vec(nu14,q2)*Vec(nu9,q2)*
         Vec(nu10,q2)*p4.p4*xiw*xiz*ufoGC58^2*ufoGC80*ufoGC69
          + 1/8*g_(1,6_,nu10)*FT1*g_(1,q1)*g_(2,6_,nu14)*cFT(nu9,XX,i2,iufo3)*
         cFT(g7,XX,iufo3,i3)*flavourTag(fe,j11,j12)*Vec(nu14,q2)*Vec(nu9,q2)*
         Vec(nu10,q2)*Vec(nu13,q2)^2*xiw*xiz*ufoGC58^2*ufoGC80*ufoGC69
          + 1/4*g_(1,6_,nu10)*FT1*g_(1,q1)*g_(2,6_,nu14)*cFT(nu9,XX,i2,iufo3)*
         cFT(g7,XX,iufo3,i3)*flavourTag(fe,j11,j12)*Vec(nu14,q2)*Vec(nu9,q2)*
         Vec(nu10,q2)*Vec(nu13,q2)*Vec(nu13,q3)*xiw*xiz*ufoGC58^2*ufoGC80*
         ufoGC69
          + 1/8*g_(1,6_,nu10)*FT1*g_(1,q1)*g_(2,6_,nu14)*cFT(nu9,XX,i2,iufo3)*
         cFT(g7,XX,iufo3,i3)*flavourTag(fe,j11,j12)*Vec(nu14,q2)*Vec(nu9,q2)*
         Vec(nu10,q2)*Vec(nu13,q3)^2*xiw*xiz*ufoGC58^2*ufoGC80*ufoGC69
          - 1/8*g_(1,6_,nu10)*FT1*g_(1,q1)*g_(2,6_,nu14)*cFT(nu9,XX,i2,iufo3)*
         cFT(g7,XX,iufo3,i3)*flavourTag(fe,j11,j12)*Vec(nu14,q2)*Vec(nu9,q2)*
         Vec(nu10,q3)*p4.p4*xiw*xiz*ufoGC58^2*ufoGC80*ufoGC69
          + 1/8*g_(1,6_,nu10)*FT1*g_(1,q1)*g_(2,6_,nu14)*cFT(nu9,XX,i2,iufo3)*
         cFT(g7,XX,iufo3,i3)*flavourTag(fe,j11,j12)*Vec(nu14,q2)*Vec(nu9,q2)*
         Vec(nu10,q3)*Vec(nu13,q2)^2*xiw*xiz*ufoGC58^2*ufoGC80*ufoGC69
          + 1/4*g_(1,6_,nu10)*FT1*g_(1,q1)*g_(2,6_,nu14)*cFT(nu9,XX,i2,iufo3)*
         cFT(g7,XX,iufo3,i3)*flavourTag(fe,j11,j12)*Vec(nu14,q2)*Vec(nu9,q2)*
         Vec(nu10,q3)*Vec(nu13,q2)*Vec(nu13,q3)*xiw*xiz*ufoGC58^2*ufoGC80*
         ufoGC69
          + 1/8*g_(1,6_,nu10)*FT1*g_(1,q1)*g_(2,6_,nu14)*cFT(nu9,XX,i2,iufo3)*
         cFT(g7,XX,iufo3,i3)*flavourTag(fe,j11,j12)*Vec(nu14,q2)*Vec(nu9,q2)*
         Vec(nu10,q3)*Vec(nu13,q3)^2*xiw*xiz*ufoGC58^2*ufoGC80*ufoGC69
          - 1/8*g_(1,6_,nu10)*FT1*g_(1,q1)*g_(2,6_,nu14)*cFT(nu9,XX,i2,iufo3)*
         cFT(g7,XX,iufo3,i3)*flavourTag(fe,j11,j12)*Vec(nu14,q2)*Vec(nu9,q3)*
         Vec(nu10,q2)*p4.p4*xiw*xiz*ufoGC58^2*ufoGC80*ufoGC69
          + 1/8*g_(1,6_,nu10)*FT1*g_(1,q1)*g_(2,6_,nu14)*cFT(nu9,XX,i2,iufo3)*
         cFT(g7,XX,iufo3,i3)*flavourTag(fe,j11,j12)*Vec(nu14,q2)*Vec(nu9,q3)*
         Vec(nu10,q2)*Vec(nu13,q2)^2*xiw*xiz*ufoGC58^2*ufoGC80*ufoGC69
          + 1/4*g_(1,6_,nu10)*FT1*g_(1,q1)*g_(2,6_,nu14)*cFT(nu9,XX,i2,iufo3)*
         cFT(g7,XX,iufo3,i3)*flavourTag(fe,j11,j12)*Vec(nu14,q2)*Vec(nu9,q3)*
         Vec(nu10,q2)*Vec(nu13,q2)*Vec(nu13,q3)*xiw*xiz*ufoGC58^2*ufoGC80*
         ufoGC69
          + 1/8*g_(1,6_,nu10)*FT1*g_(1,q1)*g_(2,6_,nu14)*cFT(nu9,XX,i2,iufo3)*
         cFT(g7,XX,iufo3,i3)*flavourTag(fe,j11,j12)*Vec(nu14,q2)*Vec(nu9,q3)*
         Vec(nu10,q2)*Vec(nu13,q3)^2*xiw*xiz*ufoGC58^2*ufoGC80*ufoGC69
          - 1/8*g_(1,6_,nu10)*FT1*g_(1,q1)*g_(2,6_,nu14)*cFT(nu9,XX,i2,iufo3)*
         cFT(g7,XX,iufo3,i3)*flavourTag(fe,j11,j12)*Vec(nu14,q2)*Vec(nu9,q3)*
         Vec(nu10,q3)*p4.p4*xiw*xiz*ufoGC58^2*ufoGC80*ufoGC69
          + 1/8*g_(1,6_,nu10)*FT1*g_(1,q1)*g_(2,6_,nu14)*cFT(nu9,XX,i2,iufo3)*
         cFT(g7,XX,iufo3,i3)*flavourTag(fe,j11,j12)*Vec(nu14,q2)*Vec(nu9,q3)*
         Vec(nu10,q3)*Vec(nu13,q2)^2*xiw*xiz*ufoGC58^2*ufoGC80*ufoGC69
          + 1/4*g_(1,6_,nu10)*FT1*g_(1,q1)*g_(2,6_,nu14)*cFT(nu9,XX,i2,iufo3)*
         cFT(g7,XX,iufo3,i3)*flavourTag(fe,j11,j12)*Vec(nu14,q2)*Vec(nu9,q3)*
         Vec(nu10,q3)*Vec(nu13,q2)*Vec(nu13,q3)*xiw*xiz*ufoGC58^2*ufoGC80*
         ufoGC69
          + 1/8*g_(1,6_,nu10)*FT1*g_(1,q1)*g_(2,6_,nu14)*cFT(nu9,XX,i2,iufo3)*
         cFT(g7,XX,iufo3,i3)*flavourTag(fe,j11,j12)*Vec(nu14,q2)*Vec(nu9,q3)*
         Vec(nu10,q3)*Vec(nu13,q3)^2*xiw*xiz*ufoGC58^2*ufoGC80*ufoGC69
          - 1/8*g_(1,6_,nu10)*FT1*g_(1,q1)*g_(2,6_,nu14)*cFT(nu9,XX,i2,iufo3)*
         cFT(g7,XX,iufo3,i3)*flavourTag(fe,j11,j12)*Vec(nu14,q3)*Vec(nu9,q2)*
         Vec(nu10,q2)*p4.p4*xiw*xiz*ufoGC58^2*ufoGC80*ufoGC69
          + 1/8*g_(1,6_,nu10)*FT1*g_(1,q1)*g_(2,6_,nu14)*cFT(nu9,XX,i2,iufo3)*
         cFT(g7,XX,iufo3,i3)*flavourTag(fe,j11,j12)*Vec(nu14,q3)*Vec(nu9,q2)*
         Vec(nu10,q2)*Vec(nu13,q2)^2*xiw*xiz*ufoGC58^2*ufoGC80*ufoGC69
          + 1/4*g_(1,6_,nu10)*FT1*g_(1,q1)*g_(2,6_,nu14)*cFT(nu9,XX,i2,iufo3)*
         cFT(g7,XX,iufo3,i3)*flavourTag(fe,j11,j12)*Vec(nu14,q3)*Vec(nu9,q2)*
         Vec(nu10,q2)*Vec(nu13,q2)*Vec(nu13,q3)*xiw*xiz*ufoGC58^2*ufoGC80*
         ufoGC69
          + 1/8*g_(1,6_,nu10)*FT1*g_(1,q1)*g_(2,6_,nu14)*cFT(nu9,XX,i2,iufo3)*
         cFT(g7,XX,iufo3,i3)*flavourTag(fe,j11,j12)*Vec(nu14,q3)*Vec(nu9,q2)*
         Vec(nu10,q2)*Vec(nu13,q3)^2*xiw*xiz*ufoGC58^2*ufoGC80*ufoGC69
          - 1/8*g_(1,6_,nu10)*FT1*g_(1,q1)*g_(2,6_,nu14)*cFT(nu9,XX,i2,iufo3)*
         cFT(g7,XX,iufo3,i3)*flavourTag(fe,j11,j12)*Vec(nu14,q3)*Vec(nu9,q2)*
         Vec(nu10,q3)*p4.p4*xiw*xiz*ufoGC58^2*ufoGC80*ufoGC69
          + 1/8*g_(1,6_,nu10)*FT1*g_(1,q1)*g_(2,6_,nu14)*cFT(nu9,XX,i2,iufo3)*
         cFT(g7,XX,iufo3,i3)*flavourTag(fe,j11,j12)*Vec(nu14,q3)*Vec(nu9,q2)*
         Vec(nu10,q3)*Vec(nu13,q2)^2*xiw*xiz*ufoGC58^2*ufoGC80*ufoGC69
          + 1/4*g_(1,6_,nu10)*FT1*g_(1,q1)*g_(2,6_,nu14)*cFT(nu9,XX,i2,iufo3)*
         cFT(g7,XX,iufo3,i3)*flavourTag(fe,j11,j12)*Vec(nu14,q3)*Vec(nu9,q2)*
         Vec(nu10,q3)*Vec(nu13,q2)*Vec(nu13,q3)*xiw*xiz*ufoGC58^2*ufoGC80*
         ufoGC69
          + 1/8*g_(1,6_,nu10)*FT1*g_(1,q1)*g_(2,6_,nu14)*cFT(nu9,XX,i2,iufo3)*
         cFT(g7,XX,iufo3,i3)*flavourTag(fe,j11,j12)*Vec(nu14,q3)*Vec(nu9,q2)*
         Vec(nu10,q3)*Vec(nu13,q3)^2*xiw*xiz*ufoGC58^2*ufoGC80*ufoGC69
          - 1/8*g_(1,6_,nu10)*FT1*g_(1,q1)*g_(2,6_,nu14)*cFT(nu9,XX,i2,iufo3)*
         cFT(g7,XX,iufo3,i3)*flavourTag(fe,j11,j12)*Vec(nu14,q3)*Vec(nu9,q3)*
         Vec(nu10,q2)*p4.p4*xiw*xiz*ufoGC58^2*ufoGC80*ufoGC69
          + 1/8*g_(1,6_,nu10)*FT1*g_(1,q1)*g_(2,6_,nu14)*cFT(nu9,XX,i2,iufo3)*
         cFT(g7,XX,iufo3,i3)*flavourTag(fe,j11,j12)*Vec(nu14,q3)*Vec(nu9,q3)*
         Vec(nu10,q2)*Vec(nu13,q2)^2*xiw*xiz*ufoGC58^2*ufoGC80*ufoGC69
          + 1/4*g_(1,6_,nu10)*FT1*g_(1,q1)*g_(2,6_,nu14)*cFT(nu9,XX,i2,iufo3)*
         cFT(g7,XX,iufo3,i3)*flavourTag(fe,j11,j12)*Vec(nu14,q3)*Vec(nu9,q3)*
         Vec(nu10,q2)*Vec(nu13,q2)*Vec(nu13,q3)*xiw*xiz*ufoGC58^2*ufoGC80*
         ufoGC69
          + 1/8*g_(1,6_,nu10)*FT1*g_(1,q1)*g_(2,6_,nu14)*cFT(nu9,XX,i2,iufo3)*
         cFT(g7,XX,iufo3,i3)*flavourTag(fe,j11,j12)*Vec(nu14,q3)*Vec(nu9,q3)*
         Vec(nu10,q2)*Vec(nu13,q3)^2*xiw*xiz*ufoGC58^2*ufoGC80*ufoGC69
          - 1/8*g_(1,6_,nu10)*FT1*g_(1,q1)*g_(2,6_,nu14)*cFT(nu9,XX,i2,iufo3)*
         cFT(g7,XX,iufo3,i3)*flavourTag(fe,j11,j12)*Vec(nu14,q3)*Vec(nu9,q3)*
         Vec(nu10,q3)*p4.p4*xiw*xiz*ufoGC58^2*ufoGC80*ufoGC69
          + 1/8*g_(1,6_,nu10)*FT1*g_(1,q1)*g_(2,6_,nu14)*cFT(nu9,XX,i2,iufo3)*
         cFT(g7,XX,iufo3,i3)*flavourTag(fe,j11,j12)*Vec(nu14,q3)*Vec(nu9,q3)*
         Vec(nu10,q3)*Vec(nu13,q2)^2*xiw*xiz*ufoGC58^2*ufoGC80*ufoGC69
          + 1/4*g_(1,6_,nu10)*FT1*g_(1,q1)*g_(2,6_,nu14)*cFT(nu9,XX,i2,iufo3)*
         cFT(g7,XX,iufo3,i3)*flavourTag(fe,j11,j12)*Vec(nu14,q3)*Vec(nu9,q3)*
         Vec(nu10,q3)*Vec(nu13,q2)*Vec(nu13,q3)*xiw*xiz*ufoGC58^2*ufoGC80*
         ufoGC69
          + 1/8*g_(1,6_,nu10)*FT1*g_(1,q1)*g_(2,6_,nu14)*cFT(nu9,XX,i2,iufo3)*
         cFT(g7,XX,iufo3,i3)*flavourTag(fe,j11,j12)*Vec(nu14,q3)*Vec(nu9,q3)*
         Vec(nu10,q3)*Vec(nu13,q3)^2*xiw*xiz*ufoGC58^2*ufoGC80*ufoGC69
          - 1/8*g_(1,6_,nu10)*FT1*g_(1,q1)*g_(2,nu14)*FT2(g6)*cFT(nu9,XX,i2,
         iufo3)*cFT(g7,XX,iufo3,i3)*flavourTag(fe,j11,j12)*Vec(nu14,q2)*Vec(
         nu9,q2)*Vec(nu10,q2)*p4.p4*xiw*xiz*ufoGC58^2*ufoGC76*ufoGC69
          + 1/8*g_(1,6_,nu10)*FT1*g_(1,q1)*g_(2,nu14)*FT2(g6)*cFT(nu9,XX,i2,
         iufo3)*cFT(g7,XX,iufo3,i3)*flavourTag(fe,j11,j12)*Vec(nu14,q2)*Vec(
         nu9,q2)*Vec(nu10,q2)*Vec(nu13,q2)^2*xiw*xiz*ufoGC58^2*ufoGC76*ufoGC69
          + 1/4*g_(1,6_,nu10)*FT1*g_(1,q1)*g_(2,nu14)*FT2(g6)*cFT(nu9,XX,i2,
         iufo3)*cFT(g7,XX,iufo3,i3)*flavourTag(fe,j11,j12)*Vec(nu14,q2)*Vec(
         nu9,q2)*Vec(nu10,q2)*Vec(nu13,q2)*Vec(nu13,q3)*xiw*xiz*ufoGC58^2*
         ufoGC76*ufoGC69
          + 1/8*g_(1,6_,nu10)*FT1*g_(1,q1)*g_(2,nu14)*FT2(g6)*cFT(nu9,XX,i2,
         iufo3)*cFT(g7,XX,iufo3,i3)*flavourTag(fe,j11,j12)*Vec(nu14,q2)*Vec(
         nu9,q2)*Vec(nu10,q2)*Vec(nu13,q3)^2*xiw*xiz*ufoGC58^2*ufoGC76*ufoGC69
          - 1/8*g_(1,6_,nu10)*FT1*g_(1,q1)*g_(2,nu14)*FT2(g6)*cFT(nu9,XX,i2,
         iufo3)*cFT(g7,XX,iufo3,i3)*flavourTag(fe,j11,j12)*Vec(nu14,q2)*Vec(
         nu9,q2)*Vec(nu10,q3)*p4.p4*xiw*xiz*ufoGC58^2*ufoGC76*ufoGC69
          + 1/8*g_(1,6_,nu10)*FT1*g_(1,q1)*g_(2,nu14)*FT2(g6)*cFT(nu9,XX,i2,
         iufo3)*cFT(g7,XX,iufo3,i3)*flavourTag(fe,j11,j12)*Vec(nu14,q2)*Vec(
         nu9,q2)*Vec(nu10,q3)*Vec(nu13,q2)^2*xiw*xiz*ufoGC58^2*ufoGC76*ufoGC69
          + 1/4*g_(1,6_,nu10)*FT1*g_(1,q1)*g_(2,nu14)*FT2(g6)*cFT(nu9,XX,i2,
         iufo3)*cFT(g7,XX,iufo3,i3)*flavourTag(fe,j11,j12)*Vec(nu14,q2)*Vec(
         nu9,q2)*Vec(nu10,q3)*Vec(nu13,q2)*Vec(nu13,q3)*xiw*xiz*ufoGC58^2*
         ufoGC76*ufoGC69
          + 1/8*g_(1,6_,nu10)*FT1*g_(1,q1)*g_(2,nu14)*FT2(g6)*cFT(nu9,XX,i2,
         iufo3)*cFT(g7,XX,iufo3,i3)*flavourTag(fe,j11,j12)*Vec(nu14,q2)*Vec(
         nu9,q2)*Vec(nu10,q3)*Vec(nu13,q3)^2*xiw*xiz*ufoGC58^2*ufoGC76*ufoGC69
          - 1/8*g_(1,6_,nu10)*FT1*g_(1,q1)*g_(2,nu14)*FT2(g6)*cFT(nu9,XX,i2,
         iufo3)*cFT(g7,XX,iufo3,i3)*flavourTag(fe,j11,j12)*Vec(nu14,q2)*Vec(
         nu9,q3)*Vec(nu10,q2)*p4.p4*xiw*xiz*ufoGC58^2*ufoGC76*ufoGC69
          + 1/8*g_(1,6_,nu10)*FT1*g_(1,q1)*g_(2,nu14)*FT2(g6)*cFT(nu9,XX,i2,
         iufo3)*cFT(g7,XX,iufo3,i3)*flavourTag(fe,j11,j12)*Vec(nu14,q2)*Vec(
         nu9,q3)*Vec(nu10,q2)*Vec(nu13,q2)^2*xiw*xiz*ufoGC58^2*ufoGC76*ufoGC69
          + 1/4*g_(1,6_,nu10)*FT1*g_(1,q1)*g_(2,nu14)*FT2(g6)*cFT(nu9,XX,i2,
         iufo3)*cFT(g7,XX,iufo3,i3)*flavourTag(fe,j11,j12)*Vec(nu14,q2)*Vec(
         nu9,q3)*Vec(nu10,q2)*Vec(nu13,q2)*Vec(nu13,q3)*xiw*xiz*ufoGC58^2*
         ufoGC76*ufoGC69
          + 1/8*g_(1,6_,nu10)*FT1*g_(1,q1)*g_(2,nu14)*FT2(g6)*cFT(nu9,XX,i2,
         iufo3)*cFT(g7,XX,iufo3,i3)*flavourTag(fe,j11,j12)*Vec(nu14,q2)*Vec(
         nu9,q3)*Vec(nu10,q2)*Vec(nu13,q3)^2*xiw*xiz*ufoGC58^2*ufoGC76*ufoGC69
          - 1/8*g_(1,6_,nu10)*FT1*g_(1,q1)*g_(2,nu14)*FT2(g6)*cFT(nu9,XX,i2,
         iufo3)*cFT(g7,XX,iufo3,i3)*flavourTag(fe,j11,j12)*Vec(nu14,q2)*Vec(
         nu9,q3)*Vec(nu10,q3)*p4.p4*xiw*xiz*ufoGC58^2*ufoGC76*ufoGC69
          + 1/8*g_(1,6_,nu10)*FT1*g_(1,q1)*g_(2,nu14)*FT2(g6)*cFT(nu9,XX,i2,
         iufo3)*cFT(g7,XX,iufo3,i3)*flavourTag(fe,j11,j12)*Vec(nu14,q2)*Vec(
         nu9,q3)*Vec(nu10,q3)*Vec(nu13,q2)^2*xiw*xiz*ufoGC58^2*ufoGC76*ufoGC69
          + 1/4*g_(1,6_,nu10)*FT1*g_(1,q1)*g_(2,nu14)*FT2(g6)*cFT(nu9,XX,i2,
         iufo3)*cFT(g7,XX,iufo3,i3)*flavourTag(fe,j11,j12)*Vec(nu14,q2)*Vec(
         nu9,q3)*Vec(nu10,q3)*Vec(nu13,q2)*Vec(nu13,q3)*xiw*xiz*ufoGC58^2*
         ufoGC76*ufoGC69
          + 1/8*g_(1,6_,nu10)*FT1*g_(1,q1)*g_(2,nu14)*FT2(g6)*cFT(nu9,XX,i2,
         iufo3)*cFT(g7,XX,iufo3,i3)*flavourTag(fe,j11,j12)*Vec(nu14,q2)*Vec(
         nu9,q3)*Vec(nu10,q3)*Vec(nu13,q3)^2*xiw*xiz*ufoGC58^2*ufoGC76*ufoGC69
          - 1/8*g_(1,6_,nu10)*FT1*g_(1,q1)*g_(2,nu14)*FT2(g6)*cFT(nu9,XX,i2,
         iufo3)*cFT(g7,XX,iufo3,i3)*flavourTag(fe,j11,j12)*Vec(nu14,q3)*Vec(
         nu9,q2)*Vec(nu10,q2)*p4.p4*xiw*xiz*ufoGC58^2*ufoGC76*ufoGC69
          + 1/8*g_(1,6_,nu10)*FT1*g_(1,q1)*g_(2,nu14)*FT2(g6)*cFT(nu9,XX,i2,
         iufo3)*cFT(g7,XX,iufo3,i3)*flavourTag(fe,j11,j12)*Vec(nu14,q3)*Vec(
         nu9,q2)*Vec(nu10,q2)*Vec(nu13,q2)^2*xiw*xiz*ufoGC58^2*ufoGC76*ufoGC69
          + 1/4*g_(1,6_,nu10)*FT1*g_(1,q1)*g_(2,nu14)*FT2(g6)*cFT(nu9,XX,i2,
         iufo3)*cFT(g7,XX,iufo3,i3)*flavourTag(fe,j11,j12)*Vec(nu14,q3)*Vec(
         nu9,q2)*Vec(nu10,q2)*Vec(nu13,q2)*Vec(nu13,q3)*xiw*xiz*ufoGC58^2*
         ufoGC76*ufoGC69
          + 1/8*g_(1,6_,nu10)*FT1*g_(1,q1)*g_(2,nu14)*FT2(g6)*cFT(nu9,XX,i2,
         iufo3)*cFT(g7,XX,iufo3,i3)*flavourTag(fe,j11,j12)*Vec(nu14,q3)*Vec(
         nu9,q2)*Vec(nu10,q2)*Vec(nu13,q3)^2*xiw*xiz*ufoGC58^2*ufoGC76*ufoGC69
          - 1/8*g_(1,6_,nu10)*FT1*g_(1,q1)*g_(2,nu14)*FT2(g6)*cFT(nu9,XX,i2,
         iufo3)*cFT(g7,XX,iufo3,i3)*flavourTag(fe,j11,j12)*Vec(nu14,q3)*Vec(
         nu9,q2)*Vec(nu10,q3)*p4.p4*xiw*xiz*ufoGC58^2*ufoGC76*ufoGC69
          + 1/8*g_(1,6_,nu10)*FT1*g_(1,q1)*g_(2,nu14)*FT2(g6)*cFT(nu9,XX,i2,
         iufo3)*cFT(g7,XX,iufo3,i3)*flavourTag(fe,j11,j12)*Vec(nu14,q3)*Vec(
         nu9,q2)*Vec(nu10,q3)*Vec(nu13,q2)^2*xiw*xiz*ufoGC58^2*ufoGC76*ufoGC69
          + 1/4*g_(1,6_,nu10)*FT1*g_(1,q1)*g_(2,nu14)*FT2(g6)*cFT(nu9,XX,i2,
         iufo3)*cFT(g7,XX,iufo3,i3)*flavourTag(fe,j11,j12)*Vec(nu14,q3)*Vec(
         nu9,q2)*Vec(nu10,q3)*Vec(nu13,q2)*Vec(nu13,q3)*xiw*xiz*ufoGC58^2*
         ufoGC76*ufoGC69
          + 1/8*g_(1,6_,nu10)*FT1*g_(1,q1)*g_(2,nu14)*FT2(g6)*cFT(nu9,XX,i2,
         iufo3)*cFT(g7,XX,iufo3,i3)*flavourTag(fe,j11,j12)*Vec(nu14,q3)*Vec(
         nu9,q2)*Vec(nu10,q3)*Vec(nu13,q3)^2*xiw*xiz*ufoGC58^2*ufoGC76*ufoGC69
          - 1/8*g_(1,6_,nu10)*FT1*g_(1,q1)*g_(2,nu14)*FT2(g6)*cFT(nu9,XX,i2,
         iufo3)*cFT(g7,XX,iufo3,i3)*flavourTag(fe,j11,j12)*Vec(nu14,q3)*Vec(
         nu9,q3)*Vec(nu10,q2)*p4.p4*xiw*xiz*ufoGC58^2*ufoGC76*ufoGC69
          + 1/8*g_(1,6_,nu10)*FT1*g_(1,q1)*g_(2,nu14)*FT2(g6)*cFT(nu9,XX,i2,
         iufo3)*cFT(g7,XX,iufo3,i3)*flavourTag(fe,j11,j12)*Vec(nu14,q3)*Vec(
         nu9,q3)*Vec(nu10,q2)*Vec(nu13,q2)^2*xiw*xiz*ufoGC58^2*ufoGC76*ufoGC69
          + 1/4*g_(1,6_,nu10)*FT1*g_(1,q1)*g_(2,nu14)*FT2(g6)*cFT(nu9,XX,i2,
         iufo3)*cFT(g7,XX,iufo3,i3)*flavourTag(fe,j11,j12)*Vec(nu14,q3)*Vec(
         nu9,q3)*Vec(nu10,q2)*Vec(nu13,q2)*Vec(nu13,q3)*xiw*xiz*ufoGC58^2*
         ufoGC76*ufoGC69
          + 1/8*g_(1,6_,nu10)*FT1*g_(1,q1)*g_(2,nu14)*FT2(g6)*cFT(nu9,XX,i2,
         iufo3)*cFT(g7,XX,iufo3,i3)*flavourTag(fe,j11,j12)*Vec(nu14,q3)*Vec(
         nu9,q3)*Vec(nu10,q2)*Vec(nu13,q3)^2*xiw*xiz*ufoGC58^2*ufoGC76*ufoGC69
          - 1/8*g_(1,6_,nu10)*FT1*g_(1,q1)*g_(2,nu14)*FT2(g6)*cFT(nu9,XX,i2,
         iufo3)*cFT(g7,XX,iufo3,i3)*flavourTag(fe,j11,j12)*Vec(nu14,q3)*Vec(
         nu9,q3)*Vec(nu10,q3)*p4.p4*xiw*xiz*ufoGC58^2*ufoGC76*ufoGC69
          + 1/8*g_(1,6_,nu10)*FT1*g_(1,q1)*g_(2,nu14)*FT2(g6)*cFT(nu9,XX,i2,
         iufo3)*cFT(g7,XX,iufo3,i3)*flavourTag(fe,j11,j12)*Vec(nu14,q3)*Vec(
         nu9,q3)*Vec(nu10,q3)*Vec(nu13,q2)^2*xiw*xiz*ufoGC58^2*ufoGC76*ufoGC69
          + 1/4*g_(1,6_,nu10)*FT1*g_(1,q1)*g_(2,nu14)*FT2(g6)*cFT(nu9,XX,i2,
         iufo3)*cFT(g7,XX,iufo3,i3)*flavourTag(fe,j11,j12)*Vec(nu14,q3)*Vec(
         nu9,q3)*Vec(nu10,q3)*Vec(nu13,q2)*Vec(nu13,q3)*xiw*xiz*ufoGC58^2*
         ufoGC76*ufoGC69
          + 1/8*g_(1,6_,nu10)*FT1*g_(1,q1)*g_(2,nu14)*FT2(g6)*cFT(nu9,XX,i2,
         iufo3)*cFT(g7,XX,iufo3,i3)*flavourTag(fe,j11,j12)*Vec(nu14,q3)*Vec(
         nu9,q3)*Vec(nu10,q3)*Vec(nu13,q3)^2*xiw*xiz*ufoGC58^2*ufoGC76*ufoGC69
          - 1/8*g_(1,6_,nu10)*FT1*g_(1,q2)*g_(2,6_,nu14)*cFT(nu9,XX,i2,iufo3)*
         cFT(g7,XX,iufo3,i3)*flavourTag(fe,j11,j12)*Vec(nu14,q2)*Vec(nu9,q2)*
         Vec(nu10,q2)*p4.p4*xiw*xiz*ufoGC58^2*ufoGC80*ufoGC69
          + 1/8*g_(1,6_,nu10)*FT1*g_(1,q2)*g_(2,6_,nu14)*cFT(nu9,XX,i2,iufo3)*
         cFT(g7,XX,iufo3,i3)*flavourTag(fe,j11,j12)*Vec(nu14,q2)*Vec(nu9,q2)*
         Vec(nu10,q2)*Vec(nu13,q2)^2*xiw*xiz*ufoGC58^2*ufoGC80*ufoGC69
          + 1/4*g_(1,6_,nu10)*FT1*g_(1,q2)*g_(2,6_,nu14)*cFT(nu9,XX,i2,iufo3)*
         cFT(g7,XX,iufo3,i3)*flavourTag(fe,j11,j12)*Vec(nu14,q2)*Vec(nu9,q2)*
         Vec(nu10,q2)*Vec(nu13,q2)*Vec(nu13,q3)*xiw*xiz*ufoGC58^2*ufoGC80*
         ufoGC69
          + 1/8*g_(1,6_,nu10)*FT1*g_(1,q2)*g_(2,6_,nu14)*cFT(nu9,XX,i2,iufo3)*
         cFT(g7,XX,iufo3,i3)*flavourTag(fe,j11,j12)*Vec(nu14,q2)*Vec(nu9,q2)*
         Vec(nu10,q2)*Vec(nu13,q3)^2*xiw*xiz*ufoGC58^2*ufoGC80*ufoGC69
          - 1/8*g_(1,6_,nu10)*FT1*g_(1,q2)*g_(2,6_,nu14)*cFT(nu9,XX,i2,iufo3)*
         cFT(g7,XX,iufo3,i3)*flavourTag(fe,j11,j12)*Vec(nu14,q2)*Vec(nu9,q2)*
         Vec(nu10,q3)*p4.p4*xiw*xiz*ufoGC58^2*ufoGC80*ufoGC69
          + 1/8*g_(1,6_,nu10)*FT1*g_(1,q2)*g_(2,6_,nu14)*cFT(nu9,XX,i2,iufo3)*
         cFT(g7,XX,iufo3,i3)*flavourTag(fe,j11,j12)*Vec(nu14,q2)*Vec(nu9,q2)*
         Vec(nu10,q3)*Vec(nu13,q2)^2*xiw*xiz*ufoGC58^2*ufoGC80*ufoGC69
          + 1/4*g_(1,6_,nu10)*FT1*g_(1,q2)*g_(2,6_,nu14)*cFT(nu9,XX,i2,iufo3)*
         cFT(g7,XX,iufo3,i3)*flavourTag(fe,j11,j12)*Vec(nu14,q2)*Vec(nu9,q2)*
         Vec(nu10,q3)*Vec(nu13,q2)*Vec(nu13,q3)*xiw*xiz*ufoGC58^2*ufoGC80*
         ufoGC69
          + 1/8*g_(1,6_,nu10)*FT1*g_(1,q2)*g_(2,6_,nu14)*cFT(nu9,XX,i2,iufo3)*
         cFT(g7,XX,iufo3,i3)*flavourTag(fe,j11,j12)*Vec(nu14,q2)*Vec(nu9,q2)*
         Vec(nu10,q3)*Vec(nu13,q3)^2*xiw*xiz*ufoGC58^2*ufoGC80*ufoGC69
          - 1/8*g_(1,6_,nu10)*FT1*g_(1,q2)*g_(2,6_,nu14)*cFT(nu9,XX,i2,iufo3)*
         cFT(g7,XX,iufo3,i3)*flavourTag(fe,j11,j12)*Vec(nu14,q2)*Vec(nu9,q3)*
         Vec(nu10,q2)*p4.p4*xiw*xiz*ufoGC58^2*ufoGC80*ufoGC69
          + 1/8*g_(1,6_,nu10)*FT1*g_(1,q2)*g_(2,6_,nu14)*cFT(nu9,XX,i2,iufo3)*
         cFT(g7,XX,iufo3,i3)*flavourTag(fe,j11,j12)*Vec(nu14,q2)*Vec(nu9,q3)*
         Vec(nu10,q2)*Vec(nu13,q2)^2*xiw*xiz*ufoGC58^2*ufoGC80*ufoGC69
          + 1/4*g_(1,6_,nu10)*FT1*g_(1,q2)*g_(2,6_,nu14)*cFT(nu9,XX,i2,iufo3)*
         cFT(g7,XX,iufo3,i3)*flavourTag(fe,j11,j12)*Vec(nu14,q2)*Vec(nu9,q3)*
         Vec(nu10,q2)*Vec(nu13,q2)*Vec(nu13,q3)*xiw*xiz*ufoGC58^2*ufoGC80*
         ufoGC69
          + 1/8*g_(1,6_,nu10)*FT1*g_(1,q2)*g_(2,6_,nu14)*cFT(nu9,XX,i2,iufo3)*
         cFT(g7,XX,iufo3,i3)*flavourTag(fe,j11,j12)*Vec(nu14,q2)*Vec(nu9,q3)*
         Vec(nu10,q2)*Vec(nu13,q3)^2*xiw*xiz*ufoGC58^2*ufoGC80*ufoGC69
          - 1/8*g_(1,6_,nu10)*FT1*g_(1,q2)*g_(2,6_,nu14)*cFT(nu9,XX,i2,iufo3)*
         cFT(g7,XX,iufo3,i3)*flavourTag(fe,j11,j12)*Vec(nu14,q2)*Vec(nu9,q3)*
         Vec(nu10,q3)*p4.p4*xiw*xiz*ufoGC58^2*ufoGC80*ufoGC69
          + 1/8*g_(1,6_,nu10)*FT1*g_(1,q2)*g_(2,6_,nu14)*cFT(nu9,XX,i2,iufo3)*
         cFT(g7,XX,iufo3,i3)*flavourTag(fe,j11,j12)*Vec(nu14,q2)*Vec(nu9,q3)*
         Vec(nu10,q3)*Vec(nu13,q2)^2*xiw*xiz*ufoGC58^2*ufoGC80*ufoGC69
          + 1/4*g_(1,6_,nu10)*FT1*g_(1,q2)*g_(2,6_,nu14)*cFT(nu9,XX,i2,iufo3)*
         cFT(g7,XX,iufo3,i3)*flavourTag(fe,j11,j12)*Vec(nu14,q2)*Vec(nu9,q3)*
         Vec(nu10,q3)*Vec(nu13,q2)*Vec(nu13,q3)*xiw*xiz*ufoGC58^2*ufoGC80*
         ufoGC69
          + 1/8*g_(1,6_,nu10)*FT1*g_(1,q2)*g_(2,6_,nu14)*cFT(nu9,XX,i2,iufo3)*
         cFT(g7,XX,iufo3,i3)*flavourTag(fe,j11,j12)*Vec(nu14,q2)*Vec(nu9,q3)*
         Vec(nu10,q3)*Vec(nu13,q3)^2*xiw*xiz*ufoGC58^2*ufoGC80*ufoGC69
          - 1/8*g_(1,6_,nu10)*FT1*g_(1,q2)*g_(2,6_,nu14)*cFT(nu9,XX,i2,iufo3)*
         cFT(g7,XX,iufo3,i3)*flavourTag(fe,j11,j12)*Vec(nu14,q3)*Vec(nu9,q2)*
         Vec(nu10,q2)*p4.p4*xiw*xiz*ufoGC58^2*ufoGC80*ufoGC69
          + 1/8*g_(1,6_,nu10)*FT1*g_(1,q2)*g_(2,6_,nu14)*cFT(nu9,XX,i2,iufo3)*
         cFT(g7,XX,iufo3,i3)*flavourTag(fe,j11,j12)*Vec(nu14,q3)*Vec(nu9,q2)*
         Vec(nu10,q2)*Vec(nu13,q2)^2*xiw*xiz*ufoGC58^2*ufoGC80*ufoGC69
          + 1/4*g_(1,6_,nu10)*FT1*g_(1,q2)*g_(2,6_,nu14)*cFT(nu9,XX,i2,iufo3)*
         cFT(g7,XX,iufo3,i3)*flavourTag(fe,j11,j12)*Vec(nu14,q3)*Vec(nu9,q2)*
         Vec(nu10,q2)*Vec(nu13,q2)*Vec(nu13,q3)*xiw*xiz*ufoGC58^2*ufoGC80*
         ufoGC69
          + 1/8*g_(1,6_,nu10)*FT1*g_(1,q2)*g_(2,6_,nu14)*cFT(nu9,XX,i2,iufo3)*
         cFT(g7,XX,iufo3,i3)*flavourTag(fe,j11,j12)*Vec(nu14,q3)*Vec(nu9,q2)*
         Vec(nu10,q2)*Vec(nu13,q3)^2*xiw*xiz*ufoGC58^2*ufoGC80*ufoGC69
          - 1/8*g_(1,6_,nu10)*FT1*g_(1,q2)*g_(2,6_,nu14)*cFT(nu9,XX,i2,iufo3)*
         cFT(g7,XX,iufo3,i3)*flavourTag(fe,j11,j12)*Vec(nu14,q3)*Vec(nu9,q2)*
         Vec(nu10,q3)*p4.p4*xiw*xiz*ufoGC58^2*ufoGC80*ufoGC69
          + 1/8*g_(1,6_,nu10)*FT1*g_(1,q2)*g_(2,6_,nu14)*cFT(nu9,XX,i2,iufo3)*
         cFT(g7,XX,iufo3,i3)*flavourTag(fe,j11,j12)*Vec(nu14,q3)*Vec(nu9,q2)*
         Vec(nu10,q3)*Vec(nu13,q2)^2*xiw*xiz*ufoGC58^2*ufoGC80*ufoGC69
          + 1/4*g_(1,6_,nu10)*FT1*g_(1,q2)*g_(2,6_,nu14)*cFT(nu9,XX,i2,iufo3)*
         cFT(g7,XX,iufo3,i3)*flavourTag(fe,j11,j12)*Vec(nu14,q3)*Vec(nu9,q2)*
         Vec(nu10,q3)*Vec(nu13,q2)*Vec(nu13,q3)*xiw*xiz*ufoGC58^2*ufoGC80*
         ufoGC69
          + 1/8*g_(1,6_,nu10)*FT1*g_(1,q2)*g_(2,6_,nu14)*cFT(nu9,XX,i2,iufo3)*
         cFT(g7,XX,iufo3,i3)*flavourTag(fe,j11,j12)*Vec(nu14,q3)*Vec(nu9,q2)*
         Vec(nu10,q3)*Vec(nu13,q3)^2*xiw*xiz*ufoGC58^2*ufoGC80*ufoGC69
          - 1/8*g_(1,6_,nu10)*FT1*g_(1,q2)*g_(2,6_,nu14)*cFT(nu9,XX,i2,iufo3)*
         cFT(g7,XX,iufo3,i3)*flavourTag(fe,j11,j12)*Vec(nu14,q3)*Vec(nu9,q3)*
         Vec(nu10,q2)*p4.p4*xiw*xiz*ufoGC58^2*ufoGC80*ufoGC69
          + 1/8*g_(1,6_,nu10)*FT1*g_(1,q2)*g_(2,6_,nu14)*cFT(nu9,XX,i2,iufo3)*
         cFT(g7,XX,iufo3,i3)*flavourTag(fe,j11,j12)*Vec(nu14,q3)*Vec(nu9,q3)*
         Vec(nu10,q2)*Vec(nu13,q2)^2*xiw*xiz*ufoGC58^2*ufoGC80*ufoGC69
          + 1/4*g_(1,6_,nu10)*FT1*g_(1,q2)*g_(2,6_,nu14)*cFT(nu9,XX,i2,iufo3)*
         cFT(g7,XX,iufo3,i3)*flavourTag(fe,j11,j12)*Vec(nu14,q3)*Vec(nu9,q3)*
         Vec(nu10,q2)*Vec(nu13,q2)*Vec(nu13,q3)*xiw*xiz*ufoGC58^2*ufoGC80*
         ufoGC69
          + 1/8*g_(1,6_,nu10)*FT1*g_(1,q2)*g_(2,6_,nu14)*cFT(nu9,XX,i2,iufo3)*
         cFT(g7,XX,iufo3,i3)*flavourTag(fe,j11,j12)*Vec(nu14,q3)*Vec(nu9,q3)*
         Vec(nu10,q2)*Vec(nu13,q3)^2*xiw*xiz*ufoGC58^2*ufoGC80*ufoGC69
          - 1/8*g_(1,6_,nu10)*FT1*g_(1,q2)*g_(2,6_,nu14)*cFT(nu9,XX,i2,iufo3)*
         cFT(g7,XX,iufo3,i3)*flavourTag(fe,j11,j12)*Vec(nu14,q3)*Vec(nu9,q3)*
         Vec(nu10,q3)*p4.p4*xiw*xiz*ufoGC58^2*ufoGC80*ufoGC69
          + 1/8*g_(1,6_,nu10)*FT1*g_(1,q2)*g_(2,6_,nu14)*cFT(nu9,XX,i2,iufo3)*
         cFT(g7,XX,iufo3,i3)*flavourTag(fe,j11,j12)*Vec(nu14,q3)*Vec(nu9,q3)*
         Vec(nu10,q3)*Vec(nu13,q2)^2*xiw*xiz*ufoGC58^2*ufoGC80*ufoGC69
          + 1/4*g_(1,6_,nu10)*FT1*g_(1,q2)*g_(2,6_,nu14)*cFT(nu9,XX,i2,iufo3)*
         cFT(g7,XX,iufo3,i3)*flavourTag(fe,j11,j12)*Vec(nu14,q3)*Vec(nu9,q3)*
         Vec(nu10,q3)*Vec(nu13,q2)*Vec(nu13,q3)*xiw*xiz*ufoGC58^2*ufoGC80*
         ufoGC69
          + 1/8*g_(1,6_,nu10)*FT1*g_(1,q2)*g_(2,6_,nu14)*cFT(nu9,XX,i2,iufo3)*
         cFT(g7,XX,iufo3,i3)*flavourTag(fe,j11,j12)*Vec(nu14,q3)*Vec(nu9,q3)*
         Vec(nu10,q3)*Vec(nu13,q3)^2*xiw*xiz*ufoGC58^2*ufoGC80*ufoGC69
          - 1/8*g_(1,6_,nu10)*FT1*g_(1,q2)*g_(2,nu14)*FT2(g6)*cFT(nu9,XX,i2,
         iufo3)*cFT(g7,XX,iufo3,i3)*flavourTag(fe,j11,j12)*Vec(nu14,q2)*Vec(
         nu9,q2)*Vec(nu10,q2)*p4.p4*xiw*xiz*ufoGC58^2*ufoGC76*ufoGC69
          + 1/8*g_(1,6_,nu10)*FT1*g_(1,q2)*g_(2,nu14)*FT2(g6)*cFT(nu9,XX,i2,
         iufo3)*cFT(g7,XX,iufo3,i3)*flavourTag(fe,j11,j12)*Vec(nu14,q2)*Vec(
         nu9,q2)*Vec(nu10,q2)*Vec(nu13,q2)^2*xiw*xiz*ufoGC58^2*ufoGC76*ufoGC69
          + 1/4*g_(1,6_,nu10)*FT1*g_(1,q2)*g_(2,nu14)*FT2(g6)*cFT(nu9,XX,i2,
         iufo3)*cFT(g7,XX,iufo3,i3)*flavourTag(fe,j11,j12)*Vec(nu14,q2)*Vec(
         nu9,q2)*Vec(nu10,q2)*Vec(nu13,q2)*Vec(nu13,q3)*xiw*xiz*ufoGC58^2*
         ufoGC76*ufoGC69
          + 1/8*g_(1,6_,nu10)*FT1*g_(1,q2)*g_(2,nu14)*FT2(g6)*cFT(nu9,XX,i2,
         iufo3)*cFT(g7,XX,iufo3,i3)*flavourTag(fe,j11,j12)*Vec(nu14,q2)*Vec(
         nu9,q2)*Vec(nu10,q2)*Vec(nu13,q3)^2*xiw*xiz*ufoGC58^2*ufoGC76*ufoGC69
          - 1/8*g_(1,6_,nu10)*FT1*g_(1,q2)*g_(2,nu14)*FT2(g6)*cFT(nu9,XX,i2,
         iufo3)*cFT(g7,XX,iufo3,i3)*flavourTag(fe,j11,j12)*Vec(nu14,q2)*Vec(
         nu9,q2)*Vec(nu10,q3)*p4.p4*xiw*xiz*ufoGC58^2*ufoGC76*ufoGC69
          + 1/8*g_(1,6_,nu10)*FT1*g_(1,q2)*g_(2,nu14)*FT2(g6)*cFT(nu9,XX,i2,
         iufo3)*cFT(g7,XX,iufo3,i3)*flavourTag(fe,j11,j12)*Vec(nu14,q2)*Vec(
         nu9,q2)*Vec(nu10,q3)*Vec(nu13,q2)^2*xiw*xiz*ufoGC58^2*ufoGC76*ufoGC69
          + 1/4*g_(1,6_,nu10)*FT1*g_(1,q2)*g_(2,nu14)*FT2(g6)*cFT(nu9,XX,i2,
         iufo3)*cFT(g7,XX,iufo3,i3)*flavourTag(fe,j11,j12)*Vec(nu14,q2)*Vec(
         nu9,q2)*Vec(nu10,q3)*Vec(nu13,q2)*Vec(nu13,q3)*xiw*xiz*ufoGC58^2*
         ufoGC76*ufoGC69
          + 1/8*g_(1,6_,nu10)*FT1*g_(1,q2)*g_(2,nu14)*FT2(g6)*cFT(nu9,XX,i2,
         iufo3)*cFT(g7,XX,iufo3,i3)*flavourTag(fe,j11,j12)*Vec(nu14,q2)*Vec(
         nu9,q2)*Vec(nu10,q3)*Vec(nu13,q3)^2*xiw*xiz*ufoGC58^2*ufoGC76*ufoGC69
          - 1/8*g_(1,6_,nu10)*FT1*g_(1,q2)*g_(2,nu14)*FT2(g6)*cFT(nu9,XX,i2,
         iufo3)*cFT(g7,XX,iufo3,i3)*flavourTag(fe,j11,j12)*Vec(nu14,q2)*Vec(
         nu9,q3)*Vec(nu10,q2)*p4.p4*xiw*xiz*ufoGC58^2*ufoGC76*ufoGC69
          + 1/8*g_(1,6_,nu10)*FT1*g_(1,q2)*g_(2,nu14)*FT2(g6)*cFT(nu9,XX,i2,
         iufo3)*cFT(g7,XX,iufo3,i3)*flavourTag(fe,j11,j12)*Vec(nu14,q2)*Vec(
         nu9,q3)*Vec(nu10,q2)*Vec(nu13,q2)^2*xiw*xiz*ufoGC58^2*ufoGC76*ufoGC69
          + 1/4*g_(1,6_,nu10)*FT1*g_(1,q2)*g_(2,nu14)*FT2(g6)*cFT(nu9,XX,i2,
         iufo3)*cFT(g7,XX,iufo3,i3)*flavourTag(fe,j11,j12)*Vec(nu14,q2)*Vec(
         nu9,q3)*Vec(nu10,q2)*Vec(nu13,q2)*Vec(nu13,q3)*xiw*xiz*ufoGC58^2*
         ufoGC76*ufoGC69
          + 1/8*g_(1,6_,nu10)*FT1*g_(1,q2)*g_(2,nu14)*FT2(g6)*cFT(nu9,XX,i2,
         iufo3)*cFT(g7,XX,iufo3,i3)*flavourTag(fe,j11,j12)*Vec(nu14,q2)*Vec(
         nu9,q3)*Vec(nu10,q2)*Vec(nu13,q3)^2*xiw*xiz*ufoGC58^2*ufoGC76*ufoGC69
          - 1/8*g_(1,6_,nu10)*FT1*g_(1,q2)*g_(2,nu14)*FT2(g6)*cFT(nu9,XX,i2,
         iufo3)*cFT(g7,XX,iufo3,i3)*flavourTag(fe,j11,j12)*Vec(nu14,q2)*Vec(
         nu9,q3)*Vec(nu10,q3)*p4.p4*xiw*xiz*ufoGC58^2*ufoGC76*ufoGC69
          + 1/8*g_(1,6_,nu10)*FT1*g_(1,q2)*g_(2,nu14)*FT2(g6)*cFT(nu9,XX,i2,
         iufo3)*cFT(g7,XX,iufo3,i3)*flavourTag(fe,j11,j12)*Vec(nu14,q2)*Vec(
         nu9,q3)*Vec(nu10,q3)*Vec(nu13,q2)^2*xiw*xiz*ufoGC58^2*ufoGC76*ufoGC69
          + 1/4*g_(1,6_,nu10)*FT1*g_(1,q2)*g_(2,nu14)*FT2(g6)*cFT(nu9,XX,i2,
         iufo3)*cFT(g7,XX,iufo3,i3)*flavourTag(fe,j11,j12)*Vec(nu14,q2)*Vec(
         nu9,q3)*Vec(nu10,q3)*Vec(nu13,q2)*Vec(nu13,q3)*xiw*xiz*ufoGC58^2*
         ufoGC76*ufoGC69
          + 1/8*g_(1,6_,nu10)*FT1*g_(1,q2)*g_(2,nu14)*FT2(g6)*cFT(nu9,XX,i2,
         iufo3)*cFT(g7,XX,iufo3,i3)*flavourTag(fe,j11,j12)*Vec(nu14,q2)*Vec(
         nu9,q3)*Vec(nu10,q3)*Vec(nu13,q3)^2*xiw*xiz*ufoGC58^2*ufoGC76*ufoGC69
          - 1/8*g_(1,6_,nu10)*FT1*g_(1,q2)*g_(2,nu14)*FT2(g6)*cFT(nu9,XX,i2,
         iufo3)*cFT(g7,XX,iufo3,i3)*flavourTag(fe,j11,j12)*Vec(nu14,q3)*Vec(
         nu9,q2)*Vec(nu10,q2)*p4.p4*xiw*xiz*ufoGC58^2*ufoGC76*ufoGC69
          + 1/8*g_(1,6_,nu10)*FT1*g_(1,q2)*g_(2,nu14)*FT2(g6)*cFT(nu9,XX,i2,
         iufo3)*cFT(g7,XX,iufo3,i3)*flavourTag(fe,j11,j12)*Vec(nu14,q3)*Vec(
         nu9,q2)*Vec(nu10,q2)*Vec(nu13,q2)^2*xiw*xiz*ufoGC58^2*ufoGC76*ufoGC69
          + 1/4*g_(1,6_,nu10)*FT1*g_(1,q2)*g_(2,nu14)*FT2(g6)*cFT(nu9,XX,i2,
         iufo3)*cFT(g7,XX,iufo3,i3)*flavourTag(fe,j11,j12)*Vec(nu14,q3)*Vec(
         nu9,q2)*Vec(nu10,q2)*Vec(nu13,q2)*Vec(nu13,q3)*xiw*xiz*ufoGC58^2*
         ufoGC76*ufoGC69
          + 1/8*g_(1,6_,nu10)*FT1*g_(1,q2)*g_(2,nu14)*FT2(g6)*cFT(nu9,XX,i2,
         iufo3)*cFT(g7,XX,iufo3,i3)*flavourTag(fe,j11,j12)*Vec(nu14,q3)*Vec(
         nu9,q2)*Vec(nu10,q2)*Vec(nu13,q3)^2*xiw*xiz*ufoGC58^2*ufoGC76*ufoGC69
          - 1/8*g_(1,6_,nu10)*FT1*g_(1,q2)*g_(2,nu14)*FT2(g6)*cFT(nu9,XX,i2,
         iufo3)*cFT(g7,XX,iufo3,i3)*flavourTag(fe,j11,j12)*Vec(nu14,q3)*Vec(
         nu9,q2)*Vec(nu10,q3)*p4.p4*xiw*xiz*ufoGC58^2*ufoGC76*ufoGC69
          + 1/8*g_(1,6_,nu10)*FT1*g_(1,q2)*g_(2,nu14)*FT2(g6)*cFT(nu9,XX,i2,
         iufo3)*cFT(g7,XX,iufo3,i3)*flavourTag(fe,j11,j12)*Vec(nu14,q3)*Vec(
         nu9,q2)*Vec(nu10,q3)*Vec(nu13,q2)^2*xiw*xiz*ufoGC58^2*ufoGC76*ufoGC69
          + 1/4*g_(1,6_,nu10)*FT1*g_(1,q2)*g_(2,nu14)*FT2(g6)*cFT(nu9,XX,i2,
         iufo3)*cFT(g7,XX,iufo3,i3)*flavourTag(fe,j11,j12)*Vec(nu14,q3)*Vec(
         nu9,q2)*Vec(nu10,q3)*Vec(nu13,q2)*Vec(nu13,q3)*xiw*xiz*ufoGC58^2*
         ufoGC76*ufoGC69
          + 1/8*g_(1,6_,nu10)*FT1*g_(1,q2)*g_(2,nu14)*FT2(g6)*cFT(nu9,XX,i2,
         iufo3)*cFT(g7,XX,iufo3,i3)*flavourTag(fe,j11,j12)*Vec(nu14,q3)*Vec(
         nu9,q2)*Vec(nu10,q3)*Vec(nu13,q3)^2*xiw*xiz*ufoGC58^2*ufoGC76*ufoGC69
          - 1/8*g_(1,6_,nu10)*FT1*g_(1,q2)*g_(2,nu14)*FT2(g6)*cFT(nu9,XX,i2,
         iufo3)*cFT(g7,XX,iufo3,i3)*flavourTag(fe,j11,j12)*Vec(nu14,q3)*Vec(
         nu9,q3)*Vec(nu10,q2)*p4.p4*xiw*xiz*ufoGC58^2*ufoGC76*ufoGC69
          + 1/8*g_(1,6_,nu10)*FT1*g_(1,q2)*g_(2,nu14)*FT2(g6)*cFT(nu9,XX,i2,
         iufo3)*cFT(g7,XX,iufo3,i3)*flavourTag(fe,j11,j12)*Vec(nu14,q3)*Vec(
         nu9,q3)*Vec(nu10,q2)*Vec(nu13,q2)^2*xiw*xiz*ufoGC58^2*ufoGC76*ufoGC69
          + 1/4*g_(1,6_,nu10)*FT1*g_(1,q2)*g_(2,nu14)*FT2(g6)*cFT(nu9,XX,i2,
         iufo3)*cFT(g7,XX,iufo3,i3)*flavourTag(fe,j11,j12)*Vec(nu14,q3)*Vec(
         nu9,q3)*Vec(nu10,q2)*Vec(nu13,q2)*Vec(nu13,q3)*xiw*xiz*ufoGC58^2*
         ufoGC76*ufoGC69
          + 1/8*g_(1,6_,nu10)*FT1*g_(1,q2)*g_(2,nu14)*FT2(g6)*cFT(nu9,XX,i2,
         iufo3)*cFT(g7,XX,iufo3,i3)*flavourTag(fe,j11,j12)*Vec(nu14,q3)*Vec(
         nu9,q3)*Vec(nu10,q2)*Vec(nu13,q3)^2*xiw*xiz*ufoGC58^2*ufoGC76*ufoGC69
          - 1/8*g_(1,6_,nu10)*FT1*g_(1,q2)*g_(2,nu14)*FT2(g6)*cFT(nu9,XX,i2,
         iufo3)*cFT(g7,XX,iufo3,i3)*flavourTag(fe,j11,j12)*Vec(nu14,q3)*Vec(
         nu9,q3)*Vec(nu10,q3)*p4.p4*xiw*xiz*ufoGC58^2*ufoGC76*ufoGC69
          + 1/8*g_(1,6_,nu10)*FT1*g_(1,q2)*g_(2,nu14)*FT2(g6)*cFT(nu9,XX,i2,
         iufo3)*cFT(g7,XX,iufo3,i3)*flavourTag(fe,j11,j12)*Vec(nu14,q3)*Vec(
         nu9,q3)*Vec(nu10,q3)*Vec(nu13,q2)^2*xiw*xiz*ufoGC58^2*ufoGC76*ufoGC69
          + 1/4*g_(1,6_,nu10)*FT1*g_(1,q2)*g_(2,nu14)*FT2(g6)*cFT(nu9,XX,i2,
         iufo3)*cFT(g7,XX,iufo3,i3)*flavourTag(fe,j11,j12)*Vec(nu14,q3)*Vec(
         nu9,q3)*Vec(nu10,q3)*Vec(nu13,q2)*Vec(nu13,q3)*xiw*xiz*ufoGC58^2*
         ufoGC76*ufoGC69
          + 1/8*g_(1,6_,nu10)*FT1*g_(1,q2)*g_(2,nu14)*FT2(g6)*cFT(nu9,XX,i2,
         iufo3)*cFT(g7,XX,iufo3,i3)*flavourTag(fe,j11,j12)*Vec(nu14,q3)*Vec(
         nu9,q3)*Vec(nu10,q3)*Vec(nu13,q3)^2*xiw*xiz*ufoGC58^2*ufoGC76*ufoGC69
          - 1/8*g_(1,6_,nu10)*FT1*g_(1,q3)*g_(2,6_,nu14)*cFT(nu9,XX,i2,iufo3)*
         cFT(g7,XX,iufo3,i3)*flavourTag(fe,j11,j12)*Vec(nu14,q2)*Vec(nu9,q2)*
         Vec(nu10,q2)*p4.p4*xiw*xiz*ufoGC58^2*ufoGC80*ufoGC69
          + 1/8*g_(1,6_,nu10)*FT1*g_(1,q3)*g_(2,6_,nu14)*cFT(nu9,XX,i2,iufo3)*
         cFT(g7,XX,iufo3,i3)*flavourTag(fe,j11,j12)*Vec(nu14,q2)*Vec(nu9,q2)*
         Vec(nu10,q2)*Vec(nu13,q2)^2*xiw*xiz*ufoGC58^2*ufoGC80*ufoGC69
          + 1/4*g_(1,6_,nu10)*FT1*g_(1,q3)*g_(2,6_,nu14)*cFT(nu9,XX,i2,iufo3)*
         cFT(g7,XX,iufo3,i3)*flavourTag(fe,j11,j12)*Vec(nu14,q2)*Vec(nu9,q2)*
         Vec(nu10,q2)*Vec(nu13,q2)*Vec(nu13,q3)*xiw*xiz*ufoGC58^2*ufoGC80*
         ufoGC69
          + 1/8*g_(1,6_,nu10)*FT1*g_(1,q3)*g_(2,6_,nu14)*cFT(nu9,XX,i2,iufo3)*
         cFT(g7,XX,iufo3,i3)*flavourTag(fe,j11,j12)*Vec(nu14,q2)*Vec(nu9,q2)*
         Vec(nu10,q2)*Vec(nu13,q3)^2*xiw*xiz*ufoGC58^2*ufoGC80*ufoGC69
          - 1/8*g_(1,6_,nu10)*FT1*g_(1,q3)*g_(2,6_,nu14)*cFT(nu9,XX,i2,iufo3)*
         cFT(g7,XX,iufo3,i3)*flavourTag(fe,j11,j12)*Vec(nu14,q2)*Vec(nu9,q2)*
         Vec(nu10,q3)*p4.p4*xiw*xiz*ufoGC58^2*ufoGC80*ufoGC69
          + 1/8*g_(1,6_,nu10)*FT1*g_(1,q3)*g_(2,6_,nu14)*cFT(nu9,XX,i2,iufo3)*
         cFT(g7,XX,iufo3,i3)*flavourTag(fe,j11,j12)*Vec(nu14,q2)*Vec(nu9,q2)*
         Vec(nu10,q3)*Vec(nu13,q2)^2*xiw*xiz*ufoGC58^2*ufoGC80*ufoGC69
          + 1/4*g_(1,6_,nu10)*FT1*g_(1,q3)*g_(2,6_,nu14)*cFT(nu9,XX,i2,iufo3)*
         cFT(g7,XX,iufo3,i3)*flavourTag(fe,j11,j12)*Vec(nu14,q2)*Vec(nu9,q2)*
         Vec(nu10,q3)*Vec(nu13,q2)*Vec(nu13,q3)*xiw*xiz*ufoGC58^2*ufoGC80*
         ufoGC69
          + 1/8*g_(1,6_,nu10)*FT1*g_(1,q3)*g_(2,6_,nu14)*cFT(nu9,XX,i2,iufo3)*
         cFT(g7,XX,iufo3,i3)*flavourTag(fe,j11,j12)*Vec(nu14,q2)*Vec(nu9,q2)*
         Vec(nu10,q3)*Vec(nu13,q3)^2*xiw*xiz*ufoGC58^2*ufoGC80*ufoGC69
          - 1/8*g_(1,6_,nu10)*FT1*g_(1,q3)*g_(2,6_,nu14)*cFT(nu9,XX,i2,iufo3)*
         cFT(g7,XX,iufo3,i3)*flavourTag(fe,j11,j12)*Vec(nu14,q2)*Vec(nu9,q3)*
         Vec(nu10,q2)*p4.p4*xiw*xiz*ufoGC58^2*ufoGC80*ufoGC69
          + 1/8*g_(1,6_,nu10)*FT1*g_(1,q3)*g_(2,6_,nu14)*cFT(nu9,XX,i2,iufo3)*
         cFT(g7,XX,iufo3,i3)*flavourTag(fe,j11,j12)*Vec(nu14,q2)*Vec(nu9,q3)*
         Vec(nu10,q2)*Vec(nu13,q2)^2*xiw*xiz*ufoGC58^2*ufoGC80*ufoGC69
          + 1/4*g_(1,6_,nu10)*FT1*g_(1,q3)*g_(2,6_,nu14)*cFT(nu9,XX,i2,iufo3)*
         cFT(g7,XX,iufo3,i3)*flavourTag(fe,j11,j12)*Vec(nu14,q2)*Vec(nu9,q3)*
         Vec(nu10,q2)*Vec(nu13,q2)*Vec(nu13,q3)*xiw*xiz*ufoGC58^2*ufoGC80*
         ufoGC69
          + 1/8*g_(1,6_,nu10)*FT1*g_(1,q3)*g_(2,6_,nu14)*cFT(nu9,XX,i2,iufo3)*
         cFT(g7,XX,iufo3,i3)*flavourTag(fe,j11,j12)*Vec(nu14,q2)*Vec(nu9,q3)*
         Vec(nu10,q2)*Vec(nu13,q3)^2*xiw*xiz*ufoGC58^2*ufoGC80*ufoGC69
          - 1/8*g_(1,6_,nu10)*FT1*g_(1,q3)*g_(2,6_,nu14)*cFT(nu9,XX,i2,iufo3)*
         cFT(g7,XX,iufo3,i3)*flavourTag(fe,j11,j12)*Vec(nu14,q2)*Vec(nu9,q3)*
         Vec(nu10,q3)*p4.p4*xiw*xiz*ufoGC58^2*ufoGC80*ufoGC69
          + 1/8*g_(1,6_,nu10)*FT1*g_(1,q3)*g_(2,6_,nu14)*cFT(nu9,XX,i2,iufo3)*
         cFT(g7,XX,iufo3,i3)*flavourTag(fe,j11,j12)*Vec(nu14,q2)*Vec(nu9,q3)*
         Vec(nu10,q3)*Vec(nu13,q2)^2*xiw*xiz*ufoGC58^2*ufoGC80*ufoGC69
          + 1/4*g_(1,6_,nu10)*FT1*g_(1,q3)*g_(2,6_,nu14)*cFT(nu9,XX,i2,iufo3)*
         cFT(g7,XX,iufo3,i3)*flavourTag(fe,j11,j12)*Vec(nu14,q2)*Vec(nu9,q3)*
         Vec(nu10,q3)*Vec(nu13,q2)*Vec(nu13,q3)*xiw*xiz*ufoGC58^2*ufoGC80*
         ufoGC69
          + 1/8*g_(1,6_,nu10)*FT1*g_(1,q3)*g_(2,6_,nu14)*cFT(nu9,XX,i2,iufo3)*
         cFT(g7,XX,iufo3,i3)*flavourTag(fe,j11,j12)*Vec(nu14,q2)*Vec(nu9,q3)*
         Vec(nu10,q3)*Vec(nu13,q3)^2*xiw*xiz*ufoGC58^2*ufoGC80*ufoGC69
          - 1/8*g_(1,6_,nu10)*FT1*g_(1,q3)*g_(2,6_,nu14)*cFT(nu9,XX,i2,iufo3)*
         cFT(g7,XX,iufo3,i3)*flavourTag(fe,j11,j12)*Vec(nu14,q3)*Vec(nu9,q2)*
         Vec(nu10,q2)*p4.p4*xiw*xiz*ufoGC58^2*ufoGC80*ufoGC69
          + 1/8*g_(1,6_,nu10)*FT1*g_(1,q3)*g_(2,6_,nu14)*cFT(nu9,XX,i2,iufo3)*
         cFT(g7,XX,iufo3,i3)*flavourTag(fe,j11,j12)*Vec(nu14,q3)*Vec(nu9,q2)*
         Vec(nu10,q2)*Vec(nu13,q2)^2*xiw*xiz*ufoGC58^2*ufoGC80*ufoGC69
          + 1/4*g_(1,6_,nu10)*FT1*g_(1,q3)*g_(2,6_,nu14)*cFT(nu9,XX,i2,iufo3)*
         cFT(g7,XX,iufo3,i3)*flavourTag(fe,j11,j12)*Vec(nu14,q3)*Vec(nu9,q2)*
         Vec(nu10,q2)*Vec(nu13,q2)*Vec(nu13,q3)*xiw*xiz*ufoGC58^2*ufoGC80*
         ufoGC69
          + 1/8*g_(1,6_,nu10)*FT1*g_(1,q3)*g_(2,6_,nu14)*cFT(nu9,XX,i2,iufo3)*
         cFT(g7,XX,iufo3,i3)*flavourTag(fe,j11,j12)*Vec(nu14,q3)*Vec(nu9,q2)*
         Vec(nu10,q2)*Vec(nu13,q3)^2*xiw*xiz*ufoGC58^2*ufoGC80*ufoGC69
          - 1/8*g_(1,6_,nu10)*FT1*g_(1,q3)*g_(2,6_,nu14)*cFT(nu9,XX,i2,iufo3)*
         cFT(g7,XX,iufo3,i3)*flavourTag(fe,j11,j12)*Vec(nu14,q3)*Vec(nu9,q2)*
         Vec(nu10,q3)*p4.p4*xiw*xiz*ufoGC58^2*ufoGC80*ufoGC69
          + 1/8*g_(1,6_,nu10)*FT1*g_(1,q3)*g_(2,6_,nu14)*cFT(nu9,XX,i2,iufo3)*
         cFT(g7,XX,iufo3,i3)*flavourTag(fe,j11,j12)*Vec(nu14,q3)*Vec(nu9,q2)*
         Vec(nu10,q3)*Vec(nu13,q2)^2*xiw*xiz*ufoGC58^2*ufoGC80*ufoGC69
          + 1/4*g_(1,6_,nu10)*FT1*g_(1,q3)*g_(2,6_,nu14)*cFT(nu9,XX,i2,iufo3)*
         cFT(g7,XX,iufo3,i3)*flavourTag(fe,j11,j12)*Vec(nu14,q3)*Vec(nu9,q2)*
         Vec(nu10,q3)*Vec(nu13,q2)*Vec(nu13,q3)*xiw*xiz*ufoGC58^2*ufoGC80*
         ufoGC69
          + 1/8*g_(1,6_,nu10)*FT1*g_(1,q3)*g_(2,6_,nu14)*cFT(nu9,XX,i2,iufo3)*
         cFT(g7,XX,iufo3,i3)*flavourTag(fe,j11,j12)*Vec(nu14,q3)*Vec(nu9,q2)*
         Vec(nu10,q3)*Vec(nu13,q3)^2*xiw*xiz*ufoGC58^2*ufoGC80*ufoGC69
          - 1/8*g_(1,6_,nu10)*FT1*g_(1,q3)*g_(2,6_,nu14)*cFT(nu9,XX,i2,iufo3)*
         cFT(g7,XX,iufo3,i3)*flavourTag(fe,j11,j12)*Vec(nu14,q3)*Vec(nu9,q3)*
         Vec(nu10,q2)*p4.p4*xiw*xiz*ufoGC58^2*ufoGC80*ufoGC69
          + 1/8*g_(1,6_,nu10)*FT1*g_(1,q3)*g_(2,6_,nu14)*cFT(nu9,XX,i2,iufo3)*
         cFT(g7,XX,iufo3,i3)*flavourTag(fe,j11,j12)*Vec(nu14,q3)*Vec(nu9,q3)*
         Vec(nu10,q2)*Vec(nu13,q2)^2*xiw*xiz*ufoGC58^2*ufoGC80*ufoGC69
          + 1/4*g_(1,6_,nu10)*FT1*g_(1,q3)*g_(2,6_,nu14)*cFT(nu9,XX,i2,iufo3)*
         cFT(g7,XX,iufo3,i3)*flavourTag(fe,j11,j12)*Vec(nu14,q3)*Vec(nu9,q3)*
         Vec(nu10,q2)*Vec(nu13,q2)*Vec(nu13,q3)*xiw*xiz*ufoGC58^2*ufoGC80*
         ufoGC69
          + 1/8*g_(1,6_,nu10)*FT1*g_(1,q3)*g_(2,6_,nu14)*cFT(nu9,XX,i2,iufo3)*
         cFT(g7,XX,iufo3,i3)*flavourTag(fe,j11,j12)*Vec(nu14,q3)*Vec(nu9,q3)*
         Vec(nu10,q2)*Vec(nu13,q3)^2*xiw*xiz*ufoGC58^2*ufoGC80*ufoGC69
          - 1/8*g_(1,6_,nu10)*FT1*g_(1,q3)*g_(2,6_,nu14)*cFT(nu9,XX,i2,iufo3)*
         cFT(g7,XX,iufo3,i3)*flavourTag(fe,j11,j12)*Vec(nu14,q3)*Vec(nu9,q3)*
         Vec(nu10,q3)*p4.p4*xiw*xiz*ufoGC58^2*ufoGC80*ufoGC69
          + 1/8*g_(1,6_,nu10)*FT1*g_(1,q3)*g_(2,6_,nu14)*cFT(nu9,XX,i2,iufo3)*
         cFT(g7,XX,iufo3,i3)*flavourTag(fe,j11,j12)*Vec(nu14,q3)*Vec(nu9,q3)*
         Vec(nu10,q3)*Vec(nu13,q2)^2*xiw*xiz*ufoGC58^2*ufoGC80*ufoGC69
          + 1/4*g_(1,6_,nu10)*FT1*g_(1,q3)*g_(2,6_,nu14)*cFT(nu9,XX,i2,iufo3)*
         cFT(g7,XX,iufo3,i3)*flavourTag(fe,j11,j12)*Vec(nu14,q3)*Vec(nu9,q3)*
         Vec(nu10,q3)*Vec(nu13,q2)*Vec(nu13,q3)*xiw*xiz*ufoGC58^2*ufoGC80*
         ufoGC69
          + 1/8*g_(1,6_,nu10)*FT1*g_(1,q3)*g_(2,6_,nu14)*cFT(nu9,XX,i2,iufo3)*
         cFT(g7,XX,iufo3,i3)*flavourTag(fe,j11,j12)*Vec(nu14,q3)*Vec(nu9,q3)*
         Vec(nu10,q3)*Vec(nu13,q3)^2*xiw*xiz*ufoGC58^2*ufoGC80*ufoGC69
          - 1/8*g_(1,6_,nu10)*FT1*g_(1,q3)*g_(2,nu14)*FT2(g6)*cFT(nu9,XX,i2,
         iufo3)*cFT(g7,XX,iufo3,i3)*flavourTag(fe,j11,j12)*Vec(nu14,q2)*Vec(
         nu9,q2)*Vec(nu10,q2)*p4.p4*xiw*xiz*ufoGC58^2*ufoGC76*ufoGC69
          + 1/8*g_(1,6_,nu10)*FT1*g_(1,q3)*g_(2,nu14)*FT2(g6)*cFT(nu9,XX,i2,
         iufo3)*cFT(g7,XX,iufo3,i3)*flavourTag(fe,j11,j12)*Vec(nu14,q2)*Vec(
         nu9,q2)*Vec(nu10,q2)*Vec(nu13,q2)^2*xiw*xiz*ufoGC58^2*ufoGC76*ufoGC69
          + 1/4*g_(1,6_,nu10)*FT1*g_(1,q3)*g_(2,nu14)*FT2(g6)*cFT(nu9,XX,i2,
         iufo3)*cFT(g7,XX,iufo3,i3)*flavourTag(fe,j11,j12)*Vec(nu14,q2)*Vec(
         nu9,q2)*Vec(nu10,q2)*Vec(nu13,q2)*Vec(nu13,q3)*xiw*xiz*ufoGC58^2*
         ufoGC76*ufoGC69
          + 1/8*g_(1,6_,nu10)*FT1*g_(1,q3)*g_(2,nu14)*FT2(g6)*cFT(nu9,XX,i2,
         iufo3)*cFT(g7,XX,iufo3,i3)*flavourTag(fe,j11,j12)*Vec(nu14,q2)*Vec(
         nu9,q2)*Vec(nu10,q2)*Vec(nu13,q3)^2*xiw*xiz*ufoGC58^2*ufoGC76*ufoGC69
          - 1/8*g_(1,6_,nu10)*FT1*g_(1,q3)*g_(2,nu14)*FT2(g6)*cFT(nu9,XX,i2,
         iufo3)*cFT(g7,XX,iufo3,i3)*flavourTag(fe,j11,j12)*Vec(nu14,q2)*Vec(
         nu9,q2)*Vec(nu10,q3)*p4.p4*xiw*xiz*ufoGC58^2*ufoGC76*ufoGC69
          + 1/8*g_(1,6_,nu10)*FT1*g_(1,q3)*g_(2,nu14)*FT2(g6)*cFT(nu9,XX,i2,
         iufo3)*cFT(g7,XX,iufo3,i3)*flavourTag(fe,j11,j12)*Vec(nu14,q2)*Vec(
         nu9,q2)*Vec(nu10,q3)*Vec(nu13,q2)^2*xiw*xiz*ufoGC58^2*ufoGC76*ufoGC69
          + 1/4*g_(1,6_,nu10)*FT1*g_(1,q3)*g_(2,nu14)*FT2(g6)*cFT(nu9,XX,i2,
         iufo3)*cFT(g7,XX,iufo3,i3)*flavourTag(fe,j11,j12)*Vec(nu14,q2)*Vec(
         nu9,q2)*Vec(nu10,q3)*Vec(nu13,q2)*Vec(nu13,q3)*xiw*xiz*ufoGC58^2*
         ufoGC76*ufoGC69
          + 1/8*g_(1,6_,nu10)*FT1*g_(1,q3)*g_(2,nu14)*FT2(g6)*cFT(nu9,XX,i2,
         iufo3)*cFT(g7,XX,iufo3,i3)*flavourTag(fe,j11,j12)*Vec(nu14,q2)*Vec(
         nu9,q2)*Vec(nu10,q3)*Vec(nu13,q3)^2*xiw*xiz*ufoGC58^2*ufoGC76*ufoGC69
          - 1/8*g_(1,6_,nu10)*FT1*g_(1,q3)*g_(2,nu14)*FT2(g6)*cFT(nu9,XX,i2,
         iufo3)*cFT(g7,XX,iufo3,i3)*flavourTag(fe,j11,j12)*Vec(nu14,q2)*Vec(
         nu9,q3)*Vec(nu10,q2)*p4.p4*xiw*xiz*ufoGC58^2*ufoGC76*ufoGC69
          + 1/8*g_(1,6_,nu10)*FT1*g_(1,q3)*g_(2,nu14)*FT2(g6)*cFT(nu9,XX,i2,
         iufo3)*cFT(g7,XX,iufo3,i3)*flavourTag(fe,j11,j12)*Vec(nu14,q2)*Vec(
         nu9,q3)*Vec(nu10,q2)*Vec(nu13,q2)^2*xiw*xiz*ufoGC58^2*ufoGC76*ufoGC69
          + 1/4*g_(1,6_,nu10)*FT1*g_(1,q3)*g_(2,nu14)*FT2(g6)*cFT(nu9,XX,i2,
         iufo3)*cFT(g7,XX,iufo3,i3)*flavourTag(fe,j11,j12)*Vec(nu14,q2)*Vec(
         nu9,q3)*Vec(nu10,q2)*Vec(nu13,q2)*Vec(nu13,q3)*xiw*xiz*ufoGC58^2*
         ufoGC76*ufoGC69
          + 1/8*g_(1,6_,nu10)*FT1*g_(1,q3)*g_(2,nu14)*FT2(g6)*cFT(nu9,XX,i2,
         iufo3)*cFT(g7,XX,iufo3,i3)*flavourTag(fe,j11,j12)*Vec(nu14,q2)*Vec(
         nu9,q3)*Vec(nu10,q2)*Vec(nu13,q3)^2*xiw*xiz*ufoGC58^2*ufoGC76*ufoGC69
          - 1/8*g_(1,6_,nu10)*FT1*g_(1,q3)*g_(2,nu14)*FT2(g6)*cFT(nu9,XX,i2,
         iufo3)*cFT(g7,XX,iufo3,i3)*flavourTag(fe,j11,j12)*Vec(nu14,q2)*Vec(
         nu9,q3)*Vec(nu10,q3)*p4.p4*xiw*xiz*ufoGC58^2*ufoGC76*ufoGC69
          + 1/8*g_(1,6_,nu10)*FT1*g_(1,q3)*g_(2,nu14)*FT2(g6)*cFT(nu9,XX,i2,
         iufo3)*cFT(g7,XX,iufo3,i3)*flavourTag(fe,j11,j12)*Vec(nu14,q2)*Vec(
         nu9,q3)*Vec(nu10,q3)*Vec(nu13,q2)^2*xiw*xiz*ufoGC58^2*ufoGC76*ufoGC69
          + 1/4*g_(1,6_,nu10)*FT1*g_(1,q3)*g_(2,nu14)*FT2(g6)*cFT(nu9,XX,i2,
         iufo3)*cFT(g7,XX,iufo3,i3)*flavourTag(fe,j11,j12)*Vec(nu14,q2)*Vec(
         nu9,q3)*Vec(nu10,q3)*Vec(nu13,q2)*Vec(nu13,q3)*xiw*xiz*ufoGC58^2*
         ufoGC76*ufoGC69
          + 1/8*g_(1,6_,nu10)*FT1*g_(1,q3)*g_(2,nu14)*FT2(g6)*cFT(nu9,XX,i2,
         iufo3)*cFT(g7,XX,iufo3,i3)*flavourTag(fe,j11,j12)*Vec(nu14,q2)*Vec(
         nu9,q3)*Vec(nu10,q3)*Vec(nu13,q3)^2*xiw*xiz*ufoGC58^2*ufoGC76*ufoGC69
          - 1/8*g_(1,6_,nu10)*FT1*g_(1,q3)*g_(2,nu14)*FT2(g6)*cFT(nu9,XX,i2,
         iufo3)*cFT(g7,XX,iufo3,i3)*flavourTag(fe,j11,j12)*Vec(nu14,q3)*Vec(
         nu9,q2)*Vec(nu10,q2)*p4.p4*xiw*xiz*ufoGC58^2*ufoGC76*ufoGC69
          + 1/8*g_(1,6_,nu10)*FT1*g_(1,q3)*g_(2,nu14)*FT2(g6)*cFT(nu9,XX,i2,
         iufo3)*cFT(g7,XX,iufo3,i3)*flavourTag(fe,j11,j12)*Vec(nu14,q3)*Vec(
         nu9,q2)*Vec(nu10,q2)*Vec(nu13,q2)^2*xiw*xiz*ufoGC58^2*ufoGC76*ufoGC69
          + 1/4*g_(1,6_,nu10)*FT1*g_(1,q3)*g_(2,nu14)*FT2(g6)*cFT(nu9,XX,i2,
         iufo3)*cFT(g7,XX,iufo3,i3)*flavourTag(fe,j11,j12)*Vec(nu14,q3)*Vec(
         nu9,q2)*Vec(nu10,q2)*Vec(nu13,q2)*Vec(nu13,q3)*xiw*xiz*ufoGC58^2*
         ufoGC76*ufoGC69
          + 1/8*g_(1,6_,nu10)*FT1*g_(1,q3)*g_(2,nu14)*FT2(g6)*cFT(nu9,XX,i2,
         iufo3)*cFT(g7,XX,iufo3,i3)*flavourTag(fe,j11,j12)*Vec(nu14,q3)*Vec(
         nu9,q2)*Vec(nu10,q2)*Vec(nu13,q3)^2*xiw*xiz*ufoGC58^2*ufoGC76*ufoGC69
          - 1/8*g_(1,6_,nu10)*FT1*g_(1,q3)*g_(2,nu14)*FT2(g6)*cFT(nu9,XX,i2,
         iufo3)*cFT(g7,XX,iufo3,i3)*flavourTag(fe,j11,j12)*Vec(nu14,q3)*Vec(
         nu9,q2)*Vec(nu10,q3)*p4.p4*xiw*xiz*ufoGC58^2*ufoGC76*ufoGC69
          + 1/8*g_(1,6_,nu10)*FT1*g_(1,q3)*g_(2,nu14)*FT2(g6)*cFT(nu9,XX,i2,
         iufo3)*cFT(g7,XX,iufo3,i3)*flavourTag(fe,j11,j12)*Vec(nu14,q3)*Vec(
         nu9,q2)*Vec(nu10,q3)*Vec(nu13,q2)^2*xiw*xiz*ufoGC58^2*ufoGC76*ufoGC69
          + 1/4*g_(1,6_,nu10)*FT1*g_(1,q3)*g_(2,nu14)*FT2(g6)*cFT(nu9,XX,i2,
         iufo3)*cFT(g7,XX,iufo3,i3)*flavourTag(fe,j11,j12)*Vec(nu14,q3)*Vec(
         nu9,q2)*Vec(nu10,q3)*Vec(nu13,q2)*Vec(nu13,q3)*xiw*xiz*ufoGC58^2*
         ufoGC76*ufoGC69
          + 1/8*g_(1,6_,nu10)*FT1*g_(1,q3)*g_(2,nu14)*FT2(g6)*cFT(nu9,XX,i2,
         iufo3)*cFT(g7,XX,iufo3,i3)*flavourTag(fe,j11,j12)*Vec(nu14,q3)*Vec(
         nu9,q2)*Vec(nu10,q3)*Vec(nu13,q3)^2*xiw*xiz*ufoGC58^2*ufoGC76*ufoGC69
          - 1/8*g_(1,6_,nu10)*FT1*g_(1,q3)*g_(2,nu14)*FT2(g6)*cFT(nu9,XX,i2,
         iufo3)*cFT(g7,XX,iufo3,i3)*flavourTag(fe,j11,j12)*Vec(nu14,q3)*Vec(
         nu9,q3)*Vec(nu10,q2)*p4.p4*xiw*xiz*ufoGC58^2*ufoGC76*ufoGC69
          + 1/8*g_(1,6_,nu10)*FT1*g_(1,q3)*g_(2,nu14)*FT2(g6)*cFT(nu9,XX,i2,
         iufo3)*cFT(g7,XX,iufo3,i3)*flavourTag(fe,j11,j12)*Vec(nu14,q3)*Vec(
         nu9,q3)*Vec(nu10,q2)*Vec(nu13,q2)^2*xiw*xiz*ufoGC58^2*ufoGC76*ufoGC69
          + 1/4*g_(1,6_,nu10)*FT1*g_(1,q3)*g_(2,nu14)*FT2(g6)*cFT(nu9,XX,i2,
         iufo3)*cFT(g7,XX,iufo3,i3)*flavourTag(fe,j11,j12)*Vec(nu14,q3)*Vec(
         nu9,q3)*Vec(nu10,q2)*Vec(nu13,q2)*Vec(nu13,q3)*xiw*xiz*ufoGC58^2*
         ufoGC76*ufoGC69
          + 1/8*g_(1,6_,nu10)*FT1*g_(1,q3)*g_(2,nu14)*FT2(g6)*cFT(nu9,XX,i2,
         iufo3)*cFT(g7,XX,iufo3,i3)*flavourTag(fe,j11,j12)*Vec(nu14,q3)*Vec(
         nu9,q3)*Vec(nu10,q2)*Vec(nu13,q3)^2*xiw*xiz*ufoGC58^2*ufoGC76*ufoGC69
          - 1/8*g_(1,6_,nu10)*FT1*g_(1,q3)*g_(2,nu14)*FT2(g6)*cFT(nu9,XX,i2,
         iufo3)*cFT(g7,XX,iufo3,i3)*flavourTag(fe,j11,j12)*Vec(nu14,q3)*Vec(
         nu9,q3)*Vec(nu10,q3)*p4.p4*xiw*xiz*ufoGC58^2*ufoGC76*ufoGC69
          + 1/8*g_(1,6_,nu10)*FT1*g_(1,q3)*g_(2,nu14)*FT2(g6)*cFT(nu9,XX,i2,
         iufo3)*cFT(g7,XX,iufo3,i3)*flavourTag(fe,j11,j12)*Vec(nu14,q3)*Vec(
         nu9,q3)*Vec(nu10,q3)*Vec(nu13,q2)^2*xiw*xiz*ufoGC58^2*ufoGC76*ufoGC69
          + 1/4*g_(1,6_,nu10)*FT1*g_(1,q3)*g_(2,nu14)*FT2(g6)*cFT(nu9,XX,i2,
         iufo3)*cFT(g7,XX,iufo3,i3)*flavourTag(fe,j11,j12)*Vec(nu14,q3)*Vec(
         nu9,q3)*Vec(nu10,q3)*Vec(nu13,q2)*Vec(nu13,q3)*xiw*xiz*ufoGC58^2*
         ufoGC76*ufoGC69
          + 1/8*g_(1,6_,nu10)*FT1*g_(1,q3)*g_(2,nu14)*FT2(g6)*cFT(nu9,XX,i2,
         iufo3)*cFT(g7,XX,iufo3,i3)*flavourTag(fe,j11,j12)*Vec(nu14,q3)*Vec(
         nu9,q3)*Vec(nu10,q3)*Vec(nu13,q3)^2*xiw*xiz*ufoGC58^2*ufoGC76*ufoGC69
          - 1/8*g_(1,6_,nu13)*FT1*g_(1,p4)*g_(2,6_,nu14)*cFT(nu9,XX,i2,iufo3)*
         cFT(g7,XX,iufo3,i3)*flavourTag(fe,j11,j12)*Vec(nu14,q2)*Vec(nu9,q2)*
         Vec(nu10,q2)^2*Vec(nu13,q2)*xiw*xiz*ufoGC58^2*ufoGC80*ufoGC69
          - 1/8*g_(1,6_,nu13)*FT1*g_(1,p4)*g_(2,6_,nu14)*cFT(nu9,XX,i2,iufo3)*
         cFT(g7,XX,iufo3,i3)*flavourTag(fe,j11,j12)*Vec(nu14,q2)*Vec(nu9,q2)*
         Vec(nu10,q2)^2*Vec(nu13,q3)*xiw*xiz*ufoGC58^2*ufoGC80*ufoGC69
          - 1/4*g_(1,6_,nu13)*FT1*g_(1,p4)*g_(2,6_,nu14)*cFT(nu9,XX,i2,iufo3)*
         cFT(g7,XX,iufo3,i3)*flavourTag(fe,j11,j12)*Vec(nu14,q2)*Vec(nu9,q2)*
         Vec(nu10,q2)*Vec(nu10,q3)*Vec(nu13,q2)*xiw*xiz*ufoGC58^2*ufoGC80*
         ufoGC69
          - 1/4*g_(1,6_,nu13)*FT1*g_(1,p4)*g_(2,6_,nu14)*cFT(nu9,XX,i2,iufo3)*
         cFT(g7,XX,iufo3,i3)*flavourTag(fe,j11,j12)*Vec(nu14,q2)*Vec(nu9,q2)*
         Vec(nu10,q2)*Vec(nu10,q3)*Vec(nu13,q3)*xiw*xiz*ufoGC58^2*ufoGC80*
         ufoGC69
          - 1/8*g_(1,6_,nu13)*FT1*g_(1,p4)*g_(2,6_,nu14)*cFT(nu9,XX,i2,iufo3)*
         cFT(g7,XX,iufo3,i3)*flavourTag(fe,j11,j12)*Vec(nu14,q2)*Vec(nu9,q2)*
         Vec(nu10,q3)^2*Vec(nu13,q2)*xiw*xiz*ufoGC58^2*ufoGC80*ufoGC69
          - 1/8*g_(1,6_,nu13)*FT1*g_(1,p4)*g_(2,6_,nu14)*cFT(nu9,XX,i2,iufo3)*
         cFT(g7,XX,iufo3,i3)*flavourTag(fe,j11,j12)*Vec(nu14,q2)*Vec(nu9,q2)*
         Vec(nu10,q3)^2*Vec(nu13,q3)*xiw*xiz*ufoGC58^2*ufoGC80*ufoGC69
          - 1/4*g_(1,6_,nu13)*FT1*g_(1,p4)*g_(2,6_,nu14)*cFT(nu9,XX,i2,iufo3)*
         cFT(g7,XX,iufo3,i3)*flavourTag(fe,j11,j12)*Vec(nu14,q2)*Vec(nu9,q2)*
         Vec(nu13,q2)*p4.p4*d^-1*xiw*xiz*ufoGC58^2*ufoGC80*ufoGC69
          - 1/4*g_(1,6_,nu13)*FT1*g_(1,p4)*g_(2,6_,nu14)*cFT(nu9,XX,i2,iufo3)*
         cFT(g7,XX,iufo3,i3)*flavourTag(fe,j11,j12)*Vec(nu14,q2)*Vec(nu9,q2)*
         Vec(nu13,q3)*p4.p4*d^-1*xiw*xiz*ufoGC58^2*ufoGC80*ufoGC69
          - 1/8*g_(1,6_,nu13)*FT1*g_(1,p4)*g_(2,6_,nu14)*cFT(nu9,XX,i2,iufo3)*
         cFT(g7,XX,iufo3,i3)*flavourTag(fe,j11,j12)*Vec(nu14,q2)*Vec(nu9,q3)*
         Vec(nu10,q2)^2*Vec(nu13,q2)*xiw*xiz*ufoGC58^2*ufoGC80*ufoGC69
          - 1/8*g_(1,6_,nu13)*FT1*g_(1,p4)*g_(2,6_,nu14)*cFT(nu9,XX,i2,iufo3)*
         cFT(g7,XX,iufo3,i3)*flavourTag(fe,j11,j12)*Vec(nu14,q2)*Vec(nu9,q3)*
         Vec(nu10,q2)^2*Vec(nu13,q3)*xiw*xiz*ufoGC58^2*ufoGC80*ufoGC69
          - 1/4*g_(1,6_,nu13)*FT1*g_(1,p4)*g_(2,6_,nu14)*cFT(nu9,XX,i2,iufo3)*
         cFT(g7,XX,iufo3,i3)*flavourTag(fe,j11,j12)*Vec(nu14,q2)*Vec(nu9,q3)*
         Vec(nu10,q2)*Vec(nu10,q3)*Vec(nu13,q2)*xiw*xiz*ufoGC58^2*ufoGC80*
         ufoGC69
          - 1/4*g_(1,6_,nu13)*FT1*g_(1,p4)*g_(2,6_,nu14)*cFT(nu9,XX,i2,iufo3)*
         cFT(g7,XX,iufo3,i3)*flavourTag(fe,j11,j12)*Vec(nu14,q2)*Vec(nu9,q3)*
         Vec(nu10,q2)*Vec(nu10,q3)*Vec(nu13,q3)*xiw*xiz*ufoGC58^2*ufoGC80*
         ufoGC69
          - 1/8*g_(1,6_,nu13)*FT1*g_(1,p4)*g_(2,6_,nu14)*cFT(nu9,XX,i2,iufo3)*
         cFT(g7,XX,iufo3,i3)*flavourTag(fe,j11,j12)*Vec(nu14,q2)*Vec(nu9,q3)*
         Vec(nu10,q3)^2*Vec(nu13,q2)*xiw*xiz*ufoGC58^2*ufoGC80*ufoGC69
          - 1/8*g_(1,6_,nu13)*FT1*g_(1,p4)*g_(2,6_,nu14)*cFT(nu9,XX,i2,iufo3)*
         cFT(g7,XX,iufo3,i3)*flavourTag(fe,j11,j12)*Vec(nu14,q2)*Vec(nu9,q3)*
         Vec(nu10,q3)^2*Vec(nu13,q3)*xiw*xiz*ufoGC58^2*ufoGC80*ufoGC69
          - 1/4*g_(1,6_,nu13)*FT1*g_(1,p4)*g_(2,6_,nu14)*cFT(nu9,XX,i2,iufo3)*
         cFT(g7,XX,iufo3,i3)*flavourTag(fe,j11,j12)*Vec(nu14,q2)*Vec(nu9,q3)*
         Vec(nu13,q2)*p4.p4*d^-1*xiw*xiz*ufoGC58^2*ufoGC80*ufoGC69
          - 1/4*g_(1,6_,nu13)*FT1*g_(1,p4)*g_(2,6_,nu14)*cFT(nu9,XX,i2,iufo3)*
         cFT(g7,XX,iufo3,i3)*flavourTag(fe,j11,j12)*Vec(nu14,q2)*Vec(nu9,q3)*
         Vec(nu13,q3)*p4.p4*d^-1*xiw*xiz*ufoGC58^2*ufoGC80*ufoGC69
          - 1/8*g_(1,6_,nu13)*FT1*g_(1,p4)*g_(2,6_,nu14)*cFT(nu9,XX,i2,iufo3)*
         cFT(g7,XX,iufo3,i3)*flavourTag(fe,j11,j12)*Vec(nu14,q3)*Vec(nu9,q2)*
         Vec(nu10,q2)^2*Vec(nu13,q2)*xiw*xiz*ufoGC58^2*ufoGC80*ufoGC69
          - 1/8*g_(1,6_,nu13)*FT1*g_(1,p4)*g_(2,6_,nu14)*cFT(nu9,XX,i2,iufo3)*
         cFT(g7,XX,iufo3,i3)*flavourTag(fe,j11,j12)*Vec(nu14,q3)*Vec(nu9,q2)*
         Vec(nu10,q2)^2*Vec(nu13,q3)*xiw*xiz*ufoGC58^2*ufoGC80*ufoGC69
          - 1/4*g_(1,6_,nu13)*FT1*g_(1,p4)*g_(2,6_,nu14)*cFT(nu9,XX,i2,iufo3)*
         cFT(g7,XX,iufo3,i3)*flavourTag(fe,j11,j12)*Vec(nu14,q3)*Vec(nu9,q2)*
         Vec(nu10,q2)*Vec(nu10,q3)*Vec(nu13,q2)*xiw*xiz*ufoGC58^2*ufoGC80*
         ufoGC69
          - 1/4*g_(1,6_,nu13)*FT1*g_(1,p4)*g_(2,6_,nu14)*cFT(nu9,XX,i2,iufo3)*
         cFT(g7,XX,iufo3,i3)*flavourTag(fe,j11,j12)*Vec(nu14,q3)*Vec(nu9,q2)*
         Vec(nu10,q2)*Vec(nu10,q3)*Vec(nu13,q3)*xiw*xiz*ufoGC58^2*ufoGC80*
         ufoGC69
          - 1/8*g_(1,6_,nu13)*FT1*g_(1,p4)*g_(2,6_,nu14)*cFT(nu9,XX,i2,iufo3)*
         cFT(g7,XX,iufo3,i3)*flavourTag(fe,j11,j12)*Vec(nu14,q3)*Vec(nu9,q2)*
         Vec(nu10,q3)^2*Vec(nu13,q2)*xiw*xiz*ufoGC58^2*ufoGC80*ufoGC69
          - 1/8*g_(1,6_,nu13)*FT1*g_(1,p4)*g_(2,6_,nu14)*cFT(nu9,XX,i2,iufo3)*
         cFT(g7,XX,iufo3,i3)*flavourTag(fe,j11,j12)*Vec(nu14,q3)*Vec(nu9,q2)*
         Vec(nu10,q3)^2*Vec(nu13,q3)*xiw*xiz*ufoGC58^2*ufoGC80*ufoGC69
          - 1/4*g_(1,6_,nu13)*FT1*g_(1,p4)*g_(2,6_,nu14)*cFT(nu9,XX,i2,iufo3)*
         cFT(g7,XX,iufo3,i3)*flavourTag(fe,j11,j12)*Vec(nu14,q3)*Vec(nu9,q2)*
         Vec(nu13,q2)*p4.p4*d^-1*xiw*xiz*ufoGC58^2*ufoGC80*ufoGC69
          - 1/4*g_(1,6_,nu13)*FT1*g_(1,p4)*g_(2,6_,nu14)*cFT(nu9,XX,i2,iufo3)*
         cFT(g7,XX,iufo3,i3)*flavourTag(fe,j11,j12)*Vec(nu14,q3)*Vec(nu9,q2)*
         Vec(nu13,q3)*p4.p4*d^-1*xiw*xiz*ufoGC58^2*ufoGC80*ufoGC69
          - 1/8*g_(1,6_,nu13)*FT1*g_(1,p4)*g_(2,6_,nu14)*cFT(nu9,XX,i2,iufo3)*
         cFT(g7,XX,iufo3,i3)*flavourTag(fe,j11,j12)*Vec(nu14,q3)*Vec(nu9,q3)*
         Vec(nu10,q2)^2*Vec(nu13,q2)*xiw*xiz*ufoGC58^2*ufoGC80*ufoGC69
          - 1/8*g_(1,6_,nu13)*FT1*g_(1,p4)*g_(2,6_,nu14)*cFT(nu9,XX,i2,iufo3)*
         cFT(g7,XX,iufo3,i3)*flavourTag(fe,j11,j12)*Vec(nu14,q3)*Vec(nu9,q3)*
         Vec(nu10,q2)^2*Vec(nu13,q3)*xiw*xiz*ufoGC58^2*ufoGC80*ufoGC69
          - 1/4*g_(1,6_,nu13)*FT1*g_(1,p4)*g_(2,6_,nu14)*cFT(nu9,XX,i2,iufo3)*
         cFT(g7,XX,iufo3,i3)*flavourTag(fe,j11,j12)*Vec(nu14,q3)*Vec(nu9,q3)*
         Vec(nu10,q2)*Vec(nu10,q3)*Vec(nu13,q2)*xiw*xiz*ufoGC58^2*ufoGC80*
         ufoGC69
          - 1/4*g_(1,6_,nu13)*FT1*g_(1,p4)*g_(2,6_,nu14)*cFT(nu9,XX,i2,iufo3)*
         cFT(g7,XX,iufo3,i3)*flavourTag(fe,j11,j12)*Vec(nu14,q3)*Vec(nu9,q3)*
         Vec(nu10,q2)*Vec(nu10,q3)*Vec(nu13,q3)*xiw*xiz*ufoGC58^2*ufoGC80*
         ufoGC69
          - 1/8*g_(1,6_,nu13)*FT1*g_(1,p4)*g_(2,6_,nu14)*cFT(nu9,XX,i2,iufo3)*
         cFT(g7,XX,iufo3,i3)*flavourTag(fe,j11,j12)*Vec(nu14,q3)*Vec(nu9,q3)*
         Vec(nu10,q3)^2*Vec(nu13,q2)*xiw*xiz*ufoGC58^2*ufoGC80*ufoGC69
          - 1/8*g_(1,6_,nu13)*FT1*g_(1,p4)*g_(2,6_,nu14)*cFT(nu9,XX,i2,iufo3)*
         cFT(g7,XX,iufo3,i3)*flavourTag(fe,j11,j12)*Vec(nu14,q3)*Vec(nu9,q3)*
         Vec(nu10,q3)^2*Vec(nu13,q3)*xiw*xiz*ufoGC58^2*ufoGC80*ufoGC69
          - 1/4*g_(1,6_,nu13)*FT1*g_(1,p4)*g_(2,6_,nu14)*cFT(nu9,XX,i2,iufo3)*
         cFT(g7,XX,iufo3,i3)*flavourTag(fe,j11,j12)*Vec(nu14,q3)*Vec(nu9,q3)*
         Vec(nu13,q2)*p4.p4*d^-1*xiw*xiz*ufoGC58^2*ufoGC80*ufoGC69
          - 1/4*g_(1,6_,nu13)*FT1*g_(1,p4)*g_(2,6_,nu14)*cFT(nu9,XX,i2,iufo3)*
         cFT(g7,XX,iufo3,i3)*flavourTag(fe,j11,j12)*Vec(nu14,q3)*Vec(nu9,q3)*
         Vec(nu13,q3)*p4.p4*d^-1*xiw*xiz*ufoGC58^2*ufoGC80*ufoGC69
          - 1/4*g_(1,6_,nu13)*FT1*g_(1,p4)*g_(2,6_,nu10)*cFT(nu9,XX,i2,iufo3)*
         cFT(g7,XX,iufo3,i3)*flavourTag(fe,j11,j12)*Vec(nu9,q2)*Vec(nu10,q2)*
         Vec(nu13,q2)*p4.p4*d^-1*xiw*xiz*ufoGC58^2*ufoGC80*ufoGC69
          - 1/4*g_(1,6_,nu13)*FT1*g_(1,p4)*g_(2,6_,nu10)*cFT(nu9,XX,i2,iufo3)*
         cFT(g7,XX,iufo3,i3)*flavourTag(fe,j11,j12)*Vec(nu9,q2)*Vec(nu10,q2)*
         Vec(nu13,q3)*p4.p4*d^-1*xiw*xiz*ufoGC58^2*ufoGC80*ufoGC69
          - 1/4*g_(1,6_,nu13)*FT1*g_(1,p4)*g_(2,6_,nu10)*cFT(nu9,XX,i2,iufo3)*
         cFT(g7,XX,iufo3,i3)*flavourTag(fe,j11,j12)*Vec(nu9,q2)*Vec(nu10,q3)*
         Vec(nu13,q2)*p4.p4*d^-1*xiw*xiz*ufoGC58^2*ufoGC80*ufoGC69
          - 1/4*g_(1,6_,nu13)*FT1*g_(1,p4)*g_(2,6_,nu10)*cFT(nu9,XX,i2,iufo3)*
         cFT(g7,XX,iufo3,i3)*flavourTag(fe,j11,j12)*Vec(nu9,q2)*Vec(nu10,q3)*
         Vec(nu13,q3)*p4.p4*d^-1*xiw*xiz*ufoGC58^2*ufoGC80*ufoGC69
          - 1/4*g_(1,6_,nu13)*FT1*g_(1,p4)*g_(2,6_,nu10)*cFT(nu9,XX,i2,iufo3)*
         cFT(g7,XX,iufo3,i3)*flavourTag(fe,j11,j12)*Vec(nu9,q3)*Vec(nu10,q2)*
         Vec(nu13,q2)*p4.p4*d^-1*xiw*xiz*ufoGC58^2*ufoGC80*ufoGC69
          - 1/4*g_(1,6_,nu13)*FT1*g_(1,p4)*g_(2,6_,nu10)*cFT(nu9,XX,i2,iufo3)*
         cFT(g7,XX,iufo3,i3)*flavourTag(fe,j11,j12)*Vec(nu9,q3)*Vec(nu10,q2)*
         Vec(nu13,q3)*p4.p4*d^-1*xiw*xiz*ufoGC58^2*ufoGC80*ufoGC69
          - 1/4*g_(1,6_,nu13)*FT1*g_(1,p4)*g_(2,6_,nu10)*cFT(nu9,XX,i2,iufo3)*
         cFT(g7,XX,iufo3,i3)*flavourTag(fe,j11,j12)*Vec(nu9,q3)*Vec(nu10,q3)*
         Vec(nu13,q2)*p4.p4*d^-1*xiw*xiz*ufoGC58^2*ufoGC80*ufoGC69
          - 1/4*g_(1,6_,nu13)*FT1*g_(1,p4)*g_(2,6_,nu10)*cFT(nu9,XX,i2,iufo3)*
         cFT(g7,XX,iufo3,i3)*flavourTag(fe,j11,j12)*Vec(nu9,q3)*Vec(nu10,q3)*
         Vec(nu13,q3)*p4.p4*d^-1*xiw*xiz*ufoGC58^2*ufoGC80*ufoGC69
          - 1/8*g_(1,6_,nu13)*FT1*g_(1,p4)*g_(2,6_,nu13)*cFT(nu9,XX,i2,iufo3)*
         cFT(g7,XX,iufo3,i3)*flavourTag(fe,j11,j12)*Vec(nu9,q2)*Vec(nu10,q2)^2
         *p4.p4*d^-1*xiw*xiz*ufoGC58^2*ufoGC80*ufoGC69
          - 1/4*g_(1,6_,nu13)*FT1*g_(1,p4)*g_(2,6_,nu13)*cFT(nu9,XX,i2,iufo3)*
         cFT(g7,XX,iufo3,i3)*flavourTag(fe,j11,j12)*Vec(nu9,q2)*Vec(nu10,q2)*
         Vec(nu10,q3)*p4.p4*d^-1*xiw*xiz*ufoGC58^2*ufoGC80*ufoGC69
          - 1/8*g_(1,6_,nu13)*FT1*g_(1,p4)*g_(2,6_,nu13)*cFT(nu9,XX,i2,iufo3)*
         cFT(g7,XX,iufo3,i3)*flavourTag(fe,j11,j12)*Vec(nu9,q2)*Vec(nu10,q3)^2
         *p4.p4*d^-1*xiw*xiz*ufoGC58^2*ufoGC80*ufoGC69
          - 1/8*g_(1,6_,nu13)*FT1*g_(1,p4)*g_(2,6_,nu13)*cFT(nu9,XX,i2,iufo3)*
         cFT(g7,XX,iufo3,i3)*flavourTag(fe,j11,j12)*Vec(nu9,q3)*Vec(nu10,q2)^2
         *p4.p4*d^-1*xiw*xiz*ufoGC58^2*ufoGC80*ufoGC69
          - 1/4*g_(1,6_,nu13)*FT1*g_(1,p4)*g_(2,6_,nu13)*cFT(nu9,XX,i2,iufo3)*
         cFT(g7,XX,iufo3,i3)*flavourTag(fe,j11,j12)*Vec(nu9,q3)*Vec(nu10,q2)*
         Vec(nu10,q3)*p4.p4*d^-1*xiw*xiz*ufoGC58^2*ufoGC80*ufoGC69
          - 1/8*g_(1,6_,nu13)*FT1*g_(1,p4)*g_(2,6_,nu13)*cFT(nu9,XX,i2,iufo3)*
         cFT(g7,XX,iufo3,i3)*flavourTag(fe,j11,j12)*Vec(nu9,q3)*Vec(nu10,q3)^2
         *p4.p4*d^-1*xiw*xiz*ufoGC58^2*ufoGC80*ufoGC69
          - 1/8*g_(1,6_,nu13)*FT1*g_(1,p4)*g_(2,nu14)*FT2(g6)*cFT(nu9,XX,i2,
         iufo3)*cFT(g7,XX,iufo3,i3)*flavourTag(fe,j11,j12)*Vec(nu14,q2)*Vec(
         nu9,q2)*Vec(nu10,q2)^2*Vec(nu13,q2)*xiw*xiz*ufoGC58^2*ufoGC76*ufoGC69
          - 1/8*g_(1,6_,nu13)*FT1*g_(1,p4)*g_(2,nu14)*FT2(g6)*cFT(nu9,XX,i2,
         iufo3)*cFT(g7,XX,iufo3,i3)*flavourTag(fe,j11,j12)*Vec(nu14,q2)*Vec(
         nu9,q2)*Vec(nu10,q2)^2*Vec(nu13,q3)*xiw*xiz*ufoGC58^2*ufoGC76*ufoGC69
          - 1/4*g_(1,6_,nu13)*FT1*g_(1,p4)*g_(2,nu14)*FT2(g6)*cFT(nu9,XX,i2,
         iufo3)*cFT(g7,XX,iufo3,i3)*flavourTag(fe,j11,j12)*Vec(nu14,q2)*Vec(
         nu9,q2)*Vec(nu10,q2)*Vec(nu10,q3)*Vec(nu13,q2)*xiw*xiz*ufoGC58^2*
         ufoGC76*ufoGC69
          - 1/4*g_(1,6_,nu13)*FT1*g_(1,p4)*g_(2,nu14)*FT2(g6)*cFT(nu9,XX,i2,
         iufo3)*cFT(g7,XX,iufo3,i3)*flavourTag(fe,j11,j12)*Vec(nu14,q2)*Vec(
         nu9,q2)*Vec(nu10,q2)*Vec(nu10,q3)*Vec(nu13,q3)*xiw*xiz*ufoGC58^2*
         ufoGC76*ufoGC69
          - 1/8*g_(1,6_,nu13)*FT1*g_(1,p4)*g_(2,nu14)*FT2(g6)*cFT(nu9,XX,i2,
         iufo3)*cFT(g7,XX,iufo3,i3)*flavourTag(fe,j11,j12)*Vec(nu14,q2)*Vec(
         nu9,q2)*Vec(nu10,q3)^2*Vec(nu13,q2)*xiw*xiz*ufoGC58^2*ufoGC76*ufoGC69
          - 1/8*g_(1,6_,nu13)*FT1*g_(1,p4)*g_(2,nu14)*FT2(g6)*cFT(nu9,XX,i2,
         iufo3)*cFT(g7,XX,iufo3,i3)*flavourTag(fe,j11,j12)*Vec(nu14,q2)*Vec(
         nu9,q2)*Vec(nu10,q3)^2*Vec(nu13,q3)*xiw*xiz*ufoGC58^2*ufoGC76*ufoGC69
          - 1/4*g_(1,6_,nu13)*FT1*g_(1,p4)*g_(2,nu14)*FT2(g6)*cFT(nu9,XX,i2,
         iufo3)*cFT(g7,XX,iufo3,i3)*flavourTag(fe,j11,j12)*Vec(nu14,q2)*Vec(
         nu9,q2)*Vec(nu13,q2)*p4.p4*d^-1*xiw*xiz*ufoGC58^2*ufoGC76*ufoGC69
          - 1/4*g_(1,6_,nu13)*FT1*g_(1,p4)*g_(2,nu14)*FT2(g6)*cFT(nu9,XX,i2,
         iufo3)*cFT(g7,XX,iufo3,i3)*flavourTag(fe,j11,j12)*Vec(nu14,q2)*Vec(
         nu9,q2)*Vec(nu13,q3)*p4.p4*d^-1*xiw*xiz*ufoGC58^2*ufoGC76*ufoGC69
          - 1/8*g_(1,6_,nu13)*FT1*g_(1,p4)*g_(2,nu14)*FT2(g6)*cFT(nu9,XX,i2,
         iufo3)*cFT(g7,XX,iufo3,i3)*flavourTag(fe,j11,j12)*Vec(nu14,q2)*Vec(
         nu9,q3)*Vec(nu10,q2)^2*Vec(nu13,q2)*xiw*xiz*ufoGC58^2*ufoGC76*ufoGC69
          - 1/8*g_(1,6_,nu13)*FT1*g_(1,p4)*g_(2,nu14)*FT2(g6)*cFT(nu9,XX,i2,
         iufo3)*cFT(g7,XX,iufo3,i3)*flavourTag(fe,j11,j12)*Vec(nu14,q2)*Vec(
         nu9,q3)*Vec(nu10,q2)^2*Vec(nu13,q3)*xiw*xiz*ufoGC58^2*ufoGC76*ufoGC69
          - 1/4*g_(1,6_,nu13)*FT1*g_(1,p4)*g_(2,nu14)*FT2(g6)*cFT(nu9,XX,i2,
         iufo3)*cFT(g7,XX,iufo3,i3)*flavourTag(fe,j11,j12)*Vec(nu14,q2)*Vec(
         nu9,q3)*Vec(nu10,q2)*Vec(nu10,q3)*Vec(nu13,q2)*xiw*xiz*ufoGC58^2*
         ufoGC76*ufoGC69
          - 1/4*g_(1,6_,nu13)*FT1*g_(1,p4)*g_(2,nu14)*FT2(g6)*cFT(nu9,XX,i2,
         iufo3)*cFT(g7,XX,iufo3,i3)*flavourTag(fe,j11,j12)*Vec(nu14,q2)*Vec(
         nu9,q3)*Vec(nu10,q2)*Vec(nu10,q3)*Vec(nu13,q3)*xiw*xiz*ufoGC58^2*
         ufoGC76*ufoGC69
          - 1/8*g_(1,6_,nu13)*FT1*g_(1,p4)*g_(2,nu14)*FT2(g6)*cFT(nu9,XX,i2,
         iufo3)*cFT(g7,XX,iufo3,i3)*flavourTag(fe,j11,j12)*Vec(nu14,q2)*Vec(
         nu9,q3)*Vec(nu10,q3)^2*Vec(nu13,q2)*xiw*xiz*ufoGC58^2*ufoGC76*ufoGC69
          - 1/8*g_(1,6_,nu13)*FT1*g_(1,p4)*g_(2,nu14)*FT2(g6)*cFT(nu9,XX,i2,
         iufo3)*cFT(g7,XX,iufo3,i3)*flavourTag(fe,j11,j12)*Vec(nu14,q2)*Vec(
         nu9,q3)*Vec(nu10,q3)^2*Vec(nu13,q3)*xiw*xiz*ufoGC58^2*ufoGC76*ufoGC69
          - 1/4*g_(1,6_,nu13)*FT1*g_(1,p4)*g_(2,nu14)*FT2(g6)*cFT(nu9,XX,i2,
         iufo3)*cFT(g7,XX,iufo3,i3)*flavourTag(fe,j11,j12)*Vec(nu14,q2)*Vec(
         nu9,q3)*Vec(nu13,q2)*p4.p4*d^-1*xiw*xiz*ufoGC58^2*ufoGC76*ufoGC69
          - 1/4*g_(1,6_,nu13)*FT1*g_(1,p4)*g_(2,nu14)*FT2(g6)*cFT(nu9,XX,i2,
         iufo3)*cFT(g7,XX,iufo3,i3)*flavourTag(fe,j11,j12)*Vec(nu14,q2)*Vec(
         nu9,q3)*Vec(nu13,q3)*p4.p4*d^-1*xiw*xiz*ufoGC58^2*ufoGC76*ufoGC69
          - 1/8*g_(1,6_,nu13)*FT1*g_(1,p4)*g_(2,nu14)*FT2(g6)*cFT(nu9,XX,i2,
         iufo3)*cFT(g7,XX,iufo3,i3)*flavourTag(fe,j11,j12)*Vec(nu14,q3)*Vec(
         nu9,q2)*Vec(nu10,q2)^2*Vec(nu13,q2)*xiw*xiz*ufoGC58^2*ufoGC76*ufoGC69
          - 1/8*g_(1,6_,nu13)*FT1*g_(1,p4)*g_(2,nu14)*FT2(g6)*cFT(nu9,XX,i2,
         iufo3)*cFT(g7,XX,iufo3,i3)*flavourTag(fe,j11,j12)*Vec(nu14,q3)*Vec(
         nu9,q2)*Vec(nu10,q2)^2*Vec(nu13,q3)*xiw*xiz*ufoGC58^2*ufoGC76*ufoGC69
          - 1/4*g_(1,6_,nu13)*FT1*g_(1,p4)*g_(2,nu14)*FT2(g6)*cFT(nu9,XX,i2,
         iufo3)*cFT(g7,XX,iufo3,i3)*flavourTag(fe,j11,j12)*Vec(nu14,q3)*Vec(
         nu9,q2)*Vec(nu10,q2)*Vec(nu10,q3)*Vec(nu13,q2)*xiw*xiz*ufoGC58^2*
         ufoGC76*ufoGC69
          - 1/4*g_(1,6_,nu13)*FT1*g_(1,p4)*g_(2,nu14)*FT2(g6)*cFT(nu9,XX,i2,
         iufo3)*cFT(g7,XX,iufo3,i3)*flavourTag(fe,j11,j12)*Vec(nu14,q3)*Vec(
         nu9,q2)*Vec(nu10,q2)*Vec(nu10,q3)*Vec(nu13,q3)*xiw*xiz*ufoGC58^2*
         ufoGC76*ufoGC69
          - 1/8*g_(1,6_,nu13)*FT1*g_(1,p4)*g_(2,nu14)*FT2(g6)*cFT(nu9,XX,i2,
         iufo3)*cFT(g7,XX,iufo3,i3)*flavourTag(fe,j11,j12)*Vec(nu14,q3)*Vec(
         nu9,q2)*Vec(nu10,q3)^2*Vec(nu13,q2)*xiw*xiz*ufoGC58^2*ufoGC76*ufoGC69
          - 1/8*g_(1,6_,nu13)*FT1*g_(1,p4)*g_(2,nu14)*FT2(g6)*cFT(nu9,XX,i2,
         iufo3)*cFT(g7,XX,iufo3,i3)*flavourTag(fe,j11,j12)*Vec(nu14,q3)*Vec(
         nu9,q2)*Vec(nu10,q3)^2*Vec(nu13,q3)*xiw*xiz*ufoGC58^2*ufoGC76*ufoGC69
          - 1/4*g_(1,6_,nu13)*FT1*g_(1,p4)*g_(2,nu14)*FT2(g6)*cFT(nu9,XX,i2,
         iufo3)*cFT(g7,XX,iufo3,i3)*flavourTag(fe,j11,j12)*Vec(nu14,q3)*Vec(
         nu9,q2)*Vec(nu13,q2)*p4.p4*d^-1*xiw*xiz*ufoGC58^2*ufoGC76*ufoGC69
          - 1/4*g_(1,6_,nu13)*FT1*g_(1,p4)*g_(2,nu14)*FT2(g6)*cFT(nu9,XX,i2,
         iufo3)*cFT(g7,XX,iufo3,i3)*flavourTag(fe,j11,j12)*Vec(nu14,q3)*Vec(
         nu9,q2)*Vec(nu13,q3)*p4.p4*d^-1*xiw*xiz*ufoGC58^2*ufoGC76*ufoGC69
          - 1/8*g_(1,6_,nu13)*FT1*g_(1,p4)*g_(2,nu14)*FT2(g6)*cFT(nu9,XX,i2,
         iufo3)*cFT(g7,XX,iufo3,i3)*flavourTag(fe,j11,j12)*Vec(nu14,q3)*Vec(
         nu9,q3)*Vec(nu10,q2)^2*Vec(nu13,q2)*xiw*xiz*ufoGC58^2*ufoGC76*ufoGC69
          - 1/8*g_(1,6_,nu13)*FT1*g_(1,p4)*g_(2,nu14)*FT2(g6)*cFT(nu9,XX,i2,
         iufo3)*cFT(g7,XX,iufo3,i3)*flavourTag(fe,j11,j12)*Vec(nu14,q3)*Vec(
         nu9,q3)*Vec(nu10,q2)^2*Vec(nu13,q3)*xiw*xiz*ufoGC58^2*ufoGC76*ufoGC69
          - 1/4*g_(1,6_,nu13)*FT1*g_(1,p4)*g_(2,nu14)*FT2(g6)*cFT(nu9,XX,i2,
         iufo3)*cFT(g7,XX,iufo3,i3)*flavourTag(fe,j11,j12)*Vec(nu14,q3)*Vec(
         nu9,q3)*Vec(nu10,q2)*Vec(nu10,q3)*Vec(nu13,q2)*xiw*xiz*ufoGC58^2*
         ufoGC76*ufoGC69
          - 1/4*g_(1,6_,nu13)*FT1*g_(1,p4)*g_(2,nu14)*FT2(g6)*cFT(nu9,XX,i2,
         iufo3)*cFT(g7,XX,iufo3,i3)*flavourTag(fe,j11,j12)*Vec(nu14,q3)*Vec(
         nu9,q3)*Vec(nu10,q2)*Vec(nu10,q3)*Vec(nu13,q3)*xiw*xiz*ufoGC58^2*
         ufoGC76*ufoGC69
          - 1/8*g_(1,6_,nu13)*FT1*g_(1,p4)*g_(2,nu14)*FT2(g6)*cFT(nu9,XX,i2,
         iufo3)*cFT(g7,XX,iufo3,i3)*flavourTag(fe,j11,j12)*Vec(nu14,q3)*Vec(
         nu9,q3)*Vec(nu10,q3)^2*Vec(nu13,q2)*xiw*xiz*ufoGC58^2*ufoGC76*ufoGC69
          - 1/8*g_(1,6_,nu13)*FT1*g_(1,p4)*g_(2,nu14)*FT2(g6)*cFT(nu9,XX,i2,
         iufo3)*cFT(g7,XX,iufo3,i3)*flavourTag(fe,j11,j12)*Vec(nu14,q3)*Vec(
         nu9,q3)*Vec(nu10,q3)^2*Vec(nu13,q3)*xiw*xiz*ufoGC58^2*ufoGC76*ufoGC69
          - 1/4*g_(1,6_,nu13)*FT1*g_(1,p4)*g_(2,nu14)*FT2(g6)*cFT(nu9,XX,i2,
         iufo3)*cFT(g7,XX,iufo3,i3)*flavourTag(fe,j11,j12)*Vec(nu14,q3)*Vec(
         nu9,q3)*Vec(nu13,q2)*p4.p4*d^-1*xiw*xiz*ufoGC58^2*ufoGC76*ufoGC69
          - 1/4*g_(1,6_,nu13)*FT1*g_(1,p4)*g_(2,nu14)*FT2(g6)*cFT(nu9,XX,i2,
         iufo3)*cFT(g7,XX,iufo3,i3)*flavourTag(fe,j11,j12)*Vec(nu14,q3)*Vec(
         nu9,q3)*Vec(nu13,q3)*p4.p4*d^-1*xiw*xiz*ufoGC58^2*ufoGC76*ufoGC69
          - 1/4*g_(1,6_,nu13)*FT1*g_(1,p4)*g_(2,nu10)*FT2(g6)*cFT(nu9,XX,i2,
         iufo3)*cFT(g7,XX,iufo3,i3)*flavourTag(fe,j11,j12)*Vec(nu9,q2)*Vec(
         nu10,q2)*Vec(nu13,q2)*p4.p4*d^-1*xiw*xiz*ufoGC58^2*ufoGC76*ufoGC69
          - 1/4*g_(1,6_,nu13)*FT1*g_(1,p4)*g_(2,nu10)*FT2(g6)*cFT(nu9,XX,i2,
         iufo3)*cFT(g7,XX,iufo3,i3)*flavourTag(fe,j11,j12)*Vec(nu9,q2)*Vec(
         nu10,q2)*Vec(nu13,q3)*p4.p4*d^-1*xiw*xiz*ufoGC58^2*ufoGC76*ufoGC69
          - 1/4*g_(1,6_,nu13)*FT1*g_(1,p4)*g_(2,nu10)*FT2(g6)*cFT(nu9,XX,i2,
         iufo3)*cFT(g7,XX,iufo3,i3)*flavourTag(fe,j11,j12)*Vec(nu9,q2)*Vec(
         nu10,q3)*Vec(nu13,q2)*p4.p4*d^-1*xiw*xiz*ufoGC58^2*ufoGC76*ufoGC69
          - 1/4*g_(1,6_,nu13)*FT1*g_(1,p4)*g_(2,nu10)*FT2(g6)*cFT(nu9,XX,i2,
         iufo3)*cFT(g7,XX,iufo3,i3)*flavourTag(fe,j11,j12)*Vec(nu9,q2)*Vec(
         nu10,q3)*Vec(nu13,q3)*p4.p4*d^-1*xiw*xiz*ufoGC58^2*ufoGC76*ufoGC69
          - 1/4*g_(1,6_,nu13)*FT1*g_(1,p4)*g_(2,nu10)*FT2(g6)*cFT(nu9,XX,i2,
         iufo3)*cFT(g7,XX,iufo3,i3)*flavourTag(fe,j11,j12)*Vec(nu9,q3)*Vec(
         nu10,q2)*Vec(nu13,q2)*p4.p4*d^-1*xiw*xiz*ufoGC58^2*ufoGC76*ufoGC69
          - 1/4*g_(1,6_,nu13)*FT1*g_(1,p4)*g_(2,nu10)*FT2(g6)*cFT(nu9,XX,i2,
         iufo3)*cFT(g7,XX,iufo3,i3)*flavourTag(fe,j11,j12)*Vec(nu9,q3)*Vec(
         nu10,q2)*Vec(nu13,q3)*p4.p4*d^-1*xiw*xiz*ufoGC58^2*ufoGC76*ufoGC69
          - 1/4*g_(1,6_,nu13)*FT1*g_(1,p4)*g_(2,nu10)*FT2(g6)*cFT(nu9,XX,i2,
         iufo3)*cFT(g7,XX,iufo3,i3)*flavourTag(fe,j11,j12)*Vec(nu9,q3)*Vec(
         nu10,q3)*Vec(nu13,q2)*p4.p4*d^-1*xiw*xiz*ufoGC58^2*ufoGC76*ufoGC69
          - 1/4*g_(1,6_,nu13)*FT1*g_(1,p4)*g_(2,nu10)*FT2(g6)*cFT(nu9,XX,i2,
         iufo3)*cFT(g7,XX,iufo3,i3)*flavourTag(fe,j11,j12)*Vec(nu9,q3)*Vec(
         nu10,q3)*Vec(nu13,q3)*p4.p4*d^-1*xiw*xiz*ufoGC58^2*ufoGC76*ufoGC69
          - 1/8*g_(1,6_,nu13)*FT1*g_(1,p4)*g_(2,nu13)*FT2(g6)*cFT(nu9,XX,i2,
         iufo3)*cFT(g7,XX,iufo3,i3)*flavourTag(fe,j11,j12)*Vec(nu9,q2)*Vec(
         nu10,q2)^2*p4.p4*d^-1*xiw*xiz*ufoGC58^2*ufoGC76*ufoGC69
          - 1/4*g_(1,6_,nu13)*FT1*g_(1,p4)*g_(2,nu13)*FT2(g6)*cFT(nu9,XX,i2,
         iufo3)*cFT(g7,XX,iufo3,i3)*flavourTag(fe,j11,j12)*Vec(nu9,q2)*Vec(
         nu10,q2)*Vec(nu10,q3)*p4.p4*d^-1*xiw*xiz*ufoGC58^2*ufoGC76*ufoGC69
          - 1/8*g_(1,6_,nu13)*FT1*g_(1,p4)*g_(2,nu13)*FT2(g6)*cFT(nu9,XX,i2,
         iufo3)*cFT(g7,XX,iufo3,i3)*flavourTag(fe,j11,j12)*Vec(nu9,q2)*Vec(
         nu10,q3)^2*p4.p4*d^-1*xiw*xiz*ufoGC58^2*ufoGC76*ufoGC69
          - 1/8*g_(1,6_,nu13)*FT1*g_(1,p4)*g_(2,nu13)*FT2(g6)*cFT(nu9,XX,i2,
         iufo3)*cFT(g7,XX,iufo3,i3)*flavourTag(fe,j11,j12)*Vec(nu9,q3)*Vec(
         nu10,q2)^2*p4.p4*d^-1*xiw*xiz*ufoGC58^2*ufoGC76*ufoGC69
          - 1/4*g_(1,6_,nu13)*FT1*g_(1,p4)*g_(2,nu13)*FT2(g6)*cFT(nu9,XX,i2,
         iufo3)*cFT(g7,XX,iufo3,i3)*flavourTag(fe,j11,j12)*Vec(nu9,q3)*Vec(
         nu10,q2)*Vec(nu10,q3)*p4.p4*d^-1*xiw*xiz*ufoGC58^2*ufoGC76*ufoGC69
          - 1/8*g_(1,6_,nu13)*FT1*g_(1,p4)*g_(2,nu13)*FT2(g6)*cFT(nu9,XX,i2,
         iufo3)*cFT(g7,XX,iufo3,i3)*flavourTag(fe,j11,j12)*Vec(nu9,q3)*Vec(
         nu10,q3)^2*p4.p4*d^-1*xiw*xiz*ufoGC58^2*ufoGC76*ufoGC69
          + 1/8*g_(1,6_,nu13)*FT1*g_(1,q1)*g_(2,6_,nu14)*cFT(nu9,XX,i2,iufo3)*
         cFT(g7,XX,iufo3,i3)*flavourTag(fe,j11,j12)*Vec(nu14,q2)*Vec(nu9,q2)*
         Vec(nu10,q2)^2*Vec(nu13,q2)*xiw*xiz*ufoGC58^2*ufoGC80*ufoGC69
          + 1/8*g_(1,6_,nu13)*FT1*g_(1,q1)*g_(2,6_,nu14)*cFT(nu9,XX,i2,iufo3)*
         cFT(g7,XX,iufo3,i3)*flavourTag(fe,j11,j12)*Vec(nu14,q2)*Vec(nu9,q2)*
         Vec(nu10,q2)^2*Vec(nu13,q3)*xiw*xiz*ufoGC58^2*ufoGC80*ufoGC69
          + 1/4*g_(1,6_,nu13)*FT1*g_(1,q1)*g_(2,6_,nu14)*cFT(nu9,XX,i2,iufo3)*
         cFT(g7,XX,iufo3,i3)*flavourTag(fe,j11,j12)*Vec(nu14,q2)*Vec(nu9,q2)*
         Vec(nu10,q2)*Vec(nu10,q3)*Vec(nu13,q2)*xiw*xiz*ufoGC58^2*ufoGC80*
         ufoGC69
          + 1/4*g_(1,6_,nu13)*FT1*g_(1,q1)*g_(2,6_,nu14)*cFT(nu9,XX,i2,iufo3)*
         cFT(g7,XX,iufo3,i3)*flavourTag(fe,j11,j12)*Vec(nu14,q2)*Vec(nu9,q2)*
         Vec(nu10,q2)*Vec(nu10,q3)*Vec(nu13,q3)*xiw*xiz*ufoGC58^2*ufoGC80*
         ufoGC69
          + 1/8*g_(1,6_,nu13)*FT1*g_(1,q1)*g_(2,6_,nu14)*cFT(nu9,XX,i2,iufo3)*
         cFT(g7,XX,iufo3,i3)*flavourTag(fe,j11,j12)*Vec(nu14,q2)*Vec(nu9,q2)*
         Vec(nu10,q3)^2*Vec(nu13,q2)*xiw*xiz*ufoGC58^2*ufoGC80*ufoGC69
          + 1/8*g_(1,6_,nu13)*FT1*g_(1,q1)*g_(2,6_,nu14)*cFT(nu9,XX,i2,iufo3)*
         cFT(g7,XX,iufo3,i3)*flavourTag(fe,j11,j12)*Vec(nu14,q2)*Vec(nu9,q2)*
         Vec(nu10,q3)^2*Vec(nu13,q3)*xiw*xiz*ufoGC58^2*ufoGC80*ufoGC69
          + 1/4*g_(1,6_,nu13)*FT1*g_(1,q1)*g_(2,6_,nu14)*cFT(nu9,XX,i2,iufo3)*
         cFT(g7,XX,iufo3,i3)*flavourTag(fe,j11,j12)*Vec(nu14,q2)*Vec(nu9,q2)*
         Vec(nu13,q2)*p4.p4*d^-1*xiw*xiz*ufoGC58^2*ufoGC80*ufoGC69
          + 1/4*g_(1,6_,nu13)*FT1*g_(1,q1)*g_(2,6_,nu14)*cFT(nu9,XX,i2,iufo3)*
         cFT(g7,XX,iufo3,i3)*flavourTag(fe,j11,j12)*Vec(nu14,q2)*Vec(nu9,q2)*
         Vec(nu13,q3)*p4.p4*d^-1*xiw*xiz*ufoGC58^2*ufoGC80*ufoGC69
          + 1/8*g_(1,6_,nu13)*FT1*g_(1,q1)*g_(2,6_,nu14)*cFT(nu9,XX,i2,iufo3)*
         cFT(g7,XX,iufo3,i3)*flavourTag(fe,j11,j12)*Vec(nu14,q2)*Vec(nu9,q3)*
         Vec(nu10,q2)^2*Vec(nu13,q2)*xiw*xiz*ufoGC58^2*ufoGC80*ufoGC69
          + 1/8*g_(1,6_,nu13)*FT1*g_(1,q1)*g_(2,6_,nu14)*cFT(nu9,XX,i2,iufo3)*
         cFT(g7,XX,iufo3,i3)*flavourTag(fe,j11,j12)*Vec(nu14,q2)*Vec(nu9,q3)*
         Vec(nu10,q2)^2*Vec(nu13,q3)*xiw*xiz*ufoGC58^2*ufoGC80*ufoGC69
          + 1/4*g_(1,6_,nu13)*FT1*g_(1,q1)*g_(2,6_,nu14)*cFT(nu9,XX,i2,iufo3)*
         cFT(g7,XX,iufo3,i3)*flavourTag(fe,j11,j12)*Vec(nu14,q2)*Vec(nu9,q3)*
         Vec(nu10,q2)*Vec(nu10,q3)*Vec(nu13,q2)*xiw*xiz*ufoGC58^2*ufoGC80*
         ufoGC69
          + 1/4*g_(1,6_,nu13)*FT1*g_(1,q1)*g_(2,6_,nu14)*cFT(nu9,XX,i2,iufo3)*
         cFT(g7,XX,iufo3,i3)*flavourTag(fe,j11,j12)*Vec(nu14,q2)*Vec(nu9,q3)*
         Vec(nu10,q2)*Vec(nu10,q3)*Vec(nu13,q3)*xiw*xiz*ufoGC58^2*ufoGC80*
         ufoGC69
          + 1/8*g_(1,6_,nu13)*FT1*g_(1,q1)*g_(2,6_,nu14)*cFT(nu9,XX,i2,iufo3)*
         cFT(g7,XX,iufo3,i3)*flavourTag(fe,j11,j12)*Vec(nu14,q2)*Vec(nu9,q3)*
         Vec(nu10,q3)^2*Vec(nu13,q2)*xiw*xiz*ufoGC58^2*ufoGC80*ufoGC69
          + 1/8*g_(1,6_,nu13)*FT1*g_(1,q1)*g_(2,6_,nu14)*cFT(nu9,XX,i2,iufo3)*
         cFT(g7,XX,iufo3,i3)*flavourTag(fe,j11,j12)*Vec(nu14,q2)*Vec(nu9,q3)*
         Vec(nu10,q3)^2*Vec(nu13,q3)*xiw*xiz*ufoGC58^2*ufoGC80*ufoGC69
          + 1/4*g_(1,6_,nu13)*FT1*g_(1,q1)*g_(2,6_,nu14)*cFT(nu9,XX,i2,iufo3)*
         cFT(g7,XX,iufo3,i3)*flavourTag(fe,j11,j12)*Vec(nu14,q2)*Vec(nu9,q3)*
         Vec(nu13,q2)*p4.p4*d^-1*xiw*xiz*ufoGC58^2*ufoGC80*ufoGC69
          + 1/4*g_(1,6_,nu13)*FT1*g_(1,q1)*g_(2,6_,nu14)*cFT(nu9,XX,i2,iufo3)*
         cFT(g7,XX,iufo3,i3)*flavourTag(fe,j11,j12)*Vec(nu14,q2)*Vec(nu9,q3)*
         Vec(nu13,q3)*p4.p4*d^-1*xiw*xiz*ufoGC58^2*ufoGC80*ufoGC69
          + 1/8*g_(1,6_,nu13)*FT1*g_(1,q1)*g_(2,6_,nu14)*cFT(nu9,XX,i2,iufo3)*
         cFT(g7,XX,iufo3,i3)*flavourTag(fe,j11,j12)*Vec(nu14,q3)*Vec(nu9,q2)*
         Vec(nu10,q2)^2*Vec(nu13,q2)*xiw*xiz*ufoGC58^2*ufoGC80*ufoGC69
          + 1/8*g_(1,6_,nu13)*FT1*g_(1,q1)*g_(2,6_,nu14)*cFT(nu9,XX,i2,iufo3)*
         cFT(g7,XX,iufo3,i3)*flavourTag(fe,j11,j12)*Vec(nu14,q3)*Vec(nu9,q2)*
         Vec(nu10,q2)^2*Vec(nu13,q3)*xiw*xiz*ufoGC58^2*ufoGC80*ufoGC69
          + 1/4*g_(1,6_,nu13)*FT1*g_(1,q1)*g_(2,6_,nu14)*cFT(nu9,XX,i2,iufo3)*
         cFT(g7,XX,iufo3,i3)*flavourTag(fe,j11,j12)*Vec(nu14,q3)*Vec(nu9,q2)*
         Vec(nu10,q2)*Vec(nu10,q3)*Vec(nu13,q2)*xiw*xiz*ufoGC58^2*ufoGC80*
         ufoGC69
          + 1/4*g_(1,6_,nu13)*FT1*g_(1,q1)*g_(2,6_,nu14)*cFT(nu9,XX,i2,iufo3)*
         cFT(g7,XX,iufo3,i3)*flavourTag(fe,j11,j12)*Vec(nu14,q3)*Vec(nu9,q2)*
         Vec(nu10,q2)*Vec(nu10,q3)*Vec(nu13,q3)*xiw*xiz*ufoGC58^2*ufoGC80*
         ufoGC69
          + 1/8*g_(1,6_,nu13)*FT1*g_(1,q1)*g_(2,6_,nu14)*cFT(nu9,XX,i2,iufo3)*
         cFT(g7,XX,iufo3,i3)*flavourTag(fe,j11,j12)*Vec(nu14,q3)*Vec(nu9,q2)*
         Vec(nu10,q3)^2*Vec(nu13,q2)*xiw*xiz*ufoGC58^2*ufoGC80*ufoGC69
          + 1/8*g_(1,6_,nu13)*FT1*g_(1,q1)*g_(2,6_,nu14)*cFT(nu9,XX,i2,iufo3)*
         cFT(g7,XX,iufo3,i3)*flavourTag(fe,j11,j12)*Vec(nu14,q3)*Vec(nu9,q2)*
         Vec(nu10,q3)^2*Vec(nu13,q3)*xiw*xiz*ufoGC58^2*ufoGC80*ufoGC69
          + 1/4*g_(1,6_,nu13)*FT1*g_(1,q1)*g_(2,6_,nu14)*cFT(nu9,XX,i2,iufo3)*
         cFT(g7,XX,iufo3,i3)*flavourTag(fe,j11,j12)*Vec(nu14,q3)*Vec(nu9,q2)*
         Vec(nu13,q2)*p4.p4*d^-1*xiw*xiz*ufoGC58^2*ufoGC80*ufoGC69
          + 1/4*g_(1,6_,nu13)*FT1*g_(1,q1)*g_(2,6_,nu14)*cFT(nu9,XX,i2,iufo3)*
         cFT(g7,XX,iufo3,i3)*flavourTag(fe,j11,j12)*Vec(nu14,q3)*Vec(nu9,q2)*
         Vec(nu13,q3)*p4.p4*d^-1*xiw*xiz*ufoGC58^2*ufoGC80*ufoGC69
          + 1/8*g_(1,6_,nu13)*FT1*g_(1,q1)*g_(2,6_,nu14)*cFT(nu9,XX,i2,iufo3)*
         cFT(g7,XX,iufo3,i3)*flavourTag(fe,j11,j12)*Vec(nu14,q3)*Vec(nu9,q3)*
         Vec(nu10,q2)^2*Vec(nu13,q2)*xiw*xiz*ufoGC58^2*ufoGC80*ufoGC69
          + 1/8*g_(1,6_,nu13)*FT1*g_(1,q1)*g_(2,6_,nu14)*cFT(nu9,XX,i2,iufo3)*
         cFT(g7,XX,iufo3,i3)*flavourTag(fe,j11,j12)*Vec(nu14,q3)*Vec(nu9,q3)*
         Vec(nu10,q2)^2*Vec(nu13,q3)*xiw*xiz*ufoGC58^2*ufoGC80*ufoGC69
          + 1/4*g_(1,6_,nu13)*FT1*g_(1,q1)*g_(2,6_,nu14)*cFT(nu9,XX,i2,iufo3)*
         cFT(g7,XX,iufo3,i3)*flavourTag(fe,j11,j12)*Vec(nu14,q3)*Vec(nu9,q3)*
         Vec(nu10,q2)*Vec(nu10,q3)*Vec(nu13,q2)*xiw*xiz*ufoGC58^2*ufoGC80*
         ufoGC69
          + 1/4*g_(1,6_,nu13)*FT1*g_(1,q1)*g_(2,6_,nu14)*cFT(nu9,XX,i2,iufo3)*
         cFT(g7,XX,iufo3,i3)*flavourTag(fe,j11,j12)*Vec(nu14,q3)*Vec(nu9,q3)*
         Vec(nu10,q2)*Vec(nu10,q3)*Vec(nu13,q3)*xiw*xiz*ufoGC58^2*ufoGC80*
         ufoGC69
          + 1/8*g_(1,6_,nu13)*FT1*g_(1,q1)*g_(2,6_,nu14)*cFT(nu9,XX,i2,iufo3)*
         cFT(g7,XX,iufo3,i3)*flavourTag(fe,j11,j12)*Vec(nu14,q3)*Vec(nu9,q3)*
         Vec(nu10,q3)^2*Vec(nu13,q2)*xiw*xiz*ufoGC58^2*ufoGC80*ufoGC69
          + 1/8*g_(1,6_,nu13)*FT1*g_(1,q1)*g_(2,6_,nu14)*cFT(nu9,XX,i2,iufo3)*
         cFT(g7,XX,iufo3,i3)*flavourTag(fe,j11,j12)*Vec(nu14,q3)*Vec(nu9,q3)*
         Vec(nu10,q3)^2*Vec(nu13,q3)*xiw*xiz*ufoGC58^2*ufoGC80*ufoGC69
          + 1/4*g_(1,6_,nu13)*FT1*g_(1,q1)*g_(2,6_,nu14)*cFT(nu9,XX,i2,iufo3)*
         cFT(g7,XX,iufo3,i3)*flavourTag(fe,j11,j12)*Vec(nu14,q3)*Vec(nu9,q3)*
         Vec(nu13,q2)*p4.p4*d^-1*xiw*xiz*ufoGC58^2*ufoGC80*ufoGC69
          + 1/4*g_(1,6_,nu13)*FT1*g_(1,q1)*g_(2,6_,nu14)*cFT(nu9,XX,i2,iufo3)*
         cFT(g7,XX,iufo3,i3)*flavourTag(fe,j11,j12)*Vec(nu14,q3)*Vec(nu9,q3)*
         Vec(nu13,q3)*p4.p4*d^-1*xiw*xiz*ufoGC58^2*ufoGC80*ufoGC69
          + 1/4*g_(1,6_,nu13)*FT1*g_(1,q1)*g_(2,6_,nu10)*cFT(nu9,XX,i2,iufo3)*
         cFT(g7,XX,iufo3,i3)*flavourTag(fe,j11,j12)*Vec(nu9,q2)*Vec(nu10,q2)*
         Vec(nu13,q2)*p4.p4*d^-1*xiw*xiz*ufoGC58^2*ufoGC80*ufoGC69
          + 1/4*g_(1,6_,nu13)*FT1*g_(1,q1)*g_(2,6_,nu10)*cFT(nu9,XX,i2,iufo3)*
         cFT(g7,XX,iufo3,i3)*flavourTag(fe,j11,j12)*Vec(nu9,q2)*Vec(nu10,q2)*
         Vec(nu13,q3)*p4.p4*d^-1*xiw*xiz*ufoGC58^2*ufoGC80*ufoGC69
          + 1/4*g_(1,6_,nu13)*FT1*g_(1,q1)*g_(2,6_,nu10)*cFT(nu9,XX,i2,iufo3)*
         cFT(g7,XX,iufo3,i3)*flavourTag(fe,j11,j12)*Vec(nu9,q2)*Vec(nu10,q3)*
         Vec(nu13,q2)*p4.p4*d^-1*xiw*xiz*ufoGC58^2*ufoGC80*ufoGC69
          + 1/4*g_(1,6_,nu13)*FT1*g_(1,q1)*g_(2,6_,nu10)*cFT(nu9,XX,i2,iufo3)*
         cFT(g7,XX,iufo3,i3)*flavourTag(fe,j11,j12)*Vec(nu9,q2)*Vec(nu10,q3)*
         Vec(nu13,q3)*p4.p4*d^-1*xiw*xiz*ufoGC58^2*ufoGC80*ufoGC69
          + 1/4*g_(1,6_,nu13)*FT1*g_(1,q1)*g_(2,6_,nu10)*cFT(nu9,XX,i2,iufo3)*
         cFT(g7,XX,iufo3,i3)*flavourTag(fe,j11,j12)*Vec(nu9,q3)*Vec(nu10,q2)*
         Vec(nu13,q2)*p4.p4*d^-1*xiw*xiz*ufoGC58^2*ufoGC80*ufoGC69
          + 1/4*g_(1,6_,nu13)*FT1*g_(1,q1)*g_(2,6_,nu10)*cFT(nu9,XX,i2,iufo3)*
         cFT(g7,XX,iufo3,i3)*flavourTag(fe,j11,j12)*Vec(nu9,q3)*Vec(nu10,q2)*
         Vec(nu13,q3)*p4.p4*d^-1*xiw*xiz*ufoGC58^2*ufoGC80*ufoGC69
          + 1/4*g_(1,6_,nu13)*FT1*g_(1,q1)*g_(2,6_,nu10)*cFT(nu9,XX,i2,iufo3)*
         cFT(g7,XX,iufo3,i3)*flavourTag(fe,j11,j12)*Vec(nu9,q3)*Vec(nu10,q3)*
         Vec(nu13,q2)*p4.p4*d^-1*xiw*xiz*ufoGC58^2*ufoGC80*ufoGC69
          + 1/4*g_(1,6_,nu13)*FT1*g_(1,q1)*g_(2,6_,nu10)*cFT(nu9,XX,i2,iufo3)*
         cFT(g7,XX,iufo3,i3)*flavourTag(fe,j11,j12)*Vec(nu9,q3)*Vec(nu10,q3)*
         Vec(nu13,q3)*p4.p4*d^-1*xiw*xiz*ufoGC58^2*ufoGC80*ufoGC69
          + 1/8*g_(1,6_,nu13)*FT1*g_(1,q1)*g_(2,6_,nu13)*cFT(nu9,XX,i2,iufo3)*
         cFT(g7,XX,iufo3,i3)*flavourTag(fe,j11,j12)*Vec(nu9,q2)*Vec(nu10,q2)^2
         *p4.p4*d^-1*xiw*xiz*ufoGC58^2*ufoGC80*ufoGC69
          + 1/4*g_(1,6_,nu13)*FT1*g_(1,q1)*g_(2,6_,nu13)*cFT(nu9,XX,i2,iufo3)*
         cFT(g7,XX,iufo3,i3)*flavourTag(fe,j11,j12)*Vec(nu9,q2)*Vec(nu10,q2)*
         Vec(nu10,q3)*p4.p4*d^-1*xiw*xiz*ufoGC58^2*ufoGC80*ufoGC69
          + 1/8*g_(1,6_,nu13)*FT1*g_(1,q1)*g_(2,6_,nu13)*cFT(nu9,XX,i2,iufo3)*
         cFT(g7,XX,iufo3,i3)*flavourTag(fe,j11,j12)*Vec(nu9,q2)*Vec(nu10,q3)^2
         *p4.p4*d^-1*xiw*xiz*ufoGC58^2*ufoGC80*ufoGC69
          + 1/8*g_(1,6_,nu13)*FT1*g_(1,q1)*g_(2,6_,nu13)*cFT(nu9,XX,i2,iufo3)*
         cFT(g7,XX,iufo3,i3)*flavourTag(fe,j11,j12)*Vec(nu9,q3)*Vec(nu10,q2)^2
         *p4.p4*d^-1*xiw*xiz*ufoGC58^2*ufoGC80*ufoGC69
          + 1/4*g_(1,6_,nu13)*FT1*g_(1,q1)*g_(2,6_,nu13)*cFT(nu9,XX,i2,iufo3)*
         cFT(g7,XX,iufo3,i3)*flavourTag(fe,j11,j12)*Vec(nu9,q3)*Vec(nu10,q2)*
         Vec(nu10,q3)*p4.p4*d^-1*xiw*xiz*ufoGC58^2*ufoGC80*ufoGC69
          + 1/8*g_(1,6_,nu13)*FT1*g_(1,q1)*g_(2,6_,nu13)*cFT(nu9,XX,i2,iufo3)*
         cFT(g7,XX,iufo3,i3)*flavourTag(fe,j11,j12)*Vec(nu9,q3)*Vec(nu10,q3)^2
         *p4.p4*d^-1*xiw*xiz*ufoGC58^2*ufoGC80*ufoGC69
          + 1/8*g_(1,6_,nu13)*FT1*g_(1,q1)*g_(2,nu14)*FT2(g6)*cFT(nu9,XX,i2,
         iufo3)*cFT(g7,XX,iufo3,i3)*flavourTag(fe,j11,j12)*Vec(nu14,q2)*Vec(
         nu9,q2)*Vec(nu10,q2)^2*Vec(nu13,q2)*xiw*xiz*ufoGC58^2*ufoGC76*ufoGC69
          + 1/8*g_(1,6_,nu13)*FT1*g_(1,q1)*g_(2,nu14)*FT2(g6)*cFT(nu9,XX,i2,
         iufo3)*cFT(g7,XX,iufo3,i3)*flavourTag(fe,j11,j12)*Vec(nu14,q2)*Vec(
         nu9,q2)*Vec(nu10,q2)^2*Vec(nu13,q3)*xiw*xiz*ufoGC58^2*ufoGC76*ufoGC69
          + 1/4*g_(1,6_,nu13)*FT1*g_(1,q1)*g_(2,nu14)*FT2(g6)*cFT(nu9,XX,i2,
         iufo3)*cFT(g7,XX,iufo3,i3)*flavourTag(fe,j11,j12)*Vec(nu14,q2)*Vec(
         nu9,q2)*Vec(nu10,q2)*Vec(nu10,q3)*Vec(nu13,q2)*xiw*xiz*ufoGC58^2*
         ufoGC76*ufoGC69
          + 1/4*g_(1,6_,nu13)*FT1*g_(1,q1)*g_(2,nu14)*FT2(g6)*cFT(nu9,XX,i2,
         iufo3)*cFT(g7,XX,iufo3,i3)*flavourTag(fe,j11,j12)*Vec(nu14,q2)*Vec(
         nu9,q2)*Vec(nu10,q2)*Vec(nu10,q3)*Vec(nu13,q3)*xiw*xiz*ufoGC58^2*
         ufoGC76*ufoGC69
          + 1/8*g_(1,6_,nu13)*FT1*g_(1,q1)*g_(2,nu14)*FT2(g6)*cFT(nu9,XX,i2,
         iufo3)*cFT(g7,XX,iufo3,i3)*flavourTag(fe,j11,j12)*Vec(nu14,q2)*Vec(
         nu9,q2)*Vec(nu10,q3)^2*Vec(nu13,q2)*xiw*xiz*ufoGC58^2*ufoGC76*ufoGC69
          + 1/8*g_(1,6_,nu13)*FT1*g_(1,q1)*g_(2,nu14)*FT2(g6)*cFT(nu9,XX,i2,
         iufo3)*cFT(g7,XX,iufo3,i3)*flavourTag(fe,j11,j12)*Vec(nu14,q2)*Vec(
         nu9,q2)*Vec(nu10,q3)^2*Vec(nu13,q3)*xiw*xiz*ufoGC58^2*ufoGC76*ufoGC69
          + 1/4*g_(1,6_,nu13)*FT1*g_(1,q1)*g_(2,nu14)*FT2(g6)*cFT(nu9,XX,i2,
         iufo3)*cFT(g7,XX,iufo3,i3)*flavourTag(fe,j11,j12)*Vec(nu14,q2)*Vec(
         nu9,q2)*Vec(nu13,q2)*p4.p4*d^-1*xiw*xiz*ufoGC58^2*ufoGC76*ufoGC69
          + 1/4*g_(1,6_,nu13)*FT1*g_(1,q1)*g_(2,nu14)*FT2(g6)*cFT(nu9,XX,i2,
         iufo3)*cFT(g7,XX,iufo3,i3)*flavourTag(fe,j11,j12)*Vec(nu14,q2)*Vec(
         nu9,q2)*Vec(nu13,q3)*p4.p4*d^-1*xiw*xiz*ufoGC58^2*ufoGC76*ufoGC69
          + 1/8*g_(1,6_,nu13)*FT1*g_(1,q1)*g_(2,nu14)*FT2(g6)*cFT(nu9,XX,i2,
         iufo3)*cFT(g7,XX,iufo3,i3)*flavourTag(fe,j11,j12)*Vec(nu14,q2)*Vec(
         nu9,q3)*Vec(nu10,q2)^2*Vec(nu13,q2)*xiw*xiz*ufoGC58^2*ufoGC76*ufoGC69
          + 1/8*g_(1,6_,nu13)*FT1*g_(1,q1)*g_(2,nu14)*FT2(g6)*cFT(nu9,XX,i2,
         iufo3)*cFT(g7,XX,iufo3,i3)*flavourTag(fe,j11,j12)*Vec(nu14,q2)*Vec(
         nu9,q3)*Vec(nu10,q2)^2*Vec(nu13,q3)*xiw*xiz*ufoGC58^2*ufoGC76*ufoGC69
          + 1/4*g_(1,6_,nu13)*FT1*g_(1,q1)*g_(2,nu14)*FT2(g6)*cFT(nu9,XX,i2,
         iufo3)*cFT(g7,XX,iufo3,i3)*flavourTag(fe,j11,j12)*Vec(nu14,q2)*Vec(
         nu9,q3)*Vec(nu10,q2)*Vec(nu10,q3)*Vec(nu13,q2)*xiw*xiz*ufoGC58^2*
         ufoGC76*ufoGC69
          + 1/4*g_(1,6_,nu13)*FT1*g_(1,q1)*g_(2,nu14)*FT2(g6)*cFT(nu9,XX,i2,
         iufo3)*cFT(g7,XX,iufo3,i3)*flavourTag(fe,j11,j12)*Vec(nu14,q2)*Vec(
         nu9,q3)*Vec(nu10,q2)*Vec(nu10,q3)*Vec(nu13,q3)*xiw*xiz*ufoGC58^2*
         ufoGC76*ufoGC69
          + 1/8*g_(1,6_,nu13)*FT1*g_(1,q1)*g_(2,nu14)*FT2(g6)*cFT(nu9,XX,i2,
         iufo3)*cFT(g7,XX,iufo3,i3)*flavourTag(fe,j11,j12)*Vec(nu14,q2)*Vec(
         nu9,q3)*Vec(nu10,q3)^2*Vec(nu13,q2)*xiw*xiz*ufoGC58^2*ufoGC76*ufoGC69
          + 1/8*g_(1,6_,nu13)*FT1*g_(1,q1)*g_(2,nu14)*FT2(g6)*cFT(nu9,XX,i2,
         iufo3)*cFT(g7,XX,iufo3,i3)*flavourTag(fe,j11,j12)*Vec(nu14,q2)*Vec(
         nu9,q3)*Vec(nu10,q3)^2*Vec(nu13,q3)*xiw*xiz*ufoGC58^2*ufoGC76*ufoGC69
          + 1/4*g_(1,6_,nu13)*FT1*g_(1,q1)*g_(2,nu14)*FT2(g6)*cFT(nu9,XX,i2,
         iufo3)*cFT(g7,XX,iufo3,i3)*flavourTag(fe,j11,j12)*Vec(nu14,q2)*Vec(
         nu9,q3)*Vec(nu13,q2)*p4.p4*d^-1*xiw*xiz*ufoGC58^2*ufoGC76*ufoGC69
          + 1/4*g_(1,6_,nu13)*FT1*g_(1,q1)*g_(2,nu14)*FT2(g6)*cFT(nu9,XX,i2,
         iufo3)*cFT(g7,XX,iufo3,i3)*flavourTag(fe,j11,j12)*Vec(nu14,q2)*Vec(
         nu9,q3)*Vec(nu13,q3)*p4.p4*d^-1*xiw*xiz*ufoGC58^2*ufoGC76*ufoGC69
          + 1/8*g_(1,6_,nu13)*FT1*g_(1,q1)*g_(2,nu14)*FT2(g6)*cFT(nu9,XX,i2,
         iufo3)*cFT(g7,XX,iufo3,i3)*flavourTag(fe,j11,j12)*Vec(nu14,q3)*Vec(
         nu9,q2)*Vec(nu10,q2)^2*Vec(nu13,q2)*xiw*xiz*ufoGC58^2*ufoGC76*ufoGC69
          + 1/8*g_(1,6_,nu13)*FT1*g_(1,q1)*g_(2,nu14)*FT2(g6)*cFT(nu9,XX,i2,
         iufo3)*cFT(g7,XX,iufo3,i3)*flavourTag(fe,j11,j12)*Vec(nu14,q3)*Vec(
         nu9,q2)*Vec(nu10,q2)^2*Vec(nu13,q3)*xiw*xiz*ufoGC58^2*ufoGC76*ufoGC69
          + 1/4*g_(1,6_,nu13)*FT1*g_(1,q1)*g_(2,nu14)*FT2(g6)*cFT(nu9,XX,i2,
         iufo3)*cFT(g7,XX,iufo3,i3)*flavourTag(fe,j11,j12)*Vec(nu14,q3)*Vec(
         nu9,q2)*Vec(nu10,q2)*Vec(nu10,q3)*Vec(nu13,q2)*xiw*xiz*ufoGC58^2*
         ufoGC76*ufoGC69
          + 1/4*g_(1,6_,nu13)*FT1*g_(1,q1)*g_(2,nu14)*FT2(g6)*cFT(nu9,XX,i2,
         iufo3)*cFT(g7,XX,iufo3,i3)*flavourTag(fe,j11,j12)*Vec(nu14,q3)*Vec(
         nu9,q2)*Vec(nu10,q2)*Vec(nu10,q3)*Vec(nu13,q3)*xiw*xiz*ufoGC58^2*
         ufoGC76*ufoGC69
          + 1/8*g_(1,6_,nu13)*FT1*g_(1,q1)*g_(2,nu14)*FT2(g6)*cFT(nu9,XX,i2,
         iufo3)*cFT(g7,XX,iufo3,i3)*flavourTag(fe,j11,j12)*Vec(nu14,q3)*Vec(
         nu9,q2)*Vec(nu10,q3)^2*Vec(nu13,q2)*xiw*xiz*ufoGC58^2*ufoGC76*ufoGC69
          + 1/8*g_(1,6_,nu13)*FT1*g_(1,q1)*g_(2,nu14)*FT2(g6)*cFT(nu9,XX,i2,
         iufo3)*cFT(g7,XX,iufo3,i3)*flavourTag(fe,j11,j12)*Vec(nu14,q3)*Vec(
         nu9,q2)*Vec(nu10,q3)^2*Vec(nu13,q3)*xiw*xiz*ufoGC58^2*ufoGC76*ufoGC69
          + 1/4*g_(1,6_,nu13)*FT1*g_(1,q1)*g_(2,nu14)*FT2(g6)*cFT(nu9,XX,i2,
         iufo3)*cFT(g7,XX,iufo3,i3)*flavourTag(fe,j11,j12)*Vec(nu14,q3)*Vec(
         nu9,q2)*Vec(nu13,q2)*p4.p4*d^-1*xiw*xiz*ufoGC58^2*ufoGC76*ufoGC69
          + 1/4*g_(1,6_,nu13)*FT1*g_(1,q1)*g_(2,nu14)*FT2(g6)*cFT(nu9,XX,i2,
         iufo3)*cFT(g7,XX,iufo3,i3)*flavourTag(fe,j11,j12)*Vec(nu14,q3)*Vec(
         nu9,q2)*Vec(nu13,q3)*p4.p4*d^-1*xiw*xiz*ufoGC58^2*ufoGC76*ufoGC69
          + 1/8*g_(1,6_,nu13)*FT1*g_(1,q1)*g_(2,nu14)*FT2(g6)*cFT(nu9,XX,i2,
         iufo3)*cFT(g7,XX,iufo3,i3)*flavourTag(fe,j11,j12)*Vec(nu14,q3)*Vec(
         nu9,q3)*Vec(nu10,q2)^2*Vec(nu13,q2)*xiw*xiz*ufoGC58^2*ufoGC76*ufoGC69
          + 1/8*g_(1,6_,nu13)*FT1*g_(1,q1)*g_(2,nu14)*FT2(g6)*cFT(nu9,XX,i2,
         iufo3)*cFT(g7,XX,iufo3,i3)*flavourTag(fe,j11,j12)*Vec(nu14,q3)*Vec(
         nu9,q3)*Vec(nu10,q2)^2*Vec(nu13,q3)*xiw*xiz*ufoGC58^2*ufoGC76*ufoGC69
          + 1/4*g_(1,6_,nu13)*FT1*g_(1,q1)*g_(2,nu14)*FT2(g6)*cFT(nu9,XX,i2,
         iufo3)*cFT(g7,XX,iufo3,i3)*flavourTag(fe,j11,j12)*Vec(nu14,q3)*Vec(
         nu9,q3)*Vec(nu10,q2)*Vec(nu10,q3)*Vec(nu13,q2)*xiw*xiz*ufoGC58^2*
         ufoGC76*ufoGC69
          + 1/4*g_(1,6_,nu13)*FT1*g_(1,q1)*g_(2,nu14)*FT2(g6)*cFT(nu9,XX,i2,
         iufo3)*cFT(g7,XX,iufo3,i3)*flavourTag(fe,j11,j12)*Vec(nu14,q3)*Vec(
         nu9,q3)*Vec(nu10,q2)*Vec(nu10,q3)*Vec(nu13,q3)*xiw*xiz*ufoGC58^2*
         ufoGC76*ufoGC69
          + 1/8*g_(1,6_,nu13)*FT1*g_(1,q1)*g_(2,nu14)*FT2(g6)*cFT(nu9,XX,i2,
         iufo3)*cFT(g7,XX,iufo3,i3)*flavourTag(fe,j11,j12)*Vec(nu14,q3)*Vec(
         nu9,q3)*Vec(nu10,q3)^2*Vec(nu13,q2)*xiw*xiz*ufoGC58^2*ufoGC76*ufoGC69
          + 1/8*g_(1,6_,nu13)*FT1*g_(1,q1)*g_(2,nu14)*FT2(g6)*cFT(nu9,XX,i2,
         iufo3)*cFT(g7,XX,iufo3,i3)*flavourTag(fe,j11,j12)*Vec(nu14,q3)*Vec(
         nu9,q3)*Vec(nu10,q3)^2*Vec(nu13,q3)*xiw*xiz*ufoGC58^2*ufoGC76*ufoGC69
          + 1/4*g_(1,6_,nu13)*FT1*g_(1,q1)*g_(2,nu14)*FT2(g6)*cFT(nu9,XX,i2,
         iufo3)*cFT(g7,XX,iufo3,i3)*flavourTag(fe,j11,j12)*Vec(nu14,q3)*Vec(
         nu9,q3)*Vec(nu13,q2)*p4.p4*d^-1*xiw*xiz*ufoGC58^2*ufoGC76*ufoGC69
          + 1/4*g_(1,6_,nu13)*FT1*g_(1,q1)*g_(2,nu14)*FT2(g6)*cFT(nu9,XX,i2,
         iufo3)*cFT(g7,XX,iufo3,i3)*flavourTag(fe,j11,j12)*Vec(nu14,q3)*Vec(
         nu9,q3)*Vec(nu13,q3)*p4.p4*d^-1*xiw*xiz*ufoGC58^2*ufoGC76*ufoGC69
          + 1/4*g_(1,6_,nu13)*FT1*g_(1,q1)*g_(2,nu10)*FT2(g6)*cFT(nu9,XX,i2,
         iufo3)*cFT(g7,XX,iufo3,i3)*flavourTag(fe,j11,j12)*Vec(nu9,q2)*Vec(
         nu10,q2)*Vec(nu13,q2)*p4.p4*d^-1*xiw*xiz*ufoGC58^2*ufoGC76*ufoGC69
          + 1/4*g_(1,6_,nu13)*FT1*g_(1,q1)*g_(2,nu10)*FT2(g6)*cFT(nu9,XX,i2,
         iufo3)*cFT(g7,XX,iufo3,i3)*flavourTag(fe,j11,j12)*Vec(nu9,q2)*Vec(
         nu10,q2)*Vec(nu13,q3)*p4.p4*d^-1*xiw*xiz*ufoGC58^2*ufoGC76*ufoGC69
          + 1/4*g_(1,6_,nu13)*FT1*g_(1,q1)*g_(2,nu10)*FT2(g6)*cFT(nu9,XX,i2,
         iufo3)*cFT(g7,XX,iufo3,i3)*flavourTag(fe,j11,j12)*Vec(nu9,q2)*Vec(
         nu10,q3)*Vec(nu13,q2)*p4.p4*d^-1*xiw*xiz*ufoGC58^2*ufoGC76*ufoGC69
          + 1/4*g_(1,6_,nu13)*FT1*g_(1,q1)*g_(2,nu10)*FT2(g6)*cFT(nu9,XX,i2,
         iufo3)*cFT(g7,XX,iufo3,i3)*flavourTag(fe,j11,j12)*Vec(nu9,q2)*Vec(
         nu10,q3)*Vec(nu13,q3)*p4.p4*d^-1*xiw*xiz*ufoGC58^2*ufoGC76*ufoGC69
          + 1/4*g_(1,6_,nu13)*FT1*g_(1,q1)*g_(2,nu10)*FT2(g6)*cFT(nu9,XX,i2,
         iufo3)*cFT(g7,XX,iufo3,i3)*flavourTag(fe,j11,j12)*Vec(nu9,q3)*Vec(
         nu10,q2)*Vec(nu13,q2)*p4.p4*d^-1*xiw*xiz*ufoGC58^2*ufoGC76*ufoGC69
          + 1/4*g_(1,6_,nu13)*FT1*g_(1,q1)*g_(2,nu10)*FT2(g6)*cFT(nu9,XX,i2,
         iufo3)*cFT(g7,XX,iufo3,i3)*flavourTag(fe,j11,j12)*Vec(nu9,q3)*Vec(
         nu10,q2)*Vec(nu13,q3)*p4.p4*d^-1*xiw*xiz*ufoGC58^2*ufoGC76*ufoGC69
          + 1/4*g_(1,6_,nu13)*FT1*g_(1,q1)*g_(2,nu10)*FT2(g6)*cFT(nu9,XX,i2,
         iufo3)*cFT(g7,XX,iufo3,i3)*flavourTag(fe,j11,j12)*Vec(nu9,q3)*Vec(
         nu10,q3)*Vec(nu13,q2)*p4.p4*d^-1*xiw*xiz*ufoGC58^2*ufoGC76*ufoGC69
          + 1/4*g_(1,6_,nu13)*FT1*g_(1,q1)*g_(2,nu10)*FT2(g6)*cFT(nu9,XX,i2,
         iufo3)*cFT(g7,XX,iufo3,i3)*flavourTag(fe,j11,j12)*Vec(nu9,q3)*Vec(
         nu10,q3)*Vec(nu13,q3)*p4.p4*d^-1*xiw*xiz*ufoGC58^2*ufoGC76*ufoGC69
          + 1/8*g_(1,6_,nu13)*FT1*g_(1,q1)*g_(2,nu13)*FT2(g6)*cFT(nu9,XX,i2,
         iufo3)*cFT(g7,XX,iufo3,i3)*flavourTag(fe,j11,j12)*Vec(nu9,q2)*Vec(
         nu10,q2)^2*p4.p4*d^-1*xiw*xiz*ufoGC58^2*ufoGC76*ufoGC69
          + 1/4*g_(1,6_,nu13)*FT1*g_(1,q1)*g_(2,nu13)*FT2(g6)*cFT(nu9,XX,i2,
         iufo3)*cFT(g7,XX,iufo3,i3)*flavourTag(fe,j11,j12)*Vec(nu9,q2)*Vec(
         nu10,q2)*Vec(nu10,q3)*p4.p4*d^-1*xiw*xiz*ufoGC58^2*ufoGC76*ufoGC69
          + 1/8*g_(1,6_,nu13)*FT1*g_(1,q1)*g_(2,nu13)*FT2(g6)*cFT(nu9,XX,i2,
         iufo3)*cFT(g7,XX,iufo3,i3)*flavourTag(fe,j11,j12)*Vec(nu9,q2)*Vec(
         nu10,q3)^2*p4.p4*d^-1*xiw*xiz*ufoGC58^2*ufoGC76*ufoGC69
          + 1/8*g_(1,6_,nu13)*FT1*g_(1,q1)*g_(2,nu13)*FT2(g6)*cFT(nu9,XX,i2,
         iufo3)*cFT(g7,XX,iufo3,i3)*flavourTag(fe,j11,j12)*Vec(nu9,q3)*Vec(
         nu10,q2)^2*p4.p4*d^-1*xiw*xiz*ufoGC58^2*ufoGC76*ufoGC69
          + 1/4*g_(1,6_,nu13)*FT1*g_(1,q1)*g_(2,nu13)*FT2(g6)*cFT(nu9,XX,i2,
         iufo3)*cFT(g7,XX,iufo3,i3)*flavourTag(fe,j11,j12)*Vec(nu9,q3)*Vec(
         nu10,q2)*Vec(nu10,q3)*p4.p4*d^-1*xiw*xiz*ufoGC58^2*ufoGC76*ufoGC69
          + 1/8*g_(1,6_,nu13)*FT1*g_(1,q1)*g_(2,nu13)*FT2(g6)*cFT(nu9,XX,i2,
         iufo3)*cFT(g7,XX,iufo3,i3)*flavourTag(fe,j11,j12)*Vec(nu9,q3)*Vec(
         nu10,q3)^2*p4.p4*d^-1*xiw*xiz*ufoGC58^2*ufoGC76*ufoGC69
          + 1/8*g_(1,6_,nu13)*FT1*g_(1,q2)*g_(2,6_,nu14)*cFT(nu9,XX,i2,iufo3)*
         cFT(g7,XX,iufo3,i3)*flavourTag(fe,j11,j12)*Vec(nu14,q2)*Vec(nu9,q2)*
         Vec(nu10,q2)^2*Vec(nu13,q2)*xiw*xiz*ufoGC58^2*ufoGC80*ufoGC69
          + 1/8*g_(1,6_,nu13)*FT1*g_(1,q2)*g_(2,6_,nu14)*cFT(nu9,XX,i2,iufo3)*
         cFT(g7,XX,iufo3,i3)*flavourTag(fe,j11,j12)*Vec(nu14,q2)*Vec(nu9,q2)*
         Vec(nu10,q2)^2*Vec(nu13,q3)*xiw*xiz*ufoGC58^2*ufoGC80*ufoGC69
          + 1/4*g_(1,6_,nu13)*FT1*g_(1,q2)*g_(2,6_,nu14)*cFT(nu9,XX,i2,iufo3)*
         cFT(g7,XX,iufo3,i3)*flavourTag(fe,j11,j12)*Vec(nu14,q2)*Vec(nu9,q2)*
         Vec(nu10,q2)*Vec(nu10,q3)*Vec(nu13,q2)*xiw*xiz*ufoGC58^2*ufoGC80*
         ufoGC69
          + 1/4*g_(1,6_,nu13)*FT1*g_(1,q2)*g_(2,6_,nu14)*cFT(nu9,XX,i2,iufo3)*
         cFT(g7,XX,iufo3,i3)*flavourTag(fe,j11,j12)*Vec(nu14,q2)*Vec(nu9,q2)*
         Vec(nu10,q2)*Vec(nu10,q3)*Vec(nu13,q3)*xiw*xiz*ufoGC58^2*ufoGC80*
         ufoGC69
          + 1/8*g_(1,6_,nu13)*FT1*g_(1,q2)*g_(2,6_,nu14)*cFT(nu9,XX,i2,iufo3)*
         cFT(g7,XX,iufo3,i3)*flavourTag(fe,j11,j12)*Vec(nu14,q2)*Vec(nu9,q2)*
         Vec(nu10,q3)^2*Vec(nu13,q2)*xiw*xiz*ufoGC58^2*ufoGC80*ufoGC69
          + 1/8*g_(1,6_,nu13)*FT1*g_(1,q2)*g_(2,6_,nu14)*cFT(nu9,XX,i2,iufo3)*
         cFT(g7,XX,iufo3,i3)*flavourTag(fe,j11,j12)*Vec(nu14,q2)*Vec(nu9,q2)*
         Vec(nu10,q3)^2*Vec(nu13,q3)*xiw*xiz*ufoGC58^2*ufoGC80*ufoGC69
          + 1/4*g_(1,6_,nu13)*FT1*g_(1,q2)*g_(2,6_,nu14)*cFT(nu9,XX,i2,iufo3)*
         cFT(g7,XX,iufo3,i3)*flavourTag(fe,j11,j12)*Vec(nu14,q2)*Vec(nu9,q2)*
         Vec(nu13,q2)*p4.p4*d^-1*xiw*xiz*ufoGC58^2*ufoGC80*ufoGC69
          + 1/4*g_(1,6_,nu13)*FT1*g_(1,q2)*g_(2,6_,nu14)*cFT(nu9,XX,i2,iufo3)*
         cFT(g7,XX,iufo3,i3)*flavourTag(fe,j11,j12)*Vec(nu14,q2)*Vec(nu9,q2)*
         Vec(nu13,q3)*p4.p4*d^-1*xiw*xiz*ufoGC58^2*ufoGC80*ufoGC69
          + 1/8*g_(1,6_,nu13)*FT1*g_(1,q2)*g_(2,6_,nu14)*cFT(nu9,XX,i2,iufo3)*
         cFT(g7,XX,iufo3,i3)*flavourTag(fe,j11,j12)*Vec(nu14,q2)*Vec(nu9,q3)*
         Vec(nu10,q2)^2*Vec(nu13,q2)*xiw*xiz*ufoGC58^2*ufoGC80*ufoGC69
          + 1/8*g_(1,6_,nu13)*FT1*g_(1,q2)*g_(2,6_,nu14)*cFT(nu9,XX,i2,iufo3)*
         cFT(g7,XX,iufo3,i3)*flavourTag(fe,j11,j12)*Vec(nu14,q2)*Vec(nu9,q3)*
         Vec(nu10,q2)^2*Vec(nu13,q3)*xiw*xiz*ufoGC58^2*ufoGC80*ufoGC69
          + 1/4*g_(1,6_,nu13)*FT1*g_(1,q2)*g_(2,6_,nu14)*cFT(nu9,XX,i2,iufo3)*
         cFT(g7,XX,iufo3,i3)*flavourTag(fe,j11,j12)*Vec(nu14,q2)*Vec(nu9,q3)*
         Vec(nu10,q2)*Vec(nu10,q3)*Vec(nu13,q2)*xiw*xiz*ufoGC58^2*ufoGC80*
         ufoGC69
          + 1/4*g_(1,6_,nu13)*FT1*g_(1,q2)*g_(2,6_,nu14)*cFT(nu9,XX,i2,iufo3)*
         cFT(g7,XX,iufo3,i3)*flavourTag(fe,j11,j12)*Vec(nu14,q2)*Vec(nu9,q3)*
         Vec(nu10,q2)*Vec(nu10,q3)*Vec(nu13,q3)*xiw*xiz*ufoGC58^2*ufoGC80*
         ufoGC69
          + 1/8*g_(1,6_,nu13)*FT1*g_(1,q2)*g_(2,6_,nu14)*cFT(nu9,XX,i2,iufo3)*
         cFT(g7,XX,iufo3,i3)*flavourTag(fe,j11,j12)*Vec(nu14,q2)*Vec(nu9,q3)*
         Vec(nu10,q3)^2*Vec(nu13,q2)*xiw*xiz*ufoGC58^2*ufoGC80*ufoGC69
          + 1/8*g_(1,6_,nu13)*FT1*g_(1,q2)*g_(2,6_,nu14)*cFT(nu9,XX,i2,iufo3)*
         cFT(g7,XX,iufo3,i3)*flavourTag(fe,j11,j12)*Vec(nu14,q2)*Vec(nu9,q3)*
         Vec(nu10,q3)^2*Vec(nu13,q3)*xiw*xiz*ufoGC58^2*ufoGC80*ufoGC69
          + 1/4*g_(1,6_,nu13)*FT1*g_(1,q2)*g_(2,6_,nu14)*cFT(nu9,XX,i2,iufo3)*
         cFT(g7,XX,iufo3,i3)*flavourTag(fe,j11,j12)*Vec(nu14,q2)*Vec(nu9,q3)*
         Vec(nu13,q2)*p4.p4*d^-1*xiw*xiz*ufoGC58^2*ufoGC80*ufoGC69
          + 1/4*g_(1,6_,nu13)*FT1*g_(1,q2)*g_(2,6_,nu14)*cFT(nu9,XX,i2,iufo3)*
         cFT(g7,XX,iufo3,i3)*flavourTag(fe,j11,j12)*Vec(nu14,q2)*Vec(nu9,q3)*
         Vec(nu13,q3)*p4.p4*d^-1*xiw*xiz*ufoGC58^2*ufoGC80*ufoGC69
          + 1/8*g_(1,6_,nu13)*FT1*g_(1,q2)*g_(2,6_,nu14)*cFT(nu9,XX,i2,iufo3)*
         cFT(g7,XX,iufo3,i3)*flavourTag(fe,j11,j12)*Vec(nu14,q3)*Vec(nu9,q2)*
         Vec(nu10,q2)^2*Vec(nu13,q2)*xiw*xiz*ufoGC58^2*ufoGC80*ufoGC69
          + 1/8*g_(1,6_,nu13)*FT1*g_(1,q2)*g_(2,6_,nu14)*cFT(nu9,XX,i2,iufo3)*
         cFT(g7,XX,iufo3,i3)*flavourTag(fe,j11,j12)*Vec(nu14,q3)*Vec(nu9,q2)*
         Vec(nu10,q2)^2*Vec(nu13,q3)*xiw*xiz*ufoGC58^2*ufoGC80*ufoGC69
          + 1/4*g_(1,6_,nu13)*FT1*g_(1,q2)*g_(2,6_,nu14)*cFT(nu9,XX,i2,iufo3)*
         cFT(g7,XX,iufo3,i3)*flavourTag(fe,j11,j12)*Vec(nu14,q3)*Vec(nu9,q2)*
         Vec(nu10,q2)*Vec(nu10,q3)*Vec(nu13,q2)*xiw*xiz*ufoGC58^2*ufoGC80*
         ufoGC69
          + 1/4*g_(1,6_,nu13)*FT1*g_(1,q2)*g_(2,6_,nu14)*cFT(nu9,XX,i2,iufo3)*
         cFT(g7,XX,iufo3,i3)*flavourTag(fe,j11,j12)*Vec(nu14,q3)*Vec(nu9,q2)*
         Vec(nu10,q2)*Vec(nu10,q3)*Vec(nu13,q3)*xiw*xiz*ufoGC58^2*ufoGC80*
         ufoGC69
          + 1/8*g_(1,6_,nu13)*FT1*g_(1,q2)*g_(2,6_,nu14)*cFT(nu9,XX,i2,iufo3)*
         cFT(g7,XX,iufo3,i3)*flavourTag(fe,j11,j12)*Vec(nu14,q3)*Vec(nu9,q2)*
         Vec(nu10,q3)^2*Vec(nu13,q2)*xiw*xiz*ufoGC58^2*ufoGC80*ufoGC69
          + 1/8*g_(1,6_,nu13)*FT1*g_(1,q2)*g_(2,6_,nu14)*cFT(nu9,XX,i2,iufo3)*
         cFT(g7,XX,iufo3,i3)*flavourTag(fe,j11,j12)*Vec(nu14,q3)*Vec(nu9,q2)*
         Vec(nu10,q3)^2*Vec(nu13,q3)*xiw*xiz*ufoGC58^2*ufoGC80*ufoGC69
          + 1/4*g_(1,6_,nu13)*FT1*g_(1,q2)*g_(2,6_,nu14)*cFT(nu9,XX,i2,iufo3)*
         cFT(g7,XX,iufo3,i3)*flavourTag(fe,j11,j12)*Vec(nu14,q3)*Vec(nu9,q2)*
         Vec(nu13,q2)*p4.p4*d^-1*xiw*xiz*ufoGC58^2*ufoGC80*ufoGC69
          + 1/4*g_(1,6_,nu13)*FT1*g_(1,q2)*g_(2,6_,nu14)*cFT(nu9,XX,i2,iufo3)*
         cFT(g7,XX,iufo3,i3)*flavourTag(fe,j11,j12)*Vec(nu14,q3)*Vec(nu9,q2)*
         Vec(nu13,q3)*p4.p4*d^-1*xiw*xiz*ufoGC58^2*ufoGC80*ufoGC69
          + 1/8*g_(1,6_,nu13)*FT1*g_(1,q2)*g_(2,6_,nu14)*cFT(nu9,XX,i2,iufo3)*
         cFT(g7,XX,iufo3,i3)*flavourTag(fe,j11,j12)*Vec(nu14,q3)*Vec(nu9,q3)*
         Vec(nu10,q2)^2*Vec(nu13,q2)*xiw*xiz*ufoGC58^2*ufoGC80*ufoGC69
          + 1/8*g_(1,6_,nu13)*FT1*g_(1,q2)*g_(2,6_,nu14)*cFT(nu9,XX,i2,iufo3)*
         cFT(g7,XX,iufo3,i3)*flavourTag(fe,j11,j12)*Vec(nu14,q3)*Vec(nu9,q3)*
         Vec(nu10,q2)^2*Vec(nu13,q3)*xiw*xiz*ufoGC58^2*ufoGC80*ufoGC69
          + 1/4*g_(1,6_,nu13)*FT1*g_(1,q2)*g_(2,6_,nu14)*cFT(nu9,XX,i2,iufo3)*
         cFT(g7,XX,iufo3,i3)*flavourTag(fe,j11,j12)*Vec(nu14,q3)*Vec(nu9,q3)*
         Vec(nu10,q2)*Vec(nu10,q3)*Vec(nu13,q2)*xiw*xiz*ufoGC58^2*ufoGC80*
         ufoGC69
          + 1/4*g_(1,6_,nu13)*FT1*g_(1,q2)*g_(2,6_,nu14)*cFT(nu9,XX,i2,iufo3)*
         cFT(g7,XX,iufo3,i3)*flavourTag(fe,j11,j12)*Vec(nu14,q3)*Vec(nu9,q3)*
         Vec(nu10,q2)*Vec(nu10,q3)*Vec(nu13,q3)*xiw*xiz*ufoGC58^2*ufoGC80*
         ufoGC69
          + 1/8*g_(1,6_,nu13)*FT1*g_(1,q2)*g_(2,6_,nu14)*cFT(nu9,XX,i2,iufo3)*
         cFT(g7,XX,iufo3,i3)*flavourTag(fe,j11,j12)*Vec(nu14,q3)*Vec(nu9,q3)*
         Vec(nu10,q3)^2*Vec(nu13,q2)*xiw*xiz*ufoGC58^2*ufoGC80*ufoGC69
          + 1/8*g_(1,6_,nu13)*FT1*g_(1,q2)*g_(2,6_,nu14)*cFT(nu9,XX,i2,iufo3)*
         cFT(g7,XX,iufo3,i3)*flavourTag(fe,j11,j12)*Vec(nu14,q3)*Vec(nu9,q3)*
         Vec(nu10,q3)^2*Vec(nu13,q3)*xiw*xiz*ufoGC58^2*ufoGC80*ufoGC69
          + 1/4*g_(1,6_,nu13)*FT1*g_(1,q2)*g_(2,6_,nu14)*cFT(nu9,XX,i2,iufo3)*
         cFT(g7,XX,iufo3,i3)*flavourTag(fe,j11,j12)*Vec(nu14,q3)*Vec(nu9,q3)*
         Vec(nu13,q2)*p4.p4*d^-1*xiw*xiz*ufoGC58^2*ufoGC80*ufoGC69
          + 1/4*g_(1,6_,nu13)*FT1*g_(1,q2)*g_(2,6_,nu14)*cFT(nu9,XX,i2,iufo3)*
         cFT(g7,XX,iufo3,i3)*flavourTag(fe,j11,j12)*Vec(nu14,q3)*Vec(nu9,q3)*
         Vec(nu13,q3)*p4.p4*d^-1*xiw*xiz*ufoGC58^2*ufoGC80*ufoGC69
          + 1/4*g_(1,6_,nu13)*FT1*g_(1,q2)*g_(2,6_,nu10)*cFT(nu9,XX,i2,iufo3)*
         cFT(g7,XX,iufo3,i3)*flavourTag(fe,j11,j12)*Vec(nu9,q2)*Vec(nu10,q2)*
         Vec(nu13,q2)*p4.p4*d^-1*xiw*xiz*ufoGC58^2*ufoGC80*ufoGC69
          + 1/4*g_(1,6_,nu13)*FT1*g_(1,q2)*g_(2,6_,nu10)*cFT(nu9,XX,i2,iufo3)*
         cFT(g7,XX,iufo3,i3)*flavourTag(fe,j11,j12)*Vec(nu9,q2)*Vec(nu10,q2)*
         Vec(nu13,q3)*p4.p4*d^-1*xiw*xiz*ufoGC58^2*ufoGC80*ufoGC69
          + 1/4*g_(1,6_,nu13)*FT1*g_(1,q2)*g_(2,6_,nu10)*cFT(nu9,XX,i2,iufo3)*
         cFT(g7,XX,iufo3,i3)*flavourTag(fe,j11,j12)*Vec(nu9,q2)*Vec(nu10,q3)*
         Vec(nu13,q2)*p4.p4*d^-1*xiw*xiz*ufoGC58^2*ufoGC80*ufoGC69
          + 1/4*g_(1,6_,nu13)*FT1*g_(1,q2)*g_(2,6_,nu10)*cFT(nu9,XX,i2,iufo3)*
         cFT(g7,XX,iufo3,i3)*flavourTag(fe,j11,j12)*Vec(nu9,q2)*Vec(nu10,q3)*
         Vec(nu13,q3)*p4.p4*d^-1*xiw*xiz*ufoGC58^2*ufoGC80*ufoGC69
          + 1/4*g_(1,6_,nu13)*FT1*g_(1,q2)*g_(2,6_,nu10)*cFT(nu9,XX,i2,iufo3)*
         cFT(g7,XX,iufo3,i3)*flavourTag(fe,j11,j12)*Vec(nu9,q3)*Vec(nu10,q2)*
         Vec(nu13,q2)*p4.p4*d^-1*xiw*xiz*ufoGC58^2*ufoGC80*ufoGC69
          + 1/4*g_(1,6_,nu13)*FT1*g_(1,q2)*g_(2,6_,nu10)*cFT(nu9,XX,i2,iufo3)*
         cFT(g7,XX,iufo3,i3)*flavourTag(fe,j11,j12)*Vec(nu9,q3)*Vec(nu10,q2)*
         Vec(nu13,q3)*p4.p4*d^-1*xiw*xiz*ufoGC58^2*ufoGC80*ufoGC69
          + 1/4*g_(1,6_,nu13)*FT1*g_(1,q2)*g_(2,6_,nu10)*cFT(nu9,XX,i2,iufo3)*
         cFT(g7,XX,iufo3,i3)*flavourTag(fe,j11,j12)*Vec(nu9,q3)*Vec(nu10,q3)*
         Vec(nu13,q2)*p4.p4*d^-1*xiw*xiz*ufoGC58^2*ufoGC80*ufoGC69
          + 1/4*g_(1,6_,nu13)*FT1*g_(1,q2)*g_(2,6_,nu10)*cFT(nu9,XX,i2,iufo3)*
         cFT(g7,XX,iufo3,i3)*flavourTag(fe,j11,j12)*Vec(nu9,q3)*Vec(nu10,q3)*
         Vec(nu13,q3)*p4.p4*d^-1*xiw*xiz*ufoGC58^2*ufoGC80*ufoGC69
          + 1/8*g_(1,6_,nu13)*FT1*g_(1,q2)*g_(2,6_,nu13)*cFT(nu9,XX,i2,iufo3)*
         cFT(g7,XX,iufo3,i3)*flavourTag(fe,j11,j12)*Vec(nu9,q2)*Vec(nu10,q2)^2
         *p4.p4*d^-1*xiw*xiz*ufoGC58^2*ufoGC80*ufoGC69
          + 1/4*g_(1,6_,nu13)*FT1*g_(1,q2)*g_(2,6_,nu13)*cFT(nu9,XX,i2,iufo3)*
         cFT(g7,XX,iufo3,i3)*flavourTag(fe,j11,j12)*Vec(nu9,q2)*Vec(nu10,q2)*
         Vec(nu10,q3)*p4.p4*d^-1*xiw*xiz*ufoGC58^2*ufoGC80*ufoGC69
          + 1/8*g_(1,6_,nu13)*FT1*g_(1,q2)*g_(2,6_,nu13)*cFT(nu9,XX,i2,iufo3)*
         cFT(g7,XX,iufo3,i3)*flavourTag(fe,j11,j12)*Vec(nu9,q2)*Vec(nu10,q3)^2
         *p4.p4*d^-1*xiw*xiz*ufoGC58^2*ufoGC80*ufoGC69
          + 1/8*g_(1,6_,nu13)*FT1*g_(1,q2)*g_(2,6_,nu13)*cFT(nu9,XX,i2,iufo3)*
         cFT(g7,XX,iufo3,i3)*flavourTag(fe,j11,j12)*Vec(nu9,q3)*Vec(nu10,q2)^2
         *p4.p4*d^-1*xiw*xiz*ufoGC58^2*ufoGC80*ufoGC69
          + 1/4*g_(1,6_,nu13)*FT1*g_(1,q2)*g_(2,6_,nu13)*cFT(nu9,XX,i2,iufo3)*
         cFT(g7,XX,iufo3,i3)*flavourTag(fe,j11,j12)*Vec(nu9,q3)*Vec(nu10,q2)*
         Vec(nu10,q3)*p4.p4*d^-1*xiw*xiz*ufoGC58^2*ufoGC80*ufoGC69
          + 1/8*g_(1,6_,nu13)*FT1*g_(1,q2)*g_(2,6_,nu13)*cFT(nu9,XX,i2,iufo3)*
         cFT(g7,XX,iufo3,i3)*flavourTag(fe,j11,j12)*Vec(nu9,q3)*Vec(nu10,q3)^2
         *p4.p4*d^-1*xiw*xiz*ufoGC58^2*ufoGC80*ufoGC69
          + 1/8*g_(1,6_,nu13)*FT1*g_(1,q2)*g_(2,nu14)*FT2(g6)*cFT(nu9,XX,i2,
         iufo3)*cFT(g7,XX,iufo3,i3)*flavourTag(fe,j11,j12)*Vec(nu14,q2)*Vec(
         nu9,q2)*Vec(nu10,q2)^2*Vec(nu13,q2)*xiw*xiz*ufoGC58^2*ufoGC76*ufoGC69
          + 1/8*g_(1,6_,nu13)*FT1*g_(1,q2)*g_(2,nu14)*FT2(g6)*cFT(nu9,XX,i2,
         iufo3)*cFT(g7,XX,iufo3,i3)*flavourTag(fe,j11,j12)*Vec(nu14,q2)*Vec(
         nu9,q2)*Vec(nu10,q2)^2*Vec(nu13,q3)*xiw*xiz*ufoGC58^2*ufoGC76*ufoGC69
          + 1/4*g_(1,6_,nu13)*FT1*g_(1,q2)*g_(2,nu14)*FT2(g6)*cFT(nu9,XX,i2,
         iufo3)*cFT(g7,XX,iufo3,i3)*flavourTag(fe,j11,j12)*Vec(nu14,q2)*Vec(
         nu9,q2)*Vec(nu10,q2)*Vec(nu10,q3)*Vec(nu13,q2)*xiw*xiz*ufoGC58^2*
         ufoGC76*ufoGC69
          + 1/4*g_(1,6_,nu13)*FT1*g_(1,q2)*g_(2,nu14)*FT2(g6)*cFT(nu9,XX,i2,
         iufo3)*cFT(g7,XX,iufo3,i3)*flavourTag(fe,j11,j12)*Vec(nu14,q2)*Vec(
         nu9,q2)*Vec(nu10,q2)*Vec(nu10,q3)*Vec(nu13,q3)*xiw*xiz*ufoGC58^2*
         ufoGC76*ufoGC69
          + 1/8*g_(1,6_,nu13)*FT1*g_(1,q2)*g_(2,nu14)*FT2(g6)*cFT(nu9,XX,i2,
         iufo3)*cFT(g7,XX,iufo3,i3)*flavourTag(fe,j11,j12)*Vec(nu14,q2)*Vec(
         nu9,q2)*Vec(nu10,q3)^2*Vec(nu13,q2)*xiw*xiz*ufoGC58^2*ufoGC76*ufoGC69
          + 1/8*g_(1,6_,nu13)*FT1*g_(1,q2)*g_(2,nu14)*FT2(g6)*cFT(nu9,XX,i2,
         iufo3)*cFT(g7,XX,iufo3,i3)*flavourTag(fe,j11,j12)*Vec(nu14,q2)*Vec(
         nu9,q2)*Vec(nu10,q3)^2*Vec(nu13,q3)*xiw*xiz*ufoGC58^2*ufoGC76*ufoGC69
          + 1/4*g_(1,6_,nu13)*FT1*g_(1,q2)*g_(2,nu14)*FT2(g6)*cFT(nu9,XX,i2,
         iufo3)*cFT(g7,XX,iufo3,i3)*flavourTag(fe,j11,j12)*Vec(nu14,q2)*Vec(
         nu9,q2)*Vec(nu13,q2)*p4.p4*d^-1*xiw*xiz*ufoGC58^2*ufoGC76*ufoGC69
          + 1/4*g_(1,6_,nu13)*FT1*g_(1,q2)*g_(2,nu14)*FT2(g6)*cFT(nu9,XX,i2,
         iufo3)*cFT(g7,XX,iufo3,i3)*flavourTag(fe,j11,j12)*Vec(nu14,q2)*Vec(
         nu9,q2)*Vec(nu13,q3)*p4.p4*d^-1*xiw*xiz*ufoGC58^2*ufoGC76*ufoGC69
          + 1/8*g_(1,6_,nu13)*FT1*g_(1,q2)*g_(2,nu14)*FT2(g6)*cFT(nu9,XX,i2,
         iufo3)*cFT(g7,XX,iufo3,i3)*flavourTag(fe,j11,j12)*Vec(nu14,q2)*Vec(
         nu9,q3)*Vec(nu10,q2)^2*Vec(nu13,q2)*xiw*xiz*ufoGC58^2*ufoGC76*ufoGC69
          + 1/8*g_(1,6_,nu13)*FT1*g_(1,q2)*g_(2,nu14)*FT2(g6)*cFT(nu9,XX,i2,
         iufo3)*cFT(g7,XX,iufo3,i3)*flavourTag(fe,j11,j12)*Vec(nu14,q2)*Vec(
         nu9,q3)*Vec(nu10,q2)^2*Vec(nu13,q3)*xiw*xiz*ufoGC58^2*ufoGC76*ufoGC69
          + 1/4*g_(1,6_,nu13)*FT1*g_(1,q2)*g_(2,nu14)*FT2(g6)*cFT(nu9,XX,i2,
         iufo3)*cFT(g7,XX,iufo3,i3)*flavourTag(fe,j11,j12)*Vec(nu14,q2)*Vec(
         nu9,q3)*Vec(nu10,q2)*Vec(nu10,q3)*Vec(nu13,q2)*xiw*xiz*ufoGC58^2*
         ufoGC76*ufoGC69
          + 1/4*g_(1,6_,nu13)*FT1*g_(1,q2)*g_(2,nu14)*FT2(g6)*cFT(nu9,XX,i2,
         iufo3)*cFT(g7,XX,iufo3,i3)*flavourTag(fe,j11,j12)*Vec(nu14,q2)*Vec(
         nu9,q3)*Vec(nu10,q2)*Vec(nu10,q3)*Vec(nu13,q3)*xiw*xiz*ufoGC58^2*
         ufoGC76*ufoGC69
          + 1/8*g_(1,6_,nu13)*FT1*g_(1,q2)*g_(2,nu14)*FT2(g6)*cFT(nu9,XX,i2,
         iufo3)*cFT(g7,XX,iufo3,i3)*flavourTag(fe,j11,j12)*Vec(nu14,q2)*Vec(
         nu9,q3)*Vec(nu10,q3)^2*Vec(nu13,q2)*xiw*xiz*ufoGC58^2*ufoGC76*ufoGC69
          + 1/8*g_(1,6_,nu13)*FT1*g_(1,q2)*g_(2,nu14)*FT2(g6)*cFT(nu9,XX,i2,
         iufo3)*cFT(g7,XX,iufo3,i3)*flavourTag(fe,j11,j12)*Vec(nu14,q2)*Vec(
         nu9,q3)*Vec(nu10,q3)^2*Vec(nu13,q3)*xiw*xiz*ufoGC58^2*ufoGC76*ufoGC69
          + 1/4*g_(1,6_,nu13)*FT1*g_(1,q2)*g_(2,nu14)*FT2(g6)*cFT(nu9,XX,i2,
         iufo3)*cFT(g7,XX,iufo3,i3)*flavourTag(fe,j11,j12)*Vec(nu14,q2)*Vec(
         nu9,q3)*Vec(nu13,q2)*p4.p4*d^-1*xiw*xiz*ufoGC58^2*ufoGC76*ufoGC69
          + 1/4*g_(1,6_,nu13)*FT1*g_(1,q2)*g_(2,nu14)*FT2(g6)*cFT(nu9,XX,i2,
         iufo3)*cFT(g7,XX,iufo3,i3)*flavourTag(fe,j11,j12)*Vec(nu14,q2)*Vec(
         nu9,q3)*Vec(nu13,q3)*p4.p4*d^-1*xiw*xiz*ufoGC58^2*ufoGC76*ufoGC69
          + 1/8*g_(1,6_,nu13)*FT1*g_(1,q2)*g_(2,nu14)*FT2(g6)*cFT(nu9,XX,i2,
         iufo3)*cFT(g7,XX,iufo3,i3)*flavourTag(fe,j11,j12)*Vec(nu14,q3)*Vec(
         nu9,q2)*Vec(nu10,q2)^2*Vec(nu13,q2)*xiw*xiz*ufoGC58^2*ufoGC76*ufoGC69
          + 1/8*g_(1,6_,nu13)*FT1*g_(1,q2)*g_(2,nu14)*FT2(g6)*cFT(nu9,XX,i2,
         iufo3)*cFT(g7,XX,iufo3,i3)*flavourTag(fe,j11,j12)*Vec(nu14,q3)*Vec(
         nu9,q2)*Vec(nu10,q2)^2*Vec(nu13,q3)*xiw*xiz*ufoGC58^2*ufoGC76*ufoGC69
          + 1/4*g_(1,6_,nu13)*FT1*g_(1,q2)*g_(2,nu14)*FT2(g6)*cFT(nu9,XX,i2,
         iufo3)*cFT(g7,XX,iufo3,i3)*flavourTag(fe,j11,j12)*Vec(nu14,q3)*Vec(
         nu9,q2)*Vec(nu10,q2)*Vec(nu10,q3)*Vec(nu13,q2)*xiw*xiz*ufoGC58^2*
         ufoGC76*ufoGC69
          + 1/4*g_(1,6_,nu13)*FT1*g_(1,q2)*g_(2,nu14)*FT2(g6)*cFT(nu9,XX,i2,
         iufo3)*cFT(g7,XX,iufo3,i3)*flavourTag(fe,j11,j12)*Vec(nu14,q3)*Vec(
         nu9,q2)*Vec(nu10,q2)*Vec(nu10,q3)*Vec(nu13,q3)*xiw*xiz*ufoGC58^2*
         ufoGC76*ufoGC69
          + 1/8*g_(1,6_,nu13)*FT1*g_(1,q2)*g_(2,nu14)*FT2(g6)*cFT(nu9,XX,i2,
         iufo3)*cFT(g7,XX,iufo3,i3)*flavourTag(fe,j11,j12)*Vec(nu14,q3)*Vec(
         nu9,q2)*Vec(nu10,q3)^2*Vec(nu13,q2)*xiw*xiz*ufoGC58^2*ufoGC76*ufoGC69
          + 1/8*g_(1,6_,nu13)*FT1*g_(1,q2)*g_(2,nu14)*FT2(g6)*cFT(nu9,XX,i2,
         iufo3)*cFT(g7,XX,iufo3,i3)*flavourTag(fe,j11,j12)*Vec(nu14,q3)*Vec(
         nu9,q2)*Vec(nu10,q3)^2*Vec(nu13,q3)*xiw*xiz*ufoGC58^2*ufoGC76*ufoGC69
          + 1/4*g_(1,6_,nu13)*FT1*g_(1,q2)*g_(2,nu14)*FT2(g6)*cFT(nu9,XX,i2,
         iufo3)*cFT(g7,XX,iufo3,i3)*flavourTag(fe,j11,j12)*Vec(nu14,q3)*Vec(
         nu9,q2)*Vec(nu13,q2)*p4.p4*d^-1*xiw*xiz*ufoGC58^2*ufoGC76*ufoGC69
          + 1/4*g_(1,6_,nu13)*FT1*g_(1,q2)*g_(2,nu14)*FT2(g6)*cFT(nu9,XX,i2,
         iufo3)*cFT(g7,XX,iufo3,i3)*flavourTag(fe,j11,j12)*Vec(nu14,q3)*Vec(
         nu9,q2)*Vec(nu13,q3)*p4.p4*d^-1*xiw*xiz*ufoGC58^2*ufoGC76*ufoGC69
          + 1/8*g_(1,6_,nu13)*FT1*g_(1,q2)*g_(2,nu14)*FT2(g6)*cFT(nu9,XX,i2,
         iufo3)*cFT(g7,XX,iufo3,i3)*flavourTag(fe,j11,j12)*Vec(nu14,q3)*Vec(
         nu9,q3)*Vec(nu10,q2)^2*Vec(nu13,q2)*xiw*xiz*ufoGC58^2*ufoGC76*ufoGC69
          + 1/8*g_(1,6_,nu13)*FT1*g_(1,q2)*g_(2,nu14)*FT2(g6)*cFT(nu9,XX,i2,
         iufo3)*cFT(g7,XX,iufo3,i3)*flavourTag(fe,j11,j12)*Vec(nu14,q3)*Vec(
         nu9,q3)*Vec(nu10,q2)^2*Vec(nu13,q3)*xiw*xiz*ufoGC58^2*ufoGC76*ufoGC69
          + 1/4*g_(1,6_,nu13)*FT1*g_(1,q2)*g_(2,nu14)*FT2(g6)*cFT(nu9,XX,i2,
         iufo3)*cFT(g7,XX,iufo3,i3)*flavourTag(fe,j11,j12)*Vec(nu14,q3)*Vec(
         nu9,q3)*Vec(nu10,q2)*Vec(nu10,q3)*Vec(nu13,q2)*xiw*xiz*ufoGC58^2*
         ufoGC76*ufoGC69
          + 1/4*g_(1,6_,nu13)*FT1*g_(1,q2)*g_(2,nu14)*FT2(g6)*cFT(nu9,XX,i2,
         iufo3)*cFT(g7,XX,iufo3,i3)*flavourTag(fe,j11,j12)*Vec(nu14,q3)*Vec(
         nu9,q3)*Vec(nu10,q2)*Vec(nu10,q3)*Vec(nu13,q3)*xiw*xiz*ufoGC58^2*
         ufoGC76*ufoGC69
          + 1/8*g_(1,6_,nu13)*FT1*g_(1,q2)*g_(2,nu14)*FT2(g6)*cFT(nu9,XX,i2,
         iufo3)*cFT(g7,XX,iufo3,i3)*flavourTag(fe,j11,j12)*Vec(nu14,q3)*Vec(
         nu9,q3)*Vec(nu10,q3)^2*Vec(nu13,q2)*xiw*xiz*ufoGC58^2*ufoGC76*ufoGC69
          + 1/8*g_(1,6_,nu13)*FT1*g_(1,q2)*g_(2,nu14)*FT2(g6)*cFT(nu9,XX,i2,
         iufo3)*cFT(g7,XX,iufo3,i3)*flavourTag(fe,j11,j12)*Vec(nu14,q3)*Vec(
         nu9,q3)*Vec(nu10,q3)^2*Vec(nu13,q3)*xiw*xiz*ufoGC58^2*ufoGC76*ufoGC69
          + 1/4*g_(1,6_,nu13)*FT1*g_(1,q2)*g_(2,nu14)*FT2(g6)*cFT(nu9,XX,i2,
         iufo3)*cFT(g7,XX,iufo3,i3)*flavourTag(fe,j11,j12)*Vec(nu14,q3)*Vec(
         nu9,q3)*Vec(nu13,q2)*p4.p4*d^-1*xiw*xiz*ufoGC58^2*ufoGC76*ufoGC69
          + 1/4*g_(1,6_,nu13)*FT1*g_(1,q2)*g_(2,nu14)*FT2(g6)*cFT(nu9,XX,i2,
         iufo3)*cFT(g7,XX,iufo3,i3)*flavourTag(fe,j11,j12)*Vec(nu14,q3)*Vec(
         nu9,q3)*Vec(nu13,q3)*p4.p4*d^-1*xiw*xiz*ufoGC58^2*ufoGC76*ufoGC69
          + 1/4*g_(1,6_,nu13)*FT1*g_(1,q2)*g_(2,nu10)*FT2(g6)*cFT(nu9,XX,i2,
         iufo3)*cFT(g7,XX,iufo3,i3)*flavourTag(fe,j11,j12)*Vec(nu9,q2)*Vec(
         nu10,q2)*Vec(nu13,q2)*p4.p4*d^-1*xiw*xiz*ufoGC58^2*ufoGC76*ufoGC69
          + 1/4*g_(1,6_,nu13)*FT1*g_(1,q2)*g_(2,nu10)*FT2(g6)*cFT(nu9,XX,i2,
         iufo3)*cFT(g7,XX,iufo3,i3)*flavourTag(fe,j11,j12)*Vec(nu9,q2)*Vec(
         nu10,q2)*Vec(nu13,q3)*p4.p4*d^-1*xiw*xiz*ufoGC58^2*ufoGC76*ufoGC69
          + 1/4*g_(1,6_,nu13)*FT1*g_(1,q2)*g_(2,nu10)*FT2(g6)*cFT(nu9,XX,i2,
         iufo3)*cFT(g7,XX,iufo3,i3)*flavourTag(fe,j11,j12)*Vec(nu9,q2)*Vec(
         nu10,q3)*Vec(nu13,q2)*p4.p4*d^-1*xiw*xiz*ufoGC58^2*ufoGC76*ufoGC69
          + 1/4*g_(1,6_,nu13)*FT1*g_(1,q2)*g_(2,nu10)*FT2(g6)*cFT(nu9,XX,i2,
         iufo3)*cFT(g7,XX,iufo3,i3)*flavourTag(fe,j11,j12)*Vec(nu9,q2)*Vec(
         nu10,q3)*Vec(nu13,q3)*p4.p4*d^-1*xiw*xiz*ufoGC58^2*ufoGC76*ufoGC69
          + 1/4*g_(1,6_,nu13)*FT1*g_(1,q2)*g_(2,nu10)*FT2(g6)*cFT(nu9,XX,i2,
         iufo3)*cFT(g7,XX,iufo3,i3)*flavourTag(fe,j11,j12)*Vec(nu9,q3)*Vec(
         nu10,q2)*Vec(nu13,q2)*p4.p4*d^-1*xiw*xiz*ufoGC58^2*ufoGC76*ufoGC69
          + 1/4*g_(1,6_,nu13)*FT1*g_(1,q2)*g_(2,nu10)*FT2(g6)*cFT(nu9,XX,i2,
         iufo3)*cFT(g7,XX,iufo3,i3)*flavourTag(fe,j11,j12)*Vec(nu9,q3)*Vec(
         nu10,q2)*Vec(nu13,q3)*p4.p4*d^-1*xiw*xiz*ufoGC58^2*ufoGC76*ufoGC69
          + 1/4*g_(1,6_,nu13)*FT1*g_(1,q2)*g_(2,nu10)*FT2(g6)*cFT(nu9,XX,i2,
         iufo3)*cFT(g7,XX,iufo3,i3)*flavourTag(fe,j11,j12)*Vec(nu9,q3)*Vec(
         nu10,q3)*Vec(nu13,q2)*p4.p4*d^-1*xiw*xiz*ufoGC58^2*ufoGC76*ufoGC69
          + 1/4*g_(1,6_,nu13)*FT1*g_(1,q2)*g_(2,nu10)*FT2(g6)*cFT(nu9,XX,i2,
         iufo3)*cFT(g7,XX,iufo3,i3)*flavourTag(fe,j11,j12)*Vec(nu9,q3)*Vec(
         nu10,q3)*Vec(nu13,q3)*p4.p4*d^-1*xiw*xiz*ufoGC58^2*ufoGC76*ufoGC69
          + 1/8*g_(1,6_,nu13)*FT1*g_(1,q2)*g_(2,nu13)*FT2(g6)*cFT(nu9,XX,i2,
         iufo3)*cFT(g7,XX,iufo3,i3)*flavourTag(fe,j11,j12)*Vec(nu9,q2)*Vec(
         nu10,q2)^2*p4.p4*d^-1*xiw*xiz*ufoGC58^2*ufoGC76*ufoGC69
          + 1/4*g_(1,6_,nu13)*FT1*g_(1,q2)*g_(2,nu13)*FT2(g6)*cFT(nu9,XX,i2,
         iufo3)*cFT(g7,XX,iufo3,i3)*flavourTag(fe,j11,j12)*Vec(nu9,q2)*Vec(
         nu10,q2)*Vec(nu10,q3)*p4.p4*d^-1*xiw*xiz*ufoGC58^2*ufoGC76*ufoGC69
          + 1/8*g_(1,6_,nu13)*FT1*g_(1,q2)*g_(2,nu13)*FT2(g6)*cFT(nu9,XX,i2,
         iufo3)*cFT(g7,XX,iufo3,i3)*flavourTag(fe,j11,j12)*Vec(nu9,q2)*Vec(
         nu10,q3)^2*p4.p4*d^-1*xiw*xiz*ufoGC58^2*ufoGC76*ufoGC69
          + 1/8*g_(1,6_,nu13)*FT1*g_(1,q2)*g_(2,nu13)*FT2(g6)*cFT(nu9,XX,i2,
         iufo3)*cFT(g7,XX,iufo3,i3)*flavourTag(fe,j11,j12)*Vec(nu9,q3)*Vec(
         nu10,q2)^2*p4.p4*d^-1*xiw*xiz*ufoGC58^2*ufoGC76*ufoGC69
          + 1/4*g_(1,6_,nu13)*FT1*g_(1,q2)*g_(2,nu13)*FT2(g6)*cFT(nu9,XX,i2,
         iufo3)*cFT(g7,XX,iufo3,i3)*flavourTag(fe,j11,j12)*Vec(nu9,q3)*Vec(
         nu10,q2)*Vec(nu10,q3)*p4.p4*d^-1*xiw*xiz*ufoGC58^2*ufoGC76*ufoGC69
          + 1/8*g_(1,6_,nu13)*FT1*g_(1,q2)*g_(2,nu13)*FT2(g6)*cFT(nu9,XX,i2,
         iufo3)*cFT(g7,XX,iufo3,i3)*flavourTag(fe,j11,j12)*Vec(nu9,q3)*Vec(
         nu10,q3)^2*p4.p4*d^-1*xiw*xiz*ufoGC58^2*ufoGC76*ufoGC69
          + 1/8*g_(1,6_,nu13)*FT1*g_(1,q3)*g_(2,6_,nu14)*cFT(nu9,XX,i2,iufo3)*
         cFT(g7,XX,iufo3,i3)*flavourTag(fe,j11,j12)*Vec(nu14,q2)*Vec(nu9,q2)*
         Vec(nu10,q2)^2*Vec(nu13,q2)*xiw*xiz*ufoGC58^2*ufoGC80*ufoGC69
          + 1/8*g_(1,6_,nu13)*FT1*g_(1,q3)*g_(2,6_,nu14)*cFT(nu9,XX,i2,iufo3)*
         cFT(g7,XX,iufo3,i3)*flavourTag(fe,j11,j12)*Vec(nu14,q2)*Vec(nu9,q2)*
         Vec(nu10,q2)^2*Vec(nu13,q3)*xiw*xiz*ufoGC58^2*ufoGC80*ufoGC69
          + 1/4*g_(1,6_,nu13)*FT1*g_(1,q3)*g_(2,6_,nu14)*cFT(nu9,XX,i2,iufo3)*
         cFT(g7,XX,iufo3,i3)*flavourTag(fe,j11,j12)*Vec(nu14,q2)*Vec(nu9,q2)*
         Vec(nu10,q2)*Vec(nu10,q3)*Vec(nu13,q2)*xiw*xiz*ufoGC58^2*ufoGC80*
         ufoGC69
          + 1/4*g_(1,6_,nu13)*FT1*g_(1,q3)*g_(2,6_,nu14)*cFT(nu9,XX,i2,iufo3)*
         cFT(g7,XX,iufo3,i3)*flavourTag(fe,j11,j12)*Vec(nu14,q2)*Vec(nu9,q2)*
         Vec(nu10,q2)*Vec(nu10,q3)*Vec(nu13,q3)*xiw*xiz*ufoGC58^2*ufoGC80*
         ufoGC69
          + 1/8*g_(1,6_,nu13)*FT1*g_(1,q3)*g_(2,6_,nu14)*cFT(nu9,XX,i2,iufo3)*
         cFT(g7,XX,iufo3,i3)*flavourTag(fe,j11,j12)*Vec(nu14,q2)*Vec(nu9,q2)*
         Vec(nu10,q3)^2*Vec(nu13,q2)*xiw*xiz*ufoGC58^2*ufoGC80*ufoGC69
          + 1/8*g_(1,6_,nu13)*FT1*g_(1,q3)*g_(2,6_,nu14)*cFT(nu9,XX,i2,iufo3)*
         cFT(g7,XX,iufo3,i3)*flavourTag(fe,j11,j12)*Vec(nu14,q2)*Vec(nu9,q2)*
         Vec(nu10,q3)^2*Vec(nu13,q3)*xiw*xiz*ufoGC58^2*ufoGC80*ufoGC69
          + 1/4*g_(1,6_,nu13)*FT1*g_(1,q3)*g_(2,6_,nu14)*cFT(nu9,XX,i2,iufo3)*
         cFT(g7,XX,iufo3,i3)*flavourTag(fe,j11,j12)*Vec(nu14,q2)*Vec(nu9,q2)*
         Vec(nu13,q2)*p4.p4*d^-1*xiw*xiz*ufoGC58^2*ufoGC80*ufoGC69
          + 1/4*g_(1,6_,nu13)*FT1*g_(1,q3)*g_(2,6_,nu14)*cFT(nu9,XX,i2,iufo3)*
         cFT(g7,XX,iufo3,i3)*flavourTag(fe,j11,j12)*Vec(nu14,q2)*Vec(nu9,q2)*
         Vec(nu13,q3)*p4.p4*d^-1*xiw*xiz*ufoGC58^2*ufoGC80*ufoGC69
          + 1/8*g_(1,6_,nu13)*FT1*g_(1,q3)*g_(2,6_,nu14)*cFT(nu9,XX,i2,iufo3)*
         cFT(g7,XX,iufo3,i3)*flavourTag(fe,j11,j12)*Vec(nu14,q2)*Vec(nu9,q3)*
         Vec(nu10,q2)^2*Vec(nu13,q2)*xiw*xiz*ufoGC58^2*ufoGC80*ufoGC69
          + 1/8*g_(1,6_,nu13)*FT1*g_(1,q3)*g_(2,6_,nu14)*cFT(nu9,XX,i2,iufo3)*
         cFT(g7,XX,iufo3,i3)*flavourTag(fe,j11,j12)*Vec(nu14,q2)*Vec(nu9,q3)*
         Vec(nu10,q2)^2*Vec(nu13,q3)*xiw*xiz*ufoGC58^2*ufoGC80*ufoGC69
          + 1/4*g_(1,6_,nu13)*FT1*g_(1,q3)*g_(2,6_,nu14)*cFT(nu9,XX,i2,iufo3)*
         cFT(g7,XX,iufo3,i3)*flavourTag(fe,j11,j12)*Vec(nu14,q2)*Vec(nu9,q3)*
         Vec(nu10,q2)*Vec(nu10,q3)*Vec(nu13,q2)*xiw*xiz*ufoGC58^2*ufoGC80*
         ufoGC69
          + 1/4*g_(1,6_,nu13)*FT1*g_(1,q3)*g_(2,6_,nu14)*cFT(nu9,XX,i2,iufo3)*
         cFT(g7,XX,iufo3,i3)*flavourTag(fe,j11,j12)*Vec(nu14,q2)*Vec(nu9,q3)*
         Vec(nu10,q2)*Vec(nu10,q3)*Vec(nu13,q3)*xiw*xiz*ufoGC58^2*ufoGC80*
         ufoGC69
          + 1/8*g_(1,6_,nu13)*FT1*g_(1,q3)*g_(2,6_,nu14)*cFT(nu9,XX,i2,iufo3)*
         cFT(g7,XX,iufo3,i3)*flavourTag(fe,j11,j12)*Vec(nu14,q2)*Vec(nu9,q3)*
         Vec(nu10,q3)^2*Vec(nu13,q2)*xiw*xiz*ufoGC58^2*ufoGC80*ufoGC69
          + 1/8*g_(1,6_,nu13)*FT1*g_(1,q3)*g_(2,6_,nu14)*cFT(nu9,XX,i2,iufo3)*
         cFT(g7,XX,iufo3,i3)*flavourTag(fe,j11,j12)*Vec(nu14,q2)*Vec(nu9,q3)*
         Vec(nu10,q3)^2*Vec(nu13,q3)*xiw*xiz*ufoGC58^2*ufoGC80*ufoGC69
          + 1/4*g_(1,6_,nu13)*FT1*g_(1,q3)*g_(2,6_,nu14)*cFT(nu9,XX,i2,iufo3)*
         cFT(g7,XX,iufo3,i3)*flavourTag(fe,j11,j12)*Vec(nu14,q2)*Vec(nu9,q3)*
         Vec(nu13,q2)*p4.p4*d^-1*xiw*xiz*ufoGC58^2*ufoGC80*ufoGC69
          + 1/4*g_(1,6_,nu13)*FT1*g_(1,q3)*g_(2,6_,nu14)*cFT(nu9,XX,i2,iufo3)*
         cFT(g7,XX,iufo3,i3)*flavourTag(fe,j11,j12)*Vec(nu14,q2)*Vec(nu9,q3)*
         Vec(nu13,q3)*p4.p4*d^-1*xiw*xiz*ufoGC58^2*ufoGC80*ufoGC69
          + 1/8*g_(1,6_,nu13)*FT1*g_(1,q3)*g_(2,6_,nu14)*cFT(nu9,XX,i2,iufo3)*
         cFT(g7,XX,iufo3,i3)*flavourTag(fe,j11,j12)*Vec(nu14,q3)*Vec(nu9,q2)*
         Vec(nu10,q2)^2*Vec(nu13,q2)*xiw*xiz*ufoGC58^2*ufoGC80*ufoGC69
          + 1/8*g_(1,6_,nu13)*FT1*g_(1,q3)*g_(2,6_,nu14)*cFT(nu9,XX,i2,iufo3)*
         cFT(g7,XX,iufo3,i3)*flavourTag(fe,j11,j12)*Vec(nu14,q3)*Vec(nu9,q2)*
         Vec(nu10,q2)^2*Vec(nu13,q3)*xiw*xiz*ufoGC58^2*ufoGC80*ufoGC69
          + 1/4*g_(1,6_,nu13)*FT1*g_(1,q3)*g_(2,6_,nu14)*cFT(nu9,XX,i2,iufo3)*
         cFT(g7,XX,iufo3,i3)*flavourTag(fe,j11,j12)*Vec(nu14,q3)*Vec(nu9,q2)*
         Vec(nu10,q2)*Vec(nu10,q3)*Vec(nu13,q2)*xiw*xiz*ufoGC58^2*ufoGC80*
         ufoGC69
          + 1/4*g_(1,6_,nu13)*FT1*g_(1,q3)*g_(2,6_,nu14)*cFT(nu9,XX,i2,iufo3)*
         cFT(g7,XX,iufo3,i3)*flavourTag(fe,j11,j12)*Vec(nu14,q3)*Vec(nu9,q2)*
         Vec(nu10,q2)*Vec(nu10,q3)*Vec(nu13,q3)*xiw*xiz*ufoGC58^2*ufoGC80*
         ufoGC69
          + 1/8*g_(1,6_,nu13)*FT1*g_(1,q3)*g_(2,6_,nu14)*cFT(nu9,XX,i2,iufo3)*
         cFT(g7,XX,iufo3,i3)*flavourTag(fe,j11,j12)*Vec(nu14,q3)*Vec(nu9,q2)*
         Vec(nu10,q3)^2*Vec(nu13,q2)*xiw*xiz*ufoGC58^2*ufoGC80*ufoGC69
          + 1/8*g_(1,6_,nu13)*FT1*g_(1,q3)*g_(2,6_,nu14)*cFT(nu9,XX,i2,iufo3)*
         cFT(g7,XX,iufo3,i3)*flavourTag(fe,j11,j12)*Vec(nu14,q3)*Vec(nu9,q2)*
         Vec(nu10,q3)^2*Vec(nu13,q3)*xiw*xiz*ufoGC58^2*ufoGC80*ufoGC69
          + 1/4*g_(1,6_,nu13)*FT1*g_(1,q3)*g_(2,6_,nu14)*cFT(nu9,XX,i2,iufo3)*
         cFT(g7,XX,iufo3,i3)*flavourTag(fe,j11,j12)*Vec(nu14,q3)*Vec(nu9,q2)*
         Vec(nu13,q2)*p4.p4*d^-1*xiw*xiz*ufoGC58^2*ufoGC80*ufoGC69
          + 1/4*g_(1,6_,nu13)*FT1*g_(1,q3)*g_(2,6_,nu14)*cFT(nu9,XX,i2,iufo3)*
         cFT(g7,XX,iufo3,i3)*flavourTag(fe,j11,j12)*Vec(nu14,q3)*Vec(nu9,q2)*
         Vec(nu13,q3)*p4.p4*d^-1*xiw*xiz*ufoGC58^2*ufoGC80*ufoGC69
          + 1/8*g_(1,6_,nu13)*FT1*g_(1,q3)*g_(2,6_,nu14)*cFT(nu9,XX,i2,iufo3)*
         cFT(g7,XX,iufo3,i3)*flavourTag(fe,j11,j12)*Vec(nu14,q3)*Vec(nu9,q3)*
         Vec(nu10,q2)^2*Vec(nu13,q2)*xiw*xiz*ufoGC58^2*ufoGC80*ufoGC69
          + 1/8*g_(1,6_,nu13)*FT1*g_(1,q3)*g_(2,6_,nu14)*cFT(nu9,XX,i2,iufo3)*
         cFT(g7,XX,iufo3,i3)*flavourTag(fe,j11,j12)*Vec(nu14,q3)*Vec(nu9,q3)*
         Vec(nu10,q2)^2*Vec(nu13,q3)*xiw*xiz*ufoGC58^2*ufoGC80*ufoGC69
          + 1/4*g_(1,6_,nu13)*FT1*g_(1,q3)*g_(2,6_,nu14)*cFT(nu9,XX,i2,iufo3)*
         cFT(g7,XX,iufo3,i3)*flavourTag(fe,j11,j12)*Vec(nu14,q3)*Vec(nu9,q3)*
         Vec(nu10,q2)*Vec(nu10,q3)*Vec(nu13,q2)*xiw*xiz*ufoGC58^2*ufoGC80*
         ufoGC69
          + 1/4*g_(1,6_,nu13)*FT1*g_(1,q3)*g_(2,6_,nu14)*cFT(nu9,XX,i2,iufo3)*
         cFT(g7,XX,iufo3,i3)*flavourTag(fe,j11,j12)*Vec(nu14,q3)*Vec(nu9,q3)*
         Vec(nu10,q2)*Vec(nu10,q3)*Vec(nu13,q3)*xiw*xiz*ufoGC58^2*ufoGC80*
         ufoGC69
          + 1/8*g_(1,6_,nu13)*FT1*g_(1,q3)*g_(2,6_,nu14)*cFT(nu9,XX,i2,iufo3)*
         cFT(g7,XX,iufo3,i3)*flavourTag(fe,j11,j12)*Vec(nu14,q3)*Vec(nu9,q3)*
         Vec(nu10,q3)^2*Vec(nu13,q2)*xiw*xiz*ufoGC58^2*ufoGC80*ufoGC69
          + 1/8*g_(1,6_,nu13)*FT1*g_(1,q3)*g_(2,6_,nu14)*cFT(nu9,XX,i2,iufo3)*
         cFT(g7,XX,iufo3,i3)*flavourTag(fe,j11,j12)*Vec(nu14,q3)*Vec(nu9,q3)*
         Vec(nu10,q3)^2*Vec(nu13,q3)*xiw*xiz*ufoGC58^2*ufoGC80*ufoGC69
          + 1/4*g_(1,6_,nu13)*FT1*g_(1,q3)*g_(2,6_,nu14)*cFT(nu9,XX,i2,iufo3)*
         cFT(g7,XX,iufo3,i3)*flavourTag(fe,j11,j12)*Vec(nu14,q3)*Vec(nu9,q3)*
         Vec(nu13,q2)*p4.p4*d^-1*xiw*xiz*ufoGC58^2*ufoGC80*ufoGC69
          + 1/4*g_(1,6_,nu13)*FT1*g_(1,q3)*g_(2,6_,nu14)*cFT(nu9,XX,i2,iufo3)*
         cFT(g7,XX,iufo3,i3)*flavourTag(fe,j11,j12)*Vec(nu14,q3)*Vec(nu9,q3)*
         Vec(nu13,q3)*p4.p4*d^-1*xiw*xiz*ufoGC58^2*ufoGC80*ufoGC69
          + 1/4*g_(1,6_,nu13)*FT1*g_(1,q3)*g_(2,6_,nu10)*cFT(nu9,XX,i2,iufo3)*
         cFT(g7,XX,iufo3,i3)*flavourTag(fe,j11,j12)*Vec(nu9,q2)*Vec(nu10,q2)*
         Vec(nu13,q2)*p4.p4*d^-1*xiw*xiz*ufoGC58^2*ufoGC80*ufoGC69
          + 1/4*g_(1,6_,nu13)*FT1*g_(1,q3)*g_(2,6_,nu10)*cFT(nu9,XX,i2,iufo3)*
         cFT(g7,XX,iufo3,i3)*flavourTag(fe,j11,j12)*Vec(nu9,q2)*Vec(nu10,q2)*
         Vec(nu13,q3)*p4.p4*d^-1*xiw*xiz*ufoGC58^2*ufoGC80*ufoGC69
          + 1/4*g_(1,6_,nu13)*FT1*g_(1,q3)*g_(2,6_,nu10)*cFT(nu9,XX,i2,iufo3)*
         cFT(g7,XX,iufo3,i3)*flavourTag(fe,j11,j12)*Vec(nu9,q2)*Vec(nu10,q3)*
         Vec(nu13,q2)*p4.p4*d^-1*xiw*xiz*ufoGC58^2*ufoGC80*ufoGC69
          + 1/4*g_(1,6_,nu13)*FT1*g_(1,q3)*g_(2,6_,nu10)*cFT(nu9,XX,i2,iufo3)*
         cFT(g7,XX,iufo3,i3)*flavourTag(fe,j11,j12)*Vec(nu9,q2)*Vec(nu10,q3)*
         Vec(nu13,q3)*p4.p4*d^-1*xiw*xiz*ufoGC58^2*ufoGC80*ufoGC69
          + 1/4*g_(1,6_,nu13)*FT1*g_(1,q3)*g_(2,6_,nu10)*cFT(nu9,XX,i2,iufo3)*
         cFT(g7,XX,iufo3,i3)*flavourTag(fe,j11,j12)*Vec(nu9,q3)*Vec(nu10,q2)*
         Vec(nu13,q2)*p4.p4*d^-1*xiw*xiz*ufoGC58^2*ufoGC80*ufoGC69
          + 1/4*g_(1,6_,nu13)*FT1*g_(1,q3)*g_(2,6_,nu10)*cFT(nu9,XX,i2,iufo3)*
         cFT(g7,XX,iufo3,i3)*flavourTag(fe,j11,j12)*Vec(nu9,q3)*Vec(nu10,q2)*
         Vec(nu13,q3)*p4.p4*d^-1*xiw*xiz*ufoGC58^2*ufoGC80*ufoGC69
          + 1/4*g_(1,6_,nu13)*FT1*g_(1,q3)*g_(2,6_,nu10)*cFT(nu9,XX,i2,iufo3)*
         cFT(g7,XX,iufo3,i3)*flavourTag(fe,j11,j12)*Vec(nu9,q3)*Vec(nu10,q3)*
         Vec(nu13,q2)*p4.p4*d^-1*xiw*xiz*ufoGC58^2*ufoGC80*ufoGC69
          + 1/4*g_(1,6_,nu13)*FT1*g_(1,q3)*g_(2,6_,nu10)*cFT(nu9,XX,i2,iufo3)*
         cFT(g7,XX,iufo3,i3)*flavourTag(fe,j11,j12)*Vec(nu9,q3)*Vec(nu10,q3)*
         Vec(nu13,q3)*p4.p4*d^-1*xiw*xiz*ufoGC58^2*ufoGC80*ufoGC69
          + 1/8*g_(1,6_,nu13)*FT1*g_(1,q3)*g_(2,6_,nu13)*cFT(nu9,XX,i2,iufo3)*
         cFT(g7,XX,iufo3,i3)*flavourTag(fe,j11,j12)*Vec(nu9,q2)*Vec(nu10,q2)^2
         *p4.p4*d^-1*xiw*xiz*ufoGC58^2*ufoGC80*ufoGC69
          + 1/4*g_(1,6_,nu13)*FT1*g_(1,q3)*g_(2,6_,nu13)*cFT(nu9,XX,i2,iufo3)*
         cFT(g7,XX,iufo3,i3)*flavourTag(fe,j11,j12)*Vec(nu9,q2)*Vec(nu10,q2)*
         Vec(nu10,q3)*p4.p4*d^-1*xiw*xiz*ufoGC58^2*ufoGC80*ufoGC69
          + 1/8*g_(1,6_,nu13)*FT1*g_(1,q3)*g_(2,6_,nu13)*cFT(nu9,XX,i2,iufo3)*
         cFT(g7,XX,iufo3,i3)*flavourTag(fe,j11,j12)*Vec(nu9,q2)*Vec(nu10,q3)^2
         *p4.p4*d^-1*xiw*xiz*ufoGC58^2*ufoGC80*ufoGC69
          + 1/8*g_(1,6_,nu13)*FT1*g_(1,q3)*g_(2,6_,nu13)*cFT(nu9,XX,i2,iufo3)*
         cFT(g7,XX,iufo3,i3)*flavourTag(fe,j11,j12)*Vec(nu9,q3)*Vec(nu10,q2)^2
         *p4.p4*d^-1*xiw*xiz*ufoGC58^2*ufoGC80*ufoGC69
          + 1/4*g_(1,6_,nu13)*FT1*g_(1,q3)*g_(2,6_,nu13)*cFT(nu9,XX,i2,iufo3)*
         cFT(g7,XX,iufo3,i3)*flavourTag(fe,j11,j12)*Vec(nu9,q3)*Vec(nu10,q2)*
         Vec(nu10,q3)*p4.p4*d^-1*xiw*xiz*ufoGC58^2*ufoGC80*ufoGC69
          + 1/8*g_(1,6_,nu13)*FT1*g_(1,q3)*g_(2,6_,nu13)*cFT(nu9,XX,i2,iufo3)*
         cFT(g7,XX,iufo3,i3)*flavourTag(fe,j11,j12)*Vec(nu9,q3)*Vec(nu10,q3)^2
         *p4.p4*d^-1*xiw*xiz*ufoGC58^2*ufoGC80*ufoGC69
          + 1/8*g_(1,6_,nu13)*FT1*g_(1,q3)*g_(2,nu14)*FT2(g6)*cFT(nu9,XX,i2,
         iufo3)*cFT(g7,XX,iufo3,i3)*flavourTag(fe,j11,j12)*Vec(nu14,q2)*Vec(
         nu9,q2)*Vec(nu10,q2)^2*Vec(nu13,q2)*xiw*xiz*ufoGC58^2*ufoGC76*ufoGC69
          + 1/8*g_(1,6_,nu13)*FT1*g_(1,q3)*g_(2,nu14)*FT2(g6)*cFT(nu9,XX,i2,
         iufo3)*cFT(g7,XX,iufo3,i3)*flavourTag(fe,j11,j12)*Vec(nu14,q2)*Vec(
         nu9,q2)*Vec(nu10,q2)^2*Vec(nu13,q3)*xiw*xiz*ufoGC58^2*ufoGC76*ufoGC69
          + 1/4*g_(1,6_,nu13)*FT1*g_(1,q3)*g_(2,nu14)*FT2(g6)*cFT(nu9,XX,i2,
         iufo3)*cFT(g7,XX,iufo3,i3)*flavourTag(fe,j11,j12)*Vec(nu14,q2)*Vec(
         nu9,q2)*Vec(nu10,q2)*Vec(nu10,q3)*Vec(nu13,q2)*xiw*xiz*ufoGC58^2*
         ufoGC76*ufoGC69
          + 1/4*g_(1,6_,nu13)*FT1*g_(1,q3)*g_(2,nu14)*FT2(g6)*cFT(nu9,XX,i2,
         iufo3)*cFT(g7,XX,iufo3,i3)*flavourTag(fe,j11,j12)*Vec(nu14,q2)*Vec(
         nu9,q2)*Vec(nu10,q2)*Vec(nu10,q3)*Vec(nu13,q3)*xiw*xiz*ufoGC58^2*
         ufoGC76*ufoGC69
          + 1/8*g_(1,6_,nu13)*FT1*g_(1,q3)*g_(2,nu14)*FT2(g6)*cFT(nu9,XX,i2,
         iufo3)*cFT(g7,XX,iufo3,i3)*flavourTag(fe,j11,j12)*Vec(nu14,q2)*Vec(
         nu9,q2)*Vec(nu10,q3)^2*Vec(nu13,q2)*xiw*xiz*ufoGC58^2*ufoGC76*ufoGC69
          + 1/8*g_(1,6_,nu13)*FT1*g_(1,q3)*g_(2,nu14)*FT2(g6)*cFT(nu9,XX,i2,
         iufo3)*cFT(g7,XX,iufo3,i3)*flavourTag(fe,j11,j12)*Vec(nu14,q2)*Vec(
         nu9,q2)*Vec(nu10,q3)^2*Vec(nu13,q3)*xiw*xiz*ufoGC58^2*ufoGC76*ufoGC69
          + 1/4*g_(1,6_,nu13)*FT1*g_(1,q3)*g_(2,nu14)*FT2(g6)*cFT(nu9,XX,i2,
         iufo3)*cFT(g7,XX,iufo3,i3)*flavourTag(fe,j11,j12)*Vec(nu14,q2)*Vec(
         nu9,q2)*Vec(nu13,q2)*p4.p4*d^-1*xiw*xiz*ufoGC58^2*ufoGC76*ufoGC69
          + 1/4*g_(1,6_,nu13)*FT1*g_(1,q3)*g_(2,nu14)*FT2(g6)*cFT(nu9,XX,i2,
         iufo3)*cFT(g7,XX,iufo3,i3)*flavourTag(fe,j11,j12)*Vec(nu14,q2)*Vec(
         nu9,q2)*Vec(nu13,q3)*p4.p4*d^-1*xiw*xiz*ufoGC58^2*ufoGC76*ufoGC69
          + 1/8*g_(1,6_,nu13)*FT1*g_(1,q3)*g_(2,nu14)*FT2(g6)*cFT(nu9,XX,i2,
         iufo3)*cFT(g7,XX,iufo3,i3)*flavourTag(fe,j11,j12)*Vec(nu14,q2)*Vec(
         nu9,q3)*Vec(nu10,q2)^2*Vec(nu13,q2)*xiw*xiz*ufoGC58^2*ufoGC76*ufoGC69
          + 1/8*g_(1,6_,nu13)*FT1*g_(1,q3)*g_(2,nu14)*FT2(g6)*cFT(nu9,XX,i2,
         iufo3)*cFT(g7,XX,iufo3,i3)*flavourTag(fe,j11,j12)*Vec(nu14,q2)*Vec(
         nu9,q3)*Vec(nu10,q2)^2*Vec(nu13,q3)*xiw*xiz*ufoGC58^2*ufoGC76*ufoGC69
          + 1/4*g_(1,6_,nu13)*FT1*g_(1,q3)*g_(2,nu14)*FT2(g6)*cFT(nu9,XX,i2,
         iufo3)*cFT(g7,XX,iufo3,i3)*flavourTag(fe,j11,j12)*Vec(nu14,q2)*Vec(
         nu9,q3)*Vec(nu10,q2)*Vec(nu10,q3)*Vec(nu13,q2)*xiw*xiz*ufoGC58^2*
         ufoGC76*ufoGC69
          + 1/4*g_(1,6_,nu13)*FT1*g_(1,q3)*g_(2,nu14)*FT2(g6)*cFT(nu9,XX,i2,
         iufo3)*cFT(g7,XX,iufo3,i3)*flavourTag(fe,j11,j12)*Vec(nu14,q2)*Vec(
         nu9,q3)*Vec(nu10,q2)*Vec(nu10,q3)*Vec(nu13,q3)*xiw*xiz*ufoGC58^2*
         ufoGC76*ufoGC69
          + 1/8*g_(1,6_,nu13)*FT1*g_(1,q3)*g_(2,nu14)*FT2(g6)*cFT(nu9,XX,i2,
         iufo3)*cFT(g7,XX,iufo3,i3)*flavourTag(fe,j11,j12)*Vec(nu14,q2)*Vec(
         nu9,q3)*Vec(nu10,q3)^2*Vec(nu13,q2)*xiw*xiz*ufoGC58^2*ufoGC76*ufoGC69
          + 1/8*g_(1,6_,nu13)*FT1*g_(1,q3)*g_(2,nu14)*FT2(g6)*cFT(nu9,XX,i2,
         iufo3)*cFT(g7,XX,iufo3,i3)*flavourTag(fe,j11,j12)*Vec(nu14,q2)*Vec(
         nu9,q3)*Vec(nu10,q3)^2*Vec(nu13,q3)*xiw*xiz*ufoGC58^2*ufoGC76*ufoGC69
          + 1/4*g_(1,6_,nu13)*FT1*g_(1,q3)*g_(2,nu14)*FT2(g6)*cFT(nu9,XX,i2,
         iufo3)*cFT(g7,XX,iufo3,i3)*flavourTag(fe,j11,j12)*Vec(nu14,q2)*Vec(
         nu9,q3)*Vec(nu13,q2)*p4.p4*d^-1*xiw*xiz*ufoGC58^2*ufoGC76*ufoGC69
          + 1/4*g_(1,6_,nu13)*FT1*g_(1,q3)*g_(2,nu14)*FT2(g6)*cFT(nu9,XX,i2,
         iufo3)*cFT(g7,XX,iufo3,i3)*flavourTag(fe,j11,j12)*Vec(nu14,q2)*Vec(
         nu9,q3)*Vec(nu13,q3)*p4.p4*d^-1*xiw*xiz*ufoGC58^2*ufoGC76*ufoGC69
          + 1/8*g_(1,6_,nu13)*FT1*g_(1,q3)*g_(2,nu14)*FT2(g6)*cFT(nu9,XX,i2,
         iufo3)*cFT(g7,XX,iufo3,i3)*flavourTag(fe,j11,j12)*Vec(nu14,q3)*Vec(
         nu9,q2)*Vec(nu10,q2)^2*Vec(nu13,q2)*xiw*xiz*ufoGC58^2*ufoGC76*ufoGC69
          + 1/8*g_(1,6_,nu13)*FT1*g_(1,q3)*g_(2,nu14)*FT2(g6)*cFT(nu9,XX,i2,
         iufo3)*cFT(g7,XX,iufo3,i3)*flavourTag(fe,j11,j12)*Vec(nu14,q3)*Vec(
         nu9,q2)*Vec(nu10,q2)^2*Vec(nu13,q3)*xiw*xiz*ufoGC58^2*ufoGC76*ufoGC69
          + 1/4*g_(1,6_,nu13)*FT1*g_(1,q3)*g_(2,nu14)*FT2(g6)*cFT(nu9,XX,i2,
         iufo3)*cFT(g7,XX,iufo3,i3)*flavourTag(fe,j11,j12)*Vec(nu14,q3)*Vec(
         nu9,q2)*Vec(nu10,q2)*Vec(nu10,q3)*Vec(nu13,q2)*xiw*xiz*ufoGC58^2*
         ufoGC76*ufoGC69
          + 1/4*g_(1,6_,nu13)*FT1*g_(1,q3)*g_(2,nu14)*FT2(g6)*cFT(nu9,XX,i2,
         iufo3)*cFT(g7,XX,iufo3,i3)*flavourTag(fe,j11,j12)*Vec(nu14,q3)*Vec(
         nu9,q2)*Vec(nu10,q2)*Vec(nu10,q3)*Vec(nu13,q3)*xiw*xiz*ufoGC58^2*
         ufoGC76*ufoGC69
          + 1/8*g_(1,6_,nu13)*FT1*g_(1,q3)*g_(2,nu14)*FT2(g6)*cFT(nu9,XX,i2,
         iufo3)*cFT(g7,XX,iufo3,i3)*flavourTag(fe,j11,j12)*Vec(nu14,q3)*Vec(
         nu9,q2)*Vec(nu10,q3)^2*Vec(nu13,q2)*xiw*xiz*ufoGC58^2*ufoGC76*ufoGC69
          + 1/8*g_(1,6_,nu13)*FT1*g_(1,q3)*g_(2,nu14)*FT2(g6)*cFT(nu9,XX,i2,
         iufo3)*cFT(g7,XX,iufo3,i3)*flavourTag(fe,j11,j12)*Vec(nu14,q3)*Vec(
         nu9,q2)*Vec(nu10,q3)^2*Vec(nu13,q3)*xiw*xiz*ufoGC58^2*ufoGC76*ufoGC69
          + 1/4*g_(1,6_,nu13)*FT1*g_(1,q3)*g_(2,nu14)*FT2(g6)*cFT(nu9,XX,i2,
         iufo3)*cFT(g7,XX,iufo3,i3)*flavourTag(fe,j11,j12)*Vec(nu14,q3)*Vec(
         nu9,q2)*Vec(nu13,q2)*p4.p4*d^-1*xiw*xiz*ufoGC58^2*ufoGC76*ufoGC69
          + 1/4*g_(1,6_,nu13)*FT1*g_(1,q3)*g_(2,nu14)*FT2(g6)*cFT(nu9,XX,i2,
         iufo3)*cFT(g7,XX,iufo3,i3)*flavourTag(fe,j11,j12)*Vec(nu14,q3)*Vec(
         nu9,q2)*Vec(nu13,q3)*p4.p4*d^-1*xiw*xiz*ufoGC58^2*ufoGC76*ufoGC69
          + 1/8*g_(1,6_,nu13)*FT1*g_(1,q3)*g_(2,nu14)*FT2(g6)*cFT(nu9,XX,i2,
         iufo3)*cFT(g7,XX,iufo3,i3)*flavourTag(fe,j11,j12)*Vec(nu14,q3)*Vec(
         nu9,q3)*Vec(nu10,q2)^2*Vec(nu13,q2)*xiw*xiz*ufoGC58^2*ufoGC76*ufoGC69
          + 1/8*g_(1,6_,nu13)*FT1*g_(1,q3)*g_(2,nu14)*FT2(g6)*cFT(nu9,XX,i2,
         iufo3)*cFT(g7,XX,iufo3,i3)*flavourTag(fe,j11,j12)*Vec(nu14,q3)*Vec(
         nu9,q3)*Vec(nu10,q2)^2*Vec(nu13,q3)*xiw*xiz*ufoGC58^2*ufoGC76*ufoGC69
          + 1/4*g_(1,6_,nu13)*FT1*g_(1,q3)*g_(2,nu14)*FT2(g6)*cFT(nu9,XX,i2,
         iufo3)*cFT(g7,XX,iufo3,i3)*flavourTag(fe,j11,j12)*Vec(nu14,q3)*Vec(
         nu9,q3)*Vec(nu10,q2)*Vec(nu10,q3)*Vec(nu13,q2)*xiw*xiz*ufoGC58^2*
         ufoGC76*ufoGC69
          + 1/4*g_(1,6_,nu13)*FT1*g_(1,q3)*g_(2,nu14)*FT2(g6)*cFT(nu9,XX,i2,
         iufo3)*cFT(g7,XX,iufo3,i3)*flavourTag(fe,j11,j12)*Vec(nu14,q3)*Vec(
         nu9,q3)*Vec(nu10,q2)*Vec(nu10,q3)*Vec(nu13,q3)*xiw*xiz*ufoGC58^2*
         ufoGC76*ufoGC69
          + 1/8*g_(1,6_,nu13)*FT1*g_(1,q3)*g_(2,nu14)*FT2(g6)*cFT(nu9,XX,i2,
         iufo3)*cFT(g7,XX,iufo3,i3)*flavourTag(fe,j11,j12)*Vec(nu14,q3)*Vec(
         nu9,q3)*Vec(nu10,q3)^2*Vec(nu13,q2)*xiw*xiz*ufoGC58^2*ufoGC76*ufoGC69
          + 1/8*g_(1,6_,nu13)*FT1*g_(1,q3)*g_(2,nu14)*FT2(g6)*cFT(nu9,XX,i2,
         iufo3)*cFT(g7,XX,iufo3,i3)*flavourTag(fe,j11,j12)*Vec(nu14,q3)*Vec(
         nu9,q3)*Vec(nu10,q3)^2*Vec(nu13,q3)*xiw*xiz*ufoGC58^2*ufoGC76*ufoGC69
          + 1/4*g_(1,6_,nu13)*FT1*g_(1,q3)*g_(2,nu14)*FT2(g6)*cFT(nu9,XX,i2,
         iufo3)*cFT(g7,XX,iufo3,i3)*flavourTag(fe,j11,j12)*Vec(nu14,q3)*Vec(
         nu9,q3)*Vec(nu13,q2)*p4.p4*d^-1*xiw*xiz*ufoGC58^2*ufoGC76*ufoGC69
          + 1/4*g_(1,6_,nu13)*FT1*g_(1,q3)*g_(2,nu14)*FT2(g6)*cFT(nu9,XX,i2,
         iufo3)*cFT(g7,XX,iufo3,i3)*flavourTag(fe,j11,j12)*Vec(nu14,q3)*Vec(
         nu9,q3)*Vec(nu13,q3)*p4.p4*d^-1*xiw*xiz*ufoGC58^2*ufoGC76*ufoGC69
          + 1/4*g_(1,6_,nu13)*FT1*g_(1,q3)*g_(2,nu10)*FT2(g6)*cFT(nu9,XX,i2,
         iufo3)*cFT(g7,XX,iufo3,i3)*flavourTag(fe,j11,j12)*Vec(nu9,q2)*Vec(
         nu10,q2)*Vec(nu13,q2)*p4.p4*d^-1*xiw*xiz*ufoGC58^2*ufoGC76*ufoGC69
          + 1/4*g_(1,6_,nu13)*FT1*g_(1,q3)*g_(2,nu10)*FT2(g6)*cFT(nu9,XX,i2,
         iufo3)*cFT(g7,XX,iufo3,i3)*flavourTag(fe,j11,j12)*Vec(nu9,q2)*Vec(
         nu10,q2)*Vec(nu13,q3)*p4.p4*d^-1*xiw*xiz*ufoGC58^2*ufoGC76*ufoGC69
          + 1/4*g_(1,6_,nu13)*FT1*g_(1,q3)*g_(2,nu10)*FT2(g6)*cFT(nu9,XX,i2,
         iufo3)*cFT(g7,XX,iufo3,i3)*flavourTag(fe,j11,j12)*Vec(nu9,q2)*Vec(
         nu10,q3)*Vec(nu13,q2)*p4.p4*d^-1*xiw*xiz*ufoGC58^2*ufoGC76*ufoGC69
          + 1/4*g_(1,6_,nu13)*FT1*g_(1,q3)*g_(2,nu10)*FT2(g6)*cFT(nu9,XX,i2,
         iufo3)*cFT(g7,XX,iufo3,i3)*flavourTag(fe,j11,j12)*Vec(nu9,q2)*Vec(
         nu10,q3)*Vec(nu13,q3)*p4.p4*d^-1*xiw*xiz*ufoGC58^2*ufoGC76*ufoGC69
          + 1/4*g_(1,6_,nu13)*FT1*g_(1,q3)*g_(2,nu10)*FT2(g6)*cFT(nu9,XX,i2,
         iufo3)*cFT(g7,XX,iufo3,i3)*flavourTag(fe,j11,j12)*Vec(nu9,q3)*Vec(
         nu10,q2)*Vec(nu13,q2)*p4.p4*d^-1*xiw*xiz*ufoGC58^2*ufoGC76*ufoGC69
          + 1/4*g_(1,6_,nu13)*FT1*g_(1,q3)*g_(2,nu10)*FT2(g6)*cFT(nu9,XX,i2,
         iufo3)*cFT(g7,XX,iufo3,i3)*flavourTag(fe,j11,j12)*Vec(nu9,q3)*Vec(
         nu10,q2)*Vec(nu13,q3)*p4.p4*d^-1*xiw*xiz*ufoGC58^2*ufoGC76*ufoGC69
          + 1/4*g_(1,6_,nu13)*FT1*g_(1,q3)*g_(2,nu10)*FT2(g6)*cFT(nu9,XX,i2,
         iufo3)*cFT(g7,XX,iufo3,i3)*flavourTag(fe,j11,j12)*Vec(nu9,q3)*Vec(
         nu10,q3)*Vec(nu13,q2)*p4.p4*d^-1*xiw*xiz*ufoGC58^2*ufoGC76*ufoGC69
          + 1/4*g_(1,6_,nu13)*FT1*g_(1,q3)*g_(2,nu10)*FT2(g6)*cFT(nu9,XX,i2,
         iufo3)*cFT(g7,XX,iufo3,i3)*flavourTag(fe,j11,j12)*Vec(nu9,q3)*Vec(
         nu10,q3)*Vec(nu13,q3)*p4.p4*d^-1*xiw*xiz*ufoGC58^2*ufoGC76*ufoGC69
          + 1/8*g_(1,6_,nu13)*FT1*g_(1,q3)*g_(2,nu13)*FT2(g6)*cFT(nu9,XX,i2,
         iufo3)*cFT(g7,XX,iufo3,i3)*flavourTag(fe,j11,j12)*Vec(nu9,q2)*Vec(
         nu10,q2)^2*p4.p4*d^-1*xiw*xiz*ufoGC58^2*ufoGC76*ufoGC69
          + 1/4*g_(1,6_,nu13)*FT1*g_(1,q3)*g_(2,nu13)*FT2(g6)*cFT(nu9,XX,i2,
         iufo3)*cFT(g7,XX,iufo3,i3)*flavourTag(fe,j11,j12)*Vec(nu9,q2)*Vec(
         nu10,q2)*Vec(nu10,q3)*p4.p4*d^-1*xiw*xiz*ufoGC58^2*ufoGC76*ufoGC69
          + 1/8*g_(1,6_,nu13)*FT1*g_(1,q3)*g_(2,nu13)*FT2(g6)*cFT(nu9,XX,i2,
         iufo3)*cFT(g7,XX,iufo3,i3)*flavourTag(fe,j11,j12)*Vec(nu9,q2)*Vec(
         nu10,q3)^2*p4.p4*d^-1*xiw*xiz*ufoGC58^2*ufoGC76*ufoGC69
          + 1/8*g_(1,6_,nu13)*FT1*g_(1,q3)*g_(2,nu13)*FT2(g6)*cFT(nu9,XX,i2,
         iufo3)*cFT(g7,XX,iufo3,i3)*flavourTag(fe,j11,j12)*Vec(nu9,q3)*Vec(
         nu10,q2)^2*p4.p4*d^-1*xiw*xiz*ufoGC58^2*ufoGC76*ufoGC69
          + 1/4*g_(1,6_,nu13)*FT1*g_(1,q3)*g_(2,nu13)*FT2(g6)*cFT(nu9,XX,i2,
         iufo3)*cFT(g7,XX,iufo3,i3)*flavourTag(fe,j11,j12)*Vec(nu9,q3)*Vec(
         nu10,q2)*Vec(nu10,q3)*p4.p4*d^-1*xiw*xiz*ufoGC58^2*ufoGC76*ufoGC69
          + 1/8*g_(1,6_,nu13)*FT1*g_(1,q3)*g_(2,nu13)*FT2(g6)*cFT(nu9,XX,i2,
         iufo3)*cFT(g7,XX,iufo3,i3)*flavourTag(fe,j11,j12)*Vec(nu9,q3)*Vec(
         nu10,q3)^2*p4.p4*d^-1*xiw*xiz*ufoGC58^2*ufoGC76*ufoGC69
          + 1/4*g_(1,6_,nu15)*FT1*g_(1,p4)*g_(2,6_,nu14)*cFT(nu9,XX,i2,iufo3)*
         cFT(g7,XX,iufo3,i3)*flavourTag(fe,j11,j12)*Vec(nu14,q2)*Vec(nu9,q2)*
         Vec(nu13,q2)^2*Vec(nu15,q2)*xiw*xiz*ufoGC58^2*ufoGC80*ufoGC69
          + 1/4*g_(1,6_,nu15)*FT1*g_(1,p4)*g_(2,6_,nu14)*cFT(nu9,XX,i2,iufo3)*
         cFT(g7,XX,iufo3,i3)*flavourTag(fe,j11,j12)*Vec(nu14,q2)*Vec(nu9,q2)*
         Vec(nu13,q2)^2*Vec(nu15,q3)*xiw*xiz*ufoGC58^2*ufoGC80*ufoGC69
          + 1/2*g_(1,6_,nu15)*FT1*g_(1,p4)*g_(2,6_,nu14)*cFT(nu9,XX,i2,iufo3)*
         cFT(g7,XX,iufo3,i3)*flavourTag(fe,j11,j12)*Vec(nu14,q2)*Vec(nu9,q2)*
         Vec(nu13,q2)*Vec(nu13,q3)*Vec(nu15,q2)*xiw*xiz*ufoGC58^2*ufoGC80*
         ufoGC69
          + 1/2*g_(1,6_,nu15)*FT1*g_(1,p4)*g_(2,6_,nu14)*cFT(nu9,XX,i2,iufo3)*
         cFT(g7,XX,iufo3,i3)*flavourTag(fe,j11,j12)*Vec(nu14,q2)*Vec(nu9,q2)*
         Vec(nu13,q2)*Vec(nu13,q3)*Vec(nu15,q3)*xiw*xiz*ufoGC58^2*ufoGC80*
         ufoGC69
          + 1/4*g_(1,6_,nu15)*FT1*g_(1,p4)*g_(2,6_,nu14)*cFT(nu9,XX,i2,iufo3)*
         cFT(g7,XX,iufo3,i3)*flavourTag(fe,j11,j12)*Vec(nu14,q2)*Vec(nu9,q2)*
         Vec(nu13,q3)^2*Vec(nu15,q2)*xiw*xiz*ufoGC58^2*ufoGC80*ufoGC69
          + 1/4*g_(1,6_,nu15)*FT1*g_(1,p4)*g_(2,6_,nu14)*cFT(nu9,XX,i2,iufo3)*
         cFT(g7,XX,iufo3,i3)*flavourTag(fe,j11,j12)*Vec(nu14,q2)*Vec(nu9,q2)*
         Vec(nu13,q3)^2*Vec(nu15,q3)*xiw*xiz*ufoGC58^2*ufoGC80*ufoGC69
          + 1/8*g_(1,6_,nu15)*FT1*g_(1,p4)*g_(2,6_,nu14)*cFT(nu9,XX,i2,iufo3)*
         cFT(g7,XX,iufo3,i3)*flavourTag(fe,j11,j12)*Vec(nu14,q2)*Vec(nu9,q2)*
         Vec(nu15,q2)*p4.p4*d^-1*xiw*xiz*ufoGC58^2*ufoGC80*ufoGC69
          + 1/8*g_(1,6_,nu15)*FT1*g_(1,p4)*g_(2,6_,nu14)*cFT(nu9,XX,i2,iufo3)*
         cFT(g7,XX,iufo3,i3)*flavourTag(fe,j11,j12)*Vec(nu14,q2)*Vec(nu9,q2)*
         Vec(nu15,q3)*p4.p4*d^-1*xiw*xiz*ufoGC58^2*ufoGC80*ufoGC69
          + 1/4*g_(1,6_,nu15)*FT1*g_(1,p4)*g_(2,6_,nu14)*cFT(nu9,XX,i2,iufo3)*
         cFT(g7,XX,iufo3,i3)*flavourTag(fe,j11,j12)*Vec(nu14,q2)*Vec(nu9,q3)*
         Vec(nu13,q2)^2*Vec(nu15,q2)*xiw*xiz*ufoGC58^2*ufoGC80*ufoGC69
          + 1/4*g_(1,6_,nu15)*FT1*g_(1,p4)*g_(2,6_,nu14)*cFT(nu9,XX,i2,iufo3)*
         cFT(g7,XX,iufo3,i3)*flavourTag(fe,j11,j12)*Vec(nu14,q2)*Vec(nu9,q3)*
         Vec(nu13,q2)^2*Vec(nu15,q3)*xiw*xiz*ufoGC58^2*ufoGC80*ufoGC69
          + 1/2*g_(1,6_,nu15)*FT1*g_(1,p4)*g_(2,6_,nu14)*cFT(nu9,XX,i2,iufo3)*
         cFT(g7,XX,iufo3,i3)*flavourTag(fe,j11,j12)*Vec(nu14,q2)*Vec(nu9,q3)*
         Vec(nu13,q2)*Vec(nu13,q3)*Vec(nu15,q2)*xiw*xiz*ufoGC58^2*ufoGC80*
         ufoGC69
          + 1/2*g_(1,6_,nu15)*FT1*g_(1,p4)*g_(2,6_,nu14)*cFT(nu9,XX,i2,iufo3)*
         cFT(g7,XX,iufo3,i3)*flavourTag(fe,j11,j12)*Vec(nu14,q2)*Vec(nu9,q3)*
         Vec(nu13,q2)*Vec(nu13,q3)*Vec(nu15,q3)*xiw*xiz*ufoGC58^2*ufoGC80*
         ufoGC69
          + 1/4*g_(1,6_,nu15)*FT1*g_(1,p4)*g_(2,6_,nu14)*cFT(nu9,XX,i2,iufo3)*
         cFT(g7,XX,iufo3,i3)*flavourTag(fe,j11,j12)*Vec(nu14,q2)*Vec(nu9,q3)*
         Vec(nu13,q3)^2*Vec(nu15,q2)*xiw*xiz*ufoGC58^2*ufoGC80*ufoGC69
          + 1/4*g_(1,6_,nu15)*FT1*g_(1,p4)*g_(2,6_,nu14)*cFT(nu9,XX,i2,iufo3)*
         cFT(g7,XX,iufo3,i3)*flavourTag(fe,j11,j12)*Vec(nu14,q2)*Vec(nu9,q3)*
         Vec(nu13,q3)^2*Vec(nu15,q3)*xiw*xiz*ufoGC58^2*ufoGC80*ufoGC69
          + 1/8*g_(1,6_,nu15)*FT1*g_(1,p4)*g_(2,6_,nu14)*cFT(nu9,XX,i2,iufo3)*
         cFT(g7,XX,iufo3,i3)*flavourTag(fe,j11,j12)*Vec(nu14,q2)*Vec(nu9,q3)*
         Vec(nu15,q2)*p4.p4*d^-1*xiw*xiz*ufoGC58^2*ufoGC80*ufoGC69
          + 1/8*g_(1,6_,nu15)*FT1*g_(1,p4)*g_(2,6_,nu14)*cFT(nu9,XX,i2,iufo3)*
         cFT(g7,XX,iufo3,i3)*flavourTag(fe,j11,j12)*Vec(nu14,q2)*Vec(nu9,q3)*
         Vec(nu15,q3)*p4.p4*d^-1*xiw*xiz*ufoGC58^2*ufoGC80*ufoGC69
          + 1/4*g_(1,6_,nu15)*FT1*g_(1,p4)*g_(2,6_,nu14)*cFT(nu9,XX,i2,iufo3)*
         cFT(g7,XX,iufo3,i3)*flavourTag(fe,j11,j12)*Vec(nu14,q3)*Vec(nu9,q2)*
         Vec(nu13,q2)^2*Vec(nu15,q2)*xiw*xiz*ufoGC58^2*ufoGC80*ufoGC69
          + 1/4*g_(1,6_,nu15)*FT1*g_(1,p4)*g_(2,6_,nu14)*cFT(nu9,XX,i2,iufo3)*
         cFT(g7,XX,iufo3,i3)*flavourTag(fe,j11,j12)*Vec(nu14,q3)*Vec(nu9,q2)*
         Vec(nu13,q2)^2*Vec(nu15,q3)*xiw*xiz*ufoGC58^2*ufoGC80*ufoGC69
          + 1/2*g_(1,6_,nu15)*FT1*g_(1,p4)*g_(2,6_,nu14)*cFT(nu9,XX,i2,iufo3)*
         cFT(g7,XX,iufo3,i3)*flavourTag(fe,j11,j12)*Vec(nu14,q3)*Vec(nu9,q2)*
         Vec(nu13,q2)*Vec(nu13,q3)*Vec(nu15,q2)*xiw*xiz*ufoGC58^2*ufoGC80*
         ufoGC69
          + 1/2*g_(1,6_,nu15)*FT1*g_(1,p4)*g_(2,6_,nu14)*cFT(nu9,XX,i2,iufo3)*
         cFT(g7,XX,iufo3,i3)*flavourTag(fe,j11,j12)*Vec(nu14,q3)*Vec(nu9,q2)*
         Vec(nu13,q2)*Vec(nu13,q3)*Vec(nu15,q3)*xiw*xiz*ufoGC58^2*ufoGC80*
         ufoGC69
          + 1/4*g_(1,6_,nu15)*FT1*g_(1,p4)*g_(2,6_,nu14)*cFT(nu9,XX,i2,iufo3)*
         cFT(g7,XX,iufo3,i3)*flavourTag(fe,j11,j12)*Vec(nu14,q3)*Vec(nu9,q2)*
         Vec(nu13,q3)^2*Vec(nu15,q2)*xiw*xiz*ufoGC58^2*ufoGC80*ufoGC69
          + 1/4*g_(1,6_,nu15)*FT1*g_(1,p4)*g_(2,6_,nu14)*cFT(nu9,XX,i2,iufo3)*
         cFT(g7,XX,iufo3,i3)*flavourTag(fe,j11,j12)*Vec(nu14,q3)*Vec(nu9,q2)*
         Vec(nu13,q3)^2*Vec(nu15,q3)*xiw*xiz*ufoGC58^2*ufoGC80*ufoGC69
          + 1/8*g_(1,6_,nu15)*FT1*g_(1,p4)*g_(2,6_,nu14)*cFT(nu9,XX,i2,iufo3)*
         cFT(g7,XX,iufo3,i3)*flavourTag(fe,j11,j12)*Vec(nu14,q3)*Vec(nu9,q2)*
         Vec(nu15,q2)*p4.p4*d^-1*xiw*xiz*ufoGC58^2*ufoGC80*ufoGC69
          + 1/8*g_(1,6_,nu15)*FT1*g_(1,p4)*g_(2,6_,nu14)*cFT(nu9,XX,i2,iufo3)*
         cFT(g7,XX,iufo3,i3)*flavourTag(fe,j11,j12)*Vec(nu14,q3)*Vec(nu9,q2)*
         Vec(nu15,q3)*p4.p4*d^-1*xiw*xiz*ufoGC58^2*ufoGC80*ufoGC69
          + 1/4*g_(1,6_,nu15)*FT1*g_(1,p4)*g_(2,6_,nu14)*cFT(nu9,XX,i2,iufo3)*
         cFT(g7,XX,iufo3,i3)*flavourTag(fe,j11,j12)*Vec(nu14,q3)*Vec(nu9,q3)*
         Vec(nu13,q2)^2*Vec(nu15,q2)*xiw*xiz*ufoGC58^2*ufoGC80*ufoGC69
          + 1/4*g_(1,6_,nu15)*FT1*g_(1,p4)*g_(2,6_,nu14)*cFT(nu9,XX,i2,iufo3)*
         cFT(g7,XX,iufo3,i3)*flavourTag(fe,j11,j12)*Vec(nu14,q3)*Vec(nu9,q3)*
         Vec(nu13,q2)^2*Vec(nu15,q3)*xiw*xiz*ufoGC58^2*ufoGC80*ufoGC69
          + 1/2*g_(1,6_,nu15)*FT1*g_(1,p4)*g_(2,6_,nu14)*cFT(nu9,XX,i2,iufo3)*
         cFT(g7,XX,iufo3,i3)*flavourTag(fe,j11,j12)*Vec(nu14,q3)*Vec(nu9,q3)*
         Vec(nu13,q2)*Vec(nu13,q3)*Vec(nu15,q2)*xiw*xiz*ufoGC58^2*ufoGC80*
         ufoGC69
          + 1/2*g_(1,6_,nu15)*FT1*g_(1,p4)*g_(2,6_,nu14)*cFT(nu9,XX,i2,iufo3)*
         cFT(g7,XX,iufo3,i3)*flavourTag(fe,j11,j12)*Vec(nu14,q3)*Vec(nu9,q3)*
         Vec(nu13,q2)*Vec(nu13,q3)*Vec(nu15,q3)*xiw*xiz*ufoGC58^2*ufoGC80*
         ufoGC69
          + 1/4*g_(1,6_,nu15)*FT1*g_(1,p4)*g_(2,6_,nu14)*cFT(nu9,XX,i2,iufo3)*
         cFT(g7,XX,iufo3,i3)*flavourTag(fe,j11,j12)*Vec(nu14,q3)*Vec(nu9,q3)*
         Vec(nu13,q3)^2*Vec(nu15,q2)*xiw*xiz*ufoGC58^2*ufoGC80*ufoGC69
          + 1/4*g_(1,6_,nu15)*FT1*g_(1,p4)*g_(2,6_,nu14)*cFT(nu9,XX,i2,iufo3)*
         cFT(g7,XX,iufo3,i3)*flavourTag(fe,j11,j12)*Vec(nu14,q3)*Vec(nu9,q3)*
         Vec(nu13,q3)^2*Vec(nu15,q3)*xiw*xiz*ufoGC58^2*ufoGC80*ufoGC69
          + 1/8*g_(1,6_,nu15)*FT1*g_(1,p4)*g_(2,6_,nu14)*cFT(nu9,XX,i2,iufo3)*
         cFT(g7,XX,iufo3,i3)*flavourTag(fe,j11,j12)*Vec(nu14,q3)*Vec(nu9,q3)*
         Vec(nu15,q2)*p4.p4*d^-1*xiw*xiz*ufoGC58^2*ufoGC80*ufoGC69
          + 1/8*g_(1,6_,nu15)*FT1*g_(1,p4)*g_(2,6_,nu14)*cFT(nu9,XX,i2,iufo3)*
         cFT(g7,XX,iufo3,i3)*flavourTag(fe,j11,j12)*Vec(nu14,q3)*Vec(nu9,q3)*
         Vec(nu15,q3)*p4.p4*d^-1*xiw*xiz*ufoGC58^2*ufoGC80*ufoGC69
          + 1/4*g_(1,6_,nu15)*FT1*g_(1,p4)*g_(2,6_,nu13)*cFT(nu9,XX,i2,iufo3)*
         cFT(g7,XX,iufo3,i3)*flavourTag(fe,j11,j12)*Vec(nu9,q2)*Vec(nu13,q2)*
         Vec(nu15,q2)*p4.p4*d^-1*xiw*xiz*ufoGC58^2*ufoGC80*ufoGC69
          + 1/4*g_(1,6_,nu15)*FT1*g_(1,p4)*g_(2,6_,nu13)*cFT(nu9,XX,i2,iufo3)*
         cFT(g7,XX,iufo3,i3)*flavourTag(fe,j11,j12)*Vec(nu9,q2)*Vec(nu13,q2)*
         Vec(nu15,q3)*p4.p4*d^-1*xiw*xiz*ufoGC58^2*ufoGC80*ufoGC69
          + 1/4*g_(1,6_,nu15)*FT1*g_(1,p4)*g_(2,6_,nu13)*cFT(nu9,XX,i2,iufo3)*
         cFT(g7,XX,iufo3,i3)*flavourTag(fe,j11,j12)*Vec(nu9,q2)*Vec(nu13,q3)*
         Vec(nu15,q2)*p4.p4*d^-1*xiw*xiz*ufoGC58^2*ufoGC80*ufoGC69
          + 1/4*g_(1,6_,nu15)*FT1*g_(1,p4)*g_(2,6_,nu13)*cFT(nu9,XX,i2,iufo3)*
         cFT(g7,XX,iufo3,i3)*flavourTag(fe,j11,j12)*Vec(nu9,q2)*Vec(nu13,q3)*
         Vec(nu15,q3)*p4.p4*d^-1*xiw*xiz*ufoGC58^2*ufoGC80*ufoGC69
          + 1/4*g_(1,6_,nu15)*FT1*g_(1,p4)*g_(2,6_,nu13)*cFT(nu9,XX,i2,iufo3)*
         cFT(g7,XX,iufo3,i3)*flavourTag(fe,j11,j12)*Vec(nu9,q3)*Vec(nu13,q2)*
         Vec(nu15,q2)*p4.p4*d^-1*xiw*xiz*ufoGC58^2*ufoGC80*ufoGC69
          + 1/4*g_(1,6_,nu15)*FT1*g_(1,p4)*g_(2,6_,nu13)*cFT(nu9,XX,i2,iufo3)*
         cFT(g7,XX,iufo3,i3)*flavourTag(fe,j11,j12)*Vec(nu9,q3)*Vec(nu13,q2)*
         Vec(nu15,q3)*p4.p4*d^-1*xiw*xiz*ufoGC58^2*ufoGC80*ufoGC69
          + 1/4*g_(1,6_,nu15)*FT1*g_(1,p4)*g_(2,6_,nu13)*cFT(nu9,XX,i2,iufo3)*
         cFT(g7,XX,iufo3,i3)*flavourTag(fe,j11,j12)*Vec(nu9,q3)*Vec(nu13,q3)*
         Vec(nu15,q2)*p4.p4*d^-1*xiw*xiz*ufoGC58^2*ufoGC80*ufoGC69
          + 1/4*g_(1,6_,nu15)*FT1*g_(1,p4)*g_(2,6_,nu13)*cFT(nu9,XX,i2,iufo3)*
         cFT(g7,XX,iufo3,i3)*flavourTag(fe,j11,j12)*Vec(nu9,q3)*Vec(nu13,q3)*
         Vec(nu15,q3)*p4.p4*d^-1*xiw*xiz*ufoGC58^2*ufoGC80*ufoGC69
          + 1/8*g_(1,6_,nu15)*FT1*g_(1,p4)*g_(2,6_,nu15)*cFT(nu9,XX,i2,iufo3)*
         cFT(g7,XX,iufo3,i3)*flavourTag(fe,j11,j12)*Vec(nu9,q2)*Vec(nu13,q2)^2
         *p4.p4*d^-1*xiw*xiz*ufoGC58^2*ufoGC80*ufoGC69
          + 1/4*g_(1,6_,nu15)*FT1*g_(1,p4)*g_(2,6_,nu15)*cFT(nu9,XX,i2,iufo3)*
         cFT(g7,XX,iufo3,i3)*flavourTag(fe,j11,j12)*Vec(nu9,q2)*Vec(nu13,q2)*
         Vec(nu13,q3)*p4.p4*d^-1*xiw*xiz*ufoGC58^2*ufoGC80*ufoGC69
          + 1/8*g_(1,6_,nu15)*FT1*g_(1,p4)*g_(2,6_,nu15)*cFT(nu9,XX,i2,iufo3)*
         cFT(g7,XX,iufo3,i3)*flavourTag(fe,j11,j12)*Vec(nu9,q2)*Vec(nu13,q3)^2
         *p4.p4*d^-1*xiw*xiz*ufoGC58^2*ufoGC80*ufoGC69
          + 1/8*g_(1,6_,nu15)*FT1*g_(1,p4)*g_(2,6_,nu15)*cFT(nu9,XX,i2,iufo3)*
         cFT(g7,XX,iufo3,i3)*flavourTag(fe,j11,j12)*Vec(nu9,q3)*Vec(nu13,q2)^2
         *p4.p4*d^-1*xiw*xiz*ufoGC58^2*ufoGC80*ufoGC69
          + 1/4*g_(1,6_,nu15)*FT1*g_(1,p4)*g_(2,6_,nu15)*cFT(nu9,XX,i2,iufo3)*
         cFT(g7,XX,iufo3,i3)*flavourTag(fe,j11,j12)*Vec(nu9,q3)*Vec(nu13,q2)*
         Vec(nu13,q3)*p4.p4*d^-1*xiw*xiz*ufoGC58^2*ufoGC80*ufoGC69
          + 1/8*g_(1,6_,nu15)*FT1*g_(1,p4)*g_(2,6_,nu15)*cFT(nu9,XX,i2,iufo3)*
         cFT(g7,XX,iufo3,i3)*flavourTag(fe,j11,j12)*Vec(nu9,q3)*Vec(nu13,q3)^2
         *p4.p4*d^-1*xiw*xiz*ufoGC58^2*ufoGC80*ufoGC69
          + 1/4*g_(1,6_,nu15)*FT1*g_(1,p4)*g_(2,nu14)*FT2(g6)*cFT(nu9,XX,i2,
         iufo3)*cFT(g7,XX,iufo3,i3)*flavourTag(fe,j11,j12)*Vec(nu14,q2)*Vec(
         nu9,q2)*Vec(nu13,q2)^2*Vec(nu15,q2)*xiw*xiz*ufoGC58^2*ufoGC76*ufoGC69
          + 1/4*g_(1,6_,nu15)*FT1*g_(1,p4)*g_(2,nu14)*FT2(g6)*cFT(nu9,XX,i2,
         iufo3)*cFT(g7,XX,iufo3,i3)*flavourTag(fe,j11,j12)*Vec(nu14,q2)*Vec(
         nu9,q2)*Vec(nu13,q2)^2*Vec(nu15,q3)*xiw*xiz*ufoGC58^2*ufoGC76*ufoGC69
          + 1/2*g_(1,6_,nu15)*FT1*g_(1,p4)*g_(2,nu14)*FT2(g6)*cFT(nu9,XX,i2,
         iufo3)*cFT(g7,XX,iufo3,i3)*flavourTag(fe,j11,j12)*Vec(nu14,q2)*Vec(
         nu9,q2)*Vec(nu13,q2)*Vec(nu13,q3)*Vec(nu15,q2)*xiw*xiz*ufoGC58^2*
         ufoGC76*ufoGC69
          + 1/2*g_(1,6_,nu15)*FT1*g_(1,p4)*g_(2,nu14)*FT2(g6)*cFT(nu9,XX,i2,
         iufo3)*cFT(g7,XX,iufo3,i3)*flavourTag(fe,j11,j12)*Vec(nu14,q2)*Vec(
         nu9,q2)*Vec(nu13,q2)*Vec(nu13,q3)*Vec(nu15,q3)*xiw*xiz*ufoGC58^2*
         ufoGC76*ufoGC69
          + 1/4*g_(1,6_,nu15)*FT1*g_(1,p4)*g_(2,nu14)*FT2(g6)*cFT(nu9,XX,i2,
         iufo3)*cFT(g7,XX,iufo3,i3)*flavourTag(fe,j11,j12)*Vec(nu14,q2)*Vec(
         nu9,q2)*Vec(nu13,q3)^2*Vec(nu15,q2)*xiw*xiz*ufoGC58^2*ufoGC76*ufoGC69
          + 1/4*g_(1,6_,nu15)*FT1*g_(1,p4)*g_(2,nu14)*FT2(g6)*cFT(nu9,XX,i2,
         iufo3)*cFT(g7,XX,iufo3,i3)*flavourTag(fe,j11,j12)*Vec(nu14,q2)*Vec(
         nu9,q2)*Vec(nu13,q3)^2*Vec(nu15,q3)*xiw*xiz*ufoGC58^2*ufoGC76*ufoGC69
          + 1/8*g_(1,6_,nu15)*FT1*g_(1,p4)*g_(2,nu14)*FT2(g6)*cFT(nu9,XX,i2,
         iufo3)*cFT(g7,XX,iufo3,i3)*flavourTag(fe,j11,j12)*Vec(nu14,q2)*Vec(
         nu9,q2)*Vec(nu15,q2)*p4.p4*d^-1*xiw*xiz*ufoGC58^2*ufoGC76*ufoGC69
          + 1/8*g_(1,6_,nu15)*FT1*g_(1,p4)*g_(2,nu14)*FT2(g6)*cFT(nu9,XX,i2,
         iufo3)*cFT(g7,XX,iufo3,i3)*flavourTag(fe,j11,j12)*Vec(nu14,q2)*Vec(
         nu9,q2)*Vec(nu15,q3)*p4.p4*d^-1*xiw*xiz*ufoGC58^2*ufoGC76*ufoGC69
          + 1/4*g_(1,6_,nu15)*FT1*g_(1,p4)*g_(2,nu14)*FT2(g6)*cFT(nu9,XX,i2,
         iufo3)*cFT(g7,XX,iufo3,i3)*flavourTag(fe,j11,j12)*Vec(nu14,q2)*Vec(
         nu9,q3)*Vec(nu13,q2)^2*Vec(nu15,q2)*xiw*xiz*ufoGC58^2*ufoGC76*ufoGC69
          + 1/4*g_(1,6_,nu15)*FT1*g_(1,p4)*g_(2,nu14)*FT2(g6)*cFT(nu9,XX,i2,
         iufo3)*cFT(g7,XX,iufo3,i3)*flavourTag(fe,j11,j12)*Vec(nu14,q2)*Vec(
         nu9,q3)*Vec(nu13,q2)^2*Vec(nu15,q3)*xiw*xiz*ufoGC58^2*ufoGC76*ufoGC69
          + 1/2*g_(1,6_,nu15)*FT1*g_(1,p4)*g_(2,nu14)*FT2(g6)*cFT(nu9,XX,i2,
         iufo3)*cFT(g7,XX,iufo3,i3)*flavourTag(fe,j11,j12)*Vec(nu14,q2)*Vec(
         nu9,q3)*Vec(nu13,q2)*Vec(nu13,q3)*Vec(nu15,q2)*xiw*xiz*ufoGC58^2*
         ufoGC76*ufoGC69
          + 1/2*g_(1,6_,nu15)*FT1*g_(1,p4)*g_(2,nu14)*FT2(g6)*cFT(nu9,XX,i2,
         iufo3)*cFT(g7,XX,iufo3,i3)*flavourTag(fe,j11,j12)*Vec(nu14,q2)*Vec(
         nu9,q3)*Vec(nu13,q2)*Vec(nu13,q3)*Vec(nu15,q3)*xiw*xiz*ufoGC58^2*
         ufoGC76*ufoGC69
          + 1/4*g_(1,6_,nu15)*FT1*g_(1,p4)*g_(2,nu14)*FT2(g6)*cFT(nu9,XX,i2,
         iufo3)*cFT(g7,XX,iufo3,i3)*flavourTag(fe,j11,j12)*Vec(nu14,q2)*Vec(
         nu9,q3)*Vec(nu13,q3)^2*Vec(nu15,q2)*xiw*xiz*ufoGC58^2*ufoGC76*ufoGC69
          + 1/4*g_(1,6_,nu15)*FT1*g_(1,p4)*g_(2,nu14)*FT2(g6)*cFT(nu9,XX,i2,
         iufo3)*cFT(g7,XX,iufo3,i3)*flavourTag(fe,j11,j12)*Vec(nu14,q2)*Vec(
         nu9,q3)*Vec(nu13,q3)^2*Vec(nu15,q3)*xiw*xiz*ufoGC58^2*ufoGC76*ufoGC69
          + 1/8*g_(1,6_,nu15)*FT1*g_(1,p4)*g_(2,nu14)*FT2(g6)*cFT(nu9,XX,i2,
         iufo3)*cFT(g7,XX,iufo3,i3)*flavourTag(fe,j11,j12)*Vec(nu14,q2)*Vec(
         nu9,q3)*Vec(nu15,q2)*p4.p4*d^-1*xiw*xiz*ufoGC58^2*ufoGC76*ufoGC69
          + 1/8*g_(1,6_,nu15)*FT1*g_(1,p4)*g_(2,nu14)*FT2(g6)*cFT(nu9,XX,i2,
         iufo3)*cFT(g7,XX,iufo3,i3)*flavourTag(fe,j11,j12)*Vec(nu14,q2)*Vec(
         nu9,q3)*Vec(nu15,q3)*p4.p4*d^-1*xiw*xiz*ufoGC58^2*ufoGC76*ufoGC69
          + 1/4*g_(1,6_,nu15)*FT1*g_(1,p4)*g_(2,nu14)*FT2(g6)*cFT(nu9,XX,i2,
         iufo3)*cFT(g7,XX,iufo3,i3)*flavourTag(fe,j11,j12)*Vec(nu14,q3)*Vec(
         nu9,q2)*Vec(nu13,q2)^2*Vec(nu15,q2)*xiw*xiz*ufoGC58^2*ufoGC76*ufoGC69
          + 1/4*g_(1,6_,nu15)*FT1*g_(1,p4)*g_(2,nu14)*FT2(g6)*cFT(nu9,XX,i2,
         iufo3)*cFT(g7,XX,iufo3,i3)*flavourTag(fe,j11,j12)*Vec(nu14,q3)*Vec(
         nu9,q2)*Vec(nu13,q2)^2*Vec(nu15,q3)*xiw*xiz*ufoGC58^2*ufoGC76*ufoGC69
          + 1/2*g_(1,6_,nu15)*FT1*g_(1,p4)*g_(2,nu14)*FT2(g6)*cFT(nu9,XX,i2,
         iufo3)*cFT(g7,XX,iufo3,i3)*flavourTag(fe,j11,j12)*Vec(nu14,q3)*Vec(
         nu9,q2)*Vec(nu13,q2)*Vec(nu13,q3)*Vec(nu15,q2)*xiw*xiz*ufoGC58^2*
         ufoGC76*ufoGC69
          + 1/2*g_(1,6_,nu15)*FT1*g_(1,p4)*g_(2,nu14)*FT2(g6)*cFT(nu9,XX,i2,
         iufo3)*cFT(g7,XX,iufo3,i3)*flavourTag(fe,j11,j12)*Vec(nu14,q3)*Vec(
         nu9,q2)*Vec(nu13,q2)*Vec(nu13,q3)*Vec(nu15,q3)*xiw*xiz*ufoGC58^2*
         ufoGC76*ufoGC69
          + 1/4*g_(1,6_,nu15)*FT1*g_(1,p4)*g_(2,nu14)*FT2(g6)*cFT(nu9,XX,i2,
         iufo3)*cFT(g7,XX,iufo3,i3)*flavourTag(fe,j11,j12)*Vec(nu14,q3)*Vec(
         nu9,q2)*Vec(nu13,q3)^2*Vec(nu15,q2)*xiw*xiz*ufoGC58^2*ufoGC76*ufoGC69
          + 1/4*g_(1,6_,nu15)*FT1*g_(1,p4)*g_(2,nu14)*FT2(g6)*cFT(nu9,XX,i2,
         iufo3)*cFT(g7,XX,iufo3,i3)*flavourTag(fe,j11,j12)*Vec(nu14,q3)*Vec(
         nu9,q2)*Vec(nu13,q3)^2*Vec(nu15,q3)*xiw*xiz*ufoGC58^2*ufoGC76*ufoGC69
          + 1/8*g_(1,6_,nu15)*FT1*g_(1,p4)*g_(2,nu14)*FT2(g6)*cFT(nu9,XX,i2,
         iufo3)*cFT(g7,XX,iufo3,i3)*flavourTag(fe,j11,j12)*Vec(nu14,q3)*Vec(
         nu9,q2)*Vec(nu15,q2)*p4.p4*d^-1*xiw*xiz*ufoGC58^2*ufoGC76*ufoGC69
          + 1/8*g_(1,6_,nu15)*FT1*g_(1,p4)*g_(2,nu14)*FT2(g6)*cFT(nu9,XX,i2,
         iufo3)*cFT(g7,XX,iufo3,i3)*flavourTag(fe,j11,j12)*Vec(nu14,q3)*Vec(
         nu9,q2)*Vec(nu15,q3)*p4.p4*d^-1*xiw*xiz*ufoGC58^2*ufoGC76*ufoGC69
          + 1/4*g_(1,6_,nu15)*FT1*g_(1,p4)*g_(2,nu14)*FT2(g6)*cFT(nu9,XX,i2,
         iufo3)*cFT(g7,XX,iufo3,i3)*flavourTag(fe,j11,j12)*Vec(nu14,q3)*Vec(
         nu9,q3)*Vec(nu13,q2)^2*Vec(nu15,q2)*xiw*xiz*ufoGC58^2*ufoGC76*ufoGC69
          + 1/4*g_(1,6_,nu15)*FT1*g_(1,p4)*g_(2,nu14)*FT2(g6)*cFT(nu9,XX,i2,
         iufo3)*cFT(g7,XX,iufo3,i3)*flavourTag(fe,j11,j12)*Vec(nu14,q3)*Vec(
         nu9,q3)*Vec(nu13,q2)^2*Vec(nu15,q3)*xiw*xiz*ufoGC58^2*ufoGC76*ufoGC69
          + 1/2*g_(1,6_,nu15)*FT1*g_(1,p4)*g_(2,nu14)*FT2(g6)*cFT(nu9,XX,i2,
         iufo3)*cFT(g7,XX,iufo3,i3)*flavourTag(fe,j11,j12)*Vec(nu14,q3)*Vec(
         nu9,q3)*Vec(nu13,q2)*Vec(nu13,q3)*Vec(nu15,q2)*xiw*xiz*ufoGC58^2*
         ufoGC76*ufoGC69
          + 1/2*g_(1,6_,nu15)*FT1*g_(1,p4)*g_(2,nu14)*FT2(g6)*cFT(nu9,XX,i2,
         iufo3)*cFT(g7,XX,iufo3,i3)*flavourTag(fe,j11,j12)*Vec(nu14,q3)*Vec(
         nu9,q3)*Vec(nu13,q2)*Vec(nu13,q3)*Vec(nu15,q3)*xiw*xiz*ufoGC58^2*
         ufoGC76*ufoGC69
          + 1/4*g_(1,6_,nu15)*FT1*g_(1,p4)*g_(2,nu14)*FT2(g6)*cFT(nu9,XX,i2,
         iufo3)*cFT(g7,XX,iufo3,i3)*flavourTag(fe,j11,j12)*Vec(nu14,q3)*Vec(
         nu9,q3)*Vec(nu13,q3)^2*Vec(nu15,q2)*xiw*xiz*ufoGC58^2*ufoGC76*ufoGC69
          + 1/4*g_(1,6_,nu15)*FT1*g_(1,p4)*g_(2,nu14)*FT2(g6)*cFT(nu9,XX,i2,
         iufo3)*cFT(g7,XX,iufo3,i3)*flavourTag(fe,j11,j12)*Vec(nu14,q3)*Vec(
         nu9,q3)*Vec(nu13,q3)^2*Vec(nu15,q3)*xiw*xiz*ufoGC58^2*ufoGC76*ufoGC69
          + 1/8*g_(1,6_,nu15)*FT1*g_(1,p4)*g_(2,nu14)*FT2(g6)*cFT(nu9,XX,i2,
         iufo3)*cFT(g7,XX,iufo3,i3)*flavourTag(fe,j11,j12)*Vec(nu14,q3)*Vec(
         nu9,q3)*Vec(nu15,q2)*p4.p4*d^-1*xiw*xiz*ufoGC58^2*ufoGC76*ufoGC69
          + 1/8*g_(1,6_,nu15)*FT1*g_(1,p4)*g_(2,nu14)*FT2(g6)*cFT(nu9,XX,i2,
         iufo3)*cFT(g7,XX,iufo3,i3)*flavourTag(fe,j11,j12)*Vec(nu14,q3)*Vec(
         nu9,q3)*Vec(nu15,q3)*p4.p4*d^-1*xiw*xiz*ufoGC58^2*ufoGC76*ufoGC69
          + 1/4*g_(1,6_,nu15)*FT1*g_(1,p4)*g_(2,nu13)*FT2(g6)*cFT(nu9,XX,i2,
         iufo3)*cFT(g7,XX,iufo3,i3)*flavourTag(fe,j11,j12)*Vec(nu9,q2)*Vec(
         nu13,q2)*Vec(nu15,q2)*p4.p4*d^-1*xiw*xiz*ufoGC58^2*ufoGC76*ufoGC69
          + 1/4*g_(1,6_,nu15)*FT1*g_(1,p4)*g_(2,nu13)*FT2(g6)*cFT(nu9,XX,i2,
         iufo3)*cFT(g7,XX,iufo3,i3)*flavourTag(fe,j11,j12)*Vec(nu9,q2)*Vec(
         nu13,q2)*Vec(nu15,q3)*p4.p4*d^-1*xiw*xiz*ufoGC58^2*ufoGC76*ufoGC69
          + 1/4*g_(1,6_,nu15)*FT1*g_(1,p4)*g_(2,nu13)*FT2(g6)*cFT(nu9,XX,i2,
         iufo3)*cFT(g7,XX,iufo3,i3)*flavourTag(fe,j11,j12)*Vec(nu9,q2)*Vec(
         nu13,q3)*Vec(nu15,q2)*p4.p4*d^-1*xiw*xiz*ufoGC58^2*ufoGC76*ufoGC69
          + 1/4*g_(1,6_,nu15)*FT1*g_(1,p4)*g_(2,nu13)*FT2(g6)*cFT(nu9,XX,i2,
         iufo3)*cFT(g7,XX,iufo3,i3)*flavourTag(fe,j11,j12)*Vec(nu9,q2)*Vec(
         nu13,q3)*Vec(nu15,q3)*p4.p4*d^-1*xiw*xiz*ufoGC58^2*ufoGC76*ufoGC69
          + 1/4*g_(1,6_,nu15)*FT1*g_(1,p4)*g_(2,nu13)*FT2(g6)*cFT(nu9,XX,i2,
         iufo3)*cFT(g7,XX,iufo3,i3)*flavourTag(fe,j11,j12)*Vec(nu9,q3)*Vec(
         nu13,q2)*Vec(nu15,q2)*p4.p4*d^-1*xiw*xiz*ufoGC58^2*ufoGC76*ufoGC69
          + 1/4*g_(1,6_,nu15)*FT1*g_(1,p4)*g_(2,nu13)*FT2(g6)*cFT(nu9,XX,i2,
         iufo3)*cFT(g7,XX,iufo3,i3)*flavourTag(fe,j11,j12)*Vec(nu9,q3)*Vec(
         nu13,q2)*Vec(nu15,q3)*p4.p4*d^-1*xiw*xiz*ufoGC58^2*ufoGC76*ufoGC69
          + 1/4*g_(1,6_,nu15)*FT1*g_(1,p4)*g_(2,nu13)*FT2(g6)*cFT(nu9,XX,i2,
         iufo3)*cFT(g7,XX,iufo3,i3)*flavourTag(fe,j11,j12)*Vec(nu9,q3)*Vec(
         nu13,q3)*Vec(nu15,q2)*p4.p4*d^-1*xiw*xiz*ufoGC58^2*ufoGC76*ufoGC69
          + 1/4*g_(1,6_,nu15)*FT1*g_(1,p4)*g_(2,nu13)*FT2(g6)*cFT(nu9,XX,i2,
         iufo3)*cFT(g7,XX,iufo3,i3)*flavourTag(fe,j11,j12)*Vec(nu9,q3)*Vec(
         nu13,q3)*Vec(nu15,q3)*p4.p4*d^-1*xiw*xiz*ufoGC58^2*ufoGC76*ufoGC69
          + 1/8*g_(1,6_,nu15)*FT1*g_(1,p4)*g_(2,nu15)*FT2(g6)*cFT(nu9,XX,i2,
         iufo3)*cFT(g7,XX,iufo3,i3)*flavourTag(fe,j11,j12)*Vec(nu9,q2)*Vec(
         nu13,q2)^2*p4.p4*d^-1*xiw*xiz*ufoGC58^2*ufoGC76*ufoGC69
          + 1/4*g_(1,6_,nu15)*FT1*g_(1,p4)*g_(2,nu15)*FT2(g6)*cFT(nu9,XX,i2,
         iufo3)*cFT(g7,XX,iufo3,i3)*flavourTag(fe,j11,j12)*Vec(nu9,q2)*Vec(
         nu13,q2)*Vec(nu13,q3)*p4.p4*d^-1*xiw*xiz*ufoGC58^2*ufoGC76*ufoGC69
          + 1/8*g_(1,6_,nu15)*FT1*g_(1,p4)*g_(2,nu15)*FT2(g6)*cFT(nu9,XX,i2,
         iufo3)*cFT(g7,XX,iufo3,i3)*flavourTag(fe,j11,j12)*Vec(nu9,q2)*Vec(
         nu13,q3)^2*p4.p4*d^-1*xiw*xiz*ufoGC58^2*ufoGC76*ufoGC69
          + 1/8*g_(1,6_,nu15)*FT1*g_(1,p4)*g_(2,nu15)*FT2(g6)*cFT(nu9,XX,i2,
         iufo3)*cFT(g7,XX,iufo3,i3)*flavourTag(fe,j11,j12)*Vec(nu9,q3)*Vec(
         nu13,q2)^2*p4.p4*d^-1*xiw*xiz*ufoGC58^2*ufoGC76*ufoGC69
          + 1/4*g_(1,6_,nu15)*FT1*g_(1,p4)*g_(2,nu15)*FT2(g6)*cFT(nu9,XX,i2,
         iufo3)*cFT(g7,XX,iufo3,i3)*flavourTag(fe,j11,j12)*Vec(nu9,q3)*Vec(
         nu13,q2)*Vec(nu13,q3)*p4.p4*d^-1*xiw*xiz*ufoGC58^2*ufoGC76*ufoGC69
          + 1/8*g_(1,6_,nu15)*FT1*g_(1,p4)*g_(2,nu15)*FT2(g6)*cFT(nu9,XX,i2,
         iufo3)*cFT(g7,XX,iufo3,i3)*flavourTag(fe,j11,j12)*Vec(nu9,q3)*Vec(
         nu13,q3)^2*p4.p4*d^-1*xiw*xiz*ufoGC58^2*ufoGC76*ufoGC69
          - 1/4*g_(1,6_,nu15)*FT1*g_(1,q1)*g_(2,6_,nu14)*cFT(nu9,XX,i2,iufo3)*
         cFT(g7,XX,iufo3,i3)*flavourTag(fe,j11,j12)*Vec(nu14,q2)*Vec(nu9,q2)*
         Vec(nu13,q2)^2*Vec(nu15,q2)*xiw*xiz*ufoGC58^2*ufoGC80*ufoGC69
          - 1/4*g_(1,6_,nu15)*FT1*g_(1,q1)*g_(2,6_,nu14)*cFT(nu9,XX,i2,iufo3)*
         cFT(g7,XX,iufo3,i3)*flavourTag(fe,j11,j12)*Vec(nu14,q2)*Vec(nu9,q2)*
         Vec(nu13,q2)^2*Vec(nu15,q3)*xiw*xiz*ufoGC58^2*ufoGC80*ufoGC69
          - 1/2*g_(1,6_,nu15)*FT1*g_(1,q1)*g_(2,6_,nu14)*cFT(nu9,XX,i2,iufo3)*
         cFT(g7,XX,iufo3,i3)*flavourTag(fe,j11,j12)*Vec(nu14,q2)*Vec(nu9,q2)*
         Vec(nu13,q2)*Vec(nu13,q3)*Vec(nu15,q2)*xiw*xiz*ufoGC58^2*ufoGC80*
         ufoGC69
          - 1/2*g_(1,6_,nu15)*FT1*g_(1,q1)*g_(2,6_,nu14)*cFT(nu9,XX,i2,iufo3)*
         cFT(g7,XX,iufo3,i3)*flavourTag(fe,j11,j12)*Vec(nu14,q2)*Vec(nu9,q2)*
         Vec(nu13,q2)*Vec(nu13,q3)*Vec(nu15,q3)*xiw*xiz*ufoGC58^2*ufoGC80*
         ufoGC69
          - 1/4*g_(1,6_,nu15)*FT1*g_(1,q1)*g_(2,6_,nu14)*cFT(nu9,XX,i2,iufo3)*
         cFT(g7,XX,iufo3,i3)*flavourTag(fe,j11,j12)*Vec(nu14,q2)*Vec(nu9,q2)*
         Vec(nu13,q3)^2*Vec(nu15,q2)*xiw*xiz*ufoGC58^2*ufoGC80*ufoGC69
          - 1/4*g_(1,6_,nu15)*FT1*g_(1,q1)*g_(2,6_,nu14)*cFT(nu9,XX,i2,iufo3)*
         cFT(g7,XX,iufo3,i3)*flavourTag(fe,j11,j12)*Vec(nu14,q2)*Vec(nu9,q2)*
         Vec(nu13,q3)^2*Vec(nu15,q3)*xiw*xiz*ufoGC58^2*ufoGC80*ufoGC69
          - 1/8*g_(1,6_,nu15)*FT1*g_(1,q1)*g_(2,6_,nu14)*cFT(nu9,XX,i2,iufo3)*
         cFT(g7,XX,iufo3,i3)*flavourTag(fe,j11,j12)*Vec(nu14,q2)*Vec(nu9,q2)*
         Vec(nu15,q2)*p4.p4*d^-1*xiw*xiz*ufoGC58^2*ufoGC80*ufoGC69
          - 1/8*g_(1,6_,nu15)*FT1*g_(1,q1)*g_(2,6_,nu14)*cFT(nu9,XX,i2,iufo3)*
         cFT(g7,XX,iufo3,i3)*flavourTag(fe,j11,j12)*Vec(nu14,q2)*Vec(nu9,q2)*
         Vec(nu15,q3)*p4.p4*d^-1*xiw*xiz*ufoGC58^2*ufoGC80*ufoGC69
          - 1/4*g_(1,6_,nu15)*FT1*g_(1,q1)*g_(2,6_,nu14)*cFT(nu9,XX,i2,iufo3)*
         cFT(g7,XX,iufo3,i3)*flavourTag(fe,j11,j12)*Vec(nu14,q2)*Vec(nu9,q3)*
         Vec(nu13,q2)^2*Vec(nu15,q2)*xiw*xiz*ufoGC58^2*ufoGC80*ufoGC69
          - 1/4*g_(1,6_,nu15)*FT1*g_(1,q1)*g_(2,6_,nu14)*cFT(nu9,XX,i2,iufo3)*
         cFT(g7,XX,iufo3,i3)*flavourTag(fe,j11,j12)*Vec(nu14,q2)*Vec(nu9,q3)*
         Vec(nu13,q2)^2*Vec(nu15,q3)*xiw*xiz*ufoGC58^2*ufoGC80*ufoGC69
          - 1/2*g_(1,6_,nu15)*FT1*g_(1,q1)*g_(2,6_,nu14)*cFT(nu9,XX,i2,iufo3)*
         cFT(g7,XX,iufo3,i3)*flavourTag(fe,j11,j12)*Vec(nu14,q2)*Vec(nu9,q3)*
         Vec(nu13,q2)*Vec(nu13,q3)*Vec(nu15,q2)*xiw*xiz*ufoGC58^2*ufoGC80*
         ufoGC69
          - 1/2*g_(1,6_,nu15)*FT1*g_(1,q1)*g_(2,6_,nu14)*cFT(nu9,XX,i2,iufo3)*
         cFT(g7,XX,iufo3,i3)*flavourTag(fe,j11,j12)*Vec(nu14,q2)*Vec(nu9,q3)*
         Vec(nu13,q2)*Vec(nu13,q3)*Vec(nu15,q3)*xiw*xiz*ufoGC58^2*ufoGC80*
         ufoGC69
          - 1/4*g_(1,6_,nu15)*FT1*g_(1,q1)*g_(2,6_,nu14)*cFT(nu9,XX,i2,iufo3)*
         cFT(g7,XX,iufo3,i3)*flavourTag(fe,j11,j12)*Vec(nu14,q2)*Vec(nu9,q3)*
         Vec(nu13,q3)^2*Vec(nu15,q2)*xiw*xiz*ufoGC58^2*ufoGC80*ufoGC69
          - 1/4*g_(1,6_,nu15)*FT1*g_(1,q1)*g_(2,6_,nu14)*cFT(nu9,XX,i2,iufo3)*
         cFT(g7,XX,iufo3,i3)*flavourTag(fe,j11,j12)*Vec(nu14,q2)*Vec(nu9,q3)*
         Vec(nu13,q3)^2*Vec(nu15,q3)*xiw*xiz*ufoGC58^2*ufoGC80*ufoGC69
          - 1/8*g_(1,6_,nu15)*FT1*g_(1,q1)*g_(2,6_,nu14)*cFT(nu9,XX,i2,iufo3)*
         cFT(g7,XX,iufo3,i3)*flavourTag(fe,j11,j12)*Vec(nu14,q2)*Vec(nu9,q3)*
         Vec(nu15,q2)*p4.p4*d^-1*xiw*xiz*ufoGC58^2*ufoGC80*ufoGC69
          - 1/8*g_(1,6_,nu15)*FT1*g_(1,q1)*g_(2,6_,nu14)*cFT(nu9,XX,i2,iufo3)*
         cFT(g7,XX,iufo3,i3)*flavourTag(fe,j11,j12)*Vec(nu14,q2)*Vec(nu9,q3)*
         Vec(nu15,q3)*p4.p4*d^-1*xiw*xiz*ufoGC58^2*ufoGC80*ufoGC69
          - 1/4*g_(1,6_,nu15)*FT1*g_(1,q1)*g_(2,6_,nu14)*cFT(nu9,XX,i2,iufo3)*
         cFT(g7,XX,iufo3,i3)*flavourTag(fe,j11,j12)*Vec(nu14,q3)*Vec(nu9,q2)*
         Vec(nu13,q2)^2*Vec(nu15,q2)*xiw*xiz*ufoGC58^2*ufoGC80*ufoGC69
          - 1/4*g_(1,6_,nu15)*FT1*g_(1,q1)*g_(2,6_,nu14)*cFT(nu9,XX,i2,iufo3)*
         cFT(g7,XX,iufo3,i3)*flavourTag(fe,j11,j12)*Vec(nu14,q3)*Vec(nu9,q2)*
         Vec(nu13,q2)^2*Vec(nu15,q3)*xiw*xiz*ufoGC58^2*ufoGC80*ufoGC69
          - 1/2*g_(1,6_,nu15)*FT1*g_(1,q1)*g_(2,6_,nu14)*cFT(nu9,XX,i2,iufo3)*
         cFT(g7,XX,iufo3,i3)*flavourTag(fe,j11,j12)*Vec(nu14,q3)*Vec(nu9,q2)*
         Vec(nu13,q2)*Vec(nu13,q3)*Vec(nu15,q2)*xiw*xiz*ufoGC58^2*ufoGC80*
         ufoGC69
          - 1/2*g_(1,6_,nu15)*FT1*g_(1,q1)*g_(2,6_,nu14)*cFT(nu9,XX,i2,iufo3)*
         cFT(g7,XX,iufo3,i3)*flavourTag(fe,j11,j12)*Vec(nu14,q3)*Vec(nu9,q2)*
         Vec(nu13,q2)*Vec(nu13,q3)*Vec(nu15,q3)*xiw*xiz*ufoGC58^2*ufoGC80*
         ufoGC69
          - 1/4*g_(1,6_,nu15)*FT1*g_(1,q1)*g_(2,6_,nu14)*cFT(nu9,XX,i2,iufo3)*
         cFT(g7,XX,iufo3,i3)*flavourTag(fe,j11,j12)*Vec(nu14,q3)*Vec(nu9,q2)*
         Vec(nu13,q3)^2*Vec(nu15,q2)*xiw*xiz*ufoGC58^2*ufoGC80*ufoGC69
          - 1/4*g_(1,6_,nu15)*FT1*g_(1,q1)*g_(2,6_,nu14)*cFT(nu9,XX,i2,iufo3)*
         cFT(g7,XX,iufo3,i3)*flavourTag(fe,j11,j12)*Vec(nu14,q3)*Vec(nu9,q2)*
         Vec(nu13,q3)^2*Vec(nu15,q3)*xiw*xiz*ufoGC58^2*ufoGC80*ufoGC69
          - 1/8*g_(1,6_,nu15)*FT1*g_(1,q1)*g_(2,6_,nu14)*cFT(nu9,XX,i2,iufo3)*
         cFT(g7,XX,iufo3,i3)*flavourTag(fe,j11,j12)*Vec(nu14,q3)*Vec(nu9,q2)*
         Vec(nu15,q2)*p4.p4*d^-1*xiw*xiz*ufoGC58^2*ufoGC80*ufoGC69
          - 1/8*g_(1,6_,nu15)*FT1*g_(1,q1)*g_(2,6_,nu14)*cFT(nu9,XX,i2,iufo3)*
         cFT(g7,XX,iufo3,i3)*flavourTag(fe,j11,j12)*Vec(nu14,q3)*Vec(nu9,q2)*
         Vec(nu15,q3)*p4.p4*d^-1*xiw*xiz*ufoGC58^2*ufoGC80*ufoGC69
          - 1/4*g_(1,6_,nu15)*FT1*g_(1,q1)*g_(2,6_,nu14)*cFT(nu9,XX,i2,iufo3)*
         cFT(g7,XX,iufo3,i3)*flavourTag(fe,j11,j12)*Vec(nu14,q3)*Vec(nu9,q3)*
         Vec(nu13,q2)^2*Vec(nu15,q2)*xiw*xiz*ufoGC58^2*ufoGC80*ufoGC69
          - 1/4*g_(1,6_,nu15)*FT1*g_(1,q1)*g_(2,6_,nu14)*cFT(nu9,XX,i2,iufo3)*
         cFT(g7,XX,iufo3,i3)*flavourTag(fe,j11,j12)*Vec(nu14,q3)*Vec(nu9,q3)*
         Vec(nu13,q2)^2*Vec(nu15,q3)*xiw*xiz*ufoGC58^2*ufoGC80*ufoGC69
          - 1/2*g_(1,6_,nu15)*FT1*g_(1,q1)*g_(2,6_,nu14)*cFT(nu9,XX,i2,iufo3)*
         cFT(g7,XX,iufo3,i3)*flavourTag(fe,j11,j12)*Vec(nu14,q3)*Vec(nu9,q3)*
         Vec(nu13,q2)*Vec(nu13,q3)*Vec(nu15,q2)*xiw*xiz*ufoGC58^2*ufoGC80*
         ufoGC69
          - 1/2*g_(1,6_,nu15)*FT1*g_(1,q1)*g_(2,6_,nu14)*cFT(nu9,XX,i2,iufo3)*
         cFT(g7,XX,iufo3,i3)*flavourTag(fe,j11,j12)*Vec(nu14,q3)*Vec(nu9,q3)*
         Vec(nu13,q2)*Vec(nu13,q3)*Vec(nu15,q3)*xiw*xiz*ufoGC58^2*ufoGC80*
         ufoGC69
          - 1/4*g_(1,6_,nu15)*FT1*g_(1,q1)*g_(2,6_,nu14)*cFT(nu9,XX,i2,iufo3)*
         cFT(g7,XX,iufo3,i3)*flavourTag(fe,j11,j12)*Vec(nu14,q3)*Vec(nu9,q3)*
         Vec(nu13,q3)^2*Vec(nu15,q2)*xiw*xiz*ufoGC58^2*ufoGC80*ufoGC69
          - 1/4*g_(1,6_,nu15)*FT1*g_(1,q1)*g_(2,6_,nu14)*cFT(nu9,XX,i2,iufo3)*
         cFT(g7,XX,iufo3,i3)*flavourTag(fe,j11,j12)*Vec(nu14,q3)*Vec(nu9,q3)*
         Vec(nu13,q3)^2*Vec(nu15,q3)*xiw*xiz*ufoGC58^2*ufoGC80*ufoGC69
          - 1/8*g_(1,6_,nu15)*FT1*g_(1,q1)*g_(2,6_,nu14)*cFT(nu9,XX,i2,iufo3)*
         cFT(g7,XX,iufo3,i3)*flavourTag(fe,j11,j12)*Vec(nu14,q3)*Vec(nu9,q3)*
         Vec(nu15,q2)*p4.p4*d^-1*xiw*xiz*ufoGC58^2*ufoGC80*ufoGC69
          - 1/8*g_(1,6_,nu15)*FT1*g_(1,q1)*g_(2,6_,nu14)*cFT(nu9,XX,i2,iufo3)*
         cFT(g7,XX,iufo3,i3)*flavourTag(fe,j11,j12)*Vec(nu14,q3)*Vec(nu9,q3)*
         Vec(nu15,q3)*p4.p4*d^-1*xiw*xiz*ufoGC58^2*ufoGC80*ufoGC69
          - 1/4*g_(1,6_,nu15)*FT1*g_(1,q1)*g_(2,6_,nu13)*cFT(nu9,XX,i2,iufo3)*
         cFT(g7,XX,iufo3,i3)*flavourTag(fe,j11,j12)*Vec(nu9,q2)*Vec(nu13,q2)*
         Vec(nu15,q2)*p4.p4*d^-1*xiw*xiz*ufoGC58^2*ufoGC80*ufoGC69
          - 1/4*g_(1,6_,nu15)*FT1*g_(1,q1)*g_(2,6_,nu13)*cFT(nu9,XX,i2,iufo3)*
         cFT(g7,XX,iufo3,i3)*flavourTag(fe,j11,j12)*Vec(nu9,q2)*Vec(nu13,q2)*
         Vec(nu15,q3)*p4.p4*d^-1*xiw*xiz*ufoGC58^2*ufoGC80*ufoGC69
          - 1/4*g_(1,6_,nu15)*FT1*g_(1,q1)*g_(2,6_,nu13)*cFT(nu9,XX,i2,iufo3)*
         cFT(g7,XX,iufo3,i3)*flavourTag(fe,j11,j12)*Vec(nu9,q2)*Vec(nu13,q3)*
         Vec(nu15,q2)*p4.p4*d^-1*xiw*xiz*ufoGC58^2*ufoGC80*ufoGC69
          - 1/4*g_(1,6_,nu15)*FT1*g_(1,q1)*g_(2,6_,nu13)*cFT(nu9,XX,i2,iufo3)*
         cFT(g7,XX,iufo3,i3)*flavourTag(fe,j11,j12)*Vec(nu9,q2)*Vec(nu13,q3)*
         Vec(nu15,q3)*p4.p4*d^-1*xiw*xiz*ufoGC58^2*ufoGC80*ufoGC69
          - 1/4*g_(1,6_,nu15)*FT1*g_(1,q1)*g_(2,6_,nu13)*cFT(nu9,XX,i2,iufo3)*
         cFT(g7,XX,iufo3,i3)*flavourTag(fe,j11,j12)*Vec(nu9,q3)*Vec(nu13,q2)*
         Vec(nu15,q2)*p4.p4*d^-1*xiw*xiz*ufoGC58^2*ufoGC80*ufoGC69
          - 1/4*g_(1,6_,nu15)*FT1*g_(1,q1)*g_(2,6_,nu13)*cFT(nu9,XX,i2,iufo3)*
         cFT(g7,XX,iufo3,i3)*flavourTag(fe,j11,j12)*Vec(nu9,q3)*Vec(nu13,q2)*
         Vec(nu15,q3)*p4.p4*d^-1*xiw*xiz*ufoGC58^2*ufoGC80*ufoGC69
          - 1/4*g_(1,6_,nu15)*FT1*g_(1,q1)*g_(2,6_,nu13)*cFT(nu9,XX,i2,iufo3)*
         cFT(g7,XX,iufo3,i3)*flavourTag(fe,j11,j12)*Vec(nu9,q3)*Vec(nu13,q3)*
         Vec(nu15,q2)*p4.p4*d^-1*xiw*xiz*ufoGC58^2*ufoGC80*ufoGC69
          - 1/4*g_(1,6_,nu15)*FT1*g_(1,q1)*g_(2,6_,nu13)*cFT(nu9,XX,i2,iufo3)*
         cFT(g7,XX,iufo3,i3)*flavourTag(fe,j11,j12)*Vec(nu9,q3)*Vec(nu13,q3)*
         Vec(nu15,q3)*p4.p4*d^-1*xiw*xiz*ufoGC58^2*ufoGC80*ufoGC69
          - 1/8*g_(1,6_,nu15)*FT1*g_(1,q1)*g_(2,6_,nu15)*cFT(nu9,XX,i2,iufo3)*
         cFT(g7,XX,iufo3,i3)*flavourTag(fe,j11,j12)*Vec(nu9,q2)*Vec(nu13,q2)^2
         *p4.p4*d^-1*xiw*xiz*ufoGC58^2*ufoGC80*ufoGC69
          - 1/4*g_(1,6_,nu15)*FT1*g_(1,q1)*g_(2,6_,nu15)*cFT(nu9,XX,i2,iufo3)*
         cFT(g7,XX,iufo3,i3)*flavourTag(fe,j11,j12)*Vec(nu9,q2)*Vec(nu13,q2)*
         Vec(nu13,q3)*p4.p4*d^-1*xiw*xiz*ufoGC58^2*ufoGC80*ufoGC69
          - 1/8*g_(1,6_,nu15)*FT1*g_(1,q1)*g_(2,6_,nu15)*cFT(nu9,XX,i2,iufo3)*
         cFT(g7,XX,iufo3,i3)*flavourTag(fe,j11,j12)*Vec(nu9,q2)*Vec(nu13,q3)^2
         *p4.p4*d^-1*xiw*xiz*ufoGC58^2*ufoGC80*ufoGC69
          - 1/8*g_(1,6_,nu15)*FT1*g_(1,q1)*g_(2,6_,nu15)*cFT(nu9,XX,i2,iufo3)*
         cFT(g7,XX,iufo3,i3)*flavourTag(fe,j11,j12)*Vec(nu9,q3)*Vec(nu13,q2)^2
         *p4.p4*d^-1*xiw*xiz*ufoGC58^2*ufoGC80*ufoGC69
          - 1/4*g_(1,6_,nu15)*FT1*g_(1,q1)*g_(2,6_,nu15)*cFT(nu9,XX,i2,iufo3)*
         cFT(g7,XX,iufo3,i3)*flavourTag(fe,j11,j12)*Vec(nu9,q3)*Vec(nu13,q2)*
         Vec(nu13,q3)*p4.p4*d^-1*xiw*xiz*ufoGC58^2*ufoGC80*ufoGC69
          - 1/8*g_(1,6_,nu15)*FT1*g_(1,q1)*g_(2,6_,nu15)*cFT(nu9,XX,i2,iufo3)*
         cFT(g7,XX,iufo3,i3)*flavourTag(fe,j11,j12)*Vec(nu9,q3)*Vec(nu13,q3)^2
         *p4.p4*d^-1*xiw*xiz*ufoGC58^2*ufoGC80*ufoGC69
          - 1/4*g_(1,6_,nu15)*FT1*g_(1,q1)*g_(2,nu14)*FT2(g6)*cFT(nu9,XX,i2,
         iufo3)*cFT(g7,XX,iufo3,i3)*flavourTag(fe,j11,j12)*Vec(nu14,q2)*Vec(
         nu9,q2)*Vec(nu13,q2)^2*Vec(nu15,q2)*xiw*xiz*ufoGC58^2*ufoGC76*ufoGC69
          - 1/4*g_(1,6_,nu15)*FT1*g_(1,q1)*g_(2,nu14)*FT2(g6)*cFT(nu9,XX,i2,
         iufo3)*cFT(g7,XX,iufo3,i3)*flavourTag(fe,j11,j12)*Vec(nu14,q2)*Vec(
         nu9,q2)*Vec(nu13,q2)^2*Vec(nu15,q3)*xiw*xiz*ufoGC58^2*ufoGC76*ufoGC69
          - 1/2*g_(1,6_,nu15)*FT1*g_(1,q1)*g_(2,nu14)*FT2(g6)*cFT(nu9,XX,i2,
         iufo3)*cFT(g7,XX,iufo3,i3)*flavourTag(fe,j11,j12)*Vec(nu14,q2)*Vec(
         nu9,q2)*Vec(nu13,q2)*Vec(nu13,q3)*Vec(nu15,q2)*xiw*xiz*ufoGC58^2*
         ufoGC76*ufoGC69
          - 1/2*g_(1,6_,nu15)*FT1*g_(1,q1)*g_(2,nu14)*FT2(g6)*cFT(nu9,XX,i2,
         iufo3)*cFT(g7,XX,iufo3,i3)*flavourTag(fe,j11,j12)*Vec(nu14,q2)*Vec(
         nu9,q2)*Vec(nu13,q2)*Vec(nu13,q3)*Vec(nu15,q3)*xiw*xiz*ufoGC58^2*
         ufoGC76*ufoGC69
          - 1/4*g_(1,6_,nu15)*FT1*g_(1,q1)*g_(2,nu14)*FT2(g6)*cFT(nu9,XX,i2,
         iufo3)*cFT(g7,XX,iufo3,i3)*flavourTag(fe,j11,j12)*Vec(nu14,q2)*Vec(
         nu9,q2)*Vec(nu13,q3)^2*Vec(nu15,q2)*xiw*xiz*ufoGC58^2*ufoGC76*ufoGC69
          - 1/4*g_(1,6_,nu15)*FT1*g_(1,q1)*g_(2,nu14)*FT2(g6)*cFT(nu9,XX,i2,
         iufo3)*cFT(g7,XX,iufo3,i3)*flavourTag(fe,j11,j12)*Vec(nu14,q2)*Vec(
         nu9,q2)*Vec(nu13,q3)^2*Vec(nu15,q3)*xiw*xiz*ufoGC58^2*ufoGC76*ufoGC69
          - 1/8*g_(1,6_,nu15)*FT1*g_(1,q1)*g_(2,nu14)*FT2(g6)*cFT(nu9,XX,i2,
         iufo3)*cFT(g7,XX,iufo3,i3)*flavourTag(fe,j11,j12)*Vec(nu14,q2)*Vec(
         nu9,q2)*Vec(nu15,q2)*p4.p4*d^-1*xiw*xiz*ufoGC58^2*ufoGC76*ufoGC69
          - 1/8*g_(1,6_,nu15)*FT1*g_(1,q1)*g_(2,nu14)*FT2(g6)*cFT(nu9,XX,i2,
         iufo3)*cFT(g7,XX,iufo3,i3)*flavourTag(fe,j11,j12)*Vec(nu14,q2)*Vec(
         nu9,q2)*Vec(nu15,q3)*p4.p4*d^-1*xiw*xiz*ufoGC58^2*ufoGC76*ufoGC69
          - 1/4*g_(1,6_,nu15)*FT1*g_(1,q1)*g_(2,nu14)*FT2(g6)*cFT(nu9,XX,i2,
         iufo3)*cFT(g7,XX,iufo3,i3)*flavourTag(fe,j11,j12)*Vec(nu14,q2)*Vec(
         nu9,q3)*Vec(nu13,q2)^2*Vec(nu15,q2)*xiw*xiz*ufoGC58^2*ufoGC76*ufoGC69
          - 1/4*g_(1,6_,nu15)*FT1*g_(1,q1)*g_(2,nu14)*FT2(g6)*cFT(nu9,XX,i2,
         iufo3)*cFT(g7,XX,iufo3,i3)*flavourTag(fe,j11,j12)*Vec(nu14,q2)*Vec(
         nu9,q3)*Vec(nu13,q2)^2*Vec(nu15,q3)*xiw*xiz*ufoGC58^2*ufoGC76*ufoGC69
          - 1/2*g_(1,6_,nu15)*FT1*g_(1,q1)*g_(2,nu14)*FT2(g6)*cFT(nu9,XX,i2,
         iufo3)*cFT(g7,XX,iufo3,i3)*flavourTag(fe,j11,j12)*Vec(nu14,q2)*Vec(
         nu9,q3)*Vec(nu13,q2)*Vec(nu13,q3)*Vec(nu15,q2)*xiw*xiz*ufoGC58^2*
         ufoGC76*ufoGC69
          - 1/2*g_(1,6_,nu15)*FT1*g_(1,q1)*g_(2,nu14)*FT2(g6)*cFT(nu9,XX,i2,
         iufo3)*cFT(g7,XX,iufo3,i3)*flavourTag(fe,j11,j12)*Vec(nu14,q2)*Vec(
         nu9,q3)*Vec(nu13,q2)*Vec(nu13,q3)*Vec(nu15,q3)*xiw*xiz*ufoGC58^2*
         ufoGC76*ufoGC69
          - 1/4*g_(1,6_,nu15)*FT1*g_(1,q1)*g_(2,nu14)*FT2(g6)*cFT(nu9,XX,i2,
         iufo3)*cFT(g7,XX,iufo3,i3)*flavourTag(fe,j11,j12)*Vec(nu14,q2)*Vec(
         nu9,q3)*Vec(nu13,q3)^2*Vec(nu15,q2)*xiw*xiz*ufoGC58^2*ufoGC76*ufoGC69
          - 1/4*g_(1,6_,nu15)*FT1*g_(1,q1)*g_(2,nu14)*FT2(g6)*cFT(nu9,XX,i2,
         iufo3)*cFT(g7,XX,iufo3,i3)*flavourTag(fe,j11,j12)*Vec(nu14,q2)*Vec(
         nu9,q3)*Vec(nu13,q3)^2*Vec(nu15,q3)*xiw*xiz*ufoGC58^2*ufoGC76*ufoGC69
          - 1/8*g_(1,6_,nu15)*FT1*g_(1,q1)*g_(2,nu14)*FT2(g6)*cFT(nu9,XX,i2,
         iufo3)*cFT(g7,XX,iufo3,i3)*flavourTag(fe,j11,j12)*Vec(nu14,q2)*Vec(
         nu9,q3)*Vec(nu15,q2)*p4.p4*d^-1*xiw*xiz*ufoGC58^2*ufoGC76*ufoGC69
          - 1/8*g_(1,6_,nu15)*FT1*g_(1,q1)*g_(2,nu14)*FT2(g6)*cFT(nu9,XX,i2,
         iufo3)*cFT(g7,XX,iufo3,i3)*flavourTag(fe,j11,j12)*Vec(nu14,q2)*Vec(
         nu9,q3)*Vec(nu15,q3)*p4.p4*d^-1*xiw*xiz*ufoGC58^2*ufoGC76*ufoGC69
          - 1/4*g_(1,6_,nu15)*FT1*g_(1,q1)*g_(2,nu14)*FT2(g6)*cFT(nu9,XX,i2,
         iufo3)*cFT(g7,XX,iufo3,i3)*flavourTag(fe,j11,j12)*Vec(nu14,q3)*Vec(
         nu9,q2)*Vec(nu13,q2)^2*Vec(nu15,q2)*xiw*xiz*ufoGC58^2*ufoGC76*ufoGC69
          - 1/4*g_(1,6_,nu15)*FT1*g_(1,q1)*g_(2,nu14)*FT2(g6)*cFT(nu9,XX,i2,
         iufo3)*cFT(g7,XX,iufo3,i3)*flavourTag(fe,j11,j12)*Vec(nu14,q3)*Vec(
         nu9,q2)*Vec(nu13,q2)^2*Vec(nu15,q3)*xiw*xiz*ufoGC58^2*ufoGC76*ufoGC69
          - 1/2*g_(1,6_,nu15)*FT1*g_(1,q1)*g_(2,nu14)*FT2(g6)*cFT(nu9,XX,i2,
         iufo3)*cFT(g7,XX,iufo3,i3)*flavourTag(fe,j11,j12)*Vec(nu14,q3)*Vec(
         nu9,q2)*Vec(nu13,q2)*Vec(nu13,q3)*Vec(nu15,q2)*xiw*xiz*ufoGC58^2*
         ufoGC76*ufoGC69
          - 1/2*g_(1,6_,nu15)*FT1*g_(1,q1)*g_(2,nu14)*FT2(g6)*cFT(nu9,XX,i2,
         iufo3)*cFT(g7,XX,iufo3,i3)*flavourTag(fe,j11,j12)*Vec(nu14,q3)*Vec(
         nu9,q2)*Vec(nu13,q2)*Vec(nu13,q3)*Vec(nu15,q3)*xiw*xiz*ufoGC58^2*
         ufoGC76*ufoGC69
          - 1/4*g_(1,6_,nu15)*FT1*g_(1,q1)*g_(2,nu14)*FT2(g6)*cFT(nu9,XX,i2,
         iufo3)*cFT(g7,XX,iufo3,i3)*flavourTag(fe,j11,j12)*Vec(nu14,q3)*Vec(
         nu9,q2)*Vec(nu13,q3)^2*Vec(nu15,q2)*xiw*xiz*ufoGC58^2*ufoGC76*ufoGC69
          - 1/4*g_(1,6_,nu15)*FT1*g_(1,q1)*g_(2,nu14)*FT2(g6)*cFT(nu9,XX,i2,
         iufo3)*cFT(g7,XX,iufo3,i3)*flavourTag(fe,j11,j12)*Vec(nu14,q3)*Vec(
         nu9,q2)*Vec(nu13,q3)^2*Vec(nu15,q3)*xiw*xiz*ufoGC58^2*ufoGC76*ufoGC69
          - 1/8*g_(1,6_,nu15)*FT1*g_(1,q1)*g_(2,nu14)*FT2(g6)*cFT(nu9,XX,i2,
         iufo3)*cFT(g7,XX,iufo3,i3)*flavourTag(fe,j11,j12)*Vec(nu14,q3)*Vec(
         nu9,q2)*Vec(nu15,q2)*p4.p4*d^-1*xiw*xiz*ufoGC58^2*ufoGC76*ufoGC69
          - 1/8*g_(1,6_,nu15)*FT1*g_(1,q1)*g_(2,nu14)*FT2(g6)*cFT(nu9,XX,i2,
         iufo3)*cFT(g7,XX,iufo3,i3)*flavourTag(fe,j11,j12)*Vec(nu14,q3)*Vec(
         nu9,q2)*Vec(nu15,q3)*p4.p4*d^-1*xiw*xiz*ufoGC58^2*ufoGC76*ufoGC69
          - 1/4*g_(1,6_,nu15)*FT1*g_(1,q1)*g_(2,nu14)*FT2(g6)*cFT(nu9,XX,i2,
         iufo3)*cFT(g7,XX,iufo3,i3)*flavourTag(fe,j11,j12)*Vec(nu14,q3)*Vec(
         nu9,q3)*Vec(nu13,q2)^2*Vec(nu15,q2)*xiw*xiz*ufoGC58^2*ufoGC76*ufoGC69
          - 1/4*g_(1,6_,nu15)*FT1*g_(1,q1)*g_(2,nu14)*FT2(g6)*cFT(nu9,XX,i2,
         iufo3)*cFT(g7,XX,iufo3,i3)*flavourTag(fe,j11,j12)*Vec(nu14,q3)*Vec(
         nu9,q3)*Vec(nu13,q2)^2*Vec(nu15,q3)*xiw*xiz*ufoGC58^2*ufoGC76*ufoGC69
          - 1/2*g_(1,6_,nu15)*FT1*g_(1,q1)*g_(2,nu14)*FT2(g6)*cFT(nu9,XX,i2,
         iufo3)*cFT(g7,XX,iufo3,i3)*flavourTag(fe,j11,j12)*Vec(nu14,q3)*Vec(
         nu9,q3)*Vec(nu13,q2)*Vec(nu13,q3)*Vec(nu15,q2)*xiw*xiz*ufoGC58^2*
         ufoGC76*ufoGC69
          - 1/2*g_(1,6_,nu15)*FT1*g_(1,q1)*g_(2,nu14)*FT2(g6)*cFT(nu9,XX,i2,
         iufo3)*cFT(g7,XX,iufo3,i3)*flavourTag(fe,j11,j12)*Vec(nu14,q3)*Vec(
         nu9,q3)*Vec(nu13,q2)*Vec(nu13,q3)*Vec(nu15,q3)*xiw*xiz*ufoGC58^2*
         ufoGC76*ufoGC69
          - 1/4*g_(1,6_,nu15)*FT1*g_(1,q1)*g_(2,nu14)*FT2(g6)*cFT(nu9,XX,i2,
         iufo3)*cFT(g7,XX,iufo3,i3)*flavourTag(fe,j11,j12)*Vec(nu14,q3)*Vec(
         nu9,q3)*Vec(nu13,q3)^2*Vec(nu15,q2)*xiw*xiz*ufoGC58^2*ufoGC76*ufoGC69
          - 1/4*g_(1,6_,nu15)*FT1*g_(1,q1)*g_(2,nu14)*FT2(g6)*cFT(nu9,XX,i2,
         iufo3)*cFT(g7,XX,iufo3,i3)*flavourTag(fe,j11,j12)*Vec(nu14,q3)*Vec(
         nu9,q3)*Vec(nu13,q3)^2*Vec(nu15,q3)*xiw*xiz*ufoGC58^2*ufoGC76*ufoGC69
          - 1/8*g_(1,6_,nu15)*FT1*g_(1,q1)*g_(2,nu14)*FT2(g6)*cFT(nu9,XX,i2,
         iufo3)*cFT(g7,XX,iufo3,i3)*flavourTag(fe,j11,j12)*Vec(nu14,q3)*Vec(
         nu9,q3)*Vec(nu15,q2)*p4.p4*d^-1*xiw*xiz*ufoGC58^2*ufoGC76*ufoGC69
          - 1/8*g_(1,6_,nu15)*FT1*g_(1,q1)*g_(2,nu14)*FT2(g6)*cFT(nu9,XX,i2,
         iufo3)*cFT(g7,XX,iufo3,i3)*flavourTag(fe,j11,j12)*Vec(nu14,q3)*Vec(
         nu9,q3)*Vec(nu15,q3)*p4.p4*d^-1*xiw*xiz*ufoGC58^2*ufoGC76*ufoGC69
          - 1/4*g_(1,6_,nu15)*FT1*g_(1,q1)*g_(2,nu13)*FT2(g6)*cFT(nu9,XX,i2,
         iufo3)*cFT(g7,XX,iufo3,i3)*flavourTag(fe,j11,j12)*Vec(nu9,q2)*Vec(
         nu13,q2)*Vec(nu15,q2)*p4.p4*d^-1*xiw*xiz*ufoGC58^2*ufoGC76*ufoGC69
          - 1/4*g_(1,6_,nu15)*FT1*g_(1,q1)*g_(2,nu13)*FT2(g6)*cFT(nu9,XX,i2,
         iufo3)*cFT(g7,XX,iufo3,i3)*flavourTag(fe,j11,j12)*Vec(nu9,q2)*Vec(
         nu13,q2)*Vec(nu15,q3)*p4.p4*d^-1*xiw*xiz*ufoGC58^2*ufoGC76*ufoGC69
          - 1/4*g_(1,6_,nu15)*FT1*g_(1,q1)*g_(2,nu13)*FT2(g6)*cFT(nu9,XX,i2,
         iufo3)*cFT(g7,XX,iufo3,i3)*flavourTag(fe,j11,j12)*Vec(nu9,q2)*Vec(
         nu13,q3)*Vec(nu15,q2)*p4.p4*d^-1*xiw*xiz*ufoGC58^2*ufoGC76*ufoGC69
          - 1/4*g_(1,6_,nu15)*FT1*g_(1,q1)*g_(2,nu13)*FT2(g6)*cFT(nu9,XX,i2,
         iufo3)*cFT(g7,XX,iufo3,i3)*flavourTag(fe,j11,j12)*Vec(nu9,q2)*Vec(
         nu13,q3)*Vec(nu15,q3)*p4.p4*d^-1*xiw*xiz*ufoGC58^2*ufoGC76*ufoGC69
          - 1/4*g_(1,6_,nu15)*FT1*g_(1,q1)*g_(2,nu13)*FT2(g6)*cFT(nu9,XX,i2,
         iufo3)*cFT(g7,XX,iufo3,i3)*flavourTag(fe,j11,j12)*Vec(nu9,q3)*Vec(
         nu13,q2)*Vec(nu15,q2)*p4.p4*d^-1*xiw*xiz*ufoGC58^2*ufoGC76*ufoGC69
          - 1/4*g_(1,6_,nu15)*FT1*g_(1,q1)*g_(2,nu13)*FT2(g6)*cFT(nu9,XX,i2,
         iufo3)*cFT(g7,XX,iufo3,i3)*flavourTag(fe,j11,j12)*Vec(nu9,q3)*Vec(
         nu13,q2)*Vec(nu15,q3)*p4.p4*d^-1*xiw*xiz*ufoGC58^2*ufoGC76*ufoGC69
          - 1/4*g_(1,6_,nu15)*FT1*g_(1,q1)*g_(2,nu13)*FT2(g6)*cFT(nu9,XX,i2,
         iufo3)*cFT(g7,XX,iufo3,i3)*flavourTag(fe,j11,j12)*Vec(nu9,q3)*Vec(
         nu13,q3)*Vec(nu15,q2)*p4.p4*d^-1*xiw*xiz*ufoGC58^2*ufoGC76*ufoGC69
          - 1/4*g_(1,6_,nu15)*FT1*g_(1,q1)*g_(2,nu13)*FT2(g6)*cFT(nu9,XX,i2,
         iufo3)*cFT(g7,XX,iufo3,i3)*flavourTag(fe,j11,j12)*Vec(nu9,q3)*Vec(
         nu13,q3)*Vec(nu15,q3)*p4.p4*d^-1*xiw*xiz*ufoGC58^2*ufoGC76*ufoGC69
          - 1/8*g_(1,6_,nu15)*FT1*g_(1,q1)*g_(2,nu15)*FT2(g6)*cFT(nu9,XX,i2,
         iufo3)*cFT(g7,XX,iufo3,i3)*flavourTag(fe,j11,j12)*Vec(nu9,q2)*Vec(
         nu13,q2)^2*p4.p4*d^-1*xiw*xiz*ufoGC58^2*ufoGC76*ufoGC69
          - 1/4*g_(1,6_,nu15)*FT1*g_(1,q1)*g_(2,nu15)*FT2(g6)*cFT(nu9,XX,i2,
         iufo3)*cFT(g7,XX,iufo3,i3)*flavourTag(fe,j11,j12)*Vec(nu9,q2)*Vec(
         nu13,q2)*Vec(nu13,q3)*p4.p4*d^-1*xiw*xiz*ufoGC58^2*ufoGC76*ufoGC69
          - 1/8*g_(1,6_,nu15)*FT1*g_(1,q1)*g_(2,nu15)*FT2(g6)*cFT(nu9,XX,i2,
         iufo3)*cFT(g7,XX,iufo3,i3)*flavourTag(fe,j11,j12)*Vec(nu9,q2)*Vec(
         nu13,q3)^2*p4.p4*d^-1*xiw*xiz*ufoGC58^2*ufoGC76*ufoGC69
          - 1/8*g_(1,6_,nu15)*FT1*g_(1,q1)*g_(2,nu15)*FT2(g6)*cFT(nu9,XX,i2,
         iufo3)*cFT(g7,XX,iufo3,i3)*flavourTag(fe,j11,j12)*Vec(nu9,q3)*Vec(
         nu13,q2)^2*p4.p4*d^-1*xiw*xiz*ufoGC58^2*ufoGC76*ufoGC69
          - 1/4*g_(1,6_,nu15)*FT1*g_(1,q1)*g_(2,nu15)*FT2(g6)*cFT(nu9,XX,i2,
         iufo3)*cFT(g7,XX,iufo3,i3)*flavourTag(fe,j11,j12)*Vec(nu9,q3)*Vec(
         nu13,q2)*Vec(nu13,q3)*p4.p4*d^-1*xiw*xiz*ufoGC58^2*ufoGC76*ufoGC69
          - 1/8*g_(1,6_,nu15)*FT1*g_(1,q1)*g_(2,nu15)*FT2(g6)*cFT(nu9,XX,i2,
         iufo3)*cFT(g7,XX,iufo3,i3)*flavourTag(fe,j11,j12)*Vec(nu9,q3)*Vec(
         nu13,q3)^2*p4.p4*d^-1*xiw*xiz*ufoGC58^2*ufoGC76*ufoGC69
          - 1/4*g_(1,6_,nu15)*FT1*g_(1,q2)*g_(2,6_,nu14)*cFT(nu9,XX,i2,iufo3)*
         cFT(g7,XX,iufo3,i3)*flavourTag(fe,j11,j12)*Vec(nu14,q2)*Vec(nu9,q2)*
         Vec(nu13,q2)^2*Vec(nu15,q2)*xiw*xiz*ufoGC58^2*ufoGC80*ufoGC69
          - 1/4*g_(1,6_,nu15)*FT1*g_(1,q2)*g_(2,6_,nu14)*cFT(nu9,XX,i2,iufo3)*
         cFT(g7,XX,iufo3,i3)*flavourTag(fe,j11,j12)*Vec(nu14,q2)*Vec(nu9,q2)*
         Vec(nu13,q2)^2*Vec(nu15,q3)*xiw*xiz*ufoGC58^2*ufoGC80*ufoGC69
          - 1/2*g_(1,6_,nu15)*FT1*g_(1,q2)*g_(2,6_,nu14)*cFT(nu9,XX,i2,iufo3)*
         cFT(g7,XX,iufo3,i3)*flavourTag(fe,j11,j12)*Vec(nu14,q2)*Vec(nu9,q2)*
         Vec(nu13,q2)*Vec(nu13,q3)*Vec(nu15,q2)*xiw*xiz*ufoGC58^2*ufoGC80*
         ufoGC69
          - 1/2*g_(1,6_,nu15)*FT1*g_(1,q2)*g_(2,6_,nu14)*cFT(nu9,XX,i2,iufo3)*
         cFT(g7,XX,iufo3,i3)*flavourTag(fe,j11,j12)*Vec(nu14,q2)*Vec(nu9,q2)*
         Vec(nu13,q2)*Vec(nu13,q3)*Vec(nu15,q3)*xiw*xiz*ufoGC58^2*ufoGC80*
         ufoGC69
          - 1/4*g_(1,6_,nu15)*FT1*g_(1,q2)*g_(2,6_,nu14)*cFT(nu9,XX,i2,iufo3)*
         cFT(g7,XX,iufo3,i3)*flavourTag(fe,j11,j12)*Vec(nu14,q2)*Vec(nu9,q2)*
         Vec(nu13,q3)^2*Vec(nu15,q2)*xiw*xiz*ufoGC58^2*ufoGC80*ufoGC69
          - 1/4*g_(1,6_,nu15)*FT1*g_(1,q2)*g_(2,6_,nu14)*cFT(nu9,XX,i2,iufo3)*
         cFT(g7,XX,iufo3,i3)*flavourTag(fe,j11,j12)*Vec(nu14,q2)*Vec(nu9,q2)*
         Vec(nu13,q3)^2*Vec(nu15,q3)*xiw*xiz*ufoGC58^2*ufoGC80*ufoGC69
          - 1/8*g_(1,6_,nu15)*FT1*g_(1,q2)*g_(2,6_,nu14)*cFT(nu9,XX,i2,iufo3)*
         cFT(g7,XX,iufo3,i3)*flavourTag(fe,j11,j12)*Vec(nu14,q2)*Vec(nu9,q2)*
         Vec(nu15,q2)*p4.p4*d^-1*xiw*xiz*ufoGC58^2*ufoGC80*ufoGC69
          - 1/8*g_(1,6_,nu15)*FT1*g_(1,q2)*g_(2,6_,nu14)*cFT(nu9,XX,i2,iufo3)*
         cFT(g7,XX,iufo3,i3)*flavourTag(fe,j11,j12)*Vec(nu14,q2)*Vec(nu9,q2)*
         Vec(nu15,q3)*p4.p4*d^-1*xiw*xiz*ufoGC58^2*ufoGC80*ufoGC69
          - 1/4*g_(1,6_,nu15)*FT1*g_(1,q2)*g_(2,6_,nu14)*cFT(nu9,XX,i2,iufo3)*
         cFT(g7,XX,iufo3,i3)*flavourTag(fe,j11,j12)*Vec(nu14,q2)*Vec(nu9,q3)*
         Vec(nu13,q2)^2*Vec(nu15,q2)*xiw*xiz*ufoGC58^2*ufoGC80*ufoGC69
          - 1/4*g_(1,6_,nu15)*FT1*g_(1,q2)*g_(2,6_,nu14)*cFT(nu9,XX,i2,iufo3)*
         cFT(g7,XX,iufo3,i3)*flavourTag(fe,j11,j12)*Vec(nu14,q2)*Vec(nu9,q3)*
         Vec(nu13,q2)^2*Vec(nu15,q3)*xiw*xiz*ufoGC58^2*ufoGC80*ufoGC69
          - 1/2*g_(1,6_,nu15)*FT1*g_(1,q2)*g_(2,6_,nu14)*cFT(nu9,XX,i2,iufo3)*
         cFT(g7,XX,iufo3,i3)*flavourTag(fe,j11,j12)*Vec(nu14,q2)*Vec(nu9,q3)*
         Vec(nu13,q2)*Vec(nu13,q3)*Vec(nu15,q2)*xiw*xiz*ufoGC58^2*ufoGC80*
         ufoGC69
          - 1/2*g_(1,6_,nu15)*FT1*g_(1,q2)*g_(2,6_,nu14)*cFT(nu9,XX,i2,iufo3)*
         cFT(g7,XX,iufo3,i3)*flavourTag(fe,j11,j12)*Vec(nu14,q2)*Vec(nu9,q3)*
         Vec(nu13,q2)*Vec(nu13,q3)*Vec(nu15,q3)*xiw*xiz*ufoGC58^2*ufoGC80*
         ufoGC69
          - 1/4*g_(1,6_,nu15)*FT1*g_(1,q2)*g_(2,6_,nu14)*cFT(nu9,XX,i2,iufo3)*
         cFT(g7,XX,iufo3,i3)*flavourTag(fe,j11,j12)*Vec(nu14,q2)*Vec(nu9,q3)*
         Vec(nu13,q3)^2*Vec(nu15,q2)*xiw*xiz*ufoGC58^2*ufoGC80*ufoGC69
          - 1/4*g_(1,6_,nu15)*FT1*g_(1,q2)*g_(2,6_,nu14)*cFT(nu9,XX,i2,iufo3)*
         cFT(g7,XX,iufo3,i3)*flavourTag(fe,j11,j12)*Vec(nu14,q2)*Vec(nu9,q3)*
         Vec(nu13,q3)^2*Vec(nu15,q3)*xiw*xiz*ufoGC58^2*ufoGC80*ufoGC69
          - 1/8*g_(1,6_,nu15)*FT1*g_(1,q2)*g_(2,6_,nu14)*cFT(nu9,XX,i2,iufo3)*
         cFT(g7,XX,iufo3,i3)*flavourTag(fe,j11,j12)*Vec(nu14,q2)*Vec(nu9,q3)*
         Vec(nu15,q2)*p4.p4*d^-1*xiw*xiz*ufoGC58^2*ufoGC80*ufoGC69
          - 1/8*g_(1,6_,nu15)*FT1*g_(1,q2)*g_(2,6_,nu14)*cFT(nu9,XX,i2,iufo3)*
         cFT(g7,XX,iufo3,i3)*flavourTag(fe,j11,j12)*Vec(nu14,q2)*Vec(nu9,q3)*
         Vec(nu15,q3)*p4.p4*d^-1*xiw*xiz*ufoGC58^2*ufoGC80*ufoGC69
          - 1/4*g_(1,6_,nu15)*FT1*g_(1,q2)*g_(2,6_,nu14)*cFT(nu9,XX,i2,iufo3)*
         cFT(g7,XX,iufo3,i3)*flavourTag(fe,j11,j12)*Vec(nu14,q3)*Vec(nu9,q2)*
         Vec(nu13,q2)^2*Vec(nu15,q2)*xiw*xiz*ufoGC58^2*ufoGC80*ufoGC69
          - 1/4*g_(1,6_,nu15)*FT1*g_(1,q2)*g_(2,6_,nu14)*cFT(nu9,XX,i2,iufo3)*
         cFT(g7,XX,iufo3,i3)*flavourTag(fe,j11,j12)*Vec(nu14,q3)*Vec(nu9,q2)*
         Vec(nu13,q2)^2*Vec(nu15,q3)*xiw*xiz*ufoGC58^2*ufoGC80*ufoGC69
          - 1/2*g_(1,6_,nu15)*FT1*g_(1,q2)*g_(2,6_,nu14)*cFT(nu9,XX,i2,iufo3)*
         cFT(g7,XX,iufo3,i3)*flavourTag(fe,j11,j12)*Vec(nu14,q3)*Vec(nu9,q2)*
         Vec(nu13,q2)*Vec(nu13,q3)*Vec(nu15,q2)*xiw*xiz*ufoGC58^2*ufoGC80*
         ufoGC69
          - 1/2*g_(1,6_,nu15)*FT1*g_(1,q2)*g_(2,6_,nu14)*cFT(nu9,XX,i2,iufo3)*
         cFT(g7,XX,iufo3,i3)*flavourTag(fe,j11,j12)*Vec(nu14,q3)*Vec(nu9,q2)*
         Vec(nu13,q2)*Vec(nu13,q3)*Vec(nu15,q3)*xiw*xiz*ufoGC58^2*ufoGC80*
         ufoGC69
          - 1/4*g_(1,6_,nu15)*FT1*g_(1,q2)*g_(2,6_,nu14)*cFT(nu9,XX,i2,iufo3)*
         cFT(g7,XX,iufo3,i3)*flavourTag(fe,j11,j12)*Vec(nu14,q3)*Vec(nu9,q2)*
         Vec(nu13,q3)^2*Vec(nu15,q2)*xiw*xiz*ufoGC58^2*ufoGC80*ufoGC69
          - 1/4*g_(1,6_,nu15)*FT1*g_(1,q2)*g_(2,6_,nu14)*cFT(nu9,XX,i2,iufo3)*
         cFT(g7,XX,iufo3,i3)*flavourTag(fe,j11,j12)*Vec(nu14,q3)*Vec(nu9,q2)*
         Vec(nu13,q3)^2*Vec(nu15,q3)*xiw*xiz*ufoGC58^2*ufoGC80*ufoGC69
          - 1/8*g_(1,6_,nu15)*FT1*g_(1,q2)*g_(2,6_,nu14)*cFT(nu9,XX,i2,iufo3)*
         cFT(g7,XX,iufo3,i3)*flavourTag(fe,j11,j12)*Vec(nu14,q3)*Vec(nu9,q2)*
         Vec(nu15,q2)*p4.p4*d^-1*xiw*xiz*ufoGC58^2*ufoGC80*ufoGC69
          - 1/8*g_(1,6_,nu15)*FT1*g_(1,q2)*g_(2,6_,nu14)*cFT(nu9,XX,i2,iufo3)*
         cFT(g7,XX,iufo3,i3)*flavourTag(fe,j11,j12)*Vec(nu14,q3)*Vec(nu9,q2)*
         Vec(nu15,q3)*p4.p4*d^-1*xiw*xiz*ufoGC58^2*ufoGC80*ufoGC69
          - 1/4*g_(1,6_,nu15)*FT1*g_(1,q2)*g_(2,6_,nu14)*cFT(nu9,XX,i2,iufo3)*
         cFT(g7,XX,iufo3,i3)*flavourTag(fe,j11,j12)*Vec(nu14,q3)*Vec(nu9,q3)*
         Vec(nu13,q2)^2*Vec(nu15,q2)*xiw*xiz*ufoGC58^2*ufoGC80*ufoGC69
          - 1/4*g_(1,6_,nu15)*FT1*g_(1,q2)*g_(2,6_,nu14)*cFT(nu9,XX,i2,iufo3)*
         cFT(g7,XX,iufo3,i3)*flavourTag(fe,j11,j12)*Vec(nu14,q3)*Vec(nu9,q3)*
         Vec(nu13,q2)^2*Vec(nu15,q3)*xiw*xiz*ufoGC58^2*ufoGC80*ufoGC69
          - 1/2*g_(1,6_,nu15)*FT1*g_(1,q2)*g_(2,6_,nu14)*cFT(nu9,XX,i2,iufo3)*
         cFT(g7,XX,iufo3,i3)*flavourTag(fe,j11,j12)*Vec(nu14,q3)*Vec(nu9,q3)*
         Vec(nu13,q2)*Vec(nu13,q3)*Vec(nu15,q2)*xiw*xiz*ufoGC58^2*ufoGC80*
         ufoGC69
          - 1/2*g_(1,6_,nu15)*FT1*g_(1,q2)*g_(2,6_,nu14)*cFT(nu9,XX,i2,iufo3)*
         cFT(g7,XX,iufo3,i3)*flavourTag(fe,j11,j12)*Vec(nu14,q3)*Vec(nu9,q3)*
         Vec(nu13,q2)*Vec(nu13,q3)*Vec(nu15,q3)*xiw*xiz*ufoGC58^2*ufoGC80*
         ufoGC69
          - 1/4*g_(1,6_,nu15)*FT1*g_(1,q2)*g_(2,6_,nu14)*cFT(nu9,XX,i2,iufo3)*
         cFT(g7,XX,iufo3,i3)*flavourTag(fe,j11,j12)*Vec(nu14,q3)*Vec(nu9,q3)*
         Vec(nu13,q3)^2*Vec(nu15,q2)*xiw*xiz*ufoGC58^2*ufoGC80*ufoGC69
          - 1/4*g_(1,6_,nu15)*FT1*g_(1,q2)*g_(2,6_,nu14)*cFT(nu9,XX,i2,iufo3)*
         cFT(g7,XX,iufo3,i3)*flavourTag(fe,j11,j12)*Vec(nu14,q3)*Vec(nu9,q3)*
         Vec(nu13,q3)^2*Vec(nu15,q3)*xiw*xiz*ufoGC58^2*ufoGC80*ufoGC69
          - 1/8*g_(1,6_,nu15)*FT1*g_(1,q2)*g_(2,6_,nu14)*cFT(nu9,XX,i2,iufo3)*
         cFT(g7,XX,iufo3,i3)*flavourTag(fe,j11,j12)*Vec(nu14,q3)*Vec(nu9,q3)*
         Vec(nu15,q2)*p4.p4*d^-1*xiw*xiz*ufoGC58^2*ufoGC80*ufoGC69
          - 1/8*g_(1,6_,nu15)*FT1*g_(1,q2)*g_(2,6_,nu14)*cFT(nu9,XX,i2,iufo3)*
         cFT(g7,XX,iufo3,i3)*flavourTag(fe,j11,j12)*Vec(nu14,q3)*Vec(nu9,q3)*
         Vec(nu15,q3)*p4.p4*d^-1*xiw*xiz*ufoGC58^2*ufoGC80*ufoGC69
          - 1/4*g_(1,6_,nu15)*FT1*g_(1,q2)*g_(2,6_,nu13)*cFT(nu9,XX,i2,iufo3)*
         cFT(g7,XX,iufo3,i3)*flavourTag(fe,j11,j12)*Vec(nu9,q2)*Vec(nu13,q2)*
         Vec(nu15,q2)*p4.p4*d^-1*xiw*xiz*ufoGC58^2*ufoGC80*ufoGC69
          - 1/4*g_(1,6_,nu15)*FT1*g_(1,q2)*g_(2,6_,nu13)*cFT(nu9,XX,i2,iufo3)*
         cFT(g7,XX,iufo3,i3)*flavourTag(fe,j11,j12)*Vec(nu9,q2)*Vec(nu13,q2)*
         Vec(nu15,q3)*p4.p4*d^-1*xiw*xiz*ufoGC58^2*ufoGC80*ufoGC69
          - 1/4*g_(1,6_,nu15)*FT1*g_(1,q2)*g_(2,6_,nu13)*cFT(nu9,XX,i2,iufo3)*
         cFT(g7,XX,iufo3,i3)*flavourTag(fe,j11,j12)*Vec(nu9,q2)*Vec(nu13,q3)*
         Vec(nu15,q2)*p4.p4*d^-1*xiw*xiz*ufoGC58^2*ufoGC80*ufoGC69
          - 1/4*g_(1,6_,nu15)*FT1*g_(1,q2)*g_(2,6_,nu13)*cFT(nu9,XX,i2,iufo3)*
         cFT(g7,XX,iufo3,i3)*flavourTag(fe,j11,j12)*Vec(nu9,q2)*Vec(nu13,q3)*
         Vec(nu15,q3)*p4.p4*d^-1*xiw*xiz*ufoGC58^2*ufoGC80*ufoGC69
          - 1/4*g_(1,6_,nu15)*FT1*g_(1,q2)*g_(2,6_,nu13)*cFT(nu9,XX,i2,iufo3)*
         cFT(g7,XX,iufo3,i3)*flavourTag(fe,j11,j12)*Vec(nu9,q3)*Vec(nu13,q2)*
         Vec(nu15,q2)*p4.p4*d^-1*xiw*xiz*ufoGC58^2*ufoGC80*ufoGC69
          - 1/4*g_(1,6_,nu15)*FT1*g_(1,q2)*g_(2,6_,nu13)*cFT(nu9,XX,i2,iufo3)*
         cFT(g7,XX,iufo3,i3)*flavourTag(fe,j11,j12)*Vec(nu9,q3)*Vec(nu13,q2)*
         Vec(nu15,q3)*p4.p4*d^-1*xiw*xiz*ufoGC58^2*ufoGC80*ufoGC69
          - 1/4*g_(1,6_,nu15)*FT1*g_(1,q2)*g_(2,6_,nu13)*cFT(nu9,XX,i2,iufo3)*
         cFT(g7,XX,iufo3,i3)*flavourTag(fe,j11,j12)*Vec(nu9,q3)*Vec(nu13,q3)*
         Vec(nu15,q2)*p4.p4*d^-1*xiw*xiz*ufoGC58^2*ufoGC80*ufoGC69
          - 1/4*g_(1,6_,nu15)*FT1*g_(1,q2)*g_(2,6_,nu13)*cFT(nu9,XX,i2,iufo3)*
         cFT(g7,XX,iufo3,i3)*flavourTag(fe,j11,j12)*Vec(nu9,q3)*Vec(nu13,q3)*
         Vec(nu15,q3)*p4.p4*d^-1*xiw*xiz*ufoGC58^2*ufoGC80*ufoGC69
          - 1/8*g_(1,6_,nu15)*FT1*g_(1,q2)*g_(2,6_,nu15)*cFT(nu9,XX,i2,iufo3)*
         cFT(g7,XX,iufo3,i3)*flavourTag(fe,j11,j12)*Vec(nu9,q2)*Vec(nu13,q2)^2
         *p4.p4*d^-1*xiw*xiz*ufoGC58^2*ufoGC80*ufoGC69
          - 1/4*g_(1,6_,nu15)*FT1*g_(1,q2)*g_(2,6_,nu15)*cFT(nu9,XX,i2,iufo3)*
         cFT(g7,XX,iufo3,i3)*flavourTag(fe,j11,j12)*Vec(nu9,q2)*Vec(nu13,q2)*
         Vec(nu13,q3)*p4.p4*d^-1*xiw*xiz*ufoGC58^2*ufoGC80*ufoGC69
          - 1/8*g_(1,6_,nu15)*FT1*g_(1,q2)*g_(2,6_,nu15)*cFT(nu9,XX,i2,iufo3)*
         cFT(g7,XX,iufo3,i3)*flavourTag(fe,j11,j12)*Vec(nu9,q2)*Vec(nu13,q3)^2
         *p4.p4*d^-1*xiw*xiz*ufoGC58^2*ufoGC80*ufoGC69
          - 1/8*g_(1,6_,nu15)*FT1*g_(1,q2)*g_(2,6_,nu15)*cFT(nu9,XX,i2,iufo3)*
         cFT(g7,XX,iufo3,i3)*flavourTag(fe,j11,j12)*Vec(nu9,q3)*Vec(nu13,q2)^2
         *p4.p4*d^-1*xiw*xiz*ufoGC58^2*ufoGC80*ufoGC69
          - 1/4*g_(1,6_,nu15)*FT1*g_(1,q2)*g_(2,6_,nu15)*cFT(nu9,XX,i2,iufo3)*
         cFT(g7,XX,iufo3,i3)*flavourTag(fe,j11,j12)*Vec(nu9,q3)*Vec(nu13,q2)*
         Vec(nu13,q3)*p4.p4*d^-1*xiw*xiz*ufoGC58^2*ufoGC80*ufoGC69
          - 1/8*g_(1,6_,nu15)*FT1*g_(1,q2)*g_(2,6_,nu15)*cFT(nu9,XX,i2,iufo3)*
         cFT(g7,XX,iufo3,i3)*flavourTag(fe,j11,j12)*Vec(nu9,q3)*Vec(nu13,q3)^2
         *p4.p4*d^-1*xiw*xiz*ufoGC58^2*ufoGC80*ufoGC69
          - 1/4*g_(1,6_,nu15)*FT1*g_(1,q2)*g_(2,nu14)*FT2(g6)*cFT(nu9,XX,i2,
         iufo3)*cFT(g7,XX,iufo3,i3)*flavourTag(fe,j11,j12)*Vec(nu14,q2)*Vec(
         nu9,q2)*Vec(nu13,q2)^2*Vec(nu15,q2)*xiw*xiz*ufoGC58^2*ufoGC76*ufoGC69
          - 1/4*g_(1,6_,nu15)*FT1*g_(1,q2)*g_(2,nu14)*FT2(g6)*cFT(nu9,XX,i2,
         iufo3)*cFT(g7,XX,iufo3,i3)*flavourTag(fe,j11,j12)*Vec(nu14,q2)*Vec(
         nu9,q2)*Vec(nu13,q2)^2*Vec(nu15,q3)*xiw*xiz*ufoGC58^2*ufoGC76*ufoGC69
          - 1/2*g_(1,6_,nu15)*FT1*g_(1,q2)*g_(2,nu14)*FT2(g6)*cFT(nu9,XX,i2,
         iufo3)*cFT(g7,XX,iufo3,i3)*flavourTag(fe,j11,j12)*Vec(nu14,q2)*Vec(
         nu9,q2)*Vec(nu13,q2)*Vec(nu13,q3)*Vec(nu15,q2)*xiw*xiz*ufoGC58^2*
         ufoGC76*ufoGC69
          - 1/2*g_(1,6_,nu15)*FT1*g_(1,q2)*g_(2,nu14)*FT2(g6)*cFT(nu9,XX,i2,
         iufo3)*cFT(g7,XX,iufo3,i3)*flavourTag(fe,j11,j12)*Vec(nu14,q2)*Vec(
         nu9,q2)*Vec(nu13,q2)*Vec(nu13,q3)*Vec(nu15,q3)*xiw*xiz*ufoGC58^2*
         ufoGC76*ufoGC69
          - 1/4*g_(1,6_,nu15)*FT1*g_(1,q2)*g_(2,nu14)*FT2(g6)*cFT(nu9,XX,i2,
         iufo3)*cFT(g7,XX,iufo3,i3)*flavourTag(fe,j11,j12)*Vec(nu14,q2)*Vec(
         nu9,q2)*Vec(nu13,q3)^2*Vec(nu15,q2)*xiw*xiz*ufoGC58^2*ufoGC76*ufoGC69
          - 1/4*g_(1,6_,nu15)*FT1*g_(1,q2)*g_(2,nu14)*FT2(g6)*cFT(nu9,XX,i2,
         iufo3)*cFT(g7,XX,iufo3,i3)*flavourTag(fe,j11,j12)*Vec(nu14,q2)*Vec(
         nu9,q2)*Vec(nu13,q3)^2*Vec(nu15,q3)*xiw*xiz*ufoGC58^2*ufoGC76*ufoGC69
          - 1/8*g_(1,6_,nu15)*FT1*g_(1,q2)*g_(2,nu14)*FT2(g6)*cFT(nu9,XX,i2,
         iufo3)*cFT(g7,XX,iufo3,i3)*flavourTag(fe,j11,j12)*Vec(nu14,q2)*Vec(
         nu9,q2)*Vec(nu15,q2)*p4.p4*d^-1*xiw*xiz*ufoGC58^2*ufoGC76*ufoGC69
          - 1/8*g_(1,6_,nu15)*FT1*g_(1,q2)*g_(2,nu14)*FT2(g6)*cFT(nu9,XX,i2,
         iufo3)*cFT(g7,XX,iufo3,i3)*flavourTag(fe,j11,j12)*Vec(nu14,q2)*Vec(
         nu9,q2)*Vec(nu15,q3)*p4.p4*d^-1*xiw*xiz*ufoGC58^2*ufoGC76*ufoGC69
          - 1/4*g_(1,6_,nu15)*FT1*g_(1,q2)*g_(2,nu14)*FT2(g6)*cFT(nu9,XX,i2,
         iufo3)*cFT(g7,XX,iufo3,i3)*flavourTag(fe,j11,j12)*Vec(nu14,q2)*Vec(
         nu9,q3)*Vec(nu13,q2)^2*Vec(nu15,q2)*xiw*xiz*ufoGC58^2*ufoGC76*ufoGC69
          - 1/4*g_(1,6_,nu15)*FT1*g_(1,q2)*g_(2,nu14)*FT2(g6)*cFT(nu9,XX,i2,
         iufo3)*cFT(g7,XX,iufo3,i3)*flavourTag(fe,j11,j12)*Vec(nu14,q2)*Vec(
         nu9,q3)*Vec(nu13,q2)^2*Vec(nu15,q3)*xiw*xiz*ufoGC58^2*ufoGC76*ufoGC69
          - 1/2*g_(1,6_,nu15)*FT1*g_(1,q2)*g_(2,nu14)*FT2(g6)*cFT(nu9,XX,i2,
         iufo3)*cFT(g7,XX,iufo3,i3)*flavourTag(fe,j11,j12)*Vec(nu14,q2)*Vec(
         nu9,q3)*Vec(nu13,q2)*Vec(nu13,q3)*Vec(nu15,q2)*xiw*xiz*ufoGC58^2*
         ufoGC76*ufoGC69
          - 1/2*g_(1,6_,nu15)*FT1*g_(1,q2)*g_(2,nu14)*FT2(g6)*cFT(nu9,XX,i2,
         iufo3)*cFT(g7,XX,iufo3,i3)*flavourTag(fe,j11,j12)*Vec(nu14,q2)*Vec(
         nu9,q3)*Vec(nu13,q2)*Vec(nu13,q3)*Vec(nu15,q3)*xiw*xiz*ufoGC58^2*
         ufoGC76*ufoGC69
          - 1/4*g_(1,6_,nu15)*FT1*g_(1,q2)*g_(2,nu14)*FT2(g6)*cFT(nu9,XX,i2,
         iufo3)*cFT(g7,XX,iufo3,i3)*flavourTag(fe,j11,j12)*Vec(nu14,q2)*Vec(
         nu9,q3)*Vec(nu13,q3)^2*Vec(nu15,q2)*xiw*xiz*ufoGC58^2*ufoGC76*ufoGC69
          - 1/4*g_(1,6_,nu15)*FT1*g_(1,q2)*g_(2,nu14)*FT2(g6)*cFT(nu9,XX,i2,
         iufo3)*cFT(g7,XX,iufo3,i3)*flavourTag(fe,j11,j12)*Vec(nu14,q2)*Vec(
         nu9,q3)*Vec(nu13,q3)^2*Vec(nu15,q3)*xiw*xiz*ufoGC58^2*ufoGC76*ufoGC69
          - 1/8*g_(1,6_,nu15)*FT1*g_(1,q2)*g_(2,nu14)*FT2(g6)*cFT(nu9,XX,i2,
         iufo3)*cFT(g7,XX,iufo3,i3)*flavourTag(fe,j11,j12)*Vec(nu14,q2)*Vec(
         nu9,q3)*Vec(nu15,q2)*p4.p4*d^-1*xiw*xiz*ufoGC58^2*ufoGC76*ufoGC69
          - 1/8*g_(1,6_,nu15)*FT1*g_(1,q2)*g_(2,nu14)*FT2(g6)*cFT(nu9,XX,i2,
         iufo3)*cFT(g7,XX,iufo3,i3)*flavourTag(fe,j11,j12)*Vec(nu14,q2)*Vec(
         nu9,q3)*Vec(nu15,q3)*p4.p4*d^-1*xiw*xiz*ufoGC58^2*ufoGC76*ufoGC69
          - 1/4*g_(1,6_,nu15)*FT1*g_(1,q2)*g_(2,nu14)*FT2(g6)*cFT(nu9,XX,i2,
         iufo3)*cFT(g7,XX,iufo3,i3)*flavourTag(fe,j11,j12)*Vec(nu14,q3)*Vec(
         nu9,q2)*Vec(nu13,q2)^2*Vec(nu15,q2)*xiw*xiz*ufoGC58^2*ufoGC76*ufoGC69
          - 1/4*g_(1,6_,nu15)*FT1*g_(1,q2)*g_(2,nu14)*FT2(g6)*cFT(nu9,XX,i2,
         iufo3)*cFT(g7,XX,iufo3,i3)*flavourTag(fe,j11,j12)*Vec(nu14,q3)*Vec(
         nu9,q2)*Vec(nu13,q2)^2*Vec(nu15,q3)*xiw*xiz*ufoGC58^2*ufoGC76*ufoGC69
          - 1/2*g_(1,6_,nu15)*FT1*g_(1,q2)*g_(2,nu14)*FT2(g6)*cFT(nu9,XX,i2,
         iufo3)*cFT(g7,XX,iufo3,i3)*flavourTag(fe,j11,j12)*Vec(nu14,q3)*Vec(
         nu9,q2)*Vec(nu13,q2)*Vec(nu13,q3)*Vec(nu15,q2)*xiw*xiz*ufoGC58^2*
         ufoGC76*ufoGC69
          - 1/2*g_(1,6_,nu15)*FT1*g_(1,q2)*g_(2,nu14)*FT2(g6)*cFT(nu9,XX,i2,
         iufo3)*cFT(g7,XX,iufo3,i3)*flavourTag(fe,j11,j12)*Vec(nu14,q3)*Vec(
         nu9,q2)*Vec(nu13,q2)*Vec(nu13,q3)*Vec(nu15,q3)*xiw*xiz*ufoGC58^2*
         ufoGC76*ufoGC69
          - 1/4*g_(1,6_,nu15)*FT1*g_(1,q2)*g_(2,nu14)*FT2(g6)*cFT(nu9,XX,i2,
         iufo3)*cFT(g7,XX,iufo3,i3)*flavourTag(fe,j11,j12)*Vec(nu14,q3)*Vec(
         nu9,q2)*Vec(nu13,q3)^2*Vec(nu15,q2)*xiw*xiz*ufoGC58^2*ufoGC76*ufoGC69
          - 1/4*g_(1,6_,nu15)*FT1*g_(1,q2)*g_(2,nu14)*FT2(g6)*cFT(nu9,XX,i2,
         iufo3)*cFT(g7,XX,iufo3,i3)*flavourTag(fe,j11,j12)*Vec(nu14,q3)*Vec(
         nu9,q2)*Vec(nu13,q3)^2*Vec(nu15,q3)*xiw*xiz*ufoGC58^2*ufoGC76*ufoGC69
          - 1/8*g_(1,6_,nu15)*FT1*g_(1,q2)*g_(2,nu14)*FT2(g6)*cFT(nu9,XX,i2,
         iufo3)*cFT(g7,XX,iufo3,i3)*flavourTag(fe,j11,j12)*Vec(nu14,q3)*Vec(
         nu9,q2)*Vec(nu15,q2)*p4.p4*d^-1*xiw*xiz*ufoGC58^2*ufoGC76*ufoGC69
          - 1/8*g_(1,6_,nu15)*FT1*g_(1,q2)*g_(2,nu14)*FT2(g6)*cFT(nu9,XX,i2,
         iufo3)*cFT(g7,XX,iufo3,i3)*flavourTag(fe,j11,j12)*Vec(nu14,q3)*Vec(
         nu9,q2)*Vec(nu15,q3)*p4.p4*d^-1*xiw*xiz*ufoGC58^2*ufoGC76*ufoGC69
          - 1/4*g_(1,6_,nu15)*FT1*g_(1,q2)*g_(2,nu14)*FT2(g6)*cFT(nu9,XX,i2,
         iufo3)*cFT(g7,XX,iufo3,i3)*flavourTag(fe,j11,j12)*Vec(nu14,q3)*Vec(
         nu9,q3)*Vec(nu13,q2)^2*Vec(nu15,q2)*xiw*xiz*ufoGC58^2*ufoGC76*ufoGC69
          - 1/4*g_(1,6_,nu15)*FT1*g_(1,q2)*g_(2,nu14)*FT2(g6)*cFT(nu9,XX,i2,
         iufo3)*cFT(g7,XX,iufo3,i3)*flavourTag(fe,j11,j12)*Vec(nu14,q3)*Vec(
         nu9,q3)*Vec(nu13,q2)^2*Vec(nu15,q3)*xiw*xiz*ufoGC58^2*ufoGC76*ufoGC69
          - 1/2*g_(1,6_,nu15)*FT1*g_(1,q2)*g_(2,nu14)*FT2(g6)*cFT(nu9,XX,i2,
         iufo3)*cFT(g7,XX,iufo3,i3)*flavourTag(fe,j11,j12)*Vec(nu14,q3)*Vec(
         nu9,q3)*Vec(nu13,q2)*Vec(nu13,q3)*Vec(nu15,q2)*xiw*xiz*ufoGC58^2*
         ufoGC76*ufoGC69
          - 1/2*g_(1,6_,nu15)*FT1*g_(1,q2)*g_(2,nu14)*FT2(g6)*cFT(nu9,XX,i2,
         iufo3)*cFT(g7,XX,iufo3,i3)*flavourTag(fe,j11,j12)*Vec(nu14,q3)*Vec(
         nu9,q3)*Vec(nu13,q2)*Vec(nu13,q3)*Vec(nu15,q3)*xiw*xiz*ufoGC58^2*
         ufoGC76*ufoGC69
          - 1/4*g_(1,6_,nu15)*FT1*g_(1,q2)*g_(2,nu14)*FT2(g6)*cFT(nu9,XX,i2,
         iufo3)*cFT(g7,XX,iufo3,i3)*flavourTag(fe,j11,j12)*Vec(nu14,q3)*Vec(
         nu9,q3)*Vec(nu13,q3)^2*Vec(nu15,q2)*xiw*xiz*ufoGC58^2*ufoGC76*ufoGC69
          - 1/4*g_(1,6_,nu15)*FT1*g_(1,q2)*g_(2,nu14)*FT2(g6)*cFT(nu9,XX,i2,
         iufo3)*cFT(g7,XX,iufo3,i3)*flavourTag(fe,j11,j12)*Vec(nu14,q3)*Vec(
         nu9,q3)*Vec(nu13,q3)^2*Vec(nu15,q3)*xiw*xiz*ufoGC58^2*ufoGC76*ufoGC69
          - 1/8*g_(1,6_,nu15)*FT1*g_(1,q2)*g_(2,nu14)*FT2(g6)*cFT(nu9,XX,i2,
         iufo3)*cFT(g7,XX,iufo3,i3)*flavourTag(fe,j11,j12)*Vec(nu14,q3)*Vec(
         nu9,q3)*Vec(nu15,q2)*p4.p4*d^-1*xiw*xiz*ufoGC58^2*ufoGC76*ufoGC69
          - 1/8*g_(1,6_,nu15)*FT1*g_(1,q2)*g_(2,nu14)*FT2(g6)*cFT(nu9,XX,i2,
         iufo3)*cFT(g7,XX,iufo3,i3)*flavourTag(fe,j11,j12)*Vec(nu14,q3)*Vec(
         nu9,q3)*Vec(nu15,q3)*p4.p4*d^-1*xiw*xiz*ufoGC58^2*ufoGC76*ufoGC69
          - 1/4*g_(1,6_,nu15)*FT1*g_(1,q2)*g_(2,nu13)*FT2(g6)*cFT(nu9,XX,i2,
         iufo3)*cFT(g7,XX,iufo3,i3)*flavourTag(fe,j11,j12)*Vec(nu9,q2)*Vec(
         nu13,q2)*Vec(nu15,q2)*p4.p4*d^-1*xiw*xiz*ufoGC58^2*ufoGC76*ufoGC69
          - 1/4*g_(1,6_,nu15)*FT1*g_(1,q2)*g_(2,nu13)*FT2(g6)*cFT(nu9,XX,i2,
         iufo3)*cFT(g7,XX,iufo3,i3)*flavourTag(fe,j11,j12)*Vec(nu9,q2)*Vec(
         nu13,q2)*Vec(nu15,q3)*p4.p4*d^-1*xiw*xiz*ufoGC58^2*ufoGC76*ufoGC69
          - 1/4*g_(1,6_,nu15)*FT1*g_(1,q2)*g_(2,nu13)*FT2(g6)*cFT(nu9,XX,i2,
         iufo3)*cFT(g7,XX,iufo3,i3)*flavourTag(fe,j11,j12)*Vec(nu9,q2)*Vec(
         nu13,q3)*Vec(nu15,q2)*p4.p4*d^-1*xiw*xiz*ufoGC58^2*ufoGC76*ufoGC69
          - 1/4*g_(1,6_,nu15)*FT1*g_(1,q2)*g_(2,nu13)*FT2(g6)*cFT(nu9,XX,i2,
         iufo3)*cFT(g7,XX,iufo3,i3)*flavourTag(fe,j11,j12)*Vec(nu9,q2)*Vec(
         nu13,q3)*Vec(nu15,q3)*p4.p4*d^-1*xiw*xiz*ufoGC58^2*ufoGC76*ufoGC69
          - 1/4*g_(1,6_,nu15)*FT1*g_(1,q2)*g_(2,nu13)*FT2(g6)*cFT(nu9,XX,i2,
         iufo3)*cFT(g7,XX,iufo3,i3)*flavourTag(fe,j11,j12)*Vec(nu9,q3)*Vec(
         nu13,q2)*Vec(nu15,q2)*p4.p4*d^-1*xiw*xiz*ufoGC58^2*ufoGC76*ufoGC69
          - 1/4*g_(1,6_,nu15)*FT1*g_(1,q2)*g_(2,nu13)*FT2(g6)*cFT(nu9,XX,i2,
         iufo3)*cFT(g7,XX,iufo3,i3)*flavourTag(fe,j11,j12)*Vec(nu9,q3)*Vec(
         nu13,q2)*Vec(nu15,q3)*p4.p4*d^-1*xiw*xiz*ufoGC58^2*ufoGC76*ufoGC69
          - 1/4*g_(1,6_,nu15)*FT1*g_(1,q2)*g_(2,nu13)*FT2(g6)*cFT(nu9,XX,i2,
         iufo3)*cFT(g7,XX,iufo3,i3)*flavourTag(fe,j11,j12)*Vec(nu9,q3)*Vec(
         nu13,q3)*Vec(nu15,q2)*p4.p4*d^-1*xiw*xiz*ufoGC58^2*ufoGC76*ufoGC69
          - 1/4*g_(1,6_,nu15)*FT1*g_(1,q2)*g_(2,nu13)*FT2(g6)*cFT(nu9,XX,i2,
         iufo3)*cFT(g7,XX,iufo3,i3)*flavourTag(fe,j11,j12)*Vec(nu9,q3)*Vec(
         nu13,q3)*Vec(nu15,q3)*p4.p4*d^-1*xiw*xiz*ufoGC58^2*ufoGC76*ufoGC69
          - 1/8*g_(1,6_,nu15)*FT1*g_(1,q2)*g_(2,nu15)*FT2(g6)*cFT(nu9,XX,i2,
         iufo3)*cFT(g7,XX,iufo3,i3)*flavourTag(fe,j11,j12)*Vec(nu9,q2)*Vec(
         nu13,q2)^2*p4.p4*d^-1*xiw*xiz*ufoGC58^2*ufoGC76*ufoGC69
          - 1/4*g_(1,6_,nu15)*FT1*g_(1,q2)*g_(2,nu15)*FT2(g6)*cFT(nu9,XX,i2,
         iufo3)*cFT(g7,XX,iufo3,i3)*flavourTag(fe,j11,j12)*Vec(nu9,q2)*Vec(
         nu13,q2)*Vec(nu13,q3)*p4.p4*d^-1*xiw*xiz*ufoGC58^2*ufoGC76*ufoGC69
          - 1/8*g_(1,6_,nu15)*FT1*g_(1,q2)*g_(2,nu15)*FT2(g6)*cFT(nu9,XX,i2,
         iufo3)*cFT(g7,XX,iufo3,i3)*flavourTag(fe,j11,j12)*Vec(nu9,q2)*Vec(
         nu13,q3)^2*p4.p4*d^-1*xiw*xiz*ufoGC58^2*ufoGC76*ufoGC69
          - 1/8*g_(1,6_,nu15)*FT1*g_(1,q2)*g_(2,nu15)*FT2(g6)*cFT(nu9,XX,i2,
         iufo3)*cFT(g7,XX,iufo3,i3)*flavourTag(fe,j11,j12)*Vec(nu9,q3)*Vec(
         nu13,q2)^2*p4.p4*d^-1*xiw*xiz*ufoGC58^2*ufoGC76*ufoGC69
          - 1/4*g_(1,6_,nu15)*FT1*g_(1,q2)*g_(2,nu15)*FT2(g6)*cFT(nu9,XX,i2,
         iufo3)*cFT(g7,XX,iufo3,i3)*flavourTag(fe,j11,j12)*Vec(nu9,q3)*Vec(
         nu13,q2)*Vec(nu13,q3)*p4.p4*d^-1*xiw*xiz*ufoGC58^2*ufoGC76*ufoGC69
          - 1/8*g_(1,6_,nu15)*FT1*g_(1,q2)*g_(2,nu15)*FT2(g6)*cFT(nu9,XX,i2,
         iufo3)*cFT(g7,XX,iufo3,i3)*flavourTag(fe,j11,j12)*Vec(nu9,q3)*Vec(
         nu13,q3)^2*p4.p4*d^-1*xiw*xiz*ufoGC58^2*ufoGC76*ufoGC69
          - 1/4*g_(1,6_,nu15)*FT1*g_(1,q3)*g_(2,6_,nu14)*cFT(nu9,XX,i2,iufo3)*
         cFT(g7,XX,iufo3,i3)*flavourTag(fe,j11,j12)*Vec(nu14,q2)*Vec(nu9,q2)*
         Vec(nu13,q2)^2*Vec(nu15,q2)*xiw*xiz*ufoGC58^2*ufoGC80*ufoGC69
          - 1/4*g_(1,6_,nu15)*FT1*g_(1,q3)*g_(2,6_,nu14)*cFT(nu9,XX,i2,iufo3)*
         cFT(g7,XX,iufo3,i3)*flavourTag(fe,j11,j12)*Vec(nu14,q2)*Vec(nu9,q2)*
         Vec(nu13,q2)^2*Vec(nu15,q3)*xiw*xiz*ufoGC58^2*ufoGC80*ufoGC69
          - 1/2*g_(1,6_,nu15)*FT1*g_(1,q3)*g_(2,6_,nu14)*cFT(nu9,XX,i2,iufo3)*
         cFT(g7,XX,iufo3,i3)*flavourTag(fe,j11,j12)*Vec(nu14,q2)*Vec(nu9,q2)*
         Vec(nu13,q2)*Vec(nu13,q3)*Vec(nu15,q2)*xiw*xiz*ufoGC58^2*ufoGC80*
         ufoGC69
          - 1/2*g_(1,6_,nu15)*FT1*g_(1,q3)*g_(2,6_,nu14)*cFT(nu9,XX,i2,iufo3)*
         cFT(g7,XX,iufo3,i3)*flavourTag(fe,j11,j12)*Vec(nu14,q2)*Vec(nu9,q2)*
         Vec(nu13,q2)*Vec(nu13,q3)*Vec(nu15,q3)*xiw*xiz*ufoGC58^2*ufoGC80*
         ufoGC69
          - 1/4*g_(1,6_,nu15)*FT1*g_(1,q3)*g_(2,6_,nu14)*cFT(nu9,XX,i2,iufo3)*
         cFT(g7,XX,iufo3,i3)*flavourTag(fe,j11,j12)*Vec(nu14,q2)*Vec(nu9,q2)*
         Vec(nu13,q3)^2*Vec(nu15,q2)*xiw*xiz*ufoGC58^2*ufoGC80*ufoGC69
          - 1/4*g_(1,6_,nu15)*FT1*g_(1,q3)*g_(2,6_,nu14)*cFT(nu9,XX,i2,iufo3)*
         cFT(g7,XX,iufo3,i3)*flavourTag(fe,j11,j12)*Vec(nu14,q2)*Vec(nu9,q2)*
         Vec(nu13,q3)^2*Vec(nu15,q3)*xiw*xiz*ufoGC58^2*ufoGC80*ufoGC69
          - 1/8*g_(1,6_,nu15)*FT1*g_(1,q3)*g_(2,6_,nu14)*cFT(nu9,XX,i2,iufo3)*
         cFT(g7,XX,iufo3,i3)*flavourTag(fe,j11,j12)*Vec(nu14,q2)*Vec(nu9,q2)*
         Vec(nu15,q2)*p4.p4*d^-1*xiw*xiz*ufoGC58^2*ufoGC80*ufoGC69
          - 1/8*g_(1,6_,nu15)*FT1*g_(1,q3)*g_(2,6_,nu14)*cFT(nu9,XX,i2,iufo3)*
         cFT(g7,XX,iufo3,i3)*flavourTag(fe,j11,j12)*Vec(nu14,q2)*Vec(nu9,q2)*
         Vec(nu15,q3)*p4.p4*d^-1*xiw*xiz*ufoGC58^2*ufoGC80*ufoGC69
          - 1/4*g_(1,6_,nu15)*FT1*g_(1,q3)*g_(2,6_,nu14)*cFT(nu9,XX,i2,iufo3)*
         cFT(g7,XX,iufo3,i3)*flavourTag(fe,j11,j12)*Vec(nu14,q2)*Vec(nu9,q3)*
         Vec(nu13,q2)^2*Vec(nu15,q2)*xiw*xiz*ufoGC58^2*ufoGC80*ufoGC69
          - 1/4*g_(1,6_,nu15)*FT1*g_(1,q3)*g_(2,6_,nu14)*cFT(nu9,XX,i2,iufo3)*
         cFT(g7,XX,iufo3,i3)*flavourTag(fe,j11,j12)*Vec(nu14,q2)*Vec(nu9,q3)*
         Vec(nu13,q2)^2*Vec(nu15,q3)*xiw*xiz*ufoGC58^2*ufoGC80*ufoGC69
          - 1/2*g_(1,6_,nu15)*FT1*g_(1,q3)*g_(2,6_,nu14)*cFT(nu9,XX,i2,iufo3)*
         cFT(g7,XX,iufo3,i3)*flavourTag(fe,j11,j12)*Vec(nu14,q2)*Vec(nu9,q3)*
         Vec(nu13,q2)*Vec(nu13,q3)*Vec(nu15,q2)*xiw*xiz*ufoGC58^2*ufoGC80*
         ufoGC69
          - 1/2*g_(1,6_,nu15)*FT1*g_(1,q3)*g_(2,6_,nu14)*cFT(nu9,XX,i2,iufo3)*
         cFT(g7,XX,iufo3,i3)*flavourTag(fe,j11,j12)*Vec(nu14,q2)*Vec(nu9,q3)*
         Vec(nu13,q2)*Vec(nu13,q3)*Vec(nu15,q3)*xiw*xiz*ufoGC58^2*ufoGC80*
         ufoGC69
          - 1/4*g_(1,6_,nu15)*FT1*g_(1,q3)*g_(2,6_,nu14)*cFT(nu9,XX,i2,iufo3)*
         cFT(g7,XX,iufo3,i3)*flavourTag(fe,j11,j12)*Vec(nu14,q2)*Vec(nu9,q3)*
         Vec(nu13,q3)^2*Vec(nu15,q2)*xiw*xiz*ufoGC58^2*ufoGC80*ufoGC69
          - 1/4*g_(1,6_,nu15)*FT1*g_(1,q3)*g_(2,6_,nu14)*cFT(nu9,XX,i2,iufo3)*
         cFT(g7,XX,iufo3,i3)*flavourTag(fe,j11,j12)*Vec(nu14,q2)*Vec(nu9,q3)*
         Vec(nu13,q3)^2*Vec(nu15,q3)*xiw*xiz*ufoGC58^2*ufoGC80*ufoGC69
          - 1/8*g_(1,6_,nu15)*FT1*g_(1,q3)*g_(2,6_,nu14)*cFT(nu9,XX,i2,iufo3)*
         cFT(g7,XX,iufo3,i3)*flavourTag(fe,j11,j12)*Vec(nu14,q2)*Vec(nu9,q3)*
         Vec(nu15,q2)*p4.p4*d^-1*xiw*xiz*ufoGC58^2*ufoGC80*ufoGC69
          - 1/8*g_(1,6_,nu15)*FT1*g_(1,q3)*g_(2,6_,nu14)*cFT(nu9,XX,i2,iufo3)*
         cFT(g7,XX,iufo3,i3)*flavourTag(fe,j11,j12)*Vec(nu14,q2)*Vec(nu9,q3)*
         Vec(nu15,q3)*p4.p4*d^-1*xiw*xiz*ufoGC58^2*ufoGC80*ufoGC69
          - 1/4*g_(1,6_,nu15)*FT1*g_(1,q3)*g_(2,6_,nu14)*cFT(nu9,XX,i2,iufo3)*
         cFT(g7,XX,iufo3,i3)*flavourTag(fe,j11,j12)*Vec(nu14,q3)*Vec(nu9,q2)*
         Vec(nu13,q2)^2*Vec(nu15,q2)*xiw*xiz*ufoGC58^2*ufoGC80*ufoGC69
          - 1/4*g_(1,6_,nu15)*FT1*g_(1,q3)*g_(2,6_,nu14)*cFT(nu9,XX,i2,iufo3)*
         cFT(g7,XX,iufo3,i3)*flavourTag(fe,j11,j12)*Vec(nu14,q3)*Vec(nu9,q2)*
         Vec(nu13,q2)^2*Vec(nu15,q3)*xiw*xiz*ufoGC58^2*ufoGC80*ufoGC69
          - 1/2*g_(1,6_,nu15)*FT1*g_(1,q3)*g_(2,6_,nu14)*cFT(nu9,XX,i2,iufo3)*
         cFT(g7,XX,iufo3,i3)*flavourTag(fe,j11,j12)*Vec(nu14,q3)*Vec(nu9,q2)*
         Vec(nu13,q2)*Vec(nu13,q3)*Vec(nu15,q2)*xiw*xiz*ufoGC58^2*ufoGC80*
         ufoGC69
          - 1/2*g_(1,6_,nu15)*FT1*g_(1,q3)*g_(2,6_,nu14)*cFT(nu9,XX,i2,iufo3)*
         cFT(g7,XX,iufo3,i3)*flavourTag(fe,j11,j12)*Vec(nu14,q3)*Vec(nu9,q2)*
         Vec(nu13,q2)*Vec(nu13,q3)*Vec(nu15,q3)*xiw*xiz*ufoGC58^2*ufoGC80*
         ufoGC69
          - 1/4*g_(1,6_,nu15)*FT1*g_(1,q3)*g_(2,6_,nu14)*cFT(nu9,XX,i2,iufo3)*
         cFT(g7,XX,iufo3,i3)*flavourTag(fe,j11,j12)*Vec(nu14,q3)*Vec(nu9,q2)*
         Vec(nu13,q3)^2*Vec(nu15,q2)*xiw*xiz*ufoGC58^2*ufoGC80*ufoGC69
          - 1/4*g_(1,6_,nu15)*FT1*g_(1,q3)*g_(2,6_,nu14)*cFT(nu9,XX,i2,iufo3)*
         cFT(g7,XX,iufo3,i3)*flavourTag(fe,j11,j12)*Vec(nu14,q3)*Vec(nu9,q2)*
         Vec(nu13,q3)^2*Vec(nu15,q3)*xiw*xiz*ufoGC58^2*ufoGC80*ufoGC69
          - 1/8*g_(1,6_,nu15)*FT1*g_(1,q3)*g_(2,6_,nu14)*cFT(nu9,XX,i2,iufo3)*
         cFT(g7,XX,iufo3,i3)*flavourTag(fe,j11,j12)*Vec(nu14,q3)*Vec(nu9,q2)*
         Vec(nu15,q2)*p4.p4*d^-1*xiw*xiz*ufoGC58^2*ufoGC80*ufoGC69
          - 1/8*g_(1,6_,nu15)*FT1*g_(1,q3)*g_(2,6_,nu14)*cFT(nu9,XX,i2,iufo3)*
         cFT(g7,XX,iufo3,i3)*flavourTag(fe,j11,j12)*Vec(nu14,q3)*Vec(nu9,q2)*
         Vec(nu15,q3)*p4.p4*d^-1*xiw*xiz*ufoGC58^2*ufoGC80*ufoGC69
          - 1/4*g_(1,6_,nu15)*FT1*g_(1,q3)*g_(2,6_,nu14)*cFT(nu9,XX,i2,iufo3)*
         cFT(g7,XX,iufo3,i3)*flavourTag(fe,j11,j12)*Vec(nu14,q3)*Vec(nu9,q3)*
         Vec(nu13,q2)^2*Vec(nu15,q2)*xiw*xiz*ufoGC58^2*ufoGC80*ufoGC69
          - 1/4*g_(1,6_,nu15)*FT1*g_(1,q3)*g_(2,6_,nu14)*cFT(nu9,XX,i2,iufo3)*
         cFT(g7,XX,iufo3,i3)*flavourTag(fe,j11,j12)*Vec(nu14,q3)*Vec(nu9,q3)*
         Vec(nu13,q2)^2*Vec(nu15,q3)*xiw*xiz*ufoGC58^2*ufoGC80*ufoGC69
          - 1/2*g_(1,6_,nu15)*FT1*g_(1,q3)*g_(2,6_,nu14)*cFT(nu9,XX,i2,iufo3)*
         cFT(g7,XX,iufo3,i3)*flavourTag(fe,j11,j12)*Vec(nu14,q3)*Vec(nu9,q3)*
         Vec(nu13,q2)*Vec(nu13,q3)*Vec(nu15,q2)*xiw*xiz*ufoGC58^2*ufoGC80*
         ufoGC69
          - 1/2*g_(1,6_,nu15)*FT1*g_(1,q3)*g_(2,6_,nu14)*cFT(nu9,XX,i2,iufo3)*
         cFT(g7,XX,iufo3,i3)*flavourTag(fe,j11,j12)*Vec(nu14,q3)*Vec(nu9,q3)*
         Vec(nu13,q2)*Vec(nu13,q3)*Vec(nu15,q3)*xiw*xiz*ufoGC58^2*ufoGC80*
         ufoGC69
          - 1/4*g_(1,6_,nu15)*FT1*g_(1,q3)*g_(2,6_,nu14)*cFT(nu9,XX,i2,iufo3)*
         cFT(g7,XX,iufo3,i3)*flavourTag(fe,j11,j12)*Vec(nu14,q3)*Vec(nu9,q3)*
         Vec(nu13,q3)^2*Vec(nu15,q2)*xiw*xiz*ufoGC58^2*ufoGC80*ufoGC69
          - 1/4*g_(1,6_,nu15)*FT1*g_(1,q3)*g_(2,6_,nu14)*cFT(nu9,XX,i2,iufo3)*
         cFT(g7,XX,iufo3,i3)*flavourTag(fe,j11,j12)*Vec(nu14,q3)*Vec(nu9,q3)*
         Vec(nu13,q3)^2*Vec(nu15,q3)*xiw*xiz*ufoGC58^2*ufoGC80*ufoGC69
          - 1/8*g_(1,6_,nu15)*FT1*g_(1,q3)*g_(2,6_,nu14)*cFT(nu9,XX,i2,iufo3)*
         cFT(g7,XX,iufo3,i3)*flavourTag(fe,j11,j12)*Vec(nu14,q3)*Vec(nu9,q3)*
         Vec(nu15,q2)*p4.p4*d^-1*xiw*xiz*ufoGC58^2*ufoGC80*ufoGC69
          - 1/8*g_(1,6_,nu15)*FT1*g_(1,q3)*g_(2,6_,nu14)*cFT(nu9,XX,i2,iufo3)*
         cFT(g7,XX,iufo3,i3)*flavourTag(fe,j11,j12)*Vec(nu14,q3)*Vec(nu9,q3)*
         Vec(nu15,q3)*p4.p4*d^-1*xiw*xiz*ufoGC58^2*ufoGC80*ufoGC69
          - 1/4*g_(1,6_,nu15)*FT1*g_(1,q3)*g_(2,6_,nu13)*cFT(nu9,XX,i2,iufo3)*
         cFT(g7,XX,iufo3,i3)*flavourTag(fe,j11,j12)*Vec(nu9,q2)*Vec(nu13,q2)*
         Vec(nu15,q2)*p4.p4*d^-1*xiw*xiz*ufoGC58^2*ufoGC80*ufoGC69
          - 1/4*g_(1,6_,nu15)*FT1*g_(1,q3)*g_(2,6_,nu13)*cFT(nu9,XX,i2,iufo3)*
         cFT(g7,XX,iufo3,i3)*flavourTag(fe,j11,j12)*Vec(nu9,q2)*Vec(nu13,q2)*
         Vec(nu15,q3)*p4.p4*d^-1*xiw*xiz*ufoGC58^2*ufoGC80*ufoGC69
          - 1/4*g_(1,6_,nu15)*FT1*g_(1,q3)*g_(2,6_,nu13)*cFT(nu9,XX,i2,iufo3)*
         cFT(g7,XX,iufo3,i3)*flavourTag(fe,j11,j12)*Vec(nu9,q2)*Vec(nu13,q3)*
         Vec(nu15,q2)*p4.p4*d^-1*xiw*xiz*ufoGC58^2*ufoGC80*ufoGC69
          - 1/4*g_(1,6_,nu15)*FT1*g_(1,q3)*g_(2,6_,nu13)*cFT(nu9,XX,i2,iufo3)*
         cFT(g7,XX,iufo3,i3)*flavourTag(fe,j11,j12)*Vec(nu9,q2)*Vec(nu13,q3)*
         Vec(nu15,q3)*p4.p4*d^-1*xiw*xiz*ufoGC58^2*ufoGC80*ufoGC69
          - 1/4*g_(1,6_,nu15)*FT1*g_(1,q3)*g_(2,6_,nu13)*cFT(nu9,XX,i2,iufo3)*
         cFT(g7,XX,iufo3,i3)*flavourTag(fe,j11,j12)*Vec(nu9,q3)*Vec(nu13,q2)*
         Vec(nu15,q2)*p4.p4*d^-1*xiw*xiz*ufoGC58^2*ufoGC80*ufoGC69
          - 1/4*g_(1,6_,nu15)*FT1*g_(1,q3)*g_(2,6_,nu13)*cFT(nu9,XX,i2,iufo3)*
         cFT(g7,XX,iufo3,i3)*flavourTag(fe,j11,j12)*Vec(nu9,q3)*Vec(nu13,q2)*
         Vec(nu15,q3)*p4.p4*d^-1*xiw*xiz*ufoGC58^2*ufoGC80*ufoGC69
          - 1/4*g_(1,6_,nu15)*FT1*g_(1,q3)*g_(2,6_,nu13)*cFT(nu9,XX,i2,iufo3)*
         cFT(g7,XX,iufo3,i3)*flavourTag(fe,j11,j12)*Vec(nu9,q3)*Vec(nu13,q3)*
         Vec(nu15,q2)*p4.p4*d^-1*xiw*xiz*ufoGC58^2*ufoGC80*ufoGC69
          - 1/4*g_(1,6_,nu15)*FT1*g_(1,q3)*g_(2,6_,nu13)*cFT(nu9,XX,i2,iufo3)*
         cFT(g7,XX,iufo3,i3)*flavourTag(fe,j11,j12)*Vec(nu9,q3)*Vec(nu13,q3)*
         Vec(nu15,q3)*p4.p4*d^-1*xiw*xiz*ufoGC58^2*ufoGC80*ufoGC69
          - 1/8*g_(1,6_,nu15)*FT1*g_(1,q3)*g_(2,6_,nu15)*cFT(nu9,XX,i2,iufo3)*
         cFT(g7,XX,iufo3,i3)*flavourTag(fe,j11,j12)*Vec(nu9,q2)*Vec(nu13,q2)^2
         *p4.p4*d^-1*xiw*xiz*ufoGC58^2*ufoGC80*ufoGC69
          - 1/4*g_(1,6_,nu15)*FT1*g_(1,q3)*g_(2,6_,nu15)*cFT(nu9,XX,i2,iufo3)*
         cFT(g7,XX,iufo3,i3)*flavourTag(fe,j11,j12)*Vec(nu9,q2)*Vec(nu13,q2)*
         Vec(nu13,q3)*p4.p4*d^-1*xiw*xiz*ufoGC58^2*ufoGC80*ufoGC69
          - 1/8*g_(1,6_,nu15)*FT1*g_(1,q3)*g_(2,6_,nu15)*cFT(nu9,XX,i2,iufo3)*
         cFT(g7,XX,iufo3,i3)*flavourTag(fe,j11,j12)*Vec(nu9,q2)*Vec(nu13,q3)^2
         *p4.p4*d^-1*xiw*xiz*ufoGC58^2*ufoGC80*ufoGC69
          - 1/8*g_(1,6_,nu15)*FT1*g_(1,q3)*g_(2,6_,nu15)*cFT(nu9,XX,i2,iufo3)*
         cFT(g7,XX,iufo3,i3)*flavourTag(fe,j11,j12)*Vec(nu9,q3)*Vec(nu13,q2)^2
         *p4.p4*d^-1*xiw*xiz*ufoGC58^2*ufoGC80*ufoGC69
          - 1/4*g_(1,6_,nu15)*FT1*g_(1,q3)*g_(2,6_,nu15)*cFT(nu9,XX,i2,iufo3)*
         cFT(g7,XX,iufo3,i3)*flavourTag(fe,j11,j12)*Vec(nu9,q3)*Vec(nu13,q2)*
         Vec(nu13,q3)*p4.p4*d^-1*xiw*xiz*ufoGC58^2*ufoGC80*ufoGC69
          - 1/8*g_(1,6_,nu15)*FT1*g_(1,q3)*g_(2,6_,nu15)*cFT(nu9,XX,i2,iufo3)*
         cFT(g7,XX,iufo3,i3)*flavourTag(fe,j11,j12)*Vec(nu9,q3)*Vec(nu13,q3)^2
         *p4.p4*d^-1*xiw*xiz*ufoGC58^2*ufoGC80*ufoGC69
          - 1/4*g_(1,6_,nu15)*FT1*g_(1,q3)*g_(2,nu14)*FT2(g6)*cFT(nu9,XX,i2,
         iufo3)*cFT(g7,XX,iufo3,i3)*flavourTag(fe,j11,j12)*Vec(nu14,q2)*Vec(
         nu9,q2)*Vec(nu13,q2)^2*Vec(nu15,q2)*xiw*xiz*ufoGC58^2*ufoGC76*ufoGC69
          - 1/4*g_(1,6_,nu15)*FT1*g_(1,q3)*g_(2,nu14)*FT2(g6)*cFT(nu9,XX,i2,
         iufo3)*cFT(g7,XX,iufo3,i3)*flavourTag(fe,j11,j12)*Vec(nu14,q2)*Vec(
         nu9,q2)*Vec(nu13,q2)^2*Vec(nu15,q3)*xiw*xiz*ufoGC58^2*ufoGC76*ufoGC69
          - 1/2*g_(1,6_,nu15)*FT1*g_(1,q3)*g_(2,nu14)*FT2(g6)*cFT(nu9,XX,i2,
         iufo3)*cFT(g7,XX,iufo3,i3)*flavourTag(fe,j11,j12)*Vec(nu14,q2)*Vec(
         nu9,q2)*Vec(nu13,q2)*Vec(nu13,q3)*Vec(nu15,q2)*xiw*xiz*ufoGC58^2*
         ufoGC76*ufoGC69
          - 1/2*g_(1,6_,nu15)*FT1*g_(1,q3)*g_(2,nu14)*FT2(g6)*cFT(nu9,XX,i2,
         iufo3)*cFT(g7,XX,iufo3,i3)*flavourTag(fe,j11,j12)*Vec(nu14,q2)*Vec(
         nu9,q2)*Vec(nu13,q2)*Vec(nu13,q3)*Vec(nu15,q3)*xiw*xiz*ufoGC58^2*
         ufoGC76*ufoGC69
          - 1/4*g_(1,6_,nu15)*FT1*g_(1,q3)*g_(2,nu14)*FT2(g6)*cFT(nu9,XX,i2,
         iufo3)*cFT(g7,XX,iufo3,i3)*flavourTag(fe,j11,j12)*Vec(nu14,q2)*Vec(
         nu9,q2)*Vec(nu13,q3)^2*Vec(nu15,q2)*xiw*xiz*ufoGC58^2*ufoGC76*ufoGC69
          - 1/4*g_(1,6_,nu15)*FT1*g_(1,q3)*g_(2,nu14)*FT2(g6)*cFT(nu9,XX,i2,
         iufo3)*cFT(g7,XX,iufo3,i3)*flavourTag(fe,j11,j12)*Vec(nu14,q2)*Vec(
         nu9,q2)*Vec(nu13,q3)^2*Vec(nu15,q3)*xiw*xiz*ufoGC58^2*ufoGC76*ufoGC69
          - 1/8*g_(1,6_,nu15)*FT1*g_(1,q3)*g_(2,nu14)*FT2(g6)*cFT(nu9,XX,i2,
         iufo3)*cFT(g7,XX,iufo3,i3)*flavourTag(fe,j11,j12)*Vec(nu14,q2)*Vec(
         nu9,q2)*Vec(nu15,q2)*p4.p4*d^-1*xiw*xiz*ufoGC58^2*ufoGC76*ufoGC69
          - 1/8*g_(1,6_,nu15)*FT1*g_(1,q3)*g_(2,nu14)*FT2(g6)*cFT(nu9,XX,i2,
         iufo3)*cFT(g7,XX,iufo3,i3)*flavourTag(fe,j11,j12)*Vec(nu14,q2)*Vec(
         nu9,q2)*Vec(nu15,q3)*p4.p4*d^-1*xiw*xiz*ufoGC58^2*ufoGC76*ufoGC69
          - 1/4*g_(1,6_,nu15)*FT1*g_(1,q3)*g_(2,nu14)*FT2(g6)*cFT(nu9,XX,i2,
         iufo3)*cFT(g7,XX,iufo3,i3)*flavourTag(fe,j11,j12)*Vec(nu14,q2)*Vec(
         nu9,q3)*Vec(nu13,q2)^2*Vec(nu15,q2)*xiw*xiz*ufoGC58^2*ufoGC76*ufoGC69
          - 1/4*g_(1,6_,nu15)*FT1*g_(1,q3)*g_(2,nu14)*FT2(g6)*cFT(nu9,XX,i2,
         iufo3)*cFT(g7,XX,iufo3,i3)*flavourTag(fe,j11,j12)*Vec(nu14,q2)*Vec(
         nu9,q3)*Vec(nu13,q2)^2*Vec(nu15,q3)*xiw*xiz*ufoGC58^2*ufoGC76*ufoGC69
          - 1/2*g_(1,6_,nu15)*FT1*g_(1,q3)*g_(2,nu14)*FT2(g6)*cFT(nu9,XX,i2,
         iufo3)*cFT(g7,XX,iufo3,i3)*flavourTag(fe,j11,j12)*Vec(nu14,q2)*Vec(
         nu9,q3)*Vec(nu13,q2)*Vec(nu13,q3)*Vec(nu15,q2)*xiw*xiz*ufoGC58^2*
         ufoGC76*ufoGC69
          - 1/2*g_(1,6_,nu15)*FT1*g_(1,q3)*g_(2,nu14)*FT2(g6)*cFT(nu9,XX,i2,
         iufo3)*cFT(g7,XX,iufo3,i3)*flavourTag(fe,j11,j12)*Vec(nu14,q2)*Vec(
         nu9,q3)*Vec(nu13,q2)*Vec(nu13,q3)*Vec(nu15,q3)*xiw*xiz*ufoGC58^2*
         ufoGC76*ufoGC69
          - 1/4*g_(1,6_,nu15)*FT1*g_(1,q3)*g_(2,nu14)*FT2(g6)*cFT(nu9,XX,i2,
         iufo3)*cFT(g7,XX,iufo3,i3)*flavourTag(fe,j11,j12)*Vec(nu14,q2)*Vec(
         nu9,q3)*Vec(nu13,q3)^2*Vec(nu15,q2)*xiw*xiz*ufoGC58^2*ufoGC76*ufoGC69
          - 1/4*g_(1,6_,nu15)*FT1*g_(1,q3)*g_(2,nu14)*FT2(g6)*cFT(nu9,XX,i2,
         iufo3)*cFT(g7,XX,iufo3,i3)*flavourTag(fe,j11,j12)*Vec(nu14,q2)*Vec(
         nu9,q3)*Vec(nu13,q3)^2*Vec(nu15,q3)*xiw*xiz*ufoGC58^2*ufoGC76*ufoGC69
          - 1/8*g_(1,6_,nu15)*FT1*g_(1,q3)*g_(2,nu14)*FT2(g6)*cFT(nu9,XX,i2,
         iufo3)*cFT(g7,XX,iufo3,i3)*flavourTag(fe,j11,j12)*Vec(nu14,q2)*Vec(
         nu9,q3)*Vec(nu15,q2)*p4.p4*d^-1*xiw*xiz*ufoGC58^2*ufoGC76*ufoGC69
          - 1/8*g_(1,6_,nu15)*FT1*g_(1,q3)*g_(2,nu14)*FT2(g6)*cFT(nu9,XX,i2,
         iufo3)*cFT(g7,XX,iufo3,i3)*flavourTag(fe,j11,j12)*Vec(nu14,q2)*Vec(
         nu9,q3)*Vec(nu15,q3)*p4.p4*d^-1*xiw*xiz*ufoGC58^2*ufoGC76*ufoGC69
          - 1/4*g_(1,6_,nu15)*FT1*g_(1,q3)*g_(2,nu14)*FT2(g6)*cFT(nu9,XX,i2,
         iufo3)*cFT(g7,XX,iufo3,i3)*flavourTag(fe,j11,j12)*Vec(nu14,q3)*Vec(
         nu9,q2)*Vec(nu13,q2)^2*Vec(nu15,q2)*xiw*xiz*ufoGC58^2*ufoGC76*ufoGC69
          - 1/4*g_(1,6_,nu15)*FT1*g_(1,q3)*g_(2,nu14)*FT2(g6)*cFT(nu9,XX,i2,
         iufo3)*cFT(g7,XX,iufo3,i3)*flavourTag(fe,j11,j12)*Vec(nu14,q3)*Vec(
         nu9,q2)*Vec(nu13,q2)^2*Vec(nu15,q3)*xiw*xiz*ufoGC58^2*ufoGC76*ufoGC69
          - 1/2*g_(1,6_,nu15)*FT1*g_(1,q3)*g_(2,nu14)*FT2(g6)*cFT(nu9,XX,i2,
         iufo3)*cFT(g7,XX,iufo3,i3)*flavourTag(fe,j11,j12)*Vec(nu14,q3)*Vec(
         nu9,q2)*Vec(nu13,q2)*Vec(nu13,q3)*Vec(nu15,q2)*xiw*xiz*ufoGC58^2*
         ufoGC76*ufoGC69
          - 1/2*g_(1,6_,nu15)*FT1*g_(1,q3)*g_(2,nu14)*FT2(g6)*cFT(nu9,XX,i2,
         iufo3)*cFT(g7,XX,iufo3,i3)*flavourTag(fe,j11,j12)*Vec(nu14,q3)*Vec(
         nu9,q2)*Vec(nu13,q2)*Vec(nu13,q3)*Vec(nu15,q3)*xiw*xiz*ufoGC58^2*
         ufoGC76*ufoGC69
          - 1/4*g_(1,6_,nu15)*FT1*g_(1,q3)*g_(2,nu14)*FT2(g6)*cFT(nu9,XX,i2,
         iufo3)*cFT(g7,XX,iufo3,i3)*flavourTag(fe,j11,j12)*Vec(nu14,q3)*Vec(
         nu9,q2)*Vec(nu13,q3)^2*Vec(nu15,q2)*xiw*xiz*ufoGC58^2*ufoGC76*ufoGC69
          - 1/4*g_(1,6_,nu15)*FT1*g_(1,q3)*g_(2,nu14)*FT2(g6)*cFT(nu9,XX,i2,
         iufo3)*cFT(g7,XX,iufo3,i3)*flavourTag(fe,j11,j12)*Vec(nu14,q3)*Vec(
         nu9,q2)*Vec(nu13,q3)^2*Vec(nu15,q3)*xiw*xiz*ufoGC58^2*ufoGC76*ufoGC69
          - 1/8*g_(1,6_,nu15)*FT1*g_(1,q3)*g_(2,nu14)*FT2(g6)*cFT(nu9,XX,i2,
         iufo3)*cFT(g7,XX,iufo3,i3)*flavourTag(fe,j11,j12)*Vec(nu14,q3)*Vec(
         nu9,q2)*Vec(nu15,q2)*p4.p4*d^-1*xiw*xiz*ufoGC58^2*ufoGC76*ufoGC69
          - 1/8*g_(1,6_,nu15)*FT1*g_(1,q3)*g_(2,nu14)*FT2(g6)*cFT(nu9,XX,i2,
         iufo3)*cFT(g7,XX,iufo3,i3)*flavourTag(fe,j11,j12)*Vec(nu14,q3)*Vec(
         nu9,q2)*Vec(nu15,q3)*p4.p4*d^-1*xiw*xiz*ufoGC58^2*ufoGC76*ufoGC69
          - 1/4*g_(1,6_,nu15)*FT1*g_(1,q3)*g_(2,nu14)*FT2(g6)*cFT(nu9,XX,i2,
         iufo3)*cFT(g7,XX,iufo3,i3)*flavourTag(fe,j11,j12)*Vec(nu14,q3)*Vec(
         nu9,q3)*Vec(nu13,q2)^2*Vec(nu15,q2)*xiw*xiz*ufoGC58^2*ufoGC76*ufoGC69
          - 1/4*g_(1,6_,nu15)*FT1*g_(1,q3)*g_(2,nu14)*FT2(g6)*cFT(nu9,XX,i2,
         iufo3)*cFT(g7,XX,iufo3,i3)*flavourTag(fe,j11,j12)*Vec(nu14,q3)*Vec(
         nu9,q3)*Vec(nu13,q2)^2*Vec(nu15,q3)*xiw*xiz*ufoGC58^2*ufoGC76*ufoGC69
          - 1/2*g_(1,6_,nu15)*FT1*g_(1,q3)*g_(2,nu14)*FT2(g6)*cFT(nu9,XX,i2,
         iufo3)*cFT(g7,XX,iufo3,i3)*flavourTag(fe,j11,j12)*Vec(nu14,q3)*Vec(
         nu9,q3)*Vec(nu13,q2)*Vec(nu13,q3)*Vec(nu15,q2)*xiw*xiz*ufoGC58^2*
         ufoGC76*ufoGC69
          - 1/2*g_(1,6_,nu15)*FT1*g_(1,q3)*g_(2,nu14)*FT2(g6)*cFT(nu9,XX,i2,
         iufo3)*cFT(g7,XX,iufo3,i3)*flavourTag(fe,j11,j12)*Vec(nu14,q3)*Vec(
         nu9,q3)*Vec(nu13,q2)*Vec(nu13,q3)*Vec(nu15,q3)*xiw*xiz*ufoGC58^2*
         ufoGC76*ufoGC69
          - 1/4*g_(1,6_,nu15)*FT1*g_(1,q3)*g_(2,nu14)*FT2(g6)*cFT(nu9,XX,i2,
         iufo3)*cFT(g7,XX,iufo3,i3)*flavourTag(fe,j11,j12)*Vec(nu14,q3)*Vec(
         nu9,q3)*Vec(nu13,q3)^2*Vec(nu15,q2)*xiw*xiz*ufoGC58^2*ufoGC76*ufoGC69
          - 1/4*g_(1,6_,nu15)*FT1*g_(1,q3)*g_(2,nu14)*FT2(g6)*cFT(nu9,XX,i2,
         iufo3)*cFT(g7,XX,iufo3,i3)*flavourTag(fe,j11,j12)*Vec(nu14,q3)*Vec(
         nu9,q3)*Vec(nu13,q3)^2*Vec(nu15,q3)*xiw*xiz*ufoGC58^2*ufoGC76*ufoGC69
          - 1/8*g_(1,6_,nu15)*FT1*g_(1,q3)*g_(2,nu14)*FT2(g6)*cFT(nu9,XX,i2,
         iufo3)*cFT(g7,XX,iufo3,i3)*flavourTag(fe,j11,j12)*Vec(nu14,q3)*Vec(
         nu9,q3)*Vec(nu15,q2)*p4.p4*d^-1*xiw*xiz*ufoGC58^2*ufoGC76*ufoGC69
          - 1/8*g_(1,6_,nu15)*FT1*g_(1,q3)*g_(2,nu14)*FT2(g6)*cFT(nu9,XX,i2,
         iufo3)*cFT(g7,XX,iufo3,i3)*flavourTag(fe,j11,j12)*Vec(nu14,q3)*Vec(
         nu9,q3)*Vec(nu15,q3)*p4.p4*d^-1*xiw*xiz*ufoGC58^2*ufoGC76*ufoGC69
          - 1/4*g_(1,6_,nu15)*FT1*g_(1,q3)*g_(2,nu13)*FT2(g6)*cFT(nu9,XX,i2,
         iufo3)*cFT(g7,XX,iufo3,i3)*flavourTag(fe,j11,j12)*Vec(nu9,q2)*Vec(
         nu13,q2)*Vec(nu15,q2)*p4.p4*d^-1*xiw*xiz*ufoGC58^2*ufoGC76*ufoGC69
          - 1/4*g_(1,6_,nu15)*FT1*g_(1,q3)*g_(2,nu13)*FT2(g6)*cFT(nu9,XX,i2,
         iufo3)*cFT(g7,XX,iufo3,i3)*flavourTag(fe,j11,j12)*Vec(nu9,q2)*Vec(
         nu13,q2)*Vec(nu15,q3)*p4.p4*d^-1*xiw*xiz*ufoGC58^2*ufoGC76*ufoGC69
          - 1/4*g_(1,6_,nu15)*FT1*g_(1,q3)*g_(2,nu13)*FT2(g6)*cFT(nu9,XX,i2,
         iufo3)*cFT(g7,XX,iufo3,i3)*flavourTag(fe,j11,j12)*Vec(nu9,q2)*Vec(
         nu13,q3)*Vec(nu15,q2)*p4.p4*d^-1*xiw*xiz*ufoGC58^2*ufoGC76*ufoGC69
          - 1/4*g_(1,6_,nu15)*FT1*g_(1,q3)*g_(2,nu13)*FT2(g6)*cFT(nu9,XX,i2,
         iufo3)*cFT(g7,XX,iufo3,i3)*flavourTag(fe,j11,j12)*Vec(nu9,q2)*Vec(
         nu13,q3)*Vec(nu15,q3)*p4.p4*d^-1*xiw*xiz*ufoGC58^2*ufoGC76*ufoGC69
          - 1/4*g_(1,6_,nu15)*FT1*g_(1,q3)*g_(2,nu13)*FT2(g6)*cFT(nu9,XX,i2,
         iufo3)*cFT(g7,XX,iufo3,i3)*flavourTag(fe,j11,j12)*Vec(nu9,q3)*Vec(
         nu13,q2)*Vec(nu15,q2)*p4.p4*d^-1*xiw*xiz*ufoGC58^2*ufoGC76*ufoGC69
          - 1/4*g_(1,6_,nu15)*FT1*g_(1,q3)*g_(2,nu13)*FT2(g6)*cFT(nu9,XX,i2,
         iufo3)*cFT(g7,XX,iufo3,i3)*flavourTag(fe,j11,j12)*Vec(nu9,q3)*Vec(
         nu13,q2)*Vec(nu15,q3)*p4.p4*d^-1*xiw*xiz*ufoGC58^2*ufoGC76*ufoGC69
          - 1/4*g_(1,6_,nu15)*FT1*g_(1,q3)*g_(2,nu13)*FT2(g6)*cFT(nu9,XX,i2,
         iufo3)*cFT(g7,XX,iufo3,i3)*flavourTag(fe,j11,j12)*Vec(nu9,q3)*Vec(
         nu13,q3)*Vec(nu15,q2)*p4.p4*d^-1*xiw*xiz*ufoGC58^2*ufoGC76*ufoGC69
          - 1/4*g_(1,6_,nu15)*FT1*g_(1,q3)*g_(2,nu13)*FT2(g6)*cFT(nu9,XX,i2,
         iufo3)*cFT(g7,XX,iufo3,i3)*flavourTag(fe,j11,j12)*Vec(nu9,q3)*Vec(
         nu13,q3)*Vec(nu15,q3)*p4.p4*d^-1*xiw*xiz*ufoGC58^2*ufoGC76*ufoGC69
          - 1/8*g_(1,6_,nu15)*FT1*g_(1,q3)*g_(2,nu15)*FT2(g6)*cFT(nu9,XX,i2,
         iufo3)*cFT(g7,XX,iufo3,i3)*flavourTag(fe,j11,j12)*Vec(nu9,q2)*Vec(
         nu13,q2)^2*p4.p4*d^-1*xiw*xiz*ufoGC58^2*ufoGC76*ufoGC69
          - 1/4*g_(1,6_,nu15)*FT1*g_(1,q3)*g_(2,nu15)*FT2(g6)*cFT(nu9,XX,i2,
         iufo3)*cFT(g7,XX,iufo3,i3)*flavourTag(fe,j11,j12)*Vec(nu9,q2)*Vec(
         nu13,q2)*Vec(nu13,q3)*p4.p4*d^-1*xiw*xiz*ufoGC58^2*ufoGC76*ufoGC69
          - 1/8*g_(1,6_,nu15)*FT1*g_(1,q3)*g_(2,nu15)*FT2(g6)*cFT(nu9,XX,i2,
         iufo3)*cFT(g7,XX,iufo3,i3)*flavourTag(fe,j11,j12)*Vec(nu9,q2)*Vec(
         nu13,q3)^2*p4.p4*d^-1*xiw*xiz*ufoGC58^2*ufoGC76*ufoGC69
          - 1/8*g_(1,6_,nu15)*FT1*g_(1,q3)*g_(2,nu15)*FT2(g6)*cFT(nu9,XX,i2,
         iufo3)*cFT(g7,XX,iufo3,i3)*flavourTag(fe,j11,j12)*Vec(nu9,q3)*Vec(
         nu13,q2)^2*p4.p4*d^-1*xiw*xiz*ufoGC58^2*ufoGC76*ufoGC69
          - 1/4*g_(1,6_,nu15)*FT1*g_(1,q3)*g_(2,nu15)*FT2(g6)*cFT(nu9,XX,i2,
         iufo3)*cFT(g7,XX,iufo3,i3)*flavourTag(fe,j11,j12)*Vec(nu9,q3)*Vec(
         nu13,q2)*Vec(nu13,q3)*p4.p4*d^-1*xiw*xiz*ufoGC58^2*ufoGC76*ufoGC69
          - 1/8*g_(1,6_,nu15)*FT1*g_(1,q3)*g_(2,nu15)*FT2(g6)*cFT(nu9,XX,i2,
         iufo3)*cFT(g7,XX,iufo3,i3)*flavourTag(fe,j11,j12)*Vec(nu9,q3)*Vec(
         nu13,q3)^2*p4.p4*d^-1*xiw*xiz*ufoGC58^2*ufoGC76*ufoGC69
          );

  0.18 sec out of 0.18 sec
