FORM 5.0.0-beta.1 (Jan 15 2026, v5.0.0-beta.1-292-g4341c63)  Run: Thu Mar  5 11:47:23 2026
    #-

   d1l234amp =

       + Den(p4,xiw,M3)^2*Den(p4,xiz,M4)*Den(xiw,M3)^2 * (
          + 1/8*g_(1,6_,nu16)*FT1*g_(1,p4)*g_(2,6_,nu14)*cFT(nu9,XX,i2,iufo3)*
         cFT(g7,XX,iufo3,i3)*flavourTag(fve,j11,j12)*Vec(nu16,q2)*Vec(nu14,q2)
         *Vec(nu9,q2)*p4.p4*xiw*ufoGC81*ufoGC58^2*ufoGC69
          + 1/8*g_(1,6_,nu16)*FT1*g_(1,p4)*g_(2,6_,nu14)*cFT(nu9,XX,i2,iufo3)*
         cFT(g7,XX,iufo3,i3)*flavourTag(fve,j11,j12)*Vec(nu16,q2)*Vec(nu14,q2)
         *Vec(nu9,q2)*Vec(nu10,q2)^2*xiw*ufoGC81*ufoGC58^2*ufoGC69
          + 1/4*g_(1,6_,nu16)*FT1*g_(1,p4)*g_(2,6_,nu14)*cFT(nu9,XX,i2,iufo3)*
         cFT(g7,XX,iufo3,i3)*flavourTag(fve,j11,j12)*Vec(nu16,q2)*Vec(nu14,q2)
         *Vec(nu9,q2)*Vec(nu10,q2)*Vec(nu10,q3)*xiw*ufoGC81*ufoGC58^2*ufoGC69
          + 1/8*g_(1,6_,nu16)*FT1*g_(1,p4)*g_(2,6_,nu14)*cFT(nu9,XX,i2,iufo3)*
         cFT(g7,XX,iufo3,i3)*flavourTag(fve,j11,j12)*Vec(nu16,q2)*Vec(nu14,q2)
         *Vec(nu9,q2)*Vec(nu10,q3)^2*xiw*ufoGC81*ufoGC58^2*ufoGC69
          - 1/8*g_(1,6_,nu16)*FT1*g_(1,p4)*g_(2,6_,nu14)*cFT(nu9,XX,i2,iufo3)*
         cFT(g7,XX,iufo3,i3)*flavourTag(fve,j11,j12)*Vec(nu16,q2)*Vec(nu14,q2)
         *Vec(nu9,q2)*Vec(nu13,q2)^2*xiw*ufoGC81*ufoGC58^2*ufoGC69
          - 1/4*g_(1,6_,nu16)*FT1*g_(1,p4)*g_(2,6_,nu14)*cFT(nu9,XX,i2,iufo3)*
         cFT(g7,XX,iufo3,i3)*flavourTag(fve,j11,j12)*Vec(nu16,q2)*Vec(nu14,q2)
         *Vec(nu9,q2)*Vec(nu13,q2)*Vec(nu13,q3)*xiw*ufoGC81*ufoGC58^2*ufoGC69
          - 1/8*g_(1,6_,nu16)*FT1*g_(1,p4)*g_(2,6_,nu14)*cFT(nu9,XX,i2,iufo3)*
         cFT(g7,XX,iufo3,i3)*flavourTag(fve,j11,j12)*Vec(nu16,q2)*Vec(nu14,q2)
         *Vec(nu9,q2)*Vec(nu13,q3)^2*xiw*ufoGC81*ufoGC58^2*ufoGC69
          + 1/8*g_(1,6_,nu16)*FT1*g_(1,p4)*g_(2,6_,nu14)*cFT(nu9,XX,i2,iufo3)*
         cFT(g7,XX,iufo3,i3)*flavourTag(fve,j11,j12)*Vec(nu16,q2)*Vec(nu14,q2)
         *Vec(nu9,q3)*p4.p4*xiw*ufoGC81*ufoGC58^2*ufoGC69
          + 1/8*g_(1,6_,nu16)*FT1*g_(1,p4)*g_(2,6_,nu14)*cFT(nu9,XX,i2,iufo3)*
         cFT(g7,XX,iufo3,i3)*flavourTag(fve,j11,j12)*Vec(nu16,q2)*Vec(nu14,q2)
         *Vec(nu9,q3)*Vec(nu10,q2)^2*xiw*ufoGC81*ufoGC58^2*ufoGC69
          + 1/4*g_(1,6_,nu16)*FT1*g_(1,p4)*g_(2,6_,nu14)*cFT(nu9,XX,i2,iufo3)*
         cFT(g7,XX,iufo3,i3)*flavourTag(fve,j11,j12)*Vec(nu16,q2)*Vec(nu14,q2)
         *Vec(nu9,q3)*Vec(nu10,q2)*Vec(nu10,q3)*xiw*ufoGC81*ufoGC58^2*ufoGC69
          + 1/8*g_(1,6_,nu16)*FT1*g_(1,p4)*g_(2,6_,nu14)*cFT(nu9,XX,i2,iufo3)*
         cFT(g7,XX,iufo3,i3)*flavourTag(fve,j11,j12)*Vec(nu16,q2)*Vec(nu14,q2)
         *Vec(nu9,q3)*Vec(nu10,q3)^2*xiw*ufoGC81*ufoGC58^2*ufoGC69
          - 1/8*g_(1,6_,nu16)*FT1*g_(1,p4)*g_(2,6_,nu14)*cFT(nu9,XX,i2,iufo3)*
         cFT(g7,XX,iufo3,i3)*flavourTag(fve,j11,j12)*Vec(nu16,q2)*Vec(nu14,q2)
         *Vec(nu9,q3)*Vec(nu13,q2)^2*xiw*ufoGC81*ufoGC58^2*ufoGC69
          - 1/4*g_(1,6_,nu16)*FT1*g_(1,p4)*g_(2,6_,nu14)*cFT(nu9,XX,i2,iufo3)*
         cFT(g7,XX,iufo3,i3)*flavourTag(fve,j11,j12)*Vec(nu16,q2)*Vec(nu14,q2)
         *Vec(nu9,q3)*Vec(nu13,q2)*Vec(nu13,q3)*xiw*ufoGC81*ufoGC58^2*ufoGC69
          - 1/8*g_(1,6_,nu16)*FT1*g_(1,p4)*g_(2,6_,nu14)*cFT(nu9,XX,i2,iufo3)*
         cFT(g7,XX,iufo3,i3)*flavourTag(fve,j11,j12)*Vec(nu16,q2)*Vec(nu14,q2)
         *Vec(nu9,q3)*Vec(nu13,q3)^2*xiw*ufoGC81*ufoGC58^2*ufoGC69
          + 1/8*g_(1,6_,nu16)*FT1*g_(1,p4)*g_(2,6_,nu14)*cFT(nu9,XX,i2,iufo3)*
         cFT(g7,XX,iufo3,i3)*flavourTag(fve,j11,j12)*Vec(nu16,q2)*Vec(nu14,q3)
         *Vec(nu9,q2)*p4.p4*xiw*ufoGC81*ufoGC58^2*ufoGC69
          + 1/8*g_(1,6_,nu16)*FT1*g_(1,p4)*g_(2,6_,nu14)*cFT(nu9,XX,i2,iufo3)*
         cFT(g7,XX,iufo3,i3)*flavourTag(fve,j11,j12)*Vec(nu16,q2)*Vec(nu14,q3)
         *Vec(nu9,q2)*Vec(nu10,q2)^2*xiw*ufoGC81*ufoGC58^2*ufoGC69
          + 1/4*g_(1,6_,nu16)*FT1*g_(1,p4)*g_(2,6_,nu14)*cFT(nu9,XX,i2,iufo3)*
         cFT(g7,XX,iufo3,i3)*flavourTag(fve,j11,j12)*Vec(nu16,q2)*Vec(nu14,q3)
         *Vec(nu9,q2)*Vec(nu10,q2)*Vec(nu10,q3)*xiw*ufoGC81*ufoGC58^2*ufoGC69
          + 1/8*g_(1,6_,nu16)*FT1*g_(1,p4)*g_(2,6_,nu14)*cFT(nu9,XX,i2,iufo3)*
         cFT(g7,XX,iufo3,i3)*flavourTag(fve,j11,j12)*Vec(nu16,q2)*Vec(nu14,q3)
         *Vec(nu9,q2)*Vec(nu10,q3)^2*xiw*ufoGC81*ufoGC58^2*ufoGC69
          - 1/8*g_(1,6_,nu16)*FT1*g_(1,p4)*g_(2,6_,nu14)*cFT(nu9,XX,i2,iufo3)*
         cFT(g7,XX,iufo3,i3)*flavourTag(fve,j11,j12)*Vec(nu16,q2)*Vec(nu14,q3)
         *Vec(nu9,q2)*Vec(nu13,q2)^2*xiw*ufoGC81*ufoGC58^2*ufoGC69
          - 1/4*g_(1,6_,nu16)*FT1*g_(1,p4)*g_(2,6_,nu14)*cFT(nu9,XX,i2,iufo3)*
         cFT(g7,XX,iufo3,i3)*flavourTag(fve,j11,j12)*Vec(nu16,q2)*Vec(nu14,q3)
         *Vec(nu9,q2)*Vec(nu13,q2)*Vec(nu13,q3)*xiw*ufoGC81*ufoGC58^2*ufoGC69
          - 1/8*g_(1,6_,nu16)*FT1*g_(1,p4)*g_(2,6_,nu14)*cFT(nu9,XX,i2,iufo3)*
         cFT(g7,XX,iufo3,i3)*flavourTag(fve,j11,j12)*Vec(nu16,q2)*Vec(nu14,q3)
         *Vec(nu9,q2)*Vec(nu13,q3)^2*xiw*ufoGC81*ufoGC58^2*ufoGC69
          + 1/8*g_(1,6_,nu16)*FT1*g_(1,p4)*g_(2,6_,nu14)*cFT(nu9,XX,i2,iufo3)*
         cFT(g7,XX,iufo3,i3)*flavourTag(fve,j11,j12)*Vec(nu16,q2)*Vec(nu14,q3)
         *Vec(nu9,q3)*p4.p4*xiw*ufoGC81*ufoGC58^2*ufoGC69
          + 1/8*g_(1,6_,nu16)*FT1*g_(1,p4)*g_(2,6_,nu14)*cFT(nu9,XX,i2,iufo3)*
         cFT(g7,XX,iufo3,i3)*flavourTag(fve,j11,j12)*Vec(nu16,q2)*Vec(nu14,q3)
         *Vec(nu9,q3)*Vec(nu10,q2)^2*xiw*ufoGC81*ufoGC58^2*ufoGC69
          + 1/4*g_(1,6_,nu16)*FT1*g_(1,p4)*g_(2,6_,nu14)*cFT(nu9,XX,i2,iufo3)*
         cFT(g7,XX,iufo3,i3)*flavourTag(fve,j11,j12)*Vec(nu16,q2)*Vec(nu14,q3)
         *Vec(nu9,q3)*Vec(nu10,q2)*Vec(nu10,q3)*xiw*ufoGC81*ufoGC58^2*ufoGC69
          + 1/8*g_(1,6_,nu16)*FT1*g_(1,p4)*g_(2,6_,nu14)*cFT(nu9,XX,i2,iufo3)*
         cFT(g7,XX,iufo3,i3)*flavourTag(fve,j11,j12)*Vec(nu16,q2)*Vec(nu14,q3)
         *Vec(nu9,q3)*Vec(nu10,q3)^2*xiw*ufoGC81*ufoGC58^2*ufoGC69
          - 1/8*g_(1,6_,nu16)*FT1*g_(1,p4)*g_(2,6_,nu14)*cFT(nu9,XX,i2,iufo3)*
         cFT(g7,XX,iufo3,i3)*flavourTag(fve,j11,j12)*Vec(nu16,q2)*Vec(nu14,q3)
         *Vec(nu9,q3)*Vec(nu13,q2)^2*xiw*ufoGC81*ufoGC58^2*ufoGC69
          - 1/4*g_(1,6_,nu16)*FT1*g_(1,p4)*g_(2,6_,nu14)*cFT(nu9,XX,i2,iufo3)*
         cFT(g7,XX,iufo3,i3)*flavourTag(fve,j11,j12)*Vec(nu16,q2)*Vec(nu14,q3)
         *Vec(nu9,q3)*Vec(nu13,q2)*Vec(nu13,q3)*xiw*ufoGC81*ufoGC58^2*ufoGC69
          - 1/8*g_(1,6_,nu16)*FT1*g_(1,p4)*g_(2,6_,nu14)*cFT(nu9,XX,i2,iufo3)*
         cFT(g7,XX,iufo3,i3)*flavourTag(fve,j11,j12)*Vec(nu16,q2)*Vec(nu14,q3)
         *Vec(nu9,q3)*Vec(nu13,q3)^2*xiw*ufoGC81*ufoGC58^2*ufoGC69
          + 1/8*g_(1,6_,nu16)*FT1*g_(1,p4)*g_(2,6_,nu14)*cFT(nu9,XX,i2,iufo3)*
         cFT(g7,XX,iufo3,i3)*flavourTag(fve,j11,j12)*Vec(nu16,q3)*Vec(nu14,q2)
         *Vec(nu9,q2)*p4.p4*xiw*ufoGC81*ufoGC58^2*ufoGC69
          + 1/8*g_(1,6_,nu16)*FT1*g_(1,p4)*g_(2,6_,nu14)*cFT(nu9,XX,i2,iufo3)*
         cFT(g7,XX,iufo3,i3)*flavourTag(fve,j11,j12)*Vec(nu16,q3)*Vec(nu14,q2)
         *Vec(nu9,q2)*Vec(nu10,q2)^2*xiw*ufoGC81*ufoGC58^2*ufoGC69
          + 1/4*g_(1,6_,nu16)*FT1*g_(1,p4)*g_(2,6_,nu14)*cFT(nu9,XX,i2,iufo3)*
         cFT(g7,XX,iufo3,i3)*flavourTag(fve,j11,j12)*Vec(nu16,q3)*Vec(nu14,q2)
         *Vec(nu9,q2)*Vec(nu10,q2)*Vec(nu10,q3)*xiw*ufoGC81*ufoGC58^2*ufoGC69
          + 1/8*g_(1,6_,nu16)*FT1*g_(1,p4)*g_(2,6_,nu14)*cFT(nu9,XX,i2,iufo3)*
         cFT(g7,XX,iufo3,i3)*flavourTag(fve,j11,j12)*Vec(nu16,q3)*Vec(nu14,q2)
         *Vec(nu9,q2)*Vec(nu10,q3)^2*xiw*ufoGC81*ufoGC58^2*ufoGC69
          - 1/8*g_(1,6_,nu16)*FT1*g_(1,p4)*g_(2,6_,nu14)*cFT(nu9,XX,i2,iufo3)*
         cFT(g7,XX,iufo3,i3)*flavourTag(fve,j11,j12)*Vec(nu16,q3)*Vec(nu14,q2)
         *Vec(nu9,q2)*Vec(nu13,q2)^2*xiw*ufoGC81*ufoGC58^2*ufoGC69
          - 1/4*g_(1,6_,nu16)*FT1*g_(1,p4)*g_(2,6_,nu14)*cFT(nu9,XX,i2,iufo3)*
         cFT(g7,XX,iufo3,i3)*flavourTag(fve,j11,j12)*Vec(nu16,q3)*Vec(nu14,q2)
         *Vec(nu9,q2)*Vec(nu13,q2)*Vec(nu13,q3)*xiw*ufoGC81*ufoGC58^2*ufoGC69
          - 1/8*g_(1,6_,nu16)*FT1*g_(1,p4)*g_(2,6_,nu14)*cFT(nu9,XX,i2,iufo3)*
         cFT(g7,XX,iufo3,i3)*flavourTag(fve,j11,j12)*Vec(nu16,q3)*Vec(nu14,q2)
         *Vec(nu9,q2)*Vec(nu13,q3)^2*xiw*ufoGC81*ufoGC58^2*ufoGC69
          + 1/8*g_(1,6_,nu16)*FT1*g_(1,p4)*g_(2,6_,nu14)*cFT(nu9,XX,i2,iufo3)*
         cFT(g7,XX,iufo3,i3)*flavourTag(fve,j11,j12)*Vec(nu16,q3)*Vec(nu14,q2)
         *Vec(nu9,q3)*p4.p4*xiw*ufoGC81*ufoGC58^2*ufoGC69
          + 1/8*g_(1,6_,nu16)*FT1*g_(1,p4)*g_(2,6_,nu14)*cFT(nu9,XX,i2,iufo3)*
         cFT(g7,XX,iufo3,i3)*flavourTag(fve,j11,j12)*Vec(nu16,q3)*Vec(nu14,q2)
         *Vec(nu9,q3)*Vec(nu10,q2)^2*xiw*ufoGC81*ufoGC58^2*ufoGC69
          + 1/4*g_(1,6_,nu16)*FT1*g_(1,p4)*g_(2,6_,nu14)*cFT(nu9,XX,i2,iufo3)*
         cFT(g7,XX,iufo3,i3)*flavourTag(fve,j11,j12)*Vec(nu16,q3)*Vec(nu14,q2)
         *Vec(nu9,q3)*Vec(nu10,q2)*Vec(nu10,q3)*xiw*ufoGC81*ufoGC58^2*ufoGC69
          + 1/8*g_(1,6_,nu16)*FT1*g_(1,p4)*g_(2,6_,nu14)*cFT(nu9,XX,i2,iufo3)*
         cFT(g7,XX,iufo3,i3)*flavourTag(fve,j11,j12)*Vec(nu16,q3)*Vec(nu14,q2)
         *Vec(nu9,q3)*Vec(nu10,q3)^2*xiw*ufoGC81*ufoGC58^2*ufoGC69
          - 1/8*g_(1,6_,nu16)*FT1*g_(1,p4)*g_(2,6_,nu14)*cFT(nu9,XX,i2,iufo3)*
         cFT(g7,XX,iufo3,i3)*flavourTag(fve,j11,j12)*Vec(nu16,q3)*Vec(nu14,q2)
         *Vec(nu9,q3)*Vec(nu13,q2)^2*xiw*ufoGC81*ufoGC58^2*ufoGC69
          - 1/4*g_(1,6_,nu16)*FT1*g_(1,p4)*g_(2,6_,nu14)*cFT(nu9,XX,i2,iufo3)*
         cFT(g7,XX,iufo3,i3)*flavourTag(fve,j11,j12)*Vec(nu16,q3)*Vec(nu14,q2)
         *Vec(nu9,q3)*Vec(nu13,q2)*Vec(nu13,q3)*xiw*ufoGC81*ufoGC58^2*ufoGC69
          - 1/8*g_(1,6_,nu16)*FT1*g_(1,p4)*g_(2,6_,nu14)*cFT(nu9,XX,i2,iufo3)*
         cFT(g7,XX,iufo3,i3)*flavourTag(fve,j11,j12)*Vec(nu16,q3)*Vec(nu14,q2)
         *Vec(nu9,q3)*Vec(nu13,q3)^2*xiw*ufoGC81*ufoGC58^2*ufoGC69
          + 1/8*g_(1,6_,nu16)*FT1*g_(1,p4)*g_(2,6_,nu14)*cFT(nu9,XX,i2,iufo3)*
         cFT(g7,XX,iufo3,i3)*flavourTag(fve,j11,j12)*Vec(nu16,q3)*Vec(nu14,q3)
         *Vec(nu9,q2)*p4.p4*xiw*ufoGC81*ufoGC58^2*ufoGC69
          + 1/8*g_(1,6_,nu16)*FT1*g_(1,p4)*g_(2,6_,nu14)*cFT(nu9,XX,i2,iufo3)*
         cFT(g7,XX,iufo3,i3)*flavourTag(fve,j11,j12)*Vec(nu16,q3)*Vec(nu14,q3)
         *Vec(nu9,q2)*Vec(nu10,q2)^2*xiw*ufoGC81*ufoGC58^2*ufoGC69
          + 1/4*g_(1,6_,nu16)*FT1*g_(1,p4)*g_(2,6_,nu14)*cFT(nu9,XX,i2,iufo3)*
         cFT(g7,XX,iufo3,i3)*flavourTag(fve,j11,j12)*Vec(nu16,q3)*Vec(nu14,q3)
         *Vec(nu9,q2)*Vec(nu10,q2)*Vec(nu10,q3)*xiw*ufoGC81*ufoGC58^2*ufoGC69
          + 1/8*g_(1,6_,nu16)*FT1*g_(1,p4)*g_(2,6_,nu14)*cFT(nu9,XX,i2,iufo3)*
         cFT(g7,XX,iufo3,i3)*flavourTag(fve,j11,j12)*Vec(nu16,q3)*Vec(nu14,q3)
         *Vec(nu9,q2)*Vec(nu10,q3)^2*xiw*ufoGC81*ufoGC58^2*ufoGC69
          - 1/8*g_(1,6_,nu16)*FT1*g_(1,p4)*g_(2,6_,nu14)*cFT(nu9,XX,i2,iufo3)*
         cFT(g7,XX,iufo3,i3)*flavourTag(fve,j11,j12)*Vec(nu16,q3)*Vec(nu14,q3)
         *Vec(nu9,q2)*Vec(nu13,q2)^2*xiw*ufoGC81*ufoGC58^2*ufoGC69
          - 1/4*g_(1,6_,nu16)*FT1*g_(1,p4)*g_(2,6_,nu14)*cFT(nu9,XX,i2,iufo3)*
         cFT(g7,XX,iufo3,i3)*flavourTag(fve,j11,j12)*Vec(nu16,q3)*Vec(nu14,q3)
         *Vec(nu9,q2)*Vec(nu13,q2)*Vec(nu13,q3)*xiw*ufoGC81*ufoGC58^2*ufoGC69
          - 1/8*g_(1,6_,nu16)*FT1*g_(1,p4)*g_(2,6_,nu14)*cFT(nu9,XX,i2,iufo3)*
         cFT(g7,XX,iufo3,i3)*flavourTag(fve,j11,j12)*Vec(nu16,q3)*Vec(nu14,q3)
         *Vec(nu9,q2)*Vec(nu13,q3)^2*xiw*ufoGC81*ufoGC58^2*ufoGC69
          + 1/8*g_(1,6_,nu16)*FT1*g_(1,p4)*g_(2,6_,nu14)*cFT(nu9,XX,i2,iufo3)*
         cFT(g7,XX,iufo3,i3)*flavourTag(fve,j11,j12)*Vec(nu16,q3)*Vec(nu14,q3)
         *Vec(nu9,q3)*p4.p4*xiw*ufoGC81*ufoGC58^2*ufoGC69
          + 1/8*g_(1,6_,nu16)*FT1*g_(1,p4)*g_(2,6_,nu14)*cFT(nu9,XX,i2,iufo3)*
         cFT(g7,XX,iufo3,i3)*flavourTag(fve,j11,j12)*Vec(nu16,q3)*Vec(nu14,q3)
         *Vec(nu9,q3)*Vec(nu10,q2)^2*xiw*ufoGC81*ufoGC58^2*ufoGC69
          + 1/4*g_(1,6_,nu16)*FT1*g_(1,p4)*g_(2,6_,nu14)*cFT(nu9,XX,i2,iufo3)*
         cFT(g7,XX,iufo3,i3)*flavourTag(fve,j11,j12)*Vec(nu16,q3)*Vec(nu14,q3)
         *Vec(nu9,q3)*Vec(nu10,q2)*Vec(nu10,q3)*xiw*ufoGC81*ufoGC58^2*ufoGC69
          + 1/8*g_(1,6_,nu16)*FT1*g_(1,p4)*g_(2,6_,nu14)*cFT(nu9,XX,i2,iufo3)*
         cFT(g7,XX,iufo3,i3)*flavourTag(fve,j11,j12)*Vec(nu16,q3)*Vec(nu14,q3)
         *Vec(nu9,q3)*Vec(nu10,q3)^2*xiw*ufoGC81*ufoGC58^2*ufoGC69
          - 1/8*g_(1,6_,nu16)*FT1*g_(1,p4)*g_(2,6_,nu14)*cFT(nu9,XX,i2,iufo3)*
         cFT(g7,XX,iufo3,i3)*flavourTag(fve,j11,j12)*Vec(nu16,q3)*Vec(nu14,q3)
         *Vec(nu9,q3)*Vec(nu13,q2)^2*xiw*ufoGC81*ufoGC58^2*ufoGC69
          - 1/4*g_(1,6_,nu16)*FT1*g_(1,p4)*g_(2,6_,nu14)*cFT(nu9,XX,i2,iufo3)*
         cFT(g7,XX,iufo3,i3)*flavourTag(fve,j11,j12)*Vec(nu16,q3)*Vec(nu14,q3)
         *Vec(nu9,q3)*Vec(nu13,q2)*Vec(nu13,q3)*xiw*ufoGC81*ufoGC58^2*ufoGC69
          - 1/8*g_(1,6_,nu16)*FT1*g_(1,p4)*g_(2,6_,nu14)*cFT(nu9,XX,i2,iufo3)*
         cFT(g7,XX,iufo3,i3)*flavourTag(fve,j11,j12)*Vec(nu16,q3)*Vec(nu14,q3)
         *Vec(nu9,q3)*Vec(nu13,q3)^2*xiw*ufoGC81*ufoGC58^2*ufoGC69
          - 1/8*g_(1,6_,nu16)*FT1*g_(1,q1)*g_(2,6_,nu14)*cFT(nu9,XX,i2,iufo3)*
         cFT(g7,XX,iufo3,i3)*flavourTag(fve,j11,j12)*Vec(nu16,q2)*Vec(nu14,q2)
         *Vec(nu9,q2)*p4.p4*xiw*ufoGC81*ufoGC58^2*ufoGC69
          - 1/8*g_(1,6_,nu16)*FT1*g_(1,q1)*g_(2,6_,nu14)*cFT(nu9,XX,i2,iufo3)*
         cFT(g7,XX,iufo3,i3)*flavourTag(fve,j11,j12)*Vec(nu16,q2)*Vec(nu14,q2)
         *Vec(nu9,q2)*Vec(nu10,q2)^2*xiw*ufoGC81*ufoGC58^2*ufoGC69
          - 1/4*g_(1,6_,nu16)*FT1*g_(1,q1)*g_(2,6_,nu14)*cFT(nu9,XX,i2,iufo3)*
         cFT(g7,XX,iufo3,i3)*flavourTag(fve,j11,j12)*Vec(nu16,q2)*Vec(nu14,q2)
         *Vec(nu9,q2)*Vec(nu10,q2)*Vec(nu10,q3)*xiw*ufoGC81*ufoGC58^2*ufoGC69
          - 1/8*g_(1,6_,nu16)*FT1*g_(1,q1)*g_(2,6_,nu14)*cFT(nu9,XX,i2,iufo3)*
         cFT(g7,XX,iufo3,i3)*flavourTag(fve,j11,j12)*Vec(nu16,q2)*Vec(nu14,q2)
         *Vec(nu9,q2)*Vec(nu10,q3)^2*xiw*ufoGC81*ufoGC58^2*ufoGC69
          + 1/8*g_(1,6_,nu16)*FT1*g_(1,q1)*g_(2,6_,nu14)*cFT(nu9,XX,i2,iufo3)*
         cFT(g7,XX,iufo3,i3)*flavourTag(fve,j11,j12)*Vec(nu16,q2)*Vec(nu14,q2)
         *Vec(nu9,q2)*Vec(nu13,q2)^2*xiw*ufoGC81*ufoGC58^2*ufoGC69
          + 1/4*g_(1,6_,nu16)*FT1*g_(1,q1)*g_(2,6_,nu14)*cFT(nu9,XX,i2,iufo3)*
         cFT(g7,XX,iufo3,i3)*flavourTag(fve,j11,j12)*Vec(nu16,q2)*Vec(nu14,q2)
         *Vec(nu9,q2)*Vec(nu13,q2)*Vec(nu13,q3)*xiw*ufoGC81*ufoGC58^2*ufoGC69
          + 1/8*g_(1,6_,nu16)*FT1*g_(1,q1)*g_(2,6_,nu14)*cFT(nu9,XX,i2,iufo3)*
         cFT(g7,XX,iufo3,i3)*flavourTag(fve,j11,j12)*Vec(nu16,q2)*Vec(nu14,q2)
         *Vec(nu9,q2)*Vec(nu13,q3)^2*xiw*ufoGC81*ufoGC58^2*ufoGC69
          - 1/8*g_(1,6_,nu16)*FT1*g_(1,q1)*g_(2,6_,nu14)*cFT(nu9,XX,i2,iufo3)*
         cFT(g7,XX,iufo3,i3)*flavourTag(fve,j11,j12)*Vec(nu16,q2)*Vec(nu14,q2)
         *Vec(nu9,q3)*p4.p4*xiw*ufoGC81*ufoGC58^2*ufoGC69
          - 1/8*g_(1,6_,nu16)*FT1*g_(1,q1)*g_(2,6_,nu14)*cFT(nu9,XX,i2,iufo3)*
         cFT(g7,XX,iufo3,i3)*flavourTag(fve,j11,j12)*Vec(nu16,q2)*Vec(nu14,q2)
         *Vec(nu9,q3)*Vec(nu10,q2)^2*xiw*ufoGC81*ufoGC58^2*ufoGC69
          - 1/4*g_(1,6_,nu16)*FT1*g_(1,q1)*g_(2,6_,nu14)*cFT(nu9,XX,i2,iufo3)*
         cFT(g7,XX,iufo3,i3)*flavourTag(fve,j11,j12)*Vec(nu16,q2)*Vec(nu14,q2)
         *Vec(nu9,q3)*Vec(nu10,q2)*Vec(nu10,q3)*xiw*ufoGC81*ufoGC58^2*ufoGC69
          - 1/8*g_(1,6_,nu16)*FT1*g_(1,q1)*g_(2,6_,nu14)*cFT(nu9,XX,i2,iufo3)*
         cFT(g7,XX,iufo3,i3)*flavourTag(fve,j11,j12)*Vec(nu16,q2)*Vec(nu14,q2)
         *Vec(nu9,q3)*Vec(nu10,q3)^2*xiw*ufoGC81*ufoGC58^2*ufoGC69
          + 1/8*g_(1,6_,nu16)*FT1*g_(1,q1)*g_(2,6_,nu14)*cFT(nu9,XX,i2,iufo3)*
         cFT(g7,XX,iufo3,i3)*flavourTag(fve,j11,j12)*Vec(nu16,q2)*Vec(nu14,q2)
         *Vec(nu9,q3)*Vec(nu13,q2)^2*xiw*ufoGC81*ufoGC58^2*ufoGC69
          + 1/4*g_(1,6_,nu16)*FT1*g_(1,q1)*g_(2,6_,nu14)*cFT(nu9,XX,i2,iufo3)*
         cFT(g7,XX,iufo3,i3)*flavourTag(fve,j11,j12)*Vec(nu16,q2)*Vec(nu14,q2)
         *Vec(nu9,q3)*Vec(nu13,q2)*Vec(nu13,q3)*xiw*ufoGC81*ufoGC58^2*ufoGC69
          + 1/8*g_(1,6_,nu16)*FT1*g_(1,q1)*g_(2,6_,nu14)*cFT(nu9,XX,i2,iufo3)*
         cFT(g7,XX,iufo3,i3)*flavourTag(fve,j11,j12)*Vec(nu16,q2)*Vec(nu14,q2)
         *Vec(nu9,q3)*Vec(nu13,q3)^2*xiw*ufoGC81*ufoGC58^2*ufoGC69
          - 1/8*g_(1,6_,nu16)*FT1*g_(1,q1)*g_(2,6_,nu14)*cFT(nu9,XX,i2,iufo3)*
         cFT(g7,XX,iufo3,i3)*flavourTag(fve,j11,j12)*Vec(nu16,q2)*Vec(nu14,q3)
         *Vec(nu9,q2)*p4.p4*xiw*ufoGC81*ufoGC58^2*ufoGC69
          - 1/8*g_(1,6_,nu16)*FT1*g_(1,q1)*g_(2,6_,nu14)*cFT(nu9,XX,i2,iufo3)*
         cFT(g7,XX,iufo3,i3)*flavourTag(fve,j11,j12)*Vec(nu16,q2)*Vec(nu14,q3)
         *Vec(nu9,q2)*Vec(nu10,q2)^2*xiw*ufoGC81*ufoGC58^2*ufoGC69
          - 1/4*g_(1,6_,nu16)*FT1*g_(1,q1)*g_(2,6_,nu14)*cFT(nu9,XX,i2,iufo3)*
         cFT(g7,XX,iufo3,i3)*flavourTag(fve,j11,j12)*Vec(nu16,q2)*Vec(nu14,q3)
         *Vec(nu9,q2)*Vec(nu10,q2)*Vec(nu10,q3)*xiw*ufoGC81*ufoGC58^2*ufoGC69
          - 1/8*g_(1,6_,nu16)*FT1*g_(1,q1)*g_(2,6_,nu14)*cFT(nu9,XX,i2,iufo3)*
         cFT(g7,XX,iufo3,i3)*flavourTag(fve,j11,j12)*Vec(nu16,q2)*Vec(nu14,q3)
         *Vec(nu9,q2)*Vec(nu10,q3)^2*xiw*ufoGC81*ufoGC58^2*ufoGC69
          + 1/8*g_(1,6_,nu16)*FT1*g_(1,q1)*g_(2,6_,nu14)*cFT(nu9,XX,i2,iufo3)*
         cFT(g7,XX,iufo3,i3)*flavourTag(fve,j11,j12)*Vec(nu16,q2)*Vec(nu14,q3)
         *Vec(nu9,q2)*Vec(nu13,q2)^2*xiw*ufoGC81*ufoGC58^2*ufoGC69
          + 1/4*g_(1,6_,nu16)*FT1*g_(1,q1)*g_(2,6_,nu14)*cFT(nu9,XX,i2,iufo3)*
         cFT(g7,XX,iufo3,i3)*flavourTag(fve,j11,j12)*Vec(nu16,q2)*Vec(nu14,q3)
         *Vec(nu9,q2)*Vec(nu13,q2)*Vec(nu13,q3)*xiw*ufoGC81*ufoGC58^2*ufoGC69
          + 1/8*g_(1,6_,nu16)*FT1*g_(1,q1)*g_(2,6_,nu14)*cFT(nu9,XX,i2,iufo3)*
         cFT(g7,XX,iufo3,i3)*flavourTag(fve,j11,j12)*Vec(nu16,q2)*Vec(nu14,q3)
         *Vec(nu9,q2)*Vec(nu13,q3)^2*xiw*ufoGC81*ufoGC58^2*ufoGC69
          - 1/8*g_(1,6_,nu16)*FT1*g_(1,q1)*g_(2,6_,nu14)*cFT(nu9,XX,i2,iufo3)*
         cFT(g7,XX,iufo3,i3)*flavourTag(fve,j11,j12)*Vec(nu16,q2)*Vec(nu14,q3)
         *Vec(nu9,q3)*p4.p4*xiw*ufoGC81*ufoGC58^2*ufoGC69
          - 1/8*g_(1,6_,nu16)*FT1*g_(1,q1)*g_(2,6_,nu14)*cFT(nu9,XX,i2,iufo3)*
         cFT(g7,XX,iufo3,i3)*flavourTag(fve,j11,j12)*Vec(nu16,q2)*Vec(nu14,q3)
         *Vec(nu9,q3)*Vec(nu10,q2)^2*xiw*ufoGC81*ufoGC58^2*ufoGC69
          - 1/4*g_(1,6_,nu16)*FT1*g_(1,q1)*g_(2,6_,nu14)*cFT(nu9,XX,i2,iufo3)*
         cFT(g7,XX,iufo3,i3)*flavourTag(fve,j11,j12)*Vec(nu16,q2)*Vec(nu14,q3)
         *Vec(nu9,q3)*Vec(nu10,q2)*Vec(nu10,q3)*xiw*ufoGC81*ufoGC58^2*ufoGC69
          - 1/8*g_(1,6_,nu16)*FT1*g_(1,q1)*g_(2,6_,nu14)*cFT(nu9,XX,i2,iufo3)*
         cFT(g7,XX,iufo3,i3)*flavourTag(fve,j11,j12)*Vec(nu16,q2)*Vec(nu14,q3)
         *Vec(nu9,q3)*Vec(nu10,q3)^2*xiw*ufoGC81*ufoGC58^2*ufoGC69
          + 1/8*g_(1,6_,nu16)*FT1*g_(1,q1)*g_(2,6_,nu14)*cFT(nu9,XX,i2,iufo3)*
         cFT(g7,XX,iufo3,i3)*flavourTag(fve,j11,j12)*Vec(nu16,q2)*Vec(nu14,q3)
         *Vec(nu9,q3)*Vec(nu13,q2)^2*xiw*ufoGC81*ufoGC58^2*ufoGC69
          + 1/4*g_(1,6_,nu16)*FT1*g_(1,q1)*g_(2,6_,nu14)*cFT(nu9,XX,i2,iufo3)*
         cFT(g7,XX,iufo3,i3)*flavourTag(fve,j11,j12)*Vec(nu16,q2)*Vec(nu14,q3)
         *Vec(nu9,q3)*Vec(nu13,q2)*Vec(nu13,q3)*xiw*ufoGC81*ufoGC58^2*ufoGC69
          + 1/8*g_(1,6_,nu16)*FT1*g_(1,q1)*g_(2,6_,nu14)*cFT(nu9,XX,i2,iufo3)*
         cFT(g7,XX,iufo3,i3)*flavourTag(fve,j11,j12)*Vec(nu16,q2)*Vec(nu14,q3)
         *Vec(nu9,q3)*Vec(nu13,q3)^2*xiw*ufoGC81*ufoGC58^2*ufoGC69
          - 1/8*g_(1,6_,nu16)*FT1*g_(1,q1)*g_(2,6_,nu14)*cFT(nu9,XX,i2,iufo3)*
         cFT(g7,XX,iufo3,i3)*flavourTag(fve,j11,j12)*Vec(nu16,q3)*Vec(nu14,q2)
         *Vec(nu9,q2)*p4.p4*xiw*ufoGC81*ufoGC58^2*ufoGC69
          - 1/8*g_(1,6_,nu16)*FT1*g_(1,q1)*g_(2,6_,nu14)*cFT(nu9,XX,i2,iufo3)*
         cFT(g7,XX,iufo3,i3)*flavourTag(fve,j11,j12)*Vec(nu16,q3)*Vec(nu14,q2)
         *Vec(nu9,q2)*Vec(nu10,q2)^2*xiw*ufoGC81*ufoGC58^2*ufoGC69
          - 1/4*g_(1,6_,nu16)*FT1*g_(1,q1)*g_(2,6_,nu14)*cFT(nu9,XX,i2,iufo3)*
         cFT(g7,XX,iufo3,i3)*flavourTag(fve,j11,j12)*Vec(nu16,q3)*Vec(nu14,q2)
         *Vec(nu9,q2)*Vec(nu10,q2)*Vec(nu10,q3)*xiw*ufoGC81*ufoGC58^2*ufoGC69
          - 1/8*g_(1,6_,nu16)*FT1*g_(1,q1)*g_(2,6_,nu14)*cFT(nu9,XX,i2,iufo3)*
         cFT(g7,XX,iufo3,i3)*flavourTag(fve,j11,j12)*Vec(nu16,q3)*Vec(nu14,q2)
         *Vec(nu9,q2)*Vec(nu10,q3)^2*xiw*ufoGC81*ufoGC58^2*ufoGC69
          + 1/8*g_(1,6_,nu16)*FT1*g_(1,q1)*g_(2,6_,nu14)*cFT(nu9,XX,i2,iufo3)*
         cFT(g7,XX,iufo3,i3)*flavourTag(fve,j11,j12)*Vec(nu16,q3)*Vec(nu14,q2)
         *Vec(nu9,q2)*Vec(nu13,q2)^2*xiw*ufoGC81*ufoGC58^2*ufoGC69
          + 1/4*g_(1,6_,nu16)*FT1*g_(1,q1)*g_(2,6_,nu14)*cFT(nu9,XX,i2,iufo3)*
         cFT(g7,XX,iufo3,i3)*flavourTag(fve,j11,j12)*Vec(nu16,q3)*Vec(nu14,q2)
         *Vec(nu9,q2)*Vec(nu13,q2)*Vec(nu13,q3)*xiw*ufoGC81*ufoGC58^2*ufoGC69
          + 1/8*g_(1,6_,nu16)*FT1*g_(1,q1)*g_(2,6_,nu14)*cFT(nu9,XX,i2,iufo3)*
         cFT(g7,XX,iufo3,i3)*flavourTag(fve,j11,j12)*Vec(nu16,q3)*Vec(nu14,q2)
         *Vec(nu9,q2)*Vec(nu13,q3)^2*xiw*ufoGC81*ufoGC58^2*ufoGC69
          - 1/8*g_(1,6_,nu16)*FT1*g_(1,q1)*g_(2,6_,nu14)*cFT(nu9,XX,i2,iufo3)*
         cFT(g7,XX,iufo3,i3)*flavourTag(fve,j11,j12)*Vec(nu16,q3)*Vec(nu14,q2)
         *Vec(nu9,q3)*p4.p4*xiw*ufoGC81*ufoGC58^2*ufoGC69
          - 1/8*g_(1,6_,nu16)*FT1*g_(1,q1)*g_(2,6_,nu14)*cFT(nu9,XX,i2,iufo3)*
         cFT(g7,XX,iufo3,i3)*flavourTag(fve,j11,j12)*Vec(nu16,q3)*Vec(nu14,q2)
         *Vec(nu9,q3)*Vec(nu10,q2)^2*xiw*ufoGC81*ufoGC58^2*ufoGC69
          - 1/4*g_(1,6_,nu16)*FT1*g_(1,q1)*g_(2,6_,nu14)*cFT(nu9,XX,i2,iufo3)*
         cFT(g7,XX,iufo3,i3)*flavourTag(fve,j11,j12)*Vec(nu16,q3)*Vec(nu14,q2)
         *Vec(nu9,q3)*Vec(nu10,q2)*Vec(nu10,q3)*xiw*ufoGC81*ufoGC58^2*ufoGC69
          - 1/8*g_(1,6_,nu16)*FT1*g_(1,q1)*g_(2,6_,nu14)*cFT(nu9,XX,i2,iufo3)*
         cFT(g7,XX,iufo3,i3)*flavourTag(fve,j11,j12)*Vec(nu16,q3)*Vec(nu14,q2)
         *Vec(nu9,q3)*Vec(nu10,q3)^2*xiw*ufoGC81*ufoGC58^2*ufoGC69
          + 1/8*g_(1,6_,nu16)*FT1*g_(1,q1)*g_(2,6_,nu14)*cFT(nu9,XX,i2,iufo3)*
         cFT(g7,XX,iufo3,i3)*flavourTag(fve,j11,j12)*Vec(nu16,q3)*Vec(nu14,q2)
         *Vec(nu9,q3)*Vec(nu13,q2)^2*xiw*ufoGC81*ufoGC58^2*ufoGC69
          + 1/4*g_(1,6_,nu16)*FT1*g_(1,q1)*g_(2,6_,nu14)*cFT(nu9,XX,i2,iufo3)*
         cFT(g7,XX,iufo3,i3)*flavourTag(fve,j11,j12)*Vec(nu16,q3)*Vec(nu14,q2)
         *Vec(nu9,q3)*Vec(nu13,q2)*Vec(nu13,q3)*xiw*ufoGC81*ufoGC58^2*ufoGC69
          + 1/8*g_(1,6_,nu16)*FT1*g_(1,q1)*g_(2,6_,nu14)*cFT(nu9,XX,i2,iufo3)*
         cFT(g7,XX,iufo3,i3)*flavourTag(fve,j11,j12)*Vec(nu16,q3)*Vec(nu14,q2)
         *Vec(nu9,q3)*Vec(nu13,q3)^2*xiw*ufoGC81*ufoGC58^2*ufoGC69
          - 1/8*g_(1,6_,nu16)*FT1*g_(1,q1)*g_(2,6_,nu14)*cFT(nu9,XX,i2,iufo3)*
         cFT(g7,XX,iufo3,i3)*flavourTag(fve,j11,j12)*Vec(nu16,q3)*Vec(nu14,q3)
         *Vec(nu9,q2)*p4.p4*xiw*ufoGC81*ufoGC58^2*ufoGC69
          - 1/8*g_(1,6_,nu16)*FT1*g_(1,q1)*g_(2,6_,nu14)*cFT(nu9,XX,i2,iufo3)*
         cFT(g7,XX,iufo3,i3)*flavourTag(fve,j11,j12)*Vec(nu16,q3)*Vec(nu14,q3)
         *Vec(nu9,q2)*Vec(nu10,q2)^2*xiw*ufoGC81*ufoGC58^2*ufoGC69
          - 1/4*g_(1,6_,nu16)*FT1*g_(1,q1)*g_(2,6_,nu14)*cFT(nu9,XX,i2,iufo3)*
         cFT(g7,XX,iufo3,i3)*flavourTag(fve,j11,j12)*Vec(nu16,q3)*Vec(nu14,q3)
         *Vec(nu9,q2)*Vec(nu10,q2)*Vec(nu10,q3)*xiw*ufoGC81*ufoGC58^2*ufoGC69
          - 1/8*g_(1,6_,nu16)*FT1*g_(1,q1)*g_(2,6_,nu14)*cFT(nu9,XX,i2,iufo3)*
         cFT(g7,XX,iufo3,i3)*flavourTag(fve,j11,j12)*Vec(nu16,q3)*Vec(nu14,q3)
         *Vec(nu9,q2)*Vec(nu10,q3)^2*xiw*ufoGC81*ufoGC58^2*ufoGC69
          + 1/8*g_(1,6_,nu16)*FT1*g_(1,q1)*g_(2,6_,nu14)*cFT(nu9,XX,i2,iufo3)*
         cFT(g7,XX,iufo3,i3)*flavourTag(fve,j11,j12)*Vec(nu16,q3)*Vec(nu14,q3)
         *Vec(nu9,q2)*Vec(nu13,q2)^2*xiw*ufoGC81*ufoGC58^2*ufoGC69
          + 1/4*g_(1,6_,nu16)*FT1*g_(1,q1)*g_(2,6_,nu14)*cFT(nu9,XX,i2,iufo3)*
         cFT(g7,XX,iufo3,i3)*flavourTag(fve,j11,j12)*Vec(nu16,q3)*Vec(nu14,q3)
         *Vec(nu9,q2)*Vec(nu13,q2)*Vec(nu13,q3)*xiw*ufoGC81*ufoGC58^2*ufoGC69
          + 1/8*g_(1,6_,nu16)*FT1*g_(1,q1)*g_(2,6_,nu14)*cFT(nu9,XX,i2,iufo3)*
         cFT(g7,XX,iufo3,i3)*flavourTag(fve,j11,j12)*Vec(nu16,q3)*Vec(nu14,q3)
         *Vec(nu9,q2)*Vec(nu13,q3)^2*xiw*ufoGC81*ufoGC58^2*ufoGC69
          - 1/8*g_(1,6_,nu16)*FT1*g_(1,q1)*g_(2,6_,nu14)*cFT(nu9,XX,i2,iufo3)*
         cFT(g7,XX,iufo3,i3)*flavourTag(fve,j11,j12)*Vec(nu16,q3)*Vec(nu14,q3)
         *Vec(nu9,q3)*p4.p4*xiw*ufoGC81*ufoGC58^2*ufoGC69
          - 1/8*g_(1,6_,nu16)*FT1*g_(1,q1)*g_(2,6_,nu14)*cFT(nu9,XX,i2,iufo3)*
         cFT(g7,XX,iufo3,i3)*flavourTag(fve,j11,j12)*Vec(nu16,q3)*Vec(nu14,q3)
         *Vec(nu9,q3)*Vec(nu10,q2)^2*xiw*ufoGC81*ufoGC58^2*ufoGC69
          - 1/4*g_(1,6_,nu16)*FT1*g_(1,q1)*g_(2,6_,nu14)*cFT(nu9,XX,i2,iufo3)*
         cFT(g7,XX,iufo3,i3)*flavourTag(fve,j11,j12)*Vec(nu16,q3)*Vec(nu14,q3)
         *Vec(nu9,q3)*Vec(nu10,q2)*Vec(nu10,q3)*xiw*ufoGC81*ufoGC58^2*ufoGC69
          - 1/8*g_(1,6_,nu16)*FT1*g_(1,q1)*g_(2,6_,nu14)*cFT(nu9,XX,i2,iufo3)*
         cFT(g7,XX,iufo3,i3)*flavourTag(fve,j11,j12)*Vec(nu16,q3)*Vec(nu14,q3)
         *Vec(nu9,q3)*Vec(nu10,q3)^2*xiw*ufoGC81*ufoGC58^2*ufoGC69
          + 1/8*g_(1,6_,nu16)*FT1*g_(1,q1)*g_(2,6_,nu14)*cFT(nu9,XX,i2,iufo3)*
         cFT(g7,XX,iufo3,i3)*flavourTag(fve,j11,j12)*Vec(nu16,q3)*Vec(nu14,q3)
         *Vec(nu9,q3)*Vec(nu13,q2)^2*xiw*ufoGC81*ufoGC58^2*ufoGC69
          + 1/4*g_(1,6_,nu16)*FT1*g_(1,q1)*g_(2,6_,nu14)*cFT(nu9,XX,i2,iufo3)*
         cFT(g7,XX,iufo3,i3)*flavourTag(fve,j11,j12)*Vec(nu16,q3)*Vec(nu14,q3)
         *Vec(nu9,q3)*Vec(nu13,q2)*Vec(nu13,q3)*xiw*ufoGC81*ufoGC58^2*ufoGC69
          + 1/8*g_(1,6_,nu16)*FT1*g_(1,q1)*g_(2,6_,nu14)*cFT(nu9,XX,i2,iufo3)*
         cFT(g7,XX,iufo3,i3)*flavourTag(fve,j11,j12)*Vec(nu16,q3)*Vec(nu14,q3)
         *Vec(nu9,q3)*Vec(nu13,q3)^2*xiw*ufoGC81*ufoGC58^2*ufoGC69
          - 1/8*g_(1,6_,nu16)*FT1*g_(1,q2)*g_(2,6_,nu14)*cFT(nu9,XX,i2,iufo3)*
         cFT(g7,XX,iufo3,i3)*flavourTag(fve,j11,j12)*Vec(nu16,q2)*Vec(nu14,q2)
         *Vec(nu9,q2)*p4.p4*xiw*ufoGC81*ufoGC58^2*ufoGC69
          - 1/8*g_(1,6_,nu16)*FT1*g_(1,q2)*g_(2,6_,nu14)*cFT(nu9,XX,i2,iufo3)*
         cFT(g7,XX,iufo3,i3)*flavourTag(fve,j11,j12)*Vec(nu16,q2)*Vec(nu14,q2)
         *Vec(nu9,q2)*Vec(nu10,q2)^2*xiw*ufoGC81*ufoGC58^2*ufoGC69
          - 1/4*g_(1,6_,nu16)*FT1*g_(1,q2)*g_(2,6_,nu14)*cFT(nu9,XX,i2,iufo3)*
         cFT(g7,XX,iufo3,i3)*flavourTag(fve,j11,j12)*Vec(nu16,q2)*Vec(nu14,q2)
         *Vec(nu9,q2)*Vec(nu10,q2)*Vec(nu10,q3)*xiw*ufoGC81*ufoGC58^2*ufoGC69
          - 1/8*g_(1,6_,nu16)*FT1*g_(1,q2)*g_(2,6_,nu14)*cFT(nu9,XX,i2,iufo3)*
         cFT(g7,XX,iufo3,i3)*flavourTag(fve,j11,j12)*Vec(nu16,q2)*Vec(nu14,q2)
         *Vec(nu9,q2)*Vec(nu10,q3)^2*xiw*ufoGC81*ufoGC58^2*ufoGC69
          + 1/8*g_(1,6_,nu16)*FT1*g_(1,q2)*g_(2,6_,nu14)*cFT(nu9,XX,i2,iufo3)*
         cFT(g7,XX,iufo3,i3)*flavourTag(fve,j11,j12)*Vec(nu16,q2)*Vec(nu14,q2)
         *Vec(nu9,q2)*Vec(nu13,q2)^2*xiw*ufoGC81*ufoGC58^2*ufoGC69
          + 1/4*g_(1,6_,nu16)*FT1*g_(1,q2)*g_(2,6_,nu14)*cFT(nu9,XX,i2,iufo3)*
         cFT(g7,XX,iufo3,i3)*flavourTag(fve,j11,j12)*Vec(nu16,q2)*Vec(nu14,q2)
         *Vec(nu9,q2)*Vec(nu13,q2)*Vec(nu13,q3)*xiw*ufoGC81*ufoGC58^2*ufoGC69
          + 1/8*g_(1,6_,nu16)*FT1*g_(1,q2)*g_(2,6_,nu14)*cFT(nu9,XX,i2,iufo3)*
         cFT(g7,XX,iufo3,i3)*flavourTag(fve,j11,j12)*Vec(nu16,q2)*Vec(nu14,q2)
         *Vec(nu9,q2)*Vec(nu13,q3)^2*xiw*ufoGC81*ufoGC58^2*ufoGC69
          - 1/8*g_(1,6_,nu16)*FT1*g_(1,q2)*g_(2,6_,nu14)*cFT(nu9,XX,i2,iufo3)*
         cFT(g7,XX,iufo3,i3)*flavourTag(fve,j11,j12)*Vec(nu16,q2)*Vec(nu14,q2)
         *Vec(nu9,q3)*p4.p4*xiw*ufoGC81*ufoGC58^2*ufoGC69
          - 1/8*g_(1,6_,nu16)*FT1*g_(1,q2)*g_(2,6_,nu14)*cFT(nu9,XX,i2,iufo3)*
         cFT(g7,XX,iufo3,i3)*flavourTag(fve,j11,j12)*Vec(nu16,q2)*Vec(nu14,q2)
         *Vec(nu9,q3)*Vec(nu10,q2)^2*xiw*ufoGC81*ufoGC58^2*ufoGC69
          - 1/4*g_(1,6_,nu16)*FT1*g_(1,q2)*g_(2,6_,nu14)*cFT(nu9,XX,i2,iufo3)*
         cFT(g7,XX,iufo3,i3)*flavourTag(fve,j11,j12)*Vec(nu16,q2)*Vec(nu14,q2)
         *Vec(nu9,q3)*Vec(nu10,q2)*Vec(nu10,q3)*xiw*ufoGC81*ufoGC58^2*ufoGC69
          - 1/8*g_(1,6_,nu16)*FT1*g_(1,q2)*g_(2,6_,nu14)*cFT(nu9,XX,i2,iufo3)*
         cFT(g7,XX,iufo3,i3)*flavourTag(fve,j11,j12)*Vec(nu16,q2)*Vec(nu14,q2)
         *Vec(nu9,q3)*Vec(nu10,q3)^2*xiw*ufoGC81*ufoGC58^2*ufoGC69
          + 1/8*g_(1,6_,nu16)*FT1*g_(1,q2)*g_(2,6_,nu14)*cFT(nu9,XX,i2,iufo3)*
         cFT(g7,XX,iufo3,i3)*flavourTag(fve,j11,j12)*Vec(nu16,q2)*Vec(nu14,q2)
         *Vec(nu9,q3)*Vec(nu13,q2)^2*xiw*ufoGC81*ufoGC58^2*ufoGC69
          + 1/4*g_(1,6_,nu16)*FT1*g_(1,q2)*g_(2,6_,nu14)*cFT(nu9,XX,i2,iufo3)*
         cFT(g7,XX,iufo3,i3)*flavourTag(fve,j11,j12)*Vec(nu16,q2)*Vec(nu14,q2)
         *Vec(nu9,q3)*Vec(nu13,q2)*Vec(nu13,q3)*xiw*ufoGC81*ufoGC58^2*ufoGC69
          + 1/8*g_(1,6_,nu16)*FT1*g_(1,q2)*g_(2,6_,nu14)*cFT(nu9,XX,i2,iufo3)*
         cFT(g7,XX,iufo3,i3)*flavourTag(fve,j11,j12)*Vec(nu16,q2)*Vec(nu14,q2)
         *Vec(nu9,q3)*Vec(nu13,q3)^2*xiw*ufoGC81*ufoGC58^2*ufoGC69
          - 1/8*g_(1,6_,nu16)*FT1*g_(1,q2)*g_(2,6_,nu14)*cFT(nu9,XX,i2,iufo3)*
         cFT(g7,XX,iufo3,i3)*flavourTag(fve,j11,j12)*Vec(nu16,q2)*Vec(nu14,q3)
         *Vec(nu9,q2)*p4.p4*xiw*ufoGC81*ufoGC58^2*ufoGC69
          - 1/8*g_(1,6_,nu16)*FT1*g_(1,q2)*g_(2,6_,nu14)*cFT(nu9,XX,i2,iufo3)*
         cFT(g7,XX,iufo3,i3)*flavourTag(fve,j11,j12)*Vec(nu16,q2)*Vec(nu14,q3)
         *Vec(nu9,q2)*Vec(nu10,q2)^2*xiw*ufoGC81*ufoGC58^2*ufoGC69
          - 1/4*g_(1,6_,nu16)*FT1*g_(1,q2)*g_(2,6_,nu14)*cFT(nu9,XX,i2,iufo3)*
         cFT(g7,XX,iufo3,i3)*flavourTag(fve,j11,j12)*Vec(nu16,q2)*Vec(nu14,q3)
         *Vec(nu9,q2)*Vec(nu10,q2)*Vec(nu10,q3)*xiw*ufoGC81*ufoGC58^2*ufoGC69
          - 1/8*g_(1,6_,nu16)*FT1*g_(1,q2)*g_(2,6_,nu14)*cFT(nu9,XX,i2,iufo3)*
         cFT(g7,XX,iufo3,i3)*flavourTag(fve,j11,j12)*Vec(nu16,q2)*Vec(nu14,q3)
         *Vec(nu9,q2)*Vec(nu10,q3)^2*xiw*ufoGC81*ufoGC58^2*ufoGC69
          + 1/8*g_(1,6_,nu16)*FT1*g_(1,q2)*g_(2,6_,nu14)*cFT(nu9,XX,i2,iufo3)*
         cFT(g7,XX,iufo3,i3)*flavourTag(fve,j11,j12)*Vec(nu16,q2)*Vec(nu14,q3)
         *Vec(nu9,q2)*Vec(nu13,q2)^2*xiw*ufoGC81*ufoGC58^2*ufoGC69
          + 1/4*g_(1,6_,nu16)*FT1*g_(1,q2)*g_(2,6_,nu14)*cFT(nu9,XX,i2,iufo3)*
         cFT(g7,XX,iufo3,i3)*flavourTag(fve,j11,j12)*Vec(nu16,q2)*Vec(nu14,q3)
         *Vec(nu9,q2)*Vec(nu13,q2)*Vec(nu13,q3)*xiw*ufoGC81*ufoGC58^2*ufoGC69
          + 1/8*g_(1,6_,nu16)*FT1*g_(1,q2)*g_(2,6_,nu14)*cFT(nu9,XX,i2,iufo3)*
         cFT(g7,XX,iufo3,i3)*flavourTag(fve,j11,j12)*Vec(nu16,q2)*Vec(nu14,q3)
         *Vec(nu9,q2)*Vec(nu13,q3)^2*xiw*ufoGC81*ufoGC58^2*ufoGC69
          - 1/8*g_(1,6_,nu16)*FT1*g_(1,q2)*g_(2,6_,nu14)*cFT(nu9,XX,i2,iufo3)*
         cFT(g7,XX,iufo3,i3)*flavourTag(fve,j11,j12)*Vec(nu16,q2)*Vec(nu14,q3)
         *Vec(nu9,q3)*p4.p4*xiw*ufoGC81*ufoGC58^2*ufoGC69
          - 1/8*g_(1,6_,nu16)*FT1*g_(1,q2)*g_(2,6_,nu14)*cFT(nu9,XX,i2,iufo3)*
         cFT(g7,XX,iufo3,i3)*flavourTag(fve,j11,j12)*Vec(nu16,q2)*Vec(nu14,q3)
         *Vec(nu9,q3)*Vec(nu10,q2)^2*xiw*ufoGC81*ufoGC58^2*ufoGC69
          - 1/4*g_(1,6_,nu16)*FT1*g_(1,q2)*g_(2,6_,nu14)*cFT(nu9,XX,i2,iufo3)*
         cFT(g7,XX,iufo3,i3)*flavourTag(fve,j11,j12)*Vec(nu16,q2)*Vec(nu14,q3)
         *Vec(nu9,q3)*Vec(nu10,q2)*Vec(nu10,q3)*xiw*ufoGC81*ufoGC58^2*ufoGC69
          - 1/8*g_(1,6_,nu16)*FT1*g_(1,q2)*g_(2,6_,nu14)*cFT(nu9,XX,i2,iufo3)*
         cFT(g7,XX,iufo3,i3)*flavourTag(fve,j11,j12)*Vec(nu16,q2)*Vec(nu14,q3)
         *Vec(nu9,q3)*Vec(nu10,q3)^2*xiw*ufoGC81*ufoGC58^2*ufoGC69
          + 1/8*g_(1,6_,nu16)*FT1*g_(1,q2)*g_(2,6_,nu14)*cFT(nu9,XX,i2,iufo3)*
         cFT(g7,XX,iufo3,i3)*flavourTag(fve,j11,j12)*Vec(nu16,q2)*Vec(nu14,q3)
         *Vec(nu9,q3)*Vec(nu13,q2)^2*xiw*ufoGC81*ufoGC58^2*ufoGC69
          + 1/4*g_(1,6_,nu16)*FT1*g_(1,q2)*g_(2,6_,nu14)*cFT(nu9,XX,i2,iufo3)*
         cFT(g7,XX,iufo3,i3)*flavourTag(fve,j11,j12)*Vec(nu16,q2)*Vec(nu14,q3)
         *Vec(nu9,q3)*Vec(nu13,q2)*Vec(nu13,q3)*xiw*ufoGC81*ufoGC58^2*ufoGC69
          + 1/8*g_(1,6_,nu16)*FT1*g_(1,q2)*g_(2,6_,nu14)*cFT(nu9,XX,i2,iufo3)*
         cFT(g7,XX,iufo3,i3)*flavourTag(fve,j11,j12)*Vec(nu16,q2)*Vec(nu14,q3)
         *Vec(nu9,q3)*Vec(nu13,q3)^2*xiw*ufoGC81*ufoGC58^2*ufoGC69
          - 1/8*g_(1,6_,nu16)*FT1*g_(1,q2)*g_(2,6_,nu14)*cFT(nu9,XX,i2,iufo3)*
         cFT(g7,XX,iufo3,i3)*flavourTag(fve,j11,j12)*Vec(nu16,q3)*Vec(nu14,q2)
         *Vec(nu9,q2)*p4.p4*xiw*ufoGC81*ufoGC58^2*ufoGC69
          - 1/8*g_(1,6_,nu16)*FT1*g_(1,q2)*g_(2,6_,nu14)*cFT(nu9,XX,i2,iufo3)*
         cFT(g7,XX,iufo3,i3)*flavourTag(fve,j11,j12)*Vec(nu16,q3)*Vec(nu14,q2)
         *Vec(nu9,q2)*Vec(nu10,q2)^2*xiw*ufoGC81*ufoGC58^2*ufoGC69
          - 1/4*g_(1,6_,nu16)*FT1*g_(1,q2)*g_(2,6_,nu14)*cFT(nu9,XX,i2,iufo3)*
         cFT(g7,XX,iufo3,i3)*flavourTag(fve,j11,j12)*Vec(nu16,q3)*Vec(nu14,q2)
         *Vec(nu9,q2)*Vec(nu10,q2)*Vec(nu10,q3)*xiw*ufoGC81*ufoGC58^2*ufoGC69
          - 1/8*g_(1,6_,nu16)*FT1*g_(1,q2)*g_(2,6_,nu14)*cFT(nu9,XX,i2,iufo3)*
         cFT(g7,XX,iufo3,i3)*flavourTag(fve,j11,j12)*Vec(nu16,q3)*Vec(nu14,q2)
         *Vec(nu9,q2)*Vec(nu10,q3)^2*xiw*ufoGC81*ufoGC58^2*ufoGC69
          + 1/8*g_(1,6_,nu16)*FT1*g_(1,q2)*g_(2,6_,nu14)*cFT(nu9,XX,i2,iufo3)*
         cFT(g7,XX,iufo3,i3)*flavourTag(fve,j11,j12)*Vec(nu16,q3)*Vec(nu14,q2)
         *Vec(nu9,q2)*Vec(nu13,q2)^2*xiw*ufoGC81*ufoGC58^2*ufoGC69
          + 1/4*g_(1,6_,nu16)*FT1*g_(1,q2)*g_(2,6_,nu14)*cFT(nu9,XX,i2,iufo3)*
         cFT(g7,XX,iufo3,i3)*flavourTag(fve,j11,j12)*Vec(nu16,q3)*Vec(nu14,q2)
         *Vec(nu9,q2)*Vec(nu13,q2)*Vec(nu13,q3)*xiw*ufoGC81*ufoGC58^2*ufoGC69
          + 1/8*g_(1,6_,nu16)*FT1*g_(1,q2)*g_(2,6_,nu14)*cFT(nu9,XX,i2,iufo3)*
         cFT(g7,XX,iufo3,i3)*flavourTag(fve,j11,j12)*Vec(nu16,q3)*Vec(nu14,q2)
         *Vec(nu9,q2)*Vec(nu13,q3)^2*xiw*ufoGC81*ufoGC58^2*ufoGC69
          - 1/8*g_(1,6_,nu16)*FT1*g_(1,q2)*g_(2,6_,nu14)*cFT(nu9,XX,i2,iufo3)*
         cFT(g7,XX,iufo3,i3)*flavourTag(fve,j11,j12)*Vec(nu16,q3)*Vec(nu14,q2)
         *Vec(nu9,q3)*p4.p4*xiw*ufoGC81*ufoGC58^2*ufoGC69
          - 1/8*g_(1,6_,nu16)*FT1*g_(1,q2)*g_(2,6_,nu14)*cFT(nu9,XX,i2,iufo3)*
         cFT(g7,XX,iufo3,i3)*flavourTag(fve,j11,j12)*Vec(nu16,q3)*Vec(nu14,q2)
         *Vec(nu9,q3)*Vec(nu10,q2)^2*xiw*ufoGC81*ufoGC58^2*ufoGC69
          - 1/4*g_(1,6_,nu16)*FT1*g_(1,q2)*g_(2,6_,nu14)*cFT(nu9,XX,i2,iufo3)*
         cFT(g7,XX,iufo3,i3)*flavourTag(fve,j11,j12)*Vec(nu16,q3)*Vec(nu14,q2)
         *Vec(nu9,q3)*Vec(nu10,q2)*Vec(nu10,q3)*xiw*ufoGC81*ufoGC58^2*ufoGC69
          - 1/8*g_(1,6_,nu16)*FT1*g_(1,q2)*g_(2,6_,nu14)*cFT(nu9,XX,i2,iufo3)*
         cFT(g7,XX,iufo3,i3)*flavourTag(fve,j11,j12)*Vec(nu16,q3)*Vec(nu14,q2)
         *Vec(nu9,q3)*Vec(nu10,q3)^2*xiw*ufoGC81*ufoGC58^2*ufoGC69
          + 1/8*g_(1,6_,nu16)*FT1*g_(1,q2)*g_(2,6_,nu14)*cFT(nu9,XX,i2,iufo3)*
         cFT(g7,XX,iufo3,i3)*flavourTag(fve,j11,j12)*Vec(nu16,q3)*Vec(nu14,q2)
         *Vec(nu9,q3)*Vec(nu13,q2)^2*xiw*ufoGC81*ufoGC58^2*ufoGC69
          + 1/4*g_(1,6_,nu16)*FT1*g_(1,q2)*g_(2,6_,nu14)*cFT(nu9,XX,i2,iufo3)*
         cFT(g7,XX,iufo3,i3)*flavourTag(fve,j11,j12)*Vec(nu16,q3)*Vec(nu14,q2)
         *Vec(nu9,q3)*Vec(nu13,q2)*Vec(nu13,q3)*xiw*ufoGC81*ufoGC58^2*ufoGC69
          + 1/8*g_(1,6_,nu16)*FT1*g_(1,q2)*g_(2,6_,nu14)*cFT(nu9,XX,i2,iufo3)*
         cFT(g7,XX,iufo3,i3)*flavourTag(fve,j11,j12)*Vec(nu16,q3)*Vec(nu14,q2)
         *Vec(nu9,q3)*Vec(nu13,q3)^2*xiw*ufoGC81*ufoGC58^2*ufoGC69
          - 1/8*g_(1,6_,nu16)*FT1*g_(1,q2)*g_(2,6_,nu14)*cFT(nu9,XX,i2,iufo3)*
         cFT(g7,XX,iufo3,i3)*flavourTag(fve,j11,j12)*Vec(nu16,q3)*Vec(nu14,q3)
         *Vec(nu9,q2)*p4.p4*xiw*ufoGC81*ufoGC58^2*ufoGC69
          - 1/8*g_(1,6_,nu16)*FT1*g_(1,q2)*g_(2,6_,nu14)*cFT(nu9,XX,i2,iufo3)*
         cFT(g7,XX,iufo3,i3)*flavourTag(fve,j11,j12)*Vec(nu16,q3)*Vec(nu14,q3)
         *Vec(nu9,q2)*Vec(nu10,q2)^2*xiw*ufoGC81*ufoGC58^2*ufoGC69
          - 1/4*g_(1,6_,nu16)*FT1*g_(1,q2)*g_(2,6_,nu14)*cFT(nu9,XX,i2,iufo3)*
         cFT(g7,XX,iufo3,i3)*flavourTag(fve,j11,j12)*Vec(nu16,q3)*Vec(nu14,q3)
         *Vec(nu9,q2)*Vec(nu10,q2)*Vec(nu10,q3)*xiw*ufoGC81*ufoGC58^2*ufoGC69
          - 1/8*g_(1,6_,nu16)*FT1*g_(1,q2)*g_(2,6_,nu14)*cFT(nu9,XX,i2,iufo3)*
         cFT(g7,XX,iufo3,i3)*flavourTag(fve,j11,j12)*Vec(nu16,q3)*Vec(nu14,q3)
         *Vec(nu9,q2)*Vec(nu10,q3)^2*xiw*ufoGC81*ufoGC58^2*ufoGC69
          + 1/8*g_(1,6_,nu16)*FT1*g_(1,q2)*g_(2,6_,nu14)*cFT(nu9,XX,i2,iufo3)*
         cFT(g7,XX,iufo3,i3)*flavourTag(fve,j11,j12)*Vec(nu16,q3)*Vec(nu14,q3)
         *Vec(nu9,q2)*Vec(nu13,q2)^2*xiw*ufoGC81*ufoGC58^2*ufoGC69
          + 1/4*g_(1,6_,nu16)*FT1*g_(1,q2)*g_(2,6_,nu14)*cFT(nu9,XX,i2,iufo3)*
         cFT(g7,XX,iufo3,i3)*flavourTag(fve,j11,j12)*Vec(nu16,q3)*Vec(nu14,q3)
         *Vec(nu9,q2)*Vec(nu13,q2)*Vec(nu13,q3)*xiw*ufoGC81*ufoGC58^2*ufoGC69
          + 1/8*g_(1,6_,nu16)*FT1*g_(1,q2)*g_(2,6_,nu14)*cFT(nu9,XX,i2,iufo3)*
         cFT(g7,XX,iufo3,i3)*flavourTag(fve,j11,j12)*Vec(nu16,q3)*Vec(nu14,q3)
         *Vec(nu9,q2)*Vec(nu13,q3)^2*xiw*ufoGC81*ufoGC58^2*ufoGC69
          - 1/8*g_(1,6_,nu16)*FT1*g_(1,q2)*g_(2,6_,nu14)*cFT(nu9,XX,i2,iufo3)*
         cFT(g7,XX,iufo3,i3)*flavourTag(fve,j11,j12)*Vec(nu16,q3)*Vec(nu14,q3)
         *Vec(nu9,q3)*p4.p4*xiw*ufoGC81*ufoGC58^2*ufoGC69
          - 1/8*g_(1,6_,nu16)*FT1*g_(1,q2)*g_(2,6_,nu14)*cFT(nu9,XX,i2,iufo3)*
         cFT(g7,XX,iufo3,i3)*flavourTag(fve,j11,j12)*Vec(nu16,q3)*Vec(nu14,q3)
         *Vec(nu9,q3)*Vec(nu10,q2)^2*xiw*ufoGC81*ufoGC58^2*ufoGC69
          - 1/4*g_(1,6_,nu16)*FT1*g_(1,q2)*g_(2,6_,nu14)*cFT(nu9,XX,i2,iufo3)*
         cFT(g7,XX,iufo3,i3)*flavourTag(fve,j11,j12)*Vec(nu16,q3)*Vec(nu14,q3)
         *Vec(nu9,q3)*Vec(nu10,q2)*Vec(nu10,q3)*xiw*ufoGC81*ufoGC58^2*ufoGC69
          - 1/8*g_(1,6_,nu16)*FT1*g_(1,q2)*g_(2,6_,nu14)*cFT(nu9,XX,i2,iufo3)*
         cFT(g7,XX,iufo3,i3)*flavourTag(fve,j11,j12)*Vec(nu16,q3)*Vec(nu14,q3)
         *Vec(nu9,q3)*Vec(nu10,q3)^2*xiw*ufoGC81*ufoGC58^2*ufoGC69
          + 1/8*g_(1,6_,nu16)*FT1*g_(1,q2)*g_(2,6_,nu14)*cFT(nu9,XX,i2,iufo3)*
         cFT(g7,XX,iufo3,i3)*flavourTag(fve,j11,j12)*Vec(nu16,q3)*Vec(nu14,q3)
         *Vec(nu9,q3)*Vec(nu13,q2)^2*xiw*ufoGC81*ufoGC58^2*ufoGC69
          + 1/4*g_(1,6_,nu16)*FT1*g_(1,q2)*g_(2,6_,nu14)*cFT(nu9,XX,i2,iufo3)*
         cFT(g7,XX,iufo3,i3)*flavourTag(fve,j11,j12)*Vec(nu16,q3)*Vec(nu14,q3)
         *Vec(nu9,q3)*Vec(nu13,q2)*Vec(nu13,q3)*xiw*ufoGC81*ufoGC58^2*ufoGC69
          + 1/8*g_(1,6_,nu16)*FT1*g_(1,q2)*g_(2,6_,nu14)*cFT(nu9,XX,i2,iufo3)*
         cFT(g7,XX,iufo3,i3)*flavourTag(fve,j11,j12)*Vec(nu16,q3)*Vec(nu14,q3)
         *Vec(nu9,q3)*Vec(nu13,q3)^2*xiw*ufoGC81*ufoGC58^2*ufoGC69
          - 1/8*g_(1,6_,nu16)*FT1*g_(1,q3)*g_(2,6_,nu14)*cFT(nu9,XX,i2,iufo3)*
         cFT(g7,XX,iufo3,i3)*flavourTag(fve,j11,j12)*Vec(nu16,q2)*Vec(nu14,q2)
         *Vec(nu9,q2)*p4.p4*xiw*ufoGC81*ufoGC58^2*ufoGC69
          - 1/8*g_(1,6_,nu16)*FT1*g_(1,q3)*g_(2,6_,nu14)*cFT(nu9,XX,i2,iufo3)*
         cFT(g7,XX,iufo3,i3)*flavourTag(fve,j11,j12)*Vec(nu16,q2)*Vec(nu14,q2)
         *Vec(nu9,q2)*Vec(nu10,q2)^2*xiw*ufoGC81*ufoGC58^2*ufoGC69
          - 1/4*g_(1,6_,nu16)*FT1*g_(1,q3)*g_(2,6_,nu14)*cFT(nu9,XX,i2,iufo3)*
         cFT(g7,XX,iufo3,i3)*flavourTag(fve,j11,j12)*Vec(nu16,q2)*Vec(nu14,q2)
         *Vec(nu9,q2)*Vec(nu10,q2)*Vec(nu10,q3)*xiw*ufoGC81*ufoGC58^2*ufoGC69
          - 1/8*g_(1,6_,nu16)*FT1*g_(1,q3)*g_(2,6_,nu14)*cFT(nu9,XX,i2,iufo3)*
         cFT(g7,XX,iufo3,i3)*flavourTag(fve,j11,j12)*Vec(nu16,q2)*Vec(nu14,q2)
         *Vec(nu9,q2)*Vec(nu10,q3)^2*xiw*ufoGC81*ufoGC58^2*ufoGC69
          + 1/8*g_(1,6_,nu16)*FT1*g_(1,q3)*g_(2,6_,nu14)*cFT(nu9,XX,i2,iufo3)*
         cFT(g7,XX,iufo3,i3)*flavourTag(fve,j11,j12)*Vec(nu16,q2)*Vec(nu14,q2)
         *Vec(nu9,q2)*Vec(nu13,q2)^2*xiw*ufoGC81*ufoGC58^2*ufoGC69
          + 1/4*g_(1,6_,nu16)*FT1*g_(1,q3)*g_(2,6_,nu14)*cFT(nu9,XX,i2,iufo3)*
         cFT(g7,XX,iufo3,i3)*flavourTag(fve,j11,j12)*Vec(nu16,q2)*Vec(nu14,q2)
         *Vec(nu9,q2)*Vec(nu13,q2)*Vec(nu13,q3)*xiw*ufoGC81*ufoGC58^2*ufoGC69
          + 1/8*g_(1,6_,nu16)*FT1*g_(1,q3)*g_(2,6_,nu14)*cFT(nu9,XX,i2,iufo3)*
         cFT(g7,XX,iufo3,i3)*flavourTag(fve,j11,j12)*Vec(nu16,q2)*Vec(nu14,q2)
         *Vec(nu9,q2)*Vec(nu13,q3)^2*xiw*ufoGC81*ufoGC58^2*ufoGC69
          - 1/8*g_(1,6_,nu16)*FT1*g_(1,q3)*g_(2,6_,nu14)*cFT(nu9,XX,i2,iufo3)*
         cFT(g7,XX,iufo3,i3)*flavourTag(fve,j11,j12)*Vec(nu16,q2)*Vec(nu14,q2)
         *Vec(nu9,q3)*p4.p4*xiw*ufoGC81*ufoGC58^2*ufoGC69
          - 1/8*g_(1,6_,nu16)*FT1*g_(1,q3)*g_(2,6_,nu14)*cFT(nu9,XX,i2,iufo3)*
         cFT(g7,XX,iufo3,i3)*flavourTag(fve,j11,j12)*Vec(nu16,q2)*Vec(nu14,q2)
         *Vec(nu9,q3)*Vec(nu10,q2)^2*xiw*ufoGC81*ufoGC58^2*ufoGC69
          - 1/4*g_(1,6_,nu16)*FT1*g_(1,q3)*g_(2,6_,nu14)*cFT(nu9,XX,i2,iufo3)*
         cFT(g7,XX,iufo3,i3)*flavourTag(fve,j11,j12)*Vec(nu16,q2)*Vec(nu14,q2)
         *Vec(nu9,q3)*Vec(nu10,q2)*Vec(nu10,q3)*xiw*ufoGC81*ufoGC58^2*ufoGC69
          - 1/8*g_(1,6_,nu16)*FT1*g_(1,q3)*g_(2,6_,nu14)*cFT(nu9,XX,i2,iufo3)*
         cFT(g7,XX,iufo3,i3)*flavourTag(fve,j11,j12)*Vec(nu16,q2)*Vec(nu14,q2)
         *Vec(nu9,q3)*Vec(nu10,q3)^2*xiw*ufoGC81*ufoGC58^2*ufoGC69
          + 1/8*g_(1,6_,nu16)*FT1*g_(1,q3)*g_(2,6_,nu14)*cFT(nu9,XX,i2,iufo3)*
         cFT(g7,XX,iufo3,i3)*flavourTag(fve,j11,j12)*Vec(nu16,q2)*Vec(nu14,q2)
         *Vec(nu9,q3)*Vec(nu13,q2)^2*xiw*ufoGC81*ufoGC58^2*ufoGC69
          + 1/4*g_(1,6_,nu16)*FT1*g_(1,q3)*g_(2,6_,nu14)*cFT(nu9,XX,i2,iufo3)*
         cFT(g7,XX,iufo3,i3)*flavourTag(fve,j11,j12)*Vec(nu16,q2)*Vec(nu14,q2)
         *Vec(nu9,q3)*Vec(nu13,q2)*Vec(nu13,q3)*xiw*ufoGC81*ufoGC58^2*ufoGC69
          + 1/8*g_(1,6_,nu16)*FT1*g_(1,q3)*g_(2,6_,nu14)*cFT(nu9,XX,i2,iufo3)*
         cFT(g7,XX,iufo3,i3)*flavourTag(fve,j11,j12)*Vec(nu16,q2)*Vec(nu14,q2)
         *Vec(nu9,q3)*Vec(nu13,q3)^2*xiw*ufoGC81*ufoGC58^2*ufoGC69
          - 1/8*g_(1,6_,nu16)*FT1*g_(1,q3)*g_(2,6_,nu14)*cFT(nu9,XX,i2,iufo3)*
         cFT(g7,XX,iufo3,i3)*flavourTag(fve,j11,j12)*Vec(nu16,q2)*Vec(nu14,q3)
         *Vec(nu9,q2)*p4.p4*xiw*ufoGC81*ufoGC58^2*ufoGC69
          - 1/8*g_(1,6_,nu16)*FT1*g_(1,q3)*g_(2,6_,nu14)*cFT(nu9,XX,i2,iufo3)*
         cFT(g7,XX,iufo3,i3)*flavourTag(fve,j11,j12)*Vec(nu16,q2)*Vec(nu14,q3)
         *Vec(nu9,q2)*Vec(nu10,q2)^2*xiw*ufoGC81*ufoGC58^2*ufoGC69
          - 1/4*g_(1,6_,nu16)*FT1*g_(1,q3)*g_(2,6_,nu14)*cFT(nu9,XX,i2,iufo3)*
         cFT(g7,XX,iufo3,i3)*flavourTag(fve,j11,j12)*Vec(nu16,q2)*Vec(nu14,q3)
         *Vec(nu9,q2)*Vec(nu10,q2)*Vec(nu10,q3)*xiw*ufoGC81*ufoGC58^2*ufoGC69
          - 1/8*g_(1,6_,nu16)*FT1*g_(1,q3)*g_(2,6_,nu14)*cFT(nu9,XX,i2,iufo3)*
         cFT(g7,XX,iufo3,i3)*flavourTag(fve,j11,j12)*Vec(nu16,q2)*Vec(nu14,q3)
         *Vec(nu9,q2)*Vec(nu10,q3)^2*xiw*ufoGC81*ufoGC58^2*ufoGC69
          + 1/8*g_(1,6_,nu16)*FT1*g_(1,q3)*g_(2,6_,nu14)*cFT(nu9,XX,i2,iufo3)*
         cFT(g7,XX,iufo3,i3)*flavourTag(fve,j11,j12)*Vec(nu16,q2)*Vec(nu14,q3)
         *Vec(nu9,q2)*Vec(nu13,q2)^2*xiw*ufoGC81*ufoGC58^2*ufoGC69
          + 1/4*g_(1,6_,nu16)*FT1*g_(1,q3)*g_(2,6_,nu14)*cFT(nu9,XX,i2,iufo3)*
         cFT(g7,XX,iufo3,i3)*flavourTag(fve,j11,j12)*Vec(nu16,q2)*Vec(nu14,q3)
         *Vec(nu9,q2)*Vec(nu13,q2)*Vec(nu13,q3)*xiw*ufoGC81*ufoGC58^2*ufoGC69
          + 1/8*g_(1,6_,nu16)*FT1*g_(1,q3)*g_(2,6_,nu14)*cFT(nu9,XX,i2,iufo3)*
         cFT(g7,XX,iufo3,i3)*flavourTag(fve,j11,j12)*Vec(nu16,q2)*Vec(nu14,q3)
         *Vec(nu9,q2)*Vec(nu13,q3)^2*xiw*ufoGC81*ufoGC58^2*ufoGC69
          - 1/8*g_(1,6_,nu16)*FT1*g_(1,q3)*g_(2,6_,nu14)*cFT(nu9,XX,i2,iufo3)*
         cFT(g7,XX,iufo3,i3)*flavourTag(fve,j11,j12)*Vec(nu16,q2)*Vec(nu14,q3)
         *Vec(nu9,q3)*p4.p4*xiw*ufoGC81*ufoGC58^2*ufoGC69
          - 1/8*g_(1,6_,nu16)*FT1*g_(1,q3)*g_(2,6_,nu14)*cFT(nu9,XX,i2,iufo3)*
         cFT(g7,XX,iufo3,i3)*flavourTag(fve,j11,j12)*Vec(nu16,q2)*Vec(nu14,q3)
         *Vec(nu9,q3)*Vec(nu10,q2)^2*xiw*ufoGC81*ufoGC58^2*ufoGC69
          - 1/4*g_(1,6_,nu16)*FT1*g_(1,q3)*g_(2,6_,nu14)*cFT(nu9,XX,i2,iufo3)*
         cFT(g7,XX,iufo3,i3)*flavourTag(fve,j11,j12)*Vec(nu16,q2)*Vec(nu14,q3)
         *Vec(nu9,q3)*Vec(nu10,q2)*Vec(nu10,q3)*xiw*ufoGC81*ufoGC58^2*ufoGC69
          - 1/8*g_(1,6_,nu16)*FT1*g_(1,q3)*g_(2,6_,nu14)*cFT(nu9,XX,i2,iufo3)*
         cFT(g7,XX,iufo3,i3)*flavourTag(fve,j11,j12)*Vec(nu16,q2)*Vec(nu14,q3)
         *Vec(nu9,q3)*Vec(nu10,q3)^2*xiw*ufoGC81*ufoGC58^2*ufoGC69
          + 1/8*g_(1,6_,nu16)*FT1*g_(1,q3)*g_(2,6_,nu14)*cFT(nu9,XX,i2,iufo3)*
         cFT(g7,XX,iufo3,i3)*flavourTag(fve,j11,j12)*Vec(nu16,q2)*Vec(nu14,q3)
         *Vec(nu9,q3)*Vec(nu13,q2)^2*xiw*ufoGC81*ufoGC58^2*ufoGC69
          + 1/4*g_(1,6_,nu16)*FT1*g_(1,q3)*g_(2,6_,nu14)*cFT(nu9,XX,i2,iufo3)*
         cFT(g7,XX,iufo3,i3)*flavourTag(fve,j11,j12)*Vec(nu16,q2)*Vec(nu14,q3)
         *Vec(nu9,q3)*Vec(nu13,q2)*Vec(nu13,q3)*xiw*ufoGC81*ufoGC58^2*ufoGC69
          + 1/8*g_(1,6_,nu16)*FT1*g_(1,q3)*g_(2,6_,nu14)*cFT(nu9,XX,i2,iufo3)*
         cFT(g7,XX,iufo3,i3)*flavourTag(fve,j11,j12)*Vec(nu16,q2)*Vec(nu14,q3)
         *Vec(nu9,q3)*Vec(nu13,q3)^2*xiw*ufoGC81*ufoGC58^2*ufoGC69
          - 1/8*g_(1,6_,nu16)*FT1*g_(1,q3)*g_(2,6_,nu14)*cFT(nu9,XX,i2,iufo3)*
         cFT(g7,XX,iufo3,i3)*flavourTag(fve,j11,j12)*Vec(nu16,q3)*Vec(nu14,q2)
         *Vec(nu9,q2)*p4.p4*xiw*ufoGC81*ufoGC58^2*ufoGC69
          - 1/8*g_(1,6_,nu16)*FT1*g_(1,q3)*g_(2,6_,nu14)*cFT(nu9,XX,i2,iufo3)*
         cFT(g7,XX,iufo3,i3)*flavourTag(fve,j11,j12)*Vec(nu16,q3)*Vec(nu14,q2)
         *Vec(nu9,q2)*Vec(nu10,q2)^2*xiw*ufoGC81*ufoGC58^2*ufoGC69
          - 1/4*g_(1,6_,nu16)*FT1*g_(1,q3)*g_(2,6_,nu14)*cFT(nu9,XX,i2,iufo3)*
         cFT(g7,XX,iufo3,i3)*flavourTag(fve,j11,j12)*Vec(nu16,q3)*Vec(nu14,q2)
         *Vec(nu9,q2)*Vec(nu10,q2)*Vec(nu10,q3)*xiw*ufoGC81*ufoGC58^2*ufoGC69
          - 1/8*g_(1,6_,nu16)*FT1*g_(1,q3)*g_(2,6_,nu14)*cFT(nu9,XX,i2,iufo3)*
         cFT(g7,XX,iufo3,i3)*flavourTag(fve,j11,j12)*Vec(nu16,q3)*Vec(nu14,q2)
         *Vec(nu9,q2)*Vec(nu10,q3)^2*xiw*ufoGC81*ufoGC58^2*ufoGC69
          + 1/8*g_(1,6_,nu16)*FT1*g_(1,q3)*g_(2,6_,nu14)*cFT(nu9,XX,i2,iufo3)*
         cFT(g7,XX,iufo3,i3)*flavourTag(fve,j11,j12)*Vec(nu16,q3)*Vec(nu14,q2)
         *Vec(nu9,q2)*Vec(nu13,q2)^2*xiw*ufoGC81*ufoGC58^2*ufoGC69
          + 1/4*g_(1,6_,nu16)*FT1*g_(1,q3)*g_(2,6_,nu14)*cFT(nu9,XX,i2,iufo3)*
         cFT(g7,XX,iufo3,i3)*flavourTag(fve,j11,j12)*Vec(nu16,q3)*Vec(nu14,q2)
         *Vec(nu9,q2)*Vec(nu13,q2)*Vec(nu13,q3)*xiw*ufoGC81*ufoGC58^2*ufoGC69
          + 1/8*g_(1,6_,nu16)*FT1*g_(1,q3)*g_(2,6_,nu14)*cFT(nu9,XX,i2,iufo3)*
         cFT(g7,XX,iufo3,i3)*flavourTag(fve,j11,j12)*Vec(nu16,q3)*Vec(nu14,q2)
         *Vec(nu9,q2)*Vec(nu13,q3)^2*xiw*ufoGC81*ufoGC58^2*ufoGC69
          - 1/8*g_(1,6_,nu16)*FT1*g_(1,q3)*g_(2,6_,nu14)*cFT(nu9,XX,i2,iufo3)*
         cFT(g7,XX,iufo3,i3)*flavourTag(fve,j11,j12)*Vec(nu16,q3)*Vec(nu14,q2)
         *Vec(nu9,q3)*p4.p4*xiw*ufoGC81*ufoGC58^2*ufoGC69
          - 1/8*g_(1,6_,nu16)*FT1*g_(1,q3)*g_(2,6_,nu14)*cFT(nu9,XX,i2,iufo3)*
         cFT(g7,XX,iufo3,i3)*flavourTag(fve,j11,j12)*Vec(nu16,q3)*Vec(nu14,q2)
         *Vec(nu9,q3)*Vec(nu10,q2)^2*xiw*ufoGC81*ufoGC58^2*ufoGC69
          - 1/4*g_(1,6_,nu16)*FT1*g_(1,q3)*g_(2,6_,nu14)*cFT(nu9,XX,i2,iufo3)*
         cFT(g7,XX,iufo3,i3)*flavourTag(fve,j11,j12)*Vec(nu16,q3)*Vec(nu14,q2)
         *Vec(nu9,q3)*Vec(nu10,q2)*Vec(nu10,q3)*xiw*ufoGC81*ufoGC58^2*ufoGC69
          - 1/8*g_(1,6_,nu16)*FT1*g_(1,q3)*g_(2,6_,nu14)*cFT(nu9,XX,i2,iufo3)*
         cFT(g7,XX,iufo3,i3)*flavourTag(fve,j11,j12)*Vec(nu16,q3)*Vec(nu14,q2)
         *Vec(nu9,q3)*Vec(nu10,q3)^2*xiw*ufoGC81*ufoGC58^2*ufoGC69
          + 1/8*g_(1,6_,nu16)*FT1*g_(1,q3)*g_(2,6_,nu14)*cFT(nu9,XX,i2,iufo3)*
         cFT(g7,XX,iufo3,i3)*flavourTag(fve,j11,j12)*Vec(nu16,q3)*Vec(nu14,q2)
         *Vec(nu9,q3)*Vec(nu13,q2)^2*xiw*ufoGC81*ufoGC58^2*ufoGC69
          + 1/4*g_(1,6_,nu16)*FT1*g_(1,q3)*g_(2,6_,nu14)*cFT(nu9,XX,i2,iufo3)*
         cFT(g7,XX,iufo3,i3)*flavourTag(fve,j11,j12)*Vec(nu16,q3)*Vec(nu14,q2)
         *Vec(nu9,q3)*Vec(nu13,q2)*Vec(nu13,q3)*xiw*ufoGC81*ufoGC58^2*ufoGC69
          + 1/8*g_(1,6_,nu16)*FT1*g_(1,q3)*g_(2,6_,nu14)*cFT(nu9,XX,i2,iufo3)*
         cFT(g7,XX,iufo3,i3)*flavourTag(fve,j11,j12)*Vec(nu16,q3)*Vec(nu14,q2)
         *Vec(nu9,q3)*Vec(nu13,q3)^2*xiw*ufoGC81*ufoGC58^2*ufoGC69
          - 1/8*g_(1,6_,nu16)*FT1*g_(1,q3)*g_(2,6_,nu14)*cFT(nu9,XX,i2,iufo3)*
         cFT(g7,XX,iufo3,i3)*flavourTag(fve,j11,j12)*Vec(nu16,q3)*Vec(nu14,q3)
         *Vec(nu9,q2)*p4.p4*xiw*ufoGC81*ufoGC58^2*ufoGC69
          - 1/8*g_(1,6_,nu16)*FT1*g_(1,q3)*g_(2,6_,nu14)*cFT(nu9,XX,i2,iufo3)*
         cFT(g7,XX,iufo3,i3)*flavourTag(fve,j11,j12)*Vec(nu16,q3)*Vec(nu14,q3)
         *Vec(nu9,q2)*Vec(nu10,q2)^2*xiw*ufoGC81*ufoGC58^2*ufoGC69
          - 1/4*g_(1,6_,nu16)*FT1*g_(1,q3)*g_(2,6_,nu14)*cFT(nu9,XX,i2,iufo3)*
         cFT(g7,XX,iufo3,i3)*flavourTag(fve,j11,j12)*Vec(nu16,q3)*Vec(nu14,q3)
         *Vec(nu9,q2)*Vec(nu10,q2)*Vec(nu10,q3)*xiw*ufoGC81*ufoGC58^2*ufoGC69
          - 1/8*g_(1,6_,nu16)*FT1*g_(1,q3)*g_(2,6_,nu14)*cFT(nu9,XX,i2,iufo3)*
         cFT(g7,XX,iufo3,i3)*flavourTag(fve,j11,j12)*Vec(nu16,q3)*Vec(nu14,q3)
         *Vec(nu9,q2)*Vec(nu10,q3)^2*xiw*ufoGC81*ufoGC58^2*ufoGC69
          + 1/8*g_(1,6_,nu16)*FT1*g_(1,q3)*g_(2,6_,nu14)*cFT(nu9,XX,i2,iufo3)*
         cFT(g7,XX,iufo3,i3)*flavourTag(fve,j11,j12)*Vec(nu16,q3)*Vec(nu14,q3)
         *Vec(nu9,q2)*Vec(nu13,q2)^2*xiw*ufoGC81*ufoGC58^2*ufoGC69
          + 1/4*g_(1,6_,nu16)*FT1*g_(1,q3)*g_(2,6_,nu14)*cFT(nu9,XX,i2,iufo3)*
         cFT(g7,XX,iufo3,i3)*flavourTag(fve,j11,j12)*Vec(nu16,q3)*Vec(nu14,q3)
         *Vec(nu9,q2)*Vec(nu13,q2)*Vec(nu13,q3)*xiw*ufoGC81*ufoGC58^2*ufoGC69
          + 1/8*g_(1,6_,nu16)*FT1*g_(1,q3)*g_(2,6_,nu14)*cFT(nu9,XX,i2,iufo3)*
         cFT(g7,XX,iufo3,i3)*flavourTag(fve,j11,j12)*Vec(nu16,q3)*Vec(nu14,q3)
         *Vec(nu9,q2)*Vec(nu13,q3)^2*xiw*ufoGC81*ufoGC58^2*ufoGC69
          - 1/8*g_(1,6_,nu16)*FT1*g_(1,q3)*g_(2,6_,nu14)*cFT(nu9,XX,i2,iufo3)*
         cFT(g7,XX,iufo3,i3)*flavourTag(fve,j11,j12)*Vec(nu16,q3)*Vec(nu14,q3)
         *Vec(nu9,q3)*p4.p4*xiw*ufoGC81*ufoGC58^2*ufoGC69
          - 1/8*g_(1,6_,nu16)*FT1*g_(1,q3)*g_(2,6_,nu14)*cFT(nu9,XX,i2,iufo3)*
         cFT(g7,XX,iufo3,i3)*flavourTag(fve,j11,j12)*Vec(nu16,q3)*Vec(nu14,q3)
         *Vec(nu9,q3)*Vec(nu10,q2)^2*xiw*ufoGC81*ufoGC58^2*ufoGC69
          - 1/4*g_(1,6_,nu16)*FT1*g_(1,q3)*g_(2,6_,nu14)*cFT(nu9,XX,i2,iufo3)*
         cFT(g7,XX,iufo3,i3)*flavourTag(fve,j11,j12)*Vec(nu16,q3)*Vec(nu14,q3)
         *Vec(nu9,q3)*Vec(nu10,q2)*Vec(nu10,q3)*xiw*ufoGC81*ufoGC58^2*ufoGC69
          - 1/8*g_(1,6_,nu16)*FT1*g_(1,q3)*g_(2,6_,nu14)*cFT(nu9,XX,i2,iufo3)*
         cFT(g7,XX,iufo3,i3)*flavourTag(fve,j11,j12)*Vec(nu16,q3)*Vec(nu14,q3)
         *Vec(nu9,q3)*Vec(nu10,q3)^2*xiw*ufoGC81*ufoGC58^2*ufoGC69
          + 1/8*g_(1,6_,nu16)*FT1*g_(1,q3)*g_(2,6_,nu14)*cFT(nu9,XX,i2,iufo3)*
         cFT(g7,XX,iufo3,i3)*flavourTag(fve,j11,j12)*Vec(nu16,q3)*Vec(nu14,q3)
         *Vec(nu9,q3)*Vec(nu13,q2)^2*xiw*ufoGC81*ufoGC58^2*ufoGC69
          + 1/4*g_(1,6_,nu16)*FT1*g_(1,q3)*g_(2,6_,nu14)*cFT(nu9,XX,i2,iufo3)*
         cFT(g7,XX,iufo3,i3)*flavourTag(fve,j11,j12)*Vec(nu16,q3)*Vec(nu14,q3)
         *Vec(nu9,q3)*Vec(nu13,q2)*Vec(nu13,q3)*xiw*ufoGC81*ufoGC58^2*ufoGC69
          + 1/8*g_(1,6_,nu16)*FT1*g_(1,q3)*g_(2,6_,nu14)*cFT(nu9,XX,i2,iufo3)*
         cFT(g7,XX,iufo3,i3)*flavourTag(fve,j11,j12)*Vec(nu16,q3)*Vec(nu14,q3)
         *Vec(nu9,q3)*Vec(nu13,q3)^2*xiw*ufoGC81*ufoGC58^2*ufoGC69
          - 1/8*g_(1,6_,nu10)*FT1*g_(1,p4)*g_(2,6_,nu14)*cFT(nu9,XX,i2,iufo3)*
         cFT(g7,XX,iufo3,i3)*flavourTag(fve,j11,j12)*Vec(nu14,q2)*Vec(nu9,q2)*
         Vec(nu10,q2)*p4.p4*d^-1*xiw*ufoGC81*ufoGC58^2*ufoGC69
          - 1/8*g_(1,6_,nu10)*FT1*g_(1,p4)*g_(2,6_,nu14)*cFT(nu9,XX,i2,iufo3)*
         cFT(g7,XX,iufo3,i3)*flavourTag(fve,j11,j12)*Vec(nu14,q2)*Vec(nu9,q2)*
         Vec(nu10,q3)*p4.p4*d^-1*xiw*ufoGC81*ufoGC58^2*ufoGC69
          - 1/8*g_(1,6_,nu10)*FT1*g_(1,p4)*g_(2,6_,nu14)*cFT(nu9,XX,i2,iufo3)*
         cFT(g7,XX,iufo3,i3)*flavourTag(fve,j11,j12)*Vec(nu14,q2)*Vec(nu9,q3)*
         Vec(nu10,q2)*p4.p4*d^-1*xiw*ufoGC81*ufoGC58^2*ufoGC69
          - 1/8*g_(1,6_,nu10)*FT1*g_(1,p4)*g_(2,6_,nu14)*cFT(nu9,XX,i2,iufo3)*
         cFT(g7,XX,iufo3,i3)*flavourTag(fve,j11,j12)*Vec(nu14,q2)*Vec(nu9,q3)*
         Vec(nu10,q3)*p4.p4*d^-1*xiw*ufoGC81*ufoGC58^2*ufoGC69
          - 1/8*g_(1,6_,nu10)*FT1*g_(1,p4)*g_(2,6_,nu14)*cFT(nu9,XX,i2,iufo3)*
         cFT(g7,XX,iufo3,i3)*flavourTag(fve,j11,j12)*Vec(nu14,q3)*Vec(nu9,q2)*
         Vec(nu10,q2)*p4.p4*d^-1*xiw*ufoGC81*ufoGC58^2*ufoGC69
          - 1/8*g_(1,6_,nu10)*FT1*g_(1,p4)*g_(2,6_,nu14)*cFT(nu9,XX,i2,iufo3)*
         cFT(g7,XX,iufo3,i3)*flavourTag(fve,j11,j12)*Vec(nu14,q3)*Vec(nu9,q2)*
         Vec(nu10,q3)*p4.p4*d^-1*xiw*ufoGC81*ufoGC58^2*ufoGC69
          - 1/8*g_(1,6_,nu10)*FT1*g_(1,p4)*g_(2,6_,nu14)*cFT(nu9,XX,i2,iufo3)*
         cFT(g7,XX,iufo3,i3)*flavourTag(fve,j11,j12)*Vec(nu14,q3)*Vec(nu9,q3)*
         Vec(nu10,q2)*p4.p4*d^-1*xiw*ufoGC81*ufoGC58^2*ufoGC69
          - 1/8*g_(1,6_,nu10)*FT1*g_(1,p4)*g_(2,6_,nu14)*cFT(nu9,XX,i2,iufo3)*
         cFT(g7,XX,iufo3,i3)*flavourTag(fve,j11,j12)*Vec(nu14,q3)*Vec(nu9,q3)*
         Vec(nu10,q3)*p4.p4*d^-1*xiw*ufoGC81*ufoGC58^2*ufoGC69
          + 1/8*g_(1,6_,nu10)*FT1*g_(1,q1)*g_(2,6_,nu14)*cFT(nu9,XX,i2,iufo3)*
         cFT(g7,XX,iufo3,i3)*flavourTag(fve,j11,j12)*Vec(nu14,q2)*Vec(nu9,q2)*
         Vec(nu10,q2)*p4.p4*d^-1*xiw*ufoGC81*ufoGC58^2*ufoGC69
          + 1/8*g_(1,6_,nu10)*FT1*g_(1,q1)*g_(2,6_,nu14)*cFT(nu9,XX,i2,iufo3)*
         cFT(g7,XX,iufo3,i3)*flavourTag(fve,j11,j12)*Vec(nu14,q2)*Vec(nu9,q2)*
         Vec(nu10,q3)*p4.p4*d^-1*xiw*ufoGC81*ufoGC58^2*ufoGC69
          + 1/8*g_(1,6_,nu10)*FT1*g_(1,q1)*g_(2,6_,nu14)*cFT(nu9,XX,i2,iufo3)*
         cFT(g7,XX,iufo3,i3)*flavourTag(fve,j11,j12)*Vec(nu14,q2)*Vec(nu9,q3)*
         Vec(nu10,q2)*p4.p4*d^-1*xiw*ufoGC81*ufoGC58^2*ufoGC69
          + 1/8*g_(1,6_,nu10)*FT1*g_(1,q1)*g_(2,6_,nu14)*cFT(nu9,XX,i2,iufo3)*
         cFT(g7,XX,iufo3,i3)*flavourTag(fve,j11,j12)*Vec(nu14,q2)*Vec(nu9,q3)*
         Vec(nu10,q3)*p4.p4*d^-1*xiw*ufoGC81*ufoGC58^2*ufoGC69
          + 1/8*g_(1,6_,nu10)*FT1*g_(1,q1)*g_(2,6_,nu14)*cFT(nu9,XX,i2,iufo3)*
         cFT(g7,XX,iufo3,i3)*flavourTag(fve,j11,j12)*Vec(nu14,q3)*Vec(nu9,q2)*
         Vec(nu10,q2)*p4.p4*d^-1*xiw*ufoGC81*ufoGC58^2*ufoGC69
          + 1/8*g_(1,6_,nu10)*FT1*g_(1,q1)*g_(2,6_,nu14)*cFT(nu9,XX,i2,iufo3)*
         cFT(g7,XX,iufo3,i3)*flavourTag(fve,j11,j12)*Vec(nu14,q3)*Vec(nu9,q2)*
         Vec(nu10,q3)*p4.p4*d^-1*xiw*ufoGC81*ufoGC58^2*ufoGC69
          + 1/8*g_(1,6_,nu10)*FT1*g_(1,q1)*g_(2,6_,nu14)*cFT(nu9,XX,i2,iufo3)*
         cFT(g7,XX,iufo3,i3)*flavourTag(fve,j11,j12)*Vec(nu14,q3)*Vec(nu9,q3)*
         Vec(nu10,q2)*p4.p4*d^-1*xiw*ufoGC81*ufoGC58^2*ufoGC69
          + 1/8*g_(1,6_,nu10)*FT1*g_(1,q1)*g_(2,6_,nu14)*cFT(nu9,XX,i2,iufo3)*
         cFT(g7,XX,iufo3,i3)*flavourTag(fve,j11,j12)*Vec(nu14,q3)*Vec(nu9,q3)*
         Vec(nu10,q3)*p4.p4*d^-1*xiw*ufoGC81*ufoGC58^2*ufoGC69
          + 1/8*g_(1,6_,nu10)*FT1*g_(1,q2)*g_(2,6_,nu14)*cFT(nu9,XX,i2,iufo3)*
         cFT(g7,XX,iufo3,i3)*flavourTag(fve,j11,j12)*Vec(nu14,q2)*Vec(nu9,q2)*
         Vec(nu10,q2)*p4.p4*d^-1*xiw*ufoGC81*ufoGC58^2*ufoGC69
          + 1/8*g_(1,6_,nu10)*FT1*g_(1,q2)*g_(2,6_,nu14)*cFT(nu9,XX,i2,iufo3)*
         cFT(g7,XX,iufo3,i3)*flavourTag(fve,j11,j12)*Vec(nu14,q2)*Vec(nu9,q2)*
         Vec(nu10,q3)*p4.p4*d^-1*xiw*ufoGC81*ufoGC58^2*ufoGC69
          + 1/8*g_(1,6_,nu10)*FT1*g_(1,q2)*g_(2,6_,nu14)*cFT(nu9,XX,i2,iufo3)*
         cFT(g7,XX,iufo3,i3)*flavourTag(fve,j11,j12)*Vec(nu14,q2)*Vec(nu9,q3)*
         Vec(nu10,q2)*p4.p4*d^-1*xiw*ufoGC81*ufoGC58^2*ufoGC69
          + 1/8*g_(1,6_,nu10)*FT1*g_(1,q2)*g_(2,6_,nu14)*cFT(nu9,XX,i2,iufo3)*
         cFT(g7,XX,iufo3,i3)*flavourTag(fve,j11,j12)*Vec(nu14,q2)*Vec(nu9,q3)*
         Vec(nu10,q3)*p4.p4*d^-1*xiw*ufoGC81*ufoGC58^2*ufoGC69
          + 1/8*g_(1,6_,nu10)*FT1*g_(1,q2)*g_(2,6_,nu14)*cFT(nu9,XX,i2,iufo3)*
         cFT(g7,XX,iufo3,i3)*flavourTag(fve,j11,j12)*Vec(nu14,q3)*Vec(nu9,q2)*
         Vec(nu10,q2)*p4.p4*d^-1*xiw*ufoGC81*ufoGC58^2*ufoGC69
          + 1/8*g_(1,6_,nu10)*FT1*g_(1,q2)*g_(2,6_,nu14)*cFT(nu9,XX,i2,iufo3)*
         cFT(g7,XX,iufo3,i3)*flavourTag(fve,j11,j12)*Vec(nu14,q3)*Vec(nu9,q2)*
         Vec(nu10,q3)*p4.p4*d^-1*xiw*ufoGC81*ufoGC58^2*ufoGC69
          + 1/8*g_(1,6_,nu10)*FT1*g_(1,q2)*g_(2,6_,nu14)*cFT(nu9,XX,i2,iufo3)*
         cFT(g7,XX,iufo3,i3)*flavourTag(fve,j11,j12)*Vec(nu14,q3)*Vec(nu9,q3)*
         Vec(nu10,q2)*p4.p4*d^-1*xiw*ufoGC81*ufoGC58^2*ufoGC69
          + 1/8*g_(1,6_,nu10)*FT1*g_(1,q2)*g_(2,6_,nu14)*cFT(nu9,XX,i2,iufo3)*
         cFT(g7,XX,iufo3,i3)*flavourTag(fve,j11,j12)*Vec(nu14,q3)*Vec(nu9,q3)*
         Vec(nu10,q3)*p4.p4*d^-1*xiw*ufoGC81*ufoGC58^2*ufoGC69
          + 1/8*g_(1,6_,nu10)*FT1*g_(1,q3)*g_(2,6_,nu14)*cFT(nu9,XX,i2,iufo3)*
         cFT(g7,XX,iufo3,i3)*flavourTag(fve,j11,j12)*Vec(nu14,q2)*Vec(nu9,q2)*
         Vec(nu10,q2)*p4.p4*d^-1*xiw*ufoGC81*ufoGC58^2*ufoGC69
          + 1/8*g_(1,6_,nu10)*FT1*g_(1,q3)*g_(2,6_,nu14)*cFT(nu9,XX,i2,iufo3)*
         cFT(g7,XX,iufo3,i3)*flavourTag(fve,j11,j12)*Vec(nu14,q2)*Vec(nu9,q2)*
         Vec(nu10,q3)*p4.p4*d^-1*xiw*ufoGC81*ufoGC58^2*ufoGC69
          + 1/8*g_(1,6_,nu10)*FT1*g_(1,q3)*g_(2,6_,nu14)*cFT(nu9,XX,i2,iufo3)*
         cFT(g7,XX,iufo3,i3)*flavourTag(fve,j11,j12)*Vec(nu14,q2)*Vec(nu9,q3)*
         Vec(nu10,q2)*p4.p4*d^-1*xiw*ufoGC81*ufoGC58^2*ufoGC69
          + 1/8*g_(1,6_,nu10)*FT1*g_(1,q3)*g_(2,6_,nu14)*cFT(nu9,XX,i2,iufo3)*
         cFT(g7,XX,iufo3,i3)*flavourTag(fve,j11,j12)*Vec(nu14,q2)*Vec(nu9,q3)*
         Vec(nu10,q3)*p4.p4*d^-1*xiw*ufoGC81*ufoGC58^2*ufoGC69
          + 1/8*g_(1,6_,nu10)*FT1*g_(1,q3)*g_(2,6_,nu14)*cFT(nu9,XX,i2,iufo3)*
         cFT(g7,XX,iufo3,i3)*flavourTag(fve,j11,j12)*Vec(nu14,q3)*Vec(nu9,q2)*
         Vec(nu10,q2)*p4.p4*d^-1*xiw*ufoGC81*ufoGC58^2*ufoGC69
          + 1/8*g_(1,6_,nu10)*FT1*g_(1,q3)*g_(2,6_,nu14)*cFT(nu9,XX,i2,iufo3)*
         cFT(g7,XX,iufo3,i3)*flavourTag(fve,j11,j12)*Vec(nu14,q3)*Vec(nu9,q2)*
         Vec(nu10,q3)*p4.p4*d^-1*xiw*ufoGC81*ufoGC58^2*ufoGC69
          + 1/8*g_(1,6_,nu10)*FT1*g_(1,q3)*g_(2,6_,nu14)*cFT(nu9,XX,i2,iufo3)*
         cFT(g7,XX,iufo3,i3)*flavourTag(fve,j11,j12)*Vec(nu14,q3)*Vec(nu9,q3)*
         Vec(nu10,q2)*p4.p4*d^-1*xiw*ufoGC81*ufoGC58^2*ufoGC69
          + 1/8*g_(1,6_,nu10)*FT1*g_(1,q3)*g_(2,6_,nu14)*cFT(nu9,XX,i2,iufo3)*
         cFT(g7,XX,iufo3,i3)*flavourTag(fve,j11,j12)*Vec(nu14,q3)*Vec(nu9,q3)*
         Vec(nu10,q3)*p4.p4*d^-1*xiw*ufoGC81*ufoGC58^2*ufoGC69
          )

       + Den(p4,xiw,M3)^2*Den(p4,xiz,M4)*Den(xiw,M3) * (
          - 1/8*g_(1,6_,nu16)*FT1*g_(1,p4)*g_(2,6_,nu14)*cFT(nu16,XX,i2,iufo3)
         *cFT(g7,XX,iufo3,i3)*flavourTag(fve,j11,j12)*Vec(nu14,q2)*p4.p4*xiw*
         ufoGC81*ufoGC58^2*ufoGC69
          + 1/8*g_(1,6_,nu16)*FT1*g_(1,p4)*g_(2,6_,nu14)*cFT(nu16,XX,i2,iufo3)
         *cFT(g7,XX,iufo3,i3)*flavourTag(fve,j11,j12)*Vec(nu14,q2)*Vec(nu13,q2
         )^2*xiw*ufoGC81*ufoGC58^2*ufoGC69
          + 1/4*g_(1,6_,nu16)*FT1*g_(1,p4)*g_(2,6_,nu14)*cFT(nu16,XX,i2,iufo3)
         *cFT(g7,XX,iufo3,i3)*flavourTag(fve,j11,j12)*Vec(nu14,q2)*Vec(nu13,q2
         )*Vec(nu13,q3)*xiw*ufoGC81*ufoGC58^2*ufoGC69
          + 1/8*g_(1,6_,nu16)*FT1*g_(1,p4)*g_(2,6_,nu14)*cFT(nu16,XX,i2,iufo3)
         *cFT(g7,XX,iufo3,i3)*flavourTag(fve,j11,j12)*Vec(nu14,q2)*Vec(nu13,q3
         )^2*xiw*ufoGC81*ufoGC58^2*ufoGC69
          - 1/8*g_(1,6_,nu16)*FT1*g_(1,p4)*g_(2,6_,nu14)*cFT(nu16,XX,i2,iufo3)
         *cFT(g7,XX,iufo3,i3)*flavourTag(fve,j11,j12)*Vec(nu14,q3)*p4.p4*xiw*
         ufoGC81*ufoGC58^2*ufoGC69
          + 1/8*g_(1,6_,nu16)*FT1*g_(1,p4)*g_(2,6_,nu14)*cFT(nu16,XX,i2,iufo3)
         *cFT(g7,XX,iufo3,i3)*flavourTag(fve,j11,j12)*Vec(nu14,q3)*Vec(nu13,q2
         )^2*xiw*ufoGC81*ufoGC58^2*ufoGC69
          + 1/4*g_(1,6_,nu16)*FT1*g_(1,p4)*g_(2,6_,nu14)*cFT(nu16,XX,i2,iufo3)
         *cFT(g7,XX,iufo3,i3)*flavourTag(fve,j11,j12)*Vec(nu14,q3)*Vec(nu13,q2
         )*Vec(nu13,q3)*xiw*ufoGC81*ufoGC58^2*ufoGC69
          + 1/8*g_(1,6_,nu16)*FT1*g_(1,p4)*g_(2,6_,nu14)*cFT(nu16,XX,i2,iufo3)
         *cFT(g7,XX,iufo3,i3)*flavourTag(fve,j11,j12)*Vec(nu14,q3)*Vec(nu13,q3
         )^2*xiw*ufoGC81*ufoGC58^2*ufoGC69
          - 1/8*g_(1,6_,nu16)*FT1*g_(1,p4)*g_(2,6_,nu14)*cFT(nu9,XX,i2,iufo3)*
         cFT(g7,XX,iufo3,i3)*flavourTag(fve,j11,j12)*Vec(nu16,q2)*Vec(nu14,q2)
         *Vec(nu9,q2)*xiw*ufoGC81*ufoGC58^2*ufoGC69
          - 1/8*g_(1,6_,nu16)*FT1*g_(1,p4)*g_(2,6_,nu14)*cFT(nu9,XX,i2,iufo3)*
         cFT(g7,XX,iufo3,i3)*flavourTag(fve,j11,j12)*Vec(nu16,q2)*Vec(nu14,q2)
         *Vec(nu9,q3)*xiw*ufoGC81*ufoGC58^2*ufoGC69
          - 1/8*g_(1,6_,nu16)*FT1*g_(1,p4)*g_(2,6_,nu14)*cFT(nu9,XX,i2,iufo3)*
         cFT(g7,XX,iufo3,i3)*flavourTag(fve,j11,j12)*Vec(nu16,q2)*Vec(nu14,q3)
         *Vec(nu9,q2)*xiw*ufoGC81*ufoGC58^2*ufoGC69
          - 1/8*g_(1,6_,nu16)*FT1*g_(1,p4)*g_(2,6_,nu14)*cFT(nu9,XX,i2,iufo3)*
         cFT(g7,XX,iufo3,i3)*flavourTag(fve,j11,j12)*Vec(nu16,q2)*Vec(nu14,q3)
         *Vec(nu9,q3)*xiw*ufoGC81*ufoGC58^2*ufoGC69
          - 1/8*g_(1,6_,nu16)*FT1*g_(1,p4)*g_(2,6_,nu14)*cFT(nu9,XX,i2,iufo3)*
         cFT(g7,XX,iufo3,i3)*flavourTag(fve,j11,j12)*Vec(nu16,q3)*Vec(nu14,q2)
         *Vec(nu9,q2)*xiw*ufoGC81*ufoGC58^2*ufoGC69
          - 1/8*g_(1,6_,nu16)*FT1*g_(1,p4)*g_(2,6_,nu14)*cFT(nu9,XX,i2,iufo3)*
         cFT(g7,XX,iufo3,i3)*flavourTag(fve,j11,j12)*Vec(nu16,q3)*Vec(nu14,q2)
         *Vec(nu9,q3)*xiw*ufoGC81*ufoGC58^2*ufoGC69
          - 1/8*g_(1,6_,nu16)*FT1*g_(1,p4)*g_(2,6_,nu14)*cFT(nu9,XX,i2,iufo3)*
         cFT(g7,XX,iufo3,i3)*flavourTag(fve,j11,j12)*Vec(nu16,q3)*Vec(nu14,q3)
         *Vec(nu9,q2)*xiw*ufoGC81*ufoGC58^2*ufoGC69
          - 1/8*g_(1,6_,nu16)*FT1*g_(1,p4)*g_(2,6_,nu14)*cFT(nu9,XX,i2,iufo3)*
         cFT(g7,XX,iufo3,i3)*flavourTag(fve,j11,j12)*Vec(nu16,q3)*Vec(nu14,q3)
         *Vec(nu9,q3)*xiw*ufoGC81*ufoGC58^2*ufoGC69
          + 1/8*g_(1,6_,nu16)*FT1*g_(1,q1)*g_(2,6_,nu14)*cFT(nu16,XX,i2,iufo3)
         *cFT(g7,XX,iufo3,i3)*flavourTag(fve,j11,j12)*Vec(nu14,q2)*p4.p4*xiw*
         ufoGC81*ufoGC58^2*ufoGC69
          - 1/8*g_(1,6_,nu16)*FT1*g_(1,q1)*g_(2,6_,nu14)*cFT(nu16,XX,i2,iufo3)
         *cFT(g7,XX,iufo3,i3)*flavourTag(fve,j11,j12)*Vec(nu14,q2)*Vec(nu13,q2
         )^2*xiw*ufoGC81*ufoGC58^2*ufoGC69
          - 1/4*g_(1,6_,nu16)*FT1*g_(1,q1)*g_(2,6_,nu14)*cFT(nu16,XX,i2,iufo3)
         *cFT(g7,XX,iufo3,i3)*flavourTag(fve,j11,j12)*Vec(nu14,q2)*Vec(nu13,q2
         )*Vec(nu13,q3)*xiw*ufoGC81*ufoGC58^2*ufoGC69
          - 1/8*g_(1,6_,nu16)*FT1*g_(1,q1)*g_(2,6_,nu14)*cFT(nu16,XX,i2,iufo3)
         *cFT(g7,XX,iufo3,i3)*flavourTag(fve,j11,j12)*Vec(nu14,q2)*Vec(nu13,q3
         )^2*xiw*ufoGC81*ufoGC58^2*ufoGC69
          + 1/8*g_(1,6_,nu16)*FT1*g_(1,q1)*g_(2,6_,nu14)*cFT(nu16,XX,i2,iufo3)
         *cFT(g7,XX,iufo3,i3)*flavourTag(fve,j11,j12)*Vec(nu14,q3)*p4.p4*xiw*
         ufoGC81*ufoGC58^2*ufoGC69
          - 1/8*g_(1,6_,nu16)*FT1*g_(1,q1)*g_(2,6_,nu14)*cFT(nu16,XX,i2,iufo3)
         *cFT(g7,XX,iufo3,i3)*flavourTag(fve,j11,j12)*Vec(nu14,q3)*Vec(nu13,q2
         )^2*xiw*ufoGC81*ufoGC58^2*ufoGC69
          - 1/4*g_(1,6_,nu16)*FT1*g_(1,q1)*g_(2,6_,nu14)*cFT(nu16,XX,i2,iufo3)
         *cFT(g7,XX,iufo3,i3)*flavourTag(fve,j11,j12)*Vec(nu14,q3)*Vec(nu13,q2
         )*Vec(nu13,q3)*xiw*ufoGC81*ufoGC58^2*ufoGC69
          - 1/8*g_(1,6_,nu16)*FT1*g_(1,q1)*g_(2,6_,nu14)*cFT(nu16,XX,i2,iufo3)
         *cFT(g7,XX,iufo3,i3)*flavourTag(fve,j11,j12)*Vec(nu14,q3)*Vec(nu13,q3
         )^2*xiw*ufoGC81*ufoGC58^2*ufoGC69
          + 1/8*g_(1,6_,nu16)*FT1*g_(1,q1)*g_(2,6_,nu14)*cFT(nu9,XX,i2,iufo3)*
         cFT(g7,XX,iufo3,i3)*flavourTag(fve,j11,j12)*Vec(nu16,q2)*Vec(nu14,q2)
         *Vec(nu9,q2)*xiw*ufoGC81*ufoGC58^2*ufoGC69
          + 1/8*g_(1,6_,nu16)*FT1*g_(1,q1)*g_(2,6_,nu14)*cFT(nu9,XX,i2,iufo3)*
         cFT(g7,XX,iufo3,i3)*flavourTag(fve,j11,j12)*Vec(nu16,q2)*Vec(nu14,q2)
         *Vec(nu9,q3)*xiw*ufoGC81*ufoGC58^2*ufoGC69
          + 1/8*g_(1,6_,nu16)*FT1*g_(1,q1)*g_(2,6_,nu14)*cFT(nu9,XX,i2,iufo3)*
         cFT(g7,XX,iufo3,i3)*flavourTag(fve,j11,j12)*Vec(nu16,q2)*Vec(nu14,q3)
         *Vec(nu9,q2)*xiw*ufoGC81*ufoGC58^2*ufoGC69
          + 1/8*g_(1,6_,nu16)*FT1*g_(1,q1)*g_(2,6_,nu14)*cFT(nu9,XX,i2,iufo3)*
         cFT(g7,XX,iufo3,i3)*flavourTag(fve,j11,j12)*Vec(nu16,q2)*Vec(nu14,q3)
         *Vec(nu9,q3)*xiw*ufoGC81*ufoGC58^2*ufoGC69
          + 1/8*g_(1,6_,nu16)*FT1*g_(1,q1)*g_(2,6_,nu14)*cFT(nu9,XX,i2,iufo3)*
         cFT(g7,XX,iufo3,i3)*flavourTag(fve,j11,j12)*Vec(nu16,q3)*Vec(nu14,q2)
         *Vec(nu9,q2)*xiw*ufoGC81*ufoGC58^2*ufoGC69
          + 1/8*g_(1,6_,nu16)*FT1*g_(1,q1)*g_(2,6_,nu14)*cFT(nu9,XX,i2,iufo3)*
         cFT(g7,XX,iufo3,i3)*flavourTag(fve,j11,j12)*Vec(nu16,q3)*Vec(nu14,q2)
         *Vec(nu9,q3)*xiw*ufoGC81*ufoGC58^2*ufoGC69
          + 1/8*g_(1,6_,nu16)*FT1*g_(1,q1)*g_(2,6_,nu14)*cFT(nu9,XX,i2,iufo3)*
         cFT(g7,XX,iufo3,i3)*flavourTag(fve,j11,j12)*Vec(nu16,q3)*Vec(nu14,q3)
         *Vec(nu9,q2)*xiw*ufoGC81*ufoGC58^2*ufoGC69
          + 1/8*g_(1,6_,nu16)*FT1*g_(1,q1)*g_(2,6_,nu14)*cFT(nu9,XX,i2,iufo3)*
         cFT(g7,XX,iufo3,i3)*flavourTag(fve,j11,j12)*Vec(nu16,q3)*Vec(nu14,q3)
         *Vec(nu9,q3)*xiw*ufoGC81*ufoGC58^2*ufoGC69
          + 1/8*g_(1,6_,nu16)*FT1*g_(1,q2)*g_(2,6_,nu14)*cFT(nu16,XX,i2,iufo3)
         *cFT(g7,XX,iufo3,i3)*flavourTag(fve,j11,j12)*Vec(nu14,q2)*p4.p4*xiw*
         ufoGC81*ufoGC58^2*ufoGC69
          - 1/8*g_(1,6_,nu16)*FT1*g_(1,q2)*g_(2,6_,nu14)*cFT(nu16,XX,i2,iufo3)
         *cFT(g7,XX,iufo3,i3)*flavourTag(fve,j11,j12)*Vec(nu14,q2)*Vec(nu13,q2
         )^2*xiw*ufoGC81*ufoGC58^2*ufoGC69
          - 1/4*g_(1,6_,nu16)*FT1*g_(1,q2)*g_(2,6_,nu14)*cFT(nu16,XX,i2,iufo3)
         *cFT(g7,XX,iufo3,i3)*flavourTag(fve,j11,j12)*Vec(nu14,q2)*Vec(nu13,q2
         )*Vec(nu13,q3)*xiw*ufoGC81*ufoGC58^2*ufoGC69
          - 1/8*g_(1,6_,nu16)*FT1*g_(1,q2)*g_(2,6_,nu14)*cFT(nu16,XX,i2,iufo3)
         *cFT(g7,XX,iufo3,i3)*flavourTag(fve,j11,j12)*Vec(nu14,q2)*Vec(nu13,q3
         )^2*xiw*ufoGC81*ufoGC58^2*ufoGC69
          + 1/8*g_(1,6_,nu16)*FT1*g_(1,q2)*g_(2,6_,nu14)*cFT(nu16,XX,i2,iufo3)
         *cFT(g7,XX,iufo3,i3)*flavourTag(fve,j11,j12)*Vec(nu14,q3)*p4.p4*xiw*
         ufoGC81*ufoGC58^2*ufoGC69
          - 1/8*g_(1,6_,nu16)*FT1*g_(1,q2)*g_(2,6_,nu14)*cFT(nu16,XX,i2,iufo3)
         *cFT(g7,XX,iufo3,i3)*flavourTag(fve,j11,j12)*Vec(nu14,q3)*Vec(nu13,q2
         )^2*xiw*ufoGC81*ufoGC58^2*ufoGC69
          - 1/4*g_(1,6_,nu16)*FT1*g_(1,q2)*g_(2,6_,nu14)*cFT(nu16,XX,i2,iufo3)
         *cFT(g7,XX,iufo3,i3)*flavourTag(fve,j11,j12)*Vec(nu14,q3)*Vec(nu13,q2
         )*Vec(nu13,q3)*xiw*ufoGC81*ufoGC58^2*ufoGC69
          - 1/8*g_(1,6_,nu16)*FT1*g_(1,q2)*g_(2,6_,nu14)*cFT(nu16,XX,i2,iufo3)
         *cFT(g7,XX,iufo3,i3)*flavourTag(fve,j11,j12)*Vec(nu14,q3)*Vec(nu13,q3
         )^2*xiw*ufoGC81*ufoGC58^2*ufoGC69
          + 1/8*g_(1,6_,nu16)*FT1*g_(1,q2)*g_(2,6_,nu14)*cFT(nu9,XX,i2,iufo3)*
         cFT(g7,XX,iufo3,i3)*flavourTag(fve,j11,j12)*Vec(nu16,q2)*Vec(nu14,q2)
         *Vec(nu9,q2)*xiw*ufoGC81*ufoGC58^2*ufoGC69
          + 1/8*g_(1,6_,nu16)*FT1*g_(1,q2)*g_(2,6_,nu14)*cFT(nu9,XX,i2,iufo3)*
         cFT(g7,XX,iufo3,i3)*flavourTag(fve,j11,j12)*Vec(nu16,q2)*Vec(nu14,q2)
         *Vec(nu9,q3)*xiw*ufoGC81*ufoGC58^2*ufoGC69
          + 1/8*g_(1,6_,nu16)*FT1*g_(1,q2)*g_(2,6_,nu14)*cFT(nu9,XX,i2,iufo3)*
         cFT(g7,XX,iufo3,i3)*flavourTag(fve,j11,j12)*Vec(nu16,q2)*Vec(nu14,q3)
         *Vec(nu9,q2)*xiw*ufoGC81*ufoGC58^2*ufoGC69
          + 1/8*g_(1,6_,nu16)*FT1*g_(1,q2)*g_(2,6_,nu14)*cFT(nu9,XX,i2,iufo3)*
         cFT(g7,XX,iufo3,i3)*flavourTag(fve,j11,j12)*Vec(nu16,q2)*Vec(nu14,q3)
         *Vec(nu9,q3)*xiw*ufoGC81*ufoGC58^2*ufoGC69
          + 1/8*g_(1,6_,nu16)*FT1*g_(1,q2)*g_(2,6_,nu14)*cFT(nu9,XX,i2,iufo3)*
         cFT(g7,XX,iufo3,i3)*flavourTag(fve,j11,j12)*Vec(nu16,q3)*Vec(nu14,q2)
         *Vec(nu9,q2)*xiw*ufoGC81*ufoGC58^2*ufoGC69
          + 1/8*g_(1,6_,nu16)*FT1*g_(1,q2)*g_(2,6_,nu14)*cFT(nu9,XX,i2,iufo3)*
         cFT(g7,XX,iufo3,i3)*flavourTag(fve,j11,j12)*Vec(nu16,q3)*Vec(nu14,q2)
         *Vec(nu9,q3)*xiw*ufoGC81*ufoGC58^2*ufoGC69
          + 1/8*g_(1,6_,nu16)*FT1*g_(1,q2)*g_(2,6_,nu14)*cFT(nu9,XX,i2,iufo3)*
         cFT(g7,XX,iufo3,i3)*flavourTag(fve,j11,j12)*Vec(nu16,q3)*Vec(nu14,q3)
         *Vec(nu9,q2)*xiw*ufoGC81*ufoGC58^2*ufoGC69
          + 1/8*g_(1,6_,nu16)*FT1*g_(1,q2)*g_(2,6_,nu14)*cFT(nu9,XX,i2,iufo3)*
         cFT(g7,XX,iufo3,i3)*flavourTag(fve,j11,j12)*Vec(nu16,q3)*Vec(nu14,q3)
         *Vec(nu9,q3)*xiw*ufoGC81*ufoGC58^2*ufoGC69
          + 1/8*g_(1,6_,nu16)*FT1*g_(1,q3)*g_(2,6_,nu14)*cFT(nu16,XX,i2,iufo3)
         *cFT(g7,XX,iufo3,i3)*flavourTag(fve,j11,j12)*Vec(nu14,q2)*p4.p4*xiw*
         ufoGC81*ufoGC58^2*ufoGC69
          - 1/8*g_(1,6_,nu16)*FT1*g_(1,q3)*g_(2,6_,nu14)*cFT(nu16,XX,i2,iufo3)
         *cFT(g7,XX,iufo3,i3)*flavourTag(fve,j11,j12)*Vec(nu14,q2)*Vec(nu13,q2
         )^2*xiw*ufoGC81*ufoGC58^2*ufoGC69
          - 1/4*g_(1,6_,nu16)*FT1*g_(1,q3)*g_(2,6_,nu14)*cFT(nu16,XX,i2,iufo3)
         *cFT(g7,XX,iufo3,i3)*flavourTag(fve,j11,j12)*Vec(nu14,q2)*Vec(nu13,q2
         )*Vec(nu13,q3)*xiw*ufoGC81*ufoGC58^2*ufoGC69
          - 1/8*g_(1,6_,nu16)*FT1*g_(1,q3)*g_(2,6_,nu14)*cFT(nu16,XX,i2,iufo3)
         *cFT(g7,XX,iufo3,i3)*flavourTag(fve,j11,j12)*Vec(nu14,q2)*Vec(nu13,q3
         )^2*xiw*ufoGC81*ufoGC58^2*ufoGC69
          + 1/8*g_(1,6_,nu16)*FT1*g_(1,q3)*g_(2,6_,nu14)*cFT(nu16,XX,i2,iufo3)
         *cFT(g7,XX,iufo3,i3)*flavourTag(fve,j11,j12)*Vec(nu14,q3)*p4.p4*xiw*
         ufoGC81*ufoGC58^2*ufoGC69
          - 1/8*g_(1,6_,nu16)*FT1*g_(1,q3)*g_(2,6_,nu14)*cFT(nu16,XX,i2,iufo3)
         *cFT(g7,XX,iufo3,i3)*flavourTag(fve,j11,j12)*Vec(nu14,q3)*Vec(nu13,q2
         )^2*xiw*ufoGC81*ufoGC58^2*ufoGC69
          - 1/4*g_(1,6_,nu16)*FT1*g_(1,q3)*g_(2,6_,nu14)*cFT(nu16,XX,i2,iufo3)
         *cFT(g7,XX,iufo3,i3)*flavourTag(fve,j11,j12)*Vec(nu14,q3)*Vec(nu13,q2
         )*Vec(nu13,q3)*xiw*ufoGC81*ufoGC58^2*ufoGC69
          - 1/8*g_(1,6_,nu16)*FT1*g_(1,q3)*g_(2,6_,nu14)*cFT(nu16,XX,i2,iufo3)
         *cFT(g7,XX,iufo3,i3)*flavourTag(fve,j11,j12)*Vec(nu14,q3)*Vec(nu13,q3
         )^2*xiw*ufoGC81*ufoGC58^2*ufoGC69
          + 1/8*g_(1,6_,nu16)*FT1*g_(1,q3)*g_(2,6_,nu14)*cFT(nu9,XX,i2,iufo3)*
         cFT(g7,XX,iufo3,i3)*flavourTag(fve,j11,j12)*Vec(nu16,q2)*Vec(nu14,q2)
         *Vec(nu9,q2)*xiw*ufoGC81*ufoGC58^2*ufoGC69
          + 1/8*g_(1,6_,nu16)*FT1*g_(1,q3)*g_(2,6_,nu14)*cFT(nu9,XX,i2,iufo3)*
         cFT(g7,XX,iufo3,i3)*flavourTag(fve,j11,j12)*Vec(nu16,q2)*Vec(nu14,q2)
         *Vec(nu9,q3)*xiw*ufoGC81*ufoGC58^2*ufoGC69
          + 1/8*g_(1,6_,nu16)*FT1*g_(1,q3)*g_(2,6_,nu14)*cFT(nu9,XX,i2,iufo3)*
         cFT(g7,XX,iufo3,i3)*flavourTag(fve,j11,j12)*Vec(nu16,q2)*Vec(nu14,q3)
         *Vec(nu9,q2)*xiw*ufoGC81*ufoGC58^2*ufoGC69
          + 1/8*g_(1,6_,nu16)*FT1*g_(1,q3)*g_(2,6_,nu14)*cFT(nu9,XX,i2,iufo3)*
         cFT(g7,XX,iufo3,i3)*flavourTag(fve,j11,j12)*Vec(nu16,q2)*Vec(nu14,q3)
         *Vec(nu9,q3)*xiw*ufoGC81*ufoGC58^2*ufoGC69
          + 1/8*g_(1,6_,nu16)*FT1*g_(1,q3)*g_(2,6_,nu14)*cFT(nu9,XX,i2,iufo3)*
         cFT(g7,XX,iufo3,i3)*flavourTag(fve,j11,j12)*Vec(nu16,q3)*Vec(nu14,q2)
         *Vec(nu9,q2)*xiw*ufoGC81*ufoGC58^2*ufoGC69
          + 1/8*g_(1,6_,nu16)*FT1*g_(1,q3)*g_(2,6_,nu14)*cFT(nu9,XX,i2,iufo3)*
         cFT(g7,XX,iufo3,i3)*flavourTag(fve,j11,j12)*Vec(nu16,q3)*Vec(nu14,q2)
         *Vec(nu9,q3)*xiw*ufoGC81*ufoGC58^2*ufoGC69
          + 1/8*g_(1,6_,nu16)*FT1*g_(1,q3)*g_(2,6_,nu14)*cFT(nu9,XX,i2,iufo3)*
         cFT(g7,XX,iufo3,i3)*flavourTag(fve,j11,j12)*Vec(nu16,q3)*Vec(nu14,q3)
         *Vec(nu9,q2)*xiw*ufoGC81*ufoGC58^2*ufoGC69
          + 1/8*g_(1,6_,nu16)*FT1*g_(1,q3)*g_(2,6_,nu14)*cFT(nu9,XX,i2,iufo3)*
         cFT(g7,XX,iufo3,i3)*flavourTag(fve,j11,j12)*Vec(nu16,q3)*Vec(nu14,q3)
         *Vec(nu9,q3)*xiw*ufoGC81*ufoGC58^2*ufoGC69
          + 1/8*g_(1,6_,nu9)*FT1*g_(1,p4)*g_(2,6_,nu14)*cFT(nu9,XX,i2,iufo3)*
         cFT(g7,XX,iufo3,i3)*flavourTag(fve,j11,j12)*Vec(nu14,q2)*p4.p4*d^-1*
         xiw*ufoGC81*ufoGC58^2*ufoGC69
          + 1/8*g_(1,6_,nu9)*FT1*g_(1,p4)*g_(2,6_,nu14)*cFT(nu9,XX,i2,iufo3)*
         cFT(g7,XX,iufo3,i3)*flavourTag(fve,j11,j12)*Vec(nu14,q3)*p4.p4*d^-1*
         xiw*ufoGC81*ufoGC58^2*ufoGC69
          - 1/8*g_(1,6_,nu9)*FT1*g_(1,q1)*g_(2,6_,nu14)*cFT(nu9,XX,i2,iufo3)*
         cFT(g7,XX,iufo3,i3)*flavourTag(fve,j11,j12)*Vec(nu14,q2)*p4.p4*d^-1*
         xiw*ufoGC81*ufoGC58^2*ufoGC69
          - 1/8*g_(1,6_,nu9)*FT1*g_(1,q1)*g_(2,6_,nu14)*cFT(nu9,XX,i2,iufo3)*
         cFT(g7,XX,iufo3,i3)*flavourTag(fve,j11,j12)*Vec(nu14,q3)*p4.p4*d^-1*
         xiw*ufoGC81*ufoGC58^2*ufoGC69
          - 1/8*g_(1,6_,nu9)*FT1*g_(1,q2)*g_(2,6_,nu14)*cFT(nu9,XX,i2,iufo3)*
         cFT(g7,XX,iufo3,i3)*flavourTag(fve,j11,j12)*Vec(nu14,q2)*p4.p4*d^-1*
         xiw*ufoGC81*ufoGC58^2*ufoGC69
          - 1/8*g_(1,6_,nu9)*FT1*g_(1,q2)*g_(2,6_,nu14)*cFT(nu9,XX,i2,iufo3)*
         cFT(g7,XX,iufo3,i3)*flavourTag(fve,j11,j12)*Vec(nu14,q3)*p4.p4*d^-1*
         xiw*ufoGC81*ufoGC58^2*ufoGC69
          - 1/8*g_(1,6_,nu9)*FT1*g_(1,q3)*g_(2,6_,nu14)*cFT(nu9,XX,i2,iufo3)*
         cFT(g7,XX,iufo3,i3)*flavourTag(fve,j11,j12)*Vec(nu14,q2)*p4.p4*d^-1*
         xiw*ufoGC81*ufoGC58^2*ufoGC69
          - 1/8*g_(1,6_,nu9)*FT1*g_(1,q3)*g_(2,6_,nu14)*cFT(nu9,XX,i2,iufo3)*
         cFT(g7,XX,iufo3,i3)*flavourTag(fve,j11,j12)*Vec(nu14,q3)*p4.p4*d^-1*
         xiw*ufoGC81*ufoGC58^2*ufoGC69
          )

       + Den(p4,xiw,M3)^2*Den(p4,xiz,M4)^2*Den(xiw,M3)^2 * (
          + 1/8*g_(1,6_,nu10)*FT1*g_(1,p4)*g_(2,6_,nu14)*cFT(nu9,XX,i2,iufo3)*
         cFT(g7,XX,iufo3,i3)*flavourTag(fve,j11,j12)*Vec(nu14,q2)*Vec(nu9,q2)*
         Vec(nu10,q2)*p4.p4^2*d^-1*xiw*ufoGC81*ufoGC58^2*ufoGC69
          + 1/8*g_(1,6_,nu10)*FT1*g_(1,p4)*g_(2,6_,nu14)*cFT(nu9,XX,i2,iufo3)*
         cFT(g7,XX,iufo3,i3)*flavourTag(fve,j11,j12)*Vec(nu14,q2)*Vec(nu9,q2)*
         Vec(nu10,q3)*p4.p4^2*d^-1*xiw*ufoGC81*ufoGC58^2*ufoGC69
          + 1/8*g_(1,6_,nu10)*FT1*g_(1,p4)*g_(2,6_,nu14)*cFT(nu9,XX,i2,iufo3)*
         cFT(g7,XX,iufo3,i3)*flavourTag(fve,j11,j12)*Vec(nu14,q2)*Vec(nu9,q3)*
         Vec(nu10,q2)*p4.p4^2*d^-1*xiw*ufoGC81*ufoGC58^2*ufoGC69
          + 1/8*g_(1,6_,nu10)*FT1*g_(1,p4)*g_(2,6_,nu14)*cFT(nu9,XX,i2,iufo3)*
         cFT(g7,XX,iufo3,i3)*flavourTag(fve,j11,j12)*Vec(nu14,q2)*Vec(nu9,q3)*
         Vec(nu10,q3)*p4.p4^2*d^-1*xiw*ufoGC81*ufoGC58^2*ufoGC69
          + 1/8*g_(1,6_,nu10)*FT1*g_(1,p4)*g_(2,6_,nu14)*cFT(nu9,XX,i2,iufo3)*
         cFT(g7,XX,iufo3,i3)*flavourTag(fve,j11,j12)*Vec(nu14,q3)*Vec(nu9,q2)*
         Vec(nu10,q2)*p4.p4^2*d^-1*xiw*ufoGC81*ufoGC58^2*ufoGC69
          + 1/8*g_(1,6_,nu10)*FT1*g_(1,p4)*g_(2,6_,nu14)*cFT(nu9,XX,i2,iufo3)*
         cFT(g7,XX,iufo3,i3)*flavourTag(fve,j11,j12)*Vec(nu14,q3)*Vec(nu9,q2)*
         Vec(nu10,q3)*p4.p4^2*d^-1*xiw*ufoGC81*ufoGC58^2*ufoGC69
          + 1/8*g_(1,6_,nu10)*FT1*g_(1,p4)*g_(2,6_,nu14)*cFT(nu9,XX,i2,iufo3)*
         cFT(g7,XX,iufo3,i3)*flavourTag(fve,j11,j12)*Vec(nu14,q3)*Vec(nu9,q3)*
         Vec(nu10,q2)*p4.p4^2*d^-1*xiw*ufoGC81*ufoGC58^2*ufoGC69
          + 1/8*g_(1,6_,nu10)*FT1*g_(1,p4)*g_(2,6_,nu14)*cFT(nu9,XX,i2,iufo3)*
         cFT(g7,XX,iufo3,i3)*flavourTag(fve,j11,j12)*Vec(nu14,q3)*Vec(nu9,q3)*
         Vec(nu10,q3)*p4.p4^2*d^-1*xiw*ufoGC81*ufoGC58^2*ufoGC69
          - 1/8*g_(1,6_,nu10)*FT1*g_(1,q1)*g_(2,6_,nu14)*cFT(nu9,XX,i2,iufo3)*
         cFT(g7,XX,iufo3,i3)*flavourTag(fve,j11,j12)*Vec(nu14,q2)*Vec(nu9,q2)*
         Vec(nu10,q2)*p4.p4^2*d^-1*xiw*ufoGC81*ufoGC58^2*ufoGC69
          - 1/8*g_(1,6_,nu10)*FT1*g_(1,q1)*g_(2,6_,nu14)*cFT(nu9,XX,i2,iufo3)*
         cFT(g7,XX,iufo3,i3)*flavourTag(fve,j11,j12)*Vec(nu14,q2)*Vec(nu9,q2)*
         Vec(nu10,q3)*p4.p4^2*d^-1*xiw*ufoGC81*ufoGC58^2*ufoGC69
          - 1/8*g_(1,6_,nu10)*FT1*g_(1,q1)*g_(2,6_,nu14)*cFT(nu9,XX,i2,iufo3)*
         cFT(g7,XX,iufo3,i3)*flavourTag(fve,j11,j12)*Vec(nu14,q2)*Vec(nu9,q3)*
         Vec(nu10,q2)*p4.p4^2*d^-1*xiw*ufoGC81*ufoGC58^2*ufoGC69
          - 1/8*g_(1,6_,nu10)*FT1*g_(1,q1)*g_(2,6_,nu14)*cFT(nu9,XX,i2,iufo3)*
         cFT(g7,XX,iufo3,i3)*flavourTag(fve,j11,j12)*Vec(nu14,q2)*Vec(nu9,q3)*
         Vec(nu10,q3)*p4.p4^2*d^-1*xiw*ufoGC81*ufoGC58^2*ufoGC69
          - 1/8*g_(1,6_,nu10)*FT1*g_(1,q1)*g_(2,6_,nu14)*cFT(nu9,XX,i2,iufo3)*
         cFT(g7,XX,iufo3,i3)*flavourTag(fve,j11,j12)*Vec(nu14,q3)*Vec(nu9,q2)*
         Vec(nu10,q2)*p4.p4^2*d^-1*xiw*ufoGC81*ufoGC58^2*ufoGC69
          - 1/8*g_(1,6_,nu10)*FT1*g_(1,q1)*g_(2,6_,nu14)*cFT(nu9,XX,i2,iufo3)*
         cFT(g7,XX,iufo3,i3)*flavourTag(fve,j11,j12)*Vec(nu14,q3)*Vec(nu9,q2)*
         Vec(nu10,q3)*p4.p4^2*d^-1*xiw*ufoGC81*ufoGC58^2*ufoGC69
          - 1/8*g_(1,6_,nu10)*FT1*g_(1,q1)*g_(2,6_,nu14)*cFT(nu9,XX,i2,iufo3)*
         cFT(g7,XX,iufo3,i3)*flavourTag(fve,j11,j12)*Vec(nu14,q3)*Vec(nu9,q3)*
         Vec(nu10,q2)*p4.p4^2*d^-1*xiw*ufoGC81*ufoGC58^2*ufoGC69
          - 1/8*g_(1,6_,nu10)*FT1*g_(1,q1)*g_(2,6_,nu14)*cFT(nu9,XX,i2,iufo3)*
         cFT(g7,XX,iufo3,i3)*flavourTag(fve,j11,j12)*Vec(nu14,q3)*Vec(nu9,q3)*
         Vec(nu10,q3)*p4.p4^2*d^-1*xiw*ufoGC81*ufoGC58^2*ufoGC69
          - 1/8*g_(1,6_,nu10)*FT1*g_(1,q2)*g_(2,6_,nu14)*cFT(nu9,XX,i2,iufo3)*
         cFT(g7,XX,iufo3,i3)*flavourTag(fve,j11,j12)*Vec(nu14,q2)*Vec(nu9,q2)*
         Vec(nu10,q2)*p4.p4^2*d^-1*xiw*ufoGC81*ufoGC58^2*ufoGC69
          - 1/8*g_(1,6_,nu10)*FT1*g_(1,q2)*g_(2,6_,nu14)*cFT(nu9,XX,i2,iufo3)*
         cFT(g7,XX,iufo3,i3)*flavourTag(fve,j11,j12)*Vec(nu14,q2)*Vec(nu9,q2)*
         Vec(nu10,q3)*p4.p4^2*d^-1*xiw*ufoGC81*ufoGC58^2*ufoGC69
          - 1/8*g_(1,6_,nu10)*FT1*g_(1,q2)*g_(2,6_,nu14)*cFT(nu9,XX,i2,iufo3)*
         cFT(g7,XX,iufo3,i3)*flavourTag(fve,j11,j12)*Vec(nu14,q2)*Vec(nu9,q3)*
         Vec(nu10,q2)*p4.p4^2*d^-1*xiw*ufoGC81*ufoGC58^2*ufoGC69
          - 1/8*g_(1,6_,nu10)*FT1*g_(1,q2)*g_(2,6_,nu14)*cFT(nu9,XX,i2,iufo3)*
         cFT(g7,XX,iufo3,i3)*flavourTag(fve,j11,j12)*Vec(nu14,q2)*Vec(nu9,q3)*
         Vec(nu10,q3)*p4.p4^2*d^-1*xiw*ufoGC81*ufoGC58^2*ufoGC69
          - 1/8*g_(1,6_,nu10)*FT1*g_(1,q2)*g_(2,6_,nu14)*cFT(nu9,XX,i2,iufo3)*
         cFT(g7,XX,iufo3,i3)*flavourTag(fve,j11,j12)*Vec(nu14,q3)*Vec(nu9,q2)*
         Vec(nu10,q2)*p4.p4^2*d^-1*xiw*ufoGC81*ufoGC58^2*ufoGC69
          - 1/8*g_(1,6_,nu10)*FT1*g_(1,q2)*g_(2,6_,nu14)*cFT(nu9,XX,i2,iufo3)*
         cFT(g7,XX,iufo3,i3)*flavourTag(fve,j11,j12)*Vec(nu14,q3)*Vec(nu9,q2)*
         Vec(nu10,q3)*p4.p4^2*d^-1*xiw*ufoGC81*ufoGC58^2*ufoGC69
          - 1/8*g_(1,6_,nu10)*FT1*g_(1,q2)*g_(2,6_,nu14)*cFT(nu9,XX,i2,iufo3)*
         cFT(g7,XX,iufo3,i3)*flavourTag(fve,j11,j12)*Vec(nu14,q3)*Vec(nu9,q3)*
         Vec(nu10,q2)*p4.p4^2*d^-1*xiw*ufoGC81*ufoGC58^2*ufoGC69
          - 1/8*g_(1,6_,nu10)*FT1*g_(1,q2)*g_(2,6_,nu14)*cFT(nu9,XX,i2,iufo3)*
         cFT(g7,XX,iufo3,i3)*flavourTag(fve,j11,j12)*Vec(nu14,q3)*Vec(nu9,q3)*
         Vec(nu10,q3)*p4.p4^2*d^-1*xiw*ufoGC81*ufoGC58^2*ufoGC69
          - 1/8*g_(1,6_,nu10)*FT1*g_(1,q3)*g_(2,6_,nu14)*cFT(nu9,XX,i2,iufo3)*
         cFT(g7,XX,iufo3,i3)*flavourTag(fve,j11,j12)*Vec(nu14,q2)*Vec(nu9,q2)*
         Vec(nu10,q2)*p4.p4^2*d^-1*xiw*ufoGC81*ufoGC58^2*ufoGC69
          - 1/8*g_(1,6_,nu10)*FT1*g_(1,q3)*g_(2,6_,nu14)*cFT(nu9,XX,i2,iufo3)*
         cFT(g7,XX,iufo3,i3)*flavourTag(fve,j11,j12)*Vec(nu14,q2)*Vec(nu9,q2)*
         Vec(nu10,q3)*p4.p4^2*d^-1*xiw*ufoGC81*ufoGC58^2*ufoGC69
          - 1/8*g_(1,6_,nu10)*FT1*g_(1,q3)*g_(2,6_,nu14)*cFT(nu9,XX,i2,iufo3)*
         cFT(g7,XX,iufo3,i3)*flavourTag(fve,j11,j12)*Vec(nu14,q2)*Vec(nu9,q3)*
         Vec(nu10,q2)*p4.p4^2*d^-1*xiw*ufoGC81*ufoGC58^2*ufoGC69
          - 1/8*g_(1,6_,nu10)*FT1*g_(1,q3)*g_(2,6_,nu14)*cFT(nu9,XX,i2,iufo3)*
         cFT(g7,XX,iufo3,i3)*flavourTag(fve,j11,j12)*Vec(nu14,q2)*Vec(nu9,q3)*
         Vec(nu10,q3)*p4.p4^2*d^-1*xiw*ufoGC81*ufoGC58^2*ufoGC69
          - 1/8*g_(1,6_,nu10)*FT1*g_(1,q3)*g_(2,6_,nu14)*cFT(nu9,XX,i2,iufo3)*
         cFT(g7,XX,iufo3,i3)*flavourTag(fve,j11,j12)*Vec(nu14,q3)*Vec(nu9,q2)*
         Vec(nu10,q2)*p4.p4^2*d^-1*xiw*ufoGC81*ufoGC58^2*ufoGC69
          - 1/8*g_(1,6_,nu10)*FT1*g_(1,q3)*g_(2,6_,nu14)*cFT(nu9,XX,i2,iufo3)*
         cFT(g7,XX,iufo3,i3)*flavourTag(fve,j11,j12)*Vec(nu14,q3)*Vec(nu9,q2)*
         Vec(nu10,q3)*p4.p4^2*d^-1*xiw*ufoGC81*ufoGC58^2*ufoGC69
          - 1/8*g_(1,6_,nu10)*FT1*g_(1,q3)*g_(2,6_,nu14)*cFT(nu9,XX,i2,iufo3)*
         cFT(g7,XX,iufo3,i3)*flavourTag(fve,j11,j12)*Vec(nu14,q3)*Vec(nu9,q3)*
         Vec(nu10,q2)*p4.p4^2*d^-1*xiw*ufoGC81*ufoGC58^2*ufoGC69
          - 1/8*g_(1,6_,nu10)*FT1*g_(1,q3)*g_(2,6_,nu14)*cFT(nu9,XX,i2,iufo3)*
         cFT(g7,XX,iufo3,i3)*flavourTag(fve,j11,j12)*Vec(nu14,q3)*Vec(nu9,q3)*
         Vec(nu10,q3)*p4.p4^2*d^-1*xiw*ufoGC81*ufoGC58^2*ufoGC69
          - 1/8*g_(1,6_,nu15)*FT1*g_(1,p4)*g_(2,6_,nu14)*cFT(nu9,XX,i2,iufo3)*
         cFT(g7,XX,iufo3,i3)*flavourTag(fve,j11,j12)*Vec(nu14,q2)*Vec(nu9,q2)*
         Vec(nu10,q2)^2*Vec(nu15,q2)*p4.p4*d^-1*xiw*ufoGC81*ufoGC58^2*ufoGC69
          - 1/8*g_(1,6_,nu15)*FT1*g_(1,p4)*g_(2,6_,nu14)*cFT(nu9,XX,i2,iufo3)*
         cFT(g7,XX,iufo3,i3)*flavourTag(fve,j11,j12)*Vec(nu14,q2)*Vec(nu9,q2)*
         Vec(nu10,q2)^2*Vec(nu15,q3)*p4.p4*d^-1*xiw*ufoGC81*ufoGC58^2*ufoGC69
          - 1/4*g_(1,6_,nu15)*FT1*g_(1,p4)*g_(2,6_,nu14)*cFT(nu9,XX,i2,iufo3)*
         cFT(g7,XX,iufo3,i3)*flavourTag(fve,j11,j12)*Vec(nu14,q2)*Vec(nu9,q2)*
         Vec(nu10,q2)*Vec(nu10,q3)*Vec(nu15,q2)*p4.p4*d^-1*xiw*ufoGC81*
         ufoGC58^2*ufoGC69
          - 1/4*g_(1,6_,nu15)*FT1*g_(1,p4)*g_(2,6_,nu14)*cFT(nu9,XX,i2,iufo3)*
         cFT(g7,XX,iufo3,i3)*flavourTag(fve,j11,j12)*Vec(nu14,q2)*Vec(nu9,q2)*
         Vec(nu10,q2)*Vec(nu10,q3)*Vec(nu15,q3)*p4.p4*d^-1*xiw*ufoGC81*
         ufoGC58^2*ufoGC69
          - 1/8*g_(1,6_,nu15)*FT1*g_(1,p4)*g_(2,6_,nu14)*cFT(nu9,XX,i2,iufo3)*
         cFT(g7,XX,iufo3,i3)*flavourTag(fve,j11,j12)*Vec(nu14,q2)*Vec(nu9,q2)*
         Vec(nu10,q3)^2*Vec(nu15,q2)*p4.p4*d^-1*xiw*ufoGC81*ufoGC58^2*ufoGC69
          - 1/8*g_(1,6_,nu15)*FT1*g_(1,p4)*g_(2,6_,nu14)*cFT(nu9,XX,i2,iufo3)*
         cFT(g7,XX,iufo3,i3)*flavourTag(fve,j11,j12)*Vec(nu14,q2)*Vec(nu9,q2)*
         Vec(nu10,q3)^2*Vec(nu15,q3)*p4.p4*d^-1*xiw*ufoGC81*ufoGC58^2*ufoGC69
          + 1/8*g_(1,6_,nu15)*FT1*g_(1,p4)*g_(2,6_,nu14)*cFT(nu9,XX,i2,iufo3)*
         cFT(g7,XX,iufo3,i3)*flavourTag(fve,j11,j12)*Vec(nu14,q2)*Vec(nu9,q2)*
         Vec(nu13,q2)^2*Vec(nu15,q2)*p4.p4*d^-1*xiw*ufoGC81*ufoGC58^2*ufoGC69
          + 1/8*g_(1,6_,nu15)*FT1*g_(1,p4)*g_(2,6_,nu14)*cFT(nu9,XX,i2,iufo3)*
         cFT(g7,XX,iufo3,i3)*flavourTag(fve,j11,j12)*Vec(nu14,q2)*Vec(nu9,q2)*
         Vec(nu13,q2)^2*Vec(nu15,q3)*p4.p4*d^-1*xiw*ufoGC81*ufoGC58^2*ufoGC69
          + 1/4*g_(1,6_,nu15)*FT1*g_(1,p4)*g_(2,6_,nu14)*cFT(nu9,XX,i2,iufo3)*
         cFT(g7,XX,iufo3,i3)*flavourTag(fve,j11,j12)*Vec(nu14,q2)*Vec(nu9,q2)*
         Vec(nu13,q2)*Vec(nu13,q3)*Vec(nu15,q2)*p4.p4*d^-1*xiw*ufoGC81*
         ufoGC58^2*ufoGC69
          + 1/4*g_(1,6_,nu15)*FT1*g_(1,p4)*g_(2,6_,nu14)*cFT(nu9,XX,i2,iufo3)*
         cFT(g7,XX,iufo3,i3)*flavourTag(fve,j11,j12)*Vec(nu14,q2)*Vec(nu9,q2)*
         Vec(nu13,q2)*Vec(nu13,q3)*Vec(nu15,q3)*p4.p4*d^-1*xiw*ufoGC81*
         ufoGC58^2*ufoGC69
          + 1/8*g_(1,6_,nu15)*FT1*g_(1,p4)*g_(2,6_,nu14)*cFT(nu9,XX,i2,iufo3)*
         cFT(g7,XX,iufo3,i3)*flavourTag(fve,j11,j12)*Vec(nu14,q2)*Vec(nu9,q2)*
         Vec(nu13,q3)^2*Vec(nu15,q2)*p4.p4*d^-1*xiw*ufoGC81*ufoGC58^2*ufoGC69
          + 1/8*g_(1,6_,nu15)*FT1*g_(1,p4)*g_(2,6_,nu14)*cFT(nu9,XX,i2,iufo3)*
         cFT(g7,XX,iufo3,i3)*flavourTag(fve,j11,j12)*Vec(nu14,q2)*Vec(nu9,q2)*
         Vec(nu13,q3)^2*Vec(nu15,q3)*p4.p4*d^-1*xiw*ufoGC81*ufoGC58^2*ufoGC69
          - 1/8*g_(1,6_,nu15)*FT1*g_(1,p4)*g_(2,6_,nu14)*cFT(nu9,XX,i2,iufo3)*
         cFT(g7,XX,iufo3,i3)*flavourTag(fve,j11,j12)*Vec(nu14,q2)*Vec(nu9,q2)*
         Vec(nu15,q2)*p4.p4^2*d^-1*xiw*ufoGC81*ufoGC58^2*ufoGC69
          - 1/8*g_(1,6_,nu15)*FT1*g_(1,p4)*g_(2,6_,nu14)*cFT(nu9,XX,i2,iufo3)*
         cFT(g7,XX,iufo3,i3)*flavourTag(fve,j11,j12)*Vec(nu14,q2)*Vec(nu9,q2)*
         Vec(nu15,q3)*p4.p4^2*d^-1*xiw*ufoGC81*ufoGC58^2*ufoGC69
          - 1/8*g_(1,6_,nu15)*FT1*g_(1,p4)*g_(2,6_,nu14)*cFT(nu9,XX,i2,iufo3)*
         cFT(g7,XX,iufo3,i3)*flavourTag(fve,j11,j12)*Vec(nu14,q2)*Vec(nu9,q3)*
         Vec(nu10,q2)^2*Vec(nu15,q2)*p4.p4*d^-1*xiw*ufoGC81*ufoGC58^2*ufoGC69
          - 1/8*g_(1,6_,nu15)*FT1*g_(1,p4)*g_(2,6_,nu14)*cFT(nu9,XX,i2,iufo3)*
         cFT(g7,XX,iufo3,i3)*flavourTag(fve,j11,j12)*Vec(nu14,q2)*Vec(nu9,q3)*
         Vec(nu10,q2)^2*Vec(nu15,q3)*p4.p4*d^-1*xiw*ufoGC81*ufoGC58^2*ufoGC69
          - 1/4*g_(1,6_,nu15)*FT1*g_(1,p4)*g_(2,6_,nu14)*cFT(nu9,XX,i2,iufo3)*
         cFT(g7,XX,iufo3,i3)*flavourTag(fve,j11,j12)*Vec(nu14,q2)*Vec(nu9,q3)*
         Vec(nu10,q2)*Vec(nu10,q3)*Vec(nu15,q2)*p4.p4*d^-1*xiw*ufoGC81*
         ufoGC58^2*ufoGC69
          - 1/4*g_(1,6_,nu15)*FT1*g_(1,p4)*g_(2,6_,nu14)*cFT(nu9,XX,i2,iufo3)*
         cFT(g7,XX,iufo3,i3)*flavourTag(fve,j11,j12)*Vec(nu14,q2)*Vec(nu9,q3)*
         Vec(nu10,q2)*Vec(nu10,q3)*Vec(nu15,q3)*p4.p4*d^-1*xiw*ufoGC81*
         ufoGC58^2*ufoGC69
          - 1/8*g_(1,6_,nu15)*FT1*g_(1,p4)*g_(2,6_,nu14)*cFT(nu9,XX,i2,iufo3)*
         cFT(g7,XX,iufo3,i3)*flavourTag(fve,j11,j12)*Vec(nu14,q2)*Vec(nu9,q3)*
         Vec(nu10,q3)^2*Vec(nu15,q2)*p4.p4*d^-1*xiw*ufoGC81*ufoGC58^2*ufoGC69
          - 1/8*g_(1,6_,nu15)*FT1*g_(1,p4)*g_(2,6_,nu14)*cFT(nu9,XX,i2,iufo3)*
         cFT(g7,XX,iufo3,i3)*flavourTag(fve,j11,j12)*Vec(nu14,q2)*Vec(nu9,q3)*
         Vec(nu10,q3)^2*Vec(nu15,q3)*p4.p4*d^-1*xiw*ufoGC81*ufoGC58^2*ufoGC69
          + 1/8*g_(1,6_,nu15)*FT1*g_(1,p4)*g_(2,6_,nu14)*cFT(nu9,XX,i2,iufo3)*
         cFT(g7,XX,iufo3,i3)*flavourTag(fve,j11,j12)*Vec(nu14,q2)*Vec(nu9,q3)*
         Vec(nu13,q2)^2*Vec(nu15,q2)*p4.p4*d^-1*xiw*ufoGC81*ufoGC58^2*ufoGC69
          + 1/8*g_(1,6_,nu15)*FT1*g_(1,p4)*g_(2,6_,nu14)*cFT(nu9,XX,i2,iufo3)*
         cFT(g7,XX,iufo3,i3)*flavourTag(fve,j11,j12)*Vec(nu14,q2)*Vec(nu9,q3)*
         Vec(nu13,q2)^2*Vec(nu15,q3)*p4.p4*d^-1*xiw*ufoGC81*ufoGC58^2*ufoGC69
          + 1/4*g_(1,6_,nu15)*FT1*g_(1,p4)*g_(2,6_,nu14)*cFT(nu9,XX,i2,iufo3)*
         cFT(g7,XX,iufo3,i3)*flavourTag(fve,j11,j12)*Vec(nu14,q2)*Vec(nu9,q3)*
         Vec(nu13,q2)*Vec(nu13,q3)*Vec(nu15,q2)*p4.p4*d^-1*xiw*ufoGC81*
         ufoGC58^2*ufoGC69
          + 1/4*g_(1,6_,nu15)*FT1*g_(1,p4)*g_(2,6_,nu14)*cFT(nu9,XX,i2,iufo3)*
         cFT(g7,XX,iufo3,i3)*flavourTag(fve,j11,j12)*Vec(nu14,q2)*Vec(nu9,q3)*
         Vec(nu13,q2)*Vec(nu13,q3)*Vec(nu15,q3)*p4.p4*d^-1*xiw*ufoGC81*
         ufoGC58^2*ufoGC69
          + 1/8*g_(1,6_,nu15)*FT1*g_(1,p4)*g_(2,6_,nu14)*cFT(nu9,XX,i2,iufo3)*
         cFT(g7,XX,iufo3,i3)*flavourTag(fve,j11,j12)*Vec(nu14,q2)*Vec(nu9,q3)*
         Vec(nu13,q3)^2*Vec(nu15,q2)*p4.p4*d^-1*xiw*ufoGC81*ufoGC58^2*ufoGC69
          + 1/8*g_(1,6_,nu15)*FT1*g_(1,p4)*g_(2,6_,nu14)*cFT(nu9,XX,i2,iufo3)*
         cFT(g7,XX,iufo3,i3)*flavourTag(fve,j11,j12)*Vec(nu14,q2)*Vec(nu9,q3)*
         Vec(nu13,q3)^2*Vec(nu15,q3)*p4.p4*d^-1*xiw*ufoGC81*ufoGC58^2*ufoGC69
          - 1/8*g_(1,6_,nu15)*FT1*g_(1,p4)*g_(2,6_,nu14)*cFT(nu9,XX,i2,iufo3)*
         cFT(g7,XX,iufo3,i3)*flavourTag(fve,j11,j12)*Vec(nu14,q2)*Vec(nu9,q3)*
         Vec(nu15,q2)*p4.p4^2*d^-1*xiw*ufoGC81*ufoGC58^2*ufoGC69
          - 1/8*g_(1,6_,nu15)*FT1*g_(1,p4)*g_(2,6_,nu14)*cFT(nu9,XX,i2,iufo3)*
         cFT(g7,XX,iufo3,i3)*flavourTag(fve,j11,j12)*Vec(nu14,q2)*Vec(nu9,q3)*
         Vec(nu15,q3)*p4.p4^2*d^-1*xiw*ufoGC81*ufoGC58^2*ufoGC69
          - 1/8*g_(1,6_,nu15)*FT1*g_(1,p4)*g_(2,6_,nu14)*cFT(nu9,XX,i2,iufo3)*
         cFT(g7,XX,iufo3,i3)*flavourTag(fve,j11,j12)*Vec(nu14,q3)*Vec(nu9,q2)*
         Vec(nu10,q2)^2*Vec(nu15,q2)*p4.p4*d^-1*xiw*ufoGC81*ufoGC58^2*ufoGC69
          - 1/8*g_(1,6_,nu15)*FT1*g_(1,p4)*g_(2,6_,nu14)*cFT(nu9,XX,i2,iufo3)*
         cFT(g7,XX,iufo3,i3)*flavourTag(fve,j11,j12)*Vec(nu14,q3)*Vec(nu9,q2)*
         Vec(nu10,q2)^2*Vec(nu15,q3)*p4.p4*d^-1*xiw*ufoGC81*ufoGC58^2*ufoGC69
          - 1/4*g_(1,6_,nu15)*FT1*g_(1,p4)*g_(2,6_,nu14)*cFT(nu9,XX,i2,iufo3)*
         cFT(g7,XX,iufo3,i3)*flavourTag(fve,j11,j12)*Vec(nu14,q3)*Vec(nu9,q2)*
         Vec(nu10,q2)*Vec(nu10,q3)*Vec(nu15,q2)*p4.p4*d^-1*xiw*ufoGC81*
         ufoGC58^2*ufoGC69
          - 1/4*g_(1,6_,nu15)*FT1*g_(1,p4)*g_(2,6_,nu14)*cFT(nu9,XX,i2,iufo3)*
         cFT(g7,XX,iufo3,i3)*flavourTag(fve,j11,j12)*Vec(nu14,q3)*Vec(nu9,q2)*
         Vec(nu10,q2)*Vec(nu10,q3)*Vec(nu15,q3)*p4.p4*d^-1*xiw*ufoGC81*
         ufoGC58^2*ufoGC69
          - 1/8*g_(1,6_,nu15)*FT1*g_(1,p4)*g_(2,6_,nu14)*cFT(nu9,XX,i2,iufo3)*
         cFT(g7,XX,iufo3,i3)*flavourTag(fve,j11,j12)*Vec(nu14,q3)*Vec(nu9,q2)*
         Vec(nu10,q3)^2*Vec(nu15,q2)*p4.p4*d^-1*xiw*ufoGC81*ufoGC58^2*ufoGC69
          - 1/8*g_(1,6_,nu15)*FT1*g_(1,p4)*g_(2,6_,nu14)*cFT(nu9,XX,i2,iufo3)*
         cFT(g7,XX,iufo3,i3)*flavourTag(fve,j11,j12)*Vec(nu14,q3)*Vec(nu9,q2)*
         Vec(nu10,q3)^2*Vec(nu15,q3)*p4.p4*d^-1*xiw*ufoGC81*ufoGC58^2*ufoGC69
          + 1/8*g_(1,6_,nu15)*FT1*g_(1,p4)*g_(2,6_,nu14)*cFT(nu9,XX,i2,iufo3)*
         cFT(g7,XX,iufo3,i3)*flavourTag(fve,j11,j12)*Vec(nu14,q3)*Vec(nu9,q2)*
         Vec(nu13,q2)^2*Vec(nu15,q2)*p4.p4*d^-1*xiw*ufoGC81*ufoGC58^2*ufoGC69
          + 1/8*g_(1,6_,nu15)*FT1*g_(1,p4)*g_(2,6_,nu14)*cFT(nu9,XX,i2,iufo3)*
         cFT(g7,XX,iufo3,i3)*flavourTag(fve,j11,j12)*Vec(nu14,q3)*Vec(nu9,q2)*
         Vec(nu13,q2)^2*Vec(nu15,q3)*p4.p4*d^-1*xiw*ufoGC81*ufoGC58^2*ufoGC69
          + 1/4*g_(1,6_,nu15)*FT1*g_(1,p4)*g_(2,6_,nu14)*cFT(nu9,XX,i2,iufo3)*
         cFT(g7,XX,iufo3,i3)*flavourTag(fve,j11,j12)*Vec(nu14,q3)*Vec(nu9,q2)*
         Vec(nu13,q2)*Vec(nu13,q3)*Vec(nu15,q2)*p4.p4*d^-1*xiw*ufoGC81*
         ufoGC58^2*ufoGC69
          + 1/4*g_(1,6_,nu15)*FT1*g_(1,p4)*g_(2,6_,nu14)*cFT(nu9,XX,i2,iufo3)*
         cFT(g7,XX,iufo3,i3)*flavourTag(fve,j11,j12)*Vec(nu14,q3)*Vec(nu9,q2)*
         Vec(nu13,q2)*Vec(nu13,q3)*Vec(nu15,q3)*p4.p4*d^-1*xiw*ufoGC81*
         ufoGC58^2*ufoGC69
          + 1/8*g_(1,6_,nu15)*FT1*g_(1,p4)*g_(2,6_,nu14)*cFT(nu9,XX,i2,iufo3)*
         cFT(g7,XX,iufo3,i3)*flavourTag(fve,j11,j12)*Vec(nu14,q3)*Vec(nu9,q2)*
         Vec(nu13,q3)^2*Vec(nu15,q2)*p4.p4*d^-1*xiw*ufoGC81*ufoGC58^2*ufoGC69
          + 1/8*g_(1,6_,nu15)*FT1*g_(1,p4)*g_(2,6_,nu14)*cFT(nu9,XX,i2,iufo3)*
         cFT(g7,XX,iufo3,i3)*flavourTag(fve,j11,j12)*Vec(nu14,q3)*Vec(nu9,q2)*
         Vec(nu13,q3)^2*Vec(nu15,q3)*p4.p4*d^-1*xiw*ufoGC81*ufoGC58^2*ufoGC69
          - 1/8*g_(1,6_,nu15)*FT1*g_(1,p4)*g_(2,6_,nu14)*cFT(nu9,XX,i2,iufo3)*
         cFT(g7,XX,iufo3,i3)*flavourTag(fve,j11,j12)*Vec(nu14,q3)*Vec(nu9,q2)*
         Vec(nu15,q2)*p4.p4^2*d^-1*xiw*ufoGC81*ufoGC58^2*ufoGC69
          - 1/8*g_(1,6_,nu15)*FT1*g_(1,p4)*g_(2,6_,nu14)*cFT(nu9,XX,i2,iufo3)*
         cFT(g7,XX,iufo3,i3)*flavourTag(fve,j11,j12)*Vec(nu14,q3)*Vec(nu9,q2)*
         Vec(nu15,q3)*p4.p4^2*d^-1*xiw*ufoGC81*ufoGC58^2*ufoGC69
          - 1/8*g_(1,6_,nu15)*FT1*g_(1,p4)*g_(2,6_,nu14)*cFT(nu9,XX,i2,iufo3)*
         cFT(g7,XX,iufo3,i3)*flavourTag(fve,j11,j12)*Vec(nu14,q3)*Vec(nu9,q3)*
         Vec(nu10,q2)^2*Vec(nu15,q2)*p4.p4*d^-1*xiw*ufoGC81*ufoGC58^2*ufoGC69
          - 1/8*g_(1,6_,nu15)*FT1*g_(1,p4)*g_(2,6_,nu14)*cFT(nu9,XX,i2,iufo3)*
         cFT(g7,XX,iufo3,i3)*flavourTag(fve,j11,j12)*Vec(nu14,q3)*Vec(nu9,q3)*
         Vec(nu10,q2)^2*Vec(nu15,q3)*p4.p4*d^-1*xiw*ufoGC81*ufoGC58^2*ufoGC69
          - 1/4*g_(1,6_,nu15)*FT1*g_(1,p4)*g_(2,6_,nu14)*cFT(nu9,XX,i2,iufo3)*
         cFT(g7,XX,iufo3,i3)*flavourTag(fve,j11,j12)*Vec(nu14,q3)*Vec(nu9,q3)*
         Vec(nu10,q2)*Vec(nu10,q3)*Vec(nu15,q2)*p4.p4*d^-1*xiw*ufoGC81*
         ufoGC58^2*ufoGC69
          - 1/4*g_(1,6_,nu15)*FT1*g_(1,p4)*g_(2,6_,nu14)*cFT(nu9,XX,i2,iufo3)*
         cFT(g7,XX,iufo3,i3)*flavourTag(fve,j11,j12)*Vec(nu14,q3)*Vec(nu9,q3)*
         Vec(nu10,q2)*Vec(nu10,q3)*Vec(nu15,q3)*p4.p4*d^-1*xiw*ufoGC81*
         ufoGC58^2*ufoGC69
          - 1/8*g_(1,6_,nu15)*FT1*g_(1,p4)*g_(2,6_,nu14)*cFT(nu9,XX,i2,iufo3)*
         cFT(g7,XX,iufo3,i3)*flavourTag(fve,j11,j12)*Vec(nu14,q3)*Vec(nu9,q3)*
         Vec(nu10,q3)^2*Vec(nu15,q2)*p4.p4*d^-1*xiw*ufoGC81*ufoGC58^2*ufoGC69
          - 1/8*g_(1,6_,nu15)*FT1*g_(1,p4)*g_(2,6_,nu14)*cFT(nu9,XX,i2,iufo3)*
         cFT(g7,XX,iufo3,i3)*flavourTag(fve,j11,j12)*Vec(nu14,q3)*Vec(nu9,q3)*
         Vec(nu10,q3)^2*Vec(nu15,q3)*p4.p4*d^-1*xiw*ufoGC81*ufoGC58^2*ufoGC69
          + 1/8*g_(1,6_,nu15)*FT1*g_(1,p4)*g_(2,6_,nu14)*cFT(nu9,XX,i2,iufo3)*
         cFT(g7,XX,iufo3,i3)*flavourTag(fve,j11,j12)*Vec(nu14,q3)*Vec(nu9,q3)*
         Vec(nu13,q2)^2*Vec(nu15,q2)*p4.p4*d^-1*xiw*ufoGC81*ufoGC58^2*ufoGC69
          + 1/8*g_(1,6_,nu15)*FT1*g_(1,p4)*g_(2,6_,nu14)*cFT(nu9,XX,i2,iufo3)*
         cFT(g7,XX,iufo3,i3)*flavourTag(fve,j11,j12)*Vec(nu14,q3)*Vec(nu9,q3)*
         Vec(nu13,q2)^2*Vec(nu15,q3)*p4.p4*d^-1*xiw*ufoGC81*ufoGC58^2*ufoGC69
          + 1/4*g_(1,6_,nu15)*FT1*g_(1,p4)*g_(2,6_,nu14)*cFT(nu9,XX,i2,iufo3)*
         cFT(g7,XX,iufo3,i3)*flavourTag(fve,j11,j12)*Vec(nu14,q3)*Vec(nu9,q3)*
         Vec(nu13,q2)*Vec(nu13,q3)*Vec(nu15,q2)*p4.p4*d^-1*xiw*ufoGC81*
         ufoGC58^2*ufoGC69
          + 1/4*g_(1,6_,nu15)*FT1*g_(1,p4)*g_(2,6_,nu14)*cFT(nu9,XX,i2,iufo3)*
         cFT(g7,XX,iufo3,i3)*flavourTag(fve,j11,j12)*Vec(nu14,q3)*Vec(nu9,q3)*
         Vec(nu13,q2)*Vec(nu13,q3)*Vec(nu15,q3)*p4.p4*d^-1*xiw*ufoGC81*
         ufoGC58^2*ufoGC69
          + 1/8*g_(1,6_,nu15)*FT1*g_(1,p4)*g_(2,6_,nu14)*cFT(nu9,XX,i2,iufo3)*
         cFT(g7,XX,iufo3,i3)*flavourTag(fve,j11,j12)*Vec(nu14,q3)*Vec(nu9,q3)*
         Vec(nu13,q3)^2*Vec(nu15,q2)*p4.p4*d^-1*xiw*ufoGC81*ufoGC58^2*ufoGC69
          + 1/8*g_(1,6_,nu15)*FT1*g_(1,p4)*g_(2,6_,nu14)*cFT(nu9,XX,i2,iufo3)*
         cFT(g7,XX,iufo3,i3)*flavourTag(fve,j11,j12)*Vec(nu14,q3)*Vec(nu9,q3)*
         Vec(nu13,q3)^2*Vec(nu15,q3)*p4.p4*d^-1*xiw*ufoGC81*ufoGC58^2*ufoGC69
          - 1/8*g_(1,6_,nu15)*FT1*g_(1,p4)*g_(2,6_,nu14)*cFT(nu9,XX,i2,iufo3)*
         cFT(g7,XX,iufo3,i3)*flavourTag(fve,j11,j12)*Vec(nu14,q3)*Vec(nu9,q3)*
         Vec(nu15,q2)*p4.p4^2*d^-1*xiw*ufoGC81*ufoGC58^2*ufoGC69
          - 1/8*g_(1,6_,nu15)*FT1*g_(1,p4)*g_(2,6_,nu14)*cFT(nu9,XX,i2,iufo3)*
         cFT(g7,XX,iufo3,i3)*flavourTag(fve,j11,j12)*Vec(nu14,q3)*Vec(nu9,q3)*
         Vec(nu15,q3)*p4.p4^2*d^-1*xiw*ufoGC81*ufoGC58^2*ufoGC69
          + 1/8*g_(1,6_,nu15)*FT1*g_(1,q1)*g_(2,6_,nu14)*cFT(nu9,XX,i2,iufo3)*
         cFT(g7,XX,iufo3,i3)*flavourTag(fve,j11,j12)*Vec(nu14,q2)*Vec(nu9,q2)*
         Vec(nu10,q2)^2*Vec(nu15,q2)*p4.p4*d^-1*xiw*ufoGC81*ufoGC58^2*ufoGC69
          + 1/8*g_(1,6_,nu15)*FT1*g_(1,q1)*g_(2,6_,nu14)*cFT(nu9,XX,i2,iufo3)*
         cFT(g7,XX,iufo3,i3)*flavourTag(fve,j11,j12)*Vec(nu14,q2)*Vec(nu9,q2)*
         Vec(nu10,q2)^2*Vec(nu15,q3)*p4.p4*d^-1*xiw*ufoGC81*ufoGC58^2*ufoGC69
          + 1/4*g_(1,6_,nu15)*FT1*g_(1,q1)*g_(2,6_,nu14)*cFT(nu9,XX,i2,iufo3)*
         cFT(g7,XX,iufo3,i3)*flavourTag(fve,j11,j12)*Vec(nu14,q2)*Vec(nu9,q2)*
         Vec(nu10,q2)*Vec(nu10,q3)*Vec(nu15,q2)*p4.p4*d^-1*xiw*ufoGC81*
         ufoGC58^2*ufoGC69
          + 1/4*g_(1,6_,nu15)*FT1*g_(1,q1)*g_(2,6_,nu14)*cFT(nu9,XX,i2,iufo3)*
         cFT(g7,XX,iufo3,i3)*flavourTag(fve,j11,j12)*Vec(nu14,q2)*Vec(nu9,q2)*
         Vec(nu10,q2)*Vec(nu10,q3)*Vec(nu15,q3)*p4.p4*d^-1*xiw*ufoGC81*
         ufoGC58^2*ufoGC69
          + 1/8*g_(1,6_,nu15)*FT1*g_(1,q1)*g_(2,6_,nu14)*cFT(nu9,XX,i2,iufo3)*
         cFT(g7,XX,iufo3,i3)*flavourTag(fve,j11,j12)*Vec(nu14,q2)*Vec(nu9,q2)*
         Vec(nu10,q3)^2*Vec(nu15,q2)*p4.p4*d^-1*xiw*ufoGC81*ufoGC58^2*ufoGC69
          + 1/8*g_(1,6_,nu15)*FT1*g_(1,q1)*g_(2,6_,nu14)*cFT(nu9,XX,i2,iufo3)*
         cFT(g7,XX,iufo3,i3)*flavourTag(fve,j11,j12)*Vec(nu14,q2)*Vec(nu9,q2)*
         Vec(nu10,q3)^2*Vec(nu15,q3)*p4.p4*d^-1*xiw*ufoGC81*ufoGC58^2*ufoGC69
          - 1/8*g_(1,6_,nu15)*FT1*g_(1,q1)*g_(2,6_,nu14)*cFT(nu9,XX,i2,iufo3)*
         cFT(g7,XX,iufo3,i3)*flavourTag(fve,j11,j12)*Vec(nu14,q2)*Vec(nu9,q2)*
         Vec(nu13,q2)^2*Vec(nu15,q2)*p4.p4*d^-1*xiw*ufoGC81*ufoGC58^2*ufoGC69
          - 1/8*g_(1,6_,nu15)*FT1*g_(1,q1)*g_(2,6_,nu14)*cFT(nu9,XX,i2,iufo3)*
         cFT(g7,XX,iufo3,i3)*flavourTag(fve,j11,j12)*Vec(nu14,q2)*Vec(nu9,q2)*
         Vec(nu13,q2)^2*Vec(nu15,q3)*p4.p4*d^-1*xiw*ufoGC81*ufoGC58^2*ufoGC69
          - 1/4*g_(1,6_,nu15)*FT1*g_(1,q1)*g_(2,6_,nu14)*cFT(nu9,XX,i2,iufo3)*
         cFT(g7,XX,iufo3,i3)*flavourTag(fve,j11,j12)*Vec(nu14,q2)*Vec(nu9,q2)*
         Vec(nu13,q2)*Vec(nu13,q3)*Vec(nu15,q2)*p4.p4*d^-1*xiw*ufoGC81*
         ufoGC58^2*ufoGC69
          - 1/4*g_(1,6_,nu15)*FT1*g_(1,q1)*g_(2,6_,nu14)*cFT(nu9,XX,i2,iufo3)*
         cFT(g7,XX,iufo3,i3)*flavourTag(fve,j11,j12)*Vec(nu14,q2)*Vec(nu9,q2)*
         Vec(nu13,q2)*Vec(nu13,q3)*Vec(nu15,q3)*p4.p4*d^-1*xiw*ufoGC81*
         ufoGC58^2*ufoGC69
          - 1/8*g_(1,6_,nu15)*FT1*g_(1,q1)*g_(2,6_,nu14)*cFT(nu9,XX,i2,iufo3)*
         cFT(g7,XX,iufo3,i3)*flavourTag(fve,j11,j12)*Vec(nu14,q2)*Vec(nu9,q2)*
         Vec(nu13,q3)^2*Vec(nu15,q2)*p4.p4*d^-1*xiw*ufoGC81*ufoGC58^2*ufoGC69
          - 1/8*g_(1,6_,nu15)*FT1*g_(1,q1)*g_(2,6_,nu14)*cFT(nu9,XX,i2,iufo3)*
         cFT(g7,XX,iufo3,i3)*flavourTag(fve,j11,j12)*Vec(nu14,q2)*Vec(nu9,q2)*
         Vec(nu13,q3)^2*Vec(nu15,q3)*p4.p4*d^-1*xiw*ufoGC81*ufoGC58^2*ufoGC69
          + 1/8*g_(1,6_,nu15)*FT1*g_(1,q1)*g_(2,6_,nu14)*cFT(nu9,XX,i2,iufo3)*
         cFT(g7,XX,iufo3,i3)*flavourTag(fve,j11,j12)*Vec(nu14,q2)*Vec(nu9,q2)*
         Vec(nu15,q2)*p4.p4^2*d^-1*xiw*ufoGC81*ufoGC58^2*ufoGC69
          + 1/8*g_(1,6_,nu15)*FT1*g_(1,q1)*g_(2,6_,nu14)*cFT(nu9,XX,i2,iufo3)*
         cFT(g7,XX,iufo3,i3)*flavourTag(fve,j11,j12)*Vec(nu14,q2)*Vec(nu9,q2)*
         Vec(nu15,q3)*p4.p4^2*d^-1*xiw*ufoGC81*ufoGC58^2*ufoGC69
          + 1/8*g_(1,6_,nu15)*FT1*g_(1,q1)*g_(2,6_,nu14)*cFT(nu9,XX,i2,iufo3)*
         cFT(g7,XX,iufo3,i3)*flavourTag(fve,j11,j12)*Vec(nu14,q2)*Vec(nu9,q3)*
         Vec(nu10,q2)^2*Vec(nu15,q2)*p4.p4*d^-1*xiw*ufoGC81*ufoGC58^2*ufoGC69
          + 1/8*g_(1,6_,nu15)*FT1*g_(1,q1)*g_(2,6_,nu14)*cFT(nu9,XX,i2,iufo3)*
         cFT(g7,XX,iufo3,i3)*flavourTag(fve,j11,j12)*Vec(nu14,q2)*Vec(nu9,q3)*
         Vec(nu10,q2)^2*Vec(nu15,q3)*p4.p4*d^-1*xiw*ufoGC81*ufoGC58^2*ufoGC69
          + 1/4*g_(1,6_,nu15)*FT1*g_(1,q1)*g_(2,6_,nu14)*cFT(nu9,XX,i2,iufo3)*
         cFT(g7,XX,iufo3,i3)*flavourTag(fve,j11,j12)*Vec(nu14,q2)*Vec(nu9,q3)*
         Vec(nu10,q2)*Vec(nu10,q3)*Vec(nu15,q2)*p4.p4*d^-1*xiw*ufoGC81*
         ufoGC58^2*ufoGC69
          + 1/4*g_(1,6_,nu15)*FT1*g_(1,q1)*g_(2,6_,nu14)*cFT(nu9,XX,i2,iufo3)*
         cFT(g7,XX,iufo3,i3)*flavourTag(fve,j11,j12)*Vec(nu14,q2)*Vec(nu9,q3)*
         Vec(nu10,q2)*Vec(nu10,q3)*Vec(nu15,q3)*p4.p4*d^-1*xiw*ufoGC81*
         ufoGC58^2*ufoGC69
          + 1/8*g_(1,6_,nu15)*FT1*g_(1,q1)*g_(2,6_,nu14)*cFT(nu9,XX,i2,iufo3)*
         cFT(g7,XX,iufo3,i3)*flavourTag(fve,j11,j12)*Vec(nu14,q2)*Vec(nu9,q3)*
         Vec(nu10,q3)^2*Vec(nu15,q2)*p4.p4*d^-1*xiw*ufoGC81*ufoGC58^2*ufoGC69
          + 1/8*g_(1,6_,nu15)*FT1*g_(1,q1)*g_(2,6_,nu14)*cFT(nu9,XX,i2,iufo3)*
         cFT(g7,XX,iufo3,i3)*flavourTag(fve,j11,j12)*Vec(nu14,q2)*Vec(nu9,q3)*
         Vec(nu10,q3)^2*Vec(nu15,q3)*p4.p4*d^-1*xiw*ufoGC81*ufoGC58^2*ufoGC69
          - 1/8*g_(1,6_,nu15)*FT1*g_(1,q1)*g_(2,6_,nu14)*cFT(nu9,XX,i2,iufo3)*
         cFT(g7,XX,iufo3,i3)*flavourTag(fve,j11,j12)*Vec(nu14,q2)*Vec(nu9,q3)*
         Vec(nu13,q2)^2*Vec(nu15,q2)*p4.p4*d^-1*xiw*ufoGC81*ufoGC58^2*ufoGC69
          - 1/8*g_(1,6_,nu15)*FT1*g_(1,q1)*g_(2,6_,nu14)*cFT(nu9,XX,i2,iufo3)*
         cFT(g7,XX,iufo3,i3)*flavourTag(fve,j11,j12)*Vec(nu14,q2)*Vec(nu9,q3)*
         Vec(nu13,q2)^2*Vec(nu15,q3)*p4.p4*d^-1*xiw*ufoGC81*ufoGC58^2*ufoGC69
          - 1/4*g_(1,6_,nu15)*FT1*g_(1,q1)*g_(2,6_,nu14)*cFT(nu9,XX,i2,iufo3)*
         cFT(g7,XX,iufo3,i3)*flavourTag(fve,j11,j12)*Vec(nu14,q2)*Vec(nu9,q3)*
         Vec(nu13,q2)*Vec(nu13,q3)*Vec(nu15,q2)*p4.p4*d^-1*xiw*ufoGC81*
         ufoGC58^2*ufoGC69
          - 1/4*g_(1,6_,nu15)*FT1*g_(1,q1)*g_(2,6_,nu14)*cFT(nu9,XX,i2,iufo3)*
         cFT(g7,XX,iufo3,i3)*flavourTag(fve,j11,j12)*Vec(nu14,q2)*Vec(nu9,q3)*
         Vec(nu13,q2)*Vec(nu13,q3)*Vec(nu15,q3)*p4.p4*d^-1*xiw*ufoGC81*
         ufoGC58^2*ufoGC69
          - 1/8*g_(1,6_,nu15)*FT1*g_(1,q1)*g_(2,6_,nu14)*cFT(nu9,XX,i2,iufo3)*
         cFT(g7,XX,iufo3,i3)*flavourTag(fve,j11,j12)*Vec(nu14,q2)*Vec(nu9,q3)*
         Vec(nu13,q3)^2*Vec(nu15,q2)*p4.p4*d^-1*xiw*ufoGC81*ufoGC58^2*ufoGC69
          - 1/8*g_(1,6_,nu15)*FT1*g_(1,q1)*g_(2,6_,nu14)*cFT(nu9,XX,i2,iufo3)*
         cFT(g7,XX,iufo3,i3)*flavourTag(fve,j11,j12)*Vec(nu14,q2)*Vec(nu9,q3)*
         Vec(nu13,q3)^2*Vec(nu15,q3)*p4.p4*d^-1*xiw*ufoGC81*ufoGC58^2*ufoGC69
          + 1/8*g_(1,6_,nu15)*FT1*g_(1,q1)*g_(2,6_,nu14)*cFT(nu9,XX,i2,iufo3)*
         cFT(g7,XX,iufo3,i3)*flavourTag(fve,j11,j12)*Vec(nu14,q2)*Vec(nu9,q3)*
         Vec(nu15,q2)*p4.p4^2*d^-1*xiw*ufoGC81*ufoGC58^2*ufoGC69
          + 1/8*g_(1,6_,nu15)*FT1*g_(1,q1)*g_(2,6_,nu14)*cFT(nu9,XX,i2,iufo3)*
         cFT(g7,XX,iufo3,i3)*flavourTag(fve,j11,j12)*Vec(nu14,q2)*Vec(nu9,q3)*
         Vec(nu15,q3)*p4.p4^2*d^-1*xiw*ufoGC81*ufoGC58^2*ufoGC69
          + 1/8*g_(1,6_,nu15)*FT1*g_(1,q1)*g_(2,6_,nu14)*cFT(nu9,XX,i2,iufo3)*
         cFT(g7,XX,iufo3,i3)*flavourTag(fve,j11,j12)*Vec(nu14,q3)*Vec(nu9,q2)*
         Vec(nu10,q2)^2*Vec(nu15,q2)*p4.p4*d^-1*xiw*ufoGC81*ufoGC58^2*ufoGC69
          + 1/8*g_(1,6_,nu15)*FT1*g_(1,q1)*g_(2,6_,nu14)*cFT(nu9,XX,i2,iufo3)*
         cFT(g7,XX,iufo3,i3)*flavourTag(fve,j11,j12)*Vec(nu14,q3)*Vec(nu9,q2)*
         Vec(nu10,q2)^2*Vec(nu15,q3)*p4.p4*d^-1*xiw*ufoGC81*ufoGC58^2*ufoGC69
          + 1/4*g_(1,6_,nu15)*FT1*g_(1,q1)*g_(2,6_,nu14)*cFT(nu9,XX,i2,iufo3)*
         cFT(g7,XX,iufo3,i3)*flavourTag(fve,j11,j12)*Vec(nu14,q3)*Vec(nu9,q2)*
         Vec(nu10,q2)*Vec(nu10,q3)*Vec(nu15,q2)*p4.p4*d^-1*xiw*ufoGC81*
         ufoGC58^2*ufoGC69
          + 1/4*g_(1,6_,nu15)*FT1*g_(1,q1)*g_(2,6_,nu14)*cFT(nu9,XX,i2,iufo3)*
         cFT(g7,XX,iufo3,i3)*flavourTag(fve,j11,j12)*Vec(nu14,q3)*Vec(nu9,q2)*
         Vec(nu10,q2)*Vec(nu10,q3)*Vec(nu15,q3)*p4.p4*d^-1*xiw*ufoGC81*
         ufoGC58^2*ufoGC69
          + 1/8*g_(1,6_,nu15)*FT1*g_(1,q1)*g_(2,6_,nu14)*cFT(nu9,XX,i2,iufo3)*
         cFT(g7,XX,iufo3,i3)*flavourTag(fve,j11,j12)*Vec(nu14,q3)*Vec(nu9,q2)*
         Vec(nu10,q3)^2*Vec(nu15,q2)*p4.p4*d^-1*xiw*ufoGC81*ufoGC58^2*ufoGC69
          + 1/8*g_(1,6_,nu15)*FT1*g_(1,q1)*g_(2,6_,nu14)*cFT(nu9,XX,i2,iufo3)*
         cFT(g7,XX,iufo3,i3)*flavourTag(fve,j11,j12)*Vec(nu14,q3)*Vec(nu9,q2)*
         Vec(nu10,q3)^2*Vec(nu15,q3)*p4.p4*d^-1*xiw*ufoGC81*ufoGC58^2*ufoGC69
          - 1/8*g_(1,6_,nu15)*FT1*g_(1,q1)*g_(2,6_,nu14)*cFT(nu9,XX,i2,iufo3)*
         cFT(g7,XX,iufo3,i3)*flavourTag(fve,j11,j12)*Vec(nu14,q3)*Vec(nu9,q2)*
         Vec(nu13,q2)^2*Vec(nu15,q2)*p4.p4*d^-1*xiw*ufoGC81*ufoGC58^2*ufoGC69
          - 1/8*g_(1,6_,nu15)*FT1*g_(1,q1)*g_(2,6_,nu14)*cFT(nu9,XX,i2,iufo3)*
         cFT(g7,XX,iufo3,i3)*flavourTag(fve,j11,j12)*Vec(nu14,q3)*Vec(nu9,q2)*
         Vec(nu13,q2)^2*Vec(nu15,q3)*p4.p4*d^-1*xiw*ufoGC81*ufoGC58^2*ufoGC69
          - 1/4*g_(1,6_,nu15)*FT1*g_(1,q1)*g_(2,6_,nu14)*cFT(nu9,XX,i2,iufo3)*
         cFT(g7,XX,iufo3,i3)*flavourTag(fve,j11,j12)*Vec(nu14,q3)*Vec(nu9,q2)*
         Vec(nu13,q2)*Vec(nu13,q3)*Vec(nu15,q2)*p4.p4*d^-1*xiw*ufoGC81*
         ufoGC58^2*ufoGC69
          - 1/4*g_(1,6_,nu15)*FT1*g_(1,q1)*g_(2,6_,nu14)*cFT(nu9,XX,i2,iufo3)*
         cFT(g7,XX,iufo3,i3)*flavourTag(fve,j11,j12)*Vec(nu14,q3)*Vec(nu9,q2)*
         Vec(nu13,q2)*Vec(nu13,q3)*Vec(nu15,q3)*p4.p4*d^-1*xiw*ufoGC81*
         ufoGC58^2*ufoGC69
          - 1/8*g_(1,6_,nu15)*FT1*g_(1,q1)*g_(2,6_,nu14)*cFT(nu9,XX,i2,iufo3)*
         cFT(g7,XX,iufo3,i3)*flavourTag(fve,j11,j12)*Vec(nu14,q3)*Vec(nu9,q2)*
         Vec(nu13,q3)^2*Vec(nu15,q2)*p4.p4*d^-1*xiw*ufoGC81*ufoGC58^2*ufoGC69
          - 1/8*g_(1,6_,nu15)*FT1*g_(1,q1)*g_(2,6_,nu14)*cFT(nu9,XX,i2,iufo3)*
         cFT(g7,XX,iufo3,i3)*flavourTag(fve,j11,j12)*Vec(nu14,q3)*Vec(nu9,q2)*
         Vec(nu13,q3)^2*Vec(nu15,q3)*p4.p4*d^-1*xiw*ufoGC81*ufoGC58^2*ufoGC69
          + 1/8*g_(1,6_,nu15)*FT1*g_(1,q1)*g_(2,6_,nu14)*cFT(nu9,XX,i2,iufo3)*
         cFT(g7,XX,iufo3,i3)*flavourTag(fve,j11,j12)*Vec(nu14,q3)*Vec(nu9,q2)*
         Vec(nu15,q2)*p4.p4^2*d^-1*xiw*ufoGC81*ufoGC58^2*ufoGC69
          + 1/8*g_(1,6_,nu15)*FT1*g_(1,q1)*g_(2,6_,nu14)*cFT(nu9,XX,i2,iufo3)*
         cFT(g7,XX,iufo3,i3)*flavourTag(fve,j11,j12)*Vec(nu14,q3)*Vec(nu9,q2)*
         Vec(nu15,q3)*p4.p4^2*d^-1*xiw*ufoGC81*ufoGC58^2*ufoGC69
          + 1/8*g_(1,6_,nu15)*FT1*g_(1,q1)*g_(2,6_,nu14)*cFT(nu9,XX,i2,iufo3)*
         cFT(g7,XX,iufo3,i3)*flavourTag(fve,j11,j12)*Vec(nu14,q3)*Vec(nu9,q3)*
         Vec(nu10,q2)^2*Vec(nu15,q2)*p4.p4*d^-1*xiw*ufoGC81*ufoGC58^2*ufoGC69
          + 1/8*g_(1,6_,nu15)*FT1*g_(1,q1)*g_(2,6_,nu14)*cFT(nu9,XX,i2,iufo3)*
         cFT(g7,XX,iufo3,i3)*flavourTag(fve,j11,j12)*Vec(nu14,q3)*Vec(nu9,q3)*
         Vec(nu10,q2)^2*Vec(nu15,q3)*p4.p4*d^-1*xiw*ufoGC81*ufoGC58^2*ufoGC69
          + 1/4*g_(1,6_,nu15)*FT1*g_(1,q1)*g_(2,6_,nu14)*cFT(nu9,XX,i2,iufo3)*
         cFT(g7,XX,iufo3,i3)*flavourTag(fve,j11,j12)*Vec(nu14,q3)*Vec(nu9,q3)*
         Vec(nu10,q2)*Vec(nu10,q3)*Vec(nu15,q2)*p4.p4*d^-1*xiw*ufoGC81*
         ufoGC58^2*ufoGC69
          + 1/4*g_(1,6_,nu15)*FT1*g_(1,q1)*g_(2,6_,nu14)*cFT(nu9,XX,i2,iufo3)*
         cFT(g7,XX,iufo3,i3)*flavourTag(fve,j11,j12)*Vec(nu14,q3)*Vec(nu9,q3)*
         Vec(nu10,q2)*Vec(nu10,q3)*Vec(nu15,q3)*p4.p4*d^-1*xiw*ufoGC81*
         ufoGC58^2*ufoGC69
          + 1/8*g_(1,6_,nu15)*FT1*g_(1,q1)*g_(2,6_,nu14)*cFT(nu9,XX,i2,iufo3)*
         cFT(g7,XX,iufo3,i3)*flavourTag(fve,j11,j12)*Vec(nu14,q3)*Vec(nu9,q3)*
         Vec(nu10,q3)^2*Vec(nu15,q2)*p4.p4*d^-1*xiw*ufoGC81*ufoGC58^2*ufoGC69
          + 1/8*g_(1,6_,nu15)*FT1*g_(1,q1)*g_(2,6_,nu14)*cFT(nu9,XX,i2,iufo3)*
         cFT(g7,XX,iufo3,i3)*flavourTag(fve,j11,j12)*Vec(nu14,q3)*Vec(nu9,q3)*
         Vec(nu10,q3)^2*Vec(nu15,q3)*p4.p4*d^-1*xiw*ufoGC81*ufoGC58^2*ufoGC69
          - 1/8*g_(1,6_,nu15)*FT1*g_(1,q1)*g_(2,6_,nu14)*cFT(nu9,XX,i2,iufo3)*
         cFT(g7,XX,iufo3,i3)*flavourTag(fve,j11,j12)*Vec(nu14,q3)*Vec(nu9,q3)*
         Vec(nu13,q2)^2*Vec(nu15,q2)*p4.p4*d^-1*xiw*ufoGC81*ufoGC58^2*ufoGC69
          - 1/8*g_(1,6_,nu15)*FT1*g_(1,q1)*g_(2,6_,nu14)*cFT(nu9,XX,i2,iufo3)*
         cFT(g7,XX,iufo3,i3)*flavourTag(fve,j11,j12)*Vec(nu14,q3)*Vec(nu9,q3)*
         Vec(nu13,q2)^2*Vec(nu15,q3)*p4.p4*d^-1*xiw*ufoGC81*ufoGC58^2*ufoGC69
          - 1/4*g_(1,6_,nu15)*FT1*g_(1,q1)*g_(2,6_,nu14)*cFT(nu9,XX,i2,iufo3)*
         cFT(g7,XX,iufo3,i3)*flavourTag(fve,j11,j12)*Vec(nu14,q3)*Vec(nu9,q3)*
         Vec(nu13,q2)*Vec(nu13,q3)*Vec(nu15,q2)*p4.p4*d^-1*xiw*ufoGC81*
         ufoGC58^2*ufoGC69
          - 1/4*g_(1,6_,nu15)*FT1*g_(1,q1)*g_(2,6_,nu14)*cFT(nu9,XX,i2,iufo3)*
         cFT(g7,XX,iufo3,i3)*flavourTag(fve,j11,j12)*Vec(nu14,q3)*Vec(nu9,q3)*
         Vec(nu13,q2)*Vec(nu13,q3)*Vec(nu15,q3)*p4.p4*d^-1*xiw*ufoGC81*
         ufoGC58^2*ufoGC69
          - 1/8*g_(1,6_,nu15)*FT1*g_(1,q1)*g_(2,6_,nu14)*cFT(nu9,XX,i2,iufo3)*
         cFT(g7,XX,iufo3,i3)*flavourTag(fve,j11,j12)*Vec(nu14,q3)*Vec(nu9,q3)*
         Vec(nu13,q3)^2*Vec(nu15,q2)*p4.p4*d^-1*xiw*ufoGC81*ufoGC58^2*ufoGC69
          - 1/8*g_(1,6_,nu15)*FT1*g_(1,q1)*g_(2,6_,nu14)*cFT(nu9,XX,i2,iufo3)*
         cFT(g7,XX,iufo3,i3)*flavourTag(fve,j11,j12)*Vec(nu14,q3)*Vec(nu9,q3)*
         Vec(nu13,q3)^2*Vec(nu15,q3)*p4.p4*d^-1*xiw*ufoGC81*ufoGC58^2*ufoGC69
          + 1/8*g_(1,6_,nu15)*FT1*g_(1,q1)*g_(2,6_,nu14)*cFT(nu9,XX,i2,iufo3)*
         cFT(g7,XX,iufo3,i3)*flavourTag(fve,j11,j12)*Vec(nu14,q3)*Vec(nu9,q3)*
         Vec(nu15,q2)*p4.p4^2*d^-1*xiw*ufoGC81*ufoGC58^2*ufoGC69
          + 1/8*g_(1,6_,nu15)*FT1*g_(1,q1)*g_(2,6_,nu14)*cFT(nu9,XX,i2,iufo3)*
         cFT(g7,XX,iufo3,i3)*flavourTag(fve,j11,j12)*Vec(nu14,q3)*Vec(nu9,q3)*
         Vec(nu15,q3)*p4.p4^2*d^-1*xiw*ufoGC81*ufoGC58^2*ufoGC69
          + 1/8*g_(1,6_,nu15)*FT1*g_(1,q2)*g_(2,6_,nu14)*cFT(nu9,XX,i2,iufo3)*
         cFT(g7,XX,iufo3,i3)*flavourTag(fve,j11,j12)*Vec(nu14,q2)*Vec(nu9,q2)*
         Vec(nu10,q2)^2*Vec(nu15,q2)*p4.p4*d^-1*xiw*ufoGC81*ufoGC58^2*ufoGC69
          + 1/8*g_(1,6_,nu15)*FT1*g_(1,q2)*g_(2,6_,nu14)*cFT(nu9,XX,i2,iufo3)*
         cFT(g7,XX,iufo3,i3)*flavourTag(fve,j11,j12)*Vec(nu14,q2)*Vec(nu9,q2)*
         Vec(nu10,q2)^2*Vec(nu15,q3)*p4.p4*d^-1*xiw*ufoGC81*ufoGC58^2*ufoGC69
          + 1/4*g_(1,6_,nu15)*FT1*g_(1,q2)*g_(2,6_,nu14)*cFT(nu9,XX,i2,iufo3)*
         cFT(g7,XX,iufo3,i3)*flavourTag(fve,j11,j12)*Vec(nu14,q2)*Vec(nu9,q2)*
         Vec(nu10,q2)*Vec(nu10,q3)*Vec(nu15,q2)*p4.p4*d^-1*xiw*ufoGC81*
         ufoGC58^2*ufoGC69
          + 1/4*g_(1,6_,nu15)*FT1*g_(1,q2)*g_(2,6_,nu14)*cFT(nu9,XX,i2,iufo3)*
         cFT(g7,XX,iufo3,i3)*flavourTag(fve,j11,j12)*Vec(nu14,q2)*Vec(nu9,q2)*
         Vec(nu10,q2)*Vec(nu10,q3)*Vec(nu15,q3)*p4.p4*d^-1*xiw*ufoGC81*
         ufoGC58^2*ufoGC69
          + 1/8*g_(1,6_,nu15)*FT1*g_(1,q2)*g_(2,6_,nu14)*cFT(nu9,XX,i2,iufo3)*
         cFT(g7,XX,iufo3,i3)*flavourTag(fve,j11,j12)*Vec(nu14,q2)*Vec(nu9,q2)*
         Vec(nu10,q3)^2*Vec(nu15,q2)*p4.p4*d^-1*xiw*ufoGC81*ufoGC58^2*ufoGC69
          + 1/8*g_(1,6_,nu15)*FT1*g_(1,q2)*g_(2,6_,nu14)*cFT(nu9,XX,i2,iufo3)*
         cFT(g7,XX,iufo3,i3)*flavourTag(fve,j11,j12)*Vec(nu14,q2)*Vec(nu9,q2)*
         Vec(nu10,q3)^2*Vec(nu15,q3)*p4.p4*d^-1*xiw*ufoGC81*ufoGC58^2*ufoGC69
          - 1/8*g_(1,6_,nu15)*FT1*g_(1,q2)*g_(2,6_,nu14)*cFT(nu9,XX,i2,iufo3)*
         cFT(g7,XX,iufo3,i3)*flavourTag(fve,j11,j12)*Vec(nu14,q2)*Vec(nu9,q2)*
         Vec(nu13,q2)^2*Vec(nu15,q2)*p4.p4*d^-1*xiw*ufoGC81*ufoGC58^2*ufoGC69
          - 1/8*g_(1,6_,nu15)*FT1*g_(1,q2)*g_(2,6_,nu14)*cFT(nu9,XX,i2,iufo3)*
         cFT(g7,XX,iufo3,i3)*flavourTag(fve,j11,j12)*Vec(nu14,q2)*Vec(nu9,q2)*
         Vec(nu13,q2)^2*Vec(nu15,q3)*p4.p4*d^-1*xiw*ufoGC81*ufoGC58^2*ufoGC69
          - 1/4*g_(1,6_,nu15)*FT1*g_(1,q2)*g_(2,6_,nu14)*cFT(nu9,XX,i2,iufo3)*
         cFT(g7,XX,iufo3,i3)*flavourTag(fve,j11,j12)*Vec(nu14,q2)*Vec(nu9,q2)*
         Vec(nu13,q2)*Vec(nu13,q3)*Vec(nu15,q2)*p4.p4*d^-1*xiw*ufoGC81*
         ufoGC58^2*ufoGC69
          - 1/4*g_(1,6_,nu15)*FT1*g_(1,q2)*g_(2,6_,nu14)*cFT(nu9,XX,i2,iufo3)*
         cFT(g7,XX,iufo3,i3)*flavourTag(fve,j11,j12)*Vec(nu14,q2)*Vec(nu9,q2)*
         Vec(nu13,q2)*Vec(nu13,q3)*Vec(nu15,q3)*p4.p4*d^-1*xiw*ufoGC81*
         ufoGC58^2*ufoGC69
          - 1/8*g_(1,6_,nu15)*FT1*g_(1,q2)*g_(2,6_,nu14)*cFT(nu9,XX,i2,iufo3)*
         cFT(g7,XX,iufo3,i3)*flavourTag(fve,j11,j12)*Vec(nu14,q2)*Vec(nu9,q2)*
         Vec(nu13,q3)^2*Vec(nu15,q2)*p4.p4*d^-1*xiw*ufoGC81*ufoGC58^2*ufoGC69
          - 1/8*g_(1,6_,nu15)*FT1*g_(1,q2)*g_(2,6_,nu14)*cFT(nu9,XX,i2,iufo3)*
         cFT(g7,XX,iufo3,i3)*flavourTag(fve,j11,j12)*Vec(nu14,q2)*Vec(nu9,q2)*
         Vec(nu13,q3)^2*Vec(nu15,q3)*p4.p4*d^-1*xiw*ufoGC81*ufoGC58^2*ufoGC69
          + 1/8*g_(1,6_,nu15)*FT1*g_(1,q2)*g_(2,6_,nu14)*cFT(nu9,XX,i2,iufo3)*
         cFT(g7,XX,iufo3,i3)*flavourTag(fve,j11,j12)*Vec(nu14,q2)*Vec(nu9,q2)*
         Vec(nu15,q2)*p4.p4^2*d^-1*xiw*ufoGC81*ufoGC58^2*ufoGC69
          + 1/8*g_(1,6_,nu15)*FT1*g_(1,q2)*g_(2,6_,nu14)*cFT(nu9,XX,i2,iufo3)*
         cFT(g7,XX,iufo3,i3)*flavourTag(fve,j11,j12)*Vec(nu14,q2)*Vec(nu9,q2)*
         Vec(nu15,q3)*p4.p4^2*d^-1*xiw*ufoGC81*ufoGC58^2*ufoGC69
          + 1/8*g_(1,6_,nu15)*FT1*g_(1,q2)*g_(2,6_,nu14)*cFT(nu9,XX,i2,iufo3)*
         cFT(g7,XX,iufo3,i3)*flavourTag(fve,j11,j12)*Vec(nu14,q2)*Vec(nu9,q3)*
         Vec(nu10,q2)^2*Vec(nu15,q2)*p4.p4*d^-1*xiw*ufoGC81*ufoGC58^2*ufoGC69
          + 1/8*g_(1,6_,nu15)*FT1*g_(1,q2)*g_(2,6_,nu14)*cFT(nu9,XX,i2,iufo3)*
         cFT(g7,XX,iufo3,i3)*flavourTag(fve,j11,j12)*Vec(nu14,q2)*Vec(nu9,q3)*
         Vec(nu10,q2)^2*Vec(nu15,q3)*p4.p4*d^-1*xiw*ufoGC81*ufoGC58^2*ufoGC69
          + 1/4*g_(1,6_,nu15)*FT1*g_(1,q2)*g_(2,6_,nu14)*cFT(nu9,XX,i2,iufo3)*
         cFT(g7,XX,iufo3,i3)*flavourTag(fve,j11,j12)*Vec(nu14,q2)*Vec(nu9,q3)*
         Vec(nu10,q2)*Vec(nu10,q3)*Vec(nu15,q2)*p4.p4*d^-1*xiw*ufoGC81*
         ufoGC58^2*ufoGC69
          + 1/4*g_(1,6_,nu15)*FT1*g_(1,q2)*g_(2,6_,nu14)*cFT(nu9,XX,i2,iufo3)*
         cFT(g7,XX,iufo3,i3)*flavourTag(fve,j11,j12)*Vec(nu14,q2)*Vec(nu9,q3)*
         Vec(nu10,q2)*Vec(nu10,q3)*Vec(nu15,q3)*p4.p4*d^-1*xiw*ufoGC81*
         ufoGC58^2*ufoGC69
          + 1/8*g_(1,6_,nu15)*FT1*g_(1,q2)*g_(2,6_,nu14)*cFT(nu9,XX,i2,iufo3)*
         cFT(g7,XX,iufo3,i3)*flavourTag(fve,j11,j12)*Vec(nu14,q2)*Vec(nu9,q3)*
         Vec(nu10,q3)^2*Vec(nu15,q2)*p4.p4*d^-1*xiw*ufoGC81*ufoGC58^2*ufoGC69
          + 1/8*g_(1,6_,nu15)*FT1*g_(1,q2)*g_(2,6_,nu14)*cFT(nu9,XX,i2,iufo3)*
         cFT(g7,XX,iufo3,i3)*flavourTag(fve,j11,j12)*Vec(nu14,q2)*Vec(nu9,q3)*
         Vec(nu10,q3)^2*Vec(nu15,q3)*p4.p4*d^-1*xiw*ufoGC81*ufoGC58^2*ufoGC69
          - 1/8*g_(1,6_,nu15)*FT1*g_(1,q2)*g_(2,6_,nu14)*cFT(nu9,XX,i2,iufo3)*
         cFT(g7,XX,iufo3,i3)*flavourTag(fve,j11,j12)*Vec(nu14,q2)*Vec(nu9,q3)*
         Vec(nu13,q2)^2*Vec(nu15,q2)*p4.p4*d^-1*xiw*ufoGC81*ufoGC58^2*ufoGC69
          - 1/8*g_(1,6_,nu15)*FT1*g_(1,q2)*g_(2,6_,nu14)*cFT(nu9,XX,i2,iufo3)*
         cFT(g7,XX,iufo3,i3)*flavourTag(fve,j11,j12)*Vec(nu14,q2)*Vec(nu9,q3)*
         Vec(nu13,q2)^2*Vec(nu15,q3)*p4.p4*d^-1*xiw*ufoGC81*ufoGC58^2*ufoGC69
          - 1/4*g_(1,6_,nu15)*FT1*g_(1,q2)*g_(2,6_,nu14)*cFT(nu9,XX,i2,iufo3)*
         cFT(g7,XX,iufo3,i3)*flavourTag(fve,j11,j12)*Vec(nu14,q2)*Vec(nu9,q3)*
         Vec(nu13,q2)*Vec(nu13,q3)*Vec(nu15,q2)*p4.p4*d^-1*xiw*ufoGC81*
         ufoGC58^2*ufoGC69
          - 1/4*g_(1,6_,nu15)*FT1*g_(1,q2)*g_(2,6_,nu14)*cFT(nu9,XX,i2,iufo3)*
         cFT(g7,XX,iufo3,i3)*flavourTag(fve,j11,j12)*Vec(nu14,q2)*Vec(nu9,q3)*
         Vec(nu13,q2)*Vec(nu13,q3)*Vec(nu15,q3)*p4.p4*d^-1*xiw*ufoGC81*
         ufoGC58^2*ufoGC69
          - 1/8*g_(1,6_,nu15)*FT1*g_(1,q2)*g_(2,6_,nu14)*cFT(nu9,XX,i2,iufo3)*
         cFT(g7,XX,iufo3,i3)*flavourTag(fve,j11,j12)*Vec(nu14,q2)*Vec(nu9,q3)*
         Vec(nu13,q3)^2*Vec(nu15,q2)*p4.p4*d^-1*xiw*ufoGC81*ufoGC58^2*ufoGC69
          - 1/8*g_(1,6_,nu15)*FT1*g_(1,q2)*g_(2,6_,nu14)*cFT(nu9,XX,i2,iufo3)*
         cFT(g7,XX,iufo3,i3)*flavourTag(fve,j11,j12)*Vec(nu14,q2)*Vec(nu9,q3)*
         Vec(nu13,q3)^2*Vec(nu15,q3)*p4.p4*d^-1*xiw*ufoGC81*ufoGC58^2*ufoGC69
          + 1/8*g_(1,6_,nu15)*FT1*g_(1,q2)*g_(2,6_,nu14)*cFT(nu9,XX,i2,iufo3)*
         cFT(g7,XX,iufo3,i3)*flavourTag(fve,j11,j12)*Vec(nu14,q2)*Vec(nu9,q3)*
         Vec(nu15,q2)*p4.p4^2*d^-1*xiw*ufoGC81*ufoGC58^2*ufoGC69
          + 1/8*g_(1,6_,nu15)*FT1*g_(1,q2)*g_(2,6_,nu14)*cFT(nu9,XX,i2,iufo3)*
         cFT(g7,XX,iufo3,i3)*flavourTag(fve,j11,j12)*Vec(nu14,q2)*Vec(nu9,q3)*
         Vec(nu15,q3)*p4.p4^2*d^-1*xiw*ufoGC81*ufoGC58^2*ufoGC69
          + 1/8*g_(1,6_,nu15)*FT1*g_(1,q2)*g_(2,6_,nu14)*cFT(nu9,XX,i2,iufo3)*
         cFT(g7,XX,iufo3,i3)*flavourTag(fve,j11,j12)*Vec(nu14,q3)*Vec(nu9,q2)*
         Vec(nu10,q2)^2*Vec(nu15,q2)*p4.p4*d^-1*xiw*ufoGC81*ufoGC58^2*ufoGC69
          + 1/8*g_(1,6_,nu15)*FT1*g_(1,q2)*g_(2,6_,nu14)*cFT(nu9,XX,i2,iufo3)*
         cFT(g7,XX,iufo3,i3)*flavourTag(fve,j11,j12)*Vec(nu14,q3)*Vec(nu9,q2)*
         Vec(nu10,q2)^2*Vec(nu15,q3)*p4.p4*d^-1*xiw*ufoGC81*ufoGC58^2*ufoGC69
          + 1/4*g_(1,6_,nu15)*FT1*g_(1,q2)*g_(2,6_,nu14)*cFT(nu9,XX,i2,iufo3)*
         cFT(g7,XX,iufo3,i3)*flavourTag(fve,j11,j12)*Vec(nu14,q3)*Vec(nu9,q2)*
         Vec(nu10,q2)*Vec(nu10,q3)*Vec(nu15,q2)*p4.p4*d^-1*xiw*ufoGC81*
         ufoGC58^2*ufoGC69
          + 1/4*g_(1,6_,nu15)*FT1*g_(1,q2)*g_(2,6_,nu14)*cFT(nu9,XX,i2,iufo3)*
         cFT(g7,XX,iufo3,i3)*flavourTag(fve,j11,j12)*Vec(nu14,q3)*Vec(nu9,q2)*
         Vec(nu10,q2)*Vec(nu10,q3)*Vec(nu15,q3)*p4.p4*d^-1*xiw*ufoGC81*
         ufoGC58^2*ufoGC69
          + 1/8*g_(1,6_,nu15)*FT1*g_(1,q2)*g_(2,6_,nu14)*cFT(nu9,XX,i2,iufo3)*
         cFT(g7,XX,iufo3,i3)*flavourTag(fve,j11,j12)*Vec(nu14,q3)*Vec(nu9,q2)*
         Vec(nu10,q3)^2*Vec(nu15,q2)*p4.p4*d^-1*xiw*ufoGC81*ufoGC58^2*ufoGC69
          + 1/8*g_(1,6_,nu15)*FT1*g_(1,q2)*g_(2,6_,nu14)*cFT(nu9,XX,i2,iufo3)*
         cFT(g7,XX,iufo3,i3)*flavourTag(fve,j11,j12)*Vec(nu14,q3)*Vec(nu9,q2)*
         Vec(nu10,q3)^2*Vec(nu15,q3)*p4.p4*d^-1*xiw*ufoGC81*ufoGC58^2*ufoGC69
          - 1/8*g_(1,6_,nu15)*FT1*g_(1,q2)*g_(2,6_,nu14)*cFT(nu9,XX,i2,iufo3)*
         cFT(g7,XX,iufo3,i3)*flavourTag(fve,j11,j12)*Vec(nu14,q3)*Vec(nu9,q2)*
         Vec(nu13,q2)^2*Vec(nu15,q2)*p4.p4*d^-1*xiw*ufoGC81*ufoGC58^2*ufoGC69
          - 1/8*g_(1,6_,nu15)*FT1*g_(1,q2)*g_(2,6_,nu14)*cFT(nu9,XX,i2,iufo3)*
         cFT(g7,XX,iufo3,i3)*flavourTag(fve,j11,j12)*Vec(nu14,q3)*Vec(nu9,q2)*
         Vec(nu13,q2)^2*Vec(nu15,q3)*p4.p4*d^-1*xiw*ufoGC81*ufoGC58^2*ufoGC69
          - 1/4*g_(1,6_,nu15)*FT1*g_(1,q2)*g_(2,6_,nu14)*cFT(nu9,XX,i2,iufo3)*
         cFT(g7,XX,iufo3,i3)*flavourTag(fve,j11,j12)*Vec(nu14,q3)*Vec(nu9,q2)*
         Vec(nu13,q2)*Vec(nu13,q3)*Vec(nu15,q2)*p4.p4*d^-1*xiw*ufoGC81*
         ufoGC58^2*ufoGC69
          - 1/4*g_(1,6_,nu15)*FT1*g_(1,q2)*g_(2,6_,nu14)*cFT(nu9,XX,i2,iufo3)*
         cFT(g7,XX,iufo3,i3)*flavourTag(fve,j11,j12)*Vec(nu14,q3)*Vec(nu9,q2)*
         Vec(nu13,q2)*Vec(nu13,q3)*Vec(nu15,q3)*p4.p4*d^-1*xiw*ufoGC81*
         ufoGC58^2*ufoGC69
          - 1/8*g_(1,6_,nu15)*FT1*g_(1,q2)*g_(2,6_,nu14)*cFT(nu9,XX,i2,iufo3)*
         cFT(g7,XX,iufo3,i3)*flavourTag(fve,j11,j12)*Vec(nu14,q3)*Vec(nu9,q2)*
         Vec(nu13,q3)^2*Vec(nu15,q2)*p4.p4*d^-1*xiw*ufoGC81*ufoGC58^2*ufoGC69
          - 1/8*g_(1,6_,nu15)*FT1*g_(1,q2)*g_(2,6_,nu14)*cFT(nu9,XX,i2,iufo3)*
         cFT(g7,XX,iufo3,i3)*flavourTag(fve,j11,j12)*Vec(nu14,q3)*Vec(nu9,q2)*
         Vec(nu13,q3)^2*Vec(nu15,q3)*p4.p4*d^-1*xiw*ufoGC81*ufoGC58^2*ufoGC69
          + 1/8*g_(1,6_,nu15)*FT1*g_(1,q2)*g_(2,6_,nu14)*cFT(nu9,XX,i2,iufo3)*
         cFT(g7,XX,iufo3,i3)*flavourTag(fve,j11,j12)*Vec(nu14,q3)*Vec(nu9,q2)*
         Vec(nu15,q2)*p4.p4^2*d^-1*xiw*ufoGC81*ufoGC58^2*ufoGC69
          + 1/8*g_(1,6_,nu15)*FT1*g_(1,q2)*g_(2,6_,nu14)*cFT(nu9,XX,i2,iufo3)*
         cFT(g7,XX,iufo3,i3)*flavourTag(fve,j11,j12)*Vec(nu14,q3)*Vec(nu9,q2)*
         Vec(nu15,q3)*p4.p4^2*d^-1*xiw*ufoGC81*ufoGC58^2*ufoGC69
          + 1/8*g_(1,6_,nu15)*FT1*g_(1,q2)*g_(2,6_,nu14)*cFT(nu9,XX,i2,iufo3)*
         cFT(g7,XX,iufo3,i3)*flavourTag(fve,j11,j12)*Vec(nu14,q3)*Vec(nu9,q3)*
         Vec(nu10,q2)^2*Vec(nu15,q2)*p4.p4*d^-1*xiw*ufoGC81*ufoGC58^2*ufoGC69
          + 1/8*g_(1,6_,nu15)*FT1*g_(1,q2)*g_(2,6_,nu14)*cFT(nu9,XX,i2,iufo3)*
         cFT(g7,XX,iufo3,i3)*flavourTag(fve,j11,j12)*Vec(nu14,q3)*Vec(nu9,q3)*
         Vec(nu10,q2)^2*Vec(nu15,q3)*p4.p4*d^-1*xiw*ufoGC81*ufoGC58^2*ufoGC69
          + 1/4*g_(1,6_,nu15)*FT1*g_(1,q2)*g_(2,6_,nu14)*cFT(nu9,XX,i2,iufo3)*
         cFT(g7,XX,iufo3,i3)*flavourTag(fve,j11,j12)*Vec(nu14,q3)*Vec(nu9,q3)*
         Vec(nu10,q2)*Vec(nu10,q3)*Vec(nu15,q2)*p4.p4*d^-1*xiw*ufoGC81*
         ufoGC58^2*ufoGC69
          + 1/4*g_(1,6_,nu15)*FT1*g_(1,q2)*g_(2,6_,nu14)*cFT(nu9,XX,i2,iufo3)*
         cFT(g7,XX,iufo3,i3)*flavourTag(fve,j11,j12)*Vec(nu14,q3)*Vec(nu9,q3)*
         Vec(nu10,q2)*Vec(nu10,q3)*Vec(nu15,q3)*p4.p4*d^-1*xiw*ufoGC81*
         ufoGC58^2*ufoGC69
          + 1/8*g_(1,6_,nu15)*FT1*g_(1,q2)*g_(2,6_,nu14)*cFT(nu9,XX,i2,iufo3)*
         cFT(g7,XX,iufo3,i3)*flavourTag(fve,j11,j12)*Vec(nu14,q3)*Vec(nu9,q3)*
         Vec(nu10,q3)^2*Vec(nu15,q2)*p4.p4*d^-1*xiw*ufoGC81*ufoGC58^2*ufoGC69
          + 1/8*g_(1,6_,nu15)*FT1*g_(1,q2)*g_(2,6_,nu14)*cFT(nu9,XX,i2,iufo3)*
         cFT(g7,XX,iufo3,i3)*flavourTag(fve,j11,j12)*Vec(nu14,q3)*Vec(nu9,q3)*
         Vec(nu10,q3)^2*Vec(nu15,q3)*p4.p4*d^-1*xiw*ufoGC81*ufoGC58^2*ufoGC69
          - 1/8*g_(1,6_,nu15)*FT1*g_(1,q2)*g_(2,6_,nu14)*cFT(nu9,XX,i2,iufo3)*
         cFT(g7,XX,iufo3,i3)*flavourTag(fve,j11,j12)*Vec(nu14,q3)*Vec(nu9,q3)*
         Vec(nu13,q2)^2*Vec(nu15,q2)*p4.p4*d^-1*xiw*ufoGC81*ufoGC58^2*ufoGC69
          - 1/8*g_(1,6_,nu15)*FT1*g_(1,q2)*g_(2,6_,nu14)*cFT(nu9,XX,i2,iufo3)*
         cFT(g7,XX,iufo3,i3)*flavourTag(fve,j11,j12)*Vec(nu14,q3)*Vec(nu9,q3)*
         Vec(nu13,q2)^2*Vec(nu15,q3)*p4.p4*d^-1*xiw*ufoGC81*ufoGC58^2*ufoGC69
          - 1/4*g_(1,6_,nu15)*FT1*g_(1,q2)*g_(2,6_,nu14)*cFT(nu9,XX,i2,iufo3)*
         cFT(g7,XX,iufo3,i3)*flavourTag(fve,j11,j12)*Vec(nu14,q3)*Vec(nu9,q3)*
         Vec(nu13,q2)*Vec(nu13,q3)*Vec(nu15,q2)*p4.p4*d^-1*xiw*ufoGC81*
         ufoGC58^2*ufoGC69
          - 1/4*g_(1,6_,nu15)*FT1*g_(1,q2)*g_(2,6_,nu14)*cFT(nu9,XX,i2,iufo3)*
         cFT(g7,XX,iufo3,i3)*flavourTag(fve,j11,j12)*Vec(nu14,q3)*Vec(nu9,q3)*
         Vec(nu13,q2)*Vec(nu13,q3)*Vec(nu15,q3)*p4.p4*d^-1*xiw*ufoGC81*
         ufoGC58^2*ufoGC69
          - 1/8*g_(1,6_,nu15)*FT1*g_(1,q2)*g_(2,6_,nu14)*cFT(nu9,XX,i2,iufo3)*
         cFT(g7,XX,iufo3,i3)*flavourTag(fve,j11,j12)*Vec(nu14,q3)*Vec(nu9,q3)*
         Vec(nu13,q3)^2*Vec(nu15,q2)*p4.p4*d^-1*xiw*ufoGC81*ufoGC58^2*ufoGC69
          - 1/8*g_(1,6_,nu15)*FT1*g_(1,q2)*g_(2,6_,nu14)*cFT(nu9,XX,i2,iufo3)*
         cFT(g7,XX,iufo3,i3)*flavourTag(fve,j11,j12)*Vec(nu14,q3)*Vec(nu9,q3)*
         Vec(nu13,q3)^2*Vec(nu15,q3)*p4.p4*d^-1*xiw*ufoGC81*ufoGC58^2*ufoGC69
          + 1/8*g_(1,6_,nu15)*FT1*g_(1,q2)*g_(2,6_,nu14)*cFT(nu9,XX,i2,iufo3)*
         cFT(g7,XX,iufo3,i3)*flavourTag(fve,j11,j12)*Vec(nu14,q3)*Vec(nu9,q3)*
         Vec(nu15,q2)*p4.p4^2*d^-1*xiw*ufoGC81*ufoGC58^2*ufoGC69
          + 1/8*g_(1,6_,nu15)*FT1*g_(1,q2)*g_(2,6_,nu14)*cFT(nu9,XX,i2,iufo3)*
         cFT(g7,XX,iufo3,i3)*flavourTag(fve,j11,j12)*Vec(nu14,q3)*Vec(nu9,q3)*
         Vec(nu15,q3)*p4.p4^2*d^-1*xiw*ufoGC81*ufoGC58^2*ufoGC69
          + 1/8*g_(1,6_,nu15)*FT1*g_(1,q3)*g_(2,6_,nu14)*cFT(nu9,XX,i2,iufo3)*
         cFT(g7,XX,iufo3,i3)*flavourTag(fve,j11,j12)*Vec(nu14,q2)*Vec(nu9,q2)*
         Vec(nu10,q2)^2*Vec(nu15,q2)*p4.p4*d^-1*xiw*ufoGC81*ufoGC58^2*ufoGC69
          + 1/8*g_(1,6_,nu15)*FT1*g_(1,q3)*g_(2,6_,nu14)*cFT(nu9,XX,i2,iufo3)*
         cFT(g7,XX,iufo3,i3)*flavourTag(fve,j11,j12)*Vec(nu14,q2)*Vec(nu9,q2)*
         Vec(nu10,q2)^2*Vec(nu15,q3)*p4.p4*d^-1*xiw*ufoGC81*ufoGC58^2*ufoGC69
          + 1/4*g_(1,6_,nu15)*FT1*g_(1,q3)*g_(2,6_,nu14)*cFT(nu9,XX,i2,iufo3)*
         cFT(g7,XX,iufo3,i3)*flavourTag(fve,j11,j12)*Vec(nu14,q2)*Vec(nu9,q2)*
         Vec(nu10,q2)*Vec(nu10,q3)*Vec(nu15,q2)*p4.p4*d^-1*xiw*ufoGC81*
         ufoGC58^2*ufoGC69
          + 1/4*g_(1,6_,nu15)*FT1*g_(1,q3)*g_(2,6_,nu14)*cFT(nu9,XX,i2,iufo3)*
         cFT(g7,XX,iufo3,i3)*flavourTag(fve,j11,j12)*Vec(nu14,q2)*Vec(nu9,q2)*
         Vec(nu10,q2)*Vec(nu10,q3)*Vec(nu15,q3)*p4.p4*d^-1*xiw*ufoGC81*
         ufoGC58^2*ufoGC69
          + 1/8*g_(1,6_,nu15)*FT1*g_(1,q3)*g_(2,6_,nu14)*cFT(nu9,XX,i2,iufo3)*
         cFT(g7,XX,iufo3,i3)*flavourTag(fve,j11,j12)*Vec(nu14,q2)*Vec(nu9,q2)*
         Vec(nu10,q3)^2*Vec(nu15,q2)*p4.p4*d^-1*xiw*ufoGC81*ufoGC58^2*ufoGC69
          + 1/8*g_(1,6_,nu15)*FT1*g_(1,q3)*g_(2,6_,nu14)*cFT(nu9,XX,i2,iufo3)*
         cFT(g7,XX,iufo3,i3)*flavourTag(fve,j11,j12)*Vec(nu14,q2)*Vec(nu9,q2)*
         Vec(nu10,q3)^2*Vec(nu15,q3)*p4.p4*d^-1*xiw*ufoGC81*ufoGC58^2*ufoGC69
          - 1/8*g_(1,6_,nu15)*FT1*g_(1,q3)*g_(2,6_,nu14)*cFT(nu9,XX,i2,iufo3)*
         cFT(g7,XX,iufo3,i3)*flavourTag(fve,j11,j12)*Vec(nu14,q2)*Vec(nu9,q2)*
         Vec(nu13,q2)^2*Vec(nu15,q2)*p4.p4*d^-1*xiw*ufoGC81*ufoGC58^2*ufoGC69
          - 1/8*g_(1,6_,nu15)*FT1*g_(1,q3)*g_(2,6_,nu14)*cFT(nu9,XX,i2,iufo3)*
         cFT(g7,XX,iufo3,i3)*flavourTag(fve,j11,j12)*Vec(nu14,q2)*Vec(nu9,q2)*
         Vec(nu13,q2)^2*Vec(nu15,q3)*p4.p4*d^-1*xiw*ufoGC81*ufoGC58^2*ufoGC69
          - 1/4*g_(1,6_,nu15)*FT1*g_(1,q3)*g_(2,6_,nu14)*cFT(nu9,XX,i2,iufo3)*
         cFT(g7,XX,iufo3,i3)*flavourTag(fve,j11,j12)*Vec(nu14,q2)*Vec(nu9,q2)*
         Vec(nu13,q2)*Vec(nu13,q3)*Vec(nu15,q2)*p4.p4*d^-1*xiw*ufoGC81*
         ufoGC58^2*ufoGC69
          - 1/4*g_(1,6_,nu15)*FT1*g_(1,q3)*g_(2,6_,nu14)*cFT(nu9,XX,i2,iufo3)*
         cFT(g7,XX,iufo3,i3)*flavourTag(fve,j11,j12)*Vec(nu14,q2)*Vec(nu9,q2)*
         Vec(nu13,q2)*Vec(nu13,q3)*Vec(nu15,q3)*p4.p4*d^-1*xiw*ufoGC81*
         ufoGC58^2*ufoGC69
          - 1/8*g_(1,6_,nu15)*FT1*g_(1,q3)*g_(2,6_,nu14)*cFT(nu9,XX,i2,iufo3)*
         cFT(g7,XX,iufo3,i3)*flavourTag(fve,j11,j12)*Vec(nu14,q2)*Vec(nu9,q2)*
         Vec(nu13,q3)^2*Vec(nu15,q2)*p4.p4*d^-1*xiw*ufoGC81*ufoGC58^2*ufoGC69
          - 1/8*g_(1,6_,nu15)*FT1*g_(1,q3)*g_(2,6_,nu14)*cFT(nu9,XX,i2,iufo3)*
         cFT(g7,XX,iufo3,i3)*flavourTag(fve,j11,j12)*Vec(nu14,q2)*Vec(nu9,q2)*
         Vec(nu13,q3)^2*Vec(nu15,q3)*p4.p4*d^-1*xiw*ufoGC81*ufoGC58^2*ufoGC69
          + 1/8*g_(1,6_,nu15)*FT1*g_(1,q3)*g_(2,6_,nu14)*cFT(nu9,XX,i2,iufo3)*
         cFT(g7,XX,iufo3,i3)*flavourTag(fve,j11,j12)*Vec(nu14,q2)*Vec(nu9,q2)*
         Vec(nu15,q2)*p4.p4^2*d^-1*xiw*ufoGC81*ufoGC58^2*ufoGC69
          + 1/8*g_(1,6_,nu15)*FT1*g_(1,q3)*g_(2,6_,nu14)*cFT(nu9,XX,i2,iufo3)*
         cFT(g7,XX,iufo3,i3)*flavourTag(fve,j11,j12)*Vec(nu14,q2)*Vec(nu9,q2)*
         Vec(nu15,q3)*p4.p4^2*d^-1*xiw*ufoGC81*ufoGC58^2*ufoGC69
          + 1/8*g_(1,6_,nu15)*FT1*g_(1,q3)*g_(2,6_,nu14)*cFT(nu9,XX,i2,iufo3)*
         cFT(g7,XX,iufo3,i3)*flavourTag(fve,j11,j12)*Vec(nu14,q2)*Vec(nu9,q3)*
         Vec(nu10,q2)^2*Vec(nu15,q2)*p4.p4*d^-1*xiw*ufoGC81*ufoGC58^2*ufoGC69
          + 1/8*g_(1,6_,nu15)*FT1*g_(1,q3)*g_(2,6_,nu14)*cFT(nu9,XX,i2,iufo3)*
         cFT(g7,XX,iufo3,i3)*flavourTag(fve,j11,j12)*Vec(nu14,q2)*Vec(nu9,q3)*
         Vec(nu10,q2)^2*Vec(nu15,q3)*p4.p4*d^-1*xiw*ufoGC81*ufoGC58^2*ufoGC69
          + 1/4*g_(1,6_,nu15)*FT1*g_(1,q3)*g_(2,6_,nu14)*cFT(nu9,XX,i2,iufo3)*
         cFT(g7,XX,iufo3,i3)*flavourTag(fve,j11,j12)*Vec(nu14,q2)*Vec(nu9,q3)*
         Vec(nu10,q2)*Vec(nu10,q3)*Vec(nu15,q2)*p4.p4*d^-1*xiw*ufoGC81*
         ufoGC58^2*ufoGC69
          + 1/4*g_(1,6_,nu15)*FT1*g_(1,q3)*g_(2,6_,nu14)*cFT(nu9,XX,i2,iufo3)*
         cFT(g7,XX,iufo3,i3)*flavourTag(fve,j11,j12)*Vec(nu14,q2)*Vec(nu9,q3)*
         Vec(nu10,q2)*Vec(nu10,q3)*Vec(nu15,q3)*p4.p4*d^-1*xiw*ufoGC81*
         ufoGC58^2*ufoGC69
          + 1/8*g_(1,6_,nu15)*FT1*g_(1,q3)*g_(2,6_,nu14)*cFT(nu9,XX,i2,iufo3)*
         cFT(g7,XX,iufo3,i3)*flavourTag(fve,j11,j12)*Vec(nu14,q2)*Vec(nu9,q3)*
         Vec(nu10,q3)^2*Vec(nu15,q2)*p4.p4*d^-1*xiw*ufoGC81*ufoGC58^2*ufoGC69
          + 1/8*g_(1,6_,nu15)*FT1*g_(1,q3)*g_(2,6_,nu14)*cFT(nu9,XX,i2,iufo3)*
         cFT(g7,XX,iufo3,i3)*flavourTag(fve,j11,j12)*Vec(nu14,q2)*Vec(nu9,q3)*
         Vec(nu10,q3)^2*Vec(nu15,q3)*p4.p4*d^-1*xiw*ufoGC81*ufoGC58^2*ufoGC69
          - 1/8*g_(1,6_,nu15)*FT1*g_(1,q3)*g_(2,6_,nu14)*cFT(nu9,XX,i2,iufo3)*
         cFT(g7,XX,iufo3,i3)*flavourTag(fve,j11,j12)*Vec(nu14,q2)*Vec(nu9,q3)*
         Vec(nu13,q2)^2*Vec(nu15,q2)*p4.p4*d^-1*xiw*ufoGC81*ufoGC58^2*ufoGC69
          - 1/8*g_(1,6_,nu15)*FT1*g_(1,q3)*g_(2,6_,nu14)*cFT(nu9,XX,i2,iufo3)*
         cFT(g7,XX,iufo3,i3)*flavourTag(fve,j11,j12)*Vec(nu14,q2)*Vec(nu9,q3)*
         Vec(nu13,q2)^2*Vec(nu15,q3)*p4.p4*d^-1*xiw*ufoGC81*ufoGC58^2*ufoGC69
          - 1/4*g_(1,6_,nu15)*FT1*g_(1,q3)*g_(2,6_,nu14)*cFT(nu9,XX,i2,iufo3)*
         cFT(g7,XX,iufo3,i3)*flavourTag(fve,j11,j12)*Vec(nu14,q2)*Vec(nu9,q3)*
         Vec(nu13,q2)*Vec(nu13,q3)*Vec(nu15,q2)*p4.p4*d^-1*xiw*ufoGC81*
         ufoGC58^2*ufoGC69
          - 1/4*g_(1,6_,nu15)*FT1*g_(1,q3)*g_(2,6_,nu14)*cFT(nu9,XX,i2,iufo3)*
         cFT(g7,XX,iufo3,i3)*flavourTag(fve,j11,j12)*Vec(nu14,q2)*Vec(nu9,q3)*
         Vec(nu13,q2)*Vec(nu13,q3)*Vec(nu15,q3)*p4.p4*d^-1*xiw*ufoGC81*
         ufoGC58^2*ufoGC69
          - 1/8*g_(1,6_,nu15)*FT1*g_(1,q3)*g_(2,6_,nu14)*cFT(nu9,XX,i2,iufo3)*
         cFT(g7,XX,iufo3,i3)*flavourTag(fve,j11,j12)*Vec(nu14,q2)*Vec(nu9,q3)*
         Vec(nu13,q3)^2*Vec(nu15,q2)*p4.p4*d^-1*xiw*ufoGC81*ufoGC58^2*ufoGC69
          - 1/8*g_(1,6_,nu15)*FT1*g_(1,q3)*g_(2,6_,nu14)*cFT(nu9,XX,i2,iufo3)*
         cFT(g7,XX,iufo3,i3)*flavourTag(fve,j11,j12)*Vec(nu14,q2)*Vec(nu9,q3)*
         Vec(nu13,q3)^2*Vec(nu15,q3)*p4.p4*d^-1*xiw*ufoGC81*ufoGC58^2*ufoGC69
          + 1/8*g_(1,6_,nu15)*FT1*g_(1,q3)*g_(2,6_,nu14)*cFT(nu9,XX,i2,iufo3)*
         cFT(g7,XX,iufo3,i3)*flavourTag(fve,j11,j12)*Vec(nu14,q2)*Vec(nu9,q3)*
         Vec(nu15,q2)*p4.p4^2*d^-1*xiw*ufoGC81*ufoGC58^2*ufoGC69
          + 1/8*g_(1,6_,nu15)*FT1*g_(1,q3)*g_(2,6_,nu14)*cFT(nu9,XX,i2,iufo3)*
         cFT(g7,XX,iufo3,i3)*flavourTag(fve,j11,j12)*Vec(nu14,q2)*Vec(nu9,q3)*
         Vec(nu15,q3)*p4.p4^2*d^-1*xiw*ufoGC81*ufoGC58^2*ufoGC69
          + 1/8*g_(1,6_,nu15)*FT1*g_(1,q3)*g_(2,6_,nu14)*cFT(nu9,XX,i2,iufo3)*
         cFT(g7,XX,iufo3,i3)*flavourTag(fve,j11,j12)*Vec(nu14,q3)*Vec(nu9,q2)*
         Vec(nu10,q2)^2*Vec(nu15,q2)*p4.p4*d^-1*xiw*ufoGC81*ufoGC58^2*ufoGC69
          + 1/8*g_(1,6_,nu15)*FT1*g_(1,q3)*g_(2,6_,nu14)*cFT(nu9,XX,i2,iufo3)*
         cFT(g7,XX,iufo3,i3)*flavourTag(fve,j11,j12)*Vec(nu14,q3)*Vec(nu9,q2)*
         Vec(nu10,q2)^2*Vec(nu15,q3)*p4.p4*d^-1*xiw*ufoGC81*ufoGC58^2*ufoGC69
          + 1/4*g_(1,6_,nu15)*FT1*g_(1,q3)*g_(2,6_,nu14)*cFT(nu9,XX,i2,iufo3)*
         cFT(g7,XX,iufo3,i3)*flavourTag(fve,j11,j12)*Vec(nu14,q3)*Vec(nu9,q2)*
         Vec(nu10,q2)*Vec(nu10,q3)*Vec(nu15,q2)*p4.p4*d^-1*xiw*ufoGC81*
         ufoGC58^2*ufoGC69
          + 1/4*g_(1,6_,nu15)*FT1*g_(1,q3)*g_(2,6_,nu14)*cFT(nu9,XX,i2,iufo3)*
         cFT(g7,XX,iufo3,i3)*flavourTag(fve,j11,j12)*Vec(nu14,q3)*Vec(nu9,q2)*
         Vec(nu10,q2)*Vec(nu10,q3)*Vec(nu15,q3)*p4.p4*d^-1*xiw*ufoGC81*
         ufoGC58^2*ufoGC69
          + 1/8*g_(1,6_,nu15)*FT1*g_(1,q3)*g_(2,6_,nu14)*cFT(nu9,XX,i2,iufo3)*
         cFT(g7,XX,iufo3,i3)*flavourTag(fve,j11,j12)*Vec(nu14,q3)*Vec(nu9,q2)*
         Vec(nu10,q3)^2*Vec(nu15,q2)*p4.p4*d^-1*xiw*ufoGC81*ufoGC58^2*ufoGC69
          + 1/8*g_(1,6_,nu15)*FT1*g_(1,q3)*g_(2,6_,nu14)*cFT(nu9,XX,i2,iufo3)*
         cFT(g7,XX,iufo3,i3)*flavourTag(fve,j11,j12)*Vec(nu14,q3)*Vec(nu9,q2)*
         Vec(nu10,q3)^2*Vec(nu15,q3)*p4.p4*d^-1*xiw*ufoGC81*ufoGC58^2*ufoGC69
          - 1/8*g_(1,6_,nu15)*FT1*g_(1,q3)*g_(2,6_,nu14)*cFT(nu9,XX,i2,iufo3)*
         cFT(g7,XX,iufo3,i3)*flavourTag(fve,j11,j12)*Vec(nu14,q3)*Vec(nu9,q2)*
         Vec(nu13,q2)^2*Vec(nu15,q2)*p4.p4*d^-1*xiw*ufoGC81*ufoGC58^2*ufoGC69
          - 1/8*g_(1,6_,nu15)*FT1*g_(1,q3)*g_(2,6_,nu14)*cFT(nu9,XX,i2,iufo3)*
         cFT(g7,XX,iufo3,i3)*flavourTag(fve,j11,j12)*Vec(nu14,q3)*Vec(nu9,q2)*
         Vec(nu13,q2)^2*Vec(nu15,q3)*p4.p4*d^-1*xiw*ufoGC81*ufoGC58^2*ufoGC69
          - 1/4*g_(1,6_,nu15)*FT1*g_(1,q3)*g_(2,6_,nu14)*cFT(nu9,XX,i2,iufo3)*
         cFT(g7,XX,iufo3,i3)*flavourTag(fve,j11,j12)*Vec(nu14,q3)*Vec(nu9,q2)*
         Vec(nu13,q2)*Vec(nu13,q3)*Vec(nu15,q2)*p4.p4*d^-1*xiw*ufoGC81*
         ufoGC58^2*ufoGC69
          - 1/4*g_(1,6_,nu15)*FT1*g_(1,q3)*g_(2,6_,nu14)*cFT(nu9,XX,i2,iufo3)*
         cFT(g7,XX,iufo3,i3)*flavourTag(fve,j11,j12)*Vec(nu14,q3)*Vec(nu9,q2)*
         Vec(nu13,q2)*Vec(nu13,q3)*Vec(nu15,q3)*p4.p4*d^-1*xiw*ufoGC81*
         ufoGC58^2*ufoGC69
          - 1/8*g_(1,6_,nu15)*FT1*g_(1,q3)*g_(2,6_,nu14)*cFT(nu9,XX,i2,iufo3)*
         cFT(g7,XX,iufo3,i3)*flavourTag(fve,j11,j12)*Vec(nu14,q3)*Vec(nu9,q2)*
         Vec(nu13,q3)^2*Vec(nu15,q2)*p4.p4*d^-1*xiw*ufoGC81*ufoGC58^2*ufoGC69
          - 1/8*g_(1,6_,nu15)*FT1*g_(1,q3)*g_(2,6_,nu14)*cFT(nu9,XX,i2,iufo3)*
         cFT(g7,XX,iufo3,i3)*flavourTag(fve,j11,j12)*Vec(nu14,q3)*Vec(nu9,q2)*
         Vec(nu13,q3)^2*Vec(nu15,q3)*p4.p4*d^-1*xiw*ufoGC81*ufoGC58^2*ufoGC69
          + 1/8*g_(1,6_,nu15)*FT1*g_(1,q3)*g_(2,6_,nu14)*cFT(nu9,XX,i2,iufo3)*
         cFT(g7,XX,iufo3,i3)*flavourTag(fve,j11,j12)*Vec(nu14,q3)*Vec(nu9,q2)*
         Vec(nu15,q2)*p4.p4^2*d^-1*xiw*ufoGC81*ufoGC58^2*ufoGC69
          + 1/8*g_(1,6_,nu15)*FT1*g_(1,q3)*g_(2,6_,nu14)*cFT(nu9,XX,i2,iufo3)*
         cFT(g7,XX,iufo3,i3)*flavourTag(fve,j11,j12)*Vec(nu14,q3)*Vec(nu9,q2)*
         Vec(nu15,q3)*p4.p4^2*d^-1*xiw*ufoGC81*ufoGC58^2*ufoGC69
          + 1/8*g_(1,6_,nu15)*FT1*g_(1,q3)*g_(2,6_,nu14)*cFT(nu9,XX,i2,iufo3)*
         cFT(g7,XX,iufo3,i3)*flavourTag(fve,j11,j12)*Vec(nu14,q3)*Vec(nu9,q3)*
         Vec(nu10,q2)^2*Vec(nu15,q2)*p4.p4*d^-1*xiw*ufoGC81*ufoGC58^2*ufoGC69
          + 1/8*g_(1,6_,nu15)*FT1*g_(1,q3)*g_(2,6_,nu14)*cFT(nu9,XX,i2,iufo3)*
         cFT(g7,XX,iufo3,i3)*flavourTag(fve,j11,j12)*Vec(nu14,q3)*Vec(nu9,q3)*
         Vec(nu10,q2)^2*Vec(nu15,q3)*p4.p4*d^-1*xiw*ufoGC81*ufoGC58^2*ufoGC69
          + 1/4*g_(1,6_,nu15)*FT1*g_(1,q3)*g_(2,6_,nu14)*cFT(nu9,XX,i2,iufo3)*
         cFT(g7,XX,iufo3,i3)*flavourTag(fve,j11,j12)*Vec(nu14,q3)*Vec(nu9,q3)*
         Vec(nu10,q2)*Vec(nu10,q3)*Vec(nu15,q2)*p4.p4*d^-1*xiw*ufoGC81*
         ufoGC58^2*ufoGC69
          + 1/4*g_(1,6_,nu15)*FT1*g_(1,q3)*g_(2,6_,nu14)*cFT(nu9,XX,i2,iufo3)*
         cFT(g7,XX,iufo3,i3)*flavourTag(fve,j11,j12)*Vec(nu14,q3)*Vec(nu9,q3)*
         Vec(nu10,q2)*Vec(nu10,q3)*Vec(nu15,q3)*p4.p4*d^-1*xiw*ufoGC81*
         ufoGC58^2*ufoGC69
          + 1/8*g_(1,6_,nu15)*FT1*g_(1,q3)*g_(2,6_,nu14)*cFT(nu9,XX,i2,iufo3)*
         cFT(g7,XX,iufo3,i3)*flavourTag(fve,j11,j12)*Vec(nu14,q3)*Vec(nu9,q3)*
         Vec(nu10,q3)^2*Vec(nu15,q2)*p4.p4*d^-1*xiw*ufoGC81*ufoGC58^2*ufoGC69
          + 1/8*g_(1,6_,nu15)*FT1*g_(1,q3)*g_(2,6_,nu14)*cFT(nu9,XX,i2,iufo3)*
         cFT(g7,XX,iufo3,i3)*flavourTag(fve,j11,j12)*Vec(nu14,q3)*Vec(nu9,q3)*
         Vec(nu10,q3)^2*Vec(nu15,q3)*p4.p4*d^-1*xiw*ufoGC81*ufoGC58^2*ufoGC69
          - 1/8*g_(1,6_,nu15)*FT1*g_(1,q3)*g_(2,6_,nu14)*cFT(nu9,XX,i2,iufo3)*
         cFT(g7,XX,iufo3,i3)*flavourTag(fve,j11,j12)*Vec(nu14,q3)*Vec(nu9,q3)*
         Vec(nu13,q2)^2*Vec(nu15,q2)*p4.p4*d^-1*xiw*ufoGC81*ufoGC58^2*ufoGC69
          - 1/8*g_(1,6_,nu15)*FT1*g_(1,q3)*g_(2,6_,nu14)*cFT(nu9,XX,i2,iufo3)*
         cFT(g7,XX,iufo3,i3)*flavourTag(fve,j11,j12)*Vec(nu14,q3)*Vec(nu9,q3)*
         Vec(nu13,q2)^2*Vec(nu15,q3)*p4.p4*d^-1*xiw*ufoGC81*ufoGC58^2*ufoGC69
          - 1/4*g_(1,6_,nu15)*FT1*g_(1,q3)*g_(2,6_,nu14)*cFT(nu9,XX,i2,iufo3)*
         cFT(g7,XX,iufo3,i3)*flavourTag(fve,j11,j12)*Vec(nu14,q3)*Vec(nu9,q3)*
         Vec(nu13,q2)*Vec(nu13,q3)*Vec(nu15,q2)*p4.p4*d^-1*xiw*ufoGC81*
         ufoGC58^2*ufoGC69
          - 1/4*g_(1,6_,nu15)*FT1*g_(1,q3)*g_(2,6_,nu14)*cFT(nu9,XX,i2,iufo3)*
         cFT(g7,XX,iufo3,i3)*flavourTag(fve,j11,j12)*Vec(nu14,q3)*Vec(nu9,q3)*
         Vec(nu13,q2)*Vec(nu13,q3)*Vec(nu15,q3)*p4.p4*d^-1*xiw*ufoGC81*
         ufoGC58^2*ufoGC69
          - 1/8*g_(1,6_,nu15)*FT1*g_(1,q3)*g_(2,6_,nu14)*cFT(nu9,XX,i2,iufo3)*
         cFT(g7,XX,iufo3,i3)*flavourTag(fve,j11,j12)*Vec(nu14,q3)*Vec(nu9,q3)*
         Vec(nu13,q3)^2*Vec(nu15,q2)*p4.p4*d^-1*xiw*ufoGC81*ufoGC58^2*ufoGC69
          - 1/8*g_(1,6_,nu15)*FT1*g_(1,q3)*g_(2,6_,nu14)*cFT(nu9,XX,i2,iufo3)*
         cFT(g7,XX,iufo3,i3)*flavourTag(fve,j11,j12)*Vec(nu14,q3)*Vec(nu9,q3)*
         Vec(nu13,q3)^2*Vec(nu15,q3)*p4.p4*d^-1*xiw*ufoGC81*ufoGC58^2*ufoGC69
          + 1/8*g_(1,6_,nu15)*FT1*g_(1,q3)*g_(2,6_,nu14)*cFT(nu9,XX,i2,iufo3)*
         cFT(g7,XX,iufo3,i3)*flavourTag(fve,j11,j12)*Vec(nu14,q3)*Vec(nu9,q3)*
         Vec(nu15,q2)*p4.p4^2*d^-1*xiw*ufoGC81*ufoGC58^2*ufoGC69
          + 1/8*g_(1,6_,nu15)*FT1*g_(1,q3)*g_(2,6_,nu14)*cFT(nu9,XX,i2,iufo3)*
         cFT(g7,XX,iufo3,i3)*flavourTag(fve,j11,j12)*Vec(nu14,q3)*Vec(nu9,q3)*
         Vec(nu15,q3)*p4.p4^2*d^-1*xiw*ufoGC81*ufoGC58^2*ufoGC69
          )

       + Den(p4,xiw,M3)^2*Den(p4,xiz,M4)^2*Den(xiw,M3) * (
          - 1/8*g_(1,6_,nu9)*FT1*g_(1,p4)*g_(2,6_,nu14)*cFT(nu9,XX,i2,iufo3)*
         cFT(g7,XX,iufo3,i3)*flavourTag(fve,j11,j12)*Vec(nu14,q2)*Vec(nu13,q2)
         ^2*p4.p4*d^-1*xiw*ufoGC81*ufoGC58^2*ufoGC69
          - 1/4*g_(1,6_,nu9)*FT1*g_(1,p4)*g_(2,6_,nu14)*cFT(nu9,XX,i2,iufo3)*
         cFT(g7,XX,iufo3,i3)*flavourTag(fve,j11,j12)*Vec(nu14,q2)*Vec(nu13,q2)
         *Vec(nu13,q3)*p4.p4*d^-1*xiw*ufoGC81*ufoGC58^2*ufoGC69
          - 1/8*g_(1,6_,nu9)*FT1*g_(1,p4)*g_(2,6_,nu14)*cFT(nu9,XX,i2,iufo3)*
         cFT(g7,XX,iufo3,i3)*flavourTag(fve,j11,j12)*Vec(nu14,q2)*Vec(nu13,q3)
         ^2*p4.p4*d^-1*xiw*ufoGC81*ufoGC58^2*ufoGC69
          - 1/8*g_(1,6_,nu9)*FT1*g_(1,p4)*g_(2,6_,nu14)*cFT(nu9,XX,i2,iufo3)*
         cFT(g7,XX,iufo3,i3)*flavourTag(fve,j11,j12)*Vec(nu14,q3)*Vec(nu13,q2)
         ^2*p4.p4*d^-1*xiw*ufoGC81*ufoGC58^2*ufoGC69
          - 1/4*g_(1,6_,nu9)*FT1*g_(1,p4)*g_(2,6_,nu14)*cFT(nu9,XX,i2,iufo3)*
         cFT(g7,XX,iufo3,i3)*flavourTag(fve,j11,j12)*Vec(nu14,q3)*Vec(nu13,q2)
         *Vec(nu13,q3)*p4.p4*d^-1*xiw*ufoGC81*ufoGC58^2*ufoGC69
          - 1/8*g_(1,6_,nu9)*FT1*g_(1,p4)*g_(2,6_,nu14)*cFT(nu9,XX,i2,iufo3)*
         cFT(g7,XX,iufo3,i3)*flavourTag(fve,j11,j12)*Vec(nu14,q3)*Vec(nu13,q3)
         ^2*p4.p4*d^-1*xiw*ufoGC81*ufoGC58^2*ufoGC69
          + 1/8*g_(1,6_,nu9)*FT1*g_(1,q1)*g_(2,6_,nu14)*cFT(nu9,XX,i2,iufo3)*
         cFT(g7,XX,iufo3,i3)*flavourTag(fve,j11,j12)*Vec(nu14,q2)*Vec(nu13,q2)
         ^2*p4.p4*d^-1*xiw*ufoGC81*ufoGC58^2*ufoGC69
          + 1/4*g_(1,6_,nu9)*FT1*g_(1,q1)*g_(2,6_,nu14)*cFT(nu9,XX,i2,iufo3)*
         cFT(g7,XX,iufo3,i3)*flavourTag(fve,j11,j12)*Vec(nu14,q2)*Vec(nu13,q2)
         *Vec(nu13,q3)*p4.p4*d^-1*xiw*ufoGC81*ufoGC58^2*ufoGC69
          + 1/8*g_(1,6_,nu9)*FT1*g_(1,q1)*g_(2,6_,nu14)*cFT(nu9,XX,i2,iufo3)*
         cFT(g7,XX,iufo3,i3)*flavourTag(fve,j11,j12)*Vec(nu14,q2)*Vec(nu13,q3)
         ^2*p4.p4*d^-1*xiw*ufoGC81*ufoGC58^2*ufoGC69
          + 1/8*g_(1,6_,nu9)*FT1*g_(1,q1)*g_(2,6_,nu14)*cFT(nu9,XX,i2,iufo3)*
         cFT(g7,XX,iufo3,i3)*flavourTag(fve,j11,j12)*Vec(nu14,q3)*Vec(nu13,q2)
         ^2*p4.p4*d^-1*xiw*ufoGC81*ufoGC58^2*ufoGC69
          + 1/4*g_(1,6_,nu9)*FT1*g_(1,q1)*g_(2,6_,nu14)*cFT(nu9,XX,i2,iufo3)*
         cFT(g7,XX,iufo3,i3)*flavourTag(fve,j11,j12)*Vec(nu14,q3)*Vec(nu13,q2)
         *Vec(nu13,q3)*p4.p4*d^-1*xiw*ufoGC81*ufoGC58^2*ufoGC69
          + 1/8*g_(1,6_,nu9)*FT1*g_(1,q1)*g_(2,6_,nu14)*cFT(nu9,XX,i2,iufo3)*
         cFT(g7,XX,iufo3,i3)*flavourTag(fve,j11,j12)*Vec(nu14,q3)*Vec(nu13,q3)
         ^2*p4.p4*d^-1*xiw*ufoGC81*ufoGC58^2*ufoGC69
          + 1/8*g_(1,6_,nu9)*FT1*g_(1,q2)*g_(2,6_,nu14)*cFT(nu9,XX,i2,iufo3)*
         cFT(g7,XX,iufo3,i3)*flavourTag(fve,j11,j12)*Vec(nu14,q2)*Vec(nu13,q2)
         ^2*p4.p4*d^-1*xiw*ufoGC81*ufoGC58^2*ufoGC69
          + 1/4*g_(1,6_,nu9)*FT1*g_(1,q2)*g_(2,6_,nu14)*cFT(nu9,XX,i2,iufo3)*
         cFT(g7,XX,iufo3,i3)*flavourTag(fve,j11,j12)*Vec(nu14,q2)*Vec(nu13,q2)
         *Vec(nu13,q3)*p4.p4*d^-1*xiw*ufoGC81*ufoGC58^2*ufoGC69
          + 1/8*g_(1,6_,nu9)*FT1*g_(1,q2)*g_(2,6_,nu14)*cFT(nu9,XX,i2,iufo3)*
         cFT(g7,XX,iufo3,i3)*flavourTag(fve,j11,j12)*Vec(nu14,q2)*Vec(nu13,q3)
         ^2*p4.p4*d^-1*xiw*ufoGC81*ufoGC58^2*ufoGC69
          + 1/8*g_(1,6_,nu9)*FT1*g_(1,q2)*g_(2,6_,nu14)*cFT(nu9,XX,i2,iufo3)*
         cFT(g7,XX,iufo3,i3)*flavourTag(fve,j11,j12)*Vec(nu14,q3)*Vec(nu13,q2)
         ^2*p4.p4*d^-1*xiw*ufoGC81*ufoGC58^2*ufoGC69
          + 1/4*g_(1,6_,nu9)*FT1*g_(1,q2)*g_(2,6_,nu14)*cFT(nu9,XX,i2,iufo3)*
         cFT(g7,XX,iufo3,i3)*flavourTag(fve,j11,j12)*Vec(nu14,q3)*Vec(nu13,q2)
         *Vec(nu13,q3)*p4.p4*d^-1*xiw*ufoGC81*ufoGC58^2*ufoGC69
          + 1/8*g_(1,6_,nu9)*FT1*g_(1,q2)*g_(2,6_,nu14)*cFT(nu9,XX,i2,iufo3)*
         cFT(g7,XX,iufo3,i3)*flavourTag(fve,j11,j12)*Vec(nu14,q3)*Vec(nu13,q3)
         ^2*p4.p4*d^-1*xiw*ufoGC81*ufoGC58^2*ufoGC69
          + 1/8*g_(1,6_,nu9)*FT1*g_(1,q3)*g_(2,6_,nu14)*cFT(nu9,XX,i2,iufo3)*
         cFT(g7,XX,iufo3,i3)*flavourTag(fve,j11,j12)*Vec(nu14,q2)*Vec(nu13,q2)
         ^2*p4.p4*d^-1*xiw*ufoGC81*ufoGC58^2*ufoGC69
          + 1/4*g_(1,6_,nu9)*FT1*g_(1,q3)*g_(2,6_,nu14)*cFT(nu9,XX,i2,iufo3)*
         cFT(g7,XX,iufo3,i3)*flavourTag(fve,j11,j12)*Vec(nu14,q2)*Vec(nu13,q2)
         *Vec(nu13,q3)*p4.p4*d^-1*xiw*ufoGC81*ufoGC58^2*ufoGC69
          + 1/8*g_(1,6_,nu9)*FT1*g_(1,q3)*g_(2,6_,nu14)*cFT(nu9,XX,i2,iufo3)*
         cFT(g7,XX,iufo3,i3)*flavourTag(fve,j11,j12)*Vec(nu14,q2)*Vec(nu13,q3)
         ^2*p4.p4*d^-1*xiw*ufoGC81*ufoGC58^2*ufoGC69
          + 1/8*g_(1,6_,nu9)*FT1*g_(1,q3)*g_(2,6_,nu14)*cFT(nu9,XX,i2,iufo3)*
         cFT(g7,XX,iufo3,i3)*flavourTag(fve,j11,j12)*Vec(nu14,q3)*Vec(nu13,q2)
         ^2*p4.p4*d^-1*xiw*ufoGC81*ufoGC58^2*ufoGC69
          + 1/4*g_(1,6_,nu9)*FT1*g_(1,q3)*g_(2,6_,nu14)*cFT(nu9,XX,i2,iufo3)*
         cFT(g7,XX,iufo3,i3)*flavourTag(fve,j11,j12)*Vec(nu14,q3)*Vec(nu13,q2)
         *Vec(nu13,q3)*p4.p4*d^-1*xiw*ufoGC81*ufoGC58^2*ufoGC69
          + 1/8*g_(1,6_,nu9)*FT1*g_(1,q3)*g_(2,6_,nu14)*cFT(nu9,XX,i2,iufo3)*
         cFT(g7,XX,iufo3,i3)*flavourTag(fve,j11,j12)*Vec(nu14,q3)*Vec(nu13,q3)
         ^2*p4.p4*d^-1*xiw*ufoGC81*ufoGC58^2*ufoGC69
          + 1/8*g_(1,6_,nu15)*FT1*g_(1,p4)*g_(2,6_,nu14)*cFT(nu9,XX,i2,iufo3)*
         cFT(g7,XX,iufo3,i3)*flavourTag(fve,j11,j12)*Vec(nu14,q2)*Vec(nu9,q2)*
         Vec(nu15,q2)*p4.p4*d^-1*xiw*ufoGC81*ufoGC58^2*ufoGC69
          + 1/8*g_(1,6_,nu15)*FT1*g_(1,p4)*g_(2,6_,nu14)*cFT(nu9,XX,i2,iufo3)*
         cFT(g7,XX,iufo3,i3)*flavourTag(fve,j11,j12)*Vec(nu14,q2)*Vec(nu9,q2)*
         Vec(nu15,q3)*p4.p4*d^-1*xiw*ufoGC81*ufoGC58^2*ufoGC69
          + 1/8*g_(1,6_,nu15)*FT1*g_(1,p4)*g_(2,6_,nu14)*cFT(nu9,XX,i2,iufo3)*
         cFT(g7,XX,iufo3,i3)*flavourTag(fve,j11,j12)*Vec(nu14,q2)*Vec(nu9,q3)*
         Vec(nu15,q2)*p4.p4*d^-1*xiw*ufoGC81*ufoGC58^2*ufoGC69
          + 1/8*g_(1,6_,nu15)*FT1*g_(1,p4)*g_(2,6_,nu14)*cFT(nu9,XX,i2,iufo3)*
         cFT(g7,XX,iufo3,i3)*flavourTag(fve,j11,j12)*Vec(nu14,q2)*Vec(nu9,q3)*
         Vec(nu15,q3)*p4.p4*d^-1*xiw*ufoGC81*ufoGC58^2*ufoGC69
          + 1/8*g_(1,6_,nu15)*FT1*g_(1,p4)*g_(2,6_,nu14)*cFT(nu9,XX,i2,iufo3)*
         cFT(g7,XX,iufo3,i3)*flavourTag(fve,j11,j12)*Vec(nu14,q3)*Vec(nu9,q2)*
         Vec(nu15,q2)*p4.p4*d^-1*xiw*ufoGC81*ufoGC58^2*ufoGC69
          + 1/8*g_(1,6_,nu15)*FT1*g_(1,p4)*g_(2,6_,nu14)*cFT(nu9,XX,i2,iufo3)*
         cFT(g7,XX,iufo3,i3)*flavourTag(fve,j11,j12)*Vec(nu14,q3)*Vec(nu9,q2)*
         Vec(nu15,q3)*p4.p4*d^-1*xiw*ufoGC81*ufoGC58^2*ufoGC69
          + 1/8*g_(1,6_,nu15)*FT1*g_(1,p4)*g_(2,6_,nu14)*cFT(nu9,XX,i2,iufo3)*
         cFT(g7,XX,iufo3,i3)*flavourTag(fve,j11,j12)*Vec(nu14,q3)*Vec(nu9,q3)*
         Vec(nu15,q2)*p4.p4*d^-1*xiw*ufoGC81*ufoGC58^2*ufoGC69
          + 1/8*g_(1,6_,nu15)*FT1*g_(1,p4)*g_(2,6_,nu14)*cFT(nu9,XX,i2,iufo3)*
         cFT(g7,XX,iufo3,i3)*flavourTag(fve,j11,j12)*Vec(nu14,q3)*Vec(nu9,q3)*
         Vec(nu15,q3)*p4.p4*d^-1*xiw*ufoGC81*ufoGC58^2*ufoGC69
          - 1/8*g_(1,6_,nu15)*FT1*g_(1,q1)*g_(2,6_,nu14)*cFT(nu9,XX,i2,iufo3)*
         cFT(g7,XX,iufo3,i3)*flavourTag(fve,j11,j12)*Vec(nu14,q2)*Vec(nu9,q2)*
         Vec(nu15,q2)*p4.p4*d^-1*xiw*ufoGC81*ufoGC58^2*ufoGC69
          - 1/8*g_(1,6_,nu15)*FT1*g_(1,q1)*g_(2,6_,nu14)*cFT(nu9,XX,i2,iufo3)*
         cFT(g7,XX,iufo3,i3)*flavourTag(fve,j11,j12)*Vec(nu14,q2)*Vec(nu9,q2)*
         Vec(nu15,q3)*p4.p4*d^-1*xiw*ufoGC81*ufoGC58^2*ufoGC69
          - 1/8*g_(1,6_,nu15)*FT1*g_(1,q1)*g_(2,6_,nu14)*cFT(nu9,XX,i2,iufo3)*
         cFT(g7,XX,iufo3,i3)*flavourTag(fve,j11,j12)*Vec(nu14,q2)*Vec(nu9,q3)*
         Vec(nu15,q2)*p4.p4*d^-1*xiw*ufoGC81*ufoGC58^2*ufoGC69
          - 1/8*g_(1,6_,nu15)*FT1*g_(1,q1)*g_(2,6_,nu14)*cFT(nu9,XX,i2,iufo3)*
         cFT(g7,XX,iufo3,i3)*flavourTag(fve,j11,j12)*Vec(nu14,q2)*Vec(nu9,q3)*
         Vec(nu15,q3)*p4.p4*d^-1*xiw*ufoGC81*ufoGC58^2*ufoGC69
          - 1/8*g_(1,6_,nu15)*FT1*g_(1,q1)*g_(2,6_,nu14)*cFT(nu9,XX,i2,iufo3)*
         cFT(g7,XX,iufo3,i3)*flavourTag(fve,j11,j12)*Vec(nu14,q3)*Vec(nu9,q2)*
         Vec(nu15,q2)*p4.p4*d^-1*xiw*ufoGC81*ufoGC58^2*ufoGC69
          - 1/8*g_(1,6_,nu15)*FT1*g_(1,q1)*g_(2,6_,nu14)*cFT(nu9,XX,i2,iufo3)*
         cFT(g7,XX,iufo3,i3)*flavourTag(fve,j11,j12)*Vec(nu14,q3)*Vec(nu9,q2)*
         Vec(nu15,q3)*p4.p4*d^-1*xiw*ufoGC81*ufoGC58^2*ufoGC69
          - 1/8*g_(1,6_,nu15)*FT1*g_(1,q1)*g_(2,6_,nu14)*cFT(nu9,XX,i2,iufo3)*
         cFT(g7,XX,iufo3,i3)*flavourTag(fve,j11,j12)*Vec(nu14,q3)*Vec(nu9,q3)*
         Vec(nu15,q2)*p4.p4*d^-1*xiw*ufoGC81*ufoGC58^2*ufoGC69
          - 1/8*g_(1,6_,nu15)*FT1*g_(1,q1)*g_(2,6_,nu14)*cFT(nu9,XX,i2,iufo3)*
         cFT(g7,XX,iufo3,i3)*flavourTag(fve,j11,j12)*Vec(nu14,q3)*Vec(nu9,q3)*
         Vec(nu15,q3)*p4.p4*d^-1*xiw*ufoGC81*ufoGC58^2*ufoGC69
          - 1/8*g_(1,6_,nu15)*FT1*g_(1,q2)*g_(2,6_,nu14)*cFT(nu9,XX,i2,iufo3)*
         cFT(g7,XX,iufo3,i3)*flavourTag(fve,j11,j12)*Vec(nu14,q2)*Vec(nu9,q2)*
         Vec(nu15,q2)*p4.p4*d^-1*xiw*ufoGC81*ufoGC58^2*ufoGC69
          - 1/8*g_(1,6_,nu15)*FT1*g_(1,q2)*g_(2,6_,nu14)*cFT(nu9,XX,i2,iufo3)*
         cFT(g7,XX,iufo3,i3)*flavourTag(fve,j11,j12)*Vec(nu14,q2)*Vec(nu9,q2)*
         Vec(nu15,q3)*p4.p4*d^-1*xiw*ufoGC81*ufoGC58^2*ufoGC69
          - 1/8*g_(1,6_,nu15)*FT1*g_(1,q2)*g_(2,6_,nu14)*cFT(nu9,XX,i2,iufo3)*
         cFT(g7,XX,iufo3,i3)*flavourTag(fve,j11,j12)*Vec(nu14,q2)*Vec(nu9,q3)*
         Vec(nu15,q2)*p4.p4*d^-1*xiw*ufoGC81*ufoGC58^2*ufoGC69
          - 1/8*g_(1,6_,nu15)*FT1*g_(1,q2)*g_(2,6_,nu14)*cFT(nu9,XX,i2,iufo3)*
         cFT(g7,XX,iufo3,i3)*flavourTag(fve,j11,j12)*Vec(nu14,q2)*Vec(nu9,q3)*
         Vec(nu15,q3)*p4.p4*d^-1*xiw*ufoGC81*ufoGC58^2*ufoGC69
          - 1/8*g_(1,6_,nu15)*FT1*g_(1,q2)*g_(2,6_,nu14)*cFT(nu9,XX,i2,iufo3)*
         cFT(g7,XX,iufo3,i3)*flavourTag(fve,j11,j12)*Vec(nu14,q3)*Vec(nu9,q2)*
         Vec(nu15,q2)*p4.p4*d^-1*xiw*ufoGC81*ufoGC58^2*ufoGC69
          - 1/8*g_(1,6_,nu15)*FT1*g_(1,q2)*g_(2,6_,nu14)*cFT(nu9,XX,i2,iufo3)*
         cFT(g7,XX,iufo3,i3)*flavourTag(fve,j11,j12)*Vec(nu14,q3)*Vec(nu9,q2)*
         Vec(nu15,q3)*p4.p4*d^-1*xiw*ufoGC81*ufoGC58^2*ufoGC69
          - 1/8*g_(1,6_,nu15)*FT1*g_(1,q2)*g_(2,6_,nu14)*cFT(nu9,XX,i2,iufo3)*
         cFT(g7,XX,iufo3,i3)*flavourTag(fve,j11,j12)*Vec(nu14,q3)*Vec(nu9,q3)*
         Vec(nu15,q2)*p4.p4*d^-1*xiw*ufoGC81*ufoGC58^2*ufoGC69
          - 1/8*g_(1,6_,nu15)*FT1*g_(1,q2)*g_(2,6_,nu14)*cFT(nu9,XX,i2,iufo3)*
         cFT(g7,XX,iufo3,i3)*flavourTag(fve,j11,j12)*Vec(nu14,q3)*Vec(nu9,q3)*
         Vec(nu15,q3)*p4.p4*d^-1*xiw*ufoGC81*ufoGC58^2*ufoGC69
          - 1/8*g_(1,6_,nu15)*FT1*g_(1,q3)*g_(2,6_,nu14)*cFT(nu9,XX,i2,iufo3)*
         cFT(g7,XX,iufo3,i3)*flavourTag(fve,j11,j12)*Vec(nu14,q2)*Vec(nu9,q2)*
         Vec(nu15,q2)*p4.p4*d^-1*xiw*ufoGC81*ufoGC58^2*ufoGC69
          - 1/8*g_(1,6_,nu15)*FT1*g_(1,q3)*g_(2,6_,nu14)*cFT(nu9,XX,i2,iufo3)*
         cFT(g7,XX,iufo3,i3)*flavourTag(fve,j11,j12)*Vec(nu14,q2)*Vec(nu9,q2)*
         Vec(nu15,q3)*p4.p4*d^-1*xiw*ufoGC81*ufoGC58^2*ufoGC69
          - 1/8*g_(1,6_,nu15)*FT1*g_(1,q3)*g_(2,6_,nu14)*cFT(nu9,XX,i2,iufo3)*
         cFT(g7,XX,iufo3,i3)*flavourTag(fve,j11,j12)*Vec(nu14,q2)*Vec(nu9,q3)*
         Vec(nu15,q2)*p4.p4*d^-1*xiw*ufoGC81*ufoGC58^2*ufoGC69
          - 1/8*g_(1,6_,nu15)*FT1*g_(1,q3)*g_(2,6_,nu14)*cFT(nu9,XX,i2,iufo3)*
         cFT(g7,XX,iufo3,i3)*flavourTag(fve,j11,j12)*Vec(nu14,q2)*Vec(nu9,q3)*
         Vec(nu15,q3)*p4.p4*d^-1*xiw*ufoGC81*ufoGC58^2*ufoGC69
          - 1/8*g_(1,6_,nu15)*FT1*g_(1,q3)*g_(2,6_,nu14)*cFT(nu9,XX,i2,iufo3)*
         cFT(g7,XX,iufo3,i3)*flavourTag(fve,j11,j12)*Vec(nu14,q3)*Vec(nu9,q2)*
         Vec(nu15,q2)*p4.p4*d^-1*xiw*ufoGC81*ufoGC58^2*ufoGC69
          - 1/8*g_(1,6_,nu15)*FT1*g_(1,q3)*g_(2,6_,nu14)*cFT(nu9,XX,i2,iufo3)*
         cFT(g7,XX,iufo3,i3)*flavourTag(fve,j11,j12)*Vec(nu14,q3)*Vec(nu9,q2)*
         Vec(nu15,q3)*p4.p4*d^-1*xiw*ufoGC81*ufoGC58^2*ufoGC69
          - 1/8*g_(1,6_,nu15)*FT1*g_(1,q3)*g_(2,6_,nu14)*cFT(nu9,XX,i2,iufo3)*
         cFT(g7,XX,iufo3,i3)*flavourTag(fve,j11,j12)*Vec(nu14,q3)*Vec(nu9,q3)*
         Vec(nu15,q2)*p4.p4*d^-1*xiw*ufoGC81*ufoGC58^2*ufoGC69
          - 1/8*g_(1,6_,nu15)*FT1*g_(1,q3)*g_(2,6_,nu14)*cFT(nu9,XX,i2,iufo3)*
         cFT(g7,XX,iufo3,i3)*flavourTag(fve,j11,j12)*Vec(nu14,q3)*Vec(nu9,q3)*
         Vec(nu15,q3)*p4.p4*d^-1*xiw*ufoGC81*ufoGC58^2*ufoGC69
          );

  0.09 sec out of 0.10 sec
