FORM 5.0.0-beta.1 (Jan 15 2026, v5.0.0-beta.1-292-g4341c63)  Run: Thu Mar  5 16:56:36 2026
    #-

   d1l36amp =

       + Den(p4,xiw,M3)^2*Den(q2 + q3,xiw,M3)^4*Den( - p4 + q2 + q3,xiz,M4)^2
       * (
          - 1/4*g_(1,6_,nu10)*g_(2,6_,nu11)*Vec(nu10,q2)*Vec(nu11,q2)*Vec(nu9,
         q2)^2*Vec(nu12,q2)^2*p4.p4^2*xiw^3*xiz*ufoGC58^2*ufoGC69^2
          - 1/4*g_(1,6_,nu10)*g_(2,6_,nu11)*Vec(nu10,q2)*Vec(nu11,q2)*Vec(nu9,
         q2)^2*Vec(nu12,q2)^2*Vec(nu14,q2)^2*p4.p4*d^-1*xiw^3*xiz*ufoGC58^2*
         ufoGC69^2
          - 1/2*g_(1,6_,nu10)*g_(2,6_,nu11)*Vec(nu10,q2)*Vec(nu11,q2)*Vec(nu9,
         q2)^2*Vec(nu12,q2)^2*Vec(nu14,q2)*Vec(nu14,q3)*p4.p4*d^-1*xiw^3*xiz*
         ufoGC58^2*ufoGC69^2
          - 1/4*g_(1,6_,nu10)*g_(2,6_,nu11)*Vec(nu10,q2)*Vec(nu11,q2)*Vec(nu9,
         q2)^2*Vec(nu12,q2)^2*Vec(nu14,q3)^2*p4.p4*d^-1*xiw^3*xiz*ufoGC58^2*
         ufoGC69^2
          - 1/2*g_(1,6_,nu10)*g_(2,6_,nu11)*Vec(nu10,q2)*Vec(nu11,q2)*Vec(nu9,
         q2)^2*Vec(nu12,q2)*Vec(nu12,q3)*p4.p4^2*xiw^3*xiz*ufoGC58^2*ufoGC69^2
          - 1/2*g_(1,6_,nu10)*g_(2,6_,nu11)*Vec(nu10,q2)*Vec(nu11,q2)*Vec(nu9,
         q2)^2*Vec(nu12,q2)*Vec(nu12,q3)*Vec(nu14,q2)^2*p4.p4*d^-1*xiw^3*xiz*
         ufoGC58^2*ufoGC69^2
          - g_(1,6_,nu10)*g_(2,6_,nu11)*Vec(nu10,q2)*Vec(nu11,q2)*Vec(nu9,q2)^
         2*Vec(nu12,q2)*Vec(nu12,q3)*Vec(nu14,q2)*Vec(nu14,q3)*p4.p4*d^-1*
         xiw^3*xiz*ufoGC58^2*ufoGC69^2
          - 1/2*g_(1,6_,nu10)*g_(2,6_,nu11)*Vec(nu10,q2)*Vec(nu11,q2)*Vec(nu9,
         q2)^2*Vec(nu12,q2)*Vec(nu12,q3)*Vec(nu14,q3)^2*p4.p4*d^-1*xiw^3*xiz*
         ufoGC58^2*ufoGC69^2
          - 1/4*g_(1,6_,nu10)*g_(2,6_,nu11)*Vec(nu10,q2)*Vec(nu11,q2)*Vec(nu9,
         q2)^2*Vec(nu12,q3)^2*p4.p4^2*xiw^3*xiz*ufoGC58^2*ufoGC69^2
          - 1/4*g_(1,6_,nu10)*g_(2,6_,nu11)*Vec(nu10,q2)*Vec(nu11,q2)*Vec(nu9,
         q2)^2*Vec(nu12,q3)^2*Vec(nu14,q2)^2*p4.p4*d^-1*xiw^3*xiz*ufoGC58^2*
         ufoGC69^2
          - 1/2*g_(1,6_,nu10)*g_(2,6_,nu11)*Vec(nu10,q2)*Vec(nu11,q2)*Vec(nu9,
         q2)^2*Vec(nu12,q3)^2*Vec(nu14,q2)*Vec(nu14,q3)*p4.p4*d^-1*xiw^3*xiz*
         ufoGC58^2*ufoGC69^2
          - 1/4*g_(1,6_,nu10)*g_(2,6_,nu11)*Vec(nu10,q2)*Vec(nu11,q2)*Vec(nu9,
         q2)^2*Vec(nu12,q3)^2*Vec(nu14,q3)^2*p4.p4*d^-1*xiw^3*xiz*ufoGC58^2*
         ufoGC69^2
          + 1/4*g_(1,6_,nu10)*g_(2,6_,nu11)*Vec(nu10,q2)*Vec(nu11,q2)*Vec(nu9,
         q2)^2*Vec(nu13,q2)^2*p4.p4^2*xiw^3*xiz*ufoGC58^2*ufoGC69^2
          - 1/2*g_(1,6_,nu10)*g_(2,6_,nu11)*Vec(nu10,q2)*Vec(nu11,q2)*Vec(nu9,
         q2)^2*Vec(nu13,q2)^2*p4.p4^2*d^-1*xiw^3*xiz*ufoGC58^2*ufoGC69^2
          - 1/4*g_(1,6_,nu10)*g_(2,6_,nu11)*Vec(nu10,q2)*Vec(nu11,q2)*Vec(nu9,
         q2)^2*Vec(nu13,q2)^2*Vec(nu14,q2)^2*p4.p4*d^-1*xiw^3*xiz*ufoGC58^2*
         ufoGC69^2
          - 1/2*g_(1,6_,nu10)*g_(2,6_,nu11)*Vec(nu10,q2)*Vec(nu11,q2)*Vec(nu9,
         q2)^2*Vec(nu13,q2)^2*Vec(nu14,q2)*Vec(nu14,q3)*p4.p4*d^-1*xiw^3*xiz*
         ufoGC58^2*ufoGC69^2
          - 1/4*g_(1,6_,nu10)*g_(2,6_,nu11)*Vec(nu10,q2)*Vec(nu11,q2)*Vec(nu9,
         q2)^2*Vec(nu13,q2)^2*Vec(nu14,q3)^2*p4.p4*d^-1*xiw^3*xiz*ufoGC58^2*
         ufoGC69^2
          + 1/2*g_(1,6_,nu10)*g_(2,6_,nu11)*Vec(nu10,q2)*Vec(nu11,q2)*Vec(nu9,
         q2)^2*Vec(nu13,q2)^2*Vec(nu15,q2)^2*p4.p4*d^-1*xiw^3*xiz*ufoGC58^2*
         ufoGC69^2
          + g_(1,6_,nu10)*g_(2,6_,nu11)*Vec(nu10,q2)*Vec(nu11,q2)*Vec(nu9,q2)^
         2*Vec(nu13,q2)^2*Vec(nu15,q2)*Vec(nu15,q3)*p4.p4*d^-1*xiw^3*xiz*
         ufoGC58^2*ufoGC69^2
          + 1/2*g_(1,6_,nu10)*g_(2,6_,nu11)*Vec(nu10,q2)*Vec(nu11,q2)*Vec(nu9,
         q2)^2*Vec(nu13,q2)^2*Vec(nu15,q3)^2*p4.p4*d^-1*xiw^3*xiz*ufoGC58^2*
         ufoGC69^2
          + 1/2*g_(1,6_,nu10)*g_(2,6_,nu11)*Vec(nu10,q2)*Vec(nu11,q2)*Vec(nu9,
         q2)^2*Vec(nu13,q2)*Vec(nu13,q3)*p4.p4^2*xiw^3*xiz*ufoGC58^2*ufoGC69^2
          - g_(1,6_,nu10)*g_(2,6_,nu11)*Vec(nu10,q2)*Vec(nu11,q2)*Vec(nu9,q2)^
         2*Vec(nu13,q2)*Vec(nu13,q3)*p4.p4^2*d^-1*xiw^3*xiz*ufoGC58^2*
         ufoGC69^2
          - 1/2*g_(1,6_,nu10)*g_(2,6_,nu11)*Vec(nu10,q2)*Vec(nu11,q2)*Vec(nu9,
         q2)^2*Vec(nu13,q2)*Vec(nu13,q3)*Vec(nu14,q2)^2*p4.p4*d^-1*xiw^3*xiz*
         ufoGC58^2*ufoGC69^2
          - g_(1,6_,nu10)*g_(2,6_,nu11)*Vec(nu10,q2)*Vec(nu11,q2)*Vec(nu9,q2)^
         2*Vec(nu13,q2)*Vec(nu13,q3)*Vec(nu14,q2)*Vec(nu14,q3)*p4.p4*d^-1*
         xiw^3*xiz*ufoGC58^2*ufoGC69^2
          - 1/2*g_(1,6_,nu10)*g_(2,6_,nu11)*Vec(nu10,q2)*Vec(nu11,q2)*Vec(nu9,
         q2)^2*Vec(nu13,q2)*Vec(nu13,q3)*Vec(nu14,q3)^2*p4.p4*d^-1*xiw^3*xiz*
         ufoGC58^2*ufoGC69^2
          + g_(1,6_,nu10)*g_(2,6_,nu11)*Vec(nu10,q2)*Vec(nu11,q2)*Vec(nu9,q2)^
         2*Vec(nu13,q2)*Vec(nu13,q3)*Vec(nu15,q2)^2*p4.p4*d^-1*xiw^3*xiz*
         ufoGC58^2*ufoGC69^2
          + 2*g_(1,6_,nu10)*g_(2,6_,nu11)*Vec(nu10,q2)*Vec(nu11,q2)*Vec(nu9,q2
         )^2*Vec(nu13,q2)*Vec(nu13,q3)*Vec(nu15,q2)*Vec(nu15,q3)*p4.p4*d^-1*
         xiw^3*xiz*ufoGC58^2*ufoGC69^2
          + g_(1,6_,nu10)*g_(2,6_,nu11)*Vec(nu10,q2)*Vec(nu11,q2)*Vec(nu9,q2)^
         2*Vec(nu13,q2)*Vec(nu13,q3)*Vec(nu15,q3)^2*p4.p4*d^-1*xiw^3*xiz*
         ufoGC58^2*ufoGC69^2
          + 1/4*g_(1,6_,nu10)*g_(2,6_,nu11)*Vec(nu10,q2)*Vec(nu11,q2)*Vec(nu9,
         q2)^2*Vec(nu13,q3)^2*p4.p4^2*xiw^3*xiz*ufoGC58^2*ufoGC69^2
          - 1/2*g_(1,6_,nu10)*g_(2,6_,nu11)*Vec(nu10,q2)*Vec(nu11,q2)*Vec(nu9,
         q2)^2*Vec(nu13,q3)^2*p4.p4^2*d^-1*xiw^3*xiz*ufoGC58^2*ufoGC69^2
          - 1/4*g_(1,6_,nu10)*g_(2,6_,nu11)*Vec(nu10,q2)*Vec(nu11,q2)*Vec(nu9,
         q2)^2*Vec(nu13,q3)^2*Vec(nu14,q2)^2*p4.p4*d^-1*xiw^3*xiz*ufoGC58^2*
         ufoGC69^2
          - 1/2*g_(1,6_,nu10)*g_(2,6_,nu11)*Vec(nu10,q2)*Vec(nu11,q2)*Vec(nu9,
         q2)^2*Vec(nu13,q3)^2*Vec(nu14,q2)*Vec(nu14,q3)*p4.p4*d^-1*xiw^3*xiz*
         ufoGC58^2*ufoGC69^2
          - 1/4*g_(1,6_,nu10)*g_(2,6_,nu11)*Vec(nu10,q2)*Vec(nu11,q2)*Vec(nu9,
         q2)^2*Vec(nu13,q3)^2*Vec(nu14,q3)^2*p4.p4*d^-1*xiw^3*xiz*ufoGC58^2*
         ufoGC69^2
          + 1/2*g_(1,6_,nu10)*g_(2,6_,nu11)*Vec(nu10,q2)*Vec(nu11,q2)*Vec(nu9,
         q2)^2*Vec(nu13,q3)^2*Vec(nu15,q2)^2*p4.p4*d^-1*xiw^3*xiz*ufoGC58^2*
         ufoGC69^2
          + g_(1,6_,nu10)*g_(2,6_,nu11)*Vec(nu10,q2)*Vec(nu11,q2)*Vec(nu9,q2)^
         2*Vec(nu13,q3)^2*Vec(nu15,q2)*Vec(nu15,q3)*p4.p4*d^-1*xiw^3*xiz*
         ufoGC58^2*ufoGC69^2
          + 1/2*g_(1,6_,nu10)*g_(2,6_,nu11)*Vec(nu10,q2)*Vec(nu11,q2)*Vec(nu9,
         q2)^2*Vec(nu13,q3)^2*Vec(nu15,q3)^2*p4.p4*d^-1*xiw^3*xiz*ufoGC58^2*
         ufoGC69^2
          + 1/2*g_(1,6_,nu10)*g_(2,6_,nu11)*Vec(nu10,q2)*Vec(nu11,q2)*Vec(nu9,
         q2)^2*Vec(nu15,q2)^2*p4.p4^2*d^-1*xiw^3*xiz*ufoGC58^2*ufoGC69^2
          + g_(1,6_,nu10)*g_(2,6_,nu11)*Vec(nu10,q2)*Vec(nu11,q2)*Vec(nu9,q2)^
         2*Vec(nu15,q2)*Vec(nu15,q3)*p4.p4^2*d^-1*xiw^3*xiz*ufoGC58^2*
         ufoGC69^2
          + 1/2*g_(1,6_,nu10)*g_(2,6_,nu11)*Vec(nu10,q2)*Vec(nu11,q2)*Vec(nu9,
         q2)^2*Vec(nu15,q3)^2*p4.p4^2*d^-1*xiw^3*xiz*ufoGC58^2*ufoGC69^2
          - 1/2*g_(1,6_,nu10)*g_(2,6_,nu11)*Vec(nu10,q2)*Vec(nu11,q2)*Vec(nu9,
         q2)*Vec(nu9,q3)*Vec(nu12,q2)^2*p4.p4^2*xiw^3*xiz*ufoGC58^2*ufoGC69^2
          - 1/2*g_(1,6_,nu10)*g_(2,6_,nu11)*Vec(nu10,q2)*Vec(nu11,q2)*Vec(nu9,
         q2)*Vec(nu9,q3)*Vec(nu12,q2)^2*Vec(nu14,q2)^2*p4.p4*d^-1*xiw^3*xiz*
         ufoGC58^2*ufoGC69^2
          - g_(1,6_,nu10)*g_(2,6_,nu11)*Vec(nu10,q2)*Vec(nu11,q2)*Vec(nu9,q2)*
         Vec(nu9,q3)*Vec(nu12,q2)^2*Vec(nu14,q2)*Vec(nu14,q3)*p4.p4*d^-1*xiw^3
         *xiz*ufoGC58^2*ufoGC69^2
          - 1/2*g_(1,6_,nu10)*g_(2,6_,nu11)*Vec(nu10,q2)*Vec(nu11,q2)*Vec(nu9,
         q2)*Vec(nu9,q3)*Vec(nu12,q2)^2*Vec(nu14,q3)^2*p4.p4*d^-1*xiw^3*xiz*
         ufoGC58^2*ufoGC69^2
          - g_(1,6_,nu10)*g_(2,6_,nu11)*Vec(nu10,q2)*Vec(nu11,q2)*Vec(nu9,q2)*
         Vec(nu9,q3)*Vec(nu12,q2)*Vec(nu12,q3)*p4.p4^2*xiw^3*xiz*ufoGC58^2*
         ufoGC69^2
          - g_(1,6_,nu10)*g_(2,6_,nu11)*Vec(nu10,q2)*Vec(nu11,q2)*Vec(nu9,q2)*
         Vec(nu9,q3)*Vec(nu12,q2)*Vec(nu12,q3)*Vec(nu14,q2)^2*p4.p4*d^-1*xiw^3
         *xiz*ufoGC58^2*ufoGC69^2
          - 2*g_(1,6_,nu10)*g_(2,6_,nu11)*Vec(nu10,q2)*Vec(nu11,q2)*Vec(nu9,q2
         )*Vec(nu9,q3)*Vec(nu12,q2)*Vec(nu12,q3)*Vec(nu14,q2)*Vec(nu14,q3)*
         p4.p4*d^-1*xiw^3*xiz*ufoGC58^2*ufoGC69^2
          - g_(1,6_,nu10)*g_(2,6_,nu11)*Vec(nu10,q2)*Vec(nu11,q2)*Vec(nu9,q2)*
         Vec(nu9,q3)*Vec(nu12,q2)*Vec(nu12,q3)*Vec(nu14,q3)^2*p4.p4*d^-1*xiw^3
         *xiz*ufoGC58^2*ufoGC69^2
          - 1/2*g_(1,6_,nu10)*g_(2,6_,nu11)*Vec(nu10,q2)*Vec(nu11,q2)*Vec(nu9,
         q2)*Vec(nu9,q3)*Vec(nu12,q3)^2*p4.p4^2*xiw^3*xiz*ufoGC58^2*ufoGC69^2
          - 1/2*g_(1,6_,nu10)*g_(2,6_,nu11)*Vec(nu10,q2)*Vec(nu11,q2)*Vec(nu9,
         q2)*Vec(nu9,q3)*Vec(nu12,q3)^2*Vec(nu14,q2)^2*p4.p4*d^-1*xiw^3*xiz*
         ufoGC58^2*ufoGC69^2
          - g_(1,6_,nu10)*g_(2,6_,nu11)*Vec(nu10,q2)*Vec(nu11,q2)*Vec(nu9,q2)*
         Vec(nu9,q3)*Vec(nu12,q3)^2*Vec(nu14,q2)*Vec(nu14,q3)*p4.p4*d^-1*xiw^3
         *xiz*ufoGC58^2*ufoGC69^2
          - 1/2*g_(1,6_,nu10)*g_(2,6_,nu11)*Vec(nu10,q2)*Vec(nu11,q2)*Vec(nu9,
         q2)*Vec(nu9,q3)*Vec(nu12,q3)^2*Vec(nu14,q3)^2*p4.p4*d^-1*xiw^3*xiz*
         ufoGC58^2*ufoGC69^2
          + 1/2*g_(1,6_,nu10)*g_(2,6_,nu11)*Vec(nu10,q2)*Vec(nu11,q2)*Vec(nu9,
         q2)*Vec(nu9,q3)*Vec(nu13,q2)^2*p4.p4^2*xiw^3*xiz*ufoGC58^2*ufoGC69^2
          - g_(1,6_,nu10)*g_(2,6_,nu11)*Vec(nu10,q2)*Vec(nu11,q2)*Vec(nu9,q2)*
         Vec(nu9,q3)*Vec(nu13,q2)^2*p4.p4^2*d^-1*xiw^3*xiz*ufoGC58^2*ufoGC69^2
          - 1/2*g_(1,6_,nu10)*g_(2,6_,nu11)*Vec(nu10,q2)*Vec(nu11,q2)*Vec(nu9,
         q2)*Vec(nu9,q3)*Vec(nu13,q2)^2*Vec(nu14,q2)^2*p4.p4*d^-1*xiw^3*xiz*
         ufoGC58^2*ufoGC69^2
          - g_(1,6_,nu10)*g_(2,6_,nu11)*Vec(nu10,q2)*Vec(nu11,q2)*Vec(nu9,q2)*
         Vec(nu9,q3)*Vec(nu13,q2)^2*Vec(nu14,q2)*Vec(nu14,q3)*p4.p4*d^-1*xiw^3
         *xiz*ufoGC58^2*ufoGC69^2
          - 1/2*g_(1,6_,nu10)*g_(2,6_,nu11)*Vec(nu10,q2)*Vec(nu11,q2)*Vec(nu9,
         q2)*Vec(nu9,q3)*Vec(nu13,q2)^2*Vec(nu14,q3)^2*p4.p4*d^-1*xiw^3*xiz*
         ufoGC58^2*ufoGC69^2
          + g_(1,6_,nu10)*g_(2,6_,nu11)*Vec(nu10,q2)*Vec(nu11,q2)*Vec(nu9,q2)*
         Vec(nu9,q3)*Vec(nu13,q2)^2*Vec(nu15,q2)^2*p4.p4*d^-1*xiw^3*xiz*
         ufoGC58^2*ufoGC69^2
          + 2*g_(1,6_,nu10)*g_(2,6_,nu11)*Vec(nu10,q2)*Vec(nu11,q2)*Vec(nu9,q2
         )*Vec(nu9,q3)*Vec(nu13,q2)^2*Vec(nu15,q2)*Vec(nu15,q3)*p4.p4*d^-1*
         xiw^3*xiz*ufoGC58^2*ufoGC69^2
          + g_(1,6_,nu10)*g_(2,6_,nu11)*Vec(nu10,q2)*Vec(nu11,q2)*Vec(nu9,q2)*
         Vec(nu9,q3)*Vec(nu13,q2)^2*Vec(nu15,q3)^2*p4.p4*d^-1*xiw^3*xiz*
         ufoGC58^2*ufoGC69^2
          + g_(1,6_,nu10)*g_(2,6_,nu11)*Vec(nu10,q2)*Vec(nu11,q2)*Vec(nu9,q2)*
         Vec(nu9,q3)*Vec(nu13,q2)*Vec(nu13,q3)*p4.p4^2*xiw^3*xiz*ufoGC58^2*
         ufoGC69^2
          - 2*g_(1,6_,nu10)*g_(2,6_,nu11)*Vec(nu10,q2)*Vec(nu11,q2)*Vec(nu9,q2
         )*Vec(nu9,q3)*Vec(nu13,q2)*Vec(nu13,q3)*p4.p4^2*d^-1*xiw^3*xiz*
         ufoGC58^2*ufoGC69^2
          - g_(1,6_,nu10)*g_(2,6_,nu11)*Vec(nu10,q2)*Vec(nu11,q2)*Vec(nu9,q2)*
         Vec(nu9,q3)*Vec(nu13,q2)*Vec(nu13,q3)*Vec(nu14,q2)^2*p4.p4*d^-1*xiw^3
         *xiz*ufoGC58^2*ufoGC69^2
          - 2*g_(1,6_,nu10)*g_(2,6_,nu11)*Vec(nu10,q2)*Vec(nu11,q2)*Vec(nu9,q2
         )*Vec(nu9,q3)*Vec(nu13,q2)*Vec(nu13,q3)*Vec(nu14,q2)*Vec(nu14,q3)*
         p4.p4*d^-1*xiw^3*xiz*ufoGC58^2*ufoGC69^2
          - g_(1,6_,nu10)*g_(2,6_,nu11)*Vec(nu10,q2)*Vec(nu11,q2)*Vec(nu9,q2)*
         Vec(nu9,q3)*Vec(nu13,q2)*Vec(nu13,q3)*Vec(nu14,q3)^2*p4.p4*d^-1*xiw^3
         *xiz*ufoGC58^2*ufoGC69^2
          + 2*g_(1,6_,nu10)*g_(2,6_,nu11)*Vec(nu10,q2)*Vec(nu11,q2)*Vec(nu9,q2
         )*Vec(nu9,q3)*Vec(nu13,q2)*Vec(nu13,q3)*Vec(nu15,q2)^2*p4.p4*d^-1*
         xiw^3*xiz*ufoGC58^2*ufoGC69^2
          + 4*g_(1,6_,nu10)*g_(2,6_,nu11)*Vec(nu10,q2)*Vec(nu11,q2)*Vec(nu9,q2
         )*Vec(nu9,q3)*Vec(nu13,q2)*Vec(nu13,q3)*Vec(nu15,q2)*Vec(nu15,q3)*
         p4.p4*d^-1*xiw^3*xiz*ufoGC58^2*ufoGC69^2
          + 2*g_(1,6_,nu10)*g_(2,6_,nu11)*Vec(nu10,q2)*Vec(nu11,q2)*Vec(nu9,q2
         )*Vec(nu9,q3)*Vec(nu13,q2)*Vec(nu13,q3)*Vec(nu15,q3)^2*p4.p4*d^-1*
         xiw^3*xiz*ufoGC58^2*ufoGC69^2
          + 1/2*g_(1,6_,nu10)*g_(2,6_,nu11)*Vec(nu10,q2)*Vec(nu11,q2)*Vec(nu9,
         q2)*Vec(nu9,q3)*Vec(nu13,q3)^2*p4.p4^2*xiw^3*xiz*ufoGC58^2*ufoGC69^2
          - g_(1,6_,nu10)*g_(2,6_,nu11)*Vec(nu10,q2)*Vec(nu11,q2)*Vec(nu9,q2)*
         Vec(nu9,q3)*Vec(nu13,q3)^2*p4.p4^2*d^-1*xiw^3*xiz*ufoGC58^2*ufoGC69^2
          - 1/2*g_(1,6_,nu10)*g_(2,6_,nu11)*Vec(nu10,q2)*Vec(nu11,q2)*Vec(nu9,
         q2)*Vec(nu9,q3)*Vec(nu13,q3)^2*Vec(nu14,q2)^2*p4.p4*d^-1*xiw^3*xiz*
         ufoGC58^2*ufoGC69^2
          - g_(1,6_,nu10)*g_(2,6_,nu11)*Vec(nu10,q2)*Vec(nu11,q2)*Vec(nu9,q2)*
         Vec(nu9,q3)*Vec(nu13,q3)^2*Vec(nu14,q2)*Vec(nu14,q3)*p4.p4*d^-1*xiw^3
         *xiz*ufoGC58^2*ufoGC69^2
          - 1/2*g_(1,6_,nu10)*g_(2,6_,nu11)*Vec(nu10,q2)*Vec(nu11,q2)*Vec(nu9,
         q2)*Vec(nu9,q3)*Vec(nu13,q3)^2*Vec(nu14,q3)^2*p4.p4*d^-1*xiw^3*xiz*
         ufoGC58^2*ufoGC69^2
          + g_(1,6_,nu10)*g_(2,6_,nu11)*Vec(nu10,q2)*Vec(nu11,q2)*Vec(nu9,q2)*
         Vec(nu9,q3)*Vec(nu13,q3)^2*Vec(nu15,q2)^2*p4.p4*d^-1*xiw^3*xiz*
         ufoGC58^2*ufoGC69^2
          + 2*g_(1,6_,nu10)*g_(2,6_,nu11)*Vec(nu10,q2)*Vec(nu11,q2)*Vec(nu9,q2
         )*Vec(nu9,q3)*Vec(nu13,q3)^2*Vec(nu15,q2)*Vec(nu15,q3)*p4.p4*d^-1*
         xiw^3*xiz*ufoGC58^2*ufoGC69^2
          + g_(1,6_,nu10)*g_(2,6_,nu11)*Vec(nu10,q2)*Vec(nu11,q2)*Vec(nu9,q2)*
         Vec(nu9,q3)*Vec(nu13,q3)^2*Vec(nu15,q3)^2*p4.p4*d^-1*xiw^3*xiz*
         ufoGC58^2*ufoGC69^2
          + g_(1,6_,nu10)*g_(2,6_,nu11)*Vec(nu10,q2)*Vec(nu11,q2)*Vec(nu9,q2)*
         Vec(nu9,q3)*Vec(nu15,q2)^2*p4.p4^2*d^-1*xiw^3*xiz*ufoGC58^2*ufoGC69^2
          + 2*g_(1,6_,nu10)*g_(2,6_,nu11)*Vec(nu10,q2)*Vec(nu11,q2)*Vec(nu9,q2
         )*Vec(nu9,q3)*Vec(nu15,q2)*Vec(nu15,q3)*p4.p4^2*d^-1*xiw^3*xiz*
         ufoGC58^2*ufoGC69^2
          + g_(1,6_,nu10)*g_(2,6_,nu11)*Vec(nu10,q2)*Vec(nu11,q2)*Vec(nu9,q2)*
         Vec(nu9,q3)*Vec(nu15,q3)^2*p4.p4^2*d^-1*xiw^3*xiz*ufoGC58^2*ufoGC69^2
          - 1/4*g_(1,6_,nu10)*g_(2,6_,nu11)*Vec(nu10,q2)*Vec(nu11,q2)*Vec(nu9,
         q3)^2*Vec(nu12,q2)^2*p4.p4^2*xiw^3*xiz*ufoGC58^2*ufoGC69^2
          - 1/4*g_(1,6_,nu10)*g_(2,6_,nu11)*Vec(nu10,q2)*Vec(nu11,q2)*Vec(nu9,
         q3)^2*Vec(nu12,q2)^2*Vec(nu14,q2)^2*p4.p4*d^-1*xiw^3*xiz*ufoGC58^2*
         ufoGC69^2
          - 1/2*g_(1,6_,nu10)*g_(2,6_,nu11)*Vec(nu10,q2)*Vec(nu11,q2)*Vec(nu9,
         q3)^2*Vec(nu12,q2)^2*Vec(nu14,q2)*Vec(nu14,q3)*p4.p4*d^-1*xiw^3*xiz*
         ufoGC58^2*ufoGC69^2
          - 1/4*g_(1,6_,nu10)*g_(2,6_,nu11)*Vec(nu10,q2)*Vec(nu11,q2)*Vec(nu9,
         q3)^2*Vec(nu12,q2)^2*Vec(nu14,q3)^2*p4.p4*d^-1*xiw^3*xiz*ufoGC58^2*
         ufoGC69^2
          - 1/2*g_(1,6_,nu10)*g_(2,6_,nu11)*Vec(nu10,q2)*Vec(nu11,q2)*Vec(nu9,
         q3)^2*Vec(nu12,q2)*Vec(nu12,q3)*p4.p4^2*xiw^3*xiz*ufoGC58^2*ufoGC69^2
          - 1/2*g_(1,6_,nu10)*g_(2,6_,nu11)*Vec(nu10,q2)*Vec(nu11,q2)*Vec(nu9,
         q3)^2*Vec(nu12,q2)*Vec(nu12,q3)*Vec(nu14,q2)^2*p4.p4*d^-1*xiw^3*xiz*
         ufoGC58^2*ufoGC69^2
          - g_(1,6_,nu10)*g_(2,6_,nu11)*Vec(nu10,q2)*Vec(nu11,q2)*Vec(nu9,q3)^
         2*Vec(nu12,q2)*Vec(nu12,q3)*Vec(nu14,q2)*Vec(nu14,q3)*p4.p4*d^-1*
         xiw^3*xiz*ufoGC58^2*ufoGC69^2
          - 1/2*g_(1,6_,nu10)*g_(2,6_,nu11)*Vec(nu10,q2)*Vec(nu11,q2)*Vec(nu9,
         q3)^2*Vec(nu12,q2)*Vec(nu12,q3)*Vec(nu14,q3)^2*p4.p4*d^-1*xiw^3*xiz*
         ufoGC58^2*ufoGC69^2
          - 1/4*g_(1,6_,nu10)*g_(2,6_,nu11)*Vec(nu10,q2)*Vec(nu11,q2)*Vec(nu9,
         q3)^2*Vec(nu12,q3)^2*p4.p4^2*xiw^3*xiz*ufoGC58^2*ufoGC69^2
          - 1/4*g_(1,6_,nu10)*g_(2,6_,nu11)*Vec(nu10,q2)*Vec(nu11,q2)*Vec(nu9,
         q3)^2*Vec(nu12,q3)^2*Vec(nu14,q2)^2*p4.p4*d^-1*xiw^3*xiz*ufoGC58^2*
         ufoGC69^2
          - 1/2*g_(1,6_,nu10)*g_(2,6_,nu11)*Vec(nu10,q2)*Vec(nu11,q2)*Vec(nu9,
         q3)^2*Vec(nu12,q3)^2*Vec(nu14,q2)*Vec(nu14,q3)*p4.p4*d^-1*xiw^3*xiz*
         ufoGC58^2*ufoGC69^2
          - 1/4*g_(1,6_,nu10)*g_(2,6_,nu11)*Vec(nu10,q2)*Vec(nu11,q2)*Vec(nu9,
         q3)^2*Vec(nu12,q3)^2*Vec(nu14,q3)^2*p4.p4*d^-1*xiw^3*xiz*ufoGC58^2*
         ufoGC69^2
          + 1/4*g_(1,6_,nu10)*g_(2,6_,nu11)*Vec(nu10,q2)*Vec(nu11,q2)*Vec(nu9,
         q3)^2*Vec(nu13,q2)^2*p4.p4^2*xiw^3*xiz*ufoGC58^2*ufoGC69^2
          - 1/2*g_(1,6_,nu10)*g_(2,6_,nu11)*Vec(nu10,q2)*Vec(nu11,q2)*Vec(nu9,
         q3)^2*Vec(nu13,q2)^2*p4.p4^2*d^-1*xiw^3*xiz*ufoGC58^2*ufoGC69^2
          - 1/4*g_(1,6_,nu10)*g_(2,6_,nu11)*Vec(nu10,q2)*Vec(nu11,q2)*Vec(nu9,
         q3)^2*Vec(nu13,q2)^2*Vec(nu14,q2)^2*p4.p4*d^-1*xiw^3*xiz*ufoGC58^2*
         ufoGC69^2
          - 1/2*g_(1,6_,nu10)*g_(2,6_,nu11)*Vec(nu10,q2)*Vec(nu11,q2)*Vec(nu9,
         q3)^2*Vec(nu13,q2)^2*Vec(nu14,q2)*Vec(nu14,q3)*p4.p4*d^-1*xiw^3*xiz*
         ufoGC58^2*ufoGC69^2
          - 1/4*g_(1,6_,nu10)*g_(2,6_,nu11)*Vec(nu10,q2)*Vec(nu11,q2)*Vec(nu9,
         q3)^2*Vec(nu13,q2)^2*Vec(nu14,q3)^2*p4.p4*d^-1*xiw^3*xiz*ufoGC58^2*
         ufoGC69^2
          + 1/2*g_(1,6_,nu10)*g_(2,6_,nu11)*Vec(nu10,q2)*Vec(nu11,q2)*Vec(nu9,
         q3)^2*Vec(nu13,q2)^2*Vec(nu15,q2)^2*p4.p4*d^-1*xiw^3*xiz*ufoGC58^2*
         ufoGC69^2
          + g_(1,6_,nu10)*g_(2,6_,nu11)*Vec(nu10,q2)*Vec(nu11,q2)*Vec(nu9,q3)^
         2*Vec(nu13,q2)^2*Vec(nu15,q2)*Vec(nu15,q3)*p4.p4*d^-1*xiw^3*xiz*
         ufoGC58^2*ufoGC69^2
          + 1/2*g_(1,6_,nu10)*g_(2,6_,nu11)*Vec(nu10,q2)*Vec(nu11,q2)*Vec(nu9,
         q3)^2*Vec(nu13,q2)^2*Vec(nu15,q3)^2*p4.p4*d^-1*xiw^3*xiz*ufoGC58^2*
         ufoGC69^2
          + 1/2*g_(1,6_,nu10)*g_(2,6_,nu11)*Vec(nu10,q2)*Vec(nu11,q2)*Vec(nu9,
         q3)^2*Vec(nu13,q2)*Vec(nu13,q3)*p4.p4^2*xiw^3*xiz*ufoGC58^2*ufoGC69^2
          - g_(1,6_,nu10)*g_(2,6_,nu11)*Vec(nu10,q2)*Vec(nu11,q2)*Vec(nu9,q3)^
         2*Vec(nu13,q2)*Vec(nu13,q3)*p4.p4^2*d^-1*xiw^3*xiz*ufoGC58^2*
         ufoGC69^2
          - 1/2*g_(1,6_,nu10)*g_(2,6_,nu11)*Vec(nu10,q2)*Vec(nu11,q2)*Vec(nu9,
         q3)^2*Vec(nu13,q2)*Vec(nu13,q3)*Vec(nu14,q2)^2*p4.p4*d^-1*xiw^3*xiz*
         ufoGC58^2*ufoGC69^2
          - g_(1,6_,nu10)*g_(2,6_,nu11)*Vec(nu10,q2)*Vec(nu11,q2)*Vec(nu9,q3)^
         2*Vec(nu13,q2)*Vec(nu13,q3)*Vec(nu14,q2)*Vec(nu14,q3)*p4.p4*d^-1*
         xiw^3*xiz*ufoGC58^2*ufoGC69^2
          - 1/2*g_(1,6_,nu10)*g_(2,6_,nu11)*Vec(nu10,q2)*Vec(nu11,q2)*Vec(nu9,
         q3)^2*Vec(nu13,q2)*Vec(nu13,q3)*Vec(nu14,q3)^2*p4.p4*d^-1*xiw^3*xiz*
         ufoGC58^2*ufoGC69^2
          + g_(1,6_,nu10)*g_(2,6_,nu11)*Vec(nu10,q2)*Vec(nu11,q2)*Vec(nu9,q3)^
         2*Vec(nu13,q2)*Vec(nu13,q3)*Vec(nu15,q2)^2*p4.p4*d^-1*xiw^3*xiz*
         ufoGC58^2*ufoGC69^2
          + 2*g_(1,6_,nu10)*g_(2,6_,nu11)*Vec(nu10,q2)*Vec(nu11,q2)*Vec(nu9,q3
         )^2*Vec(nu13,q2)*Vec(nu13,q3)*Vec(nu15,q2)*Vec(nu15,q3)*p4.p4*d^-1*
         xiw^3*xiz*ufoGC58^2*ufoGC69^2
          + g_(1,6_,nu10)*g_(2,6_,nu11)*Vec(nu10,q2)*Vec(nu11,q2)*Vec(nu9,q3)^
         2*Vec(nu13,q2)*Vec(nu13,q3)*Vec(nu15,q3)^2*p4.p4*d^-1*xiw^3*xiz*
         ufoGC58^2*ufoGC69^2
          + 1/4*g_(1,6_,nu10)*g_(2,6_,nu11)*Vec(nu10,q2)*Vec(nu11,q2)*Vec(nu9,
         q3)^2*Vec(nu13,q3)^2*p4.p4^2*xiw^3*xiz*ufoGC58^2*ufoGC69^2
          - 1/2*g_(1,6_,nu10)*g_(2,6_,nu11)*Vec(nu10,q2)*Vec(nu11,q2)*Vec(nu9,
         q3)^2*Vec(nu13,q3)^2*p4.p4^2*d^-1*xiw^3*xiz*ufoGC58^2*ufoGC69^2
          - 1/4*g_(1,6_,nu10)*g_(2,6_,nu11)*Vec(nu10,q2)*Vec(nu11,q2)*Vec(nu9,
         q3)^2*Vec(nu13,q3)^2*Vec(nu14,q2)^2*p4.p4*d^-1*xiw^3*xiz*ufoGC58^2*
         ufoGC69^2
          - 1/2*g_(1,6_,nu10)*g_(2,6_,nu11)*Vec(nu10,q2)*Vec(nu11,q2)*Vec(nu9,
         q3)^2*Vec(nu13,q3)^2*Vec(nu14,q2)*Vec(nu14,q3)*p4.p4*d^-1*xiw^3*xiz*
         ufoGC58^2*ufoGC69^2
          - 1/4*g_(1,6_,nu10)*g_(2,6_,nu11)*Vec(nu10,q2)*Vec(nu11,q2)*Vec(nu9,
         q3)^2*Vec(nu13,q3)^2*Vec(nu14,q3)^2*p4.p4*d^-1*xiw^3*xiz*ufoGC58^2*
         ufoGC69^2
          + 1/2*g_(1,6_,nu10)*g_(2,6_,nu11)*Vec(nu10,q2)*Vec(nu11,q2)*Vec(nu9,
         q3)^2*Vec(nu13,q3)^2*Vec(nu15,q2)^2*p4.p4*d^-1*xiw^3*xiz*ufoGC58^2*
         ufoGC69^2
          + g_(1,6_,nu10)*g_(2,6_,nu11)*Vec(nu10,q2)*Vec(nu11,q2)*Vec(nu9,q3)^
         2*Vec(nu13,q3)^2*Vec(nu15,q2)*Vec(nu15,q3)*p4.p4*d^-1*xiw^3*xiz*
         ufoGC58^2*ufoGC69^2
          + 1/2*g_(1,6_,nu10)*g_(2,6_,nu11)*Vec(nu10,q2)*Vec(nu11,q2)*Vec(nu9,
         q3)^2*Vec(nu13,q3)^2*Vec(nu15,q3)^2*p4.p4*d^-1*xiw^3*xiz*ufoGC58^2*
         ufoGC69^2
          + 1/2*g_(1,6_,nu10)*g_(2,6_,nu11)*Vec(nu10,q2)*Vec(nu11,q2)*Vec(nu9,
         q3)^2*Vec(nu15,q2)^2*p4.p4^2*d^-1*xiw^3*xiz*ufoGC58^2*ufoGC69^2
          + g_(1,6_,nu10)*g_(2,6_,nu11)*Vec(nu10,q2)*Vec(nu11,q2)*Vec(nu9,q3)^
         2*Vec(nu15,q2)*Vec(nu15,q3)*p4.p4^2*d^-1*xiw^3*xiz*ufoGC58^2*
         ufoGC69^2
          + 1/2*g_(1,6_,nu10)*g_(2,6_,nu11)*Vec(nu10,q2)*Vec(nu11,q2)*Vec(nu9,
         q3)^2*Vec(nu15,q3)^2*p4.p4^2*d^-1*xiw^3*xiz*ufoGC58^2*ufoGC69^2
          - 1/2*g_(1,6_,nu10)*g_(2,6_,nu11)*Vec(nu10,q2)*Vec(nu11,q2)*Vec(nu12
         ,q2)^2*p4.p4^3*d^-1*xiw^3*xiz*ufoGC58^2*ufoGC69^2
          - g_(1,6_,nu10)*g_(2,6_,nu11)*Vec(nu10,q2)*Vec(nu11,q2)*Vec(nu12,q2)
         ^2*Vec(nu13,q2)^2*p4.p4^2*d^-1*xiw^3*xiz*ufoGC58^2*ufoGC69^2
          - 2*g_(1,6_,nu10)*g_(2,6_,nu11)*Vec(nu10,q2)*Vec(nu11,q2)*Vec(nu12,
         q2)^2*Vec(nu13,q2)*Vec(nu13,q3)*p4.p4^2*d^-1*xiw^3*xiz*ufoGC58^2*
         ufoGC69^2
          - g_(1,6_,nu10)*g_(2,6_,nu11)*Vec(nu10,q2)*Vec(nu11,q2)*Vec(nu12,q2)
         ^2*Vec(nu13,q3)^2*p4.p4^2*d^-1*xiw^3*xiz*ufoGC58^2*ufoGC69^2
          + 1/4*g_(1,6_,nu10)*g_(2,6_,nu11)*Vec(nu10,q2)*Vec(nu11,q2)*Vec(nu12
         ,q2)^2*Vec(nu14,q2)^2*p4.p4^2*xiw^3*xiz*ufoGC58^2*ufoGC69^2
          - 1/4*g_(1,6_,nu10)*g_(2,6_,nu11)*Vec(nu10,q2)*Vec(nu11,q2)*Vec(nu12
         ,q2)^2*Vec(nu14,q2)^2*p4.p4^2*d^-1*xiw^3*xiz*ufoGC58^2*ufoGC69^2
          + 1/4*g_(1,6_,nu10)*g_(2,6_,nu11)*Vec(nu10,q2)*Vec(nu11,q2)*Vec(nu12
         ,q2)^2*Vec(nu14,q2)^2*Vec(nu16,q2)^2*p4.p4*d^-1*xiw^3*xiz*ufoGC58^2*
         ufoGC69^2
          + 1/2*g_(1,6_,nu10)*g_(2,6_,nu11)*Vec(nu10,q2)*Vec(nu11,q2)*Vec(nu12
         ,q2)^2*Vec(nu14,q2)^2*Vec(nu16,q2)*Vec(nu16,q3)*p4.p4*d^-1*xiw^3*xiz*
         ufoGC58^2*ufoGC69^2
          + 1/4*g_(1,6_,nu10)*g_(2,6_,nu11)*Vec(nu10,q2)*Vec(nu11,q2)*Vec(nu12
         ,q2)^2*Vec(nu14,q2)^2*Vec(nu16,q3)^2*p4.p4*d^-1*xiw^3*xiz*ufoGC58^2*
         ufoGC69^2
          + 1/2*g_(1,6_,nu10)*g_(2,6_,nu11)*Vec(nu10,q2)*Vec(nu11,q2)*Vec(nu12
         ,q2)^2*Vec(nu14,q2)*Vec(nu14,q3)*p4.p4^2*xiw^3*xiz*ufoGC58^2*
         ufoGC69^2
          - 1/2*g_(1,6_,nu10)*g_(2,6_,nu11)*Vec(nu10,q2)*Vec(nu11,q2)*Vec(nu12
         ,q2)^2*Vec(nu14,q2)*Vec(nu14,q3)*p4.p4^2*d^-1*xiw^3*xiz*ufoGC58^2*
         ufoGC69^2
          + 1/2*g_(1,6_,nu10)*g_(2,6_,nu11)*Vec(nu10,q2)*Vec(nu11,q2)*Vec(nu12
         ,q2)^2*Vec(nu14,q2)*Vec(nu14,q3)*Vec(nu16,q2)^2*p4.p4*d^-1*xiw^3*xiz*
         ufoGC58^2*ufoGC69^2
          + g_(1,6_,nu10)*g_(2,6_,nu11)*Vec(nu10,q2)*Vec(nu11,q2)*Vec(nu12,q2)
         ^2*Vec(nu14,q2)*Vec(nu14,q3)*Vec(nu16,q2)*Vec(nu16,q3)*p4.p4*d^-1*
         xiw^3*xiz*ufoGC58^2*ufoGC69^2
          + 1/2*g_(1,6_,nu10)*g_(2,6_,nu11)*Vec(nu10,q2)*Vec(nu11,q2)*Vec(nu12
         ,q2)^2*Vec(nu14,q2)*Vec(nu14,q3)*Vec(nu16,q3)^2*p4.p4*d^-1*xiw^3*xiz*
         ufoGC58^2*ufoGC69^2
          + 1/4*g_(1,6_,nu10)*g_(2,6_,nu11)*Vec(nu10,q2)*Vec(nu11,q2)*Vec(nu12
         ,q2)^2*Vec(nu14,q3)^2*p4.p4^2*xiw^3*xiz*ufoGC58^2*ufoGC69^2
          - 1/4*g_(1,6_,nu10)*g_(2,6_,nu11)*Vec(nu10,q2)*Vec(nu11,q2)*Vec(nu12
         ,q2)^2*Vec(nu14,q3)^2*p4.p4^2*d^-1*xiw^3*xiz*ufoGC58^2*ufoGC69^2
          + 1/4*g_(1,6_,nu10)*g_(2,6_,nu11)*Vec(nu10,q2)*Vec(nu11,q2)*Vec(nu12
         ,q2)^2*Vec(nu14,q3)^2*Vec(nu16,q2)^2*p4.p4*d^-1*xiw^3*xiz*ufoGC58^2*
         ufoGC69^2
          + 1/2*g_(1,6_,nu10)*g_(2,6_,nu11)*Vec(nu10,q2)*Vec(nu11,q2)*Vec(nu12
         ,q2)^2*Vec(nu14,q3)^2*Vec(nu16,q2)*Vec(nu16,q3)*p4.p4*d^-1*xiw^3*xiz*
         ufoGC58^2*ufoGC69^2
          + 1/4*g_(1,6_,nu10)*g_(2,6_,nu11)*Vec(nu10,q2)*Vec(nu11,q2)*Vec(nu12
         ,q2)^2*Vec(nu14,q3)^2*Vec(nu16,q3)^2*p4.p4*d^-1*xiw^3*xiz*ufoGC58^2*
         ufoGC69^2
          + 3/4*g_(1,6_,nu10)*g_(2,6_,nu11)*Vec(nu10,q2)*Vec(nu11,q2)*Vec(nu12
         ,q2)^2*Vec(nu16,q2)^2*p4.p4^2*d^-1*xiw^3*xiz*ufoGC58^2*ufoGC69^2
          + 3/2*g_(1,6_,nu10)*g_(2,6_,nu11)*Vec(nu10,q2)*Vec(nu11,q2)*Vec(nu12
         ,q2)^2*Vec(nu16,q2)*Vec(nu16,q3)*p4.p4^2*d^-1*xiw^3*xiz*ufoGC58^2*
         ufoGC69^2
          + 3/4*g_(1,6_,nu10)*g_(2,6_,nu11)*Vec(nu10,q2)*Vec(nu11,q2)*Vec(nu12
         ,q2)^2*Vec(nu16,q3)^2*p4.p4^2*d^-1*xiw^3*xiz*ufoGC58^2*ufoGC69^2
          - g_(1,6_,nu10)*g_(2,6_,nu11)*Vec(nu10,q2)*Vec(nu11,q2)*Vec(nu12,q2)
         *Vec(nu12,q3)*p4.p4^3*d^-1*xiw^3*xiz*ufoGC58^2*ufoGC69^2
          - 2*g_(1,6_,nu10)*g_(2,6_,nu11)*Vec(nu10,q2)*Vec(nu11,q2)*Vec(nu12,
         q2)*Vec(nu12,q3)*Vec(nu13,q2)^2*p4.p4^2*d^-1*xiw^3*xiz*ufoGC58^2*
         ufoGC69^2
          - 4*g_(1,6_,nu10)*g_(2,6_,nu11)*Vec(nu10,q2)*Vec(nu11,q2)*Vec(nu12,
         q2)*Vec(nu12,q3)*Vec(nu13,q2)*Vec(nu13,q3)*p4.p4^2*d^-1*xiw^3*xiz*
         ufoGC58^2*ufoGC69^2
          - 2*g_(1,6_,nu10)*g_(2,6_,nu11)*Vec(nu10,q2)*Vec(nu11,q2)*Vec(nu12,
         q2)*Vec(nu12,q3)*Vec(nu13,q3)^2*p4.p4^2*d^-1*xiw^3*xiz*ufoGC58^2*
         ufoGC69^2
          + 1/2*g_(1,6_,nu10)*g_(2,6_,nu11)*Vec(nu10,q2)*Vec(nu11,q2)*Vec(nu12
         ,q2)*Vec(nu12,q3)*Vec(nu14,q2)^2*p4.p4^2*xiw^3*xiz*ufoGC58^2*
         ufoGC69^2
          - 1/2*g_(1,6_,nu10)*g_(2,6_,nu11)*Vec(nu10,q2)*Vec(nu11,q2)*Vec(nu12
         ,q2)*Vec(nu12,q3)*Vec(nu14,q2)^2*p4.p4^2*d^-1*xiw^3*xiz*ufoGC58^2*
         ufoGC69^2
          + 1/2*g_(1,6_,nu10)*g_(2,6_,nu11)*Vec(nu10,q2)*Vec(nu11,q2)*Vec(nu12
         ,q2)*Vec(nu12,q3)*Vec(nu14,q2)^2*Vec(nu16,q2)^2*p4.p4*d^-1*xiw^3*xiz*
         ufoGC58^2*ufoGC69^2
          + g_(1,6_,nu10)*g_(2,6_,nu11)*Vec(nu10,q2)*Vec(nu11,q2)*Vec(nu12,q2)
         *Vec(nu12,q3)*Vec(nu14,q2)^2*Vec(nu16,q2)*Vec(nu16,q3)*p4.p4*d^-1*
         xiw^3*xiz*ufoGC58^2*ufoGC69^2
          + 1/2*g_(1,6_,nu10)*g_(2,6_,nu11)*Vec(nu10,q2)*Vec(nu11,q2)*Vec(nu12
         ,q2)*Vec(nu12,q3)*Vec(nu14,q2)^2*Vec(nu16,q3)^2*p4.p4*d^-1*xiw^3*xiz*
         ufoGC58^2*ufoGC69^2
          + g_(1,6_,nu10)*g_(2,6_,nu11)*Vec(nu10,q2)*Vec(nu11,q2)*Vec(nu12,q2)
         *Vec(nu12,q3)*Vec(nu14,q2)*Vec(nu14,q3)*p4.p4^2*xiw^3*xiz*ufoGC58^2*
         ufoGC69^2
          - g_(1,6_,nu10)*g_(2,6_,nu11)*Vec(nu10,q2)*Vec(nu11,q2)*Vec(nu12,q2)
         *Vec(nu12,q3)*Vec(nu14,q2)*Vec(nu14,q3)*p4.p4^2*d^-1*xiw^3*xiz*
         ufoGC58^2*ufoGC69^2
          + g_(1,6_,nu10)*g_(2,6_,nu11)*Vec(nu10,q2)*Vec(nu11,q2)*Vec(nu12,q2)
         *Vec(nu12,q3)*Vec(nu14,q2)*Vec(nu14,q3)*Vec(nu16,q2)^2*p4.p4*d^-1*
         xiw^3*xiz*ufoGC58^2*ufoGC69^2
          + 2*g_(1,6_,nu10)*g_(2,6_,nu11)*Vec(nu10,q2)*Vec(nu11,q2)*Vec(nu12,
         q2)*Vec(nu12,q3)*Vec(nu14,q2)*Vec(nu14,q3)*Vec(nu16,q2)*Vec(nu16,q3)*
         p4.p4*d^-1*xiw^3*xiz*ufoGC58^2*ufoGC69^2
          + g_(1,6_,nu10)*g_(2,6_,nu11)*Vec(nu10,q2)*Vec(nu11,q2)*Vec(nu12,q2)
         *Vec(nu12,q3)*Vec(nu14,q2)*Vec(nu14,q3)*Vec(nu16,q3)^2*p4.p4*d^-1*
         xiw^3*xiz*ufoGC58^2*ufoGC69^2
          + 1/2*g_(1,6_,nu10)*g_(2,6_,nu11)*Vec(nu10,q2)*Vec(nu11,q2)*Vec(nu12
         ,q2)*Vec(nu12,q3)*Vec(nu14,q3)^2*p4.p4^2*xiw^3*xiz*ufoGC58^2*
         ufoGC69^2
          - 1/2*g_(1,6_,nu10)*g_(2,6_,nu11)*Vec(nu10,q2)*Vec(nu11,q2)*Vec(nu12
         ,q2)*Vec(nu12,q3)*Vec(nu14,q3)^2*p4.p4^2*d^-1*xiw^3*xiz*ufoGC58^2*
         ufoGC69^2
          + 1/2*g_(1,6_,nu10)*g_(2,6_,nu11)*Vec(nu10,q2)*Vec(nu11,q2)*Vec(nu12
         ,q2)*Vec(nu12,q3)*Vec(nu14,q3)^2*Vec(nu16,q2)^2*p4.p4*d^-1*xiw^3*xiz*
         ufoGC58^2*ufoGC69^2
          + g_(1,6_,nu10)*g_(2,6_,nu11)*Vec(nu10,q2)*Vec(nu11,q2)*Vec(nu12,q2)
         *Vec(nu12,q3)*Vec(nu14,q3)^2*Vec(nu16,q2)*Vec(nu16,q3)*p4.p4*d^-1*
         xiw^3*xiz*ufoGC58^2*ufoGC69^2
          + 1/2*g_(1,6_,nu10)*g_(2,6_,nu11)*Vec(nu10,q2)*Vec(nu11,q2)*Vec(nu12
         ,q2)*Vec(nu12,q3)*Vec(nu14,q3)^2*Vec(nu16,q3)^2*p4.p4*d^-1*xiw^3*xiz*
         ufoGC58^2*ufoGC69^2
          + 3/2*g_(1,6_,nu10)*g_(2,6_,nu11)*Vec(nu10,q2)*Vec(nu11,q2)*Vec(nu12
         ,q2)*Vec(nu12,q3)*Vec(nu16,q2)^2*p4.p4^2*d^-1*xiw^3*xiz*ufoGC58^2*
         ufoGC69^2
          + 3*g_(1,6_,nu10)*g_(2,6_,nu11)*Vec(nu10,q2)*Vec(nu11,q2)*Vec(nu12,
         q2)*Vec(nu12,q3)*Vec(nu16,q2)*Vec(nu16,q3)*p4.p4^2*d^-1*xiw^3*xiz*
         ufoGC58^2*ufoGC69^2
          + 3/2*g_(1,6_,nu10)*g_(2,6_,nu11)*Vec(nu10,q2)*Vec(nu11,q2)*Vec(nu12
         ,q2)*Vec(nu12,q3)*Vec(nu16,q3)^2*p4.p4^2*d^-1*xiw^3*xiz*ufoGC58^2*
         ufoGC69^2
          - 1/2*g_(1,6_,nu10)*g_(2,6_,nu11)*Vec(nu10,q2)*Vec(nu11,q2)*Vec(nu12
         ,q3)^2*p4.p4^3*d^-1*xiw^3*xiz*ufoGC58^2*ufoGC69^2
          - g_(1,6_,nu10)*g_(2,6_,nu11)*Vec(nu10,q2)*Vec(nu11,q2)*Vec(nu12,q3)
         ^2*Vec(nu13,q2)^2*p4.p4^2*d^-1*xiw^3*xiz*ufoGC58^2*ufoGC69^2
          - 2*g_(1,6_,nu10)*g_(2,6_,nu11)*Vec(nu10,q2)*Vec(nu11,q2)*Vec(nu12,
         q3)^2*Vec(nu13,q2)*Vec(nu13,q3)*p4.p4^2*d^-1*xiw^3*xiz*ufoGC58^2*
         ufoGC69^2
          - g_(1,6_,nu10)*g_(2,6_,nu11)*Vec(nu10,q2)*Vec(nu11,q2)*Vec(nu12,q3)
         ^2*Vec(nu13,q3)^2*p4.p4^2*d^-1*xiw^3*xiz*ufoGC58^2*ufoGC69^2
          + 1/4*g_(1,6_,nu10)*g_(2,6_,nu11)*Vec(nu10,q2)*Vec(nu11,q2)*Vec(nu12
         ,q3)^2*Vec(nu14,q2)^2*p4.p4^2*xiw^3*xiz*ufoGC58^2*ufoGC69^2
          - 1/4*g_(1,6_,nu10)*g_(2,6_,nu11)*Vec(nu10,q2)*Vec(nu11,q2)*Vec(nu12
         ,q3)^2*Vec(nu14,q2)^2*p4.p4^2*d^-1*xiw^3*xiz*ufoGC58^2*ufoGC69^2
          + 1/4*g_(1,6_,nu10)*g_(2,6_,nu11)*Vec(nu10,q2)*Vec(nu11,q2)*Vec(nu12
         ,q3)^2*Vec(nu14,q2)^2*Vec(nu16,q2)^2*p4.p4*d^-1*xiw^3*xiz*ufoGC58^2*
         ufoGC69^2
          + 1/2*g_(1,6_,nu10)*g_(2,6_,nu11)*Vec(nu10,q2)*Vec(nu11,q2)*Vec(nu12
         ,q3)^2*Vec(nu14,q2)^2*Vec(nu16,q2)*Vec(nu16,q3)*p4.p4*d^-1*xiw^3*xiz*
         ufoGC58^2*ufoGC69^2
          + 1/4*g_(1,6_,nu10)*g_(2,6_,nu11)*Vec(nu10,q2)*Vec(nu11,q2)*Vec(nu12
         ,q3)^2*Vec(nu14,q2)^2*Vec(nu16,q3)^2*p4.p4*d^-1*xiw^3*xiz*ufoGC58^2*
         ufoGC69^2
          + 1/2*g_(1,6_,nu10)*g_(2,6_,nu11)*Vec(nu10,q2)*Vec(nu11,q2)*Vec(nu12
         ,q3)^2*Vec(nu14,q2)*Vec(nu14,q3)*p4.p4^2*xiw^3*xiz*ufoGC58^2*
         ufoGC69^2
          - 1/2*g_(1,6_,nu10)*g_(2,6_,nu11)*Vec(nu10,q2)*Vec(nu11,q2)*Vec(nu12
         ,q3)^2*Vec(nu14,q2)*Vec(nu14,q3)*p4.p4^2*d^-1*xiw^3*xiz*ufoGC58^2*
         ufoGC69^2
          + 1/2*g_(1,6_,nu10)*g_(2,6_,nu11)*Vec(nu10,q2)*Vec(nu11,q2)*Vec(nu12
         ,q3)^2*Vec(nu14,q2)*Vec(nu14,q3)*Vec(nu16,q2)^2*p4.p4*d^-1*xiw^3*xiz*
         ufoGC58^2*ufoGC69^2
          + g_(1,6_,nu10)*g_(2,6_,nu11)*Vec(nu10,q2)*Vec(nu11,q2)*Vec(nu12,q3)
         ^2*Vec(nu14,q2)*Vec(nu14,q3)*Vec(nu16,q2)*Vec(nu16,q3)*p4.p4*d^-1*
         xiw^3*xiz*ufoGC58^2*ufoGC69^2
          + 1/2*g_(1,6_,nu10)*g_(2,6_,nu11)*Vec(nu10,q2)*Vec(nu11,q2)*Vec(nu12
         ,q3)^2*Vec(nu14,q2)*Vec(nu14,q3)*Vec(nu16,q3)^2*p4.p4*d^-1*xiw^3*xiz*
         ufoGC58^2*ufoGC69^2
          + 1/4*g_(1,6_,nu10)*g_(2,6_,nu11)*Vec(nu10,q2)*Vec(nu11,q2)*Vec(nu12
         ,q3)^2*Vec(nu14,q3)^2*p4.p4^2*xiw^3*xiz*ufoGC58^2*ufoGC69^2
          - 1/4*g_(1,6_,nu10)*g_(2,6_,nu11)*Vec(nu10,q2)*Vec(nu11,q2)*Vec(nu12
         ,q3)^2*Vec(nu14,q3)^2*p4.p4^2*d^-1*xiw^3*xiz*ufoGC58^2*ufoGC69^2
          + 1/4*g_(1,6_,nu10)*g_(2,6_,nu11)*Vec(nu10,q2)*Vec(nu11,q2)*Vec(nu12
         ,q3)^2*Vec(nu14,q3)^2*Vec(nu16,q2)^2*p4.p4*d^-1*xiw^3*xiz*ufoGC58^2*
         ufoGC69^2
          + 1/2*g_(1,6_,nu10)*g_(2,6_,nu11)*Vec(nu10,q2)*Vec(nu11,q2)*Vec(nu12
         ,q3)^2*Vec(nu14,q3)^2*Vec(nu16,q2)*Vec(nu16,q3)*p4.p4*d^-1*xiw^3*xiz*
         ufoGC58^2*ufoGC69^2
          + 1/4*g_(1,6_,nu10)*g_(2,6_,nu11)*Vec(nu10,q2)*Vec(nu11,q2)*Vec(nu12
         ,q3)^2*Vec(nu14,q3)^2*Vec(nu16,q3)^2*p4.p4*d^-1*xiw^3*xiz*ufoGC58^2*
         ufoGC69^2
          + 3/4*g_(1,6_,nu10)*g_(2,6_,nu11)*Vec(nu10,q2)*Vec(nu11,q2)*Vec(nu12
         ,q3)^2*Vec(nu16,q2)^2*p4.p4^2*d^-1*xiw^3*xiz*ufoGC58^2*ufoGC69^2
          + 3/2*g_(1,6_,nu10)*g_(2,6_,nu11)*Vec(nu10,q2)*Vec(nu11,q2)*Vec(nu12
         ,q3)^2*Vec(nu16,q2)*Vec(nu16,q3)*p4.p4^2*d^-1*xiw^3*xiz*ufoGC58^2*
         ufoGC69^2
          + 3/4*g_(1,6_,nu10)*g_(2,6_,nu11)*Vec(nu10,q2)*Vec(nu11,q2)*Vec(nu12
         ,q3)^2*Vec(nu16,q3)^2*p4.p4^2*d^-1*xiw^3*xiz*ufoGC58^2*ufoGC69^2
          + 1/2*g_(1,6_,nu10)*g_(2,6_,nu11)*Vec(nu10,q2)*Vec(nu11,q2)*Vec(nu13
         ,q2)^2*p4.p4^3*d^-1*xiw^3*xiz*ufoGC58^2*ufoGC69^2
          - 1/4*g_(1,6_,nu10)*g_(2,6_,nu11)*Vec(nu10,q2)*Vec(nu11,q2)*Vec(nu13
         ,q2)^2*Vec(nu14,q2)^2*p4.p4^2*xiw^3*xiz*ufoGC58^2*ufoGC69^2
          + 5/4*g_(1,6_,nu10)*g_(2,6_,nu11)*Vec(nu10,q2)*Vec(nu11,q2)*Vec(nu13
         ,q2)^2*Vec(nu14,q2)^2*p4.p4^2*d^-1*xiw^3*xiz*ufoGC58^2*ufoGC69^2
          + 1/4*g_(1,6_,nu10)*g_(2,6_,nu11)*Vec(nu10,q2)*Vec(nu11,q2)*Vec(nu13
         ,q2)^2*Vec(nu14,q2)^2*Vec(nu16,q2)^2*p4.p4*d^-1*xiw^3*xiz*ufoGC58^2*
         ufoGC69^2
          + 1/2*g_(1,6_,nu10)*g_(2,6_,nu11)*Vec(nu10,q2)*Vec(nu11,q2)*Vec(nu13
         ,q2)^2*Vec(nu14,q2)^2*Vec(nu16,q2)*Vec(nu16,q3)*p4.p4*d^-1*xiw^3*xiz*
         ufoGC58^2*ufoGC69^2
          + 1/4*g_(1,6_,nu10)*g_(2,6_,nu11)*Vec(nu10,q2)*Vec(nu11,q2)*Vec(nu13
         ,q2)^2*Vec(nu14,q2)^2*Vec(nu16,q3)^2*p4.p4*d^-1*xiw^3*xiz*ufoGC58^2*
         ufoGC69^2
          - 1/2*g_(1,6_,nu10)*g_(2,6_,nu11)*Vec(nu10,q2)*Vec(nu11,q2)*Vec(nu13
         ,q2)^2*Vec(nu14,q2)^2*Vec(nu15,q2)^2*p4.p4*d^-1*xiw^3*xiz*ufoGC58^2*
         ufoGC69^2
          - g_(1,6_,nu10)*g_(2,6_,nu11)*Vec(nu10,q2)*Vec(nu11,q2)*Vec(nu13,q2)
         ^2*Vec(nu14,q2)^2*Vec(nu15,q2)*Vec(nu15,q3)*p4.p4*d^-1*xiw^3*xiz*
         ufoGC58^2*ufoGC69^2
          - 1/2*g_(1,6_,nu10)*g_(2,6_,nu11)*Vec(nu10,q2)*Vec(nu11,q2)*Vec(nu13
         ,q2)^2*Vec(nu14,q2)^2*Vec(nu15,q3)^2*p4.p4*d^-1*xiw^3*xiz*ufoGC58^2*
         ufoGC69^2
          - 1/2*g_(1,6_,nu10)*g_(2,6_,nu11)*Vec(nu10,q2)*Vec(nu11,q2)*Vec(nu13
         ,q2)^2*Vec(nu14,q2)*Vec(nu14,q3)*p4.p4^2*xiw^3*xiz*ufoGC58^2*
         ufoGC69^2
          + 5/2*g_(1,6_,nu10)*g_(2,6_,nu11)*Vec(nu10,q2)*Vec(nu11,q2)*Vec(nu13
         ,q2)^2*Vec(nu14,q2)*Vec(nu14,q3)*p4.p4^2*d^-1*xiw^3*xiz*ufoGC58^2*
         ufoGC69^2
          + 1/2*g_(1,6_,nu10)*g_(2,6_,nu11)*Vec(nu10,q2)*Vec(nu11,q2)*Vec(nu13
         ,q2)^2*Vec(nu14,q2)*Vec(nu14,q3)*Vec(nu16,q2)^2*p4.p4*d^-1*xiw^3*xiz*
         ufoGC58^2*ufoGC69^2
          + g_(1,6_,nu10)*g_(2,6_,nu11)*Vec(nu10,q2)*Vec(nu11,q2)*Vec(nu13,q2)
         ^2*Vec(nu14,q2)*Vec(nu14,q3)*Vec(nu16,q2)*Vec(nu16,q3)*p4.p4*d^-1*
         xiw^3*xiz*ufoGC58^2*ufoGC69^2
          + 1/2*g_(1,6_,nu10)*g_(2,6_,nu11)*Vec(nu10,q2)*Vec(nu11,q2)*Vec(nu13
         ,q2)^2*Vec(nu14,q2)*Vec(nu14,q3)*Vec(nu16,q3)^2*p4.p4*d^-1*xiw^3*xiz*
         ufoGC58^2*ufoGC69^2
          - g_(1,6_,nu10)*g_(2,6_,nu11)*Vec(nu10,q2)*Vec(nu11,q2)*Vec(nu13,q2)
         ^2*Vec(nu14,q2)*Vec(nu14,q3)*Vec(nu15,q2)^2*p4.p4*d^-1*xiw^3*xiz*
         ufoGC58^2*ufoGC69^2
          - 2*g_(1,6_,nu10)*g_(2,6_,nu11)*Vec(nu10,q2)*Vec(nu11,q2)*Vec(nu13,
         q2)^2*Vec(nu14,q2)*Vec(nu14,q3)*Vec(nu15,q2)*Vec(nu15,q3)*p4.p4*d^-1*
         xiw^3*xiz*ufoGC58^2*ufoGC69^2
          - g_(1,6_,nu10)*g_(2,6_,nu11)*Vec(nu10,q2)*Vec(nu11,q2)*Vec(nu13,q2)
         ^2*Vec(nu14,q2)*Vec(nu14,q3)*Vec(nu15,q3)^2*p4.p4*d^-1*xiw^3*xiz*
         ufoGC58^2*ufoGC69^2
          - 1/4*g_(1,6_,nu10)*g_(2,6_,nu11)*Vec(nu10,q2)*Vec(nu11,q2)*Vec(nu13
         ,q2)^2*Vec(nu14,q3)^2*p4.p4^2*xiw^3*xiz*ufoGC58^2*ufoGC69^2
          + 5/4*g_(1,6_,nu10)*g_(2,6_,nu11)*Vec(nu10,q2)*Vec(nu11,q2)*Vec(nu13
         ,q2)^2*Vec(nu14,q3)^2*p4.p4^2*d^-1*xiw^3*xiz*ufoGC58^2*ufoGC69^2
          + 1/4*g_(1,6_,nu10)*g_(2,6_,nu11)*Vec(nu10,q2)*Vec(nu11,q2)*Vec(nu13
         ,q2)^2*Vec(nu14,q3)^2*Vec(nu16,q2)^2*p4.p4*d^-1*xiw^3*xiz*ufoGC58^2*
         ufoGC69^2
          + 1/2*g_(1,6_,nu10)*g_(2,6_,nu11)*Vec(nu10,q2)*Vec(nu11,q2)*Vec(nu13
         ,q2)^2*Vec(nu14,q3)^2*Vec(nu16,q2)*Vec(nu16,q3)*p4.p4*d^-1*xiw^3*xiz*
         ufoGC58^2*ufoGC69^2
          + 1/4*g_(1,6_,nu10)*g_(2,6_,nu11)*Vec(nu10,q2)*Vec(nu11,q2)*Vec(nu13
         ,q2)^2*Vec(nu14,q3)^2*Vec(nu16,q3)^2*p4.p4*d^-1*xiw^3*xiz*ufoGC58^2*
         ufoGC69^2
          - 1/2*g_(1,6_,nu10)*g_(2,6_,nu11)*Vec(nu10,q2)*Vec(nu11,q2)*Vec(nu13
         ,q2)^2*Vec(nu14,q3)^2*Vec(nu15,q2)^2*p4.p4*d^-1*xiw^3*xiz*ufoGC58^2*
         ufoGC69^2
          - g_(1,6_,nu10)*g_(2,6_,nu11)*Vec(nu10,q2)*Vec(nu11,q2)*Vec(nu13,q2)
         ^2*Vec(nu14,q3)^2*Vec(nu15,q2)*Vec(nu15,q3)*p4.p4*d^-1*xiw^3*xiz*
         ufoGC58^2*ufoGC69^2
          - 1/2*g_(1,6_,nu10)*g_(2,6_,nu11)*Vec(nu10,q2)*Vec(nu11,q2)*Vec(nu13
         ,q2)^2*Vec(nu14,q3)^2*Vec(nu15,q3)^2*p4.p4*d^-1*xiw^3*xiz*ufoGC58^2*
         ufoGC69^2
          - 1/4*g_(1,6_,nu10)*g_(2,6_,nu11)*Vec(nu10,q2)*Vec(nu11,q2)*Vec(nu13
         ,q2)^2*Vec(nu16,q2)^2*p4.p4^2*d^-1*xiw^3*xiz*ufoGC58^2*ufoGC69^2
          - 1/2*g_(1,6_,nu10)*g_(2,6_,nu11)*Vec(nu10,q2)*Vec(nu11,q2)*Vec(nu13
         ,q2)^2*Vec(nu16,q2)*Vec(nu16,q3)*p4.p4^2*d^-1*xiw^3*xiz*ufoGC58^2*
         ufoGC69^2
          - 1/4*g_(1,6_,nu10)*g_(2,6_,nu11)*Vec(nu10,q2)*Vec(nu11,q2)*Vec(nu13
         ,q2)^2*Vec(nu16,q3)^2*p4.p4^2*d^-1*xiw^3*xiz*ufoGC58^2*ufoGC69^2
          + g_(1,6_,nu10)*g_(2,6_,nu11)*Vec(nu10,q2)*Vec(nu11,q2)*Vec(nu13,q2)
         *Vec(nu13,q3)*p4.p4^3*d^-1*xiw^3*xiz*ufoGC58^2*ufoGC69^2
          - 1/2*g_(1,6_,nu10)*g_(2,6_,nu11)*Vec(nu10,q2)*Vec(nu11,q2)*Vec(nu13
         ,q2)*Vec(nu13,q3)*Vec(nu14,q2)^2*p4.p4^2*xiw^3*xiz*ufoGC58^2*
         ufoGC69^2
          + 5/2*g_(1,6_,nu10)*g_(2,6_,nu11)*Vec(nu10,q2)*Vec(nu11,q2)*Vec(nu13
         ,q2)*Vec(nu13,q3)*Vec(nu14,q2)^2*p4.p4^2*d^-1*xiw^3*xiz*ufoGC58^2*
         ufoGC69^2
          + 1/2*g_(1,6_,nu10)*g_(2,6_,nu11)*Vec(nu10,q2)*Vec(nu11,q2)*Vec(nu13
         ,q2)*Vec(nu13,q3)*Vec(nu14,q2)^2*Vec(nu16,q2)^2*p4.p4*d^-1*xiw^3*xiz*
         ufoGC58^2*ufoGC69^2
          + g_(1,6_,nu10)*g_(2,6_,nu11)*Vec(nu10,q2)*Vec(nu11,q2)*Vec(nu13,q2)
         *Vec(nu13,q3)*Vec(nu14,q2)^2*Vec(nu16,q2)*Vec(nu16,q3)*p4.p4*d^-1*
         xiw^3*xiz*ufoGC58^2*ufoGC69^2
          + 1/2*g_(1,6_,nu10)*g_(2,6_,nu11)*Vec(nu10,q2)*Vec(nu11,q2)*Vec(nu13
         ,q2)*Vec(nu13,q3)*Vec(nu14,q2)^2*Vec(nu16,q3)^2*p4.p4*d^-1*xiw^3*xiz*
         ufoGC58^2*ufoGC69^2
          - g_(1,6_,nu10)*g_(2,6_,nu11)*Vec(nu10,q2)*Vec(nu11,q2)*Vec(nu13,q2)
         *Vec(nu13,q3)*Vec(nu14,q2)^2*Vec(nu15,q2)^2*p4.p4*d^-1*xiw^3*xiz*
         ufoGC58^2*ufoGC69^2
          - 2*g_(1,6_,nu10)*g_(2,6_,nu11)*Vec(nu10,q2)*Vec(nu11,q2)*Vec(nu13,
         q2)*Vec(nu13,q3)*Vec(nu14,q2)^2*Vec(nu15,q2)*Vec(nu15,q3)*p4.p4*d^-1*
         xiw^3*xiz*ufoGC58^2*ufoGC69^2
          - g_(1,6_,nu10)*g_(2,6_,nu11)*Vec(nu10,q2)*Vec(nu11,q2)*Vec(nu13,q2)
         *Vec(nu13,q3)*Vec(nu14,q2)^2*Vec(nu15,q3)^2*p4.p4*d^-1*xiw^3*xiz*
         ufoGC58^2*ufoGC69^2
          - g_(1,6_,nu10)*g_(2,6_,nu11)*Vec(nu10,q2)*Vec(nu11,q2)*Vec(nu13,q2)
         *Vec(nu13,q3)*Vec(nu14,q2)*Vec(nu14,q3)*p4.p4^2*xiw^3*xiz*ufoGC58^2*
         ufoGC69^2
          + 5*g_(1,6_,nu10)*g_(2,6_,nu11)*Vec(nu10,q2)*Vec(nu11,q2)*Vec(nu13,
         q2)*Vec(nu13,q3)*Vec(nu14,q2)*Vec(nu14,q3)*p4.p4^2*d^-1*xiw^3*xiz*
         ufoGC58^2*ufoGC69^2
          + g_(1,6_,nu10)*g_(2,6_,nu11)*Vec(nu10,q2)*Vec(nu11,q2)*Vec(nu13,q2)
         *Vec(nu13,q3)*Vec(nu14,q2)*Vec(nu14,q3)*Vec(nu16,q2)^2*p4.p4*d^-1*
         xiw^3*xiz*ufoGC58^2*ufoGC69^2
          + 2*g_(1,6_,nu10)*g_(2,6_,nu11)*Vec(nu10,q2)*Vec(nu11,q2)*Vec(nu13,
         q2)*Vec(nu13,q3)*Vec(nu14,q2)*Vec(nu14,q3)*Vec(nu16,q2)*Vec(nu16,q3)*
         p4.p4*d^-1*xiw^3*xiz*ufoGC58^2*ufoGC69^2
          + g_(1,6_,nu10)*g_(2,6_,nu11)*Vec(nu10,q2)*Vec(nu11,q2)*Vec(nu13,q2)
         *Vec(nu13,q3)*Vec(nu14,q2)*Vec(nu14,q3)*Vec(nu16,q3)^2*p4.p4*d^-1*
         xiw^3*xiz*ufoGC58^2*ufoGC69^2
          - 2*g_(1,6_,nu10)*g_(2,6_,nu11)*Vec(nu10,q2)*Vec(nu11,q2)*Vec(nu13,
         q2)*Vec(nu13,q3)*Vec(nu14,q2)*Vec(nu14,q3)*Vec(nu15,q2)^2*p4.p4*d^-1*
         xiw^3*xiz*ufoGC58^2*ufoGC69^2
          - 4*g_(1,6_,nu10)*g_(2,6_,nu11)*Vec(nu10,q2)*Vec(nu11,q2)*Vec(nu13,
         q2)*Vec(nu13,q3)*Vec(nu14,q2)*Vec(nu14,q3)*Vec(nu15,q2)*Vec(nu15,q3)*
         p4.p4*d^-1*xiw^3*xiz*ufoGC58^2*ufoGC69^2
          - 2*g_(1,6_,nu10)*g_(2,6_,nu11)*Vec(nu10,q2)*Vec(nu11,q2)*Vec(nu13,
         q2)*Vec(nu13,q3)*Vec(nu14,q2)*Vec(nu14,q3)*Vec(nu15,q3)^2*p4.p4*d^-1*
         xiw^3*xiz*ufoGC58^2*ufoGC69^2
          - 1/2*g_(1,6_,nu10)*g_(2,6_,nu11)*Vec(nu10,q2)*Vec(nu11,q2)*Vec(nu13
         ,q2)*Vec(nu13,q3)*Vec(nu14,q3)^2*p4.p4^2*xiw^3*xiz*ufoGC58^2*
         ufoGC69^2
          + 5/2*g_(1,6_,nu10)*g_(2,6_,nu11)*Vec(nu10,q2)*Vec(nu11,q2)*Vec(nu13
         ,q2)*Vec(nu13,q3)*Vec(nu14,q3)^2*p4.p4^2*d^-1*xiw^3*xiz*ufoGC58^2*
         ufoGC69^2
          + 1/2*g_(1,6_,nu10)*g_(2,6_,nu11)*Vec(nu10,q2)*Vec(nu11,q2)*Vec(nu13
         ,q2)*Vec(nu13,q3)*Vec(nu14,q3)^2*Vec(nu16,q2)^2*p4.p4*d^-1*xiw^3*xiz*
         ufoGC58^2*ufoGC69^2
          + g_(1,6_,nu10)*g_(2,6_,nu11)*Vec(nu10,q2)*Vec(nu11,q2)*Vec(nu13,q2)
         *Vec(nu13,q3)*Vec(nu14,q3)^2*Vec(nu16,q2)*Vec(nu16,q3)*p4.p4*d^-1*
         xiw^3*xiz*ufoGC58^2*ufoGC69^2
          + 1/2*g_(1,6_,nu10)*g_(2,6_,nu11)*Vec(nu10,q2)*Vec(nu11,q2)*Vec(nu13
         ,q2)*Vec(nu13,q3)*Vec(nu14,q3)^2*Vec(nu16,q3)^2*p4.p4*d^-1*xiw^3*xiz*
         ufoGC58^2*ufoGC69^2
          - g_(1,6_,nu10)*g_(2,6_,nu11)*Vec(nu10,q2)*Vec(nu11,q2)*Vec(nu13,q2)
         *Vec(nu13,q3)*Vec(nu14,q3)^2*Vec(nu15,q2)^2*p4.p4*d^-1*xiw^3*xiz*
         ufoGC58^2*ufoGC69^2
          - 2*g_(1,6_,nu10)*g_(2,6_,nu11)*Vec(nu10,q2)*Vec(nu11,q2)*Vec(nu13,
         q2)*Vec(nu13,q3)*Vec(nu14,q3)^2*Vec(nu15,q2)*Vec(nu15,q3)*p4.p4*d^-1*
         xiw^3*xiz*ufoGC58^2*ufoGC69^2
          - g_(1,6_,nu10)*g_(2,6_,nu11)*Vec(nu10,q2)*Vec(nu11,q2)*Vec(nu13,q2)
         *Vec(nu13,q3)*Vec(nu14,q3)^2*Vec(nu15,q3)^2*p4.p4*d^-1*xiw^3*xiz*
         ufoGC58^2*ufoGC69^2
          - 1/2*g_(1,6_,nu10)*g_(2,6_,nu11)*Vec(nu10,q2)*Vec(nu11,q2)*Vec(nu13
         ,q2)*Vec(nu13,q3)*Vec(nu16,q2)^2*p4.p4^2*d^-1*xiw^3*xiz*ufoGC58^2*
         ufoGC69^2
          - g_(1,6_,nu10)*g_(2,6_,nu11)*Vec(nu10,q2)*Vec(nu11,q2)*Vec(nu13,q2)
         *Vec(nu13,q3)*Vec(nu16,q2)*Vec(nu16,q3)*p4.p4^2*d^-1*xiw^3*xiz*
         ufoGC58^2*ufoGC69^2
          - 1/2*g_(1,6_,nu10)*g_(2,6_,nu11)*Vec(nu10,q2)*Vec(nu11,q2)*Vec(nu13
         ,q2)*Vec(nu13,q3)*Vec(nu16,q3)^2*p4.p4^2*d^-1*xiw^3*xiz*ufoGC58^2*
         ufoGC69^2
          + 1/2*g_(1,6_,nu10)*g_(2,6_,nu11)*Vec(nu10,q2)*Vec(nu11,q2)*Vec(nu13
         ,q3)^2*p4.p4^3*d^-1*xiw^3*xiz*ufoGC58^2*ufoGC69^2
          - 1/4*g_(1,6_,nu10)*g_(2,6_,nu11)*Vec(nu10,q2)*Vec(nu11,q2)*Vec(nu13
         ,q3)^2*Vec(nu14,q2)^2*p4.p4^2*xiw^3*xiz*ufoGC58^2*ufoGC69^2
          + 5/4*g_(1,6_,nu10)*g_(2,6_,nu11)*Vec(nu10,q2)*Vec(nu11,q2)*Vec(nu13
         ,q3)^2*Vec(nu14,q2)^2*p4.p4^2*d^-1*xiw^3*xiz*ufoGC58^2*ufoGC69^2
          + 1/4*g_(1,6_,nu10)*g_(2,6_,nu11)*Vec(nu10,q2)*Vec(nu11,q2)*Vec(nu13
         ,q3)^2*Vec(nu14,q2)^2*Vec(nu16,q2)^2*p4.p4*d^-1*xiw^3*xiz*ufoGC58^2*
         ufoGC69^2
          + 1/2*g_(1,6_,nu10)*g_(2,6_,nu11)*Vec(nu10,q2)*Vec(nu11,q2)*Vec(nu13
         ,q3)^2*Vec(nu14,q2)^2*Vec(nu16,q2)*Vec(nu16,q3)*p4.p4*d^-1*xiw^3*xiz*
         ufoGC58^2*ufoGC69^2
          + 1/4*g_(1,6_,nu10)*g_(2,6_,nu11)*Vec(nu10,q2)*Vec(nu11,q2)*Vec(nu13
         ,q3)^2*Vec(nu14,q2)^2*Vec(nu16,q3)^2*p4.p4*d^-1*xiw^3*xiz*ufoGC58^2*
         ufoGC69^2
          - 1/2*g_(1,6_,nu10)*g_(2,6_,nu11)*Vec(nu10,q2)*Vec(nu11,q2)*Vec(nu13
         ,q3)^2*Vec(nu14,q2)^2*Vec(nu15,q2)^2*p4.p4*d^-1*xiw^3*xiz*ufoGC58^2*
         ufoGC69^2
          - g_(1,6_,nu10)*g_(2,6_,nu11)*Vec(nu10,q2)*Vec(nu11,q2)*Vec(nu13,q3)
         ^2*Vec(nu14,q2)^2*Vec(nu15,q2)*Vec(nu15,q3)*p4.p4*d^-1*xiw^3*xiz*
         ufoGC58^2*ufoGC69^2
          - 1/2*g_(1,6_,nu10)*g_(2,6_,nu11)*Vec(nu10,q2)*Vec(nu11,q2)*Vec(nu13
         ,q3)^2*Vec(nu14,q2)^2*Vec(nu15,q3)^2*p4.p4*d^-1*xiw^3*xiz*ufoGC58^2*
         ufoGC69^2
          - 1/2*g_(1,6_,nu10)*g_(2,6_,nu11)*Vec(nu10,q2)*Vec(nu11,q2)*Vec(nu13
         ,q3)^2*Vec(nu14,q2)*Vec(nu14,q3)*p4.p4^2*xiw^3*xiz*ufoGC58^2*
         ufoGC69^2
          + 5/2*g_(1,6_,nu10)*g_(2,6_,nu11)*Vec(nu10,q2)*Vec(nu11,q2)*Vec(nu13
         ,q3)^2*Vec(nu14,q2)*Vec(nu14,q3)*p4.p4^2*d^-1*xiw^3*xiz*ufoGC58^2*
         ufoGC69^2
          + 1/2*g_(1,6_,nu10)*g_(2,6_,nu11)*Vec(nu10,q2)*Vec(nu11,q2)*Vec(nu13
         ,q3)^2*Vec(nu14,q2)*Vec(nu14,q3)*Vec(nu16,q2)^2*p4.p4*d^-1*xiw^3*xiz*
         ufoGC58^2*ufoGC69^2
          + g_(1,6_,nu10)*g_(2,6_,nu11)*Vec(nu10,q2)*Vec(nu11,q2)*Vec(nu13,q3)
         ^2*Vec(nu14,q2)*Vec(nu14,q3)*Vec(nu16,q2)*Vec(nu16,q3)*p4.p4*d^-1*
         xiw^3*xiz*ufoGC58^2*ufoGC69^2
          + 1/2*g_(1,6_,nu10)*g_(2,6_,nu11)*Vec(nu10,q2)*Vec(nu11,q2)*Vec(nu13
         ,q3)^2*Vec(nu14,q2)*Vec(nu14,q3)*Vec(nu16,q3)^2*p4.p4*d^-1*xiw^3*xiz*
         ufoGC58^2*ufoGC69^2
          - g_(1,6_,nu10)*g_(2,6_,nu11)*Vec(nu10,q2)*Vec(nu11,q2)*Vec(nu13,q3)
         ^2*Vec(nu14,q2)*Vec(nu14,q3)*Vec(nu15,q2)^2*p4.p4*d^-1*xiw^3*xiz*
         ufoGC58^2*ufoGC69^2
          - 2*g_(1,6_,nu10)*g_(2,6_,nu11)*Vec(nu10,q2)*Vec(nu11,q2)*Vec(nu13,
         q3)^2*Vec(nu14,q2)*Vec(nu14,q3)*Vec(nu15,q2)*Vec(nu15,q3)*p4.p4*d^-1*
         xiw^3*xiz*ufoGC58^2*ufoGC69^2
          - g_(1,6_,nu10)*g_(2,6_,nu11)*Vec(nu10,q2)*Vec(nu11,q2)*Vec(nu13,q3)
         ^2*Vec(nu14,q2)*Vec(nu14,q3)*Vec(nu15,q3)^2*p4.p4*d^-1*xiw^3*xiz*
         ufoGC58^2*ufoGC69^2
          - 1/4*g_(1,6_,nu10)*g_(2,6_,nu11)*Vec(nu10,q2)*Vec(nu11,q2)*Vec(nu13
         ,q3)^2*Vec(nu14,q3)^2*p4.p4^2*xiw^3*xiz*ufoGC58^2*ufoGC69^2
          + 5/4*g_(1,6_,nu10)*g_(2,6_,nu11)*Vec(nu10,q2)*Vec(nu11,q2)*Vec(nu13
         ,q3)^2*Vec(nu14,q3)^2*p4.p4^2*d^-1*xiw^3*xiz*ufoGC58^2*ufoGC69^2
          + 1/4*g_(1,6_,nu10)*g_(2,6_,nu11)*Vec(nu10,q2)*Vec(nu11,q2)*Vec(nu13
         ,q3)^2*Vec(nu14,q3)^2*Vec(nu16,q2)^2*p4.p4*d^-1*xiw^3*xiz*ufoGC58^2*
         ufoGC69^2
          + 1/2*g_(1,6_,nu10)*g_(2,6_,nu11)*Vec(nu10,q2)*Vec(nu11,q2)*Vec(nu13
         ,q3)^2*Vec(nu14,q3)^2*Vec(nu16,q2)*Vec(nu16,q3)*p4.p4*d^-1*xiw^3*xiz*
         ufoGC58^2*ufoGC69^2
          + 1/4*g_(1,6_,nu10)*g_(2,6_,nu11)*Vec(nu10,q2)*Vec(nu11,q2)*Vec(nu13
         ,q3)^2*Vec(nu14,q3)^2*Vec(nu16,q3)^2*p4.p4*d^-1*xiw^3*xiz*ufoGC58^2*
         ufoGC69^2
          - 1/2*g_(1,6_,nu10)*g_(2,6_,nu11)*Vec(nu10,q2)*Vec(nu11,q2)*Vec(nu13
         ,q3)^2*Vec(nu14,q3)^2*Vec(nu15,q2)^2*p4.p4*d^-1*xiw^3*xiz*ufoGC58^2*
         ufoGC69^2
          - g_(1,6_,nu10)*g_(2,6_,nu11)*Vec(nu10,q2)*Vec(nu11,q2)*Vec(nu13,q3)
         ^2*Vec(nu14,q3)^2*Vec(nu15,q2)*Vec(nu15,q3)*p4.p4*d^-1*xiw^3*xiz*
         ufoGC58^2*ufoGC69^2
          - 1/2*g_(1,6_,nu10)*g_(2,6_,nu11)*Vec(nu10,q2)*Vec(nu11,q2)*Vec(nu13
         ,q3)^2*Vec(nu14,q3)^2*Vec(nu15,q3)^2*p4.p4*d^-1*xiw^3*xiz*ufoGC58^2*
         ufoGC69^2
          - 1/4*g_(1,6_,nu10)*g_(2,6_,nu11)*Vec(nu10,q2)*Vec(nu11,q2)*Vec(nu13
         ,q3)^2*Vec(nu16,q2)^2*p4.p4^2*d^-1*xiw^3*xiz*ufoGC58^2*ufoGC69^2
          - 1/2*g_(1,6_,nu10)*g_(2,6_,nu11)*Vec(nu10,q2)*Vec(nu11,q2)*Vec(nu13
         ,q3)^2*Vec(nu16,q2)*Vec(nu16,q3)*p4.p4^2*d^-1*xiw^3*xiz*ufoGC58^2*
         ufoGC69^2
          - 1/4*g_(1,6_,nu10)*g_(2,6_,nu11)*Vec(nu10,q2)*Vec(nu11,q2)*Vec(nu13
         ,q3)^2*Vec(nu16,q3)^2*p4.p4^2*d^-1*xiw^3*xiz*ufoGC58^2*ufoGC69^2
          - 1/2*g_(1,6_,nu10)*g_(2,6_,nu11)*Vec(nu10,q2)*Vec(nu11,q2)*Vec(nu14
         ,q2)^2*Vec(nu15,q2)^2*p4.p4^2*d^-1*xiw^3*xiz*ufoGC58^2*ufoGC69^2
          - g_(1,6_,nu10)*g_(2,6_,nu11)*Vec(nu10,q2)*Vec(nu11,q2)*Vec(nu14,q2)
         ^2*Vec(nu15,q2)*Vec(nu15,q3)*p4.p4^2*d^-1*xiw^3*xiz*ufoGC58^2*
         ufoGC69^2
          - 1/2*g_(1,6_,nu10)*g_(2,6_,nu11)*Vec(nu10,q2)*Vec(nu11,q2)*Vec(nu14
         ,q2)^2*Vec(nu15,q3)^2*p4.p4^2*d^-1*xiw^3*xiz*ufoGC58^2*ufoGC69^2
          - g_(1,6_,nu10)*g_(2,6_,nu11)*Vec(nu10,q2)*Vec(nu11,q2)*Vec(nu14,q2)
         *Vec(nu14,q3)*Vec(nu15,q2)^2*p4.p4^2*d^-1*xiw^3*xiz*ufoGC58^2*
         ufoGC69^2
          - 2*g_(1,6_,nu10)*g_(2,6_,nu11)*Vec(nu10,q2)*Vec(nu11,q2)*Vec(nu14,
         q2)*Vec(nu14,q3)*Vec(nu15,q2)*Vec(nu15,q3)*p4.p4^2*d^-1*xiw^3*xiz*
         ufoGC58^2*ufoGC69^2
          - g_(1,6_,nu10)*g_(2,6_,nu11)*Vec(nu10,q2)*Vec(nu11,q2)*Vec(nu14,q2)
         *Vec(nu14,q3)*Vec(nu15,q3)^2*p4.p4^2*d^-1*xiw^3*xiz*ufoGC58^2*
         ufoGC69^2
          - 1/2*g_(1,6_,nu10)*g_(2,6_,nu11)*Vec(nu10,q2)*Vec(nu11,q2)*Vec(nu14
         ,q3)^2*Vec(nu15,q2)^2*p4.p4^2*d^-1*xiw^3*xiz*ufoGC58^2*ufoGC69^2
          - g_(1,6_,nu10)*g_(2,6_,nu11)*Vec(nu10,q2)*Vec(nu11,q2)*Vec(nu14,q3)
         ^2*Vec(nu15,q2)*Vec(nu15,q3)*p4.p4^2*d^-1*xiw^3*xiz*ufoGC58^2*
         ufoGC69^2
          - 1/2*g_(1,6_,nu10)*g_(2,6_,nu11)*Vec(nu10,q2)*Vec(nu11,q2)*Vec(nu14
         ,q3)^2*Vec(nu15,q3)^2*p4.p4^2*d^-1*xiw^3*xiz*ufoGC58^2*ufoGC69^2
          - 1/4*g_(1,6_,nu10)*g_(2,6_,nu11)*Vec(nu10,q2)*Vec(nu11,q3)*Vec(nu9,
         q2)^2*Vec(nu12,q2)^2*p4.p4^2*xiw^3*xiz*ufoGC58^2*ufoGC69^2
          - 1/4*g_(1,6_,nu10)*g_(2,6_,nu11)*Vec(nu10,q2)*Vec(nu11,q3)*Vec(nu9,
         q2)^2*Vec(nu12,q2)^2*Vec(nu14,q2)^2*p4.p4*d^-1*xiw^3*xiz*ufoGC58^2*
         ufoGC69^2
          - 1/2*g_(1,6_,nu10)*g_(2,6_,nu11)*Vec(nu10,q2)*Vec(nu11,q3)*Vec(nu9,
         q2)^2*Vec(nu12,q2)^2*Vec(nu14,q2)*Vec(nu14,q3)*p4.p4*d^-1*xiw^3*xiz*
         ufoGC58^2*ufoGC69^2
          - 1/4*g_(1,6_,nu10)*g_(2,6_,nu11)*Vec(nu10,q2)*Vec(nu11,q3)*Vec(nu9,
         q2)^2*Vec(nu12,q2)^2*Vec(nu14,q3)^2*p4.p4*d^-1*xiw^3*xiz*ufoGC58^2*
         ufoGC69^2
          - 1/2*g_(1,6_,nu10)*g_(2,6_,nu11)*Vec(nu10,q2)*Vec(nu11,q3)*Vec(nu9,
         q2)^2*Vec(nu12,q2)*Vec(nu12,q3)*p4.p4^2*xiw^3*xiz*ufoGC58^2*ufoGC69^2
          - 1/2*g_(1,6_,nu10)*g_(2,6_,nu11)*Vec(nu10,q2)*Vec(nu11,q3)*Vec(nu9,
         q2)^2*Vec(nu12,q2)*Vec(nu12,q3)*Vec(nu14,q2)^2*p4.p4*d^-1*xiw^3*xiz*
         ufoGC58^2*ufoGC69^2
          - g_(1,6_,nu10)*g_(2,6_,nu11)*Vec(nu10,q2)*Vec(nu11,q3)*Vec(nu9,q2)^
         2*Vec(nu12,q2)*Vec(nu12,q3)*Vec(nu14,q2)*Vec(nu14,q3)*p4.p4*d^-1*
         xiw^3*xiz*ufoGC58^2*ufoGC69^2
          - 1/2*g_(1,6_,nu10)*g_(2,6_,nu11)*Vec(nu10,q2)*Vec(nu11,q3)*Vec(nu9,
         q2)^2*Vec(nu12,q2)*Vec(nu12,q3)*Vec(nu14,q3)^2*p4.p4*d^-1*xiw^3*xiz*
         ufoGC58^2*ufoGC69^2
          - 1/4*g_(1,6_,nu10)*g_(2,6_,nu11)*Vec(nu10,q2)*Vec(nu11,q3)*Vec(nu9,
         q2)^2*Vec(nu12,q3)^2*p4.p4^2*xiw^3*xiz*ufoGC58^2*ufoGC69^2
          - 1/4*g_(1,6_,nu10)*g_(2,6_,nu11)*Vec(nu10,q2)*Vec(nu11,q3)*Vec(nu9,
         q2)^2*Vec(nu12,q3)^2*Vec(nu14,q2)^2*p4.p4*d^-1*xiw^3*xiz*ufoGC58^2*
         ufoGC69^2
          - 1/2*g_(1,6_,nu10)*g_(2,6_,nu11)*Vec(nu10,q2)*Vec(nu11,q3)*Vec(nu9,
         q2)^2*Vec(nu12,q3)^2*Vec(nu14,q2)*Vec(nu14,q3)*p4.p4*d^-1*xiw^3*xiz*
         ufoGC58^2*ufoGC69^2
          - 1/4*g_(1,6_,nu10)*g_(2,6_,nu11)*Vec(nu10,q2)*Vec(nu11,q3)*Vec(nu9,
         q2)^2*Vec(nu12,q3)^2*Vec(nu14,q3)^2*p4.p4*d^-1*xiw^3*xiz*ufoGC58^2*
         ufoGC69^2
          + 1/4*g_(1,6_,nu10)*g_(2,6_,nu11)*Vec(nu10,q2)*Vec(nu11,q3)*Vec(nu9,
         q2)^2*Vec(nu13,q2)^2*p4.p4^2*xiw^3*xiz*ufoGC58^2*ufoGC69^2
          - 1/2*g_(1,6_,nu10)*g_(2,6_,nu11)*Vec(nu10,q2)*Vec(nu11,q3)*Vec(nu9,
         q2)^2*Vec(nu13,q2)^2*p4.p4^2*d^-1*xiw^3*xiz*ufoGC58^2*ufoGC69^2
          - 1/4*g_(1,6_,nu10)*g_(2,6_,nu11)*Vec(nu10,q2)*Vec(nu11,q3)*Vec(nu9,
         q2)^2*Vec(nu13,q2)^2*Vec(nu14,q2)^2*p4.p4*d^-1*xiw^3*xiz*ufoGC58^2*
         ufoGC69^2
          - 1/2*g_(1,6_,nu10)*g_(2,6_,nu11)*Vec(nu10,q2)*Vec(nu11,q3)*Vec(nu9,
         q2)^2*Vec(nu13,q2)^2*Vec(nu14,q2)*Vec(nu14,q3)*p4.p4*d^-1*xiw^3*xiz*
         ufoGC58^2*ufoGC69^2
          - 1/4*g_(1,6_,nu10)*g_(2,6_,nu11)*Vec(nu10,q2)*Vec(nu11,q3)*Vec(nu9,
         q2)^2*Vec(nu13,q2)^2*Vec(nu14,q3)^2*p4.p4*d^-1*xiw^3*xiz*ufoGC58^2*
         ufoGC69^2
          + 1/2*g_(1,6_,nu10)*g_(2,6_,nu11)*Vec(nu10,q2)*Vec(nu11,q3)*Vec(nu9,
         q2)^2*Vec(nu13,q2)^2*Vec(nu15,q2)^2*p4.p4*d^-1*xiw^3*xiz*ufoGC58^2*
         ufoGC69^2
          + g_(1,6_,nu10)*g_(2,6_,nu11)*Vec(nu10,q2)*Vec(nu11,q3)*Vec(nu9,q2)^
         2*Vec(nu13,q2)^2*Vec(nu15,q2)*Vec(nu15,q3)*p4.p4*d^-1*xiw^3*xiz*
         ufoGC58^2*ufoGC69^2
          + 1/2*g_(1,6_,nu10)*g_(2,6_,nu11)*Vec(nu10,q2)*Vec(nu11,q3)*Vec(nu9,
         q2)^2*Vec(nu13,q2)^2*Vec(nu15,q3)^2*p4.p4*d^-1*xiw^3*xiz*ufoGC58^2*
         ufoGC69^2
          + 1/2*g_(1,6_,nu10)*g_(2,6_,nu11)*Vec(nu10,q2)*Vec(nu11,q3)*Vec(nu9,
         q2)^2*Vec(nu13,q2)*Vec(nu13,q3)*p4.p4^2*xiw^3*xiz*ufoGC58^2*ufoGC69^2
          - g_(1,6_,nu10)*g_(2,6_,nu11)*Vec(nu10,q2)*Vec(nu11,q3)*Vec(nu9,q2)^
         2*Vec(nu13,q2)*Vec(nu13,q3)*p4.p4^2*d^-1*xiw^3*xiz*ufoGC58^2*
         ufoGC69^2
          - 1/2*g_(1,6_,nu10)*g_(2,6_,nu11)*Vec(nu10,q2)*Vec(nu11,q3)*Vec(nu9,
         q2)^2*Vec(nu13,q2)*Vec(nu13,q3)*Vec(nu14,q2)^2*p4.p4*d^-1*xiw^3*xiz*
         ufoGC58^2*ufoGC69^2
          - g_(1,6_,nu10)*g_(2,6_,nu11)*Vec(nu10,q2)*Vec(nu11,q3)*Vec(nu9,q2)^
         2*Vec(nu13,q2)*Vec(nu13,q3)*Vec(nu14,q2)*Vec(nu14,q3)*p4.p4*d^-1*
         xiw^3*xiz*ufoGC58^2*ufoGC69^2
          - 1/2*g_(1,6_,nu10)*g_(2,6_,nu11)*Vec(nu10,q2)*Vec(nu11,q3)*Vec(nu9,
         q2)^2*Vec(nu13,q2)*Vec(nu13,q3)*Vec(nu14,q3)^2*p4.p4*d^-1*xiw^3*xiz*
         ufoGC58^2*ufoGC69^2
          + g_(1,6_,nu10)*g_(2,6_,nu11)*Vec(nu10,q2)*Vec(nu11,q3)*Vec(nu9,q2)^
         2*Vec(nu13,q2)*Vec(nu13,q3)*Vec(nu15,q2)^2*p4.p4*d^-1*xiw^3*xiz*
         ufoGC58^2*ufoGC69^2
          + 2*g_(1,6_,nu10)*g_(2,6_,nu11)*Vec(nu10,q2)*Vec(nu11,q3)*Vec(nu9,q2
         )^2*Vec(nu13,q2)*Vec(nu13,q3)*Vec(nu15,q2)*Vec(nu15,q3)*p4.p4*d^-1*
         xiw^3*xiz*ufoGC58^2*ufoGC69^2
          + g_(1,6_,nu10)*g_(2,6_,nu11)*Vec(nu10,q2)*Vec(nu11,q3)*Vec(nu9,q2)^
         2*Vec(nu13,q2)*Vec(nu13,q3)*Vec(nu15,q3)^2*p4.p4*d^-1*xiw^3*xiz*
         ufoGC58^2*ufoGC69^2
          + 1/4*g_(1,6_,nu10)*g_(2,6_,nu11)*Vec(nu10,q2)*Vec(nu11,q3)*Vec(nu9,
         q2)^2*Vec(nu13,q3)^2*p4.p4^2*xiw^3*xiz*ufoGC58^2*ufoGC69^2
          - 1/2*g_(1,6_,nu10)*g_(2,6_,nu11)*Vec(nu10,q2)*Vec(nu11,q3)*Vec(nu9,
         q2)^2*Vec(nu13,q3)^2*p4.p4^2*d^-1*xiw^3*xiz*ufoGC58^2*ufoGC69^2
          - 1/4*g_(1,6_,nu10)*g_(2,6_,nu11)*Vec(nu10,q2)*Vec(nu11,q3)*Vec(nu9,
         q2)^2*Vec(nu13,q3)^2*Vec(nu14,q2)^2*p4.p4*d^-1*xiw^3*xiz*ufoGC58^2*
         ufoGC69^2
          - 1/2*g_(1,6_,nu10)*g_(2,6_,nu11)*Vec(nu10,q2)*Vec(nu11,q3)*Vec(nu9,
         q2)^2*Vec(nu13,q3)^2*Vec(nu14,q2)*Vec(nu14,q3)*p4.p4*d^-1*xiw^3*xiz*
         ufoGC58^2*ufoGC69^2
          - 1/4*g_(1,6_,nu10)*g_(2,6_,nu11)*Vec(nu10,q2)*Vec(nu11,q3)*Vec(nu9,
         q2)^2*Vec(nu13,q3)^2*Vec(nu14,q3)^2*p4.p4*d^-1*xiw^3*xiz*ufoGC58^2*
         ufoGC69^2
          + 1/2*g_(1,6_,nu10)*g_(2,6_,nu11)*Vec(nu10,q2)*Vec(nu11,q3)*Vec(nu9,
         q2)^2*Vec(nu13,q3)^2*Vec(nu15,q2)^2*p4.p4*d^-1*xiw^3*xiz*ufoGC58^2*
         ufoGC69^2
          + g_(1,6_,nu10)*g_(2,6_,nu11)*Vec(nu10,q2)*Vec(nu11,q3)*Vec(nu9,q2)^
         2*Vec(nu13,q3)^2*Vec(nu15,q2)*Vec(nu15,q3)*p4.p4*d^-1*xiw^3*xiz*
         ufoGC58^2*ufoGC69^2
          + 1/2*g_(1,6_,nu10)*g_(2,6_,nu11)*Vec(nu10,q2)*Vec(nu11,q3)*Vec(nu9,
         q2)^2*Vec(nu13,q3)^2*Vec(nu15,q3)^2*p4.p4*d^-1*xiw^3*xiz*ufoGC58^2*
         ufoGC69^2
          + 1/2*g_(1,6_,nu10)*g_(2,6_,nu11)*Vec(nu10,q2)*Vec(nu11,q3)*Vec(nu9,
         q2)^2*Vec(nu15,q2)^2*p4.p4^2*d^-1*xiw^3*xiz*ufoGC58^2*ufoGC69^2
          + g_(1,6_,nu10)*g_(2,6_,nu11)*Vec(nu10,q2)*Vec(nu11,q3)*Vec(nu9,q2)^
         2*Vec(nu15,q2)*Vec(nu15,q3)*p4.p4^2*d^-1*xiw^3*xiz*ufoGC58^2*
         ufoGC69^2
          + 1/2*g_(1,6_,nu10)*g_(2,6_,nu11)*Vec(nu10,q2)*Vec(nu11,q3)*Vec(nu9,
         q2)^2*Vec(nu15,q3)^2*p4.p4^2*d^-1*xiw^3*xiz*ufoGC58^2*ufoGC69^2
          - 1/2*g_(1,6_,nu10)*g_(2,6_,nu11)*Vec(nu10,q2)*Vec(nu11,q3)*Vec(nu9,
         q2)*Vec(nu9,q3)*Vec(nu12,q2)^2*p4.p4^2*xiw^3*xiz*ufoGC58^2*ufoGC69^2
          - 1/2*g_(1,6_,nu10)*g_(2,6_,nu11)*Vec(nu10,q2)*Vec(nu11,q3)*Vec(nu9,
         q2)*Vec(nu9,q3)*Vec(nu12,q2)^2*Vec(nu14,q2)^2*p4.p4*d^-1*xiw^3*xiz*
         ufoGC58^2*ufoGC69^2
          - g_(1,6_,nu10)*g_(2,6_,nu11)*Vec(nu10,q2)*Vec(nu11,q3)*Vec(nu9,q2)*
         Vec(nu9,q3)*Vec(nu12,q2)^2*Vec(nu14,q2)*Vec(nu14,q3)*p4.p4*d^-1*xiw^3
         *xiz*ufoGC58^2*ufoGC69^2
          - 1/2*g_(1,6_,nu10)*g_(2,6_,nu11)*Vec(nu10,q2)*Vec(nu11,q3)*Vec(nu9,
         q2)*Vec(nu9,q3)*Vec(nu12,q2)^2*Vec(nu14,q3)^2*p4.p4*d^-1*xiw^3*xiz*
         ufoGC58^2*ufoGC69^2
          - g_(1,6_,nu10)*g_(2,6_,nu11)*Vec(nu10,q2)*Vec(nu11,q3)*Vec(nu9,q2)*
         Vec(nu9,q3)*Vec(nu12,q2)*Vec(nu12,q3)*p4.p4^2*xiw^3*xiz*ufoGC58^2*
         ufoGC69^2
          - g_(1,6_,nu10)*g_(2,6_,nu11)*Vec(nu10,q2)*Vec(nu11,q3)*Vec(nu9,q2)*
         Vec(nu9,q3)*Vec(nu12,q2)*Vec(nu12,q3)*Vec(nu14,q2)^2*p4.p4*d^-1*xiw^3
         *xiz*ufoGC58^2*ufoGC69^2
          - 2*g_(1,6_,nu10)*g_(2,6_,nu11)*Vec(nu10,q2)*Vec(nu11,q3)*Vec(nu9,q2
         )*Vec(nu9,q3)*Vec(nu12,q2)*Vec(nu12,q3)*Vec(nu14,q2)*Vec(nu14,q3)*
         p4.p4*d^-1*xiw^3*xiz*ufoGC58^2*ufoGC69^2
          - g_(1,6_,nu10)*g_(2,6_,nu11)*Vec(nu10,q2)*Vec(nu11,q3)*Vec(nu9,q2)*
         Vec(nu9,q3)*Vec(nu12,q2)*Vec(nu12,q3)*Vec(nu14,q3)^2*p4.p4*d^-1*xiw^3
         *xiz*ufoGC58^2*ufoGC69^2
          - 1/2*g_(1,6_,nu10)*g_(2,6_,nu11)*Vec(nu10,q2)*Vec(nu11,q3)*Vec(nu9,
         q2)*Vec(nu9,q3)*Vec(nu12,q3)^2*p4.p4^2*xiw^3*xiz*ufoGC58^2*ufoGC69^2
          - 1/2*g_(1,6_,nu10)*g_(2,6_,nu11)*Vec(nu10,q2)*Vec(nu11,q3)*Vec(nu9,
         q2)*Vec(nu9,q3)*Vec(nu12,q3)^2*Vec(nu14,q2)^2*p4.p4*d^-1*xiw^3*xiz*
         ufoGC58^2*ufoGC69^2
          - g_(1,6_,nu10)*g_(2,6_,nu11)*Vec(nu10,q2)*Vec(nu11,q3)*Vec(nu9,q2)*
         Vec(nu9,q3)*Vec(nu12,q3)^2*Vec(nu14,q2)*Vec(nu14,q3)*p4.p4*d^-1*xiw^3
         *xiz*ufoGC58^2*ufoGC69^2
          - 1/2*g_(1,6_,nu10)*g_(2,6_,nu11)*Vec(nu10,q2)*Vec(nu11,q3)*Vec(nu9,
         q2)*Vec(nu9,q3)*Vec(nu12,q3)^2*Vec(nu14,q3)^2*p4.p4*d^-1*xiw^3*xiz*
         ufoGC58^2*ufoGC69^2
          + 1/2*g_(1,6_,nu10)*g_(2,6_,nu11)*Vec(nu10,q2)*Vec(nu11,q3)*Vec(nu9,
         q2)*Vec(nu9,q3)*Vec(nu13,q2)^2*p4.p4^2*xiw^3*xiz*ufoGC58^2*ufoGC69^2
          - g_(1,6_,nu10)*g_(2,6_,nu11)*Vec(nu10,q2)*Vec(nu11,q3)*Vec(nu9,q2)*
         Vec(nu9,q3)*Vec(nu13,q2)^2*p4.p4^2*d^-1*xiw^3*xiz*ufoGC58^2*ufoGC69^2
          - 1/2*g_(1,6_,nu10)*g_(2,6_,nu11)*Vec(nu10,q2)*Vec(nu11,q3)*Vec(nu9,
         q2)*Vec(nu9,q3)*Vec(nu13,q2)^2*Vec(nu14,q2)^2*p4.p4*d^-1*xiw^3*xiz*
         ufoGC58^2*ufoGC69^2
          - g_(1,6_,nu10)*g_(2,6_,nu11)*Vec(nu10,q2)*Vec(nu11,q3)*Vec(nu9,q2)*
         Vec(nu9,q3)*Vec(nu13,q2)^2*Vec(nu14,q2)*Vec(nu14,q3)*p4.p4*d^-1*xiw^3
         *xiz*ufoGC58^2*ufoGC69^2
          - 1/2*g_(1,6_,nu10)*g_(2,6_,nu11)*Vec(nu10,q2)*Vec(nu11,q3)*Vec(nu9,
         q2)*Vec(nu9,q3)*Vec(nu13,q2)^2*Vec(nu14,q3)^2*p4.p4*d^-1*xiw^3*xiz*
         ufoGC58^2*ufoGC69^2
          + g_(1,6_,nu10)*g_(2,6_,nu11)*Vec(nu10,q2)*Vec(nu11,q3)*Vec(nu9,q2)*
         Vec(nu9,q3)*Vec(nu13,q2)^2*Vec(nu15,q2)^2*p4.p4*d^-1*xiw^3*xiz*
         ufoGC58^2*ufoGC69^2
          + 2*g_(1,6_,nu10)*g_(2,6_,nu11)*Vec(nu10,q2)*Vec(nu11,q3)*Vec(nu9,q2
         )*Vec(nu9,q3)*Vec(nu13,q2)^2*Vec(nu15,q2)*Vec(nu15,q3)*p4.p4*d^-1*
         xiw^3*xiz*ufoGC58^2*ufoGC69^2
          + g_(1,6_,nu10)*g_(2,6_,nu11)*Vec(nu10,q2)*Vec(nu11,q3)*Vec(nu9,q2)*
         Vec(nu9,q3)*Vec(nu13,q2)^2*Vec(nu15,q3)^2*p4.p4*d^-1*xiw^3*xiz*
         ufoGC58^2*ufoGC69^2
          + g_(1,6_,nu10)*g_(2,6_,nu11)*Vec(nu10,q2)*Vec(nu11,q3)*Vec(nu9,q2)*
         Vec(nu9,q3)*Vec(nu13,q2)*Vec(nu13,q3)*p4.p4^2*xiw^3*xiz*ufoGC58^2*
         ufoGC69^2
          - 2*g_(1,6_,nu10)*g_(2,6_,nu11)*Vec(nu10,q2)*Vec(nu11,q3)*Vec(nu9,q2
         )*Vec(nu9,q3)*Vec(nu13,q2)*Vec(nu13,q3)*p4.p4^2*d^-1*xiw^3*xiz*
         ufoGC58^2*ufoGC69^2
          - g_(1,6_,nu10)*g_(2,6_,nu11)*Vec(nu10,q2)*Vec(nu11,q3)*Vec(nu9,q2)*
         Vec(nu9,q3)*Vec(nu13,q2)*Vec(nu13,q3)*Vec(nu14,q2)^2*p4.p4*d^-1*xiw^3
         *xiz*ufoGC58^2*ufoGC69^2
          - 2*g_(1,6_,nu10)*g_(2,6_,nu11)*Vec(nu10,q2)*Vec(nu11,q3)*Vec(nu9,q2
         )*Vec(nu9,q3)*Vec(nu13,q2)*Vec(nu13,q3)*Vec(nu14,q2)*Vec(nu14,q3)*
         p4.p4*d^-1*xiw^3*xiz*ufoGC58^2*ufoGC69^2
          - g_(1,6_,nu10)*g_(2,6_,nu11)*Vec(nu10,q2)*Vec(nu11,q3)*Vec(nu9,q2)*
         Vec(nu9,q3)*Vec(nu13,q2)*Vec(nu13,q3)*Vec(nu14,q3)^2*p4.p4*d^-1*xiw^3
         *xiz*ufoGC58^2*ufoGC69^2
          + 2*g_(1,6_,nu10)*g_(2,6_,nu11)*Vec(nu10,q2)*Vec(nu11,q3)*Vec(nu9,q2
         )*Vec(nu9,q3)*Vec(nu13,q2)*Vec(nu13,q3)*Vec(nu15,q2)^2*p4.p4*d^-1*
         xiw^3*xiz*ufoGC58^2*ufoGC69^2
          + 4*g_(1,6_,nu10)*g_(2,6_,nu11)*Vec(nu10,q2)*Vec(nu11,q3)*Vec(nu9,q2
         )*Vec(nu9,q3)*Vec(nu13,q2)*Vec(nu13,q3)*Vec(nu15,q2)*Vec(nu15,q3)*
         p4.p4*d^-1*xiw^3*xiz*ufoGC58^2*ufoGC69^2
          + 2*g_(1,6_,nu10)*g_(2,6_,nu11)*Vec(nu10,q2)*Vec(nu11,q3)*Vec(nu9,q2
         )*Vec(nu9,q3)*Vec(nu13,q2)*Vec(nu13,q3)*Vec(nu15,q3)^2*p4.p4*d^-1*
         xiw^3*xiz*ufoGC58^2*ufoGC69^2
          + 1/2*g_(1,6_,nu10)*g_(2,6_,nu11)*Vec(nu10,q2)*Vec(nu11,q3)*Vec(nu9,
         q2)*Vec(nu9,q3)*Vec(nu13,q3)^2*p4.p4^2*xiw^3*xiz*ufoGC58^2*ufoGC69^2
          - g_(1,6_,nu10)*g_(2,6_,nu11)*Vec(nu10,q2)*Vec(nu11,q3)*Vec(nu9,q2)*
         Vec(nu9,q3)*Vec(nu13,q3)^2*p4.p4^2*d^-1*xiw^3*xiz*ufoGC58^2*ufoGC69^2
          - 1/2*g_(1,6_,nu10)*g_(2,6_,nu11)*Vec(nu10,q2)*Vec(nu11,q3)*Vec(nu9,
         q2)*Vec(nu9,q3)*Vec(nu13,q3)^2*Vec(nu14,q2)^2*p4.p4*d^-1*xiw^3*xiz*
         ufoGC58^2*ufoGC69^2
          - g_(1,6_,nu10)*g_(2,6_,nu11)*Vec(nu10,q2)*Vec(nu11,q3)*Vec(nu9,q2)*
         Vec(nu9,q3)*Vec(nu13,q3)^2*Vec(nu14,q2)*Vec(nu14,q3)*p4.p4*d^-1*xiw^3
         *xiz*ufoGC58^2*ufoGC69^2
          - 1/2*g_(1,6_,nu10)*g_(2,6_,nu11)*Vec(nu10,q2)*Vec(nu11,q3)*Vec(nu9,
         q2)*Vec(nu9,q3)*Vec(nu13,q3)^2*Vec(nu14,q3)^2*p4.p4*d^-1*xiw^3*xiz*
         ufoGC58^2*ufoGC69^2
          + g_(1,6_,nu10)*g_(2,6_,nu11)*Vec(nu10,q2)*Vec(nu11,q3)*Vec(nu9,q2)*
         Vec(nu9,q3)*Vec(nu13,q3)^2*Vec(nu15,q2)^2*p4.p4*d^-1*xiw^3*xiz*
         ufoGC58^2*ufoGC69^2
          + 2*g_(1,6_,nu10)*g_(2,6_,nu11)*Vec(nu10,q2)*Vec(nu11,q3)*Vec(nu9,q2
         )*Vec(nu9,q3)*Vec(nu13,q3)^2*Vec(nu15,q2)*Vec(nu15,q3)*p4.p4*d^-1*
         xiw^3*xiz*ufoGC58^2*ufoGC69^2
          + g_(1,6_,nu10)*g_(2,6_,nu11)*Vec(nu10,q2)*Vec(nu11,q3)*Vec(nu9,q2)*
         Vec(nu9,q3)*Vec(nu13,q3)^2*Vec(nu15,q3)^2*p4.p4*d^-1*xiw^3*xiz*
         ufoGC58^2*ufoGC69^2
          + g_(1,6_,nu10)*g_(2,6_,nu11)*Vec(nu10,q2)*Vec(nu11,q3)*Vec(nu9,q2)*
         Vec(nu9,q3)*Vec(nu15,q2)^2*p4.p4^2*d^-1*xiw^3*xiz*ufoGC58^2*ufoGC69^2
          + 2*g_(1,6_,nu10)*g_(2,6_,nu11)*Vec(nu10,q2)*Vec(nu11,q3)*Vec(nu9,q2
         )*Vec(nu9,q3)*Vec(nu15,q2)*Vec(nu15,q3)*p4.p4^2*d^-1*xiw^3*xiz*
         ufoGC58^2*ufoGC69^2
          + g_(1,6_,nu10)*g_(2,6_,nu11)*Vec(nu10,q2)*Vec(nu11,q3)*Vec(nu9,q2)*
         Vec(nu9,q3)*Vec(nu15,q3)^2*p4.p4^2*d^-1*xiw^3*xiz*ufoGC58^2*ufoGC69^2
          - 1/4*g_(1,6_,nu10)*g_(2,6_,nu11)*Vec(nu10,q2)*Vec(nu11,q3)*Vec(nu9,
         q3)^2*Vec(nu12,q2)^2*p4.p4^2*xiw^3*xiz*ufoGC58^2*ufoGC69^2
          - 1/4*g_(1,6_,nu10)*g_(2,6_,nu11)*Vec(nu10,q2)*Vec(nu11,q3)*Vec(nu9,
         q3)^2*Vec(nu12,q2)^2*Vec(nu14,q2)^2*p4.p4*d^-1*xiw^3*xiz*ufoGC58^2*
         ufoGC69^2
          - 1/2*g_(1,6_,nu10)*g_(2,6_,nu11)*Vec(nu10,q2)*Vec(nu11,q3)*Vec(nu9,
         q3)^2*Vec(nu12,q2)^2*Vec(nu14,q2)*Vec(nu14,q3)*p4.p4*d^-1*xiw^3*xiz*
         ufoGC58^2*ufoGC69^2
          - 1/4*g_(1,6_,nu10)*g_(2,6_,nu11)*Vec(nu10,q2)*Vec(nu11,q3)*Vec(nu9,
         q3)^2*Vec(nu12,q2)^2*Vec(nu14,q3)^2*p4.p4*d^-1*xiw^3*xiz*ufoGC58^2*
         ufoGC69^2
          - 1/2*g_(1,6_,nu10)*g_(2,6_,nu11)*Vec(nu10,q2)*Vec(nu11,q3)*Vec(nu9,
         q3)^2*Vec(nu12,q2)*Vec(nu12,q3)*p4.p4^2*xiw^3*xiz*ufoGC58^2*ufoGC69^2
          - 1/2*g_(1,6_,nu10)*g_(2,6_,nu11)*Vec(nu10,q2)*Vec(nu11,q3)*Vec(nu9,
         q3)^2*Vec(nu12,q2)*Vec(nu12,q3)*Vec(nu14,q2)^2*p4.p4*d^-1*xiw^3*xiz*
         ufoGC58^2*ufoGC69^2
          - g_(1,6_,nu10)*g_(2,6_,nu11)*Vec(nu10,q2)*Vec(nu11,q3)*Vec(nu9,q3)^
         2*Vec(nu12,q2)*Vec(nu12,q3)*Vec(nu14,q2)*Vec(nu14,q3)*p4.p4*d^-1*
         xiw^3*xiz*ufoGC58^2*ufoGC69^2
          - 1/2*g_(1,6_,nu10)*g_(2,6_,nu11)*Vec(nu10,q2)*Vec(nu11,q3)*Vec(nu9,
         q3)^2*Vec(nu12,q2)*Vec(nu12,q3)*Vec(nu14,q3)^2*p4.p4*d^-1*xiw^3*xiz*
         ufoGC58^2*ufoGC69^2
          - 1/4*g_(1,6_,nu10)*g_(2,6_,nu11)*Vec(nu10,q2)*Vec(nu11,q3)*Vec(nu9,
         q3)^2*Vec(nu12,q3)^2*p4.p4^2*xiw^3*xiz*ufoGC58^2*ufoGC69^2
          - 1/4*g_(1,6_,nu10)*g_(2,6_,nu11)*Vec(nu10,q2)*Vec(nu11,q3)*Vec(nu9,
         q3)^2*Vec(nu12,q3)^2*Vec(nu14,q2)^2*p4.p4*d^-1*xiw^3*xiz*ufoGC58^2*
         ufoGC69^2
          - 1/2*g_(1,6_,nu10)*g_(2,6_,nu11)*Vec(nu10,q2)*Vec(nu11,q3)*Vec(nu9,
         q3)^2*Vec(nu12,q3)^2*Vec(nu14,q2)*Vec(nu14,q3)*p4.p4*d^-1*xiw^3*xiz*
         ufoGC58^2*ufoGC69^2
          - 1/4*g_(1,6_,nu10)*g_(2,6_,nu11)*Vec(nu10,q2)*Vec(nu11,q3)*Vec(nu9,
         q3)^2*Vec(nu12,q3)^2*Vec(nu14,q3)^2*p4.p4*d^-1*xiw^3*xiz*ufoGC58^2*
         ufoGC69^2
          + 1/4*g_(1,6_,nu10)*g_(2,6_,nu11)*Vec(nu10,q2)*Vec(nu11,q3)*Vec(nu9,
         q3)^2*Vec(nu13,q2)^2*p4.p4^2*xiw^3*xiz*ufoGC58^2*ufoGC69^2
          - 1/2*g_(1,6_,nu10)*g_(2,6_,nu11)*Vec(nu10,q2)*Vec(nu11,q3)*Vec(nu9,
         q3)^2*Vec(nu13,q2)^2*p4.p4^2*d^-1*xiw^3*xiz*ufoGC58^2*ufoGC69^2
          - 1/4*g_(1,6_,nu10)*g_(2,6_,nu11)*Vec(nu10,q2)*Vec(nu11,q3)*Vec(nu9,
         q3)^2*Vec(nu13,q2)^2*Vec(nu14,q2)^2*p4.p4*d^-1*xiw^3*xiz*ufoGC58^2*
         ufoGC69^2
          - 1/2*g_(1,6_,nu10)*g_(2,6_,nu11)*Vec(nu10,q2)*Vec(nu11,q3)*Vec(nu9,
         q3)^2*Vec(nu13,q2)^2*Vec(nu14,q2)*Vec(nu14,q3)*p4.p4*d^-1*xiw^3*xiz*
         ufoGC58^2*ufoGC69^2
          - 1/4*g_(1,6_,nu10)*g_(2,6_,nu11)*Vec(nu10,q2)*Vec(nu11,q3)*Vec(nu9,
         q3)^2*Vec(nu13,q2)^2*Vec(nu14,q3)^2*p4.p4*d^-1*xiw^3*xiz*ufoGC58^2*
         ufoGC69^2
          + 1/2*g_(1,6_,nu10)*g_(2,6_,nu11)*Vec(nu10,q2)*Vec(nu11,q3)*Vec(nu9,
         q3)^2*Vec(nu13,q2)^2*Vec(nu15,q2)^2*p4.p4*d^-1*xiw^3*xiz*ufoGC58^2*
         ufoGC69^2
          + g_(1,6_,nu10)*g_(2,6_,nu11)*Vec(nu10,q2)*Vec(nu11,q3)*Vec(nu9,q3)^
         2*Vec(nu13,q2)^2*Vec(nu15,q2)*Vec(nu15,q3)*p4.p4*d^-1*xiw^3*xiz*
         ufoGC58^2*ufoGC69^2
          + 1/2*g_(1,6_,nu10)*g_(2,6_,nu11)*Vec(nu10,q2)*Vec(nu11,q3)*Vec(nu9,
         q3)^2*Vec(nu13,q2)^2*Vec(nu15,q3)^2*p4.p4*d^-1*xiw^3*xiz*ufoGC58^2*
         ufoGC69^2
          + 1/2*g_(1,6_,nu10)*g_(2,6_,nu11)*Vec(nu10,q2)*Vec(nu11,q3)*Vec(nu9,
         q3)^2*Vec(nu13,q2)*Vec(nu13,q3)*p4.p4^2*xiw^3*xiz*ufoGC58^2*ufoGC69^2
          - g_(1,6_,nu10)*g_(2,6_,nu11)*Vec(nu10,q2)*Vec(nu11,q3)*Vec(nu9,q3)^
         2*Vec(nu13,q2)*Vec(nu13,q3)*p4.p4^2*d^-1*xiw^3*xiz*ufoGC58^2*
         ufoGC69^2
          - 1/2*g_(1,6_,nu10)*g_(2,6_,nu11)*Vec(nu10,q2)*Vec(nu11,q3)*Vec(nu9,
         q3)^2*Vec(nu13,q2)*Vec(nu13,q3)*Vec(nu14,q2)^2*p4.p4*d^-1*xiw^3*xiz*
         ufoGC58^2*ufoGC69^2
          - g_(1,6_,nu10)*g_(2,6_,nu11)*Vec(nu10,q2)*Vec(nu11,q3)*Vec(nu9,q3)^
         2*Vec(nu13,q2)*Vec(nu13,q3)*Vec(nu14,q2)*Vec(nu14,q3)*p4.p4*d^-1*
         xiw^3*xiz*ufoGC58^2*ufoGC69^2
          - 1/2*g_(1,6_,nu10)*g_(2,6_,nu11)*Vec(nu10,q2)*Vec(nu11,q3)*Vec(nu9,
         q3)^2*Vec(nu13,q2)*Vec(nu13,q3)*Vec(nu14,q3)^2*p4.p4*d^-1*xiw^3*xiz*
         ufoGC58^2*ufoGC69^2
          + g_(1,6_,nu10)*g_(2,6_,nu11)*Vec(nu10,q2)*Vec(nu11,q3)*Vec(nu9,q3)^
         2*Vec(nu13,q2)*Vec(nu13,q3)*Vec(nu15,q2)^2*p4.p4*d^-1*xiw^3*xiz*
         ufoGC58^2*ufoGC69^2
          + 2*g_(1,6_,nu10)*g_(2,6_,nu11)*Vec(nu10,q2)*Vec(nu11,q3)*Vec(nu9,q3
         )^2*Vec(nu13,q2)*Vec(nu13,q3)*Vec(nu15,q2)*Vec(nu15,q3)*p4.p4*d^-1*
         xiw^3*xiz*ufoGC58^2*ufoGC69^2
          + g_(1,6_,nu10)*g_(2,6_,nu11)*Vec(nu10,q2)*Vec(nu11,q3)*Vec(nu9,q3)^
         2*Vec(nu13,q2)*Vec(nu13,q3)*Vec(nu15,q3)^2*p4.p4*d^-1*xiw^3*xiz*
         ufoGC58^2*ufoGC69^2
          + 1/4*g_(1,6_,nu10)*g_(2,6_,nu11)*Vec(nu10,q2)*Vec(nu11,q3)*Vec(nu9,
         q3)^2*Vec(nu13,q3)^2*p4.p4^2*xiw^3*xiz*ufoGC58^2*ufoGC69^2
          - 1/2*g_(1,6_,nu10)*g_(2,6_,nu11)*Vec(nu10,q2)*Vec(nu11,q3)*Vec(nu9,
         q3)^2*Vec(nu13,q3)^2*p4.p4^2*d^-1*xiw^3*xiz*ufoGC58^2*ufoGC69^2
          - 1/4*g_(1,6_,nu10)*g_(2,6_,nu11)*Vec(nu10,q2)*Vec(nu11,q3)*Vec(nu9,
         q3)^2*Vec(nu13,q3)^2*Vec(nu14,q2)^2*p4.p4*d^-1*xiw^3*xiz*ufoGC58^2*
         ufoGC69^2
          - 1/2*g_(1,6_,nu10)*g_(2,6_,nu11)*Vec(nu10,q2)*Vec(nu11,q3)*Vec(nu9,
         q3)^2*Vec(nu13,q3)^2*Vec(nu14,q2)*Vec(nu14,q3)*p4.p4*d^-1*xiw^3*xiz*
         ufoGC58^2*ufoGC69^2
          - 1/4*g_(1,6_,nu10)*g_(2,6_,nu11)*Vec(nu10,q2)*Vec(nu11,q3)*Vec(nu9,
         q3)^2*Vec(nu13,q3)^2*Vec(nu14,q3)^2*p4.p4*d^-1*xiw^3*xiz*ufoGC58^2*
         ufoGC69^2
          + 1/2*g_(1,6_,nu10)*g_(2,6_,nu11)*Vec(nu10,q2)*Vec(nu11,q3)*Vec(nu9,
         q3)^2*Vec(nu13,q3)^2*Vec(nu15,q2)^2*p4.p4*d^-1*xiw^3*xiz*ufoGC58^2*
         ufoGC69^2
          + g_(1,6_,nu10)*g_(2,6_,nu11)*Vec(nu10,q2)*Vec(nu11,q3)*Vec(nu9,q3)^
         2*Vec(nu13,q3)^2*Vec(nu15,q2)*Vec(nu15,q3)*p4.p4*d^-1*xiw^3*xiz*
         ufoGC58^2*ufoGC69^2
          + 1/2*g_(1,6_,nu10)*g_(2,6_,nu11)*Vec(nu10,q2)*Vec(nu11,q3)*Vec(nu9,
         q3)^2*Vec(nu13,q3)^2*Vec(nu15,q3)^2*p4.p4*d^-1*xiw^3*xiz*ufoGC58^2*
         ufoGC69^2
          + 1/2*g_(1,6_,nu10)*g_(2,6_,nu11)*Vec(nu10,q2)*Vec(nu11,q3)*Vec(nu9,
         q3)^2*Vec(nu15,q2)^2*p4.p4^2*d^-1*xiw^3*xiz*ufoGC58^2*ufoGC69^2
          + g_(1,6_,nu10)*g_(2,6_,nu11)*Vec(nu10,q2)*Vec(nu11,q3)*Vec(nu9,q3)^
         2*Vec(nu15,q2)*Vec(nu15,q3)*p4.p4^2*d^-1*xiw^3*xiz*ufoGC58^2*
         ufoGC69^2
          + 1/2*g_(1,6_,nu10)*g_(2,6_,nu11)*Vec(nu10,q2)*Vec(nu11,q3)*Vec(nu9,
         q3)^2*Vec(nu15,q3)^2*p4.p4^2*d^-1*xiw^3*xiz*ufoGC58^2*ufoGC69^2
          - 1/2*g_(1,6_,nu10)*g_(2,6_,nu11)*Vec(nu10,q2)*Vec(nu11,q3)*Vec(nu12
         ,q2)^2*p4.p4^3*d^-1*xiw^3*xiz*ufoGC58^2*ufoGC69^2
          - g_(1,6_,nu10)*g_(2,6_,nu11)*Vec(nu10,q2)*Vec(nu11,q3)*Vec(nu12,q2)
         ^2*Vec(nu13,q2)^2*p4.p4^2*d^-1*xiw^3*xiz*ufoGC58^2*ufoGC69^2
          - 2*g_(1,6_,nu10)*g_(2,6_,nu11)*Vec(nu10,q2)*Vec(nu11,q3)*Vec(nu12,
         q2)^2*Vec(nu13,q2)*Vec(nu13,q3)*p4.p4^2*d^-1*xiw^3*xiz*ufoGC58^2*
         ufoGC69^2
          - g_(1,6_,nu10)*g_(2,6_,nu11)*Vec(nu10,q2)*Vec(nu11,q3)*Vec(nu12,q2)
         ^2*Vec(nu13,q3)^2*p4.p4^2*d^-1*xiw^3*xiz*ufoGC58^2*ufoGC69^2
          + 1/4*g_(1,6_,nu10)*g_(2,6_,nu11)*Vec(nu10,q2)*Vec(nu11,q3)*Vec(nu12
         ,q2)^2*Vec(nu14,q2)^2*p4.p4^2*xiw^3*xiz*ufoGC58^2*ufoGC69^2
          - 1/4*g_(1,6_,nu10)*g_(2,6_,nu11)*Vec(nu10,q2)*Vec(nu11,q3)*Vec(nu12
         ,q2)^2*Vec(nu14,q2)^2*p4.p4^2*d^-1*xiw^3*xiz*ufoGC58^2*ufoGC69^2
          + 1/4*g_(1,6_,nu10)*g_(2,6_,nu11)*Vec(nu10,q2)*Vec(nu11,q3)*Vec(nu12
         ,q2)^2*Vec(nu14,q2)^2*Vec(nu16,q2)^2*p4.p4*d^-1*xiw^3*xiz*ufoGC58^2*
         ufoGC69^2
          + 1/2*g_(1,6_,nu10)*g_(2,6_,nu11)*Vec(nu10,q2)*Vec(nu11,q3)*Vec(nu12
         ,q2)^2*Vec(nu14,q2)^2*Vec(nu16,q2)*Vec(nu16,q3)*p4.p4*d^-1*xiw^3*xiz*
         ufoGC58^2*ufoGC69^2
          + 1/4*g_(1,6_,nu10)*g_(2,6_,nu11)*Vec(nu10,q2)*Vec(nu11,q3)*Vec(nu12
         ,q2)^2*Vec(nu14,q2)^2*Vec(nu16,q3)^2*p4.p4*d^-1*xiw^3*xiz*ufoGC58^2*
         ufoGC69^2
          + 1/2*g_(1,6_,nu10)*g_(2,6_,nu11)*Vec(nu10,q2)*Vec(nu11,q3)*Vec(nu12
         ,q2)^2*Vec(nu14,q2)*Vec(nu14,q3)*p4.p4^2*xiw^3*xiz*ufoGC58^2*
         ufoGC69^2
          - 1/2*g_(1,6_,nu10)*g_(2,6_,nu11)*Vec(nu10,q2)*Vec(nu11,q3)*Vec(nu12
         ,q2)^2*Vec(nu14,q2)*Vec(nu14,q3)*p4.p4^2*d^-1*xiw^3*xiz*ufoGC58^2*
         ufoGC69^2
          + 1/2*g_(1,6_,nu10)*g_(2,6_,nu11)*Vec(nu10,q2)*Vec(nu11,q3)*Vec(nu12
         ,q2)^2*Vec(nu14,q2)*Vec(nu14,q3)*Vec(nu16,q2)^2*p4.p4*d^-1*xiw^3*xiz*
         ufoGC58^2*ufoGC69^2
          + g_(1,6_,nu10)*g_(2,6_,nu11)*Vec(nu10,q2)*Vec(nu11,q3)*Vec(nu12,q2)
         ^2*Vec(nu14,q2)*Vec(nu14,q3)*Vec(nu16,q2)*Vec(nu16,q3)*p4.p4*d^-1*
         xiw^3*xiz*ufoGC58^2*ufoGC69^2
          + 1/2*g_(1,6_,nu10)*g_(2,6_,nu11)*Vec(nu10,q2)*Vec(nu11,q3)*Vec(nu12
         ,q2)^2*Vec(nu14,q2)*Vec(nu14,q3)*Vec(nu16,q3)^2*p4.p4*d^-1*xiw^3*xiz*
         ufoGC58^2*ufoGC69^2
          + 1/4*g_(1,6_,nu10)*g_(2,6_,nu11)*Vec(nu10,q2)*Vec(nu11,q3)*Vec(nu12
         ,q2)^2*Vec(nu14,q3)^2*p4.p4^2*xiw^3*xiz*ufoGC58^2*ufoGC69^2
          - 1/4*g_(1,6_,nu10)*g_(2,6_,nu11)*Vec(nu10,q2)*Vec(nu11,q3)*Vec(nu12
         ,q2)^2*Vec(nu14,q3)^2*p4.p4^2*d^-1*xiw^3*xiz*ufoGC58^2*ufoGC69^2
          + 1/4*g_(1,6_,nu10)*g_(2,6_,nu11)*Vec(nu10,q2)*Vec(nu11,q3)*Vec(nu12
         ,q2)^2*Vec(nu14,q3)^2*Vec(nu16,q2)^2*p4.p4*d^-1*xiw^3*xiz*ufoGC58^2*
         ufoGC69^2
          + 1/2*g_(1,6_,nu10)*g_(2,6_,nu11)*Vec(nu10,q2)*Vec(nu11,q3)*Vec(nu12
         ,q2)^2*Vec(nu14,q3)^2*Vec(nu16,q2)*Vec(nu16,q3)*p4.p4*d^-1*xiw^3*xiz*
         ufoGC58^2*ufoGC69^2
          + 1/4*g_(1,6_,nu10)*g_(2,6_,nu11)*Vec(nu10,q2)*Vec(nu11,q3)*Vec(nu12
         ,q2)^2*Vec(nu14,q3)^2*Vec(nu16,q3)^2*p4.p4*d^-1*xiw^3*xiz*ufoGC58^2*
         ufoGC69^2
          + 3/4*g_(1,6_,nu10)*g_(2,6_,nu11)*Vec(nu10,q2)*Vec(nu11,q3)*Vec(nu12
         ,q2)^2*Vec(nu16,q2)^2*p4.p4^2*d^-1*xiw^3*xiz*ufoGC58^2*ufoGC69^2
          + 3/2*g_(1,6_,nu10)*g_(2,6_,nu11)*Vec(nu10,q2)*Vec(nu11,q3)*Vec(nu12
         ,q2)^2*Vec(nu16,q2)*Vec(nu16,q3)*p4.p4^2*d^-1*xiw^3*xiz*ufoGC58^2*
         ufoGC69^2
          + 3/4*g_(1,6_,nu10)*g_(2,6_,nu11)*Vec(nu10,q2)*Vec(nu11,q3)*Vec(nu12
         ,q2)^2*Vec(nu16,q3)^2*p4.p4^2*d^-1*xiw^3*xiz*ufoGC58^2*ufoGC69^2
          - g_(1,6_,nu10)*g_(2,6_,nu11)*Vec(nu10,q2)*Vec(nu11,q3)*Vec(nu12,q2)
         *Vec(nu12,q3)*p4.p4^3*d^-1*xiw^3*xiz*ufoGC58^2*ufoGC69^2
          - 2*g_(1,6_,nu10)*g_(2,6_,nu11)*Vec(nu10,q2)*Vec(nu11,q3)*Vec(nu12,
         q2)*Vec(nu12,q3)*Vec(nu13,q2)^2*p4.p4^2*d^-1*xiw^3*xiz*ufoGC58^2*
         ufoGC69^2
          - 4*g_(1,6_,nu10)*g_(2,6_,nu11)*Vec(nu10,q2)*Vec(nu11,q3)*Vec(nu12,
         q2)*Vec(nu12,q3)*Vec(nu13,q2)*Vec(nu13,q3)*p4.p4^2*d^-1*xiw^3*xiz*
         ufoGC58^2*ufoGC69^2
          - 2*g_(1,6_,nu10)*g_(2,6_,nu11)*Vec(nu10,q2)*Vec(nu11,q3)*Vec(nu12,
         q2)*Vec(nu12,q3)*Vec(nu13,q3)^2*p4.p4^2*d^-1*xiw^3*xiz*ufoGC58^2*
         ufoGC69^2
          + 1/2*g_(1,6_,nu10)*g_(2,6_,nu11)*Vec(nu10,q2)*Vec(nu11,q3)*Vec(nu12
         ,q2)*Vec(nu12,q3)*Vec(nu14,q2)^2*p4.p4^2*xiw^3*xiz*ufoGC58^2*
         ufoGC69^2
          - 1/2*g_(1,6_,nu10)*g_(2,6_,nu11)*Vec(nu10,q2)*Vec(nu11,q3)*Vec(nu12
         ,q2)*Vec(nu12,q3)*Vec(nu14,q2)^2*p4.p4^2*d^-1*xiw^3*xiz*ufoGC58^2*
         ufoGC69^2
          + 1/2*g_(1,6_,nu10)*g_(2,6_,nu11)*Vec(nu10,q2)*Vec(nu11,q3)*Vec(nu12
         ,q2)*Vec(nu12,q3)*Vec(nu14,q2)^2*Vec(nu16,q2)^2*p4.p4*d^-1*xiw^3*xiz*
         ufoGC58^2*ufoGC69^2
          + g_(1,6_,nu10)*g_(2,6_,nu11)*Vec(nu10,q2)*Vec(nu11,q3)*Vec(nu12,q2)
         *Vec(nu12,q3)*Vec(nu14,q2)^2*Vec(nu16,q2)*Vec(nu16,q3)*p4.p4*d^-1*
         xiw^3*xiz*ufoGC58^2*ufoGC69^2
          + 1/2*g_(1,6_,nu10)*g_(2,6_,nu11)*Vec(nu10,q2)*Vec(nu11,q3)*Vec(nu12
         ,q2)*Vec(nu12,q3)*Vec(nu14,q2)^2*Vec(nu16,q3)^2*p4.p4*d^-1*xiw^3*xiz*
         ufoGC58^2*ufoGC69^2
          + g_(1,6_,nu10)*g_(2,6_,nu11)*Vec(nu10,q2)*Vec(nu11,q3)*Vec(nu12,q2)
         *Vec(nu12,q3)*Vec(nu14,q2)*Vec(nu14,q3)*p4.p4^2*xiw^3*xiz*ufoGC58^2*
         ufoGC69^2
          - g_(1,6_,nu10)*g_(2,6_,nu11)*Vec(nu10,q2)*Vec(nu11,q3)*Vec(nu12,q2)
         *Vec(nu12,q3)*Vec(nu14,q2)*Vec(nu14,q3)*p4.p4^2*d^-1*xiw^3*xiz*
         ufoGC58^2*ufoGC69^2
          + g_(1,6_,nu10)*g_(2,6_,nu11)*Vec(nu10,q2)*Vec(nu11,q3)*Vec(nu12,q2)
         *Vec(nu12,q3)*Vec(nu14,q2)*Vec(nu14,q3)*Vec(nu16,q2)^2*p4.p4*d^-1*
         xiw^3*xiz*ufoGC58^2*ufoGC69^2
          + 2*g_(1,6_,nu10)*g_(2,6_,nu11)*Vec(nu10,q2)*Vec(nu11,q3)*Vec(nu12,
         q2)*Vec(nu12,q3)*Vec(nu14,q2)*Vec(nu14,q3)*Vec(nu16,q2)*Vec(nu16,q3)*
         p4.p4*d^-1*xiw^3*xiz*ufoGC58^2*ufoGC69^2
          + g_(1,6_,nu10)*g_(2,6_,nu11)*Vec(nu10,q2)*Vec(nu11,q3)*Vec(nu12,q2)
         *Vec(nu12,q3)*Vec(nu14,q2)*Vec(nu14,q3)*Vec(nu16,q3)^2*p4.p4*d^-1*
         xiw^3*xiz*ufoGC58^2*ufoGC69^2
          + 1/2*g_(1,6_,nu10)*g_(2,6_,nu11)*Vec(nu10,q2)*Vec(nu11,q3)*Vec(nu12
         ,q2)*Vec(nu12,q3)*Vec(nu14,q3)^2*p4.p4^2*xiw^3*xiz*ufoGC58^2*
         ufoGC69^2
          - 1/2*g_(1,6_,nu10)*g_(2,6_,nu11)*Vec(nu10,q2)*Vec(nu11,q3)*Vec(nu12
         ,q2)*Vec(nu12,q3)*Vec(nu14,q3)^2*p4.p4^2*d^-1*xiw^3*xiz*ufoGC58^2*
         ufoGC69^2
          + 1/2*g_(1,6_,nu10)*g_(2,6_,nu11)*Vec(nu10,q2)*Vec(nu11,q3)*Vec(nu12
         ,q2)*Vec(nu12,q3)*Vec(nu14,q3)^2*Vec(nu16,q2)^2*p4.p4*d^-1*xiw^3*xiz*
         ufoGC58^2*ufoGC69^2
          + g_(1,6_,nu10)*g_(2,6_,nu11)*Vec(nu10,q2)*Vec(nu11,q3)*Vec(nu12,q2)
         *Vec(nu12,q3)*Vec(nu14,q3)^2*Vec(nu16,q2)*Vec(nu16,q3)*p4.p4*d^-1*
         xiw^3*xiz*ufoGC58^2*ufoGC69^2
          + 1/2*g_(1,6_,nu10)*g_(2,6_,nu11)*Vec(nu10,q2)*Vec(nu11,q3)*Vec(nu12
         ,q2)*Vec(nu12,q3)*Vec(nu14,q3)^2*Vec(nu16,q3)^2*p4.p4*d^-1*xiw^3*xiz*
         ufoGC58^2*ufoGC69^2
          + 3/2*g_(1,6_,nu10)*g_(2,6_,nu11)*Vec(nu10,q2)*Vec(nu11,q3)*Vec(nu12
         ,q2)*Vec(nu12,q3)*Vec(nu16,q2)^2*p4.p4^2*d^-1*xiw^3*xiz*ufoGC58^2*
         ufoGC69^2
          + 3*g_(1,6_,nu10)*g_(2,6_,nu11)*Vec(nu10,q2)*Vec(nu11,q3)*Vec(nu12,
         q2)*Vec(nu12,q3)*Vec(nu16,q2)*Vec(nu16,q3)*p4.p4^2*d^-1*xiw^3*xiz*
         ufoGC58^2*ufoGC69^2
          + 3/2*g_(1,6_,nu10)*g_(2,6_,nu11)*Vec(nu10,q2)*Vec(nu11,q3)*Vec(nu12
         ,q2)*Vec(nu12,q3)*Vec(nu16,q3)^2*p4.p4^2*d^-1*xiw^3*xiz*ufoGC58^2*
         ufoGC69^2
          - 1/2*g_(1,6_,nu10)*g_(2,6_,nu11)*Vec(nu10,q2)*Vec(nu11,q3)*Vec(nu12
         ,q3)^2*p4.p4^3*d^-1*xiw^3*xiz*ufoGC58^2*ufoGC69^2
          - g_(1,6_,nu10)*g_(2,6_,nu11)*Vec(nu10,q2)*Vec(nu11,q3)*Vec(nu12,q3)
         ^2*Vec(nu13,q2)^2*p4.p4^2*d^-1*xiw^3*xiz*ufoGC58^2*ufoGC69^2
          - 2*g_(1,6_,nu10)*g_(2,6_,nu11)*Vec(nu10,q2)*Vec(nu11,q3)*Vec(nu12,
         q3)^2*Vec(nu13,q2)*Vec(nu13,q3)*p4.p4^2*d^-1*xiw^3*xiz*ufoGC58^2*
         ufoGC69^2
          - g_(1,6_,nu10)*g_(2,6_,nu11)*Vec(nu10,q2)*Vec(nu11,q3)*Vec(nu12,q3)
         ^2*Vec(nu13,q3)^2*p4.p4^2*d^-1*xiw^3*xiz*ufoGC58^2*ufoGC69^2
          + 1/4*g_(1,6_,nu10)*g_(2,6_,nu11)*Vec(nu10,q2)*Vec(nu11,q3)*Vec(nu12
         ,q3)^2*Vec(nu14,q2)^2*p4.p4^2*xiw^3*xiz*ufoGC58^2*ufoGC69^2
          - 1/4*g_(1,6_,nu10)*g_(2,6_,nu11)*Vec(nu10,q2)*Vec(nu11,q3)*Vec(nu12
         ,q3)^2*Vec(nu14,q2)^2*p4.p4^2*d^-1*xiw^3*xiz*ufoGC58^2*ufoGC69^2
          + 1/4*g_(1,6_,nu10)*g_(2,6_,nu11)*Vec(nu10,q2)*Vec(nu11,q3)*Vec(nu12
         ,q3)^2*Vec(nu14,q2)^2*Vec(nu16,q2)^2*p4.p4*d^-1*xiw^3*xiz*ufoGC58^2*
         ufoGC69^2
          + 1/2*g_(1,6_,nu10)*g_(2,6_,nu11)*Vec(nu10,q2)*Vec(nu11,q3)*Vec(nu12
         ,q3)^2*Vec(nu14,q2)^2*Vec(nu16,q2)*Vec(nu16,q3)*p4.p4*d^-1*xiw^3*xiz*
         ufoGC58^2*ufoGC69^2
          + 1/4*g_(1,6_,nu10)*g_(2,6_,nu11)*Vec(nu10,q2)*Vec(nu11,q3)*Vec(nu12
         ,q3)^2*Vec(nu14,q2)^2*Vec(nu16,q3)^2*p4.p4*d^-1*xiw^3*xiz*ufoGC58^2*
         ufoGC69^2
          + 1/2*g_(1,6_,nu10)*g_(2,6_,nu11)*Vec(nu10,q2)*Vec(nu11,q3)*Vec(nu12
         ,q3)^2*Vec(nu14,q2)*Vec(nu14,q3)*p4.p4^2*xiw^3*xiz*ufoGC58^2*
         ufoGC69^2
          - 1/2*g_(1,6_,nu10)*g_(2,6_,nu11)*Vec(nu10,q2)*Vec(nu11,q3)*Vec(nu12
         ,q3)^2*Vec(nu14,q2)*Vec(nu14,q3)*p4.p4^2*d^-1*xiw^3*xiz*ufoGC58^2*
         ufoGC69^2
          + 1/2*g_(1,6_,nu10)*g_(2,6_,nu11)*Vec(nu10,q2)*Vec(nu11,q3)*Vec(nu12
         ,q3)^2*Vec(nu14,q2)*Vec(nu14,q3)*Vec(nu16,q2)^2*p4.p4*d^-1*xiw^3*xiz*
         ufoGC58^2*ufoGC69^2
          + g_(1,6_,nu10)*g_(2,6_,nu11)*Vec(nu10,q2)*Vec(nu11,q3)*Vec(nu12,q3)
         ^2*Vec(nu14,q2)*Vec(nu14,q3)*Vec(nu16,q2)*Vec(nu16,q3)*p4.p4*d^-1*
         xiw^3*xiz*ufoGC58^2*ufoGC69^2
          + 1/2*g_(1,6_,nu10)*g_(2,6_,nu11)*Vec(nu10,q2)*Vec(nu11,q3)*Vec(nu12
         ,q3)^2*Vec(nu14,q2)*Vec(nu14,q3)*Vec(nu16,q3)^2*p4.p4*d^-1*xiw^3*xiz*
         ufoGC58^2*ufoGC69^2
          + 1/4*g_(1,6_,nu10)*g_(2,6_,nu11)*Vec(nu10,q2)*Vec(nu11,q3)*Vec(nu12
         ,q3)^2*Vec(nu14,q3)^2*p4.p4^2*xiw^3*xiz*ufoGC58^2*ufoGC69^2
          - 1/4*g_(1,6_,nu10)*g_(2,6_,nu11)*Vec(nu10,q2)*Vec(nu11,q3)*Vec(nu12
         ,q3)^2*Vec(nu14,q3)^2*p4.p4^2*d^-1*xiw^3*xiz*ufoGC58^2*ufoGC69^2
          + 1/4*g_(1,6_,nu10)*g_(2,6_,nu11)*Vec(nu10,q2)*Vec(nu11,q3)*Vec(nu12
         ,q3)^2*Vec(nu14,q3)^2*Vec(nu16,q2)^2*p4.p4*d^-1*xiw^3*xiz*ufoGC58^2*
         ufoGC69^2
          + 1/2*g_(1,6_,nu10)*g_(2,6_,nu11)*Vec(nu10,q2)*Vec(nu11,q3)*Vec(nu12
         ,q3)^2*Vec(nu14,q3)^2*Vec(nu16,q2)*Vec(nu16,q3)*p4.p4*d^-1*xiw^3*xiz*
         ufoGC58^2*ufoGC69^2
          + 1/4*g_(1,6_,nu10)*g_(2,6_,nu11)*Vec(nu10,q2)*Vec(nu11,q3)*Vec(nu12
         ,q3)^2*Vec(nu14,q3)^2*Vec(nu16,q3)^2*p4.p4*d^-1*xiw^3*xiz*ufoGC58^2*
         ufoGC69^2
          + 3/4*g_(1,6_,nu10)*g_(2,6_,nu11)*Vec(nu10,q2)*Vec(nu11,q3)*Vec(nu12
         ,q3)^2*Vec(nu16,q2)^2*p4.p4^2*d^-1*xiw^3*xiz*ufoGC58^2*ufoGC69^2
          + 3/2*g_(1,6_,nu10)*g_(2,6_,nu11)*Vec(nu10,q2)*Vec(nu11,q3)*Vec(nu12
         ,q3)^2*Vec(nu16,q2)*Vec(nu16,q3)*p4.p4^2*d^-1*xiw^3*xiz*ufoGC58^2*
         ufoGC69^2
          + 3/4*g_(1,6_,nu10)*g_(2,6_,nu11)*Vec(nu10,q2)*Vec(nu11,q3)*Vec(nu12
         ,q3)^2*Vec(nu16,q3)^2*p4.p4^2*d^-1*xiw^3*xiz*ufoGC58^2*ufoGC69^2
          + 1/2*g_(1,6_,nu10)*g_(2,6_,nu11)*Vec(nu10,q2)*Vec(nu11,q3)*Vec(nu13
         ,q2)^2*p4.p4^3*d^-1*xiw^3*xiz*ufoGC58^2*ufoGC69^2
          - 1/4*g_(1,6_,nu10)*g_(2,6_,nu11)*Vec(nu10,q2)*Vec(nu11,q3)*Vec(nu13
         ,q2)^2*Vec(nu14,q2)^2*p4.p4^2*xiw^3*xiz*ufoGC58^2*ufoGC69^2
          + 5/4*g_(1,6_,nu10)*g_(2,6_,nu11)*Vec(nu10,q2)*Vec(nu11,q3)*Vec(nu13
         ,q2)^2*Vec(nu14,q2)^2*p4.p4^2*d^-1*xiw^3*xiz*ufoGC58^2*ufoGC69^2
          + 1/4*g_(1,6_,nu10)*g_(2,6_,nu11)*Vec(nu10,q2)*Vec(nu11,q3)*Vec(nu13
         ,q2)^2*Vec(nu14,q2)^2*Vec(nu16,q2)^2*p4.p4*d^-1*xiw^3*xiz*ufoGC58^2*
         ufoGC69^2
          + 1/2*g_(1,6_,nu10)*g_(2,6_,nu11)*Vec(nu10,q2)*Vec(nu11,q3)*Vec(nu13
         ,q2)^2*Vec(nu14,q2)^2*Vec(nu16,q2)*Vec(nu16,q3)*p4.p4*d^-1*xiw^3*xiz*
         ufoGC58^2*ufoGC69^2
          + 1/4*g_(1,6_,nu10)*g_(2,6_,nu11)*Vec(nu10,q2)*Vec(nu11,q3)*Vec(nu13
         ,q2)^2*Vec(nu14,q2)^2*Vec(nu16,q3)^2*p4.p4*d^-1*xiw^3*xiz*ufoGC58^2*
         ufoGC69^2
          - 1/2*g_(1,6_,nu10)*g_(2,6_,nu11)*Vec(nu10,q2)*Vec(nu11,q3)*Vec(nu13
         ,q2)^2*Vec(nu14,q2)^2*Vec(nu15,q2)^2*p4.p4*d^-1*xiw^3*xiz*ufoGC58^2*
         ufoGC69^2
          - g_(1,6_,nu10)*g_(2,6_,nu11)*Vec(nu10,q2)*Vec(nu11,q3)*Vec(nu13,q2)
         ^2*Vec(nu14,q2)^2*Vec(nu15,q2)*Vec(nu15,q3)*p4.p4*d^-1*xiw^3*xiz*
         ufoGC58^2*ufoGC69^2
          - 1/2*g_(1,6_,nu10)*g_(2,6_,nu11)*Vec(nu10,q2)*Vec(nu11,q3)*Vec(nu13
         ,q2)^2*Vec(nu14,q2)^2*Vec(nu15,q3)^2*p4.p4*d^-1*xiw^3*xiz*ufoGC58^2*
         ufoGC69^2
          - 1/2*g_(1,6_,nu10)*g_(2,6_,nu11)*Vec(nu10,q2)*Vec(nu11,q3)*Vec(nu13
         ,q2)^2*Vec(nu14,q2)*Vec(nu14,q3)*p4.p4^2*xiw^3*xiz*ufoGC58^2*
         ufoGC69^2
          + 5/2*g_(1,6_,nu10)*g_(2,6_,nu11)*Vec(nu10,q2)*Vec(nu11,q3)*Vec(nu13
         ,q2)^2*Vec(nu14,q2)*Vec(nu14,q3)*p4.p4^2*d^-1*xiw^3*xiz*ufoGC58^2*
         ufoGC69^2
          + 1/2*g_(1,6_,nu10)*g_(2,6_,nu11)*Vec(nu10,q2)*Vec(nu11,q3)*Vec(nu13
         ,q2)^2*Vec(nu14,q2)*Vec(nu14,q3)*Vec(nu16,q2)^2*p4.p4*d^-1*xiw^3*xiz*
         ufoGC58^2*ufoGC69^2
          + g_(1,6_,nu10)*g_(2,6_,nu11)*Vec(nu10,q2)*Vec(nu11,q3)*Vec(nu13,q2)
         ^2*Vec(nu14,q2)*Vec(nu14,q3)*Vec(nu16,q2)*Vec(nu16,q3)*p4.p4*d^-1*
         xiw^3*xiz*ufoGC58^2*ufoGC69^2
          + 1/2*g_(1,6_,nu10)*g_(2,6_,nu11)*Vec(nu10,q2)*Vec(nu11,q3)*Vec(nu13
         ,q2)^2*Vec(nu14,q2)*Vec(nu14,q3)*Vec(nu16,q3)^2*p4.p4*d^-1*xiw^3*xiz*
         ufoGC58^2*ufoGC69^2
          - g_(1,6_,nu10)*g_(2,6_,nu11)*Vec(nu10,q2)*Vec(nu11,q3)*Vec(nu13,q2)
         ^2*Vec(nu14,q2)*Vec(nu14,q3)*Vec(nu15,q2)^2*p4.p4*d^-1*xiw^3*xiz*
         ufoGC58^2*ufoGC69^2
          - 2*g_(1,6_,nu10)*g_(2,6_,nu11)*Vec(nu10,q2)*Vec(nu11,q3)*Vec(nu13,
         q2)^2*Vec(nu14,q2)*Vec(nu14,q3)*Vec(nu15,q2)*Vec(nu15,q3)*p4.p4*d^-1*
         xiw^3*xiz*ufoGC58^2*ufoGC69^2
          - g_(1,6_,nu10)*g_(2,6_,nu11)*Vec(nu10,q2)*Vec(nu11,q3)*Vec(nu13,q2)
         ^2*Vec(nu14,q2)*Vec(nu14,q3)*Vec(nu15,q3)^2*p4.p4*d^-1*xiw^3*xiz*
         ufoGC58^2*ufoGC69^2
          - 1/4*g_(1,6_,nu10)*g_(2,6_,nu11)*Vec(nu10,q2)*Vec(nu11,q3)*Vec(nu13
         ,q2)^2*Vec(nu14,q3)^2*p4.p4^2*xiw^3*xiz*ufoGC58^2*ufoGC69^2
          + 5/4*g_(1,6_,nu10)*g_(2,6_,nu11)*Vec(nu10,q2)*Vec(nu11,q3)*Vec(nu13
         ,q2)^2*Vec(nu14,q3)^2*p4.p4^2*d^-1*xiw^3*xiz*ufoGC58^2*ufoGC69^2
          + 1/4*g_(1,6_,nu10)*g_(2,6_,nu11)*Vec(nu10,q2)*Vec(nu11,q3)*Vec(nu13
         ,q2)^2*Vec(nu14,q3)^2*Vec(nu16,q2)^2*p4.p4*d^-1*xiw^3*xiz*ufoGC58^2*
         ufoGC69^2
          + 1/2*g_(1,6_,nu10)*g_(2,6_,nu11)*Vec(nu10,q2)*Vec(nu11,q3)*Vec(nu13
         ,q2)^2*Vec(nu14,q3)^2*Vec(nu16,q2)*Vec(nu16,q3)*p4.p4*d^-1*xiw^3*xiz*
         ufoGC58^2*ufoGC69^2
          + 1/4*g_(1,6_,nu10)*g_(2,6_,nu11)*Vec(nu10,q2)*Vec(nu11,q3)*Vec(nu13
         ,q2)^2*Vec(nu14,q3)^2*Vec(nu16,q3)^2*p4.p4*d^-1*xiw^3*xiz*ufoGC58^2*
         ufoGC69^2
          - 1/2*g_(1,6_,nu10)*g_(2,6_,nu11)*Vec(nu10,q2)*Vec(nu11,q3)*Vec(nu13
         ,q2)^2*Vec(nu14,q3)^2*Vec(nu15,q2)^2*p4.p4*d^-1*xiw^3*xiz*ufoGC58^2*
         ufoGC69^2
          - g_(1,6_,nu10)*g_(2,6_,nu11)*Vec(nu10,q2)*Vec(nu11,q3)*Vec(nu13,q2)
         ^2*Vec(nu14,q3)^2*Vec(nu15,q2)*Vec(nu15,q3)*p4.p4*d^-1*xiw^3*xiz*
         ufoGC58^2*ufoGC69^2
          - 1/2*g_(1,6_,nu10)*g_(2,6_,nu11)*Vec(nu10,q2)*Vec(nu11,q3)*Vec(nu13
         ,q2)^2*Vec(nu14,q3)^2*Vec(nu15,q3)^2*p4.p4*d^-1*xiw^3*xiz*ufoGC58^2*
         ufoGC69^2
          - 1/4*g_(1,6_,nu10)*g_(2,6_,nu11)*Vec(nu10,q2)*Vec(nu11,q3)*Vec(nu13
         ,q2)^2*Vec(nu16,q2)^2*p4.p4^2*d^-1*xiw^3*xiz*ufoGC58^2*ufoGC69^2
          - 1/2*g_(1,6_,nu10)*g_(2,6_,nu11)*Vec(nu10,q2)*Vec(nu11,q3)*Vec(nu13
         ,q2)^2*Vec(nu16,q2)*Vec(nu16,q3)*p4.p4^2*d^-1*xiw^3*xiz*ufoGC58^2*
         ufoGC69^2
          - 1/4*g_(1,6_,nu10)*g_(2,6_,nu11)*Vec(nu10,q2)*Vec(nu11,q3)*Vec(nu13
         ,q2)^2*Vec(nu16,q3)^2*p4.p4^2*d^-1*xiw^3*xiz*ufoGC58^2*ufoGC69^2
          + g_(1,6_,nu10)*g_(2,6_,nu11)*Vec(nu10,q2)*Vec(nu11,q3)*Vec(nu13,q2)
         *Vec(nu13,q3)*p4.p4^3*d^-1*xiw^3*xiz*ufoGC58^2*ufoGC69^2
          - 1/2*g_(1,6_,nu10)*g_(2,6_,nu11)*Vec(nu10,q2)*Vec(nu11,q3)*Vec(nu13
         ,q2)*Vec(nu13,q3)*Vec(nu14,q2)^2*p4.p4^2*xiw^3*xiz*ufoGC58^2*
         ufoGC69^2
          + 5/2*g_(1,6_,nu10)*g_(2,6_,nu11)*Vec(nu10,q2)*Vec(nu11,q3)*Vec(nu13
         ,q2)*Vec(nu13,q3)*Vec(nu14,q2)^2*p4.p4^2*d^-1*xiw^3*xiz*ufoGC58^2*
         ufoGC69^2
          + 1/2*g_(1,6_,nu10)*g_(2,6_,nu11)*Vec(nu10,q2)*Vec(nu11,q3)*Vec(nu13
         ,q2)*Vec(nu13,q3)*Vec(nu14,q2)^2*Vec(nu16,q2)^2*p4.p4*d^-1*xiw^3*xiz*
         ufoGC58^2*ufoGC69^2
          + g_(1,6_,nu10)*g_(2,6_,nu11)*Vec(nu10,q2)*Vec(nu11,q3)*Vec(nu13,q2)
         *Vec(nu13,q3)*Vec(nu14,q2)^2*Vec(nu16,q2)*Vec(nu16,q3)*p4.p4*d^-1*
         xiw^3*xiz*ufoGC58^2*ufoGC69^2
          + 1/2*g_(1,6_,nu10)*g_(2,6_,nu11)*Vec(nu10,q2)*Vec(nu11,q3)*Vec(nu13
         ,q2)*Vec(nu13,q3)*Vec(nu14,q2)^2*Vec(nu16,q3)^2*p4.p4*d^-1*xiw^3*xiz*
         ufoGC58^2*ufoGC69^2
          - g_(1,6_,nu10)*g_(2,6_,nu11)*Vec(nu10,q2)*Vec(nu11,q3)*Vec(nu13,q2)
         *Vec(nu13,q3)*Vec(nu14,q2)^2*Vec(nu15,q2)^2*p4.p4*d^-1*xiw^3*xiz*
         ufoGC58^2*ufoGC69^2
          - 2*g_(1,6_,nu10)*g_(2,6_,nu11)*Vec(nu10,q2)*Vec(nu11,q3)*Vec(nu13,
         q2)*Vec(nu13,q3)*Vec(nu14,q2)^2*Vec(nu15,q2)*Vec(nu15,q3)*p4.p4*d^-1*
         xiw^3*xiz*ufoGC58^2*ufoGC69^2
          - g_(1,6_,nu10)*g_(2,6_,nu11)*Vec(nu10,q2)*Vec(nu11,q3)*Vec(nu13,q2)
         *Vec(nu13,q3)*Vec(nu14,q2)^2*Vec(nu15,q3)^2*p4.p4*d^-1*xiw^3*xiz*
         ufoGC58^2*ufoGC69^2
          - g_(1,6_,nu10)*g_(2,6_,nu11)*Vec(nu10,q2)*Vec(nu11,q3)*Vec(nu13,q2)
         *Vec(nu13,q3)*Vec(nu14,q2)*Vec(nu14,q3)*p4.p4^2*xiw^3*xiz*ufoGC58^2*
         ufoGC69^2
          + 5*g_(1,6_,nu10)*g_(2,6_,nu11)*Vec(nu10,q2)*Vec(nu11,q3)*Vec(nu13,
         q2)*Vec(nu13,q3)*Vec(nu14,q2)*Vec(nu14,q3)*p4.p4^2*d^-1*xiw^3*xiz*
         ufoGC58^2*ufoGC69^2
          + g_(1,6_,nu10)*g_(2,6_,nu11)*Vec(nu10,q2)*Vec(nu11,q3)*Vec(nu13,q2)
         *Vec(nu13,q3)*Vec(nu14,q2)*Vec(nu14,q3)*Vec(nu16,q2)^2*p4.p4*d^-1*
         xiw^3*xiz*ufoGC58^2*ufoGC69^2
          + 2*g_(1,6_,nu10)*g_(2,6_,nu11)*Vec(nu10,q2)*Vec(nu11,q3)*Vec(nu13,
         q2)*Vec(nu13,q3)*Vec(nu14,q2)*Vec(nu14,q3)*Vec(nu16,q2)*Vec(nu16,q3)*
         p4.p4*d^-1*xiw^3*xiz*ufoGC58^2*ufoGC69^2
          + g_(1,6_,nu10)*g_(2,6_,nu11)*Vec(nu10,q2)*Vec(nu11,q3)*Vec(nu13,q2)
         *Vec(nu13,q3)*Vec(nu14,q2)*Vec(nu14,q3)*Vec(nu16,q3)^2*p4.p4*d^-1*
         xiw^3*xiz*ufoGC58^2*ufoGC69^2
          - 2*g_(1,6_,nu10)*g_(2,6_,nu11)*Vec(nu10,q2)*Vec(nu11,q3)*Vec(nu13,
         q2)*Vec(nu13,q3)*Vec(nu14,q2)*Vec(nu14,q3)*Vec(nu15,q2)^2*p4.p4*d^-1*
         xiw^3*xiz*ufoGC58^2*ufoGC69^2
          - 4*g_(1,6_,nu10)*g_(2,6_,nu11)*Vec(nu10,q2)*Vec(nu11,q3)*Vec(nu13,
         q2)*Vec(nu13,q3)*Vec(nu14,q2)*Vec(nu14,q3)*Vec(nu15,q2)*Vec(nu15,q3)*
         p4.p4*d^-1*xiw^3*xiz*ufoGC58^2*ufoGC69^2
          - 2*g_(1,6_,nu10)*g_(2,6_,nu11)*Vec(nu10,q2)*Vec(nu11,q3)*Vec(nu13,
         q2)*Vec(nu13,q3)*Vec(nu14,q2)*Vec(nu14,q3)*Vec(nu15,q3)^2*p4.p4*d^-1*
         xiw^3*xiz*ufoGC58^2*ufoGC69^2
          - 1/2*g_(1,6_,nu10)*g_(2,6_,nu11)*Vec(nu10,q2)*Vec(nu11,q3)*Vec(nu13
         ,q2)*Vec(nu13,q3)*Vec(nu14,q3)^2*p4.p4^2*xiw^3*xiz*ufoGC58^2*
         ufoGC69^2
          + 5/2*g_(1,6_,nu10)*g_(2,6_,nu11)*Vec(nu10,q2)*Vec(nu11,q3)*Vec(nu13
         ,q2)*Vec(nu13,q3)*Vec(nu14,q3)^2*p4.p4^2*d^-1*xiw^3*xiz*ufoGC58^2*
         ufoGC69^2
          + 1/2*g_(1,6_,nu10)*g_(2,6_,nu11)*Vec(nu10,q2)*Vec(nu11,q3)*Vec(nu13
         ,q2)*Vec(nu13,q3)*Vec(nu14,q3)^2*Vec(nu16,q2)^2*p4.p4*d^-1*xiw^3*xiz*
         ufoGC58^2*ufoGC69^2
          + g_(1,6_,nu10)*g_(2,6_,nu11)*Vec(nu10,q2)*Vec(nu11,q3)*Vec(nu13,q2)
         *Vec(nu13,q3)*Vec(nu14,q3)^2*Vec(nu16,q2)*Vec(nu16,q3)*p4.p4*d^-1*
         xiw^3*xiz*ufoGC58^2*ufoGC69^2
          + 1/2*g_(1,6_,nu10)*g_(2,6_,nu11)*Vec(nu10,q2)*Vec(nu11,q3)*Vec(nu13
         ,q2)*Vec(nu13,q3)*Vec(nu14,q3)^2*Vec(nu16,q3)^2*p4.p4*d^-1*xiw^3*xiz*
         ufoGC58^2*ufoGC69^2
          - g_(1,6_,nu10)*g_(2,6_,nu11)*Vec(nu10,q2)*Vec(nu11,q3)*Vec(nu13,q2)
         *Vec(nu13,q3)*Vec(nu14,q3)^2*Vec(nu15,q2)^2*p4.p4*d^-1*xiw^3*xiz*
         ufoGC58^2*ufoGC69^2
          - 2*g_(1,6_,nu10)*g_(2,6_,nu11)*Vec(nu10,q2)*Vec(nu11,q3)*Vec(nu13,
         q2)*Vec(nu13,q3)*Vec(nu14,q3)^2*Vec(nu15,q2)*Vec(nu15,q3)*p4.p4*d^-1*
         xiw^3*xiz*ufoGC58^2*ufoGC69^2
          - g_(1,6_,nu10)*g_(2,6_,nu11)*Vec(nu10,q2)*Vec(nu11,q3)*Vec(nu13,q2)
         *Vec(nu13,q3)*Vec(nu14,q3)^2*Vec(nu15,q3)^2*p4.p4*d^-1*xiw^3*xiz*
         ufoGC58^2*ufoGC69^2
          - 1/2*g_(1,6_,nu10)*g_(2,6_,nu11)*Vec(nu10,q2)*Vec(nu11,q3)*Vec(nu13
         ,q2)*Vec(nu13,q3)*Vec(nu16,q2)^2*p4.p4^2*d^-1*xiw^3*xiz*ufoGC58^2*
         ufoGC69^2
          - g_(1,6_,nu10)*g_(2,6_,nu11)*Vec(nu10,q2)*Vec(nu11,q3)*Vec(nu13,q2)
         *Vec(nu13,q3)*Vec(nu16,q2)*Vec(nu16,q3)*p4.p4^2*d^-1*xiw^3*xiz*
         ufoGC58^2*ufoGC69^2
          - 1/2*g_(1,6_,nu10)*g_(2,6_,nu11)*Vec(nu10,q2)*Vec(nu11,q3)*Vec(nu13
         ,q2)*Vec(nu13,q3)*Vec(nu16,q3)^2*p4.p4^2*d^-1*xiw^3*xiz*ufoGC58^2*
         ufoGC69^2
          + 1/2*g_(1,6_,nu10)*g_(2,6_,nu11)*Vec(nu10,q2)*Vec(nu11,q3)*Vec(nu13
         ,q3)^2*p4.p4^3*d^-1*xiw^3*xiz*ufoGC58^2*ufoGC69^2
          - 1/4*g_(1,6_,nu10)*g_(2,6_,nu11)*Vec(nu10,q2)*Vec(nu11,q3)*Vec(nu13
         ,q3)^2*Vec(nu14,q2)^2*p4.p4^2*xiw^3*xiz*ufoGC58^2*ufoGC69^2
          + 5/4*g_(1,6_,nu10)*g_(2,6_,nu11)*Vec(nu10,q2)*Vec(nu11,q3)*Vec(nu13
         ,q3)^2*Vec(nu14,q2)^2*p4.p4^2*d^-1*xiw^3*xiz*ufoGC58^2*ufoGC69^2
          + 1/4*g_(1,6_,nu10)*g_(2,6_,nu11)*Vec(nu10,q2)*Vec(nu11,q3)*Vec(nu13
         ,q3)^2*Vec(nu14,q2)^2*Vec(nu16,q2)^2*p4.p4*d^-1*xiw^3*xiz*ufoGC58^2*
         ufoGC69^2
          + 1/2*g_(1,6_,nu10)*g_(2,6_,nu11)*Vec(nu10,q2)*Vec(nu11,q3)*Vec(nu13
         ,q3)^2*Vec(nu14,q2)^2*Vec(nu16,q2)*Vec(nu16,q3)*p4.p4*d^-1*xiw^3*xiz*
         ufoGC58^2*ufoGC69^2
          + 1/4*g_(1,6_,nu10)*g_(2,6_,nu11)*Vec(nu10,q2)*Vec(nu11,q3)*Vec(nu13
         ,q3)^2*Vec(nu14,q2)^2*Vec(nu16,q3)^2*p4.p4*d^-1*xiw^3*xiz*ufoGC58^2*
         ufoGC69^2
          - 1/2*g_(1,6_,nu10)*g_(2,6_,nu11)*Vec(nu10,q2)*Vec(nu11,q3)*Vec(nu13
         ,q3)^2*Vec(nu14,q2)^2*Vec(nu15,q2)^2*p4.p4*d^-1*xiw^3*xiz*ufoGC58^2*
         ufoGC69^2
          - g_(1,6_,nu10)*g_(2,6_,nu11)*Vec(nu10,q2)*Vec(nu11,q3)*Vec(nu13,q3)
         ^2*Vec(nu14,q2)^2*Vec(nu15,q2)*Vec(nu15,q3)*p4.p4*d^-1*xiw^3*xiz*
         ufoGC58^2*ufoGC69^2
          - 1/2*g_(1,6_,nu10)*g_(2,6_,nu11)*Vec(nu10,q2)*Vec(nu11,q3)*Vec(nu13
         ,q3)^2*Vec(nu14,q2)^2*Vec(nu15,q3)^2*p4.p4*d^-1*xiw^3*xiz*ufoGC58^2*
         ufoGC69^2
          - 1/2*g_(1,6_,nu10)*g_(2,6_,nu11)*Vec(nu10,q2)*Vec(nu11,q3)*Vec(nu13
         ,q3)^2*Vec(nu14,q2)*Vec(nu14,q3)*p4.p4^2*xiw^3*xiz*ufoGC58^2*
         ufoGC69^2
          + 5/2*g_(1,6_,nu10)*g_(2,6_,nu11)*Vec(nu10,q2)*Vec(nu11,q3)*Vec(nu13
         ,q3)^2*Vec(nu14,q2)*Vec(nu14,q3)*p4.p4^2*d^-1*xiw^3*xiz*ufoGC58^2*
         ufoGC69^2
          + 1/2*g_(1,6_,nu10)*g_(2,6_,nu11)*Vec(nu10,q2)*Vec(nu11,q3)*Vec(nu13
         ,q3)^2*Vec(nu14,q2)*Vec(nu14,q3)*Vec(nu16,q2)^2*p4.p4*d^-1*xiw^3*xiz*
         ufoGC58^2*ufoGC69^2
          + g_(1,6_,nu10)*g_(2,6_,nu11)*Vec(nu10,q2)*Vec(nu11,q3)*Vec(nu13,q3)
         ^2*Vec(nu14,q2)*Vec(nu14,q3)*Vec(nu16,q2)*Vec(nu16,q3)*p4.p4*d^-1*
         xiw^3*xiz*ufoGC58^2*ufoGC69^2
          + 1/2*g_(1,6_,nu10)*g_(2,6_,nu11)*Vec(nu10,q2)*Vec(nu11,q3)*Vec(nu13
         ,q3)^2*Vec(nu14,q2)*Vec(nu14,q3)*Vec(nu16,q3)^2*p4.p4*d^-1*xiw^3*xiz*
         ufoGC58^2*ufoGC69^2
          - g_(1,6_,nu10)*g_(2,6_,nu11)*Vec(nu10,q2)*Vec(nu11,q3)*Vec(nu13,q3)
         ^2*Vec(nu14,q2)*Vec(nu14,q3)*Vec(nu15,q2)^2*p4.p4*d^-1*xiw^3*xiz*
         ufoGC58^2*ufoGC69^2
          - 2*g_(1,6_,nu10)*g_(2,6_,nu11)*Vec(nu10,q2)*Vec(nu11,q3)*Vec(nu13,
         q3)^2*Vec(nu14,q2)*Vec(nu14,q3)*Vec(nu15,q2)*Vec(nu15,q3)*p4.p4*d^-1*
         xiw^3*xiz*ufoGC58^2*ufoGC69^2
          - g_(1,6_,nu10)*g_(2,6_,nu11)*Vec(nu10,q2)*Vec(nu11,q3)*Vec(nu13,q3)
         ^2*Vec(nu14,q2)*Vec(nu14,q3)*Vec(nu15,q3)^2*p4.p4*d^-1*xiw^3*xiz*
         ufoGC58^2*ufoGC69^2
          - 1/4*g_(1,6_,nu10)*g_(2,6_,nu11)*Vec(nu10,q2)*Vec(nu11,q3)*Vec(nu13
         ,q3)^2*Vec(nu14,q3)^2*p4.p4^2*xiw^3*xiz*ufoGC58^2*ufoGC69^2
          + 5/4*g_(1,6_,nu10)*g_(2,6_,nu11)*Vec(nu10,q2)*Vec(nu11,q3)*Vec(nu13
         ,q3)^2*Vec(nu14,q3)^2*p4.p4^2*d^-1*xiw^3*xiz*ufoGC58^2*ufoGC69^2
          + 1/4*g_(1,6_,nu10)*g_(2,6_,nu11)*Vec(nu10,q2)*Vec(nu11,q3)*Vec(nu13
         ,q3)^2*Vec(nu14,q3)^2*Vec(nu16,q2)^2*p4.p4*d^-1*xiw^3*xiz*ufoGC58^2*
         ufoGC69^2
          + 1/2*g_(1,6_,nu10)*g_(2,6_,nu11)*Vec(nu10,q2)*Vec(nu11,q3)*Vec(nu13
         ,q3)^2*Vec(nu14,q3)^2*Vec(nu16,q2)*Vec(nu16,q3)*p4.p4*d^-1*xiw^3*xiz*
         ufoGC58^2*ufoGC69^2
          + 1/4*g_(1,6_,nu10)*g_(2,6_,nu11)*Vec(nu10,q2)*Vec(nu11,q3)*Vec(nu13
         ,q3)^2*Vec(nu14,q3)^2*Vec(nu16,q3)^2*p4.p4*d^-1*xiw^3*xiz*ufoGC58^2*
         ufoGC69^2
          - 1/2*g_(1,6_,nu10)*g_(2,6_,nu11)*Vec(nu10,q2)*Vec(nu11,q3)*Vec(nu13
         ,q3)^2*Vec(nu14,q3)^2*Vec(nu15,q2)^2*p4.p4*d^-1*xiw^3*xiz*ufoGC58^2*
         ufoGC69^2
          - g_(1,6_,nu10)*g_(2,6_,nu11)*Vec(nu10,q2)*Vec(nu11,q3)*Vec(nu13,q3)
         ^2*Vec(nu14,q3)^2*Vec(nu15,q2)*Vec(nu15,q3)*p4.p4*d^-1*xiw^3*xiz*
         ufoGC58^2*ufoGC69^2
          - 1/2*g_(1,6_,nu10)*g_(2,6_,nu11)*Vec(nu10,q2)*Vec(nu11,q3)*Vec(nu13
         ,q3)^2*Vec(nu14,q3)^2*Vec(nu15,q3)^2*p4.p4*d^-1*xiw^3*xiz*ufoGC58^2*
         ufoGC69^2
          - 1/4*g_(1,6_,nu10)*g_(2,6_,nu11)*Vec(nu10,q2)*Vec(nu11,q3)*Vec(nu13
         ,q3)^2*Vec(nu16,q2)^2*p4.p4^2*d^-1*xiw^3*xiz*ufoGC58^2*ufoGC69^2
          - 1/2*g_(1,6_,nu10)*g_(2,6_,nu11)*Vec(nu10,q2)*Vec(nu11,q3)*Vec(nu13
         ,q3)^2*Vec(nu16,q2)*Vec(nu16,q3)*p4.p4^2*d^-1*xiw^3*xiz*ufoGC58^2*
         ufoGC69^2
          - 1/4*g_(1,6_,nu10)*g_(2,6_,nu11)*Vec(nu10,q2)*Vec(nu11,q3)*Vec(nu13
         ,q3)^2*Vec(nu16,q3)^2*p4.p4^2*d^-1*xiw^3*xiz*ufoGC58^2*ufoGC69^2
          - 1/2*g_(1,6_,nu10)*g_(2,6_,nu11)*Vec(nu10,q2)*Vec(nu11,q3)*Vec(nu14
         ,q2)^2*Vec(nu15,q2)^2*p4.p4^2*d^-1*xiw^3*xiz*ufoGC58^2*ufoGC69^2
          - g_(1,6_,nu10)*g_(2,6_,nu11)*Vec(nu10,q2)*Vec(nu11,q3)*Vec(nu14,q2)
         ^2*Vec(nu15,q2)*Vec(nu15,q3)*p4.p4^2*d^-1*xiw^3*xiz*ufoGC58^2*
         ufoGC69^2
          - 1/2*g_(1,6_,nu10)*g_(2,6_,nu11)*Vec(nu10,q2)*Vec(nu11,q3)*Vec(nu14
         ,q2)^2*Vec(nu15,q3)^2*p4.p4^2*d^-1*xiw^3*xiz*ufoGC58^2*ufoGC69^2
          - g_(1,6_,nu10)*g_(2,6_,nu11)*Vec(nu10,q2)*Vec(nu11,q3)*Vec(nu14,q2)
         *Vec(nu14,q3)*Vec(nu15,q2)^2*p4.p4^2*d^-1*xiw^3*xiz*ufoGC58^2*
         ufoGC69^2
          - 2*g_(1,6_,nu10)*g_(2,6_,nu11)*Vec(nu10,q2)*Vec(nu11,q3)*Vec(nu14,
         q2)*Vec(nu14,q3)*Vec(nu15,q2)*Vec(nu15,q3)*p4.p4^2*d^-1*xiw^3*xiz*
         ufoGC58^2*ufoGC69^2
          - g_(1,6_,nu10)*g_(2,6_,nu11)*Vec(nu10,q2)*Vec(nu11,q3)*Vec(nu14,q2)
         *Vec(nu14,q3)*Vec(nu15,q3)^2*p4.p4^2*d^-1*xiw^3*xiz*ufoGC58^2*
         ufoGC69^2
          - 1/2*g_(1,6_,nu10)*g_(2,6_,nu11)*Vec(nu10,q2)*Vec(nu11,q3)*Vec(nu14
         ,q3)^2*Vec(nu15,q2)^2*p4.p4^2*d^-1*xiw^3*xiz*ufoGC58^2*ufoGC69^2
          - g_(1,6_,nu10)*g_(2,6_,nu11)*Vec(nu10,q2)*Vec(nu11,q3)*Vec(nu14,q3)
         ^2*Vec(nu15,q2)*Vec(nu15,q3)*p4.p4^2*d^-1*xiw^3*xiz*ufoGC58^2*
         ufoGC69^2
          - 1/2*g_(1,6_,nu10)*g_(2,6_,nu11)*Vec(nu10,q2)*Vec(nu11,q3)*Vec(nu14
         ,q3)^2*Vec(nu15,q3)^2*p4.p4^2*d^-1*xiw^3*xiz*ufoGC58^2*ufoGC69^2
          - 1/4*g_(1,6_,nu10)*g_(2,6_,nu11)*Vec(nu10,q3)*Vec(nu11,q2)*Vec(nu9,
         q2)^2*Vec(nu12,q2)^2*p4.p4^2*xiw^3*xiz*ufoGC58^2*ufoGC69^2
          - 1/4*g_(1,6_,nu10)*g_(2,6_,nu11)*Vec(nu10,q3)*Vec(nu11,q2)*Vec(nu9,
         q2)^2*Vec(nu12,q2)^2*Vec(nu14,q2)^2*p4.p4*d^-1*xiw^3*xiz*ufoGC58^2*
         ufoGC69^2
          - 1/2*g_(1,6_,nu10)*g_(2,6_,nu11)*Vec(nu10,q3)*Vec(nu11,q2)*Vec(nu9,
         q2)^2*Vec(nu12,q2)^2*Vec(nu14,q2)*Vec(nu14,q3)*p4.p4*d^-1*xiw^3*xiz*
         ufoGC58^2*ufoGC69^2
          - 1/4*g_(1,6_,nu10)*g_(2,6_,nu11)*Vec(nu10,q3)*Vec(nu11,q2)*Vec(nu9,
         q2)^2*Vec(nu12,q2)^2*Vec(nu14,q3)^2*p4.p4*d^-1*xiw^3*xiz*ufoGC58^2*
         ufoGC69^2
          - 1/2*g_(1,6_,nu10)*g_(2,6_,nu11)*Vec(nu10,q3)*Vec(nu11,q2)*Vec(nu9,
         q2)^2*Vec(nu12,q2)*Vec(nu12,q3)*p4.p4^2*xiw^3*xiz*ufoGC58^2*ufoGC69^2
          - 1/2*g_(1,6_,nu10)*g_(2,6_,nu11)*Vec(nu10,q3)*Vec(nu11,q2)*Vec(nu9,
         q2)^2*Vec(nu12,q2)*Vec(nu12,q3)*Vec(nu14,q2)^2*p4.p4*d^-1*xiw^3*xiz*
         ufoGC58^2*ufoGC69^2
          - g_(1,6_,nu10)*g_(2,6_,nu11)*Vec(nu10,q3)*Vec(nu11,q2)*Vec(nu9,q2)^
         2*Vec(nu12,q2)*Vec(nu12,q3)*Vec(nu14,q2)*Vec(nu14,q3)*p4.p4*d^-1*
         xiw^3*xiz*ufoGC58^2*ufoGC69^2
          - 1/2*g_(1,6_,nu10)*g_(2,6_,nu11)*Vec(nu10,q3)*Vec(nu11,q2)*Vec(nu9,
         q2)^2*Vec(nu12,q2)*Vec(nu12,q3)*Vec(nu14,q3)^2*p4.p4*d^-1*xiw^3*xiz*
         ufoGC58^2*ufoGC69^2
          - 1/4*g_(1,6_,nu10)*g_(2,6_,nu11)*Vec(nu10,q3)*Vec(nu11,q2)*Vec(nu9,
         q2)^2*Vec(nu12,q3)^2*p4.p4^2*xiw^3*xiz*ufoGC58^2*ufoGC69^2
          - 1/4*g_(1,6_,nu10)*g_(2,6_,nu11)*Vec(nu10,q3)*Vec(nu11,q2)*Vec(nu9,
         q2)^2*Vec(nu12,q3)^2*Vec(nu14,q2)^2*p4.p4*d^-1*xiw^3*xiz*ufoGC58^2*
         ufoGC69^2
          - 1/2*g_(1,6_,nu10)*g_(2,6_,nu11)*Vec(nu10,q3)*Vec(nu11,q2)*Vec(nu9,
         q2)^2*Vec(nu12,q3)^2*Vec(nu14,q2)*Vec(nu14,q3)*p4.p4*d^-1*xiw^3*xiz*
         ufoGC58^2*ufoGC69^2
          - 1/4*g_(1,6_,nu10)*g_(2,6_,nu11)*Vec(nu10,q3)*Vec(nu11,q2)*Vec(nu9,
         q2)^2*Vec(nu12,q3)^2*Vec(nu14,q3)^2*p4.p4*d^-1*xiw^3*xiz*ufoGC58^2*
         ufoGC69^2
          + 1/4*g_(1,6_,nu10)*g_(2,6_,nu11)*Vec(nu10,q3)*Vec(nu11,q2)*Vec(nu9,
         q2)^2*Vec(nu13,q2)^2*p4.p4^2*xiw^3*xiz*ufoGC58^2*ufoGC69^2
          - 1/2*g_(1,6_,nu10)*g_(2,6_,nu11)*Vec(nu10,q3)*Vec(nu11,q2)*Vec(nu9,
         q2)^2*Vec(nu13,q2)^2*p4.p4^2*d^-1*xiw^3*xiz*ufoGC58^2*ufoGC69^2
          - 1/4*g_(1,6_,nu10)*g_(2,6_,nu11)*Vec(nu10,q3)*Vec(nu11,q2)*Vec(nu9,
         q2)^2*Vec(nu13,q2)^2*Vec(nu14,q2)^2*p4.p4*d^-1*xiw^3*xiz*ufoGC58^2*
         ufoGC69^2
          - 1/2*g_(1,6_,nu10)*g_(2,6_,nu11)*Vec(nu10,q3)*Vec(nu11,q2)*Vec(nu9,
         q2)^2*Vec(nu13,q2)^2*Vec(nu14,q2)*Vec(nu14,q3)*p4.p4*d^-1*xiw^3*xiz*
         ufoGC58^2*ufoGC69^2
          - 1/4*g_(1,6_,nu10)*g_(2,6_,nu11)*Vec(nu10,q3)*Vec(nu11,q2)*Vec(nu9,
         q2)^2*Vec(nu13,q2)^2*Vec(nu14,q3)^2*p4.p4*d^-1*xiw^3*xiz*ufoGC58^2*
         ufoGC69^2
          + 1/2*g_(1,6_,nu10)*g_(2,6_,nu11)*Vec(nu10,q3)*Vec(nu11,q2)*Vec(nu9,
         q2)^2*Vec(nu13,q2)^2*Vec(nu15,q2)^2*p4.p4*d^-1*xiw^3*xiz*ufoGC58^2*
         ufoGC69^2
          + g_(1,6_,nu10)*g_(2,6_,nu11)*Vec(nu10,q3)*Vec(nu11,q2)*Vec(nu9,q2)^
         2*Vec(nu13,q2)^2*Vec(nu15,q2)*Vec(nu15,q3)*p4.p4*d^-1*xiw^3*xiz*
         ufoGC58^2*ufoGC69^2
          + 1/2*g_(1,6_,nu10)*g_(2,6_,nu11)*Vec(nu10,q3)*Vec(nu11,q2)*Vec(nu9,
         q2)^2*Vec(nu13,q2)^2*Vec(nu15,q3)^2*p4.p4*d^-1*xiw^3*xiz*ufoGC58^2*
         ufoGC69^2
          + 1/2*g_(1,6_,nu10)*g_(2,6_,nu11)*Vec(nu10,q3)*Vec(nu11,q2)*Vec(nu9,
         q2)^2*Vec(nu13,q2)*Vec(nu13,q3)*p4.p4^2*xiw^3*xiz*ufoGC58^2*ufoGC69^2
          - g_(1,6_,nu10)*g_(2,6_,nu11)*Vec(nu10,q3)*Vec(nu11,q2)*Vec(nu9,q2)^
         2*Vec(nu13,q2)*Vec(nu13,q3)*p4.p4^2*d^-1*xiw^3*xiz*ufoGC58^2*
         ufoGC69^2
          - 1/2*g_(1,6_,nu10)*g_(2,6_,nu11)*Vec(nu10,q3)*Vec(nu11,q2)*Vec(nu9,
         q2)^2*Vec(nu13,q2)*Vec(nu13,q3)*Vec(nu14,q2)^2*p4.p4*d^-1*xiw^3*xiz*
         ufoGC58^2*ufoGC69^2
          - g_(1,6_,nu10)*g_(2,6_,nu11)*Vec(nu10,q3)*Vec(nu11,q2)*Vec(nu9,q2)^
         2*Vec(nu13,q2)*Vec(nu13,q3)*Vec(nu14,q2)*Vec(nu14,q3)*p4.p4*d^-1*
         xiw^3*xiz*ufoGC58^2*ufoGC69^2
          - 1/2*g_(1,6_,nu10)*g_(2,6_,nu11)*Vec(nu10,q3)*Vec(nu11,q2)*Vec(nu9,
         q2)^2*Vec(nu13,q2)*Vec(nu13,q3)*Vec(nu14,q3)^2*p4.p4*d^-1*xiw^3*xiz*
         ufoGC58^2*ufoGC69^2
          + g_(1,6_,nu10)*g_(2,6_,nu11)*Vec(nu10,q3)*Vec(nu11,q2)*Vec(nu9,q2)^
         2*Vec(nu13,q2)*Vec(nu13,q3)*Vec(nu15,q2)^2*p4.p4*d^-1*xiw^3*xiz*
         ufoGC58^2*ufoGC69^2
          + 2*g_(1,6_,nu10)*g_(2,6_,nu11)*Vec(nu10,q3)*Vec(nu11,q2)*Vec(nu9,q2
         )^2*Vec(nu13,q2)*Vec(nu13,q3)*Vec(nu15,q2)*Vec(nu15,q3)*p4.p4*d^-1*
         xiw^3*xiz*ufoGC58^2*ufoGC69^2
          + g_(1,6_,nu10)*g_(2,6_,nu11)*Vec(nu10,q3)*Vec(nu11,q2)*Vec(nu9,q2)^
         2*Vec(nu13,q2)*Vec(nu13,q3)*Vec(nu15,q3)^2*p4.p4*d^-1*xiw^3*xiz*
         ufoGC58^2*ufoGC69^2
          + 1/4*g_(1,6_,nu10)*g_(2,6_,nu11)*Vec(nu10,q3)*Vec(nu11,q2)*Vec(nu9,
         q2)^2*Vec(nu13,q3)^2*p4.p4^2*xiw^3*xiz*ufoGC58^2*ufoGC69^2
          - 1/2*g_(1,6_,nu10)*g_(2,6_,nu11)*Vec(nu10,q3)*Vec(nu11,q2)*Vec(nu9,
         q2)^2*Vec(nu13,q3)^2*p4.p4^2*d^-1*xiw^3*xiz*ufoGC58^2*ufoGC69^2
          - 1/4*g_(1,6_,nu10)*g_(2,6_,nu11)*Vec(nu10,q3)*Vec(nu11,q2)*Vec(nu9,
         q2)^2*Vec(nu13,q3)^2*Vec(nu14,q2)^2*p4.p4*d^-1*xiw^3*xiz*ufoGC58^2*
         ufoGC69^2
          - 1/2*g_(1,6_,nu10)*g_(2,6_,nu11)*Vec(nu10,q3)*Vec(nu11,q2)*Vec(nu9,
         q2)^2*Vec(nu13,q3)^2*Vec(nu14,q2)*Vec(nu14,q3)*p4.p4*d^-1*xiw^3*xiz*
         ufoGC58^2*ufoGC69^2
          - 1/4*g_(1,6_,nu10)*g_(2,6_,nu11)*Vec(nu10,q3)*Vec(nu11,q2)*Vec(nu9,
         q2)^2*Vec(nu13,q3)^2*Vec(nu14,q3)^2*p4.p4*d^-1*xiw^3*xiz*ufoGC58^2*
         ufoGC69^2
          + 1/2*g_(1,6_,nu10)*g_(2,6_,nu11)*Vec(nu10,q3)*Vec(nu11,q2)*Vec(nu9,
         q2)^2*Vec(nu13,q3)^2*Vec(nu15,q2)^2*p4.p4*d^-1*xiw^3*xiz*ufoGC58^2*
         ufoGC69^2
          + g_(1,6_,nu10)*g_(2,6_,nu11)*Vec(nu10,q3)*Vec(nu11,q2)*Vec(nu9,q2)^
         2*Vec(nu13,q3)^2*Vec(nu15,q2)*Vec(nu15,q3)*p4.p4*d^-1*xiw^3*xiz*
         ufoGC58^2*ufoGC69^2
          + 1/2*g_(1,6_,nu10)*g_(2,6_,nu11)*Vec(nu10,q3)*Vec(nu11,q2)*Vec(nu9,
         q2)^2*Vec(nu13,q3)^2*Vec(nu15,q3)^2*p4.p4*d^-1*xiw^3*xiz*ufoGC58^2*
         ufoGC69^2
          + 1/2*g_(1,6_,nu10)*g_(2,6_,nu11)*Vec(nu10,q3)*Vec(nu11,q2)*Vec(nu9,
         q2)^2*Vec(nu15,q2)^2*p4.p4^2*d^-1*xiw^3*xiz*ufoGC58^2*ufoGC69^2
          + g_(1,6_,nu10)*g_(2,6_,nu11)*Vec(nu10,q3)*Vec(nu11,q2)*Vec(nu9,q2)^
         2*Vec(nu15,q2)*Vec(nu15,q3)*p4.p4^2*d^-1*xiw^3*xiz*ufoGC58^2*
         ufoGC69^2
          + 1/2*g_(1,6_,nu10)*g_(2,6_,nu11)*Vec(nu10,q3)*Vec(nu11,q2)*Vec(nu9,
         q2)^2*Vec(nu15,q3)^2*p4.p4^2*d^-1*xiw^3*xiz*ufoGC58^2*ufoGC69^2
          - 1/2*g_(1,6_,nu10)*g_(2,6_,nu11)*Vec(nu10,q3)*Vec(nu11,q2)*Vec(nu9,
         q2)*Vec(nu9,q3)*Vec(nu12,q2)^2*p4.p4^2*xiw^3*xiz*ufoGC58^2*ufoGC69^2
          - 1/2*g_(1,6_,nu10)*g_(2,6_,nu11)*Vec(nu10,q3)*Vec(nu11,q2)*Vec(nu9,
         q2)*Vec(nu9,q3)*Vec(nu12,q2)^2*Vec(nu14,q2)^2*p4.p4*d^-1*xiw^3*xiz*
         ufoGC58^2*ufoGC69^2
          - g_(1,6_,nu10)*g_(2,6_,nu11)*Vec(nu10,q3)*Vec(nu11,q2)*Vec(nu9,q2)*
         Vec(nu9,q3)*Vec(nu12,q2)^2*Vec(nu14,q2)*Vec(nu14,q3)*p4.p4*d^-1*xiw^3
         *xiz*ufoGC58^2*ufoGC69^2
          - 1/2*g_(1,6_,nu10)*g_(2,6_,nu11)*Vec(nu10,q3)*Vec(nu11,q2)*Vec(nu9,
         q2)*Vec(nu9,q3)*Vec(nu12,q2)^2*Vec(nu14,q3)^2*p4.p4*d^-1*xiw^3*xiz*
         ufoGC58^2*ufoGC69^2
          - g_(1,6_,nu10)*g_(2,6_,nu11)*Vec(nu10,q3)*Vec(nu11,q2)*Vec(nu9,q2)*
         Vec(nu9,q3)*Vec(nu12,q2)*Vec(nu12,q3)*p4.p4^2*xiw^3*xiz*ufoGC58^2*
         ufoGC69^2
          - g_(1,6_,nu10)*g_(2,6_,nu11)*Vec(nu10,q3)*Vec(nu11,q2)*Vec(nu9,q2)*
         Vec(nu9,q3)*Vec(nu12,q2)*Vec(nu12,q3)*Vec(nu14,q2)^2*p4.p4*d^-1*xiw^3
         *xiz*ufoGC58^2*ufoGC69^2
          - 2*g_(1,6_,nu10)*g_(2,6_,nu11)*Vec(nu10,q3)*Vec(nu11,q2)*Vec(nu9,q2
         )*Vec(nu9,q3)*Vec(nu12,q2)*Vec(nu12,q3)*Vec(nu14,q2)*Vec(nu14,q3)*
         p4.p4*d^-1*xiw^3*xiz*ufoGC58^2*ufoGC69^2
          - g_(1,6_,nu10)*g_(2,6_,nu11)*Vec(nu10,q3)*Vec(nu11,q2)*Vec(nu9,q2)*
         Vec(nu9,q3)*Vec(nu12,q2)*Vec(nu12,q3)*Vec(nu14,q3)^2*p4.p4*d^-1*xiw^3
         *xiz*ufoGC58^2*ufoGC69^2
          - 1/2*g_(1,6_,nu10)*g_(2,6_,nu11)*Vec(nu10,q3)*Vec(nu11,q2)*Vec(nu9,
         q2)*Vec(nu9,q3)*Vec(nu12,q3)^2*p4.p4^2*xiw^3*xiz*ufoGC58^2*ufoGC69^2
          - 1/2*g_(1,6_,nu10)*g_(2,6_,nu11)*Vec(nu10,q3)*Vec(nu11,q2)*Vec(nu9,
         q2)*Vec(nu9,q3)*Vec(nu12,q3)^2*Vec(nu14,q2)^2*p4.p4*d^-1*xiw^3*xiz*
         ufoGC58^2*ufoGC69^2
          - g_(1,6_,nu10)*g_(2,6_,nu11)*Vec(nu10,q3)*Vec(nu11,q2)*Vec(nu9,q2)*
         Vec(nu9,q3)*Vec(nu12,q3)^2*Vec(nu14,q2)*Vec(nu14,q3)*p4.p4*d^-1*xiw^3
         *xiz*ufoGC58^2*ufoGC69^2
          - 1/2*g_(1,6_,nu10)*g_(2,6_,nu11)*Vec(nu10,q3)*Vec(nu11,q2)*Vec(nu9,
         q2)*Vec(nu9,q3)*Vec(nu12,q3)^2*Vec(nu14,q3)^2*p4.p4*d^-1*xiw^3*xiz*
         ufoGC58^2*ufoGC69^2
          + 1/2*g_(1,6_,nu10)*g_(2,6_,nu11)*Vec(nu10,q3)*Vec(nu11,q2)*Vec(nu9,
         q2)*Vec(nu9,q3)*Vec(nu13,q2)^2*p4.p4^2*xiw^3*xiz*ufoGC58^2*ufoGC69^2
          - g_(1,6_,nu10)*g_(2,6_,nu11)*Vec(nu10,q3)*Vec(nu11,q2)*Vec(nu9,q2)*
         Vec(nu9,q3)*Vec(nu13,q2)^2*p4.p4^2*d^-1*xiw^3*xiz*ufoGC58^2*ufoGC69^2
          - 1/2*g_(1,6_,nu10)*g_(2,6_,nu11)*Vec(nu10,q3)*Vec(nu11,q2)*Vec(nu9,
         q2)*Vec(nu9,q3)*Vec(nu13,q2)^2*Vec(nu14,q2)^2*p4.p4*d^-1*xiw^3*xiz*
         ufoGC58^2*ufoGC69^2
          - g_(1,6_,nu10)*g_(2,6_,nu11)*Vec(nu10,q3)*Vec(nu11,q2)*Vec(nu9,q2)*
         Vec(nu9,q3)*Vec(nu13,q2)^2*Vec(nu14,q2)*Vec(nu14,q3)*p4.p4*d^-1*xiw^3
         *xiz*ufoGC58^2*ufoGC69^2
          - 1/2*g_(1,6_,nu10)*g_(2,6_,nu11)*Vec(nu10,q3)*Vec(nu11,q2)*Vec(nu9,
         q2)*Vec(nu9,q3)*Vec(nu13,q2)^2*Vec(nu14,q3)^2*p4.p4*d^-1*xiw^3*xiz*
         ufoGC58^2*ufoGC69^2
          + g_(1,6_,nu10)*g_(2,6_,nu11)*Vec(nu10,q3)*Vec(nu11,q2)*Vec(nu9,q2)*
         Vec(nu9,q3)*Vec(nu13,q2)^2*Vec(nu15,q2)^2*p4.p4*d^-1*xiw^3*xiz*
         ufoGC58^2*ufoGC69^2
          + 2*g_(1,6_,nu10)*g_(2,6_,nu11)*Vec(nu10,q3)*Vec(nu11,q2)*Vec(nu9,q2
         )*Vec(nu9,q3)*Vec(nu13,q2)^2*Vec(nu15,q2)*Vec(nu15,q3)*p4.p4*d^-1*
         xiw^3*xiz*ufoGC58^2*ufoGC69^2
          + g_(1,6_,nu10)*g_(2,6_,nu11)*Vec(nu10,q3)*Vec(nu11,q2)*Vec(nu9,q2)*
         Vec(nu9,q3)*Vec(nu13,q2)^2*Vec(nu15,q3)^2*p4.p4*d^-1*xiw^3*xiz*
         ufoGC58^2*ufoGC69^2
          + g_(1,6_,nu10)*g_(2,6_,nu11)*Vec(nu10,q3)*Vec(nu11,q2)*Vec(nu9,q2)*
         Vec(nu9,q3)*Vec(nu13,q2)*Vec(nu13,q3)*p4.p4^2*xiw^3*xiz*ufoGC58^2*
         ufoGC69^2
          - 2*g_(1,6_,nu10)*g_(2,6_,nu11)*Vec(nu10,q3)*Vec(nu11,q2)*Vec(nu9,q2
         )*Vec(nu9,q3)*Vec(nu13,q2)*Vec(nu13,q3)*p4.p4^2*d^-1*xiw^3*xiz*
         ufoGC58^2*ufoGC69^2
          - g_(1,6_,nu10)*g_(2,6_,nu11)*Vec(nu10,q3)*Vec(nu11,q2)*Vec(nu9,q2)*
         Vec(nu9,q3)*Vec(nu13,q2)*Vec(nu13,q3)*Vec(nu14,q2)^2*p4.p4*d^-1*xiw^3
         *xiz*ufoGC58^2*ufoGC69^2
          - 2*g_(1,6_,nu10)*g_(2,6_,nu11)*Vec(nu10,q3)*Vec(nu11,q2)*Vec(nu9,q2
         )*Vec(nu9,q3)*Vec(nu13,q2)*Vec(nu13,q3)*Vec(nu14,q2)*Vec(nu14,q3)*
         p4.p4*d^-1*xiw^3*xiz*ufoGC58^2*ufoGC69^2
          - g_(1,6_,nu10)*g_(2,6_,nu11)*Vec(nu10,q3)*Vec(nu11,q2)*Vec(nu9,q2)*
         Vec(nu9,q3)*Vec(nu13,q2)*Vec(nu13,q3)*Vec(nu14,q3)^2*p4.p4*d^-1*xiw^3
         *xiz*ufoGC58^2*ufoGC69^2
          + 2*g_(1,6_,nu10)*g_(2,6_,nu11)*Vec(nu10,q3)*Vec(nu11,q2)*Vec(nu9,q2
         )*Vec(nu9,q3)*Vec(nu13,q2)*Vec(nu13,q3)*Vec(nu15,q2)^2*p4.p4*d^-1*
         xiw^3*xiz*ufoGC58^2*ufoGC69^2
          + 4*g_(1,6_,nu10)*g_(2,6_,nu11)*Vec(nu10,q3)*Vec(nu11,q2)*Vec(nu9,q2
         )*Vec(nu9,q3)*Vec(nu13,q2)*Vec(nu13,q3)*Vec(nu15,q2)*Vec(nu15,q3)*
         p4.p4*d^-1*xiw^3*xiz*ufoGC58^2*ufoGC69^2
          + 2*g_(1,6_,nu10)*g_(2,6_,nu11)*Vec(nu10,q3)*Vec(nu11,q2)*Vec(nu9,q2
         )*Vec(nu9,q3)*Vec(nu13,q2)*Vec(nu13,q3)*Vec(nu15,q3)^2*p4.p4*d^-1*
         xiw^3*xiz*ufoGC58^2*ufoGC69^2
          + 1/2*g_(1,6_,nu10)*g_(2,6_,nu11)*Vec(nu10,q3)*Vec(nu11,q2)*Vec(nu9,
         q2)*Vec(nu9,q3)*Vec(nu13,q3)^2*p4.p4^2*xiw^3*xiz*ufoGC58^2*ufoGC69^2
          - g_(1,6_,nu10)*g_(2,6_,nu11)*Vec(nu10,q3)*Vec(nu11,q2)*Vec(nu9,q2)*
         Vec(nu9,q3)*Vec(nu13,q3)^2*p4.p4^2*d^-1*xiw^3*xiz*ufoGC58^2*ufoGC69^2
          - 1/2*g_(1,6_,nu10)*g_(2,6_,nu11)*Vec(nu10,q3)*Vec(nu11,q2)*Vec(nu9,
         q2)*Vec(nu9,q3)*Vec(nu13,q3)^2*Vec(nu14,q2)^2*p4.p4*d^-1*xiw^3*xiz*
         ufoGC58^2*ufoGC69^2
          - g_(1,6_,nu10)*g_(2,6_,nu11)*Vec(nu10,q3)*Vec(nu11,q2)*Vec(nu9,q2)*
         Vec(nu9,q3)*Vec(nu13,q3)^2*Vec(nu14,q2)*Vec(nu14,q3)*p4.p4*d^-1*xiw^3
         *xiz*ufoGC58^2*ufoGC69^2
          - 1/2*g_(1,6_,nu10)*g_(2,6_,nu11)*Vec(nu10,q3)*Vec(nu11,q2)*Vec(nu9,
         q2)*Vec(nu9,q3)*Vec(nu13,q3)^2*Vec(nu14,q3)^2*p4.p4*d^-1*xiw^3*xiz*
         ufoGC58^2*ufoGC69^2
          + g_(1,6_,nu10)*g_(2,6_,nu11)*Vec(nu10,q3)*Vec(nu11,q2)*Vec(nu9,q2)*
         Vec(nu9,q3)*Vec(nu13,q3)^2*Vec(nu15,q2)^2*p4.p4*d^-1*xiw^3*xiz*
         ufoGC58^2*ufoGC69^2
          + 2*g_(1,6_,nu10)*g_(2,6_,nu11)*Vec(nu10,q3)*Vec(nu11,q2)*Vec(nu9,q2
         )*Vec(nu9,q3)*Vec(nu13,q3)^2*Vec(nu15,q2)*Vec(nu15,q3)*p4.p4*d^-1*
         xiw^3*xiz*ufoGC58^2*ufoGC69^2
          + g_(1,6_,nu10)*g_(2,6_,nu11)*Vec(nu10,q3)*Vec(nu11,q2)*Vec(nu9,q2)*
         Vec(nu9,q3)*Vec(nu13,q3)^2*Vec(nu15,q3)^2*p4.p4*d^-1*xiw^3*xiz*
         ufoGC58^2*ufoGC69^2
          + g_(1,6_,nu10)*g_(2,6_,nu11)*Vec(nu10,q3)*Vec(nu11,q2)*Vec(nu9,q2)*
         Vec(nu9,q3)*Vec(nu15,q2)^2*p4.p4^2*d^-1*xiw^3*xiz*ufoGC58^2*ufoGC69^2
          + 2*g_(1,6_,nu10)*g_(2,6_,nu11)*Vec(nu10,q3)*Vec(nu11,q2)*Vec(nu9,q2
         )*Vec(nu9,q3)*Vec(nu15,q2)*Vec(nu15,q3)*p4.p4^2*d^-1*xiw^3*xiz*
         ufoGC58^2*ufoGC69^2
          + g_(1,6_,nu10)*g_(2,6_,nu11)*Vec(nu10,q3)*Vec(nu11,q2)*Vec(nu9,q2)*
         Vec(nu9,q3)*Vec(nu15,q3)^2*p4.p4^2*d^-1*xiw^3*xiz*ufoGC58^2*ufoGC69^2
          - 1/4*g_(1,6_,nu10)*g_(2,6_,nu11)*Vec(nu10,q3)*Vec(nu11,q2)*Vec(nu9,
         q3)^2*Vec(nu12,q2)^2*p4.p4^2*xiw^3*xiz*ufoGC58^2*ufoGC69^2
          - 1/4*g_(1,6_,nu10)*g_(2,6_,nu11)*Vec(nu10,q3)*Vec(nu11,q2)*Vec(nu9,
         q3)^2*Vec(nu12,q2)^2*Vec(nu14,q2)^2*p4.p4*d^-1*xiw^3*xiz*ufoGC58^2*
         ufoGC69^2
          - 1/2*g_(1,6_,nu10)*g_(2,6_,nu11)*Vec(nu10,q3)*Vec(nu11,q2)*Vec(nu9,
         q3)^2*Vec(nu12,q2)^2*Vec(nu14,q2)*Vec(nu14,q3)*p4.p4*d^-1*xiw^3*xiz*
         ufoGC58^2*ufoGC69^2
          - 1/4*g_(1,6_,nu10)*g_(2,6_,nu11)*Vec(nu10,q3)*Vec(nu11,q2)*Vec(nu9,
         q3)^2*Vec(nu12,q2)^2*Vec(nu14,q3)^2*p4.p4*d^-1*xiw^3*xiz*ufoGC58^2*
         ufoGC69^2
          - 1/2*g_(1,6_,nu10)*g_(2,6_,nu11)*Vec(nu10,q3)*Vec(nu11,q2)*Vec(nu9,
         q3)^2*Vec(nu12,q2)*Vec(nu12,q3)*p4.p4^2*xiw^3*xiz*ufoGC58^2*ufoGC69^2
          - 1/2*g_(1,6_,nu10)*g_(2,6_,nu11)*Vec(nu10,q3)*Vec(nu11,q2)*Vec(nu9,
         q3)^2*Vec(nu12,q2)*Vec(nu12,q3)*Vec(nu14,q2)^2*p4.p4*d^-1*xiw^3*xiz*
         ufoGC58^2*ufoGC69^2
          - g_(1,6_,nu10)*g_(2,6_,nu11)*Vec(nu10,q3)*Vec(nu11,q2)*Vec(nu9,q3)^
         2*Vec(nu12,q2)*Vec(nu12,q3)*Vec(nu14,q2)*Vec(nu14,q3)*p4.p4*d^-1*
         xiw^3*xiz*ufoGC58^2*ufoGC69^2
          - 1/2*g_(1,6_,nu10)*g_(2,6_,nu11)*Vec(nu10,q3)*Vec(nu11,q2)*Vec(nu9,
         q3)^2*Vec(nu12,q2)*Vec(nu12,q3)*Vec(nu14,q3)^2*p4.p4*d^-1*xiw^3*xiz*
         ufoGC58^2*ufoGC69^2
          - 1/4*g_(1,6_,nu10)*g_(2,6_,nu11)*Vec(nu10,q3)*Vec(nu11,q2)*Vec(nu9,
         q3)^2*Vec(nu12,q3)^2*p4.p4^2*xiw^3*xiz*ufoGC58^2*ufoGC69^2
          - 1/4*g_(1,6_,nu10)*g_(2,6_,nu11)*Vec(nu10,q3)*Vec(nu11,q2)*Vec(nu9,
         q3)^2*Vec(nu12,q3)^2*Vec(nu14,q2)^2*p4.p4*d^-1*xiw^3*xiz*ufoGC58^2*
         ufoGC69^2
          - 1/2*g_(1,6_,nu10)*g_(2,6_,nu11)*Vec(nu10,q3)*Vec(nu11,q2)*Vec(nu9,
         q3)^2*Vec(nu12,q3)^2*Vec(nu14,q2)*Vec(nu14,q3)*p4.p4*d^-1*xiw^3*xiz*
         ufoGC58^2*ufoGC69^2
          - 1/4*g_(1,6_,nu10)*g_(2,6_,nu11)*Vec(nu10,q3)*Vec(nu11,q2)*Vec(nu9,
         q3)^2*Vec(nu12,q3)^2*Vec(nu14,q3)^2*p4.p4*d^-1*xiw^3*xiz*ufoGC58^2*
         ufoGC69^2
          + 1/4*g_(1,6_,nu10)*g_(2,6_,nu11)*Vec(nu10,q3)*Vec(nu11,q2)*Vec(nu9,
         q3)^2*Vec(nu13,q2)^2*p4.p4^2*xiw^3*xiz*ufoGC58^2*ufoGC69^2
          - 1/2*g_(1,6_,nu10)*g_(2,6_,nu11)*Vec(nu10,q3)*Vec(nu11,q2)*Vec(nu9,
         q3)^2*Vec(nu13,q2)^2*p4.p4^2*d^-1*xiw^3*xiz*ufoGC58^2*ufoGC69^2
          - 1/4*g_(1,6_,nu10)*g_(2,6_,nu11)*Vec(nu10,q3)*Vec(nu11,q2)*Vec(nu9,
         q3)^2*Vec(nu13,q2)^2*Vec(nu14,q2)^2*p4.p4*d^-1*xiw^3*xiz*ufoGC58^2*
         ufoGC69^2
          - 1/2*g_(1,6_,nu10)*g_(2,6_,nu11)*Vec(nu10,q3)*Vec(nu11,q2)*Vec(nu9,
         q3)^2*Vec(nu13,q2)^2*Vec(nu14,q2)*Vec(nu14,q3)*p4.p4*d^-1*xiw^3*xiz*
         ufoGC58^2*ufoGC69^2
          - 1/4*g_(1,6_,nu10)*g_(2,6_,nu11)*Vec(nu10,q3)*Vec(nu11,q2)*Vec(nu9,
         q3)^2*Vec(nu13,q2)^2*Vec(nu14,q3)^2*p4.p4*d^-1*xiw^3*xiz*ufoGC58^2*
         ufoGC69^2
          + 1/2*g_(1,6_,nu10)*g_(2,6_,nu11)*Vec(nu10,q3)*Vec(nu11,q2)*Vec(nu9,
         q3)^2*Vec(nu13,q2)^2*Vec(nu15,q2)^2*p4.p4*d^-1*xiw^3*xiz*ufoGC58^2*
         ufoGC69^2
          + g_(1,6_,nu10)*g_(2,6_,nu11)*Vec(nu10,q3)*Vec(nu11,q2)*Vec(nu9,q3)^
         2*Vec(nu13,q2)^2*Vec(nu15,q2)*Vec(nu15,q3)*p4.p4*d^-1*xiw^3*xiz*
         ufoGC58^2*ufoGC69^2
          + 1/2*g_(1,6_,nu10)*g_(2,6_,nu11)*Vec(nu10,q3)*Vec(nu11,q2)*Vec(nu9,
         q3)^2*Vec(nu13,q2)^2*Vec(nu15,q3)^2*p4.p4*d^-1*xiw^3*xiz*ufoGC58^2*
         ufoGC69^2
          + 1/2*g_(1,6_,nu10)*g_(2,6_,nu11)*Vec(nu10,q3)*Vec(nu11,q2)*Vec(nu9,
         q3)^2*Vec(nu13,q2)*Vec(nu13,q3)*p4.p4^2*xiw^3*xiz*ufoGC58^2*ufoGC69^2
          - g_(1,6_,nu10)*g_(2,6_,nu11)*Vec(nu10,q3)*Vec(nu11,q2)*Vec(nu9,q3)^
         2*Vec(nu13,q2)*Vec(nu13,q3)*p4.p4^2*d^-1*xiw^3*xiz*ufoGC58^2*
         ufoGC69^2
          - 1/2*g_(1,6_,nu10)*g_(2,6_,nu11)*Vec(nu10,q3)*Vec(nu11,q2)*Vec(nu9,
         q3)^2*Vec(nu13,q2)*Vec(nu13,q3)*Vec(nu14,q2)^2*p4.p4*d^-1*xiw^3*xiz*
         ufoGC58^2*ufoGC69^2
          - g_(1,6_,nu10)*g_(2,6_,nu11)*Vec(nu10,q3)*Vec(nu11,q2)*Vec(nu9,q3)^
         2*Vec(nu13,q2)*Vec(nu13,q3)*Vec(nu14,q2)*Vec(nu14,q3)*p4.p4*d^-1*
         xiw^3*xiz*ufoGC58^2*ufoGC69^2
          - 1/2*g_(1,6_,nu10)*g_(2,6_,nu11)*Vec(nu10,q3)*Vec(nu11,q2)*Vec(nu9,
         q3)^2*Vec(nu13,q2)*Vec(nu13,q3)*Vec(nu14,q3)^2*p4.p4*d^-1*xiw^3*xiz*
         ufoGC58^2*ufoGC69^2
          + g_(1,6_,nu10)*g_(2,6_,nu11)*Vec(nu10,q3)*Vec(nu11,q2)*Vec(nu9,q3)^
         2*Vec(nu13,q2)*Vec(nu13,q3)*Vec(nu15,q2)^2*p4.p4*d^-1*xiw^3*xiz*
         ufoGC58^2*ufoGC69^2
          + 2*g_(1,6_,nu10)*g_(2,6_,nu11)*Vec(nu10,q3)*Vec(nu11,q2)*Vec(nu9,q3
         )^2*Vec(nu13,q2)*Vec(nu13,q3)*Vec(nu15,q2)*Vec(nu15,q3)*p4.p4*d^-1*
         xiw^3*xiz*ufoGC58^2*ufoGC69^2
          + g_(1,6_,nu10)*g_(2,6_,nu11)*Vec(nu10,q3)*Vec(nu11,q2)*Vec(nu9,q3)^
         2*Vec(nu13,q2)*Vec(nu13,q3)*Vec(nu15,q3)^2*p4.p4*d^-1*xiw^3*xiz*
         ufoGC58^2*ufoGC69^2
          + 1/4*g_(1,6_,nu10)*g_(2,6_,nu11)*Vec(nu10,q3)*Vec(nu11,q2)*Vec(nu9,
         q3)^2*Vec(nu13,q3)^2*p4.p4^2*xiw^3*xiz*ufoGC58^2*ufoGC69^2
          - 1/2*g_(1,6_,nu10)*g_(2,6_,nu11)*Vec(nu10,q3)*Vec(nu11,q2)*Vec(nu9,
         q3)^2*Vec(nu13,q3)^2*p4.p4^2*d^-1*xiw^3*xiz*ufoGC58^2*ufoGC69^2
          - 1/4*g_(1,6_,nu10)*g_(2,6_,nu11)*Vec(nu10,q3)*Vec(nu11,q2)*Vec(nu9,
         q3)^2*Vec(nu13,q3)^2*Vec(nu14,q2)^2*p4.p4*d^-1*xiw^3*xiz*ufoGC58^2*
         ufoGC69^2
          - 1/2*g_(1,6_,nu10)*g_(2,6_,nu11)*Vec(nu10,q3)*Vec(nu11,q2)*Vec(nu9,
         q3)^2*Vec(nu13,q3)^2*Vec(nu14,q2)*Vec(nu14,q3)*p4.p4*d^-1*xiw^3*xiz*
         ufoGC58^2*ufoGC69^2
          - 1/4*g_(1,6_,nu10)*g_(2,6_,nu11)*Vec(nu10,q3)*Vec(nu11,q2)*Vec(nu9,
         q3)^2*Vec(nu13,q3)^2*Vec(nu14,q3)^2*p4.p4*d^-1*xiw^3*xiz*ufoGC58^2*
         ufoGC69^2
          + 1/2*g_(1,6_,nu10)*g_(2,6_,nu11)*Vec(nu10,q3)*Vec(nu11,q2)*Vec(nu9,
         q3)^2*Vec(nu13,q3)^2*Vec(nu15,q2)^2*p4.p4*d^-1*xiw^3*xiz*ufoGC58^2*
         ufoGC69^2
          + g_(1,6_,nu10)*g_(2,6_,nu11)*Vec(nu10,q3)*Vec(nu11,q2)*Vec(nu9,q3)^
         2*Vec(nu13,q3)^2*Vec(nu15,q2)*Vec(nu15,q3)*p4.p4*d^-1*xiw^3*xiz*
         ufoGC58^2*ufoGC69^2
          + 1/2*g_(1,6_,nu10)*g_(2,6_,nu11)*Vec(nu10,q3)*Vec(nu11,q2)*Vec(nu9,
         q3)^2*Vec(nu13,q3)^2*Vec(nu15,q3)^2*p4.p4*d^-1*xiw^3*xiz*ufoGC58^2*
         ufoGC69^2
          + 1/2*g_(1,6_,nu10)*g_(2,6_,nu11)*Vec(nu10,q3)*Vec(nu11,q2)*Vec(nu9,
         q3)^2*Vec(nu15,q2)^2*p4.p4^2*d^-1*xiw^3*xiz*ufoGC58^2*ufoGC69^2
          + g_(1,6_,nu10)*g_(2,6_,nu11)*Vec(nu10,q3)*Vec(nu11,q2)*Vec(nu9,q3)^
         2*Vec(nu15,q2)*Vec(nu15,q3)*p4.p4^2*d^-1*xiw^3*xiz*ufoGC58^2*
         ufoGC69^2
          + 1/2*g_(1,6_,nu10)*g_(2,6_,nu11)*Vec(nu10,q3)*Vec(nu11,q2)*Vec(nu9,
         q3)^2*Vec(nu15,q3)^2*p4.p4^2*d^-1*xiw^3*xiz*ufoGC58^2*ufoGC69^2
          - 1/2*g_(1,6_,nu10)*g_(2,6_,nu11)*Vec(nu10,q3)*Vec(nu11,q2)*Vec(nu12
         ,q2)^2*p4.p4^3*d^-1*xiw^3*xiz*ufoGC58^2*ufoGC69^2
          - g_(1,6_,nu10)*g_(2,6_,nu11)*Vec(nu10,q3)*Vec(nu11,q2)*Vec(nu12,q2)
         ^2*Vec(nu13,q2)^2*p4.p4^2*d^-1*xiw^3*xiz*ufoGC58^2*ufoGC69^2
          - 2*g_(1,6_,nu10)*g_(2,6_,nu11)*Vec(nu10,q3)*Vec(nu11,q2)*Vec(nu12,
         q2)^2*Vec(nu13,q2)*Vec(nu13,q3)*p4.p4^2*d^-1*xiw^3*xiz*ufoGC58^2*
         ufoGC69^2
          - g_(1,6_,nu10)*g_(2,6_,nu11)*Vec(nu10,q3)*Vec(nu11,q2)*Vec(nu12,q2)
         ^2*Vec(nu13,q3)^2*p4.p4^2*d^-1*xiw^3*xiz*ufoGC58^2*ufoGC69^2
          + 1/4*g_(1,6_,nu10)*g_(2,6_,nu11)*Vec(nu10,q3)*Vec(nu11,q2)*Vec(nu12
         ,q2)^2*Vec(nu14,q2)^2*p4.p4^2*xiw^3*xiz*ufoGC58^2*ufoGC69^2
          - 1/4*g_(1,6_,nu10)*g_(2,6_,nu11)*Vec(nu10,q3)*Vec(nu11,q2)*Vec(nu12
         ,q2)^2*Vec(nu14,q2)^2*p4.p4^2*d^-1*xiw^3*xiz*ufoGC58^2*ufoGC69^2
          + 1/4*g_(1,6_,nu10)*g_(2,6_,nu11)*Vec(nu10,q3)*Vec(nu11,q2)*Vec(nu12
         ,q2)^2*Vec(nu14,q2)^2*Vec(nu16,q2)^2*p4.p4*d^-1*xiw^3*xiz*ufoGC58^2*
         ufoGC69^2
          + 1/2*g_(1,6_,nu10)*g_(2,6_,nu11)*Vec(nu10,q3)*Vec(nu11,q2)*Vec(nu12
         ,q2)^2*Vec(nu14,q2)^2*Vec(nu16,q2)*Vec(nu16,q3)*p4.p4*d^-1*xiw^3*xiz*
         ufoGC58^2*ufoGC69^2
          + 1/4*g_(1,6_,nu10)*g_(2,6_,nu11)*Vec(nu10,q3)*Vec(nu11,q2)*Vec(nu12
         ,q2)^2*Vec(nu14,q2)^2*Vec(nu16,q3)^2*p4.p4*d^-1*xiw^3*xiz*ufoGC58^2*
         ufoGC69^2
          + 1/2*g_(1,6_,nu10)*g_(2,6_,nu11)*Vec(nu10,q3)*Vec(nu11,q2)*Vec(nu12
         ,q2)^2*Vec(nu14,q2)*Vec(nu14,q3)*p4.p4^2*xiw^3*xiz*ufoGC58^2*
         ufoGC69^2
          - 1/2*g_(1,6_,nu10)*g_(2,6_,nu11)*Vec(nu10,q3)*Vec(nu11,q2)*Vec(nu12
         ,q2)^2*Vec(nu14,q2)*Vec(nu14,q3)*p4.p4^2*d^-1*xiw^3*xiz*ufoGC58^2*
         ufoGC69^2
          + 1/2*g_(1,6_,nu10)*g_(2,6_,nu11)*Vec(nu10,q3)*Vec(nu11,q2)*Vec(nu12
         ,q2)^2*Vec(nu14,q2)*Vec(nu14,q3)*Vec(nu16,q2)^2*p4.p4*d^-1*xiw^3*xiz*
         ufoGC58^2*ufoGC69^2
          + g_(1,6_,nu10)*g_(2,6_,nu11)*Vec(nu10,q3)*Vec(nu11,q2)*Vec(nu12,q2)
         ^2*Vec(nu14,q2)*Vec(nu14,q3)*Vec(nu16,q2)*Vec(nu16,q3)*p4.p4*d^-1*
         xiw^3*xiz*ufoGC58^2*ufoGC69^2
          + 1/2*g_(1,6_,nu10)*g_(2,6_,nu11)*Vec(nu10,q3)*Vec(nu11,q2)*Vec(nu12
         ,q2)^2*Vec(nu14,q2)*Vec(nu14,q3)*Vec(nu16,q3)^2*p4.p4*d^-1*xiw^3*xiz*
         ufoGC58^2*ufoGC69^2
          + 1/4*g_(1,6_,nu10)*g_(2,6_,nu11)*Vec(nu10,q3)*Vec(nu11,q2)*Vec(nu12
         ,q2)^2*Vec(nu14,q3)^2*p4.p4^2*xiw^3*xiz*ufoGC58^2*ufoGC69^2
          - 1/4*g_(1,6_,nu10)*g_(2,6_,nu11)*Vec(nu10,q3)*Vec(nu11,q2)*Vec(nu12
         ,q2)^2*Vec(nu14,q3)^2*p4.p4^2*d^-1*xiw^3*xiz*ufoGC58^2*ufoGC69^2
          + 1/4*g_(1,6_,nu10)*g_(2,6_,nu11)*Vec(nu10,q3)*Vec(nu11,q2)*Vec(nu12
         ,q2)^2*Vec(nu14,q3)^2*Vec(nu16,q2)^2*p4.p4*d^-1*xiw^3*xiz*ufoGC58^2*
         ufoGC69^2
          + 1/2*g_(1,6_,nu10)*g_(2,6_,nu11)*Vec(nu10,q3)*Vec(nu11,q2)*Vec(nu12
         ,q2)^2*Vec(nu14,q3)^2*Vec(nu16,q2)*Vec(nu16,q3)*p4.p4*d^-1*xiw^3*xiz*
         ufoGC58^2*ufoGC69^2
          + 1/4*g_(1,6_,nu10)*g_(2,6_,nu11)*Vec(nu10,q3)*Vec(nu11,q2)*Vec(nu12
         ,q2)^2*Vec(nu14,q3)^2*Vec(nu16,q3)^2*p4.p4*d^-1*xiw^3*xiz*ufoGC58^2*
         ufoGC69^2
          + 3/4*g_(1,6_,nu10)*g_(2,6_,nu11)*Vec(nu10,q3)*Vec(nu11,q2)*Vec(nu12
         ,q2)^2*Vec(nu16,q2)^2*p4.p4^2*d^-1*xiw^3*xiz*ufoGC58^2*ufoGC69^2
          + 3/2*g_(1,6_,nu10)*g_(2,6_,nu11)*Vec(nu10,q3)*Vec(nu11,q2)*Vec(nu12
         ,q2)^2*Vec(nu16,q2)*Vec(nu16,q3)*p4.p4^2*d^-1*xiw^3*xiz*ufoGC58^2*
         ufoGC69^2
          + 3/4*g_(1,6_,nu10)*g_(2,6_,nu11)*Vec(nu10,q3)*Vec(nu11,q2)*Vec(nu12
         ,q2)^2*Vec(nu16,q3)^2*p4.p4^2*d^-1*xiw^3*xiz*ufoGC58^2*ufoGC69^2
          - g_(1,6_,nu10)*g_(2,6_,nu11)*Vec(nu10,q3)*Vec(nu11,q2)*Vec(nu12,q2)
         *Vec(nu12,q3)*p4.p4^3*d^-1*xiw^3*xiz*ufoGC58^2*ufoGC69^2
          - 2*g_(1,6_,nu10)*g_(2,6_,nu11)*Vec(nu10,q3)*Vec(nu11,q2)*Vec(nu12,
         q2)*Vec(nu12,q3)*Vec(nu13,q2)^2*p4.p4^2*d^-1*xiw^3*xiz*ufoGC58^2*
         ufoGC69^2
          - 4*g_(1,6_,nu10)*g_(2,6_,nu11)*Vec(nu10,q3)*Vec(nu11,q2)*Vec(nu12,
         q2)*Vec(nu12,q3)*Vec(nu13,q2)*Vec(nu13,q3)*p4.p4^2*d^-1*xiw^3*xiz*
         ufoGC58^2*ufoGC69^2
          - 2*g_(1,6_,nu10)*g_(2,6_,nu11)*Vec(nu10,q3)*Vec(nu11,q2)*Vec(nu12,
         q2)*Vec(nu12,q3)*Vec(nu13,q3)^2*p4.p4^2*d^-1*xiw^3*xiz*ufoGC58^2*
         ufoGC69^2
          + 1/2*g_(1,6_,nu10)*g_(2,6_,nu11)*Vec(nu10,q3)*Vec(nu11,q2)*Vec(nu12
         ,q2)*Vec(nu12,q3)*Vec(nu14,q2)^2*p4.p4^2*xiw^3*xiz*ufoGC58^2*
         ufoGC69^2
          - 1/2*g_(1,6_,nu10)*g_(2,6_,nu11)*Vec(nu10,q3)*Vec(nu11,q2)*Vec(nu12
         ,q2)*Vec(nu12,q3)*Vec(nu14,q2)^2*p4.p4^2*d^-1*xiw^3*xiz*ufoGC58^2*
         ufoGC69^2
          + 1/2*g_(1,6_,nu10)*g_(2,6_,nu11)*Vec(nu10,q3)*Vec(nu11,q2)*Vec(nu12
         ,q2)*Vec(nu12,q3)*Vec(nu14,q2)^2*Vec(nu16,q2)^2*p4.p4*d^-1*xiw^3*xiz*
         ufoGC58^2*ufoGC69^2
          + g_(1,6_,nu10)*g_(2,6_,nu11)*Vec(nu10,q3)*Vec(nu11,q2)*Vec(nu12,q2)
         *Vec(nu12,q3)*Vec(nu14,q2)^2*Vec(nu16,q2)*Vec(nu16,q3)*p4.p4*d^-1*
         xiw^3*xiz*ufoGC58^2*ufoGC69^2
          + 1/2*g_(1,6_,nu10)*g_(2,6_,nu11)*Vec(nu10,q3)*Vec(nu11,q2)*Vec(nu12
         ,q2)*Vec(nu12,q3)*Vec(nu14,q2)^2*Vec(nu16,q3)^2*p4.p4*d^-1*xiw^3*xiz*
         ufoGC58^2*ufoGC69^2
          + g_(1,6_,nu10)*g_(2,6_,nu11)*Vec(nu10,q3)*Vec(nu11,q2)*Vec(nu12,q2)
         *Vec(nu12,q3)*Vec(nu14,q2)*Vec(nu14,q3)*p4.p4^2*xiw^3*xiz*ufoGC58^2*
         ufoGC69^2
          - g_(1,6_,nu10)*g_(2,6_,nu11)*Vec(nu10,q3)*Vec(nu11,q2)*Vec(nu12,q2)
         *Vec(nu12,q3)*Vec(nu14,q2)*Vec(nu14,q3)*p4.p4^2*d^-1*xiw^3*xiz*
         ufoGC58^2*ufoGC69^2
          + g_(1,6_,nu10)*g_(2,6_,nu11)*Vec(nu10,q3)*Vec(nu11,q2)*Vec(nu12,q2)
         *Vec(nu12,q3)*Vec(nu14,q2)*Vec(nu14,q3)*Vec(nu16,q2)^2*p4.p4*d^-1*
         xiw^3*xiz*ufoGC58^2*ufoGC69^2
          + 2*g_(1,6_,nu10)*g_(2,6_,nu11)*Vec(nu10,q3)*Vec(nu11,q2)*Vec(nu12,
         q2)*Vec(nu12,q3)*Vec(nu14,q2)*Vec(nu14,q3)*Vec(nu16,q2)*Vec(nu16,q3)*
         p4.p4*d^-1*xiw^3*xiz*ufoGC58^2*ufoGC69^2
          + g_(1,6_,nu10)*g_(2,6_,nu11)*Vec(nu10,q3)*Vec(nu11,q2)*Vec(nu12,q2)
         *Vec(nu12,q3)*Vec(nu14,q2)*Vec(nu14,q3)*Vec(nu16,q3)^2*p4.p4*d^-1*
         xiw^3*xiz*ufoGC58^2*ufoGC69^2
          + 1/2*g_(1,6_,nu10)*g_(2,6_,nu11)*Vec(nu10,q3)*Vec(nu11,q2)*Vec(nu12
         ,q2)*Vec(nu12,q3)*Vec(nu14,q3)^2*p4.p4^2*xiw^3*xiz*ufoGC58^2*
         ufoGC69^2
          - 1/2*g_(1,6_,nu10)*g_(2,6_,nu11)*Vec(nu10,q3)*Vec(nu11,q2)*Vec(nu12
         ,q2)*Vec(nu12,q3)*Vec(nu14,q3)^2*p4.p4^2*d^-1*xiw^3*xiz*ufoGC58^2*
         ufoGC69^2
          + 1/2*g_(1,6_,nu10)*g_(2,6_,nu11)*Vec(nu10,q3)*Vec(nu11,q2)*Vec(nu12
         ,q2)*Vec(nu12,q3)*Vec(nu14,q3)^2*Vec(nu16,q2)^2*p4.p4*d^-1*xiw^3*xiz*
         ufoGC58^2*ufoGC69^2
          + g_(1,6_,nu10)*g_(2,6_,nu11)*Vec(nu10,q3)*Vec(nu11,q2)*Vec(nu12,q2)
         *Vec(nu12,q3)*Vec(nu14,q3)^2*Vec(nu16,q2)*Vec(nu16,q3)*p4.p4*d^-1*
         xiw^3*xiz*ufoGC58^2*ufoGC69^2
          + 1/2*g_(1,6_,nu10)*g_(2,6_,nu11)*Vec(nu10,q3)*Vec(nu11,q2)*Vec(nu12
         ,q2)*Vec(nu12,q3)*Vec(nu14,q3)^2*Vec(nu16,q3)^2*p4.p4*d^-1*xiw^3*xiz*
         ufoGC58^2*ufoGC69^2
          + 3/2*g_(1,6_,nu10)*g_(2,6_,nu11)*Vec(nu10,q3)*Vec(nu11,q2)*Vec(nu12
         ,q2)*Vec(nu12,q3)*Vec(nu16,q2)^2*p4.p4^2*d^-1*xiw^3*xiz*ufoGC58^2*
         ufoGC69^2
          + 3*g_(1,6_,nu10)*g_(2,6_,nu11)*Vec(nu10,q3)*Vec(nu11,q2)*Vec(nu12,
         q2)*Vec(nu12,q3)*Vec(nu16,q2)*Vec(nu16,q3)*p4.p4^2*d^-1*xiw^3*xiz*
         ufoGC58^2*ufoGC69^2
          + 3/2*g_(1,6_,nu10)*g_(2,6_,nu11)*Vec(nu10,q3)*Vec(nu11,q2)*Vec(nu12
         ,q2)*Vec(nu12,q3)*Vec(nu16,q3)^2*p4.p4^2*d^-1*xiw^3*xiz*ufoGC58^2*
         ufoGC69^2
          - 1/2*g_(1,6_,nu10)*g_(2,6_,nu11)*Vec(nu10,q3)*Vec(nu11,q2)*Vec(nu12
         ,q3)^2*p4.p4^3*d^-1*xiw^3*xiz*ufoGC58^2*ufoGC69^2
          - g_(1,6_,nu10)*g_(2,6_,nu11)*Vec(nu10,q3)*Vec(nu11,q2)*Vec(nu12,q3)
         ^2*Vec(nu13,q2)^2*p4.p4^2*d^-1*xiw^3*xiz*ufoGC58^2*ufoGC69^2
          - 2*g_(1,6_,nu10)*g_(2,6_,nu11)*Vec(nu10,q3)*Vec(nu11,q2)*Vec(nu12,
         q3)^2*Vec(nu13,q2)*Vec(nu13,q3)*p4.p4^2*d^-1*xiw^3*xiz*ufoGC58^2*
         ufoGC69^2
          - g_(1,6_,nu10)*g_(2,6_,nu11)*Vec(nu10,q3)*Vec(nu11,q2)*Vec(nu12,q3)
         ^2*Vec(nu13,q3)^2*p4.p4^2*d^-1*xiw^3*xiz*ufoGC58^2*ufoGC69^2
          + 1/4*g_(1,6_,nu10)*g_(2,6_,nu11)*Vec(nu10,q3)*Vec(nu11,q2)*Vec(nu12
         ,q3)^2*Vec(nu14,q2)^2*p4.p4^2*xiw^3*xiz*ufoGC58^2*ufoGC69^2
          - 1/4*g_(1,6_,nu10)*g_(2,6_,nu11)*Vec(nu10,q3)*Vec(nu11,q2)*Vec(nu12
         ,q3)^2*Vec(nu14,q2)^2*p4.p4^2*d^-1*xiw^3*xiz*ufoGC58^2*ufoGC69^2
          + 1/4*g_(1,6_,nu10)*g_(2,6_,nu11)*Vec(nu10,q3)*Vec(nu11,q2)*Vec(nu12
         ,q3)^2*Vec(nu14,q2)^2*Vec(nu16,q2)^2*p4.p4*d^-1*xiw^3*xiz*ufoGC58^2*
         ufoGC69^2
          + 1/2*g_(1,6_,nu10)*g_(2,6_,nu11)*Vec(nu10,q3)*Vec(nu11,q2)*Vec(nu12
         ,q3)^2*Vec(nu14,q2)^2*Vec(nu16,q2)*Vec(nu16,q3)*p4.p4*d^-1*xiw^3*xiz*
         ufoGC58^2*ufoGC69^2
          + 1/4*g_(1,6_,nu10)*g_(2,6_,nu11)*Vec(nu10,q3)*Vec(nu11,q2)*Vec(nu12
         ,q3)^2*Vec(nu14,q2)^2*Vec(nu16,q3)^2*p4.p4*d^-1*xiw^3*xiz*ufoGC58^2*
         ufoGC69^2
          + 1/2*g_(1,6_,nu10)*g_(2,6_,nu11)*Vec(nu10,q3)*Vec(nu11,q2)*Vec(nu12
         ,q3)^2*Vec(nu14,q2)*Vec(nu14,q3)*p4.p4^2*xiw^3*xiz*ufoGC58^2*
         ufoGC69^2
          - 1/2*g_(1,6_,nu10)*g_(2,6_,nu11)*Vec(nu10,q3)*Vec(nu11,q2)*Vec(nu12
         ,q3)^2*Vec(nu14,q2)*Vec(nu14,q3)*p4.p4^2*d^-1*xiw^3*xiz*ufoGC58^2*
         ufoGC69^2
          + 1/2*g_(1,6_,nu10)*g_(2,6_,nu11)*Vec(nu10,q3)*Vec(nu11,q2)*Vec(nu12
         ,q3)^2*Vec(nu14,q2)*Vec(nu14,q3)*Vec(nu16,q2)^2*p4.p4*d^-1*xiw^3*xiz*
         ufoGC58^2*ufoGC69^2
          + g_(1,6_,nu10)*g_(2,6_,nu11)*Vec(nu10,q3)*Vec(nu11,q2)*Vec(nu12,q3)
         ^2*Vec(nu14,q2)*Vec(nu14,q3)*Vec(nu16,q2)*Vec(nu16,q3)*p4.p4*d^-1*
         xiw^3*xiz*ufoGC58^2*ufoGC69^2
          + 1/2*g_(1,6_,nu10)*g_(2,6_,nu11)*Vec(nu10,q3)*Vec(nu11,q2)*Vec(nu12
         ,q3)^2*Vec(nu14,q2)*Vec(nu14,q3)*Vec(nu16,q3)^2*p4.p4*d^-1*xiw^3*xiz*
         ufoGC58^2*ufoGC69^2
          + 1/4*g_(1,6_,nu10)*g_(2,6_,nu11)*Vec(nu10,q3)*Vec(nu11,q2)*Vec(nu12
         ,q3)^2*Vec(nu14,q3)^2*p4.p4^2*xiw^3*xiz*ufoGC58^2*ufoGC69^2
          - 1/4*g_(1,6_,nu10)*g_(2,6_,nu11)*Vec(nu10,q3)*Vec(nu11,q2)*Vec(nu12
         ,q3)^2*Vec(nu14,q3)^2*p4.p4^2*d^-1*xiw^3*xiz*ufoGC58^2*ufoGC69^2
          + 1/4*g_(1,6_,nu10)*g_(2,6_,nu11)*Vec(nu10,q3)*Vec(nu11,q2)*Vec(nu12
         ,q3)^2*Vec(nu14,q3)^2*Vec(nu16,q2)^2*p4.p4*d^-1*xiw^3*xiz*ufoGC58^2*
         ufoGC69^2
          + 1/2*g_(1,6_,nu10)*g_(2,6_,nu11)*Vec(nu10,q3)*Vec(nu11,q2)*Vec(nu12
         ,q3)^2*Vec(nu14,q3)^2*Vec(nu16,q2)*Vec(nu16,q3)*p4.p4*d^-1*xiw^3*xiz*
         ufoGC58^2*ufoGC69^2
          + 1/4*g_(1,6_,nu10)*g_(2,6_,nu11)*Vec(nu10,q3)*Vec(nu11,q2)*Vec(nu12
         ,q3)^2*Vec(nu14,q3)^2*Vec(nu16,q3)^2*p4.p4*d^-1*xiw^3*xiz*ufoGC58^2*
         ufoGC69^2
          + 3/4*g_(1,6_,nu10)*g_(2,6_,nu11)*Vec(nu10,q3)*Vec(nu11,q2)*Vec(nu12
         ,q3)^2*Vec(nu16,q2)^2*p4.p4^2*d^-1*xiw^3*xiz*ufoGC58^2*ufoGC69^2
          + 3/2*g_(1,6_,nu10)*g_(2,6_,nu11)*Vec(nu10,q3)*Vec(nu11,q2)*Vec(nu12
         ,q3)^2*Vec(nu16,q2)*Vec(nu16,q3)*p4.p4^2*d^-1*xiw^3*xiz*ufoGC58^2*
         ufoGC69^2
          + 3/4*g_(1,6_,nu10)*g_(2,6_,nu11)*Vec(nu10,q3)*Vec(nu11,q2)*Vec(nu12
         ,q3)^2*Vec(nu16,q3)^2*p4.p4^2*d^-1*xiw^3*xiz*ufoGC58^2*ufoGC69^2
          + 1/2*g_(1,6_,nu10)*g_(2,6_,nu11)*Vec(nu10,q3)*Vec(nu11,q2)*Vec(nu13
         ,q2)^2*p4.p4^3*d^-1*xiw^3*xiz*ufoGC58^2*ufoGC69^2
          - 1/4*g_(1,6_,nu10)*g_(2,6_,nu11)*Vec(nu10,q3)*Vec(nu11,q2)*Vec(nu13
         ,q2)^2*Vec(nu14,q2)^2*p4.p4^2*xiw^3*xiz*ufoGC58^2*ufoGC69^2
          + 5/4*g_(1,6_,nu10)*g_(2,6_,nu11)*Vec(nu10,q3)*Vec(nu11,q2)*Vec(nu13
         ,q2)^2*Vec(nu14,q2)^2*p4.p4^2*d^-1*xiw^3*xiz*ufoGC58^2*ufoGC69^2
          + 1/4*g_(1,6_,nu10)*g_(2,6_,nu11)*Vec(nu10,q3)*Vec(nu11,q2)*Vec(nu13
         ,q2)^2*Vec(nu14,q2)^2*Vec(nu16,q2)^2*p4.p4*d^-1*xiw^3*xiz*ufoGC58^2*
         ufoGC69^2
          + 1/2*g_(1,6_,nu10)*g_(2,6_,nu11)*Vec(nu10,q3)*Vec(nu11,q2)*Vec(nu13
         ,q2)^2*Vec(nu14,q2)^2*Vec(nu16,q2)*Vec(nu16,q3)*p4.p4*d^-1*xiw^3*xiz*
         ufoGC58^2*ufoGC69^2
          + 1/4*g_(1,6_,nu10)*g_(2,6_,nu11)*Vec(nu10,q3)*Vec(nu11,q2)*Vec(nu13
         ,q2)^2*Vec(nu14,q2)^2*Vec(nu16,q3)^2*p4.p4*d^-1*xiw^3*xiz*ufoGC58^2*
         ufoGC69^2
          - 1/2*g_(1,6_,nu10)*g_(2,6_,nu11)*Vec(nu10,q3)*Vec(nu11,q2)*Vec(nu13
         ,q2)^2*Vec(nu14,q2)^2*Vec(nu15,q2)^2*p4.p4*d^-1*xiw^3*xiz*ufoGC58^2*
         ufoGC69^2
          - g_(1,6_,nu10)*g_(2,6_,nu11)*Vec(nu10,q3)*Vec(nu11,q2)*Vec(nu13,q2)
         ^2*Vec(nu14,q2)^2*Vec(nu15,q2)*Vec(nu15,q3)*p4.p4*d^-1*xiw^3*xiz*
         ufoGC58^2*ufoGC69^2
          - 1/2*g_(1,6_,nu10)*g_(2,6_,nu11)*Vec(nu10,q3)*Vec(nu11,q2)*Vec(nu13
         ,q2)^2*Vec(nu14,q2)^2*Vec(nu15,q3)^2*p4.p4*d^-1*xiw^3*xiz*ufoGC58^2*
         ufoGC69^2
          - 1/2*g_(1,6_,nu10)*g_(2,6_,nu11)*Vec(nu10,q3)*Vec(nu11,q2)*Vec(nu13
         ,q2)^2*Vec(nu14,q2)*Vec(nu14,q3)*p4.p4^2*xiw^3*xiz*ufoGC58^2*
         ufoGC69^2
          + 5/2*g_(1,6_,nu10)*g_(2,6_,nu11)*Vec(nu10,q3)*Vec(nu11,q2)*Vec(nu13
         ,q2)^2*Vec(nu14,q2)*Vec(nu14,q3)*p4.p4^2*d^-1*xiw^3*xiz*ufoGC58^2*
         ufoGC69^2
          + 1/2*g_(1,6_,nu10)*g_(2,6_,nu11)*Vec(nu10,q3)*Vec(nu11,q2)*Vec(nu13
         ,q2)^2*Vec(nu14,q2)*Vec(nu14,q3)*Vec(nu16,q2)^2*p4.p4*d^-1*xiw^3*xiz*
         ufoGC58^2*ufoGC69^2
          + g_(1,6_,nu10)*g_(2,6_,nu11)*Vec(nu10,q3)*Vec(nu11,q2)*Vec(nu13,q2)
         ^2*Vec(nu14,q2)*Vec(nu14,q3)*Vec(nu16,q2)*Vec(nu16,q3)*p4.p4*d^-1*
         xiw^3*xiz*ufoGC58^2*ufoGC69^2
          + 1/2*g_(1,6_,nu10)*g_(2,6_,nu11)*Vec(nu10,q3)*Vec(nu11,q2)*Vec(nu13
         ,q2)^2*Vec(nu14,q2)*Vec(nu14,q3)*Vec(nu16,q3)^2*p4.p4*d^-1*xiw^3*xiz*
         ufoGC58^2*ufoGC69^2
          - g_(1,6_,nu10)*g_(2,6_,nu11)*Vec(nu10,q3)*Vec(nu11,q2)*Vec(nu13,q2)
         ^2*Vec(nu14,q2)*Vec(nu14,q3)*Vec(nu15,q2)^2*p4.p4*d^-1*xiw^3*xiz*
         ufoGC58^2*ufoGC69^2
          - 2*g_(1,6_,nu10)*g_(2,6_,nu11)*Vec(nu10,q3)*Vec(nu11,q2)*Vec(nu13,
         q2)^2*Vec(nu14,q2)*Vec(nu14,q3)*Vec(nu15,q2)*Vec(nu15,q3)*p4.p4*d^-1*
         xiw^3*xiz*ufoGC58^2*ufoGC69^2
          - g_(1,6_,nu10)*g_(2,6_,nu11)*Vec(nu10,q3)*Vec(nu11,q2)*Vec(nu13,q2)
         ^2*Vec(nu14,q2)*Vec(nu14,q3)*Vec(nu15,q3)^2*p4.p4*d^-1*xiw^3*xiz*
         ufoGC58^2*ufoGC69^2
          - 1/4*g_(1,6_,nu10)*g_(2,6_,nu11)*Vec(nu10,q3)*Vec(nu11,q2)*Vec(nu13
         ,q2)^2*Vec(nu14,q3)^2*p4.p4^2*xiw^3*xiz*ufoGC58^2*ufoGC69^2
          + 5/4*g_(1,6_,nu10)*g_(2,6_,nu11)*Vec(nu10,q3)*Vec(nu11,q2)*Vec(nu13
         ,q2)^2*Vec(nu14,q3)^2*p4.p4^2*d^-1*xiw^3*xiz*ufoGC58^2*ufoGC69^2
          + 1/4*g_(1,6_,nu10)*g_(2,6_,nu11)*Vec(nu10,q3)*Vec(nu11,q2)*Vec(nu13
         ,q2)^2*Vec(nu14,q3)^2*Vec(nu16,q2)^2*p4.p4*d^-1*xiw^3*xiz*ufoGC58^2*
         ufoGC69^2
          + 1/2*g_(1,6_,nu10)*g_(2,6_,nu11)*Vec(nu10,q3)*Vec(nu11,q2)*Vec(nu13
         ,q2)^2*Vec(nu14,q3)^2*Vec(nu16,q2)*Vec(nu16,q3)*p4.p4*d^-1*xiw^3*xiz*
         ufoGC58^2*ufoGC69^2
          + 1/4*g_(1,6_,nu10)*g_(2,6_,nu11)*Vec(nu10,q3)*Vec(nu11,q2)*Vec(nu13
         ,q2)^2*Vec(nu14,q3)^2*Vec(nu16,q3)^2*p4.p4*d^-1*xiw^3*xiz*ufoGC58^2*
         ufoGC69^2
          - 1/2*g_(1,6_,nu10)*g_(2,6_,nu11)*Vec(nu10,q3)*Vec(nu11,q2)*Vec(nu13
         ,q2)^2*Vec(nu14,q3)^2*Vec(nu15,q2)^2*p4.p4*d^-1*xiw^3*xiz*ufoGC58^2*
         ufoGC69^2
          - g_(1,6_,nu10)*g_(2,6_,nu11)*Vec(nu10,q3)*Vec(nu11,q2)*Vec(nu13,q2)
         ^2*Vec(nu14,q3)^2*Vec(nu15,q2)*Vec(nu15,q3)*p4.p4*d^-1*xiw^3*xiz*
         ufoGC58^2*ufoGC69^2
          - 1/2*g_(1,6_,nu10)*g_(2,6_,nu11)*Vec(nu10,q3)*Vec(nu11,q2)*Vec(nu13
         ,q2)^2*Vec(nu14,q3)^2*Vec(nu15,q3)^2*p4.p4*d^-1*xiw^3*xiz*ufoGC58^2*
         ufoGC69^2
          - 1/4*g_(1,6_,nu10)*g_(2,6_,nu11)*Vec(nu10,q3)*Vec(nu11,q2)*Vec(nu13
         ,q2)^2*Vec(nu16,q2)^2*p4.p4^2*d^-1*xiw^3*xiz*ufoGC58^2*ufoGC69^2
          - 1/2*g_(1,6_,nu10)*g_(2,6_,nu11)*Vec(nu10,q3)*Vec(nu11,q2)*Vec(nu13
         ,q2)^2*Vec(nu16,q2)*Vec(nu16,q3)*p4.p4^2*d^-1*xiw^3*xiz*ufoGC58^2*
         ufoGC69^2
          - 1/4*g_(1,6_,nu10)*g_(2,6_,nu11)*Vec(nu10,q3)*Vec(nu11,q2)*Vec(nu13
         ,q2)^2*Vec(nu16,q3)^2*p4.p4^2*d^-1*xiw^3*xiz*ufoGC58^2*ufoGC69^2
          + g_(1,6_,nu10)*g_(2,6_,nu11)*Vec(nu10,q3)*Vec(nu11,q2)*Vec(nu13,q2)
         *Vec(nu13,q3)*p4.p4^3*d^-1*xiw^3*xiz*ufoGC58^2*ufoGC69^2
          - 1/2*g_(1,6_,nu10)*g_(2,6_,nu11)*Vec(nu10,q3)*Vec(nu11,q2)*Vec(nu13
         ,q2)*Vec(nu13,q3)*Vec(nu14,q2)^2*p4.p4^2*xiw^3*xiz*ufoGC58^2*
         ufoGC69^2
          + 5/2*g_(1,6_,nu10)*g_(2,6_,nu11)*Vec(nu10,q3)*Vec(nu11,q2)*Vec(nu13
         ,q2)*Vec(nu13,q3)*Vec(nu14,q2)^2*p4.p4^2*d^-1*xiw^3*xiz*ufoGC58^2*
         ufoGC69^2
          + 1/2*g_(1,6_,nu10)*g_(2,6_,nu11)*Vec(nu10,q3)*Vec(nu11,q2)*Vec(nu13
         ,q2)*Vec(nu13,q3)*Vec(nu14,q2)^2*Vec(nu16,q2)^2*p4.p4*d^-1*xiw^3*xiz*
         ufoGC58^2*ufoGC69^2
          + g_(1,6_,nu10)*g_(2,6_,nu11)*Vec(nu10,q3)*Vec(nu11,q2)*Vec(nu13,q2)
         *Vec(nu13,q3)*Vec(nu14,q2)^2*Vec(nu16,q2)*Vec(nu16,q3)*p4.p4*d^-1*
         xiw^3*xiz*ufoGC58^2*ufoGC69^2
          + 1/2*g_(1,6_,nu10)*g_(2,6_,nu11)*Vec(nu10,q3)*Vec(nu11,q2)*Vec(nu13
         ,q2)*Vec(nu13,q3)*Vec(nu14,q2)^2*Vec(nu16,q3)^2*p4.p4*d^-1*xiw^3*xiz*
         ufoGC58^2*ufoGC69^2
          - g_(1,6_,nu10)*g_(2,6_,nu11)*Vec(nu10,q3)*Vec(nu11,q2)*Vec(nu13,q2)
         *Vec(nu13,q3)*Vec(nu14,q2)^2*Vec(nu15,q2)^2*p4.p4*d^-1*xiw^3*xiz*
         ufoGC58^2*ufoGC69^2
          - 2*g_(1,6_,nu10)*g_(2,6_,nu11)*Vec(nu10,q3)*Vec(nu11,q2)*Vec(nu13,
         q2)*Vec(nu13,q3)*Vec(nu14,q2)^2*Vec(nu15,q2)*Vec(nu15,q3)*p4.p4*d^-1*
         xiw^3*xiz*ufoGC58^2*ufoGC69^2
          - g_(1,6_,nu10)*g_(2,6_,nu11)*Vec(nu10,q3)*Vec(nu11,q2)*Vec(nu13,q2)
         *Vec(nu13,q3)*Vec(nu14,q2)^2*Vec(nu15,q3)^2*p4.p4*d^-1*xiw^3*xiz*
         ufoGC58^2*ufoGC69^2
          - g_(1,6_,nu10)*g_(2,6_,nu11)*Vec(nu10,q3)*Vec(nu11,q2)*Vec(nu13,q2)
         *Vec(nu13,q3)*Vec(nu14,q2)*Vec(nu14,q3)*p4.p4^2*xiw^3*xiz*ufoGC58^2*
         ufoGC69^2
          + 5*g_(1,6_,nu10)*g_(2,6_,nu11)*Vec(nu10,q3)*Vec(nu11,q2)*Vec(nu13,
         q2)*Vec(nu13,q3)*Vec(nu14,q2)*Vec(nu14,q3)*p4.p4^2*d^-1*xiw^3*xiz*
         ufoGC58^2*ufoGC69^2
          + g_(1,6_,nu10)*g_(2,6_,nu11)*Vec(nu10,q3)*Vec(nu11,q2)*Vec(nu13,q2)
         *Vec(nu13,q3)*Vec(nu14,q2)*Vec(nu14,q3)*Vec(nu16,q2)^2*p4.p4*d^-1*
         xiw^3*xiz*ufoGC58^2*ufoGC69^2
          + 2*g_(1,6_,nu10)*g_(2,6_,nu11)*Vec(nu10,q3)*Vec(nu11,q2)*Vec(nu13,
         q2)*Vec(nu13,q3)*Vec(nu14,q2)*Vec(nu14,q3)*Vec(nu16,q2)*Vec(nu16,q3)*
         p4.p4*d^-1*xiw^3*xiz*ufoGC58^2*ufoGC69^2
          + g_(1,6_,nu10)*g_(2,6_,nu11)*Vec(nu10,q3)*Vec(nu11,q2)*Vec(nu13,q2)
         *Vec(nu13,q3)*Vec(nu14,q2)*Vec(nu14,q3)*Vec(nu16,q3)^2*p4.p4*d^-1*
         xiw^3*xiz*ufoGC58^2*ufoGC69^2
          - 2*g_(1,6_,nu10)*g_(2,6_,nu11)*Vec(nu10,q3)*Vec(nu11,q2)*Vec(nu13,
         q2)*Vec(nu13,q3)*Vec(nu14,q2)*Vec(nu14,q3)*Vec(nu15,q2)^2*p4.p4*d^-1*
         xiw^3*xiz*ufoGC58^2*ufoGC69^2
          - 4*g_(1,6_,nu10)*g_(2,6_,nu11)*Vec(nu10,q3)*Vec(nu11,q2)*Vec(nu13,
         q2)*Vec(nu13,q3)*Vec(nu14,q2)*Vec(nu14,q3)*Vec(nu15,q2)*Vec(nu15,q3)*
         p4.p4*d^-1*xiw^3*xiz*ufoGC58^2*ufoGC69^2
          - 2*g_(1,6_,nu10)*g_(2,6_,nu11)*Vec(nu10,q3)*Vec(nu11,q2)*Vec(nu13,
         q2)*Vec(nu13,q3)*Vec(nu14,q2)*Vec(nu14,q3)*Vec(nu15,q3)^2*p4.p4*d^-1*
         xiw^3*xiz*ufoGC58^2*ufoGC69^2
          - 1/2*g_(1,6_,nu10)*g_(2,6_,nu11)*Vec(nu10,q3)*Vec(nu11,q2)*Vec(nu13
         ,q2)*Vec(nu13,q3)*Vec(nu14,q3)^2*p4.p4^2*xiw^3*xiz*ufoGC58^2*
         ufoGC69^2
          + 5/2*g_(1,6_,nu10)*g_(2,6_,nu11)*Vec(nu10,q3)*Vec(nu11,q2)*Vec(nu13
         ,q2)*Vec(nu13,q3)*Vec(nu14,q3)^2*p4.p4^2*d^-1*xiw^3*xiz*ufoGC58^2*
         ufoGC69^2
          + 1/2*g_(1,6_,nu10)*g_(2,6_,nu11)*Vec(nu10,q3)*Vec(nu11,q2)*Vec(nu13
         ,q2)*Vec(nu13,q3)*Vec(nu14,q3)^2*Vec(nu16,q2)^2*p4.p4*d^-1*xiw^3*xiz*
         ufoGC58^2*ufoGC69^2
          + g_(1,6_,nu10)*g_(2,6_,nu11)*Vec(nu10,q3)*Vec(nu11,q2)*Vec(nu13,q2)
         *Vec(nu13,q3)*Vec(nu14,q3)^2*Vec(nu16,q2)*Vec(nu16,q3)*p4.p4*d^-1*
         xiw^3*xiz*ufoGC58^2*ufoGC69^2
          + 1/2*g_(1,6_,nu10)*g_(2,6_,nu11)*Vec(nu10,q3)*Vec(nu11,q2)*Vec(nu13
         ,q2)*Vec(nu13,q3)*Vec(nu14,q3)^2*Vec(nu16,q3)^2*p4.p4*d^-1*xiw^3*xiz*
         ufoGC58^2*ufoGC69^2
          - g_(1,6_,nu10)*g_(2,6_,nu11)*Vec(nu10,q3)*Vec(nu11,q2)*Vec(nu13,q2)
         *Vec(nu13,q3)*Vec(nu14,q3)^2*Vec(nu15,q2)^2*p4.p4*d^-1*xiw^3*xiz*
         ufoGC58^2*ufoGC69^2
          - 2*g_(1,6_,nu10)*g_(2,6_,nu11)*Vec(nu10,q3)*Vec(nu11,q2)*Vec(nu13,
         q2)*Vec(nu13,q3)*Vec(nu14,q3)^2*Vec(nu15,q2)*Vec(nu15,q3)*p4.p4*d^-1*
         xiw^3*xiz*ufoGC58^2*ufoGC69^2
          - g_(1,6_,nu10)*g_(2,6_,nu11)*Vec(nu10,q3)*Vec(nu11,q2)*Vec(nu13,q2)
         *Vec(nu13,q3)*Vec(nu14,q3)^2*Vec(nu15,q3)^2*p4.p4*d^-1*xiw^3*xiz*
         ufoGC58^2*ufoGC69^2
          - 1/2*g_(1,6_,nu10)*g_(2,6_,nu11)*Vec(nu10,q3)*Vec(nu11,q2)*Vec(nu13
         ,q2)*Vec(nu13,q3)*Vec(nu16,q2)^2*p4.p4^2*d^-1*xiw^3*xiz*ufoGC58^2*
         ufoGC69^2
          - g_(1,6_,nu10)*g_(2,6_,nu11)*Vec(nu10,q3)*Vec(nu11,q2)*Vec(nu13,q2)
         *Vec(nu13,q3)*Vec(nu16,q2)*Vec(nu16,q3)*p4.p4^2*d^-1*xiw^3*xiz*
         ufoGC58^2*ufoGC69^2
          - 1/2*g_(1,6_,nu10)*g_(2,6_,nu11)*Vec(nu10,q3)*Vec(nu11,q2)*Vec(nu13
         ,q2)*Vec(nu13,q3)*Vec(nu16,q3)^2*p4.p4^2*d^-1*xiw^3*xiz*ufoGC58^2*
         ufoGC69^2
          + 1/2*g_(1,6_,nu10)*g_(2,6_,nu11)*Vec(nu10,q3)*Vec(nu11,q2)*Vec(nu13
         ,q3)^2*p4.p4^3*d^-1*xiw^3*xiz*ufoGC58^2*ufoGC69^2
          - 1/4*g_(1,6_,nu10)*g_(2,6_,nu11)*Vec(nu10,q3)*Vec(nu11,q2)*Vec(nu13
         ,q3)^2*Vec(nu14,q2)^2*p4.p4^2*xiw^3*xiz*ufoGC58^2*ufoGC69^2
          + 5/4*g_(1,6_,nu10)*g_(2,6_,nu11)*Vec(nu10,q3)*Vec(nu11,q2)*Vec(nu13
         ,q3)^2*Vec(nu14,q2)^2*p4.p4^2*d^-1*xiw^3*xiz*ufoGC58^2*ufoGC69^2
          + 1/4*g_(1,6_,nu10)*g_(2,6_,nu11)*Vec(nu10,q3)*Vec(nu11,q2)*Vec(nu13
         ,q3)^2*Vec(nu14,q2)^2*Vec(nu16,q2)^2*p4.p4*d^-1*xiw^3*xiz*ufoGC58^2*
         ufoGC69^2
          + 1/2*g_(1,6_,nu10)*g_(2,6_,nu11)*Vec(nu10,q3)*Vec(nu11,q2)*Vec(nu13
         ,q3)^2*Vec(nu14,q2)^2*Vec(nu16,q2)*Vec(nu16,q3)*p4.p4*d^-1*xiw^3*xiz*
         ufoGC58^2*ufoGC69^2
          + 1/4*g_(1,6_,nu10)*g_(2,6_,nu11)*Vec(nu10,q3)*Vec(nu11,q2)*Vec(nu13
         ,q3)^2*Vec(nu14,q2)^2*Vec(nu16,q3)^2*p4.p4*d^-1*xiw^3*xiz*ufoGC58^2*
         ufoGC69^2
          - 1/2*g_(1,6_,nu10)*g_(2,6_,nu11)*Vec(nu10,q3)*Vec(nu11,q2)*Vec(nu13
         ,q3)^2*Vec(nu14,q2)^2*Vec(nu15,q2)^2*p4.p4*d^-1*xiw^3*xiz*ufoGC58^2*
         ufoGC69^2
          - g_(1,6_,nu10)*g_(2,6_,nu11)*Vec(nu10,q3)*Vec(nu11,q2)*Vec(nu13,q3)
         ^2*Vec(nu14,q2)^2*Vec(nu15,q2)*Vec(nu15,q3)*p4.p4*d^-1*xiw^3*xiz*
         ufoGC58^2*ufoGC69^2
          - 1/2*g_(1,6_,nu10)*g_(2,6_,nu11)*Vec(nu10,q3)*Vec(nu11,q2)*Vec(nu13
         ,q3)^2*Vec(nu14,q2)^2*Vec(nu15,q3)^2*p4.p4*d^-1*xiw^3*xiz*ufoGC58^2*
         ufoGC69^2
          - 1/2*g_(1,6_,nu10)*g_(2,6_,nu11)*Vec(nu10,q3)*Vec(nu11,q2)*Vec(nu13
         ,q3)^2*Vec(nu14,q2)*Vec(nu14,q3)*p4.p4^2*xiw^3*xiz*ufoGC58^2*
         ufoGC69^2
          + 5/2*g_(1,6_,nu10)*g_(2,6_,nu11)*Vec(nu10,q3)*Vec(nu11,q2)*Vec(nu13
         ,q3)^2*Vec(nu14,q2)*Vec(nu14,q3)*p4.p4^2*d^-1*xiw^3*xiz*ufoGC58^2*
         ufoGC69^2
          + 1/2*g_(1,6_,nu10)*g_(2,6_,nu11)*Vec(nu10,q3)*Vec(nu11,q2)*Vec(nu13
         ,q3)^2*Vec(nu14,q2)*Vec(nu14,q3)*Vec(nu16,q2)^2*p4.p4*d^-1*xiw^3*xiz*
         ufoGC58^2*ufoGC69^2
          + g_(1,6_,nu10)*g_(2,6_,nu11)*Vec(nu10,q3)*Vec(nu11,q2)*Vec(nu13,q3)
         ^2*Vec(nu14,q2)*Vec(nu14,q3)*Vec(nu16,q2)*Vec(nu16,q3)*p4.p4*d^-1*
         xiw^3*xiz*ufoGC58^2*ufoGC69^2
          + 1/2*g_(1,6_,nu10)*g_(2,6_,nu11)*Vec(nu10,q3)*Vec(nu11,q2)*Vec(nu13
         ,q3)^2*Vec(nu14,q2)*Vec(nu14,q3)*Vec(nu16,q3)^2*p4.p4*d^-1*xiw^3*xiz*
         ufoGC58^2*ufoGC69^2
          - g_(1,6_,nu10)*g_(2,6_,nu11)*Vec(nu10,q3)*Vec(nu11,q2)*Vec(nu13,q3)
         ^2*Vec(nu14,q2)*Vec(nu14,q3)*Vec(nu15,q2)^2*p4.p4*d^-1*xiw^3*xiz*
         ufoGC58^2*ufoGC69^2
          - 2*g_(1,6_,nu10)*g_(2,6_,nu11)*Vec(nu10,q3)*Vec(nu11,q2)*Vec(nu13,
         q3)^2*Vec(nu14,q2)*Vec(nu14,q3)*Vec(nu15,q2)*Vec(nu15,q3)*p4.p4*d^-1*
         xiw^3*xiz*ufoGC58^2*ufoGC69^2
          - g_(1,6_,nu10)*g_(2,6_,nu11)*Vec(nu10,q3)*Vec(nu11,q2)*Vec(nu13,q3)
         ^2*Vec(nu14,q2)*Vec(nu14,q3)*Vec(nu15,q3)^2*p4.p4*d^-1*xiw^3*xiz*
         ufoGC58^2*ufoGC69^2
          - 1/4*g_(1,6_,nu10)*g_(2,6_,nu11)*Vec(nu10,q3)*Vec(nu11,q2)*Vec(nu13
         ,q3)^2*Vec(nu14,q3)^2*p4.p4^2*xiw^3*xiz*ufoGC58^2*ufoGC69^2
          + 5/4*g_(1,6_,nu10)*g_(2,6_,nu11)*Vec(nu10,q3)*Vec(nu11,q2)*Vec(nu13
         ,q3)^2*Vec(nu14,q3)^2*p4.p4^2*d^-1*xiw^3*xiz*ufoGC58^2*ufoGC69^2
          + 1/4*g_(1,6_,nu10)*g_(2,6_,nu11)*Vec(nu10,q3)*Vec(nu11,q2)*Vec(nu13
         ,q3)^2*Vec(nu14,q3)^2*Vec(nu16,q2)^2*p4.p4*d^-1*xiw^3*xiz*ufoGC58^2*
         ufoGC69^2
          + 1/2*g_(1,6_,nu10)*g_(2,6_,nu11)*Vec(nu10,q3)*Vec(nu11,q2)*Vec(nu13
         ,q3)^2*Vec(nu14,q3)^2*Vec(nu16,q2)*Vec(nu16,q3)*p4.p4*d^-1*xiw^3*xiz*
         ufoGC58^2*ufoGC69^2
          + 1/4*g_(1,6_,nu10)*g_(2,6_,nu11)*Vec(nu10,q3)*Vec(nu11,q2)*Vec(nu13
         ,q3)^2*Vec(nu14,q3)^2*Vec(nu16,q3)^2*p4.p4*d^-1*xiw^3*xiz*ufoGC58^2*
         ufoGC69^2
          - 1/2*g_(1,6_,nu10)*g_(2,6_,nu11)*Vec(nu10,q3)*Vec(nu11,q2)*Vec(nu13
         ,q3)^2*Vec(nu14,q3)^2*Vec(nu15,q2)^2*p4.p4*d^-1*xiw^3*xiz*ufoGC58^2*
         ufoGC69^2
          - g_(1,6_,nu10)*g_(2,6_,nu11)*Vec(nu10,q3)*Vec(nu11,q2)*Vec(nu13,q3)
         ^2*Vec(nu14,q3)^2*Vec(nu15,q2)*Vec(nu15,q3)*p4.p4*d^-1*xiw^3*xiz*
         ufoGC58^2*ufoGC69^2
          - 1/2*g_(1,6_,nu10)*g_(2,6_,nu11)*Vec(nu10,q3)*Vec(nu11,q2)*Vec(nu13
         ,q3)^2*Vec(nu14,q3)^2*Vec(nu15,q3)^2*p4.p4*d^-1*xiw^3*xiz*ufoGC58^2*
         ufoGC69^2
          - 1/4*g_(1,6_,nu10)*g_(2,6_,nu11)*Vec(nu10,q3)*Vec(nu11,q2)*Vec(nu13
         ,q3)^2*Vec(nu16,q2)^2*p4.p4^2*d^-1*xiw^3*xiz*ufoGC58^2*ufoGC69^2
          - 1/2*g_(1,6_,nu10)*g_(2,6_,nu11)*Vec(nu10,q3)*Vec(nu11,q2)*Vec(nu13
         ,q3)^2*Vec(nu16,q2)*Vec(nu16,q3)*p4.p4^2*d^-1*xiw^3*xiz*ufoGC58^2*
         ufoGC69^2
          - 1/4*g_(1,6_,nu10)*g_(2,6_,nu11)*Vec(nu10,q3)*Vec(nu11,q2)*Vec(nu13
         ,q3)^2*Vec(nu16,q3)^2*p4.p4^2*d^-1*xiw^3*xiz*ufoGC58^2*ufoGC69^2
          - 1/2*g_(1,6_,nu10)*g_(2,6_,nu11)*Vec(nu10,q3)*Vec(nu11,q2)*Vec(nu14
         ,q2)^2*Vec(nu15,q2)^2*p4.p4^2*d^-1*xiw^3*xiz*ufoGC58^2*ufoGC69^2
          - g_(1,6_,nu10)*g_(2,6_,nu11)*Vec(nu10,q3)*Vec(nu11,q2)*Vec(nu14,q2)
         ^2*Vec(nu15,q2)*Vec(nu15,q3)*p4.p4^2*d^-1*xiw^3*xiz*ufoGC58^2*
         ufoGC69^2
          - 1/2*g_(1,6_,nu10)*g_(2,6_,nu11)*Vec(nu10,q3)*Vec(nu11,q2)*Vec(nu14
         ,q2)^2*Vec(nu15,q3)^2*p4.p4^2*d^-1*xiw^3*xiz*ufoGC58^2*ufoGC69^2
          - g_(1,6_,nu10)*g_(2,6_,nu11)*Vec(nu10,q3)*Vec(nu11,q2)*Vec(nu14,q2)
         *Vec(nu14,q3)*Vec(nu15,q2)^2*p4.p4^2*d^-1*xiw^3*xiz*ufoGC58^2*
         ufoGC69^2
          - 2*g_(1,6_,nu10)*g_(2,6_,nu11)*Vec(nu10,q3)*Vec(nu11,q2)*Vec(nu14,
         q2)*Vec(nu14,q3)*Vec(nu15,q2)*Vec(nu15,q3)*p4.p4^2*d^-1*xiw^3*xiz*
         ufoGC58^2*ufoGC69^2
          - g_(1,6_,nu10)*g_(2,6_,nu11)*Vec(nu10,q3)*Vec(nu11,q2)*Vec(nu14,q2)
         *Vec(nu14,q3)*Vec(nu15,q3)^2*p4.p4^2*d^-1*xiw^3*xiz*ufoGC58^2*
         ufoGC69^2
          - 1/2*g_(1,6_,nu10)*g_(2,6_,nu11)*Vec(nu10,q3)*Vec(nu11,q2)*Vec(nu14
         ,q3)^2*Vec(nu15,q2)^2*p4.p4^2*d^-1*xiw^3*xiz*ufoGC58^2*ufoGC69^2
          - g_(1,6_,nu10)*g_(2,6_,nu11)*Vec(nu10,q3)*Vec(nu11,q2)*Vec(nu14,q3)
         ^2*Vec(nu15,q2)*Vec(nu15,q3)*p4.p4^2*d^-1*xiw^3*xiz*ufoGC58^2*
         ufoGC69^2
          - 1/2*g_(1,6_,nu10)*g_(2,6_,nu11)*Vec(nu10,q3)*Vec(nu11,q2)*Vec(nu14
         ,q3)^2*Vec(nu15,q3)^2*p4.p4^2*d^-1*xiw^3*xiz*ufoGC58^2*ufoGC69^2
          - 1/4*g_(1,6_,nu10)*g_(2,6_,nu11)*Vec(nu10,q3)*Vec(nu11,q3)*Vec(nu9,
         q2)^2*Vec(nu12,q2)^2*p4.p4^2*xiw^3*xiz*ufoGC58^2*ufoGC69^2
          - 1/4*g_(1,6_,nu10)*g_(2,6_,nu11)*Vec(nu10,q3)*Vec(nu11,q3)*Vec(nu9,
         q2)^2*Vec(nu12,q2)^2*Vec(nu14,q2)^2*p4.p4*d^-1*xiw^3*xiz*ufoGC58^2*
         ufoGC69^2
          - 1/2*g_(1,6_,nu10)*g_(2,6_,nu11)*Vec(nu10,q3)*Vec(nu11,q3)*Vec(nu9,
         q2)^2*Vec(nu12,q2)^2*Vec(nu14,q2)*Vec(nu14,q3)*p4.p4*d^-1*xiw^3*xiz*
         ufoGC58^2*ufoGC69^2
          - 1/4*g_(1,6_,nu10)*g_(2,6_,nu11)*Vec(nu10,q3)*Vec(nu11,q3)*Vec(nu9,
         q2)^2*Vec(nu12,q2)^2*Vec(nu14,q3)^2*p4.p4*d^-1*xiw^3*xiz*ufoGC58^2*
         ufoGC69^2
          - 1/2*g_(1,6_,nu10)*g_(2,6_,nu11)*Vec(nu10,q3)*Vec(nu11,q3)*Vec(nu9,
         q2)^2*Vec(nu12,q2)*Vec(nu12,q3)*p4.p4^2*xiw^3*xiz*ufoGC58^2*ufoGC69^2
          - 1/2*g_(1,6_,nu10)*g_(2,6_,nu11)*Vec(nu10,q3)*Vec(nu11,q3)*Vec(nu9,
         q2)^2*Vec(nu12,q2)*Vec(nu12,q3)*Vec(nu14,q2)^2*p4.p4*d^-1*xiw^3*xiz*
         ufoGC58^2*ufoGC69^2
          - g_(1,6_,nu10)*g_(2,6_,nu11)*Vec(nu10,q3)*Vec(nu11,q3)*Vec(nu9,q2)^
         2*Vec(nu12,q2)*Vec(nu12,q3)*Vec(nu14,q2)*Vec(nu14,q3)*p4.p4*d^-1*
         xiw^3*xiz*ufoGC58^2*ufoGC69^2
          - 1/2*g_(1,6_,nu10)*g_(2,6_,nu11)*Vec(nu10,q3)*Vec(nu11,q3)*Vec(nu9,
         q2)^2*Vec(nu12,q2)*Vec(nu12,q3)*Vec(nu14,q3)^2*p4.p4*d^-1*xiw^3*xiz*
         ufoGC58^2*ufoGC69^2
          - 1/4*g_(1,6_,nu10)*g_(2,6_,nu11)*Vec(nu10,q3)*Vec(nu11,q3)*Vec(nu9,
         q2)^2*Vec(nu12,q3)^2*p4.p4^2*xiw^3*xiz*ufoGC58^2*ufoGC69^2
          - 1/4*g_(1,6_,nu10)*g_(2,6_,nu11)*Vec(nu10,q3)*Vec(nu11,q3)*Vec(nu9,
         q2)^2*Vec(nu12,q3)^2*Vec(nu14,q2)^2*p4.p4*d^-1*xiw^3*xiz*ufoGC58^2*
         ufoGC69^2
          - 1/2*g_(1,6_,nu10)*g_(2,6_,nu11)*Vec(nu10,q3)*Vec(nu11,q3)*Vec(nu9,
         q2)^2*Vec(nu12,q3)^2*Vec(nu14,q2)*Vec(nu14,q3)*p4.p4*d^-1*xiw^3*xiz*
         ufoGC58^2*ufoGC69^2
          - 1/4*g_(1,6_,nu10)*g_(2,6_,nu11)*Vec(nu10,q3)*Vec(nu11,q3)*Vec(nu9,
         q2)^2*Vec(nu12,q3)^2*Vec(nu14,q3)^2*p4.p4*d^-1*xiw^3*xiz*ufoGC58^2*
         ufoGC69^2
          + 1/4*g_(1,6_,nu10)*g_(2,6_,nu11)*Vec(nu10,q3)*Vec(nu11,q3)*Vec(nu9,
         q2)^2*Vec(nu13,q2)^2*p4.p4^2*xiw^3*xiz*ufoGC58^2*ufoGC69^2
          - 1/2*g_(1,6_,nu10)*g_(2,6_,nu11)*Vec(nu10,q3)*Vec(nu11,q3)*Vec(nu9,
         q2)^2*Vec(nu13,q2)^2*p4.p4^2*d^-1*xiw^3*xiz*ufoGC58^2*ufoGC69^2
          - 1/4*g_(1,6_,nu10)*g_(2,6_,nu11)*Vec(nu10,q3)*Vec(nu11,q3)*Vec(nu9,
         q2)^2*Vec(nu13,q2)^2*Vec(nu14,q2)^2*p4.p4*d^-1*xiw^3*xiz*ufoGC58^2*
         ufoGC69^2
          - 1/2*g_(1,6_,nu10)*g_(2,6_,nu11)*Vec(nu10,q3)*Vec(nu11,q3)*Vec(nu9,
         q2)^2*Vec(nu13,q2)^2*Vec(nu14,q2)*Vec(nu14,q3)*p4.p4*d^-1*xiw^3*xiz*
         ufoGC58^2*ufoGC69^2
          - 1/4*g_(1,6_,nu10)*g_(2,6_,nu11)*Vec(nu10,q3)*Vec(nu11,q3)*Vec(nu9,
         q2)^2*Vec(nu13,q2)^2*Vec(nu14,q3)^2*p4.p4*d^-1*xiw^3*xiz*ufoGC58^2*
         ufoGC69^2
          + 1/2*g_(1,6_,nu10)*g_(2,6_,nu11)*Vec(nu10,q3)*Vec(nu11,q3)*Vec(nu9,
         q2)^2*Vec(nu13,q2)^2*Vec(nu15,q2)^2*p4.p4*d^-1*xiw^3*xiz*ufoGC58^2*
         ufoGC69^2
          + g_(1,6_,nu10)*g_(2,6_,nu11)*Vec(nu10,q3)*Vec(nu11,q3)*Vec(nu9,q2)^
         2*Vec(nu13,q2)^2*Vec(nu15,q2)*Vec(nu15,q3)*p4.p4*d^-1*xiw^3*xiz*
         ufoGC58^2*ufoGC69^2
          + 1/2*g_(1,6_,nu10)*g_(2,6_,nu11)*Vec(nu10,q3)*Vec(nu11,q3)*Vec(nu9,
         q2)^2*Vec(nu13,q2)^2*Vec(nu15,q3)^2*p4.p4*d^-1*xiw^3*xiz*ufoGC58^2*
         ufoGC69^2
          + 1/2*g_(1,6_,nu10)*g_(2,6_,nu11)*Vec(nu10,q3)*Vec(nu11,q3)*Vec(nu9,
         q2)^2*Vec(nu13,q2)*Vec(nu13,q3)*p4.p4^2*xiw^3*xiz*ufoGC58^2*ufoGC69^2
          - g_(1,6_,nu10)*g_(2,6_,nu11)*Vec(nu10,q3)*Vec(nu11,q3)*Vec(nu9,q2)^
         2*Vec(nu13,q2)*Vec(nu13,q3)*p4.p4^2*d^-1*xiw^3*xiz*ufoGC58^2*
         ufoGC69^2
          - 1/2*g_(1,6_,nu10)*g_(2,6_,nu11)*Vec(nu10,q3)*Vec(nu11,q3)*Vec(nu9,
         q2)^2*Vec(nu13,q2)*Vec(nu13,q3)*Vec(nu14,q2)^2*p4.p4*d^-1*xiw^3*xiz*
         ufoGC58^2*ufoGC69^2
          - g_(1,6_,nu10)*g_(2,6_,nu11)*Vec(nu10,q3)*Vec(nu11,q3)*Vec(nu9,q2)^
         2*Vec(nu13,q2)*Vec(nu13,q3)*Vec(nu14,q2)*Vec(nu14,q3)*p4.p4*d^-1*
         xiw^3*xiz*ufoGC58^2*ufoGC69^2
          - 1/2*g_(1,6_,nu10)*g_(2,6_,nu11)*Vec(nu10,q3)*Vec(nu11,q3)*Vec(nu9,
         q2)^2*Vec(nu13,q2)*Vec(nu13,q3)*Vec(nu14,q3)^2*p4.p4*d^-1*xiw^3*xiz*
         ufoGC58^2*ufoGC69^2
          + g_(1,6_,nu10)*g_(2,6_,nu11)*Vec(nu10,q3)*Vec(nu11,q3)*Vec(nu9,q2)^
         2*Vec(nu13,q2)*Vec(nu13,q3)*Vec(nu15,q2)^2*p4.p4*d^-1*xiw^3*xiz*
         ufoGC58^2*ufoGC69^2
          + 2*g_(1,6_,nu10)*g_(2,6_,nu11)*Vec(nu10,q3)*Vec(nu11,q3)*Vec(nu9,q2
         )^2*Vec(nu13,q2)*Vec(nu13,q3)*Vec(nu15,q2)*Vec(nu15,q3)*p4.p4*d^-1*
         xiw^3*xiz*ufoGC58^2*ufoGC69^2
          + g_(1,6_,nu10)*g_(2,6_,nu11)*Vec(nu10,q3)*Vec(nu11,q3)*Vec(nu9,q2)^
         2*Vec(nu13,q2)*Vec(nu13,q3)*Vec(nu15,q3)^2*p4.p4*d^-1*xiw^3*xiz*
         ufoGC58^2*ufoGC69^2
          + 1/4*g_(1,6_,nu10)*g_(2,6_,nu11)*Vec(nu10,q3)*Vec(nu11,q3)*Vec(nu9,
         q2)^2*Vec(nu13,q3)^2*p4.p4^2*xiw^3*xiz*ufoGC58^2*ufoGC69^2
          - 1/2*g_(1,6_,nu10)*g_(2,6_,nu11)*Vec(nu10,q3)*Vec(nu11,q3)*Vec(nu9,
         q2)^2*Vec(nu13,q3)^2*p4.p4^2*d^-1*xiw^3*xiz*ufoGC58^2*ufoGC69^2
          - 1/4*g_(1,6_,nu10)*g_(2,6_,nu11)*Vec(nu10,q3)*Vec(nu11,q3)*Vec(nu9,
         q2)^2*Vec(nu13,q3)^2*Vec(nu14,q2)^2*p4.p4*d^-1*xiw^3*xiz*ufoGC58^2*
         ufoGC69^2
          - 1/2*g_(1,6_,nu10)*g_(2,6_,nu11)*Vec(nu10,q3)*Vec(nu11,q3)*Vec(nu9,
         q2)^2*Vec(nu13,q3)^2*Vec(nu14,q2)*Vec(nu14,q3)*p4.p4*d^-1*xiw^3*xiz*
         ufoGC58^2*ufoGC69^2
          - 1/4*g_(1,6_,nu10)*g_(2,6_,nu11)*Vec(nu10,q3)*Vec(nu11,q3)*Vec(nu9,
         q2)^2*Vec(nu13,q3)^2*Vec(nu14,q3)^2*p4.p4*d^-1*xiw^3*xiz*ufoGC58^2*
         ufoGC69^2
          + 1/2*g_(1,6_,nu10)*g_(2,6_,nu11)*Vec(nu10,q3)*Vec(nu11,q3)*Vec(nu9,
         q2)^2*Vec(nu13,q3)^2*Vec(nu15,q2)^2*p4.p4*d^-1*xiw^3*xiz*ufoGC58^2*
         ufoGC69^2
          + g_(1,6_,nu10)*g_(2,6_,nu11)*Vec(nu10,q3)*Vec(nu11,q3)*Vec(nu9,q2)^
         2*Vec(nu13,q3)^2*Vec(nu15,q2)*Vec(nu15,q3)*p4.p4*d^-1*xiw^3*xiz*
         ufoGC58^2*ufoGC69^2
          + 1/2*g_(1,6_,nu10)*g_(2,6_,nu11)*Vec(nu10,q3)*Vec(nu11,q3)*Vec(nu9,
         q2)^2*Vec(nu13,q3)^2*Vec(nu15,q3)^2*p4.p4*d^-1*xiw^3*xiz*ufoGC58^2*
         ufoGC69^2
          + 1/2*g_(1,6_,nu10)*g_(2,6_,nu11)*Vec(nu10,q3)*Vec(nu11,q3)*Vec(nu9,
         q2)^2*Vec(nu15,q2)^2*p4.p4^2*d^-1*xiw^3*xiz*ufoGC58^2*ufoGC69^2
          + g_(1,6_,nu10)*g_(2,6_,nu11)*Vec(nu10,q3)*Vec(nu11,q3)*Vec(nu9,q2)^
         2*Vec(nu15,q2)*Vec(nu15,q3)*p4.p4^2*d^-1*xiw^3*xiz*ufoGC58^2*
         ufoGC69^2
          + 1/2*g_(1,6_,nu10)*g_(2,6_,nu11)*Vec(nu10,q3)*Vec(nu11,q3)*Vec(nu9,
         q2)^2*Vec(nu15,q3)^2*p4.p4^2*d^-1*xiw^3*xiz*ufoGC58^2*ufoGC69^2
          - 1/2*g_(1,6_,nu10)*g_(2,6_,nu11)*Vec(nu10,q3)*Vec(nu11,q3)*Vec(nu9,
         q2)*Vec(nu9,q3)*Vec(nu12,q2)^2*p4.p4^2*xiw^3*xiz*ufoGC58^2*ufoGC69^2
          - 1/2*g_(1,6_,nu10)*g_(2,6_,nu11)*Vec(nu10,q3)*Vec(nu11,q3)*Vec(nu9,
         q2)*Vec(nu9,q3)*Vec(nu12,q2)^2*Vec(nu14,q2)^2*p4.p4*d^-1*xiw^3*xiz*
         ufoGC58^2*ufoGC69^2
          - g_(1,6_,nu10)*g_(2,6_,nu11)*Vec(nu10,q3)*Vec(nu11,q3)*Vec(nu9,q2)*
         Vec(nu9,q3)*Vec(nu12,q2)^2*Vec(nu14,q2)*Vec(nu14,q3)*p4.p4*d^-1*xiw^3
         *xiz*ufoGC58^2*ufoGC69^2
          - 1/2*g_(1,6_,nu10)*g_(2,6_,nu11)*Vec(nu10,q3)*Vec(nu11,q3)*Vec(nu9,
         q2)*Vec(nu9,q3)*Vec(nu12,q2)^2*Vec(nu14,q3)^2*p4.p4*d^-1*xiw^3*xiz*
         ufoGC58^2*ufoGC69^2
          - g_(1,6_,nu10)*g_(2,6_,nu11)*Vec(nu10,q3)*Vec(nu11,q3)*Vec(nu9,q2)*
         Vec(nu9,q3)*Vec(nu12,q2)*Vec(nu12,q3)*p4.p4^2*xiw^3*xiz*ufoGC58^2*
         ufoGC69^2
          - g_(1,6_,nu10)*g_(2,6_,nu11)*Vec(nu10,q3)*Vec(nu11,q3)*Vec(nu9,q2)*
         Vec(nu9,q3)*Vec(nu12,q2)*Vec(nu12,q3)*Vec(nu14,q2)^2*p4.p4*d^-1*xiw^3
         *xiz*ufoGC58^2*ufoGC69^2
          - 2*g_(1,6_,nu10)*g_(2,6_,nu11)*Vec(nu10,q3)*Vec(nu11,q3)*Vec(nu9,q2
         )*Vec(nu9,q3)*Vec(nu12,q2)*Vec(nu12,q3)*Vec(nu14,q2)*Vec(nu14,q3)*
         p4.p4*d^-1*xiw^3*xiz*ufoGC58^2*ufoGC69^2
          - g_(1,6_,nu10)*g_(2,6_,nu11)*Vec(nu10,q3)*Vec(nu11,q3)*Vec(nu9,q2)*
         Vec(nu9,q3)*Vec(nu12,q2)*Vec(nu12,q3)*Vec(nu14,q3)^2*p4.p4*d^-1*xiw^3
         *xiz*ufoGC58^2*ufoGC69^2
          - 1/2*g_(1,6_,nu10)*g_(2,6_,nu11)*Vec(nu10,q3)*Vec(nu11,q3)*Vec(nu9,
         q2)*Vec(nu9,q3)*Vec(nu12,q3)^2*p4.p4^2*xiw^3*xiz*ufoGC58^2*ufoGC69^2
          - 1/2*g_(1,6_,nu10)*g_(2,6_,nu11)*Vec(nu10,q3)*Vec(nu11,q3)*Vec(nu9,
         q2)*Vec(nu9,q3)*Vec(nu12,q3)^2*Vec(nu14,q2)^2*p4.p4*d^-1*xiw^3*xiz*
         ufoGC58^2*ufoGC69^2
          - g_(1,6_,nu10)*g_(2,6_,nu11)*Vec(nu10,q3)*Vec(nu11,q3)*Vec(nu9,q2)*
         Vec(nu9,q3)*Vec(nu12,q3)^2*Vec(nu14,q2)*Vec(nu14,q3)*p4.p4*d^-1*xiw^3
         *xiz*ufoGC58^2*ufoGC69^2
          - 1/2*g_(1,6_,nu10)*g_(2,6_,nu11)*Vec(nu10,q3)*Vec(nu11,q3)*Vec(nu9,
         q2)*Vec(nu9,q3)*Vec(nu12,q3)^2*Vec(nu14,q3)^2*p4.p4*d^-1*xiw^3*xiz*
         ufoGC58^2*ufoGC69^2
          + 1/2*g_(1,6_,nu10)*g_(2,6_,nu11)*Vec(nu10,q3)*Vec(nu11,q3)*Vec(nu9,
         q2)*Vec(nu9,q3)*Vec(nu13,q2)^2*p4.p4^2*xiw^3*xiz*ufoGC58^2*ufoGC69^2
          - g_(1,6_,nu10)*g_(2,6_,nu11)*Vec(nu10,q3)*Vec(nu11,q3)*Vec(nu9,q2)*
         Vec(nu9,q3)*Vec(nu13,q2)^2*p4.p4^2*d^-1*xiw^3*xiz*ufoGC58^2*ufoGC69^2
          - 1/2*g_(1,6_,nu10)*g_(2,6_,nu11)*Vec(nu10,q3)*Vec(nu11,q3)*Vec(nu9,
         q2)*Vec(nu9,q3)*Vec(nu13,q2)^2*Vec(nu14,q2)^2*p4.p4*d^-1*xiw^3*xiz*
         ufoGC58^2*ufoGC69^2
          - g_(1,6_,nu10)*g_(2,6_,nu11)*Vec(nu10,q3)*Vec(nu11,q3)*Vec(nu9,q2)*
         Vec(nu9,q3)*Vec(nu13,q2)^2*Vec(nu14,q2)*Vec(nu14,q3)*p4.p4*d^-1*xiw^3
         *xiz*ufoGC58^2*ufoGC69^2
          - 1/2*g_(1,6_,nu10)*g_(2,6_,nu11)*Vec(nu10,q3)*Vec(nu11,q3)*Vec(nu9,
         q2)*Vec(nu9,q3)*Vec(nu13,q2)^2*Vec(nu14,q3)^2*p4.p4*d^-1*xiw^3*xiz*
         ufoGC58^2*ufoGC69^2
          + g_(1,6_,nu10)*g_(2,6_,nu11)*Vec(nu10,q3)*Vec(nu11,q3)*Vec(nu9,q2)*
         Vec(nu9,q3)*Vec(nu13,q2)^2*Vec(nu15,q2)^2*p4.p4*d^-1*xiw^3*xiz*
         ufoGC58^2*ufoGC69^2
          + 2*g_(1,6_,nu10)*g_(2,6_,nu11)*Vec(nu10,q3)*Vec(nu11,q3)*Vec(nu9,q2
         )*Vec(nu9,q3)*Vec(nu13,q2)^2*Vec(nu15,q2)*Vec(nu15,q3)*p4.p4*d^-1*
         xiw^3*xiz*ufoGC58^2*ufoGC69^2
          + g_(1,6_,nu10)*g_(2,6_,nu11)*Vec(nu10,q3)*Vec(nu11,q3)*Vec(nu9,q2)*
         Vec(nu9,q3)*Vec(nu13,q2)^2*Vec(nu15,q3)^2*p4.p4*d^-1*xiw^3*xiz*
         ufoGC58^2*ufoGC69^2
          + g_(1,6_,nu10)*g_(2,6_,nu11)*Vec(nu10,q3)*Vec(nu11,q3)*Vec(nu9,q2)*
         Vec(nu9,q3)*Vec(nu13,q2)*Vec(nu13,q3)*p4.p4^2*xiw^3*xiz*ufoGC58^2*
         ufoGC69^2
          - 2*g_(1,6_,nu10)*g_(2,6_,nu11)*Vec(nu10,q3)*Vec(nu11,q3)*Vec(nu9,q2
         )*Vec(nu9,q3)*Vec(nu13,q2)*Vec(nu13,q3)*p4.p4^2*d^-1*xiw^3*xiz*
         ufoGC58^2*ufoGC69^2
          - g_(1,6_,nu10)*g_(2,6_,nu11)*Vec(nu10,q3)*Vec(nu11,q3)*Vec(nu9,q2)*
         Vec(nu9,q3)*Vec(nu13,q2)*Vec(nu13,q3)*Vec(nu14,q2)^2*p4.p4*d^-1*xiw^3
         *xiz*ufoGC58^2*ufoGC69^2
          - 2*g_(1,6_,nu10)*g_(2,6_,nu11)*Vec(nu10,q3)*Vec(nu11,q3)*Vec(nu9,q2
         )*Vec(nu9,q3)*Vec(nu13,q2)*Vec(nu13,q3)*Vec(nu14,q2)*Vec(nu14,q3)*
         p4.p4*d^-1*xiw^3*xiz*ufoGC58^2*ufoGC69^2
          - g_(1,6_,nu10)*g_(2,6_,nu11)*Vec(nu10,q3)*Vec(nu11,q3)*Vec(nu9,q2)*
         Vec(nu9,q3)*Vec(nu13,q2)*Vec(nu13,q3)*Vec(nu14,q3)^2*p4.p4*d^-1*xiw^3
         *xiz*ufoGC58^2*ufoGC69^2
          + 2*g_(1,6_,nu10)*g_(2,6_,nu11)*Vec(nu10,q3)*Vec(nu11,q3)*Vec(nu9,q2
         )*Vec(nu9,q3)*Vec(nu13,q2)*Vec(nu13,q3)*Vec(nu15,q2)^2*p4.p4*d^-1*
         xiw^3*xiz*ufoGC58^2*ufoGC69^2
          + 4*g_(1,6_,nu10)*g_(2,6_,nu11)*Vec(nu10,q3)*Vec(nu11,q3)*Vec(nu9,q2
         )*Vec(nu9,q3)*Vec(nu13,q2)*Vec(nu13,q3)*Vec(nu15,q2)*Vec(nu15,q3)*
         p4.p4*d^-1*xiw^3*xiz*ufoGC58^2*ufoGC69^2
          + 2*g_(1,6_,nu10)*g_(2,6_,nu11)*Vec(nu10,q3)*Vec(nu11,q3)*Vec(nu9,q2
         )*Vec(nu9,q3)*Vec(nu13,q2)*Vec(nu13,q3)*Vec(nu15,q3)^2*p4.p4*d^-1*
         xiw^3*xiz*ufoGC58^2*ufoGC69^2
          + 1/2*g_(1,6_,nu10)*g_(2,6_,nu11)*Vec(nu10,q3)*Vec(nu11,q3)*Vec(nu9,
         q2)*Vec(nu9,q3)*Vec(nu13,q3)^2*p4.p4^2*xiw^3*xiz*ufoGC58^2*ufoGC69^2
          - g_(1,6_,nu10)*g_(2,6_,nu11)*Vec(nu10,q3)*Vec(nu11,q3)*Vec(nu9,q2)*
         Vec(nu9,q3)*Vec(nu13,q3)^2*p4.p4^2*d^-1*xiw^3*xiz*ufoGC58^2*ufoGC69^2
          - 1/2*g_(1,6_,nu10)*g_(2,6_,nu11)*Vec(nu10,q3)*Vec(nu11,q3)*Vec(nu9,
         q2)*Vec(nu9,q3)*Vec(nu13,q3)^2*Vec(nu14,q2)^2*p4.p4*d^-1*xiw^3*xiz*
         ufoGC58^2*ufoGC69^2
          - g_(1,6_,nu10)*g_(2,6_,nu11)*Vec(nu10,q3)*Vec(nu11,q3)*Vec(nu9,q2)*
         Vec(nu9,q3)*Vec(nu13,q3)^2*Vec(nu14,q2)*Vec(nu14,q3)*p4.p4*d^-1*xiw^3
         *xiz*ufoGC58^2*ufoGC69^2
          - 1/2*g_(1,6_,nu10)*g_(2,6_,nu11)*Vec(nu10,q3)*Vec(nu11,q3)*Vec(nu9,
         q2)*Vec(nu9,q3)*Vec(nu13,q3)^2*Vec(nu14,q3)^2*p4.p4*d^-1*xiw^3*xiz*
         ufoGC58^2*ufoGC69^2
          + g_(1,6_,nu10)*g_(2,6_,nu11)*Vec(nu10,q3)*Vec(nu11,q3)*Vec(nu9,q2)*
         Vec(nu9,q3)*Vec(nu13,q3)^2*Vec(nu15,q2)^2*p4.p4*d^-1*xiw^3*xiz*
         ufoGC58^2*ufoGC69^2
          + 2*g_(1,6_,nu10)*g_(2,6_,nu11)*Vec(nu10,q3)*Vec(nu11,q3)*Vec(nu9,q2
         )*Vec(nu9,q3)*Vec(nu13,q3)^2*Vec(nu15,q2)*Vec(nu15,q3)*p4.p4*d^-1*
         xiw^3*xiz*ufoGC58^2*ufoGC69^2
          + g_(1,6_,nu10)*g_(2,6_,nu11)*Vec(nu10,q3)*Vec(nu11,q3)*Vec(nu9,q2)*
         Vec(nu9,q3)*Vec(nu13,q3)^2*Vec(nu15,q3)^2*p4.p4*d^-1*xiw^3*xiz*
         ufoGC58^2*ufoGC69^2
          + g_(1,6_,nu10)*g_(2,6_,nu11)*Vec(nu10,q3)*Vec(nu11,q3)*Vec(nu9,q2)*
         Vec(nu9,q3)*Vec(nu15,q2)^2*p4.p4^2*d^-1*xiw^3*xiz*ufoGC58^2*ufoGC69^2
          + 2*g_(1,6_,nu10)*g_(2,6_,nu11)*Vec(nu10,q3)*Vec(nu11,q3)*Vec(nu9,q2
         )*Vec(nu9,q3)*Vec(nu15,q2)*Vec(nu15,q3)*p4.p4^2*d^-1*xiw^3*xiz*
         ufoGC58^2*ufoGC69^2
          + g_(1,6_,nu10)*g_(2,6_,nu11)*Vec(nu10,q3)*Vec(nu11,q3)*Vec(nu9,q2)*
         Vec(nu9,q3)*Vec(nu15,q3)^2*p4.p4^2*d^-1*xiw^3*xiz*ufoGC58^2*ufoGC69^2
          - 1/4*g_(1,6_,nu10)*g_(2,6_,nu11)*Vec(nu10,q3)*Vec(nu11,q3)*Vec(nu9,
         q3)^2*Vec(nu12,q2)^2*p4.p4^2*xiw^3*xiz*ufoGC58^2*ufoGC69^2
          - 1/4*g_(1,6_,nu10)*g_(2,6_,nu11)*Vec(nu10,q3)*Vec(nu11,q3)*Vec(nu9,
         q3)^2*Vec(nu12,q2)^2*Vec(nu14,q2)^2*p4.p4*d^-1*xiw^3*xiz*ufoGC58^2*
         ufoGC69^2
          - 1/2*g_(1,6_,nu10)*g_(2,6_,nu11)*Vec(nu10,q3)*Vec(nu11,q3)*Vec(nu9,
         q3)^2*Vec(nu12,q2)^2*Vec(nu14,q2)*Vec(nu14,q3)*p4.p4*d^-1*xiw^3*xiz*
         ufoGC58^2*ufoGC69^2
          - 1/4*g_(1,6_,nu10)*g_(2,6_,nu11)*Vec(nu10,q3)*Vec(nu11,q3)*Vec(nu9,
         q3)^2*Vec(nu12,q2)^2*Vec(nu14,q3)^2*p4.p4*d^-1*xiw^3*xiz*ufoGC58^2*
         ufoGC69^2
          - 1/2*g_(1,6_,nu10)*g_(2,6_,nu11)*Vec(nu10,q3)*Vec(nu11,q3)*Vec(nu9,
         q3)^2*Vec(nu12,q2)*Vec(nu12,q3)*p4.p4^2*xiw^3*xiz*ufoGC58^2*ufoGC69^2
          - 1/2*g_(1,6_,nu10)*g_(2,6_,nu11)*Vec(nu10,q3)*Vec(nu11,q3)*Vec(nu9,
         q3)^2*Vec(nu12,q2)*Vec(nu12,q3)*Vec(nu14,q2)^2*p4.p4*d^-1*xiw^3*xiz*
         ufoGC58^2*ufoGC69^2
          - g_(1,6_,nu10)*g_(2,6_,nu11)*Vec(nu10,q3)*Vec(nu11,q3)*Vec(nu9,q3)^
         2*Vec(nu12,q2)*Vec(nu12,q3)*Vec(nu14,q2)*Vec(nu14,q3)*p4.p4*d^-1*
         xiw^3*xiz*ufoGC58^2*ufoGC69^2
          - 1/2*g_(1,6_,nu10)*g_(2,6_,nu11)*Vec(nu10,q3)*Vec(nu11,q3)*Vec(nu9,
         q3)^2*Vec(nu12,q2)*Vec(nu12,q3)*Vec(nu14,q3)^2*p4.p4*d^-1*xiw^3*xiz*
         ufoGC58^2*ufoGC69^2
          - 1/4*g_(1,6_,nu10)*g_(2,6_,nu11)*Vec(nu10,q3)*Vec(nu11,q3)*Vec(nu9,
         q3)^2*Vec(nu12,q3)^2*p4.p4^2*xiw^3*xiz*ufoGC58^2*ufoGC69^2
          - 1/4*g_(1,6_,nu10)*g_(2,6_,nu11)*Vec(nu10,q3)*Vec(nu11,q3)*Vec(nu9,
         q3)^2*Vec(nu12,q3)^2*Vec(nu14,q2)^2*p4.p4*d^-1*xiw^3*xiz*ufoGC58^2*
         ufoGC69^2
          - 1/2*g_(1,6_,nu10)*g_(2,6_,nu11)*Vec(nu10,q3)*Vec(nu11,q3)*Vec(nu9,
         q3)^2*Vec(nu12,q3)^2*Vec(nu14,q2)*Vec(nu14,q3)*p4.p4*d^-1*xiw^3*xiz*
         ufoGC58^2*ufoGC69^2
          - 1/4*g_(1,6_,nu10)*g_(2,6_,nu11)*Vec(nu10,q3)*Vec(nu11,q3)*Vec(nu9,
         q3)^2*Vec(nu12,q3)^2*Vec(nu14,q3)^2*p4.p4*d^-1*xiw^3*xiz*ufoGC58^2*
         ufoGC69^2
          + 1/4*g_(1,6_,nu10)*g_(2,6_,nu11)*Vec(nu10,q3)*Vec(nu11,q3)*Vec(nu9,
         q3)^2*Vec(nu13,q2)^2*p4.p4^2*xiw^3*xiz*ufoGC58^2*ufoGC69^2
          - 1/2*g_(1,6_,nu10)*g_(2,6_,nu11)*Vec(nu10,q3)*Vec(nu11,q3)*Vec(nu9,
         q3)^2*Vec(nu13,q2)^2*p4.p4^2*d^-1*xiw^3*xiz*ufoGC58^2*ufoGC69^2
          - 1/4*g_(1,6_,nu10)*g_(2,6_,nu11)*Vec(nu10,q3)*Vec(nu11,q3)*Vec(nu9,
         q3)^2*Vec(nu13,q2)^2*Vec(nu14,q2)^2*p4.p4*d^-1*xiw^3*xiz*ufoGC58^2*
         ufoGC69^2
          - 1/2*g_(1,6_,nu10)*g_(2,6_,nu11)*Vec(nu10,q3)*Vec(nu11,q3)*Vec(nu9,
         q3)^2*Vec(nu13,q2)^2*Vec(nu14,q2)*Vec(nu14,q3)*p4.p4*d^-1*xiw^3*xiz*
         ufoGC58^2*ufoGC69^2
          - 1/4*g_(1,6_,nu10)*g_(2,6_,nu11)*Vec(nu10,q3)*Vec(nu11,q3)*Vec(nu9,
         q3)^2*Vec(nu13,q2)^2*Vec(nu14,q3)^2*p4.p4*d^-1*xiw^3*xiz*ufoGC58^2*
         ufoGC69^2
          + 1/2*g_(1,6_,nu10)*g_(2,6_,nu11)*Vec(nu10,q3)*Vec(nu11,q3)*Vec(nu9,
         q3)^2*Vec(nu13,q2)^2*Vec(nu15,q2)^2*p4.p4*d^-1*xiw^3*xiz*ufoGC58^2*
         ufoGC69^2
          + g_(1,6_,nu10)*g_(2,6_,nu11)*Vec(nu10,q3)*Vec(nu11,q3)*Vec(nu9,q3)^
         2*Vec(nu13,q2)^2*Vec(nu15,q2)*Vec(nu15,q3)*p4.p4*d^-1*xiw^3*xiz*
         ufoGC58^2*ufoGC69^2
          + 1/2*g_(1,6_,nu10)*g_(2,6_,nu11)*Vec(nu10,q3)*Vec(nu11,q3)*Vec(nu9,
         q3)^2*Vec(nu13,q2)^2*Vec(nu15,q3)^2*p4.p4*d^-1*xiw^3*xiz*ufoGC58^2*
         ufoGC69^2
          + 1/2*g_(1,6_,nu10)*g_(2,6_,nu11)*Vec(nu10,q3)*Vec(nu11,q3)*Vec(nu9,
         q3)^2*Vec(nu13,q2)*Vec(nu13,q3)*p4.p4^2*xiw^3*xiz*ufoGC58^2*ufoGC69^2
          - g_(1,6_,nu10)*g_(2,6_,nu11)*Vec(nu10,q3)*Vec(nu11,q3)*Vec(nu9,q3)^
         2*Vec(nu13,q2)*Vec(nu13,q3)*p4.p4^2*d^-1*xiw^3*xiz*ufoGC58^2*
         ufoGC69^2
          - 1/2*g_(1,6_,nu10)*g_(2,6_,nu11)*Vec(nu10,q3)*Vec(nu11,q3)*Vec(nu9,
         q3)^2*Vec(nu13,q2)*Vec(nu13,q3)*Vec(nu14,q2)^2*p4.p4*d^-1*xiw^3*xiz*
         ufoGC58^2*ufoGC69^2
          - g_(1,6_,nu10)*g_(2,6_,nu11)*Vec(nu10,q3)*Vec(nu11,q3)*Vec(nu9,q3)^
         2*Vec(nu13,q2)*Vec(nu13,q3)*Vec(nu14,q2)*Vec(nu14,q3)*p4.p4*d^-1*
         xiw^3*xiz*ufoGC58^2*ufoGC69^2
          - 1/2*g_(1,6_,nu10)*g_(2,6_,nu11)*Vec(nu10,q3)*Vec(nu11,q3)*Vec(nu9,
         q3)^2*Vec(nu13,q2)*Vec(nu13,q3)*Vec(nu14,q3)^2*p4.p4*d^-1*xiw^3*xiz*
         ufoGC58^2*ufoGC69^2
          + g_(1,6_,nu10)*g_(2,6_,nu11)*Vec(nu10,q3)*Vec(nu11,q3)*Vec(nu9,q3)^
         2*Vec(nu13,q2)*Vec(nu13,q3)*Vec(nu15,q2)^2*p4.p4*d^-1*xiw^3*xiz*
         ufoGC58^2*ufoGC69^2
          + 2*g_(1,6_,nu10)*g_(2,6_,nu11)*Vec(nu10,q3)*Vec(nu11,q3)*Vec(nu9,q3
         )^2*Vec(nu13,q2)*Vec(nu13,q3)*Vec(nu15,q2)*Vec(nu15,q3)*p4.p4*d^-1*
         xiw^3*xiz*ufoGC58^2*ufoGC69^2
          + g_(1,6_,nu10)*g_(2,6_,nu11)*Vec(nu10,q3)*Vec(nu11,q3)*Vec(nu9,q3)^
         2*Vec(nu13,q2)*Vec(nu13,q3)*Vec(nu15,q3)^2*p4.p4*d^-1*xiw^3*xiz*
         ufoGC58^2*ufoGC69^2
          + 1/4*g_(1,6_,nu10)*g_(2,6_,nu11)*Vec(nu10,q3)*Vec(nu11,q3)*Vec(nu9,
         q3)^2*Vec(nu13,q3)^2*p4.p4^2*xiw^3*xiz*ufoGC58^2*ufoGC69^2
          - 1/2*g_(1,6_,nu10)*g_(2,6_,nu11)*Vec(nu10,q3)*Vec(nu11,q3)*Vec(nu9,
         q3)^2*Vec(nu13,q3)^2*p4.p4^2*d^-1*xiw^3*xiz*ufoGC58^2*ufoGC69^2
          - 1/4*g_(1,6_,nu10)*g_(2,6_,nu11)*Vec(nu10,q3)*Vec(nu11,q3)*Vec(nu9,
         q3)^2*Vec(nu13,q3)^2*Vec(nu14,q2)^2*p4.p4*d^-1*xiw^3*xiz*ufoGC58^2*
         ufoGC69^2
          - 1/2*g_(1,6_,nu10)*g_(2,6_,nu11)*Vec(nu10,q3)*Vec(nu11,q3)*Vec(nu9,
         q3)^2*Vec(nu13,q3)^2*Vec(nu14,q2)*Vec(nu14,q3)*p4.p4*d^-1*xiw^3*xiz*
         ufoGC58^2*ufoGC69^2
          - 1/4*g_(1,6_,nu10)*g_(2,6_,nu11)*Vec(nu10,q3)*Vec(nu11,q3)*Vec(nu9,
         q3)^2*Vec(nu13,q3)^2*Vec(nu14,q3)^2*p4.p4*d^-1*xiw^3*xiz*ufoGC58^2*
         ufoGC69^2
          + 1/2*g_(1,6_,nu10)*g_(2,6_,nu11)*Vec(nu10,q3)*Vec(nu11,q3)*Vec(nu9,
         q3)^2*Vec(nu13,q3)^2*Vec(nu15,q2)^2*p4.p4*d^-1*xiw^3*xiz*ufoGC58^2*
         ufoGC69^2
          + g_(1,6_,nu10)*g_(2,6_,nu11)*Vec(nu10,q3)*Vec(nu11,q3)*Vec(nu9,q3)^
         2*Vec(nu13,q3)^2*Vec(nu15,q2)*Vec(nu15,q3)*p4.p4*d^-1*xiw^3*xiz*
         ufoGC58^2*ufoGC69^2
          + 1/2*g_(1,6_,nu10)*g_(2,6_,nu11)*Vec(nu10,q3)*Vec(nu11,q3)*Vec(nu9,
         q3)^2*Vec(nu13,q3)^2*Vec(nu15,q3)^2*p4.p4*d^-1*xiw^3*xiz*ufoGC58^2*
         ufoGC69^2
          + 1/2*g_(1,6_,nu10)*g_(2,6_,nu11)*Vec(nu10,q3)*Vec(nu11,q3)*Vec(nu9,
         q3)^2*Vec(nu15,q2)^2*p4.p4^2*d^-1*xiw^3*xiz*ufoGC58^2*ufoGC69^2
          + g_(1,6_,nu10)*g_(2,6_,nu11)*Vec(nu10,q3)*Vec(nu11,q3)*Vec(nu9,q3)^
         2*Vec(nu15,q2)*Vec(nu15,q3)*p4.p4^2*d^-1*xiw^3*xiz*ufoGC58^2*
         ufoGC69^2
          + 1/2*g_(1,6_,nu10)*g_(2,6_,nu11)*Vec(nu10,q3)*Vec(nu11,q3)*Vec(nu9,
         q3)^2*Vec(nu15,q3)^2*p4.p4^2*d^-1*xiw^3*xiz*ufoGC58^2*ufoGC69^2
          - 1/2*g_(1,6_,nu10)*g_(2,6_,nu11)*Vec(nu10,q3)*Vec(nu11,q3)*Vec(nu12
         ,q2)^2*p4.p4^3*d^-1*xiw^3*xiz*ufoGC58^2*ufoGC69^2
          - g_(1,6_,nu10)*g_(2,6_,nu11)*Vec(nu10,q3)*Vec(nu11,q3)*Vec(nu12,q2)
         ^2*Vec(nu13,q2)^2*p4.p4^2*d^-1*xiw^3*xiz*ufoGC58^2*ufoGC69^2
          - 2*g_(1,6_,nu10)*g_(2,6_,nu11)*Vec(nu10,q3)*Vec(nu11,q3)*Vec(nu12,
         q2)^2*Vec(nu13,q2)*Vec(nu13,q3)*p4.p4^2*d^-1*xiw^3*xiz*ufoGC58^2*
         ufoGC69^2
          - g_(1,6_,nu10)*g_(2,6_,nu11)*Vec(nu10,q3)*Vec(nu11,q3)*Vec(nu12,q2)
         ^2*Vec(nu13,q3)^2*p4.p4^2*d^-1*xiw^3*xiz*ufoGC58^2*ufoGC69^2
          + 1/4*g_(1,6_,nu10)*g_(2,6_,nu11)*Vec(nu10,q3)*Vec(nu11,q3)*Vec(nu12
         ,q2)^2*Vec(nu14,q2)^2*p4.p4^2*xiw^3*xiz*ufoGC58^2*ufoGC69^2
          - 1/4*g_(1,6_,nu10)*g_(2,6_,nu11)*Vec(nu10,q3)*Vec(nu11,q3)*Vec(nu12
         ,q2)^2*Vec(nu14,q2)^2*p4.p4^2*d^-1*xiw^3*xiz*ufoGC58^2*ufoGC69^2
          + 1/4*g_(1,6_,nu10)*g_(2,6_,nu11)*Vec(nu10,q3)*Vec(nu11,q3)*Vec(nu12
         ,q2)^2*Vec(nu14,q2)^2*Vec(nu16,q2)^2*p4.p4*d^-1*xiw^3*xiz*ufoGC58^2*
         ufoGC69^2
          + 1/2*g_(1,6_,nu10)*g_(2,6_,nu11)*Vec(nu10,q3)*Vec(nu11,q3)*Vec(nu12
         ,q2)^2*Vec(nu14,q2)^2*Vec(nu16,q2)*Vec(nu16,q3)*p4.p4*d^-1*xiw^3*xiz*
         ufoGC58^2*ufoGC69^2
          + 1/4*g_(1,6_,nu10)*g_(2,6_,nu11)*Vec(nu10,q3)*Vec(nu11,q3)*Vec(nu12
         ,q2)^2*Vec(nu14,q2)^2*Vec(nu16,q3)^2*p4.p4*d^-1*xiw^3*xiz*ufoGC58^2*
         ufoGC69^2
          + 1/2*g_(1,6_,nu10)*g_(2,6_,nu11)*Vec(nu10,q3)*Vec(nu11,q3)*Vec(nu12
         ,q2)^2*Vec(nu14,q2)*Vec(nu14,q3)*p4.p4^2*xiw^3*xiz*ufoGC58^2*
         ufoGC69^2
          - 1/2*g_(1,6_,nu10)*g_(2,6_,nu11)*Vec(nu10,q3)*Vec(nu11,q3)*Vec(nu12
         ,q2)^2*Vec(nu14,q2)*Vec(nu14,q3)*p4.p4^2*d^-1*xiw^3*xiz*ufoGC58^2*
         ufoGC69^2
          + 1/2*g_(1,6_,nu10)*g_(2,6_,nu11)*Vec(nu10,q3)*Vec(nu11,q3)*Vec(nu12
         ,q2)^2*Vec(nu14,q2)*Vec(nu14,q3)*Vec(nu16,q2)^2*p4.p4*d^-1*xiw^3*xiz*
         ufoGC58^2*ufoGC69^2
          + g_(1,6_,nu10)*g_(2,6_,nu11)*Vec(nu10,q3)*Vec(nu11,q3)*Vec(nu12,q2)
         ^2*Vec(nu14,q2)*Vec(nu14,q3)*Vec(nu16,q2)*Vec(nu16,q3)*p4.p4*d^-1*
         xiw^3*xiz*ufoGC58^2*ufoGC69^2
          + 1/2*g_(1,6_,nu10)*g_(2,6_,nu11)*Vec(nu10,q3)*Vec(nu11,q3)*Vec(nu12
         ,q2)^2*Vec(nu14,q2)*Vec(nu14,q3)*Vec(nu16,q3)^2*p4.p4*d^-1*xiw^3*xiz*
         ufoGC58^2*ufoGC69^2
          + 1/4*g_(1,6_,nu10)*g_(2,6_,nu11)*Vec(nu10,q3)*Vec(nu11,q3)*Vec(nu12
         ,q2)^2*Vec(nu14,q3)^2*p4.p4^2*xiw^3*xiz*ufoGC58^2*ufoGC69^2
          - 1/4*g_(1,6_,nu10)*g_(2,6_,nu11)*Vec(nu10,q3)*Vec(nu11,q3)*Vec(nu12
         ,q2)^2*Vec(nu14,q3)^2*p4.p4^2*d^-1*xiw^3*xiz*ufoGC58^2*ufoGC69^2
          + 1/4*g_(1,6_,nu10)*g_(2,6_,nu11)*Vec(nu10,q3)*Vec(nu11,q3)*Vec(nu12
         ,q2)^2*Vec(nu14,q3)^2*Vec(nu16,q2)^2*p4.p4*d^-1*xiw^3*xiz*ufoGC58^2*
         ufoGC69^2
          + 1/2*g_(1,6_,nu10)*g_(2,6_,nu11)*Vec(nu10,q3)*Vec(nu11,q3)*Vec(nu12
         ,q2)^2*Vec(nu14,q3)^2*Vec(nu16,q2)*Vec(nu16,q3)*p4.p4*d^-1*xiw^3*xiz*
         ufoGC58^2*ufoGC69^2
          + 1/4*g_(1,6_,nu10)*g_(2,6_,nu11)*Vec(nu10,q3)*Vec(nu11,q3)*Vec(nu12
         ,q2)^2*Vec(nu14,q3)^2*Vec(nu16,q3)^2*p4.p4*d^-1*xiw^3*xiz*ufoGC58^2*
         ufoGC69^2
          + 3/4*g_(1,6_,nu10)*g_(2,6_,nu11)*Vec(nu10,q3)*Vec(nu11,q3)*Vec(nu12
         ,q2)^2*Vec(nu16,q2)^2*p4.p4^2*d^-1*xiw^3*xiz*ufoGC58^2*ufoGC69^2
          + 3/2*g_(1,6_,nu10)*g_(2,6_,nu11)*Vec(nu10,q3)*Vec(nu11,q3)*Vec(nu12
         ,q2)^2*Vec(nu16,q2)*Vec(nu16,q3)*p4.p4^2*d^-1*xiw^3*xiz*ufoGC58^2*
         ufoGC69^2
          + 3/4*g_(1,6_,nu10)*g_(2,6_,nu11)*Vec(nu10,q3)*Vec(nu11,q3)*Vec(nu12
         ,q2)^2*Vec(nu16,q3)^2*p4.p4^2*d^-1*xiw^3*xiz*ufoGC58^2*ufoGC69^2
          - g_(1,6_,nu10)*g_(2,6_,nu11)*Vec(nu10,q3)*Vec(nu11,q3)*Vec(nu12,q2)
         *Vec(nu12,q3)*p4.p4^3*d^-1*xiw^3*xiz*ufoGC58^2*ufoGC69^2
          - 2*g_(1,6_,nu10)*g_(2,6_,nu11)*Vec(nu10,q3)*Vec(nu11,q3)*Vec(nu12,
         q2)*Vec(nu12,q3)*Vec(nu13,q2)^2*p4.p4^2*d^-1*xiw^3*xiz*ufoGC58^2*
         ufoGC69^2
          - 4*g_(1,6_,nu10)*g_(2,6_,nu11)*Vec(nu10,q3)*Vec(nu11,q3)*Vec(nu12,
         q2)*Vec(nu12,q3)*Vec(nu13,q2)*Vec(nu13,q3)*p4.p4^2*d^-1*xiw^3*xiz*
         ufoGC58^2*ufoGC69^2
          - 2*g_(1,6_,nu10)*g_(2,6_,nu11)*Vec(nu10,q3)*Vec(nu11,q3)*Vec(nu12,
         q2)*Vec(nu12,q3)*Vec(nu13,q3)^2*p4.p4^2*d^-1*xiw^3*xiz*ufoGC58^2*
         ufoGC69^2
          + 1/2*g_(1,6_,nu10)*g_(2,6_,nu11)*Vec(nu10,q3)*Vec(nu11,q3)*Vec(nu12
         ,q2)*Vec(nu12,q3)*Vec(nu14,q2)^2*p4.p4^2*xiw^3*xiz*ufoGC58^2*
         ufoGC69^2
          - 1/2*g_(1,6_,nu10)*g_(2,6_,nu11)*Vec(nu10,q3)*Vec(nu11,q3)*Vec(nu12
         ,q2)*Vec(nu12,q3)*Vec(nu14,q2)^2*p4.p4^2*d^-1*xiw^3*xiz*ufoGC58^2*
         ufoGC69^2
          + 1/2*g_(1,6_,nu10)*g_(2,6_,nu11)*Vec(nu10,q3)*Vec(nu11,q3)*Vec(nu12
         ,q2)*Vec(nu12,q3)*Vec(nu14,q2)^2*Vec(nu16,q2)^2*p4.p4*d^-1*xiw^3*xiz*
         ufoGC58^2*ufoGC69^2
          + g_(1,6_,nu10)*g_(2,6_,nu11)*Vec(nu10,q3)*Vec(nu11,q3)*Vec(nu12,q2)
         *Vec(nu12,q3)*Vec(nu14,q2)^2*Vec(nu16,q2)*Vec(nu16,q3)*p4.p4*d^-1*
         xiw^3*xiz*ufoGC58^2*ufoGC69^2
          + 1/2*g_(1,6_,nu10)*g_(2,6_,nu11)*Vec(nu10,q3)*Vec(nu11,q3)*Vec(nu12
         ,q2)*Vec(nu12,q3)*Vec(nu14,q2)^2*Vec(nu16,q3)^2*p4.p4*d^-1*xiw^3*xiz*
         ufoGC58^2*ufoGC69^2
          + g_(1,6_,nu10)*g_(2,6_,nu11)*Vec(nu10,q3)*Vec(nu11,q3)*Vec(nu12,q2)
         *Vec(nu12,q3)*Vec(nu14,q2)*Vec(nu14,q3)*p4.p4^2*xiw^3*xiz*ufoGC58^2*
         ufoGC69^2
          - g_(1,6_,nu10)*g_(2,6_,nu11)*Vec(nu10,q3)*Vec(nu11,q3)*Vec(nu12,q2)
         *Vec(nu12,q3)*Vec(nu14,q2)*Vec(nu14,q3)*p4.p4^2*d^-1*xiw^3*xiz*
         ufoGC58^2*ufoGC69^2
          + g_(1,6_,nu10)*g_(2,6_,nu11)*Vec(nu10,q3)*Vec(nu11,q3)*Vec(nu12,q2)
         *Vec(nu12,q3)*Vec(nu14,q2)*Vec(nu14,q3)*Vec(nu16,q2)^2*p4.p4*d^-1*
         xiw^3*xiz*ufoGC58^2*ufoGC69^2
          + 2*g_(1,6_,nu10)*g_(2,6_,nu11)*Vec(nu10,q3)*Vec(nu11,q3)*Vec(nu12,
         q2)*Vec(nu12,q3)*Vec(nu14,q2)*Vec(nu14,q3)*Vec(nu16,q2)*Vec(nu16,q3)*
         p4.p4*d^-1*xiw^3*xiz*ufoGC58^2*ufoGC69^2
          + g_(1,6_,nu10)*g_(2,6_,nu11)*Vec(nu10,q3)*Vec(nu11,q3)*Vec(nu12,q2)
         *Vec(nu12,q3)*Vec(nu14,q2)*Vec(nu14,q3)*Vec(nu16,q3)^2*p4.p4*d^-1*
         xiw^3*xiz*ufoGC58^2*ufoGC69^2
          + 1/2*g_(1,6_,nu10)*g_(2,6_,nu11)*Vec(nu10,q3)*Vec(nu11,q3)*Vec(nu12
         ,q2)*Vec(nu12,q3)*Vec(nu14,q3)^2*p4.p4^2*xiw^3*xiz*ufoGC58^2*
         ufoGC69^2
          - 1/2*g_(1,6_,nu10)*g_(2,6_,nu11)*Vec(nu10,q3)*Vec(nu11,q3)*Vec(nu12
         ,q2)*Vec(nu12,q3)*Vec(nu14,q3)^2*p4.p4^2*d^-1*xiw^3*xiz*ufoGC58^2*
         ufoGC69^2
          + 1/2*g_(1,6_,nu10)*g_(2,6_,nu11)*Vec(nu10,q3)*Vec(nu11,q3)*Vec(nu12
         ,q2)*Vec(nu12,q3)*Vec(nu14,q3)^2*Vec(nu16,q2)^2*p4.p4*d^-1*xiw^3*xiz*
         ufoGC58^2*ufoGC69^2
          + g_(1,6_,nu10)*g_(2,6_,nu11)*Vec(nu10,q3)*Vec(nu11,q3)*Vec(nu12,q2)
         *Vec(nu12,q3)*Vec(nu14,q3)^2*Vec(nu16,q2)*Vec(nu16,q3)*p4.p4*d^-1*
         xiw^3*xiz*ufoGC58^2*ufoGC69^2
          + 1/2*g_(1,6_,nu10)*g_(2,6_,nu11)*Vec(nu10,q3)*Vec(nu11,q3)*Vec(nu12
         ,q2)*Vec(nu12,q3)*Vec(nu14,q3)^2*Vec(nu16,q3)^2*p4.p4*d^-1*xiw^3*xiz*
         ufoGC58^2*ufoGC69^2
          + 3/2*g_(1,6_,nu10)*g_(2,6_,nu11)*Vec(nu10,q3)*Vec(nu11,q3)*Vec(nu12
         ,q2)*Vec(nu12,q3)*Vec(nu16,q2)^2*p4.p4^2*d^-1*xiw^3*xiz*ufoGC58^2*
         ufoGC69^2
          + 3*g_(1,6_,nu10)*g_(2,6_,nu11)*Vec(nu10,q3)*Vec(nu11,q3)*Vec(nu12,
         q2)*Vec(nu12,q3)*Vec(nu16,q2)*Vec(nu16,q3)*p4.p4^2*d^-1*xiw^3*xiz*
         ufoGC58^2*ufoGC69^2
          + 3/2*g_(1,6_,nu10)*g_(2,6_,nu11)*Vec(nu10,q3)*Vec(nu11,q3)*Vec(nu12
         ,q2)*Vec(nu12,q3)*Vec(nu16,q3)^2*p4.p4^2*d^-1*xiw^3*xiz*ufoGC58^2*
         ufoGC69^2
          - 1/2*g_(1,6_,nu10)*g_(2,6_,nu11)*Vec(nu10,q3)*Vec(nu11,q3)*Vec(nu12
         ,q3)^2*p4.p4^3*d^-1*xiw^3*xiz*ufoGC58^2*ufoGC69^2
          - g_(1,6_,nu10)*g_(2,6_,nu11)*Vec(nu10,q3)*Vec(nu11,q3)*Vec(nu12,q3)
         ^2*Vec(nu13,q2)^2*p4.p4^2*d^-1*xiw^3*xiz*ufoGC58^2*ufoGC69^2
          - 2*g_(1,6_,nu10)*g_(2,6_,nu11)*Vec(nu10,q3)*Vec(nu11,q3)*Vec(nu12,
         q3)^2*Vec(nu13,q2)*Vec(nu13,q3)*p4.p4^2*d^-1*xiw^3*xiz*ufoGC58^2*
         ufoGC69^2
          - g_(1,6_,nu10)*g_(2,6_,nu11)*Vec(nu10,q3)*Vec(nu11,q3)*Vec(nu12,q3)
         ^2*Vec(nu13,q3)^2*p4.p4^2*d^-1*xiw^3*xiz*ufoGC58^2*ufoGC69^2
          + 1/4*g_(1,6_,nu10)*g_(2,6_,nu11)*Vec(nu10,q3)*Vec(nu11,q3)*Vec(nu12
         ,q3)^2*Vec(nu14,q2)^2*p4.p4^2*xiw^3*xiz*ufoGC58^2*ufoGC69^2
          - 1/4*g_(1,6_,nu10)*g_(2,6_,nu11)*Vec(nu10,q3)*Vec(nu11,q3)*Vec(nu12
         ,q3)^2*Vec(nu14,q2)^2*p4.p4^2*d^-1*xiw^3*xiz*ufoGC58^2*ufoGC69^2
          + 1/4*g_(1,6_,nu10)*g_(2,6_,nu11)*Vec(nu10,q3)*Vec(nu11,q3)*Vec(nu12
         ,q3)^2*Vec(nu14,q2)^2*Vec(nu16,q2)^2*p4.p4*d^-1*xiw^3*xiz*ufoGC58^2*
         ufoGC69^2
          + 1/2*g_(1,6_,nu10)*g_(2,6_,nu11)*Vec(nu10,q3)*Vec(nu11,q3)*Vec(nu12
         ,q3)^2*Vec(nu14,q2)^2*Vec(nu16,q2)*Vec(nu16,q3)*p4.p4*d^-1*xiw^3*xiz*
         ufoGC58^2*ufoGC69^2
          + 1/4*g_(1,6_,nu10)*g_(2,6_,nu11)*Vec(nu10,q3)*Vec(nu11,q3)*Vec(nu12
         ,q3)^2*Vec(nu14,q2)^2*Vec(nu16,q3)^2*p4.p4*d^-1*xiw^3*xiz*ufoGC58^2*
         ufoGC69^2
          + 1/2*g_(1,6_,nu10)*g_(2,6_,nu11)*Vec(nu10,q3)*Vec(nu11,q3)*Vec(nu12
         ,q3)^2*Vec(nu14,q2)*Vec(nu14,q3)*p4.p4^2*xiw^3*xiz*ufoGC58^2*
         ufoGC69^2
          - 1/2*g_(1,6_,nu10)*g_(2,6_,nu11)*Vec(nu10,q3)*Vec(nu11,q3)*Vec(nu12
         ,q3)^2*Vec(nu14,q2)*Vec(nu14,q3)*p4.p4^2*d^-1*xiw^3*xiz*ufoGC58^2*
         ufoGC69^2
          + 1/2*g_(1,6_,nu10)*g_(2,6_,nu11)*Vec(nu10,q3)*Vec(nu11,q3)*Vec(nu12
         ,q3)^2*Vec(nu14,q2)*Vec(nu14,q3)*Vec(nu16,q2)^2*p4.p4*d^-1*xiw^3*xiz*
         ufoGC58^2*ufoGC69^2
          + g_(1,6_,nu10)*g_(2,6_,nu11)*Vec(nu10,q3)*Vec(nu11,q3)*Vec(nu12,q3)
         ^2*Vec(nu14,q2)*Vec(nu14,q3)*Vec(nu16,q2)*Vec(nu16,q3)*p4.p4*d^-1*
         xiw^3*xiz*ufoGC58^2*ufoGC69^2
          + 1/2*g_(1,6_,nu10)*g_(2,6_,nu11)*Vec(nu10,q3)*Vec(nu11,q3)*Vec(nu12
         ,q3)^2*Vec(nu14,q2)*Vec(nu14,q3)*Vec(nu16,q3)^2*p4.p4*d^-1*xiw^3*xiz*
         ufoGC58^2*ufoGC69^2
          + 1/4*g_(1,6_,nu10)*g_(2,6_,nu11)*Vec(nu10,q3)*Vec(nu11,q3)*Vec(nu12
         ,q3)^2*Vec(nu14,q3)^2*p4.p4^2*xiw^3*xiz*ufoGC58^2*ufoGC69^2
          - 1/4*g_(1,6_,nu10)*g_(2,6_,nu11)*Vec(nu10,q3)*Vec(nu11,q3)*Vec(nu12
         ,q3)^2*Vec(nu14,q3)^2*p4.p4^2*d^-1*xiw^3*xiz*ufoGC58^2*ufoGC69^2
          + 1/4*g_(1,6_,nu10)*g_(2,6_,nu11)*Vec(nu10,q3)*Vec(nu11,q3)*Vec(nu12
         ,q3)^2*Vec(nu14,q3)^2*Vec(nu16,q2)^2*p4.p4*d^-1*xiw^3*xiz*ufoGC58^2*
         ufoGC69^2
          + 1/2*g_(1,6_,nu10)*g_(2,6_,nu11)*Vec(nu10,q3)*Vec(nu11,q3)*Vec(nu12
         ,q3)^2*Vec(nu14,q3)^2*Vec(nu16,q2)*Vec(nu16,q3)*p4.p4*d^-1*xiw^3*xiz*
         ufoGC58^2*ufoGC69^2
          + 1/4*g_(1,6_,nu10)*g_(2,6_,nu11)*Vec(nu10,q3)*Vec(nu11,q3)*Vec(nu12
         ,q3)^2*Vec(nu14,q3)^2*Vec(nu16,q3)^2*p4.p4*d^-1*xiw^3*xiz*ufoGC58^2*
         ufoGC69^2
          + 3/4*g_(1,6_,nu10)*g_(2,6_,nu11)*Vec(nu10,q3)*Vec(nu11,q3)*Vec(nu12
         ,q3)^2*Vec(nu16,q2)^2*p4.p4^2*d^-1*xiw^3*xiz*ufoGC58^2*ufoGC69^2
          + 3/2*g_(1,6_,nu10)*g_(2,6_,nu11)*Vec(nu10,q3)*Vec(nu11,q3)*Vec(nu12
         ,q3)^2*Vec(nu16,q2)*Vec(nu16,q3)*p4.p4^2*d^-1*xiw^3*xiz*ufoGC58^2*
         ufoGC69^2
          + 3/4*g_(1,6_,nu10)*g_(2,6_,nu11)*Vec(nu10,q3)*Vec(nu11,q3)*Vec(nu12
         ,q3)^2*Vec(nu16,q3)^2*p4.p4^2*d^-1*xiw^3*xiz*ufoGC58^2*ufoGC69^2
          + 1/2*g_(1,6_,nu10)*g_(2,6_,nu11)*Vec(nu10,q3)*Vec(nu11,q3)*Vec(nu13
         ,q2)^2*p4.p4^3*d^-1*xiw^3*xiz*ufoGC58^2*ufoGC69^2
          - 1/4*g_(1,6_,nu10)*g_(2,6_,nu11)*Vec(nu10,q3)*Vec(nu11,q3)*Vec(nu13
         ,q2)^2*Vec(nu14,q2)^2*p4.p4^2*xiw^3*xiz*ufoGC58^2*ufoGC69^2
          + 5/4*g_(1,6_,nu10)*g_(2,6_,nu11)*Vec(nu10,q3)*Vec(nu11,q3)*Vec(nu13
         ,q2)^2*Vec(nu14,q2)^2*p4.p4^2*d^-1*xiw^3*xiz*ufoGC58^2*ufoGC69^2
          + 1/4*g_(1,6_,nu10)*g_(2,6_,nu11)*Vec(nu10,q3)*Vec(nu11,q3)*Vec(nu13
         ,q2)^2*Vec(nu14,q2)^2*Vec(nu16,q2)^2*p4.p4*d^-1*xiw^3*xiz*ufoGC58^2*
         ufoGC69^2
          + 1/2*g_(1,6_,nu10)*g_(2,6_,nu11)*Vec(nu10,q3)*Vec(nu11,q3)*Vec(nu13
         ,q2)^2*Vec(nu14,q2)^2*Vec(nu16,q2)*Vec(nu16,q3)*p4.p4*d^-1*xiw^3*xiz*
         ufoGC58^2*ufoGC69^2
          + 1/4*g_(1,6_,nu10)*g_(2,6_,nu11)*Vec(nu10,q3)*Vec(nu11,q3)*Vec(nu13
         ,q2)^2*Vec(nu14,q2)^2*Vec(nu16,q3)^2*p4.p4*d^-1*xiw^3*xiz*ufoGC58^2*
         ufoGC69^2
          - 1/2*g_(1,6_,nu10)*g_(2,6_,nu11)*Vec(nu10,q3)*Vec(nu11,q3)*Vec(nu13
         ,q2)^2*Vec(nu14,q2)^2*Vec(nu15,q2)^2*p4.p4*d^-1*xiw^3*xiz*ufoGC58^2*
         ufoGC69^2
          - g_(1,6_,nu10)*g_(2,6_,nu11)*Vec(nu10,q3)*Vec(nu11,q3)*Vec(nu13,q2)
         ^2*Vec(nu14,q2)^2*Vec(nu15,q2)*Vec(nu15,q3)*p4.p4*d^-1*xiw^3*xiz*
         ufoGC58^2*ufoGC69^2
          - 1/2*g_(1,6_,nu10)*g_(2,6_,nu11)*Vec(nu10,q3)*Vec(nu11,q3)*Vec(nu13
         ,q2)^2*Vec(nu14,q2)^2*Vec(nu15,q3)^2*p4.p4*d^-1*xiw^3*xiz*ufoGC58^2*
         ufoGC69^2
          - 1/2*g_(1,6_,nu10)*g_(2,6_,nu11)*Vec(nu10,q3)*Vec(nu11,q3)*Vec(nu13
         ,q2)^2*Vec(nu14,q2)*Vec(nu14,q3)*p4.p4^2*xiw^3*xiz*ufoGC58^2*
         ufoGC69^2
          + 5/2*g_(1,6_,nu10)*g_(2,6_,nu11)*Vec(nu10,q3)*Vec(nu11,q3)*Vec(nu13
         ,q2)^2*Vec(nu14,q2)*Vec(nu14,q3)*p4.p4^2*d^-1*xiw^3*xiz*ufoGC58^2*
         ufoGC69^2
          + 1/2*g_(1,6_,nu10)*g_(2,6_,nu11)*Vec(nu10,q3)*Vec(nu11,q3)*Vec(nu13
         ,q2)^2*Vec(nu14,q2)*Vec(nu14,q3)*Vec(nu16,q2)^2*p4.p4*d^-1*xiw^3*xiz*
         ufoGC58^2*ufoGC69^2
          + g_(1,6_,nu10)*g_(2,6_,nu11)*Vec(nu10,q3)*Vec(nu11,q3)*Vec(nu13,q2)
         ^2*Vec(nu14,q2)*Vec(nu14,q3)*Vec(nu16,q2)*Vec(nu16,q3)*p4.p4*d^-1*
         xiw^3*xiz*ufoGC58^2*ufoGC69^2
          + 1/2*g_(1,6_,nu10)*g_(2,6_,nu11)*Vec(nu10,q3)*Vec(nu11,q3)*Vec(nu13
         ,q2)^2*Vec(nu14,q2)*Vec(nu14,q3)*Vec(nu16,q3)^2*p4.p4*d^-1*xiw^3*xiz*
         ufoGC58^2*ufoGC69^2
          - g_(1,6_,nu10)*g_(2,6_,nu11)*Vec(nu10,q3)*Vec(nu11,q3)*Vec(nu13,q2)
         ^2*Vec(nu14,q2)*Vec(nu14,q3)*Vec(nu15,q2)^2*p4.p4*d^-1*xiw^3*xiz*
         ufoGC58^2*ufoGC69^2
          - 2*g_(1,6_,nu10)*g_(2,6_,nu11)*Vec(nu10,q3)*Vec(nu11,q3)*Vec(nu13,
         q2)^2*Vec(nu14,q2)*Vec(nu14,q3)*Vec(nu15,q2)*Vec(nu15,q3)*p4.p4*d^-1*
         xiw^3*xiz*ufoGC58^2*ufoGC69^2
          - g_(1,6_,nu10)*g_(2,6_,nu11)*Vec(nu10,q3)*Vec(nu11,q3)*Vec(nu13,q2)
         ^2*Vec(nu14,q2)*Vec(nu14,q3)*Vec(nu15,q3)^2*p4.p4*d^-1*xiw^3*xiz*
         ufoGC58^2*ufoGC69^2
          - 1/4*g_(1,6_,nu10)*g_(2,6_,nu11)*Vec(nu10,q3)*Vec(nu11,q3)*Vec(nu13
         ,q2)^2*Vec(nu14,q3)^2*p4.p4^2*xiw^3*xiz*ufoGC58^2*ufoGC69^2
          + 5/4*g_(1,6_,nu10)*g_(2,6_,nu11)*Vec(nu10,q3)*Vec(nu11,q3)*Vec(nu13
         ,q2)^2*Vec(nu14,q3)^2*p4.p4^2*d^-1*xiw^3*xiz*ufoGC58^2*ufoGC69^2
          + 1/4*g_(1,6_,nu10)*g_(2,6_,nu11)*Vec(nu10,q3)*Vec(nu11,q3)*Vec(nu13
         ,q2)^2*Vec(nu14,q3)^2*Vec(nu16,q2)^2*p4.p4*d^-1*xiw^3*xiz*ufoGC58^2*
         ufoGC69^2
          + 1/2*g_(1,6_,nu10)*g_(2,6_,nu11)*Vec(nu10,q3)*Vec(nu11,q3)*Vec(nu13
         ,q2)^2*Vec(nu14,q3)^2*Vec(nu16,q2)*Vec(nu16,q3)*p4.p4*d^-1*xiw^3*xiz*
         ufoGC58^2*ufoGC69^2
          + 1/4*g_(1,6_,nu10)*g_(2,6_,nu11)*Vec(nu10,q3)*Vec(nu11,q3)*Vec(nu13
         ,q2)^2*Vec(nu14,q3)^2*Vec(nu16,q3)^2*p4.p4*d^-1*xiw^3*xiz*ufoGC58^2*
         ufoGC69^2
          - 1/2*g_(1,6_,nu10)*g_(2,6_,nu11)*Vec(nu10,q3)*Vec(nu11,q3)*Vec(nu13
         ,q2)^2*Vec(nu14,q3)^2*Vec(nu15,q2)^2*p4.p4*d^-1*xiw^3*xiz*ufoGC58^2*
         ufoGC69^2
          - g_(1,6_,nu10)*g_(2,6_,nu11)*Vec(nu10,q3)*Vec(nu11,q3)*Vec(nu13,q2)
         ^2*Vec(nu14,q3)^2*Vec(nu15,q2)*Vec(nu15,q3)*p4.p4*d^-1*xiw^3*xiz*
         ufoGC58^2*ufoGC69^2
          - 1/2*g_(1,6_,nu10)*g_(2,6_,nu11)*Vec(nu10,q3)*Vec(nu11,q3)*Vec(nu13
         ,q2)^2*Vec(nu14,q3)^2*Vec(nu15,q3)^2*p4.p4*d^-1*xiw^3*xiz*ufoGC58^2*
         ufoGC69^2
          - 1/4*g_(1,6_,nu10)*g_(2,6_,nu11)*Vec(nu10,q3)*Vec(nu11,q3)*Vec(nu13
         ,q2)^2*Vec(nu16,q2)^2*p4.p4^2*d^-1*xiw^3*xiz*ufoGC58^2*ufoGC69^2
          - 1/2*g_(1,6_,nu10)*g_(2,6_,nu11)*Vec(nu10,q3)*Vec(nu11,q3)*Vec(nu13
         ,q2)^2*Vec(nu16,q2)*Vec(nu16,q3)*p4.p4^2*d^-1*xiw^3*xiz*ufoGC58^2*
         ufoGC69^2
          - 1/4*g_(1,6_,nu10)*g_(2,6_,nu11)*Vec(nu10,q3)*Vec(nu11,q3)*Vec(nu13
         ,q2)^2*Vec(nu16,q3)^2*p4.p4^2*d^-1*xiw^3*xiz*ufoGC58^2*ufoGC69^2
          + g_(1,6_,nu10)*g_(2,6_,nu11)*Vec(nu10,q3)*Vec(nu11,q3)*Vec(nu13,q2)
         *Vec(nu13,q3)*p4.p4^3*d^-1*xiw^3*xiz*ufoGC58^2*ufoGC69^2
          - 1/2*g_(1,6_,nu10)*g_(2,6_,nu11)*Vec(nu10,q3)*Vec(nu11,q3)*Vec(nu13
         ,q2)*Vec(nu13,q3)*Vec(nu14,q2)^2*p4.p4^2*xiw^3*xiz*ufoGC58^2*
         ufoGC69^2
          + 5/2*g_(1,6_,nu10)*g_(2,6_,nu11)*Vec(nu10,q3)*Vec(nu11,q3)*Vec(nu13
         ,q2)*Vec(nu13,q3)*Vec(nu14,q2)^2*p4.p4^2*d^-1*xiw^3*xiz*ufoGC58^2*
         ufoGC69^2
          + 1/2*g_(1,6_,nu10)*g_(2,6_,nu11)*Vec(nu10,q3)*Vec(nu11,q3)*Vec(nu13
         ,q2)*Vec(nu13,q3)*Vec(nu14,q2)^2*Vec(nu16,q2)^2*p4.p4*d^-1*xiw^3*xiz*
         ufoGC58^2*ufoGC69^2
          + g_(1,6_,nu10)*g_(2,6_,nu11)*Vec(nu10,q3)*Vec(nu11,q3)*Vec(nu13,q2)
         *Vec(nu13,q3)*Vec(nu14,q2)^2*Vec(nu16,q2)*Vec(nu16,q3)*p4.p4*d^-1*
         xiw^3*xiz*ufoGC58^2*ufoGC69^2
          + 1/2*g_(1,6_,nu10)*g_(2,6_,nu11)*Vec(nu10,q3)*Vec(nu11,q3)*Vec(nu13
         ,q2)*Vec(nu13,q3)*Vec(nu14,q2)^2*Vec(nu16,q3)^2*p4.p4*d^-1*xiw^3*xiz*
         ufoGC58^2*ufoGC69^2
          - g_(1,6_,nu10)*g_(2,6_,nu11)*Vec(nu10,q3)*Vec(nu11,q3)*Vec(nu13,q2)
         *Vec(nu13,q3)*Vec(nu14,q2)^2*Vec(nu15,q2)^2*p4.p4*d^-1*xiw^3*xiz*
         ufoGC58^2*ufoGC69^2
          - 2*g_(1,6_,nu10)*g_(2,6_,nu11)*Vec(nu10,q3)*Vec(nu11,q3)*Vec(nu13,
         q2)*Vec(nu13,q3)*Vec(nu14,q2)^2*Vec(nu15,q2)*Vec(nu15,q3)*p4.p4*d^-1*
         xiw^3*xiz*ufoGC58^2*ufoGC69^2
          - g_(1,6_,nu10)*g_(2,6_,nu11)*Vec(nu10,q3)*Vec(nu11,q3)*Vec(nu13,q2)
         *Vec(nu13,q3)*Vec(nu14,q2)^2*Vec(nu15,q3)^2*p4.p4*d^-1*xiw^3*xiz*
         ufoGC58^2*ufoGC69^2
          - g_(1,6_,nu10)*g_(2,6_,nu11)*Vec(nu10,q3)*Vec(nu11,q3)*Vec(nu13,q2)
         *Vec(nu13,q3)*Vec(nu14,q2)*Vec(nu14,q3)*p4.p4^2*xiw^3*xiz*ufoGC58^2*
         ufoGC69^2
          + 5*g_(1,6_,nu10)*g_(2,6_,nu11)*Vec(nu10,q3)*Vec(nu11,q3)*Vec(nu13,
         q2)*Vec(nu13,q3)*Vec(nu14,q2)*Vec(nu14,q3)*p4.p4^2*d^-1*xiw^3*xiz*
         ufoGC58^2*ufoGC69^2
          + g_(1,6_,nu10)*g_(2,6_,nu11)*Vec(nu10,q3)*Vec(nu11,q3)*Vec(nu13,q2)
         *Vec(nu13,q3)*Vec(nu14,q2)*Vec(nu14,q3)*Vec(nu16,q2)^2*p4.p4*d^-1*
         xiw^3*xiz*ufoGC58^2*ufoGC69^2
          + 2*g_(1,6_,nu10)*g_(2,6_,nu11)*Vec(nu10,q3)*Vec(nu11,q3)*Vec(nu13,
         q2)*Vec(nu13,q3)*Vec(nu14,q2)*Vec(nu14,q3)*Vec(nu16,q2)*Vec(nu16,q3)*
         p4.p4*d^-1*xiw^3*xiz*ufoGC58^2*ufoGC69^2
          + g_(1,6_,nu10)*g_(2,6_,nu11)*Vec(nu10,q3)*Vec(nu11,q3)*Vec(nu13,q2)
         *Vec(nu13,q3)*Vec(nu14,q2)*Vec(nu14,q3)*Vec(nu16,q3)^2*p4.p4*d^-1*
         xiw^3*xiz*ufoGC58^2*ufoGC69^2
          - 2*g_(1,6_,nu10)*g_(2,6_,nu11)*Vec(nu10,q3)*Vec(nu11,q3)*Vec(nu13,
         q2)*Vec(nu13,q3)*Vec(nu14,q2)*Vec(nu14,q3)*Vec(nu15,q2)^2*p4.p4*d^-1*
         xiw^3*xiz*ufoGC58^2*ufoGC69^2
          - 4*g_(1,6_,nu10)*g_(2,6_,nu11)*Vec(nu10,q3)*Vec(nu11,q3)*Vec(nu13,
         q2)*Vec(nu13,q3)*Vec(nu14,q2)*Vec(nu14,q3)*Vec(nu15,q2)*Vec(nu15,q3)*
         p4.p4*d^-1*xiw^3*xiz*ufoGC58^2*ufoGC69^2
          - 2*g_(1,6_,nu10)*g_(2,6_,nu11)*Vec(nu10,q3)*Vec(nu11,q3)*Vec(nu13,
         q2)*Vec(nu13,q3)*Vec(nu14,q2)*Vec(nu14,q3)*Vec(nu15,q3)^2*p4.p4*d^-1*
         xiw^3*xiz*ufoGC58^2*ufoGC69^2
          - 1/2*g_(1,6_,nu10)*g_(2,6_,nu11)*Vec(nu10,q3)*Vec(nu11,q3)*Vec(nu13
         ,q2)*Vec(nu13,q3)*Vec(nu14,q3)^2*p4.p4^2*xiw^3*xiz*ufoGC58^2*
         ufoGC69^2
          + 5/2*g_(1,6_,nu10)*g_(2,6_,nu11)*Vec(nu10,q3)*Vec(nu11,q3)*Vec(nu13
         ,q2)*Vec(nu13,q3)*Vec(nu14,q3)^2*p4.p4^2*d^-1*xiw^3*xiz*ufoGC58^2*
         ufoGC69^2
          + 1/2*g_(1,6_,nu10)*g_(2,6_,nu11)*Vec(nu10,q3)*Vec(nu11,q3)*Vec(nu13
         ,q2)*Vec(nu13,q3)*Vec(nu14,q3)^2*Vec(nu16,q2)^2*p4.p4*d^-1*xiw^3*xiz*
         ufoGC58^2*ufoGC69^2
          + g_(1,6_,nu10)*g_(2,6_,nu11)*Vec(nu10,q3)*Vec(nu11,q3)*Vec(nu13,q2)
         *Vec(nu13,q3)*Vec(nu14,q3)^2*Vec(nu16,q2)*Vec(nu16,q3)*p4.p4*d^-1*
         xiw^3*xiz*ufoGC58^2*ufoGC69^2
          + 1/2*g_(1,6_,nu10)*g_(2,6_,nu11)*Vec(nu10,q3)*Vec(nu11,q3)*Vec(nu13
         ,q2)*Vec(nu13,q3)*Vec(nu14,q3)^2*Vec(nu16,q3)^2*p4.p4*d^-1*xiw^3*xiz*
         ufoGC58^2*ufoGC69^2
          - g_(1,6_,nu10)*g_(2,6_,nu11)*Vec(nu10,q3)*Vec(nu11,q3)*Vec(nu13,q2)
         *Vec(nu13,q3)*Vec(nu14,q3)^2*Vec(nu15,q2)^2*p4.p4*d^-1*xiw^3*xiz*
         ufoGC58^2*ufoGC69^2
          - 2*g_(1,6_,nu10)*g_(2,6_,nu11)*Vec(nu10,q3)*Vec(nu11,q3)*Vec(nu13,
         q2)*Vec(nu13,q3)*Vec(nu14,q3)^2*Vec(nu15,q2)*Vec(nu15,q3)*p4.p4*d^-1*
         xiw^3*xiz*ufoGC58^2*ufoGC69^2
          - g_(1,6_,nu10)*g_(2,6_,nu11)*Vec(nu10,q3)*Vec(nu11,q3)*Vec(nu13,q2)
         *Vec(nu13,q3)*Vec(nu14,q3)^2*Vec(nu15,q3)^2*p4.p4*d^-1*xiw^3*xiz*
         ufoGC58^2*ufoGC69^2
          - 1/2*g_(1,6_,nu10)*g_(2,6_,nu11)*Vec(nu10,q3)*Vec(nu11,q3)*Vec(nu13
         ,q2)*Vec(nu13,q3)*Vec(nu16,q2)^2*p4.p4^2*d^-1*xiw^3*xiz*ufoGC58^2*
         ufoGC69^2
          - g_(1,6_,nu10)*g_(2,6_,nu11)*Vec(nu10,q3)*Vec(nu11,q3)*Vec(nu13,q2)
         *Vec(nu13,q3)*Vec(nu16,q2)*Vec(nu16,q3)*p4.p4^2*d^-1*xiw^3*xiz*
         ufoGC58^2*ufoGC69^2
          - 1/2*g_(1,6_,nu10)*g_(2,6_,nu11)*Vec(nu10,q3)*Vec(nu11,q3)*Vec(nu13
         ,q2)*Vec(nu13,q3)*Vec(nu16,q3)^2*p4.p4^2*d^-1*xiw^3*xiz*ufoGC58^2*
         ufoGC69^2
          + 1/2*g_(1,6_,nu10)*g_(2,6_,nu11)*Vec(nu10,q3)*Vec(nu11,q3)*Vec(nu13
         ,q3)^2*p4.p4^3*d^-1*xiw^3*xiz*ufoGC58^2*ufoGC69^2
          - 1/4*g_(1,6_,nu10)*g_(2,6_,nu11)*Vec(nu10,q3)*Vec(nu11,q3)*Vec(nu13
         ,q3)^2*Vec(nu14,q2)^2*p4.p4^2*xiw^3*xiz*ufoGC58^2*ufoGC69^2
          + 5/4*g_(1,6_,nu10)*g_(2,6_,nu11)*Vec(nu10,q3)*Vec(nu11,q3)*Vec(nu13
         ,q3)^2*Vec(nu14,q2)^2*p4.p4^2*d^-1*xiw^3*xiz*ufoGC58^2*ufoGC69^2
          + 1/4*g_(1,6_,nu10)*g_(2,6_,nu11)*Vec(nu10,q3)*Vec(nu11,q3)*Vec(nu13
         ,q3)^2*Vec(nu14,q2)^2*Vec(nu16,q2)^2*p4.p4*d^-1*xiw^3*xiz*ufoGC58^2*
         ufoGC69^2
          + 1/2*g_(1,6_,nu10)*g_(2,6_,nu11)*Vec(nu10,q3)*Vec(nu11,q3)*Vec(nu13
         ,q3)^2*Vec(nu14,q2)^2*Vec(nu16,q2)*Vec(nu16,q3)*p4.p4*d^-1*xiw^3*xiz*
         ufoGC58^2*ufoGC69^2
          + 1/4*g_(1,6_,nu10)*g_(2,6_,nu11)*Vec(nu10,q3)*Vec(nu11,q3)*Vec(nu13
         ,q3)^2*Vec(nu14,q2)^2*Vec(nu16,q3)^2*p4.p4*d^-1*xiw^3*xiz*ufoGC58^2*
         ufoGC69^2
          - 1/2*g_(1,6_,nu10)*g_(2,6_,nu11)*Vec(nu10,q3)*Vec(nu11,q3)*Vec(nu13
         ,q3)^2*Vec(nu14,q2)^2*Vec(nu15,q2)^2*p4.p4*d^-1*xiw^3*xiz*ufoGC58^2*
         ufoGC69^2
          - g_(1,6_,nu10)*g_(2,6_,nu11)*Vec(nu10,q3)*Vec(nu11,q3)*Vec(nu13,q3)
         ^2*Vec(nu14,q2)^2*Vec(nu15,q2)*Vec(nu15,q3)*p4.p4*d^-1*xiw^3*xiz*
         ufoGC58^2*ufoGC69^2
          - 1/2*g_(1,6_,nu10)*g_(2,6_,nu11)*Vec(nu10,q3)*Vec(nu11,q3)*Vec(nu13
         ,q3)^2*Vec(nu14,q2)^2*Vec(nu15,q3)^2*p4.p4*d^-1*xiw^3*xiz*ufoGC58^2*
         ufoGC69^2
          - 1/2*g_(1,6_,nu10)*g_(2,6_,nu11)*Vec(nu10,q3)*Vec(nu11,q3)*Vec(nu13
         ,q3)^2*Vec(nu14,q2)*Vec(nu14,q3)*p4.p4^2*xiw^3*xiz*ufoGC58^2*
         ufoGC69^2
          + 5/2*g_(1,6_,nu10)*g_(2,6_,nu11)*Vec(nu10,q3)*Vec(nu11,q3)*Vec(nu13
         ,q3)^2*Vec(nu14,q2)*Vec(nu14,q3)*p4.p4^2*d^-1*xiw^3*xiz*ufoGC58^2*
         ufoGC69^2
          + 1/2*g_(1,6_,nu10)*g_(2,6_,nu11)*Vec(nu10,q3)*Vec(nu11,q3)*Vec(nu13
         ,q3)^2*Vec(nu14,q2)*Vec(nu14,q3)*Vec(nu16,q2)^2*p4.p4*d^-1*xiw^3*xiz*
         ufoGC58^2*ufoGC69^2
          + g_(1,6_,nu10)*g_(2,6_,nu11)*Vec(nu10,q3)*Vec(nu11,q3)*Vec(nu13,q3)
         ^2*Vec(nu14,q2)*Vec(nu14,q3)*Vec(nu16,q2)*Vec(nu16,q3)*p4.p4*d^-1*
         xiw^3*xiz*ufoGC58^2*ufoGC69^2
          + 1/2*g_(1,6_,nu10)*g_(2,6_,nu11)*Vec(nu10,q3)*Vec(nu11,q3)*Vec(nu13
         ,q3)^2*Vec(nu14,q2)*Vec(nu14,q3)*Vec(nu16,q3)^2*p4.p4*d^-1*xiw^3*xiz*
         ufoGC58^2*ufoGC69^2
          - g_(1,6_,nu10)*g_(2,6_,nu11)*Vec(nu10,q3)*Vec(nu11,q3)*Vec(nu13,q3)
         ^2*Vec(nu14,q2)*Vec(nu14,q3)*Vec(nu15,q2)^2*p4.p4*d^-1*xiw^3*xiz*
         ufoGC58^2*ufoGC69^2
          - 2*g_(1,6_,nu10)*g_(2,6_,nu11)*Vec(nu10,q3)*Vec(nu11,q3)*Vec(nu13,
         q3)^2*Vec(nu14,q2)*Vec(nu14,q3)*Vec(nu15,q2)*Vec(nu15,q3)*p4.p4*d^-1*
         xiw^3*xiz*ufoGC58^2*ufoGC69^2
          - g_(1,6_,nu10)*g_(2,6_,nu11)*Vec(nu10,q3)*Vec(nu11,q3)*Vec(nu13,q3)
         ^2*Vec(nu14,q2)*Vec(nu14,q3)*Vec(nu15,q3)^2*p4.p4*d^-1*xiw^3*xiz*
         ufoGC58^2*ufoGC69^2
          - 1/4*g_(1,6_,nu10)*g_(2,6_,nu11)*Vec(nu10,q3)*Vec(nu11,q3)*Vec(nu13
         ,q3)^2*Vec(nu14,q3)^2*p4.p4^2*xiw^3*xiz*ufoGC58^2*ufoGC69^2
          + 5/4*g_(1,6_,nu10)*g_(2,6_,nu11)*Vec(nu10,q3)*Vec(nu11,q3)*Vec(nu13
         ,q3)^2*Vec(nu14,q3)^2*p4.p4^2*d^-1*xiw^3*xiz*ufoGC58^2*ufoGC69^2
          + 1/4*g_(1,6_,nu10)*g_(2,6_,nu11)*Vec(nu10,q3)*Vec(nu11,q3)*Vec(nu13
         ,q3)^2*Vec(nu14,q3)^2*Vec(nu16,q2)^2*p4.p4*d^-1*xiw^3*xiz*ufoGC58^2*
         ufoGC69^2
          + 1/2*g_(1,6_,nu10)*g_(2,6_,nu11)*Vec(nu10,q3)*Vec(nu11,q3)*Vec(nu13
         ,q3)^2*Vec(nu14,q3)^2*Vec(nu16,q2)*Vec(nu16,q3)*p4.p4*d^-1*xiw^3*xiz*
         ufoGC58^2*ufoGC69^2
          + 1/4*g_(1,6_,nu10)*g_(2,6_,nu11)*Vec(nu10,q3)*Vec(nu11,q3)*Vec(nu13
         ,q3)^2*Vec(nu14,q3)^2*Vec(nu16,q3)^2*p4.p4*d^-1*xiw^3*xiz*ufoGC58^2*
         ufoGC69^2
          - 1/2*g_(1,6_,nu10)*g_(2,6_,nu11)*Vec(nu10,q3)*Vec(nu11,q3)*Vec(nu13
         ,q3)^2*Vec(nu14,q3)^2*Vec(nu15,q2)^2*p4.p4*d^-1*xiw^3*xiz*ufoGC58^2*
         ufoGC69^2
          - g_(1,6_,nu10)*g_(2,6_,nu11)*Vec(nu10,q3)*Vec(nu11,q3)*Vec(nu13,q3)
         ^2*Vec(nu14,q3)^2*Vec(nu15,q2)*Vec(nu15,q3)*p4.p4*d^-1*xiw^3*xiz*
         ufoGC58^2*ufoGC69^2
          - 1/2*g_(1,6_,nu10)*g_(2,6_,nu11)*Vec(nu10,q3)*Vec(nu11,q3)*Vec(nu13
         ,q3)^2*Vec(nu14,q3)^2*Vec(nu15,q3)^2*p4.p4*d^-1*xiw^3*xiz*ufoGC58^2*
         ufoGC69^2
          - 1/4*g_(1,6_,nu10)*g_(2,6_,nu11)*Vec(nu10,q3)*Vec(nu11,q3)*Vec(nu13
         ,q3)^2*Vec(nu16,q2)^2*p4.p4^2*d^-1*xiw^3*xiz*ufoGC58^2*ufoGC69^2
          - 1/2*g_(1,6_,nu10)*g_(2,6_,nu11)*Vec(nu10,q3)*Vec(nu11,q3)*Vec(nu13
         ,q3)^2*Vec(nu16,q2)*Vec(nu16,q3)*p4.p4^2*d^-1*xiw^3*xiz*ufoGC58^2*
         ufoGC69^2
          - 1/4*g_(1,6_,nu10)*g_(2,6_,nu11)*Vec(nu10,q3)*Vec(nu11,q3)*Vec(nu13
         ,q3)^2*Vec(nu16,q3)^2*p4.p4^2*d^-1*xiw^3*xiz*ufoGC58^2*ufoGC69^2
          - 1/2*g_(1,6_,nu10)*g_(2,6_,nu11)*Vec(nu10,q3)*Vec(nu11,q3)*Vec(nu14
         ,q2)^2*Vec(nu15,q2)^2*p4.p4^2*d^-1*xiw^3*xiz*ufoGC58^2*ufoGC69^2
          - g_(1,6_,nu10)*g_(2,6_,nu11)*Vec(nu10,q3)*Vec(nu11,q3)*Vec(nu14,q2)
         ^2*Vec(nu15,q2)*Vec(nu15,q3)*p4.p4^2*d^-1*xiw^3*xiz*ufoGC58^2*
         ufoGC69^2
          - 1/2*g_(1,6_,nu10)*g_(2,6_,nu11)*Vec(nu10,q3)*Vec(nu11,q3)*Vec(nu14
         ,q2)^2*Vec(nu15,q3)^2*p4.p4^2*d^-1*xiw^3*xiz*ufoGC58^2*ufoGC69^2
          - g_(1,6_,nu10)*g_(2,6_,nu11)*Vec(nu10,q3)*Vec(nu11,q3)*Vec(nu14,q2)
         *Vec(nu14,q3)*Vec(nu15,q2)^2*p4.p4^2*d^-1*xiw^3*xiz*ufoGC58^2*
         ufoGC69^2
          - 2*g_(1,6_,nu10)*g_(2,6_,nu11)*Vec(nu10,q3)*Vec(nu11,q3)*Vec(nu14,
         q2)*Vec(nu14,q3)*Vec(nu15,q2)*Vec(nu15,q3)*p4.p4^2*d^-1*xiw^3*xiz*
         ufoGC58^2*ufoGC69^2
          - g_(1,6_,nu10)*g_(2,6_,nu11)*Vec(nu10,q3)*Vec(nu11,q3)*Vec(nu14,q2)
         *Vec(nu14,q3)*Vec(nu15,q3)^2*p4.p4^2*d^-1*xiw^3*xiz*ufoGC58^2*
         ufoGC69^2
          - 1/2*g_(1,6_,nu10)*g_(2,6_,nu11)*Vec(nu10,q3)*Vec(nu11,q3)*Vec(nu14
         ,q3)^2*Vec(nu15,q2)^2*p4.p4^2*d^-1*xiw^3*xiz*ufoGC58^2*ufoGC69^2
          - g_(1,6_,nu10)*g_(2,6_,nu11)*Vec(nu10,q3)*Vec(nu11,q3)*Vec(nu14,q3)
         ^2*Vec(nu15,q2)*Vec(nu15,q3)*p4.p4^2*d^-1*xiw^3*xiz*ufoGC58^2*
         ufoGC69^2
          - 1/2*g_(1,6_,nu10)*g_(2,6_,nu11)*Vec(nu10,q3)*Vec(nu11,q3)*Vec(nu14
         ,q3)^2*Vec(nu15,q3)^2*p4.p4^2*d^-1*xiw^3*xiz*ufoGC58^2*ufoGC69^2
          - 2*g_(1,6_,nu10)*g_(2,6_,nu11)/(d^3 + d^2 - 2*d)*Vec(nu10,q2)*Vec(
         nu11,q2)*Vec(nu13,q2)^2*Vec(nu14,q2)^2*p4.p4^2*d*xiw^3*xiz*ufoGC58^2*
         ufoGC69^2
          + 2*g_(1,6_,nu10)*g_(2,6_,nu11)/(d^3 + d^2 - 2*d)*Vec(nu10,q2)*Vec(
         nu11,q2)*Vec(nu13,q2)^2*Vec(nu14,q2)^2*p4.p4^2*xiw^3*xiz*ufoGC58^2*
         ufoGC69^2
          - 4*g_(1,6_,nu10)*g_(2,6_,nu11)/(d^3 + d^2 - 2*d)*Vec(nu10,q2)*Vec(
         nu11,q2)*Vec(nu13,q2)^2*Vec(nu14,q2)*Vec(nu14,q3)*p4.p4^2*d*xiw^3*xiz
         *ufoGC58^2*ufoGC69^2
          + 4*g_(1,6_,nu10)*g_(2,6_,nu11)/(d^3 + d^2 - 2*d)*Vec(nu10,q2)*Vec(
         nu11,q2)*Vec(nu13,q2)^2*Vec(nu14,q2)*Vec(nu14,q3)*p4.p4^2*xiw^3*xiz*
         ufoGC58^2*ufoGC69^2
          - 2*g_(1,6_,nu10)*g_(2,6_,nu11)/(d^3 + d^2 - 2*d)*Vec(nu10,q2)*Vec(
         nu11,q2)*Vec(nu13,q2)^2*Vec(nu14,q3)^2*p4.p4^2*d*xiw^3*xiz*ufoGC58^2*
         ufoGC69^2
          + 2*g_(1,6_,nu10)*g_(2,6_,nu11)/(d^3 + d^2 - 2*d)*Vec(nu10,q2)*Vec(
         nu11,q2)*Vec(nu13,q2)^2*Vec(nu14,q3)^2*p4.p4^2*xiw^3*xiz*ufoGC58^2*
         ufoGC69^2
          - 4*g_(1,6_,nu10)*g_(2,6_,nu11)/(d^3 + d^2 - 2*d)*Vec(nu10,q2)*Vec(
         nu11,q2)*Vec(nu13,q2)*Vec(nu13,q3)*Vec(nu14,q2)^2*p4.p4^2*d*xiw^3*xiz
         *ufoGC58^2*ufoGC69^2
          + 4*g_(1,6_,nu10)*g_(2,6_,nu11)/(d^3 + d^2 - 2*d)*Vec(nu10,q2)*Vec(
         nu11,q2)*Vec(nu13,q2)*Vec(nu13,q3)*Vec(nu14,q2)^2*p4.p4^2*xiw^3*xiz*
         ufoGC58^2*ufoGC69^2
          - 8*g_(1,6_,nu10)*g_(2,6_,nu11)/(d^3 + d^2 - 2*d)*Vec(nu10,q2)*Vec(
         nu11,q2)*Vec(nu13,q2)*Vec(nu13,q3)*Vec(nu14,q2)*Vec(nu14,q3)*p4.p4^2*
         d*xiw^3*xiz*ufoGC58^2*ufoGC69^2
          + 8*g_(1,6_,nu10)*g_(2,6_,nu11)/(d^3 + d^2 - 2*d)*Vec(nu10,q2)*Vec(
         nu11,q2)*Vec(nu13,q2)*Vec(nu13,q3)*Vec(nu14,q2)*Vec(nu14,q3)*p4.p4^2*
         xiw^3*xiz*ufoGC58^2*ufoGC69^2
          - 4*g_(1,6_,nu10)*g_(2,6_,nu11)/(d^3 + d^2 - 2*d)*Vec(nu10,q2)*Vec(
         nu11,q2)*Vec(nu13,q2)*Vec(nu13,q3)*Vec(nu14,q3)^2*p4.p4^2*d*xiw^3*xiz
         *ufoGC58^2*ufoGC69^2
          + 4*g_(1,6_,nu10)*g_(2,6_,nu11)/(d^3 + d^2 - 2*d)*Vec(nu10,q2)*Vec(
         nu11,q2)*Vec(nu13,q2)*Vec(nu13,q3)*Vec(nu14,q3)^2*p4.p4^2*xiw^3*xiz*
         ufoGC58^2*ufoGC69^2
          - 2*g_(1,6_,nu10)*g_(2,6_,nu11)/(d^3 + d^2 - 2*d)*Vec(nu10,q2)*Vec(
         nu11,q2)*Vec(nu13,q3)^2*Vec(nu14,q2)^2*p4.p4^2*d*xiw^3*xiz*ufoGC58^2*
         ufoGC69^2
          + 2*g_(1,6_,nu10)*g_(2,6_,nu11)/(d^3 + d^2 - 2*d)*Vec(nu10,q2)*Vec(
         nu11,q2)*Vec(nu13,q3)^2*Vec(nu14,q2)^2*p4.p4^2*xiw^3*xiz*ufoGC58^2*
         ufoGC69^2
          - 4*g_(1,6_,nu10)*g_(2,6_,nu11)/(d^3 + d^2 - 2*d)*Vec(nu10,q2)*Vec(
         nu11,q2)*Vec(nu13,q3)^2*Vec(nu14,q2)*Vec(nu14,q3)*p4.p4^2*d*xiw^3*xiz
         *ufoGC58^2*ufoGC69^2
          + 4*g_(1,6_,nu10)*g_(2,6_,nu11)/(d^3 + d^2 - 2*d)*Vec(nu10,q2)*Vec(
         nu11,q2)*Vec(nu13,q3)^2*Vec(nu14,q2)*Vec(nu14,q3)*p4.p4^2*xiw^3*xiz*
         ufoGC58^2*ufoGC69^2
          - 2*g_(1,6_,nu10)*g_(2,6_,nu11)/(d^3 + d^2 - 2*d)*Vec(nu10,q2)*Vec(
         nu11,q2)*Vec(nu13,q3)^2*Vec(nu14,q3)^2*p4.p4^2*d*xiw^3*xiz*ufoGC58^2*
         ufoGC69^2
          + 2*g_(1,6_,nu10)*g_(2,6_,nu11)/(d^3 + d^2 - 2*d)*Vec(nu10,q2)*Vec(
         nu11,q2)*Vec(nu13,q3)^2*Vec(nu14,q3)^2*p4.p4^2*xiw^3*xiz*ufoGC58^2*
         ufoGC69^2
          + 2*g_(1,6_,nu10)*g_(2,6_,nu11)/(d^3 + d^2 - 2*d)*Vec(nu10,q2)*Vec(
         nu11,q2)*Vec(nu14,q2)^2*Vec(nu16,q2)^2*p4.p4^2*d*xiw^3*xiz*ufoGC58^2*
         ufoGC69^2
          - 2*g_(1,6_,nu10)*g_(2,6_,nu11)/(d^3 + d^2 - 2*d)*Vec(nu10,q2)*Vec(
         nu11,q2)*Vec(nu14,q2)^2*Vec(nu16,q2)^2*p4.p4^2*xiw^3*xiz*ufoGC58^2*
         ufoGC69^2
          + 4*g_(1,6_,nu10)*g_(2,6_,nu11)/(d^3 + d^2 - 2*d)*Vec(nu10,q2)*Vec(
         nu11,q2)*Vec(nu14,q2)^2*Vec(nu16,q2)*Vec(nu16,q3)*p4.p4^2*d*xiw^3*xiz
         *ufoGC58^2*ufoGC69^2
          - 4*g_(1,6_,nu10)*g_(2,6_,nu11)/(d^3 + d^2 - 2*d)*Vec(nu10,q2)*Vec(
         nu11,q2)*Vec(nu14,q2)^2*Vec(nu16,q2)*Vec(nu16,q3)*p4.p4^2*xiw^3*xiz*
         ufoGC58^2*ufoGC69^2
          + 2*g_(1,6_,nu10)*g_(2,6_,nu11)/(d^3 + d^2 - 2*d)*Vec(nu10,q2)*Vec(
         nu11,q2)*Vec(nu14,q2)^2*Vec(nu16,q3)^2*p4.p4^2*d*xiw^3*xiz*ufoGC58^2*
         ufoGC69^2
          - 2*g_(1,6_,nu10)*g_(2,6_,nu11)/(d^3 + d^2 - 2*d)*Vec(nu10,q2)*Vec(
         nu11,q2)*Vec(nu14,q2)^2*Vec(nu16,q3)^2*p4.p4^2*xiw^3*xiz*ufoGC58^2*
         ufoGC69^2
          + 2*g_(1,6_,nu10)*g_(2,6_,nu11)/(d^3 + d^2 - 2*d)*Vec(nu10,q2)*Vec(
         nu11,q2)*Vec(nu14,q2)^2*Vec(nu15,q2)^2*p4.p4^2*d*xiw^3*xiz*ufoGC58^2*
         ufoGC69^2
          - 2*g_(1,6_,nu10)*g_(2,6_,nu11)/(d^3 + d^2 - 2*d)*Vec(nu10,q2)*Vec(
         nu11,q2)*Vec(nu14,q2)^2*Vec(nu15,q2)^2*p4.p4^2*xiw^3*xiz*ufoGC58^2*
         ufoGC69^2
          + 4*g_(1,6_,nu10)*g_(2,6_,nu11)/(d^3 + d^2 - 2*d)*Vec(nu10,q2)*Vec(
         nu11,q2)*Vec(nu14,q2)^2*Vec(nu15,q2)*Vec(nu15,q3)*p4.p4^2*d*xiw^3*xiz
         *ufoGC58^2*ufoGC69^2
          - 4*g_(1,6_,nu10)*g_(2,6_,nu11)/(d^3 + d^2 - 2*d)*Vec(nu10,q2)*Vec(
         nu11,q2)*Vec(nu14,q2)^2*Vec(nu15,q2)*Vec(nu15,q3)*p4.p4^2*xiw^3*xiz*
         ufoGC58^2*ufoGC69^2
          + 2*g_(1,6_,nu10)*g_(2,6_,nu11)/(d^3 + d^2 - 2*d)*Vec(nu10,q2)*Vec(
         nu11,q2)*Vec(nu14,q2)^2*Vec(nu15,q3)^2*p4.p4^2*d*xiw^3*xiz*ufoGC58^2*
         ufoGC69^2
          - 2*g_(1,6_,nu10)*g_(2,6_,nu11)/(d^3 + d^2 - 2*d)*Vec(nu10,q2)*Vec(
         nu11,q2)*Vec(nu14,q2)^2*Vec(nu15,q3)^2*p4.p4^2*xiw^3*xiz*ufoGC58^2*
         ufoGC69^2
          + 4*g_(1,6_,nu10)*g_(2,6_,nu11)/(d^3 + d^2 - 2*d)*Vec(nu10,q2)*Vec(
         nu11,q2)*Vec(nu14,q2)*Vec(nu14,q3)*Vec(nu16,q2)^2*p4.p4^2*d*xiw^3*xiz
         *ufoGC58^2*ufoGC69^2
          - 4*g_(1,6_,nu10)*g_(2,6_,nu11)/(d^3 + d^2 - 2*d)*Vec(nu10,q2)*Vec(
         nu11,q2)*Vec(nu14,q2)*Vec(nu14,q3)*Vec(nu16,q2)^2*p4.p4^2*xiw^3*xiz*
         ufoGC58^2*ufoGC69^2
          + 8*g_(1,6_,nu10)*g_(2,6_,nu11)/(d^3 + d^2 - 2*d)*Vec(nu10,q2)*Vec(
         nu11,q2)*Vec(nu14,q2)*Vec(nu14,q3)*Vec(nu16,q2)*Vec(nu16,q3)*p4.p4^2*
         d*xiw^3*xiz*ufoGC58^2*ufoGC69^2
          - 8*g_(1,6_,nu10)*g_(2,6_,nu11)/(d^3 + d^2 - 2*d)*Vec(nu10,q2)*Vec(
         nu11,q2)*Vec(nu14,q2)*Vec(nu14,q3)*Vec(nu16,q2)*Vec(nu16,q3)*p4.p4^2*
         xiw^3*xiz*ufoGC58^2*ufoGC69^2
          + 4*g_(1,6_,nu10)*g_(2,6_,nu11)/(d^3 + d^2 - 2*d)*Vec(nu10,q2)*Vec(
         nu11,q2)*Vec(nu14,q2)*Vec(nu14,q3)*Vec(nu16,q3)^2*p4.p4^2*d*xiw^3*xiz
         *ufoGC58^2*ufoGC69^2
          - 4*g_(1,6_,nu10)*g_(2,6_,nu11)/(d^3 + d^2 - 2*d)*Vec(nu10,q2)*Vec(
         nu11,q2)*Vec(nu14,q2)*Vec(nu14,q3)*Vec(nu16,q3)^2*p4.p4^2*xiw^3*xiz*
         ufoGC58^2*ufoGC69^2
          + 4*g_(1,6_,nu10)*g_(2,6_,nu11)/(d^3 + d^2 - 2*d)*Vec(nu10,q2)*Vec(
         nu11,q2)*Vec(nu14,q2)*Vec(nu14,q3)*Vec(nu15,q2)^2*p4.p4^2*d*xiw^3*xiz
         *ufoGC58^2*ufoGC69^2
          - 4*g_(1,6_,nu10)*g_(2,6_,nu11)/(d^3 + d^2 - 2*d)*Vec(nu10,q2)*Vec(
         nu11,q2)*Vec(nu14,q2)*Vec(nu14,q3)*Vec(nu15,q2)^2*p4.p4^2*xiw^3*xiz*
         ufoGC58^2*ufoGC69^2
          + 8*g_(1,6_,nu10)*g_(2,6_,nu11)/(d^3 + d^2 - 2*d)*Vec(nu10,q2)*Vec(
         nu11,q2)*Vec(nu14,q2)*Vec(nu14,q3)*Vec(nu15,q2)*Vec(nu15,q3)*p4.p4^2*
         d*xiw^3*xiz*ufoGC58^2*ufoGC69^2
          - 8*g_(1,6_,nu10)*g_(2,6_,nu11)/(d^3 + d^2 - 2*d)*Vec(nu10,q2)*Vec(
         nu11,q2)*Vec(nu14,q2)*Vec(nu14,q3)*Vec(nu15,q2)*Vec(nu15,q3)*p4.p4^2*
         xiw^3*xiz*ufoGC58^2*ufoGC69^2
          + 4*g_(1,6_,nu10)*g_(2,6_,nu11)/(d^3 + d^2 - 2*d)*Vec(nu10,q2)*Vec(
         nu11,q2)*Vec(nu14,q2)*Vec(nu14,q3)*Vec(nu15,q3)^2*p4.p4^2*d*xiw^3*xiz
         *ufoGC58^2*ufoGC69^2
          - 4*g_(1,6_,nu10)*g_(2,6_,nu11)/(d^3 + d^2 - 2*d)*Vec(nu10,q2)*Vec(
         nu11,q2)*Vec(nu14,q2)*Vec(nu14,q3)*Vec(nu15,q3)^2*p4.p4^2*xiw^3*xiz*
         ufoGC58^2*ufoGC69^2
          + 2*g_(1,6_,nu10)*g_(2,6_,nu11)/(d^3 + d^2 - 2*d)*Vec(nu10,q2)*Vec(
         nu11,q2)*Vec(nu14,q3)^2*Vec(nu16,q2)^2*p4.p4^2*d*xiw^3*xiz*ufoGC58^2*
         ufoGC69^2
          - 2*g_(1,6_,nu10)*g_(2,6_,nu11)/(d^3 + d^2 - 2*d)*Vec(nu10,q2)*Vec(
         nu11,q2)*Vec(nu14,q3)^2*Vec(nu16,q2)^2*p4.p4^2*xiw^3*xiz*ufoGC58^2*
         ufoGC69^2
          + 4*g_(1,6_,nu10)*g_(2,6_,nu11)/(d^3 + d^2 - 2*d)*Vec(nu10,q2)*Vec(
         nu11,q2)*Vec(nu14,q3)^2*Vec(nu16,q2)*Vec(nu16,q3)*p4.p4^2*d*xiw^3*xiz
         *ufoGC58^2*ufoGC69^2
          - 4*g_(1,6_,nu10)*g_(2,6_,nu11)/(d^3 + d^2 - 2*d)*Vec(nu10,q2)*Vec(
         nu11,q2)*Vec(nu14,q3)^2*Vec(nu16,q2)*Vec(nu16,q3)*p4.p4^2*xiw^3*xiz*
         ufoGC58^2*ufoGC69^2
          + 2*g_(1,6_,nu10)*g_(2,6_,nu11)/(d^3 + d^2 - 2*d)*Vec(nu10,q2)*Vec(
         nu11,q2)*Vec(nu14,q3)^2*Vec(nu16,q3)^2*p4.p4^2*d*xiw^3*xiz*ufoGC58^2*
         ufoGC69^2
          - 2*g_(1,6_,nu10)*g_(2,6_,nu11)/(d^3 + d^2 - 2*d)*Vec(nu10,q2)*Vec(
         nu11,q2)*Vec(nu14,q3)^2*Vec(nu16,q3)^2*p4.p4^2*xiw^3*xiz*ufoGC58^2*
         ufoGC69^2
          + 2*g_(1,6_,nu10)*g_(2,6_,nu11)/(d^3 + d^2 - 2*d)*Vec(nu10,q2)*Vec(
         nu11,q2)*Vec(nu14,q3)^2*Vec(nu15,q2)^2*p4.p4^2*d*xiw^3*xiz*ufoGC58^2*
         ufoGC69^2
          - 2*g_(1,6_,nu10)*g_(2,6_,nu11)/(d^3 + d^2 - 2*d)*Vec(nu10,q2)*Vec(
         nu11,q2)*Vec(nu14,q3)^2*Vec(nu15,q2)^2*p4.p4^2*xiw^3*xiz*ufoGC58^2*
         ufoGC69^2
          + 4*g_(1,6_,nu10)*g_(2,6_,nu11)/(d^3 + d^2 - 2*d)*Vec(nu10,q2)*Vec(
         nu11,q2)*Vec(nu14,q3)^2*Vec(nu15,q2)*Vec(nu15,q3)*p4.p4^2*d*xiw^3*xiz
         *ufoGC58^2*ufoGC69^2
          - 4*g_(1,6_,nu10)*g_(2,6_,nu11)/(d^3 + d^2 - 2*d)*Vec(nu10,q2)*Vec(
         nu11,q2)*Vec(nu14,q3)^2*Vec(nu15,q2)*Vec(nu15,q3)*p4.p4^2*xiw^3*xiz*
         ufoGC58^2*ufoGC69^2
          + 2*g_(1,6_,nu10)*g_(2,6_,nu11)/(d^3 + d^2 - 2*d)*Vec(nu10,q2)*Vec(
         nu11,q2)*Vec(nu14,q3)^2*Vec(nu15,q3)^2*p4.p4^2*d*xiw^3*xiz*ufoGC58^2*
         ufoGC69^2
          - 2*g_(1,6_,nu10)*g_(2,6_,nu11)/(d^3 + d^2 - 2*d)*Vec(nu10,q2)*Vec(
         nu11,q2)*Vec(nu14,q3)^2*Vec(nu15,q3)^2*p4.p4^2*xiw^3*xiz*ufoGC58^2*
         ufoGC69^2
          - 2*g_(1,6_,nu10)*g_(2,6_,nu11)/(d^3 + d^2 - 2*d)*Vec(nu10,q2)*Vec(
         nu11,q2)*Vec(nu16,q2)^2*Vec(nu15,q2)^2*p4.p4^2*d*xiw^3*xiz*ufoGC58^2*
         ufoGC69^2
          + 2*g_(1,6_,nu10)*g_(2,6_,nu11)/(d^3 + d^2 - 2*d)*Vec(nu10,q2)*Vec(
         nu11,q2)*Vec(nu16,q2)^2*Vec(nu15,q2)^2*p4.p4^2*xiw^3*xiz*ufoGC58^2*
         ufoGC69^2
          - 4*g_(1,6_,nu10)*g_(2,6_,nu11)/(d^3 + d^2 - 2*d)*Vec(nu10,q2)*Vec(
         nu11,q2)*Vec(nu16,q2)^2*Vec(nu15,q2)*Vec(nu15,q3)*p4.p4^2*d*xiw^3*xiz
         *ufoGC58^2*ufoGC69^2
          + 4*g_(1,6_,nu10)*g_(2,6_,nu11)/(d^3 + d^2 - 2*d)*Vec(nu10,q2)*Vec(
         nu11,q2)*Vec(nu16,q2)^2*Vec(nu15,q2)*Vec(nu15,q3)*p4.p4^2*xiw^3*xiz*
         ufoGC58^2*ufoGC69^2
          - 2*g_(1,6_,nu10)*g_(2,6_,nu11)/(d^3 + d^2 - 2*d)*Vec(nu10,q2)*Vec(
         nu11,q2)*Vec(nu16,q2)^2*Vec(nu15,q3)^2*p4.p4^2*d*xiw^3*xiz*ufoGC58^2*
         ufoGC69^2
          + 2*g_(1,6_,nu10)*g_(2,6_,nu11)/(d^3 + d^2 - 2*d)*Vec(nu10,q2)*Vec(
         nu11,q2)*Vec(nu16,q2)^2*Vec(nu15,q3)^2*p4.p4^2*xiw^3*xiz*ufoGC58^2*
         ufoGC69^2
          - 4*g_(1,6_,nu10)*g_(2,6_,nu11)/(d^3 + d^2 - 2*d)*Vec(nu10,q2)*Vec(
         nu11,q2)*Vec(nu16,q2)*Vec(nu16,q3)*Vec(nu15,q2)^2*p4.p4^2*d*xiw^3*xiz
         *ufoGC58^2*ufoGC69^2
          + 4*g_(1,6_,nu10)*g_(2,6_,nu11)/(d^3 + d^2 - 2*d)*Vec(nu10,q2)*Vec(
         nu11,q2)*Vec(nu16,q2)*Vec(nu16,q3)*Vec(nu15,q2)^2*p4.p4^2*xiw^3*xiz*
         ufoGC58^2*ufoGC69^2
          - 8*g_(1,6_,nu10)*g_(2,6_,nu11)/(d^3 + d^2 - 2*d)*Vec(nu10,q2)*Vec(
         nu11,q2)*Vec(nu16,q2)*Vec(nu16,q3)*Vec(nu15,q2)*Vec(nu15,q3)*p4.p4^2*
         d*xiw^3*xiz*ufoGC58^2*ufoGC69^2
          + 8*g_(1,6_,nu10)*g_(2,6_,nu11)/(d^3 + d^2 - 2*d)*Vec(nu10,q2)*Vec(
         nu11,q2)*Vec(nu16,q2)*Vec(nu16,q3)*Vec(nu15,q2)*Vec(nu15,q3)*p4.p4^2*
         xiw^3*xiz*ufoGC58^2*ufoGC69^2
          - 4*g_(1,6_,nu10)*g_(2,6_,nu11)/(d^3 + d^2 - 2*d)*Vec(nu10,q2)*Vec(
         nu11,q2)*Vec(nu16,q2)*Vec(nu16,q3)*Vec(nu15,q3)^2*p4.p4^2*d*xiw^3*xiz
         *ufoGC58^2*ufoGC69^2
          + 4*g_(1,6_,nu10)*g_(2,6_,nu11)/(d^3 + d^2 - 2*d)*Vec(nu10,q2)*Vec(
         nu11,q2)*Vec(nu16,q2)*Vec(nu16,q3)*Vec(nu15,q3)^2*p4.p4^2*xiw^3*xiz*
         ufoGC58^2*ufoGC69^2
          - 2*g_(1,6_,nu10)*g_(2,6_,nu11)/(d^3 + d^2 - 2*d)*Vec(nu10,q2)*Vec(
         nu11,q2)*Vec(nu16,q3)^2*Vec(nu15,q2)^2*p4.p4^2*d*xiw^3*xiz*ufoGC58^2*
         ufoGC69^2
          + 2*g_(1,6_,nu10)*g_(2,6_,nu11)/(d^3 + d^2 - 2*d)*Vec(nu10,q2)*Vec(
         nu11,q2)*Vec(nu16,q3)^2*Vec(nu15,q2)^2*p4.p4^2*xiw^3*xiz*ufoGC58^2*
         ufoGC69^2
          - 4*g_(1,6_,nu10)*g_(2,6_,nu11)/(d^3 + d^2 - 2*d)*Vec(nu10,q2)*Vec(
         nu11,q2)*Vec(nu16,q3)^2*Vec(nu15,q2)*Vec(nu15,q3)*p4.p4^2*d*xiw^3*xiz
         *ufoGC58^2*ufoGC69^2
          + 4*g_(1,6_,nu10)*g_(2,6_,nu11)/(d^3 + d^2 - 2*d)*Vec(nu10,q2)*Vec(
         nu11,q2)*Vec(nu16,q3)^2*Vec(nu15,q2)*Vec(nu15,q3)*p4.p4^2*xiw^3*xiz*
         ufoGC58^2*ufoGC69^2
          - 2*g_(1,6_,nu10)*g_(2,6_,nu11)/(d^3 + d^2 - 2*d)*Vec(nu10,q2)*Vec(
         nu11,q2)*Vec(nu16,q3)^2*Vec(nu15,q3)^2*p4.p4^2*d*xiw^3*xiz*ufoGC58^2*
         ufoGC69^2
          + 2*g_(1,6_,nu10)*g_(2,6_,nu11)/(d^3 + d^2 - 2*d)*Vec(nu10,q2)*Vec(
         nu11,q2)*Vec(nu16,q3)^2*Vec(nu15,q3)^2*p4.p4^2*xiw^3*xiz*ufoGC58^2*
         ufoGC69^2
          - 2*g_(1,6_,nu10)*g_(2,6_,nu11)/(d^3 + d^2 - 2*d)*Vec(nu10,q2)*Vec(
         nu11,q3)*Vec(nu13,q2)^2*Vec(nu14,q2)^2*p4.p4^2*d*xiw^3*xiz*ufoGC58^2*
         ufoGC69^2
          + 2*g_(1,6_,nu10)*g_(2,6_,nu11)/(d^3 + d^2 - 2*d)*Vec(nu10,q2)*Vec(
         nu11,q3)*Vec(nu13,q2)^2*Vec(nu14,q2)^2*p4.p4^2*xiw^3*xiz*ufoGC58^2*
         ufoGC69^2
          - 4*g_(1,6_,nu10)*g_(2,6_,nu11)/(d^3 + d^2 - 2*d)*Vec(nu10,q2)*Vec(
         nu11,q3)*Vec(nu13,q2)^2*Vec(nu14,q2)*Vec(nu14,q3)*p4.p4^2*d*xiw^3*xiz
         *ufoGC58^2*ufoGC69^2
          + 4*g_(1,6_,nu10)*g_(2,6_,nu11)/(d^3 + d^2 - 2*d)*Vec(nu10,q2)*Vec(
         nu11,q3)*Vec(nu13,q2)^2*Vec(nu14,q2)*Vec(nu14,q3)*p4.p4^2*xiw^3*xiz*
         ufoGC58^2*ufoGC69^2
          - 2*g_(1,6_,nu10)*g_(2,6_,nu11)/(d^3 + d^2 - 2*d)*Vec(nu10,q2)*Vec(
         nu11,q3)*Vec(nu13,q2)^2*Vec(nu14,q3)^2*p4.p4^2*d*xiw^3*xiz*ufoGC58^2*
         ufoGC69^2
          + 2*g_(1,6_,nu10)*g_(2,6_,nu11)/(d^3 + d^2 - 2*d)*Vec(nu10,q2)*Vec(
         nu11,q3)*Vec(nu13,q2)^2*Vec(nu14,q3)^2*p4.p4^2*xiw^3*xiz*ufoGC58^2*
         ufoGC69^2
          - 4*g_(1,6_,nu10)*g_(2,6_,nu11)/(d^3 + d^2 - 2*d)*Vec(nu10,q2)*Vec(
         nu11,q3)*Vec(nu13,q2)*Vec(nu13,q3)*Vec(nu14,q2)^2*p4.p4^2*d*xiw^3*xiz
         *ufoGC58^2*ufoGC69^2
          + 4*g_(1,6_,nu10)*g_(2,6_,nu11)/(d^3 + d^2 - 2*d)*Vec(nu10,q2)*Vec(
         nu11,q3)*Vec(nu13,q2)*Vec(nu13,q3)*Vec(nu14,q2)^2*p4.p4^2*xiw^3*xiz*
         ufoGC58^2*ufoGC69^2
          - 8*g_(1,6_,nu10)*g_(2,6_,nu11)/(d^3 + d^2 - 2*d)*Vec(nu10,q2)*Vec(
         nu11,q3)*Vec(nu13,q2)*Vec(nu13,q3)*Vec(nu14,q2)*Vec(nu14,q3)*p4.p4^2*
         d*xiw^3*xiz*ufoGC58^2*ufoGC69^2
          + 8*g_(1,6_,nu10)*g_(2,6_,nu11)/(d^3 + d^2 - 2*d)*Vec(nu10,q2)*Vec(
         nu11,q3)*Vec(nu13,q2)*Vec(nu13,q3)*Vec(nu14,q2)*Vec(nu14,q3)*p4.p4^2*
         xiw^3*xiz*ufoGC58^2*ufoGC69^2
          - 4*g_(1,6_,nu10)*g_(2,6_,nu11)/(d^3 + d^2 - 2*d)*Vec(nu10,q2)*Vec(
         nu11,q3)*Vec(nu13,q2)*Vec(nu13,q3)*Vec(nu14,q3)^2*p4.p4^2*d*xiw^3*xiz
         *ufoGC58^2*ufoGC69^2
          + 4*g_(1,6_,nu10)*g_(2,6_,nu11)/(d^3 + d^2 - 2*d)*Vec(nu10,q2)*Vec(
         nu11,q3)*Vec(nu13,q2)*Vec(nu13,q3)*Vec(nu14,q3)^2*p4.p4^2*xiw^3*xiz*
         ufoGC58^2*ufoGC69^2
          - 2*g_(1,6_,nu10)*g_(2,6_,nu11)/(d^3 + d^2 - 2*d)*Vec(nu10,q2)*Vec(
         nu11,q3)*Vec(nu13,q3)^2*Vec(nu14,q2)^2*p4.p4^2*d*xiw^3*xiz*ufoGC58^2*
         ufoGC69^2
          + 2*g_(1,6_,nu10)*g_(2,6_,nu11)/(d^3 + d^2 - 2*d)*Vec(nu10,q2)*Vec(
         nu11,q3)*Vec(nu13,q3)^2*Vec(nu14,q2)^2*p4.p4^2*xiw^3*xiz*ufoGC58^2*
         ufoGC69^2
          - 4*g_(1,6_,nu10)*g_(2,6_,nu11)/(d^3 + d^2 - 2*d)*Vec(nu10,q2)*Vec(
         nu11,q3)*Vec(nu13,q3)^2*Vec(nu14,q2)*Vec(nu14,q3)*p4.p4^2*d*xiw^3*xiz
         *ufoGC58^2*ufoGC69^2
          + 4*g_(1,6_,nu10)*g_(2,6_,nu11)/(d^3 + d^2 - 2*d)*Vec(nu10,q2)*Vec(
         nu11,q3)*Vec(nu13,q3)^2*Vec(nu14,q2)*Vec(nu14,q3)*p4.p4^2*xiw^3*xiz*
         ufoGC58^2*ufoGC69^2
          - 2*g_(1,6_,nu10)*g_(2,6_,nu11)/(d^3 + d^2 - 2*d)*Vec(nu10,q2)*Vec(
         nu11,q3)*Vec(nu13,q3)^2*Vec(nu14,q3)^2*p4.p4^2*d*xiw^3*xiz*ufoGC58^2*
         ufoGC69^2
          + 2*g_(1,6_,nu10)*g_(2,6_,nu11)/(d^3 + d^2 - 2*d)*Vec(nu10,q2)*Vec(
         nu11,q3)*Vec(nu13,q3)^2*Vec(nu14,q3)^2*p4.p4^2*xiw^3*xiz*ufoGC58^2*
         ufoGC69^2
          + 2*g_(1,6_,nu10)*g_(2,6_,nu11)/(d^3 + d^2 - 2*d)*Vec(nu10,q2)*Vec(
         nu11,q3)*Vec(nu14,q2)^2*Vec(nu16,q2)^2*p4.p4^2*d*xiw^3*xiz*ufoGC58^2*
         ufoGC69^2
          - 2*g_(1,6_,nu10)*g_(2,6_,nu11)/(d^3 + d^2 - 2*d)*Vec(nu10,q2)*Vec(
         nu11,q3)*Vec(nu14,q2)^2*Vec(nu16,q2)^2*p4.p4^2*xiw^3*xiz*ufoGC58^2*
         ufoGC69^2
          + 4*g_(1,6_,nu10)*g_(2,6_,nu11)/(d^3 + d^2 - 2*d)*Vec(nu10,q2)*Vec(
         nu11,q3)*Vec(nu14,q2)^2*Vec(nu16,q2)*Vec(nu16,q3)*p4.p4^2*d*xiw^3*xiz
         *ufoGC58^2*ufoGC69^2
          - 4*g_(1,6_,nu10)*g_(2,6_,nu11)/(d^3 + d^2 - 2*d)*Vec(nu10,q2)*Vec(
         nu11,q3)*Vec(nu14,q2)^2*Vec(nu16,q2)*Vec(nu16,q3)*p4.p4^2*xiw^3*xiz*
         ufoGC58^2*ufoGC69^2
          + 2*g_(1,6_,nu10)*g_(2,6_,nu11)/(d^3 + d^2 - 2*d)*Vec(nu10,q2)*Vec(
         nu11,q3)*Vec(nu14,q2)^2*Vec(nu16,q3)^2*p4.p4^2*d*xiw^3*xiz*ufoGC58^2*
         ufoGC69^2
          - 2*g_(1,6_,nu10)*g_(2,6_,nu11)/(d^3 + d^2 - 2*d)*Vec(nu10,q2)*Vec(
         nu11,q3)*Vec(nu14,q2)^2*Vec(nu16,q3)^2*p4.p4^2*xiw^3*xiz*ufoGC58^2*
         ufoGC69^2
          + 2*g_(1,6_,nu10)*g_(2,6_,nu11)/(d^3 + d^2 - 2*d)*Vec(nu10,q2)*Vec(
         nu11,q3)*Vec(nu14,q2)^2*Vec(nu15,q2)^2*p4.p4^2*d*xiw^3*xiz*ufoGC58^2*
         ufoGC69^2
          - 2*g_(1,6_,nu10)*g_(2,6_,nu11)/(d^3 + d^2 - 2*d)*Vec(nu10,q2)*Vec(
         nu11,q3)*Vec(nu14,q2)^2*Vec(nu15,q2)^2*p4.p4^2*xiw^3*xiz*ufoGC58^2*
         ufoGC69^2
          + 4*g_(1,6_,nu10)*g_(2,6_,nu11)/(d^3 + d^2 - 2*d)*Vec(nu10,q2)*Vec(
         nu11,q3)*Vec(nu14,q2)^2*Vec(nu15,q2)*Vec(nu15,q3)*p4.p4^2*d*xiw^3*xiz
         *ufoGC58^2*ufoGC69^2
          - 4*g_(1,6_,nu10)*g_(2,6_,nu11)/(d^3 + d^2 - 2*d)*Vec(nu10,q2)*Vec(
         nu11,q3)*Vec(nu14,q2)^2*Vec(nu15,q2)*Vec(nu15,q3)*p4.p4^2*xiw^3*xiz*
         ufoGC58^2*ufoGC69^2
          + 2*g_(1,6_,nu10)*g_(2,6_,nu11)/(d^3 + d^2 - 2*d)*Vec(nu10,q2)*Vec(
         nu11,q3)*Vec(nu14,q2)^2*Vec(nu15,q3)^2*p4.p4^2*d*xiw^3*xiz*ufoGC58^2*
         ufoGC69^2
          - 2*g_(1,6_,nu10)*g_(2,6_,nu11)/(d^3 + d^2 - 2*d)*Vec(nu10,q2)*Vec(
         nu11,q3)*Vec(nu14,q2)^2*Vec(nu15,q3)^2*p4.p4^2*xiw^3*xiz*ufoGC58^2*
         ufoGC69^2
          + 4*g_(1,6_,nu10)*g_(2,6_,nu11)/(d^3 + d^2 - 2*d)*Vec(nu10,q2)*Vec(
         nu11,q3)*Vec(nu14,q2)*Vec(nu14,q3)*Vec(nu16,q2)^2*p4.p4^2*d*xiw^3*xiz
         *ufoGC58^2*ufoGC69^2
          - 4*g_(1,6_,nu10)*g_(2,6_,nu11)/(d^3 + d^2 - 2*d)*Vec(nu10,q2)*Vec(
         nu11,q3)*Vec(nu14,q2)*Vec(nu14,q3)*Vec(nu16,q2)^2*p4.p4^2*xiw^3*xiz*
         ufoGC58^2*ufoGC69^2
          + 8*g_(1,6_,nu10)*g_(2,6_,nu11)/(d^3 + d^2 - 2*d)*Vec(nu10,q2)*Vec(
         nu11,q3)*Vec(nu14,q2)*Vec(nu14,q3)*Vec(nu16,q2)*Vec(nu16,q3)*p4.p4^2*
         d*xiw^3*xiz*ufoGC58^2*ufoGC69^2
          - 8*g_(1,6_,nu10)*g_(2,6_,nu11)/(d^3 + d^2 - 2*d)*Vec(nu10,q2)*Vec(
         nu11,q3)*Vec(nu14,q2)*Vec(nu14,q3)*Vec(nu16,q2)*Vec(nu16,q3)*p4.p4^2*
         xiw^3*xiz*ufoGC58^2*ufoGC69^2
          + 4*g_(1,6_,nu10)*g_(2,6_,nu11)/(d^3 + d^2 - 2*d)*Vec(nu10,q2)*Vec(
         nu11,q3)*Vec(nu14,q2)*Vec(nu14,q3)*Vec(nu16,q3)^2*p4.p4^2*d*xiw^3*xiz
         *ufoGC58^2*ufoGC69^2
          - 4*g_(1,6_,nu10)*g_(2,6_,nu11)/(d^3 + d^2 - 2*d)*Vec(nu10,q2)*Vec(
         nu11,q3)*Vec(nu14,q2)*Vec(nu14,q3)*Vec(nu16,q3)^2*p4.p4^2*xiw^3*xiz*
         ufoGC58^2*ufoGC69^2
          + 4*g_(1,6_,nu10)*g_(2,6_,nu11)/(d^3 + d^2 - 2*d)*Vec(nu10,q2)*Vec(
         nu11,q3)*Vec(nu14,q2)*Vec(nu14,q3)*Vec(nu15,q2)^2*p4.p4^2*d*xiw^3*xiz
         *ufoGC58^2*ufoGC69^2
          - 4*g_(1,6_,nu10)*g_(2,6_,nu11)/(d^3 + d^2 - 2*d)*Vec(nu10,q2)*Vec(
         nu11,q3)*Vec(nu14,q2)*Vec(nu14,q3)*Vec(nu15,q2)^2*p4.p4^2*xiw^3*xiz*
         ufoGC58^2*ufoGC69^2
          + 8*g_(1,6_,nu10)*g_(2,6_,nu11)/(d^3 + d^2 - 2*d)*Vec(nu10,q2)*Vec(
         nu11,q3)*Vec(nu14,q2)*Vec(nu14,q3)*Vec(nu15,q2)*Vec(nu15,q3)*p4.p4^2*
         d*xiw^3*xiz*ufoGC58^2*ufoGC69^2
          - 8*g_(1,6_,nu10)*g_(2,6_,nu11)/(d^3 + d^2 - 2*d)*Vec(nu10,q2)*Vec(
         nu11,q3)*Vec(nu14,q2)*Vec(nu14,q3)*Vec(nu15,q2)*Vec(nu15,q3)*p4.p4^2*
         xiw^3*xiz*ufoGC58^2*ufoGC69^2
          + 4*g_(1,6_,nu10)*g_(2,6_,nu11)/(d^3 + d^2 - 2*d)*Vec(nu10,q2)*Vec(
         nu11,q3)*Vec(nu14,q2)*Vec(nu14,q3)*Vec(nu15,q3)^2*p4.p4^2*d*xiw^3*xiz
         *ufoGC58^2*ufoGC69^2
          - 4*g_(1,6_,nu10)*g_(2,6_,nu11)/(d^3 + d^2 - 2*d)*Vec(nu10,q2)*Vec(
         nu11,q3)*Vec(nu14,q2)*Vec(nu14,q3)*Vec(nu15,q3)^2*p4.p4^2*xiw^3*xiz*
         ufoGC58^2*ufoGC69^2
          + 2*g_(1,6_,nu10)*g_(2,6_,nu11)/(d^3 + d^2 - 2*d)*Vec(nu10,q2)*Vec(
         nu11,q3)*Vec(nu14,q3)^2*Vec(nu16,q2)^2*p4.p4^2*d*xiw^3*xiz*ufoGC58^2*
         ufoGC69^2
          - 2*g_(1,6_,nu10)*g_(2,6_,nu11)/(d^3 + d^2 - 2*d)*Vec(nu10,q2)*Vec(
         nu11,q3)*Vec(nu14,q3)^2*Vec(nu16,q2)^2*p4.p4^2*xiw^3*xiz*ufoGC58^2*
         ufoGC69^2
          + 4*g_(1,6_,nu10)*g_(2,6_,nu11)/(d^3 + d^2 - 2*d)*Vec(nu10,q2)*Vec(
         nu11,q3)*Vec(nu14,q3)^2*Vec(nu16,q2)*Vec(nu16,q3)*p4.p4^2*d*xiw^3*xiz
         *ufoGC58^2*ufoGC69^2
          - 4*g_(1,6_,nu10)*g_(2,6_,nu11)/(d^3 + d^2 - 2*d)*Vec(nu10,q2)*Vec(
         nu11,q3)*Vec(nu14,q3)^2*Vec(nu16,q2)*Vec(nu16,q3)*p4.p4^2*xiw^3*xiz*
         ufoGC58^2*ufoGC69^2
          + 2*g_(1,6_,nu10)*g_(2,6_,nu11)/(d^3 + d^2 - 2*d)*Vec(nu10,q2)*Vec(
         nu11,q3)*Vec(nu14,q3)^2*Vec(nu16,q3)^2*p4.p4^2*d*xiw^3*xiz*ufoGC58^2*
         ufoGC69^2
          - 2*g_(1,6_,nu10)*g_(2,6_,nu11)/(d^3 + d^2 - 2*d)*Vec(nu10,q2)*Vec(
         nu11,q3)*Vec(nu14,q3)^2*Vec(nu16,q3)^2*p4.p4^2*xiw^3*xiz*ufoGC58^2*
         ufoGC69^2
          + 2*g_(1,6_,nu10)*g_(2,6_,nu11)/(d^3 + d^2 - 2*d)*Vec(nu10,q2)*Vec(
         nu11,q3)*Vec(nu14,q3)^2*Vec(nu15,q2)^2*p4.p4^2*d*xiw^3*xiz*ufoGC58^2*
         ufoGC69^2
          - 2*g_(1,6_,nu10)*g_(2,6_,nu11)/(d^3 + d^2 - 2*d)*Vec(nu10,q2)*Vec(
         nu11,q3)*Vec(nu14,q3)^2*Vec(nu15,q2)^2*p4.p4^2*xiw^3*xiz*ufoGC58^2*
         ufoGC69^2
          + 4*g_(1,6_,nu10)*g_(2,6_,nu11)/(d^3 + d^2 - 2*d)*Vec(nu10,q2)*Vec(
         nu11,q3)*Vec(nu14,q3)^2*Vec(nu15,q2)*Vec(nu15,q3)*p4.p4^2*d*xiw^3*xiz
         *ufoGC58^2*ufoGC69^2
          - 4*g_(1,6_,nu10)*g_(2,6_,nu11)/(d^3 + d^2 - 2*d)*Vec(nu10,q2)*Vec(
         nu11,q3)*Vec(nu14,q3)^2*Vec(nu15,q2)*Vec(nu15,q3)*p4.p4^2*xiw^3*xiz*
         ufoGC58^2*ufoGC69^2
          + 2*g_(1,6_,nu10)*g_(2,6_,nu11)/(d^3 + d^2 - 2*d)*Vec(nu10,q2)*Vec(
         nu11,q3)*Vec(nu14,q3)^2*Vec(nu15,q3)^2*p4.p4^2*d*xiw^3*xiz*ufoGC58^2*
         ufoGC69^2
          - 2*g_(1,6_,nu10)*g_(2,6_,nu11)/(d^3 + d^2 - 2*d)*Vec(nu10,q2)*Vec(
         nu11,q3)*Vec(nu14,q3)^2*Vec(nu15,q3)^2*p4.p4^2*xiw^3*xiz*ufoGC58^2*
         ufoGC69^2
          - 2*g_(1,6_,nu10)*g_(2,6_,nu11)/(d^3 + d^2 - 2*d)*Vec(nu10,q2)*Vec(
         nu11,q3)*Vec(nu16,q2)^2*Vec(nu15,q2)^2*p4.p4^2*d*xiw^3*xiz*ufoGC58^2*
         ufoGC69^2
          + 2*g_(1,6_,nu10)*g_(2,6_,nu11)/(d^3 + d^2 - 2*d)*Vec(nu10,q2)*Vec(
         nu11,q3)*Vec(nu16,q2)^2*Vec(nu15,q2)^2*p4.p4^2*xiw^3*xiz*ufoGC58^2*
         ufoGC69^2
          - 4*g_(1,6_,nu10)*g_(2,6_,nu11)/(d^3 + d^2 - 2*d)*Vec(nu10,q2)*Vec(
         nu11,q3)*Vec(nu16,q2)^2*Vec(nu15,q2)*Vec(nu15,q3)*p4.p4^2*d*xiw^3*xiz
         *ufoGC58^2*ufoGC69^2
          + 4*g_(1,6_,nu10)*g_(2,6_,nu11)/(d^3 + d^2 - 2*d)*Vec(nu10,q2)*Vec(
         nu11,q3)*Vec(nu16,q2)^2*Vec(nu15,q2)*Vec(nu15,q3)*p4.p4^2*xiw^3*xiz*
         ufoGC58^2*ufoGC69^2
          - 2*g_(1,6_,nu10)*g_(2,6_,nu11)/(d^3 + d^2 - 2*d)*Vec(nu10,q2)*Vec(
         nu11,q3)*Vec(nu16,q2)^2*Vec(nu15,q3)^2*p4.p4^2*d*xiw^3*xiz*ufoGC58^2*
         ufoGC69^2
          + 2*g_(1,6_,nu10)*g_(2,6_,nu11)/(d^3 + d^2 - 2*d)*Vec(nu10,q2)*Vec(
         nu11,q3)*Vec(nu16,q2)^2*Vec(nu15,q3)^2*p4.p4^2*xiw^3*xiz*ufoGC58^2*
         ufoGC69^2
          - 4*g_(1,6_,nu10)*g_(2,6_,nu11)/(d^3 + d^2 - 2*d)*Vec(nu10,q2)*Vec(
         nu11,q3)*Vec(nu16,q2)*Vec(nu16,q3)*Vec(nu15,q2)^2*p4.p4^2*d*xiw^3*xiz
         *ufoGC58^2*ufoGC69^2
          + 4*g_(1,6_,nu10)*g_(2,6_,nu11)/(d^3 + d^2 - 2*d)*Vec(nu10,q2)*Vec(
         nu11,q3)*Vec(nu16,q2)*Vec(nu16,q3)*Vec(nu15,q2)^2*p4.p4^2*xiw^3*xiz*
         ufoGC58^2*ufoGC69^2
          - 8*g_(1,6_,nu10)*g_(2,6_,nu11)/(d^3 + d^2 - 2*d)*Vec(nu10,q2)*Vec(
         nu11,q3)*Vec(nu16,q2)*Vec(nu16,q3)*Vec(nu15,q2)*Vec(nu15,q3)*p4.p4^2*
         d*xiw^3*xiz*ufoGC58^2*ufoGC69^2
          + 8*g_(1,6_,nu10)*g_(2,6_,nu11)/(d^3 + d^2 - 2*d)*Vec(nu10,q2)*Vec(
         nu11,q3)*Vec(nu16,q2)*Vec(nu16,q3)*Vec(nu15,q2)*Vec(nu15,q3)*p4.p4^2*
         xiw^3*xiz*ufoGC58^2*ufoGC69^2
          - 4*g_(1,6_,nu10)*g_(2,6_,nu11)/(d^3 + d^2 - 2*d)*Vec(nu10,q2)*Vec(
         nu11,q3)*Vec(nu16,q2)*Vec(nu16,q3)*Vec(nu15,q3)^2*p4.p4^2*d*xiw^3*xiz
         *ufoGC58^2*ufoGC69^2
          + 4*g_(1,6_,nu10)*g_(2,6_,nu11)/(d^3 + d^2 - 2*d)*Vec(nu10,q2)*Vec(
         nu11,q3)*Vec(nu16,q2)*Vec(nu16,q3)*Vec(nu15,q3)^2*p4.p4^2*xiw^3*xiz*
         ufoGC58^2*ufoGC69^2
          - 2*g_(1,6_,nu10)*g_(2,6_,nu11)/(d^3 + d^2 - 2*d)*Vec(nu10,q2)*Vec(
         nu11,q3)*Vec(nu16,q3)^2*Vec(nu15,q2)^2*p4.p4^2*d*xiw^3*xiz*ufoGC58^2*
         ufoGC69^2
          + 2*g_(1,6_,nu10)*g_(2,6_,nu11)/(d^3 + d^2 - 2*d)*Vec(nu10,q2)*Vec(
         nu11,q3)*Vec(nu16,q3)^2*Vec(nu15,q2)^2*p4.p4^2*xiw^3*xiz*ufoGC58^2*
         ufoGC69^2
          - 4*g_(1,6_,nu10)*g_(2,6_,nu11)/(d^3 + d^2 - 2*d)*Vec(nu10,q2)*Vec(
         nu11,q3)*Vec(nu16,q3)^2*Vec(nu15,q2)*Vec(nu15,q3)*p4.p4^2*d*xiw^3*xiz
         *ufoGC58^2*ufoGC69^2
          + 4*g_(1,6_,nu10)*g_(2,6_,nu11)/(d^3 + d^2 - 2*d)*Vec(nu10,q2)*Vec(
         nu11,q3)*Vec(nu16,q3)^2*Vec(nu15,q2)*Vec(nu15,q3)*p4.p4^2*xiw^3*xiz*
         ufoGC58^2*ufoGC69^2
          - 2*g_(1,6_,nu10)*g_(2,6_,nu11)/(d^3 + d^2 - 2*d)*Vec(nu10,q2)*Vec(
         nu11,q3)*Vec(nu16,q3)^2*Vec(nu15,q3)^2*p4.p4^2*d*xiw^3*xiz*ufoGC58^2*
         ufoGC69^2
          + 2*g_(1,6_,nu10)*g_(2,6_,nu11)/(d^3 + d^2 - 2*d)*Vec(nu10,q2)*Vec(
         nu11,q3)*Vec(nu16,q3)^2*Vec(nu15,q3)^2*p4.p4^2*xiw^3*xiz*ufoGC58^2*
         ufoGC69^2
          - 2*g_(1,6_,nu10)*g_(2,6_,nu11)/(d^3 + d^2 - 2*d)*Vec(nu10,q3)*Vec(
         nu11,q2)*Vec(nu13,q2)^2*Vec(nu14,q2)^2*p4.p4^2*d*xiw^3*xiz*ufoGC58^2*
         ufoGC69^2
          + 2*g_(1,6_,nu10)*g_(2,6_,nu11)/(d^3 + d^2 - 2*d)*Vec(nu10,q3)*Vec(
         nu11,q2)*Vec(nu13,q2)^2*Vec(nu14,q2)^2*p4.p4^2*xiw^3*xiz*ufoGC58^2*
         ufoGC69^2
          - 4*g_(1,6_,nu10)*g_(2,6_,nu11)/(d^3 + d^2 - 2*d)*Vec(nu10,q3)*Vec(
         nu11,q2)*Vec(nu13,q2)^2*Vec(nu14,q2)*Vec(nu14,q3)*p4.p4^2*d*xiw^3*xiz
         *ufoGC58^2*ufoGC69^2
          + 4*g_(1,6_,nu10)*g_(2,6_,nu11)/(d^3 + d^2 - 2*d)*Vec(nu10,q3)*Vec(
         nu11,q2)*Vec(nu13,q2)^2*Vec(nu14,q2)*Vec(nu14,q3)*p4.p4^2*xiw^3*xiz*
         ufoGC58^2*ufoGC69^2
          - 2*g_(1,6_,nu10)*g_(2,6_,nu11)/(d^3 + d^2 - 2*d)*Vec(nu10,q3)*Vec(
         nu11,q2)*Vec(nu13,q2)^2*Vec(nu14,q3)^2*p4.p4^2*d*xiw^3*xiz*ufoGC58^2*
         ufoGC69^2
          + 2*g_(1,6_,nu10)*g_(2,6_,nu11)/(d^3 + d^2 - 2*d)*Vec(nu10,q3)*Vec(
         nu11,q2)*Vec(nu13,q2)^2*Vec(nu14,q3)^2*p4.p4^2*xiw^3*xiz*ufoGC58^2*
         ufoGC69^2
          - 4*g_(1,6_,nu10)*g_(2,6_,nu11)/(d^3 + d^2 - 2*d)*Vec(nu10,q3)*Vec(
         nu11,q2)*Vec(nu13,q2)*Vec(nu13,q3)*Vec(nu14,q2)^2*p4.p4^2*d*xiw^3*xiz
         *ufoGC58^2*ufoGC69^2
          + 4*g_(1,6_,nu10)*g_(2,6_,nu11)/(d^3 + d^2 - 2*d)*Vec(nu10,q3)*Vec(
         nu11,q2)*Vec(nu13,q2)*Vec(nu13,q3)*Vec(nu14,q2)^2*p4.p4^2*xiw^3*xiz*
         ufoGC58^2*ufoGC69^2
          - 8*g_(1,6_,nu10)*g_(2,6_,nu11)/(d^3 + d^2 - 2*d)*Vec(nu10,q3)*Vec(
         nu11,q2)*Vec(nu13,q2)*Vec(nu13,q3)*Vec(nu14,q2)*Vec(nu14,q3)*p4.p4^2*
         d*xiw^3*xiz*ufoGC58^2*ufoGC69^2
          + 8*g_(1,6_,nu10)*g_(2,6_,nu11)/(d^3 + d^2 - 2*d)*Vec(nu10,q3)*Vec(
         nu11,q2)*Vec(nu13,q2)*Vec(nu13,q3)*Vec(nu14,q2)*Vec(nu14,q3)*p4.p4^2*
         xiw^3*xiz*ufoGC58^2*ufoGC69^2
          - 4*g_(1,6_,nu10)*g_(2,6_,nu11)/(d^3 + d^2 - 2*d)*Vec(nu10,q3)*Vec(
         nu11,q2)*Vec(nu13,q2)*Vec(nu13,q3)*Vec(nu14,q3)^2*p4.p4^2*d*xiw^3*xiz
         *ufoGC58^2*ufoGC69^2
          + 4*g_(1,6_,nu10)*g_(2,6_,nu11)/(d^3 + d^2 - 2*d)*Vec(nu10,q3)*Vec(
         nu11,q2)*Vec(nu13,q2)*Vec(nu13,q3)*Vec(nu14,q3)^2*p4.p4^2*xiw^3*xiz*
         ufoGC58^2*ufoGC69^2
          - 2*g_(1,6_,nu10)*g_(2,6_,nu11)/(d^3 + d^2 - 2*d)*Vec(nu10,q3)*Vec(
         nu11,q2)*Vec(nu13,q3)^2*Vec(nu14,q2)^2*p4.p4^2*d*xiw^3*xiz*ufoGC58^2*
         ufoGC69^2
          + 2*g_(1,6_,nu10)*g_(2,6_,nu11)/(d^3 + d^2 - 2*d)*Vec(nu10,q3)*Vec(
         nu11,q2)*Vec(nu13,q3)^2*Vec(nu14,q2)^2*p4.p4^2*xiw^3*xiz*ufoGC58^2*
         ufoGC69^2
          - 4*g_(1,6_,nu10)*g_(2,6_,nu11)/(d^3 + d^2 - 2*d)*Vec(nu10,q3)*Vec(
         nu11,q2)*Vec(nu13,q3)^2*Vec(nu14,q2)*Vec(nu14,q3)*p4.p4^2*d*xiw^3*xiz
         *ufoGC58^2*ufoGC69^2
          + 4*g_(1,6_,nu10)*g_(2,6_,nu11)/(d^3 + d^2 - 2*d)*Vec(nu10,q3)*Vec(
         nu11,q2)*Vec(nu13,q3)^2*Vec(nu14,q2)*Vec(nu14,q3)*p4.p4^2*xiw^3*xiz*
         ufoGC58^2*ufoGC69^2
          - 2*g_(1,6_,nu10)*g_(2,6_,nu11)/(d^3 + d^2 - 2*d)*Vec(nu10,q3)*Vec(
         nu11,q2)*Vec(nu13,q3)^2*Vec(nu14,q3)^2*p4.p4^2*d*xiw^3*xiz*ufoGC58^2*
         ufoGC69^2
          + 2*g_(1,6_,nu10)*g_(2,6_,nu11)/(d^3 + d^2 - 2*d)*Vec(nu10,q3)*Vec(
         nu11,q2)*Vec(nu13,q3)^2*Vec(nu14,q3)^2*p4.p4^2*xiw^3*xiz*ufoGC58^2*
         ufoGC69^2
          + 2*g_(1,6_,nu10)*g_(2,6_,nu11)/(d^3 + d^2 - 2*d)*Vec(nu10,q3)*Vec(
         nu11,q2)*Vec(nu14,q2)^2*Vec(nu16,q2)^2*p4.p4^2*d*xiw^3*xiz*ufoGC58^2*
         ufoGC69^2
          - 2*g_(1,6_,nu10)*g_(2,6_,nu11)/(d^3 + d^2 - 2*d)*Vec(nu10,q3)*Vec(
         nu11,q2)*Vec(nu14,q2)^2*Vec(nu16,q2)^2*p4.p4^2*xiw^3*xiz*ufoGC58^2*
         ufoGC69^2
          + 4*g_(1,6_,nu10)*g_(2,6_,nu11)/(d^3 + d^2 - 2*d)*Vec(nu10,q3)*Vec(
         nu11,q2)*Vec(nu14,q2)^2*Vec(nu16,q2)*Vec(nu16,q3)*p4.p4^2*d*xiw^3*xiz
         *ufoGC58^2*ufoGC69^2
          - 4*g_(1,6_,nu10)*g_(2,6_,nu11)/(d^3 + d^2 - 2*d)*Vec(nu10,q3)*Vec(
         nu11,q2)*Vec(nu14,q2)^2*Vec(nu16,q2)*Vec(nu16,q3)*p4.p4^2*xiw^3*xiz*
         ufoGC58^2*ufoGC69^2
          + 2*g_(1,6_,nu10)*g_(2,6_,nu11)/(d^3 + d^2 - 2*d)*Vec(nu10,q3)*Vec(
         nu11,q2)*Vec(nu14,q2)^2*Vec(nu16,q3)^2*p4.p4^2*d*xiw^3*xiz*ufoGC58^2*
         ufoGC69^2
          - 2*g_(1,6_,nu10)*g_(2,6_,nu11)/(d^3 + d^2 - 2*d)*Vec(nu10,q3)*Vec(
         nu11,q2)*Vec(nu14,q2)^2*Vec(nu16,q3)^2*p4.p4^2*xiw^3*xiz*ufoGC58^2*
         ufoGC69^2
          + 2*g_(1,6_,nu10)*g_(2,6_,nu11)/(d^3 + d^2 - 2*d)*Vec(nu10,q3)*Vec(
         nu11,q2)*Vec(nu14,q2)^2*Vec(nu15,q2)^2*p4.p4^2*d*xiw^3*xiz*ufoGC58^2*
         ufoGC69^2
          - 2*g_(1,6_,nu10)*g_(2,6_,nu11)/(d^3 + d^2 - 2*d)*Vec(nu10,q3)*Vec(
         nu11,q2)*Vec(nu14,q2)^2*Vec(nu15,q2)^2*p4.p4^2*xiw^3*xiz*ufoGC58^2*
         ufoGC69^2
          + 4*g_(1,6_,nu10)*g_(2,6_,nu11)/(d^3 + d^2 - 2*d)*Vec(nu10,q3)*Vec(
         nu11,q2)*Vec(nu14,q2)^2*Vec(nu15,q2)*Vec(nu15,q3)*p4.p4^2*d*xiw^3*xiz
         *ufoGC58^2*ufoGC69^2
          - 4*g_(1,6_,nu10)*g_(2,6_,nu11)/(d^3 + d^2 - 2*d)*Vec(nu10,q3)*Vec(
         nu11,q2)*Vec(nu14,q2)^2*Vec(nu15,q2)*Vec(nu15,q3)*p4.p4^2*xiw^3*xiz*
         ufoGC58^2*ufoGC69^2
          + 2*g_(1,6_,nu10)*g_(2,6_,nu11)/(d^3 + d^2 - 2*d)*Vec(nu10,q3)*Vec(
         nu11,q2)*Vec(nu14,q2)^2*Vec(nu15,q3)^2*p4.p4^2*d*xiw^3*xiz*ufoGC58^2*
         ufoGC69^2
          - 2*g_(1,6_,nu10)*g_(2,6_,nu11)/(d^3 + d^2 - 2*d)*Vec(nu10,q3)*Vec(
         nu11,q2)*Vec(nu14,q2)^2*Vec(nu15,q3)^2*p4.p4^2*xiw^3*xiz*ufoGC58^2*
         ufoGC69^2
          + 4*g_(1,6_,nu10)*g_(2,6_,nu11)/(d^3 + d^2 - 2*d)*Vec(nu10,q3)*Vec(
         nu11,q2)*Vec(nu14,q2)*Vec(nu14,q3)*Vec(nu16,q2)^2*p4.p4^2*d*xiw^3*xiz
         *ufoGC58^2*ufoGC69^2
          - 4*g_(1,6_,nu10)*g_(2,6_,nu11)/(d^3 + d^2 - 2*d)*Vec(nu10,q3)*Vec(
         nu11,q2)*Vec(nu14,q2)*Vec(nu14,q3)*Vec(nu16,q2)^2*p4.p4^2*xiw^3*xiz*
         ufoGC58^2*ufoGC69^2
          + 8*g_(1,6_,nu10)*g_(2,6_,nu11)/(d^3 + d^2 - 2*d)*Vec(nu10,q3)*Vec(
         nu11,q2)*Vec(nu14,q2)*Vec(nu14,q3)*Vec(nu16,q2)*Vec(nu16,q3)*p4.p4^2*
         d*xiw^3*xiz*ufoGC58^2*ufoGC69^2
          - 8*g_(1,6_,nu10)*g_(2,6_,nu11)/(d^3 + d^2 - 2*d)*Vec(nu10,q3)*Vec(
         nu11,q2)*Vec(nu14,q2)*Vec(nu14,q3)*Vec(nu16,q2)*Vec(nu16,q3)*p4.p4^2*
         xiw^3*xiz*ufoGC58^2*ufoGC69^2
          + 4*g_(1,6_,nu10)*g_(2,6_,nu11)/(d^3 + d^2 - 2*d)*Vec(nu10,q3)*Vec(
         nu11,q2)*Vec(nu14,q2)*Vec(nu14,q3)*Vec(nu16,q3)^2*p4.p4^2*d*xiw^3*xiz
         *ufoGC58^2*ufoGC69^2
          - 4*g_(1,6_,nu10)*g_(2,6_,nu11)/(d^3 + d^2 - 2*d)*Vec(nu10,q3)*Vec(
         nu11,q2)*Vec(nu14,q2)*Vec(nu14,q3)*Vec(nu16,q3)^2*p4.p4^2*xiw^3*xiz*
         ufoGC58^2*ufoGC69^2
          + 4*g_(1,6_,nu10)*g_(2,6_,nu11)/(d^3 + d^2 - 2*d)*Vec(nu10,q3)*Vec(
         nu11,q2)*Vec(nu14,q2)*Vec(nu14,q3)*Vec(nu15,q2)^2*p4.p4^2*d*xiw^3*xiz
         *ufoGC58^2*ufoGC69^2
          - 4*g_(1,6_,nu10)*g_(2,6_,nu11)/(d^3 + d^2 - 2*d)*Vec(nu10,q3)*Vec(
         nu11,q2)*Vec(nu14,q2)*Vec(nu14,q3)*Vec(nu15,q2)^2*p4.p4^2*xiw^3*xiz*
         ufoGC58^2*ufoGC69^2
          + 8*g_(1,6_,nu10)*g_(2,6_,nu11)/(d^3 + d^2 - 2*d)*Vec(nu10,q3)*Vec(
         nu11,q2)*Vec(nu14,q2)*Vec(nu14,q3)*Vec(nu15,q2)*Vec(nu15,q3)*p4.p4^2*
         d*xiw^3*xiz*ufoGC58^2*ufoGC69^2
          - 8*g_(1,6_,nu10)*g_(2,6_,nu11)/(d^3 + d^2 - 2*d)*Vec(nu10,q3)*Vec(
         nu11,q2)*Vec(nu14,q2)*Vec(nu14,q3)*Vec(nu15,q2)*Vec(nu15,q3)*p4.p4^2*
         xiw^3*xiz*ufoGC58^2*ufoGC69^2
          + 4*g_(1,6_,nu10)*g_(2,6_,nu11)/(d^3 + d^2 - 2*d)*Vec(nu10,q3)*Vec(
         nu11,q2)*Vec(nu14,q2)*Vec(nu14,q3)*Vec(nu15,q3)^2*p4.p4^2*d*xiw^3*xiz
         *ufoGC58^2*ufoGC69^2
          - 4*g_(1,6_,nu10)*g_(2,6_,nu11)/(d^3 + d^2 - 2*d)*Vec(nu10,q3)*Vec(
         nu11,q2)*Vec(nu14,q2)*Vec(nu14,q3)*Vec(nu15,q3)^2*p4.p4^2*xiw^3*xiz*
         ufoGC58^2*ufoGC69^2
          + 2*g_(1,6_,nu10)*g_(2,6_,nu11)/(d^3 + d^2 - 2*d)*Vec(nu10,q3)*Vec(
         nu11,q2)*Vec(nu14,q3)^2*Vec(nu16,q2)^2*p4.p4^2*d*xiw^3*xiz*ufoGC58^2*
         ufoGC69^2
          - 2*g_(1,6_,nu10)*g_(2,6_,nu11)/(d^3 + d^2 - 2*d)*Vec(nu10,q3)*Vec(
         nu11,q2)*Vec(nu14,q3)^2*Vec(nu16,q2)^2*p4.p4^2*xiw^3*xiz*ufoGC58^2*
         ufoGC69^2
          + 4*g_(1,6_,nu10)*g_(2,6_,nu11)/(d^3 + d^2 - 2*d)*Vec(nu10,q3)*Vec(
         nu11,q2)*Vec(nu14,q3)^2*Vec(nu16,q2)*Vec(nu16,q3)*p4.p4^2*d*xiw^3*xiz
         *ufoGC58^2*ufoGC69^2
          - 4*g_(1,6_,nu10)*g_(2,6_,nu11)/(d^3 + d^2 - 2*d)*Vec(nu10,q3)*Vec(
         nu11,q2)*Vec(nu14,q3)^2*Vec(nu16,q2)*Vec(nu16,q3)*p4.p4^2*xiw^3*xiz*
         ufoGC58^2*ufoGC69^2
          + 2*g_(1,6_,nu10)*g_(2,6_,nu11)/(d^3 + d^2 - 2*d)*Vec(nu10,q3)*Vec(
         nu11,q2)*Vec(nu14,q3)^2*Vec(nu16,q3)^2*p4.p4^2*d*xiw^3*xiz*ufoGC58^2*
         ufoGC69^2
          - 2*g_(1,6_,nu10)*g_(2,6_,nu11)/(d^3 + d^2 - 2*d)*Vec(nu10,q3)*Vec(
         nu11,q2)*Vec(nu14,q3)^2*Vec(nu16,q3)^2*p4.p4^2*xiw^3*xiz*ufoGC58^2*
         ufoGC69^2
          + 2*g_(1,6_,nu10)*g_(2,6_,nu11)/(d^3 + d^2 - 2*d)*Vec(nu10,q3)*Vec(
         nu11,q2)*Vec(nu14,q3)^2*Vec(nu15,q2)^2*p4.p4^2*d*xiw^3*xiz*ufoGC58^2*
         ufoGC69^2
          - 2*g_(1,6_,nu10)*g_(2,6_,nu11)/(d^3 + d^2 - 2*d)*Vec(nu10,q3)*Vec(
         nu11,q2)*Vec(nu14,q3)^2*Vec(nu15,q2)^2*p4.p4^2*xiw^3*xiz*ufoGC58^2*
         ufoGC69^2
          + 4*g_(1,6_,nu10)*g_(2,6_,nu11)/(d^3 + d^2 - 2*d)*Vec(nu10,q3)*Vec(
         nu11,q2)*Vec(nu14,q3)^2*Vec(nu15,q2)*Vec(nu15,q3)*p4.p4^2*d*xiw^3*xiz
         *ufoGC58^2*ufoGC69^2
          - 4*g_(1,6_,nu10)*g_(2,6_,nu11)/(d^3 + d^2 - 2*d)*Vec(nu10,q3)*Vec(
         nu11,q2)*Vec(nu14,q3)^2*Vec(nu15,q2)*Vec(nu15,q3)*p4.p4^2*xiw^3*xiz*
         ufoGC58^2*ufoGC69^2
          + 2*g_(1,6_,nu10)*g_(2,6_,nu11)/(d^3 + d^2 - 2*d)*Vec(nu10,q3)*Vec(
         nu11,q2)*Vec(nu14,q3)^2*Vec(nu15,q3)^2*p4.p4^2*d*xiw^3*xiz*ufoGC58^2*
         ufoGC69^2
          - 2*g_(1,6_,nu10)*g_(2,6_,nu11)/(d^3 + d^2 - 2*d)*Vec(nu10,q3)*Vec(
         nu11,q2)*Vec(nu14,q3)^2*Vec(nu15,q3)^2*p4.p4^2*xiw^3*xiz*ufoGC58^2*
         ufoGC69^2
          - 2*g_(1,6_,nu10)*g_(2,6_,nu11)/(d^3 + d^2 - 2*d)*Vec(nu10,q3)*Vec(
         nu11,q2)*Vec(nu16,q2)^2*Vec(nu15,q2)^2*p4.p4^2*d*xiw^3*xiz*ufoGC58^2*
         ufoGC69^2
          + 2*g_(1,6_,nu10)*g_(2,6_,nu11)/(d^3 + d^2 - 2*d)*Vec(nu10,q3)*Vec(
         nu11,q2)*Vec(nu16,q2)^2*Vec(nu15,q2)^2*p4.p4^2*xiw^3*xiz*ufoGC58^2*
         ufoGC69^2
          - 4*g_(1,6_,nu10)*g_(2,6_,nu11)/(d^3 + d^2 - 2*d)*Vec(nu10,q3)*Vec(
         nu11,q2)*Vec(nu16,q2)^2*Vec(nu15,q2)*Vec(nu15,q3)*p4.p4^2*d*xiw^3*xiz
         *ufoGC58^2*ufoGC69^2
          + 4*g_(1,6_,nu10)*g_(2,6_,nu11)/(d^3 + d^2 - 2*d)*Vec(nu10,q3)*Vec(
         nu11,q2)*Vec(nu16,q2)^2*Vec(nu15,q2)*Vec(nu15,q3)*p4.p4^2*xiw^3*xiz*
         ufoGC58^2*ufoGC69^2
          - 2*g_(1,6_,nu10)*g_(2,6_,nu11)/(d^3 + d^2 - 2*d)*Vec(nu10,q3)*Vec(
         nu11,q2)*Vec(nu16,q2)^2*Vec(nu15,q3)^2*p4.p4^2*d*xiw^3*xiz*ufoGC58^2*
         ufoGC69^2
          + 2*g_(1,6_,nu10)*g_(2,6_,nu11)/(d^3 + d^2 - 2*d)*Vec(nu10,q3)*Vec(
         nu11,q2)*Vec(nu16,q2)^2*Vec(nu15,q3)^2*p4.p4^2*xiw^3*xiz*ufoGC58^2*
         ufoGC69^2
          - 4*g_(1,6_,nu10)*g_(2,6_,nu11)/(d^3 + d^2 - 2*d)*Vec(nu10,q3)*Vec(
         nu11,q2)*Vec(nu16,q2)*Vec(nu16,q3)*Vec(nu15,q2)^2*p4.p4^2*d*xiw^3*xiz
         *ufoGC58^2*ufoGC69^2
          + 4*g_(1,6_,nu10)*g_(2,6_,nu11)/(d^3 + d^2 - 2*d)*Vec(nu10,q3)*Vec(
         nu11,q2)*Vec(nu16,q2)*Vec(nu16,q3)*Vec(nu15,q2)^2*p4.p4^2*xiw^3*xiz*
         ufoGC58^2*ufoGC69^2
          - 8*g_(1,6_,nu10)*g_(2,6_,nu11)/(d^3 + d^2 - 2*d)*Vec(nu10,q3)*Vec(
         nu11,q2)*Vec(nu16,q2)*Vec(nu16,q3)*Vec(nu15,q2)*Vec(nu15,q3)*p4.p4^2*
         d*xiw^3*xiz*ufoGC58^2*ufoGC69^2
          + 8*g_(1,6_,nu10)*g_(2,6_,nu11)/(d^3 + d^2 - 2*d)*Vec(nu10,q3)*Vec(
         nu11,q2)*Vec(nu16,q2)*Vec(nu16,q3)*Vec(nu15,q2)*Vec(nu15,q3)*p4.p4^2*
         xiw^3*xiz*ufoGC58^2*ufoGC69^2
          - 4*g_(1,6_,nu10)*g_(2,6_,nu11)/(d^3 + d^2 - 2*d)*Vec(nu10,q3)*Vec(
         nu11,q2)*Vec(nu16,q2)*Vec(nu16,q3)*Vec(nu15,q3)^2*p4.p4^2*d*xiw^3*xiz
         *ufoGC58^2*ufoGC69^2
          + 4*g_(1,6_,nu10)*g_(2,6_,nu11)/(d^3 + d^2 - 2*d)*Vec(nu10,q3)*Vec(
         nu11,q2)*Vec(nu16,q2)*Vec(nu16,q3)*Vec(nu15,q3)^2*p4.p4^2*xiw^3*xiz*
         ufoGC58^2*ufoGC69^2
          - 2*g_(1,6_,nu10)*g_(2,6_,nu11)/(d^3 + d^2 - 2*d)*Vec(nu10,q3)*Vec(
         nu11,q2)*Vec(nu16,q3)^2*Vec(nu15,q2)^2*p4.p4^2*d*xiw^3*xiz*ufoGC58^2*
         ufoGC69^2
          + 2*g_(1,6_,nu10)*g_(2,6_,nu11)/(d^3 + d^2 - 2*d)*Vec(nu10,q3)*Vec(
         nu11,q2)*Vec(nu16,q3)^2*Vec(nu15,q2)^2*p4.p4^2*xiw^3*xiz*ufoGC58^2*
         ufoGC69^2
          - 4*g_(1,6_,nu10)*g_(2,6_,nu11)/(d^3 + d^2 - 2*d)*Vec(nu10,q3)*Vec(
         nu11,q2)*Vec(nu16,q3)^2*Vec(nu15,q2)*Vec(nu15,q3)*p4.p4^2*d*xiw^3*xiz
         *ufoGC58^2*ufoGC69^2
          + 4*g_(1,6_,nu10)*g_(2,6_,nu11)/(d^3 + d^2 - 2*d)*Vec(nu10,q3)*Vec(
         nu11,q2)*Vec(nu16,q3)^2*Vec(nu15,q2)*Vec(nu15,q3)*p4.p4^2*xiw^3*xiz*
         ufoGC58^2*ufoGC69^2
          - 2*g_(1,6_,nu10)*g_(2,6_,nu11)/(d^3 + d^2 - 2*d)*Vec(nu10,q3)*Vec(
         nu11,q2)*Vec(nu16,q3)^2*Vec(nu15,q3)^2*p4.p4^2*d*xiw^3*xiz*ufoGC58^2*
         ufoGC69^2
          + 2*g_(1,6_,nu10)*g_(2,6_,nu11)/(d^3 + d^2 - 2*d)*Vec(nu10,q3)*Vec(
         nu11,q2)*Vec(nu16,q3)^2*Vec(nu15,q3)^2*p4.p4^2*xiw^3*xiz*ufoGC58^2*
         ufoGC69^2
          - 2*g_(1,6_,nu10)*g_(2,6_,nu11)/(d^3 + d^2 - 2*d)*Vec(nu10,q3)*Vec(
         nu11,q3)*Vec(nu13,q2)^2*Vec(nu14,q2)^2*p4.p4^2*d*xiw^3*xiz*ufoGC58^2*
         ufoGC69^2
          + 2*g_(1,6_,nu10)*g_(2,6_,nu11)/(d^3 + d^2 - 2*d)*Vec(nu10,q3)*Vec(
         nu11,q3)*Vec(nu13,q2)^2*Vec(nu14,q2)^2*p4.p4^2*xiw^3*xiz*ufoGC58^2*
         ufoGC69^2
          - 4*g_(1,6_,nu10)*g_(2,6_,nu11)/(d^3 + d^2 - 2*d)*Vec(nu10,q3)*Vec(
         nu11,q3)*Vec(nu13,q2)^2*Vec(nu14,q2)*Vec(nu14,q3)*p4.p4^2*d*xiw^3*xiz
         *ufoGC58^2*ufoGC69^2
          + 4*g_(1,6_,nu10)*g_(2,6_,nu11)/(d^3 + d^2 - 2*d)*Vec(nu10,q3)*Vec(
         nu11,q3)*Vec(nu13,q2)^2*Vec(nu14,q2)*Vec(nu14,q3)*p4.p4^2*xiw^3*xiz*
         ufoGC58^2*ufoGC69^2
          - 2*g_(1,6_,nu10)*g_(2,6_,nu11)/(d^3 + d^2 - 2*d)*Vec(nu10,q3)*Vec(
         nu11,q3)*Vec(nu13,q2)^2*Vec(nu14,q3)^2*p4.p4^2*d*xiw^3*xiz*ufoGC58^2*
         ufoGC69^2
          + 2*g_(1,6_,nu10)*g_(2,6_,nu11)/(d^3 + d^2 - 2*d)*Vec(nu10,q3)*Vec(
         nu11,q3)*Vec(nu13,q2)^2*Vec(nu14,q3)^2*p4.p4^2*xiw^3*xiz*ufoGC58^2*
         ufoGC69^2
          - 4*g_(1,6_,nu10)*g_(2,6_,nu11)/(d^3 + d^2 - 2*d)*Vec(nu10,q3)*Vec(
         nu11,q3)*Vec(nu13,q2)*Vec(nu13,q3)*Vec(nu14,q2)^2*p4.p4^2*d*xiw^3*xiz
         *ufoGC58^2*ufoGC69^2
          + 4*g_(1,6_,nu10)*g_(2,6_,nu11)/(d^3 + d^2 - 2*d)*Vec(nu10,q3)*Vec(
         nu11,q3)*Vec(nu13,q2)*Vec(nu13,q3)*Vec(nu14,q2)^2*p4.p4^2*xiw^3*xiz*
         ufoGC58^2*ufoGC69^2
          - 8*g_(1,6_,nu10)*g_(2,6_,nu11)/(d^3 + d^2 - 2*d)*Vec(nu10,q3)*Vec(
         nu11,q3)*Vec(nu13,q2)*Vec(nu13,q3)*Vec(nu14,q2)*Vec(nu14,q3)*p4.p4^2*
         d*xiw^3*xiz*ufoGC58^2*ufoGC69^2
          + 8*g_(1,6_,nu10)*g_(2,6_,nu11)/(d^3 + d^2 - 2*d)*Vec(nu10,q3)*Vec(
         nu11,q3)*Vec(nu13,q2)*Vec(nu13,q3)*Vec(nu14,q2)*Vec(nu14,q3)*p4.p4^2*
         xiw^3*xiz*ufoGC58^2*ufoGC69^2
          - 4*g_(1,6_,nu10)*g_(2,6_,nu11)/(d^3 + d^2 - 2*d)*Vec(nu10,q3)*Vec(
         nu11,q3)*Vec(nu13,q2)*Vec(nu13,q3)*Vec(nu14,q3)^2*p4.p4^2*d*xiw^3*xiz
         *ufoGC58^2*ufoGC69^2
          + 4*g_(1,6_,nu10)*g_(2,6_,nu11)/(d^3 + d^2 - 2*d)*Vec(nu10,q3)*Vec(
         nu11,q3)*Vec(nu13,q2)*Vec(nu13,q3)*Vec(nu14,q3)^2*p4.p4^2*xiw^3*xiz*
         ufoGC58^2*ufoGC69^2
          - 2*g_(1,6_,nu10)*g_(2,6_,nu11)/(d^3 + d^2 - 2*d)*Vec(nu10,q3)*Vec(
         nu11,q3)*Vec(nu13,q3)^2*Vec(nu14,q2)^2*p4.p4^2*d*xiw^3*xiz*ufoGC58^2*
         ufoGC69^2
          + 2*g_(1,6_,nu10)*g_(2,6_,nu11)/(d^3 + d^2 - 2*d)*Vec(nu10,q3)*Vec(
         nu11,q3)*Vec(nu13,q3)^2*Vec(nu14,q2)^2*p4.p4^2*xiw^3*xiz*ufoGC58^2*
         ufoGC69^2
          - 4*g_(1,6_,nu10)*g_(2,6_,nu11)/(d^3 + d^2 - 2*d)*Vec(nu10,q3)*Vec(
         nu11,q3)*Vec(nu13,q3)^2*Vec(nu14,q2)*Vec(nu14,q3)*p4.p4^2*d*xiw^3*xiz
         *ufoGC58^2*ufoGC69^2
          + 4*g_(1,6_,nu10)*g_(2,6_,nu11)/(d^3 + d^2 - 2*d)*Vec(nu10,q3)*Vec(
         nu11,q3)*Vec(nu13,q3)^2*Vec(nu14,q2)*Vec(nu14,q3)*p4.p4^2*xiw^3*xiz*
         ufoGC58^2*ufoGC69^2
          - 2*g_(1,6_,nu10)*g_(2,6_,nu11)/(d^3 + d^2 - 2*d)*Vec(nu10,q3)*Vec(
         nu11,q3)*Vec(nu13,q3)^2*Vec(nu14,q3)^2*p4.p4^2*d*xiw^3*xiz*ufoGC58^2*
         ufoGC69^2
          + 2*g_(1,6_,nu10)*g_(2,6_,nu11)/(d^3 + d^2 - 2*d)*Vec(nu10,q3)*Vec(
         nu11,q3)*Vec(nu13,q3)^2*Vec(nu14,q3)^2*p4.p4^2*xiw^3*xiz*ufoGC58^2*
         ufoGC69^2
          + 2*g_(1,6_,nu10)*g_(2,6_,nu11)/(d^3 + d^2 - 2*d)*Vec(nu10,q3)*Vec(
         nu11,q3)*Vec(nu14,q2)^2*Vec(nu16,q2)^2*p4.p4^2*d*xiw^3*xiz*ufoGC58^2*
         ufoGC69^2
          - 2*g_(1,6_,nu10)*g_(2,6_,nu11)/(d^3 + d^2 - 2*d)*Vec(nu10,q3)*Vec(
         nu11,q3)*Vec(nu14,q2)^2*Vec(nu16,q2)^2*p4.p4^2*xiw^3*xiz*ufoGC58^2*
         ufoGC69^2
          + 4*g_(1,6_,nu10)*g_(2,6_,nu11)/(d^3 + d^2 - 2*d)*Vec(nu10,q3)*Vec(
         nu11,q3)*Vec(nu14,q2)^2*Vec(nu16,q2)*Vec(nu16,q3)*p4.p4^2*d*xiw^3*xiz
         *ufoGC58^2*ufoGC69^2
          - 4*g_(1,6_,nu10)*g_(2,6_,nu11)/(d^3 + d^2 - 2*d)*Vec(nu10,q3)*Vec(
         nu11,q3)*Vec(nu14,q2)^2*Vec(nu16,q2)*Vec(nu16,q3)*p4.p4^2*xiw^3*xiz*
         ufoGC58^2*ufoGC69^2
          + 2*g_(1,6_,nu10)*g_(2,6_,nu11)/(d^3 + d^2 - 2*d)*Vec(nu10,q3)*Vec(
         nu11,q3)*Vec(nu14,q2)^2*Vec(nu16,q3)^2*p4.p4^2*d*xiw^3*xiz*ufoGC58^2*
         ufoGC69^2
          - 2*g_(1,6_,nu10)*g_(2,6_,nu11)/(d^3 + d^2 - 2*d)*Vec(nu10,q3)*Vec(
         nu11,q3)*Vec(nu14,q2)^2*Vec(nu16,q3)^2*p4.p4^2*xiw^3*xiz*ufoGC58^2*
         ufoGC69^2
          + 2*g_(1,6_,nu10)*g_(2,6_,nu11)/(d^3 + d^2 - 2*d)*Vec(nu10,q3)*Vec(
         nu11,q3)*Vec(nu14,q2)^2*Vec(nu15,q2)^2*p4.p4^2*d*xiw^3*xiz*ufoGC58^2*
         ufoGC69^2
          - 2*g_(1,6_,nu10)*g_(2,6_,nu11)/(d^3 + d^2 - 2*d)*Vec(nu10,q3)*Vec(
         nu11,q3)*Vec(nu14,q2)^2*Vec(nu15,q2)^2*p4.p4^2*xiw^3*xiz*ufoGC58^2*
         ufoGC69^2
          + 4*g_(1,6_,nu10)*g_(2,6_,nu11)/(d^3 + d^2 - 2*d)*Vec(nu10,q3)*Vec(
         nu11,q3)*Vec(nu14,q2)^2*Vec(nu15,q2)*Vec(nu15,q3)*p4.p4^2*d*xiw^3*xiz
         *ufoGC58^2*ufoGC69^2
          - 4*g_(1,6_,nu10)*g_(2,6_,nu11)/(d^3 + d^2 - 2*d)*Vec(nu10,q3)*Vec(
         nu11,q3)*Vec(nu14,q2)^2*Vec(nu15,q2)*Vec(nu15,q3)*p4.p4^2*xiw^3*xiz*
         ufoGC58^2*ufoGC69^2
          + 2*g_(1,6_,nu10)*g_(2,6_,nu11)/(d^3 + d^2 - 2*d)*Vec(nu10,q3)*Vec(
         nu11,q3)*Vec(nu14,q2)^2*Vec(nu15,q3)^2*p4.p4^2*d*xiw^3*xiz*ufoGC58^2*
         ufoGC69^2
          - 2*g_(1,6_,nu10)*g_(2,6_,nu11)/(d^3 + d^2 - 2*d)*Vec(nu10,q3)*Vec(
         nu11,q3)*Vec(nu14,q2)^2*Vec(nu15,q3)^2*p4.p4^2*xiw^3*xiz*ufoGC58^2*
         ufoGC69^2
          + 4*g_(1,6_,nu10)*g_(2,6_,nu11)/(d^3 + d^2 - 2*d)*Vec(nu10,q3)*Vec(
         nu11,q3)*Vec(nu14,q2)*Vec(nu14,q3)*Vec(nu16,q2)^2*p4.p4^2*d*xiw^3*xiz
         *ufoGC58^2*ufoGC69^2
          - 4*g_(1,6_,nu10)*g_(2,6_,nu11)/(d^3 + d^2 - 2*d)*Vec(nu10,q3)*Vec(
         nu11,q3)*Vec(nu14,q2)*Vec(nu14,q3)*Vec(nu16,q2)^2*p4.p4^2*xiw^3*xiz*
         ufoGC58^2*ufoGC69^2
          + 8*g_(1,6_,nu10)*g_(2,6_,nu11)/(d^3 + d^2 - 2*d)*Vec(nu10,q3)*Vec(
         nu11,q3)*Vec(nu14,q2)*Vec(nu14,q3)*Vec(nu16,q2)*Vec(nu16,q3)*p4.p4^2*
         d*xiw^3*xiz*ufoGC58^2*ufoGC69^2
          - 8*g_(1,6_,nu10)*g_(2,6_,nu11)/(d^3 + d^2 - 2*d)*Vec(nu10,q3)*Vec(
         nu11,q3)*Vec(nu14,q2)*Vec(nu14,q3)*Vec(nu16,q2)*Vec(nu16,q3)*p4.p4^2*
         xiw^3*xiz*ufoGC58^2*ufoGC69^2
          + 4*g_(1,6_,nu10)*g_(2,6_,nu11)/(d^3 + d^2 - 2*d)*Vec(nu10,q3)*Vec(
         nu11,q3)*Vec(nu14,q2)*Vec(nu14,q3)*Vec(nu16,q3)^2*p4.p4^2*d*xiw^3*xiz
         *ufoGC58^2*ufoGC69^2
          - 4*g_(1,6_,nu10)*g_(2,6_,nu11)/(d^3 + d^2 - 2*d)*Vec(nu10,q3)*Vec(
         nu11,q3)*Vec(nu14,q2)*Vec(nu14,q3)*Vec(nu16,q3)^2*p4.p4^2*xiw^3*xiz*
         ufoGC58^2*ufoGC69^2
          + 4*g_(1,6_,nu10)*g_(2,6_,nu11)/(d^3 + d^2 - 2*d)*Vec(nu10,q3)*Vec(
         nu11,q3)*Vec(nu14,q2)*Vec(nu14,q3)*Vec(nu15,q2)^2*p4.p4^2*d*xiw^3*xiz
         *ufoGC58^2*ufoGC69^2
          - 4*g_(1,6_,nu10)*g_(2,6_,nu11)/(d^3 + d^2 - 2*d)*Vec(nu10,q3)*Vec(
         nu11,q3)*Vec(nu14,q2)*Vec(nu14,q3)*Vec(nu15,q2)^2*p4.p4^2*xiw^3*xiz*
         ufoGC58^2*ufoGC69^2
          + 8*g_(1,6_,nu10)*g_(2,6_,nu11)/(d^3 + d^2 - 2*d)*Vec(nu10,q3)*Vec(
         nu11,q3)*Vec(nu14,q2)*Vec(nu14,q3)*Vec(nu15,q2)*Vec(nu15,q3)*p4.p4^2*
         d*xiw^3*xiz*ufoGC58^2*ufoGC69^2
          - 8*g_(1,6_,nu10)*g_(2,6_,nu11)/(d^3 + d^2 - 2*d)*Vec(nu10,q3)*Vec(
         nu11,q3)*Vec(nu14,q2)*Vec(nu14,q3)*Vec(nu15,q2)*Vec(nu15,q3)*p4.p4^2*
         xiw^3*xiz*ufoGC58^2*ufoGC69^2
          + 4*g_(1,6_,nu10)*g_(2,6_,nu11)/(d^3 + d^2 - 2*d)*Vec(nu10,q3)*Vec(
         nu11,q3)*Vec(nu14,q2)*Vec(nu14,q3)*Vec(nu15,q3)^2*p4.p4^2*d*xiw^3*xiz
         *ufoGC58^2*ufoGC69^2
          - 4*g_(1,6_,nu10)*g_(2,6_,nu11)/(d^3 + d^2 - 2*d)*Vec(nu10,q3)*Vec(
         nu11,q3)*Vec(nu14,q2)*Vec(nu14,q3)*Vec(nu15,q3)^2*p4.p4^2*xiw^3*xiz*
         ufoGC58^2*ufoGC69^2
          + 2*g_(1,6_,nu10)*g_(2,6_,nu11)/(d^3 + d^2 - 2*d)*Vec(nu10,q3)*Vec(
         nu11,q3)*Vec(nu14,q3)^2*Vec(nu16,q2)^2*p4.p4^2*d*xiw^3*xiz*ufoGC58^2*
         ufoGC69^2
          - 2*g_(1,6_,nu10)*g_(2,6_,nu11)/(d^3 + d^2 - 2*d)*Vec(nu10,q3)*Vec(
         nu11,q3)*Vec(nu14,q3)^2*Vec(nu16,q2)^2*p4.p4^2*xiw^3*xiz*ufoGC58^2*
         ufoGC69^2
          + 4*g_(1,6_,nu10)*g_(2,6_,nu11)/(d^3 + d^2 - 2*d)*Vec(nu10,q3)*Vec(
         nu11,q3)*Vec(nu14,q3)^2*Vec(nu16,q2)*Vec(nu16,q3)*p4.p4^2*d*xiw^3*xiz
         *ufoGC58^2*ufoGC69^2
          - 4*g_(1,6_,nu10)*g_(2,6_,nu11)/(d^3 + d^2 - 2*d)*Vec(nu10,q3)*Vec(
         nu11,q3)*Vec(nu14,q3)^2*Vec(nu16,q2)*Vec(nu16,q3)*p4.p4^2*xiw^3*xiz*
         ufoGC58^2*ufoGC69^2
          + 2*g_(1,6_,nu10)*g_(2,6_,nu11)/(d^3 + d^2 - 2*d)*Vec(nu10,q3)*Vec(
         nu11,q3)*Vec(nu14,q3)^2*Vec(nu16,q3)^2*p4.p4^2*d*xiw^3*xiz*ufoGC58^2*
         ufoGC69^2
          - 2*g_(1,6_,nu10)*g_(2,6_,nu11)/(d^3 + d^2 - 2*d)*Vec(nu10,q3)*Vec(
         nu11,q3)*Vec(nu14,q3)^2*Vec(nu16,q3)^2*p4.p4^2*xiw^3*xiz*ufoGC58^2*
         ufoGC69^2
          + 2*g_(1,6_,nu10)*g_(2,6_,nu11)/(d^3 + d^2 - 2*d)*Vec(nu10,q3)*Vec(
         nu11,q3)*Vec(nu14,q3)^2*Vec(nu15,q2)^2*p4.p4^2*d*xiw^3*xiz*ufoGC58^2*
         ufoGC69^2
          - 2*g_(1,6_,nu10)*g_(2,6_,nu11)/(d^3 + d^2 - 2*d)*Vec(nu10,q3)*Vec(
         nu11,q3)*Vec(nu14,q3)^2*Vec(nu15,q2)^2*p4.p4^2*xiw^3*xiz*ufoGC58^2*
         ufoGC69^2
          + 4*g_(1,6_,nu10)*g_(2,6_,nu11)/(d^3 + d^2 - 2*d)*Vec(nu10,q3)*Vec(
         nu11,q3)*Vec(nu14,q3)^2*Vec(nu15,q2)*Vec(nu15,q3)*p4.p4^2*d*xiw^3*xiz
         *ufoGC58^2*ufoGC69^2
          - 4*g_(1,6_,nu10)*g_(2,6_,nu11)/(d^3 + d^2 - 2*d)*Vec(nu10,q3)*Vec(
         nu11,q3)*Vec(nu14,q3)^2*Vec(nu15,q2)*Vec(nu15,q3)*p4.p4^2*xiw^3*xiz*
         ufoGC58^2*ufoGC69^2
          + 2*g_(1,6_,nu10)*g_(2,6_,nu11)/(d^3 + d^2 - 2*d)*Vec(nu10,q3)*Vec(
         nu11,q3)*Vec(nu14,q3)^2*Vec(nu15,q3)^2*p4.p4^2*d*xiw^3*xiz*ufoGC58^2*
         ufoGC69^2
          - 2*g_(1,6_,nu10)*g_(2,6_,nu11)/(d^3 + d^2 - 2*d)*Vec(nu10,q3)*Vec(
         nu11,q3)*Vec(nu14,q3)^2*Vec(nu15,q3)^2*p4.p4^2*xiw^3*xiz*ufoGC58^2*
         ufoGC69^2
          - 2*g_(1,6_,nu10)*g_(2,6_,nu11)/(d^3 + d^2 - 2*d)*Vec(nu10,q3)*Vec(
         nu11,q3)*Vec(nu16,q2)^2*Vec(nu15,q2)^2*p4.p4^2*d*xiw^3*xiz*ufoGC58^2*
         ufoGC69^2
          + 2*g_(1,6_,nu10)*g_(2,6_,nu11)/(d^3 + d^2 - 2*d)*Vec(nu10,q3)*Vec(
         nu11,q3)*Vec(nu16,q2)^2*Vec(nu15,q2)^2*p4.p4^2*xiw^3*xiz*ufoGC58^2*
         ufoGC69^2
          - 4*g_(1,6_,nu10)*g_(2,6_,nu11)/(d^3 + d^2 - 2*d)*Vec(nu10,q3)*Vec(
         nu11,q3)*Vec(nu16,q2)^2*Vec(nu15,q2)*Vec(nu15,q3)*p4.p4^2*d*xiw^3*xiz
         *ufoGC58^2*ufoGC69^2
          + 4*g_(1,6_,nu10)*g_(2,6_,nu11)/(d^3 + d^2 - 2*d)*Vec(nu10,q3)*Vec(
         nu11,q3)*Vec(nu16,q2)^2*Vec(nu15,q2)*Vec(nu15,q3)*p4.p4^2*xiw^3*xiz*
         ufoGC58^2*ufoGC69^2
          - 2*g_(1,6_,nu10)*g_(2,6_,nu11)/(d^3 + d^2 - 2*d)*Vec(nu10,q3)*Vec(
         nu11,q3)*Vec(nu16,q2)^2*Vec(nu15,q3)^2*p4.p4^2*d*xiw^3*xiz*ufoGC58^2*
         ufoGC69^2
          + 2*g_(1,6_,nu10)*g_(2,6_,nu11)/(d^3 + d^2 - 2*d)*Vec(nu10,q3)*Vec(
         nu11,q3)*Vec(nu16,q2)^2*Vec(nu15,q3)^2*p4.p4^2*xiw^3*xiz*ufoGC58^2*
         ufoGC69^2
          - 4*g_(1,6_,nu10)*g_(2,6_,nu11)/(d^3 + d^2 - 2*d)*Vec(nu10,q3)*Vec(
         nu11,q3)*Vec(nu16,q2)*Vec(nu16,q3)*Vec(nu15,q2)^2*p4.p4^2*d*xiw^3*xiz
         *ufoGC58^2*ufoGC69^2
          + 4*g_(1,6_,nu10)*g_(2,6_,nu11)/(d^3 + d^2 - 2*d)*Vec(nu10,q3)*Vec(
         nu11,q3)*Vec(nu16,q2)*Vec(nu16,q3)*Vec(nu15,q2)^2*p4.p4^2*xiw^3*xiz*
         ufoGC58^2*ufoGC69^2
          - 8*g_(1,6_,nu10)*g_(2,6_,nu11)/(d^3 + d^2 - 2*d)*Vec(nu10,q3)*Vec(
         nu11,q3)*Vec(nu16,q2)*Vec(nu16,q3)*Vec(nu15,q2)*Vec(nu15,q3)*p4.p4^2*
         d*xiw^3*xiz*ufoGC58^2*ufoGC69^2
          + 8*g_(1,6_,nu10)*g_(2,6_,nu11)/(d^3 + d^2 - 2*d)*Vec(nu10,q3)*Vec(
         nu11,q3)*Vec(nu16,q2)*Vec(nu16,q3)*Vec(nu15,q2)*Vec(nu15,q3)*p4.p4^2*
         xiw^3*xiz*ufoGC58^2*ufoGC69^2
          - 4*g_(1,6_,nu10)*g_(2,6_,nu11)/(d^3 + d^2 - 2*d)*Vec(nu10,q3)*Vec(
         nu11,q3)*Vec(nu16,q2)*Vec(nu16,q3)*Vec(nu15,q3)^2*p4.p4^2*d*xiw^3*xiz
         *ufoGC58^2*ufoGC69^2
          + 4*g_(1,6_,nu10)*g_(2,6_,nu11)/(d^3 + d^2 - 2*d)*Vec(nu10,q3)*Vec(
         nu11,q3)*Vec(nu16,q2)*Vec(nu16,q3)*Vec(nu15,q3)^2*p4.p4^2*xiw^3*xiz*
         ufoGC58^2*ufoGC69^2
          - 2*g_(1,6_,nu10)*g_(2,6_,nu11)/(d^3 + d^2 - 2*d)*Vec(nu10,q3)*Vec(
         nu11,q3)*Vec(nu16,q3)^2*Vec(nu15,q2)^2*p4.p4^2*d*xiw^3*xiz*ufoGC58^2*
         ufoGC69^2
          + 2*g_(1,6_,nu10)*g_(2,6_,nu11)/(d^3 + d^2 - 2*d)*Vec(nu10,q3)*Vec(
         nu11,q3)*Vec(nu16,q3)^2*Vec(nu15,q2)^2*p4.p4^2*xiw^3*xiz*ufoGC58^2*
         ufoGC69^2
          - 4*g_(1,6_,nu10)*g_(2,6_,nu11)/(d^3 + d^2 - 2*d)*Vec(nu10,q3)*Vec(
         nu11,q3)*Vec(nu16,q3)^2*Vec(nu15,q2)*Vec(nu15,q3)*p4.p4^2*d*xiw^3*xiz
         *ufoGC58^2*ufoGC69^2
          + 4*g_(1,6_,nu10)*g_(2,6_,nu11)/(d^3 + d^2 - 2*d)*Vec(nu10,q3)*Vec(
         nu11,q3)*Vec(nu16,q3)^2*Vec(nu15,q2)*Vec(nu15,q3)*p4.p4^2*xiw^3*xiz*
         ufoGC58^2*ufoGC69^2
          - 2*g_(1,6_,nu10)*g_(2,6_,nu11)/(d^3 + d^2 - 2*d)*Vec(nu10,q3)*Vec(
         nu11,q3)*Vec(nu16,q3)^2*Vec(nu15,q3)^2*p4.p4^2*d*xiw^3*xiz*ufoGC58^2*
         ufoGC69^2
          + 2*g_(1,6_,nu10)*g_(2,6_,nu11)/(d^3 + d^2 - 2*d)*Vec(nu10,q3)*Vec(
         nu11,q3)*Vec(nu16,q3)^2*Vec(nu15,q3)^2*p4.p4^2*xiw^3*xiz*ufoGC58^2*
         ufoGC69^2
          );

  0.62 sec out of 0.63 sec
