FORM 5.0.0-beta.1 (Jan 15 2026, v5.0.0-beta.1-292-g4341c63)  Run: Fri Feb 27 14:40:09 2026
    #-

   d1l95amp =
       + 1/4*g_(1,6_,nu10)*FT2(g6)*Vec(nu10,q2)*Vec(nu9,q2)*Vec(nu13,q2)^2*
      Vecr(nu9,p4)*Deng(p4,xiw,M3)*Deng(q2 + q3,xiw,0)*Deng(q2 + q3,xiw,M3)^2*
      Deng( - p4 + q2 + q3,xiz,M4)^2*xiw*xiz*ufoGC58*ufoGC107*ufoGC69*ufoGC85
       + 1/2*g_(1,6_,nu10)*FT2(g6)*Vec(nu10,q2)*Vec(nu9,q2)*Vec(nu13,q2)*Vec(
      nu13,q3)*Vecr(nu9,p4)*Deng(p4,xiw,M3)*Deng(q2 + q3,xiw,0)*Deng(q2 + q3,
      xiw,M3)^2*Deng( - p4 + q2 + q3,xiz,M4)^2*xiw*xiz*ufoGC58*ufoGC107*
      ufoGC69*ufoGC85
       - 1/4*g_(1,6_,nu10)*FT2(g6)*Vec(nu10,q2)*Vec(nu9,q2)*Vec(nu13,q2)*Vec(
      nu14,q2)*Vecr(nu14,p4)*Deng(p4,xiw,M3)^2*Deng(q2 + q3,xiw,0)*Deng(q2 + 
      q3,xiw,M3)^2*Deng( - p4 + q2 + q3,xiz,M4)^2*p4.p4*xiw*xiz*ufoGC58*
      ufoGC107*ufoGC69*ufoGC85
       - 1/4*g_(1,6_,nu10)*FT2(g6)*Vec(nu10,q2)*Vec(nu9,q2)*Vec(nu13,q2)*Vec(
      nu14,q3)*Vecr(nu14,p4)*Deng(p4,xiw,M3)^2*Deng(q2 + q3,xiw,0)*Deng(q2 + 
      q3,xiw,M3)^2*Deng( - p4 + q2 + q3,xiz,M4)^2*p4.p4*xiw*xiz*ufoGC58*
      ufoGC107*ufoGC69*ufoGC85
       - 1/4*g_(1,6_,nu10)*FT2(g6)*Vec(nu10,q2)*Vec(nu9,q2)*Vec(nu13,q2)*Vec(
      nu14,-p4)*Vecr(nu14,p4)*Deng(p4,xiw,M3)^2*Deng(q2 + q3,xiw,0)*Deng(q2 + 
      q3,xiw,M3)^2*Deng( - p4 + q2 + q3,xiz,M4)^2*p4.p4*xiw*xiz*ufoGC58*
      ufoGC107*ufoGC69*ufoGC85
       + 1/4*g_(1,6_,nu10)*FT2(g6)*Vec(nu10,q2)*Vec(nu9,q2)*Vec(nu13,q3)^2*
      Vecr(nu9,p4)*Deng(p4,xiw,M3)*Deng(q2 + q3,xiw,0)*Deng(q2 + q3,xiw,M3)^2*
      Deng( - p4 + q2 + q3,xiz,M4)^2*xiw*xiz*ufoGC58*ufoGC107*ufoGC69*ufoGC85
       - 1/4*g_(1,6_,nu10)*FT2(g6)*Vec(nu10,q2)*Vec(nu9,q2)*Vec(nu13,q3)*Vec(
      nu14,q2)*Vecr(nu14,p4)*Deng(p4,xiw,M3)^2*Deng(q2 + q3,xiw,0)*Deng(q2 + 
      q3,xiw,M3)^2*Deng( - p4 + q2 + q3,xiz,M4)^2*p4.p4*xiw*xiz*ufoGC58*
      ufoGC107*ufoGC69*ufoGC85
       - 1/4*g_(1,6_,nu10)*FT2(g6)*Vec(nu10,q2)*Vec(nu9,q2)*Vec(nu13,q3)*Vec(
      nu14,q3)*Vecr(nu14,p4)*Deng(p4,xiw,M3)^2*Deng(q2 + q3,xiw,0)*Deng(q2 + 
      q3,xiw,M3)^2*Deng( - p4 + q2 + q3,xiz,M4)^2*p4.p4*xiw*xiz*ufoGC58*
      ufoGC107*ufoGC69*ufoGC85
       - 1/4*g_(1,6_,nu10)*FT2(g6)*Vec(nu10,q2)*Vec(nu9,q2)*Vec(nu13,q3)*Vec(
      nu14,-p4)*Vecr(nu14,p4)*Deng(p4,xiw,M3)^2*Deng(q2 + q3,xiw,0)*Deng(q2 + 
      q3,xiw,M3)^2*Deng( - p4 + q2 + q3,xiz,M4)^2*p4.p4*xiw*xiz*ufoGC58*
      ufoGC107*ufoGC69*ufoGC85
       + 1/2*g_(1,6_,nu10)*FT2(g6)*Vec(nu10,q2)*Vec(nu9,q2)*Vec(nu13,-p4)*Vec(
      nu13,q2)*Vecr(nu9,p4)*Deng(p4,xiw,M3)*Deng(q2 + q3,xiw,0)*Deng(q2 + q3,
      xiw,M3)^2*Deng( - p4 + q2 + q3,xiz,M4)^2*xiw*xiz*ufoGC58*ufoGC107*
      ufoGC69*ufoGC85
       + 1/2*g_(1,6_,nu10)*FT2(g6)*Vec(nu10,q2)*Vec(nu9,q2)*Vec(nu13,-p4)*Vec(
      nu13,q3)*Vecr(nu9,p4)*Deng(p4,xiw,M3)*Deng(q2 + q3,xiw,0)*Deng(q2 + q3,
      xiw,M3)^2*Deng( - p4 + q2 + q3,xiz,M4)^2*xiw*xiz*ufoGC58*ufoGC107*
      ufoGC69*ufoGC85
       + 1/4*g_(1,6_,nu10)*FT2(g6)*Vec(nu10,q2)*Vec(nu9,q2)*Vec(nu13,-p4)^2*
      Vecr(nu9,p4)*Deng(p4,xiw,M3)*Deng(q2 + q3,xiw,0)*Deng(q2 + q3,xiw,M3)^2*
      Deng( - p4 + q2 + q3,xiz,M4)^2*xiw*xiz*ufoGC58*ufoGC107*ufoGC69*ufoGC85
       - 1/4*g_(1,6_,nu10)*FT2(g6)*Vec(nu10,q2)*Vec(nu9,q2)*Vec(nu13,-p4)*Vec(
      nu14,q2)*Vecr(nu14,p4)*Deng(p4,xiw,M3)^2*Deng(q2 + q3,xiw,0)*Deng(q2 + 
      q3,xiw,M3)^2*Deng( - p4 + q2 + q3,xiz,M4)^2*p4.p4*xiw*xiz*ufoGC58*
      ufoGC107*ufoGC69*ufoGC85
       - 1/4*g_(1,6_,nu10)*FT2(g6)*Vec(nu10,q2)*Vec(nu9,q2)*Vec(nu13,-p4)*Vec(
      nu14,q3)*Vecr(nu14,p4)*Deng(p4,xiw,M3)^2*Deng(q2 + q3,xiw,0)*Deng(q2 + 
      q3,xiw,M3)^2*Deng( - p4 + q2 + q3,xiz,M4)^2*p4.p4*xiw*xiz*ufoGC58*
      ufoGC107*ufoGC69*ufoGC85
       - 1/4*g_(1,6_,nu10)*FT2(g6)*Vec(nu10,q2)*Vec(nu9,q2)*Vec(nu13,-p4)*Vec(
      nu14,-p4)*Vecr(nu14,p4)*Deng(p4,xiw,M3)^2*Deng(q2 + q3,xiw,0)*Deng(q2 + 
      q3,xiw,M3)^2*Deng( - p4 + q2 + q3,xiz,M4)^2*p4.p4*xiw*xiz*ufoGC58*
      ufoGC107*ufoGC69*ufoGC85
       + 1/4*g_(1,6_,nu10)*FT2(g6)*Vec(nu10,q2)*Vec(nu9,q3)*Vec(nu13,q2)^2*
      Vecr(nu9,p4)*Deng(p4,xiw,M3)*Deng(q2 + q3,xiw,0)*Deng(q2 + q3,xiw,M3)^2*
      Deng( - p4 + q2 + q3,xiz,M4)^2*xiw*xiz*ufoGC58*ufoGC107*ufoGC69*ufoGC85
       + 1/2*g_(1,6_,nu10)*FT2(g6)*Vec(nu10,q2)*Vec(nu9,q3)*Vec(nu13,q2)*Vec(
      nu13,q3)*Vecr(nu9,p4)*Deng(p4,xiw,M3)*Deng(q2 + q3,xiw,0)*Deng(q2 + q3,
      xiw,M3)^2*Deng( - p4 + q2 + q3,xiz,M4)^2*xiw*xiz*ufoGC58*ufoGC107*
      ufoGC69*ufoGC85
       - 1/4*g_(1,6_,nu10)*FT2(g6)*Vec(nu10,q2)*Vec(nu9,q3)*Vec(nu13,q2)*Vec(
      nu14,q2)*Vecr(nu14,p4)*Deng(p4,xiw,M3)^2*Deng(q2 + q3,xiw,0)*Deng(q2 + 
      q3,xiw,M3)^2*Deng( - p4 + q2 + q3,xiz,M4)^2*p4.p4*xiw*xiz*ufoGC58*
      ufoGC107*ufoGC69*ufoGC85
       - 1/4*g_(1,6_,nu10)*FT2(g6)*Vec(nu10,q2)*Vec(nu9,q3)*Vec(nu13,q2)*Vec(
      nu14,q3)*Vecr(nu14,p4)*Deng(p4,xiw,M3)^2*Deng(q2 + q3,xiw,0)*Deng(q2 + 
      q3,xiw,M3)^2*Deng( - p4 + q2 + q3,xiz,M4)^2*p4.p4*xiw*xiz*ufoGC58*
      ufoGC107*ufoGC69*ufoGC85
       - 1/4*g_(1,6_,nu10)*FT2(g6)*Vec(nu10,q2)*Vec(nu9,q3)*Vec(nu13,q2)*Vec(
      nu14,-p4)*Vecr(nu14,p4)*Deng(p4,xiw,M3)^2*Deng(q2 + q3,xiw,0)*Deng(q2 + 
      q3,xiw,M3)^2*Deng( - p4 + q2 + q3,xiz,M4)^2*p4.p4*xiw*xiz*ufoGC58*
      ufoGC107*ufoGC69*ufoGC85
       + 1/4*g_(1,6_,nu10)*FT2(g6)*Vec(nu10,q2)*Vec(nu9,q3)*Vec(nu13,q3)^2*
      Vecr(nu9,p4)*Deng(p4,xiw,M3)*Deng(q2 + q3,xiw,0)*Deng(q2 + q3,xiw,M3)^2*
      Deng( - p4 + q2 + q3,xiz,M4)^2*xiw*xiz*ufoGC58*ufoGC107*ufoGC69*ufoGC85
       - 1/4*g_(1,6_,nu10)*FT2(g6)*Vec(nu10,q2)*Vec(nu9,q3)*Vec(nu13,q3)*Vec(
      nu14,q2)*Vecr(nu14,p4)*Deng(p4,xiw,M3)^2*Deng(q2 + q3,xiw,0)*Deng(q2 + 
      q3,xiw,M3)^2*Deng( - p4 + q2 + q3,xiz,M4)^2*p4.p4*xiw*xiz*ufoGC58*
      ufoGC107*ufoGC69*ufoGC85
       - 1/4*g_(1,6_,nu10)*FT2(g6)*Vec(nu10,q2)*Vec(nu9,q3)*Vec(nu13,q3)*Vec(
      nu14,q3)*Vecr(nu14,p4)*Deng(p4,xiw,M3)^2*Deng(q2 + q3,xiw,0)*Deng(q2 + 
      q3,xiw,M3)^2*Deng( - p4 + q2 + q3,xiz,M4)^2*p4.p4*xiw*xiz*ufoGC58*
      ufoGC107*ufoGC69*ufoGC85
       - 1/4*g_(1,6_,nu10)*FT2(g6)*Vec(nu10,q2)*Vec(nu9,q3)*Vec(nu13,q3)*Vec(
      nu14,-p4)*Vecr(nu14,p4)*Deng(p4,xiw,M3)^2*Deng(q2 + q3,xiw,0)*Deng(q2 + 
      q3,xiw,M3)^2*Deng( - p4 + q2 + q3,xiz,M4)^2*p4.p4*xiw*xiz*ufoGC58*
      ufoGC107*ufoGC69*ufoGC85
       + 1/2*g_(1,6_,nu10)*FT2(g6)*Vec(nu10,q2)*Vec(nu9,q3)*Vec(nu13,-p4)*Vec(
      nu13,q2)*Vecr(nu9,p4)*Deng(p4,xiw,M3)*Deng(q2 + q3,xiw,0)*Deng(q2 + q3,
      xiw,M3)^2*Deng( - p4 + q2 + q3,xiz,M4)^2*xiw*xiz*ufoGC58*ufoGC107*
      ufoGC69*ufoGC85
       + 1/2*g_(1,6_,nu10)*FT2(g6)*Vec(nu10,q2)*Vec(nu9,q3)*Vec(nu13,-p4)*Vec(
      nu13,q3)*Vecr(nu9,p4)*Deng(p4,xiw,M3)*Deng(q2 + q3,xiw,0)*Deng(q2 + q3,
      xiw,M3)^2*Deng( - p4 + q2 + q3,xiz,M4)^2*xiw*xiz*ufoGC58*ufoGC107*
      ufoGC69*ufoGC85
       + 1/4*g_(1,6_,nu10)*FT2(g6)*Vec(nu10,q2)*Vec(nu9,q3)*Vec(nu13,-p4)^2*
      Vecr(nu9,p4)*Deng(p4,xiw,M3)*Deng(q2 + q3,xiw,0)*Deng(q2 + q3,xiw,M3)^2*
      Deng( - p4 + q2 + q3,xiz,M4)^2*xiw*xiz*ufoGC58*ufoGC107*ufoGC69*ufoGC85
       - 1/4*g_(1,6_,nu10)*FT2(g6)*Vec(nu10,q2)*Vec(nu9,q3)*Vec(nu13,-p4)*Vec(
      nu14,q2)*Vecr(nu14,p4)*Deng(p4,xiw,M3)^2*Deng(q2 + q3,xiw,0)*Deng(q2 + 
      q3,xiw,M3)^2*Deng( - p4 + q2 + q3,xiz,M4)^2*p4.p4*xiw*xiz*ufoGC58*
      ufoGC107*ufoGC69*ufoGC85
       - 1/4*g_(1,6_,nu10)*FT2(g6)*Vec(nu10,q2)*Vec(nu9,q3)*Vec(nu13,-p4)*Vec(
      nu14,q3)*Vecr(nu14,p4)*Deng(p4,xiw,M3)^2*Deng(q2 + q3,xiw,0)*Deng(q2 + 
      q3,xiw,M3)^2*Deng( - p4 + q2 + q3,xiz,M4)^2*p4.p4*xiw*xiz*ufoGC58*
      ufoGC107*ufoGC69*ufoGC85
       - 1/4*g_(1,6_,nu10)*FT2(g6)*Vec(nu10,q2)*Vec(nu9,q3)*Vec(nu13,-p4)*Vec(
      nu14,-p4)*Vecr(nu14,p4)*Deng(p4,xiw,M3)^2*Deng(q2 + q3,xiw,0)*Deng(q2 + 
      q3,xiw,M3)^2*Deng( - p4 + q2 + q3,xiz,M4)^2*p4.p4*xiw*xiz*ufoGC58*
      ufoGC107*ufoGC69*ufoGC85
       - 1/4*g_(1,6_,nu10)*FT2(g6)*Vec(nu10,q2)*Vec(nu9,-p4)*Vec(nu9,q2)*Vec(
      nu13,q2)^2*Deng(p4,xiw,M3)*Deng(q2 + q3,xiw,0)*Deng(q2 + q3,xiw,M3)^2*
      Deng( - p4 + q2 + q3,xiz,M4)^2*xiw*xiz*ufoGC58*ufoGC107*ufoGC69*ufoGC85
       - 1/2*g_(1,6_,nu10)*FT2(g6)*Vec(nu10,q2)*Vec(nu9,-p4)*Vec(nu9,q2)*Vec(
      nu13,q2)*Vec(nu13,q3)*Deng(p4,xiw,M3)*Deng(q2 + q3,xiw,0)*Deng(q2 + q3,
      xiw,M3)^2*Deng( - p4 + q2 + q3,xiz,M4)^2*xiw*xiz*ufoGC58*ufoGC107*
      ufoGC69*ufoGC85
       + 1/4*g_(1,6_,nu10)*FT2(g6)*Vec(nu10,q2)*Vec(nu9,-p4)*Vec(nu9,q2)*Vec(
      nu13,q2)*Vec(nu14,q2)*Deng(p4,xiw,M3)^2*Deng(q2 + q3,xiw,0)*Deng(q2 + q3
      ,xiw,M3)^2*Deng( - p4 + q2 + q3,xiz,M4)^2*p4.p4*xiw*xiz*ufoGC58*ufoGC107
      *ufoGC69*ufoGC85
       + 1/4*g_(1,6_,nu10)*FT2(g6)*Vec(nu10,q2)*Vec(nu9,-p4)*Vec(nu9,q2)*Vec(
      nu13,q2)*Vec(nu14,q3)*Deng(p4,xiw,M3)^2*Deng(q2 + q3,xiw,0)*Deng(q2 + q3
      ,xiw,M3)^2*Deng( - p4 + q2 + q3,xiz,M4)^2*p4.p4*xiw*xiz*ufoGC58*ufoGC107
      *ufoGC69*ufoGC85
       + 1/4*g_(1,6_,nu10)*FT2(g6)*Vec(nu10,q2)*Vec(nu9,-p4)*Vec(nu9,q2)*Vec(
      nu13,q2)*Vec(nu14,-p4)*Deng(p4,xiw,M3)^2*Deng(q2 + q3,xiw,0)*Deng(q2 + 
      q3,xiw,M3)^2*Deng( - p4 + q2 + q3,xiz,M4)^2*p4.p4*xiw*xiz*ufoGC58*
      ufoGC107*ufoGC69*ufoGC85
       - 1/4*g_(1,6_,nu10)*FT2(g6)*Vec(nu10,q2)*Vec(nu9,-p4)*Vec(nu9,q2)*Vec(
      nu13,q3)^2*Deng(p4,xiw,M3)*Deng(q2 + q3,xiw,0)*Deng(q2 + q3,xiw,M3)^2*
      Deng( - p4 + q2 + q3,xiz,M4)^2*xiw*xiz*ufoGC58*ufoGC107*ufoGC69*ufoGC85
       + 1/4*g_(1,6_,nu10)*FT2(g6)*Vec(nu10,q2)*Vec(nu9,-p4)*Vec(nu9,q2)*Vec(
      nu13,q3)*Vec(nu14,q2)*Deng(p4,xiw,M3)^2*Deng(q2 + q3,xiw,0)*Deng(q2 + q3
      ,xiw,M3)^2*Deng( - p4 + q2 + q3,xiz,M4)^2*p4.p4*xiw*xiz*ufoGC58*ufoGC107
      *ufoGC69*ufoGC85
       + 1/4*g_(1,6_,nu10)*FT2(g6)*Vec(nu10,q2)*Vec(nu9,-p4)*Vec(nu9,q2)*Vec(
      nu13,q3)*Vec(nu14,q3)*Deng(p4,xiw,M3)^2*Deng(q2 + q3,xiw,0)*Deng(q2 + q3
      ,xiw,M3)^2*Deng( - p4 + q2 + q3,xiz,M4)^2*p4.p4*xiw*xiz*ufoGC58*ufoGC107
      *ufoGC69*ufoGC85
       + 1/4*g_(1,6_,nu10)*FT2(g6)*Vec(nu10,q2)*Vec(nu9,-p4)*Vec(nu9,q2)*Vec(
      nu13,q3)*Vec(nu14,-p4)*Deng(p4,xiw,M3)^2*Deng(q2 + q3,xiw,0)*Deng(q2 + 
      q3,xiw,M3)^2*Deng( - p4 + q2 + q3,xiz,M4)^2*p4.p4*xiw*xiz*ufoGC58*
      ufoGC107*ufoGC69*ufoGC85
       - 1/2*g_(1,6_,nu10)*FT2(g6)*Vec(nu10,q2)*Vec(nu9,-p4)*Vec(nu9,q2)*Vec(
      nu13,-p4)*Vec(nu13,q2)*Deng(p4,xiw,M3)*Deng(q2 + q3,xiw,0)*Deng(q2 + q3,
      xiw,M3)^2*Deng( - p4 + q2 + q3,xiz,M4)^2*xiw*xiz*ufoGC58*ufoGC107*
      ufoGC69*ufoGC85
       - 1/2*g_(1,6_,nu10)*FT2(g6)*Vec(nu10,q2)*Vec(nu9,-p4)*Vec(nu9,q2)*Vec(
      nu13,-p4)*Vec(nu13,q3)*Deng(p4,xiw,M3)*Deng(q2 + q3,xiw,0)*Deng(q2 + q3,
      xiw,M3)^2*Deng( - p4 + q2 + q3,xiz,M4)^2*xiw*xiz*ufoGC58*ufoGC107*
      ufoGC69*ufoGC85
       - 1/4*g_(1,6_,nu10)*FT2(g6)*Vec(nu10,q2)*Vec(nu9,-p4)*Vec(nu9,q2)*Vec(
      nu13,-p4)^2*Deng(p4,xiw,M3)*Deng(q2 + q3,xiw,0)*Deng(q2 + q3,xiw,M3)^2*
      Deng( - p4 + q2 + q3,xiz,M4)^2*xiw*xiz*ufoGC58*ufoGC107*ufoGC69*ufoGC85
       + 1/4*g_(1,6_,nu10)*FT2(g6)*Vec(nu10,q2)*Vec(nu9,-p4)*Vec(nu9,q2)*Vec(
      nu13,-p4)*Vec(nu14,q2)*Deng(p4,xiw,M3)^2*Deng(q2 + q3,xiw,0)*Deng(q2 + 
      q3,xiw,M3)^2*Deng( - p4 + q2 + q3,xiz,M4)^2*p4.p4*xiw*xiz*ufoGC58*
      ufoGC107*ufoGC69*ufoGC85
       + 1/4*g_(1,6_,nu10)*FT2(g6)*Vec(nu10,q2)*Vec(nu9,-p4)*Vec(nu9,q2)*Vec(
      nu13,-p4)*Vec(nu14,q3)*Deng(p4,xiw,M3)^2*Deng(q2 + q3,xiw,0)*Deng(q2 + 
      q3,xiw,M3)^2*Deng( - p4 + q2 + q3,xiz,M4)^2*p4.p4*xiw*xiz*ufoGC58*
      ufoGC107*ufoGC69*ufoGC85
       + 1/4*g_(1,6_,nu10)*FT2(g6)*Vec(nu10,q2)*Vec(nu9,-p4)*Vec(nu9,q2)*Vec(
      nu13,-p4)*Vec(nu14,-p4)*Deng(p4,xiw,M3)^2*Deng(q2 + q3,xiw,0)*Deng(q2 + 
      q3,xiw,M3)^2*Deng( - p4 + q2 + q3,xiz,M4)^2*p4.p4*xiw*xiz*ufoGC58*
      ufoGC107*ufoGC69*ufoGC85
       - 1/4*g_(1,6_,nu10)*FT2(g6)*Vec(nu10,q2)*Vec(nu9,-p4)*Vec(nu9,q3)*Vec(
      nu13,q2)^2*Deng(p4,xiw,M3)*Deng(q2 + q3,xiw,0)*Deng(q2 + q3,xiw,M3)^2*
      Deng( - p4 + q2 + q3,xiz,M4)^2*xiw*xiz*ufoGC58*ufoGC107*ufoGC69*ufoGC85
       - 1/2*g_(1,6_,nu10)*FT2(g6)*Vec(nu10,q2)*Vec(nu9,-p4)*Vec(nu9,q3)*Vec(
      nu13,q2)*Vec(nu13,q3)*Deng(p4,xiw,M3)*Deng(q2 + q3,xiw,0)*Deng(q2 + q3,
      xiw,M3)^2*Deng( - p4 + q2 + q3,xiz,M4)^2*xiw*xiz*ufoGC58*ufoGC107*
      ufoGC69*ufoGC85
       + 1/4*g_(1,6_,nu10)*FT2(g6)*Vec(nu10,q2)*Vec(nu9,-p4)*Vec(nu9,q3)*Vec(
      nu13,q2)*Vec(nu14,q2)*Deng(p4,xiw,M3)^2*Deng(q2 + q3,xiw,0)*Deng(q2 + q3
      ,xiw,M3)^2*Deng( - p4 + q2 + q3,xiz,M4)^2*p4.p4*xiw*xiz*ufoGC58*ufoGC107
      *ufoGC69*ufoGC85
       + 1/4*g_(1,6_,nu10)*FT2(g6)*Vec(nu10,q2)*Vec(nu9,-p4)*Vec(nu9,q3)*Vec(
      nu13,q2)*Vec(nu14,q3)*Deng(p4,xiw,M3)^2*Deng(q2 + q3,xiw,0)*Deng(q2 + q3
      ,xiw,M3)^2*Deng( - p4 + q2 + q3,xiz,M4)^2*p4.p4*xiw*xiz*ufoGC58*ufoGC107
      *ufoGC69*ufoGC85
       + 1/4*g_(1,6_,nu10)*FT2(g6)*Vec(nu10,q2)*Vec(nu9,-p4)*Vec(nu9,q3)*Vec(
      nu13,q2)*Vec(nu14,-p4)*Deng(p4,xiw,M3)^2*Deng(q2 + q3,xiw,0)*Deng(q2 + 
      q3,xiw,M3)^2*Deng( - p4 + q2 + q3,xiz,M4)^2*p4.p4*xiw*xiz*ufoGC58*
      ufoGC107*ufoGC69*ufoGC85
       - 1/4*g_(1,6_,nu10)*FT2(g6)*Vec(nu10,q2)*Vec(nu9,-p4)*Vec(nu9,q3)*Vec(
      nu13,q3)^2*Deng(p4,xiw,M3)*Deng(q2 + q3,xiw,0)*Deng(q2 + q3,xiw,M3)^2*
      Deng( - p4 + q2 + q3,xiz,M4)^2*xiw*xiz*ufoGC58*ufoGC107*ufoGC69*ufoGC85
       + 1/4*g_(1,6_,nu10)*FT2(g6)*Vec(nu10,q2)*Vec(nu9,-p4)*Vec(nu9,q3)*Vec(
      nu13,q3)*Vec(nu14,q2)*Deng(p4,xiw,M3)^2*Deng(q2 + q3,xiw,0)*Deng(q2 + q3
      ,xiw,M3)^2*Deng( - p4 + q2 + q3,xiz,M4)^2*p4.p4*xiw*xiz*ufoGC58*ufoGC107
      *ufoGC69*ufoGC85
       + 1/4*g_(1,6_,nu10)*FT2(g6)*Vec(nu10,q2)*Vec(nu9,-p4)*Vec(nu9,q3)*Vec(
      nu13,q3)*Vec(nu14,q3)*Deng(p4,xiw,M3)^2*Deng(q2 + q3,xiw,0)*Deng(q2 + q3
      ,xiw,M3)^2*Deng( - p4 + q2 + q3,xiz,M4)^2*p4.p4*xiw*xiz*ufoGC58*ufoGC107
      *ufoGC69*ufoGC85
       + 1/4*g_(1,6_,nu10)*FT2(g6)*Vec(nu10,q2)*Vec(nu9,-p4)*Vec(nu9,q3)*Vec(
      nu13,q3)*Vec(nu14,-p4)*Deng(p4,xiw,M3)^2*Deng(q2 + q3,xiw,0)*Deng(q2 + 
      q3,xiw,M3)^2*Deng( - p4 + q2 + q3,xiz,M4)^2*p4.p4*xiw*xiz*ufoGC58*
      ufoGC107*ufoGC69*ufoGC85
       - 1/2*g_(1,6_,nu10)*FT2(g6)*Vec(nu10,q2)*Vec(nu9,-p4)*Vec(nu9,q3)*Vec(
      nu13,-p4)*Vec(nu13,q2)*Deng(p4,xiw,M3)*Deng(q2 + q3,xiw,0)*Deng(q2 + q3,
      xiw,M3)^2*Deng( - p4 + q2 + q3,xiz,M4)^2*xiw*xiz*ufoGC58*ufoGC107*
      ufoGC69*ufoGC85
       - 1/2*g_(1,6_,nu10)*FT2(g6)*Vec(nu10,q2)*Vec(nu9,-p4)*Vec(nu9,q3)*Vec(
      nu13,-p4)*Vec(nu13,q3)*Deng(p4,xiw,M3)*Deng(q2 + q3,xiw,0)*Deng(q2 + q3,
      xiw,M3)^2*Deng( - p4 + q2 + q3,xiz,M4)^2*xiw*xiz*ufoGC58*ufoGC107*
      ufoGC69*ufoGC85
       - 1/4*g_(1,6_,nu10)*FT2(g6)*Vec(nu10,q2)*Vec(nu9,-p4)*Vec(nu9,q3)*Vec(
      nu13,-p4)^2*Deng(p4,xiw,M3)*Deng(q2 + q3,xiw,0)*Deng(q2 + q3,xiw,M3)^2*
      Deng( - p4 + q2 + q3,xiz,M4)^2*xiw*xiz*ufoGC58*ufoGC107*ufoGC69*ufoGC85
       + 1/4*g_(1,6_,nu10)*FT2(g6)*Vec(nu10,q2)*Vec(nu9,-p4)*Vec(nu9,q3)*Vec(
      nu13,-p4)*Vec(nu14,q2)*Deng(p4,xiw,M3)^2*Deng(q2 + q3,xiw,0)*Deng(q2 + 
      q3,xiw,M3)^2*Deng( - p4 + q2 + q3,xiz,M4)^2*p4.p4*xiw*xiz*ufoGC58*
      ufoGC107*ufoGC69*ufoGC85
       + 1/4*g_(1,6_,nu10)*FT2(g6)*Vec(nu10,q2)*Vec(nu9,-p4)*Vec(nu9,q3)*Vec(
      nu13,-p4)*Vec(nu14,q3)*Deng(p4,xiw,M3)^2*Deng(q2 + q3,xiw,0)*Deng(q2 + 
      q3,xiw,M3)^2*Deng( - p4 + q2 + q3,xiz,M4)^2*p4.p4*xiw*xiz*ufoGC58*
      ufoGC107*ufoGC69*ufoGC85
       + 1/4*g_(1,6_,nu10)*FT2(g6)*Vec(nu10,q2)*Vec(nu9,-p4)*Vec(nu9,q3)*Vec(
      nu13,-p4)*Vec(nu14,-p4)*Deng(p4,xiw,M3)^2*Deng(q2 + q3,xiw,0)*Deng(q2 + 
      q3,xiw,M3)^2*Deng( - p4 + q2 + q3,xiz,M4)^2*p4.p4*xiw*xiz*ufoGC58*
      ufoGC107*ufoGC69*ufoGC85
       + 1/4*g_(1,6_,nu10)*FT2(g6)*Vec(nu10,q2)*Vec(nu9,-q2)*Vec(nu9,q2)*Vec(
      nu13,q2)^2*Deng(p4,xiw,M3)*Deng(q2 + q3,xiw,0)*Deng(q2 + q3,xiw,M3)^2*
      Deng( - p4 + q2 + q3,xiz,M4)^2*xiw*xiz*ufoGC58*ufoGC107*ufoGC69*ufoGC85
       + 1/2*g_(1,6_,nu10)*FT2(g6)*Vec(nu10,q2)*Vec(nu9,-q2)*Vec(nu9,q2)*Vec(
      nu13,q2)*Vec(nu13,q3)*Deng(p4,xiw,M3)*Deng(q2 + q3,xiw,0)*Deng(q2 + q3,
      xiw,M3)^2*Deng( - p4 + q2 + q3,xiz,M4)^2*xiw*xiz*ufoGC58*ufoGC107*
      ufoGC69*ufoGC85
       - 1/4*g_(1,6_,nu10)*FT2(g6)*Vec(nu10,q2)*Vec(nu9,-q2)*Vec(nu9,q2)*Vec(
      nu13,q2)*Vec(nu14,q2)*Deng(p4,xiw,M3)^2*Deng(q2 + q3,xiw,0)*Deng(q2 + q3
      ,xiw,M3)^2*Deng( - p4 + q2 + q3,xiz,M4)^2*p4.p4*xiw*xiz*ufoGC58*ufoGC107
      *ufoGC69*ufoGC85
       - 1/4*g_(1,6_,nu10)*FT2(g6)*Vec(nu10,q2)*Vec(nu9,-q2)*Vec(nu9,q2)*Vec(
      nu13,q2)*Vec(nu14,q3)*Deng(p4,xiw,M3)^2*Deng(q2 + q3,xiw,0)*Deng(q2 + q3
      ,xiw,M3)^2*Deng( - p4 + q2 + q3,xiz,M4)^2*p4.p4*xiw*xiz*ufoGC58*ufoGC107
      *ufoGC69*ufoGC85
       - 1/4*g_(1,6_,nu10)*FT2(g6)*Vec(nu10,q2)*Vec(nu9,-q2)*Vec(nu9,q2)*Vec(
      nu13,q2)*Vec(nu14,-p4)*Deng(p4,xiw,M3)^2*Deng(q2 + q3,xiw,0)*Deng(q2 + 
      q3,xiw,M3)^2*Deng( - p4 + q2 + q3,xiz,M4)^2*p4.p4*xiw*xiz*ufoGC58*
      ufoGC107*ufoGC69*ufoGC85
       + 1/4*g_(1,6_,nu10)*FT2(g6)*Vec(nu10,q2)*Vec(nu9,-q2)*Vec(nu9,q2)*Vec(
      nu13,q3)^2*Deng(p4,xiw,M3)*Deng(q2 + q3,xiw,0)*Deng(q2 + q3,xiw,M3)^2*
      Deng( - p4 + q2 + q3,xiz,M4)^2*xiw*xiz*ufoGC58*ufoGC107*ufoGC69*ufoGC85
       - 1/4*g_(1,6_,nu10)*FT2(g6)*Vec(nu10,q2)*Vec(nu9,-q2)*Vec(nu9,q2)*Vec(
      nu13,q3)*Vec(nu14,q2)*Deng(p4,xiw,M3)^2*Deng(q2 + q3,xiw,0)*Deng(q2 + q3
      ,xiw,M3)^2*Deng( - p4 + q2 + q3,xiz,M4)^2*p4.p4*xiw*xiz*ufoGC58*ufoGC107
      *ufoGC69*ufoGC85
       - 1/4*g_(1,6_,nu10)*FT2(g6)*Vec(nu10,q2)*Vec(nu9,-q2)*Vec(nu9,q2)*Vec(
      nu13,q3)*Vec(nu14,q3)*Deng(p4,xiw,M3)^2*Deng(q2 + q3,xiw,0)*Deng(q2 + q3
      ,xiw,M3)^2*Deng( - p4 + q2 + q3,xiz,M4)^2*p4.p4*xiw*xiz*ufoGC58*ufoGC107
      *ufoGC69*ufoGC85
       - 1/4*g_(1,6_,nu10)*FT2(g6)*Vec(nu10,q2)*Vec(nu9,-q2)*Vec(nu9,q2)*Vec(
      nu13,q3)*Vec(nu14,-p4)*Deng(p4,xiw,M3)^2*Deng(q2 + q3,xiw,0)*Deng(q2 + 
      q3,xiw,M3)^2*Deng( - p4 + q2 + q3,xiz,M4)^2*p4.p4*xiw*xiz*ufoGC58*
      ufoGC107*ufoGC69*ufoGC85
       + 1/2*g_(1,6_,nu10)*FT2(g6)*Vec(nu10,q2)*Vec(nu9,-q2)*Vec(nu9,q2)*Vec(
      nu13,-p4)*Vec(nu13,q2)*Deng(p4,xiw,M3)*Deng(q2 + q3,xiw,0)*Deng(q2 + q3,
      xiw,M3)^2*Deng( - p4 + q2 + q3,xiz,M4)^2*xiw*xiz*ufoGC58*ufoGC107*
      ufoGC69*ufoGC85
       + 1/2*g_(1,6_,nu10)*FT2(g6)*Vec(nu10,q2)*Vec(nu9,-q2)*Vec(nu9,q2)*Vec(
      nu13,-p4)*Vec(nu13,q3)*Deng(p4,xiw,M3)*Deng(q2 + q3,xiw,0)*Deng(q2 + q3,
      xiw,M3)^2*Deng( - p4 + q2 + q3,xiz,M4)^2*xiw*xiz*ufoGC58*ufoGC107*
      ufoGC69*ufoGC85
       + 1/4*g_(1,6_,nu10)*FT2(g6)*Vec(nu10,q2)*Vec(nu9,-q2)*Vec(nu9,q2)*Vec(
      nu13,-p4)^2*Deng(p4,xiw,M3)*Deng(q2 + q3,xiw,0)*Deng(q2 + q3,xiw,M3)^2*
      Deng( - p4 + q2 + q3,xiz,M4)^2*xiw*xiz*ufoGC58*ufoGC107*ufoGC69*ufoGC85
       - 1/4*g_(1,6_,nu10)*FT2(g6)*Vec(nu10,q2)*Vec(nu9,-q2)*Vec(nu9,q2)*Vec(
      nu13,-p4)*Vec(nu14,q2)*Deng(p4,xiw,M3)^2*Deng(q2 + q3,xiw,0)*Deng(q2 + 
      q3,xiw,M3)^2*Deng( - p4 + q2 + q3,xiz,M4)^2*p4.p4*xiw*xiz*ufoGC58*
      ufoGC107*ufoGC69*ufoGC85
       - 1/4*g_(1,6_,nu10)*FT2(g6)*Vec(nu10,q2)*Vec(nu9,-q2)*Vec(nu9,q2)*Vec(
      nu13,-p4)*Vec(nu14,q3)*Deng(p4,xiw,M3)^2*Deng(q2 + q3,xiw,0)*Deng(q2 + 
      q3,xiw,M3)^2*Deng( - p4 + q2 + q3,xiz,M4)^2*p4.p4*xiw*xiz*ufoGC58*
      ufoGC107*ufoGC69*ufoGC85
       - 1/4*g_(1,6_,nu10)*FT2(g6)*Vec(nu10,q2)*Vec(nu9,-q2)*Vec(nu9,q2)*Vec(
      nu13,-p4)*Vec(nu14,-p4)*Deng(p4,xiw,M3)^2*Deng(q2 + q3,xiw,0)*Deng(q2 + 
      q3,xiw,M3)^2*Deng( - p4 + q2 + q3,xiz,M4)^2*p4.p4*xiw*xiz*ufoGC58*
      ufoGC107*ufoGC69*ufoGC85
       + 1/4*g_(1,6_,nu10)*FT2(g6)*Vec(nu10,q2)*Vec(nu9,-q2)*Vec(nu9,q3)*Vec(
      nu13,q2)^2*Deng(p4,xiw,M3)*Deng(q2 + q3,xiw,0)*Deng(q2 + q3,xiw,M3)^2*
      Deng( - p4 + q2 + q3,xiz,M4)^2*xiw*xiz*ufoGC58*ufoGC107*ufoGC69*ufoGC85
       + 1/2*g_(1,6_,nu10)*FT2(g6)*Vec(nu10,q2)*Vec(nu9,-q2)*Vec(nu9,q3)*Vec(
      nu13,q2)*Vec(nu13,q3)*Deng(p4,xiw,M3)*Deng(q2 + q3,xiw,0)*Deng(q2 + q3,
      xiw,M3)^2*Deng( - p4 + q2 + q3,xiz,M4)^2*xiw*xiz*ufoGC58*ufoGC107*
      ufoGC69*ufoGC85
       - 1/4*g_(1,6_,nu10)*FT2(g6)*Vec(nu10,q2)*Vec(nu9,-q2)*Vec(nu9,q3)*Vec(
      nu13,q2)*Vec(nu14,q2)*Deng(p4,xiw,M3)^2*Deng(q2 + q3,xiw,0)*Deng(q2 + q3
      ,xiw,M3)^2*Deng( - p4 + q2 + q3,xiz,M4)^2*p4.p4*xiw*xiz*ufoGC58*ufoGC107
      *ufoGC69*ufoGC85
       - 1/4*g_(1,6_,nu10)*FT2(g6)*Vec(nu10,q2)*Vec(nu9,-q2)*Vec(nu9,q3)*Vec(
      nu13,q2)*Vec(nu14,q3)*Deng(p4,xiw,M3)^2*Deng(q2 + q3,xiw,0)*Deng(q2 + q3
      ,xiw,M3)^2*Deng( - p4 + q2 + q3,xiz,M4)^2*p4.p4*xiw*xiz*ufoGC58*ufoGC107
      *ufoGC69*ufoGC85
       - 1/4*g_(1,6_,nu10)*FT2(g6)*Vec(nu10,q2)*Vec(nu9,-q2)*Vec(nu9,q3)*Vec(
      nu13,q2)*Vec(nu14,-p4)*Deng(p4,xiw,M3)^2*Deng(q2 + q3,xiw,0)*Deng(q2 + 
      q3,xiw,M3)^2*Deng( - p4 + q2 + q3,xiz,M4)^2*p4.p4*xiw*xiz*ufoGC58*
      ufoGC107*ufoGC69*ufoGC85
       + 1/4*g_(1,6_,nu10)*FT2(g6)*Vec(nu10,q2)*Vec(nu9,-q2)*Vec(nu9,q3)*Vec(
      nu13,q3)^2*Deng(p4,xiw,M3)*Deng(q2 + q3,xiw,0)*Deng(q2 + q3,xiw,M3)^2*
      Deng( - p4 + q2 + q3,xiz,M4)^2*xiw*xiz*ufoGC58*ufoGC107*ufoGC69*ufoGC85
       - 1/4*g_(1,6_,nu10)*FT2(g6)*Vec(nu10,q2)*Vec(nu9,-q2)*Vec(nu9,q3)*Vec(
      nu13,q3)*Vec(nu14,q2)*Deng(p4,xiw,M3)^2*Deng(q2 + q3,xiw,0)*Deng(q2 + q3
      ,xiw,M3)^2*Deng( - p4 + q2 + q3,xiz,M4)^2*p4.p4*xiw*xiz*ufoGC58*ufoGC107
      *ufoGC69*ufoGC85
       - 1/4*g_(1,6_,nu10)*FT2(g6)*Vec(nu10,q2)*Vec(nu9,-q2)*Vec(nu9,q3)*Vec(
      nu13,q3)*Vec(nu14,q3)*Deng(p4,xiw,M3)^2*Deng(q2 + q3,xiw,0)*Deng(q2 + q3
      ,xiw,M3)^2*Deng( - p4 + q2 + q3,xiz,M4)^2*p4.p4*xiw*xiz*ufoGC58*ufoGC107
      *ufoGC69*ufoGC85
       - 1/4*g_(1,6_,nu10)*FT2(g6)*Vec(nu10,q2)*Vec(nu9,-q2)*Vec(nu9,q3)*Vec(
      nu13,q3)*Vec(nu14,-p4)*Deng(p4,xiw,M3)^2*Deng(q2 + q3,xiw,0)*Deng(q2 + 
      q3,xiw,M3)^2*Deng( - p4 + q2 + q3,xiz,M4)^2*p4.p4*xiw*xiz*ufoGC58*
      ufoGC107*ufoGC69*ufoGC85
       + 1/2*g_(1,6_,nu10)*FT2(g6)*Vec(nu10,q2)*Vec(nu9,-q2)*Vec(nu9,q3)*Vec(
      nu13,-p4)*Vec(nu13,q2)*Deng(p4,xiw,M3)*Deng(q2 + q3,xiw,0)*Deng(q2 + q3,
      xiw,M3)^2*Deng( - p4 + q2 + q3,xiz,M4)^2*xiw*xiz*ufoGC58*ufoGC107*
      ufoGC69*ufoGC85
       + 1/2*g_(1,6_,nu10)*FT2(g6)*Vec(nu10,q2)*Vec(nu9,-q2)*Vec(nu9,q3)*Vec(
      nu13,-p4)*Vec(nu13,q3)*Deng(p4,xiw,M3)*Deng(q2 + q3,xiw,0)*Deng(q2 + q3,
      xiw,M3)^2*Deng( - p4 + q2 + q3,xiz,M4)^2*xiw*xiz*ufoGC58*ufoGC107*
      ufoGC69*ufoGC85
       + 1/4*g_(1,6_,nu10)*FT2(g6)*Vec(nu10,q2)*Vec(nu9,-q2)*Vec(nu9,q3)*Vec(
      nu13,-p4)^2*Deng(p4,xiw,M3)*Deng(q2 + q3,xiw,0)*Deng(q2 + q3,xiw,M3)^2*
      Deng( - p4 + q2 + q3,xiz,M4)^2*xiw*xiz*ufoGC58*ufoGC107*ufoGC69*ufoGC85
       - 1/4*g_(1,6_,nu10)*FT2(g6)*Vec(nu10,q2)*Vec(nu9,-q2)*Vec(nu9,q3)*Vec(
      nu13,-p4)*Vec(nu14,q2)*Deng(p4,xiw,M3)^2*Deng(q2 + q3,xiw,0)*Deng(q2 + 
      q3,xiw,M3)^2*Deng( - p4 + q2 + q3,xiz,M4)^2*p4.p4*xiw*xiz*ufoGC58*
      ufoGC107*ufoGC69*ufoGC85
       - 1/4*g_(1,6_,nu10)*FT2(g6)*Vec(nu10,q2)*Vec(nu9,-q2)*Vec(nu9,q3)*Vec(
      nu13,-p4)*Vec(nu14,q3)*Deng(p4,xiw,M3)^2*Deng(q2 + q3,xiw,0)*Deng(q2 + 
      q3,xiw,M3)^2*Deng( - p4 + q2 + q3,xiz,M4)^2*p4.p4*xiw*xiz*ufoGC58*
      ufoGC107*ufoGC69*ufoGC85
       - 1/4*g_(1,6_,nu10)*FT2(g6)*Vec(nu10,q2)*Vec(nu9,-q2)*Vec(nu9,q3)*Vec(
      nu13,-p4)*Vec(nu14,-p4)*Deng(p4,xiw,M3)^2*Deng(q2 + q3,xiw,0)*Deng(q2 + 
      q3,xiw,M3)^2*Deng( - p4 + q2 + q3,xiz,M4)^2*p4.p4*xiw*xiz*ufoGC58*
      ufoGC107*ufoGC69*ufoGC85
       + 1/4*g_(1,6_,nu10)*FT2(g6)*Vec(nu10,q2)*Vec(nu9,-q3)*Vec(nu9,q2)*Vec(
      nu13,q2)^2*Deng(p4,xiw,M3)*Deng(q2 + q3,xiw,0)*Deng(q2 + q3,xiw,M3)^2*
      Deng( - p4 + q2 + q3,xiz,M4)^2*xiw*xiz*ufoGC58*ufoGC107*ufoGC69*ufoGC85
       + 1/2*g_(1,6_,nu10)*FT2(g6)*Vec(nu10,q2)*Vec(nu9,-q3)*Vec(nu9,q2)*Vec(
      nu13,q2)*Vec(nu13,q3)*Deng(p4,xiw,M3)*Deng(q2 + q3,xiw,0)*Deng(q2 + q3,
      xiw,M3)^2*Deng( - p4 + q2 + q3,xiz,M4)^2*xiw*xiz*ufoGC58*ufoGC107*
      ufoGC69*ufoGC85
       - 1/4*g_(1,6_,nu10)*FT2(g6)*Vec(nu10,q2)*Vec(nu9,-q3)*Vec(nu9,q2)*Vec(
      nu13,q2)*Vec(nu14,q2)*Deng(p4,xiw,M3)^2*Deng(q2 + q3,xiw,0)*Deng(q2 + q3
      ,xiw,M3)^2*Deng( - p4 + q2 + q3,xiz,M4)^2*p4.p4*xiw*xiz*ufoGC58*ufoGC107
      *ufoGC69*ufoGC85
       - 1/4*g_(1,6_,nu10)*FT2(g6)*Vec(nu10,q2)*Vec(nu9,-q3)*Vec(nu9,q2)*Vec(
      nu13,q2)*Vec(nu14,q3)*Deng(p4,xiw,M3)^2*Deng(q2 + q3,xiw,0)*Deng(q2 + q3
      ,xiw,M3)^2*Deng( - p4 + q2 + q3,xiz,M4)^2*p4.p4*xiw*xiz*ufoGC58*ufoGC107
      *ufoGC69*ufoGC85
       - 1/4*g_(1,6_,nu10)*FT2(g6)*Vec(nu10,q2)*Vec(nu9,-q3)*Vec(nu9,q2)*Vec(
      nu13,q2)*Vec(nu14,-p4)*Deng(p4,xiw,M3)^2*Deng(q2 + q3,xiw,0)*Deng(q2 + 
      q3,xiw,M3)^2*Deng( - p4 + q2 + q3,xiz,M4)^2*p4.p4*xiw*xiz*ufoGC58*
      ufoGC107*ufoGC69*ufoGC85
       + 1/4*g_(1,6_,nu10)*FT2(g6)*Vec(nu10,q2)*Vec(nu9,-q3)*Vec(nu9,q2)*Vec(
      nu13,q3)^2*Deng(p4,xiw,M3)*Deng(q2 + q3,xiw,0)*Deng(q2 + q3,xiw,M3)^2*
      Deng( - p4 + q2 + q3,xiz,M4)^2*xiw*xiz*ufoGC58*ufoGC107*ufoGC69*ufoGC85
       - 1/4*g_(1,6_,nu10)*FT2(g6)*Vec(nu10,q2)*Vec(nu9,-q3)*Vec(nu9,q2)*Vec(
      nu13,q3)*Vec(nu14,q2)*Deng(p4,xiw,M3)^2*Deng(q2 + q3,xiw,0)*Deng(q2 + q3
      ,xiw,M3)^2*Deng( - p4 + q2 + q3,xiz,M4)^2*p4.p4*xiw*xiz*ufoGC58*ufoGC107
      *ufoGC69*ufoGC85
       - 1/4*g_(1,6_,nu10)*FT2(g6)*Vec(nu10,q2)*Vec(nu9,-q3)*Vec(nu9,q2)*Vec(
      nu13,q3)*Vec(nu14,q3)*Deng(p4,xiw,M3)^2*Deng(q2 + q3,xiw,0)*Deng(q2 + q3
      ,xiw,M3)^2*Deng( - p4 + q2 + q3,xiz,M4)^2*p4.p4*xiw*xiz*ufoGC58*ufoGC107
      *ufoGC69*ufoGC85
       - 1/4*g_(1,6_,nu10)*FT2(g6)*Vec(nu10,q2)*Vec(nu9,-q3)*Vec(nu9,q2)*Vec(
      nu13,q3)*Vec(nu14,-p4)*Deng(p4,xiw,M3)^2*Deng(q2 + q3,xiw,0)*Deng(q2 + 
      q3,xiw,M3)^2*Deng( - p4 + q2 + q3,xiz,M4)^2*p4.p4*xiw*xiz*ufoGC58*
      ufoGC107*ufoGC69*ufoGC85
       + 1/2*g_(1,6_,nu10)*FT2(g6)*Vec(nu10,q2)*Vec(nu9,-q3)*Vec(nu9,q2)*Vec(
      nu13,-p4)*Vec(nu13,q2)*Deng(p4,xiw,M3)*Deng(q2 + q3,xiw,0)*Deng(q2 + q3,
      xiw,M3)^2*Deng( - p4 + q2 + q3,xiz,M4)^2*xiw*xiz*ufoGC58*ufoGC107*
      ufoGC69*ufoGC85
       + 1/2*g_(1,6_,nu10)*FT2(g6)*Vec(nu10,q2)*Vec(nu9,-q3)*Vec(nu9,q2)*Vec(
      nu13,-p4)*Vec(nu13,q3)*Deng(p4,xiw,M3)*Deng(q2 + q3,xiw,0)*Deng(q2 + q3,
      xiw,M3)^2*Deng( - p4 + q2 + q3,xiz,M4)^2*xiw*xiz*ufoGC58*ufoGC107*
      ufoGC69*ufoGC85
       + 1/4*g_(1,6_,nu10)*FT2(g6)*Vec(nu10,q2)*Vec(nu9,-q3)*Vec(nu9,q2)*Vec(
      nu13,-p4)^2*Deng(p4,xiw,M3)*Deng(q2 + q3,xiw,0)*Deng(q2 + q3,xiw,M3)^2*
      Deng( - p4 + q2 + q3,xiz,M4)^2*xiw*xiz*ufoGC58*ufoGC107*ufoGC69*ufoGC85
       - 1/4*g_(1,6_,nu10)*FT2(g6)*Vec(nu10,q2)*Vec(nu9,-q3)*Vec(nu9,q2)*Vec(
      nu13,-p4)*Vec(nu14,q2)*Deng(p4,xiw,M3)^2*Deng(q2 + q3,xiw,0)*Deng(q2 + 
      q3,xiw,M3)^2*Deng( - p4 + q2 + q3,xiz,M4)^2*p4.p4*xiw*xiz*ufoGC58*
      ufoGC107*ufoGC69*ufoGC85
       - 1/4*g_(1,6_,nu10)*FT2(g6)*Vec(nu10,q2)*Vec(nu9,-q3)*Vec(nu9,q2)*Vec(
      nu13,-p4)*Vec(nu14,q3)*Deng(p4,xiw,M3)^2*Deng(q2 + q3,xiw,0)*Deng(q2 + 
      q3,xiw,M3)^2*Deng( - p4 + q2 + q3,xiz,M4)^2*p4.p4*xiw*xiz*ufoGC58*
      ufoGC107*ufoGC69*ufoGC85
       - 1/4*g_(1,6_,nu10)*FT2(g6)*Vec(nu10,q2)*Vec(nu9,-q3)*Vec(nu9,q2)*Vec(
      nu13,-p4)*Vec(nu14,-p4)*Deng(p4,xiw,M3)^2*Deng(q2 + q3,xiw,0)*Deng(q2 + 
      q3,xiw,M3)^2*Deng( - p4 + q2 + q3,xiz,M4)^2*p4.p4*xiw*xiz*ufoGC58*
      ufoGC107*ufoGC69*ufoGC85
       + 1/4*g_(1,6_,nu10)*FT2(g6)*Vec(nu10,q2)*Vec(nu9,-q3)*Vec(nu9,q3)*Vec(
      nu13,q2)^2*Deng(p4,xiw,M3)*Deng(q2 + q3,xiw,0)*Deng(q2 + q3,xiw,M3)^2*
      Deng( - p4 + q2 + q3,xiz,M4)^2*xiw*xiz*ufoGC58*ufoGC107*ufoGC69*ufoGC85
       + 1/2*g_(1,6_,nu10)*FT2(g6)*Vec(nu10,q2)*Vec(nu9,-q3)*Vec(nu9,q3)*Vec(
      nu13,q2)*Vec(nu13,q3)*Deng(p4,xiw,M3)*Deng(q2 + q3,xiw,0)*Deng(q2 + q3,
      xiw,M3)^2*Deng( - p4 + q2 + q3,xiz,M4)^2*xiw*xiz*ufoGC58*ufoGC107*
      ufoGC69*ufoGC85
       - 1/4*g_(1,6_,nu10)*FT2(g6)*Vec(nu10,q2)*Vec(nu9,-q3)*Vec(nu9,q3)*Vec(
      nu13,q2)*Vec(nu14,q2)*Deng(p4,xiw,M3)^2*Deng(q2 + q3,xiw,0)*Deng(q2 + q3
      ,xiw,M3)^2*Deng( - p4 + q2 + q3,xiz,M4)^2*p4.p4*xiw*xiz*ufoGC58*ufoGC107
      *ufoGC69*ufoGC85
       - 1/4*g_(1,6_,nu10)*FT2(g6)*Vec(nu10,q2)*Vec(nu9,-q3)*Vec(nu9,q3)*Vec(
      nu13,q2)*Vec(nu14,q3)*Deng(p4,xiw,M3)^2*Deng(q2 + q3,xiw,0)*Deng(q2 + q3
      ,xiw,M3)^2*Deng( - p4 + q2 + q3,xiz,M4)^2*p4.p4*xiw*xiz*ufoGC58*ufoGC107
      *ufoGC69*ufoGC85
       - 1/4*g_(1,6_,nu10)*FT2(g6)*Vec(nu10,q2)*Vec(nu9,-q3)*Vec(nu9,q3)*Vec(
      nu13,q2)*Vec(nu14,-p4)*Deng(p4,xiw,M3)^2*Deng(q2 + q3,xiw,0)*Deng(q2 + 
      q3,xiw,M3)^2*Deng( - p4 + q2 + q3,xiz,M4)^2*p4.p4*xiw*xiz*ufoGC58*
      ufoGC107*ufoGC69*ufoGC85
       + 1/4*g_(1,6_,nu10)*FT2(g6)*Vec(nu10,q2)*Vec(nu9,-q3)*Vec(nu9,q3)*Vec(
      nu13,q3)^2*Deng(p4,xiw,M3)*Deng(q2 + q3,xiw,0)*Deng(q2 + q3,xiw,M3)^2*
      Deng( - p4 + q2 + q3,xiz,M4)^2*xiw*xiz*ufoGC58*ufoGC107*ufoGC69*ufoGC85
       - 1/4*g_(1,6_,nu10)*FT2(g6)*Vec(nu10,q2)*Vec(nu9,-q3)*Vec(nu9,q3)*Vec(
      nu13,q3)*Vec(nu14,q2)*Deng(p4,xiw,M3)^2*Deng(q2 + q3,xiw,0)*Deng(q2 + q3
      ,xiw,M3)^2*Deng( - p4 + q2 + q3,xiz,M4)^2*p4.p4*xiw*xiz*ufoGC58*ufoGC107
      *ufoGC69*ufoGC85
       - 1/4*g_(1,6_,nu10)*FT2(g6)*Vec(nu10,q2)*Vec(nu9,-q3)*Vec(nu9,q3)*Vec(
      nu13,q3)*Vec(nu14,q3)*Deng(p4,xiw,M3)^2*Deng(q2 + q3,xiw,0)*Deng(q2 + q3
      ,xiw,M3)^2*Deng( - p4 + q2 + q3,xiz,M4)^2*p4.p4*xiw*xiz*ufoGC58*ufoGC107
      *ufoGC69*ufoGC85
       - 1/4*g_(1,6_,nu10)*FT2(g6)*Vec(nu10,q2)*Vec(nu9,-q3)*Vec(nu9,q3)*Vec(
      nu13,q3)*Vec(nu14,-p4)*Deng(p4,xiw,M3)^2*Deng(q2 + q3,xiw,0)*Deng(q2 + 
      q3,xiw,M3)^2*Deng( - p4 + q2 + q3,xiz,M4)^2*p4.p4*xiw*xiz*ufoGC58*
      ufoGC107*ufoGC69*ufoGC85
       + 1/2*g_(1,6_,nu10)*FT2(g6)*Vec(nu10,q2)*Vec(nu9,-q3)*Vec(nu9,q3)*Vec(
      nu13,-p4)*Vec(nu13,q2)*Deng(p4,xiw,M3)*Deng(q2 + q3,xiw,0)*Deng(q2 + q3,
      xiw,M3)^2*Deng( - p4 + q2 + q3,xiz,M4)^2*xiw*xiz*ufoGC58*ufoGC107*
      ufoGC69*ufoGC85
       + 1/2*g_(1,6_,nu10)*FT2(g6)*Vec(nu10,q2)*Vec(nu9,-q3)*Vec(nu9,q3)*Vec(
      nu13,-p4)*Vec(nu13,q3)*Deng(p4,xiw,M3)*Deng(q2 + q3,xiw,0)*Deng(q2 + q3,
      xiw,M3)^2*Deng( - p4 + q2 + q3,xiz,M4)^2*xiw*xiz*ufoGC58*ufoGC107*
      ufoGC69*ufoGC85
       + 1/4*g_(1,6_,nu10)*FT2(g6)*Vec(nu10,q2)*Vec(nu9,-q3)*Vec(nu9,q3)*Vec(
      nu13,-p4)^2*Deng(p4,xiw,M3)*Deng(q2 + q3,xiw,0)*Deng(q2 + q3,xiw,M3)^2*
      Deng( - p4 + q2 + q3,xiz,M4)^2*xiw*xiz*ufoGC58*ufoGC107*ufoGC69*ufoGC85
       - 1/4*g_(1,6_,nu10)*FT2(g6)*Vec(nu10,q2)*Vec(nu9,-q3)*Vec(nu9,q3)*Vec(
      nu13,-p4)*Vec(nu14,q2)*Deng(p4,xiw,M3)^2*Deng(q2 + q3,xiw,0)*Deng(q2 + 
      q3,xiw,M3)^2*Deng( - p4 + q2 + q3,xiz,M4)^2*p4.p4*xiw*xiz*ufoGC58*
      ufoGC107*ufoGC69*ufoGC85
       - 1/4*g_(1,6_,nu10)*FT2(g6)*Vec(nu10,q2)*Vec(nu9,-q3)*Vec(nu9,q3)*Vec(
      nu13,-p4)*Vec(nu14,q3)*Deng(p4,xiw,M3)^2*Deng(q2 + q3,xiw,0)*Deng(q2 + 
      q3,xiw,M3)^2*Deng( - p4 + q2 + q3,xiz,M4)^2*p4.p4*xiw*xiz*ufoGC58*
      ufoGC107*ufoGC69*ufoGC85
       - 1/4*g_(1,6_,nu10)*FT2(g6)*Vec(nu10,q2)*Vec(nu9,-q3)*Vec(nu9,q3)*Vec(
      nu13,-p4)*Vec(nu14,-p4)*Deng(p4,xiw,M3)^2*Deng(q2 + q3,xiw,0)*Deng(q2 + 
      q3,xiw,M3)^2*Deng( - p4 + q2 + q3,xiz,M4)^2*p4.p4*xiw*xiz*ufoGC58*
      ufoGC107*ufoGC69*ufoGC85
       + 1/4*g_(1,6_,nu10)*FT2(g6)*Vec(nu10,q2)*Vec(nu13,q2)^2*Vec(nu14,-p4)*
      Vec(nu14,q2)*Deng(p4,xiw,M3)*Deng(q2 + q3,xiw,0)*Deng(q2 + q3,xiw,M3)^2*
      Deng( - p4 + q2 + q3,xiz,M4)^2*xiw*xiz*ufoGC58*ufoGC107*ufoGC69*ufoGC85
       + 1/4*g_(1,6_,nu10)*FT2(g6)*Vec(nu10,q2)*Vec(nu13,q2)^2*Vec(nu14,-p4)*
      Vec(nu14,q3)*Deng(p4,xiw,M3)*Deng(q2 + q3,xiw,0)*Deng(q2 + q3,xiw,M3)^2*
      Deng( - p4 + q2 + q3,xiz,M4)^2*xiw*xiz*ufoGC58*ufoGC107*ufoGC69*ufoGC85
       + 1/4*g_(1,6_,nu10)*FT2(g6)*Vec(nu10,q2)*Vec(nu13,q2)^2*Vec(nu14,-p4)^2
      *Deng(p4,xiw,M3)*Deng(q2 + q3,xiw,0)*Deng(q2 + q3,xiw,M3)^2*Deng( - p4
       + q2 + q3,xiz,M4)^2*xiw*xiz*ufoGC58*ufoGC107*ufoGC69*ufoGC85
       + 1/2*g_(1,6_,nu10)*FT2(g6)*Vec(nu10,q2)*Vec(nu13,q2)*Vec(nu13,q3)*Vec(
      nu14,-p4)*Vec(nu14,q2)*Deng(p4,xiw,M3)*Deng(q2 + q3,xiw,0)*Deng(q2 + q3,
      xiw,M3)^2*Deng( - p4 + q2 + q3,xiz,M4)^2*xiw*xiz*ufoGC58*ufoGC107*
      ufoGC69*ufoGC85
       + 1/2*g_(1,6_,nu10)*FT2(g6)*Vec(nu10,q2)*Vec(nu13,q2)*Vec(nu13,q3)*Vec(
      nu14,-p4)*Vec(nu14,q3)*Deng(p4,xiw,M3)*Deng(q2 + q3,xiw,0)*Deng(q2 + q3,
      xiw,M3)^2*Deng( - p4 + q2 + q3,xiz,M4)^2*xiw*xiz*ufoGC58*ufoGC107*
      ufoGC69*ufoGC85
       + 1/2*g_(1,6_,nu10)*FT2(g6)*Vec(nu10,q2)*Vec(nu13,q2)*Vec(nu13,q3)*Vec(
      nu14,-p4)^2*Deng(p4,xiw,M3)*Deng(q2 + q3,xiw,0)*Deng(q2 + q3,xiw,M3)^2*
      Deng( - p4 + q2 + q3,xiz,M4)^2*xiw*xiz*ufoGC58*ufoGC107*ufoGC69*ufoGC85
       + 1/4*g_(1,6_,nu10)*FT2(g6)*Vec(nu10,q2)*Vec(nu13,q2)*Vec(nu14,q2)^2*
      Vec(nu16,-q2)*Deng(p4,xiw,M3)^2*Deng(q2 + q3,xiw,0)*Deng(q2 + q3,xiw,M3)
      ^2*Deng( - p4 + q2 + q3,xiz,M4)^2*p4.p4*xiw*xiz*ufoGC58*ufoGC107*ufoGC69
      *ufoGC85
       + 1/4*g_(1,6_,nu10)*FT2(g6)*Vec(nu10,q2)*Vec(nu13,q2)*Vec(nu14,q2)^2*
      Vec(nu16,-q3)*Deng(p4,xiw,M3)^2*Deng(q2 + q3,xiw,0)*Deng(q2 + q3,xiw,M3)
      ^2*Deng( - p4 + q2 + q3,xiz,M4)^2*p4.p4*xiw*xiz*ufoGC58*ufoGC107*ufoGC69
      *ufoGC85
       - 1/4*g_(1,6_,nu10)*FT2(g6)*Vec(nu10,q2)*Vec(nu13,q2)*Vec(nu14,q2)^2*
      Vecr(nu13,p4)*Deng(p4,xiw,M3)*Deng(q2 + q3,xiw,0)*Deng(q2 + q3,xiw,M3)^2
      *Deng( - p4 + q2 + q3,xiz,M4)^2*xiw*xiz*ufoGC58*ufoGC107*ufoGC69*ufoGC85
       + 1/4*g_(1,6_,nu10)*FT2(g6)*Vec(nu10,q2)*Vec(nu13,q2)*Vec(nu14,q2)^2*
      Vecr(nu16,p4)*Deng(p4,xiw,M3)^2*Deng(q2 + q3,xiw,0)*Deng(q2 + q3,xiw,M3)
      ^2*Deng( - p4 + q2 + q3,xiz,M4)^2*p4.p4*xiw*xiz*ufoGC58*ufoGC107*ufoGC69
      *ufoGC85
       + 1/2*g_(1,6_,nu10)*FT2(g6)*Vec(nu10,q2)*Vec(nu13,q2)*Vec(nu14,q2)*Vec(
      nu14,q3)*Vec(nu16,-q2)*Deng(p4,xiw,M3)^2*Deng(q2 + q3,xiw,0)*Deng(q2 + 
      q3,xiw,M3)^2*Deng( - p4 + q2 + q3,xiz,M4)^2*p4.p4*xiw*xiz*ufoGC58*
      ufoGC107*ufoGC69*ufoGC85
       + 1/2*g_(1,6_,nu10)*FT2(g6)*Vec(nu10,q2)*Vec(nu13,q2)*Vec(nu14,q2)*Vec(
      nu14,q3)*Vec(nu16,-q3)*Deng(p4,xiw,M3)^2*Deng(q2 + q3,xiw,0)*Deng(q2 + 
      q3,xiw,M3)^2*Deng( - p4 + q2 + q3,xiz,M4)^2*p4.p4*xiw*xiz*ufoGC58*
      ufoGC107*ufoGC69*ufoGC85
       - 1/2*g_(1,6_,nu10)*FT2(g6)*Vec(nu10,q2)*Vec(nu13,q2)*Vec(nu14,q2)*Vec(
      nu14,q3)*Vecr(nu13,p4)*Deng(p4,xiw,M3)*Deng(q2 + q3,xiw,0)*Deng(q2 + q3,
      xiw,M3)^2*Deng( - p4 + q2 + q3,xiz,M4)^2*xiw*xiz*ufoGC58*ufoGC107*
      ufoGC69*ufoGC85
       + 1/2*g_(1,6_,nu10)*FT2(g6)*Vec(nu10,q2)*Vec(nu13,q2)*Vec(nu14,q2)*Vec(
      nu14,q3)*Vecr(nu16,p4)*Deng(p4,xiw,M3)^2*Deng(q2 + q3,xiw,0)*Deng(q2 + 
      q3,xiw,M3)^2*Deng( - p4 + q2 + q3,xiz,M4)^2*p4.p4*xiw*xiz*ufoGC58*
      ufoGC107*ufoGC69*ufoGC85
       + 1/4*g_(1,6_,nu10)*FT2(g6)*Vec(nu10,q2)*Vec(nu13,q2)*Vec(nu14,q3)^2*
      Vec(nu16,-q2)*Deng(p4,xiw,M3)^2*Deng(q2 + q3,xiw,0)*Deng(q2 + q3,xiw,M3)
      ^2*Deng( - p4 + q2 + q3,xiz,M4)^2*p4.p4*xiw*xiz*ufoGC58*ufoGC107*ufoGC69
      *ufoGC85
       + 1/4*g_(1,6_,nu10)*FT2(g6)*Vec(nu10,q2)*Vec(nu13,q2)*Vec(nu14,q3)^2*
      Vec(nu16,-q3)*Deng(p4,xiw,M3)^2*Deng(q2 + q3,xiw,0)*Deng(q2 + q3,xiw,M3)
      ^2*Deng( - p4 + q2 + q3,xiz,M4)^2*p4.p4*xiw*xiz*ufoGC58*ufoGC107*ufoGC69
      *ufoGC85
       - 1/4*g_(1,6_,nu10)*FT2(g6)*Vec(nu10,q2)*Vec(nu13,q2)*Vec(nu14,q3)^2*
      Vecr(nu13,p4)*Deng(p4,xiw,M3)*Deng(q2 + q3,xiw,0)*Deng(q2 + q3,xiw,M3)^2
      *Deng( - p4 + q2 + q3,xiz,M4)^2*xiw*xiz*ufoGC58*ufoGC107*ufoGC69*ufoGC85
       + 1/4*g_(1,6_,nu10)*FT2(g6)*Vec(nu10,q2)*Vec(nu13,q2)*Vec(nu14,q3)^2*
      Vecr(nu16,p4)*Deng(p4,xiw,M3)^2*Deng(q2 + q3,xiw,0)*Deng(q2 + q3,xiw,M3)
      ^2*Deng( - p4 + q2 + q3,xiz,M4)^2*p4.p4*xiw*xiz*ufoGC58*ufoGC107*ufoGC69
      *ufoGC85
       - 1/4*g_(1,6_,nu10)*FT2(g6)*Vec(nu10,q2)*Vec(nu13,q2)*Vec(nu14,-p4)*
      Vec(nu14,q2)*Vec(nu16,q2)*Deng(p4,xiw,M3)^2*Deng(q2 + q3,xiw,0)*Deng(q2
       + q3,xiw,M3)^2*Deng( - p4 + q2 + q3,xiz,M4)^2*p4.p4*xiw*xiz*ufoGC58*
      ufoGC107*ufoGC69*ufoGC85
       - 1/4*g_(1,6_,nu10)*FT2(g6)*Vec(nu10,q2)*Vec(nu13,q2)*Vec(nu14,-p4)*
      Vec(nu14,q2)*Vec(nu16,q3)*Deng(p4,xiw,M3)^2*Deng(q2 + q3,xiw,0)*Deng(q2
       + q3,xiw,M3)^2*Deng( - p4 + q2 + q3,xiz,M4)^2*p4.p4*xiw*xiz*ufoGC58*
      ufoGC107*ufoGC69*ufoGC85
       + 1/4*g_(1,6_,nu10)*FT2(g6)*Vec(nu10,q2)*Vec(nu13,q2)*Vec(nu14,-p4)*
      Vec(nu14,q2)*Vec(nu16,-q2)*Deng(p4,xiw,M3)^2*Deng(q2 + q3,xiw,0)*Deng(q2
       + q3,xiw,M3)^2*Deng( - p4 + q2 + q3,xiz,M4)^2*p4.p4*xiw*xiz*ufoGC58*
      ufoGC107*ufoGC69*ufoGC85
       + 1/4*g_(1,6_,nu10)*FT2(g6)*Vec(nu10,q2)*Vec(nu13,q2)*Vec(nu14,-p4)*
      Vec(nu14,q2)*Vec(nu16,-q3)*Deng(p4,xiw,M3)^2*Deng(q2 + q3,xiw,0)*Deng(q2
       + q3,xiw,M3)^2*Deng( - p4 + q2 + q3,xiz,M4)^2*p4.p4*xiw*xiz*ufoGC58*
      ufoGC107*ufoGC69*ufoGC85
       - 1/4*g_(1,6_,nu10)*FT2(g6)*Vec(nu10,q2)*Vec(nu13,q2)*Vec(nu14,-p4)*
      Vec(nu14,q2)*Vecr(nu13,p4)*Deng(p4,xiw,M3)*Deng(q2 + q3,xiw,0)*Deng(q2
       + q3,xiw,M3)^2*Deng( - p4 + q2 + q3,xiz,M4)^2*xiw*xiz*ufoGC58*ufoGC107*
      ufoGC69*ufoGC85
       + 1/4*g_(1,6_,nu10)*FT2(g6)*Vec(nu10,q2)*Vec(nu13,q2)*Vec(nu14,-p4)*
      Vec(nu14,q2)*Vecr(nu16,p4)*Deng(p4,xiw,M3)^2*Deng(q2 + q3,xiw,0)*Deng(q2
       + q3,xiw,M3)^2*Deng( - p4 + q2 + q3,xiz,M4)^2*p4.p4*xiw*xiz*ufoGC58*
      ufoGC107*ufoGC69*ufoGC85
       - 1/4*g_(1,6_,nu10)*FT2(g6)*Vec(nu10,q2)*Vec(nu13,q2)*Vec(nu14,-p4)*
      Vec(nu14,q3)*Vec(nu16,q2)*Deng(p4,xiw,M3)^2*Deng(q2 + q3,xiw,0)*Deng(q2
       + q3,xiw,M3)^2*Deng( - p4 + q2 + q3,xiz,M4)^2*p4.p4*xiw*xiz*ufoGC58*
      ufoGC107*ufoGC69*ufoGC85
       - 1/4*g_(1,6_,nu10)*FT2(g6)*Vec(nu10,q2)*Vec(nu13,q2)*Vec(nu14,-p4)*
      Vec(nu14,q3)*Vec(nu16,q3)*Deng(p4,xiw,M3)^2*Deng(q2 + q3,xiw,0)*Deng(q2
       + q3,xiw,M3)^2*Deng( - p4 + q2 + q3,xiz,M4)^2*p4.p4*xiw*xiz*ufoGC58*
      ufoGC107*ufoGC69*ufoGC85
       + 1/4*g_(1,6_,nu10)*FT2(g6)*Vec(nu10,q2)*Vec(nu13,q2)*Vec(nu14,-p4)*
      Vec(nu14,q3)*Vec(nu16,-q2)*Deng(p4,xiw,M3)^2*Deng(q2 + q3,xiw,0)*Deng(q2
       + q3,xiw,M3)^2*Deng( - p4 + q2 + q3,xiz,M4)^2*p4.p4*xiw*xiz*ufoGC58*
      ufoGC107*ufoGC69*ufoGC85
       + 1/4*g_(1,6_,nu10)*FT2(g6)*Vec(nu10,q2)*Vec(nu13,q2)*Vec(nu14,-p4)*
      Vec(nu14,q3)*Vec(nu16,-q3)*Deng(p4,xiw,M3)^2*Deng(q2 + q3,xiw,0)*Deng(q2
       + q3,xiw,M3)^2*Deng( - p4 + q2 + q3,xiz,M4)^2*p4.p4*xiw*xiz*ufoGC58*
      ufoGC107*ufoGC69*ufoGC85
       - 1/4*g_(1,6_,nu10)*FT2(g6)*Vec(nu10,q2)*Vec(nu13,q2)*Vec(nu14,-p4)*
      Vec(nu14,q3)*Vecr(nu13,p4)*Deng(p4,xiw,M3)*Deng(q2 + q3,xiw,0)*Deng(q2
       + q3,xiw,M3)^2*Deng( - p4 + q2 + q3,xiz,M4)^2*xiw*xiz*ufoGC58*ufoGC107*
      ufoGC69*ufoGC85
       + 1/4*g_(1,6_,nu10)*FT2(g6)*Vec(nu10,q2)*Vec(nu13,q2)*Vec(nu14,-p4)*
      Vec(nu14,q3)*Vecr(nu16,p4)*Deng(p4,xiw,M3)^2*Deng(q2 + q3,xiw,0)*Deng(q2
       + q3,xiw,M3)^2*Deng( - p4 + q2 + q3,xiz,M4)^2*p4.p4*xiw*xiz*ufoGC58*
      ufoGC107*ufoGC69*ufoGC85
       - 1/4*g_(1,6_,nu10)*FT2(g6)*Vec(nu10,q2)*Vec(nu13,q2)*Vec(nu14,-p4)^2*
      Vec(nu16,q2)*Deng(p4,xiw,M3)^2*Deng(q2 + q3,xiw,0)*Deng(q2 + q3,xiw,M3)^
      2*Deng( - p4 + q2 + q3,xiz,M4)^2*p4.p4*xiw*xiz*ufoGC58*ufoGC107*ufoGC69*
      ufoGC85
       - 1/4*g_(1,6_,nu10)*FT2(g6)*Vec(nu10,q2)*Vec(nu13,q2)*Vec(nu14,-p4)^2*
      Vec(nu16,q3)*Deng(p4,xiw,M3)^2*Deng(q2 + q3,xiw,0)*Deng(q2 + q3,xiw,M3)^
      2*Deng( - p4 + q2 + q3,xiz,M4)^2*p4.p4*xiw*xiz*ufoGC58*ufoGC107*ufoGC69*
      ufoGC85
       + 1/4*g_(1,6_,nu10)*FT2(g6)*Vec(nu10,q2)*Vec(nu13,q3)^2*Vec(nu14,-p4)*
      Vec(nu14,q2)*Deng(p4,xiw,M3)*Deng(q2 + q3,xiw,0)*Deng(q2 + q3,xiw,M3)^2*
      Deng( - p4 + q2 + q3,xiz,M4)^2*xiw*xiz*ufoGC58*ufoGC107*ufoGC69*ufoGC85
       + 1/4*g_(1,6_,nu10)*FT2(g6)*Vec(nu10,q2)*Vec(nu13,q3)^2*Vec(nu14,-p4)*
      Vec(nu14,q3)*Deng(p4,xiw,M3)*Deng(q2 + q3,xiw,0)*Deng(q2 + q3,xiw,M3)^2*
      Deng( - p4 + q2 + q3,xiz,M4)^2*xiw*xiz*ufoGC58*ufoGC107*ufoGC69*ufoGC85
       + 1/4*g_(1,6_,nu10)*FT2(g6)*Vec(nu10,q2)*Vec(nu13,q3)^2*Vec(nu14,-p4)^2
      *Deng(p4,xiw,M3)*Deng(q2 + q3,xiw,0)*Deng(q2 + q3,xiw,M3)^2*Deng( - p4
       + q2 + q3,xiz,M4)^2*xiw*xiz*ufoGC58*ufoGC107*ufoGC69*ufoGC85
       + 1/4*g_(1,6_,nu10)*FT2(g6)*Vec(nu10,q2)*Vec(nu13,q3)*Vec(nu14,q2)^2*
      Vec(nu16,-q2)*Deng(p4,xiw,M3)^2*Deng(q2 + q3,xiw,0)*Deng(q2 + q3,xiw,M3)
      ^2*Deng( - p4 + q2 + q3,xiz,M4)^2*p4.p4*xiw*xiz*ufoGC58*ufoGC107*ufoGC69
      *ufoGC85
       + 1/4*g_(1,6_,nu10)*FT2(g6)*Vec(nu10,q2)*Vec(nu13,q3)*Vec(nu14,q2)^2*
      Vec(nu16,-q3)*Deng(p4,xiw,M3)^2*Deng(q2 + q3,xiw,0)*Deng(q2 + q3,xiw,M3)
      ^2*Deng( - p4 + q2 + q3,xiz,M4)^2*p4.p4*xiw*xiz*ufoGC58*ufoGC107*ufoGC69
      *ufoGC85
       - 1/4*g_(1,6_,nu10)*FT2(g6)*Vec(nu10,q2)*Vec(nu13,q3)*Vec(nu14,q2)^2*
      Vecr(nu13,p4)*Deng(p4,xiw,M3)*Deng(q2 + q3,xiw,0)*Deng(q2 + q3,xiw,M3)^2
      *Deng( - p4 + q2 + q3,xiz,M4)^2*xiw*xiz*ufoGC58*ufoGC107*ufoGC69*ufoGC85
       + 1/4*g_(1,6_,nu10)*FT2(g6)*Vec(nu10,q2)*Vec(nu13,q3)*Vec(nu14,q2)^2*
      Vecr(nu16,p4)*Deng(p4,xiw,M3)^2*Deng(q2 + q3,xiw,0)*Deng(q2 + q3,xiw,M3)
      ^2*Deng( - p4 + q2 + q3,xiz,M4)^2*p4.p4*xiw*xiz*ufoGC58*ufoGC107*ufoGC69
      *ufoGC85
       + 1/2*g_(1,6_,nu10)*FT2(g6)*Vec(nu10,q2)*Vec(nu13,q3)*Vec(nu14,q2)*Vec(
      nu14,q3)*Vec(nu16,-q2)*Deng(p4,xiw,M3)^2*Deng(q2 + q3,xiw,0)*Deng(q2 + 
      q3,xiw,M3)^2*Deng( - p4 + q2 + q3,xiz,M4)^2*p4.p4*xiw*xiz*ufoGC58*
      ufoGC107*ufoGC69*ufoGC85
       + 1/2*g_(1,6_,nu10)*FT2(g6)*Vec(nu10,q2)*Vec(nu13,q3)*Vec(nu14,q2)*Vec(
      nu14,q3)*Vec(nu16,-q3)*Deng(p4,xiw,M3)^2*Deng(q2 + q3,xiw,0)*Deng(q2 + 
      q3,xiw,M3)^2*Deng( - p4 + q2 + q3,xiz,M4)^2*p4.p4*xiw*xiz*ufoGC58*
      ufoGC107*ufoGC69*ufoGC85
       - 1/2*g_(1,6_,nu10)*FT2(g6)*Vec(nu10,q2)*Vec(nu13,q3)*Vec(nu14,q2)*Vec(
      nu14,q3)*Vecr(nu13,p4)*Deng(p4,xiw,M3)*Deng(q2 + q3,xiw,0)*Deng(q2 + q3,
      xiw,M3)^2*Deng( - p4 + q2 + q3,xiz,M4)^2*xiw*xiz*ufoGC58*ufoGC107*
      ufoGC69*ufoGC85
       + 1/2*g_(1,6_,nu10)*FT2(g6)*Vec(nu10,q2)*Vec(nu13,q3)*Vec(nu14,q2)*Vec(
      nu14,q3)*Vecr(nu16,p4)*Deng(p4,xiw,M3)^2*Deng(q2 + q3,xiw,0)*Deng(q2 + 
      q3,xiw,M3)^2*Deng( - p4 + q2 + q3,xiz,M4)^2*p4.p4*xiw*xiz*ufoGC58*
      ufoGC107*ufoGC69*ufoGC85
       + 1/4*g_(1,6_,nu10)*FT2(g6)*Vec(nu10,q2)*Vec(nu13,q3)*Vec(nu14,q3)^2*
      Vec(nu16,-q2)*Deng(p4,xiw,M3)^2*Deng(q2 + q3,xiw,0)*Deng(q2 + q3,xiw,M3)
      ^2*Deng( - p4 + q2 + q3,xiz,M4)^2*p4.p4*xiw*xiz*ufoGC58*ufoGC107*ufoGC69
      *ufoGC85
       + 1/4*g_(1,6_,nu10)*FT2(g6)*Vec(nu10,q2)*Vec(nu13,q3)*Vec(nu14,q3)^2*
      Vec(nu16,-q3)*Deng(p4,xiw,M3)^2*Deng(q2 + q3,xiw,0)*Deng(q2 + q3,xiw,M3)
      ^2*Deng( - p4 + q2 + q3,xiz,M4)^2*p4.p4*xiw*xiz*ufoGC58*ufoGC107*ufoGC69
      *ufoGC85
       - 1/4*g_(1,6_,nu10)*FT2(g6)*Vec(nu10,q2)*Vec(nu13,q3)*Vec(nu14,q3)^2*
      Vecr(nu13,p4)*Deng(p4,xiw,M3)*Deng(q2 + q3,xiw,0)*Deng(q2 + q3,xiw,M3)^2
      *Deng( - p4 + q2 + q3,xiz,M4)^2*xiw*xiz*ufoGC58*ufoGC107*ufoGC69*ufoGC85
       + 1/4*g_(1,6_,nu10)*FT2(g6)*Vec(nu10,q2)*Vec(nu13,q3)*Vec(nu14,q3)^2*
      Vecr(nu16,p4)*Deng(p4,xiw,M3)^2*Deng(q2 + q3,xiw,0)*Deng(q2 + q3,xiw,M3)
      ^2*Deng( - p4 + q2 + q3,xiz,M4)^2*p4.p4*xiw*xiz*ufoGC58*ufoGC107*ufoGC69
      *ufoGC85
       - 1/4*g_(1,6_,nu10)*FT2(g6)*Vec(nu10,q2)*Vec(nu13,q3)*Vec(nu14,-p4)*
      Vec(nu14,q2)*Vec(nu16,q2)*Deng(p4,xiw,M3)^2*Deng(q2 + q3,xiw,0)*Deng(q2
       + q3,xiw,M3)^2*Deng( - p4 + q2 + q3,xiz,M4)^2*p4.p4*xiw*xiz*ufoGC58*
      ufoGC107*ufoGC69*ufoGC85
       - 1/4*g_(1,6_,nu10)*FT2(g6)*Vec(nu10,q2)*Vec(nu13,q3)*Vec(nu14,-p4)*
      Vec(nu14,q2)*Vec(nu16,q3)*Deng(p4,xiw,M3)^2*Deng(q2 + q3,xiw,0)*Deng(q2
       + q3,xiw,M3)^2*Deng( - p4 + q2 + q3,xiz,M4)^2*p4.p4*xiw*xiz*ufoGC58*
      ufoGC107*ufoGC69*ufoGC85
       + 1/4*g_(1,6_,nu10)*FT2(g6)*Vec(nu10,q2)*Vec(nu13,q3)*Vec(nu14,-p4)*
      Vec(nu14,q2)*Vec(nu16,-q2)*Deng(p4,xiw,M3)^2*Deng(q2 + q3,xiw,0)*Deng(q2
       + q3,xiw,M3)^2*Deng( - p4 + q2 + q3,xiz,M4)^2*p4.p4*xiw*xiz*ufoGC58*
      ufoGC107*ufoGC69*ufoGC85
       + 1/4*g_(1,6_,nu10)*FT2(g6)*Vec(nu10,q2)*Vec(nu13,q3)*Vec(nu14,-p4)*
      Vec(nu14,q2)*Vec(nu16,-q3)*Deng(p4,xiw,M3)^2*Deng(q2 + q3,xiw,0)*Deng(q2
       + q3,xiw,M3)^2*Deng( - p4 + q2 + q3,xiz,M4)^2*p4.p4*xiw*xiz*ufoGC58*
      ufoGC107*ufoGC69*ufoGC85
       - 1/4*g_(1,6_,nu10)*FT2(g6)*Vec(nu10,q2)*Vec(nu13,q3)*Vec(nu14,-p4)*
      Vec(nu14,q2)*Vecr(nu13,p4)*Deng(p4,xiw,M3)*Deng(q2 + q3,xiw,0)*Deng(q2
       + q3,xiw,M3)^2*Deng( - p4 + q2 + q3,xiz,M4)^2*xiw*xiz*ufoGC58*ufoGC107*
      ufoGC69*ufoGC85
       + 1/4*g_(1,6_,nu10)*FT2(g6)*Vec(nu10,q2)*Vec(nu13,q3)*Vec(nu14,-p4)*
      Vec(nu14,q2)*Vecr(nu16,p4)*Deng(p4,xiw,M3)^2*Deng(q2 + q3,xiw,0)*Deng(q2
       + q3,xiw,M3)^2*Deng( - p4 + q2 + q3,xiz,M4)^2*p4.p4*xiw*xiz*ufoGC58*
      ufoGC107*ufoGC69*ufoGC85
       - 1/4*g_(1,6_,nu10)*FT2(g6)*Vec(nu10,q2)*Vec(nu13,q3)*Vec(nu14,-p4)*
      Vec(nu14,q3)*Vec(nu16,q2)*Deng(p4,xiw,M3)^2*Deng(q2 + q3,xiw,0)*Deng(q2
       + q3,xiw,M3)^2*Deng( - p4 + q2 + q3,xiz,M4)^2*p4.p4*xiw*xiz*ufoGC58*
      ufoGC107*ufoGC69*ufoGC85
       - 1/4*g_(1,6_,nu10)*FT2(g6)*Vec(nu10,q2)*Vec(nu13,q3)*Vec(nu14,-p4)*
      Vec(nu14,q3)*Vec(nu16,q3)*Deng(p4,xiw,M3)^2*Deng(q2 + q3,xiw,0)*Deng(q2
       + q3,xiw,M3)^2*Deng( - p4 + q2 + q3,xiz,M4)^2*p4.p4*xiw*xiz*ufoGC58*
      ufoGC107*ufoGC69*ufoGC85
       + 1/4*g_(1,6_,nu10)*FT2(g6)*Vec(nu10,q2)*Vec(nu13,q3)*Vec(nu14,-p4)*
      Vec(nu14,q3)*Vec(nu16,-q2)*Deng(p4,xiw,M3)^2*Deng(q2 + q3,xiw,0)*Deng(q2
       + q3,xiw,M3)^2*Deng( - p4 + q2 + q3,xiz,M4)^2*p4.p4*xiw*xiz*ufoGC58*
      ufoGC107*ufoGC69*ufoGC85
       + 1/4*g_(1,6_,nu10)*FT2(g6)*Vec(nu10,q2)*Vec(nu13,q3)*Vec(nu14,-p4)*
      Vec(nu14,q3)*Vec(nu16,-q3)*Deng(p4,xiw,M3)^2*Deng(q2 + q3,xiw,0)*Deng(q2
       + q3,xiw,M3)^2*Deng( - p4 + q2 + q3,xiz,M4)^2*p4.p4*xiw*xiz*ufoGC58*
      ufoGC107*ufoGC69*ufoGC85
       - 1/4*g_(1,6_,nu10)*FT2(g6)*Vec(nu10,q2)*Vec(nu13,q3)*Vec(nu14,-p4)*
      Vec(nu14,q3)*Vecr(nu13,p4)*Deng(p4,xiw,M3)*Deng(q2 + q3,xiw,0)*Deng(q2
       + q3,xiw,M3)^2*Deng( - p4 + q2 + q3,xiz,M4)^2*xiw*xiz*ufoGC58*ufoGC107*
      ufoGC69*ufoGC85
       + 1/4*g_(1,6_,nu10)*FT2(g6)*Vec(nu10,q2)*Vec(nu13,q3)*Vec(nu14,-p4)*
      Vec(nu14,q3)*Vecr(nu16,p4)*Deng(p4,xiw,M3)^2*Deng(q2 + q3,xiw,0)*Deng(q2
       + q3,xiw,M3)^2*Deng( - p4 + q2 + q3,xiz,M4)^2*p4.p4*xiw*xiz*ufoGC58*
      ufoGC107*ufoGC69*ufoGC85
       - 1/4*g_(1,6_,nu10)*FT2(g6)*Vec(nu10,q2)*Vec(nu13,q3)*Vec(nu14,-p4)^2*
      Vec(nu16,q2)*Deng(p4,xiw,M3)^2*Deng(q2 + q3,xiw,0)*Deng(q2 + q3,xiw,M3)^
      2*Deng( - p4 + q2 + q3,xiz,M4)^2*p4.p4*xiw*xiz*ufoGC58*ufoGC107*ufoGC69*
      ufoGC85
       - 1/4*g_(1,6_,nu10)*FT2(g6)*Vec(nu10,q2)*Vec(nu13,q3)*Vec(nu14,-p4)^2*
      Vec(nu16,q3)*Deng(p4,xiw,M3)^2*Deng(q2 + q3,xiw,0)*Deng(q2 + q3,xiw,M3)^
      2*Deng( - p4 + q2 + q3,xiz,M4)^2*p4.p4*xiw*xiz*ufoGC58*ufoGC107*ufoGC69*
      ufoGC85
       + 1/4*g_(1,6_,nu10)*FT2(g6)*Vec(nu10,q2)*Vec(nu13,-p4)*Vec(nu13,q2)*
      Vec(nu14,-p4)*Vec(nu14,q2)*Deng(p4,xiw,M3)*Deng(q2 + q3,xiw,0)*Deng(q2
       + q3,xiw,M3)^2*Deng( - p4 + q2 + q3,xiz,M4)^2*xiw*xiz*ufoGC58*ufoGC107*
      ufoGC69*ufoGC85
       + 1/4*g_(1,6_,nu10)*FT2(g6)*Vec(nu10,q2)*Vec(nu13,-p4)*Vec(nu13,q2)*
      Vec(nu14,-p4)*Vec(nu14,q3)*Deng(p4,xiw,M3)*Deng(q2 + q3,xiw,0)*Deng(q2
       + q3,xiw,M3)^2*Deng( - p4 + q2 + q3,xiz,M4)^2*xiw*xiz*ufoGC58*ufoGC107*
      ufoGC69*ufoGC85
       + 1/4*g_(1,6_,nu10)*FT2(g6)*Vec(nu10,q2)*Vec(nu13,-p4)*Vec(nu13,q2)*
      Vec(nu14,-p4)^2*Deng(p4,xiw,M3)*Deng(q2 + q3,xiw,0)*Deng(q2 + q3,xiw,M3)
      ^2*Deng( - p4 + q2 + q3,xiz,M4)^2*xiw*xiz*ufoGC58*ufoGC107*ufoGC69*
      ufoGC85
       + 1/4*g_(1,6_,nu10)*FT2(g6)*Vec(nu10,q2)*Vec(nu13,-p4)*Vec(nu13,q3)*
      Vec(nu14,-p4)*Vec(nu14,q2)*Deng(p4,xiw,M3)*Deng(q2 + q3,xiw,0)*Deng(q2
       + q3,xiw,M3)^2*Deng( - p4 + q2 + q3,xiz,M4)^2*xiw*xiz*ufoGC58*ufoGC107*
      ufoGC69*ufoGC85
       + 1/4*g_(1,6_,nu10)*FT2(g6)*Vec(nu10,q2)*Vec(nu13,-p4)*Vec(nu13,q3)*
      Vec(nu14,-p4)*Vec(nu14,q3)*Deng(p4,xiw,M3)*Deng(q2 + q3,xiw,0)*Deng(q2
       + q3,xiw,M3)^2*Deng( - p4 + q2 + q3,xiz,M4)^2*xiw*xiz*ufoGC58*ufoGC107*
      ufoGC69*ufoGC85
       + 1/4*g_(1,6_,nu10)*FT2(g6)*Vec(nu10,q2)*Vec(nu13,-p4)*Vec(nu13,q3)*
      Vec(nu14,-p4)^2*Deng(p4,xiw,M3)*Deng(q2 + q3,xiw,0)*Deng(q2 + q3,xiw,M3)
      ^2*Deng( - p4 + q2 + q3,xiz,M4)^2*xiw*xiz*ufoGC58*ufoGC107*ufoGC69*
      ufoGC85
       - 1/4*g_(1,6_,nu10)*FT2(g6)*Vec(nu10,q2)*Vec(nu13,-p4)*Vec(nu13,-q2)*
      Vec(nu14,q2)^2*Deng(p4,xiw,M3)*Deng(q2 + q3,xiw,0)*Deng(q2 + q3,xiw,M3)^
      2*Deng( - p4 + q2 + q3,xiz,M4)^2*xiw*xiz*ufoGC58*ufoGC107*ufoGC69*
      ufoGC85
       - 1/2*g_(1,6_,nu10)*FT2(g6)*Vec(nu10,q2)*Vec(nu13,-p4)*Vec(nu13,-q2)*
      Vec(nu14,q2)*Vec(nu14,q3)*Deng(p4,xiw,M3)*Deng(q2 + q3,xiw,0)*Deng(q2 + 
      q3,xiw,M3)^2*Deng( - p4 + q2 + q3,xiz,M4)^2*xiw*xiz*ufoGC58*ufoGC107*
      ufoGC69*ufoGC85
       - 1/4*g_(1,6_,nu10)*FT2(g6)*Vec(nu10,q2)*Vec(nu13,-p4)*Vec(nu13,-q2)*
      Vec(nu14,q3)^2*Deng(p4,xiw,M3)*Deng(q2 + q3,xiw,0)*Deng(q2 + q3,xiw,M3)^
      2*Deng( - p4 + q2 + q3,xiz,M4)^2*xiw*xiz*ufoGC58*ufoGC107*ufoGC69*
      ufoGC85
       - 1/4*g_(1,6_,nu10)*FT2(g6)*Vec(nu10,q2)*Vec(nu13,-p4)*Vec(nu13,-q2)*
      Vec(nu14,-p4)*Vec(nu14,q2)*Deng(p4,xiw,M3)*Deng(q2 + q3,xiw,0)*Deng(q2
       + q3,xiw,M3)^2*Deng( - p4 + q2 + q3,xiz,M4)^2*xiw*xiz*ufoGC58*ufoGC107*
      ufoGC69*ufoGC85
       - 1/4*g_(1,6_,nu10)*FT2(g6)*Vec(nu10,q2)*Vec(nu13,-p4)*Vec(nu13,-q2)*
      Vec(nu14,-p4)*Vec(nu14,q3)*Deng(p4,xiw,M3)*Deng(q2 + q3,xiw,0)*Deng(q2
       + q3,xiw,M3)^2*Deng( - p4 + q2 + q3,xiz,M4)^2*xiw*xiz*ufoGC58*ufoGC107*
      ufoGC69*ufoGC85
       - 1/4*g_(1,6_,nu10)*FT2(g6)*Vec(nu10,q2)*Vec(nu13,-p4)*Vec(nu13,-q3)*
      Vec(nu14,q2)^2*Deng(p4,xiw,M3)*Deng(q2 + q3,xiw,0)*Deng(q2 + q3,xiw,M3)^
      2*Deng( - p4 + q2 + q3,xiz,M4)^2*xiw*xiz*ufoGC58*ufoGC107*ufoGC69*
      ufoGC85
       - 1/2*g_(1,6_,nu10)*FT2(g6)*Vec(nu10,q2)*Vec(nu13,-p4)*Vec(nu13,-q3)*
      Vec(nu14,q2)*Vec(nu14,q3)*Deng(p4,xiw,M3)*Deng(q2 + q3,xiw,0)*Deng(q2 + 
      q3,xiw,M3)^2*Deng( - p4 + q2 + q3,xiz,M4)^2*xiw*xiz*ufoGC58*ufoGC107*
      ufoGC69*ufoGC85
       - 1/4*g_(1,6_,nu10)*FT2(g6)*Vec(nu10,q2)*Vec(nu13,-p4)*Vec(nu13,-q3)*
      Vec(nu14,q3)^2*Deng(p4,xiw,M3)*Deng(q2 + q3,xiw,0)*Deng(q2 + q3,xiw,M3)^
      2*Deng( - p4 + q2 + q3,xiz,M4)^2*xiw*xiz*ufoGC58*ufoGC107*ufoGC69*
      ufoGC85
       - 1/4*g_(1,6_,nu10)*FT2(g6)*Vec(nu10,q2)*Vec(nu13,-p4)*Vec(nu13,-q3)*
      Vec(nu14,-p4)*Vec(nu14,q2)*Deng(p4,xiw,M3)*Deng(q2 + q3,xiw,0)*Deng(q2
       + q3,xiw,M3)^2*Deng( - p4 + q2 + q3,xiz,M4)^2*xiw*xiz*ufoGC58*ufoGC107*
      ufoGC69*ufoGC85
       - 1/4*g_(1,6_,nu10)*FT2(g6)*Vec(nu10,q2)*Vec(nu13,-p4)*Vec(nu13,-q3)*
      Vec(nu14,-p4)*Vec(nu14,q3)*Deng(p4,xiw,M3)*Deng(q2 + q3,xiw,0)*Deng(q2
       + q3,xiw,M3)^2*Deng( - p4 + q2 + q3,xiz,M4)^2*xiw*xiz*ufoGC58*ufoGC107*
      ufoGC69*ufoGC85
       + 1/4*g_(1,6_,nu10)*FT2(g6)*Vec(nu10,q2)*Vec(nu13,-p4)*Vec(nu14,q2)^2*
      Vec(nu16,-q2)*Deng(p4,xiw,M3)^2*Deng(q2 + q3,xiw,0)*Deng(q2 + q3,xiw,M3)
      ^2*Deng( - p4 + q2 + q3,xiz,M4)^2*p4.p4*xiw*xiz*ufoGC58*ufoGC107*ufoGC69
      *ufoGC85
       + 1/4*g_(1,6_,nu10)*FT2(g6)*Vec(nu10,q2)*Vec(nu13,-p4)*Vec(nu14,q2)^2*
      Vec(nu16,-q3)*Deng(p4,xiw,M3)^2*Deng(q2 + q3,xiw,0)*Deng(q2 + q3,xiw,M3)
      ^2*Deng( - p4 + q2 + q3,xiz,M4)^2*p4.p4*xiw*xiz*ufoGC58*ufoGC107*ufoGC69
      *ufoGC85
       - 1/4*g_(1,6_,nu10)*FT2(g6)*Vec(nu10,q2)*Vec(nu13,-p4)*Vec(nu14,q2)^2*
      Vecr(nu13,p4)*Deng(p4,xiw,M3)*Deng(q2 + q3,xiw,0)*Deng(q2 + q3,xiw,M3)^2
      *Deng( - p4 + q2 + q3,xiz,M4)^2*xiw*xiz*ufoGC58*ufoGC107*ufoGC69*ufoGC85
       + 1/4*g_(1,6_,nu10)*FT2(g6)*Vec(nu10,q2)*Vec(nu13,-p4)*Vec(nu14,q2)^2*
      Vecr(nu16,p4)*Deng(p4,xiw,M3)^2*Deng(q2 + q3,xiw,0)*Deng(q2 + q3,xiw,M3)
      ^2*Deng( - p4 + q2 + q3,xiz,M4)^2*p4.p4*xiw*xiz*ufoGC58*ufoGC107*ufoGC69
      *ufoGC85
       + 1/2*g_(1,6_,nu10)*FT2(g6)*Vec(nu10,q2)*Vec(nu13,-p4)*Vec(nu14,q2)*
      Vec(nu14,q3)*Vec(nu16,-q2)*Deng(p4,xiw,M3)^2*Deng(q2 + q3,xiw,0)*Deng(q2
       + q3,xiw,M3)^2*Deng( - p4 + q2 + q3,xiz,M4)^2*p4.p4*xiw*xiz*ufoGC58*
      ufoGC107*ufoGC69*ufoGC85
       + 1/2*g_(1,6_,nu10)*FT2(g6)*Vec(nu10,q2)*Vec(nu13,-p4)*Vec(nu14,q2)*
      Vec(nu14,q3)*Vec(nu16,-q3)*Deng(p4,xiw,M3)^2*Deng(q2 + q3,xiw,0)*Deng(q2
       + q3,xiw,M3)^2*Deng( - p4 + q2 + q3,xiz,M4)^2*p4.p4*xiw*xiz*ufoGC58*
      ufoGC107*ufoGC69*ufoGC85
       - 1/2*g_(1,6_,nu10)*FT2(g6)*Vec(nu10,q2)*Vec(nu13,-p4)*Vec(nu14,q2)*
      Vec(nu14,q3)*Vecr(nu13,p4)*Deng(p4,xiw,M3)*Deng(q2 + q3,xiw,0)*Deng(q2
       + q3,xiw,M3)^2*Deng( - p4 + q2 + q3,xiz,M4)^2*xiw*xiz*ufoGC58*ufoGC107*
      ufoGC69*ufoGC85
       + 1/2*g_(1,6_,nu10)*FT2(g6)*Vec(nu10,q2)*Vec(nu13,-p4)*Vec(nu14,q2)*
      Vec(nu14,q3)*Vecr(nu16,p4)*Deng(p4,xiw,M3)^2*Deng(q2 + q3,xiw,0)*Deng(q2
       + q3,xiw,M3)^2*Deng( - p4 + q2 + q3,xiz,M4)^2*p4.p4*xiw*xiz*ufoGC58*
      ufoGC107*ufoGC69*ufoGC85
       + 1/4*g_(1,6_,nu10)*FT2(g6)*Vec(nu10,q2)*Vec(nu13,-p4)*Vec(nu14,q3)^2*
      Vec(nu16,-q2)*Deng(p4,xiw,M3)^2*Deng(q2 + q3,xiw,0)*Deng(q2 + q3,xiw,M3)
      ^2*Deng( - p4 + q2 + q3,xiz,M4)^2*p4.p4*xiw*xiz*ufoGC58*ufoGC107*ufoGC69
      *ufoGC85
       + 1/4*g_(1,6_,nu10)*FT2(g6)*Vec(nu10,q2)*Vec(nu13,-p4)*Vec(nu14,q3)^2*
      Vec(nu16,-q3)*Deng(p4,xiw,M3)^2*Deng(q2 + q3,xiw,0)*Deng(q2 + q3,xiw,M3)
      ^2*Deng( - p4 + q2 + q3,xiz,M4)^2*p4.p4*xiw*xiz*ufoGC58*ufoGC107*ufoGC69
      *ufoGC85
       - 1/4*g_(1,6_,nu10)*FT2(g6)*Vec(nu10,q2)*Vec(nu13,-p4)*Vec(nu14,q3)^2*
      Vecr(nu13,p4)*Deng(p4,xiw,M3)*Deng(q2 + q3,xiw,0)*Deng(q2 + q3,xiw,M3)^2
      *Deng( - p4 + q2 + q3,xiz,M4)^2*xiw*xiz*ufoGC58*ufoGC107*ufoGC69*ufoGC85
       + 1/4*g_(1,6_,nu10)*FT2(g6)*Vec(nu10,q2)*Vec(nu13,-p4)*Vec(nu14,q3)^2*
      Vecr(nu16,p4)*Deng(p4,xiw,M3)^2*Deng(q2 + q3,xiw,0)*Deng(q2 + q3,xiw,M3)
      ^2*Deng( - p4 + q2 + q3,xiz,M4)^2*p4.p4*xiw*xiz*ufoGC58*ufoGC107*ufoGC69
      *ufoGC85
       - 1/4*g_(1,6_,nu10)*FT2(g6)*Vec(nu10,q2)*Vec(nu13,-p4)*Vec(nu14,-p4)*
      Vec(nu14,q2)*Vec(nu16,q2)*Deng(p4,xiw,M3)^2*Deng(q2 + q3,xiw,0)*Deng(q2
       + q3,xiw,M3)^2*Deng( - p4 + q2 + q3,xiz,M4)^2*p4.p4*xiw*xiz*ufoGC58*
      ufoGC107*ufoGC69*ufoGC85
       - 1/4*g_(1,6_,nu10)*FT2(g6)*Vec(nu10,q2)*Vec(nu13,-p4)*Vec(nu14,-p4)*
      Vec(nu14,q2)*Vec(nu16,q3)*Deng(p4,xiw,M3)^2*Deng(q2 + q3,xiw,0)*Deng(q2
       + q3,xiw,M3)^2*Deng( - p4 + q2 + q3,xiz,M4)^2*p4.p4*xiw*xiz*ufoGC58*
      ufoGC107*ufoGC69*ufoGC85
       + 1/4*g_(1,6_,nu10)*FT2(g6)*Vec(nu10,q2)*Vec(nu13,-p4)*Vec(nu14,-p4)*
      Vec(nu14,q2)*Vec(nu16,-q2)*Deng(p4,xiw,M3)^2*Deng(q2 + q3,xiw,0)*Deng(q2
       + q3,xiw,M3)^2*Deng( - p4 + q2 + q3,xiz,M4)^2*p4.p4*xiw*xiz*ufoGC58*
      ufoGC107*ufoGC69*ufoGC85
       + 1/4*g_(1,6_,nu10)*FT2(g6)*Vec(nu10,q2)*Vec(nu13,-p4)*Vec(nu14,-p4)*
      Vec(nu14,q2)*Vec(nu16,-q3)*Deng(p4,xiw,M3)^2*Deng(q2 + q3,xiw,0)*Deng(q2
       + q3,xiw,M3)^2*Deng( - p4 + q2 + q3,xiz,M4)^2*p4.p4*xiw*xiz*ufoGC58*
      ufoGC107*ufoGC69*ufoGC85
       - 1/4*g_(1,6_,nu10)*FT2(g6)*Vec(nu10,q2)*Vec(nu13,-p4)*Vec(nu14,-p4)*
      Vec(nu14,q2)*Vecr(nu13,p4)*Deng(p4,xiw,M3)*Deng(q2 + q3,xiw,0)*Deng(q2
       + q3,xiw,M3)^2*Deng( - p4 + q2 + q3,xiz,M4)^2*xiw*xiz*ufoGC58*ufoGC107*
      ufoGC69*ufoGC85
       + 1/4*g_(1,6_,nu10)*FT2(g6)*Vec(nu10,q2)*Vec(nu13,-p4)*Vec(nu14,-p4)*
      Vec(nu14,q2)*Vecr(nu16,p4)*Deng(p4,xiw,M3)^2*Deng(q2 + q3,xiw,0)*Deng(q2
       + q3,xiw,M3)^2*Deng( - p4 + q2 + q3,xiz,M4)^2*p4.p4*xiw*xiz*ufoGC58*
      ufoGC107*ufoGC69*ufoGC85
       - 1/4*g_(1,6_,nu10)*FT2(g6)*Vec(nu10,q2)*Vec(nu13,-p4)*Vec(nu14,-p4)*
      Vec(nu14,q3)*Vec(nu16,q2)*Deng(p4,xiw,M3)^2*Deng(q2 + q3,xiw,0)*Deng(q2
       + q3,xiw,M3)^2*Deng( - p4 + q2 + q3,xiz,M4)^2*p4.p4*xiw*xiz*ufoGC58*
      ufoGC107*ufoGC69*ufoGC85
       - 1/4*g_(1,6_,nu10)*FT2(g6)*Vec(nu10,q2)*Vec(nu13,-p4)*Vec(nu14,-p4)*
      Vec(nu14,q3)*Vec(nu16,q3)*Deng(p4,xiw,M3)^2*Deng(q2 + q3,xiw,0)*Deng(q2
       + q3,xiw,M3)^2*Deng( - p4 + q2 + q3,xiz,M4)^2*p4.p4*xiw*xiz*ufoGC58*
      ufoGC107*ufoGC69*ufoGC85
       + 1/4*g_(1,6_,nu10)*FT2(g6)*Vec(nu10,q2)*Vec(nu13,-p4)*Vec(nu14,-p4)*
      Vec(nu14,q3)*Vec(nu16,-q2)*Deng(p4,xiw,M3)^2*Deng(q2 + q3,xiw,0)*Deng(q2
       + q3,xiw,M3)^2*Deng( - p4 + q2 + q3,xiz,M4)^2*p4.p4*xiw*xiz*ufoGC58*
      ufoGC107*ufoGC69*ufoGC85
       + 1/4*g_(1,6_,nu10)*FT2(g6)*Vec(nu10,q2)*Vec(nu13,-p4)*Vec(nu14,-p4)*
      Vec(nu14,q3)*Vec(nu16,-q3)*Deng(p4,xiw,M3)^2*Deng(q2 + q3,xiw,0)*Deng(q2
       + q3,xiw,M3)^2*Deng( - p4 + q2 + q3,xiz,M4)^2*p4.p4*xiw*xiz*ufoGC58*
      ufoGC107*ufoGC69*ufoGC85
       - 1/4*g_(1,6_,nu10)*FT2(g6)*Vec(nu10,q2)*Vec(nu13,-p4)*Vec(nu14,-p4)*
      Vec(nu14,q3)*Vecr(nu13,p4)*Deng(p4,xiw,M3)*Deng(q2 + q3,xiw,0)*Deng(q2
       + q3,xiw,M3)^2*Deng( - p4 + q2 + q3,xiz,M4)^2*xiw*xiz*ufoGC58*ufoGC107*
      ufoGC69*ufoGC85
       + 1/4*g_(1,6_,nu10)*FT2(g6)*Vec(nu10,q2)*Vec(nu13,-p4)*Vec(nu14,-p4)*
      Vec(nu14,q3)*Vecr(nu16,p4)*Deng(p4,xiw,M3)^2*Deng(q2 + q3,xiw,0)*Deng(q2
       + q3,xiw,M3)^2*Deng( - p4 + q2 + q3,xiz,M4)^2*p4.p4*xiw*xiz*ufoGC58*
      ufoGC107*ufoGC69*ufoGC85
       - 1/4*g_(1,6_,nu10)*FT2(g6)*Vec(nu10,q2)*Vec(nu13,-p4)*Vec(nu14,-p4)^2*
      Vec(nu16,q2)*Deng(p4,xiw,M3)^2*Deng(q2 + q3,xiw,0)*Deng(q2 + q3,xiw,M3)^
      2*Deng( - p4 + q2 + q3,xiz,M4)^2*p4.p4*xiw*xiz*ufoGC58*ufoGC107*ufoGC69*
      ufoGC85
       - 1/4*g_(1,6_,nu10)*FT2(g6)*Vec(nu10,q2)*Vec(nu13,-p4)*Vec(nu14,-p4)^2*
      Vec(nu16,q3)*Deng(p4,xiw,M3)^2*Deng(q2 + q3,xiw,0)*Deng(q2 + q3,xiw,M3)^
      2*Deng( - p4 + q2 + q3,xiz,M4)^2*p4.p4*xiw*xiz*ufoGC58*ufoGC107*ufoGC69*
      ufoGC85
       - 1/4*g_(1,6_,nu10)*FT2(g6)*Vec(nu10,q2)*Vec(nu13,-q2)*Vec(nu13,q2)*
      Vec(nu14,q2)^2*Deng(p4,xiw,M3)*Deng(q2 + q3,xiw,0)*Deng(q2 + q3,xiw,M3)^
      2*Deng( - p4 + q2 + q3,xiz,M4)^2*xiw*xiz*ufoGC58*ufoGC107*ufoGC69*
      ufoGC85
       - 1/2*g_(1,6_,nu10)*FT2(g6)*Vec(nu10,q2)*Vec(nu13,-q2)*Vec(nu13,q2)*
      Vec(nu14,q2)*Vec(nu14,q3)*Deng(p4,xiw,M3)*Deng(q2 + q3,xiw,0)*Deng(q2 + 
      q3,xiw,M3)^2*Deng( - p4 + q2 + q3,xiz,M4)^2*xiw*xiz*ufoGC58*ufoGC107*
      ufoGC69*ufoGC85
       - 1/4*g_(1,6_,nu10)*FT2(g6)*Vec(nu10,q2)*Vec(nu13,-q2)*Vec(nu13,q2)*
      Vec(nu14,q3)^2*Deng(p4,xiw,M3)*Deng(q2 + q3,xiw,0)*Deng(q2 + q3,xiw,M3)^
      2*Deng( - p4 + q2 + q3,xiz,M4)^2*xiw*xiz*ufoGC58*ufoGC107*ufoGC69*
      ufoGC85
       - 1/4*g_(1,6_,nu10)*FT2(g6)*Vec(nu10,q2)*Vec(nu13,-q2)*Vec(nu13,q2)*
      Vec(nu14,-p4)*Vec(nu14,q2)*Deng(p4,xiw,M3)*Deng(q2 + q3,xiw,0)*Deng(q2
       + q3,xiw,M3)^2*Deng( - p4 + q2 + q3,xiz,M4)^2*xiw*xiz*ufoGC58*ufoGC107*
      ufoGC69*ufoGC85
       - 1/4*g_(1,6_,nu10)*FT2(g6)*Vec(nu10,q2)*Vec(nu13,-q2)*Vec(nu13,q2)*
      Vec(nu14,-p4)*Vec(nu14,q3)*Deng(p4,xiw,M3)*Deng(q2 + q3,xiw,0)*Deng(q2
       + q3,xiw,M3)^2*Deng( - p4 + q2 + q3,xiz,M4)^2*xiw*xiz*ufoGC58*ufoGC107*
      ufoGC69*ufoGC85
       - 1/4*g_(1,6_,nu10)*FT2(g6)*Vec(nu10,q2)*Vec(nu13,-q2)*Vec(nu13,q3)*
      Vec(nu14,q2)^2*Deng(p4,xiw,M3)*Deng(q2 + q3,xiw,0)*Deng(q2 + q3,xiw,M3)^
      2*Deng( - p4 + q2 + q3,xiz,M4)^2*xiw*xiz*ufoGC58*ufoGC107*ufoGC69*
      ufoGC85
       - 1/2*g_(1,6_,nu10)*FT2(g6)*Vec(nu10,q2)*Vec(nu13,-q2)*Vec(nu13,q3)*
      Vec(nu14,q2)*Vec(nu14,q3)*Deng(p4,xiw,M3)*Deng(q2 + q3,xiw,0)*Deng(q2 + 
      q3,xiw,M3)^2*Deng( - p4 + q2 + q3,xiz,M4)^2*xiw*xiz*ufoGC58*ufoGC107*
      ufoGC69*ufoGC85
       - 1/4*g_(1,6_,nu10)*FT2(g6)*Vec(nu10,q2)*Vec(nu13,-q2)*Vec(nu13,q3)*
      Vec(nu14,q3)^2*Deng(p4,xiw,M3)*Deng(q2 + q3,xiw,0)*Deng(q2 + q3,xiw,M3)^
      2*Deng( - p4 + q2 + q3,xiz,M4)^2*xiw*xiz*ufoGC58*ufoGC107*ufoGC69*
      ufoGC85
       - 1/4*g_(1,6_,nu10)*FT2(g6)*Vec(nu10,q2)*Vec(nu13,-q2)*Vec(nu13,q3)*
      Vec(nu14,-p4)*Vec(nu14,q2)*Deng(p4,xiw,M3)*Deng(q2 + q3,xiw,0)*Deng(q2
       + q3,xiw,M3)^2*Deng( - p4 + q2 + q3,xiz,M4)^2*xiw*xiz*ufoGC58*ufoGC107*
      ufoGC69*ufoGC85
       - 1/4*g_(1,6_,nu10)*FT2(g6)*Vec(nu10,q2)*Vec(nu13,-q2)*Vec(nu13,q3)*
      Vec(nu14,-p4)*Vec(nu14,q3)*Deng(p4,xiw,M3)*Deng(q2 + q3,xiw,0)*Deng(q2
       + q3,xiw,M3)^2*Deng( - p4 + q2 + q3,xiz,M4)^2*xiw*xiz*ufoGC58*ufoGC107*
      ufoGC69*ufoGC85
       - 1/4*g_(1,6_,nu10)*FT2(g6)*Vec(nu10,q2)*Vec(nu13,-q3)*Vec(nu13,q2)*
      Vec(nu14,q2)^2*Deng(p4,xiw,M3)*Deng(q2 + q3,xiw,0)*Deng(q2 + q3,xiw,M3)^
      2*Deng( - p4 + q2 + q3,xiz,M4)^2*xiw*xiz*ufoGC58*ufoGC107*ufoGC69*
      ufoGC85
       - 1/2*g_(1,6_,nu10)*FT2(g6)*Vec(nu10,q2)*Vec(nu13,-q3)*Vec(nu13,q2)*
      Vec(nu14,q2)*Vec(nu14,q3)*Deng(p4,xiw,M3)*Deng(q2 + q3,xiw,0)*Deng(q2 + 
      q3,xiw,M3)^2*Deng( - p4 + q2 + q3,xiz,M4)^2*xiw*xiz*ufoGC58*ufoGC107*
      ufoGC69*ufoGC85
       - 1/4*g_(1,6_,nu10)*FT2(g6)*Vec(nu10,q2)*Vec(nu13,-q3)*Vec(nu13,q2)*
      Vec(nu14,q3)^2*Deng(p4,xiw,M3)*Deng(q2 + q3,xiw,0)*Deng(q2 + q3,xiw,M3)^
      2*Deng( - p4 + q2 + q3,xiz,M4)^2*xiw*xiz*ufoGC58*ufoGC107*ufoGC69*
      ufoGC85
       - 1/4*g_(1,6_,nu10)*FT2(g6)*Vec(nu10,q2)*Vec(nu13,-q3)*Vec(nu13,q2)*
      Vec(nu14,-p4)*Vec(nu14,q2)*Deng(p4,xiw,M3)*Deng(q2 + q3,xiw,0)*Deng(q2
       + q3,xiw,M3)^2*Deng( - p4 + q2 + q3,xiz,M4)^2*xiw*xiz*ufoGC58*ufoGC107*
      ufoGC69*ufoGC85
       - 1/4*g_(1,6_,nu10)*FT2(g6)*Vec(nu10,q2)*Vec(nu13,-q3)*Vec(nu13,q2)*
      Vec(nu14,-p4)*Vec(nu14,q3)*Deng(p4,xiw,M3)*Deng(q2 + q3,xiw,0)*Deng(q2
       + q3,xiw,M3)^2*Deng( - p4 + q2 + q3,xiz,M4)^2*xiw*xiz*ufoGC58*ufoGC107*
      ufoGC69*ufoGC85
       - 1/4*g_(1,6_,nu10)*FT2(g6)*Vec(nu10,q2)*Vec(nu13,-q3)*Vec(nu13,q3)*
      Vec(nu14,q2)^2*Deng(p4,xiw,M3)*Deng(q2 + q3,xiw,0)*Deng(q2 + q3,xiw,M3)^
      2*Deng( - p4 + q2 + q3,xiz,M4)^2*xiw*xiz*ufoGC58*ufoGC107*ufoGC69*
      ufoGC85
       - 1/2*g_(1,6_,nu10)*FT2(g6)*Vec(nu10,q2)*Vec(nu13,-q3)*Vec(nu13,q3)*
      Vec(nu14,q2)*Vec(nu14,q3)*Deng(p4,xiw,M3)*Deng(q2 + q3,xiw,0)*Deng(q2 + 
      q3,xiw,M3)^2*Deng( - p4 + q2 + q3,xiz,M4)^2*xiw*xiz*ufoGC58*ufoGC107*
      ufoGC69*ufoGC85
       - 1/4*g_(1,6_,nu10)*FT2(g6)*Vec(nu10,q2)*Vec(nu13,-q3)*Vec(nu13,q3)*
      Vec(nu14,q3)^2*Deng(p4,xiw,M3)*Deng(q2 + q3,xiw,0)*Deng(q2 + q3,xiw,M3)^
      2*Deng( - p4 + q2 + q3,xiz,M4)^2*xiw*xiz*ufoGC58*ufoGC107*ufoGC69*
      ufoGC85
       - 1/4*g_(1,6_,nu10)*FT2(g6)*Vec(nu10,q2)*Vec(nu13,-q3)*Vec(nu13,q3)*
      Vec(nu14,-p4)*Vec(nu14,q2)*Deng(p4,xiw,M3)*Deng(q2 + q3,xiw,0)*Deng(q2
       + q3,xiw,M3)^2*Deng( - p4 + q2 + q3,xiz,M4)^2*xiw*xiz*ufoGC58*ufoGC107*
      ufoGC69*ufoGC85
       - 1/4*g_(1,6_,nu10)*FT2(g6)*Vec(nu10,q2)*Vec(nu13,-q3)*Vec(nu13,q3)*
      Vec(nu14,-p4)*Vec(nu14,q3)*Deng(p4,xiw,M3)*Deng(q2 + q3,xiw,0)*Deng(q2
       + q3,xiw,M3)^2*Deng( - p4 + q2 + q3,xiz,M4)^2*xiw*xiz*ufoGC58*ufoGC107*
      ufoGC69*ufoGC85
       + 1/4*g_(1,6_,nu10)*FT2(g6)*Vec(nu10,q3)*Vec(nu9,q2)*Vec(nu13,q2)^2*
      Vecr(nu9,p4)*Deng(p4,xiw,M3)*Deng(q2 + q3,xiw,0)*Deng(q2 + q3,xiw,M3)^2*
      Deng( - p4 + q2 + q3,xiz,M4)^2*xiw*xiz*ufoGC58*ufoGC107*ufoGC69*ufoGC85
       + 1/2*g_(1,6_,nu10)*FT2(g6)*Vec(nu10,q3)*Vec(nu9,q2)*Vec(nu13,q2)*Vec(
      nu13,q3)*Vecr(nu9,p4)*Deng(p4,xiw,M3)*Deng(q2 + q3,xiw,0)*Deng(q2 + q3,
      xiw,M3)^2*Deng( - p4 + q2 + q3,xiz,M4)^2*xiw*xiz*ufoGC58*ufoGC107*
      ufoGC69*ufoGC85
       - 1/4*g_(1,6_,nu10)*FT2(g6)*Vec(nu10,q3)*Vec(nu9,q2)*Vec(nu13,q2)*Vec(
      nu14,q2)*Vecr(nu14,p4)*Deng(p4,xiw,M3)^2*Deng(q2 + q3,xiw,0)*Deng(q2 + 
      q3,xiw,M3)^2*Deng( - p4 + q2 + q3,xiz,M4)^2*p4.p4*xiw*xiz*ufoGC58*
      ufoGC107*ufoGC69*ufoGC85
       - 1/4*g_(1,6_,nu10)*FT2(g6)*Vec(nu10,q3)*Vec(nu9,q2)*Vec(nu13,q2)*Vec(
      nu14,q3)*Vecr(nu14,p4)*Deng(p4,xiw,M3)^2*Deng(q2 + q3,xiw,0)*Deng(q2 + 
      q3,xiw,M3)^2*Deng( - p4 + q2 + q3,xiz,M4)^2*p4.p4*xiw*xiz*ufoGC58*
      ufoGC107*ufoGC69*ufoGC85
       - 1/4*g_(1,6_,nu10)*FT2(g6)*Vec(nu10,q3)*Vec(nu9,q2)*Vec(nu13,q2)*Vec(
      nu14,-p4)*Vecr(nu14,p4)*Deng(p4,xiw,M3)^2*Deng(q2 + q3,xiw,0)*Deng(q2 + 
      q3,xiw,M3)^2*Deng( - p4 + q2 + q3,xiz,M4)^2*p4.p4*xiw*xiz*ufoGC58*
      ufoGC107*ufoGC69*ufoGC85
       + 1/4*g_(1,6_,nu10)*FT2(g6)*Vec(nu10,q3)*Vec(nu9,q2)*Vec(nu13,q3)^2*
      Vecr(nu9,p4)*Deng(p4,xiw,M3)*Deng(q2 + q3,xiw,0)*Deng(q2 + q3,xiw,M3)^2*
      Deng( - p4 + q2 + q3,xiz,M4)^2*xiw*xiz*ufoGC58*ufoGC107*ufoGC69*ufoGC85
       - 1/4*g_(1,6_,nu10)*FT2(g6)*Vec(nu10,q3)*Vec(nu9,q2)*Vec(nu13,q3)*Vec(
      nu14,q2)*Vecr(nu14,p4)*Deng(p4,xiw,M3)^2*Deng(q2 + q3,xiw,0)*Deng(q2 + 
      q3,xiw,M3)^2*Deng( - p4 + q2 + q3,xiz,M4)^2*p4.p4*xiw*xiz*ufoGC58*
      ufoGC107*ufoGC69*ufoGC85
       - 1/4*g_(1,6_,nu10)*FT2(g6)*Vec(nu10,q3)*Vec(nu9,q2)*Vec(nu13,q3)*Vec(
      nu14,q3)*Vecr(nu14,p4)*Deng(p4,xiw,M3)^2*Deng(q2 + q3,xiw,0)*Deng(q2 + 
      q3,xiw,M3)^2*Deng( - p4 + q2 + q3,xiz,M4)^2*p4.p4*xiw*xiz*ufoGC58*
      ufoGC107*ufoGC69*ufoGC85
       - 1/4*g_(1,6_,nu10)*FT2(g6)*Vec(nu10,q3)*Vec(nu9,q2)*Vec(nu13,q3)*Vec(
      nu14,-p4)*Vecr(nu14,p4)*Deng(p4,xiw,M3)^2*Deng(q2 + q3,xiw,0)*Deng(q2 + 
      q3,xiw,M3)^2*Deng( - p4 + q2 + q3,xiz,M4)^2*p4.p4*xiw*xiz*ufoGC58*
      ufoGC107*ufoGC69*ufoGC85
       + 1/2*g_(1,6_,nu10)*FT2(g6)*Vec(nu10,q3)*Vec(nu9,q2)*Vec(nu13,-p4)*Vec(
      nu13,q2)*Vecr(nu9,p4)*Deng(p4,xiw,M3)*Deng(q2 + q3,xiw,0)*Deng(q2 + q3,
      xiw,M3)^2*Deng( - p4 + q2 + q3,xiz,M4)^2*xiw*xiz*ufoGC58*ufoGC107*
      ufoGC69*ufoGC85
       + 1/2*g_(1,6_,nu10)*FT2(g6)*Vec(nu10,q3)*Vec(nu9,q2)*Vec(nu13,-p4)*Vec(
      nu13,q3)*Vecr(nu9,p4)*Deng(p4,xiw,M3)*Deng(q2 + q3,xiw,0)*Deng(q2 + q3,
      xiw,M3)^2*Deng( - p4 + q2 + q3,xiz,M4)^2*xiw*xiz*ufoGC58*ufoGC107*
      ufoGC69*ufoGC85
       + 1/4*g_(1,6_,nu10)*FT2(g6)*Vec(nu10,q3)*Vec(nu9,q2)*Vec(nu13,-p4)^2*
      Vecr(nu9,p4)*Deng(p4,xiw,M3)*Deng(q2 + q3,xiw,0)*Deng(q2 + q3,xiw,M3)^2*
      Deng( - p4 + q2 + q3,xiz,M4)^2*xiw*xiz*ufoGC58*ufoGC107*ufoGC69*ufoGC85
       - 1/4*g_(1,6_,nu10)*FT2(g6)*Vec(nu10,q3)*Vec(nu9,q2)*Vec(nu13,-p4)*Vec(
      nu14,q2)*Vecr(nu14,p4)*Deng(p4,xiw,M3)^2*Deng(q2 + q3,xiw,0)*Deng(q2 + 
      q3,xiw,M3)^2*Deng( - p4 + q2 + q3,xiz,M4)^2*p4.p4*xiw*xiz*ufoGC58*
      ufoGC107*ufoGC69*ufoGC85
       - 1/4*g_(1,6_,nu10)*FT2(g6)*Vec(nu10,q3)*Vec(nu9,q2)*Vec(nu13,-p4)*Vec(
      nu14,q3)*Vecr(nu14,p4)*Deng(p4,xiw,M3)^2*Deng(q2 + q3,xiw,0)*Deng(q2 + 
      q3,xiw,M3)^2*Deng( - p4 + q2 + q3,xiz,M4)^2*p4.p4*xiw*xiz*ufoGC58*
      ufoGC107*ufoGC69*ufoGC85
       - 1/4*g_(1,6_,nu10)*FT2(g6)*Vec(nu10,q3)*Vec(nu9,q2)*Vec(nu13,-p4)*Vec(
      nu14,-p4)*Vecr(nu14,p4)*Deng(p4,xiw,M3)^2*Deng(q2 + q3,xiw,0)*Deng(q2 + 
      q3,xiw,M3)^2*Deng( - p4 + q2 + q3,xiz,M4)^2*p4.p4*xiw*xiz*ufoGC58*
      ufoGC107*ufoGC69*ufoGC85
       + 1/4*g_(1,6_,nu10)*FT2(g6)*Vec(nu10,q3)*Vec(nu9,q3)*Vec(nu13,q2)^2*
      Vecr(nu9,p4)*Deng(p4,xiw,M3)*Deng(q2 + q3,xiw,0)*Deng(q2 + q3,xiw,M3)^2*
      Deng( - p4 + q2 + q3,xiz,M4)^2*xiw*xiz*ufoGC58*ufoGC107*ufoGC69*ufoGC85
       + 1/2*g_(1,6_,nu10)*FT2(g6)*Vec(nu10,q3)*Vec(nu9,q3)*Vec(nu13,q2)*Vec(
      nu13,q3)*Vecr(nu9,p4)*Deng(p4,xiw,M3)*Deng(q2 + q3,xiw,0)*Deng(q2 + q3,
      xiw,M3)^2*Deng( - p4 + q2 + q3,xiz,M4)^2*xiw*xiz*ufoGC58*ufoGC107*
      ufoGC69*ufoGC85
       - 1/4*g_(1,6_,nu10)*FT2(g6)*Vec(nu10,q3)*Vec(nu9,q3)*Vec(nu13,q2)*Vec(
      nu14,q2)*Vecr(nu14,p4)*Deng(p4,xiw,M3)^2*Deng(q2 + q3,xiw,0)*Deng(q2 + 
      q3,xiw,M3)^2*Deng( - p4 + q2 + q3,xiz,M4)^2*p4.p4*xiw*xiz*ufoGC58*
      ufoGC107*ufoGC69*ufoGC85
       - 1/4*g_(1,6_,nu10)*FT2(g6)*Vec(nu10,q3)*Vec(nu9,q3)*Vec(nu13,q2)*Vec(
      nu14,q3)*Vecr(nu14,p4)*Deng(p4,xiw,M3)^2*Deng(q2 + q3,xiw,0)*Deng(q2 + 
      q3,xiw,M3)^2*Deng( - p4 + q2 + q3,xiz,M4)^2*p4.p4*xiw*xiz*ufoGC58*
      ufoGC107*ufoGC69*ufoGC85
       - 1/4*g_(1,6_,nu10)*FT2(g6)*Vec(nu10,q3)*Vec(nu9,q3)*Vec(nu13,q2)*Vec(
      nu14,-p4)*Vecr(nu14,p4)*Deng(p4,xiw,M3)^2*Deng(q2 + q3,xiw,0)*Deng(q2 + 
      q3,xiw,M3)^2*Deng( - p4 + q2 + q3,xiz,M4)^2*p4.p4*xiw*xiz*ufoGC58*
      ufoGC107*ufoGC69*ufoGC85
       + 1/4*g_(1,6_,nu10)*FT2(g6)*Vec(nu10,q3)*Vec(nu9,q3)*Vec(nu13,q3)^2*
      Vecr(nu9,p4)*Deng(p4,xiw,M3)*Deng(q2 + q3,xiw,0)*Deng(q2 + q3,xiw,M3)^2*
      Deng( - p4 + q2 + q3,xiz,M4)^2*xiw*xiz*ufoGC58*ufoGC107*ufoGC69*ufoGC85
       - 1/4*g_(1,6_,nu10)*FT2(g6)*Vec(nu10,q3)*Vec(nu9,q3)*Vec(nu13,q3)*Vec(
      nu14,q2)*Vecr(nu14,p4)*Deng(p4,xiw,M3)^2*Deng(q2 + q3,xiw,0)*Deng(q2 + 
      q3,xiw,M3)^2*Deng( - p4 + q2 + q3,xiz,M4)^2*p4.p4*xiw*xiz*ufoGC58*
      ufoGC107*ufoGC69*ufoGC85
       - 1/4*g_(1,6_,nu10)*FT2(g6)*Vec(nu10,q3)*Vec(nu9,q3)*Vec(nu13,q3)*Vec(
      nu14,q3)*Vecr(nu14,p4)*Deng(p4,xiw,M3)^2*Deng(q2 + q3,xiw,0)*Deng(q2 + 
      q3,xiw,M3)^2*Deng( - p4 + q2 + q3,xiz,M4)^2*p4.p4*xiw*xiz*ufoGC58*
      ufoGC107*ufoGC69*ufoGC85
       - 1/4*g_(1,6_,nu10)*FT2(g6)*Vec(nu10,q3)*Vec(nu9,q3)*Vec(nu13,q3)*Vec(
      nu14,-p4)*Vecr(nu14,p4)*Deng(p4,xiw,M3)^2*Deng(q2 + q3,xiw,0)*Deng(q2 + 
      q3,xiw,M3)^2*Deng( - p4 + q2 + q3,xiz,M4)^2*p4.p4*xiw*xiz*ufoGC58*
      ufoGC107*ufoGC69*ufoGC85
       + 1/2*g_(1,6_,nu10)*FT2(g6)*Vec(nu10,q3)*Vec(nu9,q3)*Vec(nu13,-p4)*Vec(
      nu13,q2)*Vecr(nu9,p4)*Deng(p4,xiw,M3)*Deng(q2 + q3,xiw,0)*Deng(q2 + q3,
      xiw,M3)^2*Deng( - p4 + q2 + q3,xiz,M4)^2*xiw*xiz*ufoGC58*ufoGC107*
      ufoGC69*ufoGC85
       + 1/2*g_(1,6_,nu10)*FT2(g6)*Vec(nu10,q3)*Vec(nu9,q3)*Vec(nu13,-p4)*Vec(
      nu13,q3)*Vecr(nu9,p4)*Deng(p4,xiw,M3)*Deng(q2 + q3,xiw,0)*Deng(q2 + q3,
      xiw,M3)^2*Deng( - p4 + q2 + q3,xiz,M4)^2*xiw*xiz*ufoGC58*ufoGC107*
      ufoGC69*ufoGC85
       + 1/4*g_(1,6_,nu10)*FT2(g6)*Vec(nu10,q3)*Vec(nu9,q3)*Vec(nu13,-p4)^2*
      Vecr(nu9,p4)*Deng(p4,xiw,M3)*Deng(q2 + q3,xiw,0)*Deng(q2 + q3,xiw,M3)^2*
      Deng( - p4 + q2 + q3,xiz,M4)^2*xiw*xiz*ufoGC58*ufoGC107*ufoGC69*ufoGC85
       - 1/4*g_(1,6_,nu10)*FT2(g6)*Vec(nu10,q3)*Vec(nu9,q3)*Vec(nu13,-p4)*Vec(
      nu14,q2)*Vecr(nu14,p4)*Deng(p4,xiw,M3)^2*Deng(q2 + q3,xiw,0)*Deng(q2 + 
      q3,xiw,M3)^2*Deng( - p4 + q2 + q3,xiz,M4)^2*p4.p4*xiw*xiz*ufoGC58*
      ufoGC107*ufoGC69*ufoGC85
       - 1/4*g_(1,6_,nu10)*FT2(g6)*Vec(nu10,q3)*Vec(nu9,q3)*Vec(nu13,-p4)*Vec(
      nu14,q3)*Vecr(nu14,p4)*Deng(p4,xiw,M3)^2*Deng(q2 + q3,xiw,0)*Deng(q2 + 
      q3,xiw,M3)^2*Deng( - p4 + q2 + q3,xiz,M4)^2*p4.p4*xiw*xiz*ufoGC58*
      ufoGC107*ufoGC69*ufoGC85
       - 1/4*g_(1,6_,nu10)*FT2(g6)*Vec(nu10,q3)*Vec(nu9,q3)*Vec(nu13,-p4)*Vec(
      nu14,-p4)*Vecr(nu14,p4)*Deng(p4,xiw,M3)^2*Deng(q2 + q3,xiw,0)*Deng(q2 + 
      q3,xiw,M3)^2*Deng( - p4 + q2 + q3,xiz,M4)^2*p4.p4*xiw*xiz*ufoGC58*
      ufoGC107*ufoGC69*ufoGC85
       - 1/4*g_(1,6_,nu10)*FT2(g6)*Vec(nu10,q3)*Vec(nu9,-p4)*Vec(nu9,q2)*Vec(
      nu13,q2)^2*Deng(p4,xiw,M3)*Deng(q2 + q3,xiw,0)*Deng(q2 + q3,xiw,M3)^2*
      Deng( - p4 + q2 + q3,xiz,M4)^2*xiw*xiz*ufoGC58*ufoGC107*ufoGC69*ufoGC85
       - 1/2*g_(1,6_,nu10)*FT2(g6)*Vec(nu10,q3)*Vec(nu9,-p4)*Vec(nu9,q2)*Vec(
      nu13,q2)*Vec(nu13,q3)*Deng(p4,xiw,M3)*Deng(q2 + q3,xiw,0)*Deng(q2 + q3,
      xiw,M3)^2*Deng( - p4 + q2 + q3,xiz,M4)^2*xiw*xiz*ufoGC58*ufoGC107*
      ufoGC69*ufoGC85
       + 1/4*g_(1,6_,nu10)*FT2(g6)*Vec(nu10,q3)*Vec(nu9,-p4)*Vec(nu9,q2)*Vec(
      nu13,q2)*Vec(nu14,q2)*Deng(p4,xiw,M3)^2*Deng(q2 + q3,xiw,0)*Deng(q2 + q3
      ,xiw,M3)^2*Deng( - p4 + q2 + q3,xiz,M4)^2*p4.p4*xiw*xiz*ufoGC58*ufoGC107
      *ufoGC69*ufoGC85
       + 1/4*g_(1,6_,nu10)*FT2(g6)*Vec(nu10,q3)*Vec(nu9,-p4)*Vec(nu9,q2)*Vec(
      nu13,q2)*Vec(nu14,q3)*Deng(p4,xiw,M3)^2*Deng(q2 + q3,xiw,0)*Deng(q2 + q3
      ,xiw,M3)^2*Deng( - p4 + q2 + q3,xiz,M4)^2*p4.p4*xiw*xiz*ufoGC58*ufoGC107
      *ufoGC69*ufoGC85
       + 1/4*g_(1,6_,nu10)*FT2(g6)*Vec(nu10,q3)*Vec(nu9,-p4)*Vec(nu9,q2)*Vec(
      nu13,q2)*Vec(nu14,-p4)*Deng(p4,xiw,M3)^2*Deng(q2 + q3,xiw,0)*Deng(q2 + 
      q3,xiw,M3)^2*Deng( - p4 + q2 + q3,xiz,M4)^2*p4.p4*xiw*xiz*ufoGC58*
      ufoGC107*ufoGC69*ufoGC85
       - 1/4*g_(1,6_,nu10)*FT2(g6)*Vec(nu10,q3)*Vec(nu9,-p4)*Vec(nu9,q2)*Vec(
      nu13,q3)^2*Deng(p4,xiw,M3)*Deng(q2 + q3,xiw,0)*Deng(q2 + q3,xiw,M3)^2*
      Deng( - p4 + q2 + q3,xiz,M4)^2*xiw*xiz*ufoGC58*ufoGC107*ufoGC69*ufoGC85
       + 1/4*g_(1,6_,nu10)*FT2(g6)*Vec(nu10,q3)*Vec(nu9,-p4)*Vec(nu9,q2)*Vec(
      nu13,q3)*Vec(nu14,q2)*Deng(p4,xiw,M3)^2*Deng(q2 + q3,xiw,0)*Deng(q2 + q3
      ,xiw,M3)^2*Deng( - p4 + q2 + q3,xiz,M4)^2*p4.p4*xiw*xiz*ufoGC58*ufoGC107
      *ufoGC69*ufoGC85
       + 1/4*g_(1,6_,nu10)*FT2(g6)*Vec(nu10,q3)*Vec(nu9,-p4)*Vec(nu9,q2)*Vec(
      nu13,q3)*Vec(nu14,q3)*Deng(p4,xiw,M3)^2*Deng(q2 + q3,xiw,0)*Deng(q2 + q3
      ,xiw,M3)^2*Deng( - p4 + q2 + q3,xiz,M4)^2*p4.p4*xiw*xiz*ufoGC58*ufoGC107
      *ufoGC69*ufoGC85
       + 1/4*g_(1,6_,nu10)*FT2(g6)*Vec(nu10,q3)*Vec(nu9,-p4)*Vec(nu9,q2)*Vec(
      nu13,q3)*Vec(nu14,-p4)*Deng(p4,xiw,M3)^2*Deng(q2 + q3,xiw,0)*Deng(q2 + 
      q3,xiw,M3)^2*Deng( - p4 + q2 + q3,xiz,M4)^2*p4.p4*xiw*xiz*ufoGC58*
      ufoGC107*ufoGC69*ufoGC85
       - 1/2*g_(1,6_,nu10)*FT2(g6)*Vec(nu10,q3)*Vec(nu9,-p4)*Vec(nu9,q2)*Vec(
      nu13,-p4)*Vec(nu13,q2)*Deng(p4,xiw,M3)*Deng(q2 + q3,xiw,0)*Deng(q2 + q3,
      xiw,M3)^2*Deng( - p4 + q2 + q3,xiz,M4)^2*xiw*xiz*ufoGC58*ufoGC107*
      ufoGC69*ufoGC85
       - 1/2*g_(1,6_,nu10)*FT2(g6)*Vec(nu10,q3)*Vec(nu9,-p4)*Vec(nu9,q2)*Vec(
      nu13,-p4)*Vec(nu13,q3)*Deng(p4,xiw,M3)*Deng(q2 + q3,xiw,0)*Deng(q2 + q3,
      xiw,M3)^2*Deng( - p4 + q2 + q3,xiz,M4)^2*xiw*xiz*ufoGC58*ufoGC107*
      ufoGC69*ufoGC85
       - 1/4*g_(1,6_,nu10)*FT2(g6)*Vec(nu10,q3)*Vec(nu9,-p4)*Vec(nu9,q2)*Vec(
      nu13,-p4)^2*Deng(p4,xiw,M3)*Deng(q2 + q3,xiw,0)*Deng(q2 + q3,xiw,M3)^2*
      Deng( - p4 + q2 + q3,xiz,M4)^2*xiw*xiz*ufoGC58*ufoGC107*ufoGC69*ufoGC85
       + 1/4*g_(1,6_,nu10)*FT2(g6)*Vec(nu10,q3)*Vec(nu9,-p4)*Vec(nu9,q2)*Vec(
      nu13,-p4)*Vec(nu14,q2)*Deng(p4,xiw,M3)^2*Deng(q2 + q3,xiw,0)*Deng(q2 + 
      q3,xiw,M3)^2*Deng( - p4 + q2 + q3,xiz,M4)^2*p4.p4*xiw*xiz*ufoGC58*
      ufoGC107*ufoGC69*ufoGC85
       + 1/4*g_(1,6_,nu10)*FT2(g6)*Vec(nu10,q3)*Vec(nu9,-p4)*Vec(nu9,q2)*Vec(
      nu13,-p4)*Vec(nu14,q3)*Deng(p4,xiw,M3)^2*Deng(q2 + q3,xiw,0)*Deng(q2 + 
      q3,xiw,M3)^2*Deng( - p4 + q2 + q3,xiz,M4)^2*p4.p4*xiw*xiz*ufoGC58*
      ufoGC107*ufoGC69*ufoGC85
       + 1/4*g_(1,6_,nu10)*FT2(g6)*Vec(nu10,q3)*Vec(nu9,-p4)*Vec(nu9,q2)*Vec(
      nu13,-p4)*Vec(nu14,-p4)*Deng(p4,xiw,M3)^2*Deng(q2 + q3,xiw,0)*Deng(q2 + 
      q3,xiw,M3)^2*Deng( - p4 + q2 + q3,xiz,M4)^2*p4.p4*xiw*xiz*ufoGC58*
      ufoGC107*ufoGC69*ufoGC85
       - 1/4*g_(1,6_,nu10)*FT2(g6)*Vec(nu10,q3)*Vec(nu9,-p4)*Vec(nu9,q3)*Vec(
      nu13,q2)^2*Deng(p4,xiw,M3)*Deng(q2 + q3,xiw,0)*Deng(q2 + q3,xiw,M3)^2*
      Deng( - p4 + q2 + q3,xiz,M4)^2*xiw*xiz*ufoGC58*ufoGC107*ufoGC69*ufoGC85
       - 1/2*g_(1,6_,nu10)*FT2(g6)*Vec(nu10,q3)*Vec(nu9,-p4)*Vec(nu9,q3)*Vec(
      nu13,q2)*Vec(nu13,q3)*Deng(p4,xiw,M3)*Deng(q2 + q3,xiw,0)*Deng(q2 + q3,
      xiw,M3)^2*Deng( - p4 + q2 + q3,xiz,M4)^2*xiw*xiz*ufoGC58*ufoGC107*
      ufoGC69*ufoGC85
       + 1/4*g_(1,6_,nu10)*FT2(g6)*Vec(nu10,q3)*Vec(nu9,-p4)*Vec(nu9,q3)*Vec(
      nu13,q2)*Vec(nu14,q2)*Deng(p4,xiw,M3)^2*Deng(q2 + q3,xiw,0)*Deng(q2 + q3
      ,xiw,M3)^2*Deng( - p4 + q2 + q3,xiz,M4)^2*p4.p4*xiw*xiz*ufoGC58*ufoGC107
      *ufoGC69*ufoGC85
       + 1/4*g_(1,6_,nu10)*FT2(g6)*Vec(nu10,q3)*Vec(nu9,-p4)*Vec(nu9,q3)*Vec(
      nu13,q2)*Vec(nu14,q3)*Deng(p4,xiw,M3)^2*Deng(q2 + q3,xiw,0)*Deng(q2 + q3
      ,xiw,M3)^2*Deng( - p4 + q2 + q3,xiz,M4)^2*p4.p4*xiw*xiz*ufoGC58*ufoGC107
      *ufoGC69*ufoGC85
       + 1/4*g_(1,6_,nu10)*FT2(g6)*Vec(nu10,q3)*Vec(nu9,-p4)*Vec(nu9,q3)*Vec(
      nu13,q2)*Vec(nu14,-p4)*Deng(p4,xiw,M3)^2*Deng(q2 + q3,xiw,0)*Deng(q2 + 
      q3,xiw,M3)^2*Deng( - p4 + q2 + q3,xiz,M4)^2*p4.p4*xiw*xiz*ufoGC58*
      ufoGC107*ufoGC69*ufoGC85
       - 1/4*g_(1,6_,nu10)*FT2(g6)*Vec(nu10,q3)*Vec(nu9,-p4)*Vec(nu9,q3)*Vec(
      nu13,q3)^2*Deng(p4,xiw,M3)*Deng(q2 + q3,xiw,0)*Deng(q2 + q3,xiw,M3)^2*
      Deng( - p4 + q2 + q3,xiz,M4)^2*xiw*xiz*ufoGC58*ufoGC107*ufoGC69*ufoGC85
       + 1/4*g_(1,6_,nu10)*FT2(g6)*Vec(nu10,q3)*Vec(nu9,-p4)*Vec(nu9,q3)*Vec(
      nu13,q3)*Vec(nu14,q2)*Deng(p4,xiw,M3)^2*Deng(q2 + q3,xiw,0)*Deng(q2 + q3
      ,xiw,M3)^2*Deng( - p4 + q2 + q3,xiz,M4)^2*p4.p4*xiw*xiz*ufoGC58*ufoGC107
      *ufoGC69*ufoGC85
       + 1/4*g_(1,6_,nu10)*FT2(g6)*Vec(nu10,q3)*Vec(nu9,-p4)*Vec(nu9,q3)*Vec(
      nu13,q3)*Vec(nu14,q3)*Deng(p4,xiw,M3)^2*Deng(q2 + q3,xiw,0)*Deng(q2 + q3
      ,xiw,M3)^2*Deng( - p4 + q2 + q3,xiz,M4)^2*p4.p4*xiw*xiz*ufoGC58*ufoGC107
      *ufoGC69*ufoGC85
       + 1/4*g_(1,6_,nu10)*FT2(g6)*Vec(nu10,q3)*Vec(nu9,-p4)*Vec(nu9,q3)*Vec(
      nu13,q3)*Vec(nu14,-p4)*Deng(p4,xiw,M3)^2*Deng(q2 + q3,xiw,0)*Deng(q2 + 
      q3,xiw,M3)^2*Deng( - p4 + q2 + q3,xiz,M4)^2*p4.p4*xiw*xiz*ufoGC58*
      ufoGC107*ufoGC69*ufoGC85
       - 1/2*g_(1,6_,nu10)*FT2(g6)*Vec(nu10,q3)*Vec(nu9,-p4)*Vec(nu9,q3)*Vec(
      nu13,-p4)*Vec(nu13,q2)*Deng(p4,xiw,M3)*Deng(q2 + q3,xiw,0)*Deng(q2 + q3,
      xiw,M3)^2*Deng( - p4 + q2 + q3,xiz,M4)^2*xiw*xiz*ufoGC58*ufoGC107*
      ufoGC69*ufoGC85
       - 1/2*g_(1,6_,nu10)*FT2(g6)*Vec(nu10,q3)*Vec(nu9,-p4)*Vec(nu9,q3)*Vec(
      nu13,-p4)*Vec(nu13,q3)*Deng(p4,xiw,M3)*Deng(q2 + q3,xiw,0)*Deng(q2 + q3,
      xiw,M3)^2*Deng( - p4 + q2 + q3,xiz,M4)^2*xiw*xiz*ufoGC58*ufoGC107*
      ufoGC69*ufoGC85
       - 1/4*g_(1,6_,nu10)*FT2(g6)*Vec(nu10,q3)*Vec(nu9,-p4)*Vec(nu9,q3)*Vec(
      nu13,-p4)^2*Deng(p4,xiw,M3)*Deng(q2 + q3,xiw,0)*Deng(q2 + q3,xiw,M3)^2*
      Deng( - p4 + q2 + q3,xiz,M4)^2*xiw*xiz*ufoGC58*ufoGC107*ufoGC69*ufoGC85
       + 1/4*g_(1,6_,nu10)*FT2(g6)*Vec(nu10,q3)*Vec(nu9,-p4)*Vec(nu9,q3)*Vec(
      nu13,-p4)*Vec(nu14,q2)*Deng(p4,xiw,M3)^2*Deng(q2 + q3,xiw,0)*Deng(q2 + 
      q3,xiw,M3)^2*Deng( - p4 + q2 + q3,xiz,M4)^2*p4.p4*xiw*xiz*ufoGC58*
      ufoGC107*ufoGC69*ufoGC85
       + 1/4*g_(1,6_,nu10)*FT2(g6)*Vec(nu10,q3)*Vec(nu9,-p4)*Vec(nu9,q3)*Vec(
      nu13,-p4)*Vec(nu14,q3)*Deng(p4,xiw,M3)^2*Deng(q2 + q3,xiw,0)*Deng(q2 + 
      q3,xiw,M3)^2*Deng( - p4 + q2 + q3,xiz,M4)^2*p4.p4*xiw*xiz*ufoGC58*
      ufoGC107*ufoGC69*ufoGC85
       + 1/4*g_(1,6_,nu10)*FT2(g6)*Vec(nu10,q3)*Vec(nu9,-p4)*Vec(nu9,q3)*Vec(
      nu13,-p4)*Vec(nu14,-p4)*Deng(p4,xiw,M3)^2*Deng(q2 + q3,xiw,0)*Deng(q2 + 
      q3,xiw,M3)^2*Deng( - p4 + q2 + q3,xiz,M4)^2*p4.p4*xiw*xiz*ufoGC58*
      ufoGC107*ufoGC69*ufoGC85
       + 1/4*g_(1,6_,nu10)*FT2(g6)*Vec(nu10,q3)*Vec(nu9,-q2)*Vec(nu9,q2)*Vec(
      nu13,q2)^2*Deng(p4,xiw,M3)*Deng(q2 + q3,xiw,0)*Deng(q2 + q3,xiw,M3)^2*
      Deng( - p4 + q2 + q3,xiz,M4)^2*xiw*xiz*ufoGC58*ufoGC107*ufoGC69*ufoGC85
       + 1/2*g_(1,6_,nu10)*FT2(g6)*Vec(nu10,q3)*Vec(nu9,-q2)*Vec(nu9,q2)*Vec(
      nu13,q2)*Vec(nu13,q3)*Deng(p4,xiw,M3)*Deng(q2 + q3,xiw,0)*Deng(q2 + q3,
      xiw,M3)^2*Deng( - p4 + q2 + q3,xiz,M4)^2*xiw*xiz*ufoGC58*ufoGC107*
      ufoGC69*ufoGC85
       - 1/4*g_(1,6_,nu10)*FT2(g6)*Vec(nu10,q3)*Vec(nu9,-q2)*Vec(nu9,q2)*Vec(
      nu13,q2)*Vec(nu14,q2)*Deng(p4,xiw,M3)^2*Deng(q2 + q3,xiw,0)*Deng(q2 + q3
      ,xiw,M3)^2*Deng( - p4 + q2 + q3,xiz,M4)^2*p4.p4*xiw*xiz*ufoGC58*ufoGC107
      *ufoGC69*ufoGC85
       - 1/4*g_(1,6_,nu10)*FT2(g6)*Vec(nu10,q3)*Vec(nu9,-q2)*Vec(nu9,q2)*Vec(
      nu13,q2)*Vec(nu14,q3)*Deng(p4,xiw,M3)^2*Deng(q2 + q3,xiw,0)*Deng(q2 + q3
      ,xiw,M3)^2*Deng( - p4 + q2 + q3,xiz,M4)^2*p4.p4*xiw*xiz*ufoGC58*ufoGC107
      *ufoGC69*ufoGC85
       - 1/4*g_(1,6_,nu10)*FT2(g6)*Vec(nu10,q3)*Vec(nu9,-q2)*Vec(nu9,q2)*Vec(
      nu13,q2)*Vec(nu14,-p4)*Deng(p4,xiw,M3)^2*Deng(q2 + q3,xiw,0)*Deng(q2 + 
      q3,xiw,M3)^2*Deng( - p4 + q2 + q3,xiz,M4)^2*p4.p4*xiw*xiz*ufoGC58*
      ufoGC107*ufoGC69*ufoGC85
       + 1/4*g_(1,6_,nu10)*FT2(g6)*Vec(nu10,q3)*Vec(nu9,-q2)*Vec(nu9,q2)*Vec(
      nu13,q3)^2*Deng(p4,xiw,M3)*Deng(q2 + q3,xiw,0)*Deng(q2 + q3,xiw,M3)^2*
      Deng( - p4 + q2 + q3,xiz,M4)^2*xiw*xiz*ufoGC58*ufoGC107*ufoGC69*ufoGC85
       - 1/4*g_(1,6_,nu10)*FT2(g6)*Vec(nu10,q3)*Vec(nu9,-q2)*Vec(nu9,q2)*Vec(
      nu13,q3)*Vec(nu14,q2)*Deng(p4,xiw,M3)^2*Deng(q2 + q3,xiw,0)*Deng(q2 + q3
      ,xiw,M3)^2*Deng( - p4 + q2 + q3,xiz,M4)^2*p4.p4*xiw*xiz*ufoGC58*ufoGC107
      *ufoGC69*ufoGC85
       - 1/4*g_(1,6_,nu10)*FT2(g6)*Vec(nu10,q3)*Vec(nu9,-q2)*Vec(nu9,q2)*Vec(
      nu13,q3)*Vec(nu14,q3)*Deng(p4,xiw,M3)^2*Deng(q2 + q3,xiw,0)*Deng(q2 + q3
      ,xiw,M3)^2*Deng( - p4 + q2 + q3,xiz,M4)^2*p4.p4*xiw*xiz*ufoGC58*ufoGC107
      *ufoGC69*ufoGC85
       - 1/4*g_(1,6_,nu10)*FT2(g6)*Vec(nu10,q3)*Vec(nu9,-q2)*Vec(nu9,q2)*Vec(
      nu13,q3)*Vec(nu14,-p4)*Deng(p4,xiw,M3)^2*Deng(q2 + q3,xiw,0)*Deng(q2 + 
      q3,xiw,M3)^2*Deng( - p4 + q2 + q3,xiz,M4)^2*p4.p4*xiw*xiz*ufoGC58*
      ufoGC107*ufoGC69*ufoGC85
       + 1/2*g_(1,6_,nu10)*FT2(g6)*Vec(nu10,q3)*Vec(nu9,-q2)*Vec(nu9,q2)*Vec(
      nu13,-p4)*Vec(nu13,q2)*Deng(p4,xiw,M3)*Deng(q2 + q3,xiw,0)*Deng(q2 + q3,
      xiw,M3)^2*Deng( - p4 + q2 + q3,xiz,M4)^2*xiw*xiz*ufoGC58*ufoGC107*
      ufoGC69*ufoGC85
       + 1/2*g_(1,6_,nu10)*FT2(g6)*Vec(nu10,q3)*Vec(nu9,-q2)*Vec(nu9,q2)*Vec(
      nu13,-p4)*Vec(nu13,q3)*Deng(p4,xiw,M3)*Deng(q2 + q3,xiw,0)*Deng(q2 + q3,
      xiw,M3)^2*Deng( - p4 + q2 + q3,xiz,M4)^2*xiw*xiz*ufoGC58*ufoGC107*
      ufoGC69*ufoGC85
       + 1/4*g_(1,6_,nu10)*FT2(g6)*Vec(nu10,q3)*Vec(nu9,-q2)*Vec(nu9,q2)*Vec(
      nu13,-p4)^2*Deng(p4,xiw,M3)*Deng(q2 + q3,xiw,0)*Deng(q2 + q3,xiw,M3)^2*
      Deng( - p4 + q2 + q3,xiz,M4)^2*xiw*xiz*ufoGC58*ufoGC107*ufoGC69*ufoGC85
       - 1/4*g_(1,6_,nu10)*FT2(g6)*Vec(nu10,q3)*Vec(nu9,-q2)*Vec(nu9,q2)*Vec(
      nu13,-p4)*Vec(nu14,q2)*Deng(p4,xiw,M3)^2*Deng(q2 + q3,xiw,0)*Deng(q2 + 
      q3,xiw,M3)^2*Deng( - p4 + q2 + q3,xiz,M4)^2*p4.p4*xiw*xiz*ufoGC58*
      ufoGC107*ufoGC69*ufoGC85
       - 1/4*g_(1,6_,nu10)*FT2(g6)*Vec(nu10,q3)*Vec(nu9,-q2)*Vec(nu9,q2)*Vec(
      nu13,-p4)*Vec(nu14,q3)*Deng(p4,xiw,M3)^2*Deng(q2 + q3,xiw,0)*Deng(q2 + 
      q3,xiw,M3)^2*Deng( - p4 + q2 + q3,xiz,M4)^2*p4.p4*xiw*xiz*ufoGC58*
      ufoGC107*ufoGC69*ufoGC85
       - 1/4*g_(1,6_,nu10)*FT2(g6)*Vec(nu10,q3)*Vec(nu9,-q2)*Vec(nu9,q2)*Vec(
      nu13,-p4)*Vec(nu14,-p4)*Deng(p4,xiw,M3)^2*Deng(q2 + q3,xiw,0)*Deng(q2 + 
      q3,xiw,M3)^2*Deng( - p4 + q2 + q3,xiz,M4)^2*p4.p4*xiw*xiz*ufoGC58*
      ufoGC107*ufoGC69*ufoGC85
       + 1/4*g_(1,6_,nu10)*FT2(g6)*Vec(nu10,q3)*Vec(nu9,-q2)*Vec(nu9,q3)*Vec(
      nu13,q2)^2*Deng(p4,xiw,M3)*Deng(q2 + q3,xiw,0)*Deng(q2 + q3,xiw,M3)^2*
      Deng( - p4 + q2 + q3,xiz,M4)^2*xiw*xiz*ufoGC58*ufoGC107*ufoGC69*ufoGC85
       + 1/2*g_(1,6_,nu10)*FT2(g6)*Vec(nu10,q3)*Vec(nu9,-q2)*Vec(nu9,q3)*Vec(
      nu13,q2)*Vec(nu13,q3)*Deng(p4,xiw,M3)*Deng(q2 + q3,xiw,0)*Deng(q2 + q3,
      xiw,M3)^2*Deng( - p4 + q2 + q3,xiz,M4)^2*xiw*xiz*ufoGC58*ufoGC107*
      ufoGC69*ufoGC85
       - 1/4*g_(1,6_,nu10)*FT2(g6)*Vec(nu10,q3)*Vec(nu9,-q2)*Vec(nu9,q3)*Vec(
      nu13,q2)*Vec(nu14,q2)*Deng(p4,xiw,M3)^2*Deng(q2 + q3,xiw,0)*Deng(q2 + q3
      ,xiw,M3)^2*Deng( - p4 + q2 + q3,xiz,M4)^2*p4.p4*xiw*xiz*ufoGC58*ufoGC107
      *ufoGC69*ufoGC85
       - 1/4*g_(1,6_,nu10)*FT2(g6)*Vec(nu10,q3)*Vec(nu9,-q2)*Vec(nu9,q3)*Vec(
      nu13,q2)*Vec(nu14,q3)*Deng(p4,xiw,M3)^2*Deng(q2 + q3,xiw,0)*Deng(q2 + q3
      ,xiw,M3)^2*Deng( - p4 + q2 + q3,xiz,M4)^2*p4.p4*xiw*xiz*ufoGC58*ufoGC107
      *ufoGC69*ufoGC85
       - 1/4*g_(1,6_,nu10)*FT2(g6)*Vec(nu10,q3)*Vec(nu9,-q2)*Vec(nu9,q3)*Vec(
      nu13,q2)*Vec(nu14,-p4)*Deng(p4,xiw,M3)^2*Deng(q2 + q3,xiw,0)*Deng(q2 + 
      q3,xiw,M3)^2*Deng( - p4 + q2 + q3,xiz,M4)^2*p4.p4*xiw*xiz*ufoGC58*
      ufoGC107*ufoGC69*ufoGC85
       + 1/4*g_(1,6_,nu10)*FT2(g6)*Vec(nu10,q3)*Vec(nu9,-q2)*Vec(nu9,q3)*Vec(
      nu13,q3)^2*Deng(p4,xiw,M3)*Deng(q2 + q3,xiw,0)*Deng(q2 + q3,xiw,M3)^2*
      Deng( - p4 + q2 + q3,xiz,M4)^2*xiw*xiz*ufoGC58*ufoGC107*ufoGC69*ufoGC85
       - 1/4*g_(1,6_,nu10)*FT2(g6)*Vec(nu10,q3)*Vec(nu9,-q2)*Vec(nu9,q3)*Vec(
      nu13,q3)*Vec(nu14,q2)*Deng(p4,xiw,M3)^2*Deng(q2 + q3,xiw,0)*Deng(q2 + q3
      ,xiw,M3)^2*Deng( - p4 + q2 + q3,xiz,M4)^2*p4.p4*xiw*xiz*ufoGC58*ufoGC107
      *ufoGC69*ufoGC85
       - 1/4*g_(1,6_,nu10)*FT2(g6)*Vec(nu10,q3)*Vec(nu9,-q2)*Vec(nu9,q3)*Vec(
      nu13,q3)*Vec(nu14,q3)*Deng(p4,xiw,M3)^2*Deng(q2 + q3,xiw,0)*Deng(q2 + q3
      ,xiw,M3)^2*Deng( - p4 + q2 + q3,xiz,M4)^2*p4.p4*xiw*xiz*ufoGC58*ufoGC107
      *ufoGC69*ufoGC85
       - 1/4*g_(1,6_,nu10)*FT2(g6)*Vec(nu10,q3)*Vec(nu9,-q2)*Vec(nu9,q3)*Vec(
      nu13,q3)*Vec(nu14,-p4)*Deng(p4,xiw,M3)^2*Deng(q2 + q3,xiw,0)*Deng(q2 + 
      q3,xiw,M3)^2*Deng( - p4 + q2 + q3,xiz,M4)^2*p4.p4*xiw*xiz*ufoGC58*
      ufoGC107*ufoGC69*ufoGC85
       + 1/2*g_(1,6_,nu10)*FT2(g6)*Vec(nu10,q3)*Vec(nu9,-q2)*Vec(nu9,q3)*Vec(
      nu13,-p4)*Vec(nu13,q2)*Deng(p4,xiw,M3)*Deng(q2 + q3,xiw,0)*Deng(q2 + q3,
      xiw,M3)^2*Deng( - p4 + q2 + q3,xiz,M4)^2*xiw*xiz*ufoGC58*ufoGC107*
      ufoGC69*ufoGC85
       + 1/2*g_(1,6_,nu10)*FT2(g6)*Vec(nu10,q3)*Vec(nu9,-q2)*Vec(nu9,q3)*Vec(
      nu13,-p4)*Vec(nu13,q3)*Deng(p4,xiw,M3)*Deng(q2 + q3,xiw,0)*Deng(q2 + q3,
      xiw,M3)^2*Deng( - p4 + q2 + q3,xiz,M4)^2*xiw*xiz*ufoGC58*ufoGC107*
      ufoGC69*ufoGC85
       + 1/4*g_(1,6_,nu10)*FT2(g6)*Vec(nu10,q3)*Vec(nu9,-q2)*Vec(nu9,q3)*Vec(
      nu13,-p4)^2*Deng(p4,xiw,M3)*Deng(q2 + q3,xiw,0)*Deng(q2 + q3,xiw,M3)^2*
      Deng( - p4 + q2 + q3,xiz,M4)^2*xiw*xiz*ufoGC58*ufoGC107*ufoGC69*ufoGC85
       - 1/4*g_(1,6_,nu10)*FT2(g6)*Vec(nu10,q3)*Vec(nu9,-q2)*Vec(nu9,q3)*Vec(
      nu13,-p4)*Vec(nu14,q2)*Deng(p4,xiw,M3)^2*Deng(q2 + q3,xiw,0)*Deng(q2 + 
      q3,xiw,M3)^2*Deng( - p4 + q2 + q3,xiz,M4)^2*p4.p4*xiw*xiz*ufoGC58*
      ufoGC107*ufoGC69*ufoGC85
       - 1/4*g_(1,6_,nu10)*FT2(g6)*Vec(nu10,q3)*Vec(nu9,-q2)*Vec(nu9,q3)*Vec(
      nu13,-p4)*Vec(nu14,q3)*Deng(p4,xiw,M3)^2*Deng(q2 + q3,xiw,0)*Deng(q2 + 
      q3,xiw,M3)^2*Deng( - p4 + q2 + q3,xiz,M4)^2*p4.p4*xiw*xiz*ufoGC58*
      ufoGC107*ufoGC69*ufoGC85
       - 1/4*g_(1,6_,nu10)*FT2(g6)*Vec(nu10,q3)*Vec(nu9,-q2)*Vec(nu9,q3)*Vec(
      nu13,-p4)*Vec(nu14,-p4)*Deng(p4,xiw,M3)^2*Deng(q2 + q3,xiw,0)*Deng(q2 + 
      q3,xiw,M3)^2*Deng( - p4 + q2 + q3,xiz,M4)^2*p4.p4*xiw*xiz*ufoGC58*
      ufoGC107*ufoGC69*ufoGC85
       + 1/4*g_(1,6_,nu10)*FT2(g6)*Vec(nu10,q3)*Vec(nu9,-q3)*Vec(nu9,q2)*Vec(
      nu13,q2)^2*Deng(p4,xiw,M3)*Deng(q2 + q3,xiw,0)*Deng(q2 + q3,xiw,M3)^2*
      Deng( - p4 + q2 + q3,xiz,M4)^2*xiw*xiz*ufoGC58*ufoGC107*ufoGC69*ufoGC85
       + 1/2*g_(1,6_,nu10)*FT2(g6)*Vec(nu10,q3)*Vec(nu9,-q3)*Vec(nu9,q2)*Vec(
      nu13,q2)*Vec(nu13,q3)*Deng(p4,xiw,M3)*Deng(q2 + q3,xiw,0)*Deng(q2 + q3,
      xiw,M3)^2*Deng( - p4 + q2 + q3,xiz,M4)^2*xiw*xiz*ufoGC58*ufoGC107*
      ufoGC69*ufoGC85
       - 1/4*g_(1,6_,nu10)*FT2(g6)*Vec(nu10,q3)*Vec(nu9,-q3)*Vec(nu9,q2)*Vec(
      nu13,q2)*Vec(nu14,q2)*Deng(p4,xiw,M3)^2*Deng(q2 + q3,xiw,0)*Deng(q2 + q3
      ,xiw,M3)^2*Deng( - p4 + q2 + q3,xiz,M4)^2*p4.p4*xiw*xiz*ufoGC58*ufoGC107
      *ufoGC69*ufoGC85
       - 1/4*g_(1,6_,nu10)*FT2(g6)*Vec(nu10,q3)*Vec(nu9,-q3)*Vec(nu9,q2)*Vec(
      nu13,q2)*Vec(nu14,q3)*Deng(p4,xiw,M3)^2*Deng(q2 + q3,xiw,0)*Deng(q2 + q3
      ,xiw,M3)^2*Deng( - p4 + q2 + q3,xiz,M4)^2*p4.p4*xiw*xiz*ufoGC58*ufoGC107
      *ufoGC69*ufoGC85
       - 1/4*g_(1,6_,nu10)*FT2(g6)*Vec(nu10,q3)*Vec(nu9,-q3)*Vec(nu9,q2)*Vec(
      nu13,q2)*Vec(nu14,-p4)*Deng(p4,xiw,M3)^2*Deng(q2 + q3,xiw,0)*Deng(q2 + 
      q3,xiw,M3)^2*Deng( - p4 + q2 + q3,xiz,M4)^2*p4.p4*xiw*xiz*ufoGC58*
      ufoGC107*ufoGC69*ufoGC85
       + 1/4*g_(1,6_,nu10)*FT2(g6)*Vec(nu10,q3)*Vec(nu9,-q3)*Vec(nu9,q2)*Vec(
      nu13,q3)^2*Deng(p4,xiw,M3)*Deng(q2 + q3,xiw,0)*Deng(q2 + q3,xiw,M3)^2*
      Deng( - p4 + q2 + q3,xiz,M4)^2*xiw*xiz*ufoGC58*ufoGC107*ufoGC69*ufoGC85
       - 1/4*g_(1,6_,nu10)*FT2(g6)*Vec(nu10,q3)*Vec(nu9,-q3)*Vec(nu9,q2)*Vec(
      nu13,q3)*Vec(nu14,q2)*Deng(p4,xiw,M3)^2*Deng(q2 + q3,xiw,0)*Deng(q2 + q3
      ,xiw,M3)^2*Deng( - p4 + q2 + q3,xiz,M4)^2*p4.p4*xiw*xiz*ufoGC58*ufoGC107
      *ufoGC69*ufoGC85
       - 1/4*g_(1,6_,nu10)*FT2(g6)*Vec(nu10,q3)*Vec(nu9,-q3)*Vec(nu9,q2)*Vec(
      nu13,q3)*Vec(nu14,q3)*Deng(p4,xiw,M3)^2*Deng(q2 + q3,xiw,0)*Deng(q2 + q3
      ,xiw,M3)^2*Deng( - p4 + q2 + q3,xiz,M4)^2*p4.p4*xiw*xiz*ufoGC58*ufoGC107
      *ufoGC69*ufoGC85
       - 1/4*g_(1,6_,nu10)*FT2(g6)*Vec(nu10,q3)*Vec(nu9,-q3)*Vec(nu9,q2)*Vec(
      nu13,q3)*Vec(nu14,-p4)*Deng(p4,xiw,M3)^2*Deng(q2 + q3,xiw,0)*Deng(q2 + 
      q3,xiw,M3)^2*Deng( - p4 + q2 + q3,xiz,M4)^2*p4.p4*xiw*xiz*ufoGC58*
      ufoGC107*ufoGC69*ufoGC85
       + 1/2*g_(1,6_,nu10)*FT2(g6)*Vec(nu10,q3)*Vec(nu9,-q3)*Vec(nu9,q2)*Vec(
      nu13,-p4)*Vec(nu13,q2)*Deng(p4,xiw,M3)*Deng(q2 + q3,xiw,0)*Deng(q2 + q3,
      xiw,M3)^2*Deng( - p4 + q2 + q3,xiz,M4)^2*xiw*xiz*ufoGC58*ufoGC107*
      ufoGC69*ufoGC85
       + 1/2*g_(1,6_,nu10)*FT2(g6)*Vec(nu10,q3)*Vec(nu9,-q3)*Vec(nu9,q2)*Vec(
      nu13,-p4)*Vec(nu13,q3)*Deng(p4,xiw,M3)*Deng(q2 + q3,xiw,0)*Deng(q2 + q3,
      xiw,M3)^2*Deng( - p4 + q2 + q3,xiz,M4)^2*xiw*xiz*ufoGC58*ufoGC107*
      ufoGC69*ufoGC85
       + 1/4*g_(1,6_,nu10)*FT2(g6)*Vec(nu10,q3)*Vec(nu9,-q3)*Vec(nu9,q2)*Vec(
      nu13,-p4)^2*Deng(p4,xiw,M3)*Deng(q2 + q3,xiw,0)*Deng(q2 + q3,xiw,M3)^2*
      Deng( - p4 + q2 + q3,xiz,M4)^2*xiw*xiz*ufoGC58*ufoGC107*ufoGC69*ufoGC85
       - 1/4*g_(1,6_,nu10)*FT2(g6)*Vec(nu10,q3)*Vec(nu9,-q3)*Vec(nu9,q2)*Vec(
      nu13,-p4)*Vec(nu14,q2)*Deng(p4,xiw,M3)^2*Deng(q2 + q3,xiw,0)*Deng(q2 + 
      q3,xiw,M3)^2*Deng( - p4 + q2 + q3,xiz,M4)^2*p4.p4*xiw*xiz*ufoGC58*
      ufoGC107*ufoGC69*ufoGC85
       - 1/4*g_(1,6_,nu10)*FT2(g6)*Vec(nu10,q3)*Vec(nu9,-q3)*Vec(nu9,q2)*Vec(
      nu13,-p4)*Vec(nu14,q3)*Deng(p4,xiw,M3)^2*Deng(q2 + q3,xiw,0)*Deng(q2 + 
      q3,xiw,M3)^2*Deng( - p4 + q2 + q3,xiz,M4)^2*p4.p4*xiw*xiz*ufoGC58*
      ufoGC107*ufoGC69*ufoGC85
       - 1/4*g_(1,6_,nu10)*FT2(g6)*Vec(nu10,q3)*Vec(nu9,-q3)*Vec(nu9,q2)*Vec(
      nu13,-p4)*Vec(nu14,-p4)*Deng(p4,xiw,M3)^2*Deng(q2 + q3,xiw,0)*Deng(q2 + 
      q3,xiw,M3)^2*Deng( - p4 + q2 + q3,xiz,M4)^2*p4.p4*xiw*xiz*ufoGC58*
      ufoGC107*ufoGC69*ufoGC85
       + 1/4*g_(1,6_,nu10)*FT2(g6)*Vec(nu10,q3)*Vec(nu9,-q3)*Vec(nu9,q3)*Vec(
      nu13,q2)^2*Deng(p4,xiw,M3)*Deng(q2 + q3,xiw,0)*Deng(q2 + q3,xiw,M3)^2*
      Deng( - p4 + q2 + q3,xiz,M4)^2*xiw*xiz*ufoGC58*ufoGC107*ufoGC69*ufoGC85
       + 1/2*g_(1,6_,nu10)*FT2(g6)*Vec(nu10,q3)*Vec(nu9,-q3)*Vec(nu9,q3)*Vec(
      nu13,q2)*Vec(nu13,q3)*Deng(p4,xiw,M3)*Deng(q2 + q3,xiw,0)*Deng(q2 + q3,
      xiw,M3)^2*Deng( - p4 + q2 + q3,xiz,M4)^2*xiw*xiz*ufoGC58*ufoGC107*
      ufoGC69*ufoGC85
       - 1/4*g_(1,6_,nu10)*FT2(g6)*Vec(nu10,q3)*Vec(nu9,-q3)*Vec(nu9,q3)*Vec(
      nu13,q2)*Vec(nu14,q2)*Deng(p4,xiw,M3)^2*Deng(q2 + q3,xiw,0)*Deng(q2 + q3
      ,xiw,M3)^2*Deng( - p4 + q2 + q3,xiz,M4)^2*p4.p4*xiw*xiz*ufoGC58*ufoGC107
      *ufoGC69*ufoGC85
       - 1/4*g_(1,6_,nu10)*FT2(g6)*Vec(nu10,q3)*Vec(nu9,-q3)*Vec(nu9,q3)*Vec(
      nu13,q2)*Vec(nu14,q3)*Deng(p4,xiw,M3)^2*Deng(q2 + q3,xiw,0)*Deng(q2 + q3
      ,xiw,M3)^2*Deng( - p4 + q2 + q3,xiz,M4)^2*p4.p4*xiw*xiz*ufoGC58*ufoGC107
      *ufoGC69*ufoGC85
       - 1/4*g_(1,6_,nu10)*FT2(g6)*Vec(nu10,q3)*Vec(nu9,-q3)*Vec(nu9,q3)*Vec(
      nu13,q2)*Vec(nu14,-p4)*Deng(p4,xiw,M3)^2*Deng(q2 + q3,xiw,0)*Deng(q2 + 
      q3,xiw,M3)^2*Deng( - p4 + q2 + q3,xiz,M4)^2*p4.p4*xiw*xiz*ufoGC58*
      ufoGC107*ufoGC69*ufoGC85
       + 1/4*g_(1,6_,nu10)*FT2(g6)*Vec(nu10,q3)*Vec(nu9,-q3)*Vec(nu9,q3)*Vec(
      nu13,q3)^2*Deng(p4,xiw,M3)*Deng(q2 + q3,xiw,0)*Deng(q2 + q3,xiw,M3)^2*
      Deng( - p4 + q2 + q3,xiz,M4)^2*xiw*xiz*ufoGC58*ufoGC107*ufoGC69*ufoGC85
       - 1/4*g_(1,6_,nu10)*FT2(g6)*Vec(nu10,q3)*Vec(nu9,-q3)*Vec(nu9,q3)*Vec(
      nu13,q3)*Vec(nu14,q2)*Deng(p4,xiw,M3)^2*Deng(q2 + q3,xiw,0)*Deng(q2 + q3
      ,xiw,M3)^2*Deng( - p4 + q2 + q3,xiz,M4)^2*p4.p4*xiw*xiz*ufoGC58*ufoGC107
      *ufoGC69*ufoGC85
       - 1/4*g_(1,6_,nu10)*FT2(g6)*Vec(nu10,q3)*Vec(nu9,-q3)*Vec(nu9,q3)*Vec(
      nu13,q3)*Vec(nu14,q3)*Deng(p4,xiw,M3)^2*Deng(q2 + q3,xiw,0)*Deng(q2 + q3
      ,xiw,M3)^2*Deng( - p4 + q2 + q3,xiz,M4)^2*p4.p4*xiw*xiz*ufoGC58*ufoGC107
      *ufoGC69*ufoGC85
       - 1/4*g_(1,6_,nu10)*FT2(g6)*Vec(nu10,q3)*Vec(nu9,-q3)*Vec(nu9,q3)*Vec(
      nu13,q3)*Vec(nu14,-p4)*Deng(p4,xiw,M3)^2*Deng(q2 + q3,xiw,0)*Deng(q2 + 
      q3,xiw,M3)^2*Deng( - p4 + q2 + q3,xiz,M4)^2*p4.p4*xiw*xiz*ufoGC58*
      ufoGC107*ufoGC69*ufoGC85
       + 1/2*g_(1,6_,nu10)*FT2(g6)*Vec(nu10,q3)*Vec(nu9,-q3)*Vec(nu9,q3)*Vec(
      nu13,-p4)*Vec(nu13,q2)*Deng(p4,xiw,M3)*Deng(q2 + q3,xiw,0)*Deng(q2 + q3,
      xiw,M3)^2*Deng( - p4 + q2 + q3,xiz,M4)^2*xiw*xiz*ufoGC58*ufoGC107*
      ufoGC69*ufoGC85
       + 1/2*g_(1,6_,nu10)*FT2(g6)*Vec(nu10,q3)*Vec(nu9,-q3)*Vec(nu9,q3)*Vec(
      nu13,-p4)*Vec(nu13,q3)*Deng(p4,xiw,M3)*Deng(q2 + q3,xiw,0)*Deng(q2 + q3,
      xiw,M3)^2*Deng( - p4 + q2 + q3,xiz,M4)^2*xiw*xiz*ufoGC58*ufoGC107*
      ufoGC69*ufoGC85
       + 1/4*g_(1,6_,nu10)*FT2(g6)*Vec(nu10,q3)*Vec(nu9,-q3)*Vec(nu9,q3)*Vec(
      nu13,-p4)^2*Deng(p4,xiw,M3)*Deng(q2 + q3,xiw,0)*Deng(q2 + q3,xiw,M3)^2*
      Deng( - p4 + q2 + q3,xiz,M4)^2*xiw*xiz*ufoGC58*ufoGC107*ufoGC69*ufoGC85
       - 1/4*g_(1,6_,nu10)*FT2(g6)*Vec(nu10,q3)*Vec(nu9,-q3)*Vec(nu9,q3)*Vec(
      nu13,-p4)*Vec(nu14,q2)*Deng(p4,xiw,M3)^2*Deng(q2 + q3,xiw,0)*Deng(q2 + 
      q3,xiw,M3)^2*Deng( - p4 + q2 + q3,xiz,M4)^2*p4.p4*xiw*xiz*ufoGC58*
      ufoGC107*ufoGC69*ufoGC85
       - 1/4*g_(1,6_,nu10)*FT2(g6)*Vec(nu10,q3)*Vec(nu9,-q3)*Vec(nu9,q3)*Vec(
      nu13,-p4)*Vec(nu14,q3)*Deng(p4,xiw,M3)^2*Deng(q2 + q3,xiw,0)*Deng(q2 + 
      q3,xiw,M3)^2*Deng( - p4 + q2 + q3,xiz,M4)^2*p4.p4*xiw*xiz*ufoGC58*
      ufoGC107*ufoGC69*ufoGC85
       - 1/4*g_(1,6_,nu10)*FT2(g6)*Vec(nu10,q3)*Vec(nu9,-q3)*Vec(nu9,q3)*Vec(
      nu13,-p4)*Vec(nu14,-p4)*Deng(p4,xiw,M3)^2*Deng(q2 + q3,xiw,0)*Deng(q2 + 
      q3,xiw,M3)^2*Deng( - p4 + q2 + q3,xiz,M4)^2*p4.p4*xiw*xiz*ufoGC58*
      ufoGC107*ufoGC69*ufoGC85
       + 1/4*g_(1,6_,nu10)*FT2(g6)*Vec(nu10,q3)*Vec(nu13,q2)^2*Vec(nu14,-p4)*
      Vec(nu14,q2)*Deng(p4,xiw,M3)*Deng(q2 + q3,xiw,0)*Deng(q2 + q3,xiw,M3)^2*
      Deng( - p4 + q2 + q3,xiz,M4)^2*xiw*xiz*ufoGC58*ufoGC107*ufoGC69*ufoGC85
       + 1/4*g_(1,6_,nu10)*FT2(g6)*Vec(nu10,q3)*Vec(nu13,q2)^2*Vec(nu14,-p4)*
      Vec(nu14,q3)*Deng(p4,xiw,M3)*Deng(q2 + q3,xiw,0)*Deng(q2 + q3,xiw,M3)^2*
      Deng( - p4 + q2 + q3,xiz,M4)^2*xiw*xiz*ufoGC58*ufoGC107*ufoGC69*ufoGC85
       + 1/4*g_(1,6_,nu10)*FT2(g6)*Vec(nu10,q3)*Vec(nu13,q2)^2*Vec(nu14,-p4)^2
      *Deng(p4,xiw,M3)*Deng(q2 + q3,xiw,0)*Deng(q2 + q3,xiw,M3)^2*Deng( - p4
       + q2 + q3,xiz,M4)^2*xiw*xiz*ufoGC58*ufoGC107*ufoGC69*ufoGC85
       + 1/2*g_(1,6_,nu10)*FT2(g6)*Vec(nu10,q3)*Vec(nu13,q2)*Vec(nu13,q3)*Vec(
      nu14,-p4)*Vec(nu14,q2)*Deng(p4,xiw,M3)*Deng(q2 + q3,xiw,0)*Deng(q2 + q3,
      xiw,M3)^2*Deng( - p4 + q2 + q3,xiz,M4)^2*xiw*xiz*ufoGC58*ufoGC107*
      ufoGC69*ufoGC85
       + 1/2*g_(1,6_,nu10)*FT2(g6)*Vec(nu10,q3)*Vec(nu13,q2)*Vec(nu13,q3)*Vec(
      nu14,-p4)*Vec(nu14,q3)*Deng(p4,xiw,M3)*Deng(q2 + q3,xiw,0)*Deng(q2 + q3,
      xiw,M3)^2*Deng( - p4 + q2 + q3,xiz,M4)^2*xiw*xiz*ufoGC58*ufoGC107*
      ufoGC69*ufoGC85
       + 1/2*g_(1,6_,nu10)*FT2(g6)*Vec(nu10,q3)*Vec(nu13,q2)*Vec(nu13,q3)*Vec(
      nu14,-p4)^2*Deng(p4,xiw,M3)*Deng(q2 + q3,xiw,0)*Deng(q2 + q3,xiw,M3)^2*
      Deng( - p4 + q2 + q3,xiz,M4)^2*xiw*xiz*ufoGC58*ufoGC107*ufoGC69*ufoGC85
       + 1/4*g_(1,6_,nu10)*FT2(g6)*Vec(nu10,q3)*Vec(nu13,q2)*Vec(nu14,q2)^2*
      Vec(nu16,-q2)*Deng(p4,xiw,M3)^2*Deng(q2 + q3,xiw,0)*Deng(q2 + q3,xiw,M3)
      ^2*Deng( - p4 + q2 + q3,xiz,M4)^2*p4.p4*xiw*xiz*ufoGC58*ufoGC107*ufoGC69
      *ufoGC85
       + 1/4*g_(1,6_,nu10)*FT2(g6)*Vec(nu10,q3)*Vec(nu13,q2)*Vec(nu14,q2)^2*
      Vec(nu16,-q3)*Deng(p4,xiw,M3)^2*Deng(q2 + q3,xiw,0)*Deng(q2 + q3,xiw,M3)
      ^2*Deng( - p4 + q2 + q3,xiz,M4)^2*p4.p4*xiw*xiz*ufoGC58*ufoGC107*ufoGC69
      *ufoGC85
       - 1/4*g_(1,6_,nu10)*FT2(g6)*Vec(nu10,q3)*Vec(nu13,q2)*Vec(nu14,q2)^2*
      Vecr(nu13,p4)*Deng(p4,xiw,M3)*Deng(q2 + q3,xiw,0)*Deng(q2 + q3,xiw,M3)^2
      *Deng( - p4 + q2 + q3,xiz,M4)^2*xiw*xiz*ufoGC58*ufoGC107*ufoGC69*ufoGC85
       + 1/4*g_(1,6_,nu10)*FT2(g6)*Vec(nu10,q3)*Vec(nu13,q2)*Vec(nu14,q2)^2*
      Vecr(nu16,p4)*Deng(p4,xiw,M3)^2*Deng(q2 + q3,xiw,0)*Deng(q2 + q3,xiw,M3)
      ^2*Deng( - p4 + q2 + q3,xiz,M4)^2*p4.p4*xiw*xiz*ufoGC58*ufoGC107*ufoGC69
      *ufoGC85
       + 1/2*g_(1,6_,nu10)*FT2(g6)*Vec(nu10,q3)*Vec(nu13,q2)*Vec(nu14,q2)*Vec(
      nu14,q3)*Vec(nu16,-q2)*Deng(p4,xiw,M3)^2*Deng(q2 + q3,xiw,0)*Deng(q2 + 
      q3,xiw,M3)^2*Deng( - p4 + q2 + q3,xiz,M4)^2*p4.p4*xiw*xiz*ufoGC58*
      ufoGC107*ufoGC69*ufoGC85
       + 1/2*g_(1,6_,nu10)*FT2(g6)*Vec(nu10,q3)*Vec(nu13,q2)*Vec(nu14,q2)*Vec(
      nu14,q3)*Vec(nu16,-q3)*Deng(p4,xiw,M3)^2*Deng(q2 + q3,xiw,0)*Deng(q2 + 
      q3,xiw,M3)^2*Deng( - p4 + q2 + q3,xiz,M4)^2*p4.p4*xiw*xiz*ufoGC58*
      ufoGC107*ufoGC69*ufoGC85
       - 1/2*g_(1,6_,nu10)*FT2(g6)*Vec(nu10,q3)*Vec(nu13,q2)*Vec(nu14,q2)*Vec(
      nu14,q3)*Vecr(nu13,p4)*Deng(p4,xiw,M3)*Deng(q2 + q3,xiw,0)*Deng(q2 + q3,
      xiw,M3)^2*Deng( - p4 + q2 + q3,xiz,M4)^2*xiw*xiz*ufoGC58*ufoGC107*
      ufoGC69*ufoGC85
       + 1/2*g_(1,6_,nu10)*FT2(g6)*Vec(nu10,q3)*Vec(nu13,q2)*Vec(nu14,q2)*Vec(
      nu14,q3)*Vecr(nu16,p4)*Deng(p4,xiw,M3)^2*Deng(q2 + q3,xiw,0)*Deng(q2 + 
      q3,xiw,M3)^2*Deng( - p4 + q2 + q3,xiz,M4)^2*p4.p4*xiw*xiz*ufoGC58*
      ufoGC107*ufoGC69*ufoGC85
       + 1/4*g_(1,6_,nu10)*FT2(g6)*Vec(nu10,q3)*Vec(nu13,q2)*Vec(nu14,q3)^2*
      Vec(nu16,-q2)*Deng(p4,xiw,M3)^2*Deng(q2 + q3,xiw,0)*Deng(q2 + q3,xiw,M3)
      ^2*Deng( - p4 + q2 + q3,xiz,M4)^2*p4.p4*xiw*xiz*ufoGC58*ufoGC107*ufoGC69
      *ufoGC85
       + 1/4*g_(1,6_,nu10)*FT2(g6)*Vec(nu10,q3)*Vec(nu13,q2)*Vec(nu14,q3)^2*
      Vec(nu16,-q3)*Deng(p4,xiw,M3)^2*Deng(q2 + q3,xiw,0)*Deng(q2 + q3,xiw,M3)
      ^2*Deng( - p4 + q2 + q3,xiz,M4)^2*p4.p4*xiw*xiz*ufoGC58*ufoGC107*ufoGC69
      *ufoGC85
       - 1/4*g_(1,6_,nu10)*FT2(g6)*Vec(nu10,q3)*Vec(nu13,q2)*Vec(nu14,q3)^2*
      Vecr(nu13,p4)*Deng(p4,xiw,M3)*Deng(q2 + q3,xiw,0)*Deng(q2 + q3,xiw,M3)^2
      *Deng( - p4 + q2 + q3,xiz,M4)^2*xiw*xiz*ufoGC58*ufoGC107*ufoGC69*ufoGC85
       + 1/4*g_(1,6_,nu10)*FT2(g6)*Vec(nu10,q3)*Vec(nu13,q2)*Vec(nu14,q3)^2*
      Vecr(nu16,p4)*Deng(p4,xiw,M3)^2*Deng(q2 + q3,xiw,0)*Deng(q2 + q3,xiw,M3)
      ^2*Deng( - p4 + q2 + q3,xiz,M4)^2*p4.p4*xiw*xiz*ufoGC58*ufoGC107*ufoGC69
      *ufoGC85
       - 1/4*g_(1,6_,nu10)*FT2(g6)*Vec(nu10,q3)*Vec(nu13,q2)*Vec(nu14,-p4)*
      Vec(nu14,q2)*Vec(nu16,q2)*Deng(p4,xiw,M3)^2*Deng(q2 + q3,xiw,0)*Deng(q2
       + q3,xiw,M3)^2*Deng( - p4 + q2 + q3,xiz,M4)^2*p4.p4*xiw*xiz*ufoGC58*
      ufoGC107*ufoGC69*ufoGC85
       - 1/4*g_(1,6_,nu10)*FT2(g6)*Vec(nu10,q3)*Vec(nu13,q2)*Vec(nu14,-p4)*
      Vec(nu14,q2)*Vec(nu16,q3)*Deng(p4,xiw,M3)^2*Deng(q2 + q3,xiw,0)*Deng(q2
       + q3,xiw,M3)^2*Deng( - p4 + q2 + q3,xiz,M4)^2*p4.p4*xiw*xiz*ufoGC58*
      ufoGC107*ufoGC69*ufoGC85
       + 1/4*g_(1,6_,nu10)*FT2(g6)*Vec(nu10,q3)*Vec(nu13,q2)*Vec(nu14,-p4)*
      Vec(nu14,q2)*Vec(nu16,-q2)*Deng(p4,xiw,M3)^2*Deng(q2 + q3,xiw,0)*Deng(q2
       + q3,xiw,M3)^2*Deng( - p4 + q2 + q3,xiz,M4)^2*p4.p4*xiw*xiz*ufoGC58*
      ufoGC107*ufoGC69*ufoGC85
       + 1/4*g_(1,6_,nu10)*FT2(g6)*Vec(nu10,q3)*Vec(nu13,q2)*Vec(nu14,-p4)*
      Vec(nu14,q2)*Vec(nu16,-q3)*Deng(p4,xiw,M3)^2*Deng(q2 + q3,xiw,0)*Deng(q2
       + q3,xiw,M3)^2*Deng( - p4 + q2 + q3,xiz,M4)^2*p4.p4*xiw*xiz*ufoGC58*
      ufoGC107*ufoGC69*ufoGC85
       - 1/4*g_(1,6_,nu10)*FT2(g6)*Vec(nu10,q3)*Vec(nu13,q2)*Vec(nu14,-p4)*
      Vec(nu14,q2)*Vecr(nu13,p4)*Deng(p4,xiw,M3)*Deng(q2 + q3,xiw,0)*Deng(q2
       + q3,xiw,M3)^2*Deng( - p4 + q2 + q3,xiz,M4)^2*xiw*xiz*ufoGC58*ufoGC107*
      ufoGC69*ufoGC85
       + 1/4*g_(1,6_,nu10)*FT2(g6)*Vec(nu10,q3)*Vec(nu13,q2)*Vec(nu14,-p4)*
      Vec(nu14,q2)*Vecr(nu16,p4)*Deng(p4,xiw,M3)^2*Deng(q2 + q3,xiw,0)*Deng(q2
       + q3,xiw,M3)^2*Deng( - p4 + q2 + q3,xiz,M4)^2*p4.p4*xiw*xiz*ufoGC58*
      ufoGC107*ufoGC69*ufoGC85
       - 1/4*g_(1,6_,nu10)*FT2(g6)*Vec(nu10,q3)*Vec(nu13,q2)*Vec(nu14,-p4)*
      Vec(nu14,q3)*Vec(nu16,q2)*Deng(p4,xiw,M3)^2*Deng(q2 + q3,xiw,0)*Deng(q2
       + q3,xiw,M3)^2*Deng( - p4 + q2 + q3,xiz,M4)^2*p4.p4*xiw*xiz*ufoGC58*
      ufoGC107*ufoGC69*ufoGC85
       - 1/4*g_(1,6_,nu10)*FT2(g6)*Vec(nu10,q3)*Vec(nu13,q2)*Vec(nu14,-p4)*
      Vec(nu14,q3)*Vec(nu16,q3)*Deng(p4,xiw,M3)^2*Deng(q2 + q3,xiw,0)*Deng(q2
       + q3,xiw,M3)^2*Deng( - p4 + q2 + q3,xiz,M4)^2*p4.p4*xiw*xiz*ufoGC58*
      ufoGC107*ufoGC69*ufoGC85
       + 1/4*g_(1,6_,nu10)*FT2(g6)*Vec(nu10,q3)*Vec(nu13,q2)*Vec(nu14,-p4)*
      Vec(nu14,q3)*Vec(nu16,-q2)*Deng(p4,xiw,M3)^2*Deng(q2 + q3,xiw,0)*Deng(q2
       + q3,xiw,M3)^2*Deng( - p4 + q2 + q3,xiz,M4)^2*p4.p4*xiw*xiz*ufoGC58*
      ufoGC107*ufoGC69*ufoGC85
       + 1/4*g_(1,6_,nu10)*FT2(g6)*Vec(nu10,q3)*Vec(nu13,q2)*Vec(nu14,-p4)*
      Vec(nu14,q3)*Vec(nu16,-q3)*Deng(p4,xiw,M3)^2*Deng(q2 + q3,xiw,0)*Deng(q2
       + q3,xiw,M3)^2*Deng( - p4 + q2 + q3,xiz,M4)^2*p4.p4*xiw*xiz*ufoGC58*
      ufoGC107*ufoGC69*ufoGC85
       - 1/4*g_(1,6_,nu10)*FT2(g6)*Vec(nu10,q3)*Vec(nu13,q2)*Vec(nu14,-p4)*
      Vec(nu14,q3)*Vecr(nu13,p4)*Deng(p4,xiw,M3)*Deng(q2 + q3,xiw,0)*Deng(q2
       + q3,xiw,M3)^2*Deng( - p4 + q2 + q3,xiz,M4)^2*xiw*xiz*ufoGC58*ufoGC107*
      ufoGC69*ufoGC85
       + 1/4*g_(1,6_,nu10)*FT2(g6)*Vec(nu10,q3)*Vec(nu13,q2)*Vec(nu14,-p4)*
      Vec(nu14,q3)*Vecr(nu16,p4)*Deng(p4,xiw,M3)^2*Deng(q2 + q3,xiw,0)*Deng(q2
       + q3,xiw,M3)^2*Deng( - p4 + q2 + q3,xiz,M4)^2*p4.p4*xiw*xiz*ufoGC58*
      ufoGC107*ufoGC69*ufoGC85
       - 1/4*g_(1,6_,nu10)*FT2(g6)*Vec(nu10,q3)*Vec(nu13,q2)*Vec(nu14,-p4)^2*
      Vec(nu16,q2)*Deng(p4,xiw,M3)^2*Deng(q2 + q3,xiw,0)*Deng(q2 + q3,xiw,M3)^
      2*Deng( - p4 + q2 + q3,xiz,M4)^2*p4.p4*xiw*xiz*ufoGC58*ufoGC107*ufoGC69*
      ufoGC85
       - 1/4*g_(1,6_,nu10)*FT2(g6)*Vec(nu10,q3)*Vec(nu13,q2)*Vec(nu14,-p4)^2*
      Vec(nu16,q3)*Deng(p4,xiw,M3)^2*Deng(q2 + q3,xiw,0)*Deng(q2 + q3,xiw,M3)^
      2*Deng( - p4 + q2 + q3,xiz,M4)^2*p4.p4*xiw*xiz*ufoGC58*ufoGC107*ufoGC69*
      ufoGC85
       + 1/4*g_(1,6_,nu10)*FT2(g6)*Vec(nu10,q3)*Vec(nu13,q3)^2*Vec(nu14,-p4)*
      Vec(nu14,q2)*Deng(p4,xiw,M3)*Deng(q2 + q3,xiw,0)*Deng(q2 + q3,xiw,M3)^2*
      Deng( - p4 + q2 + q3,xiz,M4)^2*xiw*xiz*ufoGC58*ufoGC107*ufoGC69*ufoGC85
       + 1/4*g_(1,6_,nu10)*FT2(g6)*Vec(nu10,q3)*Vec(nu13,q3)^2*Vec(nu14,-p4)*
      Vec(nu14,q3)*Deng(p4,xiw,M3)*Deng(q2 + q3,xiw,0)*Deng(q2 + q3,xiw,M3)^2*
      Deng( - p4 + q2 + q3,xiz,M4)^2*xiw*xiz*ufoGC58*ufoGC107*ufoGC69*ufoGC85
       + 1/4*g_(1,6_,nu10)*FT2(g6)*Vec(nu10,q3)*Vec(nu13,q3)^2*Vec(nu14,-p4)^2
      *Deng(p4,xiw,M3)*Deng(q2 + q3,xiw,0)*Deng(q2 + q3,xiw,M3)^2*Deng( - p4
       + q2 + q3,xiz,M4)^2*xiw*xiz*ufoGC58*ufoGC107*ufoGC69*ufoGC85
       + 1/4*g_(1,6_,nu10)*FT2(g6)*Vec(nu10,q3)*Vec(nu13,q3)*Vec(nu14,q2)^2*
      Vec(nu16,-q2)*Deng(p4,xiw,M3)^2*Deng(q2 + q3,xiw,0)*Deng(q2 + q3,xiw,M3)
      ^2*Deng( - p4 + q2 + q3,xiz,M4)^2*p4.p4*xiw*xiz*ufoGC58*ufoGC107*ufoGC69
      *ufoGC85
       + 1/4*g_(1,6_,nu10)*FT2(g6)*Vec(nu10,q3)*Vec(nu13,q3)*Vec(nu14,q2)^2*
      Vec(nu16,-q3)*Deng(p4,xiw,M3)^2*Deng(q2 + q3,xiw,0)*Deng(q2 + q3,xiw,M3)
      ^2*Deng( - p4 + q2 + q3,xiz,M4)^2*p4.p4*xiw*xiz*ufoGC58*ufoGC107*ufoGC69
      *ufoGC85
       - 1/4*g_(1,6_,nu10)*FT2(g6)*Vec(nu10,q3)*Vec(nu13,q3)*Vec(nu14,q2)^2*
      Vecr(nu13,p4)*Deng(p4,xiw,M3)*Deng(q2 + q3,xiw,0)*Deng(q2 + q3,xiw,M3)^2
      *Deng( - p4 + q2 + q3,xiz,M4)^2*xiw*xiz*ufoGC58*ufoGC107*ufoGC69*ufoGC85
       + 1/4*g_(1,6_,nu10)*FT2(g6)*Vec(nu10,q3)*Vec(nu13,q3)*Vec(nu14,q2)^2*
      Vecr(nu16,p4)*Deng(p4,xiw,M3)^2*Deng(q2 + q3,xiw,0)*Deng(q2 + q3,xiw,M3)
      ^2*Deng( - p4 + q2 + q3,xiz,M4)^2*p4.p4*xiw*xiz*ufoGC58*ufoGC107*ufoGC69
      *ufoGC85
       + 1/2*g_(1,6_,nu10)*FT2(g6)*Vec(nu10,q3)*Vec(nu13,q3)*Vec(nu14,q2)*Vec(
      nu14,q3)*Vec(nu16,-q2)*Deng(p4,xiw,M3)^2*Deng(q2 + q3,xiw,0)*Deng(q2 + 
      q3,xiw,M3)^2*Deng( - p4 + q2 + q3,xiz,M4)^2*p4.p4*xiw*xiz*ufoGC58*
      ufoGC107*ufoGC69*ufoGC85
       + 1/2*g_(1,6_,nu10)*FT2(g6)*Vec(nu10,q3)*Vec(nu13,q3)*Vec(nu14,q2)*Vec(
      nu14,q3)*Vec(nu16,-q3)*Deng(p4,xiw,M3)^2*Deng(q2 + q3,xiw,0)*Deng(q2 + 
      q3,xiw,M3)^2*Deng( - p4 + q2 + q3,xiz,M4)^2*p4.p4*xiw*xiz*ufoGC58*
      ufoGC107*ufoGC69*ufoGC85
       - 1/2*g_(1,6_,nu10)*FT2(g6)*Vec(nu10,q3)*Vec(nu13,q3)*Vec(nu14,q2)*Vec(
      nu14,q3)*Vecr(nu13,p4)*Deng(p4,xiw,M3)*Deng(q2 + q3,xiw,0)*Deng(q2 + q3,
      xiw,M3)^2*Deng( - p4 + q2 + q3,xiz,M4)^2*xiw*xiz*ufoGC58*ufoGC107*
      ufoGC69*ufoGC85
       + 1/2*g_(1,6_,nu10)*FT2(g6)*Vec(nu10,q3)*Vec(nu13,q3)*Vec(nu14,q2)*Vec(
      nu14,q3)*Vecr(nu16,p4)*Deng(p4,xiw,M3)^2*Deng(q2 + q3,xiw,0)*Deng(q2 + 
      q3,xiw,M3)^2*Deng( - p4 + q2 + q3,xiz,M4)^2*p4.p4*xiw*xiz*ufoGC58*
      ufoGC107*ufoGC69*ufoGC85
       + 1/4*g_(1,6_,nu10)*FT2(g6)*Vec(nu10,q3)*Vec(nu13,q3)*Vec(nu14,q3)^2*
      Vec(nu16,-q2)*Deng(p4,xiw,M3)^2*Deng(q2 + q3,xiw,0)*Deng(q2 + q3,xiw,M3)
      ^2*Deng( - p4 + q2 + q3,xiz,M4)^2*p4.p4*xiw*xiz*ufoGC58*ufoGC107*ufoGC69
      *ufoGC85
       + 1/4*g_(1,6_,nu10)*FT2(g6)*Vec(nu10,q3)*Vec(nu13,q3)*Vec(nu14,q3)^2*
      Vec(nu16,-q3)*Deng(p4,xiw,M3)^2*Deng(q2 + q3,xiw,0)*Deng(q2 + q3,xiw,M3)
      ^2*Deng( - p4 + q2 + q3,xiz,M4)^2*p4.p4*xiw*xiz*ufoGC58*ufoGC107*ufoGC69
      *ufoGC85
       - 1/4*g_(1,6_,nu10)*FT2(g6)*Vec(nu10,q3)*Vec(nu13,q3)*Vec(nu14,q3)^2*
      Vecr(nu13,p4)*Deng(p4,xiw,M3)*Deng(q2 + q3,xiw,0)*Deng(q2 + q3,xiw,M3)^2
      *Deng( - p4 + q2 + q3,xiz,M4)^2*xiw*xiz*ufoGC58*ufoGC107*ufoGC69*ufoGC85
       + 1/4*g_(1,6_,nu10)*FT2(g6)*Vec(nu10,q3)*Vec(nu13,q3)*Vec(nu14,q3)^2*
      Vecr(nu16,p4)*Deng(p4,xiw,M3)^2*Deng(q2 + q3,xiw,0)*Deng(q2 + q3,xiw,M3)
      ^2*Deng( - p4 + q2 + q3,xiz,M4)^2*p4.p4*xiw*xiz*ufoGC58*ufoGC107*ufoGC69
      *ufoGC85
       - 1/4*g_(1,6_,nu10)*FT2(g6)*Vec(nu10,q3)*Vec(nu13,q3)*Vec(nu14,-p4)*
      Vec(nu14,q2)*Vec(nu16,q2)*Deng(p4,xiw,M3)^2*Deng(q2 + q3,xiw,0)*Deng(q2
       + q3,xiw,M3)^2*Deng( - p4 + q2 + q3,xiz,M4)^2*p4.p4*xiw*xiz*ufoGC58*
      ufoGC107*ufoGC69*ufoGC85
       - 1/4*g_(1,6_,nu10)*FT2(g6)*Vec(nu10,q3)*Vec(nu13,q3)*Vec(nu14,-p4)*
      Vec(nu14,q2)*Vec(nu16,q3)*Deng(p4,xiw,M3)^2*Deng(q2 + q3,xiw,0)*Deng(q2
       + q3,xiw,M3)^2*Deng( - p4 + q2 + q3,xiz,M4)^2*p4.p4*xiw*xiz*ufoGC58*
      ufoGC107*ufoGC69*ufoGC85
       + 1/4*g_(1,6_,nu10)*FT2(g6)*Vec(nu10,q3)*Vec(nu13,q3)*Vec(nu14,-p4)*
      Vec(nu14,q2)*Vec(nu16,-q2)*Deng(p4,xiw,M3)^2*Deng(q2 + q3,xiw,0)*Deng(q2
       + q3,xiw,M3)^2*Deng( - p4 + q2 + q3,xiz,M4)^2*p4.p4*xiw*xiz*ufoGC58*
      ufoGC107*ufoGC69*ufoGC85
       + 1/4*g_(1,6_,nu10)*FT2(g6)*Vec(nu10,q3)*Vec(nu13,q3)*Vec(nu14,-p4)*
      Vec(nu14,q2)*Vec(nu16,-q3)*Deng(p4,xiw,M3)^2*Deng(q2 + q3,xiw,0)*Deng(q2
       + q3,xiw,M3)^2*Deng( - p4 + q2 + q3,xiz,M4)^2*p4.p4*xiw*xiz*ufoGC58*
      ufoGC107*ufoGC69*ufoGC85
       - 1/4*g_(1,6_,nu10)*FT2(g6)*Vec(nu10,q3)*Vec(nu13,q3)*Vec(nu14,-p4)*
      Vec(nu14,q2)*Vecr(nu13,p4)*Deng(p4,xiw,M3)*Deng(q2 + q3,xiw,0)*Deng(q2
       + q3,xiw,M3)^2*Deng( - p4 + q2 + q3,xiz,M4)^2*xiw*xiz*ufoGC58*ufoGC107*
      ufoGC69*ufoGC85
       + 1/4*g_(1,6_,nu10)*FT2(g6)*Vec(nu10,q3)*Vec(nu13,q3)*Vec(nu14,-p4)*
      Vec(nu14,q2)*Vecr(nu16,p4)*Deng(p4,xiw,M3)^2*Deng(q2 + q3,xiw,0)*Deng(q2
       + q3,xiw,M3)^2*Deng( - p4 + q2 + q3,xiz,M4)^2*p4.p4*xiw*xiz*ufoGC58*
      ufoGC107*ufoGC69*ufoGC85
       - 1/4*g_(1,6_,nu10)*FT2(g6)*Vec(nu10,q3)*Vec(nu13,q3)*Vec(nu14,-p4)*
      Vec(nu14,q3)*Vec(nu16,q2)*Deng(p4,xiw,M3)^2*Deng(q2 + q3,xiw,0)*Deng(q2
       + q3,xiw,M3)^2*Deng( - p4 + q2 + q3,xiz,M4)^2*p4.p4*xiw*xiz*ufoGC58*
      ufoGC107*ufoGC69*ufoGC85
       - 1/4*g_(1,6_,nu10)*FT2(g6)*Vec(nu10,q3)*Vec(nu13,q3)*Vec(nu14,-p4)*
      Vec(nu14,q3)*Vec(nu16,q3)*Deng(p4,xiw,M3)^2*Deng(q2 + q3,xiw,0)*Deng(q2
       + q3,xiw,M3)^2*Deng( - p4 + q2 + q3,xiz,M4)^2*p4.p4*xiw*xiz*ufoGC58*
      ufoGC107*ufoGC69*ufoGC85
       + 1/4*g_(1,6_,nu10)*FT2(g6)*Vec(nu10,q3)*Vec(nu13,q3)*Vec(nu14,-p4)*
      Vec(nu14,q3)*Vec(nu16,-q2)*Deng(p4,xiw,M3)^2*Deng(q2 + q3,xiw,0)*Deng(q2
       + q3,xiw,M3)^2*Deng( - p4 + q2 + q3,xiz,M4)^2*p4.p4*xiw*xiz*ufoGC58*
      ufoGC107*ufoGC69*ufoGC85
       + 1/4*g_(1,6_,nu10)*FT2(g6)*Vec(nu10,q3)*Vec(nu13,q3)*Vec(nu14,-p4)*
      Vec(nu14,q3)*Vec(nu16,-q3)*Deng(p4,xiw,M3)^2*Deng(q2 + q3,xiw,0)*Deng(q2
       + q3,xiw,M3)^2*Deng( - p4 + q2 + q3,xiz,M4)^2*p4.p4*xiw*xiz*ufoGC58*
      ufoGC107*ufoGC69*ufoGC85
       - 1/4*g_(1,6_,nu10)*FT2(g6)*Vec(nu10,q3)*Vec(nu13,q3)*Vec(nu14,-p4)*
      Vec(nu14,q3)*Vecr(nu13,p4)*Deng(p4,xiw,M3)*Deng(q2 + q3,xiw,0)*Deng(q2
       + q3,xiw,M3)^2*Deng( - p4 + q2 + q3,xiz,M4)^2*xiw*xiz*ufoGC58*ufoGC107*
      ufoGC69*ufoGC85
       + 1/4*g_(1,6_,nu10)*FT2(g6)*Vec(nu10,q3)*Vec(nu13,q3)*Vec(nu14,-p4)*
      Vec(nu14,q3)*Vecr(nu16,p4)*Deng(p4,xiw,M3)^2*Deng(q2 + q3,xiw,0)*Deng(q2
       + q3,xiw,M3)^2*Deng( - p4 + q2 + q3,xiz,M4)^2*p4.p4*xiw*xiz*ufoGC58*
      ufoGC107*ufoGC69*ufoGC85
       - 1/4*g_(1,6_,nu10)*FT2(g6)*Vec(nu10,q3)*Vec(nu13,q3)*Vec(nu14,-p4)^2*
      Vec(nu16,q2)*Deng(p4,xiw,M3)^2*Deng(q2 + q3,xiw,0)*Deng(q2 + q3,xiw,M3)^
      2*Deng( - p4 + q2 + q3,xiz,M4)^2*p4.p4*xiw*xiz*ufoGC58*ufoGC107*ufoGC69*
      ufoGC85
       - 1/4*g_(1,6_,nu10)*FT2(g6)*Vec(nu10,q3)*Vec(nu13,q3)*Vec(nu14,-p4)^2*
      Vec(nu16,q3)*Deng(p4,xiw,M3)^2*Deng(q2 + q3,xiw,0)*Deng(q2 + q3,xiw,M3)^
      2*Deng( - p4 + q2 + q3,xiz,M4)^2*p4.p4*xiw*xiz*ufoGC58*ufoGC107*ufoGC69*
      ufoGC85
       + 1/4*g_(1,6_,nu10)*FT2(g6)*Vec(nu10,q3)*Vec(nu13,-p4)*Vec(nu13,q2)*
      Vec(nu14,-p4)*Vec(nu14,q2)*Deng(p4,xiw,M3)*Deng(q2 + q3,xiw,0)*Deng(q2
       + q3,xiw,M3)^2*Deng( - p4 + q2 + q3,xiz,M4)^2*xiw*xiz*ufoGC58*ufoGC107*
      ufoGC69*ufoGC85
       + 1/4*g_(1,6_,nu10)*FT2(g6)*Vec(nu10,q3)*Vec(nu13,-p4)*Vec(nu13,q2)*
      Vec(nu14,-p4)*Vec(nu14,q3)*Deng(p4,xiw,M3)*Deng(q2 + q3,xiw,0)*Deng(q2
       + q3,xiw,M3)^2*Deng( - p4 + q2 + q3,xiz,M4)^2*xiw*xiz*ufoGC58*ufoGC107*
      ufoGC69*ufoGC85
       + 1/4*g_(1,6_,nu10)*FT2(g6)*Vec(nu10,q3)*Vec(nu13,-p4)*Vec(nu13,q2)*
      Vec(nu14,-p4)^2*Deng(p4,xiw,M3)*Deng(q2 + q3,xiw,0)*Deng(q2 + q3,xiw,M3)
      ^2*Deng( - p4 + q2 + q3,xiz,M4)^2*xiw*xiz*ufoGC58*ufoGC107*ufoGC69*
      ufoGC85
       + 1/4*g_(1,6_,nu10)*FT2(g6)*Vec(nu10,q3)*Vec(nu13,-p4)*Vec(nu13,q3)*
      Vec(nu14,-p4)*Vec(nu14,q2)*Deng(p4,xiw,M3)*Deng(q2 + q3,xiw,0)*Deng(q2
       + q3,xiw,M3)^2*Deng( - p4 + q2 + q3,xiz,M4)^2*xiw*xiz*ufoGC58*ufoGC107*
      ufoGC69*ufoGC85
       + 1/4*g_(1,6_,nu10)*FT2(g6)*Vec(nu10,q3)*Vec(nu13,-p4)*Vec(nu13,q3)*
      Vec(nu14,-p4)*Vec(nu14,q3)*Deng(p4,xiw,M3)*Deng(q2 + q3,xiw,0)*Deng(q2
       + q3,xiw,M3)^2*Deng( - p4 + q2 + q3,xiz,M4)^2*xiw*xiz*ufoGC58*ufoGC107*
      ufoGC69*ufoGC85
       + 1/4*g_(1,6_,nu10)*FT2(g6)*Vec(nu10,q3)*Vec(nu13,-p4)*Vec(nu13,q3)*
      Vec(nu14,-p4)^2*Deng(p4,xiw,M3)*Deng(q2 + q3,xiw,0)*Deng(q2 + q3,xiw,M3)
      ^2*Deng( - p4 + q2 + q3,xiz,M4)^2*xiw*xiz*ufoGC58*ufoGC107*ufoGC69*
      ufoGC85
       - 1/4*g_(1,6_,nu10)*FT2(g6)*Vec(nu10,q3)*Vec(nu13,-p4)*Vec(nu13,-q2)*
      Vec(nu14,q2)^2*Deng(p4,xiw,M3)*Deng(q2 + q3,xiw,0)*Deng(q2 + q3,xiw,M3)^
      2*Deng( - p4 + q2 + q3,xiz,M4)^2*xiw*xiz*ufoGC58*ufoGC107*ufoGC69*
      ufoGC85
       - 1/2*g_(1,6_,nu10)*FT2(g6)*Vec(nu10,q3)*Vec(nu13,-p4)*Vec(nu13,-q2)*
      Vec(nu14,q2)*Vec(nu14,q3)*Deng(p4,xiw,M3)*Deng(q2 + q3,xiw,0)*Deng(q2 + 
      q3,xiw,M3)^2*Deng( - p4 + q2 + q3,xiz,M4)^2*xiw*xiz*ufoGC58*ufoGC107*
      ufoGC69*ufoGC85
       - 1/4*g_(1,6_,nu10)*FT2(g6)*Vec(nu10,q3)*Vec(nu13,-p4)*Vec(nu13,-q2)*
      Vec(nu14,q3)^2*Deng(p4,xiw,M3)*Deng(q2 + q3,xiw,0)*Deng(q2 + q3,xiw,M3)^
      2*Deng( - p4 + q2 + q3,xiz,M4)^2*xiw*xiz*ufoGC58*ufoGC107*ufoGC69*
      ufoGC85
       - 1/4*g_(1,6_,nu10)*FT2(g6)*Vec(nu10,q3)*Vec(nu13,-p4)*Vec(nu13,-q2)*
      Vec(nu14,-p4)*Vec(nu14,q2)*Deng(p4,xiw,M3)*Deng(q2 + q3,xiw,0)*Deng(q2
       + q3,xiw,M3)^2*Deng( - p4 + q2 + q3,xiz,M4)^2*xiw*xiz*ufoGC58*ufoGC107*
      ufoGC69*ufoGC85
       - 1/4*g_(1,6_,nu10)*FT2(g6)*Vec(nu10,q3)*Vec(nu13,-p4)*Vec(nu13,-q2)*
      Vec(nu14,-p4)*Vec(nu14,q3)*Deng(p4,xiw,M3)*Deng(q2 + q3,xiw,0)*Deng(q2
       + q3,xiw,M3)^2*Deng( - p4 + q2 + q3,xiz,M4)^2*xiw*xiz*ufoGC58*ufoGC107*
      ufoGC69*ufoGC85
       - 1/4*g_(1,6_,nu10)*FT2(g6)*Vec(nu10,q3)*Vec(nu13,-p4)*Vec(nu13,-q3)*
      Vec(nu14,q2)^2*Deng(p4,xiw,M3)*Deng(q2 + q3,xiw,0)*Deng(q2 + q3,xiw,M3)^
      2*Deng( - p4 + q2 + q3,xiz,M4)^2*xiw*xiz*ufoGC58*ufoGC107*ufoGC69*
      ufoGC85
       - 1/2*g_(1,6_,nu10)*FT2(g6)*Vec(nu10,q3)*Vec(nu13,-p4)*Vec(nu13,-q3)*
      Vec(nu14,q2)*Vec(nu14,q3)*Deng(p4,xiw,M3)*Deng(q2 + q3,xiw,0)*Deng(q2 + 
      q3,xiw,M3)^2*Deng( - p4 + q2 + q3,xiz,M4)^2*xiw*xiz*ufoGC58*ufoGC107*
      ufoGC69*ufoGC85
       - 1/4*g_(1,6_,nu10)*FT2(g6)*Vec(nu10,q3)*Vec(nu13,-p4)*Vec(nu13,-q3)*
      Vec(nu14,q3)^2*Deng(p4,xiw,M3)*Deng(q2 + q3,xiw,0)*Deng(q2 + q3,xiw,M3)^
      2*Deng( - p4 + q2 + q3,xiz,M4)^2*xiw*xiz*ufoGC58*ufoGC107*ufoGC69*
      ufoGC85
       - 1/4*g_(1,6_,nu10)*FT2(g6)*Vec(nu10,q3)*Vec(nu13,-p4)*Vec(nu13,-q3)*
      Vec(nu14,-p4)*Vec(nu14,q2)*Deng(p4,xiw,M3)*Deng(q2 + q3,xiw,0)*Deng(q2
       + q3,xiw,M3)^2*Deng( - p4 + q2 + q3,xiz,M4)^2*xiw*xiz*ufoGC58*ufoGC107*
      ufoGC69*ufoGC85
       - 1/4*g_(1,6_,nu10)*FT2(g6)*Vec(nu10,q3)*Vec(nu13,-p4)*Vec(nu13,-q3)*
      Vec(nu14,-p4)*Vec(nu14,q3)*Deng(p4,xiw,M3)*Deng(q2 + q3,xiw,0)*Deng(q2
       + q3,xiw,M3)^2*Deng( - p4 + q2 + q3,xiz,M4)^2*xiw*xiz*ufoGC58*ufoGC107*
      ufoGC69*ufoGC85
       + 1/4*g_(1,6_,nu10)*FT2(g6)*Vec(nu10,q3)*Vec(nu13,-p4)*Vec(nu14,q2)^2*
      Vec(nu16,-q2)*Deng(p4,xiw,M3)^2*Deng(q2 + q3,xiw,0)*Deng(q2 + q3,xiw,M3)
      ^2*Deng( - p4 + q2 + q3,xiz,M4)^2*p4.p4*xiw*xiz*ufoGC58*ufoGC107*ufoGC69
      *ufoGC85
       + 1/4*g_(1,6_,nu10)*FT2(g6)*Vec(nu10,q3)*Vec(nu13,-p4)*Vec(nu14,q2)^2*
      Vec(nu16,-q3)*Deng(p4,xiw,M3)^2*Deng(q2 + q3,xiw,0)*Deng(q2 + q3,xiw,M3)
      ^2*Deng( - p4 + q2 + q3,xiz,M4)^2*p4.p4*xiw*xiz*ufoGC58*ufoGC107*ufoGC69
      *ufoGC85
       - 1/4*g_(1,6_,nu10)*FT2(g6)*Vec(nu10,q3)*Vec(nu13,-p4)*Vec(nu14,q2)^2*
      Vecr(nu13,p4)*Deng(p4,xiw,M3)*Deng(q2 + q3,xiw,0)*Deng(q2 + q3,xiw,M3)^2
      *Deng( - p4 + q2 + q3,xiz,M4)^2*xiw*xiz*ufoGC58*ufoGC107*ufoGC69*ufoGC85
       + 1/4*g_(1,6_,nu10)*FT2(g6)*Vec(nu10,q3)*Vec(nu13,-p4)*Vec(nu14,q2)^2*
      Vecr(nu16,p4)*Deng(p4,xiw,M3)^2*Deng(q2 + q3,xiw,0)*Deng(q2 + q3,xiw,M3)
      ^2*Deng( - p4 + q2 + q3,xiz,M4)^2*p4.p4*xiw*xiz*ufoGC58*ufoGC107*ufoGC69
      *ufoGC85
       + 1/2*g_(1,6_,nu10)*FT2(g6)*Vec(nu10,q3)*Vec(nu13,-p4)*Vec(nu14,q2)*
      Vec(nu14,q3)*Vec(nu16,-q2)*Deng(p4,xiw,M3)^2*Deng(q2 + q3,xiw,0)*Deng(q2
       + q3,xiw,M3)^2*Deng( - p4 + q2 + q3,xiz,M4)^2*p4.p4*xiw*xiz*ufoGC58*
      ufoGC107*ufoGC69*ufoGC85
       + 1/2*g_(1,6_,nu10)*FT2(g6)*Vec(nu10,q3)*Vec(nu13,-p4)*Vec(nu14,q2)*
      Vec(nu14,q3)*Vec(nu16,-q3)*Deng(p4,xiw,M3)^2*Deng(q2 + q3,xiw,0)*Deng(q2
       + q3,xiw,M3)^2*Deng( - p4 + q2 + q3,xiz,M4)^2*p4.p4*xiw*xiz*ufoGC58*
      ufoGC107*ufoGC69*ufoGC85
       - 1/2*g_(1,6_,nu10)*FT2(g6)*Vec(nu10,q3)*Vec(nu13,-p4)*Vec(nu14,q2)*
      Vec(nu14,q3)*Vecr(nu13,p4)*Deng(p4,xiw,M3)*Deng(q2 + q3,xiw,0)*Deng(q2
       + q3,xiw,M3)^2*Deng( - p4 + q2 + q3,xiz,M4)^2*xiw*xiz*ufoGC58*ufoGC107*
      ufoGC69*ufoGC85
       + 1/2*g_(1,6_,nu10)*FT2(g6)*Vec(nu10,q3)*Vec(nu13,-p4)*Vec(nu14,q2)*
      Vec(nu14,q3)*Vecr(nu16,p4)*Deng(p4,xiw,M3)^2*Deng(q2 + q3,xiw,0)*Deng(q2
       + q3,xiw,M3)^2*Deng( - p4 + q2 + q3,xiz,M4)^2*p4.p4*xiw*xiz*ufoGC58*
      ufoGC107*ufoGC69*ufoGC85
       + 1/4*g_(1,6_,nu10)*FT2(g6)*Vec(nu10,q3)*Vec(nu13,-p4)*Vec(nu14,q3)^2*
      Vec(nu16,-q2)*Deng(p4,xiw,M3)^2*Deng(q2 + q3,xiw,0)*Deng(q2 + q3,xiw,M3)
      ^2*Deng( - p4 + q2 + q3,xiz,M4)^2*p4.p4*xiw*xiz*ufoGC58*ufoGC107*ufoGC69
      *ufoGC85
       + 1/4*g_(1,6_,nu10)*FT2(g6)*Vec(nu10,q3)*Vec(nu13,-p4)*Vec(nu14,q3)^2*
      Vec(nu16,-q3)*Deng(p4,xiw,M3)^2*Deng(q2 + q3,xiw,0)*Deng(q2 + q3,xiw,M3)
      ^2*Deng( - p4 + q2 + q3,xiz,M4)^2*p4.p4*xiw*xiz*ufoGC58*ufoGC107*ufoGC69
      *ufoGC85
       - 1/4*g_(1,6_,nu10)*FT2(g6)*Vec(nu10,q3)*Vec(nu13,-p4)*Vec(nu14,q3)^2*
      Vecr(nu13,p4)*Deng(p4,xiw,M3)*Deng(q2 + q3,xiw,0)*Deng(q2 + q3,xiw,M3)^2
      *Deng( - p4 + q2 + q3,xiz,M4)^2*xiw*xiz*ufoGC58*ufoGC107*ufoGC69*ufoGC85
       + 1/4*g_(1,6_,nu10)*FT2(g6)*Vec(nu10,q3)*Vec(nu13,-p4)*Vec(nu14,q3)^2*
      Vecr(nu16,p4)*Deng(p4,xiw,M3)^2*Deng(q2 + q3,xiw,0)*Deng(q2 + q3,xiw,M3)
      ^2*Deng( - p4 + q2 + q3,xiz,M4)^2*p4.p4*xiw*xiz*ufoGC58*ufoGC107*ufoGC69
      *ufoGC85
       - 1/4*g_(1,6_,nu10)*FT2(g6)*Vec(nu10,q3)*Vec(nu13,-p4)*Vec(nu14,-p4)*
      Vec(nu14,q2)*Vec(nu16,q2)*Deng(p4,xiw,M3)^2*Deng(q2 + q3,xiw,0)*Deng(q2
       + q3,xiw,M3)^2*Deng( - p4 + q2 + q3,xiz,M4)^2*p4.p4*xiw*xiz*ufoGC58*
      ufoGC107*ufoGC69*ufoGC85
       - 1/4*g_(1,6_,nu10)*FT2(g6)*Vec(nu10,q3)*Vec(nu13,-p4)*Vec(nu14,-p4)*
      Vec(nu14,q2)*Vec(nu16,q3)*Deng(p4,xiw,M3)^2*Deng(q2 + q3,xiw,0)*Deng(q2
       + q3,xiw,M3)^2*Deng( - p4 + q2 + q3,xiz,M4)^2*p4.p4*xiw*xiz*ufoGC58*
      ufoGC107*ufoGC69*ufoGC85
       + 1/4*g_(1,6_,nu10)*FT2(g6)*Vec(nu10,q3)*Vec(nu13,-p4)*Vec(nu14,-p4)*
      Vec(nu14,q2)*Vec(nu16,-q2)*Deng(p4,xiw,M3)^2*Deng(q2 + q3,xiw,0)*Deng(q2
       + q3,xiw,M3)^2*Deng( - p4 + q2 + q3,xiz,M4)^2*p4.p4*xiw*xiz*ufoGC58*
      ufoGC107*ufoGC69*ufoGC85
       + 1/4*g_(1,6_,nu10)*FT2(g6)*Vec(nu10,q3)*Vec(nu13,-p4)*Vec(nu14,-p4)*
      Vec(nu14,q2)*Vec(nu16,-q3)*Deng(p4,xiw,M3)^2*Deng(q2 + q3,xiw,0)*Deng(q2
       + q3,xiw,M3)^2*Deng( - p4 + q2 + q3,xiz,M4)^2*p4.p4*xiw*xiz*ufoGC58*
      ufoGC107*ufoGC69*ufoGC85
       - 1/4*g_(1,6_,nu10)*FT2(g6)*Vec(nu10,q3)*Vec(nu13,-p4)*Vec(nu14,-p4)*
      Vec(nu14,q2)*Vecr(nu13,p4)*Deng(p4,xiw,M3)*Deng(q2 + q3,xiw,0)*Deng(q2
       + q3,xiw,M3)^2*Deng( - p4 + q2 + q3,xiz,M4)^2*xiw*xiz*ufoGC58*ufoGC107*
      ufoGC69*ufoGC85
       + 1/4*g_(1,6_,nu10)*FT2(g6)*Vec(nu10,q3)*Vec(nu13,-p4)*Vec(nu14,-p4)*
      Vec(nu14,q2)*Vecr(nu16,p4)*Deng(p4,xiw,M3)^2*Deng(q2 + q3,xiw,0)*Deng(q2
       + q3,xiw,M3)^2*Deng( - p4 + q2 + q3,xiz,M4)^2*p4.p4*xiw*xiz*ufoGC58*
      ufoGC107*ufoGC69*ufoGC85
       - 1/4*g_(1,6_,nu10)*FT2(g6)*Vec(nu10,q3)*Vec(nu13,-p4)*Vec(nu14,-p4)*
      Vec(nu14,q3)*Vec(nu16,q2)*Deng(p4,xiw,M3)^2*Deng(q2 + q3,xiw,0)*Deng(q2
       + q3,xiw,M3)^2*Deng( - p4 + q2 + q3,xiz,M4)^2*p4.p4*xiw*xiz*ufoGC58*
      ufoGC107*ufoGC69*ufoGC85
       - 1/4*g_(1,6_,nu10)*FT2(g6)*Vec(nu10,q3)*Vec(nu13,-p4)*Vec(nu14,-p4)*
      Vec(nu14,q3)*Vec(nu16,q3)*Deng(p4,xiw,M3)^2*Deng(q2 + q3,xiw,0)*Deng(q2
       + q3,xiw,M3)^2*Deng( - p4 + q2 + q3,xiz,M4)^2*p4.p4*xiw*xiz*ufoGC58*
      ufoGC107*ufoGC69*ufoGC85
       + 1/4*g_(1,6_,nu10)*FT2(g6)*Vec(nu10,q3)*Vec(nu13,-p4)*Vec(nu14,-p4)*
      Vec(nu14,q3)*Vec(nu16,-q2)*Deng(p4,xiw,M3)^2*Deng(q2 + q3,xiw,0)*Deng(q2
       + q3,xiw,M3)^2*Deng( - p4 + q2 + q3,xiz,M4)^2*p4.p4*xiw*xiz*ufoGC58*
      ufoGC107*ufoGC69*ufoGC85
       + 1/4*g_(1,6_,nu10)*FT2(g6)*Vec(nu10,q3)*Vec(nu13,-p4)*Vec(nu14,-p4)*
      Vec(nu14,q3)*Vec(nu16,-q3)*Deng(p4,xiw,M3)^2*Deng(q2 + q3,xiw,0)*Deng(q2
       + q3,xiw,M3)^2*Deng( - p4 + q2 + q3,xiz,M4)^2*p4.p4*xiw*xiz*ufoGC58*
      ufoGC107*ufoGC69*ufoGC85
       - 1/4*g_(1,6_,nu10)*FT2(g6)*Vec(nu10,q3)*Vec(nu13,-p4)*Vec(nu14,-p4)*
      Vec(nu14,q3)*Vecr(nu13,p4)*Deng(p4,xiw,M3)*Deng(q2 + q3,xiw,0)*Deng(q2
       + q3,xiw,M3)^2*Deng( - p4 + q2 + q3,xiz,M4)^2*xiw*xiz*ufoGC58*ufoGC107*
      ufoGC69*ufoGC85
       + 1/4*g_(1,6_,nu10)*FT2(g6)*Vec(nu10,q3)*Vec(nu13,-p4)*Vec(nu14,-p4)*
      Vec(nu14,q3)*Vecr(nu16,p4)*Deng(p4,xiw,M3)^2*Deng(q2 + q3,xiw,0)*Deng(q2
       + q3,xiw,M3)^2*Deng( - p4 + q2 + q3,xiz,M4)^2*p4.p4*xiw*xiz*ufoGC58*
      ufoGC107*ufoGC69*ufoGC85
       - 1/4*g_(1,6_,nu10)*FT2(g6)*Vec(nu10,q3)*Vec(nu13,-p4)*Vec(nu14,-p4)^2*
      Vec(nu16,q2)*Deng(p4,xiw,M3)^2*Deng(q2 + q3,xiw,0)*Deng(q2 + q3,xiw,M3)^
      2*Deng( - p4 + q2 + q3,xiz,M4)^2*p4.p4*xiw*xiz*ufoGC58*ufoGC107*ufoGC69*
      ufoGC85
       - 1/4*g_(1,6_,nu10)*FT2(g6)*Vec(nu10,q3)*Vec(nu13,-p4)*Vec(nu14,-p4)^2*
      Vec(nu16,q3)*Deng(p4,xiw,M3)^2*Deng(q2 + q3,xiw,0)*Deng(q2 + q3,xiw,M3)^
      2*Deng( - p4 + q2 + q3,xiz,M4)^2*p4.p4*xiw*xiz*ufoGC58*ufoGC107*ufoGC69*
      ufoGC85
       - 1/4*g_(1,6_,nu10)*FT2(g6)*Vec(nu10,q3)*Vec(nu13,-q2)*Vec(nu13,q2)*
      Vec(nu14,q2)^2*Deng(p4,xiw,M3)*Deng(q2 + q3,xiw,0)*Deng(q2 + q3,xiw,M3)^
      2*Deng( - p4 + q2 + q3,xiz,M4)^2*xiw*xiz*ufoGC58*ufoGC107*ufoGC69*
      ufoGC85
       - 1/2*g_(1,6_,nu10)*FT2(g6)*Vec(nu10,q3)*Vec(nu13,-q2)*Vec(nu13,q2)*
      Vec(nu14,q2)*Vec(nu14,q3)*Deng(p4,xiw,M3)*Deng(q2 + q3,xiw,0)*Deng(q2 + 
      q3,xiw,M3)^2*Deng( - p4 + q2 + q3,xiz,M4)^2*xiw*xiz*ufoGC58*ufoGC107*
      ufoGC69*ufoGC85
       - 1/4*g_(1,6_,nu10)*FT2(g6)*Vec(nu10,q3)*Vec(nu13,-q2)*Vec(nu13,q2)*
      Vec(nu14,q3)^2*Deng(p4,xiw,M3)*Deng(q2 + q3,xiw,0)*Deng(q2 + q3,xiw,M3)^
      2*Deng( - p4 + q2 + q3,xiz,M4)^2*xiw*xiz*ufoGC58*ufoGC107*ufoGC69*
      ufoGC85
       - 1/4*g_(1,6_,nu10)*FT2(g6)*Vec(nu10,q3)*Vec(nu13,-q2)*Vec(nu13,q2)*
      Vec(nu14,-p4)*Vec(nu14,q2)*Deng(p4,xiw,M3)*Deng(q2 + q3,xiw,0)*Deng(q2
       + q3,xiw,M3)^2*Deng( - p4 + q2 + q3,xiz,M4)^2*xiw*xiz*ufoGC58*ufoGC107*
      ufoGC69*ufoGC85
       - 1/4*g_(1,6_,nu10)*FT2(g6)*Vec(nu10,q3)*Vec(nu13,-q2)*Vec(nu13,q2)*
      Vec(nu14,-p4)*Vec(nu14,q3)*Deng(p4,xiw,M3)*Deng(q2 + q3,xiw,0)*Deng(q2
       + q3,xiw,M3)^2*Deng( - p4 + q2 + q3,xiz,M4)^2*xiw*xiz*ufoGC58*ufoGC107*
      ufoGC69*ufoGC85
       - 1/4*g_(1,6_,nu10)*FT2(g6)*Vec(nu10,q3)*Vec(nu13,-q2)*Vec(nu13,q3)*
      Vec(nu14,q2)^2*Deng(p4,xiw,M3)*Deng(q2 + q3,xiw,0)*Deng(q2 + q3,xiw,M3)^
      2*Deng( - p4 + q2 + q3,xiz,M4)^2*xiw*xiz*ufoGC58*ufoGC107*ufoGC69*
      ufoGC85
       - 1/2*g_(1,6_,nu10)*FT2(g6)*Vec(nu10,q3)*Vec(nu13,-q2)*Vec(nu13,q3)*
      Vec(nu14,q2)*Vec(nu14,q3)*Deng(p4,xiw,M3)*Deng(q2 + q3,xiw,0)*Deng(q2 + 
      q3,xiw,M3)^2*Deng( - p4 + q2 + q3,xiz,M4)^2*xiw*xiz*ufoGC58*ufoGC107*
      ufoGC69*ufoGC85
       - 1/4*g_(1,6_,nu10)*FT2(g6)*Vec(nu10,q3)*Vec(nu13,-q2)*Vec(nu13,q3)*
      Vec(nu14,q3)^2*Deng(p4,xiw,M3)*Deng(q2 + q3,xiw,0)*Deng(q2 + q3,xiw,M3)^
      2*Deng( - p4 + q2 + q3,xiz,M4)^2*xiw*xiz*ufoGC58*ufoGC107*ufoGC69*
      ufoGC85
       - 1/4*g_(1,6_,nu10)*FT2(g6)*Vec(nu10,q3)*Vec(nu13,-q2)*Vec(nu13,q3)*
      Vec(nu14,-p4)*Vec(nu14,q2)*Deng(p4,xiw,M3)*Deng(q2 + q3,xiw,0)*Deng(q2
       + q3,xiw,M3)^2*Deng( - p4 + q2 + q3,xiz,M4)^2*xiw*xiz*ufoGC58*ufoGC107*
      ufoGC69*ufoGC85
       - 1/4*g_(1,6_,nu10)*FT2(g6)*Vec(nu10,q3)*Vec(nu13,-q2)*Vec(nu13,q3)*
      Vec(nu14,-p4)*Vec(nu14,q3)*Deng(p4,xiw,M3)*Deng(q2 + q3,xiw,0)*Deng(q2
       + q3,xiw,M3)^2*Deng( - p4 + q2 + q3,xiz,M4)^2*xiw*xiz*ufoGC58*ufoGC107*
      ufoGC69*ufoGC85
       - 1/4*g_(1,6_,nu10)*FT2(g6)*Vec(nu10,q3)*Vec(nu13,-q3)*Vec(nu13,q2)*
      Vec(nu14,q2)^2*Deng(p4,xiw,M3)*Deng(q2 + q3,xiw,0)*Deng(q2 + q3,xiw,M3)^
      2*Deng( - p4 + q2 + q3,xiz,M4)^2*xiw*xiz*ufoGC58*ufoGC107*ufoGC69*
      ufoGC85
       - 1/2*g_(1,6_,nu10)*FT2(g6)*Vec(nu10,q3)*Vec(nu13,-q3)*Vec(nu13,q2)*
      Vec(nu14,q2)*Vec(nu14,q3)*Deng(p4,xiw,M3)*Deng(q2 + q3,xiw,0)*Deng(q2 + 
      q3,xiw,M3)^2*Deng( - p4 + q2 + q3,xiz,M4)^2*xiw*xiz*ufoGC58*ufoGC107*
      ufoGC69*ufoGC85
       - 1/4*g_(1,6_,nu10)*FT2(g6)*Vec(nu10,q3)*Vec(nu13,-q3)*Vec(nu13,q2)*
      Vec(nu14,q3)^2*Deng(p4,xiw,M3)*Deng(q2 + q3,xiw,0)*Deng(q2 + q3,xiw,M3)^
      2*Deng( - p4 + q2 + q3,xiz,M4)^2*xiw*xiz*ufoGC58*ufoGC107*ufoGC69*
      ufoGC85
       - 1/4*g_(1,6_,nu10)*FT2(g6)*Vec(nu10,q3)*Vec(nu13,-q3)*Vec(nu13,q2)*
      Vec(nu14,-p4)*Vec(nu14,q2)*Deng(p4,xiw,M3)*Deng(q2 + q3,xiw,0)*Deng(q2
       + q3,xiw,M3)^2*Deng( - p4 + q2 + q3,xiz,M4)^2*xiw*xiz*ufoGC58*ufoGC107*
      ufoGC69*ufoGC85
       - 1/4*g_(1,6_,nu10)*FT2(g6)*Vec(nu10,q3)*Vec(nu13,-q3)*Vec(nu13,q2)*
      Vec(nu14,-p4)*Vec(nu14,q3)*Deng(p4,xiw,M3)*Deng(q2 + q3,xiw,0)*Deng(q2
       + q3,xiw,M3)^2*Deng( - p4 + q2 + q3,xiz,M4)^2*xiw*xiz*ufoGC58*ufoGC107*
      ufoGC69*ufoGC85
       - 1/4*g_(1,6_,nu10)*FT2(g6)*Vec(nu10,q3)*Vec(nu13,-q3)*Vec(nu13,q3)*
      Vec(nu14,q2)^2*Deng(p4,xiw,M3)*Deng(q2 + q3,xiw,0)*Deng(q2 + q3,xiw,M3)^
      2*Deng( - p4 + q2 + q3,xiz,M4)^2*xiw*xiz*ufoGC58*ufoGC107*ufoGC69*
      ufoGC85
       - 1/2*g_(1,6_,nu10)*FT2(g6)*Vec(nu10,q3)*Vec(nu13,-q3)*Vec(nu13,q3)*
      Vec(nu14,q2)*Vec(nu14,q3)*Deng(p4,xiw,M3)*Deng(q2 + q3,xiw,0)*Deng(q2 + 
      q3,xiw,M3)^2*Deng( - p4 + q2 + q3,xiz,M4)^2*xiw*xiz*ufoGC58*ufoGC107*
      ufoGC69*ufoGC85
       - 1/4*g_(1,6_,nu10)*FT2(g6)*Vec(nu10,q3)*Vec(nu13,-q3)*Vec(nu13,q3)*
      Vec(nu14,q3)^2*Deng(p4,xiw,M3)*Deng(q2 + q3,xiw,0)*Deng(q2 + q3,xiw,M3)^
      2*Deng( - p4 + q2 + q3,xiz,M4)^2*xiw*xiz*ufoGC58*ufoGC107*ufoGC69*
      ufoGC85
       - 1/4*g_(1,6_,nu10)*FT2(g6)*Vec(nu10,q3)*Vec(nu13,-q3)*Vec(nu13,q3)*
      Vec(nu14,-p4)*Vec(nu14,q2)*Deng(p4,xiw,M3)*Deng(q2 + q3,xiw,0)*Deng(q2
       + q3,xiw,M3)^2*Deng( - p4 + q2 + q3,xiz,M4)^2*xiw*xiz*ufoGC58*ufoGC107*
      ufoGC69*ufoGC85
       - 1/4*g_(1,6_,nu10)*FT2(g6)*Vec(nu10,q3)*Vec(nu13,-q3)*Vec(nu13,q3)*
      Vec(nu14,-p4)*Vec(nu14,q3)*Deng(p4,xiw,M3)*Deng(q2 + q3,xiw,0)*Deng(q2
       + q3,xiw,M3)^2*Deng( - p4 + q2 + q3,xiz,M4)^2*xiw*xiz*ufoGC58*ufoGC107*
      ufoGC69*ufoGC85
      ;

  0.00 sec out of 0.00 sec
